name,iterations,real_time,cpu_time,time_unit,bytes_per_second,items_per_second,label,error_occurred,error_message
"dot/dot_fp32_sme2/0/0/real_time",,,,,,,,false,"Unsupported hardware"
"dot/dot_bf16_bf16_fp32_sme2/0/0/real_time",,,,,,,,false,"Unsupported hardware"
"dot/dot_fp16_fp16_fp32_sme2/0/0/real_time",,,,,,,,false,"Unsupported hardware"
"dot/dot_int8_int8_int32_sme2/0/0/real_time",,,,,,,,false,"Unsupported hardware"
"dot/dot_fp32_sme/0/0/real_time",,,,,,,,false,"Unsupported hardware"
"dot/dot_bf16_bf16_fp32_sme/0/0/real_time",,,,,,,,false,"Unsupported hardware"
"dot/dot_fp16_fp16_fp32_sme/0/0/real_time",,,,,,,,false,"Unsupported hardware"
"dot/dot_int8_int8_int32_sme/0/0/real_time",,,,,,,,false,"Unsupported hardware"
"dot/dot_int8_int4_int32_sme/0/0/real_time",,,,,,,,false,"Unsupported hardware"
"dot/dot_int8_int2_int32_sme/0/0/real_time",,,,,,,,false,"Unsupported hardware"
"dot/dot_fp8_e5m2_fp8_e5m2_fp32_1x64x8_1x4x4_neonfp8dot4/64/8/real_time",,,,,,,,false,"Unsupported hardware"
"dot/dot_fp8_e5m2_fp8_e5m2_fp32_1x64x8_1x4x4_neonfp8dot4/64/88/real_time",,,,,,,,false,"Unsupported hardware"
"dot/dot_fp8_e5m2_fp8_e5m2_fp32_1x64x8_1x4x4_neonfp8dot4/64/184/real_time",,,,,,,,false,"Unsupported hardware"
"dot/dot_fp8_e5m2_fp8_e5m2_fp32_1x64x8_1x4x4_neonfp8dot4/64/272/real_time",,,,,,,,false,"Unsupported hardware"
"dot/dot_fp8_e5m2_fp8_e5m2_fp32_1x64x8_1x4x4_neonfp8dot4/64/368/real_time",,,,,,,,false,"Unsupported hardware"
"dot/dot_fp8_e5m2_fp8_e5m2_fp32_1x64x8_1x4x4_neonfp8dot4/128/8/real_time",,,,,,,,false,"Unsupported hardware"
"dot/dot_fp8_e5m2_fp8_e5m2_fp32_1x64x8_1x4x4_neonfp8dot4/128/40/real_time",,,,,,,,false,"Unsupported hardware"
"dot/dot_fp8_e5m2_fp8_e5m2_fp32_1x64x8_1x4x4_neonfp8dot4/128/88/real_time",,,,,,,,false,"Unsupported hardware"
"dot/dot_fp8_e5m2_fp8_e5m2_fp32_1x64x8_1x4x4_neonfp8dot4/128/136/real_time",,,,,,,,false,"Unsupported hardware"
"dot/dot_fp8_e5m2_fp8_e5m2_fp32_1x64x8_1x4x4_neonfp8dot4/128/184/real_time",,,,,,,,false,"Unsupported hardware"
"dot/dot_fp8_e5m2_fp8_e5m2_fp32_1x64x8_1x4x4_neonfp8dot4/256/8/real_time",,,,,,,,false,"Unsupported hardware"
"dot/dot_fp8_e5m2_fp8_e5m2_fp32_1x64x8_1x4x4_neonfp8dot4/256/16/real_time",,,,,,,,false,"Unsupported hardware"
"dot/dot_fp8_e5m2_fp8_e5m2_fp32_1x64x8_1x4x4_neonfp8dot4/256/40/real_time",,,,,,,,false,"Unsupported hardware"
"dot/dot_fp8_e5m2_fp8_e5m2_fp32_1x64x8_1x4x4_neonfp8dot4/256/64/real_time",,,,,,,,false,"Unsupported hardware"
"dot/dot_fp8_e5m2_fp8_e5m2_fp32_1x64x8_1x4x4_neonfp8dot4/256/88/real_time",,,,,,,,false,"Unsupported hardware"
"dot/dot_fp8_e5m2_fp8_e5m2_fp32_1x64x8_1x4x4_neonfp8dot4/512/8/real_time",,,,,,,,false,"Unsupported hardware"
"dot/dot_fp8_e5m2_fp8_e5m2_fp32_1x64x8_1x4x4_neonfp8dot4/512/16/real_time",,,,,,,,false,"Unsupported hardware"
"dot/dot_fp8_e5m2_fp8_e5m2_fp32_1x64x8_1x4x4_neonfp8dot4/512/24/real_time",,,,,,,,false,"Unsupported hardware"
"dot/dot_fp8_e5m2_fp8_e5m2_fp32_1x64x8_1x4x4_neonfp8dot4/512/40/real_time",,,,,,,,false,"Unsupported hardware"
"dot/dot_fp8_e5m2_fp8_e5m2_fp32_1x32x8_1x4x4_neonfp8dot4/32/8/real_time",,,,,,,,false,"Unsupported hardware"
"dot/dot_fp8_e5m2_fp8_e5m2_fp32_1x32x8_1x4x4_neonfp8dot4/32/184/real_time",,,,,,,,false,"Unsupported hardware"
"dot/dot_fp8_e5m2_fp8_e5m2_fp32_1x32x8_1x4x4_neonfp8dot4/32/368/real_time",,,,,,,,false,"Unsupported hardware"
"dot/dot_fp8_e5m2_fp8_e5m2_fp32_1x32x8_1x4x4_neonfp8dot4/32/552/real_time",,,,,,,,false,"Unsupported hardware"
"dot/dot_fp8_e5m2_fp8_e5m2_fp32_1x32x8_1x4x4_neonfp8dot4/32/736/real_time",,,,,,,,false,"Unsupported hardware"
"dot/dot_fp8_e5m2_fp8_e5m2_fp32_1x32x8_1x4x4_neonfp8dot4/64/8/real_time",,,,,,,,false,"Unsupported hardware"
"dot/dot_fp8_e5m2_fp8_e5m2_fp32_1x32x8_1x4x4_neonfp8dot4/64/88/real_time",,,,,,,,false,"Unsupported hardware"
"dot/dot_fp8_e5m2_fp8_e5m2_fp32_1x32x8_1x4x4_neonfp8dot4/64/184/real_time",,,,,,,,false,"Unsupported hardware"
"dot/dot_fp8_e5m2_fp8_e5m2_fp32_1x32x8_1x4x4_neonfp8dot4/64/272/real_time",,,,,,,,false,"Unsupported hardware"
"dot/dot_fp8_e5m2_fp8_e5m2_fp32_1x32x8_1x4x4_neonfp8dot4/64/368/real_time",,,,,,,,false,"Unsupported hardware"
"dot/dot_fp8_e5m2_fp8_e5m2_fp32_1x32x8_1x4x4_neonfp8dot4/128/8/real_time",,,,,,,,false,"Unsupported hardware"
"dot/dot_fp8_e5m2_fp8_e5m2_fp32_1x32x8_1x4x4_neonfp8dot4/128/40/real_time",,,,,,,,false,"Unsupported hardware"
"dot/dot_fp8_e5m2_fp8_e5m2_fp32_1x32x8_1x4x4_neonfp8dot4/128/88/real_time",,,,,,,,false,"Unsupported hardware"
"dot/dot_fp8_e5m2_fp8_e5m2_fp32_1x32x8_1x4x4_neonfp8dot4/128/136/real_time",,,,,,,,false,"Unsupported hardware"
"dot/dot_fp8_e5m2_fp8_e5m2_fp32_1x32x8_1x4x4_neonfp8dot4/128/184/real_time",,,,,,,,false,"Unsupported hardware"
"dot/dot_fp8_e5m2_fp8_e5m2_fp32_1x32x8_1x4x4_neonfp8dot4/256/8/real_time",,,,,,,,false,"Unsupported hardware"
"dot/dot_fp8_e5m2_fp8_e5m2_fp32_1x32x8_1x4x4_neonfp8dot4/256/16/real_time",,,,,,,,false,"Unsupported hardware"
"dot/dot_fp8_e5m2_fp8_e5m2_fp32_1x32x8_1x4x4_neonfp8dot4/256/40/real_time",,,,,,,,false,"Unsupported hardware"
"dot/dot_fp8_e5m2_fp8_e5m2_fp32_1x32x8_1x4x4_neonfp8dot4/256/64/real_time",,,,,,,,false,"Unsupported hardware"
"dot/dot_fp8_e5m2_fp8_e5m2_fp32_1x32x8_1x4x4_neonfp8dot4/256/88/real_time",,,,,,,,false,"Unsupported hardware"
"dot/dot_fp8_e5m2_fp8_e5m2_fp32_2x32x8_1x4x4_neonfp8dot4/32/8/real_time",,,,,,,,false,"Unsupported hardware"
"dot/dot_fp8_e5m2_fp8_e5m2_fp32_2x32x8_1x4x4_neonfp8dot4/32/176/real_time",,,,,,,,false,"Unsupported hardware"
"dot/dot_fp8_e5m2_fp8_e5m2_fp32_2x32x8_1x4x4_neonfp8dot4/32/352/real_time",,,,,,,,false,"Unsupported hardware"
"dot/dot_fp8_e5m2_fp8_e5m2_fp32_2x32x8_1x4x4_neonfp8dot4/32/528/real_time",,,,,,,,false,"Unsupported hardware"
"dot/dot_fp8_e5m2_fp8_e5m2_fp32_2x32x8_1x4x4_neonfp8dot4/32/712/real_time",,,,,,,,false,"Unsupported hardware"
"dot/dot_fp8_e5m2_fp8_e5m2_fp32_2x32x8_1x4x4_neonfp8dot4/64/8/real_time",,,,,,,,false,"Unsupported hardware"
"dot/dot_fp8_e5m2_fp8_e5m2_fp32_2x32x8_1x4x4_neonfp8dot4/64/88/real_time",,,,,,,,false,"Unsupported hardware"
"dot/dot_fp8_e5m2_fp8_e5m2_fp32_2x32x8_1x4x4_neonfp8dot4/64/176/real_time",,,,,,,,false,"Unsupported hardware"
"dot/dot_fp8_e5m2_fp8_e5m2_fp32_2x32x8_1x4x4_neonfp8dot4/64/264/real_time",,,,,,,,false,"Unsupported hardware"
"dot/dot_fp8_e5m2_fp8_e5m2_fp32_2x32x8_1x4x4_neonfp8dot4/64/360/real_time",,,,,,,,false,"Unsupported hardware"
"dot/dot_fp8_e5m2_fp8_e5m2_fp32_2x32x8_1x4x4_neonfp8dot4/128/8/real_time",,,,,,,,false,"Unsupported hardware"
"dot/dot_fp8_e5m2_fp8_e5m2_fp32_2x32x8_1x4x4_neonfp8dot4/128/40/real_time",,,,,,,,false,"Unsupported hardware"
"dot/dot_fp8_e5m2_fp8_e5m2_fp32_2x32x8_1x4x4_neonfp8dot4/128/88/real_time",,,,,,,,false,"Unsupported hardware"
"dot/dot_fp8_e5m2_fp8_e5m2_fp32_2x32x8_1x4x4_neonfp8dot4/128/128/real_time",,,,,,,,false,"Unsupported hardware"
"dot/dot_fp8_e5m2_fp8_e5m2_fp32_2x32x8_1x4x4_neonfp8dot4/128/176/real_time",,,,,,,,false,"Unsupported hardware"
"dot/dot_fp8_e5m2_fp8_e5m2_fp32_2x32x8_1x4x4_neonfp8dot4/256/8/real_time",,,,,,,,false,"Unsupported hardware"
"dot/dot_fp8_e5m2_fp8_e5m2_fp32_2x32x8_1x4x4_neonfp8dot4/256/16/real_time",,,,,,,,false,"Unsupported hardware"
"dot/dot_fp8_e5m2_fp8_e5m2_fp32_2x32x8_1x4x4_neonfp8dot4/256/40/real_time",,,,,,,,false,"Unsupported hardware"
"dot/dot_fp8_e5m2_fp8_e5m2_fp32_2x32x8_1x4x4_neonfp8dot4/256/56/real_time",,,,,,,,false,"Unsupported hardware"
"dot/dot_fp8_e5m2_fp8_e5m2_fp32_2x32x8_1x4x4_neonfp8dot4/256/80/real_time",,,,,,,,false,"Unsupported hardware"
"dot/dot_fp8_e5m2_fp8_e5m2_fp32_3x32x8_1x4x4_neonfp8dot4/32/8/real_time",,,,,,,,false,"Unsupported hardware"
"dot/dot_fp8_e5m2_fp8_e5m2_fp32_3x32x8_1x4x4_neonfp8dot4/32/168/real_time",,,,,,,,false,"Unsupported hardware"
"dot/dot_fp8_e5m2_fp8_e5m2_fp32_3x32x8_1x4x4_neonfp8dot4/32/344/real_time",,,,,,,,false,"Unsupported hardware"
"dot/dot_fp8_e5m2_fp8_e5m2_fp32_3x32x8_1x4x4_neonfp8dot4/32/512/real_time",,,,,,,,false,"Unsupported hardware"
"dot/dot_fp8_e5m2_fp8_e5m2_fp32_3x32x8_1x4x4_neonfp8dot4/32/688/real_time",,,,,,,,false,"Unsupported hardware"
"dot/dot_fp8_e5m2_fp8_e5m2_fp32_3x32x8_1x4x4_neonfp8dot4/64/8/real_time",,,,,,,,false,"Unsupported hardware"
"dot/dot_fp8_e5m2_fp8_e5m2_fp32_3x32x8_1x4x4_neonfp8dot4/64/88/real_time",,,,,,,,false,"Unsupported hardware"
"dot/dot_fp8_e5m2_fp8_e5m2_fp32_3x32x8_1x4x4_neonfp8dot4/64/176/real_time",,,,,,,,false,"Unsupported hardware"
"dot/dot_fp8_e5m2_fp8_e5m2_fp32_3x32x8_1x4x4_neonfp8dot4/64/264/real_time",,,,,,,,false,"Unsupported hardware"
"dot/dot_fp8_e5m2_fp8_e5m2_fp32_3x32x8_1x4x4_neonfp8dot4/64/352/real_time",,,,,,,,false,"Unsupported hardware"
"dot/dot_fp8_e5m2_fp8_e5m2_fp32_3x32x8_1x4x4_neonfp8dot4/128/8/real_time",,,,,,,,false,"Unsupported hardware"
"dot/dot_fp8_e5m2_fp8_e5m2_fp32_3x32x8_1x4x4_neonfp8dot4/128/40/real_time",,,,,,,,false,"Unsupported hardware"
"dot/dot_fp8_e5m2_fp8_e5m2_fp32_3x32x8_1x4x4_neonfp8dot4/128/80/real_time",,,,,,,,false,"Unsupported hardware"
"dot/dot_fp8_e5m2_fp8_e5m2_fp32_3x32x8_1x4x4_neonfp8dot4/128/120/real_time",,,,,,,,false,"Unsupported hardware"
"dot/dot_fp8_e5m2_fp8_e5m2_fp32_3x32x8_1x4x4_neonfp8dot4/128/168/real_time",,,,,,,,false,"Unsupported hardware"
"dot/dot_fp8_e5m2_fp8_e5m2_fp32_3x32x8_1x4x4_neonfp8dot4/256/8/real_time",,,,,,,,false,"Unsupported hardware"
"dot/dot_fp8_e5m2_fp8_e5m2_fp32_3x32x8_1x4x4_neonfp8dot4/256/16/real_time",,,,,,,,false,"Unsupported hardware"
"dot/dot_fp8_e5m2_fp8_e5m2_fp32_3x32x8_1x4x4_neonfp8dot4/256/40/real_time",,,,,,,,false,"Unsupported hardware"
"dot/dot_fp8_e5m2_fp8_e5m2_fp32_3x32x8_1x4x4_neonfp8dot4/256/56/real_time",,,,,,,,false,"Unsupported hardware"
"dot/dot_fp8_e5m2_fp8_e5m2_fp32_3x32x8_1x4x4_neonfp8dot4/256/80/real_time",,,,,,,,false,"Unsupported hardware"
"dot/dot_fp8_e5m2_fp8_e5m2_fp32_1x16x8_1x4x4_neonfp8dot4/16/8/real_time",,,,,,,,false,"Unsupported hardware"
"dot/dot_fp8_e5m2_fp8_e5m2_fp32_1x16x8_1x4x4_neonfp8dot4/16/360/real_time",,,,,,,,false,"Unsupported hardware"
"dot/dot_fp8_e5m2_fp8_e5m2_fp32_1x16x8_1x4x4_neonfp8dot4/16/720/real_time",,,,,,,,false,"Unsupported hardware"
"dot/dot_fp8_e5m2_fp8_e5m2_fp32_1x16x8_1x4x4_neonfp8dot4/16/1080/real_time",,,,,,,,false,"Unsupported hardware"
"dot/dot_fp8_e5m2_fp8_e5m2_fp32_1x16x8_1x4x4_neonfp8dot4/16/1440/real_time",,,,,,,,false,"Unsupported hardware"
"dot/dot_fp8_e5m2_fp8_e5m2_fp32_1x16x8_1x4x4_neonfp8dot4/32/8/real_time",,,,,,,,false,"Unsupported hardware"
"dot/dot_fp8_e5m2_fp8_e5m2_fp32_1x16x8_1x4x4_neonfp8dot4/32/184/real_time",,,,,,,,false,"Unsupported hardware"
"dot/dot_fp8_e5m2_fp8_e5m2_fp32_1x16x8_1x4x4_neonfp8dot4/32/368/real_time",,,,,,,,false,"Unsupported hardware"
"dot/dot_fp8_e5m2_fp8_e5m2_fp32_1x16x8_1x4x4_neonfp8dot4/32/552/real_time",,,,,,,,false,"Unsupported hardware"
"dot/dot_fp8_e5m2_fp8_e5m2_fp32_1x16x8_1x4x4_neonfp8dot4/32/736/real_time",,,,,,,,false,"Unsupported hardware"
"dot/dot_fp8_e5m2_fp8_e5m2_fp32_1x16x8_1x4x4_neonfp8dot4/64/8/real_time",,,,,,,,false,"Unsupported hardware"
"dot/dot_fp8_e5m2_fp8_e5m2_fp32_1x16x8_1x4x4_neonfp8dot4/64/88/real_time",,,,,,,,false,"Unsupported hardware"
"dot/dot_fp8_e5m2_fp8_e5m2_fp32_1x16x8_1x4x4_neonfp8dot4/64/184/real_time",,,,,,,,false,"Unsupported hardware"
"dot/dot_fp8_e5m2_fp8_e5m2_fp32_1x16x8_1x4x4_neonfp8dot4/64/272/real_time",,,,,,,,false,"Unsupported hardware"
"dot/dot_fp8_e5m2_fp8_e5m2_fp32_1x16x8_1x4x4_neonfp8dot4/64/368/real_time",,,,,,,,false,"Unsupported hardware"
"dot/dot_fp8_e5m2_fp8_e5m2_fp32_1x16x8_1x4x4_neonfp8dot4/128/8/real_time",,,,,,,,false,"Unsupported hardware"
"dot/dot_fp8_e5m2_fp8_e5m2_fp32_1x16x8_1x4x4_neonfp8dot4/128/40/real_time",,,,,,,,false,"Unsupported hardware"
"dot/dot_fp8_e5m2_fp8_e5m2_fp32_1x16x8_1x4x4_neonfp8dot4/128/88/real_time",,,,,,,,false,"Unsupported hardware"
"dot/dot_fp8_e5m2_fp8_e5m2_fp32_1x16x8_1x4x4_neonfp8dot4/128/136/real_time",,,,,,,,false,"Unsupported hardware"
"dot/dot_fp8_e5m2_fp8_e5m2_fp32_1x16x8_1x4x4_neonfp8dot4/128/184/real_time",,,,,,,,false,"Unsupported hardware"
"dot/dot_fp8_e5m2_fp8_e5m2_fp32_2x16x8_1x4x4_neonfp8dot4/16/8/real_time",,,,,,,,false,"Unsupported hardware"
"dot/dot_fp8_e5m2_fp8_e5m2_fp32_2x16x8_1x4x4_neonfp8dot4/16/336/real_time",,,,,,,,false,"Unsupported hardware"
"dot/dot_fp8_e5m2_fp8_e5m2_fp32_2x16x8_1x4x4_neonfp8dot4/16/672/real_time",,,,,,,,false,"Unsupported hardware"
"dot/dot_fp8_e5m2_fp8_e5m2_fp32_2x16x8_1x4x4_neonfp8dot4/16/1008/real_time",,,,,,,,false,"Unsupported hardware"
"dot/dot_fp8_e5m2_fp8_e5m2_fp32_2x16x8_1x4x4_neonfp8dot4/16/1352/real_time",,,,,,,,false,"Unsupported hardware"
"dot/dot_fp8_e5m2_fp8_e5m2_fp32_2x16x8_1x4x4_neonfp8dot4/32/8/real_time",,,,,,,,false,"Unsupported hardware"
"dot/dot_fp8_e5m2_fp8_e5m2_fp32_2x16x8_1x4x4_neonfp8dot4/32/176/real_time",,,,,,,,false,"Unsupported hardware"
"dot/dot_fp8_e5m2_fp8_e5m2_fp32_2x16x8_1x4x4_neonfp8dot4/32/352/real_time",,,,,,,,false,"Unsupported hardware"
"dot/dot_fp8_e5m2_fp8_e5m2_fp32_2x16x8_1x4x4_neonfp8dot4/32/528/real_time",,,,,,,,false,"Unsupported hardware"
"dot/dot_fp8_e5m2_fp8_e5m2_fp32_2x16x8_1x4x4_neonfp8dot4/32/712/real_time",,,,,,,,false,"Unsupported hardware"
"dot/dot_fp8_e5m2_fp8_e5m2_fp32_2x16x8_1x4x4_neonfp8dot4/64/8/real_time",,,,,,,,false,"Unsupported hardware"
"dot/dot_fp8_e5m2_fp8_e5m2_fp32_2x16x8_1x4x4_neonfp8dot4/64/88/real_time",,,,,,,,false,"Unsupported hardware"
"dot/dot_fp8_e5m2_fp8_e5m2_fp32_2x16x8_1x4x4_neonfp8dot4/64/176/real_time",,,,,,,,false,"Unsupported hardware"
"dot/dot_fp8_e5m2_fp8_e5m2_fp32_2x16x8_1x4x4_neonfp8dot4/64/264/real_time",,,,,,,,false,"Unsupported hardware"
"dot/dot_fp8_e5m2_fp8_e5m2_fp32_2x16x8_1x4x4_neonfp8dot4/64/360/real_time",,,,,,,,false,"Unsupported hardware"
"dot/dot_fp8_e5m2_fp8_e5m2_fp32_2x16x8_1x4x4_neonfp8dot4/128/8/real_time",,,,,,,,false,"Unsupported hardware"
"dot/dot_fp8_e5m2_fp8_e5m2_fp32_2x16x8_1x4x4_neonfp8dot4/128/40/real_time",,,,,,,,false,"Unsupported hardware"
"dot/dot_fp8_e5m2_fp8_e5m2_fp32_2x16x8_1x4x4_neonfp8dot4/128/88/real_time",,,,,,,,false,"Unsupported hardware"
"dot/dot_fp8_e5m2_fp8_e5m2_fp32_2x16x8_1x4x4_neonfp8dot4/128/128/real_time",,,,,,,,false,"Unsupported hardware"
"dot/dot_fp8_e5m2_fp8_e5m2_fp32_2x16x8_1x4x4_neonfp8dot4/128/176/real_time",,,,,,,,false,"Unsupported hardware"
"dot/dot_fp8_e5m2_fp8_e5m2_fp32_3x16x8_1x4x4_neonfp8dot4/16/8/real_time",,,,,,,,false,"Unsupported hardware"
"dot/dot_fp8_e5m2_fp8_e5m2_fp32_3x16x8_1x4x4_neonfp8dot4/16/320/real_time",,,,,,,,false,"Unsupported hardware"
"dot/dot_fp8_e5m2_fp8_e5m2_fp32_3x16x8_1x4x4_neonfp8dot4/16/640/real_time",,,,,,,,false,"Unsupported hardware"
"dot/dot_fp8_e5m2_fp8_e5m2_fp32_3x16x8_1x4x4_neonfp8dot4/16/960/real_time",,,,,,,,false,"Unsupported hardware"
"dot/dot_fp8_e5m2_fp8_e5m2_fp32_3x16x8_1x4x4_neonfp8dot4/16/1280/real_time",,,,,,,,false,"Unsupported hardware"
"dot/dot_fp8_e5m2_fp8_e5m2_fp32_3x16x8_1x4x4_neonfp8dot4/32/8/real_time",,,,,,,,false,"Unsupported hardware"
"dot/dot_fp8_e5m2_fp8_e5m2_fp32_3x16x8_1x4x4_neonfp8dot4/32/168/real_time",,,,,,,,false,"Unsupported hardware"
"dot/dot_fp8_e5m2_fp8_e5m2_fp32_3x16x8_1x4x4_neonfp8dot4/32/344/real_time",,,,,,,,false,"Unsupported hardware"
"dot/dot_fp8_e5m2_fp8_e5m2_fp32_3x16x8_1x4x4_neonfp8dot4/32/512/real_time",,,,,,,,false,"Unsupported hardware"
"dot/dot_fp8_e5m2_fp8_e5m2_fp32_3x16x8_1x4x4_neonfp8dot4/32/688/real_time",,,,,,,,false,"Unsupported hardware"
"dot/dot_fp8_e5m2_fp8_e5m2_fp32_3x16x8_1x4x4_neonfp8dot4/64/8/real_time",,,,,,,,false,"Unsupported hardware"
"dot/dot_fp8_e5m2_fp8_e5m2_fp32_3x16x8_1x4x4_neonfp8dot4/64/88/real_time",,,,,,,,false,"Unsupported hardware"
"dot/dot_fp8_e5m2_fp8_e5m2_fp32_3x16x8_1x4x4_neonfp8dot4/64/176/real_time",,,,,,,,false,"Unsupported hardware"
"dot/dot_fp8_e5m2_fp8_e5m2_fp32_3x16x8_1x4x4_neonfp8dot4/64/264/real_time",,,,,,,,false,"Unsupported hardware"
"dot/dot_fp8_e5m2_fp8_e5m2_fp32_3x16x8_1x4x4_neonfp8dot4/64/352/real_time",,,,,,,,false,"Unsupported hardware"
"dot/dot_fp8_e5m2_fp8_e5m2_fp32_3x16x8_1x4x4_neonfp8dot4/128/8/real_time",,,,,,,,false,"Unsupported hardware"
"dot/dot_fp8_e5m2_fp8_e5m2_fp32_3x16x8_1x4x4_neonfp8dot4/128/40/real_time",,,,,,,,false,"Unsupported hardware"
"dot/dot_fp8_e5m2_fp8_e5m2_fp32_3x16x8_1x4x4_neonfp8dot4/128/80/real_time",,,,,,,,false,"Unsupported hardware"
"dot/dot_fp8_e5m2_fp8_e5m2_fp32_3x16x8_1x4x4_neonfp8dot4/128/120/real_time",,,,,,,,false,"Unsupported hardware"
"dot/dot_fp8_e5m2_fp8_e5m2_fp32_3x16x8_1x4x4_neonfp8dot4/128/168/real_time",,,,,,,,false,"Unsupported hardware"
"dot/dot_fp8_e5m2_fp8_e5m2_fp32_4x16x8_1x4x4_neonfp8dot4/16/8/real_time",,,,,,,,false,"Unsupported hardware"
"dot/dot_fp8_e5m2_fp8_e5m2_fp32_4x16x8_1x4x4_neonfp8dot4/16/304/real_time",,,,,,,,false,"Unsupported hardware"
"dot/dot_fp8_e5m2_fp8_e5m2_fp32_4x16x8_1x4x4_neonfp8dot4/16/608/real_time",,,,,,,,false,"Unsupported hardware"
"dot/dot_fp8_e5m2_fp8_e5m2_fp32_4x16x8_1x4x4_neonfp8dot4/16/912/real_time",,,,,,,,false,"Unsupported hardware"
"dot/dot_fp8_e5m2_fp8_e5m2_fp32_4x16x8_1x4x4_neonfp8dot4/16/1216/real_time",,,,,,,,false,"Unsupported hardware"
"dot/dot_fp8_e5m2_fp8_e5m2_fp32_4x16x8_1x4x4_neonfp8dot4/32/8/real_time",,,,,,,,false,"Unsupported hardware"
"dot/dot_fp8_e5m2_fp8_e5m2_fp32_4x16x8_1x4x4_neonfp8dot4/32/160/real_time",,,,,,,,false,"Unsupported hardware"
"dot/dot_fp8_e5m2_fp8_e5m2_fp32_4x16x8_1x4x4_neonfp8dot4/32/328/real_time",,,,,,,,false,"Unsupported hardware"
"dot/dot_fp8_e5m2_fp8_e5m2_fp32_4x16x8_1x4x4_neonfp8dot4/32/496/real_time",,,,,,,,false,"Unsupported hardware"
"dot/dot_fp8_e5m2_fp8_e5m2_fp32_4x16x8_1x4x4_neonfp8dot4/32/664/real_time",,,,,,,,false,"Unsupported hardware"
"dot/dot_fp8_e5m2_fp8_e5m2_fp32_4x16x8_1x4x4_neonfp8dot4/64/8/real_time",,,,,,,,false,"Unsupported hardware"
"dot/dot_fp8_e5m2_fp8_e5m2_fp32_4x16x8_1x4x4_neonfp8dot4/64/80/real_time",,,,,,,,false,"Unsupported hardware"
"dot/dot_fp8_e5m2_fp8_e5m2_fp32_4x16x8_1x4x4_neonfp8dot4/64/168/real_time",,,,,,,,false,"Unsupported hardware"
"dot/dot_fp8_e5m2_fp8_e5m2_fp32_4x16x8_1x4x4_neonfp8dot4/64/256/real_time",,,,,,,,false,"Unsupported hardware"
"dot/dot_fp8_e5m2_fp8_e5m2_fp32_4x16x8_1x4x4_neonfp8dot4/64/344/real_time",,,,,,,,false,"Unsupported hardware"
"dot/dot_fp8_e5m2_fp8_e5m2_fp32_4x16x8_1x4x4_neonfp8dot4/128/8/real_time",,,,,,,,false,"Unsupported hardware"
"dot/dot_fp8_e5m2_fp8_e5m2_fp32_4x16x8_1x4x4_neonfp8dot4/128/40/real_time",,,,,,,,false,"Unsupported hardware"
"dot/dot_fp8_e5m2_fp8_e5m2_fp32_4x16x8_1x4x4_neonfp8dot4/128/80/real_time",,,,,,,,false,"Unsupported hardware"
"dot/dot_fp8_e5m2_fp8_e5m2_fp32_4x16x8_1x4x4_neonfp8dot4/128/120/real_time",,,,,,,,false,"Unsupported hardware"
"dot/dot_fp8_e5m2_fp8_e5m2_fp32_4x16x8_1x4x4_neonfp8dot4/128/168/real_time",,,,,,,,false,"Unsupported hardware"
"dot/dot_fp8_e5m2_fp8_e5m2_fp32_5x16x8_1x4x4_neonfp8dot4/16/8/real_time",,,,,,,,false,"Unsupported hardware"
"dot/dot_fp8_e5m2_fp8_e5m2_fp32_5x16x8_1x4x4_neonfp8dot4/16/288/real_time",,,,,,,,false,"Unsupported hardware"
"dot/dot_fp8_e5m2_fp8_e5m2_fp32_5x16x8_1x4x4_neonfp8dot4/16/576/real_time",,,,,,,,false,"Unsupported hardware"
"dot/dot_fp8_e5m2_fp8_e5m2_fp32_5x16x8_1x4x4_neonfp8dot4/16/864/real_time",,,,,,,,false,"Unsupported hardware"
"dot/dot_fp8_e5m2_fp8_e5m2_fp32_5x16x8_1x4x4_neonfp8dot4/16/1152/real_time",,,,,,,,false,"Unsupported hardware"
"dot/dot_fp8_e5m2_fp8_e5m2_fp32_5x16x8_1x4x4_neonfp8dot4/32/8/real_time",,,,,,,,false,"Unsupported hardware"
"dot/dot_fp8_e5m2_fp8_e5m2_fp32_5x16x8_1x4x4_neonfp8dot4/32/160/real_time",,,,,,,,false,"Unsupported hardware"
"dot/dot_fp8_e5m2_fp8_e5m2_fp32_5x16x8_1x4x4_neonfp8dot4/32/320/real_time",,,,,,,,false,"Unsupported hardware"
"dot/dot_fp8_e5m2_fp8_e5m2_fp32_5x16x8_1x4x4_neonfp8dot4/32/480/real_time",,,,,,,,false,"Unsupported hardware"
"dot/dot_fp8_e5m2_fp8_e5m2_fp32_5x16x8_1x4x4_neonfp8dot4/32/640/real_time",,,,,,,,false,"Unsupported hardware"
"dot/dot_fp8_e5m2_fp8_e5m2_fp32_5x16x8_1x4x4_neonfp8dot4/64/8/real_time",,,,,,,,false,"Unsupported hardware"
"dot/dot_fp8_e5m2_fp8_e5m2_fp32_5x16x8_1x4x4_neonfp8dot4/64/80/real_time",,,,,,,,false,"Unsupported hardware"
"dot/dot_fp8_e5m2_fp8_e5m2_fp32_5x16x8_1x4x4_neonfp8dot4/64/168/real_time",,,,,,,,false,"Unsupported hardware"
"dot/dot_fp8_e5m2_fp8_e5m2_fp32_5x16x8_1x4x4_neonfp8dot4/64/248/real_time",,,,,,,,false,"Unsupported hardware"
"dot/dot_fp8_e5m2_fp8_e5m2_fp32_5x16x8_1x4x4_neonfp8dot4/64/336/real_time",,,,,,,,false,"Unsupported hardware"
"dot/dot_fp8_e5m2_fp8_e5m2_fp32_5x16x8_1x4x4_neonfp8dot4/128/8/real_time",,,,,,,,false,"Unsupported hardware"
"dot/dot_fp8_e5m2_fp8_e5m2_fp32_5x16x8_1x4x4_neonfp8dot4/128/40/real_time",,,,,,,,false,"Unsupported hardware"
"dot/dot_fp8_e5m2_fp8_e5m2_fp32_5x16x8_1x4x4_neonfp8dot4/128/80/real_time",,,,,,,,false,"Unsupported hardware"
"dot/dot_fp8_e5m2_fp8_e5m2_fp32_5x16x8_1x4x4_neonfp8dot4/128/120/real_time",,,,,,,,false,"Unsupported hardware"
"dot/dot_fp8_e5m2_fp8_e5m2_fp32_5x16x8_1x4x4_neonfp8dot4/128/160/real_time",,,,,,,,false,"Unsupported hardware"
"dot/dot_fp8_e5m2_fp8_e5m2_fp32_1x8x8_1x4x4_neonfp8dot4/8/8/real_time",,,,,,,,false,"Unsupported hardware"
"dot/dot_fp8_e5m2_fp8_e5m2_fp32_1x8x8_1x4x4_neonfp8dot4/8/680/real_time",,,,,,,,false,"Unsupported hardware"
"dot/dot_fp8_e5m2_fp8_e5m2_fp32_1x8x8_1x4x4_neonfp8dot4/8/1360/real_time",,,,,,,,false,"Unsupported hardware"
"dot/dot_fp8_e5m2_fp8_e5m2_fp32_1x8x8_1x4x4_neonfp8dot4/8/2040/real_time",,,,,,,,false,"Unsupported hardware"
"dot/dot_fp8_e5m2_fp8_e5m2_fp32_1x8x8_1x4x4_neonfp8dot4/8/2720/real_time",,,,,,,,false,"Unsupported hardware"
"dot/dot_fp8_e5m2_fp8_e5m2_fp32_1x8x8_1x4x4_neonfp8dot4/16/8/real_time",,,,,,,,false,"Unsupported hardware"
"dot/dot_fp8_e5m2_fp8_e5m2_fp32_1x8x8_1x4x4_neonfp8dot4/16/360/real_time",,,,,,,,false,"Unsupported hardware"
"dot/dot_fp8_e5m2_fp8_e5m2_fp32_1x8x8_1x4x4_neonfp8dot4/16/720/real_time",,,,,,,,false,"Unsupported hardware"
"dot/dot_fp8_e5m2_fp8_e5m2_fp32_1x8x8_1x4x4_neonfp8dot4/16/1080/real_time",,,,,,,,false,"Unsupported hardware"
"dot/dot_fp8_e5m2_fp8_e5m2_fp32_1x8x8_1x4x4_neonfp8dot4/16/1440/real_time",,,,,,,,false,"Unsupported hardware"
"dot/dot_fp8_e5m2_fp8_e5m2_fp32_1x8x8_1x4x4_neonfp8dot4/32/8/real_time",,,,,,,,false,"Unsupported hardware"
"dot/dot_fp8_e5m2_fp8_e5m2_fp32_1x8x8_1x4x4_neonfp8dot4/32/184/real_time",,,,,,,,false,"Unsupported hardware"
"dot/dot_fp8_e5m2_fp8_e5m2_fp32_1x8x8_1x4x4_neonfp8dot4/32/368/real_time",,,,,,,,false,"Unsupported hardware"
"dot/dot_fp8_e5m2_fp8_e5m2_fp32_1x8x8_1x4x4_neonfp8dot4/32/552/real_time",,,,,,,,false,"Unsupported hardware"
"dot/dot_fp8_e5m2_fp8_e5m2_fp32_1x8x8_1x4x4_neonfp8dot4/32/736/real_time",,,,,,,,false,"Unsupported hardware"
"dot/dot_fp8_e5m2_fp8_e5m2_fp32_1x8x8_1x4x4_neonfp8dot4/64/8/real_time",,,,,,,,false,"Unsupported hardware"
"dot/dot_fp8_e5m2_fp8_e5m2_fp32_1x8x8_1x4x4_neonfp8dot4/64/88/real_time",,,,,,,,false,"Unsupported hardware"
"dot/dot_fp8_e5m2_fp8_e5m2_fp32_1x8x8_1x4x4_neonfp8dot4/64/184/real_time",,,,,,,,false,"Unsupported hardware"
"dot/dot_fp8_e5m2_fp8_e5m2_fp32_1x8x8_1x4x4_neonfp8dot4/64/272/real_time",,,,,,,,false,"Unsupported hardware"
"dot/dot_fp8_e5m2_fp8_e5m2_fp32_1x8x8_1x4x4_neonfp8dot4/64/368/real_time",,,,,,,,false,"Unsupported hardware"
"dot/dot_fp8_e5m2_fp8_e5m2_fp32_8x8x8_1x4x4_neonfp8dot4/8/8/real_time",,,,,,,,false,"Unsupported hardware"
"dot/dot_fp8_e5m2_fp8_e5m2_fp32_8x8x8_1x4x4_neonfp8dot4/8/376/real_time",,,,,,,,false,"Unsupported hardware"
"dot/dot_fp8_e5m2_fp8_e5m2_fp32_8x8x8_1x4x4_neonfp8dot4/8/760/real_time",,,,,,,,false,"Unsupported hardware"
"dot/dot_fp8_e5m2_fp8_e5m2_fp32_8x8x8_1x4x4_neonfp8dot4/8/1136/real_time",,,,,,,,false,"Unsupported hardware"
"dot/dot_fp8_e5m2_fp8_e5m2_fp32_8x8x8_1x4x4_neonfp8dot4/8/1520/real_time",,,,,,,,false,"Unsupported hardware"
"dot/dot_fp8_e5m2_fp8_e5m2_fp32_8x8x8_1x4x4_neonfp8dot4/16/8/real_time",,,,,,,,false,"Unsupported hardware"
"dot/dot_fp8_e5m2_fp8_e5m2_fp32_8x8x8_1x4x4_neonfp8dot4/16/248/real_time",,,,,,,,false,"Unsupported hardware"
"dot/dot_fp8_e5m2_fp8_e5m2_fp32_8x8x8_1x4x4_neonfp8dot4/16/496/real_time",,,,,,,,false,"Unsupported hardware"
"dot/dot_fp8_e5m2_fp8_e5m2_fp32_8x8x8_1x4x4_neonfp8dot4/16/744/real_time",,,,,,,,false,"Unsupported hardware"
"dot/dot_fp8_e5m2_fp8_e5m2_fp32_8x8x8_1x4x4_neonfp8dot4/16/1000/real_time",,,,,,,,false,"Unsupported hardware"
"dot/dot_fp8_e5m2_fp8_e5m2_fp32_8x8x8_1x4x4_neonfp8dot4/32/8/real_time",,,,,,,,false,"Unsupported hardware"
"dot/dot_fp8_e5m2_fp8_e5m2_fp32_8x8x8_1x4x4_neonfp8dot4/32/144/real_time",,,,,,,,false,"Unsupported hardware"
"dot/dot_fp8_e5m2_fp8_e5m2_fp32_8x8x8_1x4x4_neonfp8dot4/32/288/real_time",,,,,,,,false,"Unsupported hardware"
"dot/dot_fp8_e5m2_fp8_e5m2_fp32_8x8x8_1x4x4_neonfp8dot4/32/432/real_time",,,,,,,,false,"Unsupported hardware"
"dot/dot_fp8_e5m2_fp8_e5m2_fp32_8x8x8_1x4x4_neonfp8dot4/32/584/real_time",,,,,,,,false,"Unsupported hardware"
"dot/dot_fp8_e5m2_fp8_e5m2_fp32_8x8x8_1x4x4_neonfp8dot4/64/8/real_time",,,,,,,,false,"Unsupported hardware"
"dot/dot_fp8_e5m2_fp8_e5m2_fp32_8x8x8_1x4x4_neonfp8dot4/64/72/real_time",,,,,,,,false,"Unsupported hardware"
"dot/dot_fp8_e5m2_fp8_e5m2_fp32_8x8x8_1x4x4_neonfp8dot4/64/152/real_time",,,,,,,,false,"Unsupported hardware"
"dot/dot_fp8_e5m2_fp8_e5m2_fp32_8x8x8_1x4x4_neonfp8dot4/64/232/real_time",,,,,,,,false,"Unsupported hardware"
"dot/dot_fp8_e5m2_fp8_e5m2_fp32_8x8x8_1x4x4_neonfp8dot4/64/312/real_time",,,,,,,,false,"Unsupported hardware"
"dot/dot_fp8_e5m2_fp8_e5m2_fp32_10x8x8_1x4x4_neonfp8dot4/8/8/real_time",,,,,,,,false,"Unsupported hardware"
"dot/dot_fp8_e5m2_fp8_e5m2_fp32_10x8x8_1x4x4_neonfp8dot4/8/336/real_time",,,,,,,,false,"Unsupported hardware"
"dot/dot_fp8_e5m2_fp8_e5m2_fp32_10x8x8_1x4x4_neonfp8dot4/8/672/real_time",,,,,,,,false,"Unsupported hardware"
"dot/dot_fp8_e5m2_fp8_e5m2_fp32_10x8x8_1x4x4_neonfp8dot4/8/1008/real_time",,,,,,,,false,"Unsupported hardware"
"dot/dot_fp8_e5m2_fp8_e5m2_fp32_10x8x8_1x4x4_neonfp8dot4/8/1344/real_time",,,,,,,,false,"Unsupported hardware"
"dot/dot_fp8_e5m2_fp8_e5m2_fp32_10x8x8_1x4x4_neonfp8dot4/16/8/real_time",,,,,,,,false,"Unsupported hardware"
"dot/dot_fp8_e5m2_fp8_e5m2_fp32_10x8x8_1x4x4_neonfp8dot4/16/224/real_time",,,,,,,,false,"Unsupported hardware"
"dot/dot_fp8_e5m2_fp8_e5m2_fp32_10x8x8_1x4x4_neonfp8dot4/16/456/real_time",,,,,,,,false,"Unsupported hardware"
"dot/dot_fp8_e5m2_fp8_e5m2_fp32_10x8x8_1x4x4_neonfp8dot4/16/688/real_time",,,,,,,,false,"Unsupported hardware"
"dot/dot_fp8_e5m2_fp8_e5m2_fp32_10x8x8_1x4x4_neonfp8dot4/16/920/real_time",,,,,,,,false,"Unsupported hardware"
"dot/dot_fp8_e5m2_fp8_e5m2_fp32_10x8x8_1x4x4_neonfp8dot4/32/8/real_time",,,,,,,,false,"Unsupported hardware"
"dot/dot_fp8_e5m2_fp8_e5m2_fp32_10x8x8_1x4x4_neonfp8dot4/32/136/real_time",,,,,,,,false,"Unsupported hardware"
"dot/dot_fp8_e5m2_fp8_e5m2_fp32_10x8x8_1x4x4_neonfp8dot4/32/272/real_time",,,,,,,,false,"Unsupported hardware"
"dot/dot_fp8_e5m2_fp8_e5m2_fp32_10x8x8_1x4x4_neonfp8dot4/32/408/real_time",,,,,,,,false,"Unsupported hardware"
"dot/dot_fp8_e5m2_fp8_e5m2_fp32_10x8x8_1x4x4_neonfp8dot4/32/552/real_time",,,,,,,,false,"Unsupported hardware"
"dot/dot_fp8_e5m2_fp8_e5m2_fp32_10x8x8_1x4x4_neonfp8dot4/64/8/real_time",,,,,,,,false,"Unsupported hardware"
"dot/dot_fp8_e5m2_fp8_e5m2_fp32_10x8x8_1x4x4_neonfp8dot4/64/72/real_time",,,,,,,,false,"Unsupported hardware"
"dot/dot_fp8_e5m2_fp8_e5m2_fp32_10x8x8_1x4x4_neonfp8dot4/64/144/real_time",,,,,,,,false,"Unsupported hardware"
"dot/dot_fp8_e5m2_fp8_e5m2_fp32_10x8x8_1x4x4_neonfp8dot4/64/216/real_time",,,,,,,,false,"Unsupported hardware"
"dot/dot_fp8_e5m2_fp8_e5m2_fp32_10x8x8_1x4x4_neonfp8dot4/64/296/real_time",,,,,,,,false,"Unsupported hardware"
"dot/dot_fp8_e5m2_fp8_e5m2_fp32_8x4x8_1x4x4_neonfp8dot4/4/8/real_time",,,,,,,,false,"Unsupported hardware"
"dot/dot_fp8_e5m2_fp8_e5m2_fp32_8x4x8_1x4x4_neonfp8dot4/4/504/real_time",,,,,,,,false,"Unsupported hardware"
"dot/dot_fp8_e5m2_fp8_e5m2_fp32_8x4x8_1x4x4_neonfp8dot4/4/1016/real_time",,,,,,,,false,"Unsupported hardware"
"dot/dot_fp8_e5m2_fp8_e5m2_fp32_8x4x8_1x4x4_neonfp8dot4/4/1520/real_time",,,,,,,,false,"Unsupported hardware"
"dot/dot_fp8_e5m2_fp8_e5m2_fp32_8x4x8_1x4x4_neonfp8dot4/4/2032/real_time",,,,,,,,false,"Unsupported hardware"
"dot/dot_fp8_e5m2_fp8_e5m2_fp32_8x4x8_1x4x4_neonfp8dot4/8/8/real_time",,,,,,,,false,"Unsupported hardware"
"dot/dot_fp8_e5m2_fp8_e5m2_fp32_8x4x8_1x4x4_neonfp8dot4/8/376/real_time",,,,,,,,false,"Unsupported hardware"
"dot/dot_fp8_e5m2_fp8_e5m2_fp32_8x4x8_1x4x4_neonfp8dot4/8/760/real_time",,,,,,,,false,"Unsupported hardware"
"dot/dot_fp8_e5m2_fp8_e5m2_fp32_8x4x8_1x4x4_neonfp8dot4/8/1136/real_time",,,,,,,,false,"Unsupported hardware"
"dot/dot_fp8_e5m2_fp8_e5m2_fp32_8x4x8_1x4x4_neonfp8dot4/8/1520/real_time",,,,,,,,false,"Unsupported hardware"
"dot/dot_fp8_e5m2_fp8_e5m2_fp32_8x4x8_1x4x4_neonfp8dot4/16/8/real_time",,,,,,,,false,"Unsupported hardware"
"dot/dot_fp8_e5m2_fp8_e5m2_fp32_8x4x8_1x4x4_neonfp8dot4/16/248/real_time",,,,,,,,false,"Unsupported hardware"
"dot/dot_fp8_e5m2_fp8_e5m2_fp32_8x4x8_1x4x4_neonfp8dot4/16/496/real_time",,,,,,,,false,"Unsupported hardware"
"dot/dot_fp8_e5m2_fp8_e5m2_fp32_8x4x8_1x4x4_neonfp8dot4/16/744/real_time",,,,,,,,false,"Unsupported hardware"
"dot/dot_fp8_e5m2_fp8_e5m2_fp32_8x4x8_1x4x4_neonfp8dot4/16/1000/real_time",,,,,,,,false,"Unsupported hardware"
"dot/dot_fp8_e5m2_fp8_e5m2_fp32_8x4x8_1x4x4_neonfp8dot4/32/8/real_time",,,,,,,,false,"Unsupported hardware"
"dot/dot_fp8_e5m2_fp8_e5m2_fp32_8x4x8_1x4x4_neonfp8dot4/32/144/real_time",,,,,,,,false,"Unsupported hardware"
"dot/dot_fp8_e5m2_fp8_e5m2_fp32_8x4x8_1x4x4_neonfp8dot4/32/288/real_time",,,,,,,,false,"Unsupported hardware"
"dot/dot_fp8_e5m2_fp8_e5m2_fp32_8x4x8_1x4x4_neonfp8dot4/32/432/real_time",,,,,,,,false,"Unsupported hardware"
"dot/dot_fp8_e5m2_fp8_e5m2_fp32_8x4x8_1x4x4_neonfp8dot4/32/584/real_time",,,,,,,,false,"Unsupported hardware"
"dot/dot_fp8_e4m3_fp8_e4m3_fp32_1x64x8_1x4x4_neonfp8dot4/64/8/real_time",,,,,,,,false,"Unsupported hardware"
"dot/dot_fp8_e4m3_fp8_e4m3_fp32_1x64x8_1x4x4_neonfp8dot4/64/88/real_time",,,,,,,,false,"Unsupported hardware"
"dot/dot_fp8_e4m3_fp8_e4m3_fp32_1x64x8_1x4x4_neonfp8dot4/64/184/real_time",,,,,,,,false,"Unsupported hardware"
"dot/dot_fp8_e4m3_fp8_e4m3_fp32_1x64x8_1x4x4_neonfp8dot4/64/272/real_time",,,,,,,,false,"Unsupported hardware"
"dot/dot_fp8_e4m3_fp8_e4m3_fp32_1x64x8_1x4x4_neonfp8dot4/64/368/real_time",,,,,,,,false,"Unsupported hardware"
"dot/dot_fp8_e4m3_fp8_e4m3_fp32_1x64x8_1x4x4_neonfp8dot4/128/8/real_time",,,,,,,,false,"Unsupported hardware"
"dot/dot_fp8_e4m3_fp8_e4m3_fp32_1x64x8_1x4x4_neonfp8dot4/128/40/real_time",,,,,,,,false,"Unsupported hardware"
"dot/dot_fp8_e4m3_fp8_e4m3_fp32_1x64x8_1x4x4_neonfp8dot4/128/88/real_time",,,,,,,,false,"Unsupported hardware"
"dot/dot_fp8_e4m3_fp8_e4m3_fp32_1x64x8_1x4x4_neonfp8dot4/128/136/real_time",,,,,,,,false,"Unsupported hardware"
"dot/dot_fp8_e4m3_fp8_e4m3_fp32_1x64x8_1x4x4_neonfp8dot4/128/184/real_time",,,,,,,,false,"Unsupported hardware"
"dot/dot_fp8_e4m3_fp8_e4m3_fp32_1x64x8_1x4x4_neonfp8dot4/256/8/real_time",,,,,,,,false,"Unsupported hardware"
"dot/dot_fp8_e4m3_fp8_e4m3_fp32_1x64x8_1x4x4_neonfp8dot4/256/16/real_time",,,,,,,,false,"Unsupported hardware"
"dot/dot_fp8_e4m3_fp8_e4m3_fp32_1x64x8_1x4x4_neonfp8dot4/256/40/real_time",,,,,,,,false,"Unsupported hardware"
"dot/dot_fp8_e4m3_fp8_e4m3_fp32_1x64x8_1x4x4_neonfp8dot4/256/64/real_time",,,,,,,,false,"Unsupported hardware"
"dot/dot_fp8_e4m3_fp8_e4m3_fp32_1x64x8_1x4x4_neonfp8dot4/256/88/real_time",,,,,,,,false,"Unsupported hardware"
"dot/dot_fp8_e4m3_fp8_e4m3_fp32_1x64x8_1x4x4_neonfp8dot4/512/8/real_time",,,,,,,,false,"Unsupported hardware"
"dot/dot_fp8_e4m3_fp8_e4m3_fp32_1x64x8_1x4x4_neonfp8dot4/512/16/real_time",,,,,,,,false,"Unsupported hardware"
"dot/dot_fp8_e4m3_fp8_e4m3_fp32_1x64x8_1x4x4_neonfp8dot4/512/24/real_time",,,,,,,,false,"Unsupported hardware"
"dot/dot_fp8_e4m3_fp8_e4m3_fp32_1x64x8_1x4x4_neonfp8dot4/512/40/real_time",,,,,,,,false,"Unsupported hardware"
"dot/dot_fp8_e4m3_fp8_e4m3_fp32_1x32x8_1x4x4_neonfp8dot4/32/8/real_time",,,,,,,,false,"Unsupported hardware"
"dot/dot_fp8_e4m3_fp8_e4m3_fp32_1x32x8_1x4x4_neonfp8dot4/32/184/real_time",,,,,,,,false,"Unsupported hardware"
"dot/dot_fp8_e4m3_fp8_e4m3_fp32_1x32x8_1x4x4_neonfp8dot4/32/368/real_time",,,,,,,,false,"Unsupported hardware"
"dot/dot_fp8_e4m3_fp8_e4m3_fp32_1x32x8_1x4x4_neonfp8dot4/32/552/real_time",,,,,,,,false,"Unsupported hardware"
"dot/dot_fp8_e4m3_fp8_e4m3_fp32_1x32x8_1x4x4_neonfp8dot4/32/736/real_time",,,,,,,,false,"Unsupported hardware"
"dot/dot_fp8_e4m3_fp8_e4m3_fp32_1x32x8_1x4x4_neonfp8dot4/64/8/real_time",,,,,,,,false,"Unsupported hardware"
"dot/dot_fp8_e4m3_fp8_e4m3_fp32_1x32x8_1x4x4_neonfp8dot4/64/88/real_time",,,,,,,,false,"Unsupported hardware"
"dot/dot_fp8_e4m3_fp8_e4m3_fp32_1x32x8_1x4x4_neonfp8dot4/64/184/real_time",,,,,,,,false,"Unsupported hardware"
"dot/dot_fp8_e4m3_fp8_e4m3_fp32_1x32x8_1x4x4_neonfp8dot4/64/272/real_time",,,,,,,,false,"Unsupported hardware"
"dot/dot_fp8_e4m3_fp8_e4m3_fp32_1x32x8_1x4x4_neonfp8dot4/64/368/real_time",,,,,,,,false,"Unsupported hardware"
"dot/dot_fp8_e4m3_fp8_e4m3_fp32_1x32x8_1x4x4_neonfp8dot4/128/8/real_time",,,,,,,,false,"Unsupported hardware"
"dot/dot_fp8_e4m3_fp8_e4m3_fp32_1x32x8_1x4x4_neonfp8dot4/128/40/real_time",,,,,,,,false,"Unsupported hardware"
"dot/dot_fp8_e4m3_fp8_e4m3_fp32_1x32x8_1x4x4_neonfp8dot4/128/88/real_time",,,,,,,,false,"Unsupported hardware"
"dot/dot_fp8_e4m3_fp8_e4m3_fp32_1x32x8_1x4x4_neonfp8dot4/128/136/real_time",,,,,,,,false,"Unsupported hardware"
"dot/dot_fp8_e4m3_fp8_e4m3_fp32_1x32x8_1x4x4_neonfp8dot4/128/184/real_time",,,,,,,,false,"Unsupported hardware"
"dot/dot_fp8_e4m3_fp8_e4m3_fp32_1x32x8_1x4x4_neonfp8dot4/256/8/real_time",,,,,,,,false,"Unsupported hardware"
"dot/dot_fp8_e4m3_fp8_e4m3_fp32_1x32x8_1x4x4_neonfp8dot4/256/16/real_time",,,,,,,,false,"Unsupported hardware"
"dot/dot_fp8_e4m3_fp8_e4m3_fp32_1x32x8_1x4x4_neonfp8dot4/256/40/real_time",,,,,,,,false,"Unsupported hardware"
"dot/dot_fp8_e4m3_fp8_e4m3_fp32_1x32x8_1x4x4_neonfp8dot4/256/64/real_time",,,,,,,,false,"Unsupported hardware"
"dot/dot_fp8_e4m3_fp8_e4m3_fp32_1x32x8_1x4x4_neonfp8dot4/256/88/real_time",,,,,,,,false,"Unsupported hardware"
"dot/dot_fp8_e4m3_fp8_e4m3_fp32_2x32x8_1x4x4_neonfp8dot4/32/8/real_time",,,,,,,,false,"Unsupported hardware"
"dot/dot_fp8_e4m3_fp8_e4m3_fp32_2x32x8_1x4x4_neonfp8dot4/32/176/real_time",,,,,,,,false,"Unsupported hardware"
"dot/dot_fp8_e4m3_fp8_e4m3_fp32_2x32x8_1x4x4_neonfp8dot4/32/352/real_time",,,,,,,,false,"Unsupported hardware"
"dot/dot_fp8_e4m3_fp8_e4m3_fp32_2x32x8_1x4x4_neonfp8dot4/32/528/real_time",,,,,,,,false,"Unsupported hardware"
"dot/dot_fp8_e4m3_fp8_e4m3_fp32_2x32x8_1x4x4_neonfp8dot4/32/712/real_time",,,,,,,,false,"Unsupported hardware"
"dot/dot_fp8_e4m3_fp8_e4m3_fp32_2x32x8_1x4x4_neonfp8dot4/64/8/real_time",,,,,,,,false,"Unsupported hardware"
"dot/dot_fp8_e4m3_fp8_e4m3_fp32_2x32x8_1x4x4_neonfp8dot4/64/88/real_time",,,,,,,,false,"Unsupported hardware"
"dot/dot_fp8_e4m3_fp8_e4m3_fp32_2x32x8_1x4x4_neonfp8dot4/64/176/real_time",,,,,,,,false,"Unsupported hardware"
"dot/dot_fp8_e4m3_fp8_e4m3_fp32_2x32x8_1x4x4_neonfp8dot4/64/264/real_time",,,,,,,,false,"Unsupported hardware"
"dot/dot_fp8_e4m3_fp8_e4m3_fp32_2x32x8_1x4x4_neonfp8dot4/64/360/real_time",,,,,,,,false,"Unsupported hardware"
"dot/dot_fp8_e4m3_fp8_e4m3_fp32_2x32x8_1x4x4_neonfp8dot4/128/8/real_time",,,,,,,,false,"Unsupported hardware"
"dot/dot_fp8_e4m3_fp8_e4m3_fp32_2x32x8_1x4x4_neonfp8dot4/128/40/real_time",,,,,,,,false,"Unsupported hardware"
"dot/dot_fp8_e4m3_fp8_e4m3_fp32_2x32x8_1x4x4_neonfp8dot4/128/88/real_time",,,,,,,,false,"Unsupported hardware"
"dot/dot_fp8_e4m3_fp8_e4m3_fp32_2x32x8_1x4x4_neonfp8dot4/128/128/real_time",,,,,,,,false,"Unsupported hardware"
"dot/dot_fp8_e4m3_fp8_e4m3_fp32_2x32x8_1x4x4_neonfp8dot4/128/176/real_time",,,,,,,,false,"Unsupported hardware"
"dot/dot_fp8_e4m3_fp8_e4m3_fp32_2x32x8_1x4x4_neonfp8dot4/256/8/real_time",,,,,,,,false,"Unsupported hardware"
"dot/dot_fp8_e4m3_fp8_e4m3_fp32_2x32x8_1x4x4_neonfp8dot4/256/16/real_time",,,,,,,,false,"Unsupported hardware"
"dot/dot_fp8_e4m3_fp8_e4m3_fp32_2x32x8_1x4x4_neonfp8dot4/256/40/real_time",,,,,,,,false,"Unsupported hardware"
"dot/dot_fp8_e4m3_fp8_e4m3_fp32_2x32x8_1x4x4_neonfp8dot4/256/56/real_time",,,,,,,,false,"Unsupported hardware"
"dot/dot_fp8_e4m3_fp8_e4m3_fp32_2x32x8_1x4x4_neonfp8dot4/256/80/real_time",,,,,,,,false,"Unsupported hardware"
"dot/dot_fp8_e4m3_fp8_e4m3_fp32_3x32x8_1x4x4_neonfp8dot4/32/8/real_time",,,,,,,,false,"Unsupported hardware"
"dot/dot_fp8_e4m3_fp8_e4m3_fp32_3x32x8_1x4x4_neonfp8dot4/32/168/real_time",,,,,,,,false,"Unsupported hardware"
"dot/dot_fp8_e4m3_fp8_e4m3_fp32_3x32x8_1x4x4_neonfp8dot4/32/344/real_time",,,,,,,,false,"Unsupported hardware"
"dot/dot_fp8_e4m3_fp8_e4m3_fp32_3x32x8_1x4x4_neonfp8dot4/32/512/real_time",,,,,,,,false,"Unsupported hardware"
"dot/dot_fp8_e4m3_fp8_e4m3_fp32_3x32x8_1x4x4_neonfp8dot4/32/688/real_time",,,,,,,,false,"Unsupported hardware"
"dot/dot_fp8_e4m3_fp8_e4m3_fp32_3x32x8_1x4x4_neonfp8dot4/64/8/real_time",,,,,,,,false,"Unsupported hardware"
"dot/dot_fp8_e4m3_fp8_e4m3_fp32_3x32x8_1x4x4_neonfp8dot4/64/88/real_time",,,,,,,,false,"Unsupported hardware"
"dot/dot_fp8_e4m3_fp8_e4m3_fp32_3x32x8_1x4x4_neonfp8dot4/64/176/real_time",,,,,,,,false,"Unsupported hardware"
"dot/dot_fp8_e4m3_fp8_e4m3_fp32_3x32x8_1x4x4_neonfp8dot4/64/264/real_time",,,,,,,,false,"Unsupported hardware"
"dot/dot_fp8_e4m3_fp8_e4m3_fp32_3x32x8_1x4x4_neonfp8dot4/64/352/real_time",,,,,,,,false,"Unsupported hardware"
"dot/dot_fp8_e4m3_fp8_e4m3_fp32_3x32x8_1x4x4_neonfp8dot4/128/8/real_time",,,,,,,,false,"Unsupported hardware"
"dot/dot_fp8_e4m3_fp8_e4m3_fp32_3x32x8_1x4x4_neonfp8dot4/128/40/real_time",,,,,,,,false,"Unsupported hardware"
"dot/dot_fp8_e4m3_fp8_e4m3_fp32_3x32x8_1x4x4_neonfp8dot4/128/80/real_time",,,,,,,,false,"Unsupported hardware"
"dot/dot_fp8_e4m3_fp8_e4m3_fp32_3x32x8_1x4x4_neonfp8dot4/128/120/real_time",,,,,,,,false,"Unsupported hardware"
"dot/dot_fp8_e4m3_fp8_e4m3_fp32_3x32x8_1x4x4_neonfp8dot4/128/168/real_time",,,,,,,,false,"Unsupported hardware"
"dot/dot_fp8_e4m3_fp8_e4m3_fp32_3x32x8_1x4x4_neonfp8dot4/256/8/real_time",,,,,,,,false,"Unsupported hardware"
"dot/dot_fp8_e4m3_fp8_e4m3_fp32_3x32x8_1x4x4_neonfp8dot4/256/16/real_time",,,,,,,,false,"Unsupported hardware"
"dot/dot_fp8_e4m3_fp8_e4m3_fp32_3x32x8_1x4x4_neonfp8dot4/256/40/real_time",,,,,,,,false,"Unsupported hardware"
"dot/dot_fp8_e4m3_fp8_e4m3_fp32_3x32x8_1x4x4_neonfp8dot4/256/56/real_time",,,,,,,,false,"Unsupported hardware"
"dot/dot_fp8_e4m3_fp8_e4m3_fp32_3x32x8_1x4x4_neonfp8dot4/256/80/real_time",,,,,,,,false,"Unsupported hardware"
"dot/dot_fp8_e4m3_fp8_e4m3_fp32_1x16x8_1x4x4_neonfp8dot4/16/8/real_time",,,,,,,,false,"Unsupported hardware"
"dot/dot_fp8_e4m3_fp8_e4m3_fp32_1x16x8_1x4x4_neonfp8dot4/16/360/real_time",,,,,,,,false,"Unsupported hardware"
"dot/dot_fp8_e4m3_fp8_e4m3_fp32_1x16x8_1x4x4_neonfp8dot4/16/720/real_time",,,,,,,,false,"Unsupported hardware"
"dot/dot_fp8_e4m3_fp8_e4m3_fp32_1x16x8_1x4x4_neonfp8dot4/16/1080/real_time",,,,,,,,false,"Unsupported hardware"
"dot/dot_fp8_e4m3_fp8_e4m3_fp32_1x16x8_1x4x4_neonfp8dot4/16/1440/real_time",,,,,,,,false,"Unsupported hardware"
"dot/dot_fp8_e4m3_fp8_e4m3_fp32_1x16x8_1x4x4_neonfp8dot4/32/8/real_time",,,,,,,,false,"Unsupported hardware"
"dot/dot_fp8_e4m3_fp8_e4m3_fp32_1x16x8_1x4x4_neonfp8dot4/32/184/real_time",,,,,,,,false,"Unsupported hardware"
"dot/dot_fp8_e4m3_fp8_e4m3_fp32_1x16x8_1x4x4_neonfp8dot4/32/368/real_time",,,,,,,,false,"Unsupported hardware"
"dot/dot_fp8_e4m3_fp8_e4m3_fp32_1x16x8_1x4x4_neonfp8dot4/32/552/real_time",,,,,,,,false,"Unsupported hardware"
"dot/dot_fp8_e4m3_fp8_e4m3_fp32_1x16x8_1x4x4_neonfp8dot4/32/736/real_time",,,,,,,,false,"Unsupported hardware"
"dot/dot_fp8_e4m3_fp8_e4m3_fp32_1x16x8_1x4x4_neonfp8dot4/64/8/real_time",,,,,,,,false,"Unsupported hardware"
"dot/dot_fp8_e4m3_fp8_e4m3_fp32_1x16x8_1x4x4_neonfp8dot4/64/88/real_time",,,,,,,,false,"Unsupported hardware"
"dot/dot_fp8_e4m3_fp8_e4m3_fp32_1x16x8_1x4x4_neonfp8dot4/64/184/real_time",,,,,,,,false,"Unsupported hardware"
"dot/dot_fp8_e4m3_fp8_e4m3_fp32_1x16x8_1x4x4_neonfp8dot4/64/272/real_time",,,,,,,,false,"Unsupported hardware"
"dot/dot_fp8_e4m3_fp8_e4m3_fp32_1x16x8_1x4x4_neonfp8dot4/64/368/real_time",,,,,,,,false,"Unsupported hardware"
"dot/dot_fp8_e4m3_fp8_e4m3_fp32_1x16x8_1x4x4_neonfp8dot4/128/8/real_time",,,,,,,,false,"Unsupported hardware"
"dot/dot_fp8_e4m3_fp8_e4m3_fp32_1x16x8_1x4x4_neonfp8dot4/128/40/real_time",,,,,,,,false,"Unsupported hardware"
"dot/dot_fp8_e4m3_fp8_e4m3_fp32_1x16x8_1x4x4_neonfp8dot4/128/88/real_time",,,,,,,,false,"Unsupported hardware"
"dot/dot_fp8_e4m3_fp8_e4m3_fp32_1x16x8_1x4x4_neonfp8dot4/128/136/real_time",,,,,,,,false,"Unsupported hardware"
"dot/dot_fp8_e4m3_fp8_e4m3_fp32_1x16x8_1x4x4_neonfp8dot4/128/184/real_time",,,,,,,,false,"Unsupported hardware"
"dot/dot_fp8_e4m3_fp8_e4m3_fp32_2x16x8_1x4x4_neonfp8dot4/16/8/real_time",,,,,,,,false,"Unsupported hardware"
"dot/dot_fp8_e4m3_fp8_e4m3_fp32_2x16x8_1x4x4_neonfp8dot4/16/336/real_time",,,,,,,,false,"Unsupported hardware"
"dot/dot_fp8_e4m3_fp8_e4m3_fp32_2x16x8_1x4x4_neonfp8dot4/16/672/real_time",,,,,,,,false,"Unsupported hardware"
"dot/dot_fp8_e4m3_fp8_e4m3_fp32_2x16x8_1x4x4_neonfp8dot4/16/1008/real_time",,,,,,,,false,"Unsupported hardware"
"dot/dot_fp8_e4m3_fp8_e4m3_fp32_2x16x8_1x4x4_neonfp8dot4/16/1352/real_time",,,,,,,,false,"Unsupported hardware"
"dot/dot_fp8_e4m3_fp8_e4m3_fp32_2x16x8_1x4x4_neonfp8dot4/32/8/real_time",,,,,,,,false,"Unsupported hardware"
"dot/dot_fp8_e4m3_fp8_e4m3_fp32_2x16x8_1x4x4_neonfp8dot4/32/176/real_time",,,,,,,,false,"Unsupported hardware"
"dot/dot_fp8_e4m3_fp8_e4m3_fp32_2x16x8_1x4x4_neonfp8dot4/32/352/real_time",,,,,,,,false,"Unsupported hardware"
"dot/dot_fp8_e4m3_fp8_e4m3_fp32_2x16x8_1x4x4_neonfp8dot4/32/528/real_time",,,,,,,,false,"Unsupported hardware"
"dot/dot_fp8_e4m3_fp8_e4m3_fp32_2x16x8_1x4x4_neonfp8dot4/32/712/real_time",,,,,,,,false,"Unsupported hardware"
"dot/dot_fp8_e4m3_fp8_e4m3_fp32_2x16x8_1x4x4_neonfp8dot4/64/8/real_time",,,,,,,,false,"Unsupported hardware"
"dot/dot_fp8_e4m3_fp8_e4m3_fp32_2x16x8_1x4x4_neonfp8dot4/64/88/real_time",,,,,,,,false,"Unsupported hardware"
"dot/dot_fp8_e4m3_fp8_e4m3_fp32_2x16x8_1x4x4_neonfp8dot4/64/176/real_time",,,,,,,,false,"Unsupported hardware"
"dot/dot_fp8_e4m3_fp8_e4m3_fp32_2x16x8_1x4x4_neonfp8dot4/64/264/real_time",,,,,,,,false,"Unsupported hardware"
"dot/dot_fp8_e4m3_fp8_e4m3_fp32_2x16x8_1x4x4_neonfp8dot4/64/360/real_time",,,,,,,,false,"Unsupported hardware"
"dot/dot_fp8_e4m3_fp8_e4m3_fp32_2x16x8_1x4x4_neonfp8dot4/128/8/real_time",,,,,,,,false,"Unsupported hardware"
"dot/dot_fp8_e4m3_fp8_e4m3_fp32_2x16x8_1x4x4_neonfp8dot4/128/40/real_time",,,,,,,,false,"Unsupported hardware"
"dot/dot_fp8_e4m3_fp8_e4m3_fp32_2x16x8_1x4x4_neonfp8dot4/128/88/real_time",,,,,,,,false,"Unsupported hardware"
"dot/dot_fp8_e4m3_fp8_e4m3_fp32_2x16x8_1x4x4_neonfp8dot4/128/128/real_time",,,,,,,,false,"Unsupported hardware"
"dot/dot_fp8_e4m3_fp8_e4m3_fp32_2x16x8_1x4x4_neonfp8dot4/128/176/real_time",,,,,,,,false,"Unsupported hardware"
"dot/dot_fp8_e4m3_fp8_e4m3_fp32_3x16x8_1x4x4_neonfp8dot4/16/8/real_time",,,,,,,,false,"Unsupported hardware"
"dot/dot_fp8_e4m3_fp8_e4m3_fp32_3x16x8_1x4x4_neonfp8dot4/16/320/real_time",,,,,,,,false,"Unsupported hardware"
"dot/dot_fp8_e4m3_fp8_e4m3_fp32_3x16x8_1x4x4_neonfp8dot4/16/640/real_time",,,,,,,,false,"Unsupported hardware"
"dot/dot_fp8_e4m3_fp8_e4m3_fp32_3x16x8_1x4x4_neonfp8dot4/16/960/real_time",,,,,,,,false,"Unsupported hardware"
"dot/dot_fp8_e4m3_fp8_e4m3_fp32_3x16x8_1x4x4_neonfp8dot4/16/1280/real_time",,,,,,,,false,"Unsupported hardware"
"dot/dot_fp8_e4m3_fp8_e4m3_fp32_3x16x8_1x4x4_neonfp8dot4/32/8/real_time",,,,,,,,false,"Unsupported hardware"
"dot/dot_fp8_e4m3_fp8_e4m3_fp32_3x16x8_1x4x4_neonfp8dot4/32/168/real_time",,,,,,,,false,"Unsupported hardware"
"dot/dot_fp8_e4m3_fp8_e4m3_fp32_3x16x8_1x4x4_neonfp8dot4/32/344/real_time",,,,,,,,false,"Unsupported hardware"
"dot/dot_fp8_e4m3_fp8_e4m3_fp32_3x16x8_1x4x4_neonfp8dot4/32/512/real_time",,,,,,,,false,"Unsupported hardware"
"dot/dot_fp8_e4m3_fp8_e4m3_fp32_3x16x8_1x4x4_neonfp8dot4/32/688/real_time",,,,,,,,false,"Unsupported hardware"
"dot/dot_fp8_e4m3_fp8_e4m3_fp32_3x16x8_1x4x4_neonfp8dot4/64/8/real_time",,,,,,,,false,"Unsupported hardware"
"dot/dot_fp8_e4m3_fp8_e4m3_fp32_3x16x8_1x4x4_neonfp8dot4/64/88/real_time",,,,,,,,false,"Unsupported hardware"
"dot/dot_fp8_e4m3_fp8_e4m3_fp32_3x16x8_1x4x4_neonfp8dot4/64/176/real_time",,,,,,,,false,"Unsupported hardware"
"dot/dot_fp8_e4m3_fp8_e4m3_fp32_3x16x8_1x4x4_neonfp8dot4/64/264/real_time",,,,,,,,false,"Unsupported hardware"
"dot/dot_fp8_e4m3_fp8_e4m3_fp32_3x16x8_1x4x4_neonfp8dot4/64/352/real_time",,,,,,,,false,"Unsupported hardware"
"dot/dot_fp8_e4m3_fp8_e4m3_fp32_3x16x8_1x4x4_neonfp8dot4/128/8/real_time",,,,,,,,false,"Unsupported hardware"
"dot/dot_fp8_e4m3_fp8_e4m3_fp32_3x16x8_1x4x4_neonfp8dot4/128/40/real_time",,,,,,,,false,"Unsupported hardware"
"dot/dot_fp8_e4m3_fp8_e4m3_fp32_3x16x8_1x4x4_neonfp8dot4/128/80/real_time",,,,,,,,false,"Unsupported hardware"
"dot/dot_fp8_e4m3_fp8_e4m3_fp32_3x16x8_1x4x4_neonfp8dot4/128/120/real_time",,,,,,,,false,"Unsupported hardware"
"dot/dot_fp8_e4m3_fp8_e4m3_fp32_3x16x8_1x4x4_neonfp8dot4/128/168/real_time",,,,,,,,false,"Unsupported hardware"
"dot/dot_fp8_e4m3_fp8_e4m3_fp32_4x16x8_1x4x4_neonfp8dot4/16/8/real_time",,,,,,,,false,"Unsupported hardware"
"dot/dot_fp8_e4m3_fp8_e4m3_fp32_4x16x8_1x4x4_neonfp8dot4/16/304/real_time",,,,,,,,false,"Unsupported hardware"
"dot/dot_fp8_e4m3_fp8_e4m3_fp32_4x16x8_1x4x4_neonfp8dot4/16/608/real_time",,,,,,,,false,"Unsupported hardware"
"dot/dot_fp8_e4m3_fp8_e4m3_fp32_4x16x8_1x4x4_neonfp8dot4/16/912/real_time",,,,,,,,false,"Unsupported hardware"
"dot/dot_fp8_e4m3_fp8_e4m3_fp32_4x16x8_1x4x4_neonfp8dot4/16/1216/real_time",,,,,,,,false,"Unsupported hardware"
"dot/dot_fp8_e4m3_fp8_e4m3_fp32_4x16x8_1x4x4_neonfp8dot4/32/8/real_time",,,,,,,,false,"Unsupported hardware"
"dot/dot_fp8_e4m3_fp8_e4m3_fp32_4x16x8_1x4x4_neonfp8dot4/32/160/real_time",,,,,,,,false,"Unsupported hardware"
"dot/dot_fp8_e4m3_fp8_e4m3_fp32_4x16x8_1x4x4_neonfp8dot4/32/328/real_time",,,,,,,,false,"Unsupported hardware"
"dot/dot_fp8_e4m3_fp8_e4m3_fp32_4x16x8_1x4x4_neonfp8dot4/32/496/real_time",,,,,,,,false,"Unsupported hardware"
"dot/dot_fp8_e4m3_fp8_e4m3_fp32_4x16x8_1x4x4_neonfp8dot4/32/664/real_time",,,,,,,,false,"Unsupported hardware"
"dot/dot_fp8_e4m3_fp8_e4m3_fp32_4x16x8_1x4x4_neonfp8dot4/64/8/real_time",,,,,,,,false,"Unsupported hardware"
"dot/dot_fp8_e4m3_fp8_e4m3_fp32_4x16x8_1x4x4_neonfp8dot4/64/80/real_time",,,,,,,,false,"Unsupported hardware"
"dot/dot_fp8_e4m3_fp8_e4m3_fp32_4x16x8_1x4x4_neonfp8dot4/64/168/real_time",,,,,,,,false,"Unsupported hardware"
"dot/dot_fp8_e4m3_fp8_e4m3_fp32_4x16x8_1x4x4_neonfp8dot4/64/256/real_time",,,,,,,,false,"Unsupported hardware"
"dot/dot_fp8_e4m3_fp8_e4m3_fp32_4x16x8_1x4x4_neonfp8dot4/64/344/real_time",,,,,,,,false,"Unsupported hardware"
"dot/dot_fp8_e4m3_fp8_e4m3_fp32_4x16x8_1x4x4_neonfp8dot4/128/8/real_time",,,,,,,,false,"Unsupported hardware"
"dot/dot_fp8_e4m3_fp8_e4m3_fp32_4x16x8_1x4x4_neonfp8dot4/128/40/real_time",,,,,,,,false,"Unsupported hardware"
"dot/dot_fp8_e4m3_fp8_e4m3_fp32_4x16x8_1x4x4_neonfp8dot4/128/80/real_time",,,,,,,,false,"Unsupported hardware"
"dot/dot_fp8_e4m3_fp8_e4m3_fp32_4x16x8_1x4x4_neonfp8dot4/128/120/real_time",,,,,,,,false,"Unsupported hardware"
"dot/dot_fp8_e4m3_fp8_e4m3_fp32_4x16x8_1x4x4_neonfp8dot4/128/168/real_time",,,,,,,,false,"Unsupported hardware"
"dot/dot_fp8_e4m3_fp8_e4m3_fp32_5x16x8_1x4x4_neonfp8dot4/16/8/real_time",,,,,,,,false,"Unsupported hardware"
"dot/dot_fp8_e4m3_fp8_e4m3_fp32_5x16x8_1x4x4_neonfp8dot4/16/288/real_time",,,,,,,,false,"Unsupported hardware"
"dot/dot_fp8_e4m3_fp8_e4m3_fp32_5x16x8_1x4x4_neonfp8dot4/16/576/real_time",,,,,,,,false,"Unsupported hardware"
"dot/dot_fp8_e4m3_fp8_e4m3_fp32_5x16x8_1x4x4_neonfp8dot4/16/864/real_time",,,,,,,,false,"Unsupported hardware"
"dot/dot_fp8_e4m3_fp8_e4m3_fp32_5x16x8_1x4x4_neonfp8dot4/16/1152/real_time",,,,,,,,false,"Unsupported hardware"
"dot/dot_fp8_e4m3_fp8_e4m3_fp32_5x16x8_1x4x4_neonfp8dot4/32/8/real_time",,,,,,,,false,"Unsupported hardware"
"dot/dot_fp8_e4m3_fp8_e4m3_fp32_5x16x8_1x4x4_neonfp8dot4/32/160/real_time",,,,,,,,false,"Unsupported hardware"
"dot/dot_fp8_e4m3_fp8_e4m3_fp32_5x16x8_1x4x4_neonfp8dot4/32/320/real_time",,,,,,,,false,"Unsupported hardware"
"dot/dot_fp8_e4m3_fp8_e4m3_fp32_5x16x8_1x4x4_neonfp8dot4/32/480/real_time",,,,,,,,false,"Unsupported hardware"
"dot/dot_fp8_e4m3_fp8_e4m3_fp32_5x16x8_1x4x4_neonfp8dot4/32/640/real_time",,,,,,,,false,"Unsupported hardware"
"dot/dot_fp8_e4m3_fp8_e4m3_fp32_5x16x8_1x4x4_neonfp8dot4/64/8/real_time",,,,,,,,false,"Unsupported hardware"
"dot/dot_fp8_e4m3_fp8_e4m3_fp32_5x16x8_1x4x4_neonfp8dot4/64/80/real_time",,,,,,,,false,"Unsupported hardware"
"dot/dot_fp8_e4m3_fp8_e4m3_fp32_5x16x8_1x4x4_neonfp8dot4/64/168/real_time",,,,,,,,false,"Unsupported hardware"
"dot/dot_fp8_e4m3_fp8_e4m3_fp32_5x16x8_1x4x4_neonfp8dot4/64/248/real_time",,,,,,,,false,"Unsupported hardware"
"dot/dot_fp8_e4m3_fp8_e4m3_fp32_5x16x8_1x4x4_neonfp8dot4/64/336/real_time",,,,,,,,false,"Unsupported hardware"
"dot/dot_fp8_e4m3_fp8_e4m3_fp32_5x16x8_1x4x4_neonfp8dot4/128/8/real_time",,,,,,,,false,"Unsupported hardware"
"dot/dot_fp8_e4m3_fp8_e4m3_fp32_5x16x8_1x4x4_neonfp8dot4/128/40/real_time",,,,,,,,false,"Unsupported hardware"
"dot/dot_fp8_e4m3_fp8_e4m3_fp32_5x16x8_1x4x4_neonfp8dot4/128/80/real_time",,,,,,,,false,"Unsupported hardware"
"dot/dot_fp8_e4m3_fp8_e4m3_fp32_5x16x8_1x4x4_neonfp8dot4/128/120/real_time",,,,,,,,false,"Unsupported hardware"
"dot/dot_fp8_e4m3_fp8_e4m3_fp32_5x16x8_1x4x4_neonfp8dot4/128/160/real_time",,,,,,,,false,"Unsupported hardware"
"dot/dot_fp8_e4m3_fp8_e4m3_fp32_1x8x8_1x4x4_neonfp8dot4/8/8/real_time",,,,,,,,false,"Unsupported hardware"
"dot/dot_fp8_e4m3_fp8_e4m3_fp32_1x8x8_1x4x4_neonfp8dot4/8/680/real_time",,,,,,,,false,"Unsupported hardware"
"dot/dot_fp8_e4m3_fp8_e4m3_fp32_1x8x8_1x4x4_neonfp8dot4/8/1360/real_time",,,,,,,,false,"Unsupported hardware"
"dot/dot_fp8_e4m3_fp8_e4m3_fp32_1x8x8_1x4x4_neonfp8dot4/8/2040/real_time",,,,,,,,false,"Unsupported hardware"
"dot/dot_fp8_e4m3_fp8_e4m3_fp32_1x8x8_1x4x4_neonfp8dot4/8/2720/real_time",,,,,,,,false,"Unsupported hardware"
"dot/dot_fp8_e4m3_fp8_e4m3_fp32_1x8x8_1x4x4_neonfp8dot4/16/8/real_time",,,,,,,,false,"Unsupported hardware"
"dot/dot_fp8_e4m3_fp8_e4m3_fp32_1x8x8_1x4x4_neonfp8dot4/16/360/real_time",,,,,,,,false,"Unsupported hardware"
"dot/dot_fp8_e4m3_fp8_e4m3_fp32_1x8x8_1x4x4_neonfp8dot4/16/720/real_time",,,,,,,,false,"Unsupported hardware"
"dot/dot_fp8_e4m3_fp8_e4m3_fp32_1x8x8_1x4x4_neonfp8dot4/16/1080/real_time",,,,,,,,false,"Unsupported hardware"
"dot/dot_fp8_e4m3_fp8_e4m3_fp32_1x8x8_1x4x4_neonfp8dot4/16/1440/real_time",,,,,,,,false,"Unsupported hardware"
"dot/dot_fp8_e4m3_fp8_e4m3_fp32_1x8x8_1x4x4_neonfp8dot4/32/8/real_time",,,,,,,,false,"Unsupported hardware"
"dot/dot_fp8_e4m3_fp8_e4m3_fp32_1x8x8_1x4x4_neonfp8dot4/32/184/real_time",,,,,,,,false,"Unsupported hardware"
"dot/dot_fp8_e4m3_fp8_e4m3_fp32_1x8x8_1x4x4_neonfp8dot4/32/368/real_time",,,,,,,,false,"Unsupported hardware"
"dot/dot_fp8_e4m3_fp8_e4m3_fp32_1x8x8_1x4x4_neonfp8dot4/32/552/real_time",,,,,,,,false,"Unsupported hardware"
"dot/dot_fp8_e4m3_fp8_e4m3_fp32_1x8x8_1x4x4_neonfp8dot4/32/736/real_time",,,,,,,,false,"Unsupported hardware"
"dot/dot_fp8_e4m3_fp8_e4m3_fp32_1x8x8_1x4x4_neonfp8dot4/64/8/real_time",,,,,,,,false,"Unsupported hardware"
"dot/dot_fp8_e4m3_fp8_e4m3_fp32_1x8x8_1x4x4_neonfp8dot4/64/88/real_time",,,,,,,,false,"Unsupported hardware"
"dot/dot_fp8_e4m3_fp8_e4m3_fp32_1x8x8_1x4x4_neonfp8dot4/64/184/real_time",,,,,,,,false,"Unsupported hardware"
"dot/dot_fp8_e4m3_fp8_e4m3_fp32_1x8x8_1x4x4_neonfp8dot4/64/272/real_time",,,,,,,,false,"Unsupported hardware"
"dot/dot_fp8_e4m3_fp8_e4m3_fp32_1x8x8_1x4x4_neonfp8dot4/64/368/real_time",,,,,,,,false,"Unsupported hardware"
"dot/dot_fp8_e4m3_fp8_e4m3_fp32_8x8x8_1x4x4_neonfp8dot4/8/8/real_time",,,,,,,,false,"Unsupported hardware"
"dot/dot_fp8_e4m3_fp8_e4m3_fp32_8x8x8_1x4x4_neonfp8dot4/8/376/real_time",,,,,,,,false,"Unsupported hardware"
"dot/dot_fp8_e4m3_fp8_e4m3_fp32_8x8x8_1x4x4_neonfp8dot4/8/760/real_time",,,,,,,,false,"Unsupported hardware"
"dot/dot_fp8_e4m3_fp8_e4m3_fp32_8x8x8_1x4x4_neonfp8dot4/8/1136/real_time",,,,,,,,false,"Unsupported hardware"
"dot/dot_fp8_e4m3_fp8_e4m3_fp32_8x8x8_1x4x4_neonfp8dot4/8/1520/real_time",,,,,,,,false,"Unsupported hardware"
"dot/dot_fp8_e4m3_fp8_e4m3_fp32_8x8x8_1x4x4_neonfp8dot4/16/8/real_time",,,,,,,,false,"Unsupported hardware"
"dot/dot_fp8_e4m3_fp8_e4m3_fp32_8x8x8_1x4x4_neonfp8dot4/16/248/real_time",,,,,,,,false,"Unsupported hardware"
"dot/dot_fp8_e4m3_fp8_e4m3_fp32_8x8x8_1x4x4_neonfp8dot4/16/496/real_time",,,,,,,,false,"Unsupported hardware"
"dot/dot_fp8_e4m3_fp8_e4m3_fp32_8x8x8_1x4x4_neonfp8dot4/16/744/real_time",,,,,,,,false,"Unsupported hardware"
"dot/dot_fp8_e4m3_fp8_e4m3_fp32_8x8x8_1x4x4_neonfp8dot4/16/1000/real_time",,,,,,,,false,"Unsupported hardware"
"dot/dot_fp8_e4m3_fp8_e4m3_fp32_8x8x8_1x4x4_neonfp8dot4/32/8/real_time",,,,,,,,false,"Unsupported hardware"
"dot/dot_fp8_e4m3_fp8_e4m3_fp32_8x8x8_1x4x4_neonfp8dot4/32/144/real_time",,,,,,,,false,"Unsupported hardware"
"dot/dot_fp8_e4m3_fp8_e4m3_fp32_8x8x8_1x4x4_neonfp8dot4/32/288/real_time",,,,,,,,false,"Unsupported hardware"
"dot/dot_fp8_e4m3_fp8_e4m3_fp32_8x8x8_1x4x4_neonfp8dot4/32/432/real_time",,,,,,,,false,"Unsupported hardware"
"dot/dot_fp8_e4m3_fp8_e4m3_fp32_8x8x8_1x4x4_neonfp8dot4/32/584/real_time",,,,,,,,false,"Unsupported hardware"
"dot/dot_fp8_e4m3_fp8_e4m3_fp32_8x8x8_1x4x4_neonfp8dot4/64/8/real_time",,,,,,,,false,"Unsupported hardware"
"dot/dot_fp8_e4m3_fp8_e4m3_fp32_8x8x8_1x4x4_neonfp8dot4/64/72/real_time",,,,,,,,false,"Unsupported hardware"
"dot/dot_fp8_e4m3_fp8_e4m3_fp32_8x8x8_1x4x4_neonfp8dot4/64/152/real_time",,,,,,,,false,"Unsupported hardware"
"dot/dot_fp8_e4m3_fp8_e4m3_fp32_8x8x8_1x4x4_neonfp8dot4/64/232/real_time",,,,,,,,false,"Unsupported hardware"
"dot/dot_fp8_e4m3_fp8_e4m3_fp32_8x8x8_1x4x4_neonfp8dot4/64/312/real_time",,,,,,,,false,"Unsupported hardware"
"dot/dot_fp8_e4m3_fp8_e4m3_fp32_10x8x8_1x4x4_neonfp8dot4/8/8/real_time",,,,,,,,false,"Unsupported hardware"
"dot/dot_fp8_e4m3_fp8_e4m3_fp32_10x8x8_1x4x4_neonfp8dot4/8/336/real_time",,,,,,,,false,"Unsupported hardware"
"dot/dot_fp8_e4m3_fp8_e4m3_fp32_10x8x8_1x4x4_neonfp8dot4/8/672/real_time",,,,,,,,false,"Unsupported hardware"
"dot/dot_fp8_e4m3_fp8_e4m3_fp32_10x8x8_1x4x4_neonfp8dot4/8/1008/real_time",,,,,,,,false,"Unsupported hardware"
"dot/dot_fp8_e4m3_fp8_e4m3_fp32_10x8x8_1x4x4_neonfp8dot4/8/1344/real_time",,,,,,,,false,"Unsupported hardware"
"dot/dot_fp8_e4m3_fp8_e4m3_fp32_10x8x8_1x4x4_neonfp8dot4/16/8/real_time",,,,,,,,false,"Unsupported hardware"
"dot/dot_fp8_e4m3_fp8_e4m3_fp32_10x8x8_1x4x4_neonfp8dot4/16/224/real_time",,,,,,,,false,"Unsupported hardware"
"dot/dot_fp8_e4m3_fp8_e4m3_fp32_10x8x8_1x4x4_neonfp8dot4/16/456/real_time",,,,,,,,false,"Unsupported hardware"
"dot/dot_fp8_e4m3_fp8_e4m3_fp32_10x8x8_1x4x4_neonfp8dot4/16/688/real_time",,,,,,,,false,"Unsupported hardware"
"dot/dot_fp8_e4m3_fp8_e4m3_fp32_10x8x8_1x4x4_neonfp8dot4/16/920/real_time",,,,,,,,false,"Unsupported hardware"
"dot/dot_fp8_e4m3_fp8_e4m3_fp32_10x8x8_1x4x4_neonfp8dot4/32/8/real_time",,,,,,,,false,"Unsupported hardware"
"dot/dot_fp8_e4m3_fp8_e4m3_fp32_10x8x8_1x4x4_neonfp8dot4/32/136/real_time",,,,,,,,false,"Unsupported hardware"
"dot/dot_fp8_e4m3_fp8_e4m3_fp32_10x8x8_1x4x4_neonfp8dot4/32/272/real_time",,,,,,,,false,"Unsupported hardware"
"dot/dot_fp8_e4m3_fp8_e4m3_fp32_10x8x8_1x4x4_neonfp8dot4/32/408/real_time",,,,,,,,false,"Unsupported hardware"
"dot/dot_fp8_e4m3_fp8_e4m3_fp32_10x8x8_1x4x4_neonfp8dot4/32/552/real_time",,,,,,,,false,"Unsupported hardware"
"dot/dot_fp8_e4m3_fp8_e4m3_fp32_10x8x8_1x4x4_neonfp8dot4/64/8/real_time",,,,,,,,false,"Unsupported hardware"
"dot/dot_fp8_e4m3_fp8_e4m3_fp32_10x8x8_1x4x4_neonfp8dot4/64/72/real_time",,,,,,,,false,"Unsupported hardware"
"dot/dot_fp8_e4m3_fp8_e4m3_fp32_10x8x8_1x4x4_neonfp8dot4/64/144/real_time",,,,,,,,false,"Unsupported hardware"
"dot/dot_fp8_e4m3_fp8_e4m3_fp32_10x8x8_1x4x4_neonfp8dot4/64/216/real_time",,,,,,,,false,"Unsupported hardware"
"dot/dot_fp8_e4m3_fp8_e4m3_fp32_10x8x8_1x4x4_neonfp8dot4/64/296/real_time",,,,,,,,false,"Unsupported hardware"
"dot/dot_fp8_e4m3_fp8_e4m3_fp32_8x4x8_1x4x4_neonfp8dot4/4/8/real_time",,,,,,,,false,"Unsupported hardware"
"dot/dot_fp8_e4m3_fp8_e4m3_fp32_8x4x8_1x4x4_neonfp8dot4/4/504/real_time",,,,,,,,false,"Unsupported hardware"
"dot/dot_fp8_e4m3_fp8_e4m3_fp32_8x4x8_1x4x4_neonfp8dot4/4/1016/real_time",,,,,,,,false,"Unsupported hardware"
"dot/dot_fp8_e4m3_fp8_e4m3_fp32_8x4x8_1x4x4_neonfp8dot4/4/1520/real_time",,,,,,,,false,"Unsupported hardware"
"dot/dot_fp8_e4m3_fp8_e4m3_fp32_8x4x8_1x4x4_neonfp8dot4/4/2032/real_time",,,,,,,,false,"Unsupported hardware"
"dot/dot_fp8_e4m3_fp8_e4m3_fp32_8x4x8_1x4x4_neonfp8dot4/8/8/real_time",,,,,,,,false,"Unsupported hardware"
"dot/dot_fp8_e4m3_fp8_e4m3_fp32_8x4x8_1x4x4_neonfp8dot4/8/376/real_time",,,,,,,,false,"Unsupported hardware"
"dot/dot_fp8_e4m3_fp8_e4m3_fp32_8x4x8_1x4x4_neonfp8dot4/8/760/real_time",,,,,,,,false,"Unsupported hardware"
"dot/dot_fp8_e4m3_fp8_e4m3_fp32_8x4x8_1x4x4_neonfp8dot4/8/1136/real_time",,,,,,,,false,"Unsupported hardware"
"dot/dot_fp8_e4m3_fp8_e4m3_fp32_8x4x8_1x4x4_neonfp8dot4/8/1520/real_time",,,,,,,,false,"Unsupported hardware"
"dot/dot_fp8_e4m3_fp8_e4m3_fp32_8x4x8_1x4x4_neonfp8dot4/16/8/real_time",,,,,,,,false,"Unsupported hardware"
"dot/dot_fp8_e4m3_fp8_e4m3_fp32_8x4x8_1x4x4_neonfp8dot4/16/248/real_time",,,,,,,,false,"Unsupported hardware"
"dot/dot_fp8_e4m3_fp8_e4m3_fp32_8x4x8_1x4x4_neonfp8dot4/16/496/real_time",,,,,,,,false,"Unsupported hardware"
"dot/dot_fp8_e4m3_fp8_e4m3_fp32_8x4x8_1x4x4_neonfp8dot4/16/744/real_time",,,,,,,,false,"Unsupported hardware"
"dot/dot_fp8_e4m3_fp8_e4m3_fp32_8x4x8_1x4x4_neonfp8dot4/16/1000/real_time",,,,,,,,false,"Unsupported hardware"
"dot/dot_fp8_e4m3_fp8_e4m3_fp32_8x4x8_1x4x4_neonfp8dot4/32/8/real_time",,,,,,,,false,"Unsupported hardware"
"dot/dot_fp8_e4m3_fp8_e4m3_fp32_8x4x8_1x4x4_neonfp8dot4/32/144/real_time",,,,,,,,false,"Unsupported hardware"
"dot/dot_fp8_e4m3_fp8_e4m3_fp32_8x4x8_1x4x4_neonfp8dot4/32/288/real_time",,,,,,,,false,"Unsupported hardware"
"dot/dot_fp8_e4m3_fp8_e4m3_fp32_8x4x8_1x4x4_neonfp8dot4/32/432/real_time",,,,,,,,false,"Unsupported hardware"
"dot/dot_fp8_e4m3_fp8_e4m3_fp32_8x4x8_1x4x4_neonfp8dot4/32/584/real_time",,,,,,,,false,"Unsupported hardware"
"dot/dot_int8_int2_int32_2x32x8_2x4x8_neoni8mm/32/8/real_time",4626291,30.5335,30.3881,ns,,,"2x32x8",,
"dot/dot_int8_int2_int32_2x32x8_2x4x8_neoni8mm/32/608/real_time",109460,1268.81,1262.82,ns,,,"2x32x608",,
"dot/dot_int8_int2_int32_2x32x8_2x4x8_neoni8mm/32/1216/real_time",55482,2522.28,2511,ns,,,"2x32x1216",,
"dot/dot_int8_int2_int32_2x32x8_2x4x8_neoni8mm/32/1824/real_time",36824,3780.1,3759.12,ns,,,"2x32x1824",,
"dot/dot_int8_int2_int32_2x32x8_2x4x8_neoni8mm/32/2432/real_time",27797,5033.7,5007.61,ns,,,"2x32x2432",,
"dot/dot_int8_int2_int32_2x32x8_2x4x8_neoni8mm/64/8/real_time",2691475,52.0338,51.796,ns,,,"2x64x8",,
"dot/dot_int8_int2_int32_2x32x8_2x4x8_neoni8mm/64/328/real_time",101555,1373.21,1365.84,ns,,,"2x64x328",,
"dot/dot_int8_int2_int32_2x32x8_2x4x8_neoni8mm/64/664/real_time",50721,2757.71,2745.39,ns,,,"2x64x664",,
"dot/dot_int8_int2_int32_2x32x8_2x4x8_neoni8mm/64/1000/real_time",33783,4144.81,4124.72,ns,,,"2x64x1000",,
"dot/dot_int8_int2_int32_2x32x8_2x4x8_neoni8mm/64/1336/real_time",25311,5531.1,5504.1,ns,,,"2x64x1336",,
"dot/dot_int8_int2_int32_2x32x8_2x4x8_neoni8mm/128/8/real_time",1463507,95.706,95.1891,ns,,,"2x128x8",,
"dot/dot_int8_int2_int32_2x32x8_2x4x8_neoni8mm/128/168/real_time",98748,1415.09,1408.21,ns,,,"2x128x168",,
"dot/dot_int8_int2_int32_2x32x8_2x4x8_neoni8mm/128/344/real_time",48766,2867.6,2853.98,ns,,,"2x128x344",,
"dot/dot_int8_int2_int32_2x32x8_2x4x8_neoni8mm/128/512/real_time",32888,4253.92,4232.84,ns,,,"2x128x512",,
"dot/dot_int8_int2_int32_2x32x8_2x4x8_neoni8mm/128/688/real_time",24554,5704.43,5677.95,ns,,,"2x128x688",,
"dot/dot_int8_int2_int32_2x32x8_2x4x8_neoni8mm/256/8/real_time",767686,181.89,180.998,ns,,,"2x256x8",,
"dot/dot_int8_int2_int32_2x32x8_2x4x8_neoni8mm/256/80/real_time",101991,1370.41,1363.69,ns,,,"2x256x80",,
"dot/dot_int8_int2_int32_2x32x8_2x4x8_neoni8mm/256/168/real_time",49607,2821.18,2807.83,ns,,,"2x256x168",,
"dot/dot_int8_int2_int32_2x32x8_2x4x8_neoni8mm/256/248/real_time",33787,4140.99,4121.97,ns,,,"2x256x248",,
"dot/dot_int8_int2_int32_2x32x8_2x4x8_neoni8mm/256/336/real_time",25009,5591.05,5564.88,ns,,,"2x256x336",,
"dot/dot_int8_int2_int32_4x16x8_2x4x8_neoni8mm/16/8/real_time",5822215,24.2431,24.1197,ns,,,"4x16x8",,
"dot/dot_int8_int2_int32_4x16x8_2x4x8_neoni8mm/16/760/real_time",167837,834.873,830.773,ns,,,"4x16x760",,
"dot/dot_int8_int2_int32_4x16x8_2x4x8_neoni8mm/16/1520/real_time",84441,1650.85,1643.41,ns,,,"4x16x1520",,
"dot/dot_int8_int2_int32_4x16x8_2x4x8_neoni8mm/16/2280/real_time",56609,2469.75,2458.27,ns,,,"4x16x2280",,
"dot/dot_int8_int2_int32_4x16x8_2x4x8_neoni8mm/16/3040/real_time",42557,3291.47,3274.94,ns,,,"4x16x3040",,
"dot/dot_int8_int2_int32_4x16x8_2x4x8_neoni8mm/32/8/real_time",3580238,39.0567,38.8486,ns,,,"4x32x8",,
"dot/dot_int8_int2_int32_4x16x8_2x4x8_neoni8mm/32/496/real_time",128497,1090.57,1085.24,ns,,,"4x32x496",,
"dot/dot_int8_int2_int32_4x16x8_2x4x8_neoni8mm/32/1000/real_time",64317,2174.96,2164.23,ns,,,"4x32x1000",,
"dot/dot_int8_int2_int32_4x16x8_2x4x8_neoni8mm/32/1496/real_time",43193,3241.14,3226.39,ns,,,"4x32x1496",,
"dot/dot_int8_int2_int32_4x16x8_2x4x8_neoni8mm/32/2000/real_time",32326,4326.62,4306.79,ns,,,"4x32x2000",,
"dot/dot_int8_int2_int32_4x16x8_2x4x8_neoni8mm/64/8/real_time",2023680,69.1689,68.868,ns,,,"4x64x8",,
"dot/dot_int8_int2_int32_4x16x8_2x4x8_neoni8mm/64/288/real_time",109349,1276.34,1270.37,ns,,,"4x64x288",,
"dot/dot_int8_int2_int32_4x16x8_2x4x8_neoni8mm/64/584/real_time",54927,2549.52,2537.4,ns,,,"4x64x584",,
"dot/dot_int8_int2_int32_4x16x8_2x4x8_neoni8mm/64/880/real_time",36575,3825.58,3806.67,ns,,,"4x64x880",,
"dot/dot_int8_int2_int32_4x16x8_2x4x8_neoni8mm/64/1176/real_time",27472,5097.21,5074.49,ns,,,"4x64x1176",,
"dot/dot_int8_int2_int32_4x16x8_2x4x8_neoni8mm/128/8/real_time",1089773,127.657,127.048,ns,,,"4x128x8",,
"dot/dot_int8_int2_int32_4x16x8_2x4x8_neoni8mm/128/152/real_time",101944,1370.29,1363.79,ns,,,"4x128x152",,
"dot/dot_int8_int2_int32_4x16x8_2x4x8_neoni8mm/128/312/real_time",50956,2748.25,2735,ns,,,"4x128x312",,
"dot/dot_int8_int2_int32_4x16x8_2x4x8_neoni8mm/128/464/real_time",34464,4056.95,4039.38,ns,,,"4x128x464",,
"dot/dot_int8_int2_int32_4x16x8_2x4x8_neoni8mm/128/624/real_time",25765,5433.37,5408.79,ns,,,"4x128x624",,
"dot/dot_int8_int2_int32_4x8x8_2x4x8_neoni8mm/8/8/real_time",9380038,14.908,14.8343,ns,,,"4x8x8",,
"dot/dot_int8_int2_int32_4x8x8_2x4x8_neoni8mm/8/1016/real_time",250898,558.041,555.297,ns,,,"4x8x1016",,
"dot/dot_int8_int2_int32_4x8x8_2x4x8_neoni8mm/8/2032/real_time",121585,1149.08,1143.83,ns,,,"4x8x2032",,
"dot/dot_int8_int2_int32_4x8x8_2x4x8_neoni8mm/8/3048/real_time",84577,1653.88,1646.06,ns,,,"4x8x3048",,
"dot/dot_int8_int2_int32_4x8x8_2x4x8_neoni8mm/8/4072/real_time",61398,2295.85,2285.09,ns,,,"4x8x4072",,
"dot/dot_int8_int2_int32_4x8x8_2x4x8_neoni8mm/16/8/real_time",6102268,22.9722,22.8679,ns,,,"4x16x8",,
"dot/dot_int8_int2_int32_4x8x8_2x4x8_neoni8mm/16/760/real_time",161970,863.524,859.217,ns,,,"4x16x760",,
"dot/dot_int8_int2_int32_4x8x8_2x4x8_neoni8mm/16/1520/real_time",81482,1715.48,1707.28,ns,,,"4x16x1520",,
"dot/dot_int8_int2_int32_4x8x8_2x4x8_neoni8mm/16/2280/real_time",54394,2565.26,2552.72,ns,,,"4x16x2280",,
"dot/dot_int8_int2_int32_4x8x8_2x4x8_neoni8mm/16/3040/real_time",41697,3353.31,3337.58,ns,,,"4x16x3040",,
"dot/dot_int8_int2_int32_4x8x8_2x4x8_neoni8mm/32/8/real_time",3703015,37.6366,37.4778,ns,,,"4x32x8",,
"dot/dot_int8_int2_int32_4x8x8_2x4x8_neoni8mm/32/496/real_time",123676,1127.16,1121.96,ns,,,"4x32x496",,
"dot/dot_int8_int2_int32_4x8x8_2x4x8_neoni8mm/32/1000/real_time",62003,2258.06,2247.55,ns,,,"4x32x1000",,
"dot/dot_int8_int2_int32_4x8x8_2x4x8_neoni8mm/32/1496/real_time",41536,3327.67,3312.38,ns,,,"4x32x1496",,
"dot/dot_int8_int2_int32_4x8x8_2x4x8_neoni8mm/32/2000/real_time",31104,4505.08,4483.71,ns,,,"4x32x2000",,
"dot/dot_int8_int2_int32_4x8x8_2x4x8_neoni8mm/64/8/real_time",2063000,67.887,67.5117,ns,,,"4x64x8",,
"dot/dot_int8_int2_int32_4x8x8_2x4x8_neoni8mm/64/288/real_time",106043,1312.11,1305.95,ns,,,"4x64x288",,
"dot/dot_int8_int2_int32_4x8x8_2x4x8_neoni8mm/64/584/real_time",52848,2612.05,2600.12,ns,,,"4x64x584",,
"dot/dot_int8_int2_int32_4x8x8_2x4x8_neoni8mm/64/880/real_time",35196,3972.51,3953.12,ns,,,"4x64x880",,
"dot/dot_int8_int2_int32_4x8x8_2x4x8_neoni8mm/64/1176/real_time",26416,5302.45,5276.66,ns,,,"4x64x1176",,
"dot/dot_int8_int2_int32_6x8x8_2x4x8_neoni8mm/8/8/real_time",7349704,19.0288,18.9439,ns,,,"6x8x8",,
"dot/dot_int8_int2_int32_6x8x8_2x4x8_neoni8mm/8/760/real_time",285268,490.627,488.406,ns,,,"6x8x760",,
"dot/dot_int8_int2_int32_6x8x8_2x4x8_neoni8mm/8/1520/real_time",144535,968.927,964.181,ns,,,"6x8x1520",,
"dot/dot_int8_int2_int32_6x8x8_2x4x8_neoni8mm/8/2280/real_time",96396,1446.05,1439.39,ns,,,"6x8x2280",,
"dot/dot_int8_int2_int32_6x8x8_2x4x8_neoni8mm/8/3048/real_time",72210,1935.42,1926.71,ns,,,"6x8x3048",,
"dot/dot_int8_int2_int32_6x8x8_2x4x8_neoni8mm/16/8/real_time",4809120,29.0883,28.9599,ns,,,"6x16x8",,
"dot/dot_int8_int2_int32_6x8x8_2x4x8_neoni8mm/16/600/real_time",181443,771.768,768.002,ns,,,"6x16x600",,
"dot/dot_int8_int2_int32_6x8x8_2x4x8_neoni8mm/16/1208/real_time",90924,1535.5,1528.62,ns,,,"6x16x1208",,
"dot/dot_int8_int2_int32_6x8x8_2x4x8_neoni8mm/16/1808/real_time",61054,2289.94,2278.73,ns,,,"6x16x1808",,
"dot/dot_int8_int2_int32_6x8x8_2x4x8_neoni8mm/16/2416/real_time",45839,3052.32,3037.81,ns,,,"6x16x2416",,
"dot/dot_int8_int2_int32_6x8x8_2x4x8_neoni8mm/32/8/real_time",2890167,48.2341,48.0058,ns,,,"6x32x8",,
"dot/dot_int8_int2_int32_6x8x8_2x4x8_neoni8mm/32/424/real_time",128019,1092.52,1087.14,ns,,,"6x32x424",,
"dot/dot_int8_int2_int32_6x8x8_2x4x8_neoni8mm/32/848/real_time",64768,2159.05,2148.99,ns,,,"6x32x848",,
"dot/dot_int8_int2_int32_6x8x8_2x4x8_neoni8mm/32/1272/real_time",43379,3225.17,3211.28,ns,,,"6x32x1272",,
"dot/dot_int8_int2_int32_6x8x8_2x4x8_neoni8mm/32/1696/real_time",32623,4291.22,4272.27,ns,,,"6x32x1696",,
"dot/dot_int8_int2_int32_6x8x8_2x4x8_neoni8mm/64/8/real_time",1601084,87.2094,86.7981,ns,,,"6x64x8",,
"dot/dot_int8_int2_int32_6x8x8_2x4x8_neoni8mm/64/256/real_time",105033,1332.28,1326.35,ns,,,"6x64x256",,
"dot/dot_int8_int2_int32_6x8x8_2x4x8_neoni8mm/64/520/real_time",52592,2660.59,2648.78,ns,,,"6x64x520",,
"dot/dot_int8_int2_int32_6x8x8_2x4x8_neoni8mm/64/776/real_time",35426,3951.27,3933.03,ns,,,"6x64x776",,
"dot/dot_int8_int2_int32_6x8x8_2x4x8_neoni8mm/64/1040/real_time",26497,5280.17,5252.69,ns,,,"6x64x1040",,
"dot/dot_int8_int2_int32_8x8x8_2x4x8_neoni8mm/8/8/real_time",5797864,24.1621,24.0394,ns,,,"8x8x8",,
"dot/dot_int8_int2_int32_8x8x8_2x4x8_neoni8mm/8/608/real_time",308147,454.632,452.069,ns,,,"8x8x608",,
"dot/dot_int8_int2_int32_8x8x8_2x4x8_neoni8mm/8/1216/real_time",157179,890.054,885.97,ns,,,"8x8x1216",,
"dot/dot_int8_int2_int32_8x8x8_2x4x8_neoni8mm/8/1824/real_time",105377,1326.64,1320.24,ns,,,"8x8x1824",,
"dot/dot_int8_int2_int32_8x8x8_2x4x8_neoni8mm/8/2432/real_time",78924,1764.41,1755.98,ns,,,"8x8x2432",,
"dot/dot_int8_int2_int32_8x8x8_2x4x8_neoni8mm/16/8/real_time",3934898,35.544,35.3884,ns,,,"8x16x8",,
"dot/dot_int8_int2_int32_8x8x8_2x4x8_neoni8mm/16/496/real_time",190301,735.474,731.67,ns,,,"8x16x496",,
"dot/dot_int8_int2_int32_8x8x8_2x4x8_neoni8mm/16/1000/real_time",95706,1458.39,1451.59,ns,,,"8x16x1000",,
"dot/dot_int8_int2_int32_8x8x8_2x4x8_neoni8mm/16/1496/real_time",64368,2170.51,2159.82,ns,,,"8x16x1496",,
"dot/dot_int8_int2_int32_8x8x8_2x4x8_neoni8mm/16/2000/real_time",48312,2894.51,2880.22,ns,,,"8x16x2000",,
"dot/dot_int8_int2_int32_8x8x8_2x4x8_neoni8mm/32/8/real_time",2361738,58.9464,58.6659,ns,,,"8x32x8",,
"dot/dot_int8_int2_int32_8x8x8_2x4x8_neoni8mm/32/368/real_time",127728,1091.46,1086.47,ns,,,"8x32x368",,
"dot/dot_int8_int2_int32_8x8x8_2x4x8_neoni8mm/32/736/real_time",65029,2148.94,2138.28,ns,,,"8x32x736",,
"dot/dot_int8_int2_int32_8x8x8_2x4x8_neoni8mm/32/1104/real_time",43682,3205.39,3189.65,ns,,,"8x32x1104",,
"dot/dot_int8_int2_int32_8x8x8_2x4x8_neoni8mm/32/1472/real_time",32787,4264.06,4244.2,ns,,,"8x32x1472",,
"dot/dot_int8_int2_int32_8x8x8_2x4x8_neoni8mm/64/8/real_time",1310146,106.848,106.296,ns,,,"8x64x8",,
"dot/dot_int8_int2_int32_8x8x8_2x4x8_neoni8mm/64/232/real_time",100191,1392.88,1386.51,ns,,,"8x64x232",,
"dot/dot_int8_int2_int32_8x8x8_2x4x8_neoni8mm/64/464/real_time",51368,2721.83,2709.69,ns,,,"8x64x464",,
"dot/dot_int8_int2_int32_8x8x8_2x4x8_neoni8mm/64/696/real_time",34485,4059.67,4038.43,ns,,,"8x64x696",,
"dot/dot_int8_int2_int32_8x8x8_2x4x8_neoni8mm/64/936/real_time",25738,5436.96,5408.8,ns,,,"8x64x936",,
"dot/dot_int8_int2_int32_10x8x8_2x4x8_neoni8mm/8/8/real_time",4881725,28.6402,28.4984,ns,,,"10x8x8",,
"dot/dot_int8_int2_int32_10x8x8_2x4x8_neoni8mm/8/504/real_time",323164,433.104,431.052,ns,,,"10x8x504",,
"dot/dot_int8_int2_int32_10x8x8_2x4x8_neoni8mm/8/1008/real_time",165771,844.154,840.248,ns,,,"10x8x1008",,
"dot/dot_int8_int2_int32_10x8x8_2x4x8_neoni8mm/8/1512/real_time",111226,1255.84,1249.82,ns,,,"10x8x1512",,
"dot/dot_int8_int2_int32_10x8x8_2x4x8_neoni8mm/8/2016/real_time",83745,1668.69,1659.95,ns,,,"10x8x2016",,
"dot/dot_int8_int2_int32_10x8x8_2x4x8_neoni8mm/16/8/real_time",3316050,42.1645,41.9622,ns,,,"10x16x8",,
"dot/dot_int8_int2_int32_10x8x8_2x4x8_neoni8mm/16/424/real_time",193868,722.452,718.966,ns,,,"10x16x424",,
"dot/dot_int8_int2_int32_10x8x8_2x4x8_neoni8mm/16/848/real_time",98868,1415.29,1408.24,ns,,,"10x16x848",,
"dot/dot_int8_int2_int32_10x8x8_2x4x8_neoni8mm/16/1272/real_time",66337,2108.17,2096.96,ns,,,"10x16x1272",,
"dot/dot_int8_int2_int32_10x8x8_2x4x8_neoni8mm/16/1704/real_time",49613,2820.04,2805.8,ns,,,"10x16x1704",,
"dot/dot_int8_int2_int32_10x8x8_2x4x8_neoni8mm/32/8/real_time",1997113,70.6812,70.3383,ns,,,"10x32x8",,
"dot/dot_int8_int2_int32_10x8x8_2x4x8_neoni8mm/32/320/real_time",128144,1095.31,1089.56,ns,,,"10x32x320",,
"dot/dot_int8_int2_int32_10x8x8_2x4x8_neoni8mm/32/640/real_time",65289,2142.32,2132.26,ns,,,"10x32x640",,
"dot/dot_int8_int2_int32_10x8x8_2x4x8_neoni8mm/32/960/real_time",43780,3193.49,3179.23,ns,,,"10x32x960",,
"dot/dot_int8_int2_int32_10x8x8_2x4x8_neoni8mm/32/1288/real_time",32823,4270.96,4249.46,ns,,,"10x32x1288",,
"dot/dot_int8_int2_int32_10x8x8_2x4x8_neoni8mm/64/8/real_time",1089088,128.013,127.398,ns,,,"10x64x8",,
"dot/dot_int8_int2_int32_10x8x8_2x4x8_neoni8mm/64/208/real_time",97132,1437.54,1430.22,ns,,,"10x64x208",,
"dot/dot_int8_int2_int32_10x8x8_2x4x8_neoni8mm/64/416/real_time",49859,2805.94,2791.97,ns,,,"10x64x416",,
"dot/dot_int8_int2_int32_10x8x8_2x4x8_neoni8mm/64/624/real_time",33477,4169.55,4150.26,ns,,,"10x64x624",,
"dot/dot_int8_int2_int32_10x8x8_2x4x8_neoni8mm/64/840/real_time",25024,5589.24,5561.11,ns,,,"10x64x840",,
"dot/dot_int8_int2_int32_16x4x8_2x4x8_neoni8mm/4/8/real_time",5059612,27.1698,27.04,ns,,,"16x4x8",,
"dot/dot_int8_int2_int32_16x4x8_2x4x8_neoni8mm/4/352/real_time",661081,211.754,210.694,ns,,,"16x4x352",,
"dot/dot_int8_int2_int32_16x4x8_2x4x8_neoni8mm/4/712/real_time",345560,405.19,403.252,ns,,,"16x4x712",,
"dot/dot_int8_int2_int32_16x4x8_2x4x8_neoni8mm/4/1064/real_time",235038,594.576,591.707,ns,,,"16x4x1064",,
"dot/dot_int8_int2_int32_16x4x8_2x4x8_neoni8mm/4/1424/real_time",177330,789.554,786.044,ns,,,"16x4x1424",,
"dot/dot_int8_int2_int32_16x4x8_2x4x8_neoni8mm/8/8/real_time",3707014,37.7355,37.553,ns,,,"16x8x8",,
"dot/dot_int8_int2_int32_16x4x8_2x4x8_neoni8mm/8/328/real_time",366555,381.708,379.915,ns,,,"16x8x328",,
"dot/dot_int8_int2_int32_16x4x8_2x4x8_neoni8mm/8/664/real_time",188399,742.713,739.425,ns,,,"16x8x664",,
"dot/dot_int8_int2_int32_16x4x8_2x4x8_neoni8mm/8/1000/real_time",125893,1103.68,1098.77,ns,,,"16x8x1000",,
"dot/dot_int8_int2_int32_16x4x8_2x4x8_neoni8mm/8/1336/real_time",95067,1466.49,1459.98,ns,,,"16x8x1336",,
"dot/dot_int8_int2_int32_16x4x8_2x4x8_neoni8mm/16/8/real_time",2359319,59.1355,58.8757,ns,,,"16x16x8",,
"dot/dot_int8_int2_int32_16x4x8_2x4x8_neoni8mm/16/288/real_time",211594,661.482,658.421,ns,,,"16x16x288",,
"dot/dot_int8_int2_int32_16x4x8_2x4x8_neoni8mm/16/584/real_time",107297,1297.8,1291.77,ns,,,"16x16x584",,
"dot/dot_int8_int2_int32_16x4x8_2x4x8_neoni8mm/16/880/real_time",72279,1933.92,1924.86,ns,,,"16x16x880",,
"dot/dot_int8_int2_int32_16x4x8_2x4x8_neoni8mm/16/1176/real_time",54383,2573.6,2561.79,ns,,,"16x16x1176",,
"dot/dot_int8_int2_int32_16x4x8_2x4x8_neoni8mm/32/8/real_time",1357260,102.892,102.416,ns,,,"16x32x8",,
"dot/dot_int8_int2_int32_16x4x8_2x4x8_neoni8mm/32/232/real_time",130690,1065.74,1061.11,ns,,,"16x32x232",,
"dot/dot_int8_int2_int32_16x4x8_2x4x8_neoni8mm/32/464/real_time",67654,2063.85,2053.52,ns,,,"16x32x464",,
"dot/dot_int8_int2_int32_16x4x8_2x4x8_neoni8mm/32/696/real_time",45722,3061.05,3048.05,ns,,,"16x32x696",,
"dot/dot_int8_int2_int32_16x4x8_2x4x8_neoni8mm/32/936/real_time",34160,4095.33,4076.12,ns,,,"16x32x936",,
"dot/dot_int8_int4_int32_2x32x8_2x4x8_neoni8mm/32/8/real_time",5004319,27.6042,27.4668,ns,,,"2x32x8",,
"dot/dot_int8_int4_int32_2x32x8_2x4x8_neoni8mm/32/336/real_time",265577,527.379,524.96,ns,,,"2x32x336",,
"dot/dot_int8_int4_int32_2x32x8_2x4x8_neoni8mm/32/672/real_time",134299,1039.4,1034.71,ns,,,"2x32x672",,
"dot/dot_int8_int4_int32_2x32x8_2x4x8_neoni8mm/32/1008/real_time",89902,1551.54,1544.2,ns,,,"2x32x1008",,
"dot/dot_int8_int4_int32_2x32x8_2x4x8_neoni8mm/32/1344/real_time",67656,2064.09,2054.74,ns,,,"2x32x1344",,
"dot/dot_int8_int4_int32_2x32x8_2x4x8_neoni8mm/64/8/real_time",3078851,45.383,45.1769,ns,,,"2x64x8",,
"dot/dot_int8_int4_int32_2x32x8_2x4x8_neoni8mm/64/176/real_time",250601,558.456,555.928,ns,,,"2x64x176",,
"dot/dot_int8_int4_int32_2x32x8_2x4x8_neoni8mm/64/352/real_time",127478,1094.98,1089.96,ns,,,"2x64x352",,
"dot/dot_int8_int4_int32_2x32x8_2x4x8_neoni8mm/64/528/real_time",85625,1632.05,1624.22,ns,,,"2x64x528",,
"dot/dot_int8_int4_int32_2x32x8_2x4x8_neoni8mm/64/704/real_time",64469,2168.95,2158.2,ns,,,"2x64x704",,
"dot/dot_int8_int4_int32_2x32x8_2x4x8_neoni8mm/128/8/real_time",1724588,81.1408,80.7537,ns,,,"2x128x8",,
"dot/dot_int8_int4_int32_2x32x8_2x4x8_neoni8mm/128/88/real_time",246163,568.83,566.149,ns,,,"2x128x88",,
"dot/dot_int8_int4_int32_2x32x8_2x4x8_neoni8mm/128/176/real_time",126017,1107.59,1101.92,ns,,,"2x128x176",,
"dot/dot_int8_int4_int32_2x32x8_2x4x8_neoni8mm/128/264/real_time",85007,1643.52,1634.39,ns,,,"2x128x264",,
"dot/dot_int8_int4_int32_2x32x8_2x4x8_neoni8mm/128/352/real_time",64037,2181.18,2170.22,ns,,,"2x128x352",,
"dot/dot_int8_int4_int32_2x32x8_2x4x8_neoni8mm/256/8/real_time",905175,154.225,153.537,ns,,,"2x256x8",,
"dot/dot_int8_int4_int32_2x32x8_2x4x8_neoni8mm/256/40/real_time",256999,544.46,541.94,ns,,,"2x256x40",,
"dot/dot_int8_int4_int32_2x32x8_2x4x8_neoni8mm/256/80/real_time",134736,1033.63,1029.13,ns,,,"2x256x80",,
"dot/dot_int8_int4_int32_2x32x8_2x4x8_neoni8mm/256/120/real_time",91763,1521.25,1513.2,ns,,,"2x256x120",,
"dot/dot_int8_int4_int32_2x32x8_2x4x8_neoni8mm/256/168/real_time",66459,2105.83,2095.52,ns,,,"2x256x168",,
"dot/dot_int8_int4_int32_4x16x8_2x4x8_neoni8mm/16/8/real_time",5913658,23.6705,23.5608,ns,,,"4x16x8",,
"dot/dot_int8_int4_int32_4x16x8_2x4x8_neoni8mm/16/504/real_time",264270,529.531,527.115,ns,,,"4x16x504",,
"dot/dot_int8_int4_int32_4x16x8_2x4x8_neoni8mm/16/1008/real_time",134230,1043.51,1038.62,ns,,,"4x16x1008",,
"dot/dot_int8_int4_int32_4x16x8_2x4x8_neoni8mm/16/1512/real_time",89665,1558.44,1550.5,ns,,,"4x16x1512",,
"dot/dot_int8_int4_int32_4x16x8_2x4x8_neoni8mm/16/2024/real_time",67286,2080.14,2070.1,ns,,,"4x16x2024",,
"dot/dot_int8_int4_int32_4x16x8_2x4x8_neoni8mm/32/8/real_time",3679117,37.9261,37.7245,ns,,,"4x32x8",,
"dot/dot_int8_int4_int32_4x16x8_2x4x8_neoni8mm/32/296/real_time",224852,619.943,617.122,ns,,,"4x32x296",,
"dot/dot_int8_int4_int32_4x16x8_2x4x8_neoni8mm/32/600/real_time",113635,1232.63,1226.86,ns,,,"4x32x600",,
"dot/dot_int8_int4_int32_4x16x8_2x4x8_neoni8mm/32/896/real_time",76468,1826.04,1817.4,ns,,,"4x32x896",,
"dot/dot_int8_int4_int32_4x16x8_2x4x8_neoni8mm/32/1200/real_time",57160,2449.76,2437.34,ns,,,"4x32x1200",,
"dot/dot_int8_int4_int32_4x16x8_2x4x8_neoni8mm/64/8/real_time",2072210,67.4607,67.1329,ns,,,"4x64x8",,
"dot/dot_int8_int4_int32_4x16x8_2x4x8_neoni8mm/64/160/real_time",205407,681.118,678.032,ns,,,"4x64x160",,
"dot/dot_int8_int4_int32_4x16x8_2x4x8_neoni8mm/64/320/real_time",104735,1332.54,1326.18,ns,,,"4x64x320",,
"dot/dot_int8_int4_int32_4x16x8_2x4x8_neoni8mm/64/480/real_time",71052,1987.09,1978.28,ns,,,"4x64x480",,
"dot/dot_int8_int4_int32_4x16x8_2x4x8_neoni8mm/64/648/real_time",52481,2656.14,2643.37,ns,,,"4x64x648",,
"dot/dot_int8_int4_int32_4x16x8_2x4x8_neoni8mm/128/8/real_time",1110482,125.581,125.024,ns,,,"4x128x8",,
"dot/dot_int8_int4_int32_4x16x8_2x4x8_neoni8mm/128/80/real_time",197339,710.25,706.63,ns,,,"4x128x80",,
"dot/dot_int8_int4_int32_4x16x8_2x4x8_neoni8mm/128/160/real_time",102493,1360.72,1354.5,ns,,,"4x128x160",,
"dot/dot_int8_int4_int32_4x16x8_2x4x8_neoni8mm/128/240/real_time",69350,2012.61,2003.85,ns,,,"4x128x240",,
"dot/dot_int8_int4_int32_4x16x8_2x4x8_neoni8mm/128/328/real_time",51378,2729.54,2716.26,ns,,,"4x128x328",,
"dot/dot_int8_int4_int32_6x16x8_2x4x8_neoni8mm/16/8/real_time",4307920,32.7345,32.5816,ns,,,"6x16x8",,
"dot/dot_int8_int4_int32_6x16x8_2x4x8_neoni8mm/16/432/real_time",181055,772.724,769.136,ns,,,"6x16x432",,
"dot/dot_int8_int4_int32_6x16x8_2x4x8_neoni8mm/16/864/real_time",91394,1527.99,1521.17,ns,,,"6x16x864",,
"dot/dot_int8_int4_int32_6x16x8_2x4x8_neoni8mm/16/1296/real_time",61223,2283.32,2273.09,ns,,,"6x16x1296",,
"dot/dot_int8_int4_int32_6x16x8_2x4x8_neoni8mm/16/1728/real_time",46025,3042.8,3025.86,ns,,,"6x16x1728",,
"dot/dot_int8_int4_int32_6x16x8_2x4x8_neoni8mm/32/8/real_time",2527468,55.3693,55.1322,ns,,,"6x32x8",,
"dot/dot_int8_int4_int32_6x16x8_2x4x8_neoni8mm/32/264/real_time",147368,949.303,945.374,ns,,,"6x32x264",,
"dot/dot_int8_int4_int32_6x16x8_2x4x8_neoni8mm/32/536/real_time",73367,1900.95,1892.73,ns,,,"6x32x536",,
"dot/dot_int8_int4_int32_6x16x8_2x4x8_neoni8mm/32/808/real_time",48913,2852.35,2838.5,ns,,,"6x32x808",,
"dot/dot_int8_int4_int32_6x16x8_2x4x8_neoni8mm/32/1080/real_time",36770,3803,3786.08,ns,,,"6x32x1080",,
"dot/dot_int8_int4_int32_6x16x8_2x4x8_neoni8mm/64/8/real_time",1374107,101.525,100.992,ns,,,"6x64x8",,
"dot/dot_int8_int4_int32_6x16x8_2x4x8_neoni8mm/64/144/real_time",133399,1050.58,1045.33,ns,,,"6x64x144",,
"dot/dot_int8_int4_int32_6x16x8_2x4x8_neoni8mm/64/296/real_time",66207,2114.78,2104.34,ns,,,"6x64x296",,
"dot/dot_int8_int4_int32_6x16x8_2x4x8_neoni8mm/64/448/real_time",44062,3178.07,3161.81,ns,,,"6x64x448",,
"dot/dot_int8_int4_int32_6x16x8_2x4x8_neoni8mm/64/600/real_time",32991,4242.92,4220.27,ns,,,"6x64x600",,
"dot/dot_int8_int4_int32_6x16x8_2x4x8_neoni8mm/128/8/real_time",721667,194.023,193.105,ns,,,"6x128x8",,
"dot/dot_int8_int4_int32_6x16x8_2x4x8_neoni8mm/128/72/real_time",129028,1085.96,1080.98,ns,,,"6x128x72",,
"dot/dot_int8_int4_int32_6x16x8_2x4x8_neoni8mm/128/152/real_time",63400,2204.12,2193.96,ns,,,"6x128x152",,
"dot/dot_int8_int4_int32_6x16x8_2x4x8_neoni8mm/128/224/real_time",43574,3210.59,3196.38,ns,,,"6x128x224",,
"dot/dot_int8_int4_int32_6x16x8_2x4x8_neoni8mm/128/304/real_time",32311,4332.24,4310.61,ns,,,"6x128x304",,
"dot/dot_int8_int4_int32_6x8x8_2x4x8_neoni8mm/8/8/real_time",7549417,18.3922,18.3072,ns,,,"6x8x8",,
"dot/dot_int8_int4_int32_6x8x8_2x4x8_neoni8mm/8/608/real_time",390549,358.494,356.668,ns,,,"6x8x608",,
"dot/dot_int8_int4_int32_6x8x8_2x4x8_neoni8mm/8/1216/real_time",199466,705.168,701.503,ns,,,"6x8x1216",,
"dot/dot_int8_int4_int32_6x8x8_2x4x8_neoni8mm/8/1824/real_time",133389,1049.13,1044.25,ns,,,"6x8x1824",,
"dot/dot_int8_int4_int32_6x8x8_2x4x8_neoni8mm/8/2432/real_time",100102,1396.4,1389.84,ns,,,"6x8x2432",,
"dot/dot_int8_int4_int32_6x8x8_2x4x8_neoni8mm/16/8/real_time",4831778,28.8869,28.7592,ns,,,"6x16x8",,
"dot/dot_int8_int4_int32_6x8x8_2x4x8_neoni8mm/16/432/real_time",275116,508.292,505.81,ns,,,"6x16x432",,
"dot/dot_int8_int4_int32_6x8x8_2x4x8_neoni8mm/16/864/real_time",139704,998.796,994.246,ns,,,"6x16x864",,
"dot/dot_int8_int4_int32_6x8x8_2x4x8_neoni8mm/16/1296/real_time",93856,1487.25,1480.81,ns,,,"6x16x1296",,
"dot/dot_int8_int4_int32_6x8x8_2x4x8_neoni8mm/16/1728/real_time",70549,1982.63,1973.47,ns,,,"6x16x1728",,
"dot/dot_int8_int4_int32_6x8x8_2x4x8_neoni8mm/32/8/real_time",2957388,47.2904,47.0798,ns,,,"6x32x8",,
"dot/dot_int8_int4_int32_6x8x8_2x4x8_neoni8mm/32/264/real_time",222859,628.059,624.917,ns,,,"6x32x264",,
"dot/dot_int8_int4_int32_6x8x8_2x4x8_neoni8mm/32/536/real_time",112727,1239.94,1234.18,ns,,,"6x32x536",,
"dot/dot_int8_int4_int32_6x8x8_2x4x8_neoni8mm/32/808/real_time",75168,1854.07,1845.53,ns,,,"6x32x808",,
"dot/dot_int8_int4_int32_6x8x8_2x4x8_neoni8mm/32/1080/real_time",56252,2478.57,2467.11,ns,,,"6x32x1080",,
"dot/dot_int8_int4_int32_6x8x8_2x4x8_neoni8mm/64/8/real_time",1657819,84.5778,84.2038,ns,,,"6x64x8",,
"dot/dot_int8_int4_int32_6x8x8_2x4x8_neoni8mm/64/144/real_time",199757,701.338,698.066,ns,,,"6x64x144",,
"dot/dot_int8_int4_int32_6x8x8_2x4x8_neoni8mm/64/296/real_time",100626,1390.99,1384.55,ns,,,"6x64x296",,
"dot/dot_int8_int4_int32_6x8x8_2x4x8_neoni8mm/64/448/real_time",67492,2076.95,2067.56,ns,,,"6x64x448",,
"dot/dot_int8_int4_int32_6x8x8_2x4x8_neoni8mm/64/600/real_time",50374,2777.01,2764.33,ns,,,"6x64x600",,
"dot/dot_int8_int4_int32_8x8x8_2x4x8_neoni8mm/8/8/real_time",6056496,23.0774,22.9721,ns,,,"8x8x8",,
"dot/dot_int8_int4_int32_8x8x8_2x4x8_neoni8mm/8/504/real_time",405561,345.07,343.348,ns,,,"8x8x504",,
"dot/dot_int8_int4_int32_8x8x8_2x4x8_neoni8mm/8/1008/real_time",208088,672.746,669.245,ns,,,"8x8x1008",,
"dot/dot_int8_int4_int32_8x8x8_2x4x8_neoni8mm/8/1512/real_time",138752,1000.38,995.815,ns,,,"8x8x1512",,
"dot/dot_int8_int4_int32_8x8x8_2x4x8_neoni8mm/8/2024/real_time",104755,1340.18,1333.82,ns,,,"8x8x2024",,
"dot/dot_int8_int4_int32_8x8x8_2x4x8_neoni8mm/16/8/real_time",4026146,34.8932,34.7265,ns,,,"8x16x8",,
"dot/dot_int8_int4_int32_8x8x8_2x4x8_neoni8mm/16/376/real_time",272437,514.27,511.268,ns,,,"8x16x376",,
"dot/dot_int8_int4_int32_8x8x8_2x4x8_neoni8mm/16/752/real_time",139468,1001.68,996.826,ns,,,"8x16x752",,
"dot/dot_int8_int4_int32_8x8x8_2x4x8_neoni8mm/16/1128/real_time",93572,1491.32,1484.56,ns,,,"8x16x1128",,
"dot/dot_int8_int4_int32_8x8x8_2x4x8_neoni8mm/16/1504/real_time",70520,1982.34,1972.38,ns,,,"8x16x1504",,
"dot/dot_int8_int4_int32_8x8x8_2x4x8_neoni8mm/32/8/real_time",2432579,57.5316,57.2824,ns,,,"8x32x8",,
"dot/dot_int8_int4_int32_8x8x8_2x4x8_neoni8mm/32/240/real_time",211523,662.187,658.9,ns,,,"8x32x240",,
"dot/dot_int8_int4_int32_8x8x8_2x4x8_neoni8mm/32/488/real_time",106832,1307.83,1302.05,ns,,,"8x32x488",,
"dot/dot_int8_int4_int32_8x8x8_2x4x8_neoni8mm/32/728/real_time",72267,1931.97,1923.19,ns,,,"8x32x728",,
"dot/dot_int8_int4_int32_8x8x8_2x4x8_neoni8mm/32/976/real_time",54160,2576.65,2563.72,ns,,,"8x32x976",,
"dot/dot_int8_int4_int32_8x8x8_2x4x8_neoni8mm/64/8/real_time",1324471,105.693,105.164,ns,,,"8x64x8",,
"dot/dot_int8_int4_int32_8x8x8_2x4x8_neoni8mm/64/136/real_time",180942,774.019,770.312,ns,,,"8x64x136",,
"dot/dot_int8_int4_int32_8x8x8_2x4x8_neoni8mm/64/280/real_time",91657,1522.79,1516.06,ns,,,"8x64x280",,
"dot/dot_int8_int4_int32_8x8x8_2x4x8_neoni8mm/64/416/real_time",62578,2233.96,2223.28,ns,,,"8x64x416",,
"dot/dot_int8_int4_int32_8x8x8_2x4x8_neoni8mm/64/560/real_time",46912,2982.77,2968.54,ns,,,"8x64x560",,
"dot/dot_int8_int4_int32_10x8x8_2x4x8_neoni8mm/8/8/real_time",5150491,27.2897,27.1573,ns,,,"10x8x8",,
"dot/dot_int8_int4_int32_10x8x8_2x4x8_neoni8mm/8/432/real_time",406638,344.64,342.755,ns,,,"10x8x432",,
"dot/dot_int8_int4_int32_10x8x8_2x4x8_neoni8mm/8/864/real_time",209825,667.149,664.066,ns,,,"10x8x864",,
"dot/dot_int8_int4_int32_10x8x8_2x4x8_neoni8mm/8/1296/real_time",141362,990.628,985.47,ns,,,"10x8x1296",,
"dot/dot_int8_int4_int32_10x8x8_2x4x8_neoni8mm/8/1728/real_time",105632,1316.66,1309.92,ns,,,"10x8x1728",,
"dot/dot_int8_int4_int32_10x8x8_2x4x8_neoni8mm/16/8/real_time",3400195,41.2247,41.0324,ns,,,"10x16x8",,
"dot/dot_int8_int4_int32_10x8x8_2x4x8_neoni8mm/16/328/real_time",268773,520.349,518.006,ns,,,"10x16x328",,
"dot/dot_int8_int4_int32_10x8x8_2x4x8_neoni8mm/16/664/real_time",136902,1022.75,1017.81,ns,,,"10x16x664",,
"dot/dot_int8_int4_int32_10x8x8_2x4x8_neoni8mm/16/992/real_time",92304,1517.37,1510.61,ns,,,"10x16x992",,
"dot/dot_int8_int4_int32_10x8x8_2x4x8_neoni8mm/16/1328/real_time",69288,2015.33,2005.98,ns,,,"10x16x1328",,
"dot/dot_int8_int4_int32_10x8x8_2x4x8_neoni8mm/32/8/real_time",2040759,68.6421,68.2953,ns,,,"10x32x8",,
"dot/dot_int8_int4_int32_10x8x8_2x4x8_neoni8mm/32/224/real_time",195218,716.7,713.442,ns,,,"10x32x224",,
"dot/dot_int8_int4_int32_10x8x8_2x4x8_neoni8mm/32/448/real_time",100763,1385.9,1379.34,ns,,,"10x32x448",,
"dot/dot_int8_int4_int32_10x8x8_2x4x8_neoni8mm/32/672/real_time",68103,2053.2,2044.38,ns,,,"10x32x672",,
"dot/dot_int8_int4_int32_10x8x8_2x4x8_neoni8mm/32/896/real_time",51359,2725.94,2713.35,ns,,,"10x32x896",,
"dot/dot_int8_int4_int32_10x8x8_2x4x8_neoni8mm/64/8/real_time",1136979,123.031,122.471,ns,,,"10x64x8",,
"dot/dot_int8_int4_int32_10x8x8_2x4x8_neoni8mm/64/128/real_time",165419,845.765,842.094,ns,,,"10x64x128",,
"dot/dot_int8_int4_int32_10x8x8_2x4x8_neoni8mm/64/256/real_time",86805,1609.54,1601.97,ns,,,"10x64x256",,
"dot/dot_int8_int4_int32_10x8x8_2x4x8_neoni8mm/64/384/real_time",58941,2372.09,2361.37,ns,,,"10x64x384",,
"dot/dot_int8_int4_int32_10x8x8_2x4x8_neoni8mm/64/520/real_time",43853,3188.84,3173.35,ns,,,"10x64x520",,
"dot/dot_int8_int4_int32_16x4x8_2x4x8_neoni8mm/4/8/real_time",5276486,26.4566,26.3292,ns,,,"16x4x8",,
"dot/dot_int8_int4_int32_16x4x8_2x4x8_neoni8mm/4/336/real_time",718484,194.394,193.44,ns,,,"16x4x336",,
"dot/dot_int8_int4_int32_16x4x8_2x4x8_neoni8mm/4/672/real_time",382458,365.989,364.271,ns,,,"16x4x672",,
"dot/dot_int8_int4_int32_16x4x8_2x4x8_neoni8mm/4/1008/real_time",260061,540.658,537.234,ns,,,"16x4x1008",,
"dot/dot_int8_int4_int32_16x4x8_2x4x8_neoni8mm/4/1344/real_time",197040,717.471,713.779,ns,,,"16x4x1344",,
"dot/dot_int8_int4_int32_16x4x8_2x4x8_neoni8mm/8/8/real_time",3754300,37.3122,37.1317,ns,,,"16x8x8",,
"dot/dot_int8_int4_int32_16x4x8_2x4x8_neoni8mm/8/296/real_time",421283,331.81,330.385,ns,,,"16x8x296",,
"dot/dot_int8_int4_int32_16x4x8_2x4x8_neoni8mm/8/600/real_time",217764,642.881,639.811,ns,,,"16x8x600",,
"dot/dot_int8_int4_int32_16x4x8_2x4x8_neoni8mm/8/896/real_time",148220,945.054,940.351,ns,,,"16x8x896",,
"dot/dot_int8_int4_int32_16x4x8_2x4x8_neoni8mm/8/1200/real_time",110288,1261.14,1254.63,ns,,,"16x8x1200",,
"dot/dot_int8_int4_int32_16x4x8_2x4x8_neoni8mm/16/8/real_time",2359176,59.2787,59.0092,ns,,,"16x16x8",,
"dot/dot_int8_int4_int32_16x4x8_2x4x8_neoni8mm/16/240/real_time",262104,534.128,531.519,ns,,,"16x16x240",,
"dot/dot_int8_int4_int32_16x4x8_2x4x8_neoni8mm/16/488/real_time",133911,1039.92,1035.36,ns,,,"16x16x488",,
"dot/dot_int8_int4_int32_16x4x8_2x4x8_neoni8mm/16/728/real_time",91332,1530.68,1523.48,ns,,,"16x16x728",,
"dot/dot_int8_int4_int32_16x4x8_2x4x8_neoni8mm/16/976/real_time",68410,2040.06,2029.44,ns,,,"16x16x976",,
"dot/dot_int8_int4_int32_16x4x8_2x4x8_neoni8mm/32/8/real_time",1368287,102.32,101.859,ns,,,"16x32x8",,
"dot/dot_int8_int4_int32_16x4x8_2x4x8_neoni8mm/32/176/real_time",177375,789.581,785.782,ns,,,"16x32x176",,
"dot/dot_int8_int4_int32_16x4x8_2x4x8_neoni8mm/32/352/real_time",92698,1510.3,1502.17,ns,,,"16x32x352",,
"dot/dot_int8_int4_int32_16x4x8_2x4x8_neoni8mm/32/528/real_time",62621,2230.25,2220.7,ns,,,"16x32x528",,
"dot/dot_int8_int4_int32_16x4x8_2x4x8_neoni8mm/32/704/real_time",47415,2948.09,2935.16,ns,,,"16x32x704",,
"dot/dot_int8_int8_int32_2x32x8_2x4x8_neoni8mm/32/8/real_time",7704633,18.1938,18.114,ns,,,"2x32x8",,
"dot/dot_int8_int8_int32_2x32x8_2x4x8_neoni8mm/32/176/real_time",1664763,83.8542,83.488,ns,,,"2x32x176",,
"dot/dot_int8_int8_int32_2x32x8_2x4x8_neoni8mm/32/352/real_time",926609,150.881,150.227,ns,,,"2x32x352",,
"dot/dot_int8_int8_int32_2x32x8_2x4x8_neoni8mm/32/528/real_time",645248,216.762,215.717,ns,,,"2x32x528",,
"dot/dot_int8_int8_int32_2x32x8_2x4x8_neoni8mm/32/712/real_time",487677,285.604,284.373,ns,,,"2x32x712",,
"dot/dot_int8_int8_int32_2x32x8_2x4x8_neoni8mm/64/8/real_time",5135534,27.1044,26.9735,ns,,,"2x64x8",,
"dot/dot_int8_int8_int32_2x32x8_2x4x8_neoni8mm/64/88/real_time",1469382,95.283,94.8525,ns,,,"2x64x88",,
"dot/dot_int8_int8_int32_2x32x8_2x4x8_neoni8mm/64/176/real_time",883409,158.052,157.275,ns,,,"2x64x176",,
"dot/dot_int8_int8_int32_2x32x8_2x4x8_neoni8mm/64/264/real_time",623091,224.371,223.353,ns,,,"2x64x264",,
"dot/dot_int8_int8_int32_2x32x8_2x4x8_neoni8mm/64/360/real_time",470643,297.152,295.801,ns,,,"2x64x360",,
"dot/dot_int8_int8_int32_2x32x8_2x4x8_neoni8mm/128/8/real_time",3157231,44.3035,44.1154,ns,,,"2x128x8",,
"dot/dot_int8_int8_int32_2x32x8_2x4x8_neoni8mm/128/40/real_time",1441346,97.0287,96.5421,ns,,,"2x128x40",,
"dot/dot_int8_int8_int32_2x32x8_2x4x8_neoni8mm/128/88/real_time",812413,171.134,170.264,ns,,,"2x128x88",,
"dot/dot_int8_int8_int32_2x32x8_2x4x8_neoni8mm/128/128/real_time",604924,231.12,230.11,ns,,,"2x128x128",,
"dot/dot_int8_int8_int32_2x32x8_2x4x8_neoni8mm/128/176/real_time",459761,304.517,302.988,ns,,,"2x128x176",,
"dot/dot_int8_int8_int32_2x32x8_2x4x8_neoni8mm/256/8/real_time",1750647,79.9615,79.5768,ns,,,"2x256x8",,
"dot/dot_int8_int8_int32_2x32x8_2x4x8_neoni8mm/256/16/real_time",1333452,104.787,104.32,ns,,,"2x256x16",,
"dot/dot_int8_int8_int32_2x32x8_2x4x8_neoni8mm/256/40/real_time",759966,183.782,182.956,ns,,,"2x256x40",,
"dot/dot_int8_int8_int32_2x32x8_2x4x8_neoni8mm/256/56/real_time",596496,234.472,233.365,ns,,,"2x256x56",,
"dot/dot_int8_int8_int32_2x32x8_2x4x8_neoni8mm/256/80/real_time",452715,309.005,307.443,ns,,,"2x256x80",,
"dot/dot_int8_int8_int32_4x16x8_2x4x8_neoni8mm/16/8/real_time",7776518,17.9525,17.8686,ns,,,"4x16x8",,
"dot/dot_int8_int8_int32_4x16x8_2x4x8_neoni8mm/16/304/real_time",1117188,125.059,124.456,ns,,,"4x16x304",,
"dot/dot_int8_int8_int32_4x16x8_2x4x8_neoni8mm/16/608/real_time",597276,233.946,232.893,ns,,,"4x16x608",,
"dot/dot_int8_int8_int32_4x16x8_2x4x8_neoni8mm/16/912/real_time",408181,343.119,341.478,ns,,,"4x16x912",,
"dot/dot_int8_int8_int32_4x16x8_2x4x8_neoni8mm/16/1216/real_time",309586,452.179,450.035,ns,,,"4x16x1216",,
"dot/dot_int8_int8_int32_4x16x8_2x4x8_neoni8mm/32/8/real_time",5301587,26.607,26.4852,ns,,,"4x32x8",,
"dot/dot_int8_int8_int32_4x16x8_2x4x8_neoni8mm/32/160/real_time",1021937,136.658,136.027,ns,,,"4x32x160",,
"dot/dot_int8_int8_int32_4x16x8_2x4x8_neoni8mm/32/328/real_time",543846,257.213,255.932,ns,,,"4x32x328",,
"dot/dot_int8_int8_int32_4x16x8_2x4x8_neoni8mm/32/496/real_time",370319,377.899,376.039,ns,,,"4x32x496",,
"dot/dot_int8_int8_int32_4x16x8_2x4x8_neoni8mm/32/664/real_time",280859,498.617,496.14,ns,,,"4x32x664",,
"dot/dot_int8_int8_int32_4x16x8_2x4x8_neoni8mm/64/8/real_time",3113190,44.6947,44.4919,ns,,,"4x64x8",,
"dot/dot_int8_int8_int32_4x16x8_2x4x8_neoni8mm/64/80/real_time",932013,149.855,149.068,ns,,,"4x64x80",,
"dot/dot_int8_int8_int32_4x16x8_2x4x8_neoni8mm/64/168/real_time",506838,276.113,274.776,ns,,,"4x64x168",,
"dot/dot_int8_int8_int32_4x16x8_2x4x8_neoni8mm/64/256/real_time",348041,402.398,400.351,ns,,,"4x64x256",,
"dot/dot_int8_int8_int32_4x16x8_2x4x8_neoni8mm/64/344/real_time",264488,528.915,526.198,ns,,,"4x64x344",,
"dot/dot_int8_int8_int32_4x16x8_2x4x8_neoni8mm/128/8/real_time",1709898,81.9236,81.5368,ns,,,"4x128x8",,
"dot/dot_int8_int8_int32_4x16x8_2x4x8_neoni8mm/128/40/real_time",802920,174.1,173.24,ns,,,"4x128x40",,
"dot/dot_int8_int8_int32_4x16x8_2x4x8_neoni8mm/128/80/real_time",483122,289.781,288.415,ns,,,"4x128x80",,
"dot/dot_int8_int8_int32_4x16x8_2x4x8_neoni8mm/128/120/real_time",346127,404.148,402.231,ns,,,"4x128x120",,
"dot/dot_int8_int8_int32_4x16x8_2x4x8_neoni8mm/128/168/real_time",258254,541.845,539.391,ns,,,"4x128x168",,
"dot/dot_int8_int8_int32_6x16x8_2x4x8_neoni8mm/16/8/real_time",5310374,26.2531,26.1252,ns,,,"6x16x8",,
"dot/dot_int8_int8_int32_6x16x8_2x4x8_neoni8mm/16/272/real_time",827655,168.649,167.882,ns,,,"6x16x272",,
"dot/dot_int8_int8_int32_6x16x8_2x4x8_neoni8mm/16/544/real_time",444360,315.055,313.52,ns,,,"6x16x544",,
"dot/dot_int8_int8_int32_6x16x8_2x4x8_neoni8mm/16/816/real_time",303478,461.323,459.271,ns,,,"6x16x816",,
"dot/dot_int8_int8_int32_6x16x8_2x4x8_neoni8mm/16/1096/real_time",228507,612.042,609.131,ns,,,"6x16x1096",,
"dot/dot_int8_int8_int32_6x16x8_2x4x8_neoni8mm/32/8/real_time",3618579,38.7881,38.6115,ns,,,"6x32x8",,
"dot/dot_int8_int8_int32_6x16x8_2x4x8_neoni8mm/32/152/real_time",719692,194.302,193.43,ns,,,"6x32x152",,
"dot/dot_int8_int8_int32_6x16x8_2x4x8_neoni8mm/32/312/real_time",381987,366.465,364.851,ns,,,"6x32x312",,
"dot/dot_int8_int8_int32_6x16x8_2x4x8_neoni8mm/32/464/real_time",264095,530.039,527.621,ns,,,"6x32x464",,
"dot/dot_int8_int8_int32_6x16x8_2x4x8_neoni8mm/32/624/real_time",199288,702.904,698.961,ns,,,"6x32x624",,
"dot/dot_int8_int8_int32_6x16x8_2x4x8_neoni8mm/64/8/real_time",2150374,65.1657,64.8915,ns,,,"6x64x8",,
"dot/dot_int8_int8_int32_6x16x8_2x4x8_neoni8mm/64/80/real_time",634414,219.962,218.981,ns,,,"6x64x80",,
"dot/dot_int8_int8_int32_6x16x8_2x4x8_neoni8mm/64/160/real_time",356760,392.368,390.465,ns,,,"6x64x160",,
"dot/dot_int8_int8_int32_6x16x8_2x4x8_neoni8mm/64/240/real_time",248022,564.578,561.895,ns,,,"6x64x240",,
"dot/dot_int8_int8_int32_6x16x8_2x4x8_neoni8mm/64/328/real_time",185693,753.795,750.391,ns,,,"6x64x328",,
"dot/dot_int8_int8_int32_6x16x8_2x4x8_neoni8mm/128/8/real_time",1196810,116.529,115.994,ns,,,"6x128x8",,
"dot/dot_int8_int8_int32_6x16x8_2x4x8_neoni8mm/128/40/real_time",548836,254.841,253.509,ns,,,"6x128x40",,
"dot/dot_int8_int8_int32_6x16x8_2x4x8_neoni8mm/128/80/real_time",327904,426.833,424.769,ns,,,"6x128x80",,
"dot/dot_int8_int8_int32_6x16x8_2x4x8_neoni8mm/128/120/real_time",233529,599.247,596.396,ns,,,"6x128x120",,
"dot/dot_int8_int8_int32_6x16x8_2x4x8_neoni8mm/128/160/real_time",181504,770.939,767.403,ns,,,"6x128x160",,
"dot/dot_int8_int8_int32_6x8x8_2x4x8_neoni8mm/8/8/real_time",8201648,17.0502,16.9736,ns,,,"6x8x8",,
"dot/dot_int8_int8_int32_6x8x8_2x4x8_neoni8mm/8/432/real_time",1071151,130.316,129.684,ns,,,"6x8x432",,
"dot/dot_int8_int8_int32_6x8x8_2x4x8_neoni8mm/8/864/real_time",568058,246.224,245.192,ns,,,"6x8x864",,
"dot/dot_int8_int8_int32_6x8x8_2x4x8_neoni8mm/8/1296/real_time",385987,362.429,360.779,ns,,,"6x8x1296",,
"dot/dot_int8_int8_int32_6x8x8_2x4x8_neoni8mm/8/1736/real_time",289946,482.076,479.75,ns,,,"6x8x1736",,
"dot/dot_int8_int8_int32_6x8x8_2x4x8_neoni8mm/16/8/real_time",5664528,24.8567,24.7494,ns,,,"6x16x8",,
"dot/dot_int8_int8_int32_6x8x8_2x4x8_neoni8mm/16/272/real_time",848761,164.771,163.984,ns,,,"6x16x272",,
"dot/dot_int8_int8_int32_6x8x8_2x4x8_neoni8mm/16/544/real_time",450270,310.944,309.491,ns,,,"6x16x544",,
"dot/dot_int8_int8_int32_6x8x8_2x4x8_neoni8mm/16/816/real_time",305337,458.208,456.131,ns,,,"6x16x816",,
"dot/dot_int8_int8_int32_6x8x8_2x4x8_neoni8mm/16/1096/real_time",230232,607.698,605.015,ns,,,"6x16x1096",,
"dot/dot_int8_int8_int32_6x8x8_2x4x8_neoni8mm/32/8/real_time",3418690,40.8437,40.6582,ns,,,"6x32x8",,
"dot/dot_int8_int8_int32_6x8x8_2x4x8_neoni8mm/32/152/real_time",728757,191.143,190.269,ns,,,"6x32x152",,
"dot/dot_int8_int8_int32_6x8x8_2x4x8_neoni8mm/32/312/real_time",385646,362.59,360.918,ns,,,"6x32x312",,
"dot/dot_int8_int8_int32_6x8x8_2x4x8_neoni8mm/32/464/real_time",263823,527.12,524.894,ns,,,"6x32x464",,
"dot/dot_int8_int8_int32_6x8x8_2x4x8_neoni8mm/32/624/real_time",200368,698.889,695.65,ns,,,"6x32x624",,
"dot/dot_int8_int8_int32_6x8x8_2x4x8_neoni8mm/64/8/real_time",1963299,71.4022,71.0499,ns,,,"6x64x8",,
"dot/dot_int8_int8_int32_6x8x8_2x4x8_neoni8mm/64/80/real_time",644496,216.808,215.839,ns,,,"6x64x80",,
"dot/dot_int8_int8_int32_6x8x8_2x4x8_neoni8mm/64/160/real_time",360040,388.409,386.623,ns,,,"6x64x160",,
"dot/dot_int8_int8_int32_6x8x8_2x4x8_neoni8mm/64/240/real_time",248499,562.225,559.77,ns,,,"6x64x240",,
"dot/dot_int8_int8_int32_6x8x8_2x4x8_neoni8mm/64/328/real_time",186711,750.132,746.785,ns,,,"6x64x328",,
"dot/dot_int8_int8_int32_8x8x8_2x4x8_neoni8mm/8/8/real_time",6845826,20.4765,20.3722,ns,,,"8x8x8",,
"dot/dot_int8_int8_int32_8x8x8_2x4x8_neoni8mm/8/376/real_time",924200,151.596,150.831,ns,,,"8x8x376",,
"dot/dot_int8_int8_int32_8x8x8_2x4x8_neoni8mm/8/760/real_time",483331,289.151,287.891,ns,,,"8x8x760",,
"dot/dot_int8_int8_int32_8x8x8_2x4x8_neoni8mm/8/1136/real_time",329832,424.381,422.442,ns,,,"8x8x1136",,
"dot/dot_int8_int8_int32_8x8x8_2x4x8_neoni8mm/8/1520/real_time",248945,562.211,559.642,ns,,,"8x8x1520",,
"dot/dot_int8_int8_int32_8x8x8_2x4x8_neoni8mm/16/8/real_time",4548177,30.7012,30.5638,ns,,,"8x16x8",,
"dot/dot_int8_int8_int32_8x8x8_2x4x8_neoni8mm/16/248/real_time",695186,200.988,199.995,ns,,,"8x16x248",,
"dot/dot_int8_int8_int32_8x8x8_2x4x8_neoni8mm/16/496/real_time",368999,378.715,376.921,ns,,,"8x16x496",,
"dot/dot_int8_int8_int32_8x8x8_2x4x8_neoni8mm/16/744/real_time",251221,557.008,554.344,ns,,,"8x16x744",,
"dot/dot_int8_int8_int32_8x8x8_2x4x8_neoni8mm/16/1000/real_time",189078,740.301,736.982,ns,,,"8x16x1000",,
"dot/dot_int8_int8_int32_8x8x8_2x4x8_neoni8mm/32/8/real_time",2791457,50.0963,49.8724,ns,,,"8x32x8",,
"dot/dot_int8_int8_int32_8x8x8_2x4x8_neoni8mm/32/144/real_time",579358,241.438,240.275,ns,,,"8x32x144",,
"dot/dot_int8_int8_int32_8x8x8_2x4x8_neoni8mm/32/288/real_time",312555,448.032,446.053,ns,,,"8x32x288",,
"dot/dot_int8_int8_int32_8x8x8_2x4x8_neoni8mm/32/432/real_time",213594,654.694,651.711,ns,,,"8x32x432",,
"dot/dot_int8_int8_int32_8x8x8_2x4x8_neoni8mm/32/584/real_time",160048,874.239,869.736,ns,,,"8x32x584",,
"dot/dot_int8_int8_int32_8x8x8_2x4x8_neoni8mm/64/8/real_time",1575025,88.9091,88.478,ns,,,"8x64x8",,
"dot/dot_int8_int8_int32_8x8x8_2x4x8_neoni8mm/64/72/real_time",524704,267.24,265.905,ns,,,"8x64x72",,
"dot/dot_int8_int8_int32_8x8x8_2x4x8_neoni8mm/64/152/real_time",281770,496.921,494.815,ns,,,"8x64x152",,
"dot/dot_int8_int8_int32_8x8x8_2x4x8_neoni8mm/64/232/real_time",192634,726.876,723.528,ns,,,"8x64x232",,
"dot/dot_int8_int8_int32_8x8x8_2x4x8_neoni8mm/64/312/real_time",146375,956.288,951.984,ns,,,"8x64x312",,
"dot/dot_int8_int8_int32_10x8x8_2x4x8_neoni8mm/8/8/real_time",5503562,25.4476,25.3394,ns,,,"10x8x8",,
"dot/dot_int8_int8_int32_10x8x8_2x4x8_neoni8mm/8/336/real_time",813616,171.814,171.042,ns,,,"10x8x336",,
"dot/dot_int8_int8_int32_10x8x8_2x4x8_neoni8mm/8/672/real_time",433923,322.437,321.019,ns,,,"10x8x672",,
"dot/dot_int8_int8_int32_10x8x8_2x4x8_neoni8mm/8/1008/real_time",294329,475.126,473.008,ns,,,"10x8x1008",,
"dot/dot_int8_int8_int32_10x8x8_2x4x8_neoni8mm/8/1344/real_time",224321,623.924,621.086,ns,,,"10x8x1344",,
"dot/dot_int8_int8_int32_10x8x8_2x4x8_neoni8mm/16/8/real_time",3798225,36.9686,36.7761,ns,,,"10x16x8",,
"dot/dot_int8_int8_int32_10x8x8_2x4x8_neoni8mm/16/224/real_time",609885,229.489,228.372,ns,,,"10x16x224",,
"dot/dot_int8_int8_int32_10x8x8_2x4x8_neoni8mm/16/456/real_time",319818,437.53,435.379,ns,,,"10x16x456",,
"dot/dot_int8_int8_int32_10x8x8_2x4x8_neoni8mm/16/688/real_time",216829,645.626,642.524,ns,,,"10x16x688",,
"dot/dot_int8_int8_int32_10x8x8_2x4x8_neoni8mm/16/920/real_time",163817,854.17,849.603,ns,,,"10x16x920",,
"dot/dot_int8_int8_int32_10x8x8_2x4x8_neoni8mm/32/8/real_time",2335371,59.884,59.586,ns,,,"10x32x8",,
"dot/dot_int8_int8_int32_10x8x8_2x4x8_neoni8mm/32/136/real_time",487599,287.137,285.604,ns,,,"10x32x136",,
"dot/dot_int8_int8_int32_10x8x8_2x4x8_neoni8mm/32/272/real_time",263480,531.291,528.84,ns,,,"10x32x272",,
"dot/dot_int8_int8_int32_10x8x8_2x4x8_neoni8mm/32/408/real_time",180523,775.066,771.37,ns,,,"10x32x408",,
"dot/dot_int8_int8_int32_10x8x8_2x4x8_neoni8mm/32/552/real_time",134605,1033.36,1028.38,ns,,,"10x32x552",,
"dot/dot_int8_int8_int32_10x8x8_2x4x8_neoni8mm/64/8/real_time",1318610,105.764,105.266,ns,,,"10x64x8",,
"dot/dot_int8_int8_int32_10x8x8_2x4x8_neoni8mm/64/72/real_time",423988,330.057,328.47,ns,,,"10x64x72",,
"dot/dot_int8_int8_int32_10x8x8_2x4x8_neoni8mm/64/144/real_time",237962,588.585,585.706,ns,,,"10x64x144",,
"dot/dot_int8_int8_int32_10x8x8_2x4x8_neoni8mm/64/216/real_time",165405,846.8,842.595,ns,,,"10x64x216",,
"dot/dot_int8_int8_int32_10x8x8_2x4x8_neoni8mm/64/296/real_time",122852,1134.6,1129.15,ns,,,"10x64x296",,
"dot/dot_int8_int8_int32_16x4x8_2x4x8_neoni8mm/4/8/real_time",5408353,25.8341,25.7172,ns,,,"16x4x8",,
"dot/dot_int8_int8_int32_16x4x8_2x4x8_neoni8mm/4/304/real_time",1071612,130.261,129.689,ns,,,"16x4x304",,
"dot/dot_int8_int8_int32_16x4x8_2x4x8_neoni8mm/4/608/real_time",583333,239.345,238.199,ns,,,"16x4x608",,
"dot/dot_int8_int8_int32_16x4x8_2x4x8_neoni8mm/4/912/real_time",401254,348.426,346.746,ns,,,"16x4x912",,
"dot/dot_int8_int8_int32_16x4x8_2x4x8_neoni8mm/4/1216/real_time",304234,465.762,463.486,ns,,,"16x4x1216",,
"dot/dot_int8_int8_int32_16x4x8_2x4x8_neoni8mm/8/8/real_time",3978556,35.1565,34.9959,ns,,,"16x8x8",,
"dot/dot_int8_int8_int32_16x4x8_2x4x8_neoni8mm/8/248/real_time",682859,205.052,204.053,ns,,,"16x8x248",,
"dot/dot_int8_int8_int32_16x4x8_2x4x8_neoni8mm/8/496/real_time",365291,383.115,381.149,ns,,,"16x8x496",,
"dot/dot_int8_int8_int32_16x4x8_2x4x8_neoni8mm/8/744/real_time",249377,561.349,558.404,ns,,,"16x8x744",,
"dot/dot_int8_int8_int32_16x4x8_2x4x8_neoni8mm/8/1000/real_time",187494,744.579,741.041,ns,,,"16x8x1000",,
"dot/dot_int8_int8_int32_16x4x8_2x4x8_neoni8mm/16/8/real_time",2666765,52.579,52.3344,ns,,,"16x16x8",,
"dot/dot_int8_int8_int32_16x4x8_2x4x8_neoni8mm/16/184/real_time",462599,302.884,301.429,ns,,,"16x16x184",,
"dot/dot_int8_int8_int32_16x4x8_2x4x8_neoni8mm/16/368/real_time",246808,566.739,564.198,ns,,,"16x16x368",,
"dot/dot_int8_int8_int32_16x4x8_2x4x8_neoni8mm/16/552/real_time",168338,830.812,826.967,ns,,,"16x16x552",,
"dot/dot_int8_int8_int32_16x4x8_2x4x8_neoni8mm/16/736/real_time",127918,1095.03,1090.27,ns,,,"16x16x736",,
"dot/dot_int8_int8_int32_16x4x8_2x4x8_neoni8mm/32/8/real_time",1596875,87.6276,87.2137,ns,,,"16x32x8",,
"dot/dot_int8_int8_int32_16x4x8_2x4x8_neoni8mm/32/112/real_time",365352,383.424,381.445,ns,,,"16x32x112",,
"dot/dot_int8_int8_int32_16x4x8_2x4x8_neoni8mm/32/232/real_time",192445,727.544,724.178,ns,,,"16x32x232",,
"dot/dot_int8_int8_int32_16x4x8_2x4x8_neoni8mm/32/344/real_time",133177,1049.32,1044.12,ns,,,"16x32x344",,
"dot/dot_int8_int8_int32_16x4x8_2x4x8_neoni8mm/32/464/real_time",99938,1393.27,1386.85,ns,,,"16x32x464",,
"dot/dot_bf16_bf16_fp32_2x32x4_2x4x4_neonbf16/32/4/real_time",7249973,19.1381,19.0508,ns,,,"2x32x4",,
"dot/dot_bf16_bf16_fp32_2x32x4_2x4x4_neonbf16/32/88/real_time",1652594,84.6563,84.2227,ns,,,"2x32x88",,
"dot/dot_bf16_bf16_fp32_2x32x4_2x4x4_neonbf16/32/176/real_time",923724,151.084,150.412,ns,,,"2x32x176",,
"dot/dot_bf16_bf16_fp32_2x32x4_2x4x4_neonbf16/32/264/real_time",642191,218.042,216.994,ns,,,"2x32x264",,
"dot/dot_bf16_bf16_fp32_2x32x4_2x4x4_neonbf16/32/356/real_time",487430,285.872,284.456,ns,,,"2x32x356",,
"dot/dot_bf16_bf16_fp32_2x32x4_2x4x4_neonbf16/64/4/real_time",4891987,28.6226,28.4839,ns,,,"2x64x4",,
"dot/dot_bf16_bf16_fp32_2x32x4_2x4x4_neonbf16/64/44/real_time",1467222,95.3241,94.8611,ns,,,"2x64x44",,
"dot/dot_bf16_bf16_fp32_2x32x4_2x4x4_neonbf16/64/88/real_time",883963,157.981,157.209,ns,,,"2x64x88",,
"dot/dot_bf16_bf16_fp32_2x32x4_2x4x4_neonbf16/64/132/real_time",622238,224.35,223.328,ns,,,"2x64x132",,
"dot/dot_bf16_bf16_fp32_2x32x4_2x4x4_neonbf16/64/180/real_time",465936,296.635,295.311,ns,,,"2x64x180",,
"dot/dot_bf16_bf16_fp32_2x32x4_2x4x4_neonbf16/128/4/real_time",2930585,47.5343,47.3281,ns,,,"2x128x4",,
"dot/dot_bf16_bf16_fp32_2x32x4_2x4x4_neonbf16/128/20/real_time",1426269,98.0046,97.561,ns,,,"2x128x20",,
"dot/dot_bf16_bf16_fp32_2x32x4_2x4x4_neonbf16/128/44/real_time",807447,172.74,171.882,ns,,,"2x128x44",,
"dot/dot_bf16_bf16_fp32_2x32x4_2x4x4_neonbf16/128/64/real_time",599064,233.362,232.193,ns,,,"2x128x64",,
"dot/dot_bf16_bf16_fp32_2x32x4_2x4x4_neonbf16/128/88/real_time",457197,305.898,304.509,ns,,,"2x128x88",,
"dot/dot_bf16_bf16_fp32_2x32x4_2x4x4_neonbf16/256/4/real_time",1622568,86.3525,85.977,ns,,,"2x256x4",,
"dot/dot_bf16_bf16_fp32_2x32x4_2x4x4_neonbf16/256/8/real_time",1263099,110.806,110.314,ns,,,"2x256x8",,
"dot/dot_bf16_bf16_fp32_2x32x4_2x4x4_neonbf16/256/20/real_time",755738,185.339,184.531,ns,,,"2x256x20",,
"dot/dot_bf16_bf16_fp32_2x32x4_2x4x4_neonbf16/256/28/real_time",591431,236.818,235.733,ns,,,"2x256x28",,
"dot/dot_bf16_bf16_fp32_2x32x4_2x4x4_neonbf16/256/40/real_time",449647,311.032,309.375,ns,,,"2x256x40",,
"dot/dot_bf16_bf16_fp32_4x16x4_2x4x4_neonbf16/16/4/real_time",7553193,18.6367,18.5442,ns,,,"4x16x4",,
"dot/dot_bf16_bf16_fp32_4x16x4_2x4x4_neonbf16/16/152/real_time",1116103,125.568,125.001,ns,,,"4x16x152",,
"dot/dot_bf16_bf16_fp32_4x16x4_2x4x4_neonbf16/16/304/real_time",596072,234.46,233.36,ns,,,"4x16x304",,
"dot/dot_bf16_bf16_fp32_4x16x4_2x4x4_neonbf16/16/456/real_time",407335,343.631,341.959,ns,,,"4x16x456",,
"dot/dot_bf16_bf16_fp32_4x16x4_2x4x4_neonbf16/16/608/real_time",309174,452.636,450.411,ns,,,"4x16x608",,
"dot/dot_bf16_bf16_fp32_4x16x4_2x4x4_neonbf16/32/4/real_time",4932038,28.3912,28.261,ns,,,"4x32x4",,
"dot/dot_bf16_bf16_fp32_4x16x4_2x4x4_neonbf16/32/80/real_time",1012124,138.261,137.602,ns,,,"4x32x80",,
"dot/dot_bf16_bf16_fp32_4x16x4_2x4x4_neonbf16/32/164/real_time",540753,259.007,257.653,ns,,,"4x32x164",,
"dot/dot_bf16_bf16_fp32_4x16x4_2x4x4_neonbf16/32/248/real_time",368969,379.248,377.428,ns,,,"4x32x248",,
"dot/dot_bf16_bf16_fp32_4x16x4_2x4x4_neonbf16/32/332/real_time",280042,499.886,497.465,ns,,,"4x32x332",,
"dot/dot_bf16_bf16_fp32_4x16x4_2x4x4_neonbf16/64/4/real_time",2841104,49.3044,49.0563,ns,,,"4x64x4",,
"dot/dot_bf16_bf16_fp32_4x16x4_2x4x4_neonbf16/64/40/real_time",908532,153.769,153.062,ns,,,"4x64x40",,
"dot/dot_bf16_bf16_fp32_4x16x4_2x4x4_neonbf16/64/84/real_time",499986,279.999,278.719,ns,,,"4x64x84",,
"dot/dot_bf16_bf16_fp32_4x16x4_2x4x4_neonbf16/64/128/real_time",344613,406.1,404.278,ns,,,"4x64x128",,
"dot/dot_bf16_bf16_fp32_4x16x4_2x4x4_neonbf16/64/172/real_time",262674,532.886,530.275,ns,,,"4x64x172",,
"dot/dot_bf16_bf16_fp32_4x16x4_2x4x4_neonbf16/128/4/real_time",1540549,91.0367,90.58,ns,,,"4x128x4",,
"dot/dot_bf16_bf16_fp32_4x16x4_2x4x4_neonbf16/128/20/real_time",762938,183.056,182.192,ns,,,"4x128x20",,
"dot/dot_bf16_bf16_fp32_4x16x4_2x4x4_neonbf16/128/40/real_time",468721,299.108,297.741,ns,,,"4x128x40",,
"dot/dot_bf16_bf16_fp32_4x16x4_2x4x4_neonbf16/128/60/real_time",337861,414.062,412.15,ns,,,"4x128x60",,
"dot/dot_bf16_bf16_fp32_4x16x4_2x4x4_neonbf16/128/84/real_time",253551,551.664,549.173,ns,,,"4x128x84",,
"dot/dot_bf16_bf16_fp32_6x16x4_2x4x4_neonbf16/16/4/real_time",5480189,25.4143,25.3001,ns,,,"6x16x4",,
"dot/dot_bf16_bf16_fp32_6x16x4_2x4x4_neonbf16/16/136/real_time",836227,167.272,166.46,ns,,,"6x16x136",,
"dot/dot_bf16_bf16_fp32_6x16x4_2x4x4_neonbf16/16/272/real_time",445094,313.704,312.333,ns,,,"6x16x272",,
"dot/dot_bf16_bf16_fp32_6x16x4_2x4x4_neonbf16/16/408/real_time",304009,459.961,457.862,ns,,,"6x16x408",,
"dot/dot_bf16_bf16_fp32_6x16x4_2x4x4_neonbf16/16/548/real_time",229162,610.762,607.925,ns,,,"6x16x548",,
"dot/dot_bf16_bf16_fp32_6x16x4_2x4x4_neonbf16/32/4/real_time",3495112,39.3726,39.1849,ns,,,"6x32x4",,
"dot/dot_bf16_bf16_fp32_6x16x4_2x4x4_neonbf16/32/76/real_time",719951,194.29,193.436,ns,,,"6x32x76",,
"dot/dot_bf16_bf16_fp32_6x16x4_2x4x4_neonbf16/32/156/real_time",381711,366.637,364.883,ns,,,"6x32x156",,
"dot/dot_bf16_bf16_fp32_6x16x4_2x4x4_neonbf16/32/232/real_time",263615,530.116,527.77,ns,,,"6x32x232",,
"dot/dot_bf16_bf16_fp32_6x16x4_2x4x4_neonbf16/32/312/real_time",199087,702.331,699.117,ns,,,"6x32x312",,
"dot/dot_bf16_bf16_fp32_6x16x4_2x4x4_neonbf16/64/4/real_time",2070086,67.4225,67.0819,ns,,,"6x64x4",,
"dot/dot_bf16_bf16_fp32_6x16x4_2x4x4_neonbf16/64/40/real_time",629819,222.12,221.115,ns,,,"6x64x40",,
"dot/dot_bf16_bf16_fp32_6x16x4_2x4x4_neonbf16/64/80/real_time",354969,395.255,393.2,ns,,,"6x64x80",,
"dot/dot_bf16_bf16_fp32_6x16x4_2x4x4_neonbf16/64/120/real_time",247144,565.99,563.504,ns,,,"6x64x120",,
"dot/dot_bf16_bf16_fp32_6x16x4_2x4x4_neonbf16/64/164/real_time",185070,756.515,752.618,ns,,,"6x64x164",,
"dot/dot_bf16_bf16_fp32_6x16x4_2x4x4_neonbf16/128/4/real_time",1136700,122.921,122.343,ns,,,"6x128x4",,
"dot/dot_bf16_bf16_fp32_6x16x4_2x4x4_neonbf16/128/20/real_time",535941,260.627,259.297,ns,,,"6x128x20",,
"dot/dot_bf16_bf16_fp32_6x16x4_2x4x4_neonbf16/128/40/real_time",323004,433.323,431.392,ns,,,"6x128x40",,
"dot/dot_bf16_bf16_fp32_6x16x4_2x4x4_neonbf16/128/60/real_time",231223,605.506,602.646,ns,,,"6x128x60",,
"dot/dot_bf16_bf16_fp32_6x16x4_2x4x4_neonbf16/128/80/real_time",179875,777.281,773.671,ns,,,"6x128x80",,
"dot/dot_bf16_bf16_fp32_6x8x8_2x4x4_neonbf16/8/8/real_time",6844885,20.6272,20.5335,ns,,,"6x8x8",,
"dot/dot_bf16_bf16_fp32_6x8x8_2x4x4_neonbf16/8/216/real_time",1061544,131.487,130.886,ns,,,"6x8x216",,
"dot/dot_bf16_bf16_fp32_6x8x8_2x4x4_neonbf16/8/432/real_time",565477,247.534,246.404,ns,,,"6x8x432",,
"dot/dot_bf16_bf16_fp32_6x8x8_2x4x4_neonbf16/8/648/real_time",384519,363.785,362.17,ns,,,"6x8x648",,
"dot/dot_bf16_bf16_fp32_6x8x8_2x4x4_neonbf16/8/864/real_time",291515,480.23,477.71,ns,,,"6x8x864",,
"dot/dot_bf16_bf16_fp32_6x8x8_2x4x4_neonbf16/16/8/real_time",4471021,31.2863,31.1165,ns,,,"6x16x8",,
"dot/dot_bf16_bf16_fp32_6x8x8_2x4x4_neonbf16/16/136/real_time",838813,166.803,166.029,ns,,,"6x16x136",,
"dot/dot_bf16_bf16_fp32_6x8x8_2x4x4_neonbf16/16/272/real_time",446857,313.209,311.677,ns,,,"6x16x272",,
"dot/dot_bf16_bf16_fp32_6x8x8_2x4x4_neonbf16/16/408/real_time",304504,459.466,457.376,ns,,,"6x16x408",,
"dot/dot_bf16_bf16_fp32_6x8x8_2x4x4_neonbf16/16/544/real_time",230771,605.993,603.089,ns,,,"6x16x544",,
"dot/dot_bf16_bf16_fp32_6x8x8_2x4x4_neonbf16/32/8/real_time",2693087,52.1032,51.8683,ns,,,"6x32x8",,
"dot/dot_bf16_bf16_fp32_6x8x8_2x4x4_neonbf16/32/72/real_time",751191,186.344,185.357,ns,,,"6x32x72",,
"dot/dot_bf16_bf16_fp32_6x8x8_2x4x4_neonbf16/32/152/real_time",390719,358.453,356.913,ns,,,"6x32x152",,
"dot/dot_bf16_bf16_fp32_6x8x8_2x4x4_neonbf16/32/232/real_time",263786,531.113,528.415,ns,,,"6x32x232",,
"dot/dot_bf16_bf16_fp32_6x8x8_2x4x4_neonbf16/32/312/real_time",198854,703.214,699.804,ns,,,"6x32x312",,
"dot/dot_bf16_bf16_fp32_6x8x8_2x4x4_neonbf16/64/8/real_time",1493536,93.8116,93.3871,ns,,,"6x64x8",,
"dot/dot_bf16_bf16_fp32_6x8x8_2x4x4_neonbf16/64/40/real_time",621151,225.061,224.053,ns,,,"6x64x40",,
"dot/dot_bf16_bf16_fp32_6x8x8_2x4x4_neonbf16/64/80/real_time",352195,397.711,395.888,ns,,,"6x64x80",,
"dot/dot_bf16_bf16_fp32_6x8x8_2x4x4_neonbf16/64/120/real_time",245610,569.665,567.083,ns,,,"6x64x120",,
"dot/dot_bf16_bf16_fp32_6x8x8_2x4x4_neonbf16/64/160/real_time",188647,741.804,738.439,ns,,,"6x64x160",,
"dot/dot_bf16_bf16_fp32_8x8x8_2x4x4_neonbf16/8/8/real_time",5288653,26.4036,26.2838,ns,,,"8x8x8",,
"dot/dot_bf16_bf16_fp32_8x8x8_2x4x4_neonbf16/8/184/real_time",920387,151.929,151.172,ns,,,"8x8x184",,
"dot/dot_bf16_bf16_fp32_8x8x8_2x4x4_neonbf16/8/376/real_time",482912,289.453,288.108,ns,,,"8x8x376",,
"dot/dot_bf16_bf16_fp32_8x8x8_2x4x4_neonbf16/8/568/real_time",327374,427.378,425.317,ns,,,"8x8x568",,
"dot/dot_bf16_bf16_fp32_8x8x8_2x4x4_neonbf16/8/760/real_time",247617,565.611,562.451,ns,,,"8x8x760",,
"dot/dot_bf16_bf16_fp32_8x8x8_2x4x4_neonbf16/16/8/real_time",3570266,39.0552,38.8761,ns,,,"8x16x8",,
"dot/dot_bf16_bf16_fp32_8x8x8_2x4x4_neonbf16/16/120/real_time",695195,198.815,197.873,ns,,,"8x16x120",,
"dot/dot_bf16_bf16_fp32_8x8x8_2x4x4_neonbf16/16/248/real_time",366531,387.482,382.392,ns,,,"8x16x248",,
"dot/dot_bf16_bf16_fp32_8x8x8_2x4x4_neonbf16/16/368/real_time",252480,554.776,551.991,ns,,,"8x16x368",,
"dot/dot_bf16_bf16_fp32_8x8x8_2x4x4_neonbf16/16/496/real_time",189547,738.756,734.928,ns,,,"8x16x496",,
"dot/dot_bf16_bf16_fp32_8x8x8_2x4x4_neonbf16/32/8/real_time",2198482,63.8734,63.543,ns,,,"8x32x8",,
"dot/dot_bf16_bf16_fp32_8x8x8_2x4x4_neonbf16/32/72/real_time",565757,246.796,245.72,ns,,,"8x32x72",,
"dot/dot_bf16_bf16_fp32_8x8x8_2x4x4_neonbf16/32/144/real_time",308443,453.749,451.313,ns,,,"8x32x144",,
"dot/dot_bf16_bf16_fp32_8x8x8_2x4x4_neonbf16/32/216/real_time",211890,659.778,656.853,ns,,,"8x32x216",,
"dot/dot_bf16_bf16_fp32_8x8x8_2x4x4_neonbf16/32/288/real_time",161340,867.376,862.726,ns,,,"8x32x288",,
"dot/dot_bf16_bf16_fp32_8x8x8_2x4x4_neonbf16/64/8/real_time",1223787,113.957,113.453,ns,,,"8x64x8",,
"dot/dot_bf16_bf16_fp32_8x8x8_2x4x4_neonbf16/64/32/real_time",557325,251.011,249.923,ns,,,"8x64x32",,
"dot/dot_bf16_bf16_fp32_8x8x8_2x4x4_neonbf16/64/72/real_time",289569,483.628,481.213,ns,,,"8x64x72",,
"dot/dot_bf16_bf16_fp32_8x8x8_2x4x4_neonbf16/64/112/real_time",196953,710.591,707.086,ns,,,"8x64x112",,
"dot/dot_bf16_bf16_fp32_8x8x8_2x4x4_neonbf16/64/152/real_time",148474,943.475,938.472,ns,,,"8x64x152",,
"dot/dot_bf16_bf16_fp32_10x8x8_2x4x4_neonbf16/8/8/real_time",4650044,29.981,29.8464,ns,,,"10x8x8",,
"dot/dot_bf16_bf16_fp32_10x8x8_2x4x4_neonbf16/8/168/real_time",810513,172.6,171.78,ns,,,"10x8x168",,
"dot/dot_bf16_bf16_fp32_10x8x8_2x4x4_neonbf16/8/336/real_time",430872,323.592,322.128,ns,,,"10x8x336",,
"dot/dot_bf16_bf16_fp32_10x8x8_2x4x4_neonbf16/8/504/real_time",292172,475.96,473.318,ns,,,"10x8x504",,
"dot/dot_bf16_bf16_fp32_10x8x8_2x4x4_neonbf16/8/672/real_time",223962,625.238,621.92,ns,,,"10x8x672",,
"dot/dot_bf16_bf16_fp32_10x8x8_2x4x4_neonbf16/16/8/real_time",3065131,45.7048,45.4866,ns,,,"10x16x8",,
"dot/dot_bf16_bf16_fp32_10x8x8_2x4x4_neonbf16/16/112/real_time",605243,231.302,230.234,ns,,,"10x16x112",,
"dot/dot_bf16_bf16_fp32_10x8x8_2x4x4_neonbf16/16/224/real_time",323915,432.358,430.361,ns,,,"10x16x224",,
"dot/dot_bf16_bf16_fp32_10x8x8_2x4x4_neonbf16/16/336/real_time",220736,633.626,630.422,ns,,,"10x16x336",,
"dot/dot_bf16_bf16_fp32_10x8x8_2x4x4_neonbf16/16/456/real_time",165019,849.052,844.546,ns,,,"10x16x456",,
"dot/dot_bf16_bf16_fp32_10x8x8_2x4x4_neonbf16/32/8/real_time",1833547,76.3694,76.029,ns,,,"10x32x8",,
"dot/dot_bf16_bf16_fp32_10x8x8_2x4x4_neonbf16/32/64/real_time",505519,276.705,275.35,ns,,,"10x32x64",,
"dot/dot_bf16_bf16_fp32_10x8x8_2x4x4_neonbf16/32/136/real_time",261492,534.96,532.419,ns,,,"10x32x136",,
"dot/dot_bf16_bf16_fp32_10x8x8_2x4x4_neonbf16/32/200/real_time",183039,764.537,760.948,ns,,,"10x32x200",,
"dot/dot_bf16_bf16_fp32_10x8x8_2x4x4_neonbf16/32/272/real_time",136062,1023.44,1018.17,ns,,,"10x32x272",,
"dot/dot_bf16_bf16_fp32_10x8x8_2x4x4_neonbf16/64/8/real_time",1009851,138.011,137.337,ns,,,"10x64x8",,
"dot/dot_bf16_bf16_fp32_10x8x8_2x4x4_neonbf16/64/32/real_time",447389,312.047,310.633,ns,,,"10x64x32",,
"dot/dot_bf16_bf16_fp32_10x8x8_2x4x4_neonbf16/64/72/real_time",233345,599.297,596.315,ns,,,"10x64x72",,
"dot/dot_bf16_bf16_fp32_10x8x8_2x4x4_neonbf16/64/104/real_time",168904,829.28,825.172,ns,,,"10x64x104",,
"dot/dot_bf16_bf16_fp32_10x8x8_2x4x4_neonbf16/64/144/real_time",124803,1115.89,1110.81,ns,,,"10x64x144",,
"dot/dot_bf16_bf16_fp32_16x4x8_2x4x4_neonbf16/4/8/real_time",4318052,32.3993,32.2112,ns,,,"16x4x8",,
"dot/dot_bf16_bf16_fp32_16x4x8_2x4x4_neonbf16/4/152/real_time",1043778,133.799,133.095,ns,,,"16x4x152",,
"dot/dot_bf16_bf16_fp32_16x4x8_2x4x4_neonbf16/4/304/real_time",575528,242.87,241.595,ns,,,"16x4x304",,
"dot/dot_bf16_bf16_fp32_16x4x8_2x4x4_neonbf16/4/456/real_time",396752,351.728,349.979,ns,,,"16x4x456",,
"dot/dot_bf16_bf16_fp32_16x4x8_2x4x4_neonbf16/4/608/real_time",302633,474.281,471.865,ns,,,"16x4x608",,
"dot/dot_bf16_bf16_fp32_16x4x8_2x4x4_neonbf16/8/8/real_time",3043440,46.0271,45.821,ns,,,"16x8x8",,
"dot/dot_bf16_bf16_fp32_16x4x8_2x4x4_neonbf16/8/120/real_time",688008,203.288,202.345,ns,,,"16x8x120",,
"dot/dot_bf16_bf16_fp32_16x4x8_2x4x4_neonbf16/8/248/real_time",361268,387.012,385.137,ns,,,"16x8x248",,
"dot/dot_bf16_bf16_fp32_16x4x8_2x4x4_neonbf16/8/368/real_time",250226,559.095,556.497,ns,,,"16x8x368",,
"dot/dot_bf16_bf16_fp32_16x4x8_2x4x4_neonbf16/8/496/real_time",188362,746.849,743.075,ns,,,"16x8x496",,
"dot/dot_bf16_bf16_fp32_16x4x8_2x4x4_neonbf16/16/8/real_time",1917737,72.866,72.4799,ns,,,"16x16x8",,
"dot/dot_bf16_bf16_fp32_16x4x8_2x4x4_neonbf16/16/88/real_time",469405,297.36,295.983,ns,,,"16x16x88",,
"dot/dot_bf16_bf16_fp32_16x4x8_2x4x4_neonbf16/16/184/real_time",244006,572.889,570.239,ns,,,"16x16x184",,
"dot/dot_bf16_bf16_fp32_16x4x8_2x4x4_neonbf16/16/272/real_time",169533,825.493,821.548,ns,,,"16x16x272",,
"dot/dot_bf16_bf16_fp32_16x4x8_2x4x4_neonbf16/16/368/real_time",126583,1103.79,1098.59,ns,,,"16x16x368",,
"dot/dot_bf16_bf16_fp32_16x4x8_2x4x4_neonbf16/32/8/real_time",1103226,126.866,126.189,ns,,,"16x32x8",,
"dot/dot_bf16_bf16_fp32_16x4x8_2x4x4_neonbf16/32/56/real_time",352239,397.492,395.499,ns,,,"16x32x56",,
"dot/dot_bf16_bf16_fp32_16x4x8_2x4x4_neonbf16/32/112/real_time",195821,714.935,711.69,ns,,,"16x32x112",,
"dot/dot_bf16_bf16_fp32_16x4x8_2x4x4_neonbf16/32/168/real_time",134584,1040.92,1035.76,ns,,,"16x32x168",,
"dot/dot_bf16_bf16_fp32_16x4x8_2x4x4_neonbf16/32/232/real_time",99346,1408.18,1401.3,ns,,,"16x32x232",,
"dot/dot_bf16_bf16_fp32_1x64x4_1x4x2_neonbf16/64/4/real_time",7758180,18.0881,17.9986,ns,,,"1x64x4",,
"dot/dot_bf16_bf16_fp32_1x64x4_1x4x2_neonbf16/64/44/real_time",1533049,91.1525,90.7227,ns,,,"1x64x44",,
"dot/dot_bf16_bf16_fp32_1x64x4_1x4x2_neonbf16/64/92/real_time",782207,178.512,177.654,ns,,,"1x64x92",,
"dot/dot_bf16_bf16_fp32_1x64x4_1x4x2_neonbf16/64/136/real_time",540287,258.624,257.413,ns,,,"1x64x136",,
"dot/dot_bf16_bf16_fp32_1x64x4_1x4x2_neonbf16/64/184/real_time",404665,346.025,344.278,ns,,,"1x64x184",,
"dot/dot_bf16_bf16_fp32_1x64x4_1x4x2_neonbf16/128/4/real_time",5368366,26.3512,26.2274,ns,,,"1x128x4",,
"dot/dot_bf16_bf16_fp32_1x64x4_1x4x2_neonbf16/128/20/real_time",1645772,85.106,84.704,ns,,,"1x128x20",,
"dot/dot_bf16_bf16_fp32_1x64x4_1x4x2_neonbf16/128/44/real_time",809746,172.365,171.421,ns,,,"1x128x44",,
"dot/dot_bf16_bf16_fp32_1x64x4_1x4x2_neonbf16/128/68/real_time",537868,259.695,258.392,ns,,,"1x128x68",,
"dot/dot_bf16_bf16_fp32_1x64x4_1x4x2_neonbf16/128/92/real_time",403373,346.979,345.08,ns,,,"1x128x92",,
"dot/dot_bf16_bf16_fp32_1x64x4_1x4x2_neonbf16/256/4/real_time",3016591,46.5168,46.3059,ns,,,"1x256x4",,
"dot/dot_bf16_bf16_fp32_1x64x4_1x4x2_neonbf16/256/8/real_time",1860909,75.5551,75.1754,ns,,,"1x256x8",,
"dot/dot_bf16_bf16_fp32_1x64x4_1x4x2_neonbf16/256/20/real_time",867041,159.863,159.147,ns,,,"1x256x20",,
"dot/dot_bf16_bf16_fp32_1x64x4_1x4x2_neonbf16/256/32/real_time",564547,248.341,247.129,ns,,,"1x256x32",,
"dot/dot_bf16_bf16_fp32_1x64x4_1x4x2_neonbf16/256/44/real_time",417385,335.218,333.557,ns,,,"1x256x44",,
"dot/dot_bf16_bf16_fp32_1x64x4_1x4x2_neonbf16/512/4/real_time",1613788,86.8407,86.4441,ns,,,"1x512x4",,
"dot/dot_bf16_bf16_fp32_1x64x4_1x4x2_neonbf16/512/8/real_time",992713,140.298,139.627,ns,,,"1x512x8",,
"dot/dot_bf16_bf16_fp32_1x64x4_1x4x2_neonbf16/512/12/real_time",707147,198.055,197.086,ns,,,"1x512x12",,
"dot/dot_bf16_bf16_fp32_1x64x4_1x4x2_neonbf16/512/20/real_time",450583,310.538,309.054,ns,,,"1x512x20",,
"dot/dot_bf16_bf16_fp32_1x32x4_1x4x2_neonbf16/32/4/real_time",10125667,13.6781,13.6172,ns,,,"1x32x4",,
"dot/dot_bf16_bf16_fp32_1x32x4_1x4x2_neonbf16/32/92/real_time",1422840,98.5412,98.0509,ns,,,"1x32x92",,
"dot/dot_bf16_bf16_fp32_1x32x4_1x4x2_neonbf16/32/184/real_time",747768,186.784,185.863,ns,,,"1x32x184",,
"dot/dot_bf16_bf16_fp32_1x32x4_1x4x2_neonbf16/32/276/real_time",508566,274.455,273.267,ns,,,"1x32x276",,
"dot/dot_bf16_bf16_fp32_1x32x4_1x4x2_neonbf16/32/368/real_time",384544,362.801,361.13,ns,,,"1x32x368",,
"dot/dot_bf16_bf16_fp32_1x32x4_1x4x2_neonbf16/64/4/real_time",7335924,19.0708,18.9701,ns,,,"1x64x4",,
"dot/dot_bf16_bf16_fp32_1x32x4_1x4x2_neonbf16/64/44/real_time",1445985,96.7089,96.2914,ns,,,"1x64x44",,
"dot/dot_bf16_bf16_fp32_1x32x4_1x4x2_neonbf16/64/92/real_time",740502,190.703,188.688,ns,,,"1x64x92",,
"dot/dot_bf16_bf16_fp32_1x32x4_1x4x2_neonbf16/64/136/real_time",511405,272.71,271.518,ns,,,"1x64x136",,
"dot/dot_bf16_bf16_fp32_1x32x4_1x4x2_neonbf16/64/184/real_time",383346,365.093,363.389,ns,,,"1x64x184",,
"dot/dot_bf16_bf16_fp32_1x32x4_1x4x2_neonbf16/128/4/real_time",4372552,32.023,31.8674,ns,,,"1x128x4",,
"dot/dot_bf16_bf16_fp32_1x32x4_1x4x2_neonbf16/128/20/real_time",1503280,93.0593,92.6028,ns,,,"1x128x20",,
"dot/dot_bf16_bf16_fp32_1x32x4_1x4x2_neonbf16/128/44/real_time",754980,185.121,184.101,ns,,,"1x128x44",,
"dot/dot_bf16_bf16_fp32_1x32x4_1x4x2_neonbf16/128/68/real_time",504090,277.199,275.834,ns,,,"1x128x68",,
"dot/dot_bf16_bf16_fp32_1x32x4_1x4x2_neonbf16/128/92/real_time",379357,368.855,367.146,ns,,,"1x128x92",,
"dot/dot_bf16_bf16_fp32_1x32x4_1x4x2_neonbf16/256/4/real_time",2396826,58.4152,58.1248,ns,,,"1x256x4",,
"dot/dot_bf16_bf16_fp32_1x32x4_1x4x2_neonbf16/256/8/real_time",1649784,84.6313,84.2318,ns,,,"1x256x8",,
"dot/dot_bf16_bf16_fp32_1x32x4_1x4x2_neonbf16/256/20/real_time",786252,177.593,176.793,ns,,,"1x256x20",,
"dot/dot_bf16_bf16_fp32_1x32x4_1x4x2_neonbf16/256/32/real_time",518583,268.538,267.259,ns,,,"1x256x32",,
"dot/dot_bf16_bf16_fp32_1x32x4_1x4x2_neonbf16/256/44/real_time",387249,361.586,359.791,ns,,,"1x256x44",,
"dot/dot_bf16_bf16_fp32_2x32x4_1x4x2_neonbf16/32/4/real_time",8039720,17.3974,17.3163,ns,,,"2x32x4",,
"dot/dot_bf16_bf16_fp32_2x32x4_1x4x2_neonbf16/32/88/real_time",823817,169.816,168.916,ns,,,"2x32x88",,
"dot/dot_bf16_bf16_fp32_2x32x4_1x4x2_neonbf16/32/176/real_time",424972,328.947,327.392,ns,,,"2x32x176",,
"dot/dot_bf16_bf16_fp32_2x32x4_1x4x2_neonbf16/32/264/real_time",286180,488.12,485.853,ns,,,"2x32x264",,
"dot/dot_bf16_bf16_fp32_2x32x4_1x4x2_neonbf16/32/356/real_time",213505,654.62,651.551,ns,,,"2x32x356",,
"dot/dot_bf16_bf16_fp32_2x32x4_1x4x2_neonbf16/64/4/real_time",5348296,26.1542,26.029,ns,,,"2x64x4",,
"dot/dot_bf16_bf16_fp32_2x32x4_1x4x2_neonbf16/64/44/real_time",814543,171.461,170.573,ns,,,"2x64x44",,
"dot/dot_bf16_bf16_fp32_2x32x4_1x4x2_neonbf16/64/88/real_time",423694,330.651,328.976,ns,,,"2x64x88",,
"dot/dot_bf16_bf16_fp32_2x32x4_1x4x2_neonbf16/64/132/real_time",285875,490.04,487.544,ns,,,"2x64x132",,
"dot/dot_bf16_bf16_fp32_2x32x4_1x4x2_neonbf16/64/180/real_time",210868,663.873,660.494,ns,,,"2x64x180",,
"dot/dot_bf16_bf16_fp32_2x32x4_1x4x2_neonbf16/128/4/real_time",3134752,44.2735,44.0325,ns,,,"2x128x4",,
"dot/dot_bf16_bf16_fp32_2x32x4_1x4x2_neonbf16/128/20/real_time",867368,160.791,160.005,ns,,,"2x128x20",,
"dot/dot_bf16_bf16_fp32_2x32x4_1x4x2_neonbf16/128/44/real_time",418486,334.409,332.841,ns,,,"2x128x44",,
"dot/dot_bf16_bf16_fp32_2x32x4_1x4x2_neonbf16/128/64/real_time",291074,481.041,478.769,ns,,,"2x128x64",,
"dot/dot_bf16_bf16_fp32_2x32x4_1x4x2_neonbf16/128/88/real_time",214394,652.797,649.649,ns,,,"2x128x88",,
"dot/dot_bf16_bf16_fp32_2x32x4_1x4x2_neonbf16/256/4/real_time",1609455,87.0684,86.6062,ns,,,"2x256x4",,
"dot/dot_bf16_bf16_fp32_2x32x4_1x4x2_neonbf16/256/8/real_time",1012334,138.05,137.361,ns,,,"2x256x8",,
"dot/dot_bf16_bf16_fp32_2x32x4_1x4x2_neonbf16/256/20/real_time",448860,310.951,309.475,ns,,,"2x256x20",,
"dot/dot_bf16_bf16_fp32_2x32x4_1x4x2_neonbf16/256/28/real_time",326473,428.187,426.289,ns,,,"2x256x28",,
"dot/dot_bf16_bf16_fp32_2x32x4_1x4x2_neonbf16/256/40/real_time",232413,602.369,599.231,ns,,,"2x256x40",,
"dot/dot_bf16_bf16_fp32_1x16x4_1x4x2_neonbf16/16/4/real_time",11987638,11.5721,11.5173,ns,,,"1x16x4",,
"dot/dot_bf16_bf16_fp32_1x16x4_1x4x2_neonbf16/16/180/real_time",1286722,108.162,107.654,ns,,,"1x16x180",,
"dot/dot_bf16_bf16_fp32_1x16x4_1x4x2_neonbf16/16/360/real_time",673782,206.867,205.888,ns,,,"1x16x360",,
"dot/dot_bf16_bf16_fp32_1x16x4_1x4x2_neonbf16/16/540/real_time",457989,305.561,304.02,ns,,,"1x16x540",,
"dot/dot_bf16_bf16_fp32_1x16x4_1x4x2_neonbf16/16/720/real_time",342999,404.578,402.627,ns,,,"1x16x720",,
"dot/dot_bf16_bf16_fp32_1x16x4_1x4x2_neonbf16/32/4/real_time",9084795,15.4868,15.4165,ns,,,"1x32x4",,
"dot/dot_bf16_bf16_fp32_1x16x4_1x4x2_neonbf16/32/92/real_time",1257544,111.539,110.982,ns,,,"1x32x92",,
"dot/dot_bf16_bf16_fp32_1x16x4_1x4x2_neonbf16/32/184/real_time",655226,213.527,212.468,ns,,,"1x32x184",,
"dot/dot_bf16_bf16_fp32_1x16x4_1x4x2_neonbf16/32/276/real_time",445487,313.523,311.87,ns,,,"1x32x276",,
"dot/dot_bf16_bf16_fp32_1x16x4_1x4x2_neonbf16/32/368/real_time",336638,415.888,413.38,ns,,,"1x32x368",,
"dot/dot_bf16_bf16_fp32_1x16x4_1x4x2_neonbf16/64/4/real_time",5647984,24.7645,24.6464,ns,,,"1x64x4",,
"dot/dot_bf16_bf16_fp32_1x16x4_1x4x2_neonbf16/64/44/real_time",1260055,110.77,110.262,ns,,,"1x64x44",,
"dot/dot_bf16_bf16_fp32_1x16x4_1x4x2_neonbf16/64/92/real_time",645293,216.279,215.239,ns,,,"1x64x92",,
"dot/dot_bf16_bf16_fp32_1x16x4_1x4x2_neonbf16/64/136/real_time",447426,312.95,311.258,ns,,,"1x64x136",,
"dot/dot_bf16_bf16_fp32_1x16x4_1x4x2_neonbf16/64/184/real_time",334800,418.012,415.981,ns,,,"1x64x184",,
"dot/dot_bf16_bf16_fp32_1x16x4_1x4x2_neonbf16/128/4/real_time",2811774,49.3223,49.0687,ns,,,"1x128x4",,
"dot/dot_bf16_bf16_fp32_1x16x4_1x4x2_neonbf16/128/20/real_time",1271571,109.866,109.345,ns,,,"1x128x20",,
"dot/dot_bf16_bf16_fp32_1x16x4_1x4x2_neonbf16/128/44/real_time",638210,219.038,217.986,ns,,,"1x128x44",,
"dot/dot_bf16_bf16_fp32_1x16x4_1x4x2_neonbf16/128/68/real_time",432207,324.379,322.559,ns,,,"1x128x68",,
"dot/dot_bf16_bf16_fp32_1x16x4_1x4x2_neonbf16/128/92/real_time",329866,423.849,421.717,ns,,,"1x128x92",,
"dot/dot_bf16_bf16_fp32_2x16x4_1x4x2_neonbf16/16/4/real_time",9772804,14.4581,14.3913,ns,,,"2x16x4",,
"dot/dot_bf16_bf16_fp32_2x16x4_1x4x2_neonbf16/16/168/real_time",748968,186.747,185.843,ns,,,"2x16x168",,
"dot/dot_bf16_bf16_fp32_2x16x4_1x4x2_neonbf16/16/336/real_time",384946,363.634,361.967,ns,,,"2x16x336",,
"dot/dot_bf16_bf16_fp32_2x16x4_1x4x2_neonbf16/16/504/real_time",258983,540.45,537.913,ns,,,"2x16x504",,
"dot/dot_bf16_bf16_fp32_2x16x4_1x4x2_neonbf16/16/676/real_time",193912,721.852,718.212,ns,,,"2x16x676",,
"dot/dot_bf16_bf16_fp32_2x16x4_1x4x2_neonbf16/32/4/real_time",7270977,19.1241,19.0232,ns,,,"2x32x4",,
"dot/dot_bf16_bf16_fp32_2x16x4_1x4x2_neonbf16/32/88/real_time",709587,197.107,196.259,ns,,,"2x32x88",,
"dot/dot_bf16_bf16_fp32_2x16x4_1x4x2_neonbf16/32/176/real_time",366010,382.31,380.676,ns,,,"2x32x176",,
"dot/dot_bf16_bf16_fp32_2x16x4_1x4x2_neonbf16/32/264/real_time",246342,567.801,565.246,ns,,,"2x32x264",,
"dot/dot_bf16_bf16_fp32_2x16x4_1x4x2_neonbf16/32/356/real_time",183668,762.171,757.908,ns,,,"2x32x356",,
"dot/dot_bf16_bf16_fp32_2x16x4_1x4x2_neonbf16/64/4/real_time",4241092,32.5502,32.3875,ns,,,"2x64x4",,
"dot/dot_bf16_bf16_fp32_2x16x4_1x4x2_neonbf16/64/44/real_time",699148,200.005,199.087,ns,,,"2x64x44",,
"dot/dot_bf16_bf16_fp32_2x16x4_1x4x2_neonbf16/64/88/real_time",363429,385.314,383.409,ns,,,"2x64x88",,
"dot/dot_bf16_bf16_fp32_2x16x4_1x4x2_neonbf16/64/132/real_time",245410,570.347,567.763,ns,,,"2x64x132",,
"dot/dot_bf16_bf16_fp32_2x16x4_1x4x2_neonbf16/64/180/real_time",181231,772.563,769.119,ns,,,"2x64x180",,
"dot/dot_bf16_bf16_fp32_2x16x4_1x4x2_neonbf16/128/4/real_time",2298703,59.6303,59.3521,ns,,,"2x128x4",,
"dot/dot_bf16_bf16_fp32_2x16x4_1x4x2_neonbf16/128/20/real_time",748744,186.832,185.837,ns,,,"2x128x20",,
"dot/dot_bf16_bf16_fp32_2x16x4_1x4x2_neonbf16/128/44/real_time",357843,390.829,388.842,ns,,,"2x128x44",,
"dot/dot_bf16_bf16_fp32_2x16x4_1x4x2_neonbf16/128/64/real_time",250156,559.107,556.301,ns,,,"2x128x64",,
"dot/dot_bf16_bf16_fp32_2x16x4_1x4x2_neonbf16/128/88/real_time",184320,760.02,756.022,ns,,,"2x128x88",,
"dot/dot_bf16_bf16_fp32_3x16x4_1x4x2_neonbf16/16/4/real_time",8511743,16.5164,16.4391,ns,,,"3x16x4",,
"dot/dot_bf16_bf16_fp32_3x16x4_1x4x2_neonbf16/16/160/real_time",548909,254.15,252.865,ns,,,"3x16x160",,
"dot/dot_bf16_bf16_fp32_3x16x4_1x4x2_neonbf16/16/320/real_time",281112,497.94,495.557,ns,,,"3x16x320",,
"dot/dot_bf16_bf16_fp32_3x16x4_1x4x2_neonbf16/16/480/real_time",188136,741.858,738.558,ns,,,"3x16x480",,
"dot/dot_bf16_bf16_fp32_3x16x4_1x4x2_neonbf16/16/640/real_time",141943,985.572,981.251,ns,,,"3x16x640",,
"dot/dot_bf16_bf16_fp32_3x16x4_1x4x2_neonbf16/32/4/real_time",5703398,24.5835,24.4751,ns,,,"3x32x4",,
"dot/dot_bf16_bf16_fp32_3x16x4_1x4x2_neonbf16/32/84/real_time",523422,267.315,266.133,ns,,,"3x32x84",,
"dot/dot_bf16_bf16_fp32_3x16x4_1x4x2_neonbf16/32/172/real_time",261209,535.562,532.965,ns,,,"3x32x172",,
"dot/dot_bf16_bf16_fp32_3x16x4_1x4x2_neonbf16/32/256/real_time",176938,791.245,787.518,ns,,,"3x32x256",,
"dot/dot_bf16_bf16_fp32_3x16x4_1x4x2_neonbf16/32/344/real_time",131707,1063.94,1058.71,ns,,,"3x32x344",,
"dot/dot_bf16_bf16_fp32_3x16x4_1x4x2_neonbf16/64/4/real_time",3340014,41.8401,41.6595,ns,,,"3x64x4",,
"dot/dot_bf16_bf16_fp32_3x16x4_1x4x2_neonbf16/64/44/real_time",498292,281.036,279.64,ns,,,"3x64x44",,
"dot/dot_bf16_bf16_fp32_3x16x4_1x4x2_neonbf16/64/88/real_time",254617,550.002,547.431,ns,,,"3x64x88",,
"dot/dot_bf16_bf16_fp32_3x16x4_1x4x2_neonbf16/64/132/real_time",171109,817.649,813.994,ns,,,"3x64x132",,
"dot/dot_bf16_bf16_fp32_3x16x4_1x4x2_neonbf16/64/176/real_time",128232,1086.13,1081.52,ns,,,"3x64x176",,
"dot/dot_bf16_bf16_fp32_3x16x4_1x4x2_neonbf16/128/4/real_time",1762847,76.7184,76.389,ns,,,"3x128x4",,
"dot/dot_bf16_bf16_fp32_3x16x4_1x4x2_neonbf16/128/20/real_time",538821,260.662,259.315,ns,,,"3x128x20",,
"dot/dot_bf16_bf16_fp32_3x16x4_1x4x2_neonbf16/128/40/real_time",276422,506.439,503.911,ns,,,"3x128x40",,
"dot/dot_bf16_bf16_fp32_3x16x4_1x4x2_neonbf16/128/60/real_time",186092,751.945,748.628,ns,,,"3x128x60",,
"dot/dot_bf16_bf16_fp32_3x16x4_1x4x2_neonbf16/128/84/real_time",133120,1045.22,1039.59,ns,,,"3x128x84",,
"dot/dot_bf16_bf16_fp32_4x16x4_1x4x2_neonbf16/16/4/real_time",7182134,19.4317,19.3253,ns,,,"4x16x4",,
"dot/dot_bf16_bf16_fp32_4x16x4_1x4x2_neonbf16/16/152/real_time",450587,310.489,309.109,ns,,,"4x16x152",,
"dot/dot_bf16_bf16_fp32_4x16x4_1x4x2_neonbf16/16/304/real_time",228988,610.598,607.637,ns,,,"4x16x304",,
"dot/dot_bf16_bf16_fp32_4x16x4_1x4x2_neonbf16/16/456/real_time",153593,910.68,906.192,ns,,,"4x16x456",,
"dot/dot_bf16_bf16_fp32_4x16x4_1x4x2_neonbf16/16/608/real_time",115133,1210.21,1204.61,ns,,,"4x16x608",,
"dot/dot_bf16_bf16_fp32_4x16x4_1x4x2_neonbf16/32/4/real_time",4701175,29.7687,29.6251,ns,,,"4x32x4",,
"dot/dot_bf16_bf16_fp32_4x16x4_1x4x2_neonbf16/32/80/real_time",426877,327.605,326.126,ns,,,"4x32x80",,
"dot/dot_bf16_bf16_fp32_4x16x4_1x4x2_neonbf16/32/164/real_time",212423,659.21,655.954,ns,,,"4x32x164",,
"dot/dot_bf16_bf16_fp32_4x16x4_1x4x2_neonbf16/32/248/real_time",141279,991.135,985.756,ns,,,"4x32x248",,
"dot/dot_bf16_bf16_fp32_4x16x4_1x4x2_neonbf16/32/332/real_time",105305,1322.22,1315.7,ns,,,"4x32x332",,
"dot/dot_bf16_bf16_fp32_4x16x4_1x4x2_neonbf16/64/4/real_time",2788521,50.2304,49.9827,ns,,,"4x64x4",,
"dot/dot_bf16_bf16_fp32_4x16x4_1x4x2_neonbf16/64/40/real_time",423879,329.351,327.712,ns,,,"4x64x40",,
"dot/dot_bf16_bf16_fp32_4x16x4_1x4x2_neonbf16/64/84/real_time",206941,676.815,673.346,ns,,,"4x64x84",,
"dot/dot_bf16_bf16_fp32_4x16x4_1x4x2_neonbf16/64/128/real_time",136496,1024.28,1019.16,ns,,,"4x64x128",,
"dot/dot_bf16_bf16_fp32_4x16x4_1x4x2_neonbf16/64/172/real_time",102017,1371.86,1364.75,ns,,,"4x64x172",,
"dot/dot_bf16_bf16_fp32_4x16x4_1x4x2_neonbf16/128/4/real_time",1535932,91.1227,90.6762,ns,,,"4x128x4",,
"dot/dot_bf16_bf16_fp32_4x16x4_1x4x2_neonbf16/128/20/real_time",420944,332.566,330.946,ns,,,"4x128x20",,
"dot/dot_bf16_bf16_fp32_4x16x4_1x4x2_neonbf16/128/40/real_time",215694,648.635,645.539,ns,,,"4x128x40",,
"dot/dot_bf16_bf16_fp32_4x16x4_1x4x2_neonbf16/128/60/real_time",144354,969.856,964.993,ns,,,"4x128x60",,
"dot/dot_bf16_bf16_fp32_4x16x4_1x4x2_neonbf16/128/84/real_time",103665,1343.16,1336.75,ns,,,"4x128x84",,
"dot/dot_bf16_bf16_fp32_1x8x4_1x4x2_neonbf16/8/4/real_time",13821757,10.0702,10.0213,ns,,,"1x8x4",,
"dot/dot_bf16_bf16_fp32_1x8x4_1x4x2_neonbf16/8/340/real_time",1068549,130.653,130.036,ns,,,"1x8x340",,
"dot/dot_bf16_bf16_fp32_1x8x4_1x4x2_neonbf16/8/680/real_time",554793,252.249,251.064,ns,,,"1x8x680",,
"dot/dot_bf16_bf16_fp32_1x8x4_1x4x2_neonbf16/8/1020/real_time",373595,374.974,372.91,ns,,,"1x8x1020",,
"dot/dot_bf16_bf16_fp32_1x8x4_1x4x2_neonbf16/8/1360/real_time",282064,496.772,493.85,ns,,,"1x8x1360",,
"dot/dot_bf16_bf16_fp32_1x8x4_1x4x2_neonbf16/16/4/real_time",10063684,13.8605,13.7906,ns,,,"1x16x4",,
"dot/dot_bf16_bf16_fp32_1x8x4_1x4x2_neonbf16/16/180/real_time",1020753,137.024,136.347,ns,,,"1x16x180",,
"dot/dot_bf16_bf16_fp32_1x8x4_1x4x2_neonbf16/16/360/real_time",525456,266.207,264.911,ns,,,"1x16x360",,
"dot/dot_bf16_bf16_fp32_1x8x4_1x4x2_neonbf16/16/540/real_time",354105,395.35,393.489,ns,,,"1x16x540",,
"dot/dot_bf16_bf16_fp32_1x8x4_1x4x2_neonbf16/16/720/real_time",266599,524.594,522.023,ns,,,"1x16x720",,
"dot/dot_bf16_bf16_fp32_1x8x4_1x4x2_neonbf16/32/4/real_time",6525080,21.3969,21.2859,ns,,,"1x32x4",,
"dot/dot_bf16_bf16_fp32_1x8x4_1x4x2_neonbf16/32/92/real_time",1000517,140.342,139.638,ns,,,"1x32x92",,
"dot/dot_bf16_bf16_fp32_1x8x4_1x4x2_neonbf16/32/184/real_time",515259,271.587,270.28,ns,,,"1x32x184",,
"dot/dot_bf16_bf16_fp32_1x8x4_1x4x2_neonbf16/32/276/real_time",346483,403.419,401.381,ns,,,"1x32x276",,
"dot/dot_bf16_bf16_fp32_1x8x4_1x4x2_neonbf16/32/368/real_time",258639,541.483,538.665,ns,,,"1x32x368",,
"dot/dot_bf16_bf16_fp32_1x8x4_1x4x2_neonbf16/64/4/real_time",3759272,37.3113,37.1252,ns,,,"1x64x4",,
"dot/dot_bf16_bf16_fp32_1x8x4_1x4x2_neonbf16/64/44/real_time",987643,141.2,140.523,ns,,,"1x64x44",,
"dot/dot_bf16_bf16_fp32_1x8x4_1x4x2_neonbf16/64/92/real_time",515126,271.12,269.664,ns,,,"1x64x92",,
"dot/dot_bf16_bf16_fp32_1x8x4_1x4x2_neonbf16/64/136/real_time",347957,402.096,400.075,ns,,,"1x64x136",,
"dot/dot_bf16_bf16_fp32_1x8x4_1x4x2_neonbf16/64/184/real_time",259202,540.104,537.48,ns,,,"1x64x184",,
"dot/dot_bf16_bf16_fp32_4x8x4_1x4x2_neonbf16/8/4/real_time",8854018,15.8107,15.7314,ns,,,"4x8x4",,
"dot/dot_bf16_bf16_fp32_4x8x4_1x4x2_neonbf16/8/252/real_time",432122,323.864,322.256,ns,,,"4x8x252",,
"dot/dot_bf16_bf16_fp32_4x8x4_1x4x2_neonbf16/8/508/real_time",217138,645.459,642.278,ns,,,"4x8x508",,
"dot/dot_bf16_bf16_fp32_4x8x4_1x4x2_neonbf16/8/760/real_time",145568,961.687,957.228,ns,,,"4x8x760",,
"dot/dot_bf16_bf16_fp32_4x8x4_1x4x2_neonbf16/8/1016/real_time",108842,1289.74,1282.69,ns,,,"4x8x1016",,
"dot/dot_bf16_bf16_fp32_4x8x4_1x4x2_neonbf16/16/4/real_time",5951761,23.4489,23.3283,ns,,,"4x16x4",,
"dot/dot_bf16_bf16_fp32_4x8x4_1x4x2_neonbf16/16/152/real_time",358128,390.421,388.621,ns,,,"4x16x152",,
"dot/dot_bf16_bf16_fp32_4x8x4_1x4x2_neonbf16/16/304/real_time",181315,772.469,768.508,ns,,,"4x16x304",,
"dot/dot_bf16_bf16_fp32_4x8x4_1x4x2_neonbf16/16/456/real_time",121007,1153.57,1148.07,ns,,,"4x16x456",,
"dot/dot_bf16_bf16_fp32_4x8x4_1x4x2_neonbf16/16/608/real_time",90779,1535.36,1527.83,ns,,,"4x16x608",,
"dot/dot_bf16_bf16_fp32_4x8x4_1x4x2_neonbf16/32/4/real_time",3615795,38.7392,38.5498,ns,,,"4x32x4",,
"dot/dot_bf16_bf16_fp32_4x8x4_1x4x2_neonbf16/32/80/real_time",338006,414.174,412.142,ns,,,"4x32x80",,
"dot/dot_bf16_bf16_fp32_4x8x4_1x4x2_neonbf16/32/164/real_time",167433,835.804,831.659,ns,,,"4x32x164",,
"dot/dot_bf16_bf16_fp32_4x8x4_1x4x2_neonbf16/32/248/real_time",111056,1258.14,1251.84,ns,,,"4x32x248",,
"dot/dot_bf16_bf16_fp32_4x8x4_1x4x2_neonbf16/32/332/real_time",83147,1679.41,1671.43,ns,,,"4x32x332",,
"dot/dot_bf16_bf16_fp32_4x8x4_1x4x2_neonbf16/64/4/real_time",2031832,69.0424,68.7125,ns,,,"4x64x4",,
"dot/dot_bf16_bf16_fp32_4x8x4_1x4x2_neonbf16/64/40/real_time",333145,419.934,417.977,ns,,,"4x64x40",,
"dot/dot_bf16_bf16_fp32_4x8x4_1x4x2_neonbf16/64/84/real_time",162507,861.811,857.524,ns,,,"4x64x84",,
"dot/dot_bf16_bf16_fp32_4x8x4_1x4x2_neonbf16/64/128/real_time",106966,1305.33,1299.13,ns,,,"4x64x128",,
"dot/dot_bf16_bf16_fp32_4x8x4_1x4x2_neonbf16/64/172/real_time",79709,1747.55,1738.24,ns,,,"4x64x172",,
"dot/dot_bf16_bf16_fp32_6x8x4_1x4x2_neonbf16/8/4/real_time",6780584,20.6901,20.5954,ns,,,"6x8x4",,
"dot/dot_bf16_bf16_fp32_6x8x4_1x4x2_neonbf16/8/216/real_time",325590,425.268,423.354,ns,,,"6x8x216",,
"dot/dot_bf16_bf16_fp32_6x8x4_1x4x2_neonbf16/8/432/real_time",165109,843.911,840.048,ns,,,"6x8x432",,
"dot/dot_bf16_bf16_fp32_6x8x4_1x4x2_neonbf16/8/648/real_time",110285,1256.86,1251.33,ns,,,"6x8x648",,
"dot/dot_bf16_bf16_fp32_6x8x4_1x4x2_neonbf16/8/868/real_time",83525,1673.52,1665.7,ns,,,"6x8x868",,
"dot/dot_bf16_bf16_fp32_6x8x4_1x4x2_neonbf16/16/4/real_time",4503863,31.1375,30.9833,ns,,,"6x16x4",,
"dot/dot_bf16_bf16_fp32_6x8x4_1x4x2_neonbf16/16/136/real_time",263008,532.705,530.248,ns,,,"6x16x136",,
"dot/dot_bf16_bf16_fp32_6x8x4_1x4x2_neonbf16/16/272/real_time",132946,1055.88,1050.74,ns,,,"6x16x272",,
"dot/dot_bf16_bf16_fp32_6x8x4_1x4x2_neonbf16/16/408/real_time",87616,1590.86,1582.74,ns,,,"6x16x408",,
"dot/dot_bf16_bf16_fp32_6x8x4_1x4x2_neonbf16/16/548/real_time",65401,2139.27,2129.53,ns,,,"6x16x548",,
"dot/dot_bf16_bf16_fp32_6x8x4_1x4x2_neonbf16/32/4/real_time",2749979,50.7819,50.5474,ns,,,"6x32x4",,
"dot/dot_bf16_bf16_fp32_6x8x4_1x4x2_neonbf16/32/76/real_time",233175,599.99,597.08,ns,,,"6x32x76",,
"dot/dot_bf16_bf16_fp32_6x8x4_1x4x2_neonbf16/32/156/real_time",114772,1216.07,1210.5,ns,,,"6x32x156",,
"dot/dot_bf16_bf16_fp32_6x8x4_1x4x2_neonbf16/32/232/real_time",78303,1792.46,1783.72,ns,,,"6x32x232",,
"dot/dot_bf16_bf16_fp32_6x8x4_1x4x2_neonbf16/32/312/real_time",58122,2414.01,2402.78,ns,,,"6x32x312",,
"dot/dot_bf16_bf16_fp32_6x8x4_1x4x2_neonbf16/64/4/real_time",1446765,91.1991,90.7303,ns,,,"6x64x4",,
"dot/dot_bf16_bf16_fp32_6x8x4_1x4x2_neonbf16/64/40/real_time",222837,628.024,624.662,ns,,,"6x64x40",,
"dot/dot_bf16_bf16_fp32_6x8x4_1x4x2_neonbf16/64/80/real_time",112929,1241.27,1234.32,ns,,,"6x64x80",,
"dot/dot_bf16_bf16_fp32_6x8x4_1x4x2_neonbf16/64/120/real_time",75309,1860.14,1851.13,ns,,,"6x64x120",,
"dot/dot_bf16_bf16_fp32_6x8x4_1x4x2_neonbf16/64/164/real_time",55233,2539.52,2527.41,ns,,,"6x64x164",,
"dot/dot_bf16_bf16_fp32_8x4x4_1x4x2_neonbf16/4/4/real_time",6897702,20.3552,20.2644,ns,,,"8x4x4",,
"dot/dot_bf16_bf16_fp32_8x4x4_1x4x2_neonbf16/4/252/real_time",305892,456.421,454.176,ns,,,"8x4x252",,
"dot/dot_bf16_bf16_fp32_8x4x4_1x4x2_neonbf16/4/508/real_time",154330,908.235,903.948,ns,,,"8x4x508",,
"dot/dot_bf16_bf16_fp32_8x4x4_1x4x2_neonbf16/4/760/real_time",102796,1362.01,1355.62,ns,,,"8x4x760",,
"dot/dot_bf16_bf16_fp32_8x4x4_1x4x2_neonbf16/4/1016/real_time",77193,1811.16,1801.05,ns,,,"8x4x1016",,
"dot/dot_bf16_bf16_fp32_8x4x4_1x4x2_neonbf16/8/4/real_time",4581745,30.5989,30.4417,ns,,,"8x8x4",,
"dot/dot_bf16_bf16_fp32_8x4x4_1x4x2_neonbf16/8/188/real_time",206044,677.359,674.018,ns,,,"8x8x188",,
"dot/dot_bf16_bf16_fp32_8x4x4_1x4x2_neonbf16/8/380/real_time",102761,1358.39,1352.37,ns,,,"8x8x380",,
"dot/dot_bf16_bf16_fp32_8x4x4_1x4x2_neonbf16/8/568/real_time",68902,2031.55,2021.79,ns,,,"8x8x568",,
"dot/dot_bf16_bf16_fp32_8x4x4_1x4x2_neonbf16/8/760/real_time",51482,2714.1,2700.2,ns,,,"8x8x760",,
"dot/dot_bf16_bf16_fp32_8x4x4_1x4x2_neonbf16/16/4/real_time",2851793,48.9873,48.7602,ns,,,"8x16x4",,
"dot/dot_bf16_bf16_fp32_8x4x4_1x4x2_neonbf16/16/124/real_time",157028,890.97,886.515,ns,,,"8x16x124",,
"dot/dot_bf16_bf16_fp32_8x4x4_1x4x2_neonbf16/16/248/real_time",78476,1784.01,1775.97,ns,,,"8x16x248",,
"dot/dot_bf16_bf16_fp32_8x4x4_1x4x2_neonbf16/16/372/real_time",52865,2644.6,2632.28,ns,,,"8x16x372",,
"dot/dot_bf16_bf16_fp32_8x4x4_1x4x2_neonbf16/16/500/real_time",39336,3554.12,3535.69,ns,,,"8x16x500",,
"dot/dot_bf16_bf16_fp32_8x4x4_1x4x2_neonbf16/32/4/real_time",1603462,87.2538,86.8567,ns,,,"8x32x4",,
"dot/dot_bf16_bf16_fp32_8x4x4_1x4x2_neonbf16/32/72/real_time",133118,1048.52,1043.63,ns,,,"8x32x72",,
"dot/dot_bf16_bf16_fp32_8x4x4_1x4x2_neonbf16/32/144/real_time",66979,2082.21,2071.72,ns,,,"8x32x144",,
"dot/dot_bf16_bf16_fp32_8x4x4_1x4x2_neonbf16/32/216/real_time",44922,3113.29,3099.27,ns,,,"8x32x216",,
"dot/dot_bf16_bf16_fp32_8x4x4_1x4x2_neonbf16/32/292/real_time",33871,4156.64,4137.07,ns,,,"8x32x292",,
"dot/dot_fp32_1x64x4_1x4x1_neon/64/4/real_time",5462416,25.5804,25.4633,ns,,,"1x64x4",,
"dot/dot_fp32_1x64x4_1x4x1_neon/64/20/real_time",1898650,73.8988,73.5698,ns,,,"1x64x20",,
"dot/dot_fp32_1x64x4_1x4x1_neon/64/44/real_time",959428,145.601,144.92,ns,,,"1x64x44",,
"dot/dot_fp32_1x64x4_1x4x1_neon/64/68/real_time",619378,228.555,227.481,ns,,,"1x64x68",,
"dot/dot_fp32_1x64x4_1x4x1_neon/64/92/real_time",462542,300.889,299.331,ns,,,"1x64x92",,
"dot/dot_fp32_1x64x4_1x4x1_neon/128/4/real_time",3338678,41.81,41.5867,ns,,,"1x128x4",,
"dot/dot_fp32_1x64x4_1x4x1_neon/128/8/real_time",2068794,67.7067,67.3788,ns,,,"1x128x8",,
"dot/dot_fp32_1x64x4_1x4x1_neon/128/20/real_time",1003281,138.989,138.299,ns,,,"1x128x20",,
"dot/dot_fp32_1x64x4_1x4x1_neon/128/32/real_time",663509,210.044,208.974,ns,,,"1x128x32",,
"dot/dot_fp32_1x64x4_1x4x1_neon/128/44/real_time",468832,283.039,281.735,ns,,,"1x128x44",,
"dot/dot_fp32_1x64x4_1x4x1_neon/256/4/real_time",1847844,75.8043,75.4201,ns,,,"1x256x4",,
"dot/dot_fp32_1x64x4_1x4x1_neon/256/8/real_time",1108998,126.522,125.914,ns,,,"1x256x8",,
"dot/dot_fp32_1x64x4_1x4x1_neon/256/12/real_time",804109,174.158,173.185,ns,,,"1x256x12",,
"dot/dot_fp32_1x64x4_1x4x1_neon/256/20/real_time",518108,281.831,280.325,ns,,,"1x256x20",,
"dot/dot_fp32_1x64x4_1x4x1_neon/512/4/real_time",985214,141.456,140.787,ns,,,"1x512x4",,
"dot/dot_fp32_1x64x4_1x4x1_neon/512/8/real_time",577305,243.519,242.213,ns,,,"1x512x8",,
"dot/dot_fp32_1x32x4_1x4x1_neon/32/4/real_time",7938360,17.7395,17.6488,ns,,,"1x32x4",,
"dot/dot_fp32_1x32x4_1x4x1_neon/32/44/real_time",1729938,80.9028,80.49,ns,,,"1x32x44",,
"dot/dot_fp32_1x32x4_1x4x1_neon/32/92/real_time",913969,153.571,152.775,ns,,,"1x32x92",,
"dot/dot_fp32_1x32x4_1x4x1_neon/32/136/real_time",620267,220.21,218.994,ns,,,"1x32x136",,
"dot/dot_fp32_1x32x4_1x4x1_neon/32/184/real_time",478151,305.465,303.979,ns,,,"1x32x184",,
"dot/dot_fp32_1x32x4_1x4x1_neon/64/4/real_time",5158289,26.9469,26.8206,ns,,,"1x64x4",,
"dot/dot_fp32_1x32x4_1x4x1_neon/64/20/real_time",1778574,78.384,78.01,ns,,,"1x64x20",,
"dot/dot_fp32_1x32x4_1x4x1_neon/64/44/real_time",927479,151.363,150.622,ns,,,"1x64x44",,
"dot/dot_fp32_1x32x4_1x4x1_neon/64/68/real_time",623013,224.203,223.008,ns,,,"1x64x68",,
"dot/dot_fp32_1x32x4_1x4x1_neon/64/92/real_time",456296,297.061,295.174,ns,,,"1x64x92",,
"dot/dot_fp32_1x32x4_1x4x1_neon/128/4/real_time",2939343,47.7458,47.5115,ns,,,"1x128x4",,
"dot/dot_fp32_1x32x4_1x4x1_neon/128/8/real_time",1892200,73.7892,73.411,ns,,,"1x128x8",,
"dot/dot_fp32_1x32x4_1x4x1_neon/128/20/real_time",953611,146.973,146.279,ns,,,"1x128x20",,
"dot/dot_fp32_1x32x4_1x4x1_neon/128/32/real_time",636419,219.381,218.221,ns,,,"1x128x32",,
"dot/dot_fp32_1x32x4_1x4x1_neon/128/44/real_time",463360,301.289,299.881,ns,,,"1x128x44",,
"dot/dot_fp32_1x32x4_1x4x1_neon/256/4/real_time",1596455,87.5522,87.1577,ns,,,"1x256x4",,
"dot/dot_fp32_1x32x4_1x4x1_neon/256/8/real_time",1013984,137.887,137.281,ns,,,"1x256x8",,
"dot/dot_fp32_1x32x4_1x4x1_neon/256/12/real_time",746184,186.89,185.889,ns,,,"1x256x12",,
"dot/dot_fp32_1x32x4_1x4x1_neon/256/20/real_time",491068,283.97,282.634,ns,,,"1x256x20",,
"dot/dot_fp32_2x32x4_1x4x1_neon/32/4/real_time",5804851,24.111,23.9982,ns,,,"2x32x4",,
"dot/dot_fp32_2x32x4_1x4x1_neon/32/44/real_time",1005758,139.068,138.387,ns,,,"2x32x44",,
"dot/dot_fp32_2x32x4_1x4x1_neon/32/88/real_time",527120,265.371,264.088,ns,,,"2x32x88",,
"dot/dot_fp32_2x32x4_1x4x1_neon/32/132/real_time",357326,391.905,389.718,ns,,,"2x32x132",,
"dot/dot_fp32_2x32x4_1x4x1_neon/32/176/real_time",266425,522.87,520.325,ns,,,"2x32x176",,
"dot/dot_fp32_2x32x4_1x4x1_neon/64/4/real_time",3641013,38.5155,38.3339,ns,,,"2x64x4",,
"dot/dot_fp32_2x32x4_1x4x1_neon/64/20/real_time",1071523,130.08,129.387,ns,,,"2x64x20",,
"dot/dot_fp32_2x32x4_1x4x1_neon/64/44/real_time",522227,267.975,266.434,ns,,,"2x64x44",,
"dot/dot_fp32_2x32x4_1x4x1_neon/64/64/real_time",365157,383.04,380.841,ns,,,"2x64x64",,
"dot/dot_fp32_2x32x4_1x4x1_neon/64/88/real_time",266195,520.812,517.83,ns,,,"2x64x88",,
"dot/dot_fp32_2x32x4_1x4x1_neon/128/4/real_time",2065871,67.68,67.3357,ns,,,"2x128x4",,
"dot/dot_fp32_2x32x4_1x4x1_neon/128/8/real_time",1243420,112.199,111.628,ns,,,"2x128x8",,
"dot/dot_fp32_2x32x4_1x4x1_neon/128/20/real_time",560624,249.464,248.29,ns,,,"2x128x20",,
"dot/dot_fp32_2x32x4_1x4x1_neon/128/32/real_time",360821,389.308,387.547,ns,,,"2x128x32",,
"dot/dot_fp32_2x32x4_1x4x1_neon/128/44/real_time",264621,528.469,526.061,ns,,,"2x128x44",,
"dot/dot_fp32_2x32x4_1x4x1_neon/256/4/real_time",1059669,129.335,128.695,ns,,,"2x256x4",,
"dot/dot_fp32_2x32x4_1x4x1_neon/256/8/real_time",652689,214.244,213.22,ns,,,"2x256x8",,
"dot/dot_fp32_2x32x4_1x4x1_neon/256/12/real_time",457857,305.985,304.449,ns,,,"2x256x12",,
"dot/dot_fp32_2x32x4_1x4x1_neon/256/20/real_time",282926,488.632,486.376,ns,,,"2x256x20",,
"dot/dot_fp32_3x32x4_1x4x1_neon/32/4/real_time",4470946,31.5437,31.3713,ns,,,"3x32x4",,
"dot/dot_fp32_3x32x4_1x4x1_neon/32/40/real_time",742299,188.494,187.666,ns,,,"3x32x40",,
"dot/dot_fp32_3x32x4_1x4x1_neon/32/84/real_time",368513,379.661,377.974,ns,,,"3x32x84",,
"dot/dot_fp32_3x32x4_1x4x1_neon/32/128/real_time",245043,571.485,568.595,ns,,,"3x32x128",,
"dot/dot_fp32_3x32x4_1x4x1_neon/32/172/real_time",181567,775.006,771.052,ns,,,"3x32x172",,
"dot/dot_fp32_3x32x4_1x4x1_neon/64/4/real_time",2648320,52.9138,52.659,ns,,,"3x64x4",,
"dot/dot_fp32_3x32x4_1x4x1_neon/64/20/real_time",728240,191.72,190.834,ns,,,"3x64x20",,
"dot/dot_fp32_3x32x4_1x4x1_neon/64/44/real_time",349470,400.452,398.603,ns,,,"3x64x44",,
"dot/dot_fp32_3x32x4_1x4x1_neon/64/64/real_time",243151,574.957,572.174,ns,,,"3x64x64",,
"dot/dot_fp32_3x32x4_1x4x1_neon/64/88/real_time",178605,785.426,781.633,ns,,,"3x64x88",,
"dot/dot_fp32_3x32x4_1x4x1_neon/128/4/real_time",1468255,95.1632,94.7089,ns,,,"3x128x4",,
"dot/dot_fp32_3x32x4_1x4x1_neon/128/8/real_time",852229,163.904,163.193,ns,,,"3x128x8",,
"dot/dot_fp32_3x32x4_1x4x1_neon/128/20/real_time",375142,372.9,371.182,ns,,,"3x128x20",,
"dot/dot_fp32_3x32x4_1x4x1_neon/128/28/real_time",273199,512.468,509.902,ns,,,"3x128x28",,
"dot/dot_fp32_3x32x4_1x4x1_neon/128/40/real_time",194039,723.765,720.388,ns,,,"3x128x40",,
"dot/dot_fp32_3x32x4_1x4x1_neon/256/4/real_time",772583,180.706,179.793,ns,,,"3x256x4",,
"dot/dot_fp32_3x32x4_1x4x1_neon/256/8/real_time",434300,322.218,320.658,ns,,,"3x256x8",,
"dot/dot_fp32_3x32x4_1x4x1_neon/256/12/real_time",305521,457.477,455.124,ns,,,"3x256x12",,
"dot/dot_fp32_3x32x4_1x4x1_neon/256/20/real_time",188976,744.027,740.502,ns,,,"3x256x20",,
"dot/dot_fp32_1x16x4_1x4x1_neon/16/4/real_time",9485329,14.7418,14.67,ns,,,"1x16x4",,
"dot/dot_fp32_1x16x4_1x4x1_neon/16/88/real_time",1644229,85.3091,84.8679,ns,,,"1x16x88",,
"dot/dot_fp32_1x16x4_1x4x1_neon/16/180/real_time",863498,162.017,161.237,ns,,,"1x16x180",,
"dot/dot_fp32_1x16x4_1x4x1_neon/16/268/real_time",599564,231.447,230.208,ns,,,"1x16x268",,
"dot/dot_fp32_1x16x4_1x4x1_neon/16/360/real_time",436617,320.905,319.395,ns,,,"1x16x360",,
"dot/dot_fp32_1x16x4_1x4x1_neon/32/4/real_time",6804770,20.508,20.404,ns,,,"1x32x4",,
"dot/dot_fp32_1x16x4_1x4x1_neon/32/44/real_time",1576479,88.3341,87.9096,ns,,,"1x32x44",,
"dot/dot_fp32_1x16x4_1x4x1_neon/32/92/real_time",829305,169.216,168.427,ns,,,"1x32x92",,
"dot/dot_fp32_1x16x4_1x4x1_neon/32/136/real_time",555758,248.333,247.081,ns,,,"1x32x136",,
"dot/dot_fp32_1x16x4_1x4x1_neon/32/184/real_time",419605,331.75,330.062,ns,,,"1x32x184",,
"dot/dot_fp32_1x16x4_1x4x1_neon/64/4/real_time",4004965,35.395,35.2263,ns,,,"1x64x4",,
"dot/dot_fp32_1x16x4_1x4x1_neon/64/20/real_time",1554203,90.1696,89.7386,ns,,,"1x64x20",,
"dot/dot_fp32_1x16x4_1x4x1_neon/64/44/real_time",831778,167.568,166.738,ns,,,"1x64x44",,
"dot/dot_fp32_1x16x4_1x4x1_neon/64/68/real_time",562586,248.532,247.33,ns,,,"1x64x68",,
"dot/dot_fp32_1x16x4_1x4x1_neon/64/92/real_time",407633,339.613,337.951,ns,,,"1x64x92",,
"dot/dot_fp32_1x16x4_1x4x1_neon/128/4/real_time",2220200,63.3311,63.0218,ns,,,"1x128x4",,
"dot/dot_fp32_1x16x4_1x4x1_neon/128/8/real_time",1555374,89.5675,89.1406,ns,,,"1x128x8",,
"dot/dot_fp32_1x16x4_1x4x1_neon/128/20/real_time",825304,169.576,168.818,ns,,,"1x128x20",,
"dot/dot_fp32_1x16x4_1x4x1_neon/128/32/real_time",563137,247.52,246.358,ns,,,"1x128x32",,
"dot/dot_fp32_1x16x4_1x4x1_neon/128/44/real_time",427146,334.338,332.613,ns,,,"1x128x44",,
"dot/dot_fp32_2x16x4_1x4x1_neon/16/4/real_time",7980026,17.5154,17.4338,ns,,,"2x16x4",,
"dot/dot_fp32_2x16x4_1x4x1_neon/16/84/real_time",1053754,132.577,131.959,ns,,,"2x16x84",,
"dot/dot_fp32_2x16x4_1x4x1_neon/16/168/real_time",552743,253.695,252.373,ns,,,"2x16x168",,
"dot/dot_fp32_2x16x4_1x4x1_neon/16/252/real_time",374008,373.793,372.026,ns,,,"2x16x252",,
"dot/dot_fp32_2x16x4_1x4x1_neon/16/336/real_time",276872,494.252,491.977,ns,,,"2x16x336",,
"dot/dot_fp32_2x16x4_1x4x1_neon/32/4/real_time",5137065,27.1803,27.0324,ns,,,"2x32x4",,
"dot/dot_fp32_2x16x4_1x4x1_neon/32/44/real_time",992006,140.464,139.698,ns,,,"2x32x44",,
"dot/dot_fp32_2x16x4_1x4x1_neon/32/88/real_time",525053,267.389,265.972,ns,,,"2x32x88",,
"dot/dot_fp32_2x16x4_1x4x1_neon/32/132/real_time",355559,393.152,391.126,ns,,,"2x32x132",,
"dot/dot_fp32_2x16x4_1x4x1_neon/32/176/real_time",265592,527.217,524.686,ns,,,"2x32x176",,
"dot/dot_fp32_2x16x4_1x4x1_neon/64/4/real_time",2948416,47.3702,47.1394,ns,,,"2x64x4",,
"dot/dot_fp32_2x16x4_1x4x1_neon/64/20/real_time",1039865,133.366,132.722,ns,,,"2x64x20",,
"dot/dot_fp32_2x16x4_1x4x1_neon/64/44/real_time",516364,271.346,269.993,ns,,,"2x64x44",,
"dot/dot_fp32_2x16x4_1x4x1_neon/64/64/real_time",362110,386.273,384.448,ns,,,"2x64x64",,
"dot/dot_fp32_2x16x4_1x4x1_neon/64/88/real_time",264754,530.15,527.61,ns,,,"2x64x88",,
"dot/dot_fp32_2x16x4_1x4x1_neon/128/4/real_time",1597905,87.5957,87.165,ns,,,"2x128x4",,
"dot/dot_fp32_2x16x4_1x4x1_neon/128/8/real_time",1092492,126.882,126.305,ns,,,"2x128x8",,
"dot/dot_fp32_2x16x4_1x4x1_neon/128/20/real_time",528329,266.149,264.88,ns,,,"2x128x20",,
"dot/dot_fp32_2x16x4_1x4x1_neon/128/32/real_time",347536,402.528,400.368,ns,,,"2x128x32",,
"dot/dot_fp32_2x16x4_1x4x1_neon/128/44/real_time",257454,541.583,538.874,ns,,,"2x128x44",,
"dot/dot_fp32_3x16x4_1x4x1_neon/16/4/real_time",6788856,20.6611,20.5509,ns,,,"3x16x4",,
"dot/dot_fp32_3x16x4_1x4x1_neon/16/80/real_time",759050,184.413,183.469,ns,,,"3x16x80",,
"dot/dot_fp32_3x16x4_1x4x1_neon/16/160/real_time",392754,356.485,354.745,ns,,,"3x16x160",,
"dot/dot_fp32_3x16x4_1x4x1_neon/16/240/real_time",264205,530.086,527.637,ns,,,"3x16x240",,
"dot/dot_fp32_3x16x4_1x4x1_neon/16/320/real_time",197784,704.954,701.046,ns,,,"3x16x320",,
"dot/dot_fp32_3x16x4_1x4x1_neon/32/4/real_time",4274442,32.7531,32.6108,ns,,,"3x32x4",,
"dot/dot_fp32_3x16x4_1x4x1_neon/32/40/real_time",748442,186.068,185.229,ns,,,"3x32x40",,
"dot/dot_fp32_3x16x4_1x4x1_neon/32/84/real_time",372637,376.254,374.337,ns,,,"3x32x84",,
"dot/dot_fp32_3x16x4_1x4x1_neon/32/128/real_time",247681,565.375,562.577,ns,,,"3x32x128",,
"dot/dot_fp32_3x16x4_1x4x1_neon/32/172/real_time",184562,765.376,761.233,ns,,,"3x32x172",,
"dot/dot_fp32_3x16x4_1x4x1_neon/64/4/real_time",2469944,56.8435,56.5851,ns,,,"3x64x4",,
"dot/dot_fp32_3x16x4_1x4x1_neon/64/20/real_time",733282,190.445,189.607,ns,,,"3x64x20",,
"dot/dot_fp32_3x16x4_1x4x1_neon/64/44/real_time",352661,401.429,396.455,ns,,,"3x64x44",,
"dot/dot_fp32_3x16x4_1x4x1_neon/64/64/real_time",245815,569.952,566.795,ns,,,"3x64x64",,
"dot/dot_fp32_3x16x4_1x4x1_neon/64/88/real_time",179349,778.387,774.784,ns,,,"3x64x88",,
"dot/dot_fp32_3x16x4_1x4x1_neon/128/4/real_time",1322444,105.443,104.925,ns,,,"3x128x4",,
"dot/dot_fp32_3x16x4_1x4x1_neon/128/8/real_time",814180,171.783,171.004,ns,,,"3x128x8",,
"dot/dot_fp32_3x16x4_1x4x1_neon/128/20/real_time",376294,371.045,369.21,ns,,,"3x128x20",,
"dot/dot_fp32_3x16x4_1x4x1_neon/128/28/real_time",274829,509.112,506.568,ns,,,"3x128x28",,
"dot/dot_fp32_3x16x4_1x4x1_neon/128/40/real_time",196052,714.533,710.807,ns,,,"3x128x40",,
"dot/dot_fp32_4x16x4_1x4x1_neon/16/4/real_time",5666116,24.6721,24.5449,ns,,,"4x16x4",,
"dot/dot_fp32_4x16x4_1x4x1_neon/16/76/real_time",604232,231.161,230.136,ns,,,"4x16x76",,
"dot/dot_fp32_4x16x4_1x4x1_neon/16/152/real_time",311425,453.525,447.959,ns,,,"4x16x152",,
"dot/dot_fp32_4x16x4_1x4x1_neon/16/228/real_time",206914,673.465,670.309,ns,,,"4x16x228",,
"dot/dot_fp32_4x16x4_1x4x1_neon/16/304/real_time",156734,890.396,886.279,ns,,,"4x16x304",,
"dot/dot_fp32_4x16x4_1x4x1_neon/32/4/real_time",3577875,39.2269,39.0268,ns,,,"4x32x4",,
"dot/dot_fp32_4x16x4_1x4x1_neon/32/40/real_time",570785,245.148,243.966,ns,,,"4x32x40",,
"dot/dot_fp32_4x16x4_1x4x1_neon/32/80/real_time",294676,475.159,472.612,ns,,,"4x32x80",,
"dot/dot_fp32_4x16x4_1x4x1_neon/32/120/real_time",198769,704.766,700.989,ns,,,"4x32x120",,
"dot/dot_fp32_4x16x4_1x4x1_neon/32/164/real_time",145011,956.88,952.289,ns,,,"4x32x164",,
"dot/dot_fp32_4x16x4_1x4x1_neon/64/4/real_time",2030299,68.8918,68.5635,ns,,,"4x64x4",,
"dot/dot_fp32_4x16x4_1x4x1_neon/64/20/real_time",559774,249.946,248.806,ns,,,"4x64x20",,
"dot/dot_fp32_4x16x4_1x4x1_neon/64/40/real_time",291920,479.373,476.97,ns,,,"4x64x40",,
"dot/dot_fp32_4x16x4_1x4x1_neon/64/60/real_time",197343,709.408,706.145,ns,,,"4x64x60",,
"dot/dot_fp32_4x16x4_1x4x1_neon/64/84/real_time",140985,993.117,987.936,ns,,,"4x64x84",,
"dot/dot_fp32_4x16x4_1x4x1_neon/128/4/real_time",1096673,127.315,126.678,ns,,,"4x128x4",,
"dot/dot_fp32_4x16x4_1x4x1_neon/128/8/real_time",653553,214.543,213.352,ns,,,"4x128x8",,
"dot/dot_fp32_4x16x4_1x4x1_neon/128/20/real_time",286289,489.475,487.002,ns,,,"4x128x20",,
"dot/dot_fp32_4x16x4_1x4x1_neon/128/28/real_time",208276,672.005,668.835,ns,,,"4x128x28",,
"dot/dot_fp32_4x16x4_1x4x1_neon/128/40/real_time",146510,956.099,951.415,ns,,,"4x128x40",,
"dot/dot_fp32_5x16x4_1x4x1_neon/16/4/real_time",4755065,29.2834,29.1544,ns,,,"5x16x4",,
"dot/dot_fp32_5x16x4_1x4x1_neon/16/72/real_time",510026,273.897,272.591,ns,,,"5x16x72",,
"dot/dot_fp32_5x16x4_1x4x1_neon/16/144/real_time",262954,532.777,529.883,ns,,,"5x16x144",,
"dot/dot_fp32_5x16x4_1x4x1_neon/16/216/real_time",177092,790.388,786.67,ns,,,"5x16x216",,
"dot/dot_fp32_5x16x4_1x4x1_neon/16/288/real_time",132148,1054.54,1048.78,ns,,,"5x16x288",,
"dot/dot_fp32_5x16x4_1x4x1_neon/32/4/real_time",2930694,47.9386,47.7265,ns,,,"5x32x4",,
"dot/dot_fp32_5x16x4_1x4x1_neon/32/40/real_time",456974,306.195,304.83,ns,,,"5x32x40",,
"dot/dot_fp32_5x16x4_1x4x1_neon/32/80/real_time",235705,593.863,591.139,ns,,,"5x32x80",,
"dot/dot_fp32_5x16x4_1x4x1_neon/32/120/real_time",159058,881.606,876.886,ns,,,"5x32x120",,
"dot/dot_fp32_5x16x4_1x4x1_neon/32/160/real_time",119031,1171.52,1166.11,ns,,,"5x32x160",,
"dot/dot_fp32_5x16x4_1x4x1_neon/64/4/real_time",1662195,84.1629,83.7484,ns,,,"5x64x4",,
"dot/dot_fp32_5x16x4_1x4x1_neon/64/20/real_time",444274,314.06,312.312,ns,,,"5x64x20",,
"dot/dot_fp32_5x16x4_1x4x1_neon/64/40/real_time",232841,601.793,598.284,ns,,,"5x64x40",,
"dot/dot_fp32_5x16x4_1x4x1_neon/64/60/real_time",157526,888.664,884.245,ns,,,"5x64x60",,
"dot/dot_fp32_5x16x4_1x4x1_neon/64/84/real_time",113042,1241.58,1235.28,ns,,,"5x64x84",,
"dot/dot_fp32_5x16x4_1x4x1_neon/128/4/real_time",893000,156.937,156.227,ns,,,"5x128x4",,
"dot/dot_fp32_5x16x4_1x4x1_neon/128/8/real_time",512010,273.334,272.073,ns,,,"5x128x8",,
"dot/dot_fp32_5x16x4_1x4x1_neon/128/20/real_time",227112,616.01,613.314,ns,,,"5x128x20",,
"dot/dot_fp32_5x16x4_1x4x1_neon/128/28/real_time",165549,845.586,841.981,ns,,,"5x128x28",,
"dot/dot_fp32_5x16x4_1x4x1_neon/128/40/real_time",117097,1206.55,1192.23,ns,,,"5x128x40",,
"dot/dot_fp32_1x8x4_1x4x1_neon/8/4/real_time",10887881,12.8042,12.7418,ns,,,"1x8x4",,
"dot/dot_fp32_1x8x4_1x4x1_neon/8/168/real_time",1113016,126.088,125.436,ns,,,"1x8x168",,
"dot/dot_fp32_1x8x4_1x4x1_neon/8/340/real_time",560476,249.232,248.01,ns,,,"1x8x340",,
"dot/dot_fp32_1x8x4_1x4x1_neon/8/508/real_time",378428,370.193,368.356,ns,,,"1x8x508",,
"dot/dot_fp32_1x8x4_1x4x1_neon/8/680/real_time",281005,494.475,492.045,ns,,,"1x8x680",,
"dot/dot_fp32_1x8x4_1x4x1_neon/16/4/real_time",8042534,17.4383,17.3517,ns,,,"1x16x4",,
"dot/dot_fp32_1x8x4_1x4x1_neon/16/88/real_time",1101545,127.256,126.55,ns,,,"1x16x88",,
"dot/dot_fp32_1x8x4_1x4x1_neon/16/180/real_time",538648,259.332,257.955,ns,,,"1x16x180",,
"dot/dot_fp32_1x8x4_1x4x1_neon/16/268/real_time",363102,385.852,383.936,ns,,,"1x16x268",,
"dot/dot_fp32_1x8x4_1x4x1_neon/16/360/real_time",270291,519.23,516.491,ns,,,"1x16x360",,
"dot/dot_fp32_1x8x4_1x4x1_neon/32/4/real_time",4905262,28.6923,28.5314,ns,,,"1x32x4",,
"dot/dot_fp32_1x8x4_1x4x1_neon/32/44/real_time",1134575,123.753,123.118,ns,,,"1x32x44",,
"dot/dot_fp32_1x8x4_1x4x1_neon/32/92/real_time",542437,257.857,256.603,ns,,,"1x32x92",,
"dot/dot_fp32_1x8x4_1x4x1_neon/32/136/real_time",363928,385.325,383.556,ns,,,"1x32x136",,
"dot/dot_fp32_1x8x4_1x4x1_neon/32/184/real_time",266909,527.865,525.267,ns,,,"1x32x184",,
"dot/dot_fp32_1x8x4_1x4x1_neon/64/4/real_time",2645068,51.53,51.298,ns,,,"1x64x4",,
"dot/dot_fp32_1x8x4_1x4x1_neon/64/20/real_time",1224038,114.874,114.333,ns,,,"1x64x20",,
"dot/dot_fp32_1x8x4_1x4x1_neon/64/44/real_time",594596,236.643,235.308,ns,,,"1x64x44",,
"dot/dot_fp32_1x8x4_1x4x1_neon/64/68/real_time",380221,368.316,366.318,ns,,,"1x64x68",,
"dot/dot_fp32_1x8x4_1x4x1_neon/64/92/real_time",274566,508.581,505.558,ns,,,"1x64x92",,
"dot/dot_fp32_4x8x4_1x4x1_neon/8/4/real_time",7529053,18.5823,18.4948,ns,,,"4x8x4",,
"dot/dot_fp32_4x8x4_1x4x1_neon/8/124/real_time",733504,190.196,189.344,ns,,,"4x8x124",,
"dot/dot_fp32_4x8x4_1x4x1_neon/8/252/real_time",373816,374.057,372.279,ns,,,"4x8x252",,
"dot/dot_fp32_4x8x4_1x4x1_neon/8/380/real_time",249954,559.657,557,ns,,,"4x8x380",,
"dot/dot_fp32_4x8x4_1x4x1_neon/8/508/real_time",188222,744.373,740.86,ns,,,"4x8x508",,
"dot/dot_fp32_4x8x4_1x4x1_neon/16/4/real_time",4761095,29.3738,29.2246,ns,,,"4x16x4",,
"dot/dot_fp32_4x8x4_1x4x1_neon/16/76/real_time",600625,232.693,231.476,ns,,,"4x16x76",,
"dot/dot_fp32_4x8x4_1x4x1_neon/16/152/real_time",310285,450.887,448.729,ns,,,"4x16x152",,
"dot/dot_fp32_4x8x4_1x4x1_neon/16/228/real_time",208731,671.006,667.383,ns,,,"4x16x228",,
"dot/dot_fp32_4x8x4_1x4x1_neon/16/304/real_time",155568,887.252,883.12,ns,,,"4x16x304",,
"dot/dot_fp32_4x8x4_1x4x1_neon/32/4/real_time",2784785,50.2522,49.9902,ns,,,"4x32x4",,
"dot/dot_fp32_4x8x4_1x4x1_neon/32/40/real_time",562355,249.024,247.784,ns,,,"4x32x40",,
"dot/dot_fp32_4x8x4_1x4x1_neon/32/80/real_time",291961,479.198,476.559,ns,,,"4x32x80",,
"dot/dot_fp32_4x8x4_1x4x1_neon/32/120/real_time",197653,708.002,704.677,ns,,,"4x32x120",,
"dot/dot_fp32_4x8x4_1x4x1_neon/32/164/real_time",145776,960.203,955.739,ns,,,"4x32x164",,
"dot/dot_fp32_4x8x4_1x4x1_neon/64/4/real_time",1524497,91.8018,91.3919,ns,,,"4x64x4",,
"dot/dot_fp32_4x8x4_1x4x1_neon/64/20/real_time",543338,257.505,256.243,ns,,,"4x64x20",,
"dot/dot_fp32_4x8x4_1x4x1_neon/64/40/real_time",287025,487.363,485.121,ns,,,"4x64x40",,
"dot/dot_fp32_4x8x4_1x4x1_neon/64/60/real_time",194232,718.254,714.906,ns,,,"4x64x60",,
"dot/dot_fp32_4x8x4_1x4x1_neon/64/84/real_time",139887,996.521,991.256,ns,,,"4x64x84",,
"dot/dot_fp32_6x8x4_1x4x1_neon/8/4/real_time",6159812,22.5242,22.4228,ns,,,"6x8x4",,
"dot/dot_fp32_6x8x4_1x4x1_neon/8/108/real_time",568325,245.841,244.665,ns,,,"6x8x108",,
"dot/dot_fp32_6x8x4_1x4x1_neon/8/216/real_time",290626,481.809,479.372,ns,,,"6x8x216",,
"dot/dot_fp32_6x8x4_1x4x1_neon/8/324/real_time",196793,711.504,707.831,ns,,,"6x8x324",,
"dot/dot_fp32_6x8x4_1x4x1_neon/8/432/real_time",147233,951.631,946.893,ns,,,"6x8x432",,
"dot/dot_fp32_6x8x4_1x4x1_neon/16/4/real_time",4019746,34.6683,34.5033,ns,,,"6x16x4",,
"dot/dot_fp32_6x8x4_1x4x1_neon/16/68/real_time",455030,307.982,306.451,ns,,,"6x16x68",,
"dot/dot_fp32_6x8x4_1x4x1_neon/16/136/real_time",232999,600.687,597.928,ns,,,"6x16x136",,
"dot/dot_fp32_6x8x4_1x4x1_neon/16/204/real_time",156762,897.906,893.21,ns,,,"6x16x204",,
"dot/dot_fp32_6x8x4_1x4x1_neon/16/272/real_time",117451,1188.96,1182.42,ns,,,"6x16x272",,
"dot/dot_fp32_6x8x4_1x4x1_neon/32/4/real_time",2373711,59.0169,58.7369,ns,,,"6x32x4",,
"dot/dot_fp32_6x8x4_1x4x1_neon/32/36/real_time",425576,328.668,327.065,ns,,,"6x32x36",,
"dot/dot_fp32_6x8x4_1x4x1_neon/32/76/real_time",207897,673.369,669.988,ns,,,"6x32x76",,
"dot/dot_fp32_6x8x4_1x4x1_neon/32/116/real_time",136574,1018.58,1013.91,ns,,,"6x32x116",,
"dot/dot_fp32_6x8x4_1x4x1_neon/32/156/real_time",102169,1363.54,1356.71,ns,,,"6x32x156",,
"dot/dot_fp32_6x8x4_1x4x1_neon/64/4/real_time",1300027,107.713,107.207,ns,,,"6x64x4",,
"dot/dot_fp32_6x8x4_1x4x1_neon/64/20/real_time",377326,370.569,368.891,ns,,,"6x64x20",,
"dot/dot_fp32_6x8x4_1x4x1_neon/64/40/real_time",195501,715.747,712.354,ns,,,"6x64x40",,
"dot/dot_fp32_6x8x4_1x4x1_neon/64/60/real_time",131178,1059.35,1054.03,ns,,,"6x64x60",,
"dot/dot_fp32_6x8x4_1x4x1_neon/64/80/real_time",98801,1416.09,1409.03,ns,,,"6x64x80",,
"dot/dot_fp32_8x8x4_1x4x1_neon/8/4/real_time",4867264,28.6426,28.4994,ns,,,"8x8x4",,
"dot/dot_fp32_8x8x4_1x4x1_neon/8/92/real_time",498068,281.302,279.956,ns,,,"8x8x92",,
"dot/dot_fp32_8x8x4_1x4x1_neon/8/188/real_time",251374,556.964,554.09,ns,,,"8x8x188",,
"dot/dot_fp32_8x8x4_1x4x1_neon/8/284/real_time",168229,832.192,828.123,ns,,,"8x8x284",,
"dot/dot_fp32_8x8x4_1x4x1_neon/8/380/real_time",124901,1115.69,1110.34,ns,,,"8x8x380",,
"dot/dot_fp32_8x8x4_1x4x1_neon/16/4/real_time",3185381,43.9074,43.6832,ns,,,"8x16x4",,
"dot/dot_fp32_8x8x4_1x4x1_neon/16/60/real_time",383794,364.638,362.836,ns,,,"8x16x60",,
"dot/dot_fp32_8x8x4_1x4x1_neon/16/124/real_time",191085,732.573,728.797,ns,,,"8x16x124",,
"dot/dot_fp32_8x8x4_1x4x1_neon/16/184/real_time",129593,1078.78,1073.74,ns,,,"8x16x184",,
"dot/dot_fp32_8x8x4_1x4x1_neon/16/248/real_time",96505,1447.21,1440.34,ns,,,"8x16x248",,
"dot/dot_fp32_8x8x4_1x4x1_neon/32/4/real_time",1893412,73.8122,73.4801,ns,,,"8x32x4",,
"dot/dot_fp32_8x8x4_1x4x1_neon/32/36/real_time",318628,438.971,436.968,ns,,,"8x32x36",,
"dot/dot_fp32_8x8x4_1x4x1_neon/32/72/real_time",163966,853.933,849.806,ns,,,"8x32x72",,
"dot/dot_fp32_8x8x4_1x4x1_neon/32/108/real_time",110406,1267.44,1261.3,ns,,,"8x32x108",,
"dot/dot_fp32_8x8x4_1x4x1_neon/32/144/real_time",82952,1686.01,1677.87,ns,,,"8x32x144",,
"dot/dot_fp32_8x8x4_1x4x1_neon/64/4/real_time",1045947,134.168,133.443,ns,,,"8x64x4",,
"dot/dot_fp32_8x8x4_1x4x1_neon/64/16/real_time",341414,409.732,407.571,ns,,,"8x64x16",,
"dot/dot_fp32_8x8x4_1x4x1_neon/64/36/real_time",161933,865.111,860.985,ns,,,"8x64x36",,
"dot/dot_fp32_8x8x4_1x4x1_neon/64/56/real_time",105264,1327.39,1321.42,ns,,,"8x64x56",,
"dot/dot_fp32_8x8x4_1x4x1_neon/64/76/real_time",77462,1794.3,1784.27,ns,,,"8x64x76",,
"dot/dot_fp32_8x4x4_1x4x1_neon/4/4/real_time",6772726,20.7004,20.5992,ns,,,"8x4x4",,
"dot/dot_fp32_8x4x4_1x4x1_neon/4/124/real_time",728700,192.127,191.261,ns,,,"8x4x124",,
"dot/dot_fp32_8x4x4_1x4x1_neon/4/252/real_time",371799,376.154,374.166,ns,,,"8x4x252",,
"dot/dot_fp32_8x4x4_1x4x1_neon/4/380/real_time",249881,560.276,557.67,ns,,,"8x4x380",,
"dot/dot_fp32_8x4x4_1x4x1_neon/4/508/real_time",188123,743.856,740.382,ns,,,"8x4x508",,
"dot/dot_fp32_8x4x4_1x4x1_neon/8/4/real_time",4587274,30.4711,30.3257,ns,,,"8x8x4",,
"dot/dot_fp32_8x4x4_1x4x1_neon/8/92/real_time",498713,280.503,279.144,ns,,,"8x8x92",,
"dot/dot_fp32_8x4x4_1x4x1_neon/8/188/real_time",251863,555.994,553.153,ns,,,"8x8x188",,
"dot/dot_fp32_8x4x4_1x4x1_neon/8/284/real_time",168265,831.432,827.432,ns,,,"8x8x284",,
"dot/dot_fp32_8x4x4_1x4x1_neon/8/380/real_time",125298,1113.6,1108.13,ns,,,"8x8x380",,
"dot/dot_fp32_8x4x4_1x4x1_neon/16/4/real_time",2808299,49.8345,49.5887,ns,,,"8x16x4",,
"dot/dot_fp32_8x4x4_1x4x1_neon/16/60/real_time",384095,364.863,363.061,ns,,,"8x16x60",,
"dot/dot_fp32_8x4x4_1x4x1_neon/16/124/real_time",191266,731.831,728.366,ns,,,"8x16x124",,
"dot/dot_fp32_8x4x4_1x4x1_neon/16/184/real_time",129444,1077.62,1071.96,ns,,,"8x16x184",,
"dot/dot_fp32_8x4x4_1x4x1_neon/16/248/real_time",95824,1449.12,1442.39,ns,,,"8x16x248",,
"dot/dot_fp32_8x4x4_1x4x1_neon/32/4/real_time",1582078,88.4862,88.0986,ns,,,"8x32x4",,
"dot/dot_fp32_8x4x4_1x4x1_neon/32/36/real_time",314769,445.669,443.555,ns,,,"8x32x36",,
"dot/dot_fp32_8x4x4_1x4x1_neon/32/72/real_time",163896,855.073,850.403,ns,,,"8x32x72",,
"dot/dot_fp32_8x4x4_1x4x1_neon/32/108/real_time",109802,1272.96,1267.24,ns,,,"8x32x108",,
"dot/dot_fp32_8x4x4_1x4x1_neon/32/144/real_time",82536,1689.85,1682.22,ns,,,"8x32x144",,
"dot/dot_fp64_1x16x2_1x2x1_neon/16/2/real_time",10004764,14.0397,13.9692,ns,,,"1x16x2",,
"dot/dot_fp64_1x16x2_1x2x1_neon/16/44/real_time",1664156,84.2035,83.7698,ns,,,"1x16x44",,
"dot/dot_fp64_1x16x2_1x2x1_neon/16/88/real_time",897163,155.351,154.484,ns,,,"1x16x88",,
"dot/dot_fp64_1x16x2_1x2x1_neon/16/132/real_time",617619,226.145,225.055,ns,,,"1x16x132",,
"dot/dot_fp64_1x16x2_1x2x1_neon/16/178/real_time",465181,309.285,307.544,ns,,,"1x16x178",,
"dot/dot_fp64_1x16x2_1x2x1_neon/32/2/real_time",7383764,18.8278,18.7427,ns,,,"1x32x2",,
"dot/dot_fp64_1x16x2_1x2x1_neon/32/22/real_time",1605749,87.0665,86.643,ns,,,"1x32x22",,
"dot/dot_fp64_1x16x2_1x2x1_neon/32/46/real_time",847394,164.913,164.06,ns,,,"1x32x46",,
"dot/dot_fp64_1x16x2_1x2x1_neon/32/68/real_time",588145,238.739,237.638,ns,,,"1x32x68",,
"dot/dot_fp64_1x16x2_1x2x1_neon/32/92/real_time",445473,327.21,325.604,ns,,,"1x32x92",,
"dot/dot_fp64_1x16x2_1x2x1_neon/64/2/real_time",4433895,31.5728,31.4286,ns,,,"1x64x2",,
"dot/dot_fp64_1x16x2_1x2x1_neon/64/10/real_time",1601279,87.328,86.8427,ns,,,"1x64x10",,
"dot/dot_fp64_1x16x2_1x2x1_neon/64/22/real_time",849249,165.051,164.173,ns,,,"1x64x22",,
"dot/dot_fp64_1x16x2_1x2x1_neon/64/34/real_time",557762,250.195,248.961,ns,,,"1x64x34",,
"dot/dot_fp64_1x16x2_1x2x1_neon/64/46/real_time",422725,329.486,327.897,ns,,,"1x64x46",,
"dot/dot_fp64_1x16x2_1x2x1_neon/128/2/real_time",2435127,57.404,57.1432,ns,,,"1x128x2",,
"dot/dot_fp64_1x16x2_1x2x1_neon/128/4/real_time",1662592,84.0806,83.6587,ns,,,"1x128x4",,
"dot/dot_fp64_1x16x2_1x2x1_neon/128/10/real_time",847843,164.719,163.933,ns,,,"1x128x10",,
"dot/dot_fp64_1x16x2_1x2x1_neon/128/16/real_time",571610,243.583,242.472,ns,,,"1x128x16",,
"dot/dot_fp64_1x16x2_1x2x1_neon/128/22/real_time",425358,327.584,325.966,ns,,,"1x128x22",,
"dot/dot_fp64_2x16x2_1x2x1_neon/16/2/real_time",8429133,16.7966,16.7155,ns,,,"2x16x2",,
"dot/dot_fp64_2x16x2_1x2x1_neon/16/42/real_time",1055082,132.665,132.015,ns,,,"2x16x42",,
"dot/dot_fp64_2x16x2_1x2x1_neon/16/84/real_time",552626,253.14,251.9,ns,,,"2x16x84",,
"dot/dot_fp64_2x16x2_1x2x1_neon/16/126/real_time",374586,373.675,371.976,ns,,,"2x16x126",,
"dot/dot_fp64_2x16x2_1x2x1_neon/16/168/real_time",283320,494.725,492.501,ns,,,"2x16x168",,
"dot/dot_fp64_2x16x2_1x2x1_neon/32/2/real_time",5479709,25.4112,25.2953,ns,,,"2x32x2",,
"dot/dot_fp64_2x16x2_1x2x1_neon/32/22/real_time",997295,140.261,139.574,ns,,,"2x32x22",,
"dot/dot_fp64_2x16x2_1x2x1_neon/32/44/real_time",526171,266.082,264.756,ns,,,"2x32x44",,
"dot/dot_fp64_2x16x2_1x2x1_neon/32/66/real_time",356603,392.501,390.426,ns,,,"2x32x66",,
"dot/dot_fp64_2x16x2_1x2x1_neon/32/88/real_time",269000,525.149,522.466,ns,,,"2x32x88",,
"dot/dot_fp64_2x16x2_1x2x1_neon/64/2/real_time",3246945,43.0904,42.8792,ns,,,"2x64x2",,
"dot/dot_fp64_2x16x2_1x2x1_neon/64/10/real_time",1063064,131.55,130.874,ns,,,"2x64x10",,
"dot/dot_fp64_2x16x2_1x2x1_neon/64/22/real_time",519641,269.007,267.817,ns,,,"2x64x22",,
"dot/dot_fp64_2x16x2_1x2x1_neon/64/32/real_time",363841,384.376,382.761,ns,,,"2x64x32",,
"dot/dot_fp64_2x16x2_1x2x1_neon/64/44/real_time",264653,527.995,525.399,ns,,,"2x64x44",,
"dot/dot_fp64_2x16x2_1x2x1_neon/128/2/real_time",1783662,78.4978,78.1322,ns,,,"2x128x2",,
"dot/dot_fp64_2x16x2_1x2x1_neon/128/4/real_time",1122324,123.423,122.829,ns,,,"2x128x4",,
"dot/dot_fp64_2x16x2_1x2x1_neon/128/10/real_time",550123,253.214,251.949,ns,,,"2x128x10",,
"dot/dot_fp64_2x16x2_1x2x1_neon/128/14/real_time",405419,345.214,343.454,ns,,,"2x128x14",,
"dot/dot_fp64_2x16x2_1x2x1_neon/128/20/real_time",287496,490.811,488.309,ns,,,"2x128x20",,
"dot/dot_fp64_3x16x2_1x2x1_neon/16/2/real_time",6167019,22.7018,22.5955,ns,,,"3x16x2",,
"dot/dot_fp64_3x16x2_1x2x1_neon/16/38/real_time",788328,177.53,176.591,ns,,,"3x16x38",,
"dot/dot_fp64_3x16x2_1x2x1_neon/16/78/real_time",399830,350.123,348.262,ns,,,"3x16x78",,
"dot/dot_fp64_3x16x2_1x2x1_neon/16/118/real_time",267644,522.99,520.414,ns,,,"3x16x118",,
"dot/dot_fp64_3x16x2_1x2x1_neon/16/158/real_time",198283,702.381,698.976,ns,,,"3x16x158",,
"dot/dot_fp64_3x16x2_1x2x1_neon/32/2/real_time",4014253,34.8106,34.6198,ns,,,"3x32x2",,
"dot/dot_fp64_3x16x2_1x2x1_neon/32/20/real_time",737736,189.706,188.773,ns,,,"3x32x20",,
"dot/dot_fp64_3x16x2_1x2x1_neon/32/42/real_time",369934,378.389,376.525,ns,,,"3x32x42",,
"dot/dot_fp64_3x16x2_1x2x1_neon/32/62/real_time",253868,550.39,547.79,ns,,,"3x32x62",,
"dot/dot_fp64_3x16x2_1x2x1_neon/32/84/real_time",187765,742.551,738.955,ns,,,"3x32x84",,
"dot/dot_fp64_3x16x2_1x2x1_neon/64/2/real_time",2374583,58.8995,58.6315,ns,,,"3x64x2",,
"dot/dot_fp64_3x16x2_1x2x1_neon/64/10/real_time",719912,194.343,193.359,ns,,,"3x64x10",,
"dot/dot_fp64_3x16x2_1x2x1_neon/64/20/real_time",381425,366.998,365.338,ns,,,"3x64x20",,
"dot/dot_fp64_3x16x2_1x2x1_neon/64/30/real_time",259385,538.66,535.908,ns,,,"3x64x30",,
"dot/dot_fp64_3x16x2_1x2x1_neon/64/42/real_time",187741,748.273,744.385,ns,,,"3x64x42",,
"dot/dot_fp64_3x16x2_1x2x1_neon/128/2/real_time",1295696,108.056,107.435,ns,,,"3x128x2",,
"dot/dot_fp64_3x16x2_1x2x1_neon/128/4/real_time",800262,175.092,174.238,ns,,,"3x128x4",,
"dot/dot_fp64_3x16x2_1x2x1_neon/128/10/real_time",370173,377.808,376.031,ns,,,"3x128x10",,
"dot/dot_fp64_3x16x2_1x2x1_neon/128/14/real_time",270168,517.623,515.067,ns,,,"3x128x14",,
"dot/dot_fp64_3x16x2_1x2x1_neon/128/20/real_time",192914,722.754,719.399,ns,,,"3x128x20",,
"dot/dot_fp64_1x8x2_1x2x1_neon/8/2/real_time",12149152,11.5047,11.4515,ns,,,"1x8x2",,
"dot/dot_fp64_1x8x2_1x2x1_neon/8/84/real_time",1622974,85.9779,85.5888,ns,,,"1x8x84",,
"dot/dot_fp64_1x8x2_1x2x1_neon/8/170/real_time",854554,163.68,162.868,ns,,,"1x8x170",,
"dot/dot_fp64_1x8x2_1x2x1_neon/8/254/real_time",585000,238.999,237.904,ns,,,"1x8x254",,
"dot/dot_fp64_1x8x2_1x2x1_neon/8/340/real_time",406353,319.844,318.19,ns,,,"1x8x340",,
"dot/dot_fp64_1x8x2_1x2x1_neon/16/2/real_time",9192070,15.3027,15.2308,ns,,,"1x16x2",,
"dot/dot_fp64_1x8x2_1x2x1_neon/16/44/real_time",1514272,92.7164,92.2535,ns,,,"1x16x44",,
"dot/dot_fp64_1x8x2_1x2x1_neon/16/88/real_time",815480,171.548,170.729,ns,,,"1x16x88",,
"dot/dot_fp64_1x8x2_1x2x1_neon/16/132/real_time",556785,250.792,249.494,ns,,,"1x16x132",,
"dot/dot_fp64_1x8x2_1x2x1_neon/16/178/real_time",417914,332.839,331.261,ns,,,"1x16x178",,
"dot/dot_fp64_1x8x2_1x2x1_neon/32/2/real_time",5640885,24.5071,24.3825,ns,,,"1x32x2",,
"dot/dot_fp64_1x8x2_1x2x1_neon/32/22/real_time",1415082,98.351,97.9015,ns,,,"1x32x22",,
"dot/dot_fp64_1x8x2_1x2x1_neon/32/46/real_time",756212,185.284,184.337,ns,,,"1x32x46",,
"dot/dot_fp64_1x8x2_1x2x1_neon/32/68/real_time",532018,263.739,262.427,ns,,,"1x32x68",,
"dot/dot_fp64_1x8x2_1x2x1_neon/32/92/real_time",400258,355.791,354.062,ns,,,"1x32x92",,
"dot/dot_fp64_1x8x2_1x2x1_neon/64/2/real_time",3136047,43.1787,42.9595,ns,,,"1x64x2",,
"dot/dot_fp64_1x8x2_1x2x1_neon/64/10/real_time",1315165,106.157,105.66,ns,,,"1x64x10",,
"dot/dot_fp64_1x8x2_1x2x1_neon/64/22/real_time",740422,189.278,188.381,ns,,,"1x64x22",,
"dot/dot_fp64_1x8x2_1x2x1_neon/64/34/real_time",497638,275.565,274.317,ns,,,"1x64x34",,
"dot/dot_fp64_1x8x2_1x2x1_neon/64/46/real_time",375550,371.7,369.846,ns,,,"1x64x46",,
"dot/dot_fp64_2x8x2_1x2x1_neon/8/2/real_time",10083277,13.7204,13.6589,ns,,,"2x8x2",,
"dot/dot_fp64_2x8x2_1x2x1_neon/8/76/real_time",1160121,120.672,120.063,ns,,,"2x8x76",,
"dot/dot_fp64_2x8x2_1x2x1_neon/8/152/real_time",608759,229.733,228.659,ns,,,"2x8x152",,
"dot/dot_fp64_2x8x2_1x2x1_neon/8/228/real_time",409283,341.837,340.253,ns,,,"2x8x228",,
"dot/dot_fp64_2x8x2_1x2x1_neon/8/304/real_time",308606,454.396,452.198,ns,,,"2x8x304",,
"dot/dot_fp64_2x8x2_1x2x1_neon/16/2/real_time",7491388,18.6573,18.5757,ns,,,"2x16x2",,
"dot/dot_fp64_2x8x2_1x2x1_neon/16/42/real_time",1049426,133.477,132.853,ns,,,"2x16x42",,
"dot/dot_fp64_2x8x2_1x2x1_neon/16/84/real_time",551738,254.07,252.736,ns,,,"2x16x84",,
"dot/dot_fp64_2x8x2_1x2x1_neon/16/126/real_time",373552,374.437,372.577,ns,,,"2x16x126",,
"dot/dot_fp64_2x8x2_1x2x1_neon/16/168/real_time",277150,507.679,505.161,ns,,,"2x16x168",,
"dot/dot_fp64_2x8x2_1x2x1_neon/32/2/real_time",4365210,31.668,31.517,ns,,,"2x32x2",,
"dot/dot_fp64_2x8x2_1x2x1_neon/32/22/real_time",980653,142.64,141.898,ns,,,"2x32x22",,
"dot/dot_fp64_2x8x2_1x2x1_neon/32/44/real_time",521036,268.544,266.982,ns,,,"2x32x44",,
"dot/dot_fp64_2x8x2_1x2x1_neon/32/66/real_time",354455,398.396,396.395,ns,,,"2x32x66",,
"dot/dot_fp64_2x8x2_1x2x1_neon/32/88/real_time",265671,525.903,523.472,ns,,,"2x32x88",,
"dot/dot_fp64_2x8x2_1x2x1_neon/64/2/real_time",2435162,57.987,57.713,ns,,,"2x64x2",,
"dot/dot_fp64_2x8x2_1x2x1_neon/64/10/real_time",960700,146.359,145.652,ns,,,"2x64x10",,
"dot/dot_fp64_2x8x2_1x2x1_neon/64/22/real_time",501076,277.017,275.699,ns,,,"2x64x22",,
"dot/dot_fp64_2x8x2_1x2x1_neon/64/32/real_time",356664,388.983,387.05,ns,,,"2x64x32",,
"dot/dot_fp64_2x8x2_1x2x1_neon/64/44/real_time",264284,531.314,528.834,ns,,,"2x64x44",,
"dot/dot_fp64_3x8x2_1x2x1_neon/8/2/real_time",8576844,16.2943,16.2045,ns,,,"3x8x2",,
"dot/dot_fp64_3x8x2_1x2x1_neon/8/68/real_time",884644,158.185,157.355,ns,,,"3x8x68",,
"dot/dot_fp64_3x8x2_1x2x1_neon/8/138/real_time",453476,308.63,307.22,ns,,,"3x8x138",,
"dot/dot_fp64_3x8x2_1x2x1_neon/8/206/real_time",307536,455.126,453,ns,,,"3x8x206",,
"dot/dot_fp64_3x8x2_1x2x1_neon/8/276/real_time",227140,608.151,605.075,ns,,,"3x8x276",,
"dot/dot_fp64_3x8x2_1x2x1_neon/16/2/real_time",5756579,24.2838,24.1696,ns,,,"3x16x2",,
"dot/dot_fp64_3x8x2_1x2x1_neon/16/38/real_time",791711,176.903,176.112,ns,,,"3x16x38",,
"dot/dot_fp64_3x8x2_1x2x1_neon/16/78/real_time",400922,348.966,347.396,ns,,,"3x16x78",,
"dot/dot_fp64_3x8x2_1x2x1_neon/16/118/real_time",268333,523.428,521.059,ns,,,"3x16x118",,
"dot/dot_fp64_3x8x2_1x2x1_neon/16/158/real_time",200938,702.957,699.487,ns,,,"3x16x158",,
"dot/dot_fp64_3x8x2_1x2x1_neon/32/2/real_time",3423340,40.8209,40.6407,ns,,,"3x32x2",,
"dot/dot_fp64_3x8x2_1x2x1_neon/32/20/real_time",739964,188.548,187.645,ns,,,"3x32x20",,
"dot/dot_fp64_3x8x2_1x2x1_neon/32/42/real_time",370196,377.804,376.086,ns,,,"3x32x42",,
"dot/dot_fp64_3x8x2_1x2x1_neon/32/62/real_time",254343,551.135,548.536,ns,,,"3x32x62",,
"dot/dot_fp64_3x8x2_1x2x1_neon/32/84/real_time",189245,742.239,739.086,ns,,,"3x32x84",,
"dot/dot_fp64_3x8x2_1x2x1_neon/64/2/real_time",1894719,73.8501,73.4856,ns,,,"3x64x2",,
"dot/dot_fp64_3x8x2_1x2x1_neon/64/10/real_time",712000,196.429,195.465,ns,,,"3x64x10",,
"dot/dot_fp64_3x8x2_1x2x1_neon/64/20/real_time",381424,366.609,364.771,ns,,,"3x64x20",,
"dot/dot_fp64_3x8x2_1x2x1_neon/64/30/real_time",259135,541.019,538.462,ns,,,"3x64x30",,
"dot/dot_fp64_3x8x2_1x2x1_neon/64/42/real_time",185285,749.453,745.154,ns,,,"3x64x42",,
"dot/dot_fp64_4x8x2_1x2x1_neon/8/2/real_time",7639250,18.2075,18.1209,ns,,,"4x8x2",,
"dot/dot_fp64_4x8x2_1x2x1_neon/8/62/real_time",737900,189.248,188.346,ns,,,"4x8x62",,
"dot/dot_fp64_4x8x2_1x2x1_neon/8/126/real_time",375044,372.99,371.125,ns,,,"4x8x126",,
"dot/dot_fp64_4x8x2_1x2x1_neon/8/188/real_time",253590,552.259,549.537,ns,,,"4x8x188",,
"dot/dot_fp64_4x8x2_1x2x1_neon/8/252/real_time",190117,736.401,732.877,ns,,,"4x8x252",,
"dot/dot_fp64_4x8x2_1x2x1_neon/16/2/real_time",5080469,27.5407,27.4083,ns,,,"4x16x2",,
"dot/dot_fp64_4x8x2_1x2x1_neon/16/36/real_time",634371,220.375,219.311,ns,,,"4x16x36",,
"dot/dot_fp64_4x8x2_1x2x1_neon/16/74/real_time",319155,438.069,436.106,ns,,,"4x16x74",,
"dot/dot_fp64_4x8x2_1x2x1_neon/16/112/real_time",212319,658.579,655.474,ns,,,"4x16x112",,
"dot/dot_fp64_4x8x2_1x2x1_neon/16/150/real_time",159605,883.509,878.966,ns,,,"4x16x150",,
"dot/dot_fp64_4x8x2_1x2x1_neon/32/2/real_time",3005958,46.5546,46.3431,ns,,,"4x32x2",,
"dot/dot_fp64_4x8x2_1x2x1_neon/32/20/real_time",566498,247.119,245.917,ns,,,"4x32x20",,
"dot/dot_fp64_4x8x2_1x2x1_neon/32/40/real_time",292880,477.31,474.74,ns,,,"4x32x40",,
"dot/dot_fp64_4x8x2_1x2x1_neon/32/60/real_time",198097,706.198,702.921,ns,,,"4x32x60",,
"dot/dot_fp64_4x8x2_1x2x1_neon/32/80/real_time",149190,937.934,933.633,ns,,,"4x32x80",,
"dot/dot_fp64_4x8x2_1x2x1_neon/64/2/real_time",1657911,84.3475,83.9441,ns,,,"4x64x2",,
"dot/dot_fp64_4x8x2_1x2x1_neon/64/10/real_time",536636,260.447,259.171,ns,,,"4x64x10",,
"dot/dot_fp64_4x8x2_1x2x1_neon/64/20/real_time",288807,484.314,482.028,ns,,,"4x64x20",,
"dot/dot_fp64_4x8x2_1x2x1_neon/64/30/real_time",196406,712.721,709.372,ns,,,"4x64x30",,
"dot/dot_fp64_4x8x2_1x2x1_neon/64/40/real_time",147817,945.759,939.87,ns,,,"4x64x40",,
"dot/dot_fp64_5x8x2_1x2x1_neon/8/2/real_time",6251904,22.3089,22.192,ns,,,"5x8x2",,
"dot/dot_fp64_5x8x2_1x2x1_neon/8/58/real_time",629933,222.141,221.111,ns,,,"5x8x58",,
"dot/dot_fp64_5x8x2_1x2x1_neon/8/116/real_time",324910,430.391,428.488,ns,,,"5x8x116",,
"dot/dot_fp64_5x8x2_1x2x1_neon/8/174/real_time",218576,640.705,637.476,ns,,,"5x8x174",,
"dot/dot_fp64_5x8x2_1x2x1_neon/8/232/real_time",164606,847.793,843.541,ns,,,"5x8x232",,
"dot/dot_fp64_5x8x2_1x2x1_neon/16/2/real_time",4214137,33.0371,32.8803,ns,,,"5x16x2",,
"dot/dot_fp64_5x8x2_1x2x1_neon/16/34/real_time",535307,260.887,259.506,ns,,,"5x16x34",,
"dot/dot_fp64_5x8x2_1x2x1_neon/16/70/real_time",269419,519.157,516.671,ns,,,"5x16x70",,
"dot/dot_fp64_5x8x2_1x2x1_neon/16/106/real_time",179854,777.199,773.431,ns,,,"5x16x106",,
"dot/dot_fp64_5x8x2_1x2x1_neon/16/142/real_time",134254,1035.44,1029.99,ns,,,"5x16x142",,
"dot/dot_fp64_5x8x2_1x2x1_neon/32/2/real_time",2528321,55.3719,55.0955,ns,,,"5x32x2",,
"dot/dot_fp64_5x8x2_1x2x1_neon/32/18/real_time",499858,280.211,278.828,ns,,,"5x32x18",,
"dot/dot_fp64_5x8x2_1x2x1_neon/32/38/real_time",246826,566.729,564.12,ns,,,"5x32x38",,
"dot/dot_fp64_5x8x2_1x2x1_neon/32/58/real_time",163919,854.166,850.266,ns,,,"5x32x58",,
"dot/dot_fp64_5x8x2_1x2x1_neon/32/78/real_time",121592,1144.83,1139.13,ns,,,"5x32x78",,
"dot/dot_fp64_5x8x2_1x2x1_neon/64/2/real_time",1404188,99.7832,99.2782,ns,,,"5x64x2",,
"dot/dot_fp64_5x8x2_1x2x1_neon/64/8/real_time",528568,264.034,262.825,ns,,,"5x64x8",,
"dot/dot_fp64_5x8x2_1x2x1_neon/64/18/real_time",255276,548.275,545.639,ns,,,"5x64x18",,
"dot/dot_fp64_5x8x2_1x2x1_neon/64/28/real_time",167632,835.51,831.511,ns,,,"5x64x28",,
"dot/dot_fp64_5x8x2_1x2x1_neon/64/38/real_time",123487,1122.8,1116.91,ns,,,"5x64x38",,
"dot/dot_fp64_1x4x2_1x2x1_neon/4/2/real_time",14066177,9.95383,9.90147,ns,,,"1x4x2",,
"dot/dot_fp64_1x4x2_1x2x1_neon/4/152/real_time",1219136,114.583,114.061,ns,,,"1x4x152",,
"dot/dot_fp64_1x4x2_1x2x1_neon/4/306/real_time",620923,225.104,224.006,ns,,,"1x4x306",,
"dot/dot_fp64_1x4x2_1x2x1_neon/4/458/real_time",418494,335.598,333.81,ns,,,"1x4x458",,
"dot/dot_fp64_1x4x2_1x2x1_neon/4/612/real_time",311658,448.284,446.085,ns,,,"1x4x612",,
"dot/dot_fp64_1x4x2_1x2x1_neon/8/2/real_time",10355109,13.5445,13.483,ns,,,"1x8x2",,
"dot/dot_fp64_1x4x2_1x2x1_neon/8/84/real_time",1151849,121.013,120.381,ns,,,"1x8x84",,
"dot/dot_fp64_1x4x2_1x2x1_neon/8/170/real_time",572683,244.406,243.236,ns,,,"1x8x170",,
"dot/dot_fp64_1x4x2_1x2x1_neon/8/254/real_time",383126,365.318,363.458,ns,,,"1x8x254",,
"dot/dot_fp64_1x4x2_1x2x1_neon/8/340/real_time",285899,494.799,492.146,ns,,,"1x8x340",,
"dot/dot_fp64_1x4x2_1x2x1_neon/16/2/real_time",6792098,20.5419,20.4458,ns,,,"1x16x2",,
"dot/dot_fp64_1x4x2_1x2x1_neon/16/44/real_time",1134139,123.152,122.55,ns,,,"1x16x44",,
"dot/dot_fp64_1x4x2_1x2x1_neon/16/88/real_time",573249,243.642,242.546,ns,,,"1x16x88",,
"dot/dot_fp64_1x4x2_1x2x1_neon/16/132/real_time",378080,370.344,368.308,ns,,,"1x16x132",,
"dot/dot_fp64_1x4x2_1x2x1_neon/16/178/real_time",277860,505.269,502.824,ns,,,"1x16x178",,
"dot/dot_fp64_1x4x2_1x2x1_neon/32/2/real_time",3922891,35.7968,35.6102,ns,,,"1x32x2",,
"dot/dot_fp64_1x4x2_1x2x1_neon/32/22/real_time",1105922,126.809,126.13,ns,,,"1x32x22",,
"dot/dot_fp64_1x4x2_1x2x1_neon/32/46/real_time",566950,247.241,245.86,ns,,,"1x32x46",,
"dot/dot_fp64_1x4x2_1x2x1_neon/32/68/real_time",377950,370.248,368.367,ns,,,"1x32x68",,
"dot/dot_fp64_1x4x2_1x2x1_neon/32/92/real_time",272599,508.528,506.333,ns,,,"1x32x92",,
"dot/dot_fp64_4x4x2_1x2x1_neon/4/2/real_time",9182523,15.2012,15.1325,ns,,,"4x4x2",,
"dot/dot_fp64_4x4x2_1x2x1_neon/4/94/real_time",956825,145.88,145.132,ns,,,"4x4x94",,
"dot/dot_fp64_4x4x2_1x2x1_neon/4/190/real_time",492851,283.544,282.18,ns,,,"4x4x190",,
"dot/dot_fp64_4x4x2_1x2x1_neon/4/286/real_time",332441,421.695,419.328,ns,,,"4x4x286",,
"dot/dot_fp64_4x4x2_1x2x1_neon/4/382/real_time",249544,561.124,558.401,ns,,,"4x4x382",,
"dot/dot_fp64_4x4x2_1x2x1_neon/8/2/real_time",6374366,22.0741,21.8764,ns,,,"4x8x2",,
"dot/dot_fp64_4x4x2_1x2x1_neon/8/62/real_time",735918,189.791,188.878,ns,,,"4x8x62",,
"dot/dot_fp64_4x4x2_1x2x1_neon/8/126/real_time",374957,373.647,371.694,ns,,,"4x8x126",,
"dot/dot_fp64_4x4x2_1x2x1_neon/8/188/real_time",253001,553.253,550.411,ns,,,"4x8x188",,
"dot/dot_fp64_4x4x2_1x2x1_neon/8/252/real_time",189010,736.89,733.496,ns,,,"4x8x252",,
"dot/dot_fp64_4x4x2_1x2x1_neon/16/2/real_time",3848560,36.4218,36.244,ns,,,"4x16x2",,
"dot/dot_fp64_4x4x2_1x2x1_neon/16/36/real_time",633320,221.073,220.009,ns,,,"4x16x36",,
"dot/dot_fp64_4x4x2_1x2x1_neon/16/74/real_time",318588,438.997,436.98,ns,,,"4x16x74",,
"dot/dot_fp64_4x4x2_1x2x1_neon/16/112/real_time",212262,659.249,656.188,ns,,,"4x16x112",,
"dot/dot_fp64_4x4x2_1x2x1_neon/16/150/real_time",158877,883.749,879.684,ns,,,"4x16x150",,
"dot/dot_fp64_4x4x2_1x2x1_neon/32/2/real_time",2021848,68.4727,68.156,ns,,,"4x32x2",,
"dot/dot_fp64_4x4x2_1x2x1_neon/32/20/real_time",557912,250.493,249.177,ns,,,"4x32x20",,
"dot/dot_fp64_4x4x2_1x2x1_neon/32/40/real_time",288888,484.156,481.94,ns,,,"4x32x40",,
"dot/dot_fp64_4x4x2_1x2x1_neon/32/60/real_time",196041,714.445,710.656,ns,,,"4x32x60",,
"dot/dot_fp64_4x4x2_1x2x1_neon/32/80/real_time",147020,949.998,945.644,ns,,,"4x32x80",,
"dot/dot_fp64_6x4x2_1x2x1_neon/4/2/real_time",7477010,18.7467,18.6577,ns,,,"6x4x2",,
"dot/dot_fp64_6x4x2_1x2x1_neon/4/76/real_time",793470,176.344,175.525,ns,,,"6x4x76",,
"dot/dot_fp64_6x4x2_1x2x1_neon/4/152/real_time",411072,340.273,338.622,ns,,,"6x4x152",,
"dot/dot_fp64_6x4x2_1x2x1_neon/4/228/real_time",277256,504.698,502.421,ns,,,"6x4x228",,
"dot/dot_fp64_6x4x2_1x2x1_neon/4/304/real_time",208052,667.469,664.451,ns,,,"6x4x304",,
"dot/dot_fp64_6x4x2_1x2x1_neon/8/2/real_time",5035537,27.6509,27.5239,ns,,,"6x8x2",,
"dot/dot_fp64_6x4x2_1x2x1_neon/8/54/real_time",566766,247.107,245.885,ns,,,"6x8x54",,
"dot/dot_fp64_6x4x2_1x2x1_neon/8/108/real_time",291196,479.453,477.286,ns,,,"6x8x108",,
"dot/dot_fp64_6x4x2_1x2x1_neon/8/162/real_time",195454,715.912,712.579,ns,,,"6x8x162",,
"dot/dot_fp64_6x4x2_1x2x1_neon/8/216/real_time",146664,954.92,950.272,ns,,,"6x8x216",,
"dot/dot_fp64_6x4x2_1x2x1_neon/16/2/real_time",3100611,45.1716,44.9549,ns,,,"6x16x2",,
"dot/dot_fp64_6x4x2_1x2x1_neon/16/32/real_time",476099,294.096,292.527,ns,,,"6x16x32",,
"dot/dot_fp64_6x4x2_1x2x1_neon/16/66/real_time",239035,585.787,582.954,ns,,,"6x16x66",,
"dot/dot_fp64_6x4x2_1x2x1_neon/16/100/real_time",159297,879.401,875.075,ns,,,"6x16x100",,
"dot/dot_fp64_6x4x2_1x2x1_neon/16/134/real_time",118656,1190.67,1183.75,ns,,,"6x16x134",,
"dot/dot_fp64_6x4x2_1x2x1_neon/32/2/real_time",1741054,80.4023,79.9943,ns,,,"6x32x2",,
"dot/dot_fp64_6x4x2_1x2x1_neon/32/18/real_time",419181,333.989,332.38,ns,,,"6x32x18",,
"dot/dot_fp64_6x4x2_1x2x1_neon/32/36/real_time",217302,644.78,641.373,ns,,,"6x32x36",,
"dot/dot_fp64_6x4x2_1x2x1_neon/32/54/real_time",145722,960.65,956.003,ns,,,"6x32x54",,
"dot/dot_fp64_6x4x2_1x2x1_neon/32/74/real_time",106755,1308.17,1300.66,ns,,,"6x32x74",,
"dot/dot_fp64_8x4x2_1x2x1_neon/4/2/real_time",5929102,23.6331,23.5169,ns,,,"8x4x2",,
"dot/dot_fp64_8x4x2_1x2x1_neon/4/62/real_time",721803,194.018,193.07,ns,,,"8x4x62",,
"dot/dot_fp64_8x4x2_1x2x1_neon/4/126/real_time",370240,377.59,375.934,ns,,,"8x4x126",,
"dot/dot_fp64_8x4x2_1x2x1_neon/4/188/real_time",251905,555.534,552.982,ns,,,"8x4x188",,
"dot/dot_fp64_8x4x2_1x2x1_neon/4/252/real_time",188978,741.694,738.063,ns,,,"8x4x252",,
"dot/dot_fp64_8x4x2_1x2x1_neon/8/2/real_time",4136231,33.8222,33.6483,ns,,,"8x8x2",,
"dot/dot_fp64_8x4x2_1x2x1_neon/8/46/real_time",494620,282.65,281.335,ns,,,"8x8x46",,
"dot/dot_fp64_8x4x2_1x2x1_neon/8/94/real_time",250761,558.421,555.645,ns,,,"8x8x94",,
"dot/dot_fp64_8x4x2_1x2x1_neon/8/140/real_time",170298,822.723,818.337,ns,,,"8x8x140",,
"dot/dot_fp64_8x4x2_1x2x1_neon/8/188/real_time",127002,1098.63,1093.6,ns,,,"8x8x188",,
"dot/dot_fp64_8x4x2_1x2x1_neon/16/2/real_time",2564920,54.5629,54.3067,ns,,,"8x16x2",,
"dot/dot_fp64_8x4x2_1x2x1_neon/16/30/real_time",380106,368.471,366.345,ns,,,"8x16x30",,
"dot/dot_fp64_8x4x2_1x2x1_neon/16/60/real_time",196390,712.631,709.157,ns,,,"8x16x60",,
"dot/dot_fp64_8x4x2_1x2x1_neon/16/90/real_time",131891,1056.72,1051.52,ns,,,"8x16x90",,
"dot/dot_fp64_8x4x2_1x2x1_neon/16/122/real_time",97398,1430.53,1424.09,ns,,,"8x16x122",,
"dot/dot_fp64_8x4x2_1x2x1_neon/32/2/real_time",1452773,96.47,96.0111,ns,,,"8x32x2",,
"dot/dot_fp64_8x4x2_1x2x1_neon/32/16/real_time",344461,406.21,404.264,ns,,,"8x32x16",,
"dot/dot_fp64_8x4x2_1x2x1_neon/32/34/real_time",171920,814.749,810.44,ns,,,"8x32x34",,
"dot/dot_fp64_8x4x2_1x2x1_neon/32/52/real_time",113470,1233.5,1227.9,ns,,,"8x32x52",,
"dot/dot_fp64_8x4x2_1x2x1_neon/32/70/real_time",84319,1647.7,1640.04,ns,,,"8x32x70",,
"dot/dot_fp64_8x2x2_1x2x1_neon/2/2/real_time",7644638,18.3157,18.231,ns,,,"8x2x2",,
"dot/dot_fp64_8x2x2_1x2x1_neon/2/76/real_time",1126860,124.027,123.486,ns,,,"8x2x76",,
"dot/dot_fp64_8x2x2_1x2x1_neon/2/152/real_time",599306,233.738,232.65,ns,,,"8x2x152",,
"dot/dot_fp64_8x2x2_1x2x1_neon/2/228/real_time",408680,344.232,342.483,ns,,,"8x2x228",,
"dot/dot_fp64_8x2x2_1x2x1_neon/2/304/real_time",305731,457.686,455.394,ns,,,"8x2x304",,
"dot/dot_fp64_8x2x2_1x2x1_neon/4/2/real_time",5342970,26.2574,26.138,ns,,,"8x4x2",,
"dot/dot_fp64_8x2x2_1x2x1_neon/4/62/real_time",710666,196.672,195.616,ns,,,"8x4x62",,
"dot/dot_fp64_8x2x2_1x2x1_neon/4/126/real_time",368370,380.162,378.234,ns,,,"8x4x126",,
"dot/dot_fp64_8x2x2_1x2x1_neon/4/188/real_time",249879,559.638,557.087,ns,,,"8x4x188",,
"dot/dot_fp64_8x2x2_1x2x1_neon/4/252/real_time",188209,744.927,741.203,ns,,,"8x4x252",,
"dot/dot_fp64_8x2x2_1x2x1_neon/8/2/real_time",3385945,41.3152,41.1288,ns,,,"8x8x2",,
"dot/dot_fp64_8x2x2_1x2x1_neon/8/46/real_time",483641,289.782,288.312,ns,,,"8x8x46",,
"dot/dot_fp64_8x2x2_1x2x1_neon/8/94/real_time",247940,564.476,561.784,ns,,,"8x8x94",,
"dot/dot_fp64_8x2x2_1x2x1_neon/8/140/real_time",168817,829.17,825.292,ns,,,"8x8x140",,
"dot/dot_fp64_8x2x2_1x2x1_neon/8/188/real_time",126604,1106.5,1101.13,ns,,,"8x8x188",,
"dot/dot_fp64_8x2x2_1x2x1_neon/16/2/real_time",1962987,71.4026,71.074,ns,,,"8x16x2",,
"dot/dot_fp64_8x2x2_1x2x1_neon/16/30/real_time",360762,387.855,385.777,ns,,,"8x16x30",,
"dot/dot_fp64_8x2x2_1x2x1_neon/16/60/real_time",190731,733.131,729.719,ns,,,"8x16x60",,
"dot/dot_fp64_8x2x2_1x2x1_neon/16/90/real_time",130208,1075.13,1070.12,ns,,,"8x16x90",,
"dot/dot_fp64_8x2x2_1x2x1_neon/16/122/real_time",96831,1445.44,1437.89,ns,,,"8x16x122",,
"dot/dot_bf16_bf16_fp32_1x64x4_1x4x1_neon/64/4/real_time",3753231,37.3019,37.1292,ns,,,"1x64x4",,
"dot/dot_bf16_bf16_fp32_1x64x4_1x4x1_neon/64/44/real_time",477732,292.592,291.19,ns,,,"1x64x44",,
"dot/dot_bf16_bf16_fp32_1x64x4_1x4x1_neon/64/92/real_time",233477,598.656,595.832,ns,,,"1x64x92",,
"dot/dot_bf16_bf16_fp32_1x64x4_1x4x1_neon/64/136/real_time",159289,878.39,874.564,ns,,,"1x64x136",,
"dot/dot_bf16_bf16_fp32_1x64x4_1x4x1_neon/64/184/real_time",117459,1187.66,1182.36,ns,,,"1x64x184",,
"dot/dot_bf16_bf16_fp32_1x64x4_1x4x1_neon/128/4/real_time",2153703,65.4526,65.1619,ns,,,"1x128x4",,
"dot/dot_bf16_bf16_fp32_1x64x4_1x4x1_neon/128/20/real_time",517030,271.142,269.675,ns,,,"1x128x20",,
"dot/dot_bf16_bf16_fp32_1x64x4_1x4x1_neon/128/44/real_time",243183,576.131,573.472,ns,,,"1x128x44",,
"dot/dot_bf16_bf16_fp32_1x64x4_1x4x1_neon/128/68/real_time",157891,880.375,876.631,ns,,,"1x128x68",,
"dot/dot_bf16_bf16_fp32_1x64x4_1x4x1_neon/128/92/real_time",116588,1189.79,1184.37,ns,,,"1x128x92",,
"dot/dot_bf16_bf16_fp32_1x64x4_1x4x1_neon/256/4/real_time",1134455,123.262,122.721,ns,,,"1x256x4",,
"dot/dot_bf16_bf16_fp32_1x64x4_1x4x1_neon/256/8/real_time",616214,227.384,226.289,ns,,,"1x256x8",,
"dot/dot_bf16_bf16_fp32_1x64x4_1x4x1_neon/256/20/real_time",262006,534.062,531.672,ns,,,"1x256x20",,
"dot/dot_bf16_bf16_fp32_1x64x4_1x4x1_neon/256/32/real_time",166114,839.11,834.826,ns,,,"1x256x32",,
"dot/dot_bf16_bf16_fp32_1x64x4_1x4x1_neon/256/44/real_time",121320,1152.2,1146.36,ns,,,"1x256x44",,
"dot/dot_bf16_bf16_fp32_1x64x4_1x4x1_neon/512/4/real_time",581746,240.052,238.92,ns,,,"1x512x4",,
"dot/dot_bf16_bf16_fp32_1x64x4_1x4x1_neon/512/8/real_time",311794,447.12,444.976,ns,,,"1x512x8",,
"dot/dot_bf16_bf16_fp32_1x64x4_1x4x1_neon/512/12/real_time",214089,651.373,648.499,ns,,,"1x512x12",,
"dot/dot_bf16_bf16_fp32_1x64x4_1x4x1_neon/512/20/real_time",130638,1063.02,1057.26,ns,,,"1x512x20",,
"dot/dot_bf16_bf16_fp32_1x32x4_1x4x1_neon/32/4/real_time",5910056,23.6338,23.5228,ns,,,"1x32x4",,
"dot/dot_bf16_bf16_fp32_1x32x4_1x4x1_neon/32/92/real_time",422164,331.28,329.647,ns,,,"1x32x92",,
"dot/dot_bf16_bf16_fp32_1x32x4_1x4x1_neon/32/184/real_time",214398,653.054,649.86,ns,,,"1x32x184",,
"dot/dot_bf16_bf16_fp32_1x32x4_1x4x1_neon/32/276/real_time",143569,975.496,970.566,ns,,,"1x32x276",,
"dot/dot_bf16_bf16_fp32_1x32x4_1x4x1_neon/32/368/real_time",107834,1292,1285.61,ns,,,"1x32x368",,
"dot/dot_bf16_bf16_fp32_1x32x4_1x4x1_neon/64/4/real_time",3661422,38.1709,37.9725,ns,,,"1x64x4",,
"dot/dot_bf16_bf16_fp32_1x32x4_1x4x1_neon/64/44/real_time",441178,317.466,315.876,ns,,,"1x64x44",,
"dot/dot_bf16_bf16_fp32_1x32x4_1x4x1_neon/64/92/real_time",214156,653.302,650.005,ns,,,"1x64x92",,
"dot/dot_bf16_bf16_fp32_1x32x4_1x4x1_neon/64/136/real_time",145660,959.071,954.306,ns,,,"1x64x136",,
"dot/dot_bf16_bf16_fp32_1x32x4_1x4x1_neon/64/184/real_time",107561,1299.68,1293.33,ns,,,"1x64x184",,
"dot/dot_bf16_bf16_fp32_1x32x4_1x4x1_neon/128/4/real_time",2134692,65.4143,65.1157,ns,,,"1x128x4",,
"dot/dot_bf16_bf16_fp32_1x32x4_1x4x1_neon/128/20/real_time",481791,290.055,288.743,ns,,,"1x128x20",,
"dot/dot_bf16_bf16_fp32_1x32x4_1x4x1_neon/128/44/real_time",223400,625.966,622.793,ns,,,"1x128x44",,
"dot/dot_bf16_bf16_fp32_1x32x4_1x4x1_neon/128/68/real_time",145602,961.541,956.974,ns,,,"1x128x68",,
"dot/dot_bf16_bf16_fp32_1x32x4_1x4x1_neon/128/92/real_time",107266,1298.94,1292.41,ns,,,"1x128x92",,
"dot/dot_bf16_bf16_fp32_1x32x4_1x4x1_neon/256/4/real_time",1141915,121.678,121.069,ns,,,"1x256x4",,
"dot/dot_bf16_bf16_fp32_1x32x4_1x4x1_neon/256/8/real_time",597247,234.071,232.987,ns,,,"1x256x8",,
"dot/dot_bf16_bf16_fp32_1x32x4_1x4x1_neon/256/20/real_time",244414,571.722,569.042,ns,,,"1x256x20",,
"dot/dot_bf16_bf16_fp32_1x32x4_1x4x1_neon/256/32/real_time",154018,908.391,903.774,ns,,,"1x256x32",,
"dot/dot_bf16_bf16_fp32_1x32x4_1x4x1_neon/256/44/real_time",112132,1245.2,1239.53,ns,,,"1x256x44",,
"dot/dot_bf16_bf16_fp32_2x32x4_1x4x1_neon/32/4/real_time",4398921,31.7233,31.5635,ns,,,"2x32x4",,
"dot/dot_bf16_bf16_fp32_2x32x4_1x4x1_neon/32/88/real_time",268609,520.846,518.236,ns,,,"2x32x88",,
"dot/dot_bf16_bf16_fp32_2x32x4_1x4x1_neon/32/176/real_time",134134,1033.48,1028.52,ns,,,"2x32x176",,
"dot/dot_bf16_bf16_fp32_2x32x4_1x4x1_neon/32/264/real_time",90263,1547.09,1539.06,ns,,,"2x32x264",,
"dot/dot_bf16_bf16_fp32_2x32x4_1x4x1_neon/32/356/real_time",67165,2079.47,2069.46,ns,,,"2x32x356",,
"dot/dot_bf16_bf16_fp32_2x32x4_1x4x1_neon/64/4/real_time",2525037,55.3837,55.1133,ns,,,"2x64x4",,
"dot/dot_bf16_bf16_fp32_2x32x4_1x4x1_neon/64/44/real_time",268696,520.923,518.039,ns,,,"2x64x44",,
"dot/dot_bf16_bf16_fp32_2x32x4_1x4x1_neon/64/88/real_time",135024,1032.99,1028.41,ns,,,"2x64x88",,
"dot/dot_bf16_bf16_fp32_2x32x4_1x4x1_neon/64/132/real_time",90468,1546.6,1538.86,ns,,,"2x64x132",,
"dot/dot_bf16_bf16_fp32_2x32x4_1x4x1_neon/64/180/real_time",66297,2105.09,2095.54,ns,,,"2x64x180",,
"dot/dot_bf16_bf16_fp32_2x32x4_1x4x1_neon/128/4/real_time",1398245,100.408,99.822,ns,,,"2x128x4",,
"dot/dot_bf16_bf16_fp32_2x32x4_1x4x1_neon/128/20/real_time",296165,472.229,469.873,ns,,,"2x128x20",,
"dot/dot_bf16_bf16_fp32_2x32x4_1x4x1_neon/128/44/real_time",134915,1031.98,1026.92,ns,,,"2x128x44",,
"dot/dot_bf16_bf16_fp32_2x32x4_1x4x1_neon/128/64/real_time",93236,1498.2,1490.86,ns,,,"2x128x64",,
"dot/dot_bf16_bf16_fp32_2x32x4_1x4x1_neon/128/88/real_time",67828,2057.43,2047.65,ns,,,"2x128x88",,
"dot/dot_bf16_bf16_fp32_2x32x4_1x4x1_neon/256/4/real_time",736140,190.214,189.276,ns,,,"2x256x4",,
"dot/dot_bf16_bf16_fp32_2x32x4_1x4x1_neon/256/8/real_time",375522,371.944,369.842,ns,,,"2x256x8",,
"dot/dot_bf16_bf16_fp32_2x32x4_1x4x1_neon/256/20/real_time",149557,935.898,931.354,ns,,,"2x256x20",,
"dot/dot_bf16_bf16_fp32_2x32x4_1x4x1_neon/256/28/real_time",106870,1308.62,1302.47,ns,,,"2x256x28",,
"dot/dot_bf16_bf16_fp32_2x32x4_1x4x1_neon/256/40/real_time",74639,1869.15,1859.8,ns,,,"2x256x40",,
"dot/dot_bf16_bf16_fp32_3x32x4_1x4x1_neon/32/4/real_time",3275540,42.7113,42.5164,ns,,,"3x32x4",,
"dot/dot_bf16_bf16_fp32_3x32x4_1x4x1_neon/32/84/real_time",220329,635.156,632.395,ns,,,"3x32x84",,
"dot/dot_bf16_bf16_fp32_3x32x4_1x4x1_neon/32/172/real_time",108594,1286.9,1280.4,ns,,,"3x32x172",,
"dot/dot_bf16_bf16_fp32_3x32x4_1x4x1_neon/32/256/real_time",73325,1907.93,1898.61,ns,,,"3x32x256",,
"dot/dot_bf16_bf16_fp32_3x32x4_1x4x1_neon/32/344/real_time",54604,2563.38,2551.52,ns,,,"3x32x344",,
"dot/dot_bf16_bf16_fp32_3x32x4_1x4x1_neon/64/4/real_time",1909760,73.1895,72.8646,ns,,,"3x64x4",,
"dot/dot_bf16_bf16_fp32_3x32x4_1x4x1_neon/64/44/real_time",209811,667.369,664.216,ns,,,"3x64x44",,
"dot/dot_bf16_bf16_fp32_3x32x4_1x4x1_neon/64/88/real_time",105919,1319.42,1313.07,ns,,,"3x64x88",,
"dot/dot_bf16_bf16_fp32_3x32x4_1x4x1_neon/64/132/real_time",70866,1969.45,1959.9,ns,,,"3x64x132",,
"dot/dot_bf16_bf16_fp32_3x32x4_1x4x1_neon/64/176/real_time",53345,2622.57,2609.83,ns,,,"3x64x176",,
"dot/dot_bf16_bf16_fp32_3x32x4_1x4x1_neon/128/4/real_time",1044626,134.292,133.556,ns,,,"3x128x4",,
"dot/dot_bf16_bf16_fp32_3x32x4_1x4x1_neon/128/20/real_time",228628,612.869,609.899,ns,,,"3x128x20",,
"dot/dot_bf16_bf16_fp32_3x32x4_1x4x1_neon/128/40/real_time",115661,1208.56,1202.38,ns,,,"3x128x40",,
"dot/dot_bf16_bf16_fp32_3x32x4_1x4x1_neon/128/60/real_time",77855,1797.23,1789.05,ns,,,"3x128x60",,
"dot/dot_bf16_bf16_fp32_3x32x4_1x4x1_neon/128/84/real_time",55627,2509.99,2497.86,ns,,,"3x128x84",,
"dot/dot_bf16_bf16_fp32_3x32x4_1x4x1_neon/256/4/real_time",539375,258.133,256.957,ns,,,"3x256x4",,
"dot/dot_bf16_bf16_fp32_3x32x4_1x4x1_neon/256/8/real_time",278819,501.851,499.076,ns,,,"3x256x8",,
"dot/dot_bf16_bf16_fp32_3x32x4_1x4x1_neon/256/20/real_time",114873,1224.34,1217.9,ns,,,"3x256x20",,
"dot/dot_bf16_bf16_fp32_3x32x4_1x4x1_neon/256/28/real_time",83001,1688.45,1680.24,ns,,,"3x256x28",,
"dot/dot_bf16_bf16_fp32_3x32x4_1x4x1_neon/256/40/real_time",58062,2405.17,2393.09,ns,,,"3x256x40",,
"dot/dot_bf16_bf16_fp32_1x16x4_1x4x1_neon/16/4/real_time",9189272,15.2201,15.1539,ns,,,"1x16x4",,
"dot/dot_bf16_bf16_fp32_1x16x4_1x4x1_neon/16/180/real_time",465922,299.741,298.375,ns,,,"1x16x180",,
"dot/dot_bf16_bf16_fp32_1x16x4_1x4x1_neon/16/360/real_time",237507,589.388,586.7,ns,,,"1x16x360",,
"dot/dot_bf16_bf16_fp32_1x16x4_1x4x1_neon/16/540/real_time",158894,882.083,877.84,ns,,,"1x16x540",,
"dot/dot_bf16_bf16_fp32_1x16x4_1x4x1_neon/16/720/real_time",119517,1172.61,1166.25,ns,,,"1x16x720",,
"dot/dot_bf16_bf16_fp32_1x16x4_1x4x1_neon/32/4/real_time",5764764,24.2394,24.1264,ns,,,"1x32x4",,
"dot/dot_bf16_bf16_fp32_1x16x4_1x4x1_neon/32/92/real_time",452702,309.217,307.68,ns,,,"1x32x92",,
"dot/dot_bf16_bf16_fp32_1x16x4_1x4x1_neon/32/184/real_time",230901,605.981,603.034,ns,,,"1x32x184",,
"dot/dot_bf16_bf16_fp32_1x16x4_1x4x1_neon/32/276/real_time",155054,907.866,903.494,ns,,,"1x32x276",,
"dot/dot_bf16_bf16_fp32_1x16x4_1x4x1_neon/32/368/real_time",116287,1198.98,1193.52,ns,,,"1x32x368",,
"dot/dot_bf16_bf16_fp32_1x16x4_1x4x1_neon/64/4/real_time",3282111,42.9527,42.7523,ns,,,"1x64x4",,
"dot/dot_bf16_bf16_fp32_1x16x4_1x4x1_neon/64/44/real_time",463746,301.851,300.4,ns,,,"1x64x44",,
"dot/dot_bf16_bf16_fp32_1x16x4_1x4x1_neon/64/92/real_time",228917,611.78,608.949,ns,,,"1x64x92",,
"dot/dot_bf16_bf16_fp32_1x16x4_1x4x1_neon/64/136/real_time",155957,896.975,891.962,ns,,,"1x64x136",,
"dot/dot_bf16_bf16_fp32_1x16x4_1x4x1_neon/64/184/real_time",116049,1205.23,1199.31,ns,,,"1x64x184",,
"dot/dot_bf16_bf16_fp32_1x16x4_1x4x1_neon/128/4/real_time",1782497,78.9699,78.602,ns,,,"1x128x4",,
"dot/dot_bf16_bf16_fp32_1x16x4_1x4x1_neon/128/20/real_time",487588,286.812,285.369,ns,,,"1x128x20",,
"dot/dot_bf16_bf16_fp32_1x16x4_1x4x1_neon/128/44/real_time",234959,596.3,593.597,ns,,,"1x128x44",,
"dot/dot_bf16_bf16_fp32_1x16x4_1x4x1_neon/128/68/real_time",154330,903.021,898.895,ns,,,"1x128x68",,
"dot/dot_bf16_bf16_fp32_1x16x4_1x4x1_neon/128/92/real_time",114897,1214.53,1208.74,ns,,,"1x128x92",,
"dot/dot_bf16_bf16_fp32_2x16x4_1x4x1_neon/16/4/real_time",6566701,21.1763,21.0759,ns,,,"2x16x4",,
"dot/dot_bf16_bf16_fp32_2x16x4_1x4x1_neon/16/168/real_time",269823,515.45,512.689,ns,,,"2x16x168",,
"dot/dot_bf16_bf16_fp32_2x16x4_1x4x1_neon/16/336/real_time",134798,1028.77,1023.99,ns,,,"2x16x336",,
"dot/dot_bf16_bf16_fp32_2x16x4_1x4x1_neon/16/504/real_time",91261,1526.46,1519.55,ns,,,"2x16x504",,
"dot/dot_bf16_bf16_fp32_2x16x4_1x4x1_neon/16/676/real_time",66405,2119.03,2108.92,ns,,,"2x16x676",,
"dot/dot_bf16_bf16_fp32_2x16x4_1x4x1_neon/32/4/real_time",4289311,32.6534,32.4792,ns,,,"2x32x4",,
"dot/dot_bf16_bf16_fp32_2x16x4_1x4x1_neon/32/88/real_time",253255,551.451,548.804,ns,,,"2x32x88",,
"dot/dot_bf16_bf16_fp32_2x16x4_1x4x1_neon/32/176/real_time",125995,1099.21,1094.18,ns,,,"2x32x176",,
"dot/dot_bf16_bf16_fp32_2x16x4_1x4x1_neon/32/264/real_time",84819,1641,1632.16,ns,,,"2x32x264",,
"dot/dot_bf16_bf16_fp32_2x16x4_1x4x1_neon/32/356/real_time",63201,2225.06,2213.35,ns,,,"2x32x356",,
"dot/dot_bf16_bf16_fp32_2x16x4_1x4x1_neon/64/4/real_time",2430358,57.4537,57.1599,ns,,,"2x64x4",,
"dot/dot_bf16_bf16_fp32_2x16x4_1x4x1_neon/64/44/real_time",254060,551.404,548.693,ns,,,"2x64x44",,
"dot/dot_bf16_bf16_fp32_2x16x4_1x4x1_neon/64/88/real_time",128412,1092,1086.48,ns,,,"2x64x88",,
"dot/dot_bf16_bf16_fp32_2x16x4_1x4x1_neon/64/132/real_time",85025,1640.7,1633.07,ns,,,"2x64x132",,
"dot/dot_bf16_bf16_fp32_2x16x4_1x4x1_neon/64/180/real_time",61855,2249.76,2239.15,ns,,,"2x64x180",,
"dot/dot_bf16_bf16_fp32_2x16x4_1x4x1_neon/128/4/real_time",1285270,108.749,108.19,ns,,,"2x128x4",,
"dot/dot_bf16_bf16_fp32_2x16x4_1x4x1_neon/128/20/real_time",278162,503.54,501.068,ns,,,"2x128x20",,
"dot/dot_bf16_bf16_fp32_2x16x4_1x4x1_neon/128/44/real_time",126507,1100.38,1095.04,ns,,,"2x128x44",,
"dot/dot_bf16_bf16_fp32_2x16x4_1x4x1_neon/128/64/real_time",87286,1596.7,1588.92,ns,,,"2x128x64",,
"dot/dot_bf16_bf16_fp32_2x16x4_1x4x1_neon/128/88/real_time",63205,2209.47,2197.74,ns,,,"2x128x88",,
"dot/dot_bf16_bf16_fp32_3x16x4_1x4x1_neon/16/4/real_time",5685448,24.5663,24.428,ns,,,"3x16x4",,
"dot/dot_bf16_bf16_fp32_3x16x4_1x4x1_neon/16/160/real_time",223553,625.893,623.057,ns,,,"3x16x160",,
"dot/dot_bf16_bf16_fp32_3x16x4_1x4x1_neon/16/320/real_time",112234,1243.16,1237.37,ns,,,"3x16x320",,
"dot/dot_bf16_bf16_fp32_3x16x4_1x4x1_neon/16/480/real_time",75245,1860.72,1851.42,ns,,,"3x16x480",,
"dot/dot_bf16_bf16_fp32_3x16x4_1x4x1_neon/16/640/real_time",56351,2480.94,2468.32,ns,,,"3x16x640",,
"dot/dot_bf16_bf16_fp32_3x16x4_1x4x1_neon/32/4/real_time",3424086,40.993,40.803,ns,,,"3x32x4",,
"dot/dot_bf16_bf16_fp32_3x16x4_1x4x1_neon/32/84/real_time",212804,658.221,654.879,ns,,,"3x32x84",,
"dot/dot_bf16_bf16_fp32_3x16x4_1x4x1_neon/32/172/real_time",104767,1336.99,1330.31,ns,,,"3x32x172",,
"dot/dot_bf16_bf16_fp32_3x16x4_1x4x1_neon/32/256/real_time",70281,1986.15,1975.19,ns,,,"3x32x256",,
"dot/dot_bf16_bf16_fp32_3x16x4_1x4x1_neon/32/344/real_time",52263,2674.24,2660.51,ns,,,"3x32x344",,
"dot/dot_bf16_bf16_fp32_3x16x4_1x4x1_neon/64/4/real_time",1932213,72.5447,72.1804,ns,,,"3x64x4",,
"dot/dot_bf16_bf16_fp32_3x16x4_1x4x1_neon/64/44/real_time",202760,690.831,687.514,ns,,,"3x64x44",,
"dot/dot_bf16_bf16_fp32_3x16x4_1x4x1_neon/64/88/real_time",102120,1369,1362.3,ns,,,"3x64x88",,
"dot/dot_bf16_bf16_fp32_3x16x4_1x4x1_neon/64/132/real_time",68310,2048.32,2038.38,ns,,,"3x64x132",,
"dot/dot_bf16_bf16_fp32_3x16x4_1x4x1_neon/64/176/real_time",51233,2727.14,2714.01,ns,,,"3x64x176",,
"dot/dot_bf16_bf16_fp32_3x16x4_1x4x1_neon/128/4/real_time",986889,140.635,139.953,ns,,,"3x128x4",,
"dot/dot_bf16_bf16_fp32_3x16x4_1x4x1_neon/128/20/real_time",220464,634.468,631.424,ns,,,"3x128x20",,
"dot/dot_bf16_bf16_fp32_3x16x4_1x4x1_neon/128/40/real_time",111462,1250.31,1244.67,ns,,,"3x128x40",,
"dot/dot_bf16_bf16_fp32_3x16x4_1x4x1_neon/128/60/real_time",74652,1871.37,1862.56,ns,,,"3x128x60",,
"dot/dot_bf16_bf16_fp32_3x16x4_1x4x1_neon/128/84/real_time",53483,2608.22,2595.37,ns,,,"3x128x84",,
"dot/dot_bf16_bf16_fp32_4x16x4_1x4x1_neon/16/4/real_time",4616375,30.352,30.2109,ns,,,"4x16x4",,
"dot/dot_bf16_bf16_fp32_4x16x4_1x4x1_neon/16/152/real_time",187634,746.697,742.967,ns,,,"4x16x152",,
"dot/dot_bf16_bf16_fp32_4x16x4_1x4x1_neon/16/304/real_time",94369,1482.58,1475.65,ns,,,"4x16x304",,
"dot/dot_bf16_bf16_fp32_4x16x4_1x4x1_neon/16/456/real_time",62967,2222.63,2211.47,ns,,,"4x16x456",,
"dot/dot_bf16_bf16_fp32_4x16x4_1x4x1_neon/16/608/real_time",47310,2957.2,2943.47,ns,,,"4x16x608",,
"dot/dot_bf16_bf16_fp32_4x16x4_1x4x1_neon/32/4/real_time",2775114,50.3654,50.1321,ns,,,"4x32x4",,
"dot/dot_bf16_bf16_fp32_4x16x4_1x4x1_neon/32/80/real_time",178130,785.646,782.06,ns,,,"4x32x80",,
"dot/dot_bf16_bf16_fp32_4x16x4_1x4x1_neon/32/164/real_time",87115,1600.3,1591.76,ns,,,"4x32x164",,
"dot/dot_bf16_bf16_fp32_4x16x4_1x4x1_neon/32/248/real_time",57953,2421.16,2410,ns,,,"4x32x248",,
"dot/dot_bf16_bf16_fp32_4x16x4_1x4x1_neon/32/332/real_time",43317,3229.2,3214.01,ns,,,"4x32x332",,
"dot/dot_bf16_bf16_fp32_4x16x4_1x4x1_neon/64/4/real_time",1514210,92.4187,91.9619,ns,,,"4x64x4",,
"dot/dot_bf16_bf16_fp32_4x16x4_1x4x1_neon/64/40/real_time",177694,788.185,784.284,ns,,,"4x64x40",,
"dot/dot_bf16_bf16_fp32_4x16x4_1x4x1_neon/64/84/real_time",85226,1642.07,1632.36,ns,,,"4x64x84",,
"dot/dot_bf16_bf16_fp32_4x16x4_1x4x1_neon/64/128/real_time",56094,2492.95,2481.02,ns,,,"4x64x128",,
"dot/dot_bf16_bf16_fp32_4x16x4_1x4x1_neon/64/172/real_time",41689,3350.99,3332.16,ns,,,"4x64x172",,
"dot/dot_bf16_bf16_fp32_4x16x4_1x4x1_neon/128/4/real_time",798875,174.124,173.333,ns,,,"4x128x4",,
"dot/dot_bf16_bf16_fp32_4x16x4_1x4x1_neon/128/20/real_time",176803,791.783,788.082,ns,,,"4x128x20",,
"dot/dot_bf16_bf16_fp32_4x16x4_1x4x1_neon/128/40/real_time",89192,1567.65,1559.57,ns,,,"4x128x40",,
"dot/dot_bf16_bf16_fp32_4x16x4_1x4x1_neon/128/60/real_time",59569,2342.05,2330.58,ns,,,"4x128x60",,
"dot/dot_bf16_bf16_fp32_4x16x4_1x4x1_neon/128/84/real_time",42664,3271.11,3256.52,ns,,,"4x128x84",,
"dot/dot_bf16_bf16_fp32_5x16x4_1x4x1_neon/16/4/real_time",3917528,35.7343,35.5611,ns,,,"5x16x4",,
"dot/dot_bf16_bf16_fp32_5x16x4_1x4x1_neon/16/144/real_time",164393,852.259,847.983,ns,,,"5x16x144",,
"dot/dot_bf16_bf16_fp32_5x16x4_1x4x1_neon/16/288/real_time",82701,1691.78,1683.49,ns,,,"5x16x288",,
"dot/dot_bf16_bf16_fp32_5x16x4_1x4x1_neon/16/432/real_time",55318,2531.16,2518.75,ns,,,"5x16x432",,
"dot/dot_bf16_bf16_fp32_5x16x4_1x4x1_neon/16/576/real_time",41425,3369.73,3354.09,ns,,,"5x16x576",,
"dot/dot_bf16_bf16_fp32_5x16x4_1x4x1_neon/32/4/real_time",2352799,59.5286,59.2266,ns,,,"5x32x4",,
"dot/dot_bf16_bf16_fp32_5x16x4_1x4x1_neon/32/80/real_time",148086,945.771,940.799,ns,,,"5x32x80",,
"dot/dot_bf16_bf16_fp32_5x16x4_1x4x1_neon/32/160/real_time",74393,1880.67,1871.16,ns,,,"5x32x160",,
"dot/dot_bf16_bf16_fp32_5x16x4_1x4x1_neon/32/240/real_time",49702,2810.22,2797.57,ns,,,"5x32x240",,
"dot/dot_bf16_bf16_fp32_5x16x4_1x4x1_neon/32/320/real_time",37363,3744.98,3727.66,ns,,,"5x32x320",,
"dot/dot_bf16_bf16_fp32_5x16x4_1x4x1_neon/64/4/real_time",1292339,107.668,107.097,ns,,,"5x64x4",,
"dot/dot_bf16_bf16_fp32_5x16x4_1x4x1_neon/64/40/real_time",148068,945.021,940.85,ns,,,"5x64x40",,
"dot/dot_bf16_bf16_fp32_5x16x4_1x4x1_neon/64/84/real_time",70882,1971.87,1962.46,ns,,,"5x64x84",,
"dot/dot_bf16_bf16_fp32_5x16x4_1x4x1_neon/64/124/real_time",48061,2905.21,2890.88,ns,,,"5x64x124",,
"dot/dot_bf16_bf16_fp32_5x16x4_1x4x1_neon/64/168/real_time",35521,3941.6,3919.78,ns,,,"5x64x168",,
"dot/dot_bf16_bf16_fp32_5x16x4_1x4x1_neon/128/4/real_time",687707,203.008,202.043,ns,,,"5x128x4",,
"dot/dot_bf16_bf16_fp32_5x16x4_1x4x1_neon/128/20/real_time",147959,946.946,941.96,ns,,,"5x128x20",,
"dot/dot_bf16_bf16_fp32_5x16x4_1x4x1_neon/128/40/real_time",74077,1883.83,1875.2,ns,,,"5x128x40",,
"dot/dot_bf16_bf16_fp32_5x16x4_1x4x1_neon/128/60/real_time",49743,2812.1,2798.65,ns,,,"5x128x60",,
"dot/dot_bf16_bf16_fp32_5x16x4_1x4x1_neon/128/80/real_time",37338,3751.85,3732.85,ns,,,"5x128x80",,
"dot/dot_bf16_bf16_fp32_1x8x4_1x4x1_neon/8/4/real_time",10908648,12.7621,12.7028,ns,,,"1x8x4",,
"dot/dot_bf16_bf16_fp32_1x8x4_1x4x1_neon/8/340/real_time",494575,283.403,281.897,ns,,,"1x8x340",,
"dot/dot_bf16_bf16_fp32_1x8x4_1x4x1_neon/8/680/real_time",249401,558.565,555.903,ns,,,"1x8x680",,
"dot/dot_bf16_bf16_fp32_1x8x4_1x4x1_neon/8/1020/real_time",168125,833.51,829.417,ns,,,"1x8x1020",,
"dot/dot_bf16_bf16_fp32_1x8x4_1x4x1_neon/8/1360/real_time",124991,1118.69,1113.04,ns,,,"1x8x1360",,
"dot/dot_bf16_bf16_fp32_1x8x4_1x4x1_neon/16/4/real_time",7617536,18.3414,18.2527,ns,,,"1x16x4",,
"dot/dot_bf16_bf16_fp32_1x8x4_1x4x1_neon/16/180/real_time",465915,300.337,298.924,ns,,,"1x16x180",,
"dot/dot_bf16_bf16_fp32_1x8x4_1x4x1_neon/16/360/real_time",236526,592.698,589.823,ns,,,"1x16x360",,
"dot/dot_bf16_bf16_fp32_1x8x4_1x4x1_neon/16/540/real_time",158366,888.255,884.093,ns,,,"1x16x540",,
"dot/dot_bf16_bf16_fp32_1x8x4_1x4x1_neon/16/720/real_time",117949,1181.94,1175.93,ns,,,"1x16x720",,
"dot/dot_bf16_bf16_fp32_1x8x4_1x4x1_neon/32/4/real_time",4585090,30.5193,30.3671,ns,,,"1x32x4",,
"dot/dot_bf16_bf16_fp32_1x8x4_1x4x1_neon/32/92/real_time",450961,310.961,309.371,ns,,,"1x32x92",,
"dot/dot_bf16_bf16_fp32_1x8x4_1x4x1_neon/32/184/real_time",229659,611.902,609.012,ns,,,"1x32x184",,
"dot/dot_bf16_bf16_fp32_1x8x4_1x4x1_neon/32/276/real_time",154351,905.982,901.497,ns,,,"1x32x276",,
"dot/dot_bf16_bf16_fp32_1x8x4_1x4x1_neon/32/368/real_time",115980,1205.35,1199.5,ns,,,"1x32x368",,
"dot/dot_bf16_bf16_fp32_1x8x4_1x4x1_neon/64/4/real_time",2335507,59.8026,59.5349,ns,,,"1x64x4",,
"dot/dot_bf16_bf16_fp32_1x8x4_1x4x1_neon/64/44/real_time",464743,301.024,299.514,ns,,,"1x64x44",,
"dot/dot_bf16_bf16_fp32_1x8x4_1x4x1_neon/64/92/real_time",229251,611.342,608.566,ns,,,"1x64x92",,
"dot/dot_bf16_bf16_fp32_1x8x4_1x4x1_neon/64/136/real_time",154668,903.379,899.125,ns,,,"1x64x136",,
"dot/dot_bf16_bf16_fp32_1x8x4_1x4x1_neon/64/184/real_time",114003,1219.49,1213.61,ns,,,"1x64x184",,
"dot/dot_bf16_bf16_fp32_4x8x4_1x4x1_neon/8/4/real_time",7070038,19.9609,19.8647,ns,,,"4x8x4",,
"dot/dot_bf16_bf16_fp32_4x8x4_1x4x1_neon/8/252/real_time",204023,686.909,682.892,ns,,,"4x8x252",,
"dot/dot_bf16_bf16_fp32_4x8x4_1x4x1_neon/8/508/real_time",101640,1376.22,1369.47,ns,,,"4x8x508",,
"dot/dot_bf16_bf16_fp32_4x8x4_1x4x1_neon/8/760/real_time",68089,2053.86,2044.04,ns,,,"4x8x760",,
"dot/dot_bf16_bf16_fp32_4x8x4_1x4x1_neon/8/1016/real_time",51019,2743.54,2729.76,ns,,,"4x8x1016",,
"dot/dot_bf16_bf16_fp32_4x8x4_1x4x1_neon/16/4/real_time",4274809,32.7115,32.5581,ns,,,"4x16x4",,
"dot/dot_bf16_bf16_fp32_4x8x4_1x4x1_neon/16/152/real_time",169135,827.539,823.408,ns,,,"4x16x152",,
"dot/dot_bf16_bf16_fp32_4x8x4_1x4x1_neon/16/304/real_time",84805,1644.89,1637.34,ns,,,"4x16x304",,
"dot/dot_bf16_bf16_fp32_4x8x4_1x4x1_neon/16/456/real_time",56789,2463.94,2451.8,ns,,,"4x16x456",,
"dot/dot_bf16_bf16_fp32_4x8x4_1x4x1_neon/16/608/real_time",42599,3287.99,3270.97,ns,,,"4x16x608",,
"dot/dot_bf16_bf16_fp32_4x8x4_1x4x1_neon/32/4/real_time",2479945,56.5144,56.2147,ns,,,"4x32x4",,
"dot/dot_bf16_bf16_fp32_4x8x4_1x4x1_neon/32/80/real_time",160240,873.779,869.075,ns,,,"4x32x80",,
"dot/dot_bf16_bf16_fp32_4x8x4_1x4x1_neon/32/164/real_time",78406,1776.6,1768.32,ns,,,"4x32x164",,
"dot/dot_bf16_bf16_fp32_4x8x4_1x4x1_neon/32/248/real_time",52141,2681.58,2668.61,ns,,,"4x32x248",,
"dot/dot_bf16_bf16_fp32_4x8x4_1x4x1_neon/32/332/real_time",39002,3584.86,3567.99,ns,,,"4x32x332",,
"dot/dot_bf16_bf16_fp32_4x8x4_1x4x1_neon/64/4/real_time",1341692,103.975,103.445,ns,,,"4x64x4",,
"dot/dot_bf16_bf16_fp32_4x8x4_1x4x1_neon/64/40/real_time",160139,874.551,870.129,ns,,,"4x64x40",,
"dot/dot_bf16_bf16_fp32_4x8x4_1x4x1_neon/64/84/real_time",76838,1822.82,1813.73,ns,,,"4x64x84",,
"dot/dot_bf16_bf16_fp32_4x8x4_1x4x1_neon/64/128/real_time",50383,2773.55,2759.59,ns,,,"4x64x128",,
"dot/dot_bf16_bf16_fp32_4x8x4_1x4x1_neon/64/172/real_time",37681,3719.49,3700.1,ns,,,"4x64x172",,
"dot/dot_bf16_bf16_fp32_6x8x4_1x4x1_neon/8/4/real_time",5605547,25.068,24.93,ns,,,"6x8x4",,
"dot/dot_bf16_bf16_fp32_6x8x4_1x4x1_neon/8/216/real_time",180121,775.713,772.044,ns,,,"6x8x216",,
"dot/dot_bf16_bf16_fp32_6x8x4_1x4x1_neon/8/432/real_time",90920,1542.85,1535.36,ns,,,"6x8x432",,
"dot/dot_bf16_bf16_fp32_6x8x4_1x4x1_neon/8/648/real_time",60460,2311.53,2300.44,ns,,,"6x8x648",,
"dot/dot_bf16_bf16_fp32_6x8x4_1x4x1_neon/8/868/real_time",45421,3081.06,3065.91,ns,,,"6x8x868",,
"dot/dot_bf16_bf16_fp32_6x8x4_1x4x1_neon/16/4/real_time",3494658,40.0314,39.8392,ns,,,"6x16x4",,
"dot/dot_bf16_bf16_fp32_6x8x4_1x4x1_neon/16/136/real_time",144635,967.311,962.642,ns,,,"6x16x136",,
"dot/dot_bf16_bf16_fp32_6x8x4_1x4x1_neon/16/272/real_time",72436,1928.26,1918.44,ns,,,"6x16x272",,
"dot/dot_bf16_bf16_fp32_6x8x4_1x4x1_neon/16/408/real_time",48508,2884.03,2869.68,ns,,,"6x16x408",,
"dot/dot_bf16_bf16_fp32_6x8x4_1x4x1_neon/16/548/real_time",36144,3887.98,3869.83,ns,,,"6x16x548",,
"dot/dot_bf16_bf16_fp32_6x8x4_1x4x1_neon/32/4/real_time",2005825,69.6268,69.2875,ns,,,"6x32x4",,
"dot/dot_bf16_bf16_fp32_6x8x4_1x4x1_neon/32/76/real_time",129675,1082.95,1077.69,ns,,,"6x32x76",,
"dot/dot_bf16_bf16_fp32_6x8x4_1x4x1_neon/32/156/real_time",63363,2207.59,2194.86,ns,,,"6x32x156",,
"dot/dot_bf16_bf16_fp32_6x8x4_1x4x1_neon/32/232/real_time",42636,3278.94,3261.78,ns,,,"6x32x232",,
"dot/dot_bf16_bf16_fp32_6x8x4_1x4x1_neon/32/312/real_time",31851,4393.03,4371.11,ns,,,"6x32x312",,
"dot/dot_bf16_bf16_fp32_6x8x4_1x4x1_neon/64/4/real_time",1090865,128.496,127.797,ns,,,"6x64x4",,
"dot/dot_bf16_bf16_fp32_6x8x4_1x4x1_neon/64/40/real_time",122379,1141.26,1134.98,ns,,,"6x64x40",,
"dot/dot_bf16_bf16_fp32_6x8x4_1x4x1_neon/64/80/real_time",61843,2262.36,2251.38,ns,,,"6x64x80",,
"dot/dot_bf16_bf16_fp32_6x8x4_1x4x1_neon/64/120/real_time",41227,3392.28,3374.87,ns,,,"6x64x120",,
"dot/dot_bf16_bf16_fp32_6x8x4_1x4x1_neon/64/164/real_time",30270,4628.13,4606.16,ns,,,"6x64x164",,
"dot/dot_bf16_bf16_fp32_8x8x4_1x4x1_neon/8/4/real_time",4168760,33.6838,33.5047,ns,,,"8x8x4",,
"dot/dot_bf16_bf16_fp32_8x8x4_1x4x1_neon/8/188/real_time",148974,940.391,935.732,ns,,,"8x8x188",,
"dot/dot_bf16_bf16_fp32_8x8x4_1x4x1_neon/8/380/real_time",74071,1887.17,1878.24,ns,,,"8x8x380",,
"dot/dot_bf16_bf16_fp32_8x8x4_1x4x1_neon/8/568/real_time",49649,2815.55,2801.35,ns,,,"8x8x568",,
"dot/dot_bf16_bf16_fp32_8x8x4_1x4x1_neon/8/760/real_time",37192,3766.01,3746.35,ns,,,"8x8x760",,
"dot/dot_bf16_bf16_fp32_8x8x4_1x4x1_neon/16/4/real_time",2624426,53.3362,53.082,ns,,,"8x16x4",,
"dot/dot_bf16_bf16_fp32_8x8x4_1x4x1_neon/16/124/real_time",113059,1234.89,1229.07,ns,,,"8x16x124",,
"dot/dot_bf16_bf16_fp32_8x8x4_1x4x1_neon/16/248/real_time",56831,2457.94,2446.58,ns,,,"8x16x248",,
"dot/dot_bf16_bf16_fp32_8x8x4_1x4x1_neon/16/372/real_time",38025,3682.27,3664.91,ns,,,"8x16x372",,
"dot/dot_bf16_bf16_fp32_8x8x4_1x4x1_neon/16/500/real_time",28268,4946.89,4921.64,ns,,,"8x16x500",,
"dot/dot_bf16_bf16_fp32_8x8x4_1x4x1_neon/32/4/real_time",1519377,92.1851,91.6956,ns,,,"8x32x4",,
"dot/dot_bf16_bf16_fp32_8x8x4_1x4x1_neon/32/72/real_time",97446,1430.07,1422.66,ns,,,"8x32x72",,
"dot/dot_bf16_bf16_fp32_8x8x4_1x4x1_neon/32/144/real_time",49149,2853.58,2837.36,ns,,,"8x32x144",,
"dot/dot_bf16_bf16_fp32_8x8x4_1x4x1_neon/32/216/real_time",32572,4274.17,4251.09,ns,,,"8x32x216",,
"dot/dot_bf16_bf16_fp32_8x8x4_1x4x1_neon/32/292/real_time",24237,5780.55,5749.03,ns,,,"8x32x292",,
"dot/dot_bf16_bf16_fp32_8x8x4_1x4x1_neon/64/4/real_time",823699,169.592,168.87,ns,,,"8x64x4",,
"dot/dot_bf16_bf16_fp32_8x8x4_1x4x1_neon/64/36/real_time",98398,1424.43,1417.32,ns,,,"8x64x36",,
"dot/dot_bf16_bf16_fp32_8x8x4_1x4x1_neon/64/76/real_time",46471,3006.08,2993.7,ns,,,"8x64x76",,
"dot/dot_bf16_bf16_fp32_8x8x4_1x4x1_neon/64/116/real_time",30505,4588.56,4564.33,ns,,,"8x64x116",,
"dot/dot_bf16_bf16_fp32_8x8x4_1x4x1_neon/64/156/real_time",22688,6168.7,6137.35,ns,,,"8x64x156",,
"dot/dot_bf16_bf16_fp32_8x4x4_1x4x1_neon/4/4/real_time",6374804,21.9315,21.8287,ns,,,"8x4x4",,
"dot/dot_bf16_bf16_fp32_8x4x4_1x4x1_neon/4/252/real_time",197899,707.809,703.899,ns,,,"8x4x252",,
"dot/dot_bf16_bf16_fp32_8x4x4_1x4x1_neon/4/508/real_time",98356,1418.84,1412.18,ns,,,"8x4x508",,
"dot/dot_bf16_bf16_fp32_8x4x4_1x4x1_neon/4/760/real_time",65898,2120.81,2109.9,ns,,,"8x4x760",,
"dot/dot_bf16_bf16_fp32_8x4x4_1x4x1_neon/4/1016/real_time",49219,2837.44,2823.02,ns,,,"8x4x1016",,
"dot/dot_bf16_bf16_fp32_8x4x4_1x4x1_neon/8/4/real_time",4218999,33.1826,33.0015,ns,,,"8x8x4",,
"dot/dot_bf16_bf16_fp32_8x4x4_1x4x1_neon/8/188/real_time",132522,1050.17,1045.31,ns,,,"8x8x188",,
"dot/dot_bf16_bf16_fp32_8x4x4_1x4x1_neon/8/380/real_time",66058,2118.8,2107.59,ns,,,"8x8x380",,
"dot/dot_bf16_bf16_fp32_8x4x4_1x4x1_neon/8/568/real_time",44261,3164.38,3148.25,ns,,,"8x8x568",,
"dot/dot_bf16_bf16_fp32_8x4x4_1x4x1_neon/8/760/real_time",32994,4239.27,4218.87,ns,,,"8x8x760",,
"dot/dot_bf16_bf16_fp32_8x4x4_1x4x1_neon/16/4/real_time",2485662,56.667,56.3984,ns,,,"8x16x4",,
"dot/dot_bf16_bf16_fp32_8x4x4_1x4x1_neon/16/124/real_time",100714,1381.74,1374.22,ns,,,"8x16x124",,
"dot/dot_bf16_bf16_fp32_8x4x4_1x4x1_neon/16/248/real_time",50708,2759.94,2747.13,ns,,,"8x16x248",,
"dot/dot_bf16_bf16_fp32_8x4x4_1x4x1_neon/16/372/real_time",33779,4139.51,4119.79,ns,,,"8x16x372",,
"dot/dot_bf16_bf16_fp32_8x4x4_1x4x1_neon/16/500/real_time",25124,5564.91,5538.77,ns,,,"8x16x500",,
"dot/dot_bf16_bf16_fp32_8x4x4_1x4x1_neon/32/4/real_time",1368336,102.254,101.745,ns,,,"8x32x4",,
"dot/dot_bf16_bf16_fp32_8x4x4_1x4x1_neon/32/72/real_time",87464,1601.26,1592.84,ns,,,"8x32x72",,
"dot/dot_bf16_bf16_fp32_8x4x4_1x4x1_neon/32/144/real_time",43639,3200.84,3186,ns,,,"8x32x144",,
"dot/dot_bf16_bf16_fp32_8x4x4_1x4x1_neon/32/216/real_time",29151,4802.55,4780.12,ns,,,"8x32x216",,
"dot/dot_bf16_bf16_fp32_8x4x4_1x4x1_neon/32/292/real_time",21554,6498.46,6462.33,ns,,,"8x32x292",,
"dot/dot_int8_int2_int32_1x32x16_1x4x16_neondot/32/16/real_time",5951577,23.5389,23.435,ns,,,"1x32x16",,
"dot/dot_int8_int2_int32_1x32x16_1x4x16_neondot/32/672/real_time",223209,627.214,624.16,ns,,,"1x32x672",,
"dot/dot_int8_int2_int32_1x32x16_1x4x16_neondot/32/1344/real_time",111948,1244.29,1238.84,ns,,,"1x32x1344",,
"dot/dot_int8_int2_int32_1x32x16_1x4x16_neondot/32/2016/real_time",74902,1862.62,1854.03,ns,,,"1x32x2016",,
"dot/dot_int8_int2_int32_1x32x16_1x4x16_neondot/32/2704/real_time",56078,2497.16,2483.52,ns,,,"1x32x2704",,
"dot/dot_int8_int2_int32_1x32x16_1x4x16_neondot/64/16/real_time",3670968,38.2612,38.0868,ns,,,"1x64x16",,
"dot/dot_int8_int2_int32_1x32x16_1x4x16_neondot/64/352/real_time",203126,657.678,654.14,ns,,,"1x64x352",,
"dot/dot_int8_int2_int32_1x32x16_1x4x16_neondot/64/704/real_time",106894,1304.83,1298,ns,,,"1x64x704",,
"dot/dot_int8_int2_int32_1x32x16_1x4x16_neondot/64/1056/real_time",71514,1951.98,1942.35,ns,,,"1x64x1056",,
"dot/dot_int8_int2_int32_1x32x16_1x4x16_neondot/64/1424/real_time",53186,2630.47,2617.3,ns,,,"1x64x1424",,
"dot/dot_int8_int2_int32_1x32x16_1x4x16_neondot/128/16/real_time",2001908,69.8394,69.5261,ns,,,"1x128x16",,
"dot/dot_int8_int2_int32_1x32x16_1x4x16_neondot/128/176/real_time",212340,659.254,655.514,ns,,,"1x128x176",,
"dot/dot_int8_int2_int32_1x32x16_1x4x16_neondot/128/352/real_time",106793,1305.18,1299.32,ns,,,"1x128x352",,
"dot/dot_int8_int2_int32_1x32x16_1x4x16_neondot/128/528/real_time",71514,1953.92,1943.91,ns,,,"1x128x528",,
"dot/dot_int8_int2_int32_1x32x16_1x4x16_neondot/128/720/real_time",52572,2659.79,2646.48,ns,,,"1x128x720",,
"dot/dot_int8_int2_int32_1x32x16_1x4x16_neondot/256/16/real_time",1054726,131.675,131.061,ns,,,"1x256x16",,
"dot/dot_int8_int2_int32_1x32x16_1x4x16_neondot/256/80/real_time",232370,601.872,599.017,ns,,,"1x256x80",,
"dot/dot_int8_int2_int32_1x32x16_1x4x16_neondot/256/176/real_time",107048,1308.27,1301.91,ns,,,"1x256x176",,
"dot/dot_int8_int2_int32_1x32x16_1x4x16_neondot/256/256/real_time",73601,1896.53,1887.89,ns,,,"1x256x256",,
"dot/dot_int8_int2_int32_1x32x16_1x4x16_neondot/256/352/real_time",53642,2603.3,2590.54,ns,,,"1x256x352",,
"dot/dot_int8_int2_int32_1x16x16_1x4x16_neondot/16/16/real_time",10531719,13.3273,13.2579,ns,,,"1x16x16",,
"dot/dot_int8_int2_int32_1x16x16_1x4x16_neondot/16/1216/real_time",246581,568.473,565.237,ns,,,"1x16x1216",,
"dot/dot_int8_int2_int32_1x16x16_1x4x16_neondot/16/2448/real_time",123221,1133.91,1128.62,ns,,,"1x16x2448",,
"dot/dot_int8_int2_int32_1x16x16_1x4x16_neondot/16/3664/real_time",82563,1691.95,1684.99,ns,,,"1x16x3664",,
"dot/dot_int8_int2_int32_1x16x16_1x4x16_neondot/16/4896/real_time",61863,2259.2,2248.25,ns,,,"1x16x4896",,
"dot/dot_int8_int2_int32_1x16x16_1x4x16_neondot/32/16/real_time",6046564,22.995,22.8792,ns,,,"1x32x16",,
"dot/dot_int8_int2_int32_1x16x16_1x4x16_neondot/32/672/real_time",223437,626.56,623.741,ns,,,"1x32x672",,
"dot/dot_int8_int2_int32_1x16x16_1x4x16_neondot/32/1344/real_time",111828,1244.82,1238.66,ns,,,"1x32x1344",,
"dot/dot_int8_int2_int32_1x16x16_1x4x16_neondot/32/2016/real_time",75106,1862.58,1853.21,ns,,,"1x32x2016",,
"dot/dot_int8_int2_int32_1x16x16_1x4x16_neondot/32/2704/real_time",56019,2494.5,2482.86,ns,,,"1x32x2704",,
"dot/dot_int8_int2_int32_1x16x16_1x4x16_neondot/64/16/real_time",3645314,38.462,38.2694,ns,,,"1x64x16",,
"dot/dot_int8_int2_int32_1x16x16_1x4x16_neondot/64/352/real_time",213037,656.565,653.502,ns,,,"1x64x352",,
"dot/dot_int8_int2_int32_1x16x16_1x4x16_neondot/64/704/real_time",106925,1303.97,1298.1,ns,,,"1x64x704",,
"dot/dot_int8_int2_int32_1x16x16_1x4x16_neondot/64/1056/real_time",71440,1950.92,1941.78,ns,,,"1x64x1056",,
"dot/dot_int8_int2_int32_1x16x16_1x4x16_neondot/64/1424/real_time",53234,2627.58,2615.2,ns,,,"1x64x1424",,
"dot/dot_int8_int2_int32_1x16x16_1x4x16_neondot/128/16/real_time",2024863,69.4146,69.0802,ns,,,"1x128x16",,
"dot/dot_int8_int2_int32_1x16x16_1x4x16_neondot/128/176/real_time",212268,658.098,654.928,ns,,,"1x128x176",,
"dot/dot_int8_int2_int32_1x16x16_1x4x16_neondot/128/352/real_time",106882,1304.84,1299.02,ns,,,"1x128x352",,
"dot/dot_int8_int2_int32_1x16x16_1x4x16_neondot/128/528/real_time",71515,1952.92,1943.24,ns,,,"1x128x528",,
"dot/dot_int8_int2_int32_1x16x16_1x4x16_neondot/128/720/real_time",52346,2663.93,2650.5,ns,,,"1x128x720",,
"dot/dot_int8_int2_int32_2x16x16_1x4x16_neondot/16/16/real_time",7026018,19.9166,19.8146,ns,,,"2x16x16",,
"dot/dot_int8_int2_int32_2x16x16_1x4x16_neondot/16/1008/real_time",210370,665.547,661.709,ns,,,"2x16x1008",,
"dot/dot_int8_int2_int32_2x16x16_1x4x16_neondot/16/2032/real_time",105032,1330.81,1324.04,ns,,,"2x16x2032",,
"dot/dot_int8_int2_int32_2x16x16_1x4x16_neondot/16/3040/real_time",70431,1985.75,1976.18,ns,,,"2x16x3040",,
"dot/dot_int8_int2_int32_2x16x16_1x4x16_neondot/16/4064/real_time",52702,2652.66,2639.31,ns,,,"2x16x4064",,
"dot/dot_int8_int2_int32_2x16x16_1x4x16_neondot/32/16/real_time",4593568,30.2919,30.1313,ns,,,"2x32x16",,
"dot/dot_int8_int2_int32_2x16x16_1x4x16_neondot/32/608/real_time",174902,800.711,796.84,ns,,,"2x32x608",,
"dot/dot_int8_int2_int32_2x16x16_1x4x16_neondot/32/1216/real_time",87757,1591.27,1583.23,ns,,,"2x32x1216",,
"dot/dot_int8_int2_int32_2x16x16_1x4x16_neondot/32/1824/real_time",58760,2383.18,2371.19,ns,,,"2x32x1824",,
"dot/dot_int8_int2_int32_2x16x16_1x4x16_neondot/32/2432/real_time",44081,3172.75,3157.69,ns,,,"2x32x2432",,
"dot/dot_int8_int2_int32_2x16x16_1x4x16_neondot/64/16/real_time",2657834,52.9517,52.7085,ns,,,"2x64x16",,
"dot/dot_int8_int2_int32_2x16x16_1x4x16_neondot/64/320/real_time",165878,843.719,839.781,ns,,,"2x64x320",,
"dot/dot_int8_int2_int32_2x16x16_1x4x16_neondot/64/656/real_time",81380,1717.1,1709.12,ns,,,"2x64x656",,
"dot/dot_int8_int2_int32_2x16x16_1x4x16_neondot/64/992/real_time",53975,2591.95,2578.84,ns,,,"2x64x992",,
"dot/dot_int8_int2_int32_2x16x16_1x4x16_neondot/64/1328/real_time",40353,3465.29,3448.95,ns,,,"2x64x1328",,
"dot/dot_int8_int2_int32_2x16x16_1x4x16_neondot/128/16/real_time",1440841,96.8686,96.4309,ns,,,"2x128x16",,
"dot/dot_int8_int2_int32_2x16x16_1x4x16_neondot/128/160/real_time",165419,848.337,844.448,ns,,,"2x128x160",,
"dot/dot_int8_int2_int32_2x16x16_1x4x16_neondot/128/336/real_time",79271,1762.48,1754.01,ns,,,"2x128x336",,
"dot/dot_int8_int2_int32_2x16x16_1x4x16_neondot/128/512/real_time",52246,2677.46,2664.84,ns,,,"2x128x512",,
"dot/dot_int8_int2_int32_2x16x16_1x4x16_neondot/128/688/real_time",38895,3597.33,3580.24,ns,,,"2x128x688",,
"dot/dot_int8_int2_int32_1x8x16_1x4x16_neondot/8/16/real_time",13605236,10.2763,10.2239,ns,,,"1x8x16",,
"dot/dot_int8_int2_int32_1x8x16_1x4x16_neondot/8/2032/real_time",288213,485.827,483.573,ns,,,"1x8x2032",,
"dot/dot_int8_int2_int32_1x8x16_1x4x16_neondot/8/4080/real_time",144633,968.02,963.36,ns,,,"1x8x4080",,
"dot/dot_int8_int2_int32_1x8x16_1x4x16_neondot/8/6128/real_time",96075,1450.49,1443.35,ns,,,"1x8x6128",,
"dot/dot_int8_int2_int32_1x8x16_1x4x16_neondot/8/8176/real_time",72191,1938.36,1928.32,ns,,,"1x8x8176",,
"dot/dot_int8_int2_int32_1x8x16_1x4x16_neondot/16/16/real_time",9680207,14.5034,14.4268,ns,,,"1x16x16",,
"dot/dot_int8_int2_int32_1x8x16_1x4x16_neondot/16/1216/real_time",239943,580.373,577.798,ns,,,"1x16x1216",,
"dot/dot_int8_int2_int32_1x8x16_1x4x16_neondot/16/2448/real_time",120315,1160.17,1154.5,ns,,,"1x16x2448",,
"dot/dot_int8_int2_int32_1x8x16_1x4x16_neondot/16/3664/real_time",80607,1732.4,1724.4,ns,,,"1x16x3664",,
"dot/dot_int8_int2_int32_1x8x16_1x4x16_neondot/16/4896/real_time",60451,2312,2301.4,ns,,,"1x16x4896",,
"dot/dot_int8_int2_int32_1x8x16_1x4x16_neondot/32/16/real_time",5960961,23.3148,23.2157,ns,,,"1x32x16",,
"dot/dot_int8_int2_int32_1x8x16_1x4x16_neondot/32/672/real_time",218475,640.979,637.896,ns,,,"1x32x672",,
"dot/dot_int8_int2_int32_1x8x16_1x4x16_neondot/32/1344/real_time",109790,1272.94,1267.42,ns,,,"1x32x1344",,
"dot/dot_int8_int2_int32_1x8x16_1x4x16_neondot/32/2016/real_time",73182,1905.93,1897.19,ns,,,"1x32x2016",,
"dot/dot_int8_int2_int32_1x8x16_1x4x16_neondot/32/2704/real_time",54581,2560.26,2547.31,ns,,,"1x32x2704",,
"dot/dot_int8_int2_int32_1x8x16_1x4x16_neondot/64/16/real_time",3350526,40.7798,40.5664,ns,,,"1x64x16",,
"dot/dot_int8_int2_int32_1x8x16_1x4x16_neondot/64/352/real_time",208648,671.57,668.188,ns,,,"1x64x352",,
"dot/dot_int8_int2_int32_1x8x16_1x4x16_neondot/64/704/real_time",104489,1339.93,1333.67,ns,,,"1x64x704",,
"dot/dot_int8_int2_int32_1x8x16_1x4x16_neondot/64/1056/real_time",69808,2002.51,1992.24,ns,,,"1x64x1056",,
"dot/dot_int8_int2_int32_1x8x16_1x4x16_neondot/64/1424/real_time",51867,2696.61,2683.15,ns,,,"1x64x1424",,
"dot/dot_int8_int2_int32_2x8x16_1x4x16_neondot/8/16/real_time",10816815,12.8183,12.7609,ns,,,"2x8x16",,
"dot/dot_int8_int2_int32_2x8x16_1x4x16_neondot/8/1520/real_time",269510,519.307,516.754,ns,,,"2x8x1520",,
"dot/dot_int8_int2_int32_2x8x16_1x4x16_neondot/8/3056/real_time",134383,1036.52,1031.16,ns,,,"2x8x3056",,
"dot/dot_int8_int2_int32_2x8x16_1x4x16_neondot/8/4592/real_time",89943,1553.67,1545.43,ns,,,"2x8x4592",,
"dot/dot_int8_int2_int32_2x8x16_1x4x16_neondot/8/6128/real_time",67608,2071.44,2060.45,ns,,,"2x8x6128",,
"dot/dot_int8_int2_int32_2x8x16_1x4x16_neondot/16/16/real_time",7233565,19.3329,19.2486,ns,,,"2x16x16",,
"dot/dot_int8_int2_int32_2x8x16_1x4x16_neondot/16/1008/real_time",203915,686.437,683.119,ns,,,"2x16x1008",,
"dot/dot_int8_int2_int32_2x8x16_1x4x16_neondot/16/2032/real_time",101453,1374.67,1368.51,ns,,,"2x16x2032",,
"dot/dot_int8_int2_int32_2x8x16_1x4x16_neondot/16/3040/real_time",68165,2053.07,2043.2,ns,,,"2x16x3040",,
"dot/dot_int8_int2_int32_2x8x16_1x4x16_neondot/16/4064/real_time",50974,2742.43,2728.39,ns,,,"2x16x4064",,
"dot/dot_int8_int2_int32_2x8x16_1x4x16_neondot/32/16/real_time",4447040,31.4909,31.3429,ns,,,"2x32x16",,
"dot/dot_int8_int2_int32_2x8x16_1x4x16_neondot/32/608/real_time",169279,826.713,822.875,ns,,,"2x32x608",,
"dot/dot_int8_int2_int32_2x8x16_1x4x16_neondot/32/1216/real_time",84769,1644.69,1636.88,ns,,,"2x32x1216",,
"dot/dot_int8_int2_int32_2x8x16_1x4x16_neondot/32/1824/real_time",56746,2462.84,2451.07,ns,,,"2x32x1824",,
"dot/dot_int8_int2_int32_2x8x16_1x4x16_neondot/32/2432/real_time",42644,3281.97,3265.47,ns,,,"2x32x2432",,
"dot/dot_int8_int2_int32_2x8x16_1x4x16_neondot/64/16/real_time",2515347,55.7663,55.4852,ns,,,"2x64x16",,
"dot/dot_int8_int2_int32_2x8x16_1x4x16_neondot/64/320/real_time",160754,871.181,867.142,ns,,,"2x64x320",,
"dot/dot_int8_int2_int32_2x8x16_1x4x16_neondot/64/656/real_time",78536,1775.33,1767.48,ns,,,"2x64x656",,
"dot/dot_int8_int2_int32_2x8x16_1x4x16_neondot/64/992/real_time",52152,2679.95,2666.43,ns,,,"2x64x992",,
"dot/dot_int8_int2_int32_2x8x16_1x4x16_neondot/64/1328/real_time",38872,3589.64,3572.76,ns,,,"2x64x1328",,
"dot/dot_int8_int2_int32_3x8x16_1x4x16_neondot/8/16/real_time",9280999,15.0764,15.0048,ns,,,"3x8x16",,
"dot/dot_int8_int2_int32_3x8x16_1x4x16_neondot/8/1216/real_time",259029,540.706,538.141,ns,,,"3x8x1216",,
"dot/dot_int8_int2_int32_3x8x16_1x4x16_neondot/8/2448/real_time",129444,1079.4,1074.32,ns,,,"3x8x2448",,
"dot/dot_int8_int2_int32_3x8x16_1x4x16_neondot/8/3664/real_time",86489,1612.91,1604.48,ns,,,"3x8x3664",,
"dot/dot_int8_int2_int32_3x8x16_1x4x16_neondot/8/4896/real_time",65010,2152.13,2141.68,ns,,,"3x8x4896",,
"dot/dot_int8_int2_int32_3x8x16_1x4x16_neondot/16/16/real_time",5902283,23.6497,23.5309,ns,,,"3x16x16",,
"dot/dot_int8_int2_int32_3x8x16_1x4x16_neondot/16/864/real_time",182923,765.643,761.751,ns,,,"3x16x864",,
"dot/dot_int8_int2_int32_3x8x16_1x4x16_neondot/16/1728/real_time",91744,1521.14,1513.63,ns,,,"3x16x1728",,
"dot/dot_int8_int2_int32_3x8x16_1x4x16_neondot/16/2592/real_time",61455,2276.61,2265.18,ns,,,"3x16x2592",,
"dot/dot_int8_int2_int32_3x8x16_1x4x16_neondot/16/3472/real_time",45902,3046.84,3031.31,ns,,,"3x16x3472",,
"dot/dot_int8_int2_int32_3x8x16_1x4x16_neondot/32/16/real_time",3555353,39.3967,39.1767,ns,,,"3x32x16",,
"dot/dot_int8_int2_int32_3x8x16_1x4x16_neondot/32/544/real_time",145332,963.743,958.516,ns,,,"3x32x544",,
"dot/dot_int8_int2_int32_3x8x16_1x4x16_neondot/32/1088/real_time",73042,1915.49,1906.31,ns,,,"3x32x1088",,
"dot/dot_int8_int2_int32_3x8x16_1x4x16_neondot/32/1632/real_time",48813,2866.1,2852.01,ns,,,"3x32x1632",,
"dot/dot_int8_int2_int32_3x8x16_1x4x16_neondot/32/2192/real_time",36385,3844.79,3825.81,ns,,,"3x32x2192",,
"dot/dot_int8_int2_int32_3x8x16_1x4x16_neondot/64/16/real_time",1980113,71.1442,70.7963,ns,,,"3x64x16",,
"dot/dot_int8_int2_int32_3x8x16_1x4x16_neondot/64/304/real_time",129875,1076.54,1071.23,ns,,,"3x64x304",,
"dot/dot_int8_int2_int32_3x8x16_1x4x16_neondot/64/624/real_time",63625,2194.93,2185.06,ns,,,"3x64x624",,
"dot/dot_int8_int2_int32_3x8x16_1x4x16_neondot/64/928/real_time",42886,3262.56,3245.83,ns,,,"3x64x928",,
"dot/dot_int8_int2_int32_3x8x16_1x4x16_neondot/64/1248/real_time",31927,4383.78,4362.74,ns,,,"3x64x1248",,
"dot/dot_int8_int2_int32_4x8x16_1x4x16_neondot/8/16/real_time",7527662,18.5652,18.478,ns,,,"4x8x16",,
"dot/dot_int8_int2_int32_4x8x16_1x4x16_neondot/8/1008/real_time",253358,552.989,550.098,ns,,,"4x8x1008",,
"dot/dot_int8_int2_int32_4x8x16_1x4x16_neondot/8/2032/real_time",126200,1104.09,1098.48,ns,,,"4x8x2032",,
"dot/dot_int8_int2_int32_4x8x16_1x4x16_neondot/8/3040/real_time",84911,1645.89,1638.48,ns,,,"4x8x3040",,
"dot/dot_int8_int2_int32_4x8x16_1x4x16_neondot/8/4064/real_time",63596,2198.88,2188.23,ns,,,"4x8x4064",,
"dot/dot_int8_int2_int32_4x8x16_1x4x16_neondot/16/16/real_time",4948362,28.1624,28.0213,ns,,,"4x16x16",,
"dot/dot_int8_int2_int32_4x8x16_1x4x16_neondot/16/752/real_time",170579,820.292,816.616,ns,,,"4x16x752",,
"dot/dot_int8_int2_int32_4x8x16_1x4x16_neondot/16/1520/real_time",84918,1647.64,1638.94,ns,,,"4x16x1520",,
"dot/dot_int8_int2_int32_4x8x16_1x4x16_neondot/16/2272/real_time",56866,2458.81,2445,ns,,,"4x16x2272",,
"dot/dot_int8_int2_int32_4x8x16_1x4x16_neondot/16/3040/real_time",42581,3284.49,3268.42,ns,,,"4x16x3040",,
"dot/dot_int8_int2_int32_4x8x16_1x4x16_neondot/32/16/real_time",2966017,47.1216,46.887,ns,,,"4x32x16",,
"dot/dot_int8_int2_int32_4x8x16_1x4x16_neondot/32/496/real_time",128953,1080.03,1074.86,ns,,,"4x32x496",,
"dot/dot_int8_int2_int32_4x8x16_1x4x16_neondot/32/992/real_time",65168,2146.99,2137.64,ns,,,"4x32x992",,
"dot/dot_int8_int2_int32_4x8x16_1x4x16_neondot/32/1488/real_time",43475,3216.9,3200.71,ns,,,"4x32x1488",,
"dot/dot_int8_int2_int32_4x8x16_1x4x16_neondot/32/2000/real_time",32396,4321.98,4301.54,ns,,,"4x32x2000",,
"dot/dot_int8_int2_int32_4x8x16_1x4x16_neondot/64/16/real_time",1654972,84.3301,83.949,ns,,,"4x64x16",,
"dot/dot_int8_int2_int32_4x8x16_1x4x16_neondot/64/288/real_time",111588,1255.47,1249.16,ns,,,"4x64x288",,
"dot/dot_int8_int2_int32_4x8x16_1x4x16_neondot/64/576/real_time",56056,2496,2483.43,ns,,,"4x64x576",,
"dot/dot_int8_int2_int32_4x8x16_1x4x16_neondot/64/864/real_time",37376,3740.04,3720.9,ns,,,"4x64x864",,
"dot/dot_int8_int2_int32_4x8x16_1x4x16_neondot/64/1168/real_time",27702,5049.08,5024.16,ns,,,"4x64x1168",,
"dot/dot_int8_int2_int32_8x8x16_1x4x16_neondot/8/16/real_time",4749855,29.447,29.3052,ns,,,"8x8x16",,
"dot/dot_int8_int2_int32_8x8x16_1x4x16_neondot/8/608/real_time",232965,600.753,597.83,ns,,,"8x8x608",,
"dot/dot_int8_int2_int32_8x8x16_1x4x16_neondot/8/1216/real_time",117520,1187.22,1181.67,ns,,,"8x8x1216",,
"dot/dot_int8_int2_int32_8x8x16_1x4x16_neondot/8/1824/real_time",78560,1773.73,1765.28,ns,,,"8x8x1824",,
"dot/dot_int8_int2_int32_8x8x16_1x4x16_neondot/8/2432/real_time",59096,2370.4,2357.65,ns,,,"8x8x2432",,
"dot/dot_int8_int2_int32_8x8x16_1x4x16_neondot/16/16/real_time",3017353,46.397,46.1805,ns,,,"8x16x16",,
"dot/dot_int8_int2_int32_8x8x16_1x4x16_neondot/16/496/real_time",143949,972.371,967.757,ns,,,"8x16x496",,
"dot/dot_int8_int2_int32_8x8x16_1x4x16_neondot/16/992/real_time",72283,1928.76,1919.55,ns,,,"8x16x992",,
"dot/dot_int8_int2_int32_8x8x16_1x4x16_neondot/16/1488/real_time",48520,2884.44,2871.88,ns,,,"8x16x1488",,
"dot/dot_int8_int2_int32_8x8x16_1x4x16_neondot/16/2000/real_time",36137,3875.28,3854.91,ns,,,"8x16x2000",,
"dot/dot_int8_int2_int32_8x8x16_1x4x16_neondot/32/16/real_time",1740019,80.3808,80.0121,ns,,,"8x32x16",,
"dot/dot_int8_int2_int32_8x8x16_1x4x16_neondot/32/368/real_time",97170,1438.52,1431.48,ns,,,"8x32x368",,
"dot/dot_int8_int2_int32_8x8x16_1x4x16_neondot/32/736/real_time",48984,2857.92,2843.73,ns,,,"8x32x736",,
"dot/dot_int8_int2_int32_8x8x16_1x4x16_neondot/32/1104/real_time",32734,4277.01,4256.99,ns,,,"8x32x1104",,
"dot/dot_int8_int2_int32_8x8x16_1x4x16_neondot/32/1472/real_time",24557,5705.6,5669.06,ns,,,"8x32x1472",,
"dot/dot_int8_int2_int32_8x8x16_1x4x16_neondot/64/16/real_time",938092,148.526,147.824,ns,,,"8x64x16",,
"dot/dot_int8_int2_int32_8x8x16_1x4x16_neondot/64/224/real_time",79660,1752.32,1744.02,ns,,,"8x64x224",,
"dot/dot_int8_int2_int32_8x8x16_1x4x16_neondot/64/464/real_time",38840,3605.71,3587.01,ns,,,"8x64x464",,
"dot/dot_int8_int2_int32_8x8x16_1x4x16_neondot/64/688/real_time",26222,5337.05,5306.82,ns,,,"8x64x688",,
"dot/dot_int8_int2_int32_8x8x16_1x4x16_neondot/64/928/real_time",19476,7182.98,7148.49,ns,,,"8x64x928",,
"dot/dot_int8_int2_int32_8x4x16_1x4x16_neondot/4/16/real_time",7231424,19.3364,19.2238,ns,,,"8x4x16",,
"dot/dot_int8_int2_int32_8x4x16_1x4x16_neondot/4/672/real_time",390867,358.041,356.274,ns,,,"8x4x672",,
"dot/dot_int8_int2_int32_8x4x16_1x4x16_neondot/4/1344/real_time",198512,706.551,703.185,ns,,,"8x4x1344",,
"dot/dot_int8_int2_int32_8x4x16_1x4x16_neondot/4/2016/real_time",133185,1051.88,1046,ns,,,"8x4x2016",,
"dot/dot_int8_int2_int32_8x4x16_1x4x16_neondot/4/2704/real_time",99052,1413.9,1406.33,ns,,,"8x4x2704",,
"dot/dot_int8_int2_int32_8x4x16_1x4x16_neondot/8/16/real_time",4794170,29.0799,28.9411,ns,,,"8x8x16",,
"dot/dot_int8_int2_int32_8x4x16_1x4x16_neondot/8/608/real_time",218612,640.529,637.436,ns,,,"8x8x608",,
"dot/dot_int8_int2_int32_8x4x16_1x4x16_neondot/8/1216/real_time",110205,1268.21,1261.78,ns,,,"8x8x1216",,
"dot/dot_int8_int2_int32_8x4x16_1x4x16_neondot/8/1824/real_time",73694,1895.97,1886.49,ns,,,"8x8x1824",,
"dot/dot_int8_int2_int32_8x4x16_1x4x16_neondot/8/2432/real_time",55302,2526.68,2513.89,ns,,,"8x8x2432",,
"dot/dot_int8_int2_int32_8x4x16_1x4x16_neondot/16/16/real_time",2880211,48.6316,48.3804,ns,,,"8x16x16",,
"dot/dot_int8_int2_int32_8x4x16_1x4x16_neondot/16/496/real_time",134472,1038.91,1033.96,ns,,,"8x16x496",,
"dot/dot_int8_int2_int32_8x4x16_1x4x16_neondot/16/992/real_time",67757,2063.79,2052.65,ns,,,"8x16x992",,
"dot/dot_int8_int2_int32_8x4x16_1x4x16_neondot/16/1488/real_time",45307,3086.22,3071.06,ns,,,"8x16x1488",,
"dot/dot_int8_int2_int32_8x4x16_1x4x16_neondot/16/2000/real_time",33734,4144.19,4121.52,ns,,,"8x16x2000",,
"dot/dot_int8_int2_int32_8x4x16_1x4x16_neondot/32/16/real_time",1605187,87.2467,86.8554,ns,,,"8x32x16",,
"dot/dot_int8_int2_int32_8x4x16_1x4x16_neondot/32/368/real_time",90632,1539.74,1532.56,ns,,,"8x32x368",,
"dot/dot_int8_int2_int32_8x4x16_1x4x16_neondot/32/736/real_time",45671,3058.51,3043.63,ns,,,"8x32x736",,
"dot/dot_int8_int2_int32_8x4x16_1x4x16_neondot/32/1104/real_time",30579,4579.19,4558.47,ns,,,"8x32x1104",,
"dot/dot_int8_int2_int32_8x4x16_1x4x16_neondot/32/1472/real_time",22943,6099.28,6069.24,ns,,,"8x32x1472",,
"dot/dot_int8_int4_int32_1x32x8_1x4x8_neondot/32/8/real_time",7494647,18.4948,18.3999,ns,,,"1x32x8",,
"dot/dot_int8_int4_int32_1x32x8_1x4x8_neondot/32/352/real_time",300189,466.058,463.943,ns,,,"1x32x352",,
"dot/dot_int8_int4_int32_1x32x8_1x4x8_neondot/32/712/real_time",149792,934.404,929.536,ns,,,"1x32x712",,
"dot/dot_int8_int4_int32_1x32x8_1x4x8_neondot/32/1072/real_time",99697,1402.38,1395.7,ns,,,"1x32x1072",,
"dot/dot_int8_int4_int32_1x32x8_1x4x8_neondot/32/1432/real_time",74734,1871.71,1861.39,ns,,,"1x32x1432",,
"dot/dot_int8_int4_int32_1x32x8_1x4x8_neondot/64/8/real_time",4749738,29.4949,29.3586,ns,,,"1x64x8",,
"dot/dot_int8_int4_int32_1x32x8_1x4x8_neondot/64/184/real_time",286818,487.374,485.107,ns,,,"1x64x184",,
"dot/dot_int8_int4_int32_1x32x8_1x4x8_neondot/64/368/real_time",144849,966.721,961.857,ns,,,"1x64x368",,
"dot/dot_int8_int4_int32_1x32x8_1x4x8_neondot/64/552/real_time",96492,1444.16,1437.69,ns,,,"1x64x552",,
"dot/dot_int8_int4_int32_1x32x8_1x4x8_neondot/64/736/real_time",72653,1923.25,1913.7,ns,,,"1x64x736",,
"dot/dot_int8_int4_int32_1x32x8_1x4x8_neondot/128/8/real_time",2716422,51.4775,51.1989,ns,,,"1x128x8",,
"dot/dot_int8_int4_int32_1x32x8_1x4x8_neondot/128/88/real_time",299787,466.749,464.526,ns,,,"1x128x88",,
"dot/dot_int8_int4_int32_1x32x8_1x4x8_neondot/128/184/real_time",144972,966.105,961.191,ns,,,"1x128x184",,
"dot/dot_int8_int4_int32_1x32x8_1x4x8_neondot/128/272/real_time",98203,1424.52,1417.58,ns,,,"1x128x272",,
"dot/dot_int8_int4_int32_1x32x8_1x4x8_neondot/128/368/real_time",72662,1923.27,1914.42,ns,,,"1x128x368",,
"dot/dot_int8_int4_int32_1x32x8_1x4x8_neondot/256/8/real_time",1462367,95.6514,95.1785,ns,,,"1x256x8",,
"dot/dot_int8_int4_int32_1x32x8_1x4x8_neondot/256/40/real_time",329471,424.907,422.831,ns,,,"1x256x40",,
"dot/dot_int8_int4_int32_1x32x8_1x4x8_neondot/256/88/real_time",151409,923.767,919.588,ns,,,"1x256x88",,
"dot/dot_int8_int4_int32_1x32x8_1x4x8_neondot/256/128/real_time",103861,1342.07,1334.92,ns,,,"1x256x128",,
"dot/dot_int8_int4_int32_1x32x8_1x4x8_neondot/256/176/real_time",75827,1840.53,1831.72,ns,,,"1x256x176",,
"dot/dot_int8_int4_int32_2x32x8_1x4x8_neondot/32/8/real_time",6225580,22.3632,22.254,ns,,,"2x32x8",,
"dot/dot_int8_int4_int32_2x32x8_1x4x8_neondot/32/336/real_time",253062,551.615,548.868,ns,,,"2x32x336",,
"dot/dot_int8_int4_int32_2x32x8_1x4x8_neondot/32/672/real_time",127529,1092.52,1087.54,ns,,,"2x32x672",,
"dot/dot_int8_int4_int32_2x32x8_1x4x8_neondot/32/1008/real_time",85191,1635.8,1627.71,ns,,,"2x32x1008",,
"dot/dot_int8_int4_int32_2x32x8_1x4x8_neondot/32/1344/real_time",64137,2176.7,2166.7,ns,,,"2x32x1344",,
"dot/dot_int8_int4_int32_2x32x8_1x4x8_neondot/64/8/real_time",3952784,35.0791,34.9077,ns,,,"2x64x8",,
"dot/dot_int8_int4_int32_2x32x8_1x4x8_neondot/64/176/real_time",242453,578.182,575.47,ns,,,"2x64x176",,
"dot/dot_int8_int4_int32_2x32x8_1x4x8_neondot/64/352/real_time",122210,1146.04,1141.18,ns,,,"2x64x352",,
"dot/dot_int8_int4_int32_2x32x8_1x4x8_neondot/64/528/real_time",81602,1714.88,1706.43,ns,,,"2x64x528",,
"dot/dot_int8_int4_int32_2x32x8_1x4x8_neondot/64/704/real_time",61201,2283.07,2271.04,ns,,,"2x64x704",,
"dot/dot_int8_int4_int32_2x32x8_1x4x8_neondot/128/8/real_time",2267516,61.8766,61.5656,ns,,,"2x128x8",,
"dot/dot_int8_int4_int32_2x32x8_1x4x8_neondot/128/88/real_time",241864,578.235,575.594,ns,,,"2x128x88",,
"dot/dot_int8_int4_int32_2x32x8_1x4x8_neondot/128/176/real_time",121487,1146.54,1141.1,ns,,,"2x128x176",,
"dot/dot_int8_int4_int32_2x32x8_1x4x8_neondot/128/264/real_time",81481,1715.02,1706.83,ns,,,"2x128x264",,
"dot/dot_int8_int4_int32_2x32x8_1x4x8_neondot/128/352/real_time",61325,2282.85,2271.99,ns,,,"2x128x352",,
"dot/dot_int8_int4_int32_2x32x8_1x4x8_neondot/256/8/real_time",1191109,116.828,116.213,ns,,,"2x256x8",,
"dot/dot_int8_int4_int32_2x32x8_1x4x8_neondot/256/40/real_time",264648,528.396,525.631,ns,,,"2x256x40",,
"dot/dot_int8_int4_int32_2x32x8_1x4x8_neondot/256/80/real_time",133912,1044.94,1039.95,ns,,,"2x256x80",,
"dot/dot_int8_int4_int32_2x32x8_1x4x8_neondot/256/120/real_time",89521,1562.58,1554.11,ns,,,"2x256x120",,
"dot/dot_int8_int4_int32_2x32x8_1x4x8_neondot/256/168/real_time",63996,2182.17,2170.98,ns,,,"2x256x168",,
"dot/dot_int8_int4_int32_3x32x8_1x4x8_neondot/32/8/real_time",4860724,28.5669,28.4273,ns,,,"3x32x8",,
"dot/dot_int8_int4_int32_3x32x8_1x4x8_neondot/32/312/real_time",232524,602.591,599.569,ns,,,"3x32x312",,
"dot/dot_int8_int4_int32_3x32x8_1x4x8_neondot/32/632/real_time",116104,1204.81,1198.74,ns,,,"3x32x632",,
"dot/dot_int8_int4_int32_3x32x8_1x4x8_neondot/32/952/real_time",77157,1808.54,1798.72,ns,,,"3x32x952",,
"dot/dot_int8_int4_int32_3x32x8_1x4x8_neondot/32/1272/real_time",57965,2409.9,2398.25,ns,,,"3x32x1272",,
"dot/dot_int8_int4_int32_3x32x8_1x4x8_neondot/64/8/real_time",2979298,46.94,46.713,ns,,,"3x64x8",,
"dot/dot_int8_int4_int32_3x32x8_1x4x8_neondot/64/168/real_time",215254,649.976,646.943,ns,,,"3x64x168",,
"dot/dot_int8_int4_int32_3x32x8_1x4x8_neondot/64/336/real_time",108953,1283.09,1276.74,ns,,,"3x64x336",,
"dot/dot_int8_int4_int32_3x32x8_1x4x8_neondot/64/504/real_time",73000,1915.02,1906.72,ns,,,"3x64x504",,
"dot/dot_int8_int4_int32_3x32x8_1x4x8_neondot/64/680/real_time",54103,2578.12,2566.53,ns,,,"3x64x680",,
"dot/dot_int8_int4_int32_3x32x8_1x4x8_neondot/128/8/real_time",1686397,82.9782,82.6328,ns,,,"3x128x8",,
"dot/dot_int8_int4_int32_3x32x8_1x4x8_neondot/128/80/real_time",223316,627.106,624.26,ns,,,"3x128x80",,
"dot/dot_int8_int4_int32_3x32x8_1x4x8_neondot/128/168/real_time",108449,1289.13,1283.45,ns,,,"3x128x168",,
"dot/dot_int8_int4_int32_3x32x8_1x4x8_neondot/128/248/real_time",73985,1892.94,1883.73,ns,,,"3x128x248",,
"dot/dot_int8_int4_int32_3x32x8_1x4x8_neondot/128/336/real_time",54688,2554.69,2543.31,ns,,,"3x128x336",,
"dot/dot_int8_int4_int32_3x32x8_1x4x8_neondot/256/8/real_time",881008,158.931,158.19,ns,,,"3x256x8",,
"dot/dot_int8_int4_int32_3x32x8_1x4x8_neondot/256/40/real_time",218280,641.523,638.379,ns,,,"3x256x40",,
"dot/dot_int8_int4_int32_3x32x8_1x4x8_neondot/256/80/real_time",112111,1243.48,1237.95,ns,,,"3x256x80",,
"dot/dot_int8_int4_int32_3x32x8_1x4x8_neondot/256/120/real_time",75711,1847.2,1838.83,ns,,,"3x256x120",,
"dot/dot_int8_int4_int32_3x32x8_1x4x8_neondot/256/160/real_time",56993,2450.54,2438.43,ns,,,"3x256x160",,
"dot/dot_int8_int4_int32_1x16x8_1x4x8_neondot/16/8/real_time",12421213,11.3157,11.263,ns,,,"1x16x8",,
"dot/dot_int8_int4_int32_1x16x8_1x4x8_neondot/16/680/real_time",301874,464.319,461.987,ns,,,"1x16x680",,
"dot/dot_int8_int4_int32_1x16x8_1x4x8_neondot/16/1360/real_time",151927,921.893,917.226,ns,,,"1x16x1360",,
"dot/dot_int8_int4_int32_1x16x8_1x4x8_neondot/16/2040/real_time",101582,1378.98,1372.27,ns,,,"1x16x2040",,
"dot/dot_int8_int4_int32_1x16x8_1x4x8_neondot/16/2720/real_time",75986,1836.59,1827.43,ns,,,"1x16x2720",,
"dot/dot_int8_int4_int32_1x16x8_1x4x8_neondot/32/8/real_time",7588354,18.3785,18.2963,ns,,,"1x32x8",,
"dot/dot_int8_int4_int32_1x16x8_1x4x8_neondot/32/352/real_time",291222,480.448,478.302,ns,,,"1x32x352",,
"dot/dot_int8_int4_int32_1x16x8_1x4x8_neondot/32/712/real_time",145197,964.576,959.944,ns,,,"1x32x712",,
"dot/dot_int8_int4_int32_1x16x8_1x4x8_neondot/32/1072/real_time",96246,1448.95,1442.39,ns,,,"1x32x1072",,
"dot/dot_int8_int4_int32_1x16x8_1x4x8_neondot/32/1432/real_time",72303,1933.36,1923.8,ns,,,"1x32x1432",,
"dot/dot_int8_int4_int32_1x16x8_1x4x8_neondot/64/8/real_time",4624484,30.1166,29.9861,ns,,,"1x64x8",,
"dot/dot_int8_int4_int32_1x16x8_1x4x8_neondot/64/184/real_time",279060,501.667,499.356,ns,,,"1x64x184",,
"dot/dot_int8_int4_int32_1x16x8_1x4x8_neondot/64/368/real_time",140301,997.753,992.987,ns,,,"1x64x368",,
"dot/dot_int8_int4_int32_1x16x8_1x4x8_neondot/64/552/real_time",93687,1492.49,1484.21,ns,,,"1x64x552",,
"dot/dot_int8_int4_int32_1x16x8_1x4x8_neondot/64/736/real_time",70322,1988.06,1977.54,ns,,,"1x64x736",,
"dot/dot_int8_int4_int32_1x16x8_1x4x8_neondot/128/8/real_time",2570728,54.3129,54.0674,ns,,,"1x128x8",,
"dot/dot_int8_int4_int32_1x16x8_1x4x8_neondot/128/88/real_time",291727,479.885,477.673,ns,,,"1x128x88",,
"dot/dot_int8_int4_int32_1x16x8_1x4x8_neondot/128/184/real_time",139959,997.328,992.588,ns,,,"1x128x184",,
"dot/dot_int8_int4_int32_1x16x8_1x4x8_neondot/128/272/real_time",95233,1470.57,1463.37,ns,,,"1x128x272",,
"dot/dot_int8_int4_int32_1x16x8_1x4x8_neondot/128/368/real_time",70152,1993.54,1983.34,ns,,,"1x128x368",,
"dot/dot_int8_int4_int32_2x16x8_1x4x8_neondot/16/8/real_time",9709545,14.4208,14.3548,ns,,,"2x16x8",,
"dot/dot_int8_int4_int32_2x16x8_1x4x8_neondot/16/608/real_time",253006,553.102,550.359,ns,,,"2x16x608",,
"dot/dot_int8_int4_int32_2x16x8_1x4x8_neondot/16/1216/real_time",126670,1098.88,1093.17,ns,,,"2x16x1216",,
"dot/dot_int8_int4_int32_2x16x8_1x4x8_neondot/16/1824/real_time",84843,1643.61,1635.83,ns,,,"2x16x1824",,
"dot/dot_int8_int4_int32_2x16x8_1x4x8_neondot/16/2440/real_time",63588,2195.14,2185.48,ns,,,"2x16x2440",,
"dot/dot_int8_int4_int32_2x16x8_1x4x8_neondot/32/8/real_time",6205058,22.6597,22.5515,ns,,,"2x32x8",,
"dot/dot_int8_int4_int32_2x16x8_1x4x8_neondot/32/336/real_time",229006,610.187,607.549,ns,,,"2x32x336",,
"dot/dot_int8_int4_int32_2x16x8_1x4x8_neondot/32/672/real_time",114992,1212.4,1207.11,ns,,,"2x32x672",,
"dot/dot_int8_int4_int32_2x16x8_1x4x8_neondot/32/1008/real_time",77047,1813.98,1805.3,ns,,,"2x32x1008",,
"dot/dot_int8_int4_int32_2x16x8_1x4x8_neondot/32/1344/real_time",57808,2415.53,2404.51,ns,,,"2x32x1344",,
"dot/dot_int8_int4_int32_2x16x8_1x4x8_neondot/64/8/real_time",3592017,38.9547,38.777,ns,,,"2x64x8",,
"dot/dot_int8_int4_int32_2x16x8_1x4x8_neondot/64/176/real_time",219410,637.887,634.878,ns,,,"2x64x176",,
"dot/dot_int8_int4_int32_2x16x8_1x4x8_neondot/64/352/real_time",110159,1269.19,1263.25,ns,,,"2x64x352",,
"dot/dot_int8_int4_int32_2x16x8_1x4x8_neondot/64/528/real_time",73660,1901.19,1891.89,ns,,,"2x64x528",,
"dot/dot_int8_int4_int32_2x16x8_1x4x8_neondot/64/704/real_time",55171,2532,2519.75,ns,,,"2x64x704",,
"dot/dot_int8_int4_int32_2x16x8_1x4x8_neondot/128/8/real_time",1968070,71.1393,70.7837,ns,,,"2x128x8",,
"dot/dot_int8_int4_int32_2x16x8_1x4x8_neondot/128/88/real_time",219934,636.664,633.364,ns,,,"2x128x88",,
"dot/dot_int8_int4_int32_2x16x8_1x4x8_neondot/128/176/real_time",110201,1267.76,1261.61,ns,,,"2x128x176",,
"dot/dot_int8_int4_int32_2x16x8_1x4x8_neondot/128/264/real_time",73483,1899.86,1889.56,ns,,,"2x128x264",,
"dot/dot_int8_int4_int32_2x16x8_1x4x8_neondot/128/352/real_time",55269,2530.04,2518.21,ns,,,"2x128x352",,
"dot/dot_int8_int4_int32_3x16x8_1x4x8_neondot/16/8/real_time",8010370,17.4542,17.3693,ns,,,"3x16x8",,
"dot/dot_int8_int4_int32_3x16x8_1x4x8_neondot/16/552/real_time",236978,590.586,587.943,ns,,,"3x16x552",,
"dot/dot_int8_int4_int32_3x16x8_1x4x8_neondot/16/1104/real_time",119188,1172.84,1167.13,ns,,,"3x16x1104",,
"dot/dot_int8_int4_int32_3x16x8_1x4x8_neondot/16/1656/real_time",79530,1755,1745.8,ns,,,"3x16x1656",,
"dot/dot_int8_int4_int32_3x16x8_1x4x8_neondot/16/2216/real_time",59553,2345.84,2333.67,ns,,,"3x16x2216",,
"dot/dot_int8_int4_int32_3x16x8_1x4x8_neondot/32/8/real_time",5103571,27.3421,27.2229,ns,,,"3x32x8",,
"dot/dot_int8_int4_int32_3x16x8_1x4x8_neondot/32/312/real_time",210275,665.626,662.77,ns,,,"3x32x312",,
"dot/dot_int8_int4_int32_3x16x8_1x4x8_neondot/32/632/real_time",104168,1340.62,1334.5,ns,,,"3x32x632",,
"dot/dot_int8_int4_int32_3x16x8_1x4x8_neondot/32/952/real_time",69383,2016.5,2005.48,ns,,,"3x32x952",,
"dot/dot_int8_int4_int32_3x16x8_1x4x8_neondot/32/1272/real_time",51922,2689.93,2676.08,ns,,,"3x32x1272",,
"dot/dot_int8_int4_int32_3x16x8_1x4x8_neondot/64/8/real_time",3049690,46.0035,45.7807,ns,,,"3x64x8",,
"dot/dot_int8_int4_int32_3x16x8_1x4x8_neondot/64/168/real_time",195172,717.718,714.328,ns,,,"3x64x168",,
"dot/dot_int8_int4_int32_3x16x8_1x4x8_neondot/64/336/real_time",98205,1423.32,1415.94,ns,,,"3x64x336",,
"dot/dot_int8_int4_int32_3x16x8_1x4x8_neondot/64/504/real_time",65561,2134.21,2124.19,ns,,,"3x64x504",,
"dot/dot_int8_int4_int32_3x16x8_1x4x8_neondot/64/680/real_time",48669,2875.46,2862.6,ns,,,"3x64x680",,
"dot/dot_int8_int4_int32_3x16x8_1x4x8_neondot/128/8/real_time",1689949,82.726,82.3084,ns,,,"3x128x8",,
"dot/dot_int8_int4_int32_3x16x8_1x4x8_neondot/128/80/real_time",206592,677.839,674.756,ns,,,"3x128x80",,
"dot/dot_int8_int4_int32_3x16x8_1x4x8_neondot/128/168/real_time",97819,1426.97,1420.48,ns,,,"3x128x168",,
"dot/dot_int8_int4_int32_3x16x8_1x4x8_neondot/128/248/real_time",66428,2102.52,2092.54,ns,,,"3x128x248",,
"dot/dot_int8_int4_int32_3x16x8_1x4x8_neondot/128/336/real_time",49202,2841.77,2828.55,ns,,,"3x128x336",,
"dot/dot_int8_int4_int32_4x16x8_1x4x8_neondot/16/8/real_time",6355361,21.9978,21.8921,ns,,,"4x16x8",,
"dot/dot_int8_int4_int32_4x16x8_1x4x8_neondot/16/504/real_time",233354,600.327,597.37,ns,,,"4x16x504",,
"dot/dot_int8_int4_int32_4x16x8_1x4x8_neondot/16/1008/real_time",117731,1187.29,1181.48,ns,,,"4x16x1008",,
"dot/dot_int8_int4_int32_4x16x8_1x4x8_neondot/16/1512/real_time",78824,1774.77,1766.6,ns,,,"4x16x1512",,
"dot/dot_int8_int4_int32_4x16x8_1x4x8_neondot/16/2024/real_time",58992,2372.04,2361.07,ns,,,"4x16x2024",,
"dot/dot_int8_int4_int32_4x16x8_1x4x8_neondot/32/8/real_time",4217040,33.1587,33.0011,ns,,,"4x32x8",,
"dot/dot_int8_int4_int32_4x16x8_1x4x8_neondot/32/296/real_time",196513,712.203,708.645,ns,,,"4x32x296",,
"dot/dot_int8_int4_int32_4x16x8_1x4x8_neondot/32/600/real_time",97949,1426.41,1419.86,ns,,,"4x32x600",,
"dot/dot_int8_int4_int32_4x16x8_1x4x8_neondot/32/896/real_time",65803,2133.98,2120.67,ns,,,"4x32x896",,
"dot/dot_int8_int4_int32_4x16x8_1x4x8_neondot/32/1200/real_time",49312,2839.95,2826.47,ns,,,"4x32x1200",,
"dot/dot_int8_int4_int32_4x16x8_1x4x8_neondot/64/8/real_time",2518139,55.6759,55.3848,ns,,,"4x64x8",,
"dot/dot_int8_int4_int32_4x16x8_1x4x8_neondot/64/160/real_time",181443,771.617,767.917,ns,,,"4x64x160",,
"dot/dot_int8_int4_int32_4x16x8_1x4x8_neondot/64/320/real_time",91546,1525.03,1518.14,ns,,,"4x64x320",,
"dot/dot_int8_int4_int32_4x16x8_1x4x8_neondot/64/480/real_time",61360,2278.86,2267.94,ns,,,"4x64x480",,
"dot/dot_int8_int4_int32_4x16x8_1x4x8_neondot/64/648/real_time",45540,3069.35,3055.11,ns,,,"4x64x648",,
"dot/dot_int8_int4_int32_4x16x8_1x4x8_neondot/128/8/real_time",1391737,100.015,99.5156,ns,,,"4x128x8",,
"dot/dot_int8_int4_int32_4x16x8_1x4x8_neondot/128/80/real_time",179533,779.88,775.977,ns,,,"4x128x80",,
"dot/dot_int8_int4_int32_4x16x8_1x4x8_neondot/128/160/real_time",91258,1533.64,1525.65,ns,,,"4x128x160",,
"dot/dot_int8_int4_int32_4x16x8_1x4x8_neondot/128/240/real_time",61051,2288.45,2276.19,ns,,,"4x128x240",,
"dot/dot_int8_int4_int32_4x16x8_1x4x8_neondot/128/328/real_time",44913,3116.58,3100.74,ns,,,"4x128x328",,
"dot/dot_int8_int4_int32_5x16x8_1x4x8_neondot/16/8/real_time",5504937,25.2876,25.1797,ns,,,"5x16x8",,
"dot/dot_int8_int4_int32_5x16x8_1x4x8_neondot/16/464/real_time",199944,699.91,696.777,ns,,,"5x16x464",,
"dot/dot_int8_int4_int32_5x16x8_1x4x8_neondot/16/928/real_time",100724,1387.85,1380.3,ns,,,"5x16x928",,
"dot/dot_int8_int4_int32_5x16x8_1x4x8_neondot/16/1392/real_time",67324,2078.02,2067.31,ns,,,"5x16x1392",,
"dot/dot_int8_int4_int32_5x16x8_1x4x8_neondot/16/1864/real_time",50458,2771.94,2758.33,ns,,,"5x16x1864",,
"dot/dot_int8_int4_int32_5x16x8_1x4x8_neondot/32/8/real_time",3577837,39.044,38.857,ns,,,"5x32x8",,
"dot/dot_int8_int4_int32_5x16x8_1x4x8_neondot/32/280/real_time",165835,844.286,840.359,ns,,,"5x32x280",,
"dot/dot_int8_int4_int32_5x16x8_1x4x8_neondot/32/568/real_time",82434,1696.69,1688.77,ns,,,"5x32x568",,
"dot/dot_int8_int4_int32_5x16x8_1x4x8_neondot/32/848/real_time",55455,2526.23,2513.33,ns,,,"5x32x848",,
"dot/dot_int8_int4_int32_5x16x8_1x4x8_neondot/32/1136/real_time",41419,3378.03,3362.23,ns,,,"5x32x1136",,
"dot/dot_int8_int4_int32_5x16x8_1x4x8_neondot/64/8/real_time",2078981,67.5009,67.1929,ns,,,"5x64x8",,
"dot/dot_int8_int4_int32_5x16x8_1x4x8_neondot/64/152/real_time",152180,920.178,915.906,ns,,,"5x64x152",,
"dot/dot_int8_int4_int32_5x16x8_1x4x8_neondot/64/312/real_time",75035,1867.68,1858.54,ns,,,"5x64x312",,
"dot/dot_int8_int4_int32_5x16x8_1x4x8_neondot/64/464/real_time",50516,2765.52,2753.55,ns,,,"5x64x464",,
"dot/dot_int8_int4_int32_5x16x8_1x4x8_neondot/64/624/real_time",37607,3713.88,3696.24,ns,,,"5x64x624",,
"dot/dot_int8_int4_int32_5x16x8_1x4x8_neondot/128/8/real_time",1112012,124.966,124.372,ns,,,"5x128x8",,
"dot/dot_int8_int4_int32_5x16x8_1x4x8_neondot/128/72/real_time",158954,880.5,876.264,ns,,,"5x128x72",,
"dot/dot_int8_int4_int32_5x16x8_1x4x8_neondot/128/152/real_time",76556,1829.18,1819.96,ns,,,"5x128x152",,
"dot/dot_int8_int4_int32_5x16x8_1x4x8_neondot/128/232/real_time",50356,2774.91,2761.98,ns,,,"5x128x232",,
"dot/dot_int8_int4_int32_5x16x8_1x4x8_neondot/128/312/real_time",37566,3722.81,3704.84,ns,,,"5x128x312",,
"dot/dot_int8_int4_int32_1x8x8_1x4x8_neondot/8/8/real_time",14426049,9.69427,9.64735,ns,,,"1x8x8",,
"dot/dot_int8_int4_int32_1x8x8_1x4x8_neondot/8/1224/real_time",353388,395.875,393.999,ns,,,"1x8x1224",,
"dot/dot_int8_int4_int32_1x8x8_1x4x8_neondot/8/2448/real_time",180537,776.031,771.747,ns,,,"1x8x2448",,
"dot/dot_int8_int4_int32_1x8x8_1x4x8_neondot/8/3672/real_time",120046,1160.15,1154.39,ns,,,"1x8x3672",,
"dot/dot_int8_int4_int32_1x8x8_1x4x8_neondot/8/4904/real_time",89858,1551.66,1543.75,ns,,,"1x8x4904",,
"dot/dot_int8_int4_int32_1x8x8_1x4x8_neondot/16/8/real_time",10525038,13.3027,13.2409,ns,,,"1x16x8",,
"dot/dot_int8_int4_int32_1x8x8_1x4x8_neondot/16/680/real_time",322867,432.956,431.027,ns,,,"1x16x680",,
"dot/dot_int8_int4_int32_1x8x8_1x4x8_neondot/16/1360/real_time",162575,860.732,856.481,ns,,,"1x16x1360",,
"dot/dot_int8_int4_int32_1x8x8_1x4x8_neondot/16/2040/real_time",108353,1287.75,1281.71,ns,,,"1x16x2040",,
"dot/dot_int8_int4_int32_1x8x8_1x4x8_neondot/16/2720/real_time",80627,1723.54,1715.1,ns,,,"1x16x2720",,
"dot/dot_int8_int4_int32_1x8x8_1x4x8_neondot/32/8/real_time",6606500,21.1686,21.0734,ns,,,"1x32x8",,
"dot/dot_int8_int4_int32_1x8x8_1x4x8_neondot/32/352/real_time",312175,448.32,446.207,ns,,,"1x32x352",,
"dot/dot_int8_int4_int32_1x8x8_1x4x8_neondot/32/712/real_time",155534,899.798,895.216,ns,,,"1x32x712",,
"dot/dot_int8_int4_int32_1x8x8_1x4x8_neondot/32/1072/real_time",103033,1352.25,1345.73,ns,,,"1x32x1072",,
"dot/dot_int8_int4_int32_1x8x8_1x4x8_neondot/32/1432/real_time",77156,1808.62,1800.67,ns,,,"1x32x1432",,
"dot/dot_int8_int4_int32_1x8x8_1x4x8_neondot/64/8/real_time",3787020,36.9444,36.7855,ns,,,"1x64x8",,
"dot/dot_int8_int4_int32_1x8x8_1x4x8_neondot/64/184/real_time",297258,470.346,468.387,ns,,,"1x64x184",,
"dot/dot_int8_int4_int32_1x8x8_1x4x8_neondot/64/368/real_time",150661,929.185,924.856,ns,,,"1x64x368",,
"dot/dot_int8_int4_int32_1x8x8_1x4x8_neondot/64/552/real_time",99394,1399.49,1392.32,ns,,,"1x64x552",,
"dot/dot_int8_int4_int32_1x8x8_1x4x8_neondot/64/736/real_time",75034,1861.73,1851.27,ns,,,"1x64x736",,
"dot/dot_int8_int4_int32_8x8x8_1x4x8_neondot/8/8/real_time",5891003,23.4804,23.3727,ns,,,"8x8x8",,
"dot/dot_int8_int4_int32_8x8x8_1x4x8_neondot/8/504/real_time",224272,624.442,621.106,ns,,,"8x8x504",,
"dot/dot_int8_int4_int32_8x8x8_1x4x8_neondot/8/1008/real_time",112864,1235.02,1228.57,ns,,,"8x8x1008",,
"dot/dot_int8_int4_int32_8x8x8_1x4x8_neondot/8/1512/real_time",75758,1859.15,1850.16,ns,,,"8x8x1512",,
"dot/dot_int8_int4_int32_8x8x8_1x4x8_neondot/8/2024/real_time",56359,2474.84,2462.28,ns,,,"8x8x2024",,
"dot/dot_int8_int4_int32_8x8x8_1x4x8_neondot/16/8/real_time",4095526,34.1925,34.0262,ns,,,"8x16x8",,
"dot/dot_int8_int4_int32_8x8x8_1x4x8_neondot/16/376/real_time",151275,924.576,920.49,ns,,,"8x16x376",,
"dot/dot_int8_int4_int32_8x8x8_1x4x8_neondot/16/752/real_time",75964,1834.83,1826.81,ns,,,"8x16x752",,
"dot/dot_int8_int4_int32_8x8x8_1x4x8_neondot/16/1128/real_time",50905,2748.03,2735.15,ns,,,"8x16x1128",,
"dot/dot_int8_int4_int32_8x8x8_1x4x8_neondot/16/1504/real_time",38266,3658.7,3639.75,ns,,,"8x16x1504",,
"dot/dot_int8_int4_int32_8x8x8_1x4x8_neondot/32/8/real_time",2465302,56.8492,56.5549,ns,,,"8x32x8",,
"dot/dot_int8_int4_int32_8x8x8_1x4x8_neondot/32/240/real_time",118181,1179.87,1174.31,ns,,,"8x32x240",,
"dot/dot_int8_int4_int32_8x8x8_1x4x8_neondot/32/488/real_time",58763,2381.83,2370.29,ns,,,"8x32x488",,
"dot/dot_int8_int4_int32_8x8x8_1x4x8_neondot/32/728/real_time",39463,3541.18,3525.96,ns,,,"8x32x728",,
"dot/dot_int8_int4_int32_8x8x8_1x4x8_neondot/32/976/real_time",29491,4745.14,4723.65,ns,,,"8x32x976",,
"dot/dot_int8_int4_int32_8x8x8_1x4x8_neondot/64/8/real_time",1354470,102.749,102.275,ns,,,"8x64x8",,
"dot/dot_int8_int4_int32_8x8x8_1x4x8_neondot/64/136/real_time",104186,1339.42,1333.34,ns,,,"8x64x136",,
"dot/dot_int8_int4_int32_8x8x8_1x4x8_neondot/64/280/real_time",51102,2737.75,2723.78,ns,,,"8x64x280",,
"dot/dot_int8_int4_int32_8x8x8_1x4x8_neondot/64/416/real_time",34526,4055.38,4034.94,ns,,,"8x64x416",,
"dot/dot_int8_int4_int32_8x8x8_1x4x8_neondot/64/560/real_time",25690,5446.7,5421.59,ns,,,"8x64x560",,
"dot/dot_int8_int4_int32_8x4x8_1x4x8_neondot/4/8/real_time",8288264,16.9181,16.8411,ns,,,"8x4x8",,
"dot/dot_int8_int4_int32_8x4x8_1x4x8_neondot/4/608/real_time",380537,367.577,365.773,ns,,,"8x4x608",,
"dot/dot_int8_int4_int32_8x4x8_1x4x8_neondot/4/1216/real_time",193624,721.906,718.658,ns,,,"8x4x1216",,
"dot/dot_int8_int4_int32_8x4x8_1x4x8_neondot/4/1824/real_time",129266,1076.52,1071.42,ns,,,"8x4x1824",,
"dot/dot_int8_int4_int32_8x4x8_1x4x8_neondot/4/2440/real_time",96778,1433.28,1425.87,ns,,,"8x4x2440",,
"dot/dot_int8_int4_int32_8x4x8_1x4x8_neondot/8/8/real_time",5828489,23.6079,23.4985,ns,,,"8x8x8",,
"dot/dot_int8_int4_int32_8x4x8_1x4x8_neondot/8/504/real_time",232198,602.877,600.005,ns,,,"8x8x504",,
"dot/dot_int8_int4_int32_8x4x8_1x4x8_neondot/8/1008/real_time",117813,1189.71,1183.93,ns,,,"8x8x1008",,
"dot/dot_int8_int4_int32_8x4x8_1x4x8_neondot/8/1512/real_time",79138,1765.89,1758.32,ns,,,"8x8x1512",,
"dot/dot_int8_int4_int32_8x4x8_1x4x8_neondot/8/2024/real_time",59283,2352.42,2342.12,ns,,,"8x8x2024",,
"dot/dot_int8_int4_int32_8x4x8_1x4x8_neondot/16/8/real_time",3780102,36.9635,36.7933,ns,,,"8x16x8",,
"dot/dot_int8_int4_int32_8x4x8_1x4x8_neondot/16/376/real_time",156148,896.557,892.756,ns,,,"8x16x376",,
"dot/dot_int8_int4_int32_8x4x8_1x4x8_neondot/16/752/real_time",78778,1774.59,1765.9,ns,,,"8x16x752",,
"dot/dot_int8_int4_int32_8x4x8_1x4x8_neondot/16/1128/real_time",52779,2637.21,2624.07,ns,,,"8x16x1128",,
"dot/dot_int8_int4_int32_8x4x8_1x4x8_neondot/16/1504/real_time",39571,3534.11,3516.64,ns,,,"8x16x1504",,
"dot/dot_int8_int4_int32_8x4x8_1x4x8_neondot/32/8/real_time",2171832,64.5049,64.1647,ns,,,"8x32x8",,
"dot/dot_int8_int4_int32_8x4x8_1x4x8_neondot/32/240/real_time",121778,1152.62,1147.24,ns,,,"8x32x240",,
"dot/dot_int8_int4_int32_8x4x8_1x4x8_neondot/32/488/real_time",60943,2297.24,2287.27,ns,,,"8x32x488",,
"dot/dot_int8_int4_int32_8x4x8_1x4x8_neondot/32/728/real_time",40807,3428.15,3411.92,ns,,,"8x32x728",,
"dot/dot_int8_int4_int32_8x4x8_1x4x8_neondot/32/976/real_time",30548,4585.12,4564.21,ns,,,"8x32x976",,
"dot/dot_int8_int8_int32_1x64x8_1x4x4_neondot/64/8/real_time",7998905,17.5852,17.5036,ns,,,"1x64x8",,
"dot/dot_int8_int8_int32_1x64x8_1x4x4_neondot/64/88/real_time",1793407,77.6469,77.2884,ns,,,"1x64x88",,
"dot/dot_int8_int8_int32_1x64x8_1x4x4_neondot/64/184/real_time",940817,148.483,147.667,ns,,,"1x64x184",,
"dot/dot_int8_int8_int32_1x64x8_1x4x4_neondot/64/272/real_time",656927,212.686,211.551,ns,,,"1x64x272",,
"dot/dot_int8_int8_int32_1x64x8_1x4x4_neondot/64/368/real_time",496376,282.427,281.093,ns,,,"1x64x368",,
"dot/dot_int8_int8_int32_1x64x8_1x4x4_neondot/128/8/real_time",5282770,26.4095,26.2958,ns,,,"1x128x8",,
"dot/dot_int8_int8_int32_1x64x8_1x4x4_neondot/128/40/real_time",1821332,76.5983,76.2256,ns,,,"1x128x40",,
"dot/dot_int8_int8_int32_1x64x8_1x4x4_neondot/128/88/real_time",944341,147.699,147.028,ns,,,"1x128x88",,
"dot/dot_int8_int8_int32_1x64x8_1x4x4_neondot/128/136/real_time",646728,216.471,215.415,ns,,,"1x128x136",,
"dot/dot_int8_int8_int32_1x64x8_1x4x4_neondot/128/184/real_time",486942,286.959,285.501,ns,,,"1x128x184",,
"dot/dot_int8_int8_int32_1x64x8_1x4x4_neondot/256/8/real_time",3020988,46.2923,46.0786,ns,,,"1x256x8",,
"dot/dot_int8_int8_int32_1x64x8_1x4x4_neondot/256/16/real_time",1962955,71.1517,70.8066,ns,,,"1x256x16",,
"dot/dot_int8_int8_int32_1x64x8_1x4x4_neondot/256/40/real_time",980585,143.184,142.456,ns,,,"1x256x40",,
"dot/dot_int8_int8_int32_1x64x8_1x4x4_neondot/256/64/real_time",658146,213.482,212.469,ns,,,"1x256x64",,
"dot/dot_int8_int8_int32_1x64x8_1x4x4_neondot/256/88/real_time",493019,283.422,281.993,ns,,,"1x256x88",,
"dot/dot_int8_int8_int32_1x64x8_1x4x4_neondot/512/8/real_time",1619550,86.4865,86.0316,ns,,,"1x512x8",,
"dot/dot_int8_int8_int32_1x64x8_1x4x4_neondot/512/16/real_time",1023891,136.518,135.89,ns,,,"1x512x16",,
"dot/dot_int8_int8_int32_1x64x8_1x4x4_neondot/512/24/real_time",763851,182.66,181.801,ns,,,"1x512x24",,
"dot/dot_int8_int8_int32_1x64x8_1x4x4_neondot/512/40/real_time",500723,280.82,279.453,ns,,,"1x512x40",,
"dot/dot_int8_int8_int32_1x32x8_1x4x4_neondot/32/8/real_time",10211563,13.6273,13.5547,ns,,,"1x32x8",,
"dot/dot_int8_int8_int32_1x32x8_1x4x4_neondot/32/184/real_time",1677422,83.4112,82.9764,ns,,,"1x32x184",,
"dot/dot_int8_int8_int32_1x32x8_1x4x4_neondot/32/368/real_time",905291,155.421,154.642,ns,,,"1x32x368",,
"dot/dot_int8_int8_int32_1x32x8_1x4x4_neondot/32/552/real_time",622111,224.524,223.421,ns,,,"1x32x552",,
"dot/dot_int8_int8_int32_1x32x8_1x4x4_neondot/32/736/real_time",473171,297.91,296.542,ns,,,"1x32x736",,
"dot/dot_int8_int8_int32_1x32x8_1x4x4_neondot/64/8/real_time",7438648,18.7255,18.6413,ns,,,"1x64x8",,
"dot/dot_int8_int8_int32_1x32x8_1x4x4_neondot/64/88/real_time",1655939,84.4647,84.0675,ns,,,"1x64x88",,
"dot/dot_int8_int8_int32_1x32x8_1x4x4_neondot/64/184/real_time",882115,157.844,157.049,ns,,,"1x64x184",,
"dot/dot_int8_int8_int32_1x32x8_1x4x4_neondot/64/272/real_time",614074,226.196,225.004,ns,,,"1x64x272",,
"dot/dot_int8_int8_int32_1x32x8_1x4x4_neondot/64/368/real_time",465029,299.404,297.994,ns,,,"1x64x368",,
"dot/dot_int8_int8_int32_1x32x8_1x4x4_neondot/128/8/real_time",4357496,32.1849,32.0257,ns,,,"1x128x8",,
"dot/dot_int8_int8_int32_1x32x8_1x4x4_neondot/128/40/real_time",1648298,85.2237,84.7732,ns,,,"1x128x40",,
"dot/dot_int8_int8_int32_1x32x8_1x4x4_neondot/128/88/real_time",876832,159.704,158.93,ns,,,"1x128x88",,
"dot/dot_int8_int8_int32_1x32x8_1x4x4_neondot/128/136/real_time",595755,235.582,234.502,ns,,,"1x128x136",,
"dot/dot_int8_int8_int32_1x32x8_1x4x4_neondot/128/184/real_time",453375,308.545,306.978,ns,,,"1x128x184",,
"dot/dot_int8_int8_int32_1x32x8_1x4x4_neondot/256/8/real_time",2380269,58.5763,58.327,ns,,,"1x256x8",,
"dot/dot_int8_int8_int32_1x32x8_1x4x4_neondot/256/16/real_time",1654931,84.553,84.1599,ns,,,"1x256x16",,
"dot/dot_int8_int8_int32_1x32x8_1x4x4_neondot/256/40/real_time",859313,161.047,160.302,ns,,,"1x256x40",,
"dot/dot_int8_int8_int32_1x32x8_1x4x4_neondot/256/64/real_time",589241,236.734,235.569,ns,,,"1x256x64",,
"dot/dot_int8_int8_int32_1x32x8_1x4x4_neondot/256/88/real_time",438469,314.835,313.46,ns,,,"1x256x88",,
"dot/dot_int8_int8_int32_2x32x8_1x4x4_neondot/32/8/real_time",7846457,17.776,17.6928,ns,,,"2x32x8",,
"dot/dot_int8_int8_int32_2x32x8_1x4x4_neondot/32/176/real_time",1009233,138.536,137.895,ns,,,"2x32x176",,
"dot/dot_int8_int8_int32_2x32x8_1x4x4_neondot/32/352/real_time",527987,264.858,263.728,ns,,,"2x32x352",,
"dot/dot_int8_int8_int32_2x32x8_1x4x4_neondot/32/528/real_time",357677,390.978,389.284,ns,,,"2x32x528",,
"dot/dot_int8_int8_int32_2x32x8_1x4x4_neondot/32/712/real_time",267470,523.015,520.532,ns,,,"2x32x712",,
"dot/dot_int8_int8_int32_2x32x8_1x4x4_neondot/64/8/real_time",5419115,25.6667,25.5485,ns,,,"2x64x8",,
"dot/dot_int8_int8_int32_2x32x8_1x4x4_neondot/64/88/real_time",994120,140.726,140.083,ns,,,"2x64x88",,
"dot/dot_int8_int8_int32_2x32x8_1x4x4_neondot/64/176/real_time",524097,266.961,265.732,ns,,,"2x64x176",,
"dot/dot_int8_int8_int32_2x32x8_1x4x4_neondot/64/264/real_time",354890,393.291,391.491,ns,,,"2x64x264",,
"dot/dot_int8_int8_int32_2x32x8_1x4x4_neondot/64/360/real_time",263750,530.876,528.293,ns,,,"2x64x360",,
"dot/dot_int8_int8_int32_2x32x8_1x4x4_neondot/128/8/real_time",3155455,44.4105,44.2078,ns,,,"2x128x8",,
"dot/dot_int8_int8_int32_2x32x8_1x4x4_neondot/128/40/real_time",1045479,134.074,133.397,ns,,,"2x128x40",,
"dot/dot_int8_int8_int32_2x32x8_1x4x4_neondot/128/88/real_time",514407,271.93,270.542,ns,,,"2x128x88",,
"dot/dot_int8_int8_int32_2x32x8_1x4x4_neondot/128/128/real_time",361692,386.922,385.12,ns,,,"2x128x128",,
"dot/dot_int8_int8_int32_2x32x8_1x4x4_neondot/128/176/real_time",266832,525.989,523.29,ns,,,"2x128x176",,
"dot/dot_int8_int8_int32_2x32x8_1x4x4_neondot/256/8/real_time",1709223,81.9882,81.5816,ns,,,"2x256x8",,
"dot/dot_int8_int8_int32_2x32x8_1x4x4_neondot/256/16/real_time",1146376,123.518,122.907,ns,,,"2x256x16",,
"dot/dot_int8_int8_int32_2x32x8_1x4x4_neondot/256/40/real_time",542329,258.27,256.923,ns,,,"2x256x40",,
"dot/dot_int8_int8_int32_2x32x8_1x4x4_neondot/256/56/real_time",402059,348.952,347.176,ns,,,"2x256x56",,
"dot/dot_int8_int8_int32_2x32x8_1x4x4_neondot/256/80/real_time",287405,487.014,484.587,ns,,,"2x256x80",,
"dot/dot_int8_int8_int32_3x32x8_1x4x4_neondot/32/8/real_time",6251366,22.5184,22.407,ns,,,"3x32x8",,
"dot/dot_int8_int8_int32_3x32x8_1x4x4_neondot/32/168/real_time",720222,194.483,193.511,ns,,,"3x32x168",,
"dot/dot_int8_int8_int32_3x32x8_1x4x4_neondot/32/344/real_time",364878,383.676,381.833,ns,,,"3x32x344",,
"dot/dot_int8_int8_int32_3x32x8_1x4x4_neondot/32/512/real_time",247514,565.238,562.476,ns,,,"3x32x512",,
"dot/dot_int8_int8_int32_3x32x8_1x4x4_neondot/32/688/real_time",185532,754.571,750.536,ns,,,"3x32x688",,
"dot/dot_int8_int8_int32_3x32x8_1x4x4_neondot/64/8/real_time",4074635,34.3219,34.1632,ns,,,"3x64x8",,
"dot/dot_int8_int8_int32_3x32x8_1x4x4_neondot/64/88/real_time",678088,206.392,205.364,ns,,,"3x64x88",,
"dot/dot_int8_int8_int32_3x32x8_1x4x4_neondot/64/176/real_time",353514,395.487,393.627,ns,,,"3x64x176",,
"dot/dot_int8_int8_int32_3x32x8_1x4x4_neondot/64/264/real_time",239088,585.668,582.453,ns,,,"3x64x264",,
"dot/dot_int8_int8_int32_3x32x8_1x4x4_neondot/64/352/real_time",180833,774.751,770.67,ns,,,"3x64x352",,
"dot/dot_int8_int8_int32_3x32x8_1x4x4_neondot/128/8/real_time",2370734,59.0028,58.7022,ns,,,"3x128x8",,
"dot/dot_int8_int8_int32_3x32x8_1x4x4_neondot/128/40/real_time",715966,195.198,194.298,ns,,,"3x128x40",,
"dot/dot_int8_int8_int32_3x32x8_1x4x4_neondot/128/80/real_time",381025,366.85,365.163,ns,,,"3x128x80",,
"dot/dot_int8_int8_int32_3x32x8_1x4x4_neondot/128/120/real_time",259299,539.58,537.003,ns,,,"3x128x120",,
"dot/dot_int8_int8_int32_3x32x8_1x4x4_neondot/128/168/real_time",187547,746.406,742.672,ns,,,"3x128x168",,
"dot/dot_int8_int8_int32_3x32x8_1x4x4_neondot/256/8/real_time",1288442,108.366,107.852,ns,,,"3x256x8",,
"dot/dot_int8_int8_int32_3x32x8_1x4x4_neondot/256/16/real_time",802520,174.725,173.854,ns,,,"3x256x16",,
"dot/dot_int8_int8_int32_3x32x8_1x4x4_neondot/256/40/real_time",368211,379.834,377.971,ns,,,"3x256x40",,
"dot/dot_int8_int8_int32_3x32x8_1x4x4_neondot/256/56/real_time",270438,517.302,514.808,ns,,,"3x256x56",,
"dot/dot_int8_int8_int32_3x32x8_1x4x4_neondot/256/80/real_time",193386,722.777,719.737,ns,,,"3x256x80",,
"dot/dot_int8_int8_int32_1x16x8_1x4x4_neondot/16/8/real_time",12390637,11.2989,11.2482,ns,,,"1x16x8",,
"dot/dot_int8_int8_int32_1x16x8_1x4x4_neondot/16/360/real_time",1543050,90.7835,90.3154,ns,,,"1x16x360",,
"dot/dot_int8_int8_int32_1x16x8_1x4x4_neondot/16/720/real_time",809714,171.962,171.113,ns,,,"1x16x720",,
"dot/dot_int8_int8_int32_1x16x8_1x4x4_neondot/16/1080/real_time",554746,252.289,250.875,ns,,,"1x16x1080",,
"dot/dot_int8_int8_int32_1x16x8_1x4x4_neondot/16/1440/real_time",419879,333.02,331.481,ns,,,"1x16x1440",,
"dot/dot_int8_int8_int32_1x16x8_1x4x4_neondot/32/8/real_time",9294028,15.0549,14.983,ns,,,"1x32x8",,
"dot/dot_int8_int8_int32_1x16x8_1x4x4_neondot/32/184/real_time",1458613,95.3479,94.8763,ns,,,"1x32x184",,
"dot/dot_int8_int8_int32_1x16x8_1x4x4_neondot/32/368/real_time",782638,177.767,176.99,ns,,,"1x32x368",,
"dot/dot_int8_int8_int32_1x16x8_1x4x4_neondot/32/552/real_time",537982,260.128,258.851,ns,,,"1x32x552",,
"dot/dot_int8_int8_int32_1x16x8_1x4x4_neondot/32/736/real_time",408039,342.832,341.293,ns,,,"1x32x736",,
"dot/dot_int8_int8_int32_1x16x8_1x4x4_neondot/64/8/real_time",5812797,24.0379,23.9362,ns,,,"1x64x8",,
"dot/dot_int8_int8_int32_1x16x8_1x4x4_neondot/64/88/real_time",1434955,97.794,97.3729,ns,,,"1x64x88",,
"dot/dot_int8_int8_int32_1x16x8_1x4x4_neondot/64/184/real_time",759155,183.785,182.853,ns,,,"1x64x184",,
"dot/dot_int8_int8_int32_1x16x8_1x4x4_neondot/64/272/real_time",530967,263.099,261.926,ns,,,"1x64x272",,
"dot/dot_int8_int8_int32_1x16x8_1x4x4_neondot/64/368/real_time",401237,348.558,346.87,ns,,,"1x64x368",,
"dot/dot_int8_int8_int32_1x16x8_1x4x4_neondot/128/8/real_time",3277973,42.787,42.5806,ns,,,"1x128x8",,
"dot/dot_int8_int8_int32_1x16x8_1x4x4_neondot/128/40/real_time",1386682,100.762,100.29,ns,,,"1x128x40",,
"dot/dot_int8_int8_int32_1x16x8_1x4x4_neondot/128/88/real_time",744411,188.486,187.479,ns,,,"1x128x88",,
"dot/dot_int8_int8_int32_1x16x8_1x4x4_neondot/128/136/real_time",508859,274.459,273.067,ns,,,"1x128x136",,
"dot/dot_int8_int8_int32_1x16x8_1x4x4_neondot/128/184/real_time",381526,365.542,363.814,ns,,,"1x128x184",,
"dot/dot_int8_int8_int32_2x16x8_1x4x4_neondot/16/8/real_time",10145502,13.7568,13.6855,ns,,,"2x16x8",,
"dot/dot_int8_int8_int32_2x16x8_1x4x4_neondot/16/336/real_time",1062808,131.564,130.872,ns,,,"2x16x336",,
"dot/dot_int8_int8_int32_2x16x8_1x4x4_neondot/16/672/real_time",555321,252.125,250.978,ns,,,"2x16x672",,
"dot/dot_int8_int8_int32_2x16x8_1x4x4_neondot/16/1008/real_time",375372,372.481,370.868,ns,,,"2x16x1008",,
"dot/dot_int8_int8_int32_2x16x8_1x4x4_neondot/16/1352/real_time",282243,496.072,493.809,ns,,,"2x16x1352",,
"dot/dot_int8_int8_int32_2x16x8_1x4x4_neondot/32/8/real_time",7203962,19.375,19.2964,ns,,,"2x32x8",,
"dot/dot_int8_int8_int32_2x16x8_1x4x4_neondot/32/176/real_time",1009881,138.891,138.269,ns,,,"2x32x176",,
"dot/dot_int8_int8_int32_2x16x8_1x4x4_neondot/32/352/real_time",527920,265.49,264.164,ns,,,"2x32x352",,
"dot/dot_int8_int8_int32_2x16x8_1x4x4_neondot/32/528/real_time",357021,391.508,389.678,ns,,,"2x32x528",,
"dot/dot_int8_int8_int32_2x16x8_1x4x4_neondot/32/712/real_time",267355,523.371,521.01,ns,,,"2x32x712",,
"dot/dot_int8_int8_int32_2x16x8_1x4x4_neondot/64/8/real_time",4134373,32.8752,32.7239,ns,,,"2x64x8",,
"dot/dot_int8_int8_int32_2x16x8_1x4x4_neondot/64/88/real_time",976180,142.255,141.643,ns,,,"2x64x88",,
"dot/dot_int8_int8_int32_2x16x8_1x4x4_neondot/64/176/real_time",519978,268.405,267.159,ns,,,"2x64x176",,
"dot/dot_int8_int8_int32_2x16x8_1x4x4_neondot/64/264/real_time",354742,394.692,392.899,ns,,,"2x64x264",,
"dot/dot_int8_int8_int32_2x16x8_1x4x4_neondot/64/360/real_time",263118,532.537,529.996,ns,,,"2x64x360",,
"dot/dot_int8_int8_int32_2x16x8_1x4x4_neondot/128/8/real_time",2273383,60.9578,60.6513,ns,,,"2x128x8",,
"dot/dot_int8_int8_int32_2x16x8_1x4x4_neondot/128/40/real_time",950798,146.595,145.919,ns,,,"2x128x40",,
"dot/dot_int8_int8_int32_2x16x8_1x4x4_neondot/128/88/real_time",507672,276.046,274.711,ns,,,"2x128x88",,
"dot/dot_int8_int8_int32_2x16x8_1x4x4_neondot/128/128/real_time",356243,394.299,392.163,ns,,,"2x128x128",,
"dot/dot_int8_int8_int32_2x16x8_1x4x4_neondot/128/176/real_time",263220,531.868,529.357,ns,,,"2x128x176",,
"dot/dot_int8_int8_int32_3x16x8_1x4x4_neondot/16/8/real_time",8951497,15.6764,15.6005,ns,,,"3x16x8",,
"dot/dot_int8_int8_int32_3x16x8_1x4x4_neondot/16/320/real_time",759024,183.433,182.553,ns,,,"3x16x320",,
"dot/dot_int8_int8_int32_3x16x8_1x4x4_neondot/16/640/real_time",393393,356.339,354.019,ns,,,"3x16x640",,
"dot/dot_int8_int8_int32_3x16x8_1x4x4_neondot/16/960/real_time",264982,527.957,525.376,ns,,,"3x16x960",,
"dot/dot_int8_int8_int32_3x16x8_1x4x4_neondot/16/1280/real_time",199846,700.18,696.823,ns,,,"3x16x1280",,
"dot/dot_int8_int8_int32_3x16x8_1x4x4_neondot/32/8/real_time",5906732,23.9523,23.8414,ns,,,"3x32x8",,
"dot/dot_int8_int8_int32_3x16x8_1x4x4_neondot/32/168/real_time",723516,193.228,192.225,ns,,,"3x32x168",,
"dot/dot_int8_int8_int32_3x16x8_1x4x4_neondot/32/344/real_time",366015,382.733,380.712,ns,,,"3x32x344",,
"dot/dot_int8_int8_int32_3x16x8_1x4x4_neondot/32/512/real_time",247740,563.554,560.851,ns,,,"3x32x512",,
"dot/dot_int8_int8_int32_3x16x8_1x4x4_neondot/32/688/real_time",185995,753.225,749.238,ns,,,"3x32x688",,
"dot/dot_int8_int8_int32_3x16x8_1x4x4_neondot/64/8/real_time",3470295,40.6216,40.4427,ns,,,"3x64x8",,
"dot/dot_int8_int8_int32_3x16x8_1x4x4_neondot/64/88/real_time",684243,204.308,203.342,ns,,,"3x64x88",,
"dot/dot_int8_int8_int32_3x16x8_1x4x4_neondot/64/176/real_time",355726,393.768,391.593,ns,,,"3x64x176",,
"dot/dot_int8_int8_int32_3x16x8_1x4x4_neondot/64/264/real_time",240124,583.101,580.311,ns,,,"3x64x264",,
"dot/dot_int8_int8_int32_3x16x8_1x4x4_neondot/64/352/real_time",181289,772.818,768.775,ns,,,"3x64x352",,
"dot/dot_int8_int8_int32_3x16x8_1x4x4_neondot/128/8/real_time",1894272,73.9756,73.6031,ns,,,"3x128x8",,
"dot/dot_int8_int8_int32_3x16x8_1x4x4_neondot/128/40/real_time",725185,192.571,191.7,ns,,,"3x128x40",,
"dot/dot_int8_int8_int32_3x16x8_1x4x4_neondot/128/80/real_time",384611,364.148,362.331,ns,,,"3x128x80",,
"dot/dot_int8_int8_int32_3x16x8_1x4x4_neondot/128/120/real_time",261072,536.266,533.814,ns,,,"3x128x120",,
"dot/dot_int8_int8_int32_3x16x8_1x4x4_neondot/128/168/real_time",187729,743.212,739.779,ns,,,"3x128x168",,
"dot/dot_int8_int8_int32_4x16x8_1x4x4_neondot/16/8/real_time",7383317,18.9469,18.8597,ns,,,"4x16x8",,
"dot/dot_int8_int8_int32_4x16x8_1x4x4_neondot/16/304/real_time",606517,230.716,229.603,ns,,,"4x16x304",,
"dot/dot_int8_int8_int32_4x16x8_1x4x4_neondot/16/608/real_time",311698,448.599,446.467,ns,,,"4x16x608",,
"dot/dot_int8_int8_int32_4x16x8_1x4x4_neondot/16/912/real_time",209817,666.604,663.151,ns,,,"4x16x912",,
"dot/dot_int8_int8_int32_4x16x8_1x4x4_neondot/16/1216/real_time",157909,885.118,880.861,ns,,,"4x16x1216",,
"dot/dot_int8_int8_int32_4x16x8_1x4x4_neondot/32/8/real_time",4851066,28.6889,28.5593,ns,,,"4x32x8",,
"dot/dot_int8_int8_int32_4x16x8_1x4x4_neondot/32/160/real_time",571759,244.983,243.686,ns,,,"4x32x160",,
"dot/dot_int8_int8_int32_4x16x8_1x4x4_neondot/32/328/real_time",288385,485.406,482.897,ns,,,"4x32x328",,
"dot/dot_int8_int8_int32_4x16x8_1x4x4_neondot/32/496/real_time",192660,726.645,723.083,ns,,,"4x32x496",,
"dot/dot_int8_int8_int32_4x16x8_1x4x4_neondot/32/664/real_time",144627,967.416,962.802,ns,,,"4x32x664",,
"dot/dot_int8_int8_int32_4x16x8_1x4x4_neondot/64/8/real_time",2844276,49.2935,49.0386,ns,,,"4x64x8",,
"dot/dot_int8_int8_int32_4x16x8_1x4x4_neondot/64/80/real_time",562568,248.136,246.943,ns,,,"4x64x80",,
"dot/dot_int8_int8_int32_4x16x8_1x4x4_neondot/64/168/real_time",279704,501.049,498.197,ns,,,"4x64x168",,
"dot/dot_int8_int8_int32_4x16x8_1x4x4_neondot/64/256/real_time",185822,753.759,750.171,ns,,,"4x64x256",,
"dot/dot_int8_int8_int32_4x16x8_1x4x4_neondot/64/344/real_time",138372,1006.27,1001.34,ns,,,"4x64x344",,
"dot/dot_int8_int8_int32_4x16x8_1x4x4_neondot/128/8/real_time",1545239,90.2102,89.7662,ns,,,"4x128x8",,
"dot/dot_int8_int8_int32_4x16x8_1x4x4_neondot/128/40/real_time",544939,256.787,255.574,ns,,,"4x128x40",,
"dot/dot_int8_int8_int32_4x16x8_1x4x4_neondot/128/80/real_time",287979,486.414,484.031,ns,,,"4x128x80",,
"dot/dot_int8_int8_int32_4x16x8_1x4x4_neondot/128/120/real_time",195706,716.45,712.164,ns,,,"4x128x120",,
"dot/dot_int8_int8_int32_4x16x8_1x4x4_neondot/128/168/real_time",139769,995.11,989.983,ns,,,"4x128x168",,
"dot/dot_int8_int8_int32_5x16x8_1x4x4_neondot/16/8/real_time",6084848,22.9226,22.8079,ns,,,"5x16x8",,
"dot/dot_int8_int8_int32_5x16x8_1x4x4_neondot/16/288/real_time",513741,272.31,270.943,ns,,,"5x16x288",,
"dot/dot_int8_int8_int32_5x16x8_1x4x4_neondot/16/576/real_time",263575,530.823,528.371,ns,,,"5x16x576",,
"dot/dot_int8_int8_int32_5x16x8_1x4x4_neondot/16/864/real_time",177517,788.708,784.992,ns,,,"5x16x864",,
"dot/dot_int8_int8_int32_5x16x8_1x4x4_neondot/16/1152/real_time",133572,1048.07,1042.51,ns,,,"5x16x1152",,
"dot/dot_int8_int8_int32_5x16x8_1x4x4_neondot/32/8/real_time",3985133,35.0165,34.8587,ns,,,"5x32x8",,
"dot/dot_int8_int8_int32_5x16x8_1x4x4_neondot/32/160/real_time",461098,303.7,302.353,ns,,,"5x32x160",,
"dot/dot_int8_int8_int32_5x16x8_1x4x4_neondot/32/320/real_time",236730,591.435,588.356,ns,,,"5x32x320",,
"dot/dot_int8_int8_int32_5x16x8_1x4x4_neondot/32/480/real_time",159426,877.834,873.629,ns,,,"5x32x480",,
"dot/dot_int8_int8_int32_5x16x8_1x4x4_neondot/32/640/real_time",119651,1165.08,1159.71,ns,,,"5x32x640",,
"dot/dot_int8_int8_int32_5x16x8_1x4x4_neondot/64/8/real_time",2352328,59.5207,59.2397,ns,,,"5x64x8",,
"dot/dot_int8_int8_int32_5x16x8_1x4x4_neondot/64/80/real_time",452601,309.094,307.554,ns,,,"5x64x80",,
"dot/dot_int8_int8_int32_5x16x8_1x4x4_neondot/64/168/real_time",224143,624.887,621.915,ns,,,"5x64x168",,
"dot/dot_int8_int8_int32_5x16x8_1x4x4_neondot/64/248/real_time",153549,911.904,907.649,ns,,,"5x64x248",,
"dot/dot_int8_int8_int32_5x16x8_1x4x4_neondot/64/336/real_time",113533,1227.58,1221.98,ns,,,"5x64x336",,
"dot/dot_int8_int8_int32_5x16x8_1x4x4_neondot/128/8/real_time",1285313,108.328,107.771,ns,,,"5x128x8",,
"dot/dot_int8_int8_int32_5x16x8_1x4x4_neondot/128/40/real_time",436780,320.647,319.02,ns,,,"5x128x40",,
"dot/dot_int8_int8_int32_5x16x8_1x4x4_neondot/128/80/real_time",229042,611.378,608.494,ns,,,"5x128x80",,
"dot/dot_int8_int8_int32_5x16x8_1x4x4_neondot/128/120/real_time",156488,895.054,890.275,ns,,,"5x128x120",,
"dot/dot_int8_int8_int32_5x16x8_1x4x4_neondot/128/160/real_time",117661,1189.02,1182.54,ns,,,"5x128x160",,
"dot/dot_int8_int8_int32_1x8x8_1x4x4_neondot/8/8/real_time",14193138,9.84929,9.80194,ns,,,"1x8x8",,
"dot/dot_int8_int8_int32_1x8x8_1x4x4_neondot/8/680/real_time",1000000,100.288,99.8184,ns,,,"1x8x680",,
"dot/dot_int8_int8_int32_1x8x8_1x4x4_neondot/8/1360/real_time",724978,191.898,190.996,ns,,,"1x8x1360",,
"dot/dot_int8_int8_int32_1x8x8_1x4x4_neondot/8/2040/real_time",494445,283.604,282.048,ns,,,"1x8x2040",,
"dot/dot_int8_int8_int32_1x8x8_1x4x4_neondot/8/2720/real_time",370519,377.463,375.49,ns,,,"1x8x2720",,
"dot/dot_int8_int8_int32_1x8x8_1x4x4_neondot/16/8/real_time",10352956,13.5399,13.4711,ns,,,"1x16x8",,
"dot/dot_int8_int8_int32_1x8x8_1x4x4_neondot/16/360/real_time",1282822,109.22,108.702,ns,,,"1x16x360",,
"dot/dot_int8_int8_int32_1x8x8_1x4x4_neondot/16/720/real_time",679237,205.549,204.528,ns,,,"1x16x720",,
"dot/dot_int8_int8_int32_1x8x8_1x4x4_neondot/16/1080/real_time",461607,302.169,300.762,ns,,,"1x16x1080",,
"dot/dot_int8_int8_int32_1x8x8_1x4x4_neondot/16/1440/real_time",350871,399.043,397.047,ns,,,"1x16x1440",,
"dot/dot_int8_int8_int32_1x8x8_1x4x4_neondot/32/8/real_time",6692011,20.9007,20.789,ns,,,"1x32x8",,
"dot/dot_int8_int8_int32_1x8x8_1x4x4_neondot/32/184/real_time",1199721,116.614,116.067,ns,,,"1x32x184",,
"dot/dot_int8_int8_int32_1x8x8_1x4x4_neondot/32/368/real_time",647307,215.821,214.794,ns,,,"1x32x368",,
"dot/dot_int8_int8_int32_1x8x8_1x4x4_neondot/32/552/real_time",444699,314.821,313.392,ns,,,"1x32x552",,
"dot/dot_int8_int8_int32_1x8x8_1x4x4_neondot/32/736/real_time",338202,413.846,411.659,ns,,,"1x32x736",,
"dot/dot_int8_int8_int32_1x8x8_1x4x4_neondot/64/8/real_time",3793974,36.9632,36.7716,ns,,,"1x64x8",,
"dot/dot_int8_int8_int32_1x8x8_1x4x4_neondot/64/88/real_time",1133379,123.446,122.872,ns,,,"1x64x88",,
"dot/dot_int8_int8_int32_1x8x8_1x4x4_neondot/64/184/real_time",615249,227.419,226.294,ns,,,"1x64x184",,
"dot/dot_int8_int8_int32_1x8x8_1x4x4_neondot/64/272/real_time",426001,328.229,326.457,ns,,,"1x64x272",,
"dot/dot_int8_int8_int32_1x8x8_1x4x4_neondot/64/368/real_time",323886,431.358,429.424,ns,,,"1x64x368",,
"dot/dot_int8_int8_int32_8x8x8_1x4x4_neondot/8/8/real_time",5739481,24.3377,24.2189,ns,,,"8x8x8",,
"dot/dot_int8_int8_int32_8x8x8_1x4x4_neondot/8/376/real_time",490703,285.373,284.045,ns,,,"8x8x376",,
"dot/dot_int8_int8_int32_8x8x8_1x4x4_neondot/8/760/real_time",249734,560.735,558.099,ns,,,"8x8x760",,
"dot/dot_int8_int8_int32_8x8x8_1x4x4_neondot/8/1136/real_time",168325,831.489,826.792,ns,,,"8x8x1136",,
"dot/dot_int8_int8_int32_8x8x8_1x4x4_neondot/8/1520/real_time",126252,1109.01,1103.52,ns,,,"8x8x1520",,
"dot/dot_int8_int8_int32_8x8x8_1x4x4_neondot/16/8/real_time",3782155,36.8227,36.6656,ns,,,"8x16x8",,
"dot/dot_int8_int8_int32_8x8x8_1x4x4_neondot/16/248/real_time",373096,375.466,373.633,ns,,,"8x16x248",,
"dot/dot_int8_int8_int32_8x8x8_1x4x4_neondot/16/496/real_time",191378,731.779,728.211,ns,,,"8x16x496",,
"dot/dot_int8_int8_int32_8x8x8_1x4x4_neondot/16/744/real_time",128772,1087.11,1081.95,ns,,,"8x16x744",,
"dot/dot_int8_int8_int32_8x8x8_1x4x4_neondot/16/1000/real_time",96139,1453.81,1447.19,ns,,,"8x16x1000",,
"dot/dot_int8_int8_int32_8x8x8_1x4x4_neondot/32/8/real_time",2248654,62.1596,61.8526,ns,,,"8x32x8",,
"dot/dot_int8_int8_int32_8x8x8_1x4x4_neondot/32/144/real_time",317392,440.423,438.456,ns,,,"8x32x144",,
"dot/dot_int8_int8_int32_8x8x8_1x4x4_neondot/32/288/real_time",163844,854.582,850.319,ns,,,"8x32x288",,
"dot/dot_int8_int8_int32_8x8x8_1x4x4_neondot/32/432/real_time",109656,1284.48,1270.55,ns,,,"8x32x432",,
"dot/dot_int8_int8_int32_8x8x8_1x4x4_neondot/32/584/real_time",82149,1702.72,1694.6,ns,,,"8x32x584",,
"dot/dot_int8_int8_int32_8x8x8_1x4x4_neondot/64/8/real_time",1245448,112.653,112.059,ns,,,"8x64x8",,
"dot/dot_int8_int8_int32_8x8x8_1x4x4_neondot/64/72/real_time",302660,463.003,460.591,ns,,,"8x64x72",,
"dot/dot_int8_int8_int32_8x8x8_1x4x4_neondot/64/152/real_time",151902,922.316,917.276,ns,,,"8x64x152",,
"dot/dot_int8_int8_int32_8x8x8_1x4x4_neondot/64/232/real_time",101412,1380.15,1372.67,ns,,,"8x64x232",,
"dot/dot_int8_int8_int32_8x8x8_1x4x4_neondot/64/312/real_time",75999,1841.22,1831.77,ns,,,"8x64x312",,
"dot/dot_int8_int8_int32_10x8x8_1x4x4_neondot/8/8/real_time",4548200,30.7548,30.6019,ns,,,"10x8x8",,
"dot/dot_int8_int8_int32_10x8x8_1x4x4_neondot/8/336/real_time",433761,322.262,320.783,ns,,,"10x8x336",,
"dot/dot_int8_int8_int32_10x8x8_1x4x4_neondot/8/672/real_time",224346,624.053,620.742,ns,,,"10x8x672",,
"dot/dot_int8_int8_int32_10x8x8_1x4x4_neondot/8/1008/real_time",151214,925.232,920.709,ns,,,"10x8x1008",,
"dot/dot_int8_int8_int32_10x8x8_1x4x4_neondot/8/1344/real_time",113553,1229.19,1223.07,ns,,,"10x8x1344",,
"dot/dot_int8_int8_int32_10x8x8_1x4x4_neondot/16/8/real_time",3053650,45.8103,45.5877,ns,,,"10x16x8",,
"dot/dot_int8_int8_int32_10x8x8_1x4x4_neondot/16/224/real_time",325266,430.557,428.205,ns,,,"10x16x224",,
"dot/dot_int8_int8_int32_10x8x8_1x4x4_neondot/16/456/real_time",165571,845.128,841.216,ns,,,"10x16x456",,
"dot/dot_int8_int8_int32_10x8x8_1x4x4_neondot/16/688/real_time",110677,1262.51,1255.76,ns,,,"10x16x688",,
"dot/dot_int8_int8_int32_10x8x8_1x4x4_neondot/16/920/real_time",83254,1678.75,1670.5,ns,,,"10x16x920",,
"dot/dot_int8_int8_int32_10x8x8_1x4x4_neondot/32/8/real_time",1814186,77.0366,76.658,ns,,,"10x32x8",,
"dot/dot_int8_int8_int32_10x8x8_1x4x4_neondot/32/136/real_time",265361,527.795,525.231,ns,,,"10x32x136",,
"dot/dot_int8_int8_int32_10x8x8_1x4x4_neondot/32/272/real_time",137000,1017.36,1012.57,ns,,,"10x32x272",,
"dot/dot_int8_int8_int32_10x8x8_1x4x4_neondot/32/408/real_time",92880,1504.4,1496.89,ns,,,"10x32x408",,
"dot/dot_int8_int8_int32_10x8x8_1x4x4_neondot/32/552/real_time",69024,2020.38,2010.27,ns,,,"10x32x552",,
"dot/dot_int8_int8_int32_10x8x8_1x4x4_neondot/64/8/real_time",1012083,137.984,137.308,ns,,,"10x64x8",,
"dot/dot_int8_int8_int32_10x8x8_1x4x4_neondot/64/72/real_time",240482,582.025,579.06,ns,,,"10x64x72",,
"dot/dot_int8_int8_int32_10x8x8_1x4x4_neondot/64/144/real_time",127197,1097.18,1091.94,ns,,,"10x64x144",,
"dot/dot_int8_int8_int32_10x8x8_1x4x4_neondot/64/216/real_time",86016,1626.63,1616.91,ns,,,"10x64x216",,
"dot/dot_int8_int8_int32_10x8x8_1x4x4_neondot/64/296/real_time",63735,2202.41,2189.84,ns,,,"10x64x296",,
"dot/dot_int8_int8_int32_8x4x8_1x4x4_neondot/4/8/real_time",6580687,21.2527,21.1618,ns,,,"8x4x8",,
"dot/dot_int8_int8_int32_8x4x8_1x4x4_neondot/4/504/real_time",711126,196.634,195.732,ns,,,"8x4x504",,
"dot/dot_int8_int8_int32_8x4x8_1x4x4_neondot/4/1016/real_time",367776,381.046,378.947,ns,,,"8x4x1016",,
"dot/dot_int8_int8_int32_8x4x8_1x4x4_neondot/4/1520/real_time",247298,566.536,563.863,ns,,,"8x4x1520",,
"dot/dot_int8_int8_int32_8x4x8_1x4x4_neondot/4/2032/real_time",186747,749.283,745.502,ns,,,"8x4x2032",,
"dot/dot_int8_int8_int32_8x4x8_1x4x4_neondot/8/8/real_time",4437723,31.4621,31.307,ns,,,"8x8x8",,
"dot/dot_int8_int8_int32_8x4x8_1x4x4_neondot/8/376/real_time",482748,289.928,288.558,ns,,,"8x8x376",,
"dot/dot_int8_int8_int32_8x4x8_1x4x4_neondot/8/760/real_time",247514,565.671,562.865,ns,,,"8x8x760",,
"dot/dot_int8_int8_int32_8x4x8_1x4x4_neondot/8/1136/real_time",167634,835.346,831.184,ns,,,"8x8x1136",,
"dot/dot_int8_int8_int32_8x4x8_1x4x4_neondot/8/1520/real_time",125681,1111.16,1105.52,ns,,,"8x8x1520",,
"dot/dot_int8_int8_int32_8x4x8_1x4x4_neondot/16/8/real_time",2670232,52.221,51.9632,ns,,,"8x16x8",,
"dot/dot_int8_int8_int32_8x4x8_1x4x4_neondot/16/248/real_time",364565,384.275,382.303,ns,,,"8x16x248",,
"dot/dot_int8_int8_int32_8x4x8_1x4x4_neondot/16/496/real_time",189058,740.102,736.467,ns,,,"8x16x496",,
"dot/dot_int8_int8_int32_8x4x8_1x4x4_neondot/16/744/real_time",127571,1096.33,1090.87,ns,,,"8x16x744",,
"dot/dot_int8_int8_int32_8x4x8_1x4x4_neondot/16/1000/real_time",94939,1470.75,1463.65,ns,,,"8x16x1000",,
"dot/dot_int8_int8_int32_8x4x8_1x4x4_neondot/32/8/real_time",1504731,93.2401,92.7928,ns,,,"8x32x8",,
"dot/dot_int8_int8_int32_8x4x8_1x4x4_neondot/32/144/real_time",306058,458.432,456.296,ns,,,"8x32x144",,
"dot/dot_int8_int8_int32_8x4x8_1x4x4_neondot/32/288/real_time",159706,877.738,873.76,ns,,,"8x32x288",,
"dot/dot_int8_int8_int32_8x4x8_1x4x4_neondot/32/432/real_time",108352,1289.78,1284,ns,,,"8x32x432",,
"dot/dot_int8_int8_int32_8x4x8_1x4x4_neondot/32/584/real_time",81042,1727.46,1718.62,ns,,,"8x32x584",,
"dot/dot_int8_int8_int32_1x16x8_1x4x1_neon/16/8/real_time",5574959,25.1128,24.9823,ns,,,"1x16x8",,
"dot/dot_int8_int8_int32_1x16x8_1x4x1_neon/16/360/real_time",165141,847.167,843.011,ns,,,"1x16x360",,
"dot/dot_int8_int8_int32_1x16x8_1x4x1_neon/16/720/real_time",82927,1689.32,1679.91,ns,,,"1x16x720",,
"dot/dot_int8_int8_int32_1x16x8_1x4x1_neon/16/1080/real_time",54617,2527.04,2514.67,ns,,,"1x16x1080",,
"dot/dot_int8_int8_int32_1x16x8_1x4x1_neon/16/1440/real_time",41549,3364.28,3348.36,ns,,,"1x16x1440",,
"dot/dot_int8_int8_int32_1x16x8_1x4x1_neon/32/8/real_time",3066393,45.5563,45.3463,ns,,,"1x32x8",,
"dot/dot_int8_int8_int32_1x16x8_1x4x1_neon/32/184/real_time",161625,867.131,862.788,ns,,,"1x32x184",,
"dot/dot_int8_int8_int32_1x16x8_1x4x1_neon/32/368/real_time",81191,1722.02,1714.05,ns,,,"1x32x368",,
"dot/dot_int8_int8_int32_1x16x8_1x4x1_neon/32/552/real_time",54151,2585.46,2572.73,ns,,,"1x32x552",,
"dot/dot_int8_int8_int32_1x16x8_1x4x1_neon/32/736/real_time",40657,3439.96,3424.95,ns,,,"1x32x736",,
"dot/dot_int8_int8_int32_1x16x8_1x4x1_neon/64/8/real_time",1657065,84.5229,84.0867,ns,,,"1x64x8",,
"dot/dot_int8_int8_int32_1x16x8_1x4x1_neon/64/88/real_time",167923,834.483,830.293,ns,,,"1x64x88",,
"dot/dot_int8_int8_int32_1x16x8_1x4x1_neon/64/184/real_time",80666,1730.35,1721.77,ns,,,"1x64x184",,
"dot/dot_int8_int8_int32_1x16x8_1x4x1_neon/64/272/real_time",54883,2545.13,2531.93,ns,,,"1x64x272",,
"dot/dot_int8_int8_int32_1x16x8_1x4x1_neon/64/368/real_time",40655,3441.74,3423.92,ns,,,"1x64x368",,
"dot/dot_int8_int8_int32_1x16x8_1x4x1_neon/128/8/real_time",843636,165.619,164.78,ns,,,"1x128x8",,
"dot/dot_int8_int8_int32_1x16x8_1x4x1_neon/128/40/real_time",181636,770.863,767.14,ns,,,"1x128x40",,
"dot/dot_int8_int8_int32_1x16x8_1x4x1_neon/128/88/real_time",83765,1671.02,1661.68,ns,,,"1x128x88",,
"dot/dot_int8_int8_int32_1x16x8_1x4x1_neon/128/136/real_time",54692,2559.35,2546.55,ns,,,"1x128x136",,
"dot/dot_int8_int8_int32_1x16x8_1x4x1_neon/128/184/real_time",40457,3456.66,3438.54,ns,,,"1x128x184",,
"dot/dot_int8_int8_int32_2x16x8_1x4x1_neon/16/8/real_time",4057469,34.8861,34.7262,ns,,,"2x16x8",,
"dot/dot_int8_int8_int32_2x16x8_1x4x1_neon/16/336/real_time",122629,1137.17,1131.45,ns,,,"2x16x336",,
"dot/dot_int8_int8_int32_2x16x8_1x4x1_neon/16/672/real_time",61722,2266.7,2257.02,ns,,,"2x16x672",,
"dot/dot_int8_int8_int32_2x16x8_1x4x1_neon/16/1008/real_time",41206,3397.28,3380.78,ns,,,"2x16x1008",,
"dot/dot_int8_int8_int32_2x16x8_1x4x1_neon/16/1352/real_time",30679,4561.75,4538.93,ns,,,"2x16x1352",,
"dot/dot_int8_int8_int32_2x16x8_1x4x1_neon/32/8/real_time",2255673,62.1251,61.8236,ns,,,"2x32x8",,
"dot/dot_int8_int8_int32_2x16x8_1x4x1_neon/32/176/real_time",117259,1191.79,1186.11,ns,,,"2x32x176",,
"dot/dot_int8_int8_int32_2x16x8_1x4x1_neon/32/352/real_time",58878,2374.98,2364.47,ns,,,"2x32x352",,
"dot/dot_int8_int8_int32_2x16x8_1x4x1_neon/32/528/real_time",39291,3559.46,3542.85,ns,,,"2x32x528",,
"dot/dot_int8_int8_int32_2x16x8_1x4x1_neon/32/712/real_time",29147,4797.8,4776.41,ns,,,"2x32x712",,
"dot/dot_int8_int8_int32_2x16x8_1x4x1_neon/64/8/real_time",1186881,117.352,116.811,ns,,,"2x64x8",,
"dot/dot_int8_int8_int32_2x16x8_1x4x1_neon/64/88/real_time",116954,1194.03,1188.07,ns,,,"2x64x88",,
"dot/dot_int8_int8_int32_2x16x8_1x4x1_neon/64/176/real_time",58963,2377.95,2366.03,ns,,,"2x64x176",,
"dot/dot_int8_int8_int32_2x16x8_1x4x1_neon/64/264/real_time",39282,3562.41,3544.49,ns,,,"2x64x264",,
"dot/dot_int8_int8_int32_2x16x8_1x4x1_neon/64/360/real_time",28831,4853.53,4831.23,ns,,,"2x64x360",,
"dot/dot_int8_int8_int32_2x16x8_1x4x1_neon/128/8/real_time",616478,227.214,226.031,ns,,,"2x128x8",,
"dot/dot_int8_int8_int32_2x16x8_1x4x1_neon/128/40/real_time",128563,1089.03,1083.12,ns,,,"2x128x40",,
"dot/dot_int8_int8_int32_2x16x8_1x4x1_neon/128/88/real_time",58722,2380.18,2368.73,ns,,,"2x128x88",,
"dot/dot_int8_int8_int32_2x16x8_1x4x1_neon/128/128/real_time",40452,3454.72,3438.53,ns,,,"2x128x128",,
"dot/dot_int8_int8_int32_2x16x8_1x4x1_neon/128/176/real_time",29486,4750.81,4726.66,ns,,,"2x128x176",,
"dot/dot_int8_int8_int32_3x16x8_1x4x1_neon/16/8/real_time",3032895,46.205,45.992,ns,,,"3x16x8",,
"dot/dot_int8_int8_int32_3x16x8_1x4x1_neon/16/320/real_time",93460,1494.5,1487.64,ns,,,"3x16x320",,
"dot/dot_int8_int8_int32_3x16x8_1x4x1_neon/16/640/real_time",46988,2979.22,2965.69,ns,,,"3x16x640",,
"dot/dot_int8_int8_int32_3x16x8_1x4x1_neon/16/960/real_time",31322,4465.94,4445.78,ns,,,"3x16x960",,
"dot/dot_int8_int8_int32_3x16x8_1x4x1_neon/16/1280/real_time",23457,5951.41,5924.26,ns,,,"3x16x1280",,
"dot/dot_int8_int8_int32_3x16x8_1x4x1_neon/32/8/real_time",1675261,83.5808,83.17,ns,,,"3x32x8",,
"dot/dot_int8_int8_int32_3x16x8_1x4x1_neon/32/168/real_time",88899,1569.87,1562,ns,,,"3x32x168",,
"dot/dot_int8_int8_int32_3x16x8_1x4x1_neon/32/344/real_time",43660,3203.56,3187.59,ns,,,"3x32x344",,
"dot/dot_int8_int8_int32_3x16x8_1x4x1_neon/32/512/real_time",29354,4766.61,4740,ns,,,"3x32x512",,
"dot/dot_int8_int8_int32_3x16x8_1x4x1_neon/32/688/real_time",21850,6397.71,6368.52,ns,,,"3x32x688",,
"dot/dot_int8_int8_int32_3x16x8_1x4x1_neon/64/8/real_time",879075,158.981,158.271,ns,,,"3x64x8",,
"dot/dot_int8_int8_int32_3x16x8_1x4x1_neon/64/88/real_time",85030,1645.87,1636.87,ns,,,"3x64x88",,
"dot/dot_int8_int8_int32_3x16x8_1x4x1_neon/64/176/real_time",42670,3280.32,3263.44,ns,,,"3x64x176",,
"dot/dot_int8_int8_int32_3x16x8_1x4x1_neon/64/264/real_time",28503,4913.16,4888.51,ns,,,"3x64x264",,
"dot/dot_int8_int8_int32_3x16x8_1x4x1_neon/64/352/real_time",21389,6549.29,6515.25,ns,,,"3x64x352",,
"dot/dot_int8_int8_int32_3x16x8_1x4x1_neon/128/8/real_time",451734,309.78,308.403,ns,,,"3x128x8",,
"dot/dot_int8_int8_int32_3x16x8_1x4x1_neon/128/40/real_time",93244,1498.43,1491.23,ns,,,"3x128x40",,
"dot/dot_int8_int8_int32_3x16x8_1x4x1_neon/128/80/real_time",46830,2991.35,2974.53,ns,,,"3x128x80",,
"dot/dot_int8_int8_int32_3x16x8_1x4x1_neon/128/120/real_time",31314,4468.84,4447.31,ns,,,"3x128x120",,
"dot/dot_int8_int8_int32_3x16x8_1x4x1_neon/128/168/real_time",22365,6259.97,6229.63,ns,,,"3x128x168",,
"dot/dot_int8_int8_int32_4x16x8_1x4x1_neon/16/8/real_time",2367014,59.0404,58.7588,ns,,,"4x16x8",,
"dot/dot_int8_int8_int32_4x16x8_1x4x1_neon/16/304/real_time",78798,1771.17,1763.06,ns,,,"4x16x304",,
"dot/dot_int8_int8_int32_4x16x8_1x4x1_neon/16/608/real_time",39656,3531.25,3513.08,ns,,,"4x16x608",,
"dot/dot_int8_int8_int32_4x16x8_1x4x1_neon/16/912/real_time",26444,5292,5265.57,ns,,,"4x16x912",,
"dot/dot_int8_int8_int32_4x16x8_1x4x1_neon/16/1216/real_time",19845,7063.47,7027.22,ns,,,"4x16x1216",,
"dot/dot_int8_int8_int32_4x16x8_1x4x1_neon/32/8/real_time",1309278,106.972,106.417,ns,,,"4x32x8",,
"dot/dot_int8_int8_int32_4x16x8_1x4x1_neon/32/160/real_time",75105,1865.28,1856.28,ns,,,"4x32x160",,
"dot/dot_int8_int8_int32_4x16x8_1x4x1_neon/32/328/real_time",36711,3807.16,3790.6,ns,,,"4x32x328",,
"dot/dot_int8_int8_int32_4x16x8_1x4x1_neon/32/496/real_time",24319,5750.87,5725.84,ns,,,"4x32x496",,
"dot/dot_int8_int8_int32_4x16x8_1x4x1_neon/32/664/real_time",18132,7710.09,7671.87,ns,,,"4x32x664",,
"dot/dot_int8_int8_int32_4x16x8_1x4x1_neon/64/8/real_time",691911,201.978,201.026,ns,,,"4x64x8",,
"dot/dot_int8_int8_int32_4x16x8_1x4x1_neon/64/80/real_time",74951,1867.86,1859.09,ns,,,"4x64x80",,
"dot/dot_int8_int8_int32_4x16x8_1x4x1_neon/64/168/real_time",35825,3905.23,3886.03,ns,,,"4x64x168",,
"dot/dot_int8_int8_int32_4x16x8_1x4x1_neon/64/256/real_time",23552,5941.95,5913.38,ns,,,"4x64x256",,
"dot/dot_int8_int8_int32_4x16x8_1x4x1_neon/64/344/real_time",17548,7980.98,7941.14,ns,,,"4x64x344",,
"dot/dot_int8_int8_int32_4x16x8_1x4x1_neon/128/8/real_time",357702,391.274,389.512,ns,,,"4x128x8",,
"dot/dot_int8_int8_int32_4x16x8_1x4x1_neon/128/40/real_time",74834,1872.38,1863.63,ns,,,"4x128x40",,
"dot/dot_int8_int8_int32_4x16x8_1x4x1_neon/128/80/real_time",37532,3725.48,3709.02,ns,,,"4x128x80",,
"dot/dot_int8_int8_int32_4x16x8_1x4x1_neon/128/120/real_time",25115,5576.51,5548.94,ns,,,"4x128x120",,
"dot/dot_int8_int8_int32_4x16x8_1x4x1_neon/128/168/real_time",17963,7803.81,7765.86,ns,,,"4x128x168",,
"dot/dot_int8_int8_int32_1x8x8_1x4x1_neon/8/8/real_time",6964163,20.1241,20.0334,ns,,,"1x8x8",,
"dot/dot_int8_int8_int32_1x8x8_1x4x1_neon/8/680/real_time",101726,1370.5,1364.43,ns,,,"1x8x680",,
"dot/dot_int8_int8_int32_1x8x8_1x4x1_neon/8/1360/real_time",51110,2734.31,2722.19,ns,,,"1x8x1360",,
"dot/dot_int8_int8_int32_1x8x8_1x4x1_neon/8/2040/real_time",34123,4101.31,4081.59,ns,,,"1x8x2040",,
"dot/dot_int8_int8_int32_1x8x8_1x4x1_neon/8/2720/real_time",25524,5481.53,5456.91,ns,,,"1x8x2720",,
"dot/dot_int8_int8_int32_1x8x8_1x4x1_neon/16/8/real_time",4199219,33.1606,33.0003,ns,,,"1x16x8",,
"dot/dot_int8_int8_int32_1x8x8_1x4x1_neon/16/360/real_time",96038,1449.16,1441.7,ns,,,"1x16x360",,
"dot/dot_int8_int8_int32_1x8x8_1x4x1_neon/16/720/real_time",48297,2897.06,2883.5,ns,,,"1x16x720",,
"dot/dot_int8_int8_int32_1x8x8_1x4x1_neon/16/1080/real_time",32222,4343.17,4322.05,ns,,,"1x16x1080",,
"dot/dot_int8_int8_int32_1x8x8_1x4x1_neon/16/1440/real_time",24182,5792.96,5761.51,ns,,,"1x16x1440",,
"dot/dot_int8_int8_int32_1x8x8_1x4x1_neon/32/8/real_time",2254035,62.2411,61.9558,ns,,,"1x32x8",,
"dot/dot_int8_int8_int32_1x8x8_1x4x1_neon/32/184/real_time",94561,1477.85,1470.93,ns,,,"1x32x184",,
"dot/dot_int8_int8_int32_1x8x8_1x4x1_neon/32/368/real_time",47314,2957.45,2943.59,ns,,,"1x32x368",,
"dot/dot_int8_int8_int32_1x8x8_1x4x1_neon/32/552/real_time",31518,4438.85,4415.94,ns,,,"1x32x552",,
"dot/dot_int8_int8_int32_1x8x8_1x4x1_neon/32/736/real_time",23649,5919.58,5891.29,ns,,,"1x32x736",,
"dot/dot_int8_int8_int32_1x8x8_1x4x1_neon/64/8/real_time",1123544,120.847,120.233,ns,,,"1x64x8",,
"dot/dot_int8_int8_int32_1x8x8_1x4x1_neon/64/88/real_time",99461,1407.56,1400.85,ns,,,"1x64x88",,
"dot/dot_int8_int8_int32_1x8x8_1x4x1_neon/64/184/real_time",47385,2953.46,2938.85,ns,,,"1x64x184",,
"dot/dot_int8_int8_int32_1x8x8_1x4x1_neon/64/272/real_time",31988,4375.21,4351.88,ns,,,"1x64x272",,
"dot/dot_int8_int8_int32_1x8x8_1x4x1_neon/64/368/real_time",23639,5922.95,5892.73,ns,,,"1x64x368",,
"dot/dot_int8_int8_int32_2x8x8_1x4x1_neon/8/8/real_time",6043329,23.1635,23.0548,ns,,,"2x8x8",,
"dot/dot_int8_int8_int32_2x8x8_1x4x1_neon/8/608/real_time",102115,1369.34,1362.44,ns,,,"2x8x608",,
"dot/dot_int8_int8_int32_2x8x8_1x4x1_neon/8/1224/real_time",50824,2749.57,2735.7,ns,,,"2x8x1224",,
"dot/dot_int8_int8_int32_2x8x8_1x4x1_neon/8/1832/real_time",33978,4115.7,4095.26,ns,,,"2x8x1832",,
"dot/dot_int8_int8_int32_2x8x8_1x4x1_neon/8/2448/real_time",25458,5502.88,5474.65,ns,,,"2x8x2448",,
"dot/dot_int8_int8_int32_2x8x8_1x4x1_neon/16/8/real_time",3654215,38.097,37.906,ns,,,"2x16x8",,
"dot/dot_int8_int8_int32_2x8x8_1x4x1_neon/16/336/real_time",92551,1510.92,1502.97,ns,,,"2x16x336",,
"dot/dot_int8_int8_int32_2x8x8_1x4x1_neon/16/672/real_time",46387,3017.58,3002.63,ns,,,"2x16x672",,
"dot/dot_int8_int8_int32_2x8x8_1x4x1_neon/16/1008/real_time",30938,4523.47,4502.4,ns,,,"2x16x1008",,
"dot/dot_int8_int8_int32_2x8x8_1x4x1_neon/16/1352/real_time",23026,6075.58,6045.19,ns,,,"2x16x1352",,
"dot/dot_int8_int8_int32_2x8x8_1x4x1_neon/32/8/real_time",1936636,71.8953,71.5639,ns,,,"2x32x8",,
"dot/dot_int8_int8_int32_2x8x8_1x4x1_neon/32/176/real_time",88419,1579.39,1571.83,ns,,,"2x32x176",,
"dot/dot_int8_int8_int32_2x8x8_1x4x1_neon/32/352/real_time",44282,3158.83,3142.25,ns,,,"2x32x352",,
"dot/dot_int8_int8_int32_2x8x8_1x4x1_neon/32/528/real_time",29520,4737.19,4713.94,ns,,,"2x32x528",,
"dot/dot_int8_int8_int32_2x8x8_1x4x1_neon/32/712/real_time",21908,6389.52,6357.82,ns,,,"2x32x712",,
"dot/dot_int8_int8_int32_2x8x8_1x4x1_neon/64/8/real_time",1005980,138.343,137.555,ns,,,"2x64x8",,
"dot/dot_int8_int8_int32_2x8x8_1x4x1_neon/64/88/real_time",88805,1575.18,1567.6,ns,,,"2x64x88",,
"dot/dot_int8_int8_int32_2x8x8_1x4x1_neon/64/176/real_time",44369,3154.46,3138.77,ns,,,"2x64x176",,
"dot/dot_int8_int8_int32_2x8x8_1x4x1_neon/64/264/real_time",29575,4735.18,4710.76,ns,,,"2x64x264",,
"dot/dot_int8_int8_int32_2x8x8_1x4x1_neon/64/360/real_time",21684,6458.58,6427.08,ns,,,"2x64x360",,
"dot/dot_int8_int8_int32_3x8x8_1x4x1_neon/8/8/real_time",4997453,27.9642,27.8251,ns,,,"3x8x8",,
"dot/dot_int8_int8_int32_3x8x8_1x4x1_neon/8/552/real_time",109713,1273.07,1266.8,ns,,,"3x8x552",,
"dot/dot_int8_int8_int32_3x8x8_1x4x1_neon/8/1112/real_time",54794,2553.88,2540.96,ns,,,"3x8x1112",,
"dot/dot_int8_int8_int32_3x8x8_1x4x1_neon/8/1664/real_time",36703,3819.15,3798.11,ns,,,"3x8x1664",,
"dot/dot_int8_int8_int32_3x8x8_1x4x1_neon/8/2224/real_time",27421,5102.14,5075.64,ns,,,"3x8x2224",,
"dot/dot_int8_int8_int32_3x8x8_1x4x1_neon/16/8/real_time",2981624,47.0328,46.8203,ns,,,"3x16x8",,
"dot/dot_int8_int8_int32_3x8x8_1x4x1_neon/16/320/real_time",94478,1475.59,1468.89,ns,,,"3x16x320",,
"dot/dot_int8_int8_int32_3x8x8_1x4x1_neon/16/640/real_time",47561,2942.76,2927.75,ns,,,"3x16x640",,
"dot/dot_int8_int8_int32_3x8x8_1x4x1_neon/16/960/real_time",31761,4406.62,4386,ns,,,"3x16x960",,
"dot/dot_int8_int8_int32_3x8x8_1x4x1_neon/16/1280/real_time",23849,5889.66,5863.99,ns,,,"3x16x1280",,
"dot/dot_int8_int8_int32_3x8x8_1x4x1_neon/32/8/real_time",1608056,87.0043,86.5698,ns,,,"3x32x8",,
"dot/dot_int8_int8_int32_3x8x8_1x4x1_neon/32/168/real_time",89182,1562.07,1554.61,ns,,,"3x32x168",,
"dot/dot_int8_int8_int32_3x8x8_1x4x1_neon/32/344/real_time",43776,3190.4,3175.96,ns,,,"3x32x344",,
"dot/dot_int8_int8_int32_3x8x8_1x4x1_neon/32/512/real_time",29526,4742.14,4718.59,ns,,,"3x32x512",,
"dot/dot_int8_int8_int32_3x8x8_1x4x1_neon/32/688/real_time",22001,6359.95,6330.91,ns,,,"3x32x688",,
"dot/dot_int8_int8_int32_3x8x8_1x4x1_neon/64/8/real_time",869959,161.995,161.169,ns,,,"3x64x8",,
"dot/dot_int8_int8_int32_3x8x8_1x4x1_neon/64/88/real_time",84782,1649.17,1640.65,ns,,,"3x64x88",,
"dot/dot_int8_int8_int32_3x8x8_1x4x1_neon/64/176/real_time",42705,3280.14,3263.95,ns,,,"3x64x176",,
"dot/dot_int8_int8_int32_3x8x8_1x4x1_neon/64/264/real_time",28495,4920.49,4891.88,ns,,,"3x64x264",,
"dot/dot_int8_int8_int32_3x8x8_1x4x1_neon/64/352/real_time",21578,6505.3,6475.73,ns,,,"3x64x352",,
"dot/dot_int8_int8_int32_4x8x8_1x4x1_neon/8/8/real_time",3894191,35.7406,35.5769,ns,,,"4x8x8",,
"dot/dot_int8_int8_int32_4x8x8_1x4x1_neon/8/504/real_time",90344,1548.51,1541.23,ns,,,"4x8x504",,
"dot/dot_int8_int8_int32_4x8x8_1x4x1_neon/8/1016/real_time",45020,3109.43,3094.93,ns,,,"4x8x1016",,
"dot/dot_int8_int8_int32_4x8x8_1x4x1_neon/8/1520/real_time",30135,4645.83,4625.3,ns,,,"4x8x1520",,
"dot/dot_int8_int8_int32_4x8x8_1x4x1_neon/8/2032/real_time",22539,6208.99,6179.75,ns,,,"4x8x2032",,
"dot/dot_int8_int8_int32_4x8x8_1x4x1_neon/16/8/real_time",2256389,61.9685,61.6881,ns,,,"4x16x8",,
"dot/dot_int8_int8_int32_4x8x8_1x4x1_neon/16/304/real_time",74720,1867.15,1857.88,ns,,,"4x16x304",,
"dot/dot_int8_int8_int32_4x8x8_1x4x1_neon/16/608/real_time",37608,3722.91,3704.06,ns,,,"4x16x608",,
"dot/dot_int8_int8_int32_4x8x8_1x4x1_neon/16/912/real_time",25105,5575.6,5548.75,ns,,,"4x16x912",,
"dot/dot_int8_int8_int32_4x8x8_1x4x1_neon/16/1216/real_time",18829,7437.72,7397.92,ns,,,"4x16x1216",,
"dot/dot_int8_int8_int32_4x8x8_1x4x1_neon/32/8/real_time",1209400,116.525,115.922,ns,,,"4x32x8",,
"dot/dot_int8_int8_int32_4x8x8_1x4x1_neon/32/160/real_time",70880,1974.76,1964.86,ns,,,"4x32x160",,
"dot/dot_int8_int8_int32_4x8x8_1x4x1_neon/32/328/real_time",34801,4026.09,4004.41,ns,,,"4x32x328",,
"dot/dot_int8_int8_int32_4x8x8_1x4x1_neon/32/496/real_time",23047,6071.52,6042.83,ns,,,"4x32x496",,
"dot/dot_int8_int8_int32_4x8x8_1x4x1_neon/32/664/real_time",17239,8136.28,8097.81,ns,,,"4x32x664",,
"dot/dot_int8_int8_int32_4x8x8_1x4x1_neon/64/8/real_time",622013,227.221,226.256,ns,,,"4x64x8",,
"dot/dot_int8_int8_int32_4x8x8_1x4x1_neon/64/80/real_time",70331,1986.62,1976.04,ns,,,"4x64x80",,
"dot/dot_int8_int8_int32_4x8x8_1x4x1_neon/64/168/real_time",33907,4126.27,4105.68,ns,,,"4x64x168",,
"dot/dot_int8_int8_int32_4x8x8_1x4x1_neon/64/256/real_time",22284,6274.93,6243.04,ns,,,"4x64x256",,
"dot/dot_int8_int8_int32_4x8x8_1x4x1_neon/64/344/real_time",16619,8423.89,8380.13,ns,,,"4x64x344",,
"dot/dot_int8_int8_int32_5x8x8_1x4x1_neon/8/8/real_time",3260589,42.7916,42.5958,ns,,,"5x8x8",,
"dot/dot_int8_int8_int32_5x8x8_1x4x1_neon/8/464/real_time",79319,1760.35,1752.23,ns,,,"5x8x464",,
"dot/dot_int8_int8_int32_5x8x8_1x4x1_neon/8/936/real_time",39549,3538.51,3521.5,ns,,,"5x8x936",,
"dot/dot_int8_int8_int32_5x8x8_1x4x1_neon/8/1400/real_time",26358,5310.63,5282.01,ns,,,"5x8x1400",,
"dot/dot_int8_int8_int32_5x8x8_1x4x1_neon/8/1872/real_time",19810,7066.75,7033.98,ns,,,"5x8x1872",,
"dot/dot_int8_int8_int32_5x8x8_1x4x1_neon/16/8/real_time",1831264,76.6378,76.2491,ns,,,"5x16x8",,
"dot/dot_int8_int8_int32_5x8x8_1x4x1_neon/16/288/real_time",63903,2185.88,2175.51,ns,,,"5x16x288",,
"dot/dot_int8_int8_int32_5x8x8_1x4x1_neon/16/576/real_time",32110,4356.07,4334.89,ns,,,"5x16x576",,
"dot/dot_int8_int8_int32_5x8x8_1x4x1_neon/16/864/real_time",21454,6527.19,6494.53,ns,,,"5x16x864",,
"dot/dot_int8_int8_int32_5x8x8_1x4x1_neon/16/1152/real_time",16074,8694.14,8653.92,ns,,,"5x16x1152",,
"dot/dot_int8_int8_int32_5x8x8_1x4x1_neon/32/8/real_time",975256,143.4,142.721,ns,,,"5x32x8",,
"dot/dot_int8_int8_int32_5x8x8_1x4x1_neon/32/160/real_time",57524,2433.3,2421.96,ns,,,"5x32x160",,
"dot/dot_int8_int8_int32_5x8x8_1x4x1_neon/32/320/real_time",28878,4846.55,4821.21,ns,,,"5x32x320",,
"dot/dot_int8_int8_int32_5x8x8_1x4x1_neon/32/480/real_time",19287,7262.93,7226.8,ns,,,"5x32x480",,
"dot/dot_int8_int8_int32_5x8x8_1x4x1_neon/32/640/real_time",14465,9673.79,9628.66,ns,,,"5x32x640",,
"dot/dot_int8_int8_int32_5x8x8_1x4x1_neon/64/8/real_time",502481,277.76,276.434,ns,,,"5x64x8",,
"dot/dot_int8_int8_int32_5x8x8_1x4x1_neon/64/80/real_time",57122,2448.3,2435.91,ns,,,"5x64x80",,
"dot/dot_int8_int8_int32_5x8x8_1x4x1_neon/64/168/real_time",27438,5099.11,5075.47,ns,,,"5x64x168",,
"dot/dot_int8_int8_int32_5x8x8_1x4x1_neon/64/248/real_time",18625,7519.24,7480.96,ns,,,"5x64x248",,
"dot/dot_int8_int8_int32_5x8x8_1x4x1_neon/64/336/real_time",13731,10170.4,10119,ns,,,"5x64x336",,
"dot/dot_int8_int8_int32_6x8x8_1x4x1_neon/8/8/real_time",2734236,51.1569,50.8849,ns,,,"6x8x8",,
"dot/dot_int8_int8_int32_6x8x8_1x4x1_neon/8/432/real_time",71607,1952.48,1943.21,ns,,,"6x8x432",,
"dot/dot_int8_int8_int32_6x8x8_1x4x1_neon/8/864/real_time",35981,3890.74,3871.95,ns,,,"6x8x864",,
"dot/dot_int8_int8_int32_6x8x8_1x4x1_neon/8/1296/real_time",24008,5830.39,5802.06,ns,,,"6x8x1296",,
"dot/dot_int8_int8_int32_6x8x8_1x4x1_neon/8/1736/real_time",17900,7808.96,7771.32,ns,,,"6x8x1736",,
"dot/dot_int8_int8_int32_6x8x8_1x4x1_neon/16/8/real_time",1524625,91.8419,91.3806,ns,,,"6x16x8",,
"dot/dot_int8_int8_int32_6x8x8_1x4x1_neon/16/272/real_time",56899,2459.23,2447.67,ns,,,"6x16x272",,
"dot/dot_int8_int8_int32_6x8x8_1x4x1_neon/16/544/real_time",28564,4899.37,4875.81,ns,,,"6x16x544",,
"dot/dot_int8_int8_int32_6x8x8_1x4x1_neon/16/816/real_time",19079,7336.98,7303.2,ns,,,"6x16x816",,
"dot/dot_int8_int8_int32_6x8x8_1x4x1_neon/16/1096/real_time",14207,9852.74,9807.08,ns,,,"6x16x1096",,
"dot/dot_int8_int8_int32_6x8x8_1x4x1_neon/32/8/real_time",811579,171.925,171.109,ns,,,"6x32x8",,
"dot/dot_int8_int8_int32_6x8x8_1x4x1_neon/32/152/real_time",50742,2755.32,2741.67,ns,,,"6x32x152",,
"dot/dot_int8_int8_int32_6x8x8_1x4x1_neon/32/312/real_time",24862,5623.48,5598.23,ns,,,"6x32x312",,
"dot/dot_int8_int8_int32_6x8x8_1x4x1_neon/32/464/real_time",16748,8351.18,8314.18,ns,,,"6x32x464",,
"dot/dot_int8_int8_int32_6x8x8_1x4x1_neon/32/624/real_time",12457,11237.6,11184.5,ns,,,"6x32x624",,
"dot/dot_int8_int8_int32_6x8x8_1x4x1_neon/64/8/real_time",419698,332.719,331.127,ns,,,"6x64x8",,
"dot/dot_int8_int8_int32_6x8x8_1x4x1_neon/64/80/real_time",47948,2915.65,2901.89,ns,,,"6x64x80",,
"dot/dot_int8_int8_int32_6x8x8_1x4x1_neon/64/160/real_time",24162,5788.56,5763.41,ns,,,"6x64x160",,
"dot/dot_int8_int8_int32_6x8x8_1x4x1_neon/64/240/real_time",16159,8658.46,8620.64,ns,,,"6x64x240",,
"dot/dot_int8_int8_int32_6x8x8_1x4x1_neon/64/328/real_time",11790,11829.3,11772.6,ns,,,"6x64x328",,
"dot/dot_int8_int8_int32_8x8x8_1x4x1_neon/8/8/real_time",2099654,66.7057,66.4027,ns,,,"8x8x8",,
"dot/dot_int8_int8_int32_8x8x8_1x4x1_neon/8/376/real_time",61803,2271.52,2259.55,ns,,,"8x8x376",,
"dot/dot_int8_int8_int32_8x8x8_1x4x1_neon/8/760/real_time",30724,4554.63,4531.13,ns,,,"8x8x760",,
"dot/dot_int8_int8_int32_8x8x8_1x4x1_neon/8/1136/real_time",20606,6796.81,6763.14,ns,,,"8x8x1136",,
"dot/dot_int8_int8_int32_8x8x8_1x4x1_neon/8/1520/real_time",15393,9096.07,9051.81,ns,,,"8x8x1520",,
"dot/dot_int8_int8_int32_8x8x8_1x4x1_neon/16/8/real_time",1167488,119.357,118.789,ns,,,"8x16x8",,
"dot/dot_int8_int8_int32_8x8x8_1x4x1_neon/16/248/real_time",46872,2985.62,2970.52,ns,,,"8x16x248",,
"dot/dot_int8_int8_int32_8x8x8_1x4x1_neon/16/496/real_time",23561,5945.71,5913.98,ns,,,"8x16x496",,
"dot/dot_int8_int8_int32_8x8x8_1x4x1_neon/16/744/real_time",15727,8898.96,8859.17,ns,,,"8x16x744",,
"dot/dot_int8_int8_int32_8x8x8_1x4x1_neon/16/1000/real_time",11668,11967.6,11899.4,ns,,,"8x16x1000",,
"dot/dot_int8_int8_int32_8x8x8_1x4x1_neon/32/8/real_time",621022,225.308,224.188,ns,,,"8x32x8",,
"dot/dot_int8_int8_int32_8x8x8_1x4x1_neon/32/144/real_time",40317,3472.1,3456.77,ns,,,"8x32x144",,
"dot/dot_int8_int8_int32_8x8x8_1x4x1_neon/32/288/real_time",20227,6906.56,6875.83,ns,,,"8x32x288",,
"dot/dot_int8_int8_int32_8x8x8_1x4x1_neon/32/432/real_time",13529,10342.7,10295.1,ns,,,"8x32x432",,
"dot/dot_int8_int8_int32_8x8x8_1x4x1_neon/32/584/real_time",10014,13980.6,13907.2,ns,,,"8x32x584",,
"dot/dot_int8_int8_int32_8x8x8_1x4x1_neon/64/8/real_time",321116,436.274,434.028,ns,,,"8x64x8",,
"dot/dot_int8_int8_int32_8x8x8_1x4x1_neon/64/72/real_time",40024,3496.97,3479.66,ns,,,"8x64x72",,
"dot/dot_int8_int8_int32_8x8x8_1x4x1_neon/64/152/real_time",19116,7326.8,7288.86,ns,,,"8x64x152",,
"dot/dot_int8_int8_int32_8x8x8_1x4x1_neon/64/232/real_time",12507,11144.8,11089.4,ns,,,"8x64x232",,
"dot/dot_int8_int8_int32_8x8x8_1x4x1_neon/64/312/real_time",9325,14967.5,14892.6,ns,,,"8x64x312",,
"dot/dot_int8_int8_int32_8x4x8_1x4x1_neon/4/8/real_time",3705154,37.8355,37.6592,ns,,,"8x4x8",,
"dot/dot_int8_int8_int32_8x4x8_1x4x1_neon/4/504/real_time",95628,1461.34,1454.21,ns,,,"8x4x504",,
"dot/dot_int8_int8_int32_8x4x8_1x4x1_neon/4/1016/real_time",47694,2930.4,2916.64,ns,,,"8x4x1016",,
"dot/dot_int8_int8_int32_8x4x8_1x4x1_neon/4/1520/real_time",31949,4381.66,4360.93,ns,,,"8x4x1520",,
"dot/dot_int8_int8_int32_8x4x8_1x4x1_neon/4/2032/real_time",23938,5852.84,5823.47,ns,,,"8x4x2032",,
"dot/dot_int8_int8_int32_8x4x8_1x4x1_neon/8/8/real_time",2186098,63.9185,63.6252,ns,,,"8x8x8",,
"dot/dot_int8_int8_int32_8x4x8_1x4x1_neon/8/376/real_time",64340,2176.47,2165.61,ns,,,"8x8x376",,
"dot/dot_int8_int8_int32_8x4x8_1x4x1_neon/8/760/real_time",31951,4379.49,4359.07,ns,,,"8x8x760",,
"dot/dot_int8_int8_int32_8x4x8_1x4x1_neon/8/1136/real_time",21416,6543.48,6507.88,ns,,,"8x8x1136",,
"dot/dot_int8_int8_int32_8x4x8_1x4x1_neon/8/1520/real_time",15976,8767.61,8720.88,ns,,,"8x8x1520",,
"dot/dot_int8_int8_int32_8x4x8_1x4x1_neon/16/8/real_time",1185044,117.815,117.266,ns,,,"8x16x8",,
"dot/dot_int8_int8_int32_8x4x8_1x4x1_neon/16/248/real_time",48737,2872.6,2859.04,ns,,,"8x16x248",,
"dot/dot_int8_int8_int32_8x4x8_1x4x1_neon/16/496/real_time",24451,5718.46,5691.97,ns,,,"8x16x496",,
"dot/dot_int8_int8_int32_8x4x8_1x4x1_neon/16/744/real_time",16336,8572.12,8529.61,ns,,,"8x16x744",,
"dot/dot_int8_int8_int32_8x4x8_1x4x1_neon/16/1000/real_time",12105,11523.2,11461.4,ns,,,"8x16x1000",,
"dot/dot_int8_int8_int32_8x4x8_1x4x1_neon/32/8/real_time",625461,223.963,222.96,ns,,,"8x32x8",,
"dot/dot_int8_int8_int32_8x4x8_1x4x1_neon/32/144/real_time",41711,3350.39,3334.5,ns,,,"8x32x144",,
"dot/dot_int8_int8_int32_8x4x8_1x4x1_neon/32/288/real_time",21031,6657.67,6625.62,ns,,,"8x32x288",,
"dot/dot_int8_int8_int32_8x4x8_1x4x1_neon/32/432/real_time",14046,9962.52,9915.76,ns,,,"8x32x432",,
"dot/dot_int8_int8_int32_8x4x8_1x4x1_neon/32/584/real_time",10355,13454.6,13389.9,ns,,,"8x32x584",,
"dot/dot_fp32_1xNx1_1x1x1/32/1/real_time",6345175,21.9772,21.8537,ns,,,"1x32x1",,
"dot/dot_fp32_1xNx1_1x1x1/32/46/real_time",521908,267.484,266.198,ns,,,"1x32x46",,
"dot/dot_fp32_1xNx1_1x1x1/32/92/real_time",271208,516.636,514.132,ns,,,"1x32x92",,
"dot/dot_fp32_1xNx1_1x1x1/32/138/real_time",183128,765.052,761.24,ns,,,"1x32x138",,
"dot/dot_fp32_1xNx1_1x1x1/32/185/real_time",136553,1026.67,1020.93,ns,,,"1x32x185",,
"dot/dot_fp32_1xNx1_1x1x1/64/1/real_time",4822606,29.0779,28.9417,ns,,,"1x64x1",,
"dot/dot_fp32_1xNx1_1x1x1/64/23/real_time",551751,253.517,252.302,ns,,,"1x64x23",,
"dot/dot_fp32_1xNx1_1x1x1/64/46/real_time",289403,484.034,481.591,ns,,,"1x64x46",,
"dot/dot_fp32_1xNx1_1x1x1/64/69/real_time",196317,713.828,709.999,ns,,,"1x64x69",,
"dot/dot_fp32_1xNx1_1x1x1/64/93/real_time",146285,957.461,952.499,ns,,,"1x64x93",,
"dot/dot_fp32_1xNx1_1x1x1/128/1/real_time",3256122,43.0618,42.8316,ns,,,"1x128x1",,
"dot/dot_fp32_1xNx1_1x1x1/128/11/real_time",595833,234.764,233.574,ns,,,"1x128x11",,
"dot/dot_fp32_1xNx1_1x1x1/128/23/real_time",297120,470.825,468.597,ns,,,"1x128x23",,
"dot/dot_fp32_1xNx1_1x1x1/128/34/real_time",205330,682.095,678.578,ns,,,"1x128x34",,
"dot/dot_fp32_1xNx1_1x1x1/128/46/real_time",152719,916.473,911.983,ns,,,"1x128x46",,
"dot/dot_fp32_1xNx1_1x1x1/256/1/real_time",1942928,71.7096,71.3655,ns,,,"1x256x1",,
"dot/dot_fp32_1xNx1_1x1x1/256/5/real_time",629498,222.108,221.052,ns,,,"1x256x5",,
"dot/dot_fp32_1xNx1_1x1x1/256/11/real_time",308875,453.137,450.898,ns,,,"1x256x11",,
"dot/dot_fp32_1xNx1_1x1x1/256/16/real_time",218350,641.339,638.365,ns,,,"1x256x16",,
"dot/dot_fp32_1xNx1_1x1x1/256/22/real_time",160178,878.832,874.158,ns,,,"1x256x22",,
"dot/dot_fp64_1xNx1_1x1x1/32/1/real_time",4818500,28.9077,28.7684,ns,,,"1x32x1",,
"dot/dot_fp64_1xNx1_1x1x1/32/23/real_time",550712,253.906,252.599,ns,,,"1x32x23",,
"dot/dot_fp64_1xNx1_1x1x1/32/46/real_time",288173,485.624,483.489,ns,,,"1x32x46",,
"dot/dot_fp64_1xNx1_1x1x1/32/69/real_time",195230,717.133,713.602,ns,,,"1x32x69",,
"dot/dot_fp64_1xNx1_1x1x1/32/92/real_time",147285,948.043,943.511,ns,,,"1x32x92",,
"dot/dot_fp64_1xNx1_1x1x1/64/1/real_time",3297383,42.1542,41.9511,ns,,,"1x64x1",,
"dot/dot_fp64_1xNx1_1x1x1/64/11/real_time",595255,234.98,233.797,ns,,,"1x64x11",,
"dot/dot_fp64_1xNx1_1x1x1/64/23/real_time",296602,471.901,469.581,ns,,,"1x64x23",,
"dot/dot_fp64_1xNx1_1x1x1/64/34/real_time",204641,684.042,680.69,ns,,,"1x64x34",,
"dot/dot_fp64_1xNx1_1x1x1/64/46/real_time",151882,921.279,916.606,ns,,,"1x64x46",,
"dot/dot_fp64_1xNx1_1x1x1/128/1/real_time",1975345,70.2312,69.8816,ns,,,"1x128x1",,
"dot/dot_fp64_1xNx1_1x1x1/128/5/real_time",635360,220.489,219.531,ns,,,"1x128x5",,
"dot/dot_fp64_1xNx1_1x1x1/128/11/real_time",308520,453.072,450.868,ns,,,"1x128x11",,
"dot/dot_fp64_1xNx1_1x1x1/128/16/real_time",218180,642.238,639.023,ns,,,"1x128x16",,
"dot/dot_fp64_1xNx1_1x1x1/128/22/real_time",159918,874.394,870.201,ns,,,"1x128x22",,
"dot/dot_fp64_1xNx1_1x1x1/256/1/real_time",1080751,127.455,126.82,ns,,,"1x256x1",,
"dot/dot_fp64_1xNx1_1x1x1/256/2/real_time",689422,201.571,200.671,ns,,,"1x256x2",,
"dot/dot_fp64_1xNx1_1x1x1/256/5/real_time",324234,430.946,429.013,ns,,,"1x256x5",,
"dot/dot_fp64_1xNx1_1x1x1/256/7/real_time",241237,580.25,577.463,ns,,,"1x256x7",,
"dot/dot_fp64_1xNx1_1x1x1/256/10/real_time",168655,833.239,829.117,ns,,,"1x256x10",,
"dot/dot_fp16_fp16_fp32_1xNx1_1x1x1/32/1/real_time",3310027,42.2244,42.0141,ns,,,"1x32x1",,
"dot/dot_fp16_fp16_fp32_1xNx1_1x1x1/32/92/real_time",55404,2518.79,2505.78,ns,,,"1x32x92",,
"dot/dot_fp16_fp16_fp32_1xNx1_1x1x1/32/185/real_time",27726,5046.26,5022.45,ns,,,"1x32x185",,
"dot/dot_fp16_fp16_fp32_1xNx1_1x1x1/32/277/real_time",18541,7546,7510.3,ns,,,"1x32x277",,
"dot/dot_fp16_fp16_fp32_1xNx1_1x1x1/32/370/real_time",13794,10071.2,10024.4,ns,,,"1x32x370",,
"dot/dot_fp16_fp16_fp32_1xNx1_1x1x1/64/1/real_time",2034918,68.8103,68.4997,ns,,,"1x64x1",,
"dot/dot_fp16_fp16_fp32_1xNx1_1x1x1/64/46/real_time",57239,2444.97,2433.93,ns,,,"1x64x46",,
"dot/dot_fp16_fp16_fp32_1xNx1_1x1x1/64/93/real_time",28430,4931.2,4906.7,ns,,,"1x64x93",,
"dot/dot_fp16_fp16_fp32_1xNx1_1x1x1/64/140/real_time",18875,7409.75,7373.96,ns,,,"1x64x140",,
"dot/dot_fp16_fp16_fp32_1xNx1_1x1x1/64/187/real_time",14142,9887.22,9842.97,ns,,,"1x64x187",,
"dot/dot_fp16_fp16_fp32_1xNx1_1x1x1/128/1/real_time",1115126,125.369,124.753,ns,,,"1x128x1",,
"dot/dot_fp16_fp16_fp32_1xNx1_1x1x1/128/23/real_time",57949,2414.37,2403.5,ns,,,"1x128x23",,
"dot/dot_fp16_fp16_fp32_1xNx1_1x1x1/128/46/real_time",29147,4803.57,4780.89,ns,,,"1x128x46",,
"dot/dot_fp16_fp16_fp32_1xNx1_1x1x1/128/69/real_time",19466,7192.48,7157.05,ns,,,"1x128x69",,
"dot/dot_fp16_fp16_fp32_1xNx1_1x1x1/128/93/real_time",14447,9774.61,9684.94,ns,,,"1x128x93",,
"dot/dot_fp16_fp16_fp32_1xNx1_1x1x1/256/1/real_time",583384,239.355,238.064,ns,,,"1x256x1",,
"dot/dot_fp16_fp16_fp32_1xNx1_1x1x1/256/11/real_time",60491,2313.73,2301.88,ns,,,"1x256x11",,
"dot/dot_fp16_fp16_fp32_1xNx1_1x1x1/256/22/real_time",30464,4630.36,4574.96,ns,,,"1x256x22",,
"dot/dot_fp16_fp16_fp32_1xNx1_1x1x1/256/33/real_time",20273,6876.68,6844.06,ns,,,"1x256x33",,
"dot/dot_fp16_fp16_fp32_1xNx1_1x1x1/256/45/real_time",14941,9367.35,9322.97,ns,,,"1x256x45",,
"dot/dot_bf16_bf16_fp32_1xNx1_1x1x1/32/1/real_time",6559121,21.2461,21.147,ns,,,"1x32x1",,
"dot/dot_bf16_bf16_fp32_1xNx1_1x1x1/32/92/real_time",238683,587.153,584.261,ns,,,"1x32x92",,
"dot/dot_bf16_bf16_fp32_1xNx1_1x1x1/32/185/real_time",120047,1164.28,1158.95,ns,,,"1x32x185",,
"dot/dot_bf16_bf16_fp32_1xNx1_1x1x1/32/277/real_time",80281,1733.34,1725.06,ns,,,"1x32x277",,
"dot/dot_bf16_bf16_fp32_1xNx1_1x1x1/32/370/real_time",60494,2311.86,2301.37,ns,,,"1x32x370",,
"dot/dot_bf16_bf16_fp32_1xNx1_1x1x1/64/1/real_time",4864833,28.866,28.7137,ns,,,"1x64x1",,
"dot/dot_bf16_bf16_fp32_1xNx1_1x1x1/64/46/real_time",244935,571.611,568.744,ns,,,"1x64x46",,
"dot/dot_bf16_bf16_fp32_1xNx1_1x1x1/64/93/real_time",122972,1135.11,1129.55,ns,,,"1x64x93",,
"dot/dot_bf16_bf16_fp32_1xNx1_1x1x1/64/140/real_time",82373,1697.24,1689.01,ns,,,"1x64x140",,
"dot/dot_bf16_bf16_fp32_1xNx1_1x1x1/64/187/real_time",61966,2261.08,2249.97,ns,,,"1x64x187",,
"dot/dot_bf16_bf16_fp32_1xNx1_1x1x1/128/1/real_time",3131283,44.6433,44.4466,ns,,,"1x128x1",,
"dot/dot_bf16_bf16_fp32_1xNx1_1x1x1/128/23/real_time",245890,570.285,567.227,ns,,,"1x128x23",,
"dot/dot_bf16_bf16_fp32_1xNx1_1x1x1/128/46/real_time",126237,1109.07,1103.45,ns,,,"1x128x46",,
"dot/dot_bf16_bf16_fp32_1xNx1_1x1x1/128/69/real_time",84657,1649.31,1641.74,ns,,,"1x128x69",,
"dot/dot_bf16_bf16_fp32_1xNx1_1x1x1/128/93/real_time",63178,2213.69,2202.72,ns,,,"1x128x93",,
"dot/dot_bf16_bf16_fp32_1xNx1_1x1x1/256/1/real_time",1787354,78.0192,77.616,ns,,,"1x256x1",,
"dot/dot_bf16_bf16_fp32_1xNx1_1x1x1/256/11/real_time",256125,546.946,544.102,ns,,,"1x256x11",,
"dot/dot_bf16_bf16_fp32_1xNx1_1x1x1/256/22/real_time",130677,1067.87,1062.83,ns,,,"1x256x22",,
"dot/dot_bf16_bf16_fp32_1xNx1_1x1x1/256/33/real_time",88322,1583.29,1575.63,ns,,,"1x256x33",,
"dot/dot_bf16_bf16_fp32_1xNx1_1x1x1/256/45/real_time",65124,2147.24,2137.01,ns,,,"1x256x45",,
"dot/dot_int8_int8_int32_1xNx1_1x1x1/32/1/real_time",6748309,20.7211,20.6151,ns,,,"1x32x1",,
"dot/dot_int8_int8_int32_1xNx1_1x1x1/32/185/real_time",183234,763.185,759.669,ns,,,"1x32x185",,
"dot/dot_int8_int8_int32_1xNx1_1x1x1/32/370/real_time",92517,1510.07,1502.18,ns,,,"1x32x370",,
"dot/dot_int8_int8_int32_1xNx1_1x1x1/32/555/real_time",62062,2255.42,2243.86,ns,,,"1x32x555",,
"dot/dot_int8_int8_int32_1xNx1_1x1x1/32/740/real_time",46389,3011.03,2996.18,ns,,,"1x32x740",,
"dot/dot_int8_int8_int32_1xNx1_1x1x1/64/1/real_time",4941912,28.1971,28.072,ns,,,"1x64x1",,
"dot/dot_int8_int8_int32_1xNx1_1x1x1/64/93/real_time",202772,690.845,687.523,ns,,,"1x64x93",,
"dot/dot_int8_int8_int32_1xNx1_1x1x1/64/187/real_time",102076,1365.09,1358.82,ns,,,"1x64x187",,
"dot/dot_int8_int8_int32_1xNx1_1x1x1/64/280/real_time",68931,2031.74,2022.7,ns,,,"1x64x280",,
"dot/dot_int8_int8_int32_1xNx1_1x1x1/64/374/real_time",51815,2703.27,2689.44,ns,,,"1x64x374",,
"dot/dot_int8_int8_int32_1xNx1_1x1x1/128/1/real_time",3798660,37.2533,37.0795,ns,,,"1x128x1",,
"dot/dot_int8_int8_int32_1xNx1_1x1x1/128/46/real_time",213839,654.555,651.434,ns,,,"1x128x46",,
"dot/dot_int8_int8_int32_1xNx1_1x1x1/128/93/real_time",107802,1295.55,1289.42,ns,,,"1x128x93",,
"dot/dot_int8_int8_int32_1xNx1_1x1x1/128/139/real_time",72714,1922.73,1913.38,ns,,,"1x128x139",,
"dot/dot_int8_int8_int32_1xNx1_1x1x1/128/186/real_time",54561,2564.6,2551.96,ns,,,"1x128x186",,
"dot/dot_int8_int8_int32_1xNx1_1x1x1/256/1/real_time",2381328,58.9234,58.64,ns,,,"1x256x1",,
"dot/dot_int8_int8_int32_1xNx1_1x1x1/256/22/real_time",225664,620.417,617.51,ns,,,"1x256x22",,
"dot/dot_int8_int8_int32_1xNx1_1x1x1/256/45/real_time",113091,1230.82,1224.75,ns,,,"1x256x45",,
"dot/dot_int8_int8_int32_1xNx1_1x1x1/256/68/real_time",76010,1843.78,1834.84,ns,,,"1x256x68",,
"dot/dot_int8_int8_int32_1xNx1_1x1x1/256/91/real_time",56915,2455.21,2443.02,ns,,,"1x256x91",,
"dot/dot_uint8_int8_int32_1xNx1_1x1x1/32/1/real_time",6545306,21.2929,21.1862,ns,,,"1x32x1",,
"dot/dot_uint8_int8_int32_1xNx1_1x1x1/32/185/real_time",123537,1128.34,1122.98,ns,,,"1x32x185",,
"dot/dot_uint8_int8_int32_1xNx1_1x1x1/32/370/real_time",62463,2253.01,2242.17,ns,,,"1x32x370",,
"dot/dot_uint8_int8_int32_1xNx1_1x1x1/32/555/real_time",41584,3356.62,3339.34,ns,,,"1x32x555",,
"dot/dot_uint8_int8_int32_1xNx1_1x1x1/32/740/real_time",31176,4492.62,4469.46,ns,,,"1x32x740",,
"dot/dot_uint8_int8_int32_1xNx1_1x1x1/64/1/real_time",4926569,28.1492,28.0054,ns,,,"1x64x1",,
"dot/dot_uint8_int8_int32_1xNx1_1x1x1/64/93/real_time",127463,1096.26,1091.07,ns,,,"1x64x93",,
"dot/dot_uint8_int8_int32_1xNx1_1x1x1/64/187/real_time",64394,2175.62,2165.28,ns,,,"1x64x187",,
"dot/dot_uint8_int8_int32_1xNx1_1x1x1/64/280/real_time",42823,3262.74,3246.26,ns,,,"1x64x280",,
"dot/dot_uint8_int8_int32_1xNx1_1x1x1/64/374/real_time",31925,4367.21,4345.09,ns,,,"1x64x374",,
"dot/dot_uint8_int8_int32_1xNx1_1x1x1/128/1/real_time",3307347,42.0463,41.8171,ns,,,"1x128x1",,
"dot/dot_uint8_int8_int32_1xNx1_1x1x1/128/46/real_time",127901,1084.68,1079.12,ns,,,"1x128x46",,
"dot/dot_uint8_int8_int32_1xNx1_1x1x1/128/93/real_time",64372,2167.3,2157.37,ns,,,"1x128x93",,
"dot/dot_uint8_int8_int32_1xNx1_1x1x1/128/139/real_time",43355,3227.02,3211.79,ns,,,"1x128x139",,
"dot/dot_uint8_int8_int32_1xNx1_1x1x1/128/186/real_time",32447,4312.84,4293.02,ns,,,"1x128x186",,
"dot/dot_uint8_int8_int32_1xNx1_1x1x1/256/1/real_time",1881320,74.4015,74.0618,ns,,,"1x256x1",,
"dot/dot_uint8_int8_int32_1xNx1_1x1x1/256/22/real_time",133695,1043.37,1038.77,ns,,,"1x256x22",,
"dot/dot_uint8_int8_int32_1xNx1_1x1x1/256/45/real_time",66555,2104.73,2093.21,ns,,,"1x256x45",,
"dot/dot_uint8_int8_int32_1xNx1_1x1x1/256/68/real_time",44303,3156.88,3141.84,ns,,,"1x256x68",,
"dot/dot_uint8_int8_int32_1xNx1_1x1x1/256/91/real_time",33145,4218.84,4199.94,ns,,,"1x256x91",,
"dot/dot_int8_int4_int32_1xNx2_1x1x2/32/2/real_time",5582033,25.0053,24.8914,ns,,,"1x32x2",,
"dot/dot_int8_int4_int32_1xNx2_1x1x2/32/358/real_time",101816,1371.09,1364.79,ns,,,"1x32x358",,
"dot/dot_int8_int4_int32_1xNx2_1x1x2/32/718/real_time",51293,2726.33,2714.45,ns,,,"1x32x718",,
"dot/dot_int8_int4_int32_1xNx2_1x1x2/32/1078/real_time",34259,4087.25,4064.18,ns,,,"1x32x1078",,
"dot/dot_int8_int4_int32_1xNx2_1x1x2/32/1438/real_time",25738,5438.44,5413.51,ns,,,"1x32x1438",,
"dot/dot_int8_int4_int32_1xNx2_1x1x2/64/2/real_time",4142631,33.6911,33.5375,ns,,,"1x64x2",,
"dot/dot_int8_int4_int32_1xNx2_1x1x2/64/184/real_time",107687,1295.94,1289.53,ns,,,"1x64x184",,
"dot/dot_int8_int4_int32_1xNx2_1x1x2/64/368/real_time",54438,2566.49,2554.5,ns,,,"1x64x368",,
"dot/dot_int8_int4_int32_1xNx2_1x1x2/64/552/real_time",36485,3836.59,3818.71,ns,,,"1x64x552",,
"dot/dot_int8_int4_int32_1xNx2_1x1x2/64/736/real_time",27376,5109.16,5083.65,ns,,,"1x64x736",,
"dot/dot_int8_int4_int32_1xNx2_1x1x2/128/2/real_time",2767764,50.5286,50.2799,ns,,,"1x128x2",,
"dot/dot_int8_int4_int32_1xNx2_1x1x2/128/92/real_time",111933,1247.39,1241.25,ns,,,"1x128x92",,
"dot/dot_int8_int4_int32_1xNx2_1x1x2/128/184/real_time",56764,2464.44,2451.75,ns,,,"1x128x184",,
"dot/dot_int8_int4_int32_1xNx2_1x1x2/128/276/real_time",37953,3686.76,3667.01,ns,,,"1x128x276",,
"dot/dot_int8_int4_int32_1xNx2_1x1x2/128/370/real_time",28394,4934.31,4910.38,ns,,,"1x128x370",,
"dot/dot_int8_int4_int32_1xNx2_1x1x2/256/2/real_time",1629680,85.9246,85.5112,ns,,,"1x256x2",,
"dot/dot_int8_int4_int32_1xNx2_1x1x2/256/44/real_time",118481,1181.89,1175.98,ns,,,"1x256x44",,
"dot/dot_int8_int4_int32_1xNx2_1x1x2/256/90/real_time",58810,2378.1,2365.86,ns,,,"1x256x90",,
"dot/dot_int8_int4_int32_1xNx2_1x1x2/256/136/real_time",39153,3572.07,3554.35,ns,,,"1x256x136",,
"dot/dot_int8_int4_int32_1xNx2_1x1x2/256/182/real_time",29354,4770.53,4745.51,ns,,,"1x256x182",,
"dot/dot_int8_int2_int32_1xNx4_1x1x4/32/4/real_time",4277646,32.5519,32.392,ns,,,"1x32x4",,
"dot/dot_int8_int2_int32_1xNx4_1x1x4/32/676/real_time",51530,2714.11,2701.6,ns,,,"1x32x676",,
"dot/dot_int8_int2_int32_1xNx4_1x1x4/32/1356/real_time",25814,5423.75,5396.94,ns,,,"1x32x1356",,
"dot/dot_int8_int2_int32_1xNx4_1x1x4/32/2036/real_time",17214,8134.25,8092.69,ns,,,"1x32x2036",,
"dot/dot_int8_int2_int32_1xNx4_1x1x4/32/2716/real_time",12884,10841.9,10789.6,ns,,,"1x32x2716",,
"dot/dot_int8_int2_int32_1xNx4_1x1x4/64/4/real_time",2877057,48.5772,48.3396,ns,,,"1x64x4",,
"dot/dot_int8_int2_int32_1xNx4_1x1x4/64/356/real_time",55779,2510.1,2497.08,ns,,,"1x64x356",,
"dot/dot_int8_int2_int32_1xNx4_1x1x4/64/712/real_time",28008,4994.15,4966.96,ns,,,"1x64x712",,
"dot/dot_int8_int2_int32_1xNx4_1x1x4/64/1068/real_time",18714,7479.16,7443.31,ns,,,"1x64x1068",,
"dot/dot_int8_int2_int32_1xNx4_1x1x4/64/1428/real_time",14009,9992.7,9944.94,ns,,,"1x64x1428",,
"dot/dot_int8_int2_int32_1xNx4_1x1x4/128/4/real_time",1819834,76.8746,76.4852,ns,,,"1x128x4",,
"dot/dot_int8_int2_int32_1xNx4_1x1x4/128/180/real_time",59074,2370,2359.34,ns,,,"1x128x180",,
"dot/dot_int8_int2_int32_1xNx4_1x1x4/128/364/real_time",29384,4776.8,4752.86,ns,,,"1x128x364",,
"dot/dot_int8_int2_int32_1xNx4_1x1x4/128/544/real_time",19688,7101.96,7070.98,ns,,,"1x128x544",,
"dot/dot_int8_int2_int32_1xNx4_1x1x4/128/728/real_time",14741,9499.03,9453.87,ns,,,"1x128x728",,
"dot/dot_int8_int2_int32_1xNx4_1x1x4/256/4/real_time",1031505,135.106,134.445,ns,,,"1x256x4",,
"dot/dot_int8_int2_int32_1xNx4_1x1x4/256/88/real_time",62163,2246.92,2237.16,ns,,,"1x256x88",,
"dot/dot_int8_int2_int32_1xNx4_1x1x4/256/180/real_time",30694,4560.32,4536.79,ns,,,"1x256x180",,
"dot/dot_int8_int2_int32_1xNx4_1x1x4/256/268/real_time",20669,6766.56,6736.48,ns,,,"1x256x268",,
"dot/dot_int8_int2_int32_1xNx4_1x1x4/256/360/real_time",15426,9079.27,9035.34,ns,,,"1x256x360",,
