name,iterations,real_time,cpu_time,time_unit,bytes_per_second,items_per_second,label,error_occurred,error_message,"block_k","block_m","block_n","k","m","n","tile_k","tile_m","tile_n"
"dot/dot_fp32_sme2/0/0/real_time",,,,,,,,false,"Unsupported hardware",,,,,,,,,
"dot/dot_bf16_bf16_fp32_sme2/0/0/real_time",,,,,,,,false,"Unsupported hardware",,,,,,,,,
"dot/dot_fp16_fp16_fp32_sme2/0/0/real_time",,,,,,,,false,"Unsupported hardware",,,,,,,,,
"dot/dot_int8_int8_int32_sme2/0/0/real_time",,,,,,,,false,"Unsupported hardware",,,,,,,,,
"dot/dot_fp32_sme/0/0/real_time",,,,,,,,false,"Unsupported hardware",,,,,,,,,
"dot/dot_bf16_bf16_fp32_sme/0/0/real_time",,,,,,,,false,"Unsupported hardware",,,,,,,,,
"dot/dot_fp16_fp16_fp32_sme/0/0/real_time",,,,,,,,false,"Unsupported hardware",,,,,,,,,
"dot/dot_int8_int8_int32_sme/0/0/real_time",,,,,,,,false,"Unsupported hardware",,,,,,,,,
"dot/dot_int8_int4_int32_sme/0/0/real_time",,,,,,,,false,"Unsupported hardware",,,,,,,,,
"dot/dot_int8_int2_int32_sme/0/0/real_time",,,,,,,,false,"Unsupported hardware",,,,,,,,,
"dot/dot_fp8_e5m2_fp8_e5m2_fp32_1x64x8_1x4x4_neonfp8dot4/64/8/real_time",,,,,,,,false,"Unsupported hardware",8,1,64,,,,4,1,4
"dot/dot_fp8_e5m2_fp8_e5m2_fp32_1x64x8_1x4x4_neonfp8dot4/64/88/real_time",,,,,,,,false,"Unsupported hardware",8,1,64,,,,4,1,4
"dot/dot_fp8_e5m2_fp8_e5m2_fp32_1x64x8_1x4x4_neonfp8dot4/64/184/real_time",,,,,,,,false,"Unsupported hardware",8,1,64,,,,4,1,4
"dot/dot_fp8_e5m2_fp8_e5m2_fp32_1x64x8_1x4x4_neonfp8dot4/64/272/real_time",,,,,,,,false,"Unsupported hardware",8,1,64,,,,4,1,4
"dot/dot_fp8_e5m2_fp8_e5m2_fp32_1x64x8_1x4x4_neonfp8dot4/64/368/real_time",,,,,,,,false,"Unsupported hardware",8,1,64,,,,4,1,4
"dot/dot_fp8_e5m2_fp8_e5m2_fp32_1x64x8_1x4x4_neonfp8dot4/128/8/real_time",,,,,,,,false,"Unsupported hardware",8,1,64,,,,4,1,4
"dot/dot_fp8_e5m2_fp8_e5m2_fp32_1x64x8_1x4x4_neonfp8dot4/128/40/real_time",,,,,,,,false,"Unsupported hardware",8,1,64,,,,4,1,4
"dot/dot_fp8_e5m2_fp8_e5m2_fp32_1x64x8_1x4x4_neonfp8dot4/128/88/real_time",,,,,,,,false,"Unsupported hardware",8,1,64,,,,4,1,4
"dot/dot_fp8_e5m2_fp8_e5m2_fp32_1x64x8_1x4x4_neonfp8dot4/128/136/real_time",,,,,,,,false,"Unsupported hardware",8,1,64,,,,4,1,4
"dot/dot_fp8_e5m2_fp8_e5m2_fp32_1x64x8_1x4x4_neonfp8dot4/128/184/real_time",,,,,,,,false,"Unsupported hardware",8,1,64,,,,4,1,4
"dot/dot_fp8_e5m2_fp8_e5m2_fp32_1x64x8_1x4x4_neonfp8dot4/256/8/real_time",,,,,,,,false,"Unsupported hardware",8,1,64,,,,4,1,4
"dot/dot_fp8_e5m2_fp8_e5m2_fp32_1x64x8_1x4x4_neonfp8dot4/256/16/real_time",,,,,,,,false,"Unsupported hardware",8,1,64,,,,4,1,4
"dot/dot_fp8_e5m2_fp8_e5m2_fp32_1x64x8_1x4x4_neonfp8dot4/256/40/real_time",,,,,,,,false,"Unsupported hardware",8,1,64,,,,4,1,4
"dot/dot_fp8_e5m2_fp8_e5m2_fp32_1x64x8_1x4x4_neonfp8dot4/256/64/real_time",,,,,,,,false,"Unsupported hardware",8,1,64,,,,4,1,4
"dot/dot_fp8_e5m2_fp8_e5m2_fp32_1x64x8_1x4x4_neonfp8dot4/256/88/real_time",,,,,,,,false,"Unsupported hardware",8,1,64,,,,4,1,4
"dot/dot_fp8_e5m2_fp8_e5m2_fp32_1x64x8_1x4x4_neonfp8dot4/512/8/real_time",,,,,,,,false,"Unsupported hardware",8,1,64,,,,4,1,4
"dot/dot_fp8_e5m2_fp8_e5m2_fp32_1x64x8_1x4x4_neonfp8dot4/512/16/real_time",,,,,,,,false,"Unsupported hardware",8,1,64,,,,4,1,4
"dot/dot_fp8_e5m2_fp8_e5m2_fp32_1x64x8_1x4x4_neonfp8dot4/512/24/real_time",,,,,,,,false,"Unsupported hardware",8,1,64,,,,4,1,4
"dot/dot_fp8_e5m2_fp8_e5m2_fp32_1x64x8_1x4x4_neonfp8dot4/512/40/real_time",,,,,,,,false,"Unsupported hardware",8,1,64,,,,4,1,4
"dot/dot_fp8_e5m2_fp8_e5m2_fp32_1x32x8_1x4x4_neonfp8dot4/32/8/real_time",,,,,,,,false,"Unsupported hardware",8,1,32,,,,4,1,4
"dot/dot_fp8_e5m2_fp8_e5m2_fp32_1x32x8_1x4x4_neonfp8dot4/32/184/real_time",,,,,,,,false,"Unsupported hardware",8,1,32,,,,4,1,4
"dot/dot_fp8_e5m2_fp8_e5m2_fp32_1x32x8_1x4x4_neonfp8dot4/32/368/real_time",,,,,,,,false,"Unsupported hardware",8,1,32,,,,4,1,4
"dot/dot_fp8_e5m2_fp8_e5m2_fp32_1x32x8_1x4x4_neonfp8dot4/32/552/real_time",,,,,,,,false,"Unsupported hardware",8,1,32,,,,4,1,4
"dot/dot_fp8_e5m2_fp8_e5m2_fp32_1x32x8_1x4x4_neonfp8dot4/32/736/real_time",,,,,,,,false,"Unsupported hardware",8,1,32,,,,4,1,4
"dot/dot_fp8_e5m2_fp8_e5m2_fp32_1x32x8_1x4x4_neonfp8dot4/64/8/real_time",,,,,,,,false,"Unsupported hardware",8,1,32,,,,4,1,4
"dot/dot_fp8_e5m2_fp8_e5m2_fp32_1x32x8_1x4x4_neonfp8dot4/64/88/real_time",,,,,,,,false,"Unsupported hardware",8,1,32,,,,4,1,4
"dot/dot_fp8_e5m2_fp8_e5m2_fp32_1x32x8_1x4x4_neonfp8dot4/64/184/real_time",,,,,,,,false,"Unsupported hardware",8,1,32,,,,4,1,4
"dot/dot_fp8_e5m2_fp8_e5m2_fp32_1x32x8_1x4x4_neonfp8dot4/64/272/real_time",,,,,,,,false,"Unsupported hardware",8,1,32,,,,4,1,4
"dot/dot_fp8_e5m2_fp8_e5m2_fp32_1x32x8_1x4x4_neonfp8dot4/64/368/real_time",,,,,,,,false,"Unsupported hardware",8,1,32,,,,4,1,4
"dot/dot_fp8_e5m2_fp8_e5m2_fp32_1x32x8_1x4x4_neonfp8dot4/128/8/real_time",,,,,,,,false,"Unsupported hardware",8,1,32,,,,4,1,4
"dot/dot_fp8_e5m2_fp8_e5m2_fp32_1x32x8_1x4x4_neonfp8dot4/128/40/real_time",,,,,,,,false,"Unsupported hardware",8,1,32,,,,4,1,4
"dot/dot_fp8_e5m2_fp8_e5m2_fp32_1x32x8_1x4x4_neonfp8dot4/128/88/real_time",,,,,,,,false,"Unsupported hardware",8,1,32,,,,4,1,4
"dot/dot_fp8_e5m2_fp8_e5m2_fp32_1x32x8_1x4x4_neonfp8dot4/128/136/real_time",,,,,,,,false,"Unsupported hardware",8,1,32,,,,4,1,4
"dot/dot_fp8_e5m2_fp8_e5m2_fp32_1x32x8_1x4x4_neonfp8dot4/128/184/real_time",,,,,,,,false,"Unsupported hardware",8,1,32,,,,4,1,4
"dot/dot_fp8_e5m2_fp8_e5m2_fp32_1x32x8_1x4x4_neonfp8dot4/256/8/real_time",,,,,,,,false,"Unsupported hardware",8,1,32,,,,4,1,4
"dot/dot_fp8_e5m2_fp8_e5m2_fp32_1x32x8_1x4x4_neonfp8dot4/256/16/real_time",,,,,,,,false,"Unsupported hardware",8,1,32,,,,4,1,4
"dot/dot_fp8_e5m2_fp8_e5m2_fp32_1x32x8_1x4x4_neonfp8dot4/256/40/real_time",,,,,,,,false,"Unsupported hardware",8,1,32,,,,4,1,4
"dot/dot_fp8_e5m2_fp8_e5m2_fp32_1x32x8_1x4x4_neonfp8dot4/256/64/real_time",,,,,,,,false,"Unsupported hardware",8,1,32,,,,4,1,4
"dot/dot_fp8_e5m2_fp8_e5m2_fp32_1x32x8_1x4x4_neonfp8dot4/256/88/real_time",,,,,,,,false,"Unsupported hardware",8,1,32,,,,4,1,4
"dot/dot_fp8_e5m2_fp8_e5m2_fp32_2x32x8_1x4x4_neonfp8dot4/32/8/real_time",,,,,,,,false,"Unsupported hardware",8,2,32,,,,4,1,4
"dot/dot_fp8_e5m2_fp8_e5m2_fp32_2x32x8_1x4x4_neonfp8dot4/32/176/real_time",,,,,,,,false,"Unsupported hardware",8,2,32,,,,4,1,4
"dot/dot_fp8_e5m2_fp8_e5m2_fp32_2x32x8_1x4x4_neonfp8dot4/32/352/real_time",,,,,,,,false,"Unsupported hardware",8,2,32,,,,4,1,4
"dot/dot_fp8_e5m2_fp8_e5m2_fp32_2x32x8_1x4x4_neonfp8dot4/32/528/real_time",,,,,,,,false,"Unsupported hardware",8,2,32,,,,4,1,4
"dot/dot_fp8_e5m2_fp8_e5m2_fp32_2x32x8_1x4x4_neonfp8dot4/32/712/real_time",,,,,,,,false,"Unsupported hardware",8,2,32,,,,4,1,4
"dot/dot_fp8_e5m2_fp8_e5m2_fp32_2x32x8_1x4x4_neonfp8dot4/64/8/real_time",,,,,,,,false,"Unsupported hardware",8,2,32,,,,4,1,4
"dot/dot_fp8_e5m2_fp8_e5m2_fp32_2x32x8_1x4x4_neonfp8dot4/64/88/real_time",,,,,,,,false,"Unsupported hardware",8,2,32,,,,4,1,4
"dot/dot_fp8_e5m2_fp8_e5m2_fp32_2x32x8_1x4x4_neonfp8dot4/64/176/real_time",,,,,,,,false,"Unsupported hardware",8,2,32,,,,4,1,4
"dot/dot_fp8_e5m2_fp8_e5m2_fp32_2x32x8_1x4x4_neonfp8dot4/64/264/real_time",,,,,,,,false,"Unsupported hardware",8,2,32,,,,4,1,4
"dot/dot_fp8_e5m2_fp8_e5m2_fp32_2x32x8_1x4x4_neonfp8dot4/64/360/real_time",,,,,,,,false,"Unsupported hardware",8,2,32,,,,4,1,4
"dot/dot_fp8_e5m2_fp8_e5m2_fp32_2x32x8_1x4x4_neonfp8dot4/128/8/real_time",,,,,,,,false,"Unsupported hardware",8,2,32,,,,4,1,4
"dot/dot_fp8_e5m2_fp8_e5m2_fp32_2x32x8_1x4x4_neonfp8dot4/128/40/real_time",,,,,,,,false,"Unsupported hardware",8,2,32,,,,4,1,4
"dot/dot_fp8_e5m2_fp8_e5m2_fp32_2x32x8_1x4x4_neonfp8dot4/128/88/real_time",,,,,,,,false,"Unsupported hardware",8,2,32,,,,4,1,4
"dot/dot_fp8_e5m2_fp8_e5m2_fp32_2x32x8_1x4x4_neonfp8dot4/128/128/real_time",,,,,,,,false,"Unsupported hardware",8,2,32,,,,4,1,4
"dot/dot_fp8_e5m2_fp8_e5m2_fp32_2x32x8_1x4x4_neonfp8dot4/128/176/real_time",,,,,,,,false,"Unsupported hardware",8,2,32,,,,4,1,4
"dot/dot_fp8_e5m2_fp8_e5m2_fp32_2x32x8_1x4x4_neonfp8dot4/256/8/real_time",,,,,,,,false,"Unsupported hardware",8,2,32,,,,4,1,4
"dot/dot_fp8_e5m2_fp8_e5m2_fp32_2x32x8_1x4x4_neonfp8dot4/256/16/real_time",,,,,,,,false,"Unsupported hardware",8,2,32,,,,4,1,4
"dot/dot_fp8_e5m2_fp8_e5m2_fp32_2x32x8_1x4x4_neonfp8dot4/256/40/real_time",,,,,,,,false,"Unsupported hardware",8,2,32,,,,4,1,4
"dot/dot_fp8_e5m2_fp8_e5m2_fp32_2x32x8_1x4x4_neonfp8dot4/256/56/real_time",,,,,,,,false,"Unsupported hardware",8,2,32,,,,4,1,4
"dot/dot_fp8_e5m2_fp8_e5m2_fp32_2x32x8_1x4x4_neonfp8dot4/256/80/real_time",,,,,,,,false,"Unsupported hardware",8,2,32,,,,4,1,4
"dot/dot_fp8_e5m2_fp8_e5m2_fp32_3x32x8_1x4x4_neonfp8dot4/32/8/real_time",,,,,,,,false,"Unsupported hardware",8,3,32,,,,4,1,4
"dot/dot_fp8_e5m2_fp8_e5m2_fp32_3x32x8_1x4x4_neonfp8dot4/32/168/real_time",,,,,,,,false,"Unsupported hardware",8,3,32,,,,4,1,4
"dot/dot_fp8_e5m2_fp8_e5m2_fp32_3x32x8_1x4x4_neonfp8dot4/32/344/real_time",,,,,,,,false,"Unsupported hardware",8,3,32,,,,4,1,4
"dot/dot_fp8_e5m2_fp8_e5m2_fp32_3x32x8_1x4x4_neonfp8dot4/32/512/real_time",,,,,,,,false,"Unsupported hardware",8,3,32,,,,4,1,4
"dot/dot_fp8_e5m2_fp8_e5m2_fp32_3x32x8_1x4x4_neonfp8dot4/32/688/real_time",,,,,,,,false,"Unsupported hardware",8,3,32,,,,4,1,4
"dot/dot_fp8_e5m2_fp8_e5m2_fp32_3x32x8_1x4x4_neonfp8dot4/64/8/real_time",,,,,,,,false,"Unsupported hardware",8,3,32,,,,4,1,4
"dot/dot_fp8_e5m2_fp8_e5m2_fp32_3x32x8_1x4x4_neonfp8dot4/64/88/real_time",,,,,,,,false,"Unsupported hardware",8,3,32,,,,4,1,4
"dot/dot_fp8_e5m2_fp8_e5m2_fp32_3x32x8_1x4x4_neonfp8dot4/64/176/real_time",,,,,,,,false,"Unsupported hardware",8,3,32,,,,4,1,4
"dot/dot_fp8_e5m2_fp8_e5m2_fp32_3x32x8_1x4x4_neonfp8dot4/64/264/real_time",,,,,,,,false,"Unsupported hardware",8,3,32,,,,4,1,4
"dot/dot_fp8_e5m2_fp8_e5m2_fp32_3x32x8_1x4x4_neonfp8dot4/64/352/real_time",,,,,,,,false,"Unsupported hardware",8,3,32,,,,4,1,4
"dot/dot_fp8_e5m2_fp8_e5m2_fp32_3x32x8_1x4x4_neonfp8dot4/128/8/real_time",,,,,,,,false,"Unsupported hardware",8,3,32,,,,4,1,4
"dot/dot_fp8_e5m2_fp8_e5m2_fp32_3x32x8_1x4x4_neonfp8dot4/128/40/real_time",,,,,,,,false,"Unsupported hardware",8,3,32,,,,4,1,4
"dot/dot_fp8_e5m2_fp8_e5m2_fp32_3x32x8_1x4x4_neonfp8dot4/128/80/real_time",,,,,,,,false,"Unsupported hardware",8,3,32,,,,4,1,4
"dot/dot_fp8_e5m2_fp8_e5m2_fp32_3x32x8_1x4x4_neonfp8dot4/128/120/real_time",,,,,,,,false,"Unsupported hardware",8,3,32,,,,4,1,4
"dot/dot_fp8_e5m2_fp8_e5m2_fp32_3x32x8_1x4x4_neonfp8dot4/128/168/real_time",,,,,,,,false,"Unsupported hardware",8,3,32,,,,4,1,4
"dot/dot_fp8_e5m2_fp8_e5m2_fp32_3x32x8_1x4x4_neonfp8dot4/256/8/real_time",,,,,,,,false,"Unsupported hardware",8,3,32,,,,4,1,4
"dot/dot_fp8_e5m2_fp8_e5m2_fp32_3x32x8_1x4x4_neonfp8dot4/256/16/real_time",,,,,,,,false,"Unsupported hardware",8,3,32,,,,4,1,4
"dot/dot_fp8_e5m2_fp8_e5m2_fp32_3x32x8_1x4x4_neonfp8dot4/256/40/real_time",,,,,,,,false,"Unsupported hardware",8,3,32,,,,4,1,4
"dot/dot_fp8_e5m2_fp8_e5m2_fp32_3x32x8_1x4x4_neonfp8dot4/256/56/real_time",,,,,,,,false,"Unsupported hardware",8,3,32,,,,4,1,4
"dot/dot_fp8_e5m2_fp8_e5m2_fp32_3x32x8_1x4x4_neonfp8dot4/256/80/real_time",,,,,,,,false,"Unsupported hardware",8,3,32,,,,4,1,4
"dot/dot_fp8_e5m2_fp8_e5m2_fp32_1x16x8_1x4x4_neonfp8dot4/16/8/real_time",,,,,,,,false,"Unsupported hardware",8,1,16,,,,4,1,4
"dot/dot_fp8_e5m2_fp8_e5m2_fp32_1x16x8_1x4x4_neonfp8dot4/16/360/real_time",,,,,,,,false,"Unsupported hardware",8,1,16,,,,4,1,4
"dot/dot_fp8_e5m2_fp8_e5m2_fp32_1x16x8_1x4x4_neonfp8dot4/16/720/real_time",,,,,,,,false,"Unsupported hardware",8,1,16,,,,4,1,4
"dot/dot_fp8_e5m2_fp8_e5m2_fp32_1x16x8_1x4x4_neonfp8dot4/16/1080/real_time",,,,,,,,false,"Unsupported hardware",8,1,16,,,,4,1,4
"dot/dot_fp8_e5m2_fp8_e5m2_fp32_1x16x8_1x4x4_neonfp8dot4/16/1440/real_time",,,,,,,,false,"Unsupported hardware",8,1,16,,,,4,1,4
"dot/dot_fp8_e5m2_fp8_e5m2_fp32_1x16x8_1x4x4_neonfp8dot4/32/8/real_time",,,,,,,,false,"Unsupported hardware",8,1,16,,,,4,1,4
"dot/dot_fp8_e5m2_fp8_e5m2_fp32_1x16x8_1x4x4_neonfp8dot4/32/184/real_time",,,,,,,,false,"Unsupported hardware",8,1,16,,,,4,1,4
"dot/dot_fp8_e5m2_fp8_e5m2_fp32_1x16x8_1x4x4_neonfp8dot4/32/368/real_time",,,,,,,,false,"Unsupported hardware",8,1,16,,,,4,1,4
"dot/dot_fp8_e5m2_fp8_e5m2_fp32_1x16x8_1x4x4_neonfp8dot4/32/552/real_time",,,,,,,,false,"Unsupported hardware",8,1,16,,,,4,1,4
"dot/dot_fp8_e5m2_fp8_e5m2_fp32_1x16x8_1x4x4_neonfp8dot4/32/736/real_time",,,,,,,,false,"Unsupported hardware",8,1,16,,,,4,1,4
"dot/dot_fp8_e5m2_fp8_e5m2_fp32_1x16x8_1x4x4_neonfp8dot4/64/8/real_time",,,,,,,,false,"Unsupported hardware",8,1,16,,,,4,1,4
"dot/dot_fp8_e5m2_fp8_e5m2_fp32_1x16x8_1x4x4_neonfp8dot4/64/88/real_time",,,,,,,,false,"Unsupported hardware",8,1,16,,,,4,1,4
"dot/dot_fp8_e5m2_fp8_e5m2_fp32_1x16x8_1x4x4_neonfp8dot4/64/184/real_time",,,,,,,,false,"Unsupported hardware",8,1,16,,,,4,1,4
"dot/dot_fp8_e5m2_fp8_e5m2_fp32_1x16x8_1x4x4_neonfp8dot4/64/272/real_time",,,,,,,,false,"Unsupported hardware",8,1,16,,,,4,1,4
"dot/dot_fp8_e5m2_fp8_e5m2_fp32_1x16x8_1x4x4_neonfp8dot4/64/368/real_time",,,,,,,,false,"Unsupported hardware",8,1,16,,,,4,1,4
"dot/dot_fp8_e5m2_fp8_e5m2_fp32_1x16x8_1x4x4_neonfp8dot4/128/8/real_time",,,,,,,,false,"Unsupported hardware",8,1,16,,,,4,1,4
"dot/dot_fp8_e5m2_fp8_e5m2_fp32_1x16x8_1x4x4_neonfp8dot4/128/40/real_time",,,,,,,,false,"Unsupported hardware",8,1,16,,,,4,1,4
"dot/dot_fp8_e5m2_fp8_e5m2_fp32_1x16x8_1x4x4_neonfp8dot4/128/88/real_time",,,,,,,,false,"Unsupported hardware",8,1,16,,,,4,1,4
"dot/dot_fp8_e5m2_fp8_e5m2_fp32_1x16x8_1x4x4_neonfp8dot4/128/136/real_time",,,,,,,,false,"Unsupported hardware",8,1,16,,,,4,1,4
"dot/dot_fp8_e5m2_fp8_e5m2_fp32_1x16x8_1x4x4_neonfp8dot4/128/184/real_time",,,,,,,,false,"Unsupported hardware",8,1,16,,,,4,1,4
"dot/dot_fp8_e5m2_fp8_e5m2_fp32_2x16x8_1x4x4_neonfp8dot4/16/8/real_time",,,,,,,,false,"Unsupported hardware",8,2,16,,,,4,1,4
"dot/dot_fp8_e5m2_fp8_e5m2_fp32_2x16x8_1x4x4_neonfp8dot4/16/336/real_time",,,,,,,,false,"Unsupported hardware",8,2,16,,,,4,1,4
"dot/dot_fp8_e5m2_fp8_e5m2_fp32_2x16x8_1x4x4_neonfp8dot4/16/672/real_time",,,,,,,,false,"Unsupported hardware",8,2,16,,,,4,1,4
"dot/dot_fp8_e5m2_fp8_e5m2_fp32_2x16x8_1x4x4_neonfp8dot4/16/1008/real_time",,,,,,,,false,"Unsupported hardware",8,2,16,,,,4,1,4
"dot/dot_fp8_e5m2_fp8_e5m2_fp32_2x16x8_1x4x4_neonfp8dot4/16/1352/real_time",,,,,,,,false,"Unsupported hardware",8,2,16,,,,4,1,4
"dot/dot_fp8_e5m2_fp8_e5m2_fp32_2x16x8_1x4x4_neonfp8dot4/32/8/real_time",,,,,,,,false,"Unsupported hardware",8,2,16,,,,4,1,4
"dot/dot_fp8_e5m2_fp8_e5m2_fp32_2x16x8_1x4x4_neonfp8dot4/32/176/real_time",,,,,,,,false,"Unsupported hardware",8,2,16,,,,4,1,4
"dot/dot_fp8_e5m2_fp8_e5m2_fp32_2x16x8_1x4x4_neonfp8dot4/32/352/real_time",,,,,,,,false,"Unsupported hardware",8,2,16,,,,4,1,4
"dot/dot_fp8_e5m2_fp8_e5m2_fp32_2x16x8_1x4x4_neonfp8dot4/32/528/real_time",,,,,,,,false,"Unsupported hardware",8,2,16,,,,4,1,4
"dot/dot_fp8_e5m2_fp8_e5m2_fp32_2x16x8_1x4x4_neonfp8dot4/32/712/real_time",,,,,,,,false,"Unsupported hardware",8,2,16,,,,4,1,4
"dot/dot_fp8_e5m2_fp8_e5m2_fp32_2x16x8_1x4x4_neonfp8dot4/64/8/real_time",,,,,,,,false,"Unsupported hardware",8,2,16,,,,4,1,4
"dot/dot_fp8_e5m2_fp8_e5m2_fp32_2x16x8_1x4x4_neonfp8dot4/64/88/real_time",,,,,,,,false,"Unsupported hardware",8,2,16,,,,4,1,4
"dot/dot_fp8_e5m2_fp8_e5m2_fp32_2x16x8_1x4x4_neonfp8dot4/64/176/real_time",,,,,,,,false,"Unsupported hardware",8,2,16,,,,4,1,4
"dot/dot_fp8_e5m2_fp8_e5m2_fp32_2x16x8_1x4x4_neonfp8dot4/64/264/real_time",,,,,,,,false,"Unsupported hardware",8,2,16,,,,4,1,4
"dot/dot_fp8_e5m2_fp8_e5m2_fp32_2x16x8_1x4x4_neonfp8dot4/64/360/real_time",,,,,,,,false,"Unsupported hardware",8,2,16,,,,4,1,4
"dot/dot_fp8_e5m2_fp8_e5m2_fp32_2x16x8_1x4x4_neonfp8dot4/128/8/real_time",,,,,,,,false,"Unsupported hardware",8,2,16,,,,4,1,4
"dot/dot_fp8_e5m2_fp8_e5m2_fp32_2x16x8_1x4x4_neonfp8dot4/128/40/real_time",,,,,,,,false,"Unsupported hardware",8,2,16,,,,4,1,4
"dot/dot_fp8_e5m2_fp8_e5m2_fp32_2x16x8_1x4x4_neonfp8dot4/128/88/real_time",,,,,,,,false,"Unsupported hardware",8,2,16,,,,4,1,4
"dot/dot_fp8_e5m2_fp8_e5m2_fp32_2x16x8_1x4x4_neonfp8dot4/128/128/real_time",,,,,,,,false,"Unsupported hardware",8,2,16,,,,4,1,4
"dot/dot_fp8_e5m2_fp8_e5m2_fp32_2x16x8_1x4x4_neonfp8dot4/128/176/real_time",,,,,,,,false,"Unsupported hardware",8,2,16,,,,4,1,4
"dot/dot_fp8_e5m2_fp8_e5m2_fp32_3x16x8_1x4x4_neonfp8dot4/16/8/real_time",,,,,,,,false,"Unsupported hardware",8,3,16,,,,4,1,4
"dot/dot_fp8_e5m2_fp8_e5m2_fp32_3x16x8_1x4x4_neonfp8dot4/16/320/real_time",,,,,,,,false,"Unsupported hardware",8,3,16,,,,4,1,4
"dot/dot_fp8_e5m2_fp8_e5m2_fp32_3x16x8_1x4x4_neonfp8dot4/16/640/real_time",,,,,,,,false,"Unsupported hardware",8,3,16,,,,4,1,4
"dot/dot_fp8_e5m2_fp8_e5m2_fp32_3x16x8_1x4x4_neonfp8dot4/16/960/real_time",,,,,,,,false,"Unsupported hardware",8,3,16,,,,4,1,4
"dot/dot_fp8_e5m2_fp8_e5m2_fp32_3x16x8_1x4x4_neonfp8dot4/16/1280/real_time",,,,,,,,false,"Unsupported hardware",8,3,16,,,,4,1,4
"dot/dot_fp8_e5m2_fp8_e5m2_fp32_3x16x8_1x4x4_neonfp8dot4/32/8/real_time",,,,,,,,false,"Unsupported hardware",8,3,16,,,,4,1,4
"dot/dot_fp8_e5m2_fp8_e5m2_fp32_3x16x8_1x4x4_neonfp8dot4/32/168/real_time",,,,,,,,false,"Unsupported hardware",8,3,16,,,,4,1,4
"dot/dot_fp8_e5m2_fp8_e5m2_fp32_3x16x8_1x4x4_neonfp8dot4/32/344/real_time",,,,,,,,false,"Unsupported hardware",8,3,16,,,,4,1,4
"dot/dot_fp8_e5m2_fp8_e5m2_fp32_3x16x8_1x4x4_neonfp8dot4/32/512/real_time",,,,,,,,false,"Unsupported hardware",8,3,16,,,,4,1,4
"dot/dot_fp8_e5m2_fp8_e5m2_fp32_3x16x8_1x4x4_neonfp8dot4/32/688/real_time",,,,,,,,false,"Unsupported hardware",8,3,16,,,,4,1,4
"dot/dot_fp8_e5m2_fp8_e5m2_fp32_3x16x8_1x4x4_neonfp8dot4/64/8/real_time",,,,,,,,false,"Unsupported hardware",8,3,16,,,,4,1,4
"dot/dot_fp8_e5m2_fp8_e5m2_fp32_3x16x8_1x4x4_neonfp8dot4/64/88/real_time",,,,,,,,false,"Unsupported hardware",8,3,16,,,,4,1,4
"dot/dot_fp8_e5m2_fp8_e5m2_fp32_3x16x8_1x4x4_neonfp8dot4/64/176/real_time",,,,,,,,false,"Unsupported hardware",8,3,16,,,,4,1,4
"dot/dot_fp8_e5m2_fp8_e5m2_fp32_3x16x8_1x4x4_neonfp8dot4/64/264/real_time",,,,,,,,false,"Unsupported hardware",8,3,16,,,,4,1,4
"dot/dot_fp8_e5m2_fp8_e5m2_fp32_3x16x8_1x4x4_neonfp8dot4/64/352/real_time",,,,,,,,false,"Unsupported hardware",8,3,16,,,,4,1,4
"dot/dot_fp8_e5m2_fp8_e5m2_fp32_3x16x8_1x4x4_neonfp8dot4/128/8/real_time",,,,,,,,false,"Unsupported hardware",8,3,16,,,,4,1,4
"dot/dot_fp8_e5m2_fp8_e5m2_fp32_3x16x8_1x4x4_neonfp8dot4/128/40/real_time",,,,,,,,false,"Unsupported hardware",8,3,16,,,,4,1,4
"dot/dot_fp8_e5m2_fp8_e5m2_fp32_3x16x8_1x4x4_neonfp8dot4/128/80/real_time",,,,,,,,false,"Unsupported hardware",8,3,16,,,,4,1,4
"dot/dot_fp8_e5m2_fp8_e5m2_fp32_3x16x8_1x4x4_neonfp8dot4/128/120/real_time",,,,,,,,false,"Unsupported hardware",8,3,16,,,,4,1,4
"dot/dot_fp8_e5m2_fp8_e5m2_fp32_3x16x8_1x4x4_neonfp8dot4/128/168/real_time",,,,,,,,false,"Unsupported hardware",8,3,16,,,,4,1,4
"dot/dot_fp8_e5m2_fp8_e5m2_fp32_4x16x8_1x4x4_neonfp8dot4/16/8/real_time",,,,,,,,false,"Unsupported hardware",8,4,16,,,,4,1,4
"dot/dot_fp8_e5m2_fp8_e5m2_fp32_4x16x8_1x4x4_neonfp8dot4/16/304/real_time",,,,,,,,false,"Unsupported hardware",8,4,16,,,,4,1,4
"dot/dot_fp8_e5m2_fp8_e5m2_fp32_4x16x8_1x4x4_neonfp8dot4/16/608/real_time",,,,,,,,false,"Unsupported hardware",8,4,16,,,,4,1,4
"dot/dot_fp8_e5m2_fp8_e5m2_fp32_4x16x8_1x4x4_neonfp8dot4/16/912/real_time",,,,,,,,false,"Unsupported hardware",8,4,16,,,,4,1,4
"dot/dot_fp8_e5m2_fp8_e5m2_fp32_4x16x8_1x4x4_neonfp8dot4/16/1216/real_time",,,,,,,,false,"Unsupported hardware",8,4,16,,,,4,1,4
"dot/dot_fp8_e5m2_fp8_e5m2_fp32_4x16x8_1x4x4_neonfp8dot4/32/8/real_time",,,,,,,,false,"Unsupported hardware",8,4,16,,,,4,1,4
"dot/dot_fp8_e5m2_fp8_e5m2_fp32_4x16x8_1x4x4_neonfp8dot4/32/160/real_time",,,,,,,,false,"Unsupported hardware",8,4,16,,,,4,1,4
"dot/dot_fp8_e5m2_fp8_e5m2_fp32_4x16x8_1x4x4_neonfp8dot4/32/328/real_time",,,,,,,,false,"Unsupported hardware",8,4,16,,,,4,1,4
"dot/dot_fp8_e5m2_fp8_e5m2_fp32_4x16x8_1x4x4_neonfp8dot4/32/496/real_time",,,,,,,,false,"Unsupported hardware",8,4,16,,,,4,1,4
"dot/dot_fp8_e5m2_fp8_e5m2_fp32_4x16x8_1x4x4_neonfp8dot4/32/664/real_time",,,,,,,,false,"Unsupported hardware",8,4,16,,,,4,1,4
"dot/dot_fp8_e5m2_fp8_e5m2_fp32_4x16x8_1x4x4_neonfp8dot4/64/8/real_time",,,,,,,,false,"Unsupported hardware",8,4,16,,,,4,1,4
"dot/dot_fp8_e5m2_fp8_e5m2_fp32_4x16x8_1x4x4_neonfp8dot4/64/80/real_time",,,,,,,,false,"Unsupported hardware",8,4,16,,,,4,1,4
"dot/dot_fp8_e5m2_fp8_e5m2_fp32_4x16x8_1x4x4_neonfp8dot4/64/168/real_time",,,,,,,,false,"Unsupported hardware",8,4,16,,,,4,1,4
"dot/dot_fp8_e5m2_fp8_e5m2_fp32_4x16x8_1x4x4_neonfp8dot4/64/256/real_time",,,,,,,,false,"Unsupported hardware",8,4,16,,,,4,1,4
"dot/dot_fp8_e5m2_fp8_e5m2_fp32_4x16x8_1x4x4_neonfp8dot4/64/344/real_time",,,,,,,,false,"Unsupported hardware",8,4,16,,,,4,1,4
"dot/dot_fp8_e5m2_fp8_e5m2_fp32_4x16x8_1x4x4_neonfp8dot4/128/8/real_time",,,,,,,,false,"Unsupported hardware",8,4,16,,,,4,1,4
"dot/dot_fp8_e5m2_fp8_e5m2_fp32_4x16x8_1x4x4_neonfp8dot4/128/40/real_time",,,,,,,,false,"Unsupported hardware",8,4,16,,,,4,1,4
"dot/dot_fp8_e5m2_fp8_e5m2_fp32_4x16x8_1x4x4_neonfp8dot4/128/80/real_time",,,,,,,,false,"Unsupported hardware",8,4,16,,,,4,1,4
"dot/dot_fp8_e5m2_fp8_e5m2_fp32_4x16x8_1x4x4_neonfp8dot4/128/120/real_time",,,,,,,,false,"Unsupported hardware",8,4,16,,,,4,1,4
"dot/dot_fp8_e5m2_fp8_e5m2_fp32_4x16x8_1x4x4_neonfp8dot4/128/168/real_time",,,,,,,,false,"Unsupported hardware",8,4,16,,,,4,1,4
"dot/dot_fp8_e5m2_fp8_e5m2_fp32_5x16x8_1x4x4_neonfp8dot4/16/8/real_time",,,,,,,,false,"Unsupported hardware",8,5,16,,,,4,1,4
"dot/dot_fp8_e5m2_fp8_e5m2_fp32_5x16x8_1x4x4_neonfp8dot4/16/288/real_time",,,,,,,,false,"Unsupported hardware",8,5,16,,,,4,1,4
"dot/dot_fp8_e5m2_fp8_e5m2_fp32_5x16x8_1x4x4_neonfp8dot4/16/576/real_time",,,,,,,,false,"Unsupported hardware",8,5,16,,,,4,1,4
"dot/dot_fp8_e5m2_fp8_e5m2_fp32_5x16x8_1x4x4_neonfp8dot4/16/864/real_time",,,,,,,,false,"Unsupported hardware",8,5,16,,,,4,1,4
"dot/dot_fp8_e5m2_fp8_e5m2_fp32_5x16x8_1x4x4_neonfp8dot4/16/1152/real_time",,,,,,,,false,"Unsupported hardware",8,5,16,,,,4,1,4
"dot/dot_fp8_e5m2_fp8_e5m2_fp32_5x16x8_1x4x4_neonfp8dot4/32/8/real_time",,,,,,,,false,"Unsupported hardware",8,5,16,,,,4,1,4
"dot/dot_fp8_e5m2_fp8_e5m2_fp32_5x16x8_1x4x4_neonfp8dot4/32/160/real_time",,,,,,,,false,"Unsupported hardware",8,5,16,,,,4,1,4
"dot/dot_fp8_e5m2_fp8_e5m2_fp32_5x16x8_1x4x4_neonfp8dot4/32/320/real_time",,,,,,,,false,"Unsupported hardware",8,5,16,,,,4,1,4
"dot/dot_fp8_e5m2_fp8_e5m2_fp32_5x16x8_1x4x4_neonfp8dot4/32/480/real_time",,,,,,,,false,"Unsupported hardware",8,5,16,,,,4,1,4
"dot/dot_fp8_e5m2_fp8_e5m2_fp32_5x16x8_1x4x4_neonfp8dot4/32/640/real_time",,,,,,,,false,"Unsupported hardware",8,5,16,,,,4,1,4
"dot/dot_fp8_e5m2_fp8_e5m2_fp32_5x16x8_1x4x4_neonfp8dot4/64/8/real_time",,,,,,,,false,"Unsupported hardware",8,5,16,,,,4,1,4
"dot/dot_fp8_e5m2_fp8_e5m2_fp32_5x16x8_1x4x4_neonfp8dot4/64/80/real_time",,,,,,,,false,"Unsupported hardware",8,5,16,,,,4,1,4
"dot/dot_fp8_e5m2_fp8_e5m2_fp32_5x16x8_1x4x4_neonfp8dot4/64/168/real_time",,,,,,,,false,"Unsupported hardware",8,5,16,,,,4,1,4
"dot/dot_fp8_e5m2_fp8_e5m2_fp32_5x16x8_1x4x4_neonfp8dot4/64/248/real_time",,,,,,,,false,"Unsupported hardware",8,5,16,,,,4,1,4
"dot/dot_fp8_e5m2_fp8_e5m2_fp32_5x16x8_1x4x4_neonfp8dot4/64/336/real_time",,,,,,,,false,"Unsupported hardware",8,5,16,,,,4,1,4
"dot/dot_fp8_e5m2_fp8_e5m2_fp32_5x16x8_1x4x4_neonfp8dot4/128/8/real_time",,,,,,,,false,"Unsupported hardware",8,5,16,,,,4,1,4
"dot/dot_fp8_e5m2_fp8_e5m2_fp32_5x16x8_1x4x4_neonfp8dot4/128/40/real_time",,,,,,,,false,"Unsupported hardware",8,5,16,,,,4,1,4
"dot/dot_fp8_e5m2_fp8_e5m2_fp32_5x16x8_1x4x4_neonfp8dot4/128/80/real_time",,,,,,,,false,"Unsupported hardware",8,5,16,,,,4,1,4
"dot/dot_fp8_e5m2_fp8_e5m2_fp32_5x16x8_1x4x4_neonfp8dot4/128/120/real_time",,,,,,,,false,"Unsupported hardware",8,5,16,,,,4,1,4
"dot/dot_fp8_e5m2_fp8_e5m2_fp32_5x16x8_1x4x4_neonfp8dot4/128/160/real_time",,,,,,,,false,"Unsupported hardware",8,5,16,,,,4,1,4
"dot/dot_fp8_e5m2_fp8_e5m2_fp32_1x8x8_1x4x4_neonfp8dot4/8/8/real_time",,,,,,,,false,"Unsupported hardware",8,1,8,,,,4,1,4
"dot/dot_fp8_e5m2_fp8_e5m2_fp32_1x8x8_1x4x4_neonfp8dot4/8/680/real_time",,,,,,,,false,"Unsupported hardware",8,1,8,,,,4,1,4
"dot/dot_fp8_e5m2_fp8_e5m2_fp32_1x8x8_1x4x4_neonfp8dot4/8/1360/real_time",,,,,,,,false,"Unsupported hardware",8,1,8,,,,4,1,4
"dot/dot_fp8_e5m2_fp8_e5m2_fp32_1x8x8_1x4x4_neonfp8dot4/8/2040/real_time",,,,,,,,false,"Unsupported hardware",8,1,8,,,,4,1,4
"dot/dot_fp8_e5m2_fp8_e5m2_fp32_1x8x8_1x4x4_neonfp8dot4/8/2720/real_time",,,,,,,,false,"Unsupported hardware",8,1,8,,,,4,1,4
"dot/dot_fp8_e5m2_fp8_e5m2_fp32_1x8x8_1x4x4_neonfp8dot4/16/8/real_time",,,,,,,,false,"Unsupported hardware",8,1,8,,,,4,1,4
"dot/dot_fp8_e5m2_fp8_e5m2_fp32_1x8x8_1x4x4_neonfp8dot4/16/360/real_time",,,,,,,,false,"Unsupported hardware",8,1,8,,,,4,1,4
"dot/dot_fp8_e5m2_fp8_e5m2_fp32_1x8x8_1x4x4_neonfp8dot4/16/720/real_time",,,,,,,,false,"Unsupported hardware",8,1,8,,,,4,1,4
"dot/dot_fp8_e5m2_fp8_e5m2_fp32_1x8x8_1x4x4_neonfp8dot4/16/1080/real_time",,,,,,,,false,"Unsupported hardware",8,1,8,,,,4,1,4
"dot/dot_fp8_e5m2_fp8_e5m2_fp32_1x8x8_1x4x4_neonfp8dot4/16/1440/real_time",,,,,,,,false,"Unsupported hardware",8,1,8,,,,4,1,4
"dot/dot_fp8_e5m2_fp8_e5m2_fp32_1x8x8_1x4x4_neonfp8dot4/32/8/real_time",,,,,,,,false,"Unsupported hardware",8,1,8,,,,4,1,4
"dot/dot_fp8_e5m2_fp8_e5m2_fp32_1x8x8_1x4x4_neonfp8dot4/32/184/real_time",,,,,,,,false,"Unsupported hardware",8,1,8,,,,4,1,4
"dot/dot_fp8_e5m2_fp8_e5m2_fp32_1x8x8_1x4x4_neonfp8dot4/32/368/real_time",,,,,,,,false,"Unsupported hardware",8,1,8,,,,4,1,4
"dot/dot_fp8_e5m2_fp8_e5m2_fp32_1x8x8_1x4x4_neonfp8dot4/32/552/real_time",,,,,,,,false,"Unsupported hardware",8,1,8,,,,4,1,4
"dot/dot_fp8_e5m2_fp8_e5m2_fp32_1x8x8_1x4x4_neonfp8dot4/32/736/real_time",,,,,,,,false,"Unsupported hardware",8,1,8,,,,4,1,4
"dot/dot_fp8_e5m2_fp8_e5m2_fp32_1x8x8_1x4x4_neonfp8dot4/64/8/real_time",,,,,,,,false,"Unsupported hardware",8,1,8,,,,4,1,4
"dot/dot_fp8_e5m2_fp8_e5m2_fp32_1x8x8_1x4x4_neonfp8dot4/64/88/real_time",,,,,,,,false,"Unsupported hardware",8,1,8,,,,4,1,4
"dot/dot_fp8_e5m2_fp8_e5m2_fp32_1x8x8_1x4x4_neonfp8dot4/64/184/real_time",,,,,,,,false,"Unsupported hardware",8,1,8,,,,4,1,4
"dot/dot_fp8_e5m2_fp8_e5m2_fp32_1x8x8_1x4x4_neonfp8dot4/64/272/real_time",,,,,,,,false,"Unsupported hardware",8,1,8,,,,4,1,4
"dot/dot_fp8_e5m2_fp8_e5m2_fp32_1x8x8_1x4x4_neonfp8dot4/64/368/real_time",,,,,,,,false,"Unsupported hardware",8,1,8,,,,4,1,4
"dot/dot_fp8_e5m2_fp8_e5m2_fp32_8x8x8_1x4x4_neonfp8dot4/8/8/real_time",,,,,,,,false,"Unsupported hardware",8,8,8,,,,4,1,4
"dot/dot_fp8_e5m2_fp8_e5m2_fp32_8x8x8_1x4x4_neonfp8dot4/8/376/real_time",,,,,,,,false,"Unsupported hardware",8,8,8,,,,4,1,4
"dot/dot_fp8_e5m2_fp8_e5m2_fp32_8x8x8_1x4x4_neonfp8dot4/8/760/real_time",,,,,,,,false,"Unsupported hardware",8,8,8,,,,4,1,4
"dot/dot_fp8_e5m2_fp8_e5m2_fp32_8x8x8_1x4x4_neonfp8dot4/8/1136/real_time",,,,,,,,false,"Unsupported hardware",8,8,8,,,,4,1,4
"dot/dot_fp8_e5m2_fp8_e5m2_fp32_8x8x8_1x4x4_neonfp8dot4/8/1520/real_time",,,,,,,,false,"Unsupported hardware",8,8,8,,,,4,1,4
"dot/dot_fp8_e5m2_fp8_e5m2_fp32_8x8x8_1x4x4_neonfp8dot4/16/8/real_time",,,,,,,,false,"Unsupported hardware",8,8,8,,,,4,1,4
"dot/dot_fp8_e5m2_fp8_e5m2_fp32_8x8x8_1x4x4_neonfp8dot4/16/248/real_time",,,,,,,,false,"Unsupported hardware",8,8,8,,,,4,1,4
"dot/dot_fp8_e5m2_fp8_e5m2_fp32_8x8x8_1x4x4_neonfp8dot4/16/496/real_time",,,,,,,,false,"Unsupported hardware",8,8,8,,,,4,1,4
"dot/dot_fp8_e5m2_fp8_e5m2_fp32_8x8x8_1x4x4_neonfp8dot4/16/744/real_time",,,,,,,,false,"Unsupported hardware",8,8,8,,,,4,1,4
"dot/dot_fp8_e5m2_fp8_e5m2_fp32_8x8x8_1x4x4_neonfp8dot4/16/1000/real_time",,,,,,,,false,"Unsupported hardware",8,8,8,,,,4,1,4
"dot/dot_fp8_e5m2_fp8_e5m2_fp32_8x8x8_1x4x4_neonfp8dot4/32/8/real_time",,,,,,,,false,"Unsupported hardware",8,8,8,,,,4,1,4
"dot/dot_fp8_e5m2_fp8_e5m2_fp32_8x8x8_1x4x4_neonfp8dot4/32/144/real_time",,,,,,,,false,"Unsupported hardware",8,8,8,,,,4,1,4
"dot/dot_fp8_e5m2_fp8_e5m2_fp32_8x8x8_1x4x4_neonfp8dot4/32/288/real_time",,,,,,,,false,"Unsupported hardware",8,8,8,,,,4,1,4
"dot/dot_fp8_e5m2_fp8_e5m2_fp32_8x8x8_1x4x4_neonfp8dot4/32/432/real_time",,,,,,,,false,"Unsupported hardware",8,8,8,,,,4,1,4
"dot/dot_fp8_e5m2_fp8_e5m2_fp32_8x8x8_1x4x4_neonfp8dot4/32/584/real_time",,,,,,,,false,"Unsupported hardware",8,8,8,,,,4,1,4
"dot/dot_fp8_e5m2_fp8_e5m2_fp32_8x8x8_1x4x4_neonfp8dot4/64/8/real_time",,,,,,,,false,"Unsupported hardware",8,8,8,,,,4,1,4
"dot/dot_fp8_e5m2_fp8_e5m2_fp32_8x8x8_1x4x4_neonfp8dot4/64/72/real_time",,,,,,,,false,"Unsupported hardware",8,8,8,,,,4,1,4
"dot/dot_fp8_e5m2_fp8_e5m2_fp32_8x8x8_1x4x4_neonfp8dot4/64/152/real_time",,,,,,,,false,"Unsupported hardware",8,8,8,,,,4,1,4
"dot/dot_fp8_e5m2_fp8_e5m2_fp32_8x8x8_1x4x4_neonfp8dot4/64/232/real_time",,,,,,,,false,"Unsupported hardware",8,8,8,,,,4,1,4
"dot/dot_fp8_e5m2_fp8_e5m2_fp32_8x8x8_1x4x4_neonfp8dot4/64/312/real_time",,,,,,,,false,"Unsupported hardware",8,8,8,,,,4,1,4
"dot/dot_fp8_e5m2_fp8_e5m2_fp32_10x8x8_1x4x4_neonfp8dot4/8/8/real_time",,,,,,,,false,"Unsupported hardware",8,10,8,,,,4,1,4
"dot/dot_fp8_e5m2_fp8_e5m2_fp32_10x8x8_1x4x4_neonfp8dot4/8/336/real_time",,,,,,,,false,"Unsupported hardware",8,10,8,,,,4,1,4
"dot/dot_fp8_e5m2_fp8_e5m2_fp32_10x8x8_1x4x4_neonfp8dot4/8/672/real_time",,,,,,,,false,"Unsupported hardware",8,10,8,,,,4,1,4
"dot/dot_fp8_e5m2_fp8_e5m2_fp32_10x8x8_1x4x4_neonfp8dot4/8/1008/real_time",,,,,,,,false,"Unsupported hardware",8,10,8,,,,4,1,4
"dot/dot_fp8_e5m2_fp8_e5m2_fp32_10x8x8_1x4x4_neonfp8dot4/8/1344/real_time",,,,,,,,false,"Unsupported hardware",8,10,8,,,,4,1,4
"dot/dot_fp8_e5m2_fp8_e5m2_fp32_10x8x8_1x4x4_neonfp8dot4/16/8/real_time",,,,,,,,false,"Unsupported hardware",8,10,8,,,,4,1,4
"dot/dot_fp8_e5m2_fp8_e5m2_fp32_10x8x8_1x4x4_neonfp8dot4/16/224/real_time",,,,,,,,false,"Unsupported hardware",8,10,8,,,,4,1,4
"dot/dot_fp8_e5m2_fp8_e5m2_fp32_10x8x8_1x4x4_neonfp8dot4/16/456/real_time",,,,,,,,false,"Unsupported hardware",8,10,8,,,,4,1,4
"dot/dot_fp8_e5m2_fp8_e5m2_fp32_10x8x8_1x4x4_neonfp8dot4/16/688/real_time",,,,,,,,false,"Unsupported hardware",8,10,8,,,,4,1,4
"dot/dot_fp8_e5m2_fp8_e5m2_fp32_10x8x8_1x4x4_neonfp8dot4/16/920/real_time",,,,,,,,false,"Unsupported hardware",8,10,8,,,,4,1,4
"dot/dot_fp8_e5m2_fp8_e5m2_fp32_10x8x8_1x4x4_neonfp8dot4/32/8/real_time",,,,,,,,false,"Unsupported hardware",8,10,8,,,,4,1,4
"dot/dot_fp8_e5m2_fp8_e5m2_fp32_10x8x8_1x4x4_neonfp8dot4/32/136/real_time",,,,,,,,false,"Unsupported hardware",8,10,8,,,,4,1,4
"dot/dot_fp8_e5m2_fp8_e5m2_fp32_10x8x8_1x4x4_neonfp8dot4/32/272/real_time",,,,,,,,false,"Unsupported hardware",8,10,8,,,,4,1,4
"dot/dot_fp8_e5m2_fp8_e5m2_fp32_10x8x8_1x4x4_neonfp8dot4/32/408/real_time",,,,,,,,false,"Unsupported hardware",8,10,8,,,,4,1,4
"dot/dot_fp8_e5m2_fp8_e5m2_fp32_10x8x8_1x4x4_neonfp8dot4/32/552/real_time",,,,,,,,false,"Unsupported hardware",8,10,8,,,,4,1,4
"dot/dot_fp8_e5m2_fp8_e5m2_fp32_10x8x8_1x4x4_neonfp8dot4/64/8/real_time",,,,,,,,false,"Unsupported hardware",8,10,8,,,,4,1,4
"dot/dot_fp8_e5m2_fp8_e5m2_fp32_10x8x8_1x4x4_neonfp8dot4/64/72/real_time",,,,,,,,false,"Unsupported hardware",8,10,8,,,,4,1,4
"dot/dot_fp8_e5m2_fp8_e5m2_fp32_10x8x8_1x4x4_neonfp8dot4/64/144/real_time",,,,,,,,false,"Unsupported hardware",8,10,8,,,,4,1,4
"dot/dot_fp8_e5m2_fp8_e5m2_fp32_10x8x8_1x4x4_neonfp8dot4/64/216/real_time",,,,,,,,false,"Unsupported hardware",8,10,8,,,,4,1,4
"dot/dot_fp8_e5m2_fp8_e5m2_fp32_10x8x8_1x4x4_neonfp8dot4/64/296/real_time",,,,,,,,false,"Unsupported hardware",8,10,8,,,,4,1,4
"dot/dot_fp8_e5m2_fp8_e5m2_fp32_8x4x8_1x4x4_neonfp8dot4/4/8/real_time",,,,,,,,false,"Unsupported hardware",8,8,4,,,,4,1,4
"dot/dot_fp8_e5m2_fp8_e5m2_fp32_8x4x8_1x4x4_neonfp8dot4/4/504/real_time",,,,,,,,false,"Unsupported hardware",8,8,4,,,,4,1,4
"dot/dot_fp8_e5m2_fp8_e5m2_fp32_8x4x8_1x4x4_neonfp8dot4/4/1016/real_time",,,,,,,,false,"Unsupported hardware",8,8,4,,,,4,1,4
"dot/dot_fp8_e5m2_fp8_e5m2_fp32_8x4x8_1x4x4_neonfp8dot4/4/1520/real_time",,,,,,,,false,"Unsupported hardware",8,8,4,,,,4,1,4
"dot/dot_fp8_e5m2_fp8_e5m2_fp32_8x4x8_1x4x4_neonfp8dot4/4/2032/real_time",,,,,,,,false,"Unsupported hardware",8,8,4,,,,4,1,4
"dot/dot_fp8_e5m2_fp8_e5m2_fp32_8x4x8_1x4x4_neonfp8dot4/8/8/real_time",,,,,,,,false,"Unsupported hardware",8,8,4,,,,4,1,4
"dot/dot_fp8_e5m2_fp8_e5m2_fp32_8x4x8_1x4x4_neonfp8dot4/8/376/real_time",,,,,,,,false,"Unsupported hardware",8,8,4,,,,4,1,4
"dot/dot_fp8_e5m2_fp8_e5m2_fp32_8x4x8_1x4x4_neonfp8dot4/8/760/real_time",,,,,,,,false,"Unsupported hardware",8,8,4,,,,4,1,4
"dot/dot_fp8_e5m2_fp8_e5m2_fp32_8x4x8_1x4x4_neonfp8dot4/8/1136/real_time",,,,,,,,false,"Unsupported hardware",8,8,4,,,,4,1,4
"dot/dot_fp8_e5m2_fp8_e5m2_fp32_8x4x8_1x4x4_neonfp8dot4/8/1520/real_time",,,,,,,,false,"Unsupported hardware",8,8,4,,,,4,1,4
"dot/dot_fp8_e5m2_fp8_e5m2_fp32_8x4x8_1x4x4_neonfp8dot4/16/8/real_time",,,,,,,,false,"Unsupported hardware",8,8,4,,,,4,1,4
"dot/dot_fp8_e5m2_fp8_e5m2_fp32_8x4x8_1x4x4_neonfp8dot4/16/248/real_time",,,,,,,,false,"Unsupported hardware",8,8,4,,,,4,1,4
"dot/dot_fp8_e5m2_fp8_e5m2_fp32_8x4x8_1x4x4_neonfp8dot4/16/496/real_time",,,,,,,,false,"Unsupported hardware",8,8,4,,,,4,1,4
"dot/dot_fp8_e5m2_fp8_e5m2_fp32_8x4x8_1x4x4_neonfp8dot4/16/744/real_time",,,,,,,,false,"Unsupported hardware",8,8,4,,,,4,1,4
"dot/dot_fp8_e5m2_fp8_e5m2_fp32_8x4x8_1x4x4_neonfp8dot4/16/1000/real_time",,,,,,,,false,"Unsupported hardware",8,8,4,,,,4,1,4
"dot/dot_fp8_e5m2_fp8_e5m2_fp32_8x4x8_1x4x4_neonfp8dot4/32/8/real_time",,,,,,,,false,"Unsupported hardware",8,8,4,,,,4,1,4
"dot/dot_fp8_e5m2_fp8_e5m2_fp32_8x4x8_1x4x4_neonfp8dot4/32/144/real_time",,,,,,,,false,"Unsupported hardware",8,8,4,,,,4,1,4
"dot/dot_fp8_e5m2_fp8_e5m2_fp32_8x4x8_1x4x4_neonfp8dot4/32/288/real_time",,,,,,,,false,"Unsupported hardware",8,8,4,,,,4,1,4
"dot/dot_fp8_e5m2_fp8_e5m2_fp32_8x4x8_1x4x4_neonfp8dot4/32/432/real_time",,,,,,,,false,"Unsupported hardware",8,8,4,,,,4,1,4
"dot/dot_fp8_e5m2_fp8_e5m2_fp32_8x4x8_1x4x4_neonfp8dot4/32/584/real_time",,,,,,,,false,"Unsupported hardware",8,8,4,,,,4,1,4
"dot/dot_fp8_e4m3_fp8_e4m3_fp32_1x64x8_1x4x4_neonfp8dot4/64/8/real_time",,,,,,,,false,"Unsupported hardware",8,1,64,,,,4,1,4
"dot/dot_fp8_e4m3_fp8_e4m3_fp32_1x64x8_1x4x4_neonfp8dot4/64/88/real_time",,,,,,,,false,"Unsupported hardware",8,1,64,,,,4,1,4
"dot/dot_fp8_e4m3_fp8_e4m3_fp32_1x64x8_1x4x4_neonfp8dot4/64/184/real_time",,,,,,,,false,"Unsupported hardware",8,1,64,,,,4,1,4
"dot/dot_fp8_e4m3_fp8_e4m3_fp32_1x64x8_1x4x4_neonfp8dot4/64/272/real_time",,,,,,,,false,"Unsupported hardware",8,1,64,,,,4,1,4
"dot/dot_fp8_e4m3_fp8_e4m3_fp32_1x64x8_1x4x4_neonfp8dot4/64/368/real_time",,,,,,,,false,"Unsupported hardware",8,1,64,,,,4,1,4
"dot/dot_fp8_e4m3_fp8_e4m3_fp32_1x64x8_1x4x4_neonfp8dot4/128/8/real_time",,,,,,,,false,"Unsupported hardware",8,1,64,,,,4,1,4
"dot/dot_fp8_e4m3_fp8_e4m3_fp32_1x64x8_1x4x4_neonfp8dot4/128/40/real_time",,,,,,,,false,"Unsupported hardware",8,1,64,,,,4,1,4
"dot/dot_fp8_e4m3_fp8_e4m3_fp32_1x64x8_1x4x4_neonfp8dot4/128/88/real_time",,,,,,,,false,"Unsupported hardware",8,1,64,,,,4,1,4
"dot/dot_fp8_e4m3_fp8_e4m3_fp32_1x64x8_1x4x4_neonfp8dot4/128/136/real_time",,,,,,,,false,"Unsupported hardware",8,1,64,,,,4,1,4
"dot/dot_fp8_e4m3_fp8_e4m3_fp32_1x64x8_1x4x4_neonfp8dot4/128/184/real_time",,,,,,,,false,"Unsupported hardware",8,1,64,,,,4,1,4
"dot/dot_fp8_e4m3_fp8_e4m3_fp32_1x64x8_1x4x4_neonfp8dot4/256/8/real_time",,,,,,,,false,"Unsupported hardware",8,1,64,,,,4,1,4
"dot/dot_fp8_e4m3_fp8_e4m3_fp32_1x64x8_1x4x4_neonfp8dot4/256/16/real_time",,,,,,,,false,"Unsupported hardware",8,1,64,,,,4,1,4
"dot/dot_fp8_e4m3_fp8_e4m3_fp32_1x64x8_1x4x4_neonfp8dot4/256/40/real_time",,,,,,,,false,"Unsupported hardware",8,1,64,,,,4,1,4
"dot/dot_fp8_e4m3_fp8_e4m3_fp32_1x64x8_1x4x4_neonfp8dot4/256/64/real_time",,,,,,,,false,"Unsupported hardware",8,1,64,,,,4,1,4
"dot/dot_fp8_e4m3_fp8_e4m3_fp32_1x64x8_1x4x4_neonfp8dot4/256/88/real_time",,,,,,,,false,"Unsupported hardware",8,1,64,,,,4,1,4
"dot/dot_fp8_e4m3_fp8_e4m3_fp32_1x64x8_1x4x4_neonfp8dot4/512/8/real_time",,,,,,,,false,"Unsupported hardware",8,1,64,,,,4,1,4
"dot/dot_fp8_e4m3_fp8_e4m3_fp32_1x64x8_1x4x4_neonfp8dot4/512/16/real_time",,,,,,,,false,"Unsupported hardware",8,1,64,,,,4,1,4
"dot/dot_fp8_e4m3_fp8_e4m3_fp32_1x64x8_1x4x4_neonfp8dot4/512/24/real_time",,,,,,,,false,"Unsupported hardware",8,1,64,,,,4,1,4
"dot/dot_fp8_e4m3_fp8_e4m3_fp32_1x64x8_1x4x4_neonfp8dot4/512/40/real_time",,,,,,,,false,"Unsupported hardware",8,1,64,,,,4,1,4
"dot/dot_fp8_e4m3_fp8_e4m3_fp32_1x32x8_1x4x4_neonfp8dot4/32/8/real_time",,,,,,,,false,"Unsupported hardware",8,1,32,,,,4,1,4
"dot/dot_fp8_e4m3_fp8_e4m3_fp32_1x32x8_1x4x4_neonfp8dot4/32/184/real_time",,,,,,,,false,"Unsupported hardware",8,1,32,,,,4,1,4
"dot/dot_fp8_e4m3_fp8_e4m3_fp32_1x32x8_1x4x4_neonfp8dot4/32/368/real_time",,,,,,,,false,"Unsupported hardware",8,1,32,,,,4,1,4
"dot/dot_fp8_e4m3_fp8_e4m3_fp32_1x32x8_1x4x4_neonfp8dot4/32/552/real_time",,,,,,,,false,"Unsupported hardware",8,1,32,,,,4,1,4
"dot/dot_fp8_e4m3_fp8_e4m3_fp32_1x32x8_1x4x4_neonfp8dot4/32/736/real_time",,,,,,,,false,"Unsupported hardware",8,1,32,,,,4,1,4
"dot/dot_fp8_e4m3_fp8_e4m3_fp32_1x32x8_1x4x4_neonfp8dot4/64/8/real_time",,,,,,,,false,"Unsupported hardware",8,1,32,,,,4,1,4
"dot/dot_fp8_e4m3_fp8_e4m3_fp32_1x32x8_1x4x4_neonfp8dot4/64/88/real_time",,,,,,,,false,"Unsupported hardware",8,1,32,,,,4,1,4
"dot/dot_fp8_e4m3_fp8_e4m3_fp32_1x32x8_1x4x4_neonfp8dot4/64/184/real_time",,,,,,,,false,"Unsupported hardware",8,1,32,,,,4,1,4
"dot/dot_fp8_e4m3_fp8_e4m3_fp32_1x32x8_1x4x4_neonfp8dot4/64/272/real_time",,,,,,,,false,"Unsupported hardware",8,1,32,,,,4,1,4
"dot/dot_fp8_e4m3_fp8_e4m3_fp32_1x32x8_1x4x4_neonfp8dot4/64/368/real_time",,,,,,,,false,"Unsupported hardware",8,1,32,,,,4,1,4
"dot/dot_fp8_e4m3_fp8_e4m3_fp32_1x32x8_1x4x4_neonfp8dot4/128/8/real_time",,,,,,,,false,"Unsupported hardware",8,1,32,,,,4,1,4
"dot/dot_fp8_e4m3_fp8_e4m3_fp32_1x32x8_1x4x4_neonfp8dot4/128/40/real_time",,,,,,,,false,"Unsupported hardware",8,1,32,,,,4,1,4
"dot/dot_fp8_e4m3_fp8_e4m3_fp32_1x32x8_1x4x4_neonfp8dot4/128/88/real_time",,,,,,,,false,"Unsupported hardware",8,1,32,,,,4,1,4
"dot/dot_fp8_e4m3_fp8_e4m3_fp32_1x32x8_1x4x4_neonfp8dot4/128/136/real_time",,,,,,,,false,"Unsupported hardware",8,1,32,,,,4,1,4
"dot/dot_fp8_e4m3_fp8_e4m3_fp32_1x32x8_1x4x4_neonfp8dot4/128/184/real_time",,,,,,,,false,"Unsupported hardware",8,1,32,,,,4,1,4
"dot/dot_fp8_e4m3_fp8_e4m3_fp32_1x32x8_1x4x4_neonfp8dot4/256/8/real_time",,,,,,,,false,"Unsupported hardware",8,1,32,,,,4,1,4
"dot/dot_fp8_e4m3_fp8_e4m3_fp32_1x32x8_1x4x4_neonfp8dot4/256/16/real_time",,,,,,,,false,"Unsupported hardware",8,1,32,,,,4,1,4
"dot/dot_fp8_e4m3_fp8_e4m3_fp32_1x32x8_1x4x4_neonfp8dot4/256/40/real_time",,,,,,,,false,"Unsupported hardware",8,1,32,,,,4,1,4
"dot/dot_fp8_e4m3_fp8_e4m3_fp32_1x32x8_1x4x4_neonfp8dot4/256/64/real_time",,,,,,,,false,"Unsupported hardware",8,1,32,,,,4,1,4
"dot/dot_fp8_e4m3_fp8_e4m3_fp32_1x32x8_1x4x4_neonfp8dot4/256/88/real_time",,,,,,,,false,"Unsupported hardware",8,1,32,,,,4,1,4
"dot/dot_fp8_e4m3_fp8_e4m3_fp32_2x32x8_1x4x4_neonfp8dot4/32/8/real_time",,,,,,,,false,"Unsupported hardware",8,2,32,,,,4,1,4
"dot/dot_fp8_e4m3_fp8_e4m3_fp32_2x32x8_1x4x4_neonfp8dot4/32/176/real_time",,,,,,,,false,"Unsupported hardware",8,2,32,,,,4,1,4
"dot/dot_fp8_e4m3_fp8_e4m3_fp32_2x32x8_1x4x4_neonfp8dot4/32/352/real_time",,,,,,,,false,"Unsupported hardware",8,2,32,,,,4,1,4
"dot/dot_fp8_e4m3_fp8_e4m3_fp32_2x32x8_1x4x4_neonfp8dot4/32/528/real_time",,,,,,,,false,"Unsupported hardware",8,2,32,,,,4,1,4
"dot/dot_fp8_e4m3_fp8_e4m3_fp32_2x32x8_1x4x4_neonfp8dot4/32/712/real_time",,,,,,,,false,"Unsupported hardware",8,2,32,,,,4,1,4
"dot/dot_fp8_e4m3_fp8_e4m3_fp32_2x32x8_1x4x4_neonfp8dot4/64/8/real_time",,,,,,,,false,"Unsupported hardware",8,2,32,,,,4,1,4
"dot/dot_fp8_e4m3_fp8_e4m3_fp32_2x32x8_1x4x4_neonfp8dot4/64/88/real_time",,,,,,,,false,"Unsupported hardware",8,2,32,,,,4,1,4
"dot/dot_fp8_e4m3_fp8_e4m3_fp32_2x32x8_1x4x4_neonfp8dot4/64/176/real_time",,,,,,,,false,"Unsupported hardware",8,2,32,,,,4,1,4
"dot/dot_fp8_e4m3_fp8_e4m3_fp32_2x32x8_1x4x4_neonfp8dot4/64/264/real_time",,,,,,,,false,"Unsupported hardware",8,2,32,,,,4,1,4
"dot/dot_fp8_e4m3_fp8_e4m3_fp32_2x32x8_1x4x4_neonfp8dot4/64/360/real_time",,,,,,,,false,"Unsupported hardware",8,2,32,,,,4,1,4
"dot/dot_fp8_e4m3_fp8_e4m3_fp32_2x32x8_1x4x4_neonfp8dot4/128/8/real_time",,,,,,,,false,"Unsupported hardware",8,2,32,,,,4,1,4
"dot/dot_fp8_e4m3_fp8_e4m3_fp32_2x32x8_1x4x4_neonfp8dot4/128/40/real_time",,,,,,,,false,"Unsupported hardware",8,2,32,,,,4,1,4
"dot/dot_fp8_e4m3_fp8_e4m3_fp32_2x32x8_1x4x4_neonfp8dot4/128/88/real_time",,,,,,,,false,"Unsupported hardware",8,2,32,,,,4,1,4
"dot/dot_fp8_e4m3_fp8_e4m3_fp32_2x32x8_1x4x4_neonfp8dot4/128/128/real_time",,,,,,,,false,"Unsupported hardware",8,2,32,,,,4,1,4
"dot/dot_fp8_e4m3_fp8_e4m3_fp32_2x32x8_1x4x4_neonfp8dot4/128/176/real_time",,,,,,,,false,"Unsupported hardware",8,2,32,,,,4,1,4
"dot/dot_fp8_e4m3_fp8_e4m3_fp32_2x32x8_1x4x4_neonfp8dot4/256/8/real_time",,,,,,,,false,"Unsupported hardware",8,2,32,,,,4,1,4
"dot/dot_fp8_e4m3_fp8_e4m3_fp32_2x32x8_1x4x4_neonfp8dot4/256/16/real_time",,,,,,,,false,"Unsupported hardware",8,2,32,,,,4,1,4
"dot/dot_fp8_e4m3_fp8_e4m3_fp32_2x32x8_1x4x4_neonfp8dot4/256/40/real_time",,,,,,,,false,"Unsupported hardware",8,2,32,,,,4,1,4
"dot/dot_fp8_e4m3_fp8_e4m3_fp32_2x32x8_1x4x4_neonfp8dot4/256/56/real_time",,,,,,,,false,"Unsupported hardware",8,2,32,,,,4,1,4
"dot/dot_fp8_e4m3_fp8_e4m3_fp32_2x32x8_1x4x4_neonfp8dot4/256/80/real_time",,,,,,,,false,"Unsupported hardware",8,2,32,,,,4,1,4
"dot/dot_fp8_e4m3_fp8_e4m3_fp32_3x32x8_1x4x4_neonfp8dot4/32/8/real_time",,,,,,,,false,"Unsupported hardware",8,3,32,,,,4,1,4
"dot/dot_fp8_e4m3_fp8_e4m3_fp32_3x32x8_1x4x4_neonfp8dot4/32/168/real_time",,,,,,,,false,"Unsupported hardware",8,3,32,,,,4,1,4
"dot/dot_fp8_e4m3_fp8_e4m3_fp32_3x32x8_1x4x4_neonfp8dot4/32/344/real_time",,,,,,,,false,"Unsupported hardware",8,3,32,,,,4,1,4
"dot/dot_fp8_e4m3_fp8_e4m3_fp32_3x32x8_1x4x4_neonfp8dot4/32/512/real_time",,,,,,,,false,"Unsupported hardware",8,3,32,,,,4,1,4
"dot/dot_fp8_e4m3_fp8_e4m3_fp32_3x32x8_1x4x4_neonfp8dot4/32/688/real_time",,,,,,,,false,"Unsupported hardware",8,3,32,,,,4,1,4
"dot/dot_fp8_e4m3_fp8_e4m3_fp32_3x32x8_1x4x4_neonfp8dot4/64/8/real_time",,,,,,,,false,"Unsupported hardware",8,3,32,,,,4,1,4
"dot/dot_fp8_e4m3_fp8_e4m3_fp32_3x32x8_1x4x4_neonfp8dot4/64/88/real_time",,,,,,,,false,"Unsupported hardware",8,3,32,,,,4,1,4
"dot/dot_fp8_e4m3_fp8_e4m3_fp32_3x32x8_1x4x4_neonfp8dot4/64/176/real_time",,,,,,,,false,"Unsupported hardware",8,3,32,,,,4,1,4
"dot/dot_fp8_e4m3_fp8_e4m3_fp32_3x32x8_1x4x4_neonfp8dot4/64/264/real_time",,,,,,,,false,"Unsupported hardware",8,3,32,,,,4,1,4
"dot/dot_fp8_e4m3_fp8_e4m3_fp32_3x32x8_1x4x4_neonfp8dot4/64/352/real_time",,,,,,,,false,"Unsupported hardware",8,3,32,,,,4,1,4
"dot/dot_fp8_e4m3_fp8_e4m3_fp32_3x32x8_1x4x4_neonfp8dot4/128/8/real_time",,,,,,,,false,"Unsupported hardware",8,3,32,,,,4,1,4
"dot/dot_fp8_e4m3_fp8_e4m3_fp32_3x32x8_1x4x4_neonfp8dot4/128/40/real_time",,,,,,,,false,"Unsupported hardware",8,3,32,,,,4,1,4
"dot/dot_fp8_e4m3_fp8_e4m3_fp32_3x32x8_1x4x4_neonfp8dot4/128/80/real_time",,,,,,,,false,"Unsupported hardware",8,3,32,,,,4,1,4
"dot/dot_fp8_e4m3_fp8_e4m3_fp32_3x32x8_1x4x4_neonfp8dot4/128/120/real_time",,,,,,,,false,"Unsupported hardware",8,3,32,,,,4,1,4
"dot/dot_fp8_e4m3_fp8_e4m3_fp32_3x32x8_1x4x4_neonfp8dot4/128/168/real_time",,,,,,,,false,"Unsupported hardware",8,3,32,,,,4,1,4
"dot/dot_fp8_e4m3_fp8_e4m3_fp32_3x32x8_1x4x4_neonfp8dot4/256/8/real_time",,,,,,,,false,"Unsupported hardware",8,3,32,,,,4,1,4
"dot/dot_fp8_e4m3_fp8_e4m3_fp32_3x32x8_1x4x4_neonfp8dot4/256/16/real_time",,,,,,,,false,"Unsupported hardware",8,3,32,,,,4,1,4
"dot/dot_fp8_e4m3_fp8_e4m3_fp32_3x32x8_1x4x4_neonfp8dot4/256/40/real_time",,,,,,,,false,"Unsupported hardware",8,3,32,,,,4,1,4
"dot/dot_fp8_e4m3_fp8_e4m3_fp32_3x32x8_1x4x4_neonfp8dot4/256/56/real_time",,,,,,,,false,"Unsupported hardware",8,3,32,,,,4,1,4
"dot/dot_fp8_e4m3_fp8_e4m3_fp32_3x32x8_1x4x4_neonfp8dot4/256/80/real_time",,,,,,,,false,"Unsupported hardware",8,3,32,,,,4,1,4
"dot/dot_fp8_e4m3_fp8_e4m3_fp32_1x16x8_1x4x4_neonfp8dot4/16/8/real_time",,,,,,,,false,"Unsupported hardware",8,1,16,,,,4,1,4
"dot/dot_fp8_e4m3_fp8_e4m3_fp32_1x16x8_1x4x4_neonfp8dot4/16/360/real_time",,,,,,,,false,"Unsupported hardware",8,1,16,,,,4,1,4
"dot/dot_fp8_e4m3_fp8_e4m3_fp32_1x16x8_1x4x4_neonfp8dot4/16/720/real_time",,,,,,,,false,"Unsupported hardware",8,1,16,,,,4,1,4
"dot/dot_fp8_e4m3_fp8_e4m3_fp32_1x16x8_1x4x4_neonfp8dot4/16/1080/real_time",,,,,,,,false,"Unsupported hardware",8,1,16,,,,4,1,4
"dot/dot_fp8_e4m3_fp8_e4m3_fp32_1x16x8_1x4x4_neonfp8dot4/16/1440/real_time",,,,,,,,false,"Unsupported hardware",8,1,16,,,,4,1,4
"dot/dot_fp8_e4m3_fp8_e4m3_fp32_1x16x8_1x4x4_neonfp8dot4/32/8/real_time",,,,,,,,false,"Unsupported hardware",8,1,16,,,,4,1,4
"dot/dot_fp8_e4m3_fp8_e4m3_fp32_1x16x8_1x4x4_neonfp8dot4/32/184/real_time",,,,,,,,false,"Unsupported hardware",8,1,16,,,,4,1,4
"dot/dot_fp8_e4m3_fp8_e4m3_fp32_1x16x8_1x4x4_neonfp8dot4/32/368/real_time",,,,,,,,false,"Unsupported hardware",8,1,16,,,,4,1,4
"dot/dot_fp8_e4m3_fp8_e4m3_fp32_1x16x8_1x4x4_neonfp8dot4/32/552/real_time",,,,,,,,false,"Unsupported hardware",8,1,16,,,,4,1,4
"dot/dot_fp8_e4m3_fp8_e4m3_fp32_1x16x8_1x4x4_neonfp8dot4/32/736/real_time",,,,,,,,false,"Unsupported hardware",8,1,16,,,,4,1,4
"dot/dot_fp8_e4m3_fp8_e4m3_fp32_1x16x8_1x4x4_neonfp8dot4/64/8/real_time",,,,,,,,false,"Unsupported hardware",8,1,16,,,,4,1,4
"dot/dot_fp8_e4m3_fp8_e4m3_fp32_1x16x8_1x4x4_neonfp8dot4/64/88/real_time",,,,,,,,false,"Unsupported hardware",8,1,16,,,,4,1,4
"dot/dot_fp8_e4m3_fp8_e4m3_fp32_1x16x8_1x4x4_neonfp8dot4/64/184/real_time",,,,,,,,false,"Unsupported hardware",8,1,16,,,,4,1,4
"dot/dot_fp8_e4m3_fp8_e4m3_fp32_1x16x8_1x4x4_neonfp8dot4/64/272/real_time",,,,,,,,false,"Unsupported hardware",8,1,16,,,,4,1,4
"dot/dot_fp8_e4m3_fp8_e4m3_fp32_1x16x8_1x4x4_neonfp8dot4/64/368/real_time",,,,,,,,false,"Unsupported hardware",8,1,16,,,,4,1,4
"dot/dot_fp8_e4m3_fp8_e4m3_fp32_1x16x8_1x4x4_neonfp8dot4/128/8/real_time",,,,,,,,false,"Unsupported hardware",8,1,16,,,,4,1,4
"dot/dot_fp8_e4m3_fp8_e4m3_fp32_1x16x8_1x4x4_neonfp8dot4/128/40/real_time",,,,,,,,false,"Unsupported hardware",8,1,16,,,,4,1,4
"dot/dot_fp8_e4m3_fp8_e4m3_fp32_1x16x8_1x4x4_neonfp8dot4/128/88/real_time",,,,,,,,false,"Unsupported hardware",8,1,16,,,,4,1,4
"dot/dot_fp8_e4m3_fp8_e4m3_fp32_1x16x8_1x4x4_neonfp8dot4/128/136/real_time",,,,,,,,false,"Unsupported hardware",8,1,16,,,,4,1,4
"dot/dot_fp8_e4m3_fp8_e4m3_fp32_1x16x8_1x4x4_neonfp8dot4/128/184/real_time",,,,,,,,false,"Unsupported hardware",8,1,16,,,,4,1,4
"dot/dot_fp8_e4m3_fp8_e4m3_fp32_2x16x8_1x4x4_neonfp8dot4/16/8/real_time",,,,,,,,false,"Unsupported hardware",8,2,16,,,,4,1,4
"dot/dot_fp8_e4m3_fp8_e4m3_fp32_2x16x8_1x4x4_neonfp8dot4/16/336/real_time",,,,,,,,false,"Unsupported hardware",8,2,16,,,,4,1,4
"dot/dot_fp8_e4m3_fp8_e4m3_fp32_2x16x8_1x4x4_neonfp8dot4/16/672/real_time",,,,,,,,false,"Unsupported hardware",8,2,16,,,,4,1,4
"dot/dot_fp8_e4m3_fp8_e4m3_fp32_2x16x8_1x4x4_neonfp8dot4/16/1008/real_time",,,,,,,,false,"Unsupported hardware",8,2,16,,,,4,1,4
"dot/dot_fp8_e4m3_fp8_e4m3_fp32_2x16x8_1x4x4_neonfp8dot4/16/1352/real_time",,,,,,,,false,"Unsupported hardware",8,2,16,,,,4,1,4
"dot/dot_fp8_e4m3_fp8_e4m3_fp32_2x16x8_1x4x4_neonfp8dot4/32/8/real_time",,,,,,,,false,"Unsupported hardware",8,2,16,,,,4,1,4
"dot/dot_fp8_e4m3_fp8_e4m3_fp32_2x16x8_1x4x4_neonfp8dot4/32/176/real_time",,,,,,,,false,"Unsupported hardware",8,2,16,,,,4,1,4
"dot/dot_fp8_e4m3_fp8_e4m3_fp32_2x16x8_1x4x4_neonfp8dot4/32/352/real_time",,,,,,,,false,"Unsupported hardware",8,2,16,,,,4,1,4
"dot/dot_fp8_e4m3_fp8_e4m3_fp32_2x16x8_1x4x4_neonfp8dot4/32/528/real_time",,,,,,,,false,"Unsupported hardware",8,2,16,,,,4,1,4
"dot/dot_fp8_e4m3_fp8_e4m3_fp32_2x16x8_1x4x4_neonfp8dot4/32/712/real_time",,,,,,,,false,"Unsupported hardware",8,2,16,,,,4,1,4
"dot/dot_fp8_e4m3_fp8_e4m3_fp32_2x16x8_1x4x4_neonfp8dot4/64/8/real_time",,,,,,,,false,"Unsupported hardware",8,2,16,,,,4,1,4
"dot/dot_fp8_e4m3_fp8_e4m3_fp32_2x16x8_1x4x4_neonfp8dot4/64/88/real_time",,,,,,,,false,"Unsupported hardware",8,2,16,,,,4,1,4
"dot/dot_fp8_e4m3_fp8_e4m3_fp32_2x16x8_1x4x4_neonfp8dot4/64/176/real_time",,,,,,,,false,"Unsupported hardware",8,2,16,,,,4,1,4
"dot/dot_fp8_e4m3_fp8_e4m3_fp32_2x16x8_1x4x4_neonfp8dot4/64/264/real_time",,,,,,,,false,"Unsupported hardware",8,2,16,,,,4,1,4
"dot/dot_fp8_e4m3_fp8_e4m3_fp32_2x16x8_1x4x4_neonfp8dot4/64/360/real_time",,,,,,,,false,"Unsupported hardware",8,2,16,,,,4,1,4
"dot/dot_fp8_e4m3_fp8_e4m3_fp32_2x16x8_1x4x4_neonfp8dot4/128/8/real_time",,,,,,,,false,"Unsupported hardware",8,2,16,,,,4,1,4
"dot/dot_fp8_e4m3_fp8_e4m3_fp32_2x16x8_1x4x4_neonfp8dot4/128/40/real_time",,,,,,,,false,"Unsupported hardware",8,2,16,,,,4,1,4
"dot/dot_fp8_e4m3_fp8_e4m3_fp32_2x16x8_1x4x4_neonfp8dot4/128/88/real_time",,,,,,,,false,"Unsupported hardware",8,2,16,,,,4,1,4
"dot/dot_fp8_e4m3_fp8_e4m3_fp32_2x16x8_1x4x4_neonfp8dot4/128/128/real_time",,,,,,,,false,"Unsupported hardware",8,2,16,,,,4,1,4
"dot/dot_fp8_e4m3_fp8_e4m3_fp32_2x16x8_1x4x4_neonfp8dot4/128/176/real_time",,,,,,,,false,"Unsupported hardware",8,2,16,,,,4,1,4
"dot/dot_fp8_e4m3_fp8_e4m3_fp32_3x16x8_1x4x4_neonfp8dot4/16/8/real_time",,,,,,,,false,"Unsupported hardware",8,3,16,,,,4,1,4
"dot/dot_fp8_e4m3_fp8_e4m3_fp32_3x16x8_1x4x4_neonfp8dot4/16/320/real_time",,,,,,,,false,"Unsupported hardware",8,3,16,,,,4,1,4
"dot/dot_fp8_e4m3_fp8_e4m3_fp32_3x16x8_1x4x4_neonfp8dot4/16/640/real_time",,,,,,,,false,"Unsupported hardware",8,3,16,,,,4,1,4
"dot/dot_fp8_e4m3_fp8_e4m3_fp32_3x16x8_1x4x4_neonfp8dot4/16/960/real_time",,,,,,,,false,"Unsupported hardware",8,3,16,,,,4,1,4
"dot/dot_fp8_e4m3_fp8_e4m3_fp32_3x16x8_1x4x4_neonfp8dot4/16/1280/real_time",,,,,,,,false,"Unsupported hardware",8,3,16,,,,4,1,4
"dot/dot_fp8_e4m3_fp8_e4m3_fp32_3x16x8_1x4x4_neonfp8dot4/32/8/real_time",,,,,,,,false,"Unsupported hardware",8,3,16,,,,4,1,4
"dot/dot_fp8_e4m3_fp8_e4m3_fp32_3x16x8_1x4x4_neonfp8dot4/32/168/real_time",,,,,,,,false,"Unsupported hardware",8,3,16,,,,4,1,4
"dot/dot_fp8_e4m3_fp8_e4m3_fp32_3x16x8_1x4x4_neonfp8dot4/32/344/real_time",,,,,,,,false,"Unsupported hardware",8,3,16,,,,4,1,4
"dot/dot_fp8_e4m3_fp8_e4m3_fp32_3x16x8_1x4x4_neonfp8dot4/32/512/real_time",,,,,,,,false,"Unsupported hardware",8,3,16,,,,4,1,4
"dot/dot_fp8_e4m3_fp8_e4m3_fp32_3x16x8_1x4x4_neonfp8dot4/32/688/real_time",,,,,,,,false,"Unsupported hardware",8,3,16,,,,4,1,4
"dot/dot_fp8_e4m3_fp8_e4m3_fp32_3x16x8_1x4x4_neonfp8dot4/64/8/real_time",,,,,,,,false,"Unsupported hardware",8,3,16,,,,4,1,4
"dot/dot_fp8_e4m3_fp8_e4m3_fp32_3x16x8_1x4x4_neonfp8dot4/64/88/real_time",,,,,,,,false,"Unsupported hardware",8,3,16,,,,4,1,4
"dot/dot_fp8_e4m3_fp8_e4m3_fp32_3x16x8_1x4x4_neonfp8dot4/64/176/real_time",,,,,,,,false,"Unsupported hardware",8,3,16,,,,4,1,4
"dot/dot_fp8_e4m3_fp8_e4m3_fp32_3x16x8_1x4x4_neonfp8dot4/64/264/real_time",,,,,,,,false,"Unsupported hardware",8,3,16,,,,4,1,4
"dot/dot_fp8_e4m3_fp8_e4m3_fp32_3x16x8_1x4x4_neonfp8dot4/64/352/real_time",,,,,,,,false,"Unsupported hardware",8,3,16,,,,4,1,4
"dot/dot_fp8_e4m3_fp8_e4m3_fp32_3x16x8_1x4x4_neonfp8dot4/128/8/real_time",,,,,,,,false,"Unsupported hardware",8,3,16,,,,4,1,4
"dot/dot_fp8_e4m3_fp8_e4m3_fp32_3x16x8_1x4x4_neonfp8dot4/128/40/real_time",,,,,,,,false,"Unsupported hardware",8,3,16,,,,4,1,4
"dot/dot_fp8_e4m3_fp8_e4m3_fp32_3x16x8_1x4x4_neonfp8dot4/128/80/real_time",,,,,,,,false,"Unsupported hardware",8,3,16,,,,4,1,4
"dot/dot_fp8_e4m3_fp8_e4m3_fp32_3x16x8_1x4x4_neonfp8dot4/128/120/real_time",,,,,,,,false,"Unsupported hardware",8,3,16,,,,4,1,4
"dot/dot_fp8_e4m3_fp8_e4m3_fp32_3x16x8_1x4x4_neonfp8dot4/128/168/real_time",,,,,,,,false,"Unsupported hardware",8,3,16,,,,4,1,4
"dot/dot_fp8_e4m3_fp8_e4m3_fp32_4x16x8_1x4x4_neonfp8dot4/16/8/real_time",,,,,,,,false,"Unsupported hardware",8,4,16,,,,4,1,4
"dot/dot_fp8_e4m3_fp8_e4m3_fp32_4x16x8_1x4x4_neonfp8dot4/16/304/real_time",,,,,,,,false,"Unsupported hardware",8,4,16,,,,4,1,4
"dot/dot_fp8_e4m3_fp8_e4m3_fp32_4x16x8_1x4x4_neonfp8dot4/16/608/real_time",,,,,,,,false,"Unsupported hardware",8,4,16,,,,4,1,4
"dot/dot_fp8_e4m3_fp8_e4m3_fp32_4x16x8_1x4x4_neonfp8dot4/16/912/real_time",,,,,,,,false,"Unsupported hardware",8,4,16,,,,4,1,4
"dot/dot_fp8_e4m3_fp8_e4m3_fp32_4x16x8_1x4x4_neonfp8dot4/16/1216/real_time",,,,,,,,false,"Unsupported hardware",8,4,16,,,,4,1,4
"dot/dot_fp8_e4m3_fp8_e4m3_fp32_4x16x8_1x4x4_neonfp8dot4/32/8/real_time",,,,,,,,false,"Unsupported hardware",8,4,16,,,,4,1,4
"dot/dot_fp8_e4m3_fp8_e4m3_fp32_4x16x8_1x4x4_neonfp8dot4/32/160/real_time",,,,,,,,false,"Unsupported hardware",8,4,16,,,,4,1,4
"dot/dot_fp8_e4m3_fp8_e4m3_fp32_4x16x8_1x4x4_neonfp8dot4/32/328/real_time",,,,,,,,false,"Unsupported hardware",8,4,16,,,,4,1,4
"dot/dot_fp8_e4m3_fp8_e4m3_fp32_4x16x8_1x4x4_neonfp8dot4/32/496/real_time",,,,,,,,false,"Unsupported hardware",8,4,16,,,,4,1,4
"dot/dot_fp8_e4m3_fp8_e4m3_fp32_4x16x8_1x4x4_neonfp8dot4/32/664/real_time",,,,,,,,false,"Unsupported hardware",8,4,16,,,,4,1,4
"dot/dot_fp8_e4m3_fp8_e4m3_fp32_4x16x8_1x4x4_neonfp8dot4/64/8/real_time",,,,,,,,false,"Unsupported hardware",8,4,16,,,,4,1,4
"dot/dot_fp8_e4m3_fp8_e4m3_fp32_4x16x8_1x4x4_neonfp8dot4/64/80/real_time",,,,,,,,false,"Unsupported hardware",8,4,16,,,,4,1,4
"dot/dot_fp8_e4m3_fp8_e4m3_fp32_4x16x8_1x4x4_neonfp8dot4/64/168/real_time",,,,,,,,false,"Unsupported hardware",8,4,16,,,,4,1,4
"dot/dot_fp8_e4m3_fp8_e4m3_fp32_4x16x8_1x4x4_neonfp8dot4/64/256/real_time",,,,,,,,false,"Unsupported hardware",8,4,16,,,,4,1,4
"dot/dot_fp8_e4m3_fp8_e4m3_fp32_4x16x8_1x4x4_neonfp8dot4/64/344/real_time",,,,,,,,false,"Unsupported hardware",8,4,16,,,,4,1,4
"dot/dot_fp8_e4m3_fp8_e4m3_fp32_4x16x8_1x4x4_neonfp8dot4/128/8/real_time",,,,,,,,false,"Unsupported hardware",8,4,16,,,,4,1,4
"dot/dot_fp8_e4m3_fp8_e4m3_fp32_4x16x8_1x4x4_neonfp8dot4/128/40/real_time",,,,,,,,false,"Unsupported hardware",8,4,16,,,,4,1,4
"dot/dot_fp8_e4m3_fp8_e4m3_fp32_4x16x8_1x4x4_neonfp8dot4/128/80/real_time",,,,,,,,false,"Unsupported hardware",8,4,16,,,,4,1,4
"dot/dot_fp8_e4m3_fp8_e4m3_fp32_4x16x8_1x4x4_neonfp8dot4/128/120/real_time",,,,,,,,false,"Unsupported hardware",8,4,16,,,,4,1,4
"dot/dot_fp8_e4m3_fp8_e4m3_fp32_4x16x8_1x4x4_neonfp8dot4/128/168/real_time",,,,,,,,false,"Unsupported hardware",8,4,16,,,,4,1,4
"dot/dot_fp8_e4m3_fp8_e4m3_fp32_5x16x8_1x4x4_neonfp8dot4/16/8/real_time",,,,,,,,false,"Unsupported hardware",8,5,16,,,,4,1,4
"dot/dot_fp8_e4m3_fp8_e4m3_fp32_5x16x8_1x4x4_neonfp8dot4/16/288/real_time",,,,,,,,false,"Unsupported hardware",8,5,16,,,,4,1,4
"dot/dot_fp8_e4m3_fp8_e4m3_fp32_5x16x8_1x4x4_neonfp8dot4/16/576/real_time",,,,,,,,false,"Unsupported hardware",8,5,16,,,,4,1,4
"dot/dot_fp8_e4m3_fp8_e4m3_fp32_5x16x8_1x4x4_neonfp8dot4/16/864/real_time",,,,,,,,false,"Unsupported hardware",8,5,16,,,,4,1,4
"dot/dot_fp8_e4m3_fp8_e4m3_fp32_5x16x8_1x4x4_neonfp8dot4/16/1152/real_time",,,,,,,,false,"Unsupported hardware",8,5,16,,,,4,1,4
"dot/dot_fp8_e4m3_fp8_e4m3_fp32_5x16x8_1x4x4_neonfp8dot4/32/8/real_time",,,,,,,,false,"Unsupported hardware",8,5,16,,,,4,1,4
"dot/dot_fp8_e4m3_fp8_e4m3_fp32_5x16x8_1x4x4_neonfp8dot4/32/160/real_time",,,,,,,,false,"Unsupported hardware",8,5,16,,,,4,1,4
"dot/dot_fp8_e4m3_fp8_e4m3_fp32_5x16x8_1x4x4_neonfp8dot4/32/320/real_time",,,,,,,,false,"Unsupported hardware",8,5,16,,,,4,1,4
"dot/dot_fp8_e4m3_fp8_e4m3_fp32_5x16x8_1x4x4_neonfp8dot4/32/480/real_time",,,,,,,,false,"Unsupported hardware",8,5,16,,,,4,1,4
"dot/dot_fp8_e4m3_fp8_e4m3_fp32_5x16x8_1x4x4_neonfp8dot4/32/640/real_time",,,,,,,,false,"Unsupported hardware",8,5,16,,,,4,1,4
"dot/dot_fp8_e4m3_fp8_e4m3_fp32_5x16x8_1x4x4_neonfp8dot4/64/8/real_time",,,,,,,,false,"Unsupported hardware",8,5,16,,,,4,1,4
"dot/dot_fp8_e4m3_fp8_e4m3_fp32_5x16x8_1x4x4_neonfp8dot4/64/80/real_time",,,,,,,,false,"Unsupported hardware",8,5,16,,,,4,1,4
"dot/dot_fp8_e4m3_fp8_e4m3_fp32_5x16x8_1x4x4_neonfp8dot4/64/168/real_time",,,,,,,,false,"Unsupported hardware",8,5,16,,,,4,1,4
"dot/dot_fp8_e4m3_fp8_e4m3_fp32_5x16x8_1x4x4_neonfp8dot4/64/248/real_time",,,,,,,,false,"Unsupported hardware",8,5,16,,,,4,1,4
"dot/dot_fp8_e4m3_fp8_e4m3_fp32_5x16x8_1x4x4_neonfp8dot4/64/336/real_time",,,,,,,,false,"Unsupported hardware",8,5,16,,,,4,1,4
"dot/dot_fp8_e4m3_fp8_e4m3_fp32_5x16x8_1x4x4_neonfp8dot4/128/8/real_time",,,,,,,,false,"Unsupported hardware",8,5,16,,,,4,1,4
"dot/dot_fp8_e4m3_fp8_e4m3_fp32_5x16x8_1x4x4_neonfp8dot4/128/40/real_time",,,,,,,,false,"Unsupported hardware",8,5,16,,,,4,1,4
"dot/dot_fp8_e4m3_fp8_e4m3_fp32_5x16x8_1x4x4_neonfp8dot4/128/80/real_time",,,,,,,,false,"Unsupported hardware",8,5,16,,,,4,1,4
"dot/dot_fp8_e4m3_fp8_e4m3_fp32_5x16x8_1x4x4_neonfp8dot4/128/120/real_time",,,,,,,,false,"Unsupported hardware",8,5,16,,,,4,1,4
"dot/dot_fp8_e4m3_fp8_e4m3_fp32_5x16x8_1x4x4_neonfp8dot4/128/160/real_time",,,,,,,,false,"Unsupported hardware",8,5,16,,,,4,1,4
"dot/dot_fp8_e4m3_fp8_e4m3_fp32_1x8x8_1x4x4_neonfp8dot4/8/8/real_time",,,,,,,,false,"Unsupported hardware",8,1,8,,,,4,1,4
"dot/dot_fp8_e4m3_fp8_e4m3_fp32_1x8x8_1x4x4_neonfp8dot4/8/680/real_time",,,,,,,,false,"Unsupported hardware",8,1,8,,,,4,1,4
"dot/dot_fp8_e4m3_fp8_e4m3_fp32_1x8x8_1x4x4_neonfp8dot4/8/1360/real_time",,,,,,,,false,"Unsupported hardware",8,1,8,,,,4,1,4
"dot/dot_fp8_e4m3_fp8_e4m3_fp32_1x8x8_1x4x4_neonfp8dot4/8/2040/real_time",,,,,,,,false,"Unsupported hardware",8,1,8,,,,4,1,4
"dot/dot_fp8_e4m3_fp8_e4m3_fp32_1x8x8_1x4x4_neonfp8dot4/8/2720/real_time",,,,,,,,false,"Unsupported hardware",8,1,8,,,,4,1,4
"dot/dot_fp8_e4m3_fp8_e4m3_fp32_1x8x8_1x4x4_neonfp8dot4/16/8/real_time",,,,,,,,false,"Unsupported hardware",8,1,8,,,,4,1,4
"dot/dot_fp8_e4m3_fp8_e4m3_fp32_1x8x8_1x4x4_neonfp8dot4/16/360/real_time",,,,,,,,false,"Unsupported hardware",8,1,8,,,,4,1,4
"dot/dot_fp8_e4m3_fp8_e4m3_fp32_1x8x8_1x4x4_neonfp8dot4/16/720/real_time",,,,,,,,false,"Unsupported hardware",8,1,8,,,,4,1,4
"dot/dot_fp8_e4m3_fp8_e4m3_fp32_1x8x8_1x4x4_neonfp8dot4/16/1080/real_time",,,,,,,,false,"Unsupported hardware",8,1,8,,,,4,1,4
"dot/dot_fp8_e4m3_fp8_e4m3_fp32_1x8x8_1x4x4_neonfp8dot4/16/1440/real_time",,,,,,,,false,"Unsupported hardware",8,1,8,,,,4,1,4
"dot/dot_fp8_e4m3_fp8_e4m3_fp32_1x8x8_1x4x4_neonfp8dot4/32/8/real_time",,,,,,,,false,"Unsupported hardware",8,1,8,,,,4,1,4
"dot/dot_fp8_e4m3_fp8_e4m3_fp32_1x8x8_1x4x4_neonfp8dot4/32/184/real_time",,,,,,,,false,"Unsupported hardware",8,1,8,,,,4,1,4
"dot/dot_fp8_e4m3_fp8_e4m3_fp32_1x8x8_1x4x4_neonfp8dot4/32/368/real_time",,,,,,,,false,"Unsupported hardware",8,1,8,,,,4,1,4
"dot/dot_fp8_e4m3_fp8_e4m3_fp32_1x8x8_1x4x4_neonfp8dot4/32/552/real_time",,,,,,,,false,"Unsupported hardware",8,1,8,,,,4,1,4
"dot/dot_fp8_e4m3_fp8_e4m3_fp32_1x8x8_1x4x4_neonfp8dot4/32/736/real_time",,,,,,,,false,"Unsupported hardware",8,1,8,,,,4,1,4
"dot/dot_fp8_e4m3_fp8_e4m3_fp32_1x8x8_1x4x4_neonfp8dot4/64/8/real_time",,,,,,,,false,"Unsupported hardware",8,1,8,,,,4,1,4
"dot/dot_fp8_e4m3_fp8_e4m3_fp32_1x8x8_1x4x4_neonfp8dot4/64/88/real_time",,,,,,,,false,"Unsupported hardware",8,1,8,,,,4,1,4
"dot/dot_fp8_e4m3_fp8_e4m3_fp32_1x8x8_1x4x4_neonfp8dot4/64/184/real_time",,,,,,,,false,"Unsupported hardware",8,1,8,,,,4,1,4
"dot/dot_fp8_e4m3_fp8_e4m3_fp32_1x8x8_1x4x4_neonfp8dot4/64/272/real_time",,,,,,,,false,"Unsupported hardware",8,1,8,,,,4,1,4
"dot/dot_fp8_e4m3_fp8_e4m3_fp32_1x8x8_1x4x4_neonfp8dot4/64/368/real_time",,,,,,,,false,"Unsupported hardware",8,1,8,,,,4,1,4
"dot/dot_fp8_e4m3_fp8_e4m3_fp32_8x8x8_1x4x4_neonfp8dot4/8/8/real_time",,,,,,,,false,"Unsupported hardware",8,8,8,,,,4,1,4
"dot/dot_fp8_e4m3_fp8_e4m3_fp32_8x8x8_1x4x4_neonfp8dot4/8/376/real_time",,,,,,,,false,"Unsupported hardware",8,8,8,,,,4,1,4
"dot/dot_fp8_e4m3_fp8_e4m3_fp32_8x8x8_1x4x4_neonfp8dot4/8/760/real_time",,,,,,,,false,"Unsupported hardware",8,8,8,,,,4,1,4
"dot/dot_fp8_e4m3_fp8_e4m3_fp32_8x8x8_1x4x4_neonfp8dot4/8/1136/real_time",,,,,,,,false,"Unsupported hardware",8,8,8,,,,4,1,4
"dot/dot_fp8_e4m3_fp8_e4m3_fp32_8x8x8_1x4x4_neonfp8dot4/8/1520/real_time",,,,,,,,false,"Unsupported hardware",8,8,8,,,,4,1,4
"dot/dot_fp8_e4m3_fp8_e4m3_fp32_8x8x8_1x4x4_neonfp8dot4/16/8/real_time",,,,,,,,false,"Unsupported hardware",8,8,8,,,,4,1,4
"dot/dot_fp8_e4m3_fp8_e4m3_fp32_8x8x8_1x4x4_neonfp8dot4/16/248/real_time",,,,,,,,false,"Unsupported hardware",8,8,8,,,,4,1,4
"dot/dot_fp8_e4m3_fp8_e4m3_fp32_8x8x8_1x4x4_neonfp8dot4/16/496/real_time",,,,,,,,false,"Unsupported hardware",8,8,8,,,,4,1,4
"dot/dot_fp8_e4m3_fp8_e4m3_fp32_8x8x8_1x4x4_neonfp8dot4/16/744/real_time",,,,,,,,false,"Unsupported hardware",8,8,8,,,,4,1,4
"dot/dot_fp8_e4m3_fp8_e4m3_fp32_8x8x8_1x4x4_neonfp8dot4/16/1000/real_time",,,,,,,,false,"Unsupported hardware",8,8,8,,,,4,1,4
"dot/dot_fp8_e4m3_fp8_e4m3_fp32_8x8x8_1x4x4_neonfp8dot4/32/8/real_time",,,,,,,,false,"Unsupported hardware",8,8,8,,,,4,1,4
"dot/dot_fp8_e4m3_fp8_e4m3_fp32_8x8x8_1x4x4_neonfp8dot4/32/144/real_time",,,,,,,,false,"Unsupported hardware",8,8,8,,,,4,1,4
"dot/dot_fp8_e4m3_fp8_e4m3_fp32_8x8x8_1x4x4_neonfp8dot4/32/288/real_time",,,,,,,,false,"Unsupported hardware",8,8,8,,,,4,1,4
"dot/dot_fp8_e4m3_fp8_e4m3_fp32_8x8x8_1x4x4_neonfp8dot4/32/432/real_time",,,,,,,,false,"Unsupported hardware",8,8,8,,,,4,1,4
"dot/dot_fp8_e4m3_fp8_e4m3_fp32_8x8x8_1x4x4_neonfp8dot4/32/584/real_time",,,,,,,,false,"Unsupported hardware",8,8,8,,,,4,1,4
"dot/dot_fp8_e4m3_fp8_e4m3_fp32_8x8x8_1x4x4_neonfp8dot4/64/8/real_time",,,,,,,,false,"Unsupported hardware",8,8,8,,,,4,1,4
"dot/dot_fp8_e4m3_fp8_e4m3_fp32_8x8x8_1x4x4_neonfp8dot4/64/72/real_time",,,,,,,,false,"Unsupported hardware",8,8,8,,,,4,1,4
"dot/dot_fp8_e4m3_fp8_e4m3_fp32_8x8x8_1x4x4_neonfp8dot4/64/152/real_time",,,,,,,,false,"Unsupported hardware",8,8,8,,,,4,1,4
"dot/dot_fp8_e4m3_fp8_e4m3_fp32_8x8x8_1x4x4_neonfp8dot4/64/232/real_time",,,,,,,,false,"Unsupported hardware",8,8,8,,,,4,1,4
"dot/dot_fp8_e4m3_fp8_e4m3_fp32_8x8x8_1x4x4_neonfp8dot4/64/312/real_time",,,,,,,,false,"Unsupported hardware",8,8,8,,,,4,1,4
"dot/dot_fp8_e4m3_fp8_e4m3_fp32_10x8x8_1x4x4_neonfp8dot4/8/8/real_time",,,,,,,,false,"Unsupported hardware",8,10,8,,,,4,1,4
"dot/dot_fp8_e4m3_fp8_e4m3_fp32_10x8x8_1x4x4_neonfp8dot4/8/336/real_time",,,,,,,,false,"Unsupported hardware",8,10,8,,,,4,1,4
"dot/dot_fp8_e4m3_fp8_e4m3_fp32_10x8x8_1x4x4_neonfp8dot4/8/672/real_time",,,,,,,,false,"Unsupported hardware",8,10,8,,,,4,1,4
"dot/dot_fp8_e4m3_fp8_e4m3_fp32_10x8x8_1x4x4_neonfp8dot4/8/1008/real_time",,,,,,,,false,"Unsupported hardware",8,10,8,,,,4,1,4
"dot/dot_fp8_e4m3_fp8_e4m3_fp32_10x8x8_1x4x4_neonfp8dot4/8/1344/real_time",,,,,,,,false,"Unsupported hardware",8,10,8,,,,4,1,4
"dot/dot_fp8_e4m3_fp8_e4m3_fp32_10x8x8_1x4x4_neonfp8dot4/16/8/real_time",,,,,,,,false,"Unsupported hardware",8,10,8,,,,4,1,4
"dot/dot_fp8_e4m3_fp8_e4m3_fp32_10x8x8_1x4x4_neonfp8dot4/16/224/real_time",,,,,,,,false,"Unsupported hardware",8,10,8,,,,4,1,4
"dot/dot_fp8_e4m3_fp8_e4m3_fp32_10x8x8_1x4x4_neonfp8dot4/16/456/real_time",,,,,,,,false,"Unsupported hardware",8,10,8,,,,4,1,4
"dot/dot_fp8_e4m3_fp8_e4m3_fp32_10x8x8_1x4x4_neonfp8dot4/16/688/real_time",,,,,,,,false,"Unsupported hardware",8,10,8,,,,4,1,4
"dot/dot_fp8_e4m3_fp8_e4m3_fp32_10x8x8_1x4x4_neonfp8dot4/16/920/real_time",,,,,,,,false,"Unsupported hardware",8,10,8,,,,4,1,4
"dot/dot_fp8_e4m3_fp8_e4m3_fp32_10x8x8_1x4x4_neonfp8dot4/32/8/real_time",,,,,,,,false,"Unsupported hardware",8,10,8,,,,4,1,4
"dot/dot_fp8_e4m3_fp8_e4m3_fp32_10x8x8_1x4x4_neonfp8dot4/32/136/real_time",,,,,,,,false,"Unsupported hardware",8,10,8,,,,4,1,4
"dot/dot_fp8_e4m3_fp8_e4m3_fp32_10x8x8_1x4x4_neonfp8dot4/32/272/real_time",,,,,,,,false,"Unsupported hardware",8,10,8,,,,4,1,4
"dot/dot_fp8_e4m3_fp8_e4m3_fp32_10x8x8_1x4x4_neonfp8dot4/32/408/real_time",,,,,,,,false,"Unsupported hardware",8,10,8,,,,4,1,4
"dot/dot_fp8_e4m3_fp8_e4m3_fp32_10x8x8_1x4x4_neonfp8dot4/32/552/real_time",,,,,,,,false,"Unsupported hardware",8,10,8,,,,4,1,4
"dot/dot_fp8_e4m3_fp8_e4m3_fp32_10x8x8_1x4x4_neonfp8dot4/64/8/real_time",,,,,,,,false,"Unsupported hardware",8,10,8,,,,4,1,4
"dot/dot_fp8_e4m3_fp8_e4m3_fp32_10x8x8_1x4x4_neonfp8dot4/64/72/real_time",,,,,,,,false,"Unsupported hardware",8,10,8,,,,4,1,4
"dot/dot_fp8_e4m3_fp8_e4m3_fp32_10x8x8_1x4x4_neonfp8dot4/64/144/real_time",,,,,,,,false,"Unsupported hardware",8,10,8,,,,4,1,4
"dot/dot_fp8_e4m3_fp8_e4m3_fp32_10x8x8_1x4x4_neonfp8dot4/64/216/real_time",,,,,,,,false,"Unsupported hardware",8,10,8,,,,4,1,4
"dot/dot_fp8_e4m3_fp8_e4m3_fp32_10x8x8_1x4x4_neonfp8dot4/64/296/real_time",,,,,,,,false,"Unsupported hardware",8,10,8,,,,4,1,4
"dot/dot_fp8_e4m3_fp8_e4m3_fp32_8x4x8_1x4x4_neonfp8dot4/4/8/real_time",,,,,,,,false,"Unsupported hardware",8,8,4,,,,4,1,4
"dot/dot_fp8_e4m3_fp8_e4m3_fp32_8x4x8_1x4x4_neonfp8dot4/4/504/real_time",,,,,,,,false,"Unsupported hardware",8,8,4,,,,4,1,4
"dot/dot_fp8_e4m3_fp8_e4m3_fp32_8x4x8_1x4x4_neonfp8dot4/4/1016/real_time",,,,,,,,false,"Unsupported hardware",8,8,4,,,,4,1,4
"dot/dot_fp8_e4m3_fp8_e4m3_fp32_8x4x8_1x4x4_neonfp8dot4/4/1520/real_time",,,,,,,,false,"Unsupported hardware",8,8,4,,,,4,1,4
"dot/dot_fp8_e4m3_fp8_e4m3_fp32_8x4x8_1x4x4_neonfp8dot4/4/2032/real_time",,,,,,,,false,"Unsupported hardware",8,8,4,,,,4,1,4
"dot/dot_fp8_e4m3_fp8_e4m3_fp32_8x4x8_1x4x4_neonfp8dot4/8/8/real_time",,,,,,,,false,"Unsupported hardware",8,8,4,,,,4,1,4
"dot/dot_fp8_e4m3_fp8_e4m3_fp32_8x4x8_1x4x4_neonfp8dot4/8/376/real_time",,,,,,,,false,"Unsupported hardware",8,8,4,,,,4,1,4
"dot/dot_fp8_e4m3_fp8_e4m3_fp32_8x4x8_1x4x4_neonfp8dot4/8/760/real_time",,,,,,,,false,"Unsupported hardware",8,8,4,,,,4,1,4
"dot/dot_fp8_e4m3_fp8_e4m3_fp32_8x4x8_1x4x4_neonfp8dot4/8/1136/real_time",,,,,,,,false,"Unsupported hardware",8,8,4,,,,4,1,4
"dot/dot_fp8_e4m3_fp8_e4m3_fp32_8x4x8_1x4x4_neonfp8dot4/8/1520/real_time",,,,,,,,false,"Unsupported hardware",8,8,4,,,,4,1,4
"dot/dot_fp8_e4m3_fp8_e4m3_fp32_8x4x8_1x4x4_neonfp8dot4/16/8/real_time",,,,,,,,false,"Unsupported hardware",8,8,4,,,,4,1,4
"dot/dot_fp8_e4m3_fp8_e4m3_fp32_8x4x8_1x4x4_neonfp8dot4/16/248/real_time",,,,,,,,false,"Unsupported hardware",8,8,4,,,,4,1,4
"dot/dot_fp8_e4m3_fp8_e4m3_fp32_8x4x8_1x4x4_neonfp8dot4/16/496/real_time",,,,,,,,false,"Unsupported hardware",8,8,4,,,,4,1,4
"dot/dot_fp8_e4m3_fp8_e4m3_fp32_8x4x8_1x4x4_neonfp8dot4/16/744/real_time",,,,,,,,false,"Unsupported hardware",8,8,4,,,,4,1,4
"dot/dot_fp8_e4m3_fp8_e4m3_fp32_8x4x8_1x4x4_neonfp8dot4/16/1000/real_time",,,,,,,,false,"Unsupported hardware",8,8,4,,,,4,1,4
"dot/dot_fp8_e4m3_fp8_e4m3_fp32_8x4x8_1x4x4_neonfp8dot4/32/8/real_time",,,,,,,,false,"Unsupported hardware",8,8,4,,,,4,1,4
"dot/dot_fp8_e4m3_fp8_e4m3_fp32_8x4x8_1x4x4_neonfp8dot4/32/144/real_time",,,,,,,,false,"Unsupported hardware",8,8,4,,,,4,1,4
"dot/dot_fp8_e4m3_fp8_e4m3_fp32_8x4x8_1x4x4_neonfp8dot4/32/288/real_time",,,,,,,,false,"Unsupported hardware",8,8,4,,,,4,1,4
"dot/dot_fp8_e4m3_fp8_e4m3_fp32_8x4x8_1x4x4_neonfp8dot4/32/432/real_time",,,,,,,,false,"Unsupported hardware",8,8,4,,,,4,1,4
"dot/dot_fp8_e4m3_fp8_e4m3_fp32_8x4x8_1x4x4_neonfp8dot4/32/584/real_time",,,,,,,,false,"Unsupported hardware",8,8,4,,,,4,1,4
"dot/dot_int8_int2_int32_2x32x8_2x4x8_neoni8mm/32/8/real_time",1588366,88.3667,86.6379,ns,,,"2x32x8",,,8,2,32,8,2,32,8,2,4
"dot/dot_int8_int2_int32_2x32x8_2x4x8_neoni8mm/32/608/real_time",81867,1439.2,1418.65,ns,,,"2x32x608",,,8,2,32,608,2,32,8,2,4
"dot/dot_int8_int2_int32_2x32x8_2x4x8_neoni8mm/32/1216/real_time",52730,2646.82,2613.52,ns,,,"2x32x1216",,,8,2,32,1216,2,32,8,2,4
"dot/dot_int8_int2_int32_2x32x8_2x4x8_neoni8mm/32/1824/real_time",35507,3942.69,3888.16,ns,,,"2x32x1824",,,8,2,32,1824,2,32,8,2,4
"dot/dot_int8_int2_int32_2x32x8_2x4x8_neoni8mm/32/2432/real_time",26606,5239.87,5165.45,ns,,,"2x32x2432",,,8,2,32,2432,2,32,8,2,4
"dot/dot_int8_int2_int32_2x32x8_2x4x8_neoni8mm/64/8/real_time",1340702,103.839,102.388,ns,,,"2x64x8",,,8,2,32,8,2,64,8,2,4
"dot/dot_int8_int2_int32_2x32x8_2x4x8_neoni8mm/64/328/real_time",96923,1439.15,1422.89,ns,,,"2x64x328",,,8,2,32,328,2,64,8,2,4
"dot/dot_int8_int2_int32_2x32x8_2x4x8_neoni8mm/64/664/real_time",49533,2839.44,2795.9,ns,,,"2x64x664",,,8,2,32,664,2,64,8,2,4
"dot/dot_int8_int2_int32_2x32x8_2x4x8_neoni8mm/64/1000/real_time",33177,4245.66,4174.63,ns,,,"2x64x1000",,,8,2,32,1000,2,64,8,2,4
"dot/dot_int8_int2_int32_2x32x8_2x4x8_neoni8mm/64/1336/real_time",24807,5631.05,5547.88,ns,,,"2x64x1336",,,8,2,32,1336,2,64,8,2,4
"dot/dot_int8_int2_int32_2x32x8_2x4x8_neoni8mm/128/8/real_time",816212,171.286,168.953,ns,,,"2x128x8",,,8,2,32,8,2,128,8,2,4
"dot/dot_int8_int2_int32_2x32x8_2x4x8_neoni8mm/128/168/real_time",92249,1513.24,1491.02,ns,,,"2x128x168",,,8,2,32,168,2,128,8,2,4
"dot/dot_int8_int2_int32_2x32x8_2x4x8_neoni8mm/128/344/real_time",46926,2985.14,2939.36,ns,,,"2x128x344",,,8,2,32,344,2,128,8,2,4
"dot/dot_int8_int2_int32_2x32x8_2x4x8_neoni8mm/128/512/real_time",31542,4380.91,4314.79,ns,,,"2x128x512",,,8,2,32,512,2,128,8,2,4
"dot/dot_int8_int2_int32_2x32x8_2x4x8_neoni8mm/128/688/real_time",23958,5838.18,5754.17,ns,,,"2x128x688",,,8,2,32,688,2,128,8,2,4
"dot/dot_int8_int2_int32_2x32x8_2x4x8_neoni8mm/256/8/real_time",455474,306.786,301.736,ns,,,"2x256x8",,,8,2,32,8,2,256,8,2,4
"dot/dot_int8_int2_int32_2x32x8_2x4x8_neoni8mm/256/80/real_time",92618,1509.64,1487.37,ns,,,"2x256x80",,,8,2,32,80,2,256,8,2,4
"dot/dot_int8_int2_int32_2x32x8_2x4x8_neoni8mm/256/168/real_time",45713,2977.53,2932.29,ns,,,"2x256x168",,,8,2,32,168,2,256,8,2,4
"dot/dot_int8_int2_int32_2x32x8_2x4x8_neoni8mm/256/248/real_time",32428,4311.52,4260.32,ns,,,"2x256x248",,,8,2,32,248,2,256,8,2,4
"dot/dot_int8_int2_int32_2x32x8_2x4x8_neoni8mm/256/336/real_time",24236,5782.49,5705.92,ns,,,"2x256x336",,,8,2,32,336,2,256,8,2,4
"dot/dot_int8_int2_int32_4x16x8_2x4x8_neoni8mm/16/8/real_time",1968988,70.9152,69.7915,ns,,,"4x16x8",,,8,4,16,8,4,16,8,2,4
"dot/dot_int8_int2_int32_4x16x8_2x4x8_neoni8mm/16/760/real_time",125292,1109.3,1094.03,ns,,,"4x16x760",,,8,4,16,760,4,16,8,2,4
"dot/dot_int8_int2_int32_4x16x8_2x4x8_neoni8mm/16/1520/real_time",65087,2165.69,2123.61,ns,,,"4x16x1520",,,8,4,16,1520,4,16,8,2,4
"dot/dot_int8_int2_int32_4x16x8_2x4x8_neoni8mm/16/2280/real_time",43572,3199.58,3152.43,ns,,,"4x16x2280",,,8,4,16,2280,4,16,8,2,4
"dot/dot_int8_int2_int32_4x16x8_2x4x8_neoni8mm/16/3040/real_time",32955,4240.57,4182.05,ns,,,"4x16x3040",,,8,4,16,3040,4,16,8,2,4
"dot/dot_int8_int2_int32_4x16x8_2x4x8_neoni8mm/32/8/real_time",1360930,101.472,99.6766,ns,,,"4x32x8",,,8,4,16,8,4,32,8,2,4
"dot/dot_int8_int2_int32_4x16x8_2x4x8_neoni8mm/32/496/real_time",95701,1455.42,1432.51,ns,,,"4x32x496",,,8,4,16,496,4,32,8,2,4
"dot/dot_int8_int2_int32_4x16x8_2x4x8_neoni8mm/32/1000/real_time",49433,2825.45,2797.88,ns,,,"4x32x1000",,,8,4,16,1000,4,32,8,2,4
"dot/dot_int8_int2_int32_4x16x8_2x4x8_neoni8mm/32/1496/real_time",33199,4184.33,4138.52,ns,,,"4x32x1496",,,8,4,16,1496,4,32,8,2,4
"dot/dot_int8_int2_int32_4x16x8_2x4x8_neoni8mm/32/2000/real_time",25033,5569.99,5507.23,ns,,,"4x32x2000",,,8,4,16,2000,4,32,8,2,4
"dot/dot_int8_int2_int32_4x16x8_2x4x8_neoni8mm/64/8/real_time",867869,161.093,159.322,ns,,,"4x64x8",,,8,4,16,8,4,64,8,2,4
"dot/dot_int8_int2_int32_4x16x8_2x4x8_neoni8mm/64/288/real_time",84113,1668.5,1652.65,ns,,,"4x64x288",,,8,4,16,288,4,64,8,2,4
"dot/dot_int8_int2_int32_4x16x8_2x4x8_neoni8mm/64/584/real_time",42837,3279.7,3235.03,ns,,,"4x64x584",,,8,4,16,584,4,64,8,2,4
"dot/dot_int8_int2_int32_4x16x8_2x4x8_neoni8mm/64/880/real_time",28875,4859.45,4805.93,ns,,,"4x64x880",,,8,4,16,880,4,64,8,2,4
"dot/dot_int8_int2_int32_4x16x8_2x4x8_neoni8mm/64/1176/real_time",20889,6769.23,6399.26,ns,,,"4x64x1176",,,8,4,16,1176,4,64,8,2,4
"dot/dot_int8_int2_int32_4x16x8_2x4x8_neoni8mm/128/8/real_time",497461,285.018,278.713,ns,,,"4x128x8",,,8,4,16,8,4,128,8,2,4
"dot/dot_int8_int2_int32_4x16x8_2x4x8_neoni8mm/128/152/real_time",76314,1837.44,1817.17,ns,,,"4x128x152",,,8,4,16,152,4,128,8,2,4
"dot/dot_int8_int2_int32_4x16x8_2x4x8_neoni8mm/128/312/real_time",39224,3632.49,3543.86,ns,,,"4x128x312",,,8,4,16,312,4,128,8,2,4
"dot/dot_int8_int2_int32_4x16x8_2x4x8_neoni8mm/128/464/real_time",26839,5219.71,5154.82,ns,,,"4x128x464",,,8,4,16,464,4,128,8,2,4
"dot/dot_int8_int2_int32_4x16x8_2x4x8_neoni8mm/128/624/real_time",20188,6939.89,6855.28,ns,,,"4x128x624",,,8,4,16,624,4,128,8,2,4
"dot/dot_int8_int2_int32_4x8x8_2x4x8_neoni8mm/8/8/real_time",2388679,57.6717,56.7619,ns,,,"4x8x8",,,8,4,8,8,4,8,8,2,4
"dot/dot_int8_int2_int32_4x8x8_2x4x8_neoni8mm/8/1016/real_time",122783,1089.5,1079.56,ns,,,"4x8x1016",,,8,4,8,1016,4,8,8,2,4
"dot/dot_int8_int2_int32_4x8x8_2x4x8_neoni8mm/8/2032/real_time",65905,2127.71,2104.33,ns,,,"4x8x2032",,,8,4,8,2032,4,8,8,2,4
"dot/dot_int8_int2_int32_4x8x8_2x4x8_neoni8mm/8/3048/real_time",44076,3159.82,3129.21,ns,,,"4x8x3048",,,8,4,8,3048,4,8,8,2,4
"dot/dot_int8_int2_int32_4x8x8_2x4x8_neoni8mm/8/4072/real_time",33103,4211.48,4162.71,ns,,,"4x8x4072",,,8,4,8,4072,4,8,8,2,4
"dot/dot_int8_int2_int32_4x8x8_2x4x8_neoni8mm/16/8/real_time",1785495,78.0864,77.3131,ns,,,"4x16x8",,,8,4,8,8,4,16,8,2,4
"dot/dot_int8_int2_int32_4x8x8_2x4x8_neoni8mm/16/760/real_time",85472,1626.25,1608.32,ns,,,"4x16x760",,,8,4,8,760,4,16,8,2,4
"dot/dot_int8_int2_int32_4x8x8_2x4x8_neoni8mm/16/1520/real_time",44282,3164.86,3136.95,ns,,,"4x16x1520",,,8,4,8,1520,4,16,8,2,4
"dot/dot_int8_int2_int32_4x8x8_2x4x8_neoni8mm/16/2280/real_time",29705,4749.1,4679.47,ns,,,"4x16x2280",,,8,4,8,2280,4,16,8,2,4
"dot/dot_int8_int2_int32_4x8x8_2x4x8_neoni8mm/16/3040/real_time",22235,6373.45,6209.72,ns,,,"4x16x3040",,,8,4,8,3040,4,16,8,2,4
"dot/dot_int8_int2_int32_4x8x8_2x4x8_neoni8mm/32/8/real_time",1163878,119.34,117.395,ns,,,"4x32x8",,,8,4,8,8,4,32,8,2,4
"dot/dot_int8_int2_int32_4x8x8_2x4x8_neoni8mm/32/496/real_time",65456,2132.26,2107.5,ns,,,"4x32x496",,,8,4,8,496,4,32,8,2,4
"dot/dot_int8_int2_int32_4x8x8_2x4x8_neoni8mm/32/1000/real_time",33482,4207.32,4144.03,ns,,,"4x32x1000",,,8,4,8,1000,4,32,8,2,4
"dot/dot_int8_int2_int32_4x8x8_2x4x8_neoni8mm/32/1496/real_time",22518,6291.09,6144.68,ns,,,"4x32x1496",,,8,4,8,1496,4,32,8,2,4
"dot/dot_int8_int2_int32_4x8x8_2x4x8_neoni8mm/32/2000/real_time",16740,8329.3,8194.96,ns,,,"4x32x2000",,,8,4,8,2000,4,32,8,2,4
"dot/dot_int8_int2_int32_4x8x8_2x4x8_neoni8mm/64/8/real_time",688812,201.051,198.183,ns,,,"4x64x8",,,8,4,8,8,4,64,8,2,4
"dot/dot_int8_int2_int32_4x8x8_2x4x8_neoni8mm/64/288/real_time",56327,2488.03,2461.98,ns,,,"4x64x288",,,8,4,8,288,4,64,8,2,4
"dot/dot_int8_int2_int32_4x8x8_2x4x8_neoni8mm/64/584/real_time",28710,4876.88,4821.29,ns,,,"4x64x584",,,8,4,8,584,4,64,8,2,4
"dot/dot_int8_int2_int32_4x8x8_2x4x8_neoni8mm/64/880/real_time",19234,7359.13,7183.96,ns,,,"4x64x880",,,8,4,8,880,4,64,8,2,4
"dot/dot_int8_int2_int32_4x8x8_2x4x8_neoni8mm/64/1176/real_time",14518,9637.42,9533.65,ns,,,"4x64x1176",,,8,4,8,1176,4,64,8,2,4
"dot/dot_int8_int2_int32_6x8x8_2x4x8_neoni8mm/8/8/real_time",1984083,70.3845,69.6842,ns,,,"6x8x8",,,8,6,8,8,6,8,8,2,4
"dot/dot_int8_int2_int32_6x8x8_2x4x8_neoni8mm/8/760/real_time",151046,924.841,916.528,ns,,,"6x8x760",,,8,6,8,760,6,8,8,2,4
"dot/dot_int8_int2_int32_6x8x8_2x4x8_neoni8mm/8/1520/real_time",78202,1800.33,1768.41,ns,,,"6x8x1520",,,8,6,8,1520,6,8,8,2,4
"dot/dot_int8_int2_int32_6x8x8_2x4x8_neoni8mm/8/2280/real_time",52531,2667.02,2626.29,ns,,,"6x8x2280",,,8,6,8,2280,6,8,8,2,4
"dot/dot_int8_int2_int32_6x8x8_2x4x8_neoni8mm/8/3048/real_time",39730,3516.12,3477.87,ns,,,"6x8x3048",,,8,6,8,3048,6,8,8,2,4
"dot/dot_int8_int2_int32_6x8x8_2x4x8_neoni8mm/16/8/real_time",1436655,97.558,96.2872,ns,,,"6x16x8",,,8,6,8,8,6,16,8,2,4
"dot/dot_int8_int2_int32_6x8x8_2x4x8_neoni8mm/16/600/real_time",97013,1470.46,1434.58,ns,,,"6x16x600",,,8,6,8,600,6,16,8,2,4
"dot/dot_int8_int2_int32_6x8x8_2x4x8_neoni8mm/16/1208/real_time",48798,2849.21,2802.74,ns,,,"6x16x1208",,,8,6,8,1208,6,16,8,2,4
"dot/dot_int8_int2_int32_6x8x8_2x4x8_neoni8mm/16/1808/real_time",33214,4198.03,4137.09,ns,,,"6x16x1808",,,8,6,8,1808,6,16,8,2,4
"dot/dot_int8_int2_int32_6x8x8_2x4x8_neoni8mm/16/2416/real_time",24507,5570.15,5500.98,ns,,,"6x16x2416",,,8,6,8,2416,6,16,8,2,4
"dot/dot_int8_int2_int32_6x8x8_2x4x8_neoni8mm/32/8/real_time",927280,157.928,150.767,ns,,,"6x32x8",,,8,6,8,8,6,32,8,2,4
"dot/dot_int8_int2_int32_6x8x8_2x4x8_neoni8mm/32/424/real_time",61919,2268.6,2052.52,ns,,,"6x32x424",,,8,6,8,424,6,32,8,2,4
"dot/dot_int8_int2_int32_6x8x8_2x4x8_neoni8mm/32/848/real_time",35233,3971.55,3933.09,ns,,,"6x32x848",,,8,6,8,848,6,32,8,2,4
"dot/dot_int8_int2_int32_6x8x8_2x4x8_neoni8mm/32/1272/real_time",23697,5941.82,5847.73,ns,,,"6x32x1272",,,8,6,8,1272,6,32,8,2,4
"dot/dot_int8_int2_int32_6x8x8_2x4x8_neoni8mm/32/1696/real_time",17788,7831.75,7732.55,ns,,,"6x32x1696",,,8,6,8,1696,6,32,8,2,4
"dot/dot_int8_int2_int32_6x8x8_2x4x8_neoni8mm/64/8/real_time",537532,259.832,256.494,ns,,,"6x64x8",,,8,6,8,8,6,64,8,2,4
"dot/dot_int8_int2_int32_6x8x8_2x4x8_neoni8mm/64/256/real_time",55809,2518.06,2485.89,ns,,,"6x64x256",,,8,6,8,256,6,64,8,2,4
"dot/dot_int8_int2_int32_6x8x8_2x4x8_neoni8mm/64/520/real_time",28632,4883.51,4824.26,ns,,,"6x64x520",,,8,6,8,520,6,64,8,2,4
"dot/dot_int8_int2_int32_6x8x8_2x4x8_neoni8mm/64/776/real_time",19479,7185.14,7090.92,ns,,,"6x64x776",,,8,6,8,776,6,64,8,2,4
"dot/dot_int8_int2_int32_6x8x8_2x4x8_neoni8mm/64/1040/real_time",14623,9549.77,9425.38,ns,,,"6x64x1040",,,8,6,8,1040,6,64,8,2,4
"dot/dot_int8_int2_int32_8x8x8_2x4x8_neoni8mm/8/8/real_time",1615133,86.7247,85.6274,ns,,,"8x8x8",,,8,8,8,8,8,8,8,2,4
"dot/dot_int8_int2_int32_8x8x8_2x4x8_neoni8mm/8/608/real_time",165697,838.216,828.696,ns,,,"8x8x608",,,8,8,8,608,8,8,8,2,4
"dot/dot_int8_int2_int32_8x8x8_2x4x8_neoni8mm/8/1216/real_time",87841,1596.1,1576.62,ns,,,"8x8x1216",,,8,8,8,1216,8,8,8,2,4
"dot/dot_int8_int2_int32_8x8x8_2x4x8_neoni8mm/8/1824/real_time",59485,2348.01,2324.37,ns,,,"8x8x1824",,,8,8,8,1824,8,8,8,2,4
"dot/dot_int8_int2_int32_8x8x8_2x4x8_neoni8mm/8/2432/real_time",45053,3098.66,3071.21,ns,,,"8x8x2432",,,8,8,8,2432,8,8,8,2,4
"dot/dot_int8_int2_int32_8x8x8_2x4x8_neoni8mm/16/8/real_time",1159861,120.134,119.069,ns,,,"8x16x8",,,8,8,8,8,8,16,8,2,4
"dot/dot_int8_int2_int32_8x8x8_2x4x8_neoni8mm/16/496/real_time",103381,1344.36,1329.23,ns,,,"8x16x496",,,8,8,8,496,8,16,8,2,4
"dot/dot_int8_int2_int32_8x8x8_2x4x8_neoni8mm/16/1000/real_time",53795,2599.26,2572.61,ns,,,"8x16x1000",,,8,8,8,1000,8,16,8,2,4
"dot/dot_int8_int2_int32_8x8x8_2x4x8_neoni8mm/16/1496/real_time",36325,3834.37,3791.84,ns,,,"8x16x1496",,,8,8,8,1496,8,16,8,2,4
"dot/dot_int8_int2_int32_8x8x8_2x4x8_neoni8mm/16/2000/real_time",27348,5099.34,5038.9,ns,,,"8x16x2000",,,8,8,8,2000,8,16,8,2,4
"dot/dot_int8_int2_int32_8x8x8_2x4x8_neoni8mm/32/8/real_time",749814,186.591,184.747,ns,,,"8x32x8",,,8,8,8,8,8,32,8,2,4
"dot/dot_int8_int2_int32_8x8x8_2x4x8_neoni8mm/32/368/real_time",69892,2006.24,1980.91,ns,,,"8x32x368",,,8,8,8,368,8,32,8,2,4
"dot/dot_int8_int2_int32_8x8x8_2x4x8_neoni8mm/32/736/real_time",36554,3829.87,3789.15,ns,,,"8x32x736",,,8,8,8,736,8,32,8,2,4
"dot/dot_int8_int2_int32_8x8x8_2x4x8_neoni8mm/32/1104/real_time",24707,5663.79,5599.09,ns,,,"8x32x1104",,,8,8,8,1104,8,32,8,2,4
"dot/dot_int8_int2_int32_8x8x8_2x4x8_neoni8mm/32/1472/real_time",18688,7527.79,7411.31,ns,,,"8x32x1472",,,8,8,8,1472,8,32,8,2,4
"dot/dot_int8_int2_int32_8x8x8_2x4x8_neoni8mm/64/8/real_time",436618,319.588,315.855,ns,,,"8x64x8",,,8,8,8,8,8,64,8,2,4
"dot/dot_int8_int2_int32_8x8x8_2x4x8_neoni8mm/64/232/real_time",54739,2564.69,2533.29,ns,,,"8x64x232",,,8,8,8,232,8,64,8,2,4
"dot/dot_int8_int2_int32_8x8x8_2x4x8_neoni8mm/64/464/real_time",28805,4856.51,4794.59,ns,,,"8x64x464",,,8,8,8,464,8,64,8,2,4
"dot/dot_int8_int2_int32_8x8x8_2x4x8_neoni8mm/64/696/real_time",19573,7176.44,7060.31,ns,,,"8x64x696",,,8,8,8,696,8,64,8,2,4
"dot/dot_int8_int2_int32_8x8x8_2x4x8_neoni8mm/64/936/real_time",14781,9493.14,9385.73,ns,,,"8x64x936",,,8,8,8,936,8,64,8,2,4
"dot/dot_int8_int2_int32_10x8x8_2x4x8_neoni8mm/8/8/real_time",1358564,103.546,102.277,ns,,,"10x8x8",,,8,10,8,8,10,8,8,2,4
"dot/dot_int8_int2_int32_10x8x8_2x4x8_neoni8mm/8/504/real_time",180071,780.365,771.019,ns,,,"10x8x504",,,8,10,8,504,10,8,8,2,4
"dot/dot_int8_int2_int32_10x8x8_2x4x8_neoni8mm/8/1008/real_time",95224,1460.6,1447.36,ns,,,"10x8x1008",,,8,10,8,1008,10,8,8,2,4
"dot/dot_int8_int2_int32_10x8x8_2x4x8_neoni8mm/8/1512/real_time",65450,2143.26,2122.28,ns,,,"10x8x1512",,,8,10,8,1512,10,8,8,2,4
"dot/dot_int8_int2_int32_10x8x8_2x4x8_neoni8mm/8/2016/real_time",49264,2837.03,2799.06,ns,,,"10x8x2016",,,8,10,8,2016,10,8,8,2,4
"dot/dot_int8_int2_int32_10x8x8_2x4x8_neoni8mm/16/8/real_time",957480,145.37,143.405,ns,,,"10x16x8",,,8,10,8,8,10,16,8,2,4
"dot/dot_int8_int2_int32_10x8x8_2x4x8_neoni8mm/16/424/real_time",108009,1287.69,1272.54,ns,,,"10x16x424",,,8,10,8,424,10,16,8,2,4
"dot/dot_int8_int2_int32_10x8x8_2x4x8_neoni8mm/16/848/real_time",57514,2438.38,2409.83,ns,,,"10x16x848",,,8,10,8,848,10,16,8,2,4
"dot/dot_int8_int2_int32_10x8x8_2x4x8_neoni8mm/16/1272/real_time",38881,3586.46,3544.68,ns,,,"10x16x1272",,,8,10,8,1272,10,16,8,2,4
"dot/dot_int8_int2_int32_10x8x8_2x4x8_neoni8mm/16/1704/real_time",29498,4744.06,4699.21,ns,,,"10x16x1704",,,8,10,8,1704,10,16,8,2,4
"dot/dot_int8_int2_int32_10x8x8_2x4x8_neoni8mm/32/8/real_time",613713,228.094,225.585,ns,,,"10x32x8",,,8,10,8,8,10,32,8,2,4
"dot/dot_int8_int2_int32_10x8x8_2x4x8_neoni8mm/32/320/real_time",71958,1949.96,1925.71,ns,,,"10x32x320",,,8,10,8,320,10,32,8,2,4
"dot/dot_int8_int2_int32_10x8x8_2x4x8_neoni8mm/32/640/real_time",37989,3680.38,3641.13,ns,,,"10x32x640",,,8,10,8,640,10,32,8,2,4
"dot/dot_int8_int2_int32_10x8x8_2x4x8_neoni8mm/32/960/real_time",25792,5426.3,5357.14,ns,,,"10x32x960",,,8,10,8,960,10,32,8,2,4
"dot/dot_int8_int2_int32_10x8x8_2x4x8_neoni8mm/32/1288/real_time",19475,7230.32,7120.35,ns,,,"10x32x1288",,,8,10,8,1288,10,32,8,2,4
"dot/dot_int8_int2_int32_10x8x8_2x4x8_neoni8mm/64/8/real_time",352550,397.347,393.485,ns,,,"10x64x8",,,8,10,8,8,10,64,8,2,4
"dot/dot_int8_int2_int32_10x8x8_2x4x8_neoni8mm/64/208/real_time",54160,2586.13,2560.51,ns,,,"10x64x208",,,8,10,8,208,10,64,8,2,4
"dot/dot_int8_int2_int32_10x8x8_2x4x8_neoni8mm/64/416/real_time",29085,4832.5,4775.52,ns,,,"10x64x416",,,8,10,8,416,10,64,8,2,4
"dot/dot_int8_int2_int32_10x8x8_2x4x8_neoni8mm/64/624/real_time",19648,7085.16,6980.14,ns,,,"10x64x624",,,8,10,8,624,10,64,8,2,4
"dot/dot_int8_int2_int32_10x8x8_2x4x8_neoni8mm/64/840/real_time",14928,9369.26,9270.77,ns,,,"10x64x840",,,8,10,8,840,10,64,8,2,4
"dot/dot_int8_int2_int32_16x4x8_2x4x8_neoni8mm/4/8/real_time",1154133,122.019,120.735,ns,,,"16x4x8",,,8,16,4,8,16,4,8,2,4
"dot/dot_int8_int2_int32_16x4x8_2x4x8_neoni8mm/4/352/real_time",252198,557.315,549.446,ns,,,"16x4x352",,,8,16,4,352,16,4,8,2,4
"dot/dot_int8_int2_int32_16x4x8_2x4x8_neoni8mm/4/712/real_time",131437,1030.38,1017.64,ns,,,"16x4x712",,,8,16,4,712,16,4,8,2,4
"dot/dot_int8_int2_int32_16x4x8_2x4x8_neoni8mm/4/1064/real_time",98171,1431.25,1414.22,ns,,,"16x4x1064",,,8,16,4,1064,16,4,8,2,4
"dot/dot_int8_int2_int32_16x4x8_2x4x8_neoni8mm/4/1424/real_time",74664,1873.06,1854.95,ns,,,"16x4x1424",,,8,16,4,1424,16,4,8,2,4
"dot/dot_int8_int2_int32_16x4x8_2x4x8_neoni8mm/8/8/real_time",825249,169.678,167.995,ns,,,"16x8x8",,,8,16,4,8,16,8,8,2,4
"dot/dot_int8_int2_int32_16x4x8_2x4x8_neoni8mm/8/328/real_time",142739,980.713,967.948,ns,,,"16x8x328",,,8,16,4,328,16,8,8,2,4
"dot/dot_int8_int2_int32_16x4x8_2x4x8_neoni8mm/8/664/real_time",74806,1860.08,1835.01,ns,,,"16x8x664",,,8,16,4,664,16,8,8,2,4
"dot/dot_int8_int2_int32_16x4x8_2x4x8_neoni8mm/8/1000/real_time",52981,2629.88,2602.72,ns,,,"16x8x1000",,,8,16,4,1000,16,8,8,2,4
"dot/dot_int8_int2_int32_16x4x8_2x4x8_neoni8mm/8/1336/real_time",40422,3470.59,3428.13,ns,,,"16x8x1336",,,8,16,4,1336,16,8,8,2,4
"dot/dot_int8_int2_int32_16x4x8_2x4x8_neoni8mm/16/8/real_time",535640,262.423,258.946,ns,,,"16x16x8",,,8,16,4,8,16,16,8,2,4
"dot/dot_int8_int2_int32_16x4x8_2x4x8_neoni8mm/16/288/real_time",84442,1669.09,1648.17,ns,,,"16x16x288",,,8,16,4,288,16,16,8,2,4
"dot/dot_int8_int2_int32_16x4x8_2x4x8_neoni8mm/16/584/real_time",43276,3243.88,3202.44,ns,,,"16x16x584",,,8,16,4,584,16,16,8,2,4
"dot/dot_int8_int2_int32_16x4x8_2x4x8_neoni8mm/16/880/real_time",30280,4596.46,4543.23,ns,,,"16x16x880",,,8,16,4,880,16,16,8,2,4
"dot/dot_int8_int2_int32_16x4x8_2x4x8_neoni8mm/16/1176/real_time",23118,6083.69,5999.38,ns,,,"16x16x1176",,,8,16,4,1176,16,16,8,2,4
"dot/dot_int8_int2_int32_16x4x8_2x4x8_neoni8mm/32/8/real_time",315002,445.79,440.933,ns,,,"16x32x8",,,8,16,4,8,16,32,8,2,4
"dot/dot_int8_int2_int32_16x4x8_2x4x8_neoni8mm/32/232/real_time",51157,2721.03,2699.17,ns,,,"16x32x232",,,8,16,4,232,16,32,8,2,4
"dot/dot_int8_int2_int32_16x4x8_2x4x8_neoni8mm/32/464/real_time",27092,5161.7,5112.49,ns,,,"16x32x464",,,8,16,4,464,16,32,8,2,4
"dot/dot_int8_int2_int32_16x4x8_2x4x8_neoni8mm/32/696/real_time",18571,7573.42,7463.9,ns,,,"16x32x696",,,8,16,4,696,16,32,8,2,4
"dot/dot_int8_int2_int32_16x4x8_2x4x8_neoni8mm/32/936/real_time",14511,9641.81,9553.86,ns,,,"16x32x936",,,8,16,4,936,16,32,8,2,4
"dot/dot_int8_int4_int32_2x32x8_2x4x8_neoni8mm/32/8/real_time",2137022,65.6175,64.8299,ns,,,"2x32x8",,,8,2,32,8,2,32,8,2,4
"dot/dot_int8_int4_int32_2x32x8_2x4x8_neoni8mm/32/336/real_time",186928,748.373,740.522,ns,,,"2x32x336",,,8,2,32,336,2,32,8,2,4
"dot/dot_int8_int4_int32_2x32x8_2x4x8_neoni8mm/32/672/real_time",96461,1443.06,1428.18,ns,,,"2x32x672",,,8,2,32,672,2,32,8,2,4
"dot/dot_int8_int4_int32_2x32x8_2x4x8_neoni8mm/32/1008/real_time",64001,2139.12,2114.89,ns,,,"2x32x1008",,,8,2,32,1008,2,32,8,2,4
"dot/dot_int8_int4_int32_2x32x8_2x4x8_neoni8mm/32/1344/real_time",49235,2832.13,2802.58,ns,,,"2x32x1344",,,8,2,32,1344,2,32,8,2,4
"dot/dot_int8_int4_int32_2x32x8_2x4x8_neoni8mm/64/8/real_time",1384554,100.124,98.9612,ns,,,"2x64x8",,,8,2,32,8,2,64,8,2,4
"dot/dot_int8_int4_int32_2x32x8_2x4x8_neoni8mm/64/176/real_time",175501,809.309,796.504,ns,,,"2x64x176",,,8,2,32,176,2,64,8,2,4
"dot/dot_int8_int4_int32_2x32x8_2x4x8_neoni8mm/64/352/real_time",91219,1537.02,1519.31,ns,,,"2x64x352",,,8,2,32,352,2,64,8,2,4
"dot/dot_int8_int4_int32_2x32x8_2x4x8_neoni8mm/64/528/real_time",61868,2266.53,2237.22,ns,,,"2x64x528",,,8,2,32,528,2,64,8,2,4
"dot/dot_int8_int4_int32_2x32x8_2x4x8_neoni8mm/64/704/real_time",46815,2997.47,2954.42,ns,,,"2x64x704",,,8,2,32,704,2,64,8,2,4
"dot/dot_int8_int4_int32_2x32x8_2x4x8_neoni8mm/128/8/real_time",839140,167.382,165.56,ns,,,"2x128x8",,,8,2,32,8,2,128,8,2,4
"dot/dot_int8_int4_int32_2x32x8_2x4x8_neoni8mm/128/88/real_time",167816,831.642,822.153,ns,,,"2x128x88",,,8,2,32,88,2,128,8,2,4
"dot/dot_int8_int4_int32_2x32x8_2x4x8_neoni8mm/128/176/real_time",89345,1564.42,1547.75,ns,,,"2x128x176",,,8,2,32,176,2,128,8,2,4
"dot/dot_int8_int4_int32_2x32x8_2x4x8_neoni8mm/128/264/real_time",60795,2288.95,2264,ns,,,"2x128x264",,,8,2,32,264,2,128,8,2,4
"dot/dot_int8_int4_int32_2x32x8_2x4x8_neoni8mm/128/352/real_time",46070,3030.27,2999.27,ns,,,"2x128x352",,,8,2,32,352,2,128,8,2,4
"dot/dot_int8_int4_int32_2x32x8_2x4x8_neoni8mm/256/8/real_time",464070,301.244,298.412,ns,,,"2x256x8",,,8,2,32,8,2,256,8,2,4
"dot/dot_int8_int4_int32_2x32x8_2x4x8_neoni8mm/256/40/real_time",167662,836.642,825.273,ns,,,"2x256x40",,,8,2,32,40,2,256,8,2,4
"dot/dot_int8_int4_int32_2x32x8_2x4x8_neoni8mm/256/80/real_time",93477,1496.51,1480.46,ns,,,"2x256x80",,,8,2,32,80,2,256,8,2,4
"dot/dot_int8_int4_int32_2x32x8_2x4x8_neoni8mm/256/120/real_time",64675,2155.98,2134.42,ns,,,"2x256x120",,,8,2,32,120,2,256,8,2,4
"dot/dot_int8_int4_int32_2x32x8_2x4x8_neoni8mm/256/168/real_time",47209,2967.26,2944.64,ns,,,"2x256x168",,,8,2,32,168,2,256,8,2,4
"dot/dot_int8_int4_int32_4x16x8_2x4x8_neoni8mm/16/8/real_time",1984194,70.5136,69.9098,ns,,,"4x16x8",,,8,4,16,8,4,16,8,2,4
"dot/dot_int8_int4_int32_4x16x8_2x4x8_neoni8mm/16/504/real_time",175254,799.512,788.35,ns,,,"4x16x504",,,8,4,16,504,4,16,8,2,4
"dot/dot_int8_int4_int32_4x16x8_2x4x8_neoni8mm/16/1008/real_time",91211,1540.25,1513.44,ns,,,"4x16x1008",,,8,4,16,1008,4,16,8,2,4
"dot/dot_int8_int4_int32_4x16x8_2x4x8_neoni8mm/16/1512/real_time",62101,2333.97,2300.86,ns,,,"4x16x1512",,,8,4,16,1512,4,16,8,2,4
"dot/dot_int8_int4_int32_4x16x8_2x4x8_neoni8mm/16/2024/real_time",46397,3002.11,2972.27,ns,,,"4x16x2024",,,8,4,16,2024,4,16,8,2,4
"dot/dot_int8_int4_int32_4x16x8_2x4x8_neoni8mm/32/8/real_time",1366944,101.879,100.821,ns,,,"4x32x8",,,8,4,16,8,4,32,8,2,4
"dot/dot_int8_int4_int32_4x16x8_2x4x8_neoni8mm/32/296/real_time",148414,943.753,933.241,ns,,,"4x32x296",,,8,4,16,296,4,32,8,2,4
"dot/dot_int8_int4_int32_4x16x8_2x4x8_neoni8mm/32/600/real_time",76399,1830.89,1810.9,ns,,,"4x32x600",,,8,4,16,600,4,32,8,2,4
"dot/dot_int8_int4_int32_4x16x8_2x4x8_neoni8mm/32/896/real_time",51899,2708.74,2669.6,ns,,,"4x32x896",,,8,4,16,896,4,32,8,2,4
"dot/dot_int8_int4_int32_4x16x8_2x4x8_neoni8mm/32/1200/real_time",39200,3574.65,3538.95,ns,,,"4x32x1200",,,8,4,16,1200,4,32,8,2,4
"dot/dot_int8_int4_int32_4x16x8_2x4x8_neoni8mm/64/8/real_time",851360,164.292,162.707,ns,,,"4x64x8",,,8,4,16,8,4,64,8,2,4
"dot/dot_int8_int4_int32_4x16x8_2x4x8_neoni8mm/64/160/real_time",130774,1056.89,1044.74,ns,,,"4x64x160",,,8,4,16,160,4,64,8,2,4
"dot/dot_int8_int4_int32_4x16x8_2x4x8_neoni8mm/64/320/real_time",70310,2001.42,1978.39,ns,,,"4x64x320",,,8,4,16,320,4,64,8,2,4
"dot/dot_int8_int4_int32_4x16x8_2x4x8_neoni8mm/64/480/real_time",47767,2932.8,2900.11,ns,,,"4x64x480",,,8,4,16,480,4,64,8,2,4
"dot/dot_int8_int4_int32_4x16x8_2x4x8_neoni8mm/64/648/real_time",35567,3899.58,3861.8,ns,,,"4x64x648",,,8,4,16,648,4,64,8,2,4
"dot/dot_int8_int4_int32_4x16x8_2x4x8_neoni8mm/128/8/real_time",487145,288.434,285.102,ns,,,"4x128x8",,,8,4,16,8,4,128,8,2,4
"dot/dot_int8_int4_int32_4x16x8_2x4x8_neoni8mm/128/80/real_time",123228,1128.26,1116.87,ns,,,"4x128x80",,,8,4,16,80,4,128,8,2,4
"dot/dot_int8_int4_int32_4x16x8_2x4x8_neoni8mm/128/160/real_time",67627,2060.53,2040.55,ns,,,"4x128x160",,,8,4,16,160,4,128,8,2,4
"dot/dot_int8_int4_int32_4x16x8_2x4x8_neoni8mm/128/240/real_time",44664,3156.58,3115.11,ns,,,"4x128x240",,,8,4,16,240,4,128,8,2,4
"dot/dot_int8_int4_int32_4x16x8_2x4x8_neoni8mm/128/328/real_time",34582,4046.74,4002.99,ns,,,"4x128x328",,,8,4,16,328,4,128,8,2,4
"dot/dot_int8_int4_int32_6x16x8_2x4x8_neoni8mm/16/8/real_time",1451990,97.0708,95.5116,ns,,,"6x16x8",,,8,6,16,8,6,16,8,2,4
"dot/dot_int8_int4_int32_6x16x8_2x4x8_neoni8mm/16/432/real_time",119194,1172.11,1156.26,ns,,,"6x16x432",,,8,6,16,432,6,16,8,2,4
"dot/dot_int8_int4_int32_6x16x8_2x4x8_neoni8mm/16/864/real_time",61633,2260.78,2231.72,ns,,,"6x16x864",,,8,6,16,864,6,16,8,2,4
"dot/dot_int8_int4_int32_6x16x8_2x4x8_neoni8mm/16/1296/real_time",41846,3340.68,3303.49,ns,,,"6x16x1296",,,8,6,16,1296,6,16,8,2,4
"dot/dot_int8_int4_int32_6x16x8_2x4x8_neoni8mm/16/1728/real_time",31600,4426.7,4378.4,ns,,,"6x16x1728",,,8,6,16,1728,6,16,8,2,4
"dot/dot_int8_int4_int32_6x16x8_2x4x8_neoni8mm/32/8/real_time",957238,144.985,143.237,ns,,,"6x32x8",,,8,6,16,8,6,32,8,2,4
"dot/dot_int8_int4_int32_6x16x8_2x4x8_neoni8mm/32/264/real_time",97147,1435.31,1418.78,ns,,,"6x32x264",,,8,6,16,264,6,32,8,2,4
"dot/dot_int8_int4_int32_6x16x8_2x4x8_neoni8mm/32/536/real_time",49745,2821.62,2788.83,ns,,,"6x32x536",,,8,6,16,536,6,32,8,2,4
"dot/dot_int8_int4_int32_6x16x8_2x4x8_neoni8mm/32/808/real_time",33395,4178.82,4140.75,ns,,,"6x32x808",,,8,6,16,808,6,32,8,2,4
"dot/dot_int8_int4_int32_6x16x8_2x4x8_neoni8mm/32/1080/real_time",25230,5551.04,5494.88,ns,,,"6x32x1080",,,8,6,16,1080,6,32,8,2,4
"dot/dot_int8_int4_int32_6x16x8_2x4x8_neoni8mm/64/8/real_time",576323,242.509,239.642,ns,,,"6x64x8",,,8,6,16,8,6,64,8,2,4
"dot/dot_int8_int4_int32_6x16x8_2x4x8_neoni8mm/64/144/real_time",85761,1629.5,1611.04,ns,,,"6x64x144",,,8,6,16,144,6,64,8,2,4
"dot/dot_int8_int4_int32_6x16x8_2x4x8_neoni8mm/64/296/real_time",44352,3156.42,3120.77,ns,,,"6x64x296",,,8,6,16,296,6,64,8,2,4
"dot/dot_int8_int4_int32_6x16x8_2x4x8_neoni8mm/64/448/real_time",29797,4704.72,4643.43,ns,,,"6x64x448",,,8,6,16,448,6,64,8,2,4
"dot/dot_int8_int4_int32_6x16x8_2x4x8_neoni8mm/64/600/real_time",22517,6223.19,6155.91,ns,,,"6x64x600",,,8,6,16,600,6,64,8,2,4
"dot/dot_int8_int4_int32_6x16x8_2x4x8_neoni8mm/128/8/real_time",320912,436.404,432.064,ns,,,"6x128x8",,,8,6,16,8,6,128,8,2,4
"dot/dot_int8_int4_int32_6x16x8_2x4x8_neoni8mm/128/72/real_time",80134,1741.95,1721.51,ns,,,"6x128x72",,,8,6,16,72,6,128,8,2,4
"dot/dot_int8_int4_int32_6x16x8_2x4x8_neoni8mm/128/152/real_time",41503,3406.15,3355.97,ns,,,"6x128x152",,,8,6,16,152,6,128,8,2,4
"dot/dot_int8_int4_int32_6x16x8_2x4x8_neoni8mm/128/224/real_time",29069,4821.04,4774.12,ns,,,"6x128x224",,,8,6,16,224,6,128,8,2,4
"dot/dot_int8_int4_int32_6x16x8_2x4x8_neoni8mm/128/304/real_time",21726,6437.51,6374.05,ns,,,"6x128x304",,,8,6,16,304,6,128,8,2,4
"dot/dot_int8_int4_int32_6x8x8_2x4x8_neoni8mm/8/8/real_time",1914421,73.0759,72.2455,ns,,,"6x8x8",,,8,6,8,8,6,8,8,2,4
"dot/dot_int8_int4_int32_6x8x8_2x4x8_neoni8mm/8/608/real_time",186765,748.421,740.974,ns,,,"6x8x608",,,8,6,8,608,6,8,8,2,4
"dot/dot_int8_int4_int32_6x8x8_2x4x8_neoni8mm/8/1216/real_time",97517,1427.65,1413.33,ns,,,"6x8x1216",,,8,6,8,1216,6,8,8,2,4
"dot/dot_int8_int4_int32_6x8x8_2x4x8_neoni8mm/8/1824/real_time",66467,2116.98,2090.12,ns,,,"6x8x1824",,,8,6,8,1824,6,8,8,2,4
"dot/dot_int8_int4_int32_6x8x8_2x4x8_neoni8mm/8/2432/real_time",50279,2785.1,2757.25,ns,,,"6x8x2432",,,8,6,8,2432,6,8,8,2,4
"dot/dot_int8_int4_int32_6x8x8_2x4x8_neoni8mm/16/8/real_time",1392710,100.409,99.4945,ns,,,"6x16x8",,,8,6,8,8,6,16,8,2,4
"dot/dot_int8_int4_int32_6x8x8_2x4x8_neoni8mm/16/432/real_time",129731,1063.62,1049.97,ns,,,"6x16x432",,,8,6,8,432,6,16,8,2,4
"dot/dot_int8_int4_int32_6x8x8_2x4x8_neoni8mm/16/864/real_time",69111,2023.66,2003.75,ns,,,"6x16x864",,,8,6,8,864,6,16,8,2,4
"dot/dot_int8_int4_int32_6x8x8_2x4x8_neoni8mm/16/1296/real_time",46894,2991.64,2958.58,ns,,,"6x16x1296",,,8,6,8,1296,6,16,8,2,4
"dot/dot_int8_int4_int32_6x8x8_2x4x8_neoni8mm/16/1728/real_time",35390,3944.9,3911.12,ns,,,"6x16x1728",,,8,6,8,1728,6,16,8,2,4
"dot/dot_int8_int4_int32_6x8x8_2x4x8_neoni8mm/32/8/real_time",896912,155.802,154.303,ns,,,"6x32x8",,,8,6,8,8,6,32,8,2,4
"dot/dot_int8_int4_int32_6x8x8_2x4x8_neoni8mm/32/264/real_time",107086,1308.1,1293.88,ns,,,"6x32x264",,,8,6,8,264,6,32,8,2,4
"dot/dot_int8_int4_int32_6x8x8_2x4x8_neoni8mm/32/536/real_time",54670,2535.7,2508.73,ns,,,"6x32x536",,,8,6,8,536,6,32,8,2,4
"dot/dot_int8_int4_int32_6x8x8_2x4x8_neoni8mm/32/808/real_time",37140,3750.99,3709.39,ns,,,"6x32x808",,,8,6,8,808,6,32,8,2,4
"dot/dot_int8_int4_int32_6x8x8_2x4x8_neoni8mm/32/1080/real_time",28194,4996.37,4920.77,ns,,,"6x32x1080",,,8,6,8,1080,6,32,8,2,4
"dot/dot_int8_int4_int32_6x8x8_2x4x8_neoni8mm/64/8/real_time",525913,265.302,263.033,ns,,,"6x64x8",,,8,6,8,8,6,64,8,2,4
"dot/dot_int8_int4_int32_6x8x8_2x4x8_neoni8mm/64/144/real_time",93441,1490.66,1476.76,ns,,,"6x64x144",,,8,6,8,144,6,64,8,2,4
"dot/dot_int8_int4_int32_6x8x8_2x4x8_neoni8mm/64/296/real_time",49094,2850.34,2817.37,ns,,,"6x64x296",,,8,6,8,296,6,64,8,2,4
"dot/dot_int8_int4_int32_6x8x8_2x4x8_neoni8mm/64/448/real_time",33050,4231.07,4189.54,ns,,,"6x64x448",,,8,6,8,448,6,64,8,2,4
"dot/dot_int8_int4_int32_6x8x8_2x4x8_neoni8mm/64/600/real_time",24925,5598.49,5533.35,ns,,,"6x64x600",,,8,6,8,600,6,64,8,2,4
"dot/dot_int8_int4_int32_8x8x8_2x4x8_neoni8mm/8/8/real_time",1553994,89.6323,88.6893,ns,,,"8x8x8",,,8,8,8,8,8,8,8,2,4
"dot/dot_int8_int4_int32_8x8x8_2x4x8_neoni8mm/8/504/real_time",190890,730.884,724.508,ns,,,"8x8x504",,,8,8,8,504,8,8,8,2,4
"dot/dot_int8_int4_int32_8x8x8_2x4x8_neoni8mm/8/1008/real_time",101580,1379.96,1365.29,ns,,,"8x8x1008",,,8,8,8,1008,8,8,8,2,4
"dot/dot_int8_int4_int32_8x8x8_2x4x8_neoni8mm/8/1512/real_time",68907,2028.85,2006.22,ns,,,"8x8x1512",,,8,8,8,1512,8,8,8,2,4
"dot/dot_int8_int4_int32_8x8x8_2x4x8_neoni8mm/8/2024/real_time",52089,2689.16,2657.26,ns,,,"8x8x2024",,,8,8,8,2024,8,8,8,2,4
"dot/dot_int8_int4_int32_8x8x8_2x4x8_neoni8mm/16/8/real_time",1085771,128.215,126.84,ns,,,"8x16x8",,,8,8,8,8,8,16,8,2,4
"dot/dot_int8_int4_int32_8x8x8_2x4x8_neoni8mm/16/376/real_time",128142,1086.61,1075.99,ns,,,"8x16x376",,,8,8,8,376,8,16,8,2,4
"dot/dot_int8_int4_int32_8x8x8_2x4x8_neoni8mm/16/752/real_time",67953,2075.27,2040.53,ns,,,"8x16x752",,,8,8,8,752,8,16,8,2,4
"dot/dot_int8_int4_int32_8x8x8_2x4x8_neoni8mm/16/1128/real_time",46053,3027.03,2989.01,ns,,,"8x16x1128",,,8,8,8,1128,8,16,8,2,4
"dot/dot_int8_int4_int32_8x8x8_2x4x8_neoni8mm/16/1504/real_time",35090,3985,3939.36,ns,,,"8x16x1504",,,8,8,8,1504,8,16,8,2,4
"dot/dot_int8_int4_int32_8x8x8_2x4x8_neoni8mm/32/8/real_time",685835,203.996,201.53,ns,,,"8x32x8",,,8,8,8,8,8,32,8,2,4
"dot/dot_int8_int4_int32_8x8x8_2x4x8_neoni8mm/32/240/real_time",98707,1419.86,1399.3,ns,,,"8x32x240",,,8,8,8,240,8,32,8,2,4
"dot/dot_int8_int4_int32_8x8x8_2x4x8_neoni8mm/32/488/real_time",51112,2688.82,2663.57,ns,,,"8x32x488",,,8,8,8,488,8,32,8,2,4
"dot/dot_int8_int4_int32_8x8x8_2x4x8_neoni8mm/32/728/real_time",35441,3938.8,3885.96,ns,,,"8x32x728",,,8,8,8,728,8,32,8,2,4
"dot/dot_int8_int4_int32_8x8x8_2x4x8_neoni8mm/32/976/real_time",26916,5205.55,5145.37,ns,,,"8x32x976",,,8,8,8,976,8,32,8,2,4
"dot/dot_int8_int4_int32_8x8x8_2x4x8_neoni8mm/64/8/real_time",395066,353.255,350.145,ns,,,"8x64x8",,,8,8,8,8,8,64,8,2,4
"dot/dot_int8_int4_int32_8x8x8_2x4x8_neoni8mm/64/136/real_time",80962,1686.57,1667.71,ns,,,"8x64x136",,,8,8,8,136,8,64,8,2,4
"dot/dot_int8_int4_int32_8x8x8_2x4x8_neoni8mm/64/280/real_time",44009,3160.04,3127.48,ns,,,"8x64x280",,,8,8,8,280,8,64,8,2,4
"dot/dot_int8_int4_int32_8x8x8_2x4x8_neoni8mm/64/416/real_time",30500,4594.52,4539.4,ns,,,"8x64x416",,,8,8,8,416,8,64,8,2,4
"dot/dot_int8_int4_int32_8x8x8_2x4x8_neoni8mm/64/560/real_time",23040,6105.91,6011.1,ns,,,"8x64x560",,,8,8,8,560,8,64,8,2,4
"dot/dot_int8_int4_int32_10x8x8_2x4x8_neoni8mm/8/8/real_time",1388875,100.982,99.7544,ns,,,"10x8x8",,,8,10,8,8,10,8,8,2,4
"dot/dot_int8_int4_int32_10x8x8_2x4x8_neoni8mm/8/432/real_time",208022,674.763,667.29,ns,,,"10x8x432",,,8,10,8,432,10,8,8,2,4
"dot/dot_int8_int4_int32_10x8x8_2x4x8_neoni8mm/8/864/real_time",111358,1252.24,1240.13,ns,,,"10x8x864",,,8,10,8,864,10,8,8,2,4
"dot/dot_int8_int4_int32_10x8x8_2x4x8_neoni8mm/8/1296/real_time",75881,1833.66,1813.96,ns,,,"10x8x1296",,,8,10,8,1296,10,8,8,2,4
"dot/dot_int8_int4_int32_10x8x8_2x4x8_neoni8mm/8/1728/real_time",57466,2416.71,2388.61,ns,,,"10x8x1728",,,8,10,8,1728,10,8,8,2,4
"dot/dot_int8_int4_int32_10x8x8_2x4x8_neoni8mm/16/8/real_time",973307,143.948,142.479,ns,,,"10x16x8",,,8,10,8,8,10,16,8,2,4
"dot/dot_int8_int4_int32_10x8x8_2x4x8_neoni8mm/16/328/real_time",138083,1017.44,1004.6,ns,,,"10x16x328",,,8,10,8,328,10,16,8,2,4
"dot/dot_int8_int4_int32_10x8x8_2x4x8_neoni8mm/16/664/real_time",73308,1913.02,1892.54,ns,,,"10x16x664",,,8,10,8,664,10,16,8,2,4
"dot/dot_int8_int4_int32_10x8x8_2x4x8_neoni8mm/16/992/real_time",50037,2789.37,2766.35,ns,,,"10x16x992",,,8,10,8,992,10,16,8,2,4
"dot/dot_int8_int4_int32_10x8x8_2x4x8_neoni8mm/16/1328/real_time",37830,3773.07,3724.47,ns,,,"10x16x1328",,,8,10,8,1328,10,16,8,2,4
"dot/dot_int8_int4_int32_10x8x8_2x4x8_neoni8mm/32/8/real_time",612181,228.878,226.281,ns,,,"10x32x8",,,8,10,8,8,10,32,8,2,4
"dot/dot_int8_int4_int32_10x8x8_2x4x8_neoni8mm/32/224/real_time",99495,1407.62,1393.06,ns,,,"10x32x224",,,8,10,8,224,10,32,8,2,4
"dot/dot_int8_int4_int32_10x8x8_2x4x8_neoni8mm/32/448/real_time",53432,2618.09,2585.48,ns,,,"10x32x448",,,8,10,8,448,10,32,8,2,4
"dot/dot_int8_int4_int32_10x8x8_2x4x8_neoni8mm/32/672/real_time",36773,3826.99,3775.37,ns,,,"10x32x672",,,8,10,8,672,10,32,8,2,4
"dot/dot_int8_int4_int32_10x8x8_2x4x8_neoni8mm/32/896/real_time",27867,5013.85,4962.06,ns,,,"10x32x896",,,8,10,8,896,10,32,8,2,4
"dot/dot_int8_int4_int32_10x8x8_2x4x8_neoni8mm/64/8/real_time",350309,399.932,396.093,ns,,,"10x64x8",,,8,10,8,8,10,64,8,2,4
"dot/dot_int8_int4_int32_10x8x8_2x4x8_neoni8mm/64/128/real_time",81839,1703.56,1685.13,ns,,,"10x64x128",,,8,10,8,128,10,64,8,2,4
"dot/dot_int8_int4_int32_10x8x8_2x4x8_neoni8mm/64/256/real_time",45196,3102.32,3068.55,ns,,,"10x64x256",,,8,10,8,256,10,64,8,2,4
"dot/dot_int8_int4_int32_10x8x8_2x4x8_neoni8mm/64/384/real_time",31252,4481.53,4430.19,ns,,,"10x64x384",,,8,10,8,384,10,64,8,2,4
"dot/dot_int8_int4_int32_10x8x8_2x4x8_neoni8mm/64/520/real_time",23543,5928.49,5872.58,ns,,,"10x64x520",,,8,10,8,520,10,64,8,2,4
"dot/dot_int8_int4_int32_16x4x8_2x4x8_neoni8mm/4/8/real_time",1158995,120.007,118.484,ns,,,"16x4x8",,,8,16,4,8,16,4,8,2,4
"dot/dot_int8_int4_int32_16x4x8_2x4x8_neoni8mm/4/336/real_time",272521,515.365,508.902,ns,,,"16x4x336",,,8,16,4,336,16,4,8,2,4
"dot/dot_int8_int4_int32_16x4x8_2x4x8_neoni8mm/4/672/real_time",145052,963.007,954.413,ns,,,"16x4x672",,,8,16,4,672,16,4,8,2,4
"dot/dot_int8_int4_int32_16x4x8_2x4x8_neoni8mm/4/1008/real_time",103762,1343.69,1329.79,ns,,,"16x4x1008",,,8,16,4,1008,16,4,8,2,4
"dot/dot_int8_int4_int32_16x4x8_2x4x8_neoni8mm/4/1344/real_time",82371,1696.37,1678.69,ns,,,"16x4x1344",,,8,16,4,1344,16,4,8,2,4
"dot/dot_int8_int4_int32_16x4x8_2x4x8_neoni8mm/8/8/real_time",817949,166.321,164.729,ns,,,"16x8x8",,,8,16,4,8,16,8,8,2,4
"dot/dot_int8_int4_int32_16x4x8_2x4x8_neoni8mm/8/296/real_time",156260,860.091,847.587,ns,,,"16x8x296",,,8,16,4,296,16,8,8,2,4
"dot/dot_int8_int4_int32_16x4x8_2x4x8_neoni8mm/8/600/real_time",84027,1676.71,1655.96,ns,,,"16x8x600",,,8,16,4,600,16,8,8,2,4
"dot/dot_int8_int4_int32_16x4x8_2x4x8_neoni8mm/8/896/real_time",59491,2349.88,2321.22,ns,,,"16x8x896",,,8,16,4,896,16,8,8,2,4
"dot/dot_int8_int4_int32_16x4x8_2x4x8_neoni8mm/8/1200/real_time",46918,2993.88,2954.56,ns,,,"16x8x1200",,,8,16,4,1200,16,8,8,2,4
"dot/dot_int8_int4_int32_16x4x8_2x4x8_neoni8mm/16/8/real_time",544165,256.771,253.681,ns,,,"16x16x8",,,8,16,4,8,16,16,8,2,4
"dot/dot_int8_int4_int32_16x4x8_2x4x8_neoni8mm/16/240/real_time",100485,1384.69,1370.04,ns,,,"16x16x240",,,8,16,4,240,16,16,8,2,4
"dot/dot_int8_int4_int32_16x4x8_2x4x8_neoni8mm/16/488/real_time",51591,2712.05,2684.83,ns,,,"16x16x488",,,8,16,4,488,16,16,8,2,4
"dot/dot_int8_int4_int32_16x4x8_2x4x8_neoni8mm/16/728/real_time",35589,3918.56,3877.92,ns,,,"16x16x728",,,8,16,4,728,16,16,8,2,4
"dot/dot_int8_int4_int32_16x4x8_2x4x8_neoni8mm/16/976/real_time",28008,5003.61,4952.28,ns,,,"16x16x976",,,8,16,4,976,16,16,8,2,4
"dot/dot_int8_int4_int32_16x4x8_2x4x8_neoni8mm/32/8/real_time",320651,440.24,433.724,ns,,,"16x32x8",,,8,16,4,8,16,32,8,2,4
"dot/dot_int8_int4_int32_16x4x8_2x4x8_neoni8mm/32/176/real_time",65798,2128.48,2102.49,ns,,,"16x32x176",,,8,16,4,176,16,32,8,2,4
"dot/dot_int8_int4_int32_16x4x8_2x4x8_neoni8mm/32/352/real_time",37127,3763.1,3717.86,ns,,,"16x32x352",,,8,16,4,352,16,32,8,2,4
"dot/dot_int8_int4_int32_16x4x8_2x4x8_neoni8mm/32/528/real_time",24292,5759.88,5692.47,ns,,,"16x32x528",,,8,16,4,528,16,32,8,2,4
"dot/dot_int8_int4_int32_16x4x8_2x4x8_neoni8mm/32/704/real_time",18597,7528.57,7443.13,ns,,,"16x32x704",,,8,16,4,704,16,32,8,2,4
"dot/dot_int8_int8_int32_2x32x8_2x4x8_neoni8mm/32/8/real_time",2508853,55.9314,55.3475,ns,,,"2x32x8",,,8,2,32,8,2,32,8,2,4
"dot/dot_int8_int8_int32_2x32x8_2x4x8_neoni8mm/32/176/real_time",564300,248.499,245.816,ns,,,"2x32x176",,,8,2,32,176,2,32,8,2,4
"dot/dot_int8_int8_int32_2x32x8_2x4x8_neoni8mm/32/352/real_time",314310,447.68,440.497,ns,,,"2x32x352",,,8,2,32,352,2,32,8,2,4
"dot/dot_int8_int8_int32_2x32x8_2x4x8_neoni8mm/32/528/real_time",217314,642.271,634.97,ns,,,"2x32x528",,,8,2,32,528,2,32,8,2,4
"dot/dot_int8_int8_int32_2x32x8_2x4x8_neoni8mm/32/712/real_time",165053,848.981,838.505,ns,,,"2x32x712",,,8,2,32,712,2,32,8,2,4
"dot/dot_int8_int8_int32_2x32x8_2x4x8_neoni8mm/64/8/real_time",1696886,82.6487,81.6529,ns,,,"2x64x8",,,8,2,32,8,2,64,8,2,4
"dot/dot_int8_int8_int32_2x32x8_2x4x8_neoni8mm/64/88/real_time",533946,261.098,258.63,ns,,,"2x64x88",,,8,2,32,88,2,64,8,2,4
"dot/dot_int8_int8_int32_2x32x8_2x4x8_neoni8mm/64/176/real_time",301773,462.968,457.353,ns,,,"2x64x176",,,8,2,32,176,2,64,8,2,4
"dot/dot_int8_int8_int32_2x32x8_2x4x8_neoni8mm/64/264/real_time",211712,655.755,647.896,ns,,,"2x64x264",,,8,2,32,264,2,64,8,2,4
"dot/dot_int8_int8_int32_2x32x8_2x4x8_neoni8mm/64/360/real_time",156755,884.854,874.399,ns,,,"2x64x360",,,8,2,32,360,2,64,8,2,4
"dot/dot_int8_int8_int32_2x32x8_2x4x8_neoni8mm/128/8/real_time",1038520,134.725,133.148,ns,,,"2x128x8",,,8,2,32,8,2,128,8,2,4
"dot/dot_int8_int8_int32_2x32x8_2x4x8_neoni8mm/128/40/real_time",502330,278.08,274.684,ns,,,"2x128x40",,,8,2,32,40,2,128,8,2,4
"dot/dot_int8_int8_int32_2x32x8_2x4x8_neoni8mm/128/88/real_time",280277,501.902,490.946,ns,,,"2x128x88",,,8,2,32,88,2,128,8,2,4
"dot/dot_int8_int8_int32_2x32x8_2x4x8_neoni8mm/128/128/real_time",203609,681.482,669.17,ns,,,"2x128x128",,,8,2,32,128,2,128,8,2,4
"dot/dot_int8_int8_int32_2x32x8_2x4x8_neoni8mm/128/176/real_time",155966,896.852,884.707,ns,,,"2x128x176",,,8,2,32,176,2,128,8,2,4
"dot/dot_int8_int8_int32_2x32x8_2x4x8_neoni8mm/256/8/real_time",586394,239.088,235.765,ns,,,"2x256x8",,,8,2,32,8,2,256,8,2,4
"dot/dot_int8_int8_int32_2x32x8_2x4x8_neoni8mm/256/16/real_time",448645,310.786,306.549,ns,,,"2x256x16",,,8,2,32,16,2,256,8,2,4
"dot/dot_int8_int8_int32_2x32x8_2x4x8_neoni8mm/256/40/real_time",263364,542.61,525.721,ns,,,"2x256x40",,,8,2,32,40,2,256,8,2,4
"dot/dot_int8_int8_int32_2x32x8_2x4x8_neoni8mm/256/56/real_time",204637,679.015,665.196,ns,,,"2x256x56",,,8,2,32,56,2,256,8,2,4
"dot/dot_int8_int8_int32_2x32x8_2x4x8_neoni8mm/256/80/real_time",157775,889.358,877.15,ns,,,"2x256x80",,,8,2,32,80,2,256,8,2,4
"dot/dot_int8_int8_int32_4x16x8_2x4x8_neoni8mm/16/8/real_time",2125437,65.9404,65.0267,ns,,,"4x16x8",,,8,4,16,8,4,16,8,2,4
"dot/dot_int8_int8_int32_4x16x8_2x4x8_neoni8mm/16/304/real_time",304005,460.902,455.137,ns,,,"4x16x304",,,8,4,16,304,4,16,8,2,4
"dot/dot_int8_int8_int32_4x16x8_2x4x8_neoni8mm/16/608/real_time",162535,862.359,849.509,ns,,,"4x16x608",,,8,4,16,608,4,16,8,2,4
"dot/dot_int8_int8_int32_4x16x8_2x4x8_neoni8mm/16/912/real_time",111280,1263.38,1244.31,ns,,,"4x16x912",,,8,4,16,912,4,16,8,2,4
"dot/dot_int8_int8_int32_4x16x8_2x4x8_neoni8mm/16/1216/real_time",84144,1663.94,1639.14,ns,,,"4x16x1216",,,8,4,16,1216,4,16,8,2,4
"dot/dot_int8_int8_int32_4x16x8_2x4x8_neoni8mm/32/8/real_time",1454213,96.5457,94.9678,ns,,,"4x32x8",,,8,4,16,8,4,32,8,2,4
"dot/dot_int8_int8_int32_4x16x8_2x4x8_neoni8mm/32/160/real_time",278090,501.104,494.411,ns,,,"4x32x160",,,8,4,16,160,4,32,8,2,4
"dot/dot_int8_int8_int32_4x16x8_2x4x8_neoni8mm/32/328/real_time",146695,953.404,938.791,ns,,,"4x32x328",,,8,4,16,328,4,32,8,2,4
"dot/dot_int8_int8_int32_4x16x8_2x4x8_neoni8mm/32/496/real_time",100702,1397.13,1372.27,ns,,,"4x32x496",,,8,4,16,496,4,32,8,2,4
"dot/dot_int8_int8_int32_4x16x8_2x4x8_neoni8mm/32/664/real_time",75653,1837.9,1808.19,ns,,,"4x32x664",,,8,4,16,664,4,32,8,2,4
"dot/dot_int8_int8_int32_4x16x8_2x4x8_neoni8mm/64/8/real_time",889459,156.377,153.901,ns,,,"4x64x8",,,8,4,16,8,4,64,8,2,4
"dot/dot_int8_int8_int32_4x16x8_2x4x8_neoni8mm/64/80/real_time",261116,536.385,528.842,ns,,,"4x64x80",,,8,4,16,80,4,64,8,2,4
"dot/dot_int8_int8_int32_4x16x8_2x4x8_neoni8mm/64/168/real_time",137739,1006.64,993.021,ns,,,"4x64x168",,,8,4,16,168,4,64,8,2,4
"dot/dot_int8_int8_int32_4x16x8_2x4x8_neoni8mm/64/256/real_time",93709,1490.83,1460.05,ns,,,"4x64x256",,,8,4,16,256,4,64,8,2,4
"dot/dot_int8_int8_int32_4x16x8_2x4x8_neoni8mm/64/344/real_time",72180,1948.39,1919.8,ns,,,"4x64x344",,,8,4,16,344,4,64,8,2,4
"dot/dot_int8_int8_int32_4x16x8_2x4x8_neoni8mm/128/8/real_time",508661,273.75,270.612,ns,,,"4x128x8",,,8,4,16,8,4,128,8,2,4
"dot/dot_int8_int8_int32_4x16x8_2x4x8_neoni8mm/128/40/real_time",226685,614.999,607.119,ns,,,"4x128x40",,,8,4,16,40,4,128,8,2,4
"dot/dot_int8_int8_int32_4x16x8_2x4x8_neoni8mm/128/80/real_time",133693,1041.17,1024.98,ns,,,"4x128x80",,,8,4,16,80,4,128,8,2,4
"dot/dot_int8_int8_int32_4x16x8_2x4x8_neoni8mm/128/120/real_time",95532,1459.35,1438.92,ns,,,"4x128x120",,,8,4,16,120,4,128,8,2,4
"dot/dot_int8_int8_int32_4x16x8_2x4x8_neoni8mm/128/168/real_time",69524,1977.5,1942.67,ns,,,"4x128x168",,,8,4,16,168,4,128,8,2,4
"dot/dot_int8_int8_int32_6x16x8_2x4x8_neoni8mm/16/8/real_time",1595501,87.9425,86.7346,ns,,,"6x16x8",,,8,6,16,8,6,16,8,2,4
"dot/dot_int8_int8_int32_6x16x8_2x4x8_neoni8mm/16/272/real_time",303231,460.166,453.715,ns,,,"6x16x272",,,8,6,16,272,6,16,8,2,4
"dot/dot_int8_int8_int32_6x16x8_2x4x8_neoni8mm/16/544/real_time",166141,845.322,833.132,ns,,,"6x16x544",,,8,6,16,544,6,16,8,2,4
"dot/dot_int8_int8_int32_6x16x8_2x4x8_neoni8mm/16/816/real_time",113436,1227.31,1208.89,ns,,,"6x16x816",,,8,6,16,816,6,16,8,2,4
"dot/dot_int8_int8_int32_6x16x8_2x4x8_neoni8mm/16/1096/real_time",86198,1620.82,1595.94,ns,,,"6x16x1096",,,8,6,16,1096,6,16,8,2,4
"dot/dot_int8_int8_int32_6x16x8_2x4x8_neoni8mm/32/8/real_time",1075824,129.649,128.176,ns,,,"6x32x8",,,8,6,16,8,6,32,8,2,4
"dot/dot_int8_int8_int32_6x16x8_2x4x8_neoni8mm/32/152/real_time",258873,539.891,532.501,ns,,,"6x32x152",,,8,6,16,152,6,32,8,2,4
"dot/dot_int8_int8_int32_6x16x8_2x4x8_neoni8mm/32/312/real_time",137061,996.78,982.394,ns,,,"6x32x312",,,8,6,16,312,6,32,8,2,4
"dot/dot_int8_int8_int32_6x16x8_2x4x8_neoni8mm/32/464/real_time",98635,1419.15,1398.33,ns,,,"6x32x464",,,8,6,16,464,6,32,8,2,4
"dot/dot_int8_int8_int32_6x16x8_2x4x8_neoni8mm/32/624/real_time",74760,1869.85,1840.5,ns,,,"6x32x624",,,8,6,16,624,6,32,8,2,4
"dot/dot_int8_int8_int32_6x16x8_2x4x8_neoni8mm/64/8/real_time",656131,213.62,209.916,ns,,,"6x64x8",,,8,6,16,8,6,64,8,2,4
"dot/dot_int8_int8_int32_6x16x8_2x4x8_neoni8mm/64/80/real_time",224878,621.721,612.897,ns,,,"6x64x80",,,8,6,16,80,6,64,8,2,4
"dot/dot_int8_int8_int32_6x16x8_2x4x8_neoni8mm/64/160/real_time",129438,1076.87,1062.74,ns,,,"6x64x160",,,8,6,16,160,6,64,8,2,4
"dot/dot_int8_int8_int32_6x16x8_2x4x8_neoni8mm/64/240/real_time",90992,1531.9,1511.84,ns,,,"6x64x240",,,8,6,16,240,6,64,8,2,4
"dot/dot_int8_int8_int32_6x16x8_2x4x8_neoni8mm/64/328/real_time",68914,2034.1,2002.15,ns,,,"6x64x328",,,8,6,16,328,6,64,8,2,4
"dot/dot_int8_int8_int32_6x16x8_2x4x8_neoni8mm/128/8/real_time",370675,378.228,372.35,ns,,,"6x128x8",,,8,6,16,8,6,128,8,2,4
"dot/dot_int8_int8_int32_6x16x8_2x4x8_neoni8mm/128/40/real_time",187108,748.799,738.738,ns,,,"6x128x40",,,8,6,16,40,6,128,8,2,4
"dot/dot_int8_int8_int32_6x16x8_2x4x8_neoni8mm/128/80/real_time",115256,1198.57,1182.77,ns,,,"6x128x80",,,8,6,16,80,6,128,8,2,4
"dot/dot_int8_int8_int32_6x16x8_2x4x8_neoni8mm/128/120/real_time",84204,1647.93,1625.37,ns,,,"6x128x120",,,8,6,16,120,6,128,8,2,4
"dot/dot_int8_int8_int32_6x16x8_2x4x8_neoni8mm/128/160/real_time",66363,2099.71,2071.1,ns,,,"6x128x160",,,8,6,16,160,6,128,8,2,4
"dot/dot_int8_int8_int32_6x8x8_2x4x8_neoni8mm/8/8/real_time",2122577,65.7985,64.9796,ns,,,"6x8x8",,,8,6,8,8,6,8,8,2,4
"dot/dot_int8_int8_int32_6x8x8_2x4x8_neoni8mm/8/432/real_time",344739,404.723,398.928,ns,,,"6x8x432",,,8,6,8,432,6,8,8,2,4
"dot/dot_int8_int8_int32_6x8x8_2x4x8_neoni8mm/8/864/real_time",187995,745.037,733.924,ns,,,"6x8x864",,,8,6,8,864,6,8,8,2,4
"dot/dot_int8_int8_int32_6x8x8_2x4x8_neoni8mm/8/1296/real_time",126411,1085.42,1067.79,ns,,,"6x8x1296",,,8,6,8,1296,6,8,8,2,4
"dot/dot_int8_int8_int32_6x8x8_2x4x8_neoni8mm/8/1736/real_time",97407,1425.72,1407.98,ns,,,"6x8x1736",,,8,6,8,1736,6,8,8,2,4
"dot/dot_int8_int8_int32_6x8x8_2x4x8_neoni8mm/16/8/real_time",1551252,90.2857,88.9154,ns,,,"6x16x8",,,8,6,8,8,6,16,8,2,4
"dot/dot_int8_int8_int32_6x8x8_2x4x8_neoni8mm/16/272/real_time",276035,506.338,499.699,ns,,,"6x16x272",,,8,6,8,272,6,16,8,2,4
"dot/dot_int8_int8_int32_6x8x8_2x4x8_neoni8mm/16/544/real_time",146585,944.447,929.72,ns,,,"6x16x544",,,8,6,8,544,6,16,8,2,4
"dot/dot_int8_int8_int32_6x8x8_2x4x8_neoni8mm/16/816/real_time",102080,1372.59,1351.92,ns,,,"6x16x816",,,8,6,8,816,6,16,8,2,4
"dot/dot_int8_int8_int32_6x8x8_2x4x8_neoni8mm/16/1096/real_time",77122,1808.22,1786.11,ns,,,"6x16x1096",,,8,6,8,1096,6,16,8,2,4
"dot/dot_int8_int8_int32_6x8x8_2x4x8_neoni8mm/32/8/real_time",1004458,140.13,138.022,ns,,,"6x32x8",,,8,6,8,8,6,32,8,2,4
"dot/dot_int8_int8_int32_6x8x8_2x4x8_neoni8mm/32/152/real_time",232811,601.735,593.487,ns,,,"6x32x152",,,8,6,8,152,6,32,8,2,4
"dot/dot_int8_int8_int32_6x8x8_2x4x8_neoni8mm/32/312/real_time",126125,1116.55,1101.1,ns,,,"6x32x312",,,8,6,8,312,6,32,8,2,4
"dot/dot_int8_int8_int32_6x8x8_2x4x8_neoni8mm/32/464/real_time",88019,1586.14,1570.96,ns,,,"6x32x464",,,8,6,8,464,6,32,8,2,4
"dot/dot_int8_int8_int32_6x8x8_2x4x8_neoni8mm/32/624/real_time",67116,2084.87,2066.04,ns,,,"6x32x624",,,8,6,8,624,6,32,8,2,4
"dot/dot_int8_int8_int32_6x8x8_2x4x8_neoni8mm/64/8/real_time",592917,235.923,233.565,ns,,,"6x64x8",,,8,6,8,8,6,64,8,2,4
"dot/dot_int8_int8_int32_6x8x8_2x4x8_neoni8mm/64/80/real_time",201790,694.48,686.677,ns,,,"6x64x80",,,8,6,8,80,6,64,8,2,4
"dot/dot_int8_int8_int32_6x8x8_2x4x8_neoni8mm/64/160/real_time",116724,1197.75,1185.73,ns,,,"6x64x160",,,8,6,8,160,6,64,8,2,4
"dot/dot_int8_int8_int32_6x8x8_2x4x8_neoni8mm/64/240/real_time",81003,1724.32,1704.83,ns,,,"6x64x240",,,8,6,8,240,6,64,8,2,4
"dot/dot_int8_int8_int32_6x8x8_2x4x8_neoni8mm/64/328/real_time",61238,2276.35,2253.31,ns,,,"6x64x328",,,8,6,8,328,6,64,8,2,4
"dot/dot_int8_int8_int32_8x8x8_2x4x8_neoni8mm/8/8/real_time",1693282,82.7828,81.9047,ns,,,"8x8x8",,,8,8,8,8,8,8,8,2,4
"dot/dot_int8_int8_int32_8x8x8_2x4x8_neoni8mm/8/376/real_time",335061,418.198,414.473,ns,,,"8x8x376",,,8,8,8,376,8,8,8,2,4
"dot/dot_int8_int8_int32_8x8x8_2x4x8_neoni8mm/8/760/real_time",183797,760.231,753.79,ns,,,"8x8x760",,,8,8,8,760,8,8,8,2,4
"dot/dot_int8_int8_int32_8x8x8_2x4x8_neoni8mm/8/1136/real_time",128753,1097.74,1086.08,ns,,,"8x8x1136",,,8,8,8,1136,8,8,8,2,4
"dot/dot_int8_int8_int32_8x8x8_2x4x8_neoni8mm/8/1520/real_time",95292,1469.17,1449.54,ns,,,"8x8x1520",,,8,8,8,1520,8,8,8,2,4
"dot/dot_int8_int8_int32_8x8x8_2x4x8_neoni8mm/16/8/real_time",1192626,116.33,115.302,ns,,,"8x16x8",,,8,8,8,8,8,16,8,2,4
"dot/dot_int8_int8_int32_8x8x8_2x4x8_neoni8mm/16/248/real_time",252184,553.386,548.606,ns,,,"8x16x248",,,8,8,8,248,8,16,8,2,4
"dot/dot_int8_int8_int32_8x8x8_2x4x8_neoni8mm/16/496/real_time",140189,999.168,989.866,ns,,,"8x16x496",,,8,8,8,496,8,16,8,2,4
"dot/dot_int8_int8_int32_8x8x8_2x4x8_neoni8mm/16/744/real_time",96960,1446.92,1433.1,ns,,,"8x16x744",,,8,8,8,744,8,16,8,2,4
"dot/dot_int8_int8_int32_8x8x8_2x4x8_neoni8mm/16/1000/real_time",73582,1906.77,1886.19,ns,,,"8x16x1000",,,8,8,8,1000,8,16,8,2,4
"dot/dot_int8_int8_int32_8x8x8_2x4x8_neoni8mm/32/8/real_time",766301,182.993,180.909,ns,,,"8x32x8",,,8,8,8,8,8,32,8,2,4
"dot/dot_int8_int8_int32_8x8x8_2x4x8_neoni8mm/32/144/real_time",204976,684.368,674.544,ns,,,"8x32x144",,,8,8,8,144,8,32,8,2,4
"dot/dot_int8_int8_int32_8x8x8_2x4x8_neoni8mm/32/288/real_time",116960,1194.39,1181.39,ns,,,"8x32x288",,,8,8,8,288,8,32,8,2,4
"dot/dot_int8_int8_int32_8x8x8_2x4x8_neoni8mm/32/432/real_time",80527,1729.14,1708.42,ns,,,"8x32x432",,,8,8,8,432,8,32,8,2,4
"dot/dot_int8_int8_int32_8x8x8_2x4x8_neoni8mm/32/584/real_time",61667,2269.62,2245.99,ns,,,"8x32x584",,,8,8,8,584,8,32,8,2,4
"dot/dot_int8_int8_int32_8x8x8_2x4x8_neoni8mm/64/8/real_time",444171,315.074,311.795,ns,,,"8x64x8",,,8,8,8,8,8,64,8,2,4
"dot/dot_int8_int8_int32_8x8x8_2x4x8_neoni8mm/64/72/real_time",175650,797.842,786.096,ns,,,"8x64x72",,,8,8,8,72,8,64,8,2,4
"dot/dot_int8_int8_int32_8x8x8_2x4x8_neoni8mm/64/152/real_time",101087,1373.05,1353.79,ns,,,"8x64x152",,,8,8,8,152,8,64,8,2,4
"dot/dot_int8_int8_int32_8x8x8_2x4x8_neoni8mm/64/232/real_time",70937,1970.31,1948.96,ns,,,"8x64x232",,,8,8,8,232,8,64,8,2,4
"dot/dot_int8_int8_int32_8x8x8_2x4x8_neoni8mm/64/312/real_time",55047,2536.57,2511.93,ns,,,"8x64x312",,,8,8,8,312,8,64,8,2,4
"dot/dot_int8_int8_int32_10x8x8_2x4x8_neoni8mm/8/8/real_time",1476593,95.2533,94.1254,ns,,,"10x8x8",,,8,10,8,8,10,8,8,2,4
"dot/dot_int8_int8_int32_10x8x8_2x4x8_neoni8mm/8/336/real_time",337139,412.278,407.772,ns,,,"10x8x336",,,8,10,8,336,10,8,8,2,4
"dot/dot_int8_int8_int32_10x8x8_2x4x8_neoni8mm/8/672/real_time",191229,730.887,723.806,ns,,,"10x8x672",,,8,10,8,672,10,8,8,2,4
"dot/dot_int8_int8_int32_10x8x8_2x4x8_neoni8mm/8/1008/real_time",131871,1050.29,1040.28,ns,,,"10x8x1008",,,8,10,8,1008,10,8,8,2,4
"dot/dot_int8_int8_int32_10x8x8_2x4x8_neoni8mm/8/1344/real_time",100970,1386.07,1370.75,ns,,,"10x8x1344",,,8,10,8,1344,10,8,8,2,4
"dot/dot_int8_int8_int32_10x8x8_2x4x8_neoni8mm/16/8/real_time",1031280,135.852,134.556,ns,,,"10x16x8",,,8,10,8,8,10,16,8,2,4
"dot/dot_int8_int8_int32_10x8x8_2x4x8_neoni8mm/16/224/real_time",251724,552.019,546.415,ns,,,"10x16x224",,,8,10,8,224,10,16,8,2,4
"dot/dot_int8_int8_int32_10x8x8_2x4x8_neoni8mm/16/456/real_time",134399,1034.14,1025.16,ns,,,"10x16x456",,,8,10,8,456,10,16,8,2,4
"dot/dot_int8_int8_int32_10x8x8_2x4x8_neoni8mm/16/688/real_time",96663,1440.5,1422.91,ns,,,"10x16x688",,,8,10,8,688,10,16,8,2,4
"dot/dot_int8_int8_int32_10x8x8_2x4x8_neoni8mm/16/920/real_time",74339,1881.77,1861.74,ns,,,"10x16x920",,,8,10,8,920,10,16,8,2,4
"dot/dot_int8_int8_int32_10x8x8_2x4x8_neoni8mm/32/8/real_time",651235,215.22,213.206,ns,,,"10x32x8",,,8,10,8,8,10,32,8,2,4
"dot/dot_int8_int8_int32_10x8x8_2x4x8_neoni8mm/32/136/real_time",196224,713.422,706.292,ns,,,"10x32x136",,,8,10,8,136,10,32,8,2,4
"dot/dot_int8_int8_int32_10x8x8_2x4x8_neoni8mm/32/272/real_time",113091,1229.88,1217.54,ns,,,"10x32x272",,,8,10,8,272,10,32,8,2,4
"dot/dot_int8_int8_int32_10x8x8_2x4x8_neoni8mm/32/408/real_time",79848,1760.39,1741.36,ns,,,"10x32x408",,,8,10,8,408,10,32,8,2,4
"dot/dot_int8_int8_int32_10x8x8_2x4x8_neoni8mm/32/552/real_time",60604,2308.97,2284.07,ns,,,"10x32x552",,,8,10,8,552,10,32,8,2,4
"dot/dot_int8_int8_int32_10x8x8_2x4x8_neoni8mm/64/8/real_time",372384,374.879,371.076,ns,,,"10x64x8",,,8,10,8,8,10,64,8,2,4
"dot/dot_int8_int8_int32_10x8x8_2x4x8_neoni8mm/64/72/real_time",158742,881.361,872.695,ns,,,"10x64x72",,,8,10,8,72,10,64,8,2,4
"dot/dot_int8_int8_int32_10x8x8_2x4x8_neoni8mm/64/144/real_time",97685,1433.05,1414.46,ns,,,"10x64x144",,,8,10,8,144,10,64,8,2,4
"dot/dot_int8_int8_int32_10x8x8_2x4x8_neoni8mm/64/216/real_time",69674,2005.09,1978.3,ns,,,"10x64x216",,,8,10,8,216,10,64,8,2,4
"dot/dot_int8_int8_int32_10x8x8_2x4x8_neoni8mm/64/296/real_time",54101,2581.18,2559.66,ns,,,"10x64x296",,,8,10,8,296,10,64,8,2,4
"dot/dot_int8_int8_int32_16x4x8_2x4x8_neoni8mm/4/8/real_time",1248241,112.146,111.067,ns,,,"16x4x8",,,8,16,4,8,16,4,8,2,4
"dot/dot_int8_int8_int32_16x4x8_2x4x8_neoni8mm/4/304/real_time",398526,352.314,347.991,ns,,,"16x4x304",,,8,16,4,304,16,4,8,2,4
"dot/dot_int8_int8_int32_16x4x8_2x4x8_neoni8mm/4/608/real_time",236707,594.147,584.221,ns,,,"16x4x608",,,8,16,4,608,16,4,8,2,4
"dot/dot_int8_int8_int32_16x4x8_2x4x8_neoni8mm/4/912/real_time",166536,841.033,827.563,ns,,,"16x4x912",,,8,16,4,912,16,4,8,2,4
"dot/dot_int8_int8_int32_16x4x8_2x4x8_neoni8mm/4/1216/real_time",129976,1065.64,1051.7,ns,,,"16x4x1216",,,8,16,4,1216,16,4,8,2,4
"dot/dot_int8_int8_int32_16x4x8_2x4x8_neoni8mm/8/8/real_time",898759,153.006,151.457,ns,,,"16x8x8",,,8,16,4,8,16,8,8,2,4
"dot/dot_int8_int8_int32_16x4x8_2x4x8_neoni8mm/8/248/real_time",261368,534.256,528.345,ns,,,"16x8x248",,,8,16,4,248,16,8,8,2,4
"dot/dot_int8_int8_int32_16x4x8_2x4x8_neoni8mm/8/496/real_time",150801,930.035,918.065,ns,,,"16x8x496",,,8,16,4,496,16,8,8,2,4
"dot/dot_int8_int8_int32_16x4x8_2x4x8_neoni8mm/8/744/real_time",105936,1321.68,1306.22,ns,,,"16x8x744",,,8,16,4,744,16,8,8,2,4
"dot/dot_int8_int8_int32_16x4x8_2x4x8_neoni8mm/8/1000/real_time",81067,1716.33,1700.51,ns,,,"16x8x1000",,,8,16,4,1000,16,8,8,2,4
"dot/dot_int8_int8_int32_16x4x8_2x4x8_neoni8mm/16/8/real_time",600954,233.263,231.182,ns,,,"16x16x8",,,8,16,4,8,16,16,8,2,4
"dot/dot_int8_int8_int32_16x4x8_2x4x8_neoni8mm/16/184/real_time",173080,807.175,797.646,ns,,,"16x16x184",,,8,16,4,184,16,16,8,2,4
"dot/dot_int8_int8_int32_16x4x8_2x4x8_neoni8mm/16/368/real_time",101057,1388.05,1372.48,ns,,,"16x16x368",,,8,16,4,368,16,16,8,2,4
"dot/dot_int8_int8_int32_16x4x8_2x4x8_neoni8mm/16/552/real_time",71037,1960,1939.61,ns,,,"16x16x552",,,8,16,4,552,16,16,8,2,4
"dot/dot_int8_int8_int32_16x4x8_2x4x8_neoni8mm/16/736/real_time",55088,2541.37,2511.27,ns,,,"16x16x736",,,8,16,4,736,16,16,8,2,4
"dot/dot_int8_int8_int32_16x4x8_2x4x8_neoni8mm/32/8/real_time",336477,393.897,390.297,ns,,,"16x32x8",,,8,16,4,8,16,32,8,2,4
"dot/dot_int8_int8_int32_16x4x8_2x4x8_neoni8mm/32/112/real_time",131319,1050.94,1042.09,ns,,,"16x32x112",,,8,16,4,112,16,32,8,2,4
"dot/dot_int8_int8_int32_16x4x8_2x4x8_neoni8mm/32/232/real_time",76430,1833.72,1817.93,ns,,,"16x32x232",,,8,16,4,232,16,32,8,2,4
"dot/dot_int8_int8_int32_16x4x8_2x4x8_neoni8mm/32/344/real_time",54852,2544.64,2520.19,ns,,,"16x32x344",,,8,16,4,344,16,32,8,2,4
"dot/dot_int8_int8_int32_16x4x8_2x4x8_neoni8mm/32/464/real_time",42546,3286.62,3258.73,ns,,,"16x32x464",,,8,16,4,464,16,32,8,2,4
"dot/dot_bf16_bf16_fp32_2x32x4_2x4x4_neonbf16/32/4/real_time",2240009,62.4395,61.9009,ns,,,"2x32x4",,,4,2,32,4,2,32,4,2,4
"dot/dot_bf16_bf16_fp32_2x32x4_2x4x4_neonbf16/32/88/real_time",437149,318.942,316.17,ns,,,"2x32x88",,,4,2,32,88,2,32,4,2,4
"dot/dot_bf16_bf16_fp32_2x32x4_2x4x4_neonbf16/32/176/real_time",240560,582.179,577.343,ns,,,"2x32x176",,,4,2,32,176,2,32,4,2,4
"dot/dot_bf16_bf16_fp32_2x32x4_2x4x4_neonbf16/32/264/real_time",165256,848.311,840.628,ns,,,"2x32x264",,,4,2,32,264,2,32,4,2,4
"dot/dot_bf16_bf16_fp32_2x32x4_2x4x4_neonbf16/32/356/real_time",123640,1123.59,1114.44,ns,,,"2x32x356",,,4,2,32,356,2,32,4,2,4
"dot/dot_bf16_bf16_fp32_2x32x4_2x4x4_neonbf16/64/4/real_time",1472231,94.9674,94.0392,ns,,,"2x64x4",,,4,2,32,4,2,64,4,2,4
"dot/dot_bf16_bf16_fp32_2x32x4_2x4x4_neonbf16/64/44/real_time",417494,335.868,332.916,ns,,,"2x64x44",,,4,2,32,44,2,64,4,2,4
"dot/dot_bf16_bf16_fp32_2x32x4_2x4x4_neonbf16/64/88/real_time",232216,602.881,597.583,ns,,,"2x64x88",,,4,2,32,88,2,64,4,2,4
"dot/dot_bf16_bf16_fp32_2x32x4_2x4x4_neonbf16/64/132/real_time",161163,866.032,858.282,ns,,,"2x64x132",,,4,2,32,132,2,64,4,2,4
"dot/dot_bf16_bf16_fp32_2x32x4_2x4x4_neonbf16/64/180/real_time",120287,1166.13,1152.35,ns,,,"2x64x180",,,4,2,32,180,2,64,4,2,4
"dot/dot_bf16_bf16_fp32_2x32x4_2x4x4_neonbf16/128/4/real_time",881977,158.752,156.96,ns,,,"2x128x4",,,4,2,32,4,2,128,4,2,4
"dot/dot_bf16_bf16_fp32_2x32x4_2x4x4_neonbf16/128/20/real_time",398916,354.296,348.151,ns,,,"2x128x20",,,4,2,32,20,2,128,4,2,4
"dot/dot_bf16_bf16_fp32_2x32x4_2x4x4_neonbf16/128/44/real_time",217391,645.351,637.036,ns,,,"2x128x44",,,4,2,32,44,2,128,4,2,4
"dot/dot_bf16_bf16_fp32_2x32x4_2x4x4_neonbf16/128/64/real_time",158080,887.427,878.309,ns,,,"2x128x64",,,4,2,32,64,2,128,4,2,4
"dot/dot_bf16_bf16_fp32_2x32x4_2x4x4_neonbf16/128/88/real_time",117047,1181.46,1167.85,ns,,,"2x128x88",,,4,2,32,88,2,128,4,2,4
"dot/dot_bf16_bf16_fp32_2x32x4_2x4x4_neonbf16/256/4/real_time",489165,286.148,282.614,ns,,,"2x256x4",,,4,2,32,4,2,256,4,2,4
"dot/dot_bf16_bf16_fp32_2x32x4_2x4x4_neonbf16/256/8/real_time",366407,382.668,378.145,ns,,,"2x256x8",,,4,2,32,8,2,256,4,2,4
"dot/dot_bf16_bf16_fp32_2x32x4_2x4x4_neonbf16/256/20/real_time",206518,677.087,669.689,ns,,,"2x256x20",,,4,2,32,20,2,256,4,2,4
"dot/dot_bf16_bf16_fp32_2x32x4_2x4x4_neonbf16/256/28/real_time",161001,870.585,860.611,ns,,,"2x256x28",,,4,2,32,28,2,256,4,2,4
"dot/dot_bf16_bf16_fp32_2x32x4_2x4x4_neonbf16/256/40/real_time",120584,1160.9,1147.26,ns,,,"2x256x40",,,4,2,32,40,2,256,4,2,4
"dot/dot_bf16_bf16_fp32_4x16x4_2x4x4_neonbf16/16/4/real_time",1945428,72.2647,71.262,ns,,,"4x16x4",,,4,4,16,4,4,16,4,2,4
"dot/dot_bf16_bf16_fp32_4x16x4_2x4x4_neonbf16/16/152/real_time",244286,573.887,566.91,ns,,,"4x16x152",,,4,4,16,152,4,16,4,2,4
"dot/dot_bf16_bf16_fp32_4x16x4_2x4x4_neonbf16/16/304/real_time",128988,1080.3,1069.12,ns,,,"4x16x304",,,4,4,16,304,4,16,4,2,4
"dot/dot_bf16_bf16_fp32_4x16x4_2x4x4_neonbf16/16/456/real_time",88217,1589.02,1573.13,ns,,,"4x16x456",,,4,4,16,456,4,16,4,2,4
"dot/dot_bf16_bf16_fp32_4x16x4_2x4x4_neonbf16/16/608/real_time",66616,2101.2,2077.66,ns,,,"4x16x608",,,4,4,16,608,4,16,4,2,4
"dot/dot_bf16_bf16_fp32_4x16x4_2x4x4_neonbf16/32/4/real_time",1297128,107.754,106.525,ns,,,"4x32x4",,,4,4,16,4,4,32,4,2,4
"dot/dot_bf16_bf16_fp32_4x16x4_2x4x4_neonbf16/32/80/real_time",225820,623.757,614.016,ns,,,"4x32x80",,,4,4,16,80,4,32,4,2,4
"dot/dot_bf16_bf16_fp32_4x16x4_2x4x4_neonbf16/32/164/real_time",115268,1197.27,1178.64,ns,,,"4x32x164",,,4,4,16,164,4,32,4,2,4
"dot/dot_bf16_bf16_fp32_4x16x4_2x4x4_neonbf16/32/248/real_time",79806,1745.41,1728.64,ns,,,"4x32x248",,,4,4,16,248,4,32,4,2,4
"dot/dot_bf16_bf16_fp32_4x16x4_2x4x4_neonbf16/32/332/real_time",60633,2306.09,2285.58,ns,,,"4x32x332",,,4,4,16,332,4,32,4,2,4
"dot/dot_bf16_bf16_fp32_4x16x4_2x4x4_neonbf16/64/4/real_time",785157,177.84,176.011,ns,,,"4x64x4",,,4,4,16,4,4,64,4,2,4
"dot/dot_bf16_bf16_fp32_4x16x4_2x4x4_neonbf16/64/40/real_time",211143,660.138,653.382,ns,,,"4x64x40",,,4,4,16,40,4,64,4,2,4
"dot/dot_bf16_bf16_fp32_4x16x4_2x4x4_neonbf16/64/84/real_time",110067,1260.13,1244.08,ns,,,"4x64x84",,,4,4,16,84,4,64,4,2,4
"dot/dot_bf16_bf16_fp32_4x16x4_2x4x4_neonbf16/64/128/real_time",75315,1852.68,1830.52,ns,,,"4x64x128",,,4,4,16,128,4,64,4,2,4
"dot/dot_bf16_bf16_fp32_4x16x4_2x4x4_neonbf16/64/172/real_time",56834,2454.47,2418.16,ns,,,"4x64x172",,,4,4,16,172,4,64,4,2,4
"dot/dot_bf16_bf16_fp32_4x16x4_2x4x4_neonbf16/128/4/real_time",440508,317.152,313.872,ns,,,"4x128x4",,,4,4,16,4,4,128,4,2,4
"dot/dot_bf16_bf16_fp32_4x16x4_2x4x4_neonbf16/128/20/real_time",186748,753.775,742.578,ns,,,"4x128x20",,,4,4,16,20,4,128,4,2,4
"dot/dot_bf16_bf16_fp32_4x16x4_2x4x4_neonbf16/128/40/real_time",108594,1289.57,1273.88,ns,,,"4x128x40",,,4,4,16,40,4,128,4,2,4
"dot/dot_bf16_bf16_fp32_4x16x4_2x4x4_neonbf16/128/60/real_time",76247,1849.12,1806.33,ns,,,"4x128x60",,,4,4,16,60,4,128,4,2,4
"dot/dot_bf16_bf16_fp32_4x16x4_2x4x4_neonbf16/128/84/real_time",56672,2473.53,2443.07,ns,,,"4x128x84",,,4,4,16,84,4,128,4,2,4
"dot/dot_bf16_bf16_fp32_6x16x4_2x4x4_neonbf16/16/4/real_time",1525446,91.8747,90.7086,ns,,,"6x16x4",,,4,6,16,4,6,16,4,2,4
"dot/dot_bf16_bf16_fp32_6x16x4_2x4x4_neonbf16/16/136/real_time",241405,580.503,574.357,ns,,,"6x16x136",,,4,6,16,136,6,16,4,2,4
"dot/dot_bf16_bf16_fp32_6x16x4_2x4x4_neonbf16/16/272/real_time",129057,1083.9,1072.59,ns,,,"6x16x272",,,4,6,16,272,6,16,4,2,4
"dot/dot_bf16_bf16_fp32_6x16x4_2x4x4_neonbf16/16/408/real_time",88190,1590.42,1569.34,ns,,,"6x16x408",,,4,6,16,408,6,16,4,2,4
"dot/dot_bf16_bf16_fp32_6x16x4_2x4x4_neonbf16/16/548/real_time",66665,2107.02,2079.85,ns,,,"6x16x548",,,4,6,16,548,6,16,4,2,4
"dot/dot_bf16_bf16_fp32_6x16x4_2x4x4_neonbf16/32/4/real_time",990467,138.691,137.052,ns,,,"6x32x4",,,4,6,16,4,6,32,4,2,4
"dot/dot_bf16_bf16_fp32_6x16x4_2x4x4_neonbf16/32/76/real_time",206341,674.487,668.031,ns,,,"6x32x76",,,4,6,16,76,6,32,4,2,4
"dot/dot_bf16_bf16_fp32_6x16x4_2x4x4_neonbf16/32/156/real_time",109786,1270.62,1256.97,ns,,,"6x32x156",,,4,6,16,156,6,32,4,2,4
"dot/dot_bf16_bf16_fp32_6x16x4_2x4x4_neonbf16/32/232/real_time",76330,1823.98,1807.47,ns,,,"6x32x232",,,4,6,16,232,6,32,4,2,4
"dot/dot_bf16_bf16_fp32_6x16x4_2x4x4_neonbf16/32/312/real_time",57868,2429.62,2394.23,ns,,,"6x32x312",,,4,6,16,312,6,32,4,2,4
"dot/dot_bf16_bf16_fp32_6x16x4_2x4x4_neonbf16/64/4/real_time",606210,234.186,229.891,ns,,,"6x64x4",,,4,6,16,4,6,64,4,2,4
"dot/dot_bf16_bf16_fp32_6x16x4_2x4x4_neonbf16/64/40/real_time",179445,771.826,761.255,ns,,,"6x64x40",,,4,6,16,40,6,64,4,2,4
"dot/dot_bf16_bf16_fp32_6x16x4_2x4x4_neonbf16/64/80/real_time",101487,1366.57,1351.97,ns,,,"6x64x80",,,4,6,16,80,6,64,4,2,4
"dot/dot_bf16_bf16_fp32_6x16x4_2x4x4_neonbf16/64/120/real_time",70695,1971.5,1952.39,ns,,,"6x64x120",,,4,6,16,120,6,64,4,2,4
"dot/dot_bf16_bf16_fp32_6x16x4_2x4x4_neonbf16/64/164/real_time",53585,2619.13,2582.16,ns,,,"6x64x164",,,4,6,16,164,6,64,4,2,4
"dot/dot_bf16_bf16_fp32_6x16x4_2x4x4_neonbf16/128/4/real_time",336215,415.934,410.403,ns,,,"6x128x4",,,4,6,16,4,6,128,4,2,4
"dot/dot_bf16_bf16_fp32_6x16x4_2x4x4_neonbf16/128/20/real_time",155622,903.985,890.513,ns,,,"6x128x20",,,4,6,16,20,6,128,4,2,4
"dot/dot_bf16_bf16_fp32_6x16x4_2x4x4_neonbf16/128/40/real_time",93323,1496.7,1476.86,ns,,,"6x128x40",,,4,6,16,40,6,128,4,2,4
"dot/dot_bf16_bf16_fp32_6x16x4_2x4x4_neonbf16/128/60/real_time",67075,2085.39,2059.45,ns,,,"6x128x60",,,4,6,16,60,6,128,4,2,4
"dot/dot_bf16_bf16_fp32_6x16x4_2x4x4_neonbf16/128/80/real_time",52259,2688.92,2647.22,ns,,,"6x128x80",,,4,6,16,80,6,128,4,2,4
"dot/dot_bf16_bf16_fp32_6x8x8_2x4x4_neonbf16/8/8/real_time",1574213,88.4983,87.4045,ns,,,"6x8x8",,,8,6,8,8,6,8,4,2,4
"dot/dot_bf16_bf16_fp32_6x8x8_2x4x4_neonbf16/8/216/real_time",295641,485.511,478.524,ns,,,"6x8x216",,,8,6,8,216,6,8,4,2,4
"dot/dot_bf16_bf16_fp32_6x8x8_2x4x4_neonbf16/8/432/real_time",158884,875.395,866.355,ns,,,"6x8x432",,,8,6,8,432,6,8,4,2,4
"dot/dot_bf16_bf16_fp32_6x8x8_2x4x4_neonbf16/8/648/real_time",109401,1271.33,1260.15,ns,,,"6x8x648",,,8,6,8,648,6,8,4,2,4
"dot/dot_bf16_bf16_fp32_6x8x8_2x4x4_neonbf16/8/864/real_time",83560,1675.04,1654.75,ns,,,"6x8x864",,,8,6,8,864,6,8,4,2,4
"dot/dot_bf16_bf16_fp32_6x8x8_2x4x4_neonbf16/16/8/real_time",1087317,128.777,127.4,ns,,,"6x16x8",,,8,6,8,8,6,16,4,2,4
"dot/dot_bf16_bf16_fp32_6x8x8_2x4x4_neonbf16/16/136/real_time",229670,606.218,600.062,ns,,,"6x16x136",,,8,6,8,136,6,16,4,2,4
"dot/dot_bf16_bf16_fp32_6x8x8_2x4x4_neonbf16/16/272/real_time",126039,1112.54,1097.5,ns,,,"6x16x272",,,8,6,8,272,6,16,4,2,4
"dot/dot_bf16_bf16_fp32_6x8x8_2x4x4_neonbf16/16/408/real_time",86387,1618.1,1600.8,ns,,,"6x16x408",,,8,6,8,408,6,16,4,2,4
"dot/dot_bf16_bf16_fp32_6x8x8_2x4x4_neonbf16/16/544/real_time",66081,2121.82,2093.14,ns,,,"6x16x544",,,8,6,8,544,6,16,4,2,4
"dot/dot_bf16_bf16_fp32_6x8x8_2x4x4_neonbf16/32/8/real_time",654217,213.177,211.1,ns,,,"6x32x8",,,8,6,8,8,6,32,4,2,4
"dot/dot_bf16_bf16_fp32_6x8x8_2x4x4_neonbf16/32/72/real_time",203379,689.987,681.891,ns,,,"6x32x72",,,8,6,8,72,6,32,4,2,4
"dot/dot_bf16_bf16_fp32_6x8x8_2x4x4_neonbf16/32/152/real_time",108099,1281.6,1270.76,ns,,,"6x32x152",,,8,6,8,152,6,32,4,2,4
"dot/dot_bf16_bf16_fp32_6x8x8_2x4x4_neonbf16/32/232/real_time",74614,1868.89,1850.6,ns,,,"6x32x232",,,8,6,8,232,6,32,4,2,4
"dot/dot_bf16_bf16_fp32_6x8x8_2x4x4_neonbf16/32/312/real_time",56586,2470.28,2448.16,ns,,,"6x32x312",,,8,6,8,312,6,32,4,2,4
"dot/dot_bf16_bf16_fp32_6x8x8_2x4x4_neonbf16/64/8/real_time",370543,377.586,374.396,ns,,,"6x64x8",,,8,6,8,8,6,64,4,2,4
"dot/dot_bf16_bf16_fp32_6x8x8_2x4x4_neonbf16/64/40/real_time",163381,858.386,849.243,ns,,,"6x64x40",,,8,6,8,40,6,64,4,2,4
"dot/dot_bf16_bf16_fp32_6x8x8_2x4x4_neonbf16/64/80/real_time",96024,1447.63,1428.57,ns,,,"6x64x80",,,8,6,8,80,6,64,4,2,4
"dot/dot_bf16_bf16_fp32_6x8x8_2x4x4_neonbf16/64/120/real_time",68465,2046.61,2013.54,ns,,,"6x64x120",,,8,6,8,120,6,64,4,2,4
"dot/dot_bf16_bf16_fp32_6x8x8_2x4x4_neonbf16/64/160/real_time",52064,2662.43,2631.54,ns,,,"6x64x160",,,8,6,8,160,6,64,4,2,4
"dot/dot_bf16_bf16_fp32_8x8x8_2x4x4_neonbf16/8/8/real_time",1350164,103.831,102.571,ns,,,"8x8x8",,,8,8,8,8,8,8,4,2,4
"dot/dot_bf16_bf16_fp32_8x8x8_2x4x4_neonbf16/8/184/real_time",246814,568.032,561.629,ns,,,"8x8x184",,,8,8,8,184,8,8,4,2,4
"dot/dot_bf16_bf16_fp32_8x8x8_2x4x4_neonbf16/8/376/real_time",129714,1078.45,1064.59,ns,,,"8x8x376",,,8,8,8,376,8,8,4,2,4
"dot/dot_bf16_bf16_fp32_8x8x8_2x4x4_neonbf16/8/568/real_time",88375,1589.22,1564.3,ns,,,"8x8x568",,,8,8,8,568,8,8,4,2,4
"dot/dot_bf16_bf16_fp32_8x8x8_2x4x4_neonbf16/8/760/real_time",66745,2089.09,2064.14,ns,,,"8x8x760",,,8,8,8,760,8,8,4,2,4
"dot/dot_bf16_bf16_fp32_8x8x8_2x4x4_neonbf16/16/8/real_time",897097,156.607,154.632,ns,,,"8x16x8",,,8,8,8,8,8,16,4,2,4
"dot/dot_bf16_bf16_fp32_8x8x8_2x4x4_neonbf16/16/120/real_time",188331,745.113,738.134,ns,,,"8x16x120",,,8,8,8,120,8,16,4,2,4
"dot/dot_bf16_bf16_fp32_8x8x8_2x4x4_neonbf16/16/248/real_time",98119,1420.21,1409.57,ns,,,"8x16x248",,,8,8,8,248,8,16,4,2,4
"dot/dot_bf16_bf16_fp32_8x8x8_2x4x4_neonbf16/16/368/real_time",68245,2061.47,2038.73,ns,,,"8x16x368",,,8,8,8,368,8,16,4,2,4
"dot/dot_bf16_bf16_fp32_8x8x8_2x4x4_neonbf16/16/496/real_time",51379,2722.98,2697.65,ns,,,"8x16x496",,,8,8,8,496,8,16,4,2,4
"dot/dot_bf16_bf16_fp32_8x8x8_2x4x4_neonbf16/32/8/real_time",546018,256.28,253.973,ns,,,"8x32x8",,,8,8,8,8,8,32,4,2,4
"dot/dot_bf16_bf16_fp32_8x8x8_2x4x4_neonbf16/32/72/real_time",150146,932.239,923.946,ns,,,"8x32x72",,,8,8,8,72,8,32,4,2,4
"dot/dot_bf16_bf16_fp32_8x8x8_2x4x4_neonbf16/32/144/real_time",82818,1694.19,1675.89,ns,,,"8x32x144",,,8,8,8,144,8,32,4,2,4
"dot/dot_bf16_bf16_fp32_8x8x8_2x4x4_neonbf16/32/216/real_time",56641,2470.42,2437.07,ns,,,"8x32x216",,,8,8,8,216,8,32,4,2,4
"dot/dot_bf16_bf16_fp32_8x8x8_2x4x4_neonbf16/32/288/real_time",43186,3238.12,3186.56,ns,,,"8x32x288",,,8,8,8,288,8,32,4,2,4
"dot/dot_bf16_bf16_fp32_8x8x8_2x4x4_neonbf16/64/8/real_time",307459,454.654,449.328,ns,,,"8x64x8",,,8,8,8,8,8,64,4,2,4
"dot/dot_bf16_bf16_fp32_8x8x8_2x4x4_neonbf16/64/32/real_time",143240,971.348,959.666,ns,,,"8x64x32",,,8,8,8,32,8,64,4,2,4
"dot/dot_bf16_bf16_fp32_8x8x8_2x4x4_neonbf16/64/72/real_time",77082,1814.01,1791.02,ns,,,"8x64x72",,,8,8,8,72,8,64,4,2,4
"dot/dot_bf16_bf16_fp32_8x8x8_2x4x4_neonbf16/64/112/real_time",52455,2661.63,2626.98,ns,,,"8x64x112",,,8,8,8,112,8,64,4,2,4
"dot/dot_bf16_bf16_fp32_8x8x8_2x4x4_neonbf16/64/152/real_time",40095,3506.3,3458.38,ns,,,"8x64x152",,,8,8,8,152,8,64,4,2,4
"dot/dot_bf16_bf16_fp32_10x8x8_2x4x4_neonbf16/8/8/real_time",1148625,121.905,120.249,ns,,,"10x8x8",,,8,10,8,8,10,8,4,2,4
"dot/dot_bf16_bf16_fp32_10x8x8_2x4x4_neonbf16/8/168/real_time",254338,549.808,545.034,ns,,,"10x8x168",,,8,10,8,168,10,8,4,2,4
"dot/dot_bf16_bf16_fp32_10x8x8_2x4x4_neonbf16/8/336/real_time",137353,1007.29,995.533,ns,,,"10x8x336",,,8,10,8,336,10,8,4,2,4
"dot/dot_bf16_bf16_fp32_10x8x8_2x4x4_neonbf16/8/504/real_time",96110,1457.43,1441.27,ns,,,"10x8x504",,,8,10,8,504,10,8,4,2,4
"dot/dot_bf16_bf16_fp32_10x8x8_2x4x4_neonbf16/8/672/real_time",73424,1912.98,1889.65,ns,,,"10x8x672",,,8,10,8,672,10,8,4,2,4
"dot/dot_bf16_bf16_fp32_10x8x8_2x4x4_neonbf16/16/8/real_time",778848,180.77,178.102,ns,,,"10x16x8",,,8,10,8,8,10,16,4,2,4
"dot/dot_bf16_bf16_fp32_10x8x8_2x4x4_neonbf16/16/112/real_time",189208,742.388,732.195,ns,,,"10x16x112",,,8,10,8,112,10,16,4,2,4
"dot/dot_bf16_bf16_fp32_10x8x8_2x4x4_neonbf16/16/224/real_time",103540,1356.98,1329.66,ns,,,"10x16x224",,,8,10,8,224,10,16,4,2,4
"dot/dot_bf16_bf16_fp32_10x8x8_2x4x4_neonbf16/16/336/real_time",71444,1957.6,1932.94,ns,,,"10x16x336",,,8,10,8,336,10,16,4,2,4
"dot/dot_bf16_bf16_fp32_10x8x8_2x4x4_neonbf16/16/456/real_time",53722,2596.25,2566.15,ns,,,"10x16x456",,,8,10,8,456,10,16,4,2,4
"dot/dot_bf16_bf16_fp32_10x8x8_2x4x4_neonbf16/32/8/real_time",471648,296.794,293.869,ns,,,"10x32x8",,,8,10,8,8,10,32,4,2,4
"dot/dot_bf16_bf16_fp32_10x8x8_2x4x4_neonbf16/32/64/real_time",154424,909.545,897.594,ns,,,"10x32x64",,,8,10,8,64,10,32,4,2,4
"dot/dot_bf16_bf16_fp32_10x8x8_2x4x4_neonbf16/32/136/real_time",82398,1687.11,1665.41,ns,,,"10x32x136",,,8,10,8,136,10,32,4,2,4
"dot/dot_bf16_bf16_fp32_10x8x8_2x4x4_neonbf16/32/200/real_time",57951,2399.65,2361.26,ns,,,"10x32x200",,,8,10,8,200,10,32,4,2,4
"dot/dot_bf16_bf16_fp32_10x8x8_2x4x4_neonbf16/32/272/real_time",44484,3139.93,3104.92,ns,,,"10x32x272",,,8,10,8,272,10,32,4,2,4
"dot/dot_bf16_bf16_fp32_10x8x8_2x4x4_neonbf16/64/8/real_time",262625,533.571,527.298,ns,,,"10x64x8",,,8,10,8,8,10,64,4,2,4
"dot/dot_bf16_bf16_fp32_10x8x8_2x4x4_neonbf16/64/32/real_time",132507,1061.47,1047.97,ns,,,"10x64x32",,,8,10,8,32,10,64,4,2,4
"dot/dot_bf16_bf16_fp32_10x8x8_2x4x4_neonbf16/64/72/real_time",72955,1916.9,1896.64,ns,,,"10x64x72",,,8,10,8,72,10,64,4,2,4
"dot/dot_bf16_bf16_fp32_10x8x8_2x4x4_neonbf16/64/104/real_time",53794,2612.13,2577.51,ns,,,"10x64x104",,,8,10,8,104,10,64,4,2,4
"dot/dot_bf16_bf16_fp32_10x8x8_2x4x4_neonbf16/64/144/real_time",40079,3489.16,3451.18,ns,,,"10x64x144",,,8,10,8,144,10,64,4,2,4
"dot/dot_bf16_bf16_fp32_16x4x8_2x4x4_neonbf16/4/8/real_time",946789,147.549,146.259,ns,,,"16x4x8",,,8,16,4,8,16,4,4,2,4
"dot/dot_bf16_bf16_fp32_16x4x8_2x4x4_neonbf16/4/152/real_time",281122,499.251,493.445,ns,,,"16x4x152",,,8,16,4,152,16,4,4,2,4
"dot/dot_bf16_bf16_fp32_16x4x8_2x4x4_neonbf16/4/304/real_time",161580,864.151,854.839,ns,,,"16x4x304",,,8,16,4,304,16,4,4,2,4
"dot/dot_bf16_bf16_fp32_16x4x8_2x4x4_neonbf16/4/456/real_time",114461,1228.17,1215.88,ns,,,"16x4x456",,,8,16,4,456,16,4,4,2,4
"dot/dot_bf16_bf16_fp32_16x4x8_2x4x4_neonbf16/4/608/real_time",85595,1597.27,1579.26,ns,,,"16x4x608",,,8,16,4,608,16,4,4,2,4
"dot/dot_bf16_bf16_fp32_16x4x8_2x4x4_neonbf16/8/8/real_time",646700,216.574,214.317,ns,,,"16x8x8",,,8,16,4,8,16,8,4,2,4
"dot/dot_bf16_bf16_fp32_16x4x8_2x4x4_neonbf16/8/120/real_time",184642,761.059,749.088,ns,,,"16x8x120",,,8,16,4,120,16,8,4,2,4
"dot/dot_bf16_bf16_fp32_16x4x8_2x4x4_neonbf16/8/248/real_time",101271,1388.05,1367.73,ns,,,"16x8x248",,,8,16,4,248,16,8,4,2,4
"dot/dot_bf16_bf16_fp32_16x4x8_2x4x4_neonbf16/8/368/real_time",71482,1962.64,1940.48,ns,,,"16x8x368",,,8,16,4,368,16,8,4,2,4
"dot/dot_bf16_bf16_fp32_16x4x8_2x4x4_neonbf16/8/496/real_time",54552,2576.8,2545.1,ns,,,"16x8x496",,,8,16,4,496,16,8,4,2,4
"dot/dot_bf16_bf16_fp32_16x4x8_2x4x4_neonbf16/16/8/real_time",387722,362.913,356.934,ns,,,"16x16x8",,,8,16,4,8,16,16,4,2,4
"dot/dot_bf16_bf16_fp32_16x4x8_2x4x4_neonbf16/16/88/real_time",122081,1132.35,1119.4,ns,,,"16x16x88",,,8,16,4,88,16,16,4,2,4
"dot/dot_bf16_bf16_fp32_16x4x8_2x4x4_neonbf16/16/184/real_time",67745,2074.67,2046.02,ns,,,"16x16x184",,,8,16,4,184,16,16,4,2,4
"dot/dot_bf16_bf16_fp32_16x4x8_2x4x4_neonbf16/16/272/real_time",47701,2913.78,2884.5,ns,,,"16x16x272",,,8,16,4,272,16,16,4,2,4
"dot/dot_bf16_bf16_fp32_16x4x8_2x4x4_neonbf16/16/368/real_time",36424,3873.58,3806.25,ns,,,"16x16x368",,,8,16,4,368,16,16,4,2,4
"dot/dot_bf16_bf16_fp32_16x4x8_2x4x4_neonbf16/32/8/real_time",220358,634.965,628.432,ns,,,"16x32x8",,,8,16,4,8,16,32,4,2,4
"dot/dot_bf16_bf16_fp32_16x4x8_2x4x4_neonbf16/32/56/real_time",89376,1563.52,1546.93,ns,,,"16x32x56",,,8,16,4,56,16,32,4,2,4
"dot/dot_bf16_bf16_fp32_16x4x8_2x4x4_neonbf16/32/112/real_time",52917,2638.06,2611.05,ns,,,"16x32x112",,,8,16,4,112,16,32,4,2,4
"dot/dot_bf16_bf16_fp32_16x4x8_2x4x4_neonbf16/32/168/real_time",37385,3744.38,3708.22,ns,,,"16x32x168",,,8,16,4,168,16,32,4,2,4
"dot/dot_bf16_bf16_fp32_16x4x8_2x4x4_neonbf16/32/232/real_time",28162,4948.08,4893.63,ns,,,"16x32x232",,,8,16,4,232,16,32,4,2,4
"dot/dot_bf16_bf16_fp32_1x64x4_1x4x2_neonbf16/64/4/real_time",2016975,69.4321,68.5662,ns,,,"1x64x4",,,4,1,64,4,1,64,2,1,4
"dot/dot_bf16_bf16_fp32_1x64x4_1x4x2_neonbf16/64/44/real_time",440174,316.534,313.49,ns,,,"1x64x44",,,4,1,64,44,1,64,2,1,4
"dot/dot_bf16_bf16_fp32_1x64x4_1x4x2_neonbf16/64/92/real_time",229224,611.447,605.221,ns,,,"1x64x92",,,4,1,64,92,1,64,2,1,4
"dot/dot_bf16_bf16_fp32_1x64x4_1x4x2_neonbf16/64/136/real_time",158830,883.111,872.834,ns,,,"1x64x136",,,4,1,64,136,1,64,2,1,4
"dot/dot_bf16_bf16_fp32_1x64x4_1x4x2_neonbf16/64/184/real_time",118318,1180.86,1169.13,ns,,,"1x64x184",,,4,1,64,184,1,64,2,1,4
"dot/dot_bf16_bf16_fp32_1x64x4_1x4x2_neonbf16/128/4/real_time",1253848,110.723,109.642,ns,,,"1x128x4",,,4,1,64,4,1,128,2,1,4
"dot/dot_bf16_bf16_fp32_1x64x4_1x4x2_neonbf16/128/20/real_time",455518,312.68,309.28,ns,,,"1x128x20",,,4,1,64,20,1,128,2,1,4
"dot/dot_bf16_bf16_fp32_1x64x4_1x4x2_neonbf16/128/44/real_time",230205,602.248,596.354,ns,,,"1x128x44",,,4,1,64,44,1,128,2,1,4
"dot/dot_bf16_bf16_fp32_1x64x4_1x4x2_neonbf16/128/68/real_time",154757,904.138,893.026,ns,,,"1x128x68",,,4,1,64,68,1,128,2,1,4
"dot/dot_bf16_bf16_fp32_1x64x4_1x4x2_neonbf16/128/92/real_time",117828,1203.84,1187.22,ns,,,"1x128x92",,,4,1,64,92,1,128,2,1,4
"dot/dot_bf16_bf16_fp32_1x64x4_1x4x2_neonbf16/256/4/real_time",727481,192.893,189.952,ns,,,"1x256x4",,,4,1,64,4,1,256,2,1,4
"dot/dot_bf16_bf16_fp32_1x64x4_1x4x2_neonbf16/256/8/real_time",482111,290.163,286.533,ns,,,"1x256x8",,,4,1,64,8,1,256,2,1,4
"dot/dot_bf16_bf16_fp32_1x64x4_1x4x2_neonbf16/256/20/real_time",239803,585.74,578.728,ns,,,"1x256x20",,,4,1,64,20,1,256,2,1,4
"dot/dot_bf16_bf16_fp32_1x64x4_1x4x2_neonbf16/256/32/real_time",158262,886.255,875.887,ns,,,"1x256x32",,,4,1,64,32,1,256,2,1,4
"dot/dot_bf16_bf16_fp32_1x64x4_1x4x2_neonbf16/256/44/real_time",117865,1185.27,1167.83,ns,,,"1x256x44",,,4,1,64,44,1,256,2,1,4
"dot/dot_bf16_bf16_fp32_1x64x4_1x4x2_neonbf16/512/4/real_time",391474,357.517,352.691,ns,,,"1x512x4",,,4,1,64,4,1,512,2,1,4
"dot/dot_bf16_bf16_fp32_1x64x4_1x4x2_neonbf16/512/8/real_time",252941,552.57,546.958,ns,,,"1x512x8",,,4,1,64,8,1,512,2,1,4
"dot/dot_bf16_bf16_fp32_1x64x4_1x4x2_neonbf16/512/12/real_time",188804,741.38,734.388,ns,,,"1x512x12",,,4,1,64,12,1,512,2,1,4
"dot/dot_bf16_bf16_fp32_1x64x4_1x4x2_neonbf16/512/20/real_time",122071,1142.68,1131.8,ns,,,"1x512x20",,,4,1,64,20,1,512,2,1,4
"dot/dot_bf16_bf16_fp32_1x32x4_1x4x2_neonbf16/32/4/real_time",2764678,50.5393,49.7914,ns,,,"1x32x4",,,4,1,32,4,1,32,2,1,4
"dot/dot_bf16_bf16_fp32_1x32x4_1x4x2_neonbf16/32/92/real_time",502551,278.394,275.053,ns,,,"1x32x92",,,4,1,32,92,1,32,2,1,4
"dot/dot_bf16_bf16_fp32_1x32x4_1x4x2_neonbf16/32/184/real_time",269339,520.38,513.771,ns,,,"1x32x184",,,4,1,32,184,1,32,2,1,4
"dot/dot_bf16_bf16_fp32_1x32x4_1x4x2_neonbf16/32/276/real_time",184915,760.532,748.156,ns,,,"1x32x276",,,4,1,32,276,1,32,2,1,4
"dot/dot_bf16_bf16_fp32_1x32x4_1x4x2_neonbf16/32/368/real_time",141100,989.52,981.503,ns,,,"1x32x368",,,4,1,32,368,1,32,2,1,4
"dot/dot_bf16_bf16_fp32_1x32x4_1x4x2_neonbf16/64/4/real_time",1964685,71.624,70.7089,ns,,,"1x64x4",,,4,1,32,4,1,64,2,1,4
"dot/dot_bf16_bf16_fp32_1x32x4_1x4x2_neonbf16/64/44/real_time",500777,278.528,275.503,ns,,,"1x64x44",,,4,1,32,44,1,64,2,1,4
"dot/dot_bf16_bf16_fp32_1x32x4_1x4x2_neonbf16/64/92/real_time",264469,529.716,524.51,ns,,,"1x64x92",,,4,1,32,92,1,64,2,1,4
"dot/dot_bf16_bf16_fp32_1x32x4_1x4x2_neonbf16/64/136/real_time",183502,759.15,753.093,ns,,,"1x64x136",,,4,1,32,136,1,64,2,1,4
"dot/dot_bf16_bf16_fp32_1x32x4_1x4x2_neonbf16/64/184/real_time",138656,1010.05,1001.34,ns,,,"1x64x184",,,4,1,32,184,1,64,2,1,4
"dot/dot_bf16_bf16_fp32_1x32x4_1x4x2_neonbf16/128/4/real_time",1178312,118.981,117.629,ns,,,"1x128x4",,,4,1,32,4,1,128,2,1,4
"dot/dot_bf16_bf16_fp32_1x32x4_1x4x2_neonbf16/128/20/real_time",502736,279.787,276.005,ns,,,"1x128x20",,,4,1,32,20,1,128,2,1,4
"dot/dot_bf16_bf16_fp32_1x32x4_1x4x2_neonbf16/128/44/real_time",264294,530.154,524.381,ns,,,"1x128x44",,,4,1,32,44,1,128,2,1,4
"dot/dot_bf16_bf16_fp32_1x32x4_1x4x2_neonbf16/128/68/real_time",179796,777.515,768.503,ns,,,"1x128x68",,,4,1,32,68,1,128,2,1,4
"dot/dot_bf16_bf16_fp32_1x32x4_1x4x2_neonbf16/128/92/real_time",133504,1037,1027.01,ns,,,"1x128x92",,,4,1,32,92,1,128,2,1,4
"dot/dot_bf16_bf16_fp32_1x32x4_1x4x2_neonbf16/256/4/real_time",683495,202.246,200.378,ns,,,"1x256x4",,,4,1,32,4,1,256,2,1,4
"dot/dot_bf16_bf16_fp32_1x32x4_1x4x2_neonbf16/256/8/real_time",492254,285.469,281.706,ns,,,"1x256x8",,,4,1,32,8,1,256,2,1,4
"dot/dot_bf16_bf16_fp32_1x32x4_1x4x2_neonbf16/256/20/real_time",264154,531.701,525.698,ns,,,"1x256x20",,,4,1,32,20,1,256,2,1,4
"dot/dot_bf16_bf16_fp32_1x32x4_1x4x2_neonbf16/256/32/real_time",169276,831.234,819.072,ns,,,"1x256x32",,,4,1,32,32,1,256,2,1,4
"dot/dot_bf16_bf16_fp32_1x32x4_1x4x2_neonbf16/256/44/real_time",135582,1061.85,1045.9,ns,,,"1x256x44",,,4,1,32,44,1,256,2,1,4
"dot/dot_bf16_bf16_fp32_2x32x4_1x4x2_neonbf16/32/4/real_time",2030279,68.9406,68.161,ns,,,"2x32x4",,,4,2,32,4,2,32,2,1,4
"dot/dot_bf16_bf16_fp32_2x32x4_1x4x2_neonbf16/32/88/real_time",263955,531.662,524.926,ns,,,"2x32x88",,,4,2,32,88,2,32,2,1,4
"dot/dot_bf16_bf16_fp32_2x32x4_1x4x2_neonbf16/32/176/real_time",137730,1023.32,1008.89,ns,,,"2x32x176",,,4,2,32,176,2,32,2,1,4
"dot/dot_bf16_bf16_fp32_2x32x4_1x4x2_neonbf16/32/264/real_time",93086,1497.62,1482.75,ns,,,"2x32x264",,,4,2,32,264,2,32,2,1,4
"dot/dot_bf16_bf16_fp32_2x32x4_1x4x2_neonbf16/32/356/real_time",70257,2004.9,1983.66,ns,,,"2x32x356",,,4,2,32,356,2,32,2,1,4
"dot/dot_bf16_bf16_fp32_2x32x4_1x4x2_neonbf16/64/4/real_time",1296972,107.184,106.09,ns,,,"2x64x4",,,4,2,32,4,2,64,2,1,4
"dot/dot_bf16_bf16_fp32_2x32x4_1x4x2_neonbf16/64/44/real_time",256909,545.135,540.098,ns,,,"2x64x44",,,4,2,32,44,2,64,2,1,4
"dot/dot_bf16_bf16_fp32_2x32x4_1x4x2_neonbf16/64/88/real_time",135422,1034.44,1021.23,ns,,,"2x64x88",,,4,2,32,88,2,64,2,1,4
"dot/dot_bf16_bf16_fp32_2x32x4_1x4x2_neonbf16/64/132/real_time",91910,1516.82,1497.84,ns,,,"2x64x132",,,4,2,32,132,2,64,2,1,4
"dot/dot_bf16_bf16_fp32_2x32x4_1x4x2_neonbf16/64/180/real_time",67972,2052.53,2028.78,ns,,,"2x64x180",,,4,2,32,180,2,64,2,1,4
"dot/dot_bf16_bf16_fp32_2x32x4_1x4x2_neonbf16/128/4/real_time",770777,181.214,179.497,ns,,,"2x128x4",,,4,2,32,4,2,128,2,1,4
"dot/dot_bf16_bf16_fp32_2x32x4_1x4x2_neonbf16/128/20/real_time",263525,532.241,526.217,ns,,,"2x128x20",,,4,2,32,20,2,128,2,1,4
"dot/dot_bf16_bf16_fp32_2x32x4_1x4x2_neonbf16/128/44/real_time",131610,1059.88,1051.08,ns,,,"2x128x44",,,4,2,32,44,2,128,2,1,4
"dot/dot_bf16_bf16_fp32_2x32x4_1x4x2_neonbf16/128/64/real_time",92747,1503.45,1486.6,ns,,,"2x128x64",,,4,2,32,64,2,128,2,1,4
"dot/dot_bf16_bf16_fp32_2x32x4_1x4x2_neonbf16/128/88/real_time",67798,2036.96,2016.47,ns,,,"2x128x88",,,4,2,32,88,2,128,2,1,4
"dot/dot_bf16_bf16_fp32_2x32x4_1x4x2_neonbf16/256/4/real_time",419169,333.567,330.24,ns,,,"2x256x4",,,4,2,32,4,2,256,2,1,4
"dot/dot_bf16_bf16_fp32_2x32x4_1x4x2_neonbf16/256/8/real_time",274743,508.502,503.499,ns,,,"2x256x8",,,4,2,32,8,2,256,2,1,4
"dot/dot_bf16_bf16_fp32_2x32x4_1x4x2_neonbf16/256/20/real_time",133876,1042.31,1026.52,ns,,,"2x256x20",,,4,2,32,20,2,256,2,1,4
"dot/dot_bf16_bf16_fp32_2x32x4_1x4x2_neonbf16/256/28/real_time",100504,1391.05,1373.69,ns,,,"2x256x28",,,4,2,32,28,2,256,2,1,4
"dot/dot_bf16_bf16_fp32_2x32x4_1x4x2_neonbf16/256/40/real_time",73036,1911.1,1890.64,ns,,,"2x256x40",,,4,2,32,40,2,256,2,1,4
"dot/dot_bf16_bf16_fp32_1x16x4_1x4x2_neonbf16/16/4/real_time",2904059,48.143,47.6831,ns,,,"1x16x4",,,4,1,16,4,1,16,2,1,4
"dot/dot_bf16_bf16_fp32_1x16x4_1x4x2_neonbf16/16/180/real_time",288246,486.137,480.724,ns,,,"1x16x180",,,4,1,16,180,1,16,2,1,4
"dot/dot_bf16_bf16_fp32_1x16x4_1x4x2_neonbf16/16/360/real_time",150642,929.445,918.592,ns,,,"1x16x360",,,4,1,16,360,1,16,2,1,4
"dot/dot_bf16_bf16_fp32_1x16x4_1x4x2_neonbf16/16/540/real_time",101565,1385.72,1361.28,ns,,,"1x16x540",,,4,1,16,540,1,16,2,1,4
"dot/dot_bf16_bf16_fp32_1x16x4_1x4x2_neonbf16/16/720/real_time",77276,1861.28,1801.9,ns,,,"1x16x720",,,4,1,16,720,1,16,2,1,4
"dot/dot_bf16_bf16_fp32_1x16x4_1x4x2_neonbf16/32/4/real_time",2051517,67.5169,66.5637,ns,,,"1x32x4",,,4,1,16,4,1,32,2,1,4
"dot/dot_bf16_bf16_fp32_1x16x4_1x4x2_neonbf16/32/92/real_time",276967,506.183,499.296,ns,,,"1x32x92",,,4,1,16,92,1,32,2,1,4
"dot/dot_bf16_bf16_fp32_1x16x4_1x4x2_neonbf16/32/184/real_time",144419,971.48,954.669,ns,,,"1x32x184",,,4,1,16,184,1,32,2,1,4
"dot/dot_bf16_bf16_fp32_1x16x4_1x4x2_neonbf16/32/276/real_time",97760,1421.34,1398.45,ns,,,"1x32x276",,,4,1,16,276,1,32,2,1,4
"dot/dot_bf16_bf16_fp32_1x16x4_1x4x2_neonbf16/32/368/real_time",74591,1900.56,1854.57,ns,,,"1x32x368",,,4,1,16,368,1,32,2,1,4
"dot/dot_bf16_bf16_fp32_1x16x4_1x4x2_neonbf16/64/4/real_time",1319348,106.423,104.095,ns,,,"1x64x4",,,4,1,16,4,1,64,2,1,4
"dot/dot_bf16_bf16_fp32_1x16x4_1x4x2_neonbf16/64/44/real_time",275238,509.995,499.427,ns,,,"1x64x44",,,4,1,16,44,1,64,2,1,4
"dot/dot_bf16_bf16_fp32_1x16x4_1x4x2_neonbf16/64/92/real_time",141637,989.138,974.92,ns,,,"1x64x92",,,4,1,16,92,1,64,2,1,4
"dot/dot_bf16_bf16_fp32_1x16x4_1x4x2_neonbf16/64/136/real_time",98365,1419.91,1393.6,ns,,,"1x64x136",,,4,1,16,136,1,64,2,1,4
"dot/dot_bf16_bf16_fp32_1x16x4_1x4x2_neonbf16/64/184/real_time",73491,1903.12,1872.76,ns,,,"1x64x184",,,4,1,16,184,1,64,2,1,4
"dot/dot_bf16_bf16_fp32_1x16x4_1x4x2_neonbf16/128/4/real_time",753346,186.552,183.104,ns,,,"1x128x4",,,4,1,16,4,1,128,2,1,4
"dot/dot_bf16_bf16_fp32_1x16x4_1x4x2_neonbf16/128/20/real_time",279035,502.969,494.506,ns,,,"1x128x20",,,4,1,16,20,1,128,2,1,4
"dot/dot_bf16_bf16_fp32_1x16x4_1x4x2_neonbf16/128/44/real_time",143200,979.072,962.121,ns,,,"1x128x44",,,4,1,16,44,1,128,2,1,4
"dot/dot_bf16_bf16_fp32_1x16x4_1x4x2_neonbf16/128/68/real_time",96082,1461.44,1436.88,ns,,,"1x128x68",,,4,1,16,68,1,128,2,1,4
"dot/dot_bf16_bf16_fp32_1x16x4_1x4x2_neonbf16/128/92/real_time",71893,1943.87,1917.89,ns,,,"1x128x92",,,4,1,16,92,1,128,2,1,4
"dot/dot_bf16_bf16_fp32_2x16x4_1x4x2_neonbf16/16/4/real_time",2458924,56.8963,56.1734,ns,,,"2x16x4",,,4,2,16,4,2,16,2,1,4
"dot/dot_bf16_bf16_fp32_2x16x4_1x4x2_neonbf16/16/168/real_time",232823,596.937,588.589,ns,,,"2x16x168",,,4,2,16,168,2,16,2,1,4
"dot/dot_bf16_bf16_fp32_2x16x4_1x4x2_neonbf16/16/336/real_time",121048,1142.32,1127.27,ns,,,"2x16x336",,,4,2,16,336,2,16,2,1,4
"dot/dot_bf16_bf16_fp32_2x16x4_1x4x2_neonbf16/16/504/real_time",81904,1690.81,1665.77,ns,,,"2x16x504",,,4,2,16,504,2,16,2,1,4
"dot/dot_bf16_bf16_fp32_2x16x4_1x4x2_neonbf16/16/676/real_time",62084,2248.52,2217.74,ns,,,"2x16x676",,,4,2,16,676,2,16,2,1,4
"dot/dot_bf16_bf16_fp32_2x16x4_1x4x2_neonbf16/32/4/real_time",1744057,80.3147,79.2291,ns,,,"2x32x4",,,4,2,16,4,2,32,2,1,4
"dot/dot_bf16_bf16_fp32_2x16x4_1x4x2_neonbf16/32/88/real_time",221288,637.762,625.347,ns,,,"2x32x88",,,4,2,16,88,2,32,2,1,4
"dot/dot_bf16_bf16_fp32_2x16x4_1x4x2_neonbf16/32/176/real_time",114329,1210.83,1196.86,ns,,,"2x32x176",,,4,2,16,176,2,32,2,1,4
"dot/dot_bf16_bf16_fp32_2x16x4_1x4x2_neonbf16/32/264/real_time",78408,1785.74,1757.94,ns,,,"2x32x264",,,4,2,16,264,2,32,2,1,4
"dot/dot_bf16_bf16_fp32_2x16x4_1x4x2_neonbf16/32/356/real_time",58695,2383.45,2351.67,ns,,,"2x32x356",,,4,2,16,356,2,32,2,1,4
"dot/dot_bf16_bf16_fp32_2x16x4_1x4x2_neonbf16/64/4/real_time",1061603,129.218,127.127,ns,,,"2x64x4",,,4,2,16,4,2,64,2,1,4
"dot/dot_bf16_bf16_fp32_2x16x4_1x4x2_neonbf16/64/44/real_time",214587,652.732,644.762,ns,,,"2x64x44",,,4,2,16,44,2,64,2,1,4
"dot/dot_bf16_bf16_fp32_2x16x4_1x4x2_neonbf16/64/88/real_time",112934,1241.46,1222.25,ns,,,"2x64x88",,,4,2,16,88,2,64,2,1,4
"dot/dot_bf16_bf16_fp32_2x16x4_1x4x2_neonbf16/64/132/real_time",77699,1798.06,1773.17,ns,,,"2x64x132",,,4,2,16,132,2,64,2,1,4
"dot/dot_bf16_bf16_fp32_2x16x4_1x4x2_neonbf16/64/180/real_time",57286,2445.45,2406.76,ns,,,"2x64x180",,,4,2,16,180,2,64,2,1,4
"dot/dot_bf16_bf16_fp32_2x16x4_1x4x2_neonbf16/128/4/real_time",621003,225.481,221.66,ns,,,"2x128x4",,,4,2,16,4,2,128,2,1,4
"dot/dot_bf16_bf16_fp32_2x16x4_1x4x2_neonbf16/128/20/real_time",217216,644.16,635.451,ns,,,"2x128x20",,,4,2,16,20,2,128,2,1,4
"dot/dot_bf16_bf16_fp32_2x16x4_1x4x2_neonbf16/128/44/real_time",109506,1268.54,1251.52,ns,,,"2x128x44",,,4,2,16,44,2,128,2,1,4
"dot/dot_bf16_bf16_fp32_2x16x4_1x4x2_neonbf16/128/64/real_time",78196,1801.38,1766.43,ns,,,"2x128x64",,,4,2,16,64,2,128,2,1,4
"dot/dot_bf16_bf16_fp32_2x16x4_1x4x2_neonbf16/128/88/real_time",57196,2444.18,2411.05,ns,,,"2x128x88",,,4,2,16,88,2,128,2,1,4
"dot/dot_bf16_bf16_fp32_3x16x4_1x4x2_neonbf16/16/4/real_time",1935384,72.0821,71.0347,ns,,,"3x16x4",,,4,3,16,4,3,16,2,1,4
"dot/dot_bf16_bf16_fp32_3x16x4_1x4x2_neonbf16/16/160/real_time",220936,633.4,624.437,ns,,,"3x16x160",,,4,3,16,160,3,16,2,1,4
"dot/dot_bf16_bf16_fp32_3x16x4_1x4x2_neonbf16/16/320/real_time",117043,1199.75,1184.32,ns,,,"3x16x320",,,4,3,16,320,3,16,2,1,4
"dot/dot_bf16_bf16_fp32_3x16x4_1x4x2_neonbf16/16/480/real_time",78616,1767.59,1745.04,ns,,,"3x16x480",,,4,3,16,480,3,16,2,1,4
"dot/dot_bf16_bf16_fp32_3x16x4_1x4x2_neonbf16/16/640/real_time",59817,2333.78,2304.9,ns,,,"3x16x640",,,4,3,16,640,3,16,2,1,4
"dot/dot_bf16_bf16_fp32_3x16x4_1x4x2_neonbf16/32/4/real_time",1327230,104.679,103.162,ns,,,"3x32x4",,,4,3,16,4,3,32,2,1,4
"dot/dot_bf16_bf16_fp32_3x16x4_1x4x2_neonbf16/32/84/real_time",208100,671.083,661.451,ns,,,"3x32x84",,,4,3,16,84,3,32,2,1,4
"dot/dot_bf16_bf16_fp32_3x16x4_1x4x2_neonbf16/32/172/real_time",107168,1301.23,1277.54,ns,,,"3x32x172",,,4,3,16,172,3,32,2,1,4
"dot/dot_bf16_bf16_fp32_3x16x4_1x4x2_neonbf16/32/256/real_time",72216,1934.74,1911.92,ns,,,"3x32x256",,,4,3,16,256,3,32,2,1,4
"dot/dot_bf16_bf16_fp32_3x16x4_1x4x2_neonbf16/32/344/real_time",56344,2480.07,2445.78,ns,,,"3x32x344",,,4,3,16,344,3,32,2,1,4
"dot/dot_bf16_bf16_fp32_3x16x4_1x4x2_neonbf16/64/4/real_time",822169,169.509,167.058,ns,,,"3x64x4",,,4,3,16,4,3,64,2,1,4
"dot/dot_bf16_bf16_fp32_3x16x4_1x4x2_neonbf16/64/44/real_time",190086,744.609,728.004,ns,,,"3x64x44",,,4,3,16,44,3,64,2,1,4
"dot/dot_bf16_bf16_fp32_3x16x4_1x4x2_neonbf16/64/88/real_time",101804,1354.64,1338,ns,,,"3x64x88",,,4,3,16,88,3,64,2,1,4
"dot/dot_bf16_bf16_fp32_3x16x4_1x4x2_neonbf16/64/132/real_time",71238,1963.79,1938.36,ns,,,"3x64x132",,,4,3,16,132,3,64,2,1,4
"dot/dot_bf16_bf16_fp32_3x16x4_1x4x2_neonbf16/64/176/real_time",51901,2701.36,2667.31,ns,,,"3x64x176",,,4,3,16,176,3,64,2,1,4
"dot/dot_bf16_bf16_fp32_3x16x4_1x4x2_neonbf16/128/4/real_time",465396,300.249,295.914,ns,,,"3x128x4",,,4,3,16,4,3,128,2,1,4
"dot/dot_bf16_bf16_fp32_3x16x4_1x4x2_neonbf16/128/20/real_time",185487,757.576,744.295,ns,,,"3x128x20",,,4,3,16,20,3,128,2,1,4
"dot/dot_bf16_bf16_fp32_3x16x4_1x4x2_neonbf16/128/40/real_time",107416,1311.68,1291.06,ns,,,"3x128x40",,,4,3,16,40,3,128,2,1,4
"dot/dot_bf16_bf16_fp32_3x16x4_1x4x2_neonbf16/128/60/real_time",70187,1976.74,1950.7,ns,,,"3x128x60",,,4,3,16,60,3,128,2,1,4
"dot/dot_bf16_bf16_fp32_3x16x4_1x4x2_neonbf16/128/84/real_time",54404,2577.49,2537.81,ns,,,"3x128x84",,,4,3,16,84,3,128,2,1,4
"dot/dot_bf16_bf16_fp32_4x16x4_1x4x2_neonbf16/16/4/real_time",1741811,80.5307,79.2542,ns,,,"4x16x4",,,4,4,16,4,4,16,2,1,4
"dot/dot_bf16_bf16_fp32_4x16x4_1x4x2_neonbf16/16/152/real_time",225474,626.346,610.072,ns,,,"4x16x152",,,4,4,16,152,4,16,2,1,4
"dot/dot_bf16_bf16_fp32_4x16x4_1x4x2_neonbf16/16/304/real_time",113665,1217.87,1200.06,ns,,,"4x16x304",,,4,4,16,304,4,16,2,1,4
"dot/dot_bf16_bf16_fp32_4x16x4_1x4x2_neonbf16/16/456/real_time",81834,1708.85,1685.61,ns,,,"4x16x456",,,4,4,16,456,4,16,2,1,4
"dot/dot_bf16_bf16_fp32_4x16x4_1x4x2_neonbf16/16/608/real_time",60016,2409.61,2365.31,ns,,,"4x16x608",,,4,4,16,608,4,16,2,1,4
"dot/dot_bf16_bf16_fp32_4x16x4_1x4x2_neonbf16/32/4/real_time",1175293,118.062,116.459,ns,,,"4x32x4",,,4,4,16,4,4,32,2,1,4
"dot/dot_bf16_bf16_fp32_4x16x4_1x4x2_neonbf16/32/80/real_time",200368,693.554,684.875,ns,,,"4x32x80",,,4,4,16,80,4,32,2,1,4
"dot/dot_bf16_bf16_fp32_4x16x4_1x4x2_neonbf16/32/164/real_time",107840,1302.33,1284.66,ns,,,"4x32x164",,,4,4,16,164,4,32,2,1,4
"dot/dot_bf16_bf16_fp32_4x16x4_1x4x2_neonbf16/32/248/real_time",73579,1879.97,1856.41,ns,,,"4x32x248",,,4,4,16,248,4,32,2,1,4
"dot/dot_bf16_bf16_fp32_4x16x4_1x4x2_neonbf16/32/332/real_time",56089,2506.04,2465.33,ns,,,"4x32x332",,,4,4,16,332,4,32,2,1,4
"dot/dot_bf16_bf16_fp32_4x16x4_1x4x2_neonbf16/64/4/real_time",730310,190.717,188.407,ns,,,"4x64x4",,,4,4,16,4,4,64,2,1,4
"dot/dot_bf16_bf16_fp32_4x16x4_1x4x2_neonbf16/64/40/real_time",195818,714.651,706.174,ns,,,"4x64x40",,,4,4,16,40,4,64,2,1,4
"dot/dot_bf16_bf16_fp32_4x16x4_1x4x2_neonbf16/64/84/real_time",101783,1366.5,1350.26,ns,,,"4x64x84",,,4,4,16,84,4,64,2,1,4
"dot/dot_bf16_bf16_fp32_4x16x4_1x4x2_neonbf16/64/128/real_time",64945,2149.01,2129.88,ns,,,"4x64x128",,,4,4,16,128,4,64,2,1,4
"dot/dot_bf16_bf16_fp32_4x16x4_1x4x2_neonbf16/64/172/real_time",52846,2651.62,2617.48,ns,,,"4x64x172",,,4,4,16,172,4,64,2,1,4
"dot/dot_bf16_bf16_fp32_4x16x4_1x4x2_neonbf16/128/4/real_time",410556,338.535,335.201,ns,,,"4x128x4",,,4,4,16,4,4,128,2,1,4
"dot/dot_bf16_bf16_fp32_4x16x4_1x4x2_neonbf16/128/20/real_time",171355,811.815,803.74,ns,,,"4x128x20",,,4,4,16,20,4,128,2,1,4
"dot/dot_bf16_bf16_fp32_4x16x4_1x4x2_neonbf16/128/40/real_time",100790,1375.21,1362.55,ns,,,"4x128x40",,,4,4,16,40,4,128,2,1,4
"dot/dot_bf16_bf16_fp32_4x16x4_1x4x2_neonbf16/128/60/real_time",67240,2063.31,2041.3,ns,,,"4x128x60",,,4,4,16,60,4,128,2,1,4
"dot/dot_bf16_bf16_fp32_4x16x4_1x4x2_neonbf16/128/84/real_time",51699,2705.77,2671.42,ns,,,"4x128x84",,,4,4,16,84,4,128,2,1,4
"dot/dot_bf16_bf16_fp32_1x8x4_1x4x2_neonbf16/8/4/real_time",2562414,46.7192,45.5976,ns,,,"1x8x4",,,4,1,8,4,1,8,2,1,4
"dot/dot_bf16_bf16_fp32_1x8x4_1x4x2_neonbf16/8/340/real_time",160646,875.774,864.276,ns,,,"1x8x340",,,4,1,8,340,1,8,2,1,4
"dot/dot_bf16_bf16_fp32_1x8x4_1x4x2_neonbf16/8/680/real_time",82397,1713.92,1691.26,ns,,,"1x8x680",,,4,1,8,680,1,8,2,1,4
"dot/dot_bf16_bf16_fp32_1x8x4_1x4x2_neonbf16/8/1020/real_time",55060,2551.71,2518.44,ns,,,"1x8x1020",,,4,1,8,1020,1,8,2,1,4
"dot/dot_bf16_bf16_fp32_1x8x4_1x4x2_neonbf16/8/1360/real_time",41391,3383.9,3344.27,ns,,,"1x8x1360",,,4,1,8,1360,1,8,2,1,4
"dot/dot_bf16_bf16_fp32_1x8x4_1x4x2_neonbf16/16/4/real_time",2175366,64.3353,63.6271,ns,,,"1x16x4",,,4,1,8,4,1,16,2,1,4
"dot/dot_bf16_bf16_fp32_1x8x4_1x4x2_neonbf16/16/180/real_time",147248,937.298,924.458,ns,,,"1x16x180",,,4,1,8,180,1,16,2,1,4
"dot/dot_bf16_bf16_fp32_1x8x4_1x4x2_neonbf16/16/360/real_time",77035,1826.55,1800.03,ns,,,"1x16x360",,,4,1,8,360,1,16,2,1,4
"dot/dot_bf16_bf16_fp32_1x8x4_1x4x2_neonbf16/16/540/real_time",49003,2713.05,2676,ns,,,"1x16x540",,,4,1,8,540,1,16,2,1,4
"dot/dot_bf16_bf16_fp32_1x8x4_1x4x2_neonbf16/16/720/real_time",38817,3590.64,3550.79,ns,,,"1x16x720",,,4,1,8,720,1,16,2,1,4
"dot/dot_bf16_bf16_fp32_1x8x4_1x4x2_neonbf16/32/4/real_time",1388939,100.414,99.0574,ns,,,"1x32x4",,,4,1,8,4,1,32,2,1,4
"dot/dot_bf16_bf16_fp32_1x8x4_1x4x2_neonbf16/32/92/real_time",143138,973.826,961.785,ns,,,"1x32x92",,,4,1,8,92,1,32,2,1,4
"dot/dot_bf16_bf16_fp32_1x8x4_1x4x2_neonbf16/32/184/real_time",74695,1880.99,1854.84,ns,,,"1x32x184",,,4,1,8,184,1,32,2,1,4
"dot/dot_bf16_bf16_fp32_1x8x4_1x4x2_neonbf16/32/276/real_time",50386,2787.12,2749.95,ns,,,"1x32x276",,,4,1,8,276,1,32,2,1,4
"dot/dot_bf16_bf16_fp32_1x8x4_1x4x2_neonbf16/32/368/real_time",37477,3790.96,3651.02,ns,,,"1x32x368",,,4,1,8,368,1,32,2,1,4
"dot/dot_bf16_bf16_fp32_1x8x4_1x4x2_neonbf16/64/4/real_time",792635,175.883,174.121,ns,,,"1x64x4",,,4,1,8,4,1,64,2,1,4
"dot/dot_bf16_bf16_fp32_1x8x4_1x4x2_neonbf16/64/44/real_time",145214,963.641,953.14,ns,,,"1x64x44",,,4,1,8,44,1,64,2,1,4
"dot/dot_bf16_bf16_fp32_1x8x4_1x4x2_neonbf16/64/92/real_time",73103,1905.18,1889.28,ns,,,"1x64x92",,,4,1,8,92,1,64,2,1,4
"dot/dot_bf16_bf16_fp32_1x8x4_1x4x2_neonbf16/64/136/real_time",49414,2775.04,2745.3,ns,,,"1x64x136",,,4,1,8,136,1,64,2,1,4
"dot/dot_bf16_bf16_fp32_1x8x4_1x4x2_neonbf16/64/184/real_time",37746,3731.42,3676.85,ns,,,"1x64x184",,,4,1,8,184,1,64,2,1,4
"dot/dot_bf16_bf16_fp32_4x8x4_1x4x2_neonbf16/8/4/real_time",1977830,70.8281,69.9762,ns,,,"4x8x4",,,4,4,8,4,4,8,2,1,4
"dot/dot_bf16_bf16_fp32_4x8x4_1x4x2_neonbf16/8/252/real_time",175180,799.344,789.758,ns,,,"4x8x252",,,4,4,8,252,4,8,2,1,4
"dot/dot_bf16_bf16_fp32_4x8x4_1x4x2_neonbf16/8/508/real_time",90424,1543.11,1525.76,ns,,,"4x8x508",,,4,4,8,508,4,8,2,1,4
"dot/dot_bf16_bf16_fp32_4x8x4_1x4x2_neonbf16/8/760/real_time",61439,2277.32,2251.02,ns,,,"4x8x760",,,4,4,8,760,4,8,2,1,4
"dot/dot_bf16_bf16_fp32_4x8x4_1x4x2_neonbf16/8/1016/real_time",46174,3030.07,2987.08,ns,,,"4x8x1016",,,4,4,8,1016,4,8,2,1,4
"dot/dot_bf16_bf16_fp32_4x8x4_1x4x2_neonbf16/16/4/real_time",1411078,98.8707,97.7191,ns,,,"4x16x4",,,4,4,8,4,4,16,2,1,4
"dot/dot_bf16_bf16_fp32_4x8x4_1x4x2_neonbf16/16/152/real_time",143408,978.573,966.126,ns,,,"4x16x152",,,4,4,8,152,4,16,2,1,4
"dot/dot_bf16_bf16_fp32_4x8x4_1x4x2_neonbf16/16/304/real_time",74730,2009.19,1854.92,ns,,,"4x16x304",,,4,4,8,304,4,16,2,1,4
"dot/dot_bf16_bf16_fp32_4x8x4_1x4x2_neonbf16/16/456/real_time",51219,2747.37,2712.93,ns,,,"4x16x456",,,4,4,8,456,4,16,2,1,4
"dot/dot_bf16_bf16_fp32_4x8x4_1x4x2_neonbf16/16/608/real_time",38325,3677.46,3589.99,ns,,,"4x16x608",,,4,4,8,608,4,16,2,1,4
"dot/dot_bf16_bf16_fp32_4x8x4_1x4x2_neonbf16/32/4/real_time",874983,159.21,157.311,ns,,,"4x32x4",,,4,4,8,4,4,32,2,1,4
"dot/dot_bf16_bf16_fp32_4x8x4_1x4x2_neonbf16/32/80/real_time",131414,1071.18,1057.76,ns,,,"4x32x80",,,4,4,8,80,4,32,2,1,4
"dot/dot_bf16_bf16_fp32_4x8x4_1x4x2_neonbf16/32/164/real_time",68170,2049.51,2018.89,ns,,,"4x32x164",,,4,4,8,164,4,32,2,1,4
"dot/dot_bf16_bf16_fp32_4x8x4_1x4x2_neonbf16/32/248/real_time",46234,3033.86,2990.82,ns,,,"4x32x248",,,4,4,8,248,4,32,2,1,4
"dot/dot_bf16_bf16_fp32_4x8x4_1x4x2_neonbf16/32/332/real_time",33736,4005.6,3950.33,ns,,,"4x32x332",,,4,4,8,332,4,32,2,1,4
"dot/dot_bf16_bf16_fp32_4x8x4_1x4x2_neonbf16/64/4/real_time",519474,269.001,266.231,ns,,,"4x64x4",,,4,4,8,4,4,64,2,1,4
"dot/dot_bf16_bf16_fp32_4x8x4_1x4x2_neonbf16/64/40/real_time",125453,1119.25,1104.02,ns,,,"4x64x40",,,4,4,8,40,4,64,2,1,4
"dot/dot_bf16_bf16_fp32_4x8x4_1x4x2_neonbf16/64/84/real_time",64724,2174.39,2142.34,ns,,,"4x64x84",,,4,4,8,84,4,64,2,1,4
"dot/dot_bf16_bf16_fp32_4x8x4_1x4x2_neonbf16/64/128/real_time",43704,3224.06,3157.34,ns,,,"4x64x128",,,4,4,8,128,4,64,2,1,4
"dot/dot_bf16_bf16_fp32_4x8x4_1x4x2_neonbf16/64/172/real_time",33057,4212.76,4171.72,ns,,,"4x64x172",,,4,4,8,172,4,64,2,1,4
"dot/dot_bf16_bf16_fp32_6x8x4_1x4x2_neonbf16/8/4/real_time",1604600,87.4184,86.2298,ns,,,"6x8x4",,,4,6,8,4,6,8,2,1,4
"dot/dot_bf16_bf16_fp32_6x8x4_1x4x2_neonbf16/8/216/real_time",184218,758.595,749.462,ns,,,"6x8x216",,,4,6,8,216,6,8,2,1,4
"dot/dot_bf16_bf16_fp32_6x8x4_1x4x2_neonbf16/8/432/real_time",91984,1531.61,1504.16,ns,,,"6x8x432",,,4,6,8,432,6,8,2,1,4
"dot/dot_bf16_bf16_fp32_6x8x4_1x4x2_neonbf16/8/648/real_time",60404,2112.44,2087.34,ns,,,"6x8x648",,,4,6,8,648,6,8,2,1,4
"dot/dot_bf16_bf16_fp32_6x8x4_1x4x2_neonbf16/8/868/real_time",49794,2823.32,2783.19,ns,,,"6x8x868",,,4,6,8,868,6,8,2,1,4
"dot/dot_bf16_bf16_fp32_6x8x4_1x4x2_neonbf16/16/4/real_time",1121084,125.051,123.575,ns,,,"6x16x4",,,4,6,8,4,6,16,2,1,4
"dot/dot_bf16_bf16_fp32_6x8x4_1x4x2_neonbf16/16/136/real_time",144680,970.938,956.595,ns,,,"6x16x136",,,4,6,8,136,6,16,2,1,4
"dot/dot_bf16_bf16_fp32_6x8x4_1x4x2_neonbf16/16/272/real_time",72743,1919.41,1894.8,ns,,,"6x16x272",,,4,6,8,272,6,16,2,1,4
"dot/dot_bf16_bf16_fp32_6x8x4_1x4x2_neonbf16/16/408/real_time",51964,2680.34,2649.09,ns,,,"6x16x408",,,4,6,8,408,6,16,2,1,4
"dot/dot_bf16_bf16_fp32_6x8x4_1x4x2_neonbf16/16/548/real_time",39084,3589.4,3545.73,ns,,,"6x16x548",,,4,6,8,548,6,16,2,1,4
"dot/dot_bf16_bf16_fp32_6x8x4_1x4x2_neonbf16/32/4/real_time",699375,199.837,197.91,ns,,,"6x32x4",,,4,6,8,4,6,32,2,1,4
"dot/dot_bf16_bf16_fp32_6x8x4_1x4x2_neonbf16/32/76/real_time",122936,1125.81,1110.87,ns,,,"6x32x76",,,4,6,8,76,6,32,2,1,4
"dot/dot_bf16_bf16_fp32_6x8x4_1x4x2_neonbf16/32/156/real_time",65253,2142.15,2117.57,ns,,,"6x32x156",,,4,6,8,156,6,32,2,1,4
"dot/dot_bf16_bf16_fp32_6x8x4_1x4x2_neonbf16/32/232/real_time",45202,3082.69,3050.27,ns,,,"6x32x232",,,4,6,8,232,6,32,2,1,4
"dot/dot_bf16_bf16_fp32_6x8x4_1x4x2_neonbf16/32/312/real_time",34211,4087.69,4039.32,ns,,,"6x32x312",,,4,6,8,312,6,32,2,1,4
"dot/dot_bf16_bf16_fp32_6x8x4_1x4x2_neonbf16/64/4/real_time",394241,354.831,350.453,ns,,,"6x64x4",,,4,6,8,4,6,64,2,1,4
"dot/dot_bf16_bf16_fp32_6x8x4_1x4x2_neonbf16/64/40/real_time",106670,1305.89,1285.58,ns,,,"6x64x40",,,4,6,8,40,6,64,2,1,4
"dot/dot_bf16_bf16_fp32_6x8x4_1x4x2_neonbf16/64/80/real_time",57977,2406.52,2377.4,ns,,,"6x64x80",,,4,6,8,80,6,64,2,1,4
"dot/dot_bf16_bf16_fp32_6x8x4_1x4x2_neonbf16/64/120/real_time",42153,3338.58,3292.72,ns,,,"6x64x120",,,4,6,8,120,6,64,2,1,4
"dot/dot_bf16_bf16_fp32_6x8x4_1x4x2_neonbf16/64/164/real_time",31582,4428.81,4388.06,ns,,,"6x64x164",,,4,6,8,164,6,64,2,1,4
"dot/dot_bf16_bf16_fp32_8x4x4_1x4x2_neonbf16/4/4/real_time",1467666,95.6987,94.8825,ns,,,"8x4x4",,,4,8,4,4,8,4,2,1,4
"dot/dot_bf16_bf16_fp32_8x4x4_1x4x2_neonbf16/4/252/real_time",148733,946.01,934.187,ns,,,"8x4x252",,,4,8,4,252,8,4,2,1,4
"dot/dot_bf16_bf16_fp32_8x4x4_1x4x2_neonbf16/4/508/real_time",76600,1815.65,1793.82,ns,,,"8x4x508",,,4,8,4,508,8,4,2,1,4
"dot/dot_bf16_bf16_fp32_8x4x4_1x4x2_neonbf16/4/760/real_time",52618,2641.94,2612.63,ns,,,"8x4x760",,,4,8,4,760,8,4,2,1,4
"dot/dot_bf16_bf16_fp32_8x4x4_1x4x2_neonbf16/4/1016/real_time",40106,3500.03,3460.84,ns,,,"8x4x1016",,,4,8,4,1016,8,4,2,1,4
"dot/dot_bf16_bf16_fp32_8x4x4_1x4x2_neonbf16/8/4/real_time",1021603,136.808,135.476,ns,,,"8x8x4",,,4,8,4,4,8,8,2,1,4
"dot/dot_bf16_bf16_fp32_8x4x4_1x4x2_neonbf16/8/188/real_time",99233,1402.73,1388.57,ns,,,"8x8x188",,,4,8,4,188,8,8,2,1,4
"dot/dot_bf16_bf16_fp32_8x4x4_1x4x2_neonbf16/8/380/real_time",51926,2708.26,2677.18,ns,,,"8x8x380",,,4,8,4,380,8,8,2,1,4
"dot/dot_bf16_bf16_fp32_8x4x4_1x4x2_neonbf16/8/568/real_time",33919,3952.36,3902.65,ns,,,"8x8x568",,,4,8,4,568,8,8,2,1,4
"dot/dot_bf16_bf16_fp32_8x4x4_1x4x2_neonbf16/8/760/real_time",26727,5222.64,5167.64,ns,,,"8x8x760",,,4,8,4,760,8,8,2,1,4
"dot/dot_bf16_bf16_fp32_8x4x4_1x4x2_neonbf16/16/4/real_time",632380,219.608,217.284,ns,,,"8x16x4",,,4,8,4,4,8,16,2,1,4
"dot/dot_bf16_bf16_fp32_8x4x4_1x4x2_neonbf16/16/124/real_time",74991,1858.86,1840.13,ns,,,"8x16x124",,,4,8,4,124,8,16,2,1,4
"dot/dot_bf16_bf16_fp32_8x4x4_1x4x2_neonbf16/16/248/real_time",39704,3529.78,3489.27,ns,,,"8x16x248",,,4,8,4,248,8,16,2,1,4
"dot/dot_bf16_bf16_fp32_8x4x4_1x4x2_neonbf16/16/372/real_time",26566,5274.17,5205.7,ns,,,"8x16x372",,,4,8,4,372,8,16,2,1,4
"dot/dot_bf16_bf16_fp32_8x4x4_1x4x2_neonbf16/16/500/real_time",20024,7000.72,6930.14,ns,,,"8x16x500",,,4,8,4,500,8,16,2,1,4
"dot/dot_bf16_bf16_fp32_8x4x4_1x4x2_neonbf16/32/4/real_time",371877,376.019,371.854,ns,,,"8x32x4",,,4,8,4,4,8,32,2,1,4
"dot/dot_bf16_bf16_fp32_8x4x4_1x4x2_neonbf16/32/72/real_time",62292,2241.14,2215.36,ns,,,"8x32x72",,,4,8,4,72,8,32,2,1,4
"dot/dot_bf16_bf16_fp32_8x4x4_1x4x2_neonbf16/32/144/real_time",31816,4394.8,4353.6,ns,,,"8x32x144",,,4,8,4,144,8,32,2,1,4
"dot/dot_bf16_bf16_fp32_8x4x4_1x4x2_neonbf16/32/216/real_time",22905,6114.96,6064.61,ns,,,"8x32x216",,,4,8,4,216,8,32,2,1,4
"dot/dot_bf16_bf16_fp32_8x4x4_1x4x2_neonbf16/32/292/real_time",16870,8293.13,8191.89,ns,,,"8x32x292",,,4,8,4,292,8,32,2,1,4
"dot/dot_fp32_1x64x4_1x4x1_neon/64/4/real_time",1645685,84.9231,84.0181,ns,,,"1x64x4",,,4,1,64,4,1,64,1,1,4
"dot/dot_fp32_1x64x4_1x4x1_neon/64/20/real_time",605251,231.305,228.212,ns,,,"1x64x20",,,4,1,64,20,1,64,1,1,4
"dot/dot_fp32_1x64x4_1x4x1_neon/64/44/real_time",311818,448.241,442.721,ns,,,"1x64x44",,,4,1,64,44,1,64,1,1,4
"dot/dot_fp32_1x64x4_1x4x1_neon/64/68/real_time",208697,683.996,673.718,ns,,,"1x64x68",,,4,1,64,68,1,64,1,1,4
"dot/dot_fp32_1x64x4_1x4x1_neon/64/92/real_time",157774,886.006,877.668,ns,,,"1x64x92",,,4,1,64,92,1,64,1,1,4
"dot/dot_fp32_1x64x4_1x4x1_neon/128/4/real_time",1008139,138.579,137.061,ns,,,"1x128x4",,,4,1,64,4,1,128,1,1,4
"dot/dot_fp32_1x64x4_1x4x1_neon/128/8/real_time",663041,210.434,208.246,ns,,,"1x128x8",,,4,1,64,8,1,128,1,1,4
"dot/dot_fp32_1x64x4_1x4x1_neon/128/20/real_time",327250,428.015,423.525,ns,,,"1x128x20",,,4,1,64,20,1,128,1,1,4
"dot/dot_fp32_1x64x4_1x4x1_neon/128/32/real_time",214401,653.011,646.609,ns,,,"1x128x32",,,4,1,64,32,1,128,1,1,4
"dot/dot_fp32_1x64x4_1x4x1_neon/128/44/real_time",161205,863,853.404,ns,,,"1x128x44",,,4,1,64,44,1,128,1,1,4
"dot/dot_fp32_1x64x4_1x4x1_neon/256/4/real_time",571534,245.634,242.575,ns,,,"1x256x4",,,4,1,64,4,1,256,1,1,4
"dot/dot_fp32_1x64x4_1x4x1_neon/256/8/real_time",358930,389.321,385.565,ns,,,"1x256x8",,,4,1,64,8,1,256,1,1,4
"dot/dot_fp32_1x64x4_1x4x1_neon/256/12/real_time",259759,539.324,534.043,ns,,,"1x256x12",,,4,1,64,12,1,256,1,1,4
"dot/dot_fp32_1x64x4_1x4x1_neon/256/20/real_time",170041,822.912,815.808,ns,,,"1x256x20",,,4,1,64,20,1,256,1,1,4
"dot/dot_fp32_1x64x4_1x4x1_neon/512/4/real_time",303103,461.514,456.737,ns,,,"1x512x4",,,4,1,64,4,1,512,1,1,4
"dot/dot_fp32_1x64x4_1x4x1_neon/512/8/real_time",185420,761.014,749.626,ns,,,"1x512x8",,,4,1,64,8,1,512,1,1,4
"dot/dot_fp32_1x32x4_1x4x1_neon/32/4/real_time",2226640,62.6987,62.0184,ns,,,"1x32x4",,,4,1,32,4,1,32,1,1,4
"dot/dot_fp32_1x32x4_1x4x1_neon/32/44/real_time",567046,247.031,244.466,ns,,,"1x32x44",,,4,1,32,44,1,32,1,1,4
"dot/dot_fp32_1x32x4_1x4x1_neon/32/92/real_time",300177,465.715,461.949,ns,,,"1x32x92",,,4,1,32,92,1,32,1,1,4
"dot/dot_fp32_1x32x4_1x4x1_neon/32/136/real_time",205254,671.475,662.008,ns,,,"1x32x136",,,4,1,32,136,1,32,1,1,4
"dot/dot_fp32_1x32x4_1x4x1_neon/32/184/real_time",155999,895.644,885.014,ns,,,"1x32x184",,,4,1,32,184,1,32,1,1,4
"dot/dot_fp32_1x32x4_1x4x1_neon/64/4/real_time",1473542,94.5921,93.3231,ns,,,"1x64x4",,,4,1,32,4,1,64,1,1,4
"dot/dot_fp32_1x32x4_1x4x1_neon/64/20/real_time",565735,246.898,243.272,ns,,,"1x64x20",,,4,1,32,20,1,64,1,1,4
"dot/dot_fp32_1x32x4_1x4x1_neon/64/44/real_time",302542,461.752,456.322,ns,,,"1x64x44",,,4,1,32,44,1,64,1,1,4
"dot/dot_fp32_1x32x4_1x4x1_neon/64/68/real_time",199231,701.702,693.745,ns,,,"1x64x68",,,4,1,32,68,1,64,1,1,4
"dot/dot_fp32_1x32x4_1x4x1_neon/64/92/real_time",150472,926.625,916.346,ns,,,"1x64x92",,,4,1,32,92,1,64,1,1,4
"dot/dot_fp32_1x32x4_1x4x1_neon/128/4/real_time",869360,161.601,159.955,ns,,,"1x128x4",,,4,1,32,4,1,128,1,1,4
"dot/dot_fp32_1x32x4_1x4x1_neon/128/8/real_time",609861,229.858,227.679,ns,,,"1x128x8",,,4,1,32,8,1,128,1,1,4
"dot/dot_fp32_1x32x4_1x4x1_neon/128/20/real_time",287026,451.348,445.828,ns,,,"1x128x20",,,4,1,32,20,1,128,1,1,4
"dot/dot_fp32_1x32x4_1x4x1_neon/128/32/real_time",201029,698.62,689.547,ns,,,"1x128x32",,,4,1,32,32,1,128,1,1,4
"dot/dot_fp32_1x32x4_1x4x1_neon/128/44/real_time",156107,900.893,886.21,ns,,,"1x128x44",,,4,1,32,44,1,128,1,1,4
"dot/dot_fp32_1x32x4_1x4x1_neon/256/4/real_time",487980,286.833,283.402,ns,,,"1x256x4",,,4,1,32,4,1,256,1,1,4
"dot/dot_fp32_1x32x4_1x4x1_neon/256/8/real_time",322587,433.442,428.386,ns,,,"1x256x8",,,4,1,32,8,1,256,1,1,4
"dot/dot_fp32_1x32x4_1x4x1_neon/256/12/real_time",237063,590.102,584.029,ns,,,"1x256x12",,,4,1,32,12,1,256,1,1,4
"dot/dot_fp32_1x32x4_1x4x1_neon/256/20/real_time",158722,876.016,864.436,ns,,,"1x256x20",,,4,1,32,20,1,256,1,1,4
"dot/dot_fp32_2x32x4_1x4x1_neon/32/4/real_time",1600125,87.4992,86.5616,ns,,,"2x32x4",,,4,2,32,4,2,32,1,1,4
"dot/dot_fp32_2x32x4_1x4x1_neon/32/44/real_time",378110,368.22,365.122,ns,,,"2x32x44",,,4,2,32,44,2,32,1,1,4
"dot/dot_fp32_2x32x4_1x4x1_neon/32/88/real_time",201779,691.359,685.471,ns,,,"2x32x88",,,4,2,32,88,2,32,1,1,4
"dot/dot_fp32_2x32x4_1x4x1_neon/32/132/real_time",141748,989.983,979.171,ns,,,"2x32x132",,,4,2,32,132,2,32,1,1,4
"dot/dot_fp32_2x32x4_1x4x1_neon/32/176/real_time",106175,1319.85,1307.09,ns,,,"2x32x176",,,4,2,32,176,2,32,1,1,4
"dot/dot_fp32_2x32x4_1x4x1_neon/64/4/real_time",1027998,136.131,134.742,ns,,,"2x64x4",,,4,2,32,4,2,64,1,1,4
"dot/dot_fp32_2x32x4_1x4x1_neon/64/20/real_time",384822,362.836,359.641,ns,,,"2x64x20",,,4,2,32,20,2,64,1,1,4
"dot/dot_fp32_2x32x4_1x4x1_neon/64/44/real_time",199228,700.432,693.965,ns,,,"2x64x44",,,4,2,32,44,2,64,1,1,4
"dot/dot_fp32_2x32x4_1x4x1_neon/64/64/real_time",133682,1050.58,1040.33,ns,,,"2x64x64",,,4,2,32,64,2,64,1,1,4
"dot/dot_fp32_2x32x4_1x4x1_neon/64/88/real_time",101428,1370.43,1346.46,ns,,,"2x64x88",,,4,2,32,88,2,64,1,1,4
"dot/dot_fp32_2x32x4_1x4x1_neon/128/4/real_time",588802,238.007,235.174,ns,,,"2x128x4",,,4,2,32,4,2,128,1,1,4
"dot/dot_fp32_2x32x4_1x4x1_neon/128/8/real_time",392689,354.833,351.447,ns,,,"2x128x8",,,4,2,32,8,2,128,1,1,4
"dot/dot_fp32_2x32x4_1x4x1_neon/128/20/real_time",203164,691.041,682.743,ns,,,"2x128x20",,,4,2,32,20,2,128,1,1,4
"dot/dot_fp32_2x32x4_1x4x1_neon/128/32/real_time",126959,1104.86,1092.12,ns,,,"2x128x32",,,4,2,32,32,2,128,1,1,4
"dot/dot_fp32_2x32x4_1x4x1_neon/128/44/real_time",101782,1373.86,1356.68,ns,,,"2x128x44",,,4,2,32,44,2,128,1,1,4
"dot/dot_fp32_2x32x4_1x4x1_neon/256/4/real_time",313798,442.648,437.325,ns,,,"2x256x4",,,4,2,32,4,2,256,1,1,4
"dot/dot_fp32_2x32x4_1x4x1_neon/256/8/real_time",205865,681.915,673.23,ns,,,"2x256x8",,,4,2,32,8,2,256,1,1,4
"dot/dot_fp32_2x32x4_1x4x1_neon/256/12/real_time",155724,903.161,887.092,ns,,,"2x256x12",,,4,2,32,12,2,256,1,1,4
"dot/dot_fp32_2x32x4_1x4x1_neon/256/20/real_time",103317,1349.22,1333.29,ns,,,"2x256x20",,,4,2,32,20,2,256,1,1,4
"dot/dot_fp32_3x32x4_1x4x1_neon/32/4/real_time",1309252,107.704,106.49,ns,,,"3x32x4",,,4,3,32,4,3,32,1,1,4
"dot/dot_fp32_3x32x4_1x4x1_neon/32/40/real_time",310531,451.591,445.349,ns,,,"3x32x40",,,4,3,32,40,3,32,1,1,4
"dot/dot_fp32_3x32x4_1x4x1_neon/32/84/real_time",162123,864.123,855.079,ns,,,"3x32x84",,,4,3,32,84,3,32,1,1,4
"dot/dot_fp32_3x32x4_1x4x1_neon/32/128/real_time",107824,1311.32,1291.55,ns,,,"3x32x128",,,4,3,32,128,3,32,1,1,4
"dot/dot_fp32_3x32x4_1x4x1_neon/32/172/real_time",82489,1691.69,1673.73,ns,,,"3x32x172",,,4,3,32,172,3,32,1,1,4
"dot/dot_fp32_3x32x4_1x4x1_neon/64/4/real_time",811839,173.658,171.714,ns,,,"3x64x4",,,4,3,32,4,3,64,1,1,4
"dot/dot_fp32_3x32x4_1x4x1_neon/64/20/real_time",294892,474.781,470.33,ns,,,"3x64x20",,,4,3,32,20,3,64,1,1,4
"dot/dot_fp32_3x32x4_1x4x1_neon/64/44/real_time",150218,931.044,921.251,ns,,,"3x64x44",,,4,3,32,44,3,64,1,1,4
"dot/dot_fp32_3x32x4_1x4x1_neon/64/64/real_time",103538,1353.8,1339.63,ns,,,"3x64x64",,,4,3,32,64,3,64,1,1,4
"dot/dot_fp32_3x32x4_1x4x1_neon/64/88/real_time",78298,1786.62,1766.85,ns,,,"3x64x88",,,4,3,32,88,3,64,1,1,4
"dot/dot_fp32_3x32x4_1x4x1_neon/128/4/real_time",456605,306.497,303.283,ns,,,"3x128x4",,,4,3,32,4,3,128,1,1,4
"dot/dot_fp32_3x32x4_1x4x1_neon/128/8/real_time",305080,458.627,454.081,ns,,,"3x128x8",,,4,3,32,8,3,128,1,1,4
"dot/dot_fp32_3x32x4_1x4x1_neon/128/20/real_time",153239,910.579,900.075,ns,,,"3x128x20",,,4,3,32,20,3,128,1,1,4
"dot/dot_fp32_3x32x4_1x4x1_neon/128/28/real_time",112280,1240.19,1227.17,ns,,,"3x128x28",,,4,3,32,28,3,128,1,1,4
"dot/dot_fp32_3x32x4_1x4x1_neon/128/40/real_time",82640,1698.71,1675.37,ns,,,"3x128x40",,,4,3,32,40,3,128,1,1,4
"dot/dot_fp32_3x32x4_1x4x1_neon/256/4/real_time",243078,576.364,569.734,ns,,,"3x256x4",,,4,3,32,4,3,256,1,1,4
"dot/dot_fp32_3x32x4_1x4x1_neon/256/8/real_time",158706,879.531,872.291,ns,,,"3x256x8",,,4,3,32,8,3,256,1,1,4
"dot/dot_fp32_3x32x4_1x4x1_neon/256/12/real_time",117560,1187.47,1174.75,ns,,,"3x256x12",,,4,3,32,12,3,256,1,1,4
"dot/dot_fp32_3x32x4_1x4x1_neon/256/20/real_time",78414,1785.35,1763.88,ns,,,"3x256x20",,,4,3,32,20,3,256,1,1,4
"dot/dot_fp32_1x16x4_1x4x1_neon/16/4/real_time",2646328,52.7997,52.3727,ns,,,"1x16x4",,,4,1,16,4,1,16,1,1,4
"dot/dot_fp32_1x16x4_1x4x1_neon/16/88/real_time",467111,298.981,296.218,ns,,,"1x16x88",,,4,1,16,88,1,16,1,1,4
"dot/dot_fp32_1x16x4_1x4x1_neon/16/180/real_time",244836,571.034,564.942,ns,,,"1x16x180",,,4,1,16,180,1,16,1,1,4
"dot/dot_fp32_1x16x4_1x4x1_neon/16/268/real_time",168082,828.585,819.075,ns,,,"1x16x268",,,4,1,16,268,1,16,1,1,4
"dot/dot_fp32_1x16x4_1x4x1_neon/16/360/real_time",126843,1095.19,1082.83,ns,,,"1x16x360",,,4,1,16,360,1,16,1,1,4
"dot/dot_fp32_1x16x4_1x4x1_neon/32/4/real_time",1856890,75.3819,74.6424,ns,,,"1x32x4",,,4,1,16,4,1,32,1,1,4
"dot/dot_fp32_1x16x4_1x4x1_neon/32/44/real_time",402319,349.074,345.366,ns,,,"1x32x44",,,4,1,16,44,1,32,1,1,4
"dot/dot_fp32_1x16x4_1x4x1_neon/32/92/real_time",207491,675.616,668.528,ns,,,"1x32x92",,,4,1,16,92,1,32,1,1,4
"dot/dot_fp32_1x16x4_1x4x1_neon/32/136/real_time",144233,977.843,961.551,ns,,,"1x32x136",,,4,1,16,136,1,32,1,1,4
"dot/dot_fp32_1x16x4_1x4x1_neon/32/184/real_time",106515,1307,1291.25,ns,,,"1x32x184",,,4,1,16,184,1,32,1,1,4
"dot/dot_fp32_1x16x4_1x4x1_neon/64/4/real_time",1155518,119.712,118.492,ns,,,"1x64x4",,,4,1,16,4,1,64,1,1,4
"dot/dot_fp32_1x16x4_1x4x1_neon/64/20/real_time",407591,343.962,339.839,ns,,,"1x64x20",,,4,1,16,20,1,64,1,1,4
"dot/dot_fp32_1x16x4_1x4x1_neon/64/44/real_time",237388,590.599,584.507,ns,,,"1x64x44",,,4,1,16,44,1,64,1,1,4
"dot/dot_fp32_1x16x4_1x4x1_neon/64/68/real_time",140419,998.702,986.028,ns,,,"1x64x68",,,4,1,16,68,1,64,1,1,4
"dot/dot_fp32_1x16x4_1x4x1_neon/64/92/real_time",105128,1329.77,1313.5,ns,,,"1x64x92",,,4,1,16,92,1,64,1,1,4
"dot/dot_fp32_1x16x4_1x4x1_neon/128/4/real_time",656458,213.936,210.889,ns,,,"1x128x4",,,4,1,16,4,1,128,1,1,4
"dot/dot_fp32_1x16x4_1x4x1_neon/128/8/real_time",456344,305.324,301.415,ns,,,"1x128x8",,,4,1,16,8,1,128,1,1,4
"dot/dot_fp32_1x16x4_1x4x1_neon/128/20/real_time",235826,589.494,582,ns,,,"1x128x20",,,4,1,16,20,1,128,1,1,4
"dot/dot_fp32_1x16x4_1x4x1_neon/128/32/real_time",150598,930.061,919.519,ns,,,"1x128x32",,,4,1,16,32,1,128,1,1,4
"dot/dot_fp32_1x16x4_1x4x1_neon/128/44/real_time",121057,1148.03,1133.23,ns,,,"1x128x44",,,4,1,16,44,1,128,1,1,4
"dot/dot_fp32_2x16x4_1x4x1_neon/16/4/real_time",2011506,69.5399,68.6227,ns,,,"2x16x4",,,4,2,16,4,2,16,1,1,4
"dot/dot_fp32_2x16x4_1x4x1_neon/16/84/real_time",372179,375.718,371.342,ns,,,"2x16x84",,,4,2,16,84,2,16,1,1,4
"dot/dot_fp32_2x16x4_1x4x1_neon/16/168/real_time",191667,729.202,719.755,ns,,,"2x16x168",,,4,2,16,168,2,16,1,1,4
"dot/dot_fp32_2x16x4_1x4x1_neon/16/252/real_time",137432,1021.91,1009.17,ns,,,"2x16x252",,,4,2,16,252,2,16,1,1,4
"dot/dot_fp32_2x16x4_1x4x1_neon/16/336/real_time",101788,1378.2,1363.76,ns,,,"2x16x336",,,4,2,16,336,2,16,1,1,4
"dot/dot_fp32_2x16x4_1x4x1_neon/32/4/real_time",1333743,106.363,104.955,ns,,,"2x32x4",,,4,2,16,4,2,32,1,1,4
"dot/dot_fp32_2x16x4_1x4x1_neon/32/44/real_time",341622,411.585,405.182,ns,,,"2x32x44",,,4,2,16,44,2,32,1,1,4
"dot/dot_fp32_2x16x4_1x4x1_neon/32/88/real_time",179255,780.496,770.568,ns,,,"2x32x88",,,4,2,16,88,2,32,1,1,4
"dot/dot_fp32_2x16x4_1x4x1_neon/32/132/real_time",128641,1082.31,1072.75,ns,,,"2x32x132",,,4,2,16,132,2,32,1,1,4
"dot/dot_fp32_2x16x4_1x4x1_neon/32/176/real_time",94204,1480.01,1467.23,ns,,,"2x32x176",,,4,2,16,176,2,32,1,1,4
"dot/dot_fp32_2x16x4_1x4x1_neon/64/4/real_time",822554,170.075,168.472,ns,,,"2x64x4",,,4,2,16,4,2,64,1,1,4
"dot/dot_fp32_2x16x4_1x4x1_neon/64/20/real_time",335013,416.456,412.883,ns,,,"2x64x20",,,4,2,16,20,2,64,1,1,4
"dot/dot_fp32_2x16x4_1x4x1_neon/64/44/real_time",177499,787.443,779.23,ns,,,"2x64x44",,,4,2,16,44,2,64,1,1,4
"dot/dot_fp32_2x16x4_1x4x1_neon/64/64/real_time",113236,1231.35,1217.24,ns,,,"2x64x64",,,4,2,16,64,2,64,1,1,4
"dot/dot_fp32_2x16x4_1x4x1_neon/64/88/real_time",90522,1537.01,1520.11,ns,,,"2x64x88",,,4,2,16,88,2,64,1,1,4
"dot/dot_fp32_2x16x4_1x4x1_neon/128/4/real_time",449052,312.14,309.029,ns,,,"2x128x4",,,4,2,16,4,2,128,1,1,4
"dot/dot_fp32_2x16x4_1x4x1_neon/128/8/real_time",316113,442.83,437.926,ns,,,"2x128x8",,,4,2,16,8,2,128,1,1,4
"dot/dot_fp32_2x16x4_1x4x1_neon/128/20/real_time",174632,802.264,793.692,ns,,,"2x128x20",,,4,2,16,20,2,128,1,1,4
"dot/dot_fp32_2x16x4_1x4x1_neon/128/32/real_time",106906,1308.58,1293.48,ns,,,"2x128x32",,,4,2,16,32,2,128,1,1,4
"dot/dot_fp32_2x16x4_1x4x1_neon/128/44/real_time",91242,1532.87,1517.28,ns,,,"2x128x44",,,4,2,16,44,2,128,1,1,4
"dot/dot_fp32_3x16x4_1x4x1_neon/16/4/real_time",1664856,84.1983,83.4208,ns,,,"3x16x4",,,4,3,16,4,3,16,1,1,4
"dot/dot_fp32_3x16x4_1x4x1_neon/16/80/real_time",296343,475.9,469.739,ns,,,"3x16x80",,,4,3,16,80,3,16,1,1,4
"dot/dot_fp32_3x16x4_1x4x1_neon/16/160/real_time",158149,891.384,877.913,ns,,,"3x16x160",,,4,3,16,160,3,16,1,1,4
"dot/dot_fp32_3x16x4_1x4x1_neon/16/240/real_time",104502,1300.26,1268.47,ns,,,"3x16x240",,,4,3,16,240,3,16,1,1,4
"dot/dot_fp32_3x16x4_1x4x1_neon/16/320/real_time",82862,1691.14,1663.47,ns,,,"3x16x320",,,4,3,16,320,3,16,1,1,4
"dot/dot_fp32_3x16x4_1x4x1_neon/32/4/real_time",1096176,127.155,125.487,ns,,,"3x32x4",,,4,3,16,4,3,32,1,1,4
"dot/dot_fp32_3x16x4_1x4x1_neon/32/40/real_time",277179,504.411,497.535,ns,,,"3x32x40",,,4,3,16,40,3,32,1,1,4
"dot/dot_fp32_3x16x4_1x4x1_neon/32/84/real_time",151457,926.02,912.96,ns,,,"3x32x84",,,4,3,16,84,3,32,1,1,4
"dot/dot_fp32_3x16x4_1x4x1_neon/32/128/real_time",97796,1418.55,1396.81,ns,,,"3x32x128",,,4,3,16,128,3,32,1,1,4
"dot/dot_fp32_3x16x4_1x4x1_neon/32/172/real_time",77227,1818.2,1780.03,ns,,,"3x32x172",,,4,3,16,172,3,32,1,1,4
"dot/dot_fp32_3x16x4_1x4x1_neon/64/4/real_time",658144,212.855,209.447,ns,,,"3x64x4",,,4,3,16,4,3,64,1,1,4
"dot/dot_fp32_3x16x4_1x4x1_neon/64/20/real_time",261490,536.294,529.208,ns,,,"3x64x20",,,4,3,16,20,3,64,1,1,4
"dot/dot_fp32_3x16x4_1x4x1_neon/64/44/real_time",138929,1016.3,1000.59,ns,,,"3x64x44",,,4,3,16,44,3,64,1,1,4
"dot/dot_fp32_3x16x4_1x4x1_neon/64/64/real_time",94565,1464.02,1443.4,ns,,,"3x64x64",,,4,3,16,64,3,64,1,1,4
"dot/dot_fp32_3x16x4_1x4x1_neon/64/88/real_time",70958,1967.17,1928.81,ns,,,"3x64x88",,,4,3,16,88,3,64,1,1,4
"dot/dot_fp32_3x16x4_1x4x1_neon/128/4/real_time",361614,387.354,381.505,ns,,,"3x128x4",,,4,3,16,4,3,128,1,1,4
"dot/dot_fp32_3x16x4_1x4x1_neon/128/8/real_time",246951,566.971,558.564,ns,,,"3x128x8",,,4,3,16,8,3,128,1,1,4
"dot/dot_fp32_3x16x4_1x4x1_neon/128/20/real_time",134856,1033.17,1019.59,ns,,,"3x128x20",,,4,3,16,20,3,128,1,1,4
"dot/dot_fp32_3x16x4_1x4x1_neon/128/28/real_time",102995,1352.72,1331.37,ns,,,"3x128x28",,,4,3,16,28,3,128,1,1,4
"dot/dot_fp32_3x16x4_1x4x1_neon/128/40/real_time",73707,1916.27,1877.31,ns,,,"3x128x40",,,4,3,16,40,3,128,1,1,4
"dot/dot_fp32_4x16x4_1x4x1_neon/16/4/real_time",1334757,104.104,102.665,ns,,,"4x16x4",,,4,4,16,4,4,16,1,1,4
"dot/dot_fp32_4x16x4_1x4x1_neon/16/76/real_time",217736,643.233,634.755,ns,,,"4x16x76",,,4,4,16,76,4,16,1,1,4
"dot/dot_fp32_4x16x4_1x4x1_neon/16/152/real_time",112663,1242.73,1226.47,ns,,,"4x16x152",,,4,4,16,152,4,16,1,1,4
"dot/dot_fp32_4x16x4_1x4x1_neon/16/228/real_time",78750,1770.61,1744.9,ns,,,"4x16x228",,,4,4,16,228,4,16,1,1,4
"dot/dot_fp32_4x16x4_1x4x1_neon/16/304/real_time",57883,2415.2,2374.91,ns,,,"4x16x304",,,4,4,16,304,4,16,1,1,4
"dot/dot_fp32_4x16x4_1x4x1_neon/32/4/real_time",873153,159.678,157.618,ns,,,"4x32x4",,,4,4,16,4,4,32,1,1,4
"dot/dot_fp32_4x16x4_1x4x1_neon/32/40/real_time",194317,717,707.907,ns,,,"4x32x40",,,4,4,16,40,4,32,1,1,4
"dot/dot_fp32_4x16x4_1x4x1_neon/32/80/real_time",103987,1336.41,1318.47,ns,,,"4x32x80",,,4,4,16,80,4,32,1,1,4
"dot/dot_fp32_4x16x4_1x4x1_neon/32/120/real_time",71889,1957.35,1930.24,ns,,,"4x32x120",,,4,4,16,120,4,32,1,1,4
"dot/dot_fp32_4x16x4_1x4x1_neon/32/164/real_time",54871,2548.4,2514.13,ns,,,"4x32x164",,,4,4,16,164,4,32,1,1,4
"dot/dot_fp32_4x16x4_1x4x1_neon/64/4/real_time",505237,272.371,269.072,ns,,,"4x64x4",,,4,4,16,4,4,64,1,1,4
"dot/dot_fp32_4x16x4_1x4x1_neon/64/20/real_time",185138,756.751,745.404,ns,,,"4x64x20",,,4,4,16,20,4,64,1,1,4
"dot/dot_fp32_4x16x4_1x4x1_neon/64/40/real_time",100269,1409.41,1381.12,ns,,,"4x64x40",,,4,4,16,40,4,64,1,1,4
"dot/dot_fp32_4x16x4_1x4x1_neon/64/60/real_time",69315,1998.54,1965.85,ns,,,"4x64x60",,,4,4,16,60,4,64,1,1,4
"dot/dot_fp32_4x16x4_1x4x1_neon/64/84/real_time",52249,2668.21,2636.41,ns,,,"4x64x84",,,4,4,16,84,4,64,1,1,4
"dot/dot_fp32_4x16x4_1x4x1_neon/128/4/real_time",278848,504.213,495.561,ns,,,"4x128x4",,,4,4,16,4,4,128,1,1,4
"dot/dot_fp32_4x16x4_1x4x1_neon/128/8/real_time",182864,772.1,757.006,ns,,,"4x128x8",,,4,4,16,8,4,128,1,1,4
"dot/dot_fp32_4x16x4_1x4x1_neon/128/20/real_time",93692,1469.01,1447.49,ns,,,"4x128x20",,,4,4,16,20,4,128,1,1,4
"dot/dot_fp32_4x16x4_1x4x1_neon/128/28/real_time",70321,1990.15,1955.17,ns,,,"4x128x28",,,4,4,16,28,4,128,1,1,4
"dot/dot_fp32_4x16x4_1x4x1_neon/128/40/real_time",50746,2744.65,2697.59,ns,,,"4x128x40",,,4,4,16,40,4,128,1,1,4
"dot/dot_fp32_5x16x4_1x4x1_neon/16/4/real_time",1186195,116.575,115.135,ns,,,"5x16x4",,,4,5,16,4,5,16,1,1,4
"dot/dot_fp32_5x16x4_1x4x1_neon/16/72/real_time",229236,613.96,602.129,ns,,,"5x16x72",,,4,5,16,72,5,16,1,1,4
"dot/dot_fp32_5x16x4_1x4x1_neon/16/144/real_time",121517,1130.76,1117.39,ns,,,"5x16x144",,,4,5,16,144,5,16,1,1,4
"dot/dot_fp32_5x16x4_1x4x1_neon/16/216/real_time",84571,1639.08,1618.14,ns,,,"5x16x216",,,4,5,16,216,5,16,1,1,4
"dot/dot_fp32_5x16x4_1x4x1_neon/16/288/real_time",64721,2162.5,2126.29,ns,,,"5x16x288",,,4,5,16,288,5,16,1,1,4
"dot/dot_fp32_5x16x4_1x4x1_neon/32/4/real_time",767796,180.814,178.143,ns,,,"5x32x4",,,4,5,16,4,5,32,1,1,4
"dot/dot_fp32_5x16x4_1x4x1_neon/32/40/real_time",198390,697.749,689.062,ns,,,"5x32x40",,,4,5,16,40,5,32,1,1,4
"dot/dot_fp32_5x16x4_1x4x1_neon/32/80/real_time",104685,1282.66,1264.96,ns,,,"5x32x80",,,4,5,16,80,5,32,1,1,4
"dot/dot_fp32_5x16x4_1x4x1_neon/32/120/real_time",73268,1901.62,1878.07,ns,,,"5x32x120",,,4,5,16,120,5,32,1,1,4
"dot/dot_fp32_5x16x4_1x4x1_neon/32/160/real_time",56844,2448.08,2409.54,ns,,,"5x32x160",,,4,5,16,160,5,32,1,1,4
"dot/dot_fp32_5x16x4_1x4x1_neon/64/4/real_time",449100,310.463,305.872,ns,,,"5x64x4",,,4,5,16,4,5,64,1,1,4
"dot/dot_fp32_5x16x4_1x4x1_neon/64/20/real_time",185805,753.712,742.459,ns,,,"5x64x20",,,4,5,16,20,5,64,1,1,4
"dot/dot_fp32_5x16x4_1x4x1_neon/64/40/real_time",102274,1357.58,1337.73,ns,,,"5x64x40",,,4,5,16,40,5,64,1,1,4
"dot/dot_fp32_5x16x4_1x4x1_neon/64/60/real_time",71501,1946.79,1917.77,ns,,,"5x64x60",,,4,5,16,60,5,64,1,1,4
"dot/dot_fp32_5x16x4_1x4x1_neon/64/84/real_time",55273,2556.6,2503.92,ns,,,"5x64x84",,,4,5,16,84,5,64,1,1,4
"dot/dot_fp32_5x16x4_1x4x1_neon/128/4/real_time",244080,571.691,563.444,ns,,,"5x128x4",,,4,5,16,4,5,128,1,1,4
"dot/dot_fp32_5x16x4_1x4x1_neon/128/8/real_time",170774,817.604,806.862,ns,,,"5x128x8",,,4,5,16,8,5,128,1,1,4
"dot/dot_fp32_5x16x4_1x4x1_neon/128/20/real_time",95708,1470.14,1438.94,ns,,,"5x128x20",,,4,5,16,20,5,128,1,1,4
"dot/dot_fp32_5x16x4_1x4x1_neon/128/28/real_time",69752,1993.86,1960.21,ns,,,"5x128x28",,,4,5,16,28,5,128,1,1,4
"dot/dot_fp32_5x16x4_1x4x1_neon/128/40/real_time",52628,2661.06,2616.47,ns,,,"5x128x40",,,4,5,16,40,5,128,1,1,4
"dot/dot_fp32_1x8x4_1x4x1_neon/8/4/real_time",2935873,47.6799,46.9333,ns,,,"1x8x4",,,4,1,8,4,1,8,1,1,4
"dot/dot_fp32_1x8x4_1x4x1_neon/8/168/real_time",362337,385.737,379.965,ns,,,"1x8x168",,,4,1,8,168,1,8,1,1,4
"dot/dot_fp32_1x8x4_1x4x1_neon/8/340/real_time",191675,732.031,722.775,ns,,,"1x8x340",,,4,1,8,340,1,8,1,1,4
"dot/dot_fp32_1x8x4_1x4x1_neon/8/508/real_time",128678,1089.73,1061.43,ns,,,"1x8x508",,,4,1,8,508,1,8,1,1,4
"dot/dot_fp32_1x8x4_1x4x1_neon/8/680/real_time",96804,1430.19,1404.41,ns,,,"1x8x680",,,4,1,8,680,1,8,1,1,4
"dot/dot_fp32_1x8x4_1x4x1_neon/16/4/real_time",2164290,65.0669,63.7637,ns,,,"1x16x4",,,4,1,8,4,1,16,1,1,4
"dot/dot_fp32_1x8x4_1x4x1_neon/16/88/real_time",340366,410.415,405.127,ns,,,"1x16x88",,,4,1,8,88,1,16,1,1,4
"dot/dot_fp32_1x8x4_1x4x1_neon/16/180/real_time",177124,790.313,779.875,ns,,,"1x16x180",,,4,1,8,180,1,16,1,1,4
"dot/dot_fp32_1x8x4_1x4x1_neon/16/268/real_time",121444,1146.49,1127.34,ns,,,"1x16x268",,,4,1,8,268,1,16,1,1,4
"dot/dot_fp32_1x8x4_1x4x1_neon/16/360/real_time",91352,1520.93,1497.08,ns,,,"1x16x360",,,4,1,8,360,1,16,1,1,4
"dot/dot_fp32_1x8x4_1x4x1_neon/32/4/real_time",1320644,106.892,105.166,ns,,,"1x32x4",,,4,1,8,4,1,32,1,1,4
"dot/dot_fp32_1x8x4_1x4x1_neon/32/44/real_time",325070,428.509,423.069,ns,,,"1x32x44",,,4,1,8,44,1,32,1,1,4
"dot/dot_fp32_1x8x4_1x4x1_neon/32/92/real_time",168629,830.932,818.509,ns,,,"1x32x92",,,4,1,8,92,1,32,1,1,4
"dot/dot_fp32_1x8x4_1x4x1_neon/32/136/real_time",117990,1173.96,1156.9,ns,,,"1x32x136",,,4,1,8,136,1,32,1,1,4
"dot/dot_fp32_1x8x4_1x4x1_neon/32/184/real_time",88350,1588.25,1559.3,ns,,,"1x32x184",,,4,1,8,184,1,32,1,1,4
"dot/dot_fp32_1x8x4_1x4x1_neon/64/4/real_time",810058,172.055,169.798,ns,,,"1x64x4",,,4,1,8,4,1,64,1,1,4
"dot/dot_fp32_1x8x4_1x4x1_neon/64/20/real_time",324293,431.747,425.893,ns,,,"1x64x20",,,4,1,8,20,1,64,1,1,4
"dot/dot_fp32_1x8x4_1x4x1_neon/64/44/real_time",170472,822.253,810.601,ns,,,"1x64x44",,,4,1,8,44,1,64,1,1,4
"dot/dot_fp32_1x8x4_1x4x1_neon/64/68/real_time",114736,1209.36,1192.86,ns,,,"1x64x68",,,4,1,8,68,1,64,1,1,4
"dot/dot_fp32_1x8x4_1x4x1_neon/64/92/real_time",85677,1627.69,1605.79,ns,,,"1x64x92",,,4,1,8,92,1,64,1,1,4
"dot/dot_fp32_4x8x4_1x4x1_neon/8/4/real_time",1679239,83.5009,82.1936,ns,,,"4x8x4",,,4,4,8,4,4,8,1,1,4
"dot/dot_fp32_4x8x4_1x4x1_neon/8/124/real_time",257125,543.441,535.845,ns,,,"4x8x124",,,4,4,8,124,4,8,1,1,4
"dot/dot_fp32_4x8x4_1x4x1_neon/8/252/real_time",134914,1036.18,1021.76,ns,,,"4x8x252",,,4,4,8,252,4,8,1,1,4
"dot/dot_fp32_4x8x4_1x4x1_neon/8/380/real_time",91010,1522.13,1502.93,ns,,,"4x8x380",,,4,4,8,380,4,8,1,1,4
"dot/dot_fp32_4x8x4_1x4x1_neon/8/508/real_time",69353,2008.68,1985.31,ns,,,"4x8x508",,,4,4,8,508,4,8,1,1,4
"dot/dot_fp32_4x8x4_1x4x1_neon/16/4/real_time",1143820,121.153,119.523,ns,,,"4x16x4",,,4,4,8,4,4,16,1,1,4
"dot/dot_fp32_4x8x4_1x4x1_neon/16/76/real_time",203993,680.57,670.364,ns,,,"4x16x76",,,4,4,8,76,4,16,1,1,4
"dot/dot_fp32_4x8x4_1x4x1_neon/16/152/real_time",106997,1316.36,1290.39,ns,,,"4x16x152",,,4,4,8,152,4,16,1,1,4
"dot/dot_fp32_4x8x4_1x4x1_neon/16/228/real_time",75662,1848.2,1817.63,ns,,,"4x16x228",,,4,4,8,228,4,16,1,1,4
"dot/dot_fp32_4x8x4_1x4x1_neon/16/304/real_time",55689,2512.57,2475.7,ns,,,"4x16x304",,,4,4,8,304,4,16,1,1,4
"dot/dot_fp32_4x8x4_1x4x1_neon/32/4/real_time",710761,196.484,194.237,ns,,,"4x32x4",,,4,4,8,4,4,32,1,1,4
"dot/dot_fp32_4x8x4_1x4x1_neon/32/40/real_time",178064,788.351,775.628,ns,,,"4x32x40",,,4,4,8,40,4,32,1,1,4
"dot/dot_fp32_4x8x4_1x4x1_neon/32/80/real_time",98391,1405.07,1386.54,ns,,,"4x32x80",,,4,4,8,80,4,32,1,1,4
"dot/dot_fp32_4x8x4_1x4x1_neon/32/120/real_time",68042,2058.08,2028.65,ns,,,"4x32x120",,,4,4,8,120,4,32,1,1,4
"dot/dot_fp32_4x8x4_1x4x1_neon/32/164/real_time",52415,2666.28,2628.76,ns,,,"4x32x164",,,4,4,8,164,4,32,1,1,4
"dot/dot_fp32_4x8x4_1x4x1_neon/64/4/real_time",397383,349.25,345.442,ns,,,"4x64x4",,,4,4,8,4,4,64,1,1,4
"dot/dot_fp32_4x8x4_1x4x1_neon/64/20/real_time",162859,858.476,849.143,ns,,,"4x64x20",,,4,4,8,20,4,64,1,1,4
"dot/dot_fp32_4x8x4_1x4x1_neon/64/40/real_time",92940,1519.51,1489,ns,,,"4x64x40",,,4,4,8,40,4,64,1,1,4
"dot/dot_fp32_4x8x4_1x4x1_neon/64/60/real_time",65909,2121.54,2089.82,ns,,,"4x64x60",,,4,4,8,60,4,64,1,1,4
"dot/dot_fp32_4x8x4_1x4x1_neon/64/84/real_time",48746,2845.99,2799.57,ns,,,"4x64x84",,,4,4,8,84,4,64,1,1,4
"dot/dot_fp32_6x8x4_1x4x1_neon/8/4/real_time",1487874,94.0575,92.7931,ns,,,"6x8x4",,,4,6,8,4,6,8,1,1,4
"dot/dot_fp32_6x8x4_1x4x1_neon/8/108/real_time",258568,544.876,535.104,ns,,,"6x8x108",,,4,6,8,108,6,8,1,1,4
"dot/dot_fp32_6x8x4_1x4x1_neon/8/216/real_time",128483,1086.63,1068.33,ns,,,"6x8x216",,,4,6,8,216,6,8,1,1,4
"dot/dot_fp32_6x8x4_1x4x1_neon/8/324/real_time",95344,1467.97,1446.2,ns,,,"6x8x324",,,4,6,8,324,6,8,1,1,4
"dot/dot_fp32_6x8x4_1x4x1_neon/8/432/real_time",67334,2109.7,2074.46,ns,,,"6x8x432",,,4,6,8,432,6,8,1,1,4
"dot/dot_fp32_6x8x4_1x4x1_neon/16/4/real_time",994962,140.647,138.711,ns,,,"6x16x4",,,4,6,8,4,6,16,1,1,4
"dot/dot_fp32_6x8x4_1x4x1_neon/16/68/real_time",198847,702.537,694.074,ns,,,"6x16x68",,,4,6,8,68,6,16,1,1,4
"dot/dot_fp32_6x8x4_1x4x1_neon/16/136/real_time",101542,1374,1355.38,ns,,,"6x16x136",,,4,6,8,136,6,16,1,1,4
"dot/dot_fp32_6x8x4_1x4x1_neon/16/204/real_time",73866,1897.06,1866,ns,,,"6x16x204",,,4,6,8,204,6,16,1,1,4
"dot/dot_fp32_6x8x4_1x4x1_neon/16/272/real_time",52119,2683.63,2634.93,ns,,,"6x16x272",,,4,6,8,272,6,16,1,1,4
"dot/dot_fp32_6x8x4_1x4x1_neon/32/4/real_time",603589,231.313,227.481,ns,,,"6x32x4",,,4,6,8,4,6,32,1,1,4
"dot/dot_fp32_6x8x4_1x4x1_neon/32/36/real_time",168383,831.476,818.084,ns,,,"6x32x36",,,4,6,8,36,6,32,1,1,4
"dot/dot_fp32_6x8x4_1x4x1_neon/32/76/real_time",94227,1473.17,1454.19,ns,,,"6x32x76",,,4,6,8,76,6,32,1,1,4
"dot/dot_fp32_6x8x4_1x4x1_neon/32/116/real_time",63265,2210.48,2180.27,ns,,,"6x32x116",,,4,6,8,116,6,32,1,1,4
"dot/dot_fp32_6x8x4_1x4x1_neon/32/156/real_time",48965,2869.78,2816.33,ns,,,"6x32x156",,,4,6,8,156,6,32,1,1,4
"dot/dot_fp32_6x8x4_1x4x1_neon/64/4/real_time",334647,417.862,411.925,ns,,,"6x64x4",,,4,6,8,4,6,64,1,1,4
"dot/dot_fp32_6x8x4_1x4x1_neon/64/20/real_time",140948,985.715,974.172,ns,,,"6x64x20",,,4,6,8,20,6,64,1,1,4
"dot/dot_fp32_6x8x4_1x4x1_neon/64/40/real_time",79059,1772.04,1745.64,ns,,,"6x64x40",,,4,6,8,40,6,64,1,1,4
"dot/dot_fp32_6x8x4_1x4x1_neon/64/60/real_time",57296,2421.84,2384.37,ns,,,"6x64x60",,,4,6,8,60,6,64,1,1,4
"dot/dot_fp32_6x8x4_1x4x1_neon/64/80/real_time",42471,3282.11,3234.73,ns,,,"6x64x80",,,4,6,8,80,6,64,1,1,4
"dot/dot_fp32_8x8x4_1x4x1_neon/8/4/real_time",1149371,120.322,119.111,ns,,,"8x8x4",,,4,8,8,4,8,8,1,1,4
"dot/dot_fp32_8x8x4_1x4x1_neon/8/92/real_time",226271,635.99,623.737,ns,,,"8x8x92",,,4,8,8,92,8,8,1,1,4
"dot/dot_fp32_8x8x4_1x4x1_neon/8/188/real_time",120366,1160.12,1146.94,ns,,,"8x8x188",,,4,8,8,188,8,8,1,1,4
"dot/dot_fp32_8x8x4_1x4x1_neon/8/284/real_time",81715,1703.22,1683.77,ns,,,"8x8x284",,,4,8,8,284,8,8,1,1,4
"dot/dot_fp32_8x8x4_1x4x1_neon/8/380/real_time",62395,2239.8,2217.62,ns,,,"8x8x380",,,4,8,8,380,8,8,1,1,4
"dot/dot_fp32_8x8x4_1x4x1_neon/16/4/real_time",766456,181.793,179.481,ns,,,"8x16x4",,,4,8,8,4,8,16,1,1,4
"dot/dot_fp32_8x8x4_1x4x1_neon/16/60/real_time",170764,815.584,806.021,ns,,,"8x16x60",,,4,8,8,60,8,16,1,1,4
"dot/dot_fp32_8x8x4_1x4x1_neon/16/124/real_time",90466,1540.61,1522.15,ns,,,"8x16x124",,,4,8,8,124,8,16,1,1,4
"dot/dot_fp32_8x8x4_1x4x1_neon/16/184/real_time",58210,2400.14,2372.49,ns,,,"8x16x184",,,4,8,8,184,8,16,1,1,4
"dot/dot_fp32_8x8x4_1x4x1_neon/16/248/real_time",44093,3173.32,3142.84,ns,,,"8x16x248",,,4,8,8,248,8,16,1,1,4
"dot/dot_fp32_8x8x4_1x4x1_neon/32/4/real_time",462425,303.225,299.553,ns,,,"8x32x4",,,4,8,8,4,8,32,1,1,4
"dot/dot_fp32_8x8x4_1x4x1_neon/32/36/real_time",133252,1047.57,1032.53,ns,,,"8x32x36",,,4,8,8,36,8,32,1,1,4
"dot/dot_fp32_8x8x4_1x4x1_neon/32/72/real_time",70643,1984.57,1959.86,ns,,,"8x32x72",,,4,8,8,72,8,32,1,1,4
"dot/dot_fp32_8x8x4_1x4x1_neon/32/108/real_time",42205,2718.27,2669.98,ns,,,"8x32x108",,,4,8,8,108,8,32,1,1,4
"dot/dot_fp32_8x8x4_1x4x1_neon/32/144/real_time",36196,3758.78,3717.8,ns,,,"8x32x144",,,4,8,8,144,8,32,1,1,4
"dot/dot_fp32_8x8x4_1x4x1_neon/64/4/real_time",254960,550.062,544.24,ns,,,"8x64x4",,,4,8,8,4,8,64,1,1,4
"dot/dot_fp32_8x8x4_1x4x1_neon/64/16/real_time",119876,1163.71,1148.81,ns,,,"8x64x16",,,4,8,8,16,8,64,1,1,4
"dot/dot_fp32_8x8x4_1x4x1_neon/64/36/real_time",70283,2032.97,1982.28,ns,,,"8x64x36",,,4,8,8,36,8,64,1,1,4
"dot/dot_fp32_8x8x4_1x4x1_neon/64/56/real_time",44253,3156.07,3117.55,ns,,,"8x64x56",,,4,8,8,56,8,64,1,1,4
"dot/dot_fp32_8x8x4_1x4x1_neon/64/76/real_time",36746,3825.62,3772.82,ns,,,"8x64x76",,,4,8,8,76,8,64,1,1,4
"dot/dot_fp32_8x4x4_1x4x1_neon/4/4/real_time",1651313,85.9137,84.1428,ns,,,"8x4x4",,,4,8,4,4,8,4,1,1,4
"dot/dot_fp32_8x4x4_1x4x1_neon/4/124/real_time",349212,400.898,396.163,ns,,,"8x4x124",,,4,8,4,124,8,4,1,1,4
"dot/dot_fp32_8x4x4_1x4x1_neon/4/252/real_time",188433,742.178,732.691,ns,,,"8x4x252",,,4,8,4,252,8,4,1,1,4
"dot/dot_fp32_8x4x4_1x4x1_neon/4/380/real_time",130130,1066.92,1053.14,ns,,,"8x4x380",,,4,8,4,380,8,4,1,1,4
"dot/dot_fp32_8x4x4_1x4x1_neon/4/508/real_time",100480,1394.39,1377.69,ns,,,"8x4x508",,,4,8,4,508,8,4,1,1,4
"dot/dot_fp32_8x4x4_1x4x1_neon/8/4/real_time",1179532,118.465,117.15,ns,,,"8x8x4",,,4,8,4,4,8,8,1,1,4
"dot/dot_fp32_8x4x4_1x4x1_neon/8/92/real_time",227036,589.934,583.852,ns,,,"8x8x92",,,4,8,4,92,8,8,1,1,4
"dot/dot_fp32_8x4x4_1x4x1_neon/8/188/real_time",126919,1094.33,1080.63,ns,,,"8x8x188",,,4,8,4,188,8,8,1,1,4
"dot/dot_fp32_8x4x4_1x4x1_neon/8/284/real_time",87900,1599.5,1571.54,ns,,,"8x8x284",,,4,8,4,284,8,8,1,1,4
"dot/dot_fp32_8x4x4_1x4x1_neon/8/380/real_time",66525,2084.47,2059.7,ns,,,"8x8x380",,,4,8,4,380,8,8,1,1,4
"dot/dot_fp32_8x4x4_1x4x1_neon/16/4/real_time",759485,184.858,182.311,ns,,,"8x16x4",,,4,8,4,4,8,16,1,1,4
"dot/dot_fp32_8x4x4_1x4x1_neon/16/60/real_time",173713,787.979,775.835,ns,,,"8x16x60",,,4,8,4,60,8,16,1,1,4
"dot/dot_fp32_8x4x4_1x4x1_neon/16/124/real_time",96786,1449.67,1433.14,ns,,,"8x16x124",,,4,8,4,124,8,16,1,1,4
"dot/dot_fp32_8x4x4_1x4x1_neon/16/184/real_time",59911,2333.07,2309.93,ns,,,"8x16x184",,,4,8,4,184,8,16,1,1,4
"dot/dot_fp32_8x4x4_1x4x1_neon/16/248/real_time",44768,3087.26,3049.22,ns,,,"8x16x248",,,4,8,4,248,8,16,1,1,4
"dot/dot_fp32_8x4x4_1x4x1_neon/32/4/real_time",437858,317.516,313.956,ns,,,"8x32x4",,,4,8,4,4,8,32,1,1,4
"dot/dot_fp32_8x4x4_1x4x1_neon/32/36/real_time",135729,1027.59,1010.09,ns,,,"8x32x36",,,4,8,4,36,8,32,1,1,4
"dot/dot_fp32_8x4x4_1x4x1_neon/32/72/real_time",70989,1962.31,1940.39,ns,,,"8x32x72",,,4,8,4,72,8,32,1,1,4
"dot/dot_fp32_8x4x4_1x4x1_neon/32/108/real_time",55528,2526.88,2501.02,ns,,,"8x32x108",,,4,8,4,108,8,32,1,1,4
"dot/dot_fp32_8x4x4_1x4x1_neon/32/144/real_time",38798,3612.04,3574.9,ns,,,"8x32x144",,,4,8,4,144,8,32,1,1,4
"dot/dot_fp64_1x16x2_1x2x1_neon/16/2/real_time",2776974,49.6549,49.1654,ns,,,"1x16x2",,,2,1,16,2,1,16,1,1,2
"dot/dot_fp64_1x16x2_1x2x1_neon/16/44/real_time",542440,262.472,255.71,ns,,,"1x16x44",,,2,1,16,44,1,16,1,1,2
"dot/dot_fp64_1x16x2_1x2x1_neon/16/88/real_time",291784,479.896,474.033,ns,,,"1x16x88",,,2,1,16,88,1,16,1,1,2
"dot/dot_fp64_1x16x2_1x2x1_neon/16/132/real_time",200618,699.788,689.347,ns,,,"1x16x132",,,2,1,16,132,1,16,1,1,2
"dot/dot_fp64_1x16x2_1x2x1_neon/16/178/real_time",148242,926.049,912.505,ns,,,"1x16x178",,,2,1,16,178,1,16,1,1,2
"dot/dot_fp64_1x16x2_1x2x1_neon/32/2/real_time",1985156,70.6883,69.8009,ns,,,"1x32x2",,,2,1,16,2,1,32,1,1,2
"dot/dot_fp64_1x16x2_1x2x1_neon/32/22/real_time",521921,268.301,265.293,ns,,,"1x32x22",,,2,1,16,22,1,32,1,1,2
"dot/dot_fp64_1x16x2_1x2x1_neon/32/46/real_time",274707,508.747,503.56,ns,,,"1x32x46",,,2,1,16,46,1,32,1,1,2
"dot/dot_fp64_1x16x2_1x2x1_neon/32/68/real_time",186804,730.401,722.601,ns,,,"1x32x68",,,2,1,16,68,1,32,1,1,2
"dot/dot_fp64_1x16x2_1x2x1_neon/32/92/real_time",143456,975.693,960.863,ns,,,"1x32x92",,,2,1,16,92,1,32,1,1,2
"dot/dot_fp64_1x16x2_1x2x1_neon/64/2/real_time",1260528,113.145,110.177,ns,,,"1x64x2",,,2,1,16,2,1,64,1,1,2
"dot/dot_fp64_1x16x2_1x2x1_neon/64/10/real_time",515230,278.251,267.222,ns,,,"1x64x10",,,2,1,16,10,1,64,1,1,2
"dot/dot_fp64_1x16x2_1x2x1_neon/64/22/real_time",273591,511.292,504.555,ns,,,"1x64x22",,,2,1,16,22,1,64,1,1,2
"dot/dot_fp64_1x16x2_1x2x1_neon/64/34/real_time",186009,750.635,742.119,ns,,,"1x64x34",,,2,1,16,34,1,64,1,1,2
"dot/dot_fp64_1x16x2_1x2x1_neon/64/46/real_time",140155,1000.19,985.743,ns,,,"1x64x46",,,2,1,16,46,1,64,1,1,2
"dot/dot_fp64_1x16x2_1x2x1_neon/128/2/real_time",713559,198.428,194.359,ns,,,"1x128x2",,,2,1,16,2,1,128,1,1,2
"dot/dot_fp64_1x16x2_1x2x1_neon/128/4/real_time",509506,275.849,271.978,ns,,,"1x128x4",,,2,1,16,4,1,128,1,1,2
"dot/dot_fp64_1x16x2_1x2x1_neon/128/10/real_time",274345,512.695,506.356,ns,,,"1x128x10",,,2,1,16,10,1,128,1,1,2
"dot/dot_fp64_1x16x2_1x2x1_neon/128/16/real_time",186369,755.943,745.098,ns,,,"1x128x16",,,2,1,16,16,1,128,1,1,2
"dot/dot_fp64_1x16x2_1x2x1_neon/128/22/real_time",139754,985.133,972.796,ns,,,"1x128x22",,,2,1,16,22,1,128,1,1,2
"dot/dot_fp64_2x16x2_1x2x1_neon/16/2/real_time",1910885,72.8728,72.0577,ns,,,"2x16x2",,,2,2,16,2,2,16,1,1,2
"dot/dot_fp64_2x16x2_1x2x1_neon/16/42/real_time",263857,531.206,524.461,ns,,,"2x16x42",,,2,2,16,42,2,16,1,1,2
"dot/dot_fp64_2x16x2_1x2x1_neon/16/84/real_time",138599,1014.46,1002.47,ns,,,"2x16x84",,,2,2,16,84,2,16,1,1,2
"dot/dot_fp64_2x16x2_1x2x1_neon/16/126/real_time",93040,1492.42,1476.44,ns,,,"2x16x126",,,2,2,16,126,2,16,1,1,2
"dot/dot_fp64_2x16x2_1x2x1_neon/16/168/real_time",70785,1978.29,1954.46,ns,,,"2x16x168",,,2,2,16,168,2,16,1,1,2
"dot/dot_fp64_2x16x2_1x2x1_neon/32/2/real_time",1243592,113.364,111.963,ns,,,"2x32x2",,,2,2,16,2,2,32,1,1,2
"dot/dot_fp64_2x16x2_1x2x1_neon/32/22/real_time",245529,571.135,562.977,ns,,,"2x32x22",,,2,2,16,22,2,32,1,1,2
"dot/dot_fp64_2x16x2_1x2x1_neon/32/44/real_time",129728,1076.26,1064.07,ns,,,"2x32x44",,,2,2,16,44,2,32,1,1,2
"dot/dot_fp64_2x16x2_1x2x1_neon/32/66/real_time",88404,1582.99,1561.29,ns,,,"2x32x66",,,2,2,16,66,2,32,1,1,2
"dot/dot_fp64_2x16x2_1x2x1_neon/32/88/real_time",67045,2084.02,2064.59,ns,,,"2x32x88",,,2,2,16,88,2,32,1,1,2
"dot/dot_fp64_2x16x2_1x2x1_neon/64/2/real_time",720885,193.704,192.129,ns,,,"2x64x2",,,2,2,16,2,2,64,1,1,2
"dot/dot_fp64_2x16x2_1x2x1_neon/64/10/real_time",252414,556.428,549.747,ns,,,"2x64x10",,,2,2,16,10,2,64,1,1,2
"dot/dot_fp64_2x16x2_1x2x1_neon/64/22/real_time",124853,1106.46,1095.05,ns,,,"2x64x22",,,2,2,16,22,2,64,1,1,2
"dot/dot_fp64_2x16x2_1x2x1_neon/64/32/real_time",87418,1596.01,1580.08,ns,,,"2x64x32",,,2,2,16,32,2,64,1,1,2
"dot/dot_fp64_2x16x2_1x2x1_neon/64/44/real_time",65463,2136.42,2111.49,ns,,,"2x64x44",,,2,2,16,44,2,64,1,1,2
"dot/dot_fp64_2x16x2_1x2x1_neon/128/2/real_time",398389,350.518,347.516,ns,,,"2x128x2",,,2,2,16,2,2,128,1,1,2
"dot/dot_fp64_2x16x2_1x2x1_neon/128/4/real_time",263293,531.889,527.381,ns,,,"2x128x4",,,2,2,16,4,2,128,1,1,2
"dot/dot_fp64_2x16x2_1x2x1_neon/128/10/real_time",129537,1083.41,1069.38,ns,,,"2x128x10",,,2,2,16,10,2,128,1,1,2
"dot/dot_fp64_2x16x2_1x2x1_neon/128/14/real_time",94659,1471.93,1457.92,ns,,,"2x128x14",,,2,2,16,14,2,128,1,1,2
"dot/dot_fp64_2x16x2_1x2x1_neon/128/20/real_time",70398,1996.57,1971.2,ns,,,"2x128x20",,,2,2,16,20,2,128,1,1,2
"dot/dot_fp64_3x16x2_1x2x1_neon/16/2/real_time",1537168,91.0718,89.9935,ns,,,"3x16x2",,,2,3,16,2,3,16,1,1,2
"dot/dot_fp64_3x16x2_1x2x1_neon/16/38/real_time",304743,459.317,454.064,ns,,,"3x16x38",,,2,3,16,38,3,16,1,1,2
"dot/dot_fp64_3x16x2_1x2x1_neon/16/78/real_time",162222,863.715,852.286,ns,,,"3x16x78",,,2,3,16,78,3,16,1,1,2
"dot/dot_fp64_3x16x2_1x2x1_neon/16/118/real_time",108646,1291.79,1277.13,ns,,,"3x16x118",,,2,3,16,118,3,16,1,1,2
"dot/dot_fp64_3x16x2_1x2x1_neon/16/158/real_time",83732,1665.84,1650.1,ns,,,"3x16x158",,,2,3,16,158,3,16,1,1,2
"dot/dot_fp64_3x16x2_1x2x1_neon/32/2/real_time",1012975,138.26,136.368,ns,,,"3x32x2",,,2,3,16,2,3,32,1,1,2
"dot/dot_fp64_3x16x2_1x2x1_neon/32/20/real_time",268662,519.734,513.771,ns,,,"3x32x20",,,2,3,16,20,3,32,1,1,2
"dot/dot_fp64_3x16x2_1x2x1_neon/32/42/real_time",147016,952.947,942.705,ns,,,"3x32x42",,,2,3,16,42,3,32,1,1,2
"dot/dot_fp64_3x16x2_1x2x1_neon/32/62/real_time",99091,1413.64,1395.28,ns,,,"3x32x62",,,2,3,16,62,3,32,1,1,2
"dot/dot_fp64_3x16x2_1x2x1_neon/32/84/real_time",75315,1858.95,1838.36,ns,,,"3x32x84",,,2,3,16,84,3,32,1,1,2
"dot/dot_fp64_3x16x2_1x2x1_neon/64/2/real_time",597676,231.429,227.718,ns,,,"3x64x2",,,2,3,16,2,3,64,1,1,2
"dot/dot_fp64_3x16x2_1x2x1_neon/64/10/real_time",247848,555.949,549.247,ns,,,"3x64x10",,,2,3,16,10,3,64,1,1,2
"dot/dot_fp64_3x16x2_1x2x1_neon/64/20/real_time",141367,992.058,980.357,ns,,,"3x64x20",,,2,3,16,20,3,64,1,1,2
"dot/dot_fp64_3x16x2_1x2x1_neon/64/30/real_time",98071,1429.58,1406.75,ns,,,"3x64x30",,,2,3,16,30,3,64,1,1,2
"dot/dot_fp64_3x16x2_1x2x1_neon/64/42/real_time",75586,1871.78,1845.13,ns,,,"3x64x42",,,2,3,16,42,3,64,1,1,2
"dot/dot_fp64_3x16x2_1x2x1_neon/128/2/real_time",331889,416.473,412.064,ns,,,"3x128x2",,,2,3,16,2,3,128,1,1,2
"dot/dot_fp64_3x16x2_1x2x1_neon/128/4/real_time",234082,600.439,590.876,ns,,,"3x128x4",,,2,3,16,4,3,128,1,1,2
"dot/dot_fp64_3x16x2_1x2x1_neon/128/10/real_time",131021,1073.16,1058.97,ns,,,"3x128x10",,,2,3,16,10,3,128,1,1,2
"dot/dot_fp64_3x16x2_1x2x1_neon/128/14/real_time",97286,1445.71,1428.35,ns,,,"3x128x14",,,2,3,16,14,3,128,1,1,2
"dot/dot_fp64_3x16x2_1x2x1_neon/128/20/real_time",72298,1939.42,1912.49,ns,,,"3x128x20",,,2,3,16,20,3,128,1,1,2
"dot/dot_fp64_1x8x2_1x2x1_neon/8/2/real_time",3156219,43.5714,43.0984,ns,,,"1x8x2",,,2,1,8,2,1,8,1,1,2
"dot/dot_fp64_1x8x2_1x2x1_neon/8/84/real_time",456197,306.908,303.735,ns,,,"1x8x84",,,2,1,8,84,1,8,1,1,2
"dot/dot_fp64_1x8x2_1x2x1_neon/8/170/real_time",243004,579.434,570.564,ns,,,"1x8x170",,,2,1,8,170,1,8,1,1,2
"dot/dot_fp64_1x8x2_1x2x1_neon/8/254/real_time",166780,838.808,830.246,ns,,,"1x8x254",,,2,1,8,254,1,8,1,1,2
"dot/dot_fp64_1x8x2_1x2x1_neon/8/340/real_time",124596,1114.82,1101.85,ns,,,"1x8x340",,,2,1,8,340,1,8,1,1,2
"dot/dot_fp64_1x8x2_1x2x1_neon/16/2/real_time",2404190,58.229,57.5951,ns,,,"1x16x2",,,2,1,8,2,1,16,1,1,2
"dot/dot_fp64_1x8x2_1x2x1_neon/16/44/real_time",377367,370.604,363.85,ns,,,"1x16x44",,,2,1,8,44,1,16,1,1,2
"dot/dot_fp64_1x8x2_1x2x1_neon/16/88/real_time",227513,613.44,605.447,ns,,,"1x16x88",,,2,1,8,88,1,16,1,1,2
"dot/dot_fp64_1x8x2_1x2x1_neon/16/132/real_time",139174,1001.01,991.885,ns,,,"1x16x132",,,2,1,8,132,1,16,1,1,2
"dot/dot_fp64_1x8x2_1x2x1_neon/16/178/real_time",118924,1175.48,1163.12,ns,,,"1x16x178",,,2,1,8,178,1,16,1,1,2
"dot/dot_fp64_1x8x2_1x2x1_neon/32/2/real_time",1592714,87.4394,86.552,ns,,,"1x32x2",,,2,1,8,2,1,32,1,1,2
"dot/dot_fp64_1x8x2_1x2x1_neon/32/22/real_time",365141,383.276,378.991,ns,,,"1x32x22",,,2,1,8,22,1,32,1,1,2
"dot/dot_fp64_1x8x2_1x2x1_neon/32/46/real_time",188661,738.545,729.532,ns,,,"1x32x46",,,2,1,8,46,1,32,1,1,2
"dot/dot_fp64_1x8x2_1x2x1_neon/32/68/real_time",134862,1042.63,1029.41,ns,,,"1x32x68",,,2,1,8,68,1,32,1,1,2
"dot/dot_fp64_1x8x2_1x2x1_neon/32/92/real_time",99677,1404.38,1387.88,ns,,,"1x32x92",,,2,1,8,92,1,32,1,1,2
"dot/dot_fp64_1x8x2_1x2x1_neon/64/2/real_time",931903,149.644,147.722,ns,,,"1x64x2",,,2,1,8,2,1,64,1,1,2
"dot/dot_fp64_1x8x2_1x2x1_neon/64/10/real_time",381338,369.166,363.906,ns,,,"1x64x10",,,2,1,8,10,1,64,1,1,2
"dot/dot_fp64_1x8x2_1x2x1_neon/64/22/real_time",213934,652.31,643.551,ns,,,"1x64x22",,,2,1,8,22,1,64,1,1,2
"dot/dot_fp64_1x8x2_1x2x1_neon/64/34/real_time",128647,1084.78,1066.64,ns,,,"1x64x34",,,2,1,8,34,1,64,1,1,2
"dot/dot_fp64_1x8x2_1x2x1_neon/64/46/real_time",93573,1445.65,1429.66,ns,,,"1x64x46",,,2,1,8,46,1,64,1,1,2
"dot/dot_fp64_2x8x2_1x2x1_neon/8/2/real_time",2466793,56.7997,56.2166,ns,,,"2x8x2",,,2,2,8,2,2,8,1,1,2
"dot/dot_fp64_2x8x2_1x2x1_neon/8/76/real_time",272425,510.456,504.977,ns,,,"2x8x76",,,2,2,8,76,2,8,1,1,2
"dot/dot_fp64_2x8x2_1x2x1_neon/8/152/real_time",144399,972.751,959.053,ns,,,"2x8x152",,,2,2,8,152,2,8,1,1,2
"dot/dot_fp64_2x8x2_1x2x1_neon/8/228/real_time",98226,1430.81,1413.29,ns,,,"2x8x228",,,2,2,8,228,2,8,1,1,2
"dot/dot_fp64_2x8x2_1x2x1_neon/8/304/real_time",74008,1887.73,1866.57,ns,,,"2x8x304",,,2,2,8,304,2,8,1,1,2
"dot/dot_fp64_2x8x2_1x2x1_neon/16/2/real_time",1761397,79.3922,78.6867,ns,,,"2x16x2",,,2,2,8,2,2,16,1,1,2
"dot/dot_fp64_2x8x2_1x2x1_neon/16/42/real_time",245268,569.539,562.621,ns,,,"2x16x42",,,2,2,8,42,2,16,1,1,2
"dot/dot_fp64_2x8x2_1x2x1_neon/16/84/real_time",129125,1086.78,1074.1,ns,,,"2x16x84",,,2,2,8,84,2,16,1,1,2
"dot/dot_fp64_2x8x2_1x2x1_neon/16/126/real_time",84676,1650.74,1629.22,ns,,,"2x16x126",,,2,2,8,126,2,16,1,1,2
"dot/dot_fp64_2x8x2_1x2x1_neon/16/168/real_time",66556,2105.11,2080.21,ns,,,"2x16x168",,,2,2,8,168,2,16,1,1,2
"dot/dot_fp64_2x8x2_1x2x1_neon/32/2/real_time",1097586,127.484,125.727,ns,,,"2x32x2",,,2,2,8,2,2,32,1,1,2
"dot/dot_fp64_2x8x2_1x2x1_neon/32/22/real_time",227139,614.585,608.755,ns,,,"2x32x22",,,2,2,8,22,2,32,1,1,2
"dot/dot_fp64_2x8x2_1x2x1_neon/32/44/real_time",117372,1155.89,1145.54,ns,,,"2x32x44",,,2,2,8,44,2,32,1,1,2
"dot/dot_fp64_2x8x2_1x2x1_neon/32/66/real_time",83469,1675.63,1659.97,ns,,,"2x32x66",,,2,2,8,66,2,32,1,1,2
"dot/dot_fp64_2x8x2_1x2x1_neon/32/88/real_time",62802,2234.2,2206.12,ns,,,"2x32x88",,,2,2,8,88,2,32,1,1,2
"dot/dot_fp64_2x8x2_1x2x1_neon/64/2/real_time",629572,222.682,219.474,ns,,,"2x64x2",,,2,2,8,2,2,64,1,1,2
"dot/dot_fp64_2x8x2_1x2x1_neon/64/10/real_time",228266,613.07,607.543,ns,,,"2x64x10",,,2,2,8,10,2,64,1,1,2
"dot/dot_fp64_2x8x2_1x2x1_neon/64/22/real_time",117499,1188.61,1178.33,ns,,,"2x64x22",,,2,2,8,22,2,64,1,1,2
"dot/dot_fp64_2x8x2_1x2x1_neon/64/32/real_time",78730,1740.81,1724.12,ns,,,"2x64x32",,,2,2,8,32,2,64,1,1,2
"dot/dot_fp64_2x8x2_1x2x1_neon/64/44/real_time",61348,2294.54,2268.31,ns,,,"2x64x44",,,2,2,8,44,2,64,1,1,2
"dot/dot_fp64_3x8x2_1x2x1_neon/8/2/real_time",2107102,66.5241,65.97,ns,,,"3x8x2",,,2,3,8,2,3,8,1,1,2
"dot/dot_fp64_3x8x2_1x2x1_neon/8/68/real_time",306689,455.784,451.705,ns,,,"3x8x68",,,2,3,8,68,3,8,1,1,2
"dot/dot_fp64_3x8x2_1x2x1_neon/8/138/real_time",168443,830.57,823.759,ns,,,"3x8x138",,,2,3,8,138,3,8,1,1,2
"dot/dot_fp64_3x8x2_1x2x1_neon/8/206/real_time",115146,1212.69,1200.19,ns,,,"3x8x206",,,2,3,8,206,3,8,1,1,2
"dot/dot_fp64_3x8x2_1x2x1_neon/8/276/real_time",83593,1680.15,1663.5,ns,,,"3x8x276",,,2,3,8,276,3,8,1,1,2
"dot/dot_fp64_3x8x2_1x2x1_neon/16/2/real_time",1427261,98.1516,97.1329,ns,,,"3x16x2",,,2,3,8,2,3,16,1,1,2
"dot/dot_fp64_3x8x2_1x2x1_neon/16/38/real_time",277100,506.245,500.732,ns,,,"3x16x38",,,2,3,8,38,3,16,1,1,2
"dot/dot_fp64_3x8x2_1x2x1_neon/16/78/real_time",145385,961.426,950.615,ns,,,"3x16x78",,,2,3,8,78,3,16,1,1,2
"dot/dot_fp64_3x8x2_1x2x1_neon/16/118/real_time",96177,1460.4,1441.19,ns,,,"3x16x118",,,2,3,8,118,3,16,1,1,2
"dot/dot_fp64_3x8x2_1x2x1_neon/16/158/real_time",75670,1849.53,1830.34,ns,,,"3x16x158",,,2,3,8,158,3,16,1,1,2
"dot/dot_fp64_3x8x2_1x2x1_neon/32/2/real_time",853325,163.904,161.757,ns,,,"3x32x2",,,2,3,8,2,3,32,1,1,2
"dot/dot_fp64_3x8x2_1x2x1_neon/32/20/real_time",230198,605.286,597.073,ns,,,"3x32x20",,,2,3,8,20,3,32,1,1,2
"dot/dot_fp64_3x8x2_1x2x1_neon/32/42/real_time",128499,1075.34,1060.78,ns,,,"3x32x42",,,2,3,8,42,3,32,1,1,2
"dot/dot_fp64_3x8x2_1x2x1_neon/32/62/real_time",89089,1566.49,1549.77,ns,,,"3x32x62",,,2,3,8,62,3,32,1,1,2
"dot/dot_fp64_3x8x2_1x2x1_neon/32/84/real_time",65814,2152.53,2111.85,ns,,,"3x32x84",,,2,3,8,84,3,32,1,1,2
"dot/dot_fp64_3x8x2_1x2x1_neon/64/2/real_time",491839,284.458,281.652,ns,,,"3x64x2",,,2,3,8,2,3,64,1,1,2
"dot/dot_fp64_3x8x2_1x2x1_neon/64/10/real_time",217801,643.263,636.175,ns,,,"3x64x10",,,2,3,8,10,3,64,1,1,2
"dot/dot_fp64_3x8x2_1x2x1_neon/64/20/real_time",121574,1154.08,1139.64,ns,,,"3x64x20",,,2,3,8,20,3,64,1,1,2
"dot/dot_fp64_3x8x2_1x2x1_neon/64/30/real_time",87483,1589.54,1573.65,ns,,,"3x64x30",,,2,3,8,30,3,64,1,1,2
"dot/dot_fp64_3x8x2_1x2x1_neon/64/42/real_time",66702,2103.69,2081.39,ns,,,"3x64x42",,,2,3,8,42,3,64,1,1,2
"dot/dot_fp64_4x8x2_1x2x1_neon/8/2/real_time",1733903,80.5036,79.5774,ns,,,"4x8x2",,,2,4,8,2,4,8,1,1,2
"dot/dot_fp64_4x8x2_1x2x1_neon/8/62/real_time",258921,540.441,534.102,ns,,,"4x8x62",,,2,4,8,62,4,8,1,1,2
"dot/dot_fp64_4x8x2_1x2x1_neon/8/126/real_time",134277,1031.45,1019.92,ns,,,"4x8x126",,,2,4,8,126,4,8,1,1,2
"dot/dot_fp64_4x8x2_1x2x1_neon/8/188/real_time",87266,1602.92,1579.91,ns,,,"4x8x188",,,2,4,8,188,4,8,1,1,2
"dot/dot_fp64_4x8x2_1x2x1_neon/8/252/real_time",65538,2133.42,2095.75,ns,,,"4x8x252",,,2,4,8,252,4,8,1,1,2
"dot/dot_fp64_4x8x2_1x2x1_neon/16/2/real_time",1174435,119.018,117.531,ns,,,"4x16x2",,,2,4,8,2,4,16,1,1,2
"dot/dot_fp64_4x8x2_1x2x1_neon/16/36/real_time",204540,685.506,676.808,ns,,,"4x16x36",,,2,4,8,36,4,16,1,1,2
"dot/dot_fp64_4x8x2_1x2x1_neon/16/74/real_time",113574,1224.38,1207.36,ns,,,"4x16x74",,,2,4,8,74,4,16,1,1,2
"dot/dot_fp64_4x8x2_1x2x1_neon/16/112/real_time",71661,1950.5,1921.76,ns,,,"4x16x112",,,2,4,8,112,4,16,1,1,2
"dot/dot_fp64_4x8x2_1x2x1_neon/16/150/real_time",58211,2403.89,2358.97,ns,,,"4x16x150",,,2,4,8,150,4,16,1,1,2
"dot/dot_fp64_4x8x2_1x2x1_neon/32/2/real_time",725941,192.789,190.241,ns,,,"4x32x2",,,2,4,8,2,4,32,1,1,2
"dot/dot_fp64_4x8x2_1x2x1_neon/32/20/real_time",176479,794.596,783.243,ns,,,"4x32x20",,,2,4,8,20,4,32,1,1,2
"dot/dot_fp64_4x8x2_1x2x1_neon/32/40/real_time",96457,1441.28,1422.56,ns,,,"4x32x40",,,2,4,8,40,4,32,1,1,2
"dot/dot_fp64_4x8x2_1x2x1_neon/32/60/real_time",66159,2109.87,2083.99,ns,,,"4x32x60",,,2,4,8,60,4,32,1,1,2
"dot/dot_fp64_4x8x2_1x2x1_neon/32/80/real_time",50776,2750.26,2717.07,ns,,,"4x32x80",,,2,4,8,80,4,32,1,1,2
"dot/dot_fp64_4x8x2_1x2x1_neon/64/2/real_time",409509,341.494,338.587,ns,,,"4x64x2",,,2,4,8,2,4,64,1,1,2
"dot/dot_fp64_4x8x2_1x2x1_neon/64/10/real_time",167241,839.185,828.757,ns,,,"4x64x10",,,2,4,8,10,4,64,1,1,2
"dot/dot_fp64_4x8x2_1x2x1_neon/64/20/real_time",91514,1524.78,1509.1,ns,,,"4x64x20",,,2,4,8,20,4,64,1,1,2
"dot/dot_fp64_4x8x2_1x2x1_neon/64/30/real_time",65613,2122.55,2097.12,ns,,,"4x64x30",,,2,4,8,30,4,64,1,1,2
"dot/dot_fp64_4x8x2_1x2x1_neon/64/40/real_time",48594,2823.57,2791.1,ns,,,"4x64x40",,,2,4,8,40,4,64,1,1,2
"dot/dot_fp64_5x8x2_1x2x1_neon/8/2/real_time",1584089,88.714,87.4229,ns,,,"5x8x2",,,2,5,8,2,5,8,1,1,2
"dot/dot_fp64_5x8x2_1x2x1_neon/8/58/real_time",246732,566.84,561.032,ns,,,"5x8x58",,,2,5,8,58,5,8,1,1,2
"dot/dot_fp64_5x8x2_1x2x1_neon/8/116/real_time",125162,1127.34,1109.93,ns,,,"5x8x116",,,2,5,8,116,5,8,1,1,2
"dot/dot_fp64_5x8x2_1x2x1_neon/8/174/real_time",89913,1556.77,1541.24,ns,,,"5x8x174",,,2,5,8,174,5,8,1,1,2
"dot/dot_fp64_5x8x2_1x2x1_neon/8/232/real_time",64940,2150.33,2128.66,ns,,,"5x8x232",,,2,5,8,232,5,8,1,1,2
"dot/dot_fp64_5x8x2_1x2x1_neon/16/2/real_time",1052586,132.939,131.434,ns,,,"5x16x2",,,2,5,8,2,5,16,1,1,2
"dot/dot_fp64_5x8x2_1x2x1_neon/16/34/real_time",204778,685.341,677.363,ns,,,"5x16x34",,,2,5,8,34,5,16,1,1,2
"dot/dot_fp64_5x8x2_1x2x1_neon/16/70/real_time",108199,1294.92,1282.32,ns,,,"5x16x70",,,2,5,8,70,5,16,1,1,2
"dot/dot_fp64_5x8x2_1x2x1_neon/16/106/real_time",72910,1920.49,1895.71,ns,,,"5x16x106",,,2,5,8,106,5,16,1,1,2
"dot/dot_fp64_5x8x2_1x2x1_neon/16/142/real_time",55428,2524.49,2498.39,ns,,,"5x16x142",,,2,5,8,142,5,16,1,1,2
"dot/dot_fp64_5x8x2_1x2x1_neon/32/2/real_time",635620,222.436,219.339,ns,,,"5x32x2",,,2,5,8,2,5,32,1,1,2
"dot/dot_fp64_5x8x2_1x2x1_neon/32/18/real_time",180259,775.959,766.083,ns,,,"5x32x18",,,2,5,8,18,5,32,1,1,2
"dot/dot_fp64_5x8x2_1x2x1_neon/32/38/real_time",95162,1457.65,1442.36,ns,,,"5x32x38",,,2,5,8,38,5,32,1,1,2
"dot/dot_fp64_5x8x2_1x2x1_neon/32/58/real_time",63984,2193.92,2164.95,ns,,,"5x32x58",,,2,5,8,58,5,32,1,1,2
"dot/dot_fp64_5x8x2_1x2x1_neon/32/78/real_time",49505,2885.93,2801.7,ns,,,"5x32x78",,,2,5,8,78,5,32,1,1,2
"dot/dot_fp64_5x8x2_1x2x1_neon/64/2/real_time",355100,392.358,386.106,ns,,,"5x64x2",,,2,5,8,2,5,64,1,1,2
"dot/dot_fp64_5x8x2_1x2x1_neon/64/8/real_time",165349,844.49,832.534,ns,,,"5x64x8",,,2,5,8,8,5,64,1,1,2
"dot/dot_fp64_5x8x2_1x2x1_neon/64/18/real_time",93140,1506.64,1483.25,ns,,,"5x64x18",,,2,5,8,18,5,64,1,1,2
"dot/dot_fp64_5x8x2_1x2x1_neon/64/28/real_time",59776,2329.05,2295.04,ns,,,"5x64x28",,,2,5,8,28,5,64,1,1,2
"dot/dot_fp64_5x8x2_1x2x1_neon/64/38/real_time",48914,2920.97,2839.83,ns,,,"5x64x38",,,2,5,8,38,5,64,1,1,2
"dot/dot_fp64_1x4x2_1x2x1_neon/4/2/real_time",3571367,39.1781,38.6666,ns,,,"1x4x2",,,2,1,4,2,1,4,1,1,2
"dot/dot_fp64_1x4x2_1x2x1_neon/4/152/real_time",448422,313.141,309.181,ns,,,"1x4x152",,,2,1,4,152,1,4,1,1,2
"dot/dot_fp64_1x4x2_1x2x1_neon/4/306/real_time",236936,590.075,581.773,ns,,,"1x4x306",,,2,1,4,306,1,4,1,1,2
"dot/dot_fp64_1x4x2_1x2x1_neon/4/458/real_time",157323,863.076,851.098,ns,,,"1x4x458",,,2,1,4,458,1,4,1,1,2
"dot/dot_fp64_1x4x2_1x2x1_neon/4/612/real_time",123694,1160.8,1124.95,ns,,,"1x4x612",,,2,1,4,612,1,4,1,1,2
"dot/dot_fp64_1x4x2_1x2x1_neon/8/2/real_time",2792420,49.9959,49.4314,ns,,,"1x8x2",,,2,1,4,2,1,8,1,1,2
"dot/dot_fp64_1x4x2_1x2x1_neon/8/84/real_time",388797,357.072,353.479,ns,,,"1x8x84",,,2,1,4,84,1,8,1,1,2
"dot/dot_fp64_1x4x2_1x2x1_neon/8/170/real_time",211532,663.046,654.771,ns,,,"1x8x170",,,2,1,4,170,1,8,1,1,2
"dot/dot_fp64_1x4x2_1x2x1_neon/8/254/real_time",143717,968.423,956.697,ns,,,"1x8x254",,,2,1,4,254,1,8,1,1,2
"dot/dot_fp64_1x4x2_1x2x1_neon/8/340/real_time",108702,1320.73,1270.87,ns,,,"1x8x340",,,2,1,4,340,1,8,1,1,2
"dot/dot_fp64_1x4x2_1x2x1_neon/16/2/real_time",1954865,71.5951,70.823,ns,,,"1x16x2",,,2,1,4,2,1,16,1,1,2
"dot/dot_fp64_1x4x2_1x2x1_neon/16/44/real_time",358344,389.41,385.747,ns,,,"1x16x44",,,2,1,4,44,1,16,1,1,2
"dot/dot_fp64_1x4x2_1x2x1_neon/16/88/real_time",197809,709.72,699.776,ns,,,"1x16x88",,,2,1,4,88,1,16,1,1,2
"dot/dot_fp64_1x4x2_1x2x1_neon/16/132/real_time",136787,1023.82,1012.46,ns,,,"1x16x132",,,2,1,4,132,1,16,1,1,2
"dot/dot_fp64_1x4x2_1x2x1_neon/16/178/real_time",102880,1351.98,1337.14,ns,,,"1x16x178",,,2,1,4,178,1,16,1,1,2
"dot/dot_fp64_1x4x2_1x2x1_neon/32/2/real_time",1144283,118.068,116.752,ns,,,"1x32x2",,,2,1,4,2,1,32,1,1,2
"dot/dot_fp64_1x4x2_1x2x1_neon/32/22/real_time",344843,406.037,401.604,ns,,,"1x32x22",,,2,1,4,22,1,32,1,1,2
"dot/dot_fp64_1x4x2_1x2x1_neon/32/46/real_time",180011,825.846,772.556,ns,,,"1x32x46",,,2,1,4,46,1,32,1,1,2
"dot/dot_fp64_1x4x2_1x2x1_neon/32/68/real_time",118263,1150.39,1059.89,ns,,,"1x32x68",,,2,1,4,68,1,32,1,1,2
"dot/dot_fp64_1x4x2_1x2x1_neon/32/92/real_time",96660,1452.77,1427.85,ns,,,"1x32x92",,,2,1,4,92,1,32,1,1,2
"dot/dot_fp64_4x4x2_1x2x1_neon/4/2/real_time",2176067,64.3372,63.325,ns,,,"4x4x2",,,2,4,4,2,4,4,1,1,2
"dot/dot_fp64_4x4x2_1x2x1_neon/4/94/real_time",316973,442.117,437.476,ns,,,"4x4x94",,,2,4,4,94,4,4,1,1,2
"dot/dot_fp64_4x4x2_1x2x1_neon/4/190/real_time",168513,831.048,820.831,ns,,,"4x4x190",,,2,4,4,190,4,4,1,1,2
"dot/dot_fp64_4x4x2_1x2x1_neon/4/286/real_time",113572,1217.84,1202.08,ns,,,"4x4x286",,,2,4,4,286,4,4,1,1,2
"dot/dot_fp64_4x4x2_1x2x1_neon/4/382/real_time",86892,1603.28,1586.4,ns,,,"4x4x382",,,2,4,4,382,4,4,1,1,2
"dot/dot_fp64_4x4x2_1x2x1_neon/8/2/real_time",1584372,89.1046,87.7354,ns,,,"4x8x2",,,2,4,4,2,4,8,1,1,2
"dot/dot_fp64_4x4x2_1x2x1_neon/8/62/real_time",241443,579.221,573.352,ns,,,"4x8x62",,,2,4,4,62,4,8,1,1,2
"dot/dot_fp64_4x4x2_1x2x1_neon/8/126/real_time",127437,1101.54,1088.78,ns,,,"4x8x126",,,2,4,4,126,4,8,1,1,2
"dot/dot_fp64_4x4x2_1x2x1_neon/8/188/real_time",77286,1809.05,1792.08,ns,,,"4x8x188",,,2,4,4,188,4,8,1,1,2
"dot/dot_fp64_4x4x2_1x2x1_neon/8/252/real_time",58041,2402.19,2372.78,ns,,,"4x8x252",,,2,4,4,252,4,8,1,1,2
"dot/dot_fp64_4x4x2_1x2x1_neon/16/2/real_time",997799,142.753,138.246,ns,,,"4x16x2",,,2,4,4,2,4,16,1,1,2
"dot/dot_fp64_4x4x2_1x2x1_neon/16/36/real_time",178458,788.416,776.113,ns,,,"4x16x36",,,2,4,4,36,4,16,1,1,2
"dot/dot_fp64_4x4x2_1x2x1_neon/16/74/real_time",105018,1339.59,1310.55,ns,,,"4x16x74",,,2,4,4,74,4,16,1,1,2
"dot/dot_fp64_4x4x2_1x2x1_neon/16/112/real_time",63231,2208.65,2178.85,ns,,,"4x16x112",,,2,4,4,112,4,16,1,1,2
"dot/dot_fp64_4x4x2_1x2x1_neon/16/150/real_time",54687,2552.42,2522.66,ns,,,"4x16x150",,,2,4,4,150,4,16,1,1,2
"dot/dot_fp64_4x4x2_1x2x1_neon/32/2/real_time",581794,240.993,238.358,ns,,,"4x32x2",,,2,4,4,2,4,32,1,1,2
"dot/dot_fp64_4x4x2_1x2x1_neon/32/20/real_time",151888,913.372,904.187,ns,,,"4x32x20",,,2,4,4,20,4,32,1,1,2
"dot/dot_fp64_4x4x2_1x2x1_neon/32/40/real_time",83261,1672.74,1654.18,ns,,,"4x32x40",,,2,4,4,40,4,32,1,1,2
"dot/dot_fp64_4x4x2_1x2x1_neon/32/60/real_time",58049,2401.8,2378.03,ns,,,"4x32x60",,,2,4,4,60,4,32,1,1,2
"dot/dot_fp64_4x4x2_1x2x1_neon/32/80/real_time",44898,3159.69,3089.62,ns,,,"4x32x80",,,2,4,4,80,4,32,1,1,2
"dot/dot_fp64_6x4x2_1x2x1_neon/4/2/real_time",1736845,80.9355,79.9303,ns,,,"6x4x2",,,2,6,4,2,6,4,1,1,2
"dot/dot_fp64_6x4x2_1x2x1_neon/4/76/real_time",277109,504.9,499.966,ns,,,"6x4x76",,,2,6,4,76,6,4,1,1,2
"dot/dot_fp64_6x4x2_1x2x1_neon/4/152/real_time",150408,926.852,916.87,ns,,,"6x4x152",,,2,6,4,152,6,4,1,1,2
"dot/dot_fp64_6x4x2_1x2x1_neon/4/228/real_time",101842,1363.19,1349.24,ns,,,"6x4x228",,,2,6,4,228,6,4,1,1,2
"dot/dot_fp64_6x4x2_1x2x1_neon/4/304/real_time",78062,1796.78,1774.82,ns,,,"6x4x304",,,2,6,4,304,6,4,1,1,2
"dot/dot_fp64_6x4x2_1x2x1_neon/8/2/real_time",1203471,115.116,113.925,ns,,,"6x8x2",,,2,6,4,2,6,8,1,1,2
"dot/dot_fp64_6x4x2_1x2x1_neon/8/54/real_time",219792,634.427,628.889,ns,,,"6x8x54",,,2,6,4,54,6,8,1,1,2
"dot/dot_fp64_6x4x2_1x2x1_neon/8/108/real_time",104598,1330.64,1315.28,ns,,,"6x8x108",,,2,6,4,108,6,8,1,1,2
"dot/dot_fp64_6x4x2_1x2x1_neon/8/162/real_time",81580,1704.41,1683.88,ns,,,"6x8x162",,,2,6,4,162,6,8,1,1,2
"dot/dot_fp64_6x4x2_1x2x1_neon/8/216/real_time",54885,2552.49,2521.26,ns,,,"6x8x216",,,2,6,4,216,6,8,1,1,2
"dot/dot_fp64_6x4x2_1x2x1_neon/16/2/real_time",747876,187.475,185.548,ns,,,"6x16x2",,,2,6,4,2,6,16,1,1,2
"dot/dot_fp64_6x4x2_1x2x1_neon/16/32/real_time",159551,879.577,868.794,ns,,,"6x16x32",,,2,6,4,32,6,16,1,1,2
"dot/dot_fp64_6x4x2_1x2x1_neon/16/66/real_time",95511,1466.52,1445.28,ns,,,"6x16x66",,,2,6,4,66,6,16,1,1,2
"dot/dot_fp64_6x4x2_1x2x1_neon/16/100/real_time",56401,2481.61,2447.14,ns,,,"6x16x100",,,2,6,4,100,6,16,1,1,2
"dot/dot_fp64_6x4x2_1x2x1_neon/16/134/real_time",48691,2885.08,2847.95,ns,,,"6x16x134",,,2,6,4,134,6,16,1,1,2
"dot/dot_fp64_6x4x2_1x2x1_neon/32/2/real_time",429702,324.403,320.388,ns,,,"6x32x2",,,2,6,4,2,6,32,1,1,2
"dot/dot_fp64_6x4x2_1x2x1_neon/32/18/real_time",136418,1016.01,1003.71,ns,,,"6x32x18",,,2,6,4,18,6,32,1,1,2
"dot/dot_fp64_6x4x2_1x2x1_neon/32/36/real_time",73676,1896.15,1870.33,ns,,,"6x32x36",,,2,6,4,36,6,32,1,1,2
"dot/dot_fp64_6x4x2_1x2x1_neon/32/54/real_time",55675,2505.69,2473.24,ns,,,"6x32x54",,,2,6,4,54,6,32,1,1,2
"dot/dot_fp64_6x4x2_1x2x1_neon/32/74/real_time",44050,3191.48,3141.24,ns,,,"6x32x74",,,2,6,4,74,6,32,1,1,2
"dot/dot_fp64_8x4x2_1x2x1_neon/4/2/real_time",1361123,102.167,100.835,ns,,,"8x4x2",,,2,8,4,2,8,4,1,1,2
"dot/dot_fp64_8x4x2_1x2x1_neon/4/62/real_time",315601,444.51,438.622,ns,,,"8x4x62",,,2,8,4,62,8,4,1,1,2
"dot/dot_fp64_8x4x2_1x2x1_neon/4/126/real_time",173596,803.415,795.824,ns,,,"8x4x126",,,2,8,4,126,8,4,1,1,2
"dot/dot_fp64_8x4x2_1x2x1_neon/4/188/real_time",106782,1315.91,1302.01,ns,,,"8x4x188",,,2,8,4,188,8,4,1,1,2
"dot/dot_fp64_8x4x2_1x2x1_neon/4/252/real_time",79150,1764.8,1744.4,ns,,,"8x4x252",,,2,8,4,252,8,4,1,1,2
"dot/dot_fp64_8x4x2_1x2x1_neon/8/2/real_time",940755,145.088,142.65,ns,,,"8x8x2",,,2,8,4,2,8,8,1,1,2
"dot/dot_fp64_8x4x2_1x2x1_neon/8/46/real_time",214079,654.835,645.927,ns,,,"8x8x46",,,2,8,4,46,8,8,1,1,2
"dot/dot_fp64_8x4x2_1x2x1_neon/8/94/real_time",117999,1189.25,1177.5,ns,,,"8x8x94",,,2,8,4,94,8,8,1,1,2
"dot/dot_fp64_8x4x2_1x2x1_neon/8/140/real_time",69936,1997.57,1972.38,ns,,,"8x8x140",,,2,8,4,140,8,8,1,1,2
"dot/dot_fp64_8x4x2_1x2x1_neon/8/188/real_time",52315,2639.89,2609.34,ns,,,"8x8x188",,,2,8,4,188,8,8,1,1,2
"dot/dot_fp64_8x4x2_1x2x1_neon/16/2/real_time",608690,232.348,226.297,ns,,,"8x16x2",,,2,8,4,2,8,16,1,1,2
"dot/dot_fp64_8x4x2_1x2x1_neon/16/30/real_time",159850,873.493,860.641,ns,,,"8x16x30",,,2,8,4,30,8,16,1,1,2
"dot/dot_fp64_8x4x2_1x2x1_neon/16/60/real_time",77906,1790.58,1759.37,ns,,,"8x16x60",,,2,8,4,60,8,16,1,1,2
"dot/dot_fp64_8x4x2_1x2x1_neon/16/90/real_time",62500,2242.14,2199.62,ns,,,"8x16x90",,,2,8,4,90,8,16,1,1,2
"dot/dot_fp64_8x4x2_1x2x1_neon/16/122/real_time",46284,3032.46,2973.88,ns,,,"8x16x122",,,2,8,4,122,8,16,1,1,2
"dot/dot_fp64_8x4x2_1x2x1_neon/32/2/real_time",349367,402.346,394.906,ns,,,"8x32x2",,,2,8,4,2,8,32,1,1,2
"dot/dot_fp64_8x4x2_1x2x1_neon/32/16/real_time",117397,1172.25,1150.15,ns,,,"8x32x16",,,2,8,4,16,8,32,1,1,2
"dot/dot_fp64_8x4x2_1x2x1_neon/32/34/real_time",74029,1862.53,1836.72,ns,,,"8x32x34",,,2,8,4,34,8,32,1,1,2
"dot/dot_fp64_8x4x2_1x2x1_neon/32/52/real_time",44231,3147.37,3097.1,ns,,,"8x32x52",,,2,8,4,52,8,32,1,1,2
"dot/dot_fp64_8x4x2_1x2x1_neon/32/70/real_time",39346,3557.15,3497.32,ns,,,"8x32x70",,,2,8,4,70,8,32,1,1,2
"dot/dot_fp64_8x2x2_1x2x1_neon/2/2/real_time",1698000,82.7016,81.4969,ns,,,"8x2x2",,,2,8,2,2,8,2,1,1,2
"dot/dot_fp64_8x2x2_1x2x1_neon/2/76/real_time",355104,391.899,385.889,ns,,,"8x2x76",,,2,8,2,76,8,2,1,1,2
"dot/dot_fp64_8x2x2_1x2x1_neon/2/152/real_time",204466,681.777,671.675,ns,,,"8x2x152",,,2,8,2,152,8,2,1,1,2
"dot/dot_fp64_8x2x2_1x2x1_neon/2/228/real_time",138266,995,979.459,ns,,,"8x2x228",,,2,8,2,228,8,2,1,1,2
"dot/dot_fp64_8x2x2_1x2x1_neon/2/304/real_time",108930,1278.99,1260.9,ns,,,"8x2x304",,,2,8,2,304,8,2,1,1,2
"dot/dot_fp64_8x2x2_1x2x1_neon/4/2/real_time",1243753,111.203,109.581,ns,,,"8x4x2",,,2,8,2,2,8,4,1,1,2
"dot/dot_fp64_8x2x2_1x2x1_neon/4/62/real_time",253789,551.774,543.424,ns,,,"8x4x62",,,2,8,2,62,8,4,1,1,2
"dot/dot_fp64_8x2x2_1x2x1_neon/4/126/real_time",138781,997.268,979.279,ns,,,"8x4x126",,,2,8,2,126,8,4,1,1,2
"dot/dot_fp64_8x2x2_1x2x1_neon/4/188/real_time",83712,1655.07,1635.28,ns,,,"8x4x188",,,2,8,2,188,8,4,1,1,2
"dot/dot_fp64_8x2x2_1x2x1_neon/4/252/real_time",64921,2150,2121.9,ns,,,"8x4x252",,,2,8,2,252,8,4,1,1,2
"dot/dot_fp64_8x2x2_1x2x1_neon/8/2/real_time",810351,171.705,169.677,ns,,,"8x8x2",,,2,8,2,2,8,8,1,1,2
"dot/dot_fp64_8x2x2_1x2x1_neon/8/46/real_time",169317,828.76,816.236,ns,,,"8x8x46",,,2,8,2,46,8,8,1,1,2
"dot/dot_fp64_8x2x2_1x2x1_neon/8/94/real_time",91258,1518.52,1496.03,ns,,,"8x8x94",,,2,8,2,94,8,8,1,1,2
"dot/dot_fp64_8x2x2_1x2x1_neon/8/140/real_time",57310,2444.95,2403.38,ns,,,"8x8x140",,,2,8,2,140,8,8,1,1,2
"dot/dot_fp64_8x2x2_1x2x1_neon/8/188/real_time",43506,3232.04,3170.02,ns,,,"8x8x188",,,2,8,2,188,8,8,1,1,2
"dot/dot_fp64_8x2x2_1x2x1_neon/16/2/real_time",489831,285.524,280.959,ns,,,"8x16x2",,,2,8,2,2,8,16,1,1,2
"dot/dot_fp64_8x2x2_1x2x1_neon/16/30/real_time",123265,1117.67,1101.43,ns,,,"8x16x30",,,2,8,2,30,8,16,1,1,2
"dot/dot_fp64_8x2x2_1x2x1_neon/16/60/real_time",63085,2203.78,2170.78,ns,,,"8x16x60",,,2,8,2,60,8,16,1,1,2
"dot/dot_fp64_8x2x2_1x2x1_neon/16/90/real_time",48744,2853.79,2819.36,ns,,,"8x16x90",,,2,8,2,90,8,16,1,1,2
"dot/dot_fp64_8x2x2_1x2x1_neon/16/122/real_time",37028,3792.89,3723.54,ns,,,"8x16x122",,,2,8,2,122,8,16,1,1,2
"dot/dot_bf16_bf16_fp32_1x64x4_1x4x1_neon/64/4/real_time",1445898,96.7359,95.5722,ns,,,"1x64x4",,,4,1,64,4,1,64,1,1,4
"dot/dot_bf16_bf16_fp32_1x64x4_1x4x1_neon/64/44/real_time",242628,576.591,569.201,ns,,,"1x64x44",,,4,1,64,44,1,64,1,1,4
"dot/dot_bf16_bf16_fp32_1x64x4_1x4x1_neon/64/92/real_time",122247,1151.4,1137.13,ns,,,"1x64x92",,,4,1,64,92,1,64,1,1,4
"dot/dot_bf16_bf16_fp32_1x64x4_1x4x1_neon/64/136/real_time",82648,1685.4,1662.34,ns,,,"1x64x136",,,4,1,64,136,1,64,1,1,4
"dot/dot_bf16_bf16_fp32_1x64x4_1x4x1_neon/64/184/real_time",61675,2294,2244.26,ns,,,"1x64x184",,,4,1,64,184,1,64,1,1,4
"dot/dot_bf16_bf16_fp32_1x64x4_1x4x1_neon/128/4/real_time",861613,161.584,159.658,ns,,,"1x128x4",,,4,1,64,4,1,128,1,1,4
"dot/dot_bf16_bf16_fp32_1x64x4_1x4x1_neon/128/20/real_time",257113,544.507,538.207,ns,,,"1x128x20",,,4,1,64,20,1,128,1,1,4
"dot/dot_bf16_bf16_fp32_1x64x4_1x4x1_neon/128/44/real_time",123776,1122.84,1108.08,ns,,,"1x128x44",,,4,1,64,44,1,128,1,1,4
"dot/dot_bf16_bf16_fp32_1x64x4_1x4x1_neon/128/68/real_time",81258,1707.23,1684.04,ns,,,"1x128x68",,,4,1,64,68,1,128,1,1,4
"dot/dot_bf16_bf16_fp32_1x64x4_1x4x1_neon/128/92/real_time",61373,2284.82,2255.42,ns,,,"1x128x92",,,4,1,64,92,1,128,1,1,4
"dot/dot_bf16_bf16_fp32_1x64x4_1x4x1_neon/256/4/real_time",479734,291.691,287.911,ns,,,"1x256x4",,,4,1,64,4,1,256,1,1,4
"dot/dot_bf16_bf16_fp32_1x64x4_1x4x1_neon/256/8/real_time",288751,483.09,477.21,ns,,,"1x256x8",,,4,1,64,8,1,256,1,1,4
"dot/dot_bf16_bf16_fp32_1x64x4_1x4x1_neon/256/20/real_time",130694,1066.67,1053.63,ns,,,"1x256x20",,,4,1,64,20,1,256,1,1,4
"dot/dot_bf16_bf16_fp32_1x64x4_1x4x1_neon/256/32/real_time",84314,1644.29,1623.52,ns,,,"1x256x32",,,4,1,64,32,1,256,1,1,4
"dot/dot_bf16_bf16_fp32_1x64x4_1x4x1_neon/256/44/real_time",62607,2226.45,2193.22,ns,,,"1x256x44",,,4,1,64,44,1,256,1,1,4
"dot/dot_bf16_bf16_fp32_1x64x4_1x4x1_neon/512/4/real_time",251565,555.437,548.901,ns,,,"1x512x4",,,4,1,64,4,1,512,1,1,4
"dot/dot_bf16_bf16_fp32_1x64x4_1x4x1_neon/512/8/real_time",148209,945.282,928.092,ns,,,"1x512x8",,,4,1,64,8,1,512,1,1,4
"dot/dot_bf16_bf16_fp32_1x64x4_1x4x1_neon/512/12/real_time",105228,1325.39,1306.43,ns,,,"1x512x12",,,4,1,64,12,1,512,1,1,4
"dot/dot_bf16_bf16_fp32_1x64x4_1x4x1_neon/512/20/real_time",65566,2098.67,2067.72,ns,,,"1x512x20",,,4,1,64,20,1,512,1,1,4
"dot/dot_bf16_bf16_fp32_1x32x4_1x4x1_neon/32/4/real_time",2125526,65.8847,65.0847,ns,,,"1x32x4",,,4,1,32,4,1,32,1,1,4
"dot/dot_bf16_bf16_fp32_1x32x4_1x4x1_neon/32/92/real_time",244043,570.278,563.347,ns,,,"1x32x92",,,4,1,32,92,1,32,1,1,4
"dot/dot_bf16_bf16_fp32_1x32x4_1x4x1_neon/32/184/real_time",125918,1109.23,1088.13,ns,,,"1x32x184",,,4,1,32,184,1,32,1,1,4
"dot/dot_bf16_bf16_fp32_1x32x4_1x4x1_neon/32/276/real_time",85819,1627.63,1605.59,ns,,,"1x32x276",,,4,1,32,276,1,32,1,1,4
"dot/dot_bf16_bf16_fp32_1x32x4_1x4x1_neon/32/368/real_time",64940,2158.24,2124.81,ns,,,"1x32x368",,,4,1,32,368,1,32,1,1,4
"dot/dot_bf16_bf16_fp32_1x32x4_1x4x1_neon/64/4/real_time",1358276,102.583,101.229,ns,,,"1x64x4",,,4,1,32,4,1,64,1,1,4
"dot/dot_bf16_bf16_fp32_1x32x4_1x4x1_neon/64/44/real_time",249168,561.059,553.69,ns,,,"1x64x44",,,4,1,32,44,1,64,1,1,4
"dot/dot_bf16_bf16_fp32_1x32x4_1x4x1_neon/64/92/real_time",125265,1114.23,1099.31,ns,,,"1x64x92",,,4,1,32,92,1,64,1,1,4
"dot/dot_bf16_bf16_fp32_1x32x4_1x4x1_neon/64/136/real_time",85903,1623.6,1600.09,ns,,,"1x64x136",,,4,1,32,136,1,64,1,1,4
"dot/dot_bf16_bf16_fp32_1x32x4_1x4x1_neon/64/184/real_time",64098,2177.2,2145.7,ns,,,"1x64x184",,,4,1,32,184,1,64,1,1,4
"dot/dot_bf16_bf16_fp32_1x32x4_1x4x1_neon/128/4/real_time",812843,172.583,170.614,ns,,,"1x128x4",,,4,1,32,4,1,128,1,1,4
"dot/dot_bf16_bf16_fp32_1x32x4_1x4x1_neon/128/20/real_time",258843,541.317,533.744,ns,,,"1x128x20",,,4,1,32,20,1,128,1,1,4
"dot/dot_bf16_bf16_fp32_1x32x4_1x4x1_neon/128/44/real_time",126785,1097.59,1081.42,ns,,,"1x128x44",,,4,1,32,44,1,128,1,1,4
"dot/dot_bf16_bf16_fp32_1x32x4_1x4x1_neon/128/68/real_time",84940,1663.18,1630.57,ns,,,"1x128x68",,,4,1,32,68,1,128,1,1,4
"dot/dot_bf16_bf16_fp32_1x32x4_1x4x1_neon/128/92/real_time",63363,2207.53,2177.66,ns,,,"1x128x92",,,4,1,32,92,1,128,1,1,4
"dot/dot_bf16_bf16_fp32_1x32x4_1x4x1_neon/256/4/real_time",441950,318.28,314.281,ns,,,"1x256x4",,,4,1,32,4,1,256,1,1,4
"dot/dot_bf16_bf16_fp32_1x32x4_1x4x1_neon/256/8/real_time",279426,500.398,495.434,ns,,,"1x256x8",,,4,1,32,8,1,256,1,1,4
"dot/dot_bf16_bf16_fp32_1x32x4_1x4x1_neon/256/20/real_time",132595,1057.21,1040.43,ns,,,"1x256x20",,,4,1,32,20,1,256,1,1,4
"dot/dot_bf16_bf16_fp32_1x32x4_1x4x1_neon/256/32/real_time",86616,1608.45,1589.59,ns,,,"1x256x32",,,4,1,32,32,1,256,1,1,4
"dot/dot_bf16_bf16_fp32_1x32x4_1x4x1_neon/256/44/real_time",64864,2161.49,2131.81,ns,,,"1x256x44",,,4,1,32,44,1,256,1,1,4
"dot/dot_bf16_bf16_fp32_2x32x4_1x4x1_neon/32/4/real_time",1449657,93.9526,92.4021,ns,,,"2x32x4",,,4,2,32,4,2,32,1,1,4
"dot/dot_bf16_bf16_fp32_2x32x4_1x4x1_neon/32/88/real_time",166466,843.253,831.809,ns,,,"2x32x88",,,4,2,32,88,2,32,1,1,4
"dot/dot_bf16_bf16_fp32_2x32x4_1x4x1_neon/32/176/real_time",85733,1634.5,1617.78,ns,,,"2x32x176",,,4,2,32,176,2,32,1,1,4
"dot/dot_bf16_bf16_fp32_2x32x4_1x4x1_neon/32/264/real_time",58610,2394.54,2368.19,ns,,,"2x32x264",,,4,2,32,264,2,32,1,1,4
"dot/dot_bf16_bf16_fp32_2x32x4_1x4x1_neon/32/356/real_time",43380,3231.74,3192.36,ns,,,"2x32x356",,,4,2,32,356,2,32,1,1,4
"dot/dot_bf16_bf16_fp32_2x32x4_1x4x1_neon/64/4/real_time",932919,150.859,148.637,ns,,,"2x64x4",,,4,2,32,4,2,64,1,1,4
"dot/dot_bf16_bf16_fp32_2x32x4_1x4x1_neon/64/44/real_time",161442,864.618,855.511,ns,,,"2x64x44",,,4,2,32,44,2,64,1,1,4
"dot/dot_bf16_bf16_fp32_2x32x4_1x4x1_neon/64/88/real_time",84530,1641.66,1625.45,ns,,,"2x64x88",,,4,2,32,88,2,64,1,1,4
"dot/dot_bf16_bf16_fp32_2x32x4_1x4x1_neon/64/132/real_time",57211,2446.38,2419.76,ns,,,"2x64x132",,,4,2,32,132,2,64,1,1,4
"dot/dot_bf16_bf16_fp32_2x32x4_1x4x1_neon/64/180/real_time",42051,3331.98,3275.05,ns,,,"2x64x180",,,4,2,32,180,2,64,1,1,4
"dot/dot_bf16_bf16_fp32_2x32x4_1x4x1_neon/128/4/real_time",531433,263.728,260.038,ns,,,"2x128x4",,,4,2,32,4,2,128,1,1,4
"dot/dot_bf16_bf16_fp32_2x32x4_1x4x1_neon/128/20/real_time",166297,839.007,829.055,ns,,,"2x128x20",,,4,2,32,20,2,128,1,1,4
"dot/dot_bf16_bf16_fp32_2x32x4_1x4x1_neon/128/44/real_time",82323,1692.84,1676.07,ns,,,"2x128x44",,,4,2,32,44,2,128,1,1,4
"dot/dot_bf16_bf16_fp32_2x32x4_1x4x1_neon/128/64/real_time",57423,2441.94,2408.14,ns,,,"2x128x64",,,4,2,32,64,2,128,1,1,4
"dot/dot_bf16_bf16_fp32_2x32x4_1x4x1_neon/128/88/real_time",43006,3258.46,3220.55,ns,,,"2x128x88",,,4,2,32,88,2,128,1,1,4
"dot/dot_bf16_bf16_fp32_2x32x4_1x4x1_neon/256/4/real_time",283997,491.332,487.019,ns,,,"2x256x4",,,4,2,32,4,2,256,1,1,4
"dot/dot_bf16_bf16_fp32_2x32x4_1x4x1_neon/256/8/real_time",179882,784.468,770.633,ns,,,"2x256x8",,,4,2,32,8,2,256,1,1,4
"dot/dot_bf16_bf16_fp32_2x32x4_1x4x1_neon/256/20/real_time",85192,1639.25,1622.83,ns,,,"2x256x20",,,4,2,32,20,2,256,1,1,4
"dot/dot_bf16_bf16_fp32_2x32x4_1x4x1_neon/256/28/real_time",62836,2213.07,2189.05,ns,,,"2x256x28",,,4,2,32,28,2,256,1,1,4
"dot/dot_bf16_bf16_fp32_2x32x4_1x4x1_neon/256/40/real_time",45683,3045.75,3017.99,ns,,,"2x256x40",,,4,2,32,40,2,256,1,1,4
"dot/dot_bf16_bf16_fp32_3x32x4_1x4x1_neon/32/4/real_time",1173589,118.85,117.377,ns,,,"3x32x4",,,4,3,32,4,3,32,1,1,4
"dot/dot_bf16_bf16_fp32_3x32x4_1x4x1_neon/32/84/real_time",140833,994.994,981.402,ns,,,"3x32x84",,,4,3,32,84,3,32,1,1,4
"dot/dot_bf16_bf16_fp32_3x32x4_1x4x1_neon/32/172/real_time",71615,1967.85,1938.72,ns,,,"3x32x172",,,4,3,32,172,3,32,1,1,4
"dot/dot_bf16_bf16_fp32_3x32x4_1x4x1_neon/32/256/real_time",48926,2861.73,2830.08,ns,,,"3x32x256",,,4,3,32,256,3,32,1,1,4
"dot/dot_bf16_bf16_fp32_3x32x4_1x4x1_neon/32/344/real_time",36393,3839.64,3805.72,ns,,,"3x32x344",,,4,3,32,344,3,32,1,1,4
"dot/dot_bf16_bf16_fp32_3x32x4_1x4x1_neon/64/4/real_time",731801,190.439,188.66,ns,,,"3x64x4",,,4,3,32,4,3,64,1,1,4
"dot/dot_bf16_bf16_fp32_3x32x4_1x4x1_neon/64/44/real_time",130195,1071.56,1060.21,ns,,,"3x64x44",,,4,3,32,44,3,64,1,1,4
"dot/dot_bf16_bf16_fp32_3x32x4_1x4x1_neon/64/88/real_time",68571,2046.5,2023.46,ns,,,"3x64x88",,,4,3,32,88,3,64,1,1,4
"dot/dot_bf16_bf16_fp32_3x32x4_1x4x1_neon/64/132/real_time",45991,2988.8,2959.96,ns,,,"3x64x132",,,4,3,32,132,3,64,1,1,4
"dot/dot_bf16_bf16_fp32_3x32x4_1x4x1_neon/64/176/real_time",35448,3946.46,3904.6,ns,,,"3x64x176",,,4,3,32,176,3,64,1,1,4
"dot/dot_bf16_bf16_fp32_3x32x4_1x4x1_neon/128/4/real_time",417760,335.116,331.771,ns,,,"3x128x4",,,4,3,32,4,3,128,1,1,4
"dot/dot_bf16_bf16_fp32_3x32x4_1x4x1_neon/128/20/real_time",134508,1041.08,1028.1,ns,,,"3x128x20",,,4,3,32,20,3,128,1,1,4
"dot/dot_bf16_bf16_fp32_3x32x4_1x4x1_neon/128/40/real_time",72492,1928.19,1905.87,ns,,,"3x128x40",,,4,3,32,40,3,128,1,1,4
"dot/dot_bf16_bf16_fp32_3x32x4_1x4x1_neon/128/60/real_time",50043,2809.08,2765.11,ns,,,"3x128x60",,,4,3,32,60,3,128,1,1,4
"dot/dot_bf16_bf16_fp32_3x32x4_1x4x1_neon/128/84/real_time",35919,3879.67,3820.53,ns,,,"3x128x84",,,4,3,32,84,3,128,1,1,4
"dot/dot_bf16_bf16_fp32_3x32x4_1x4x1_neon/256/4/real_time",221586,632.288,625.211,ns,,,"3x256x4",,,4,3,32,4,3,256,1,1,4
"dot/dot_bf16_bf16_fp32_3x32x4_1x4x1_neon/256/8/real_time",141534,988.195,976.891,ns,,,"3x256x8",,,4,3,32,8,3,256,1,1,4
"dot/dot_bf16_bf16_fp32_3x32x4_1x4x1_neon/256/20/real_time",67631,2042.57,2016.65,ns,,,"3x256x20",,,4,3,32,20,3,256,1,1,4
"dot/dot_bf16_bf16_fp32_3x32x4_1x4x1_neon/256/28/real_time",50455,2768.71,2741.5,ns,,,"3x256x28",,,4,3,32,28,3,256,1,1,4
"dot/dot_bf16_bf16_fp32_3x32x4_1x4x1_neon/256/40/real_time",36638,3792.17,3756.36,ns,,,"3x256x40",,,4,3,32,40,3,256,1,1,4
"dot/dot_bf16_bf16_fp32_1x16x4_1x4x1_neon/16/4/real_time",2487001,56.2733,55.6999,ns,,,"1x16x4",,,4,1,16,4,1,16,1,1,4
"dot/dot_bf16_bf16_fp32_1x16x4_1x4x1_neon/16/180/real_time",208490,675.799,665.815,ns,,,"1x16x180",,,4,1,16,180,1,16,1,1,4
"dot/dot_bf16_bf16_fp32_1x16x4_1x4x1_neon/16/360/real_time",107045,1295.87,1282.43,ns,,,"1x16x360",,,4,1,16,360,1,16,1,1,4
"dot/dot_bf16_bf16_fp32_1x16x4_1x4x1_neon/16/540/real_time",72871,1922.02,1899.73,ns,,,"1x16x540",,,4,1,16,540,1,16,1,1,4
"dot/dot_bf16_bf16_fp32_1x16x4_1x4x1_neon/16/720/real_time",55159,2543.49,2516.59,ns,,,"1x16x720",,,4,1,16,720,1,16,1,1,4
"dot/dot_bf16_bf16_fp32_1x16x4_1x4x1_neon/32/4/real_time",1740971,80.4567,79.7496,ns,,,"1x32x4",,,4,1,16,4,1,32,1,1,4
"dot/dot_bf16_bf16_fp32_1x16x4_1x4x1_neon/32/92/real_time",201411,697.149,690.002,ns,,,"1x32x92",,,4,1,16,92,1,32,1,1,4
"dot/dot_bf16_bf16_fp32_1x16x4_1x4x1_neon/32/184/real_time",103330,1370.44,1331.24,ns,,,"1x32x184",,,4,1,16,184,1,32,1,1,4
"dot/dot_bf16_bf16_fp32_1x16x4_1x4x1_neon/32/276/real_time",62682,2234.15,1974.54,ns,,,"1x32x276",,,4,1,16,276,1,32,1,1,4
"dot/dot_bf16_bf16_fp32_1x16x4_1x4x1_neon/32/368/real_time",53109,2615.77,2590.07,ns,,,"1x32x368",,,4,1,16,368,1,32,1,1,4
"dot/dot_bf16_bf16_fp32_1x16x4_1x4x1_neon/64/4/real_time",1075226,130.759,128.787,ns,,,"1x64x4",,,4,1,16,4,1,64,1,1,4
"dot/dot_bf16_bf16_fp32_1x16x4_1x4x1_neon/64/44/real_time",200786,691.32,683.183,ns,,,"1x64x44",,,4,1,16,44,1,64,1,1,4
"dot/dot_bf16_bf16_fp32_1x16x4_1x4x1_neon/64/92/real_time",101807,1369.7,1355.11,ns,,,"1x64x92",,,4,1,16,92,1,64,1,1,4
"dot/dot_bf16_bf16_fp32_1x16x4_1x4x1_neon/64/136/real_time",71409,1969.89,1944.69,ns,,,"1x64x136",,,4,1,16,136,1,64,1,1,4
"dot/dot_bf16_bf16_fp32_1x16x4_1x4x1_neon/64/184/real_time",52635,2652.4,2620.4,ns,,,"1x64x184",,,4,1,16,184,1,64,1,1,4
"dot/dot_bf16_bf16_fp32_1x16x4_1x4x1_neon/128/4/real_time",604312,230.921,228.177,ns,,,"1x128x4",,,4,1,16,4,1,128,1,1,4
"dot/dot_bf16_bf16_fp32_1x16x4_1x4x1_neon/128/20/real_time",207129,675.351,668.879,ns,,,"1x128x20",,,4,1,16,20,1,128,1,1,4
"dot/dot_bf16_bf16_fp32_1x16x4_1x4x1_neon/128/44/real_time",103260,1340.06,1328.54,ns,,,"1x128x44",,,4,1,16,44,1,128,1,1,4
"dot/dot_bf16_bf16_fp32_1x16x4_1x4x1_neon/128/68/real_time",69354,2016.63,1999.17,ns,,,"1x128x68",,,4,1,16,68,1,128,1,1,4
"dot/dot_bf16_bf16_fp32_1x16x4_1x4x1_neon/128/92/real_time",51715,2704.46,2679.75,ns,,,"1x128x92",,,4,1,16,92,1,128,1,1,4
"dot/dot_bf16_bf16_fp32_2x16x4_1x4x1_neon/16/4/real_time",1947162,72.0117,71.1989,ns,,,"2x16x4",,,4,2,16,4,2,16,1,1,4
"dot/dot_bf16_bf16_fp32_2x16x4_1x4x1_neon/16/168/real_time",167998,829.515,820.936,ns,,,"2x16x168",,,4,2,16,168,2,16,1,1,4
"dot/dot_bf16_bf16_fp32_2x16x4_1x4x1_neon/16/336/real_time",85943,1626.54,1608.36,ns,,,"2x16x336",,,4,2,16,336,2,16,1,1,4
"dot/dot_bf16_bf16_fp32_2x16x4_1x4x1_neon/16/504/real_time",59058,2367.45,2343.75,ns,,,"2x16x504",,,4,2,16,504,2,16,1,1,4
"dot/dot_bf16_bf16_fp32_2x16x4_1x4x1_neon/16/676/real_time",44245,3171.15,3138.32,ns,,,"2x16x676",,,4,2,16,676,2,16,1,1,4
"dot/dot_bf16_bf16_fp32_2x16x4_1x4x1_neon/32/4/real_time",1280470,109.331,107.995,ns,,,"2x32x4",,,4,2,16,4,2,32,1,1,4
"dot/dot_bf16_bf16_fp32_2x16x4_1x4x1_neon/32/88/real_time",157348,890.003,880.194,ns,,,"2x32x88",,,4,2,16,88,2,32,1,1,4
"dot/dot_bf16_bf16_fp32_2x16x4_1x4x1_neon/32/176/real_time",80924,1734.63,1711.8,ns,,,"2x32x176",,,4,2,16,176,2,32,1,1,4
"dot/dot_bf16_bf16_fp32_2x16x4_1x4x1_neon/32/264/real_time",55982,2502.08,2477.32,ns,,,"2x32x264",,,4,2,16,264,2,32,1,1,4
"dot/dot_bf16_bf16_fp32_2x16x4_1x4x1_neon/32/356/real_time",41550,3388.73,3339.61,ns,,,"2x32x356",,,4,2,16,356,2,32,1,1,4
"dot/dot_bf16_bf16_fp32_2x16x4_1x4x1_neon/64/4/real_time",761648,182.883,180.866,ns,,,"2x64x4",,,4,2,16,4,2,64,1,1,4
"dot/dot_bf16_bf16_fp32_2x16x4_1x4x1_neon/64/44/real_time",150570,928.892,915.845,ns,,,"2x64x44",,,4,2,16,44,2,64,1,1,4
"dot/dot_bf16_bf16_fp32_2x16x4_1x4x1_neon/64/88/real_time",77909,1751.13,1728.81,ns,,,"2x64x88",,,4,2,16,88,2,64,1,1,4
"dot/dot_bf16_bf16_fp32_2x16x4_1x4x1_neon/64/132/real_time",54459,2557.48,2526.36,ns,,,"2x64x132",,,4,2,16,132,2,64,1,1,4
"dot/dot_bf16_bf16_fp32_2x16x4_1x4x1_neon/64/180/real_time",40385,3463.89,3420.5,ns,,,"2x64x180",,,4,2,16,180,2,64,1,1,4
"dot/dot_bf16_bf16_fp32_2x16x4_1x4x1_neon/128/4/real_time",422148,331.897,328.908,ns,,,"2x128x4",,,4,2,16,4,2,128,1,1,4
"dot/dot_bf16_bf16_fp32_2x16x4_1x4x1_neon/128/20/real_time",150061,930.669,918.979,ns,,,"2x128x20",,,4,2,16,20,2,128,1,1,4
"dot/dot_bf16_bf16_fp32_2x16x4_1x4x1_neon/128/44/real_time",77044,1812.17,1790.63,ns,,,"2x128x44",,,4,2,16,44,2,128,1,1,4
"dot/dot_bf16_bf16_fp32_2x16x4_1x4x1_neon/128/64/real_time",53931,2589.98,2563.18,ns,,,"2x128x64",,,4,2,16,64,2,128,1,1,4
"dot/dot_bf16_bf16_fp32_2x16x4_1x4x1_neon/128/88/real_time",40557,3451.84,3414.58,ns,,,"2x128x88",,,4,2,16,88,2,128,1,1,4
"dot/dot_bf16_bf16_fp32_3x16x4_1x4x1_neon/16/4/real_time",1752487,80.474,79.2607,ns,,,"3x16x4",,,4,3,16,4,3,16,1,1,4
"dot/dot_bf16_bf16_fp32_3x16x4_1x4x1_neon/16/160/real_time",144401,968.531,958.577,ns,,,"3x16x160",,,4,3,16,160,3,16,1,1,4
"dot/dot_bf16_bf16_fp32_3x16x4_1x4x1_neon/16/320/real_time",74345,1888.42,1861.19,ns,,,"3x16x320",,,4,3,16,320,3,16,1,1,4
"dot/dot_bf16_bf16_fp32_3x16x4_1x4x1_neon/16/480/real_time",50191,2822.66,2789.07,ns,,,"3x16x480",,,4,3,16,480,3,16,1,1,4
"dot/dot_bf16_bf16_fp32_3x16x4_1x4x1_neon/16/640/real_time",37933,3681.73,3645.35,ns,,,"3x16x640",,,4,3,16,640,3,16,1,1,4
"dot/dot_bf16_bf16_fp32_3x16x4_1x4x1_neon/32/4/real_time",1134053,123.452,122.019,ns,,,"3x32x4",,,4,3,16,4,3,32,1,1,4
"dot/dot_bf16_bf16_fp32_3x16x4_1x4x1_neon/32/84/real_time",135502,1026.48,1017.1,ns,,,"3x32x84",,,4,3,16,84,3,32,1,1,4
"dot/dot_bf16_bf16_fp32_3x16x4_1x4x1_neon/32/172/real_time",69241,2025.26,2000.92,ns,,,"3x32x172",,,4,3,16,172,3,32,1,1,4
"dot/dot_bf16_bf16_fp32_3x16x4_1x4x1_neon/32/256/real_time",46616,3004.32,2970.27,ns,,,"3x32x256",,,4,3,16,256,3,32,1,1,4
"dot/dot_bf16_bf16_fp32_3x16x4_1x4x1_neon/32/344/real_time",35533,3935.4,3895.48,ns,,,"3x32x344",,,4,3,16,344,3,32,1,1,4
"dot/dot_bf16_bf16_fp32_3x16x4_1x4x1_neon/64/4/real_time",673411,207.836,206.03,ns,,,"3x64x4",,,4,3,16,4,3,64,1,1,4
"dot/dot_bf16_bf16_fp32_3x16x4_1x4x1_neon/64/44/real_time",125850,1111.59,1101.06,ns,,,"3x64x44",,,4,3,16,44,3,64,1,1,4
"dot/dot_bf16_bf16_fp32_3x16x4_1x4x1_neon/64/88/real_time",66371,2112.19,2085.77,ns,,,"3x64x88",,,4,3,16,88,3,64,1,1,4
"dot/dot_bf16_bf16_fp32_3x16x4_1x4x1_neon/64/132/real_time",45194,3098.68,3060.44,ns,,,"3x64x132",,,4,3,16,132,3,64,1,1,4
"dot/dot_bf16_bf16_fp32_3x16x4_1x4x1_neon/64/176/real_time",33614,4150.73,4095.77,ns,,,"3x64x176",,,4,3,16,176,3,64,1,1,4
"dot/dot_bf16_bf16_fp32_3x16x4_1x4x1_neon/128/4/real_time",366415,382.935,378.111,ns,,,"3x128x4",,,4,3,16,4,3,128,1,1,4
"dot/dot_bf16_bf16_fp32_3x16x4_1x4x1_neon/128/20/real_time",125356,1108.76,1097.25,ns,,,"3x128x20",,,4,3,16,20,3,128,1,1,4
"dot/dot_bf16_bf16_fp32_3x16x4_1x4x1_neon/128/40/real_time",69420,2003.16,1977.75,ns,,,"3x128x40",,,4,3,16,40,3,128,1,1,4
"dot/dot_bf16_bf16_fp32_3x16x4_1x4x1_neon/128/60/real_time",48309,2910.33,2870.39,ns,,,"3x128x60",,,4,3,16,60,3,128,1,1,4
"dot/dot_bf16_bf16_fp32_3x16x4_1x4x1_neon/128/84/real_time",34765,4020.83,3975.24,ns,,,"3x128x84",,,4,3,16,84,3,128,1,1,4
"dot/dot_bf16_bf16_fp32_4x16x4_1x4x1_neon/16/4/real_time",1392782,99.9547,98.5798,ns,,,"4x16x4",,,4,4,16,4,4,16,1,1,4
"dot/dot_bf16_bf16_fp32_4x16x4_1x4x1_neon/16/152/real_time",131070,1071.91,1054.41,ns,,,"4x16x152",,,4,4,16,152,4,16,1,1,4
"dot/dot_bf16_bf16_fp32_4x16x4_1x4x1_neon/16/304/real_time",67097,2088.99,2061.18,ns,,,"4x16x304",,,4,4,16,304,4,16,1,1,4
"dot/dot_bf16_bf16_fp32_4x16x4_1x4x1_neon/16/456/real_time",46172,3042.76,3005.93,ns,,,"4x16x456",,,4,4,16,456,4,16,1,1,4
"dot/dot_bf16_bf16_fp32_4x16x4_1x4x1_neon/16/608/real_time",34192,4101.31,4051.33,ns,,,"4x16x608",,,4,4,16,608,4,16,1,1,4
"dot/dot_bf16_bf16_fp32_4x16x4_1x4x1_neon/32/4/real_time",905270,154.232,151.729,ns,,,"4x32x4",,,4,4,16,4,4,32,1,1,4
"dot/dot_bf16_bf16_fp32_4x16x4_1x4x1_neon/32/80/real_time",120615,1178.25,1156.18,ns,,,"4x32x80",,,4,4,16,80,4,32,1,1,4
"dot/dot_bf16_bf16_fp32_4x16x4_1x4x1_neon/32/164/real_time",61068,2255.34,2228.55,ns,,,"4x32x164",,,4,4,16,164,4,32,1,1,4
"dot/dot_bf16_bf16_fp32_4x16x4_1x4x1_neon/32/248/real_time",42065,3348.18,3301.04,ns,,,"4x32x248",,,4,4,16,248,4,32,1,1,4
"dot/dot_bf16_bf16_fp32_4x16x4_1x4x1_neon/32/332/real_time",31494,4463.57,4386.97,ns,,,"4x32x332",,,4,4,16,332,4,32,1,1,4
"dot/dot_bf16_bf16_fp32_4x16x4_1x4x1_neon/64/4/real_time",522013,259.512,256.515,ns,,,"4x64x4",,,4,4,16,4,4,64,1,1,4
"dot/dot_bf16_bf16_fp32_4x16x4_1x4x1_neon/64/40/real_time",116430,1208.31,1193.13,ns,,,"4x64x40",,,4,4,16,40,4,64,1,1,4
"dot/dot_bf16_bf16_fp32_4x16x4_1x4x1_neon/64/84/real_time",58609,2384.36,2345.98,ns,,,"4x64x84",,,4,4,16,84,4,64,1,1,4
"dot/dot_bf16_bf16_fp32_4x16x4_1x4x1_neon/64/128/real_time",39198,3548,3508.94,ns,,,"4x64x128",,,4,4,16,128,4,64,1,1,4
"dot/dot_bf16_bf16_fp32_4x16x4_1x4x1_neon/64/172/real_time",30088,4643.3,4603.77,ns,,,"4x64x172",,,4,4,16,172,4,64,1,1,4
"dot/dot_bf16_bf16_fp32_4x16x4_1x4x1_neon/128/4/real_time",295162,474.616,469.949,ns,,,"4x128x4",,,4,4,16,4,4,128,1,1,4
"dot/dot_bf16_bf16_fp32_4x16x4_1x4x1_neon/128/20/real_time",105456,1330.38,1315.37,ns,,,"4x128x20",,,4,4,16,20,4,128,1,1,4
"dot/dot_bf16_bf16_fp32_4x16x4_1x4x1_neon/128/40/real_time",59216,2369.58,2335.75,ns,,,"4x128x40",,,4,4,16,40,4,128,1,1,4
"dot/dot_bf16_bf16_fp32_4x16x4_1x4x1_neon/128/60/real_time",40719,3429.3,3389.55,ns,,,"4x128x60",,,4,4,16,60,4,128,1,1,4
"dot/dot_bf16_bf16_fp32_4x16x4_1x4x1_neon/128/84/real_time",29609,4709.14,4652.09,ns,,,"4x128x84",,,4,4,16,84,4,128,1,1,4
"dot/dot_bf16_bf16_fp32_5x16x4_1x4x1_neon/16/4/real_time",1210756,115.345,114.085,ns,,,"5x16x4",,,4,5,16,4,5,16,1,1,4
"dot/dot_bf16_bf16_fp32_5x16x4_1x4x1_neon/16/144/real_time",123256,1126.76,1116.51,ns,,,"5x16x144",,,4,5,16,144,5,16,1,1,4
"dot/dot_bf16_bf16_fp32_5x16x4_1x4x1_neon/16/288/real_time",64922,2160.51,2139,ns,,,"5x16x288",,,4,5,16,288,5,16,1,1,4
"dot/dot_bf16_bf16_fp32_5x16x4_1x4x1_neon/16/432/real_time",43807,3205.84,3158.93,ns,,,"5x16x432",,,4,5,16,432,5,16,1,1,4
"dot/dot_bf16_bf16_fp32_5x16x4_1x4x1_neon/16/576/real_time",32938,4227.5,4174.82,ns,,,"5x16x576",,,4,5,16,576,5,16,1,1,4
"dot/dot_bf16_bf16_fp32_5x16x4_1x4x1_neon/32/4/real_time",784403,178.333,176.373,ns,,,"5x32x4",,,4,5,16,4,5,32,1,1,4
"dot/dot_bf16_bf16_fp32_5x16x4_1x4x1_neon/32/80/real_time",109278,1288.14,1274,ns,,,"5x32x80",,,4,5,16,80,5,32,1,1,4
"dot/dot_bf16_bf16_fp32_5x16x4_1x4x1_neon/32/160/real_time",57679,2432.84,2407.49,ns,,,"5x32x160",,,4,5,16,160,5,32,1,1,4
"dot/dot_bf16_bf16_fp32_5x16x4_1x4x1_neon/32/240/real_time",39104,3584.31,3544.64,ns,,,"5x32x240",,,4,5,16,240,5,32,1,1,4
"dot/dot_bf16_bf16_fp32_5x16x4_1x4x1_neon/32/320/real_time",29450,4735.23,4677.45,ns,,,"5x32x320",,,4,5,16,320,5,32,1,1,4
"dot/dot_bf16_bf16_fp32_5x16x4_1x4x1_neon/64/4/real_time",455189,307.097,302.691,ns,,,"5x64x4",,,4,5,16,4,5,64,1,1,4
"dot/dot_bf16_bf16_fp32_5x16x4_1x4x1_neon/64/40/real_time",105294,1330.9,1316.08,ns,,,"5x64x40",,,4,5,16,40,5,64,1,1,4
"dot/dot_bf16_bf16_fp32_5x16x4_1x4x1_neon/64/84/real_time",53859,2592.52,2568.91,ns,,,"5x64x84",,,4,5,16,84,5,64,1,1,4
"dot/dot_bf16_bf16_fp32_5x16x4_1x4x1_neon/64/124/real_time",37443,3743.18,3703.98,ns,,,"5x64x124",,,4,5,16,124,5,64,1,1,4
"dot/dot_bf16_bf16_fp32_5x16x4_1x4x1_neon/64/168/real_time",28227,4949.34,4902.02,ns,,,"5x64x168",,,4,5,16,168,5,64,1,1,4
"dot/dot_bf16_bf16_fp32_5x16x4_1x4x1_neon/128/4/real_time",251846,553.591,548.49,ns,,,"5x128x4",,,4,5,16,4,5,128,1,1,4
"dot/dot_bf16_bf16_fp32_5x16x4_1x4x1_neon/128/20/real_time",94144,1486.85,1467.31,ns,,,"5x128x20",,,4,5,16,20,5,128,1,1,4
"dot/dot_bf16_bf16_fp32_5x16x4_1x4x1_neon/128/40/real_time",53537,2609.29,2576.74,ns,,,"5x128x40",,,4,5,16,40,5,128,1,1,4
"dot/dot_bf16_bf16_fp32_5x16x4_1x4x1_neon/128/60/real_time",36994,3780.23,3739.07,ns,,,"5x128x60",,,4,5,16,60,5,128,1,1,4
"dot/dot_bf16_bf16_fp32_5x16x4_1x4x1_neon/128/80/real_time",28200,4962.61,4913.76,ns,,,"5x128x80",,,4,5,16,80,5,128,1,1,4
"dot/dot_bf16_bf16_fp32_1x8x4_1x4x1_neon/8/4/real_time",2828577,49.6483,49.0755,ns,,,"1x8x4",,,4,1,8,4,1,8,1,1,4
"dot/dot_bf16_bf16_fp32_1x8x4_1x4x1_neon/8/340/real_time",158845,882.554,872.342,ns,,,"1x8x340",,,4,1,8,340,1,8,1,1,4
"dot/dot_bf16_bf16_fp32_1x8x4_1x4x1_neon/8/680/real_time",81229,1717.72,1699.79,ns,,,"1x8x680",,,4,1,8,680,1,8,1,1,4
"dot/dot_bf16_bf16_fp32_1x8x4_1x4x1_neon/8/1020/real_time",54915,2551.08,2526.7,ns,,,"1x8x1020",,,4,1,8,1020,1,8,1,1,4
"dot/dot_bf16_bf16_fp32_1x8x4_1x4x1_neon/8/1360/real_time",41315,3396.44,3357.63,ns,,,"1x8x1360",,,4,1,8,1360,1,8,1,1,4
"dot/dot_bf16_bf16_fp32_1x8x4_1x4x1_neon/16/4/real_time",2036288,68.8627,68.1004,ns,,,"1x16x4",,,4,1,8,4,1,16,1,1,4
"dot/dot_bf16_bf16_fp32_1x8x4_1x4x1_neon/16/180/real_time",147743,946.54,938.247,ns,,,"1x16x180",,,4,1,8,180,1,16,1,1,4
"dot/dot_bf16_bf16_fp32_1x8x4_1x4x1_neon/16/360/real_time",76540,1833.53,1814.67,ns,,,"1x16x360",,,4,1,8,360,1,16,1,1,4
"dot/dot_bf16_bf16_fp32_1x8x4_1x4x1_neon/16/540/real_time",51491,2713.65,2690.05,ns,,,"1x16x540",,,4,1,8,540,1,16,1,1,4
"dot/dot_bf16_bf16_fp32_1x8x4_1x4x1_neon/16/720/real_time",38806,3597.69,3563.87,ns,,,"1x16x720",,,4,1,8,720,1,16,1,1,4
"dot/dot_bf16_bf16_fp32_1x8x4_1x4x1_neon/32/4/real_time",1303077,107.299,106.211,ns,,,"1x32x4",,,4,1,8,4,1,32,1,1,4
"dot/dot_bf16_bf16_fp32_1x8x4_1x4x1_neon/32/92/real_time",139648,993.834,980.916,ns,,,"1x32x92",,,4,1,8,92,1,32,1,1,4
"dot/dot_bf16_bf16_fp32_1x8x4_1x4x1_neon/32/184/real_time",73297,1902.39,1879.7,ns,,,"1x32x184",,,4,1,8,184,1,32,1,1,4
"dot/dot_bf16_bf16_fp32_1x8x4_1x4x1_neon/32/276/real_time",50011,2824.7,2781.12,ns,,,"1x32x276",,,4,1,8,276,1,32,1,1,4
"dot/dot_bf16_bf16_fp32_1x8x4_1x4x1_neon/32/368/real_time",37571,3734.37,3674.25,ns,,,"1x32x368",,,4,1,8,368,1,32,1,1,4
"dot/dot_bf16_bf16_fp32_1x8x4_1x4x1_neon/64/4/real_time",743252,188.381,186.176,ns,,,"1x64x4",,,4,1,8,4,1,64,1,1,4
"dot/dot_bf16_bf16_fp32_1x8x4_1x4x1_neon/64/44/real_time",142621,984.03,970.114,ns,,,"1x64x44",,,4,1,8,44,1,64,1,1,4
"dot/dot_bf16_bf16_fp32_1x8x4_1x4x1_neon/64/92/real_time",70816,1952.42,1931.08,ns,,,"1x64x92",,,4,1,8,92,1,64,1,1,4
"dot/dot_bf16_bf16_fp32_1x8x4_1x4x1_neon/64/136/real_time",50340,2784.95,2758.42,ns,,,"1x64x136",,,4,1,8,136,1,64,1,1,4
"dot/dot_bf16_bf16_fp32_1x8x4_1x4x1_neon/64/184/real_time",37206,3758.83,3724.82,ns,,,"1x64x184",,,4,1,8,184,1,64,1,1,4
"dot/dot_bf16_bf16_fp32_4x8x4_1x4x1_neon/8/4/real_time",1681468,82.844,81.8102,ns,,,"4x8x4",,,4,4,8,4,4,8,1,1,4
"dot/dot_bf16_bf16_fp32_4x8x4_1x4x1_neon/8/252/real_time",138895,1005.98,993.442,ns,,,"4x8x252",,,4,4,8,252,4,8,1,1,4
"dot/dot_bf16_bf16_fp32_4x8x4_1x4x1_neon/8/508/real_time",71656,1956.68,1928.03,ns,,,"4x8x508",,,4,4,8,508,4,8,1,1,4
"dot/dot_bf16_bf16_fp32_4x8x4_1x4x1_neon/8/760/real_time",48458,2882.95,2847.72,ns,,,"4x8x760",,,4,4,8,760,4,8,1,1,4
"dot/dot_bf16_bf16_fp32_4x8x4_1x4x1_neon/8/1016/real_time",36630,3818.9,3780.37,ns,,,"4x8x1016",,,4,4,8,1016,4,8,1,1,4
"dot/dot_bf16_bf16_fp32_4x8x4_1x4x1_neon/16/4/real_time",1176563,119.651,118.442,ns,,,"4x16x4",,,4,4,8,4,4,16,1,1,4
"dot/dot_bf16_bf16_fp32_4x8x4_1x4x1_neon/16/152/real_time",111821,1231.19,1214.85,ns,,,"4x16x152",,,4,4,8,152,4,16,1,1,4
"dot/dot_bf16_bf16_fp32_4x8x4_1x4x1_neon/16/304/real_time",59339,2348.88,2328.12,ns,,,"4x16x304",,,4,4,8,304,4,16,1,1,4
"dot/dot_bf16_bf16_fp32_4x8x4_1x4x1_neon/16/456/real_time",40341,3475.29,3433.71,ns,,,"4x16x456",,,4,4,8,456,4,16,1,1,4
"dot/dot_bf16_bf16_fp32_4x8x4_1x4x1_neon/16/608/real_time",30040,4630.53,4563.07,ns,,,"4x16x608",,,4,4,8,608,4,16,1,1,4
"dot/dot_bf16_bf16_fp32_4x8x4_1x4x1_neon/32/4/real_time",707214,203.817,200.988,ns,,,"4x32x4",,,4,4,8,4,4,32,1,1,4
"dot/dot_bf16_bf16_fp32_4x8x4_1x4x1_neon/32/80/real_time",103895,1333.52,1321.38,ns,,,"4x32x80",,,4,4,8,80,4,32,1,1,4
"dot/dot_bf16_bf16_fp32_4x8x4_1x4x1_neon/32/164/real_time",54084,2582.24,2555.34,ns,,,"4x32x164",,,4,4,8,164,4,32,1,1,4
"dot/dot_bf16_bf16_fp32_4x8x4_1x4x1_neon/32/248/real_time",36712,3814.66,3780.45,ns,,,"4x32x248",,,4,4,8,248,4,32,1,1,4
"dot/dot_bf16_bf16_fp32_4x8x4_1x4x1_neon/32/332/real_time",27464,5078.83,5008.91,ns,,,"4x32x332",,,4,4,8,332,4,32,1,1,4
"dot/dot_bf16_bf16_fp32_4x8x4_1x4x1_neon/64/4/real_time",405244,347.616,342.954,ns,,,"4x64x4",,,4,4,8,4,4,64,1,1,4
"dot/dot_bf16_bf16_fp32_4x8x4_1x4x1_neon/64/40/real_time",98336,1428.04,1410.72,ns,,,"4x64x40",,,4,4,8,40,4,64,1,1,4
"dot/dot_bf16_bf16_fp32_4x8x4_1x4x1_neon/64/84/real_time",50859,2752.55,2724.71,ns,,,"4x64x84",,,4,4,8,84,4,64,1,1,4
"dot/dot_bf16_bf16_fp32_4x8x4_1x4x1_neon/64/128/real_time",34492,4053.59,4006,ns,,,"4x64x128",,,4,4,8,128,4,64,1,1,4
"dot/dot_bf16_bf16_fp32_4x8x4_1x4x1_neon/64/172/real_time",26146,5390.69,5305.72,ns,,,"4x64x172",,,4,4,8,172,4,64,1,1,4
"dot/dot_bf16_bf16_fp32_6x8x4_1x4x1_neon/8/4/real_time",1427781,97.9144,96.9634,ns,,,"6x8x4",,,4,6,8,4,6,8,1,1,4
"dot/dot_bf16_bf16_fp32_6x8x4_1x4x1_neon/8/216/real_time",132705,1053.47,1042.49,ns,,,"6x8x216",,,4,6,8,216,6,8,1,1,4
"dot/dot_bf16_bf16_fp32_6x8x4_1x4x1_neon/8/432/real_time",66333,2101.22,2080.85,ns,,,"6x8x432",,,4,6,8,432,6,8,1,1,4
"dot/dot_bf16_bf16_fp32_6x8x4_1x4x1_neon/8/648/real_time",46952,2980.56,2952.92,ns,,,"6x8x648",,,4,6,8,648,6,8,1,1,4
"dot/dot_bf16_bf16_fp32_6x8x4_1x4x1_neon/8/868/real_time",35283,3961.04,3927.24,ns,,,"6x8x868",,,4,6,8,868,6,8,1,1,4
"dot/dot_bf16_bf16_fp32_6x8x4_1x4x1_neon/16/4/real_time",940758,147.537,145.53,ns,,,"6x16x4",,,4,6,8,4,6,16,1,1,4
"dot/dot_bf16_bf16_fp32_6x8x4_1x4x1_neon/16/136/real_time",104987,1333.92,1321.95,ns,,,"6x16x136",,,4,6,8,136,6,16,1,1,4
"dot/dot_bf16_bf16_fp32_6x8x4_1x4x1_neon/16/272/real_time",52626,2678.93,2639.7,ns,,,"6x16x272",,,4,6,8,272,6,16,1,1,4
"dot/dot_bf16_bf16_fp32_6x8x4_1x4x1_neon/16/408/real_time",37014,3776.29,3734.45,ns,,,"6x16x408",,,4,6,8,408,6,16,1,1,4
"dot/dot_bf16_bf16_fp32_6x8x4_1x4x1_neon/16/548/real_time",27770,5070.71,4990.44,ns,,,"6x16x548",,,4,6,8,548,6,16,1,1,4
"dot/dot_bf16_bf16_fp32_6x8x4_1x4x1_neon/32/4/real_time",568041,246.999,242.727,ns,,,"6x32x4",,,4,6,8,4,6,32,1,1,4
"dot/dot_bf16_bf16_fp32_6x8x4_1x4x1_neon/32/76/real_time",89266,1569.41,1539.37,ns,,,"6x32x76",,,4,6,8,76,6,32,1,1,4
"dot/dot_bf16_bf16_fp32_6x8x4_1x4x1_neon/32/156/real_time",46386,3009.05,2976.21,ns,,,"6x32x156",,,4,6,8,156,6,32,1,1,4
"dot/dot_bf16_bf16_fp32_6x8x4_1x4x1_neon/32/232/real_time",32234,4354.43,4306.91,ns,,,"6x32x232",,,4,6,8,232,6,32,1,1,4
"dot/dot_bf16_bf16_fp32_6x8x4_1x4x1_neon/32/312/real_time",24171,5804.86,5721.08,ns,,,"6x32x312",,,4,6,8,312,6,32,1,1,4
"dot/dot_bf16_bf16_fp32_6x8x4_1x4x1_neon/64/4/real_time",318529,439.674,434.762,ns,,,"6x64x4",,,4,6,8,4,6,64,1,1,4
"dot/dot_bf16_bf16_fp32_6x8x4_1x4x1_neon/64/40/real_time",80025,1753.3,1729.17,ns,,,"6x64x40",,,4,6,8,40,6,64,1,1,4
"dot/dot_bf16_bf16_fp32_6x8x4_1x4x1_neon/64/80/real_time",42391,3295.67,3258.86,ns,,,"6x64x80",,,4,6,8,80,6,64,1,1,4
"dot/dot_bf16_bf16_fp32_6x8x4_1x4x1_neon/64/120/real_time",30081,4661.03,4601.18,ns,,,"6x64x120",,,4,6,8,120,6,64,1,1,4
"dot/dot_bf16_bf16_fp32_6x8x4_1x4x1_neon/64/164/real_time",22386,6245.31,6169.88,ns,,,"6x64x164",,,4,6,8,164,6,64,1,1,4
"dot/dot_bf16_bf16_fp32_8x8x4_1x4x1_neon/8/4/real_time",1159690,120.046,118.747,ns,,,"8x8x4",,,4,8,8,4,8,8,1,1,4
"dot/dot_bf16_bf16_fp32_8x8x4_1x4x1_neon/8/188/real_time",127482,1096.42,1086.33,ns,,,"8x8x188",,,4,8,8,188,8,8,1,1,4
"dot/dot_bf16_bf16_fp32_8x8x4_1x4x1_neon/8/380/real_time",66096,2121.51,2091.86,ns,,,"8x8x380",,,4,8,8,380,8,8,1,1,4
"dot/dot_bf16_bf16_fp32_8x8x4_1x4x1_neon/8/568/real_time",45291,3111.17,3059.5,ns,,,"8x8x568",,,4,8,8,568,8,8,1,1,4
"dot/dot_bf16_bf16_fp32_8x8x4_1x4x1_neon/8/760/real_time",34212,4123.85,4058.51,ns,,,"8x8x760",,,4,8,8,760,8,8,1,1,4
"dot/dot_bf16_bf16_fp32_8x8x4_1x4x1_neon/16/4/real_time",774321,180.77,178.84,ns,,,"8x16x4",,,4,8,8,4,8,16,1,1,4
"dot/dot_bf16_bf16_fp32_8x8x4_1x4x1_neon/16/124/real_time",94901,1464.05,1449.12,ns,,,"8x16x124",,,4,8,8,124,8,16,1,1,4
"dot/dot_bf16_bf16_fp32_8x8x4_1x4x1_neon/16/248/real_time",50434,2756.79,2729.23,ns,,,"8x16x248",,,4,8,8,248,8,16,1,1,4
"dot/dot_bf16_bf16_fp32_8x8x4_1x4x1_neon/16/372/real_time",33823,4096.58,4046.37,ns,,,"8x16x372",,,4,8,8,372,8,16,1,1,4
"dot/dot_bf16_bf16_fp32_8x8x4_1x4x1_neon/16/500/real_time",25643,5438.89,5383.26,ns,,,"8x16x500",,,4,8,8,500,8,16,1,1,4
"dot/dot_bf16_bf16_fp32_8x8x4_1x4x1_neon/32/4/real_time",458905,305.452,302.188,ns,,,"8x32x4",,,4,8,8,4,8,32,1,1,4
"dot/dot_bf16_bf16_fp32_8x8x4_1x4x1_neon/32/72/real_time",80148,1750.43,1729.04,ns,,,"8x32x72",,,4,8,8,72,8,32,1,1,4
"dot/dot_bf16_bf16_fp32_8x8x4_1x4x1_neon/32/144/real_time",40908,3417.71,3379.17,ns,,,"8x32x144",,,4,8,8,144,8,32,1,1,4
"dot/dot_bf16_bf16_fp32_8x8x4_1x4x1_neon/32/216/real_time",29185,4802.45,4732.18,ns,,,"8x32x216",,,4,8,8,216,8,32,1,1,4
"dot/dot_bf16_bf16_fp32_8x8x4_1x4x1_neon/32/292/real_time",21732,6477.53,6371.77,ns,,,"8x32x292",,,4,8,8,292,8,32,1,1,4
"dot/dot_bf16_bf16_fp32_8x8x4_1x4x1_neon/64/4/real_time",255691,546.003,540.367,ns,,,"8x64x4",,,4,8,8,4,8,64,1,1,4
"dot/dot_bf16_bf16_fp32_8x8x4_1x4x1_neon/64/36/real_time",72776,1925.05,1899.62,ns,,,"8x64x36",,,4,8,8,36,8,64,1,1,4
"dot/dot_bf16_bf16_fp32_8x8x4_1x4x1_neon/64/76/real_time",38407,3649.27,3603.73,ns,,,"8x64x76",,,4,8,8,76,8,64,1,1,4
"dot/dot_bf16_bf16_fp32_8x8x4_1x4x1_neon/64/116/real_time",23436,5883.82,5332.92,ns,,,"8x64x116",,,4,8,8,116,8,64,1,1,4
"dot/dot_bf16_bf16_fp32_8x8x4_1x4x1_neon/64/156/real_time",19943,7007.71,6948.68,ns,,,"8x64x156",,,4,8,8,156,8,64,1,1,4
"dot/dot_bf16_bf16_fp32_8x4x4_1x4x1_neon/4/4/real_time",1527536,91.7904,90.5357,ns,,,"8x4x4",,,4,8,4,4,8,4,1,1,4
"dot/dot_bf16_bf16_fp32_8x4x4_1x4x1_neon/4/252/real_time",141622,989.285,973.857,ns,,,"8x4x252",,,4,8,4,252,8,4,1,1,4
"dot/dot_bf16_bf16_fp32_8x4x4_1x4x1_neon/4/508/real_time",73593,1891.83,1874.12,ns,,,"8x4x508",,,4,8,4,508,8,4,1,1,4
"dot/dot_bf16_bf16_fp32_8x4x4_1x4x1_neon/4/760/real_time",50581,2790.36,2740.24,ns,,,"8x4x760",,,4,8,4,760,8,4,1,1,4
"dot/dot_bf16_bf16_fp32_8x4x4_1x4x1_neon/4/1016/real_time",38067,3666.92,3623.73,ns,,,"8x4x1016",,,4,8,4,1016,8,4,1,1,4
"dot/dot_bf16_bf16_fp32_8x4x4_1x4x1_neon/8/4/real_time",1078128,128.789,127.222,ns,,,"8x8x4",,,4,8,4,4,8,8,1,1,4
"dot/dot_bf16_bf16_fp32_8x4x4_1x4x1_neon/8/188/real_time",96252,1472.06,1445.87,ns,,,"8x8x188",,,4,8,4,188,8,8,1,1,4
"dot/dot_bf16_bf16_fp32_8x4x4_1x4x1_neon/8/380/real_time",48464,2857.29,2811.48,ns,,,"8x8x380",,,4,8,4,380,8,8,1,1,4
"dot/dot_bf16_bf16_fp32_8x4x4_1x4x1_neon/8/568/real_time",33948,4110.68,4075.7,ns,,,"8x8x568",,,4,8,4,568,8,8,1,1,4
"dot/dot_bf16_bf16_fp32_8x4x4_1x4x1_neon/8/760/real_time",25658,5480.53,5410.76,ns,,,"8x8x760",,,4,8,4,760,8,8,1,1,4
"dot/dot_bf16_bf16_fp32_8x4x4_1x4x1_neon/16/4/real_time",674377,207.411,205.361,ns,,,"8x16x4",,,4,8,4,4,8,16,1,1,4
"dot/dot_bf16_bf16_fp32_8x4x4_1x4x1_neon/16/124/real_time",72182,1925.33,1906.38,ns,,,"8x16x124",,,4,8,4,124,8,16,1,1,4
"dot/dot_bf16_bf16_fp32_8x4x4_1x4x1_neon/16/248/real_time",38012,3687.19,3644.74,ns,,,"8x16x248",,,4,8,4,248,8,16,1,1,4
"dot/dot_bf16_bf16_fp32_8x4x4_1x4x1_neon/16/372/real_time",25393,5509.09,5446.74,ns,,,"8x16x372",,,4,8,4,372,8,16,1,1,4
"dot/dot_bf16_bf16_fp32_8x4x4_1x4x1_neon/16/500/real_time",19058,7355.8,7262.56,ns,,,"8x16x500",,,4,8,4,500,8,16,1,1,4
"dot/dot_bf16_bf16_fp32_8x4x4_1x4x1_neon/32/4/real_time",395524,353.711,349.75,ns,,,"8x32x4",,,4,8,4,4,8,32,1,1,4
"dot/dot_bf16_bf16_fp32_8x4x4_1x4x1_neon/32/72/real_time",60656,2308.33,2283.01,ns,,,"8x32x72",,,4,8,4,72,8,32,1,1,4
"dot/dot_bf16_bf16_fp32_8x4x4_1x4x1_neon/32/144/real_time",29969,4694.19,4612.39,ns,,,"8x32x144",,,4,8,4,144,8,32,1,1,4
"dot/dot_bf16_bf16_fp32_8x4x4_1x4x1_neon/32/216/real_time",21797,6411.07,6331.93,ns,,,"8x32x216",,,4,8,4,216,8,32,1,1,4
"dot/dot_bf16_bf16_fp32_8x4x4_1x4x1_neon/32/292/real_time",16053,8720.86,8620.65,ns,,,"8x32x292",,,4,8,4,292,8,32,1,1,4
"dot/dot_int8_int2_int32_1x32x16_1x4x16_neondot/32/16/real_time",2213843,63.1493,62.6306,ns,,,"1x32x16",,,16,1,32,16,1,32,16,1,4
"dot/dot_int8_int2_int32_1x32x16_1x4x16_neondot/32/672/real_time",146981,950.18,938.852,ns,,,"1x32x672",,,16,1,32,672,1,32,16,1,4
"dot/dot_int8_int2_int32_1x32x16_1x4x16_neondot/32/1344/real_time",75785,1847.36,1830.26,ns,,,"1x32x1344",,,16,1,32,1344,1,32,16,1,4
"dot/dot_int8_int2_int32_1x32x16_1x4x16_neondot/32/2016/real_time",50873,2752.65,2722.44,ns,,,"1x32x2016",,,16,1,32,2016,1,32,16,1,4
"dot/dot_int8_int2_int32_1x32x16_1x4x16_neondot/32/2704/real_time",38123,3685.87,3639.1,ns,,,"1x32x2704",,,16,1,32,2704,1,32,16,1,4
"dot/dot_int8_int2_int32_1x32x16_1x4x16_neondot/64/16/real_time",1497700,93.2837,92.3746,ns,,,"1x64x16",,,16,1,32,16,1,64,16,1,4
"dot/dot_int8_int2_int32_1x32x16_1x4x16_neondot/64/352/real_time",140126,1001.19,990.133,ns,,,"1x64x352",,,16,1,32,352,1,64,16,1,4
"dot/dot_int8_int2_int32_1x32x16_1x4x16_neondot/64/704/real_time",71324,1951.04,1931.63,ns,,,"1x64x704",,,16,1,32,704,1,64,16,1,4
"dot/dot_int8_int2_int32_1x32x16_1x4x16_neondot/64/1056/real_time",48430,2904.32,2864.7,ns,,,"1x64x1056",,,16,1,32,1056,1,64,16,1,4
"dot/dot_int8_int2_int32_1x32x16_1x4x16_neondot/64/1424/real_time",36003,3900.58,3842.7,ns,,,"1x64x1424",,,16,1,32,1424,1,64,16,1,4
"dot/dot_int8_int2_int32_1x32x16_1x4x16_neondot/128/16/real_time",905145,154.182,152.341,ns,,,"1x128x16",,,16,1,32,16,1,128,16,1,4
"dot/dot_int8_int2_int32_1x32x16_1x4x16_neondot/128/176/real_time",138440,1013.71,1003.88,ns,,,"1x128x176",,,16,1,32,176,1,128,16,1,4
"dot/dot_int8_int2_int32_1x32x16_1x4x16_neondot/128/352/real_time",71178,2019.44,1990.4,ns,,,"1x128x352",,,16,1,32,352,1,128,16,1,4
"dot/dot_int8_int2_int32_1x32x16_1x4x16_neondot/128/528/real_time",47414,2918.91,2889.75,ns,,,"1x128x528",,,16,1,32,528,1,128,16,1,4
"dot/dot_int8_int2_int32_1x32x16_1x4x16_neondot/128/720/real_time",35488,3941.76,3909.28,ns,,,"1x128x720",,,16,1,32,720,1,128,16,1,4
"dot/dot_int8_int2_int32_1x32x16_1x4x16_neondot/256/16/real_time",508606,274.214,271.086,ns,,,"1x256x16",,,16,1,32,16,1,256,16,1,4
"dot/dot_int8_int2_int32_1x32x16_1x4x16_neondot/256/80/real_time",145235,961.495,952.472,ns,,,"1x256x80",,,16,1,32,80,1,256,16,1,4
"dot/dot_int8_int2_int32_1x32x16_1x4x16_neondot/256/176/real_time",69846,1994.21,1973.19,ns,,,"1x256x176",,,16,1,32,176,1,256,16,1,4
"dot/dot_int8_int2_int32_1x32x16_1x4x16_neondot/256/256/real_time",48495,2876.79,2846.52,ns,,,"1x256x256",,,16,1,32,256,1,256,16,1,4
"dot/dot_int8_int2_int32_1x32x16_1x4x16_neondot/256/352/real_time",36064,3884.62,3844.34,ns,,,"1x256x352",,,16,1,32,352,1,256,16,1,4
"dot/dot_int8_int2_int32_1x16x16_1x4x16_neondot/16/16/real_time",3009802,46.5681,46.0257,ns,,,"1x16x16",,,16,1,16,16,1,16,16,1,4
"dot/dot_int8_int2_int32_1x16x16_1x4x16_neondot/16/1216/real_time",136346,1033.03,1017.87,ns,,,"1x16x1216",,,16,1,16,1216,1,16,16,1,4
"dot/dot_int8_int2_int32_1x16x16_1x4x16_neondot/16/2448/real_time",68736,2029.18,2003.24,ns,,,"1x16x2448",,,16,1,16,2448,1,16,16,1,4
"dot/dot_int8_int2_int32_1x16x16_1x4x16_neondot/16/3664/real_time",46505,3005.01,2976.79,ns,,,"1x16x3664",,,16,1,16,3664,1,16,16,1,4
"dot/dot_int8_int2_int32_1x16x16_1x4x16_neondot/16/4896/real_time",34646,4030.83,3967.79,ns,,,"1x16x4896",,,16,1,16,4896,1,16,16,1,4
"dot/dot_int8_int2_int32_1x16x16_1x4x16_neondot/32/16/real_time",2124224,67.1002,65.495,ns,,,"1x32x16",,,16,1,16,16,1,32,16,1,4
"dot/dot_int8_int2_int32_1x16x16_1x4x16_neondot/32/672/real_time",119407,1166.33,1134.37,ns,,,"1x32x672",,,16,1,16,672,1,32,16,1,4
"dot/dot_int8_int2_int32_1x16x16_1x4x16_neondot/32/1344/real_time",62422,2242.77,2206.09,ns,,,"1x32x1344",,,16,1,16,1344,1,32,16,1,4
"dot/dot_int8_int2_int32_1x16x16_1x4x16_neondot/32/2016/real_time",41763,3346.78,3286.51,ns,,,"1x32x2016",,,16,1,16,2016,1,32,16,1,4
"dot/dot_int8_int2_int32_1x16x16_1x4x16_neondot/32/2704/real_time",31451,4468.55,4390.52,ns,,,"1x32x2704",,,16,1,16,2704,1,32,16,1,4
"dot/dot_int8_int2_int32_1x16x16_1x4x16_neondot/64/16/real_time",1322600,104.546,102.976,ns,,,"1x64x16",,,16,1,16,16,1,64,16,1,4
"dot/dot_int8_int2_int32_1x16x16_1x4x16_neondot/64/352/real_time",114912,1214.26,1191.43,ns,,,"1x64x352",,,16,1,16,352,1,64,16,1,4
"dot/dot_int8_int2_int32_1x16x16_1x4x16_neondot/64/704/real_time",59153,2396.28,2340.39,ns,,,"1x64x704",,,16,1,16,704,1,64,16,1,4
"dot/dot_int8_int2_int32_1x16x16_1x4x16_neondot/64/1056/real_time",38291,3526.89,3462.45,ns,,,"1x64x1056",,,16,1,16,1056,1,64,16,1,4
"dot/dot_int8_int2_int32_1x16x16_1x4x16_neondot/64/1424/real_time",29605,4715.57,4641.84,ns,,,"1x64x1424",,,16,1,16,1424,1,64,16,1,4
"dot/dot_int8_int2_int32_1x16x16_1x4x16_neondot/128/16/real_time",777564,179.991,177.664,ns,,,"1x128x16",,,16,1,16,16,1,128,16,1,4
"dot/dot_int8_int2_int32_1x16x16_1x4x16_neondot/128/176/real_time",114387,1231.3,1209.13,ns,,,"1x128x176",,,16,1,16,176,1,128,16,1,4
"dot/dot_int8_int2_int32_1x16x16_1x4x16_neondot/128/352/real_time",58783,2373.8,2341.05,ns,,,"1x128x352",,,16,1,16,352,1,128,16,1,4
"dot/dot_int8_int2_int32_1x16x16_1x4x16_neondot/128/528/real_time",39198,3517.05,3464.92,ns,,,"1x128x528",,,16,1,16,528,1,128,16,1,4
"dot/dot_int8_int2_int32_1x16x16_1x4x16_neondot/128/720/real_time",29207,4804.27,4733.23,ns,,,"1x128x720",,,16,1,16,720,1,128,16,1,4
"dot/dot_int8_int2_int32_2x16x16_1x4x16_neondot/16/16/real_time",2346244,59.764,58.8862,ns,,,"2x16x16",,,16,2,16,16,2,16,16,1,4
"dot/dot_int8_int2_int32_2x16x16_1x4x16_neondot/16/1008/real_time",130038,1066.56,1051.62,ns,,,"2x16x1008",,,16,2,16,1008,2,16,16,1,4
"dot/dot_int8_int2_int32_2x16x16_1x4x16_neondot/16/2032/real_time",66690,2114.36,2077.31,ns,,,"2x16x2032",,,16,2,16,2032,2,16,16,1,4
"dot/dot_int8_int2_int32_2x16x16_1x4x16_neondot/16/3040/real_time",43853,3144.59,3081.25,ns,,,"2x16x3040",,,16,2,16,3040,2,16,16,1,4
"dot/dot_int8_int2_int32_2x16x16_1x4x16_neondot/16/4064/real_time",33570,4142.09,4094.18,ns,,,"2x16x4064",,,16,2,16,4064,2,16,16,1,4
"dot/dot_int8_int2_int32_2x16x16_1x4x16_neondot/32/16/real_time",1636593,85.3121,84.4435,ns,,,"2x32x16",,,16,2,16,16,2,32,16,1,4
"dot/dot_int8_int2_int32_2x16x16_1x4x16_neondot/32/608/real_time",107964,1299.69,1277.42,ns,,,"2x32x608",,,16,2,16,608,2,32,16,1,4
"dot/dot_int8_int2_int32_2x16x16_1x4x16_neondot/32/1216/real_time",55716,2510.76,2482.83,ns,,,"2x32x1216",,,16,2,16,1216,2,32,16,1,4
"dot/dot_int8_int2_int32_2x16x16_1x4x16_neondot/32/1824/real_time",37266,3741.23,3695.26,ns,,,"2x32x1824",,,16,2,16,1824,2,32,16,1,4
"dot/dot_int8_int2_int32_2x16x16_1x4x16_neondot/32/2432/real_time",28175,4989.19,4907.18,ns,,,"2x32x2432",,,16,2,16,2432,2,32,16,1,4
"dot/dot_int8_int2_int32_2x16x16_1x4x16_neondot/64/16/real_time",1013965,137.456,135.42,ns,,,"2x64x16",,,16,2,16,16,2,64,16,1,4
"dot/dot_int8_int2_int32_2x16x16_1x4x16_neondot/64/320/real_time",101509,1370.92,1353.8,ns,,,"2x64x320",,,16,2,16,320,2,64,16,1,4
"dot/dot_int8_int2_int32_2x16x16_1x4x16_neondot/64/656/real_time",50852,2737.91,2702.98,ns,,,"2x64x656",,,16,2,16,656,2,64,16,1,4
"dot/dot_int8_int2_int32_2x16x16_1x4x16_neondot/64/992/real_time",34246,4108.49,4042.17,ns,,,"2x64x992",,,16,2,16,992,2,64,16,1,4
"dot/dot_int8_int2_int32_2x16x16_1x4x16_neondot/64/1328/real_time",25736,5456.76,5379.65,ns,,,"2x64x1328",,,16,2,16,1328,2,64,16,1,4
"dot/dot_int8_int2_int32_2x16x16_1x4x16_neondot/128/16/real_time",583190,239.155,236.559,ns,,,"2x128x16",,,16,2,16,16,2,128,16,1,4
"dot/dot_int8_int2_int32_2x16x16_1x4x16_neondot/128/160/real_time",99880,1404.26,1387.49,ns,,,"2x128x160",,,16,2,16,160,2,128,16,1,4
"dot/dot_int8_int2_int32_2x16x16_1x4x16_neondot/128/336/real_time",49392,2832.19,2792.3,ns,,,"2x128x336",,,16,2,16,336,2,128,16,1,4
"dot/dot_int8_int2_int32_2x16x16_1x4x16_neondot/128/512/real_time",32809,4264.66,4216.98,ns,,,"2x128x512",,,16,2,16,512,2,128,16,1,4
"dot/dot_int8_int2_int32_2x16x16_1x4x16_neondot/128/688/real_time",24510,5693.12,5621.81,ns,,,"2x128x688",,,16,2,16,688,2,128,16,1,4
"dot/dot_int8_int2_int32_1x8x16_1x4x16_neondot/8/16/real_time",3211730,43.2618,42.6068,ns,,,"1x8x16",,,16,1,8,16,1,8,16,1,4
"dot/dot_int8_int2_int32_1x8x16_1x4x16_neondot/8/2032/real_time",108683,1289.9,1274.78,ns,,,"1x8x2032",,,16,1,8,2032,1,8,16,1,4
"dot/dot_int8_int2_int32_1x8x16_1x4x16_neondot/8/4080/real_time",54931,2553.66,2519.86,ns,,,"1x8x4080",,,16,1,8,4080,1,8,16,1,4
"dot/dot_int8_int2_int32_1x8x16_1x4x16_neondot/8/6128/real_time",36801,3827.28,3766.34,ns,,,"1x8x6128",,,16,1,8,6128,1,8,16,1,4
"dot/dot_int8_int2_int32_1x8x16_1x4x16_neondot/8/8176/real_time",27659,5072.84,5010.01,ns,,,"1x8x8176",,,16,1,8,8176,1,8,16,1,4
"dot/dot_int8_int2_int32_1x8x16_1x4x16_neondot/16/16/real_time",2354767,59.743,58.8737,ns,,,"1x16x16",,,16,1,8,16,1,16,16,1,4
"dot/dot_int8_int2_int32_1x8x16_1x4x16_neondot/16/1216/real_time",89868,1550.64,1528.47,ns,,,"1x16x1216",,,16,1,8,1216,1,16,16,1,4
"dot/dot_int8_int2_int32_1x8x16_1x4x16_neondot/16/2448/real_time",45403,3074.68,3030.2,ns,,,"1x16x2448",,,16,1,8,2448,1,16,16,1,4
"dot/dot_int8_int2_int32_1x8x16_1x4x16_neondot/16/3664/real_time",30588,4572.22,4505.07,ns,,,"1x16x3664",,,16,1,8,3664,1,16,16,1,4
"dot/dot_int8_int2_int32_1x8x16_1x4x16_neondot/16/4896/real_time",22952,6084.87,6006.57,ns,,,"1x16x4896",,,16,1,8,4896,1,16,16,1,4
"dot/dot_int8_int2_int32_1x8x16_1x4x16_neondot/32/16/real_time",1513571,92.6718,91.2171,ns,,,"1x32x16",,,16,1,8,16,1,32,16,1,4
"dot/dot_int8_int2_int32_1x8x16_1x4x16_neondot/32/672/real_time",80767,1728.17,1705.64,ns,,,"1x32x672",,,16,1,8,672,1,32,16,1,4
"dot/dot_int8_int2_int32_1x8x16_1x4x16_neondot/32/1344/real_time",41363,3398.5,3341.16,ns,,,"1x32x1344",,,16,1,8,1344,1,32,16,1,4
"dot/dot_int8_int2_int32_1x8x16_1x4x16_neondot/32/2016/real_time",27756,5045.9,4974.23,ns,,,"1x32x2016",,,16,1,8,2016,1,32,16,1,4
"dot/dot_int8_int2_int32_1x8x16_1x4x16_neondot/32/2704/real_time",20837,6740.97,6649,ns,,,"1x32x2704",,,16,1,8,2704,1,32,16,1,4
"dot/dot_int8_int2_int32_1x8x16_1x4x16_neondot/64/16/real_time",892427,157.544,155.244,ns,,,"1x64x16",,,16,1,8,16,1,64,16,1,4
"dot/dot_int8_int2_int32_1x8x16_1x4x16_neondot/64/352/real_time",76650,1825.76,1796.36,ns,,,"1x64x352",,,16,1,8,352,1,64,16,1,4
"dot/dot_int8_int2_int32_1x8x16_1x4x16_neondot/64/704/real_time",39007,3574.28,3532.63,ns,,,"1x64x704",,,16,1,8,704,1,64,16,1,4
"dot/dot_int8_int2_int32_1x8x16_1x4x16_neondot/64/1056/real_time",26312,5304.2,5245.35,ns,,,"1x64x1056",,,16,1,8,1056,1,64,16,1,4
"dot/dot_int8_int2_int32_1x8x16_1x4x16_neondot/64/1424/real_time",19601,7175.66,7046.55,ns,,,"1x64x1424",,,16,1,8,1424,1,64,16,1,4
"dot/dot_int8_int2_int32_2x8x16_1x4x16_neondot/8/16/real_time",2683969,52.1727,51.4255,ns,,,"2x8x16",,,16,2,8,16,2,8,16,1,4
"dot/dot_int8_int2_int32_2x8x16_1x4x16_neondot/8/1520/real_time",118021,1156.13,1139.71,ns,,,"2x8x1520",,,16,2,8,1520,2,8,16,1,4
"dot/dot_int8_int2_int32_2x8x16_1x4x16_neondot/8/3056/real_time",61274,2274.72,2243.91,ns,,,"2x8x3056",,,16,2,8,3056,2,8,16,1,4
"dot/dot_int8_int2_int32_2x8x16_1x4x16_neondot/8/4592/real_time",41035,3391.48,3346.96,ns,,,"2x8x4592",,,16,2,8,4592,2,8,16,1,4
"dot/dot_int8_int2_int32_2x8x16_1x4x16_neondot/8/6128/real_time",31012,4553.45,4456.91,ns,,,"2x8x6128",,,16,2,8,6128,2,8,16,1,4
"dot/dot_int8_int2_int32_2x8x16_1x4x16_neondot/16/16/real_time",1911741,73.1786,72.191,ns,,,"2x16x16",,,16,2,8,16,2,16,16,1,4
"dot/dot_int8_int2_int32_2x8x16_1x4x16_neondot/16/1008/real_time",91540,1525.61,1507.28,ns,,,"2x16x1008",,,16,2,8,1008,2,16,16,1,4
"dot/dot_int8_int2_int32_2x8x16_1x4x16_neondot/16/2032/real_time",46309,3014.35,2983.15,ns,,,"2x16x2032",,,16,2,8,2032,2,16,16,1,4
"dot/dot_int8_int2_int32_2x8x16_1x4x16_neondot/16/3040/real_time",30134,4633.45,4593.02,ns,,,"2x16x3040",,,16,2,8,3040,2,16,16,1,4
"dot/dot_int8_int2_int32_2x8x16_1x4x16_neondot/16/4064/real_time",22597,6211.64,6128.19,ns,,,"2x16x4064",,,16,2,8,4064,2,16,16,1,4
"dot/dot_int8_int2_int32_2x8x16_1x4x16_neondot/32/16/real_time",1235714,113.921,112.3,ns,,,"2x32x16",,,16,2,8,16,2,32,16,1,4
"dot/dot_int8_int2_int32_2x8x16_1x4x16_neondot/32/608/real_time",72175,1952.6,1917.24,ns,,,"2x32x608",,,16,2,8,608,2,32,16,1,4
"dot/dot_int8_int2_int32_2x8x16_1x4x16_neondot/32/1216/real_time",37078,3769.32,3714.54,ns,,,"2x32x1216",,,16,2,8,1216,2,32,16,1,4
"dot/dot_int8_int2_int32_2x8x16_1x4x16_neondot/32/1824/real_time",25068,5573.24,5526.97,ns,,,"2x32x1824",,,16,2,8,1824,2,32,16,1,4
"dot/dot_int8_int2_int32_2x8x16_1x4x16_neondot/32/2432/real_time",18896,7401.75,7337.9,ns,,,"2x32x2432",,,16,2,8,2432,2,32,16,1,4
"dot/dot_int8_int2_int32_2x8x16_1x4x16_neondot/64/16/real_time",724325,195.618,192.546,ns,,,"2x64x16",,,16,2,8,16,2,64,16,1,4
"dot/dot_int8_int2_int32_2x8x16_1x4x16_neondot/64/320/real_time",68554,2052.61,2018.57,ns,,,"2x64x320",,,16,2,8,320,2,64,16,1,4
"dot/dot_int8_int2_int32_2x8x16_1x4x16_neondot/64/656/real_time",35037,3987.42,3911.23,ns,,,"2x64x656",,,16,2,8,656,2,64,16,1,4
"dot/dot_int8_int2_int32_2x8x16_1x4x16_neondot/64/992/real_time",22796,6110.19,6050.11,ns,,,"2x64x992",,,16,2,8,992,2,64,16,1,4
"dot/dot_int8_int2_int32_2x8x16_1x4x16_neondot/64/1328/real_time",17704,7835.45,7768.84,ns,,,"2x64x1328",,,16,2,8,1328,2,64,16,1,4
"dot/dot_int8_int2_int32_3x8x16_1x4x16_neondot/8/16/real_time",2384915,58.8951,58.3327,ns,,,"3x8x16",,,16,3,8,16,3,8,16,1,4
"dot/dot_int8_int2_int32_3x8x16_1x4x16_neondot/8/1216/real_time",136140,1035.3,1026.83,ns,,,"3x8x1216",,,16,3,8,1216,3,8,16,1,4
"dot/dot_int8_int2_int32_3x8x16_1x4x16_neondot/8/2448/real_time",71262,1968.38,1947.21,ns,,,"3x8x2448",,,16,3,8,2448,3,8,16,1,4
"dot/dot_int8_int2_int32_3x8x16_1x4x16_neondot/8/3664/real_time",47609,2928.83,2888.77,ns,,,"3x8x3664",,,16,3,8,3664,3,8,16,1,4
"dot/dot_int8_int2_int32_3x8x16_1x4x16_neondot/8/4896/real_time",34407,4056.62,4010.65,ns,,,"3x8x4896",,,16,3,8,4896,3,8,16,1,4
"dot/dot_int8_int2_int32_3x8x16_1x4x16_neondot/16/16/real_time",1712415,81.7384,80.7905,ns,,,"3x16x16",,,16,3,8,16,3,16,16,1,4
"dot/dot_int8_int2_int32_3x8x16_1x4x16_neondot/16/864/real_time",94545,1483.98,1466.87,ns,,,"3x16x864",,,16,3,8,864,3,16,16,1,4
"dot/dot_int8_int2_int32_3x8x16_1x4x16_neondot/16/1728/real_time",48638,2886.2,2840.04,ns,,,"3x16x1728",,,16,3,8,1728,3,16,16,1,4
"dot/dot_int8_int2_int32_3x8x16_1x4x16_neondot/16/2592/real_time",32553,4301.86,4260.83,ns,,,"3x16x2592",,,16,3,8,2592,3,16,16,1,4
"dot/dot_int8_int2_int32_3x8x16_1x4x16_neondot/16/3472/real_time",25464,5496.85,5440.17,ns,,,"3x16x3472",,,16,3,8,3472,3,16,16,1,4
"dot/dot_int8_int2_int32_3x8x16_1x4x16_neondot/32/16/real_time",1101879,127.025,125.472,ns,,,"3x32x16",,,16,3,8,16,3,32,16,1,4
"dot/dot_int8_int2_int32_3x8x16_1x4x16_neondot/32/544/real_time",74799,1877.97,1850.86,ns,,,"3x32x544",,,16,3,8,544,3,32,16,1,4
"dot/dot_int8_int2_int32_3x8x16_1x4x16_neondot/32/1088/real_time",37966,3623.82,3585.67,ns,,,"3x32x1088",,,16,3,8,1088,3,32,16,1,4
"dot/dot_int8_int2_int32_3x8x16_1x4x16_neondot/32/1632/real_time",25734,5442.6,5372.99,ns,,,"3x32x1632",,,16,3,8,1632,3,32,16,1,4
"dot/dot_int8_int2_int32_3x8x16_1x4x16_neondot/32/2192/real_time",20155,6954.73,6882.51,ns,,,"3x32x2192",,,16,3,8,2192,3,32,16,1,4
"dot/dot_int8_int2_int32_3x8x16_1x4x16_neondot/64/16/real_time",642472,216.806,214.697,ns,,,"3x64x16",,,16,3,8,16,3,64,16,1,4
"dot/dot_int8_int2_int32_3x8x16_1x4x16_neondot/64/304/real_time",69384,2020.98,2002.04,ns,,,"3x64x304",,,16,3,8,304,3,64,16,1,4
"dot/dot_int8_int2_int32_3x8x16_1x4x16_neondot/64/624/real_time",34588,4046.58,4014.46,ns,,,"3x64x624",,,16,3,8,624,3,64,16,1,4
"dot/dot_int8_int2_int32_3x8x16_1x4x16_neondot/64/928/real_time",22568,6213.06,6151.31,ns,,,"3x64x928",,,16,3,8,928,3,64,16,1,4
"dot/dot_int8_int2_int32_3x8x16_1x4x16_neondot/64/1248/real_time",16854,8294.24,8216.97,ns,,,"3x64x1248",,,16,3,8,1248,3,64,16,1,4
"dot/dot_int8_int2_int32_4x8x16_1x4x16_neondot/8/16/real_time",1982023,70.5776,70.0055,ns,,,"4x8x16",,,16,4,8,16,4,8,16,1,4
"dot/dot_int8_int2_int32_4x8x16_1x4x16_neondot/8/1008/real_time",154009,907.847,900.112,ns,,,"4x8x1008",,,16,4,8,1008,4,8,16,1,4
"dot/dot_int8_int2_int32_4x8x16_1x4x16_neondot/8/2032/real_time",79292,1764.01,1749.32,ns,,,"4x8x2032",,,16,4,8,2032,4,8,16,1,4
"dot/dot_int8_int2_int32_4x8x16_1x4x16_neondot/8/3040/real_time",50286,2781.09,2753.77,ns,,,"4x8x3040",,,16,4,8,3040,4,8,16,1,4
"dot/dot_int8_int2_int32_4x8x16_1x4x16_neondot/8/4064/real_time",37203,3748.19,3714.41,ns,,,"4x8x4064",,,16,4,8,4064,4,8,16,1,4
"dot/dot_int8_int2_int32_4x8x16_1x4x16_neondot/16/16/real_time",1379792,100.386,99.1423,ns,,,"4x16x16",,,16,4,8,16,4,16,16,1,4
"dot/dot_int8_int2_int32_4x8x16_1x4x16_neondot/16/752/real_time",103208,1347.53,1336.58,ns,,,"4x16x752",,,16,4,8,752,4,16,16,1,4
"dot/dot_int8_int2_int32_4x8x16_1x4x16_neondot/16/1520/real_time",52980,2642.28,2612.29,ns,,,"4x16x1520",,,16,4,8,1520,4,16,16,1,4
"dot/dot_int8_int2_int32_4x8x16_1x4x16_neondot/16/2272/real_time",33032,4203.55,4168.66,ns,,,"4x16x2272",,,16,4,8,2272,4,16,16,1,4
"dot/dot_int8_int2_int32_4x8x16_1x4x16_neondot/16/3040/real_time",25331,5534.21,5464.78,ns,,,"4x16x3040",,,16,4,8,3040,4,16,16,1,4
"dot/dot_int8_int2_int32_4x8x16_1x4x16_neondot/32/16/real_time",863692,160.842,158.792,ns,,,"4x32x16",,,16,4,8,16,4,32,16,1,4
"dot/dot_int8_int2_int32_4x8x16_1x4x16_neondot/32/496/real_time",78081,1792.02,1773.09,ns,,,"4x32x496",,,16,4,8,496,4,32,16,1,4
"dot/dot_int8_int2_int32_4x8x16_1x4x16_neondot/32/992/real_time",37501,3731.74,3692.31,ns,,,"4x32x992",,,16,4,8,992,4,32,16,1,4
"dot/dot_int8_int2_int32_4x8x16_1x4x16_neondot/32/1488/real_time",27315,5120.54,5066.81,ns,,,"4x32x1488",,,16,4,8,1488,4,32,16,1,4
"dot/dot_int8_int2_int32_4x8x16_1x4x16_neondot/32/2000/real_time",20415,6859.08,6768.6,ns,,,"4x32x2000",,,16,4,8,2000,4,32,16,1,4
"dot/dot_int8_int2_int32_4x8x16_1x4x16_neondot/64/16/real_time",497987,278.293,275.48,ns,,,"4x64x16",,,16,4,8,16,4,64,16,1,4
"dot/dot_int8_int2_int32_4x8x16_1x4x16_neondot/64/288/real_time",61562,2262.19,2242.11,ns,,,"4x64x288",,,16,4,8,288,4,64,16,1,4
"dot/dot_int8_int2_int32_4x8x16_1x4x16_neondot/64/576/real_time",32563,4308.2,4263.16,ns,,,"4x64x576",,,16,4,8,576,4,64,16,1,4
"dot/dot_int8_int2_int32_4x8x16_1x4x16_neondot/64/864/real_time",21492,6493.71,6417.37,ns,,,"4x64x864",,,16,4,8,864,4,64,16,1,4
"dot/dot_int8_int2_int32_4x8x16_1x4x16_neondot/64/1168/real_time",17346,9016.16,8035.71,ns,,,"4x64x1168",,,16,4,8,1168,4,64,16,1,4
"dot/dot_int8_int2_int32_8x8x16_1x4x16_neondot/8/16/real_time",1049045,108.724,107.053,ns,,,"8x8x16",,,16,8,8,16,8,8,16,1,4
"dot/dot_int8_int2_int32_8x8x16_1x4x16_neondot/8/608/real_time",138969,1007.46,994.833,ns,,,"8x8x608",,,16,8,8,608,8,8,16,1,4
"dot/dot_int8_int2_int32_8x8x16_1x4x16_neondot/8/1216/real_time",73093,1915.67,1891.66,ns,,,"8x8x1216",,,16,8,8,1216,8,8,16,1,4
"dot/dot_int8_int2_int32_8x8x16_1x4x16_neondot/8/1824/real_time",49324,2842.25,2807.58,ns,,,"8x8x1824",,,16,8,8,1824,8,8,16,1,4
"dot/dot_int8_int2_int32_8x8x16_1x4x16_neondot/8/2432/real_time",36962,3769.39,3697.6,ns,,,"8x8x2432",,,16,8,8,2432,8,8,16,1,4
"dot/dot_int8_int2_int32_8x8x16_1x4x16_neondot/16/16/real_time",884245,157.789,155.804,ns,,,"8x16x16",,,16,8,8,16,8,16,16,1,4
"dot/dot_int8_int2_int32_8x8x16_1x4x16_neondot/16/496/real_time",90018,1552.87,1532.67,ns,,,"8x16x496",,,16,8,8,496,8,16,16,1,4
"dot/dot_int8_int2_int32_8x8x16_1x4x16_neondot/16/992/real_time",44906,3111.05,3076.59,ns,,,"8x16x992",,,16,8,8,992,8,16,16,1,4
"dot/dot_int8_int2_int32_8x8x16_1x4x16_neondot/16/1488/real_time",31711,4417.15,4368.16,ns,,,"8x16x1488",,,16,8,8,1488,8,16,16,1,4
"dot/dot_int8_int2_int32_8x8x16_1x4x16_neondot/16/2000/real_time",23733,5897.3,5828.2,ns,,,"8x16x2000",,,16,8,8,2000,8,16,16,1,4
"dot/dot_int8_int2_int32_8x8x16_1x4x16_neondot/32/16/real_time",550351,254.925,252.161,ns,,,"8x32x16",,,16,8,8,16,8,32,16,1,4
"dot/dot_int8_int2_int32_8x8x16_1x4x16_neondot/32/368/real_time",59919,2311.59,2288.26,ns,,,"8x32x368",,,16,8,8,368,8,32,16,1,4
"dot/dot_int8_int2_int32_8x8x16_1x4x16_neondot/32/736/real_time",30186,4626.85,4572.01,ns,,,"8x32x736",,,16,8,8,736,8,32,16,1,4
"dot/dot_int8_int2_int32_8x8x16_1x4x16_neondot/32/1104/real_time",21380,6545.27,6483.58,ns,,,"8x32x1104",,,16,8,8,1104,8,32,16,1,4
"dot/dot_int8_int2_int32_8x8x16_1x4x16_neondot/32/1472/real_time",15638,8971.26,8877.65,ns,,,"8x32x1472",,,16,8,8,1472,8,32,16,1,4
"dot/dot_int8_int2_int32_8x8x16_1x4x16_neondot/64/16/real_time",311946,449.259,444.936,ns,,,"8x64x16",,,16,8,8,16,8,64,16,1,4
"dot/dot_int8_int2_int32_8x8x16_1x4x16_neondot/64/224/real_time",46671,2991.14,2955.82,ns,,,"8x64x224",,,16,8,8,224,8,64,16,1,4
"dot/dot_int8_int2_int32_8x8x16_1x4x16_neondot/64/464/real_time",24678,5663.38,5605.97,ns,,,"8x64x464",,,16,8,8,464,8,64,16,1,4
"dot/dot_int8_int2_int32_8x8x16_1x4x16_neondot/64/688/real_time",17006,8230.15,8158.67,ns,,,"8x64x688",,,16,8,8,688,8,64,16,1,4
"dot/dot_int8_int2_int32_8x8x16_1x4x16_neondot/64/928/real_time",12215,11479.2,11374.2,ns,,,"8x64x928",,,16,8,8,928,8,64,16,1,4
"dot/dot_int8_int2_int32_8x4x16_1x4x16_neondot/4/16/real_time",1771991,78.9541,77.9617,ns,,,"8x4x16",,,16,8,4,16,8,4,16,1,4
"dot/dot_int8_int2_int32_8x4x16_1x4x16_neondot/4/672/real_time",216479,645.663,638.64,ns,,,"8x4x672",,,16,8,4,672,8,4,16,1,4
"dot/dot_int8_int2_int32_8x4x16_1x4x16_neondot/4/1344/real_time",113131,1238.16,1224.32,ns,,,"8x4x1344",,,16,8,4,1344,8,4,16,1,4
"dot/dot_int8_int2_int32_8x4x16_1x4x16_neondot/4/2016/real_time",78106,1799.12,1772.55,ns,,,"8x4x2016",,,16,8,4,2016,8,4,16,1,4
"dot/dot_int8_int2_int32_8x4x16_1x4x16_neondot/4/2704/real_time",61867,2264.94,2239.92,ns,,,"8x4x2704",,,16,8,4,2704,8,4,16,1,4
"dot/dot_int8_int2_int32_8x4x16_1x4x16_neondot/8/16/real_time",1322887,105.172,103.933,ns,,,"8x8x16",,,16,8,4,16,8,8,16,1,4
"dot/dot_int8_int2_int32_8x4x16_1x4x16_neondot/8/608/real_time",121866,1145.78,1132.38,ns,,,"8x8x608",,,16,8,4,608,8,8,16,1,4
"dot/dot_int8_int2_int32_8x4x16_1x4x16_neondot/8/1216/real_time",63449,2161.27,2141.22,ns,,,"8x8x1216",,,16,8,4,1216,8,8,16,1,4
"dot/dot_int8_int2_int32_8x4x16_1x4x16_neondot/8/1824/real_time",42987,3248.59,3207.26,ns,,,"8x8x1824",,,16,8,4,1824,8,8,16,1,4
"dot/dot_int8_int2_int32_8x4x16_1x4x16_neondot/8/2432/real_time",32786,4254.87,4203.23,ns,,,"8x8x2432",,,16,8,4,2432,8,8,16,1,4
"dot/dot_int8_int2_int32_8x4x16_1x4x16_neondot/16/16/real_time",887820,157.51,156.064,ns,,,"8x16x16",,,16,8,4,16,8,16,16,1,4
"dot/dot_int8_int2_int32_8x4x16_1x4x16_neondot/16/496/real_time",81954,1706.7,1692.55,ns,,,"8x16x496",,,16,8,4,496,8,16,16,1,4
"dot/dot_int8_int2_int32_8x4x16_1x4x16_neondot/16/992/real_time",39478,3555.33,3516.26,ns,,,"8x16x992",,,16,8,4,992,8,16,16,1,4
"dot/dot_int8_int2_int32_8x4x16_1x4x16_neondot/16/1488/real_time",28371,4871.31,4822.28,ns,,,"8x16x1488",,,16,8,4,1488,8,16,16,1,4
"dot/dot_int8_int2_int32_8x4x16_1x4x16_neondot/16/2000/real_time",21514,6495.42,6435.11,ns,,,"8x16x2000",,,16,8,4,2000,8,16,16,1,4
"dot/dot_int8_int2_int32_8x4x16_1x4x16_neondot/32/16/real_time",537585,260.267,257.94,ns,,,"8x32x16",,,16,8,4,16,8,32,16,1,4
"dot/dot_int8_int2_int32_8x4x16_1x4x16_neondot/32/368/real_time",54872,2550.64,2528.39,ns,,,"8x32x368",,,16,8,4,368,8,32,16,1,4
"dot/dot_int8_int2_int32_8x4x16_1x4x16_neondot/32/736/real_time",26512,5292.13,5231.8,ns,,,"8x32x736",,,16,8,4,736,8,32,16,1,4
"dot/dot_int8_int2_int32_8x4x16_1x4x16_neondot/32/1104/real_time",19353,7237.8,7167.75,ns,,,"8x32x1104",,,16,8,4,1104,8,32,16,1,4
"dot/dot_int8_int2_int32_8x4x16_1x4x16_neondot/32/1472/real_time",13558,10287,10157.1,ns,,,"8x32x1472",,,16,8,4,1472,8,32,16,1,4
"dot/dot_int8_int4_int32_1x32x8_1x4x8_neondot/32/8/real_time",2785501,50.1072,49.6584,ns,,,"1x32x8",,,8,1,32,8,1,32,8,1,4
"dot/dot_int8_int4_int32_1x32x8_1x4x8_neondot/32/352/real_time",252105,556.04,550.48,ns,,,"1x32x352",,,8,1,32,352,1,32,8,1,4
"dot/dot_int8_int4_int32_1x32x8_1x4x8_neondot/32/712/real_time",128869,1078.27,1067.91,ns,,,"1x32x712",,,8,1,32,712,1,32,8,1,4
"dot/dot_int8_int4_int32_1x32x8_1x4x8_neondot/32/1072/real_time",87340,1602.07,1585.67,ns,,,"1x32x1072",,,8,1,32,1072,1,32,8,1,4
"dot/dot_int8_int4_int32_1x32x8_1x4x8_neondot/32/1432/real_time",65931,2127.1,2103.08,ns,,,"1x32x1432",,,8,1,32,1432,1,32,8,1,4
"dot/dot_int8_int4_int32_1x32x8_1x4x8_neondot/64/8/real_time",1934842,72.2378,71.5806,ns,,,"1x64x8",,,8,1,32,8,1,64,8,1,4
"dot/dot_int8_int4_int32_1x32x8_1x4x8_neondot/64/184/real_time",236376,592.643,587.734,ns,,,"1x64x184",,,8,1,32,184,1,64,8,1,4
"dot/dot_int8_int4_int32_1x32x8_1x4x8_neondot/64/368/real_time",122181,1130.37,1120.14,ns,,,"1x64x368",,,8,1,32,368,1,64,8,1,4
"dot/dot_int8_int4_int32_1x32x8_1x4x8_neondot/64/552/real_time",84301,1659.65,1645.07,ns,,,"1x64x552",,,8,1,32,552,1,64,8,1,4
"dot/dot_int8_int4_int32_1x32x8_1x4x8_neondot/64/736/real_time",62644,2198.74,2177.82,ns,,,"1x64x736",,,8,1,32,736,1,64,8,1,4
"dot/dot_int8_int4_int32_1x32x8_1x4x8_neondot/128/8/real_time",1213402,114.627,113.361,ns,,,"1x128x8",,,8,1,32,8,1,128,8,1,4
"dot/dot_int8_int4_int32_1x32x8_1x4x8_neondot/128/88/real_time",239887,583.215,576.407,ns,,,"1x128x88",,,8,1,32,88,1,128,8,1,4
"dot/dot_int8_int4_int32_1x32x8_1x4x8_neondot/128/184/real_time",120007,1160.09,1148.11,ns,,,"1x128x184",,,8,1,32,184,1,128,8,1,4
"dot/dot_int8_int4_int32_1x32x8_1x4x8_neondot/128/272/real_time",84889,1655.78,1636.04,ns,,,"1x128x272",,,8,1,32,272,1,128,8,1,4
"dot/dot_int8_int4_int32_1x32x8_1x4x8_neondot/128/368/real_time",62768,2233.24,2207.81,ns,,,"1x128x368",,,8,1,32,368,1,128,8,1,4
"dot/dot_int8_int4_int32_1x32x8_1x4x8_neondot/256/8/real_time",693157,199.704,197.214,ns,,,"1x256x8",,,8,1,32,8,1,256,8,1,4
"dot/dot_int8_int4_int32_1x32x8_1x4x8_neondot/256/40/real_time",243877,573.165,567.129,ns,,,"1x256x40",,,8,1,32,40,1,256,8,1,4
"dot/dot_int8_int4_int32_1x32x8_1x4x8_neondot/256/88/real_time",123965,1139,1124.89,ns,,,"1x256x88",,,8,1,32,88,1,256,8,1,4
"dot/dot_int8_int4_int32_1x32x8_1x4x8_neondot/256/128/real_time",86238,1621.3,1607.61,ns,,,"1x256x128",,,8,1,32,128,1,256,8,1,4
"dot/dot_int8_int4_int32_1x32x8_1x4x8_neondot/256/176/real_time",64211,2163.91,2137.31,ns,,,"1x256x176",,,8,1,32,176,1,256,8,1,4
"dot/dot_int8_int4_int32_2x32x8_1x4x8_neondot/32/8/real_time",2074399,67.336,66.5697,ns,,,"2x32x8",,,8,2,32,8,2,32,8,1,4
"dot/dot_int8_int4_int32_2x32x8_1x4x8_neondot/32/336/real_time",191467,732.465,724.919,ns,,,"2x32x336",,,8,2,32,336,2,32,8,1,4
"dot/dot_int8_int4_int32_2x32x8_1x4x8_neondot/32/672/real_time",98406,1426.67,1411.91,ns,,,"2x32x672",,,8,2,32,672,2,32,8,1,4
"dot/dot_int8_int4_int32_2x32x8_1x4x8_neondot/32/1008/real_time",67182,2082.91,2061.91,ns,,,"2x32x1008",,,8,2,32,1008,2,32,8,1,4
"dot/dot_int8_int4_int32_2x32x8_1x4x8_neondot/32/1344/real_time",50075,2795.07,2767.81,ns,,,"2x32x1344",,,8,2,32,1344,2,32,8,1,4
"dot/dot_int8_int4_int32_2x32x8_1x4x8_neondot/64/8/real_time",1423482,98.6098,97.5137,ns,,,"2x64x8",,,8,2,32,8,2,64,8,1,4
"dot/dot_int8_int4_int32_2x32x8_1x4x8_neondot/64/176/real_time",179773,778.343,771.378,ns,,,"2x64x176",,,8,2,32,176,2,64,8,1,4
"dot/dot_int8_int4_int32_2x32x8_1x4x8_neondot/64/352/real_time",91904,1514.93,1499.57,ns,,,"2x64x352",,,8,2,32,352,2,64,8,1,4
"dot/dot_int8_int4_int32_2x32x8_1x4x8_neondot/64/528/real_time",63587,2199.34,2176.1,ns,,,"2x64x528",,,8,2,32,528,2,64,8,1,4
"dot/dot_int8_int4_int32_2x32x8_1x4x8_neondot/64/704/real_time",47203,2948.03,2915.82,ns,,,"2x64x704",,,8,2,32,704,2,64,8,1,4
"dot/dot_int8_int4_int32_2x32x8_1x4x8_neondot/128/8/real_time",864962,161.011,159.195,ns,,,"2x128x8",,,8,2,32,8,2,128,8,1,4
"dot/dot_int8_int4_int32_2x32x8_1x4x8_neondot/128/88/real_time",172237,818.654,803.398,ns,,,"2x128x88",,,8,2,32,88,2,128,8,1,4
"dot/dot_int8_int4_int32_2x32x8_1x4x8_neondot/128/176/real_time",92180,1525.01,1505.6,ns,,,"2x128x176",,,8,2,32,176,2,128,8,1,4
"dot/dot_int8_int4_int32_2x32x8_1x4x8_neondot/128/264/real_time",61917,2244.36,2214.67,ns,,,"2x128x264",,,8,2,32,264,2,128,8,1,4
"dot/dot_int8_int4_int32_2x32x8_1x4x8_neondot/128/352/real_time",46686,3016.02,2970.89,ns,,,"2x128x352",,,8,2,32,352,2,128,8,1,4
"dot/dot_int8_int4_int32_2x32x8_1x4x8_neondot/256/8/real_time",487386,288.014,283.297,ns,,,"2x256x8",,,8,2,32,8,2,256,8,1,4
"dot/dot_int8_int4_int32_2x32x8_1x4x8_neondot/256/40/real_time",174690,802.565,794.048,ns,,,"2x256x40",,,8,2,32,40,2,256,8,1,4
"dot/dot_int8_int4_int32_2x32x8_1x4x8_neondot/256/80/real_time",96139,1444.55,1431.92,ns,,,"2x256x80",,,8,2,32,80,2,256,8,1,4
"dot/dot_int8_int4_int32_2x32x8_1x4x8_neondot/256/120/real_time",66365,2106.65,2079.71,ns,,,"2x256x120",,,8,2,32,120,2,256,8,1,4
"dot/dot_int8_int4_int32_2x32x8_1x4x8_neondot/256/168/real_time",48766,2881.05,2842.97,ns,,,"2x256x168",,,8,2,32,168,2,256,8,1,4
"dot/dot_int8_int4_int32_3x32x8_1x4x8_neondot/32/8/real_time",1587963,88.6164,87.2079,ns,,,"3x32x8",,,8,3,32,8,3,32,8,1,4
"dot/dot_int8_int4_int32_3x32x8_1x4x8_neondot/32/312/real_time",118769,1163.82,1151.93,ns,,,"3x32x312",,,8,3,32,312,3,32,8,1,4
"dot/dot_int8_int4_int32_3x32x8_1x4x8_neondot/32/632/real_time",60929,2299.36,2266.88,ns,,,"3x32x632",,,8,3,32,632,3,32,8,1,4
"dot/dot_int8_int4_int32_3x32x8_1x4x8_neondot/32/952/real_time",40909,3411.56,3379.49,ns,,,"3x32x952",,,8,3,32,952,3,32,8,1,4
"dot/dot_int8_int4_int32_3x32x8_1x4x8_neondot/32/1272/real_time",30533,4548.2,4495.89,ns,,,"3x32x1272",,,8,3,32,1272,3,32,8,1,4
"dot/dot_int8_int4_int32_3x32x8_1x4x8_neondot/64/8/real_time",1019889,136.786,135.192,ns,,,"3x64x8",,,8,3,32,8,3,64,8,1,4
"dot/dot_int8_int4_int32_3x32x8_1x4x8_neondot/64/168/real_time",110852,1271.19,1255.26,ns,,,"3x64x168",,,8,3,32,168,3,64,8,1,4
"dot/dot_int8_int4_int32_3x32x8_1x4x8_neondot/64/336/real_time",56860,2457.4,2429.36,ns,,,"3x64x336",,,8,3,32,336,3,64,8,1,4
"dot/dot_int8_int4_int32_3x32x8_1x4x8_neondot/64/504/real_time",38528,3664.92,3596.81,ns,,,"3x64x504",,,8,3,32,504,3,64,8,1,4
"dot/dot_int8_int4_int32_3x32x8_1x4x8_neondot/64/680/real_time",28716,4885.51,4821.28,ns,,,"3x64x680",,,8,3,32,680,3,64,8,1,4
"dot/dot_int8_int4_int32_3x32x8_1x4x8_neondot/128/8/real_time",599786,233.518,230.53,ns,,,"3x128x8",,,8,3,32,8,3,128,8,1,4
"dot/dot_int8_int4_int32_3x32x8_1x4x8_neondot/128/80/real_time",110843,1254.19,1239.6,ns,,,"3x128x80",,,8,3,32,80,3,128,8,1,4
"dot/dot_int8_int4_int32_3x32x8_1x4x8_neondot/128/168/real_time",56012,2495.26,2469.64,ns,,,"3x128x168",,,8,3,32,168,3,128,8,1,4
"dot/dot_int8_int4_int32_3x32x8_1x4x8_neondot/128/248/real_time",38577,3627.06,3587.7,ns,,,"3x128x248",,,8,3,32,248,3,128,8,1,4
"dot/dot_int8_int4_int32_3x32x8_1x4x8_neondot/128/336/real_time",28516,4861.01,4813.4,ns,,,"3x128x336",,,8,3,32,336,3,128,8,1,4
"dot/dot_int8_int4_int32_3x32x8_1x4x8_neondot/256/8/real_time",328804,426.797,422.001,ns,,,"3x256x8",,,8,3,32,8,3,256,8,1,4
"dot/dot_int8_int4_int32_3x32x8_1x4x8_neondot/256/40/real_time",104589,1331.13,1319.24,ns,,,"3x256x40",,,8,3,32,40,3,256,8,1,4
"dot/dot_int8_int4_int32_3x32x8_1x4x8_neondot/256/80/real_time",56221,2492.16,2469.04,ns,,,"3x256x80",,,8,3,32,80,3,256,8,1,4
"dot/dot_int8_int4_int32_3x32x8_1x4x8_neondot/256/120/real_time",38690,3614.12,3577.01,ns,,,"3x256x120",,,8,3,32,120,3,256,8,1,4
"dot/dot_int8_int4_int32_3x32x8_1x4x8_neondot/256/160/real_time",29730,4721.88,4671.35,ns,,,"3x256x160",,,8,3,32,160,3,256,8,1,4
"dot/dot_int8_int4_int32_1x16x8_1x4x8_neondot/16/8/real_time",3412584,41.0499,40.6981,ns,,,"1x16x8",,,8,1,16,8,1,16,8,1,4
"dot/dot_int8_int4_int32_1x16x8_1x4x8_neondot/16/680/real_time",193260,724.743,715.786,ns,,,"1x16x680",,,8,1,16,680,1,16,8,1,4
"dot/dot_int8_int4_int32_1x16x8_1x4x8_neondot/16/1360/real_time",99518,1409.05,1392.63,ns,,,"1x16x1360",,,8,1,16,1360,1,16,8,1,4
"dot/dot_int8_int4_int32_1x16x8_1x4x8_neondot/16/2040/real_time",66825,2094.97,2069.09,ns,,,"1x16x2040",,,8,1,16,2040,1,16,8,1,4
"dot/dot_int8_int4_int32_1x16x8_1x4x8_neondot/16/2720/real_time",50553,2771.61,2745.46,ns,,,"1x16x2720",,,8,1,16,2720,1,16,8,1,4
"dot/dot_int8_int4_int32_1x16x8_1x4x8_neondot/32/8/real_time",2460329,56.4005,55.6687,ns,,,"1x32x8",,,8,1,16,8,1,32,8,1,4
"dot/dot_int8_int4_int32_1x16x8_1x4x8_neondot/32/352/real_time",183288,764.396,755.215,ns,,,"1x32x352",,,8,1,16,352,1,32,8,1,4
"dot/dot_int8_int4_int32_1x16x8_1x4x8_neondot/32/712/real_time",94108,1483.7,1467.29,ns,,,"1x32x712",,,8,1,16,712,1,32,8,1,4
"dot/dot_int8_int4_int32_1x16x8_1x4x8_neondot/32/1072/real_time",63085,2223.27,2190.71,ns,,,"1x32x1072",,,8,1,16,1072,1,32,8,1,4
"dot/dot_int8_int4_int32_1x16x8_1x4x8_neondot/32/1432/real_time",47372,2954,2906.47,ns,,,"1x32x1432",,,8,1,16,1432,1,32,8,1,4
"dot/dot_int8_int4_int32_1x16x8_1x4x8_neondot/64/8/real_time",1607567,87.274,86.1233,ns,,,"1x64x8",,,8,1,16,8,1,64,8,1,4
"dot/dot_int8_int4_int32_1x16x8_1x4x8_neondot/64/184/real_time",171067,817.763,810.126,ns,,,"1x64x184",,,8,1,16,184,1,64,8,1,4
"dot/dot_int8_int4_int32_1x16x8_1x4x8_neondot/64/368/real_time",89804,1560.25,1541.66,ns,,,"1x64x368",,,8,1,16,368,1,64,8,1,4
"dot/dot_int8_int4_int32_1x16x8_1x4x8_neondot/64/552/real_time",60991,2292.38,2273.09,ns,,,"1x64x552",,,8,1,16,552,1,64,8,1,4
"dot/dot_int8_int4_int32_1x16x8_1x4x8_neondot/64/736/real_time",45937,3049.46,3007.01,ns,,,"1x64x736",,,8,1,16,736,1,64,8,1,4
"dot/dot_int8_int4_int32_1x16x8_1x4x8_neondot/128/8/real_time",959188,146.206,144.723,ns,,,"1x128x8",,,8,1,16,8,1,128,8,1,4
"dot/dot_int8_int4_int32_1x16x8_1x4x8_neondot/128/88/real_time",176109,794.315,786.092,ns,,,"1x128x88",,,8,1,16,88,1,128,8,1,4
"dot/dot_int8_int4_int32_1x16x8_1x4x8_neondot/128/184/real_time",86210,1602.46,1586.03,ns,,,"1x128x184",,,8,1,16,184,1,128,8,1,4
"dot/dot_int8_int4_int32_1x16x8_1x4x8_neondot/128/272/real_time",61339,2274.4,2250.4,ns,,,"1x128x272",,,8,1,16,272,1,128,8,1,4
"dot/dot_int8_int4_int32_1x16x8_1x4x8_neondot/128/368/real_time",45289,3084.36,3049.62,ns,,,"1x128x368",,,8,1,16,368,1,128,8,1,4
"dot/dot_int8_int4_int32_2x16x8_1x4x8_neondot/16/8/real_time",2789817,50.1737,49.6478,ns,,,"2x16x8",,,8,2,16,8,2,16,8,1,4
"dot/dot_int8_int4_int32_2x16x8_1x4x8_neondot/16/608/real_time",180061,780.352,770.099,ns,,,"2x16x608",,,8,2,16,608,2,16,8,1,4
"dot/dot_int8_int4_int32_2x16x8_1x4x8_neondot/16/1216/real_time",92492,1505.61,1491.68,ns,,,"2x16x1216",,,8,2,16,1216,2,16,8,1,4
"dot/dot_int8_int4_int32_2x16x8_1x4x8_neondot/16/1824/real_time",62632,2234.92,2214.4,ns,,,"2x16x1824",,,8,2,16,1824,2,16,8,1,4
"dot/dot_int8_int4_int32_2x16x8_1x4x8_neondot/16/2440/real_time",48044,2902.85,2879.25,ns,,,"2x16x2440",,,8,2,16,2440,2,16,8,1,4
"dot/dot_int8_int4_int32_2x16x8_1x4x8_neondot/32/8/real_time",2013213,69.5342,68.8182,ns,,,"2x32x8",,,8,2,16,8,2,32,8,1,4
"dot/dot_int8_int4_int32_2x16x8_1x4x8_neondot/32/336/real_time",164259,852.936,844.152,ns,,,"2x32x336",,,8,2,16,336,2,32,8,1,4
"dot/dot_int8_int4_int32_2x16x8_1x4x8_neondot/32/672/real_time",83953,1673.96,1656.8,ns,,,"2x32x672",,,8,2,16,672,2,32,8,1,4
"dot/dot_int8_int4_int32_2x16x8_1x4x8_neondot/32/1008/real_time",57525,2441.82,2406.14,ns,,,"2x32x1008",,,8,2,16,1008,2,32,8,1,4
"dot/dot_int8_int4_int32_2x16x8_1x4x8_neondot/32/1344/real_time",42522,3291.18,3258.03,ns,,,"2x32x1344",,,8,2,16,1344,2,32,8,1,4
"dot/dot_int8_int4_int32_2x16x8_1x4x8_neondot/64/8/real_time",1290732,107.883,106.599,ns,,,"2x64x8",,,8,2,16,8,2,64,8,1,4
"dot/dot_int8_int4_int32_2x16x8_1x4x8_neondot/64/176/real_time",154805,905.504,896.365,ns,,,"2x64x176",,,8,2,16,176,2,64,8,1,4
"dot/dot_int8_int4_int32_2x16x8_1x4x8_neondot/64/352/real_time",78547,1777.28,1762.35,ns,,,"2x64x352",,,8,2,16,352,2,64,8,1,4
"dot/dot_int8_int4_int32_2x16x8_1x4x8_neondot/64/528/real_time",54386,2567.62,2542.2,ns,,,"2x64x528",,,8,2,16,528,2,64,8,1,4
"dot/dot_int8_int4_int32_2x16x8_1x4x8_neondot/64/704/real_time",40253,3474.58,3436.13,ns,,,"2x64x704",,,8,2,16,704,2,64,8,1,4
"dot/dot_int8_int4_int32_2x16x8_1x4x8_neondot/128/8/real_time",758044,183.514,181.903,ns,,,"2x128x8",,,8,2,16,8,2,128,8,1,4
"dot/dot_int8_int4_int32_2x16x8_1x4x8_neondot/128/88/real_time",148464,945.229,931.976,ns,,,"2x128x88",,,8,2,16,88,2,128,8,1,4
"dot/dot_int8_int4_int32_2x16x8_1x4x8_neondot/128/176/real_time",79316,1777.47,1753.49,ns,,,"2x128x176",,,8,2,16,176,2,128,8,1,4
"dot/dot_int8_int4_int32_2x16x8_1x4x8_neondot/128/264/real_time",48333,2633.67,2599.22,ns,,,"2x128x264",,,8,2,16,264,2,128,8,1,4
"dot/dot_int8_int4_int32_2x16x8_1x4x8_neondot/128/352/real_time",39683,3526.61,3490.29,ns,,,"2x128x352",,,8,2,16,352,2,128,8,1,4
"dot/dot_int8_int4_int32_3x16x8_1x4x8_neondot/16/8/real_time",2239720,62.6036,61.7546,ns,,,"3x16x8",,,8,3,16,8,3,16,8,1,4
"dot/dot_int8_int4_int32_3x16x8_1x4x8_neondot/16/552/real_time",156957,891.865,883.006,ns,,,"3x16x552",,,8,3,16,552,3,16,8,1,4
"dot/dot_int8_int4_int32_3x16x8_1x4x8_neondot/16/1104/real_time",80902,1727.5,1706.52,ns,,,"3x16x1104",,,8,3,16,1104,3,16,8,1,4
"dot/dot_int8_int4_int32_3x16x8_1x4x8_neondot/16/1656/real_time",54717,2562.57,2532.19,ns,,,"3x16x1656",,,8,3,16,1656,3,16,8,1,4
"dot/dot_int8_int4_int32_3x16x8_1x4x8_neondot/16/2216/real_time",40605,3418.4,3374.45,ns,,,"3x16x2216",,,8,3,16,2216,3,16,8,1,4
"dot/dot_int8_int4_int32_3x16x8_1x4x8_neondot/32/8/real_time",1574173,88.8524,87.9573,ns,,,"3x32x8",,,8,3,16,8,3,32,8,1,4
"dot/dot_int8_int4_int32_3x16x8_1x4x8_neondot/32/312/real_time",135399,1022.18,1011.77,ns,,,"3x32x312",,,8,3,16,312,3,32,8,1,4
"dot/dot_int8_int4_int32_3x16x8_1x4x8_neondot/32/632/real_time",70369,1985.95,1964.63,ns,,,"3x32x632",,,8,3,16,632,3,32,8,1,4
"dot/dot_int8_int4_int32_3x16x8_1x4x8_neondot/32/952/real_time",47295,2961.76,2924.48,ns,,,"3x32x952",,,8,3,16,952,3,32,8,1,4
"dot/dot_int8_int4_int32_3x16x8_1x4x8_neondot/32/1272/real_time",35650,3929.55,3884.33,ns,,,"3x32x1272",,,8,3,16,1272,3,32,8,1,4
"dot/dot_int8_int4_int32_3x16x8_1x4x8_neondot/64/8/real_time",980514,142.004,140.356,ns,,,"3x64x8",,,8,3,16,8,3,64,8,1,4
"dot/dot_int8_int4_int32_3x16x8_1x4x8_neondot/64/168/real_time",123674,1122.09,1110.46,ns,,,"3x64x168",,,8,3,16,168,3,64,8,1,4
"dot/dot_int8_int4_int32_3x16x8_1x4x8_neondot/64/336/real_time",65170,2155.03,2124.39,ns,,,"3x64x336",,,8,3,16,336,3,64,8,1,4
"dot/dot_int8_int4_int32_3x16x8_1x4x8_neondot/64/504/real_time",44174,3168.57,3132.73,ns,,,"3x64x504",,,8,3,16,504,3,64,8,1,4
"dot/dot_int8_int4_int32_3x16x8_1x4x8_neondot/64/680/real_time",33028,4250.26,4192.23,ns,,,"3x64x680",,,8,3,16,680,3,64,8,1,4
"dot/dot_int8_int4_int32_3x16x8_1x4x8_neondot/128/8/real_time",563370,246.254,243.683,ns,,,"3x128x8",,,8,3,16,8,3,128,8,1,4
"dot/dot_int8_int4_int32_3x16x8_1x4x8_neondot/128/80/real_time",124430,1126.35,1111.83,ns,,,"3x128x80",,,8,3,16,80,3,128,8,1,4
"dot/dot_int8_int4_int32_3x16x8_1x4x8_neondot/128/168/real_time",63564,2193.06,2169.39,ns,,,"3x128x168",,,8,3,16,168,3,128,8,1,4
"dot/dot_int8_int4_int32_3x16x8_1x4x8_neondot/128/248/real_time",44092,3181.51,3145.66,ns,,,"3x128x248",,,8,3,16,248,3,128,8,1,4
"dot/dot_int8_int4_int32_3x16x8_1x4x8_neondot/128/336/real_time",33038,4248.9,4201.62,ns,,,"3x128x336",,,8,3,16,336,3,128,8,1,4
"dot/dot_int8_int4_int32_4x16x8_1x4x8_neondot/16/8/real_time",1723629,80.7548,79.9251,ns,,,"4x16x8",,,8,4,16,8,4,16,8,1,4
"dot/dot_int8_int4_int32_4x16x8_1x4x8_neondot/16/504/real_time",129470,1087.49,1073.29,ns,,,"4x16x504",,,8,4,16,504,4,16,8,1,4
"dot/dot_int8_int4_int32_4x16x8_1x4x8_neondot/16/1008/real_time",65654,2129.22,2104.56,ns,,,"4x16x1008",,,8,4,16,1008,4,16,8,1,4
"dot/dot_int8_int4_int32_4x16x8_1x4x8_neondot/16/1512/real_time",44852,3118.76,3079.35,ns,,,"4x16x1512",,,8,4,16,1512,4,16,8,1,4
"dot/dot_int8_int4_int32_4x16x8_1x4x8_neondot/16/2024/real_time",33667,4151.94,4101.05,ns,,,"4x16x2024",,,8,4,16,2024,4,16,8,1,4
"dot/dot_int8_int4_int32_4x16x8_1x4x8_neondot/32/8/real_time",1178012,118.811,117.287,ns,,,"4x32x8",,,8,4,16,8,4,32,8,1,4
"dot/dot_int8_int4_int32_4x16x8_1x4x8_neondot/32/296/real_time",108264,1294.16,1272.7,ns,,,"4x32x296",,,8,4,16,296,4,32,8,1,4
"dot/dot_int8_int4_int32_4x16x8_1x4x8_neondot/32/600/real_time",55613,2524.88,2490.45,ns,,,"4x32x600",,,8,4,16,600,4,32,8,1,4
"dot/dot_int8_int4_int32_4x16x8_1x4x8_neondot/32/896/real_time",37208,3746.91,3714.18,ns,,,"4x32x896",,,8,4,16,896,4,32,8,1,4
"dot/dot_int8_int4_int32_4x16x8_1x4x8_neondot/32/1200/real_time",27996,5009.78,4948.85,ns,,,"4x32x1200",,,8,4,16,1200,4,32,8,1,4
"dot/dot_int8_int4_int32_4x16x8_1x4x8_neondot/64/8/real_time",722820,193.329,191.314,ns,,,"4x64x8",,,8,4,16,8,4,64,8,1,4
"dot/dot_int8_int4_int32_4x16x8_1x4x8_neondot/64/160/real_time",94374,1466.26,1448.51,ns,,,"4x64x160",,,8,4,16,160,4,64,8,1,4
"dot/dot_int8_int4_int32_4x16x8_1x4x8_neondot/64/320/real_time",50612,2781.48,2742.28,ns,,,"4x64x320",,,8,4,16,320,4,64,8,1,4
"dot/dot_int8_int4_int32_4x16x8_1x4x8_neondot/64/480/real_time",34204,4090.94,4041.71,ns,,,"4x64x480",,,8,4,16,480,4,64,8,1,4
"dot/dot_int8_int4_int32_4x16x8_1x4x8_neondot/64/648/real_time",26035,5367.91,5311.06,ns,,,"4x64x648",,,8,4,16,648,4,64,8,1,4
"dot/dot_int8_int4_int32_4x16x8_1x4x8_neondot/128/8/real_time",409637,341.837,338.35,ns,,,"4x128x8",,,8,4,16,8,4,128,8,1,4
"dot/dot_int8_int4_int32_4x16x8_1x4x8_neondot/128/80/real_time",89733,1551.11,1536.28,ns,,,"4x128x80",,,8,4,16,80,4,128,8,1,4
"dot/dot_int8_int4_int32_4x16x8_1x4x8_neondot/128/160/real_time",47512,2891.35,2854,ns,,,"4x128x160",,,8,4,16,160,4,128,8,1,4
"dot/dot_int8_int4_int32_4x16x8_1x4x8_neondot/128/240/real_time",32470,4307.76,4259.67,ns,,,"4x128x240",,,8,4,16,240,4,128,8,1,4
"dot/dot_int8_int4_int32_4x16x8_1x4x8_neondot/128/328/real_time",25282,5549.54,5480.86,ns,,,"4x128x328",,,8,4,16,328,4,128,8,1,4
"dot/dot_int8_int4_int32_5x16x8_1x4x8_neondot/16/8/real_time",1454158,95.5305,94.6063,ns,,,"5x16x8",,,8,5,16,8,5,16,8,1,4
"dot/dot_int8_int4_int32_5x16x8_1x4x8_neondot/16/464/real_time",116356,1196.36,1184.36,ns,,,"5x16x464",,,8,5,16,464,5,16,8,1,4
"dot/dot_int8_int4_int32_5x16x8_1x4x8_neondot/16/928/real_time",60561,2315.49,2288.54,ns,,,"5x16x928",,,8,5,16,928,5,16,8,1,4
"dot/dot_int8_int4_int32_5x16x8_1x4x8_neondot/16/1392/real_time",40959,3432.55,3391.55,ns,,,"5x16x1392",,,8,5,16,1392,5,16,8,1,4
"dot/dot_int8_int4_int32_5x16x8_1x4x8_neondot/16/1864/real_time",30612,4577.05,4520.51,ns,,,"5x16x1864",,,8,5,16,1864,5,16,8,1,4
"dot/dot_int8_int4_int32_5x16x8_1x4x8_neondot/32/8/real_time",999914,139.318,137.95,ns,,,"5x32x8",,,8,5,16,8,5,32,8,1,4
"dot/dot_int8_int4_int32_5x16x8_1x4x8_neondot/32/280/real_time",95937,1456.25,1441.87,ns,,,"5x32x280",,,8,5,16,280,5,32,8,1,4
"dot/dot_int8_int4_int32_5x16x8_1x4x8_neondot/32/568/real_time",49363,2843.87,2812.42,ns,,,"5x32x568",,,8,5,16,568,5,32,8,1,4
"dot/dot_int8_int4_int32_5x16x8_1x4x8_neondot/32/848/real_time",33305,4222.51,4152.53,ns,,,"5x32x848",,,8,5,16,848,5,32,8,1,4
"dot/dot_int8_int4_int32_5x16x8_1x4x8_neondot/32/1136/real_time",25100,5607.63,5526.36,ns,,,"5x32x1136",,,8,5,16,1136,5,32,8,1,4
"dot/dot_int8_int4_int32_5x16x8_1x4x8_neondot/64/8/real_time",612428,227.379,225.017,ns,,,"5x64x8",,,8,5,16,8,5,64,8,1,4
"dot/dot_int8_int4_int32_5x16x8_1x4x8_neondot/64/152/real_time",85499,1631.81,1618.35,ns,,,"5x64x152",,,8,5,16,152,5,64,8,1,4
"dot/dot_int8_int4_int32_5x16x8_1x4x8_neondot/64/312/real_time",44128,3169.82,3139.22,ns,,,"5x64x312",,,8,5,16,312,5,64,8,1,4
"dot/dot_int8_int4_int32_5x16x8_1x4x8_neondot/64/464/real_time",30256,4636.36,4584.56,ns,,,"5x64x464",,,8,5,16,464,5,64,8,1,4
"dot/dot_int8_int4_int32_5x16x8_1x4x8_neondot/64/624/real_time",22693,6168.51,6107.21,ns,,,"5x64x624",,,8,5,16,624,5,64,8,1,4
"dot/dot_int8_int4_int32_5x16x8_1x4x8_neondot/128/8/real_time",347640,402.148,397.884,ns,,,"5x128x8",,,8,5,16,8,5,128,8,1,4
"dot/dot_int8_int4_int32_5x16x8_1x4x8_neondot/128/72/real_time",84761,1648.79,1630.49,ns,,,"5x128x72",,,8,5,16,72,5,128,8,1,4
"dot/dot_int8_int4_int32_5x16x8_1x4x8_neondot/128/152/real_time",43804,3201.69,3157.05,ns,,,"5x128x152",,,8,5,16,152,5,128,8,1,4
"dot/dot_int8_int4_int32_5x16x8_1x4x8_neondot/128/232/real_time",29454,4739.45,4696.34,ns,,,"5x128x232",,,8,5,16,232,5,128,8,1,4
"dot/dot_int8_int4_int32_5x16x8_1x4x8_neondot/128/312/real_time",22206,6297.39,6222.72,ns,,,"5x128x312",,,8,5,16,312,5,128,8,1,4
"dot/dot_int8_int4_int32_1x8x8_1x4x8_neondot/8/8/real_time",3675913,38.3568,37.7537,ns,,,"1x8x8",,,8,1,8,8,1,8,8,1,4
"dot/dot_int8_int4_int32_1x8x8_1x4x8_neondot/8/1224/real_time",138915,994.877,984.847,ns,,,"1x8x1224",,,8,1,8,1224,1,8,8,1,4
"dot/dot_int8_int4_int32_1x8x8_1x4x8_neondot/8/2448/real_time",71449,1954.46,1931.54,ns,,,"1x8x2448",,,8,1,8,2448,1,8,8,1,4
"dot/dot_int8_int4_int32_1x8x8_1x4x8_neondot/8/3672/real_time",48072,2907.29,2878.52,ns,,,"1x8x3672",,,8,1,8,3672,1,8,8,1,4
"dot/dot_int8_int4_int32_1x8x8_1x4x8_neondot/8/4904/real_time",36109,3873.44,3832.19,ns,,,"1x8x4904",,,8,1,8,4904,1,8,8,1,4
"dot/dot_int8_int4_int32_1x8x8_1x4x8_neondot/16/8/real_time",2747205,50.9619,50.3959,ns,,,"1x16x8",,,8,1,8,8,1,16,8,1,4
"dot/dot_int8_int4_int32_1x8x8_1x4x8_neondot/16/680/real_time",125770,1120.39,1102.03,ns,,,"1x16x680",,,8,1,8,680,1,16,8,1,4
"dot/dot_int8_int4_int32_1x8x8_1x4x8_neondot/16/1360/real_time",64220,2186.25,2156.67,ns,,,"1x16x1360",,,8,1,8,1360,1,16,8,1,4
"dot/dot_int8_int4_int32_1x8x8_1x4x8_neondot/16/2040/real_time",42888,3251.13,3209.32,ns,,,"1x16x2040",,,8,1,8,2040,1,16,8,1,4
"dot/dot_int8_int4_int32_1x8x8_1x4x8_neondot/16/2720/real_time",32413,4322.01,4261.38,ns,,,"1x16x2720",,,8,1,8,2720,1,16,8,1,4
"dot/dot_int8_int4_int32_1x8x8_1x4x8_neondot/32/8/real_time",1820492,76.9776,75.8963,ns,,,"1x32x8",,,8,1,8,8,1,32,8,1,4
"dot/dot_int8_int4_int32_1x8x8_1x4x8_neondot/32/352/real_time",118946,1172.03,1158.35,ns,,,"1x32x352",,,8,1,8,352,1,32,8,1,4
"dot/dot_int8_int4_int32_1x8x8_1x4x8_neondot/32/712/real_time",60974,2301.14,2274.55,ns,,,"1x32x712",,,8,1,8,712,1,32,8,1,4
"dot/dot_int8_int4_int32_1x8x8_1x4x8_neondot/32/1072/real_time",40680,3422.93,3387.3,ns,,,"1x32x1072",,,8,1,8,1072,1,32,8,1,4
"dot/dot_int8_int4_int32_1x8x8_1x4x8_neondot/32/1432/real_time",30707,4557.09,4503.36,ns,,,"1x32x1432",,,8,1,8,1432,1,32,8,1,4
"dot/dot_int8_int4_int32_1x8x8_1x4x8_neondot/64/8/real_time",1091485,129.823,126.941,ns,,,"1x64x8",,,8,1,8,8,1,64,8,1,4
"dot/dot_int8_int4_int32_1x8x8_1x4x8_neondot/64/184/real_time",109829,1281.69,1251.6,ns,,,"1x64x184",,,8,1,8,184,1,64,8,1,4
"dot/dot_int8_int4_int32_1x8x8_1x4x8_neondot/64/368/real_time",57672,2414.8,2384.73,ns,,,"1x64x368",,,8,1,8,368,1,64,8,1,4
"dot/dot_int8_int4_int32_1x8x8_1x4x8_neondot/64/552/real_time",39182,3586.99,3528.54,ns,,,"1x64x552",,,8,1,8,552,1,64,8,1,4
"dot/dot_int8_int4_int32_1x8x8_1x4x8_neondot/64/736/real_time",29530,4718.47,4662.32,ns,,,"1x64x736",,,8,1,8,736,1,64,8,1,4
"dot/dot_int8_int4_int32_8x8x8_1x4x8_neondot/8/8/real_time",1475034,95.8897,93.8118,ns,,,"8x8x8",,,8,8,8,8,8,8,8,1,4
"dot/dot_int8_int4_int32_8x8x8_1x4x8_neondot/8/504/real_time",139058,1049.08,982.596,ns,,,"8x8x504",,,8,8,8,504,8,8,8,1,4
"dot/dot_int8_int4_int32_8x8x8_1x4x8_neondot/8/1008/real_time",71175,1935.36,1874.48,ns,,,"8x8x1008",,,8,8,8,1008,8,8,8,1,4
"dot/dot_int8_int4_int32_8x8x8_1x4x8_neondot/8/1512/real_time",49574,2832.13,2767.64,ns,,,"8x8x1512",,,8,8,8,1512,8,8,8,1,4
"dot/dot_int8_int4_int32_8x8x8_1x4x8_neondot/8/2024/real_time",35836,3720.99,3667.37,ns,,,"8x8x2024",,,8,8,8,2024,8,8,8,1,4
"dot/dot_int8_int4_int32_8x8x8_1x4x8_neondot/16/8/real_time",1024492,137.872,133.984,ns,,,"8x16x8",,,8,8,8,8,8,16,8,1,4
"dot/dot_int8_int4_int32_8x8x8_1x4x8_neondot/16/376/real_time",95121,1486.73,1453.49,ns,,,"8x16x376",,,8,8,8,376,8,16,8,1,4
"dot/dot_int8_int4_int32_8x8x8_1x4x8_neondot/16/752/real_time",49457,2870.53,2785.24,ns,,,"8x16x752",,,8,8,8,752,8,16,8,1,4
"dot/dot_int8_int4_int32_8x8x8_1x4x8_neondot/16/1128/real_time",33543,4174.81,4112.46,ns,,,"8x16x1128",,,8,8,8,1128,8,16,8,1,4
"dot/dot_int8_int4_int32_8x8x8_1x4x8_neondot/16/1504/real_time",24933,5596.53,5523.87,ns,,,"8x16x1504",,,8,8,8,1504,8,16,8,1,4
"dot/dot_int8_int4_int32_8x8x8_1x4x8_neondot/32/8/real_time",646493,215.839,213.003,ns,,,"8x32x8",,,8,8,8,8,8,32,8,1,4
"dot/dot_int8_int4_int32_8x8x8_1x4x8_neondot/32/240/real_time",73592,1917.48,1881.33,ns,,,"8x32x240",,,8,8,8,240,8,32,8,1,4
"dot/dot_int8_int4_int32_8x8x8_1x4x8_neondot/32/488/real_time",37972,3676.84,3637.58,ns,,,"8x32x488",,,8,8,8,488,8,32,8,1,4
"dot/dot_int8_int4_int32_8x8x8_1x4x8_neondot/32/728/real_time",25661,5414.52,5336.35,ns,,,"8x32x728",,,8,8,8,728,8,32,8,1,4
"dot/dot_int8_int4_int32_8x8x8_1x4x8_neondot/32/976/real_time",19497,7189.32,7090.56,ns,,,"8x32x976",,,8,8,8,976,8,32,8,1,4
"dot/dot_int8_int4_int32_8x8x8_1x4x8_neondot/64/8/real_time",372822,375.015,370.214,ns,,,"8x64x8",,,8,8,8,8,8,64,8,1,4
"dot/dot_int8_int4_int32_8x8x8_1x4x8_neondot/64/136/real_time",62737,2226.64,2200.21,ns,,,"8x64x136",,,8,8,8,136,8,64,8,1,4
"dot/dot_int8_int4_int32_8x8x8_1x4x8_neondot/64/280/real_time",32581,4282.87,4237.22,ns,,,"8x64x280",,,8,8,8,280,8,64,8,1,4
"dot/dot_int8_int4_int32_8x8x8_1x4x8_neondot/64/416/real_time",21880,6353.03,6282.89,ns,,,"8x64x416",,,8,8,8,416,8,64,8,1,4
"dot/dot_int8_int4_int32_8x8x8_1x4x8_neondot/64/560/real_time",16702,8438.74,8268.49,ns,,,"8x64x560",,,8,8,8,560,8,64,8,1,4
"dot/dot_int8_int4_int32_8x4x8_1x4x8_neondot/4/8/real_time",1856891,75.0891,74.2065,ns,,,"8x4x8",,,8,8,4,8,8,4,8,1,4
"dot/dot_int8_int4_int32_8x4x8_1x4x8_neondot/4/608/real_time",150719,928.681,914.941,ns,,,"8x4x608",,,8,8,4,608,8,4,8,1,4
"dot/dot_int8_int4_int32_8x4x8_1x4x8_neondot/4/1216/real_time",78889,1782.14,1752.04,ns,,,"8x4x1216",,,8,8,4,1216,8,4,8,1,4
"dot/dot_int8_int4_int32_8x4x8_1x4x8_neondot/4/1824/real_time",52912,2646.81,2613.04,ns,,,"8x4x1824",,,8,8,4,1824,8,4,8,1,4
"dot/dot_int8_int4_int32_8x4x8_1x4x8_neondot/4/2440/real_time",40002,3500.05,3443.03,ns,,,"8x4x2440",,,8,8,4,2440,8,4,8,1,4
"dot/dot_int8_int4_int32_8x4x8_1x4x8_neondot/8/8/real_time",1376076,100.755,99.3554,ns,,,"8x8x8",,,8,8,4,8,8,8,8,1,4
"dot/dot_int8_int4_int32_8x4x8_1x4x8_neondot/8/504/real_time",91941,1502.21,1482.92,ns,,,"8x8x504",,,8,8,4,504,8,8,8,1,4
"dot/dot_int8_int4_int32_8x4x8_1x4x8_neondot/8/1008/real_time",47820,2932.4,2880.94,ns,,,"8x8x1008",,,8,8,4,1008,8,8,8,1,4
"dot/dot_int8_int4_int32_8x4x8_1x4x8_neondot/8/1512/real_time",32164,4362.02,4275.72,ns,,,"8x8x1512",,,8,8,4,1512,8,8,8,1,4
"dot/dot_int8_int4_int32_8x4x8_1x4x8_neondot/8/2024/real_time",24214,5817.57,5698.32,ns,,,"8x8x2024",,,8,8,4,2024,8,8,8,1,4
"dot/dot_int8_int4_int32_8x4x8_1x4x8_neondot/16/8/real_time",905118,152.98,150.149,ns,,,"8x16x8",,,8,8,4,8,8,16,8,1,4
"dot/dot_int8_int4_int32_8x4x8_1x4x8_neondot/16/376/real_time",61798,2258.55,2214.81,ns,,,"8x16x376",,,8,8,4,376,8,16,8,1,4
"dot/dot_int8_int4_int32_8x4x8_1x4x8_neondot/16/752/real_time",32268,4342.68,4289.08,ns,,,"8x16x752",,,8,8,4,752,8,16,8,1,4
"dot/dot_int8_int4_int32_8x4x8_1x4x8_neondot/16/1128/real_time",21571,6464.8,6369.15,ns,,,"8x16x1128",,,8,8,4,1128,8,16,8,1,4
"dot/dot_int8_int4_int32_8x4x8_1x4x8_neondot/16/1504/real_time",15442,8615.69,8487.89,ns,,,"8x16x1504",,,8,8,4,1504,8,16,8,1,4
"dot/dot_int8_int4_int32_8x4x8_1x4x8_neondot/32/8/real_time",550135,253.655,249.44,ns,,,"8x32x8",,,8,8,4,8,8,32,8,1,4
"dot/dot_int8_int4_int32_8x4x8_1x4x8_neondot/32/240/real_time",48023,2904.71,2859.38,ns,,,"8x32x240",,,8,8,4,240,8,32,8,1,4
"dot/dot_int8_int4_int32_8x4x8_1x4x8_neondot/32/488/real_time",24004,5689.91,5605.8,ns,,,"8x32x488",,,8,8,4,488,8,32,8,1,4
"dot/dot_int8_int4_int32_8x4x8_1x4x8_neondot/32/728/real_time",16646,8378.55,8259.01,ns,,,"8x32x728",,,8,8,4,728,8,32,8,1,4
"dot/dot_int8_int4_int32_8x4x8_1x4x8_neondot/32/976/real_time",12501,11185.7,11002.7,ns,,,"8x32x976",,,8,8,4,976,8,32,8,1,4
"dot/dot_int8_int8_int32_1x64x8_1x4x4_neondot/64/8/real_time",2239272,62.3656,61.4993,ns,,,"1x64x8",,,8,1,64,8,1,64,4,1,4
"dot/dot_int8_int8_int32_1x64x8_1x4x4_neondot/64/88/real_time",573073,244.635,240.614,ns,,,"1x64x88",,,8,1,64,88,1,64,4,1,4
"dot/dot_int8_int8_int32_1x64x8_1x4x4_neondot/64/184/real_time",305248,461.884,452.868,ns,,,"1x64x184",,,8,1,64,184,1,64,4,1,4
"dot/dot_int8_int8_int32_1x64x8_1x4x4_neondot/64/272/real_time",213040,656.954,647.415,ns,,,"1x64x272",,,8,1,64,272,1,64,4,1,4
"dot/dot_int8_int8_int32_1x64x8_1x4x4_neondot/64/368/real_time",159268,878.148,864.835,ns,,,"1x64x368",,,8,1,64,368,1,64,4,1,4
"dot/dot_int8_int8_int32_1x64x8_1x4x4_neondot/128/8/real_time",1437853,97.4406,95.9803,ns,,,"1x128x8",,,8,1,64,8,1,128,4,1,4
"dot/dot_int8_int8_int32_1x64x8_1x4x4_neondot/128/40/real_time",570501,244.623,241.07,ns,,,"1x128x40",,,8,1,64,40,1,128,4,1,4
"dot/dot_int8_int8_int32_1x64x8_1x4x4_neondot/128/88/real_time",305719,464.498,452.064,ns,,,"1x128x88",,,8,1,64,88,1,128,4,1,4
"dot/dot_int8_int8_int32_1x64x8_1x4x4_neondot/128/136/real_time",202191,693.391,682.969,ns,,,"1x128x136",,,8,1,64,136,1,128,4,1,4
"dot/dot_int8_int8_int32_1x64x8_1x4x4_neondot/128/184/real_time",153026,914.451,900.947,ns,,,"1x128x184",,,8,1,64,184,1,128,4,1,4
"dot/dot_int8_int8_int32_1x64x8_1x4x4_neondot/256/8/real_time",846577,165.194,162.528,ns,,,"1x256x8",,,8,1,64,8,1,256,4,1,4
"dot/dot_int8_int8_int32_1x64x8_1x4x4_neondot/256/16/real_time",592931,235.692,233.085,ns,,,"1x256x16",,,8,1,64,16,1,256,4,1,4
"dot/dot_int8_int8_int32_1x64x8_1x4x4_neondot/256/40/real_time",309569,452.069,445.522,ns,,,"1x256x40",,,8,1,64,40,1,256,4,1,4
"dot/dot_int8_int8_int32_1x64x8_1x4x4_neondot/256/64/real_time",206218,675.538,666.424,ns,,,"1x256x64",,,8,1,64,64,1,256,4,1,4
"dot/dot_int8_int8_int32_1x64x8_1x4x4_neondot/256/88/real_time",157745,882.09,874.267,ns,,,"1x256x88",,,8,1,64,88,1,256,4,1,4
"dot/dot_int8_int8_int32_1x64x8_1x4x4_neondot/512/8/real_time",465270,301.563,298.127,ns,,,"1x512x8",,,8,1,64,8,1,512,4,1,4
"dot/dot_int8_int8_int32_1x64x8_1x4x4_neondot/512/16/real_time",315283,443.703,439.645,ns,,,"1x512x16",,,8,1,64,16,1,512,4,1,4
"dot/dot_int8_int8_int32_1x64x8_1x4x4_neondot/512/24/real_time",226783,614.843,609.437,ns,,,"1x512x24",,,8,1,64,24,1,512,4,1,4
"dot/dot_int8_int8_int32_1x64x8_1x4x4_neondot/512/40/real_time",160395,877.56,864.336,ns,,,"1x512x40",,,8,1,64,40,1,512,4,1,4
"dot/dot_int8_int8_int32_1x32x8_1x4x4_neondot/32/8/real_time",2898138,48.4973,47.8518,ns,,,"1x32x8",,,8,1,32,8,1,32,4,1,4
"dot/dot_int8_int8_int32_1x32x8_1x4x4_neondot/32/184/real_time",540142,257.364,254.281,ns,,,"1x32x184",,,8,1,32,184,1,32,4,1,4
"dot/dot_int8_int8_int32_1x32x8_1x4x4_neondot/32/368/real_time",290408,480.479,474.023,ns,,,"1x32x368",,,8,1,32,368,1,32,4,1,4
"dot/dot_int8_int8_int32_1x32x8_1x4x4_neondot/32/552/real_time",201574,693.661,686.264,ns,,,"1x32x552",,,8,1,32,552,1,32,4,1,4
"dot/dot_int8_int8_int32_1x32x8_1x4x4_neondot/32/736/real_time",153924,912.308,900.968,ns,,,"1x32x736",,,8,1,32,736,1,32,4,1,4
"dot/dot_int8_int8_int32_1x32x8_1x4x4_neondot/64/8/real_time",2058876,67.9889,67.2504,ns,,,"1x64x8",,,8,1,32,8,1,64,4,1,4
"dot/dot_int8_int8_int32_1x32x8_1x4x4_neondot/64/88/real_time",538281,262.55,258.784,ns,,,"1x64x88",,,8,1,32,88,1,64,4,1,4
"dot/dot_int8_int8_int32_1x32x8_1x4x4_neondot/64/184/real_time",285742,490.075,483.619,ns,,,"1x64x184",,,8,1,32,184,1,64,4,1,4
"dot/dot_int8_int8_int32_1x32x8_1x4x4_neondot/64/272/real_time",200146,699.261,691.317,ns,,,"1x64x272",,,8,1,32,272,1,64,4,1,4
"dot/dot_int8_int8_int32_1x32x8_1x4x4_neondot/64/368/real_time",150427,930.629,919.984,ns,,,"1x64x368",,,8,1,32,368,1,64,4,1,4
"dot/dot_int8_int8_int32_1x32x8_1x4x4_neondot/128/8/real_time",1279927,108.51,107.406,ns,,,"1x128x8",,,8,1,32,8,1,128,4,1,4
"dot/dot_int8_int8_int32_1x32x8_1x4x4_neondot/128/40/real_time",531820,263.624,260.525,ns,,,"1x128x40",,,8,1,32,40,1,128,4,1,4
"dot/dot_int8_int8_int32_1x32x8_1x4x4_neondot/128/88/real_time",286011,493.013,483.929,ns,,,"1x128x88",,,8,1,32,88,1,128,4,1,4
"dot/dot_int8_int8_int32_1x32x8_1x4x4_neondot/128/136/real_time",185910,752.346,742.702,ns,,,"1x128x136",,,8,1,32,136,1,128,4,1,4
"dot/dot_int8_int8_int32_1x32x8_1x4x4_neondot/128/184/real_time",140279,1000.17,986.619,ns,,,"1x128x184",,,8,1,32,184,1,128,4,1,4
"dot/dot_int8_int8_int32_1x32x8_1x4x4_neondot/256/8/real_time",728479,191.96,190.112,ns,,,"1x256x8",,,8,1,32,8,1,256,4,1,4
"dot/dot_int8_int8_int32_1x32x8_1x4x4_neondot/256/16/real_time",526709,266.099,263.475,ns,,,"1x256x16",,,8,1,32,16,1,256,4,1,4
"dot/dot_int8_int8_int32_1x32x8_1x4x4_neondot/256/40/real_time",284704,491.693,486.349,ns,,,"1x256x40",,,8,1,32,40,1,256,4,1,4
"dot/dot_int8_int8_int32_1x32x8_1x4x4_neondot/256/64/real_time",186046,751.818,743.825,ns,,,"1x256x64",,,8,1,32,64,1,256,4,1,4
"dot/dot_int8_int8_int32_1x32x8_1x4x4_neondot/256/88/real_time",148048,947.325,935.108,ns,,,"1x256x88",,,8,1,32,88,1,256,4,1,4
"dot/dot_int8_int8_int32_2x32x8_1x4x4_neondot/32/8/real_time",2047850,68.0356,67.2274,ns,,,"2x32x8",,,8,2,32,8,2,32,4,1,4
"dot/dot_int8_int8_int32_2x32x8_1x4x4_neondot/32/176/real_time",326607,432.757,425.674,ns,,,"2x32x176",,,8,2,32,176,2,32,4,1,4
"dot/dot_int8_int8_int32_2x32x8_1x4x4_neondot/32/352/real_time",169915,822.804,813.106,ns,,,"2x32x352",,,8,2,32,352,2,32,4,1,4
"dot/dot_int8_int8_int32_2x32x8_1x4x4_neondot/32/528/real_time",117734,1177.18,1166.27,ns,,,"2x32x528",,,8,2,32,528,2,32,4,1,4
"dot/dot_int8_int8_int32_2x32x8_1x4x4_neondot/32/712/real_time",88757,1584.25,1564.51,ns,,,"2x32x712",,,8,2,32,712,2,32,4,1,4
"dot/dot_int8_int8_int32_2x32x8_1x4x4_neondot/64/8/real_time",1369793,102.919,101.79,ns,,,"2x64x8",,,8,2,32,8,2,64,4,1,4
"dot/dot_int8_int8_int32_2x32x8_1x4x4_neondot/64/88/real_time",313597,449.55,442.509,ns,,,"2x64x88",,,8,2,32,88,2,64,4,1,4
"dot/dot_int8_int8_int32_2x32x8_1x4x4_neondot/64/176/real_time",169659,824.263,813.02,ns,,,"2x64x176",,,8,2,32,176,2,64,4,1,4
"dot/dot_int8_int8_int32_2x32x8_1x4x4_neondot/64/264/real_time",115065,1202.25,1192.31,ns,,,"2x64x264",,,8,2,32,264,2,64,4,1,4
"dot/dot_int8_int8_int32_2x32x8_1x4x4_neondot/64/360/real_time",85897,1623.5,1610.01,ns,,,"2x64x360",,,8,2,32,360,2,64,4,1,4
"dot/dot_int8_int8_int32_2x32x8_1x4x4_neondot/128/8/real_time",828719,169.741,167.712,ns,,,"2x128x8",,,8,2,32,8,2,128,4,1,4
"dot/dot_int8_int8_int32_2x32x8_1x4x4_neondot/128/40/real_time",314330,445.063,440.773,ns,,,"2x128x40",,,8,2,32,40,2,128,4,1,4
"dot/dot_int8_int8_int32_2x32x8_1x4x4_neondot/128/88/real_time",162434,861.738,853.075,ns,,,"2x128x88",,,8,2,32,88,2,128,4,1,4
"dot/dot_int8_int8_int32_2x32x8_1x4x4_neondot/128/128/real_time",112658,1239.62,1225.85,ns,,,"2x128x128",,,8,2,32,128,2,128,4,1,4
"dot/dot_int8_int8_int32_2x32x8_1x4x4_neondot/128/176/real_time",86469,1617.21,1601.2,ns,,,"2x128x176",,,8,2,32,176,2,128,4,1,4
"dot/dot_int8_int8_int32_2x32x8_1x4x4_neondot/256/8/real_time",455763,309.692,305.109,ns,,,"2x256x8",,,8,2,32,8,2,256,4,1,4
"dot/dot_int8_int8_int32_2x32x8_1x4x4_neondot/256/16/real_time",313178,443.946,438.781,ns,,,"2x256x16",,,8,2,32,16,2,256,4,1,4
"dot/dot_int8_int8_int32_2x32x8_1x4x4_neondot/256/40/real_time",161379,865.791,858.136,ns,,,"2x256x40",,,8,2,32,40,2,256,4,1,4
"dot/dot_int8_int8_int32_2x32x8_1x4x4_neondot/256/56/real_time",120724,1164.06,1143.66,ns,,,"2x256x56",,,8,2,32,56,2,256,4,1,4
"dot/dot_int8_int8_int32_2x32x8_1x4x4_neondot/256/80/real_time",90663,1540.83,1519.1,ns,,,"2x256x80",,,8,2,32,80,2,256,4,1,4
"dot/dot_int8_int8_int32_3x32x8_1x4x4_neondot/32/8/real_time",1515335,92.1283,91.3777,ns,,,"3x32x8",,,8,3,32,8,3,32,4,1,4
"dot/dot_int8_int8_int32_3x32x8_1x4x4_neondot/32/168/real_time",249467,559.871,555.037,ns,,,"3x32x168",,,8,3,32,168,3,32,4,1,4
"dot/dot_int8_int8_int32_3x32x8_1x4x4_neondot/32/344/real_time",129438,1082.69,1069.66,ns,,,"3x32x344",,,8,3,32,344,3,32,4,1,4
"dot/dot_int8_int8_int32_3x32x8_1x4x4_neondot/32/512/real_time",88319,1587.14,1570.68,ns,,,"3x32x512",,,8,3,32,512,3,32,4,1,4
"dot/dot_int8_int8_int32_3x32x8_1x4x4_neondot/32/688/real_time",67300,2074.25,2053.33,ns,,,"3x32x688",,,8,3,32,688,3,32,4,1,4
"dot/dot_int8_int8_int32_3x32x8_1x4x4_neondot/64/8/real_time",983715,142.786,140.933,ns,,,"3x64x8",,,8,3,32,8,3,64,4,1,4
"dot/dot_int8_int8_int32_3x32x8_1x4x4_neondot/64/88/real_time",225048,615.576,610.011,ns,,,"3x64x88",,,8,3,32,88,3,64,4,1,4
"dot/dot_int8_int8_int32_3x32x8_1x4x4_neondot/64/176/real_time",123837,1124.35,1112.42,ns,,,"3x64x176",,,8,3,32,176,3,64,4,1,4
"dot/dot_int8_int8_int32_3x32x8_1x4x4_neondot/64/264/real_time",84658,1647.96,1632.13,ns,,,"3x64x264",,,8,3,32,264,3,64,4,1,4
"dot/dot_int8_int8_int32_3x32x8_1x4x4_neondot/64/352/real_time",64135,2196.8,2170.83,ns,,,"3x64x352",,,8,3,32,352,3,64,4,1,4
"dot/dot_int8_int8_int32_3x32x8_1x4x4_neondot/128/8/real_time",577946,241.643,238.651,ns,,,"3x128x8",,,8,3,32,8,3,128,4,1,4
"dot/dot_int8_int8_int32_3x32x8_1x4x4_neondot/128/40/real_time",225432,620.867,612.782,ns,,,"3x128x40",,,8,3,32,40,3,128,4,1,4
"dot/dot_int8_int8_int32_3x32x8_1x4x4_neondot/128/80/real_time",127867,1090.4,1077.6,ns,,,"3x128x80",,,8,3,32,80,3,128,4,1,4
"dot/dot_int8_int8_int32_3x32x8_1x4x4_neondot/128/120/real_time",89467,1564.18,1547.16,ns,,,"3x128x120",,,8,3,32,120,3,128,4,1,4
"dot/dot_int8_int8_int32_3x32x8_1x4x4_neondot/128/168/real_time",65472,2136.82,2111.78,ns,,,"3x128x168",,,8,3,32,168,3,128,4,1,4
"dot/dot_int8_int8_int32_3x32x8_1x4x4_neondot/256/8/real_time",309295,450.444,442.872,ns,,,"3x256x8",,,8,3,32,8,3,256,4,1,4
"dot/dot_int8_int8_int32_3x32x8_1x4x4_neondot/256/16/real_time",220046,634.769,627.725,ns,,,"3x256x16",,,8,3,32,16,3,256,4,1,4
"dot/dot_int8_int8_int32_3x32x8_1x4x4_neondot/256/40/real_time",115981,1209.06,1197.43,ns,,,"3x256x40",,,8,3,32,40,3,256,4,1,4
"dot/dot_int8_int8_int32_3x32x8_1x4x4_neondot/256/56/real_time",87491,1598.88,1582.5,ns,,,"3x256x56",,,8,3,32,56,3,256,4,1,4
"dot/dot_int8_int8_int32_3x32x8_1x4x4_neondot/256/80/real_time",65799,2127.66,2107.48,ns,,,"3x256x80",,,8,3,32,80,3,256,4,1,4
"dot/dot_int8_int8_int32_1x16x8_1x4x4_neondot/16/8/real_time",3264045,42.7692,42.3891,ns,,,"1x16x8",,,8,1,16,8,1,16,4,1,4
"dot/dot_int8_int8_int32_1x16x8_1x4x4_neondot/16/360/real_time",431764,324.399,321.396,ns,,,"1x16x360",,,8,1,16,360,1,16,4,1,4
"dot/dot_int8_int8_int32_1x16x8_1x4x4_neondot/16/720/real_time",230838,606.145,599.707,ns,,,"1x16x720",,,8,1,16,720,1,16,4,1,4
"dot/dot_int8_int8_int32_1x16x8_1x4x4_neondot/16/1080/real_time",157679,890.58,879.327,ns,,,"1x16x1080",,,8,1,16,1080,1,16,4,1,4
"dot/dot_int8_int8_int32_1x16x8_1x4x4_neondot/16/1440/real_time",119570,1169.6,1156.97,ns,,,"1x16x1440",,,8,1,16,1440,1,16,4,1,4
"dot/dot_int8_int8_int32_1x16x8_1x4x4_neondot/32/8/real_time",2330453,58.1391,56.7535,ns,,,"1x32x8",,,8,1,16,8,1,32,4,1,4
"dot/dot_int8_int8_int32_1x16x8_1x4x4_neondot/32/184/real_time",412690,339.176,335.648,ns,,,"1x32x184",,,8,1,16,184,1,32,4,1,4
"dot/dot_int8_int8_int32_1x16x8_1x4x4_neondot/32/368/real_time",219150,637.791,629.824,ns,,,"1x32x368",,,8,1,16,368,1,32,4,1,4
"dot/dot_int8_int8_int32_1x16x8_1x4x4_neondot/32/552/real_time",151950,921.246,910.832,ns,,,"1x32x552",,,8,1,16,552,1,32,4,1,4
"dot/dot_int8_int8_int32_1x16x8_1x4x4_neondot/32/736/real_time",114687,1212.57,1199.77,ns,,,"1x32x736",,,8,1,16,736,1,32,4,1,4
"dot/dot_int8_int8_int32_1x16x8_1x4x4_neondot/64/8/real_time",1611872,87.1027,85.8412,ns,,,"1x64x8",,,8,1,16,8,1,64,4,1,4
"dot/dot_int8_int8_int32_1x16x8_1x4x4_neondot/64/88/real_time",408008,350.91,345.523,ns,,,"1x64x88",,,8,1,16,88,1,64,4,1,4
"dot/dot_int8_int8_int32_1x16x8_1x4x4_neondot/64/184/real_time",213566,656.315,648.506,ns,,,"1x64x184",,,8,1,16,184,1,64,4,1,4
"dot/dot_int8_int8_int32_1x16x8_1x4x4_neondot/64/272/real_time",152229,923.448,909.951,ns,,,"1x64x272",,,8,1,16,272,1,64,4,1,4
"dot/dot_int8_int8_int32_1x16x8_1x4x4_neondot/64/368/real_time",113139,1237.2,1224.41,ns,,,"1x64x368",,,8,1,16,368,1,64,4,1,4
"dot/dot_int8_int8_int32_1x16x8_1x4x4_neondot/128/8/real_time",946172,148.615,146.82,ns,,,"1x128x8",,,8,1,16,8,1,128,4,1,4
"dot/dot_int8_int8_int32_1x16x8_1x4x4_neondot/128/40/real_time",395240,355.015,350.635,ns,,,"1x128x40",,,8,1,16,40,1,128,4,1,4
"dot/dot_int8_int8_int32_1x16x8_1x4x4_neondot/128/88/real_time",214381,652.003,642.928,ns,,,"1x128x88",,,8,1,16,88,1,128,4,1,4
"dot/dot_int8_int8_int32_1x16x8_1x4x4_neondot/128/136/real_time",129704,1074.85,1063.58,ns,,,"1x128x136",,,8,1,16,136,1,128,4,1,4
"dot/dot_int8_int8_int32_1x16x8_1x4x4_neondot/128/184/real_time",91033,1452.19,1434.01,ns,,,"1x128x184",,,8,1,16,184,1,128,4,1,4
"dot/dot_int8_int8_int32_2x16x8_1x4x4_neondot/16/8/real_time",2467044,56.632,56.0662,ns,,,"2x16x8",,,8,2,16,8,2,16,4,1,4
"dot/dot_int8_int8_int32_2x16x8_1x4x4_neondot/16/336/real_time",278203,502.496,497.466,ns,,,"2x16x336",,,8,2,16,336,2,16,4,1,4
"dot/dot_int8_int8_int32_2x16x8_1x4x4_neondot/16/672/real_time",142074,971.514,962.347,ns,,,"2x16x672",,,8,2,16,672,2,16,4,1,4
"dot/dot_int8_int8_int32_2x16x8_1x4x4_neondot/16/1008/real_time",99569,1401.65,1388.86,ns,,,"2x16x1008",,,8,2,16,1008,2,16,4,1,4
"dot/dot_int8_int8_int32_2x16x8_1x4x4_neondot/16/1352/real_time",74833,1871.13,1853.08,ns,,,"2x16x1352",,,8,2,16,1352,2,16,4,1,4
"dot/dot_int8_int8_int32_2x16x8_1x4x4_neondot/32/8/real_time",1779500,78.8254,78.0498,ns,,,"2x32x8",,,8,2,16,8,2,32,4,1,4
"dot/dot_int8_int8_int32_2x16x8_1x4x4_neondot/32/176/real_time",260755,535.811,530.566,ns,,,"2x32x176",,,8,2,16,176,2,32,4,1,4
"dot/dot_int8_int8_int32_2x16x8_1x4x4_neondot/32/352/real_time",132336,1057.62,1042.28,ns,,,"2x32x352",,,8,2,16,352,2,32,4,1,4
"dot/dot_int8_int8_int32_2x16x8_1x4x4_neondot/32/528/real_time",93989,1487.39,1469.28,ns,,,"2x32x528",,,8,2,16,528,2,32,4,1,4
"dot/dot_int8_int8_int32_2x16x8_1x4x4_neondot/32/712/real_time",69992,1991.02,1972.05,ns,,,"2x32x712",,,8,2,16,712,2,32,4,1,4
"dot/dot_int8_int8_int32_2x16x8_1x4x4_neondot/64/8/real_time",1097237,128.087,126.776,ns,,,"2x64x8",,,8,2,16,8,2,64,4,1,4
"dot/dot_int8_int8_int32_2x16x8_1x4x4_neondot/64/88/real_time",249108,561.506,555.102,ns,,,"2x64x88",,,8,2,16,88,2,64,4,1,4
"dot/dot_int8_int8_int32_2x16x8_1x4x4_neondot/64/176/real_time",132274,1042.69,1032.46,ns,,,"2x64x176",,,8,2,16,176,2,64,4,1,4
"dot/dot_int8_int8_int32_2x16x8_1x4x4_neondot/64/264/real_time",92249,1513.35,1497.34,ns,,,"2x64x264",,,8,2,16,264,2,64,4,1,4
"dot/dot_int8_int8_int32_2x16x8_1x4x4_neondot/64/360/real_time",67880,2051.74,2030.3,ns,,,"2x64x360",,,8,2,16,360,2,64,4,1,4
"dot/dot_int8_int8_int32_2x16x8_1x4x4_neondot/128/8/real_time",651891,214.089,211.804,ns,,,"2x128x8",,,8,2,16,8,2,128,4,1,4
"dot/dot_int8_int8_int32_2x16x8_1x4x4_neondot/128/40/real_time",249991,560.904,555.491,ns,,,"2x128x40",,,8,2,16,40,2,128,4,1,4
"dot/dot_int8_int8_int32_2x16x8_1x4x4_neondot/128/88/real_time",128425,1084.74,1074.86,ns,,,"2x128x88",,,8,2,16,88,2,128,4,1,4
"dot/dot_int8_int8_int32_2x16x8_1x4x4_neondot/128/128/real_time",88830,1571.34,1557.14,ns,,,"2x128x128",,,8,2,16,128,2,128,4,1,4
"dot/dot_int8_int8_int32_2x16x8_1x4x4_neondot/128/176/real_time",68018,2050.58,2030.01,ns,,,"2x128x176",,,8,2,16,176,2,128,4,1,4
"dot/dot_int8_int8_int32_3x16x8_1x4x4_neondot/16/8/real_time",2053887,68.0743,67.4891,ns,,,"3x16x8",,,8,3,16,8,3,16,4,1,4
"dot/dot_int8_int8_int32_3x16x8_1x4x4_neondot/16/320/real_time",275563,505.45,499.239,ns,,,"3x16x320",,,8,3,16,320,3,16,4,1,4
"dot/dot_int8_int8_int32_3x16x8_1x4x4_neondot/16/640/real_time",147636,946.31,934.943,ns,,,"3x16x640",,,8,3,16,640,3,16,4,1,4
"dot/dot_int8_int8_int32_3x16x8_1x4x4_neondot/16/960/real_time",99866,1386.34,1371.23,ns,,,"3x16x960",,,8,3,16,960,3,16,4,1,4
"dot/dot_int8_int8_int32_3x16x8_1x4x4_neondot/16/1280/real_time",76216,1829.41,1808.41,ns,,,"3x16x1280",,,8,3,16,1280,3,16,4,1,4
"dot/dot_int8_int8_int32_3x16x8_1x4x4_neondot/32/8/real_time",1000000,100.013,98.518,ns,,,"3x32x8",,,8,3,16,8,3,32,4,1,4
"dot/dot_int8_int8_int32_3x16x8_1x4x4_neondot/32/168/real_time",259074,538.351,532.019,ns,,,"3x32x168",,,8,3,16,168,3,32,4,1,4
"dot/dot_int8_int8_int32_3x16x8_1x4x4_neondot/32/344/real_time",130081,1022.82,1012.38,ns,,,"3x32x344",,,8,3,16,344,3,32,4,1,4
"dot/dot_int8_int8_int32_3x16x8_1x4x4_neondot/32/512/real_time",90667,1506.43,1486.38,ns,,,"3x32x512",,,8,3,16,512,3,32,4,1,4
"dot/dot_int8_int8_int32_3x16x8_1x4x4_neondot/32/688/real_time",72625,1930.53,1912.3,ns,,,"3x32x688",,,8,3,16,688,3,32,4,1,4
"dot/dot_int8_int8_int32_3x16x8_1x4x4_neondot/64/8/real_time",891465,156.466,155.173,ns,,,"3x64x8",,,8,3,16,8,3,64,4,1,4
"dot/dot_int8_int8_int32_3x16x8_1x4x4_neondot/64/88/real_time",234789,598.781,590.808,ns,,,"3x64x88",,,8,3,16,88,3,64,4,1,4
"dot/dot_int8_int8_int32_3x16x8_1x4x4_neondot/64/176/real_time",127626,1079.94,1067.49,ns,,,"3x64x176",,,8,3,16,176,3,64,4,1,4
"dot/dot_int8_int8_int32_3x16x8_1x4x4_neondot/64/264/real_time",89904,1546.84,1531.78,ns,,,"3x64x264",,,8,3,16,264,3,64,4,1,4
"dot/dot_int8_int8_int32_3x16x8_1x4x4_neondot/64/352/real_time",66351,2078.18,2057.99,ns,,,"3x64x352",,,8,3,16,352,3,64,4,1,4
"dot/dot_int8_int8_int32_3x16x8_1x4x4_neondot/128/8/real_time",505861,276.116,273.663,ns,,,"3x128x8",,,8,3,16,8,3,128,4,1,4
"dot/dot_int8_int8_int32_3x16x8_1x4x4_neondot/128/40/real_time",222247,628.845,623.269,ns,,,"3x128x40",,,8,3,16,40,3,128,4,1,4
"dot/dot_int8_int8_int32_3x16x8_1x4x4_neondot/128/80/real_time",131864,1057,1045.65,ns,,,"3x128x80",,,8,3,16,80,3,128,4,1,4
"dot/dot_int8_int8_int32_3x16x8_1x4x4_neondot/128/120/real_time",89731,1549.81,1532.47,ns,,,"3x128x120",,,8,3,16,120,3,128,4,1,4
"dot/dot_int8_int8_int32_3x16x8_1x4x4_neondot/128/168/real_time",68104,2050.28,2029.36,ns,,,"3x128x168",,,8,3,16,168,3,128,4,1,4
"dot/dot_int8_int8_int32_4x16x8_1x4x4_neondot/16/8/real_time",1829218,76.5838,75.8514,ns,,,"4x16x8",,,8,4,16,8,4,16,4,1,4
"dot/dot_int8_int8_int32_4x16x8_1x4x4_neondot/16/304/real_time",248756,563.716,557.456,ns,,,"4x16x304",,,8,4,16,304,4,16,4,1,4
"dot/dot_int8_int8_int32_4x16x8_1x4x4_neondot/16/608/real_time",129645,1072.62,1062.76,ns,,,"4x16x608",,,8,4,16,608,4,16,4,1,4
"dot/dot_int8_int8_int32_4x16x8_1x4x4_neondot/16/912/real_time",90451,1558.26,1534.05,ns,,,"4x16x912",,,8,4,16,912,4,16,4,1,4
"dot/dot_int8_int8_int32_4x16x8_1x4x4_neondot/16/1216/real_time",67263,2074.63,2053.93,ns,,,"4x16x1216",,,8,4,16,1216,4,16,4,1,4
"dot/dot_int8_int8_int32_4x16x8_1x4x4_neondot/32/8/real_time",1217811,115.07,113.851,ns,,,"4x32x8",,,8,4,16,8,4,32,4,1,4
"dot/dot_int8_int8_int32_4x16x8_1x4x4_neondot/32/160/real_time",221763,632.792,626.231,ns,,,"4x32x160",,,8,4,16,160,4,32,4,1,4
"dot/dot_int8_int8_int32_4x16x8_1x4x4_neondot/32/328/real_time",118407,1180.33,1167.98,ns,,,"4x32x328",,,8,4,16,328,4,32,4,1,4
"dot/dot_int8_int8_int32_4x16x8_1x4x4_neondot/32/496/real_time",81874,1708.2,1689.74,ns,,,"4x32x496",,,8,4,16,496,4,32,4,1,4
"dot/dot_int8_int8_int32_4x16x8_1x4x4_neondot/32/664/real_time",61267,2284.17,2261.57,ns,,,"4x32x664",,,8,4,16,664,4,32,4,1,4
"dot/dot_int8_int8_int32_4x16x8_1x4x4_neondot/64/8/real_time",739404,189.04,186.982,ns,,,"4x64x8",,,8,4,16,8,4,64,4,1,4
"dot/dot_int8_int8_int32_4x16x8_1x4x4_neondot/64/80/real_time",210175,664.827,658.675,ns,,,"4x64x80",,,8,4,16,80,4,64,4,1,4
"dot/dot_int8_int8_int32_4x16x8_1x4x4_neondot/64/168/real_time",111126,1272.85,1254.69,ns,,,"4x64x168",,,8,4,16,168,4,64,4,1,4
"dot/dot_int8_int8_int32_4x16x8_1x4x4_neondot/64/256/real_time",72770,1910.21,1890.63,ns,,,"4x64x256",,,8,4,16,256,4,64,4,1,4
"dot/dot_int8_int8_int32_4x16x8_1x4x4_neondot/64/344/real_time",57949,2414.3,2390.26,ns,,,"4x64x344",,,8,4,16,344,4,64,4,1,4
"dot/dot_int8_int8_int32_4x16x8_1x4x4_neondot/128/8/real_time",411533,341.517,336.512,ns,,,"4x128x8",,,8,4,16,8,4,128,4,1,4
"dot/dot_int8_int8_int32_4x16x8_1x4x4_neondot/128/40/real_time",180842,775.817,766.783,ns,,,"4x128x40",,,8,4,16,40,4,128,4,1,4
"dot/dot_int8_int8_int32_4x16x8_1x4x4_neondot/128/80/real_time",108693,1283.07,1272.09,ns,,,"4x128x80",,,8,4,16,80,4,128,4,1,4
"dot/dot_int8_int8_int32_4x16x8_1x4x4_neondot/128/120/real_time",76632,1828.1,1805.84,ns,,,"4x128x120",,,8,4,16,120,4,128,4,1,4
"dot/dot_int8_int8_int32_4x16x8_1x4x4_neondot/128/168/real_time",56150,2494.55,2468.75,ns,,,"4x128x168",,,8,4,16,168,4,128,4,1,4
"dot/dot_int8_int8_int32_5x16x8_1x4x4_neondot/16/8/real_time",1521072,94.0082,92.291,ns,,,"5x16x8",,,8,5,16,8,5,16,4,1,4
"dot/dot_int8_int8_int32_5x16x8_1x4x4_neondot/16/288/real_time",204044,684.097,677.342,ns,,,"5x16x288",,,8,5,16,288,5,16,4,1,4
"dot/dot_int8_int8_int32_5x16x8_1x4x4_neondot/16/576/real_time",107717,1302.16,1283.37,ns,,,"5x16x576",,,8,5,16,576,5,16,4,1,4
"dot/dot_int8_int8_int32_5x16x8_1x4x4_neondot/16/864/real_time",73633,1908.11,1883.04,ns,,,"5x16x864",,,8,5,16,864,5,16,4,1,4
"dot/dot_int8_int8_int32_5x16x8_1x4x4_neondot/16/1152/real_time",54613,2530.38,2491.7,ns,,,"5x16x1152",,,8,5,16,1152,5,16,4,1,4
"dot/dot_int8_int8_int32_5x16x8_1x4x4_neondot/32/8/real_time",1007330,139.483,137.894,ns,,,"5x32x8",,,8,5,16,8,5,32,4,1,4
"dot/dot_int8_int8_int32_5x16x8_1x4x4_neondot/32/160/real_time",176986,788.03,780.661,ns,,,"5x32x160",,,8,5,16,160,5,32,4,1,4
"dot/dot_int8_int8_int32_5x16x8_1x4x4_neondot/32/320/real_time",95321,1470.86,1458.09,ns,,,"5x32x320",,,8,5,16,320,5,32,4,1,4
"dot/dot_int8_int8_int32_5x16x8_1x4x4_neondot/32/480/real_time",64576,2144.65,2125.89,ns,,,"5x32x480",,,8,5,16,480,5,32,4,1,4
"dot/dot_int8_int8_int32_5x16x8_1x4x4_neondot/32/640/real_time",49719,2819.08,2792.55,ns,,,"5x32x640",,,8,5,16,640,5,32,4,1,4
"dot/dot_int8_int8_int32_5x16x8_1x4x4_neondot/64/8/real_time",603053,231.646,229.851,ns,,,"5x64x8",,,8,5,16,8,5,64,4,1,4
"dot/dot_int8_int8_int32_5x16x8_1x4x4_neondot/64/80/real_time",167389,837.395,828.857,ns,,,"5x64x80",,,8,5,16,80,5,64,4,1,4
"dot/dot_int8_int8_int32_5x16x8_1x4x4_neondot/64/168/real_time",87294,1597.85,1579.77,ns,,,"5x64x168",,,8,5,16,168,5,64,4,1,4
"dot/dot_int8_int8_int32_5x16x8_1x4x4_neondot/64/248/real_time",62208,2256.62,2229.38,ns,,,"5x64x248",,,8,5,16,248,5,64,4,1,4
"dot/dot_int8_int8_int32_5x16x8_1x4x4_neondot/64/336/real_time",47091,2969.87,2939.61,ns,,,"5x64x336",,,8,5,16,336,5,64,4,1,4
"dot/dot_int8_int8_int32_5x16x8_1x4x4_neondot/128/8/real_time",331368,422.106,417.351,ns,,,"5x128x8",,,8,5,16,8,5,128,4,1,4
"dot/dot_int8_int8_int32_5x16x8_1x4x4_neondot/128/40/real_time",143087,970.243,960.096,ns,,,"5x128x40",,,8,5,16,40,5,128,4,1,4
"dot/dot_int8_int8_int32_5x16x8_1x4x4_neondot/128/80/real_time",85801,1632,1609.38,ns,,,"5x128x80",,,8,5,16,80,5,128,4,1,4
"dot/dot_int8_int8_int32_5x16x8_1x4x4_neondot/128/120/real_time",59049,2379.81,2352.07,ns,,,"5x128x120",,,8,5,16,120,5,128,4,1,4
"dot/dot_int8_int8_int32_5x16x8_1x4x4_neondot/128/160/real_time",45030,3079.03,3042.25,ns,,,"5x128x160",,,8,5,16,160,5,128,4,1,4
"dot/dot_int8_int8_int32_1x8x8_1x4x4_neondot/8/8/real_time",3659343,38.1521,37.6733,ns,,,"1x8x8",,,8,1,8,8,1,8,4,1,4
"dot/dot_int8_int8_int32_1x8x8_1x4x4_neondot/8/680/real_time",406467,343.844,340.107,ns,,,"1x8x680",,,8,1,8,680,1,8,4,1,4
"dot/dot_int8_int8_int32_1x8x8_1x4x4_neondot/8/1360/real_time",215663,649.651,641.5,ns,,,"1x8x1360",,,8,1,8,1360,1,8,4,1,4
"dot/dot_int8_int8_int32_1x8x8_1x4x4_neondot/8/2040/real_time",147043,951.376,941.871,ns,,,"1x8x2040",,,8,1,8,2040,1,8,4,1,4
"dot/dot_int8_int8_int32_1x8x8_1x4x4_neondot/8/2720/real_time",110350,1264.61,1244.37,ns,,,"1x8x2720",,,8,1,8,2720,1,8,4,1,4
"dot/dot_int8_int8_int32_1x8x8_1x4x4_neondot/16/8/real_time",2872596,48.5994,47.9711,ns,,,"1x16x8",,,8,1,8,8,1,16,4,1,4
"dot/dot_int8_int8_int32_1x8x8_1x4x4_neondot/16/360/real_time",370485,377.289,373.642,ns,,,"1x16x360",,,8,1,8,360,1,16,4,1,4
"dot/dot_int8_int8_int32_1x8x8_1x4x4_neondot/16/720/real_time",200582,698.515,691.9,ns,,,"1x16x720",,,8,1,8,720,1,16,4,1,4
"dot/dot_int8_int8_int32_1x8x8_1x4x4_neondot/16/1080/real_time",136177,1024.29,1011.4,ns,,,"1x16x1080",,,8,1,8,1080,1,16,4,1,4
"dot/dot_int8_int8_int32_1x8x8_1x4x4_neondot/16/1440/real_time",103494,1345.38,1329.42,ns,,,"1x16x1440",,,8,1,8,1440,1,16,4,1,4
"dot/dot_int8_int8_int32_1x8x8_1x4x4_neondot/32/8/real_time",1903729,73.386,72.5396,ns,,,"1x32x8",,,8,1,8,8,1,32,4,1,4
"dot/dot_int8_int8_int32_1x8x8_1x4x4_neondot/32/184/real_time",346701,403.798,399.082,ns,,,"1x32x184",,,8,1,8,184,1,32,4,1,4
"dot/dot_int8_int8_int32_1x8x8_1x4x4_neondot/32/368/real_time",190211,737.57,728.811,ns,,,"1x32x368",,,8,1,8,368,1,32,4,1,4
"dot/dot_int8_int8_int32_1x8x8_1x4x4_neondot/32/552/real_time",130560,1070.96,1056.16,ns,,,"1x32x552",,,8,1,8,552,1,32,4,1,4
"dot/dot_int8_int8_int32_1x8x8_1x4x4_neondot/32/736/real_time",99592,1395.81,1379.26,ns,,,"1x32x736",,,8,1,8,736,1,32,4,1,4
"dot/dot_int8_int8_int32_1x8x8_1x4x4_neondot/64/8/real_time",1231373,114.404,113.181,ns,,,"1x64x8",,,8,1,8,8,1,64,4,1,4
"dot/dot_int8_int8_int32_1x8x8_1x4x4_neondot/64/88/real_time",345061,404.856,400.072,ns,,,"1x64x88",,,8,1,8,88,1,64,4,1,4
"dot/dot_int8_int8_int32_1x8x8_1x4x4_neondot/64/184/real_time",178137,781.043,772.43,ns,,,"1x64x184",,,8,1,8,184,1,64,4,1,4
"dot/dot_int8_int8_int32_1x8x8_1x4x4_neondot/64/272/real_time",129564,1061.48,1050.99,ns,,,"1x64x272",,,8,1,8,272,1,64,4,1,4
"dot/dot_int8_int8_int32_1x8x8_1x4x4_neondot/64/368/real_time",96355,1446.93,1428.97,ns,,,"1x64x368",,,8,1,8,368,1,64,4,1,4
"dot/dot_int8_int8_int32_8x8x8_1x4x4_neondot/8/8/real_time",1261770,110.576,109.619,ns,,,"8x8x8",,,8,8,8,8,8,8,4,1,4
"dot/dot_int8_int8_int32_8x8x8_1x4x4_neondot/8/376/real_time",209464,667.81,661.018,ns,,,"8x8x376",,,8,8,8,376,8,8,4,1,4
"dot/dot_int8_int8_int32_8x8x8_1x4x4_neondot/8/760/real_time",113346,1232.26,1220.01,ns,,,"8x8x760",,,8,8,8,760,8,8,4,1,4
"dot/dot_int8_int8_int32_8x8x8_1x4x4_neondot/8/1136/real_time",79422,1757.56,1740.52,ns,,,"8x8x1136",,,8,8,8,1136,8,8,4,1,4
"dot/dot_int8_int8_int32_8x8x8_1x4x4_neondot/8/1520/real_time",60111,2320.23,2293.63,ns,,,"8x8x1520",,,8,8,8,1520,8,8,4,1,4
"dot/dot_int8_int8_int32_8x8x8_1x4x4_neondot/16/8/real_time",856730,162.017,160.295,ns,,,"8x16x8",,,8,8,8,8,8,16,4,1,4
"dot/dot_int8_int8_int32_8x8x8_1x4x4_neondot/16/248/real_time",158837,881.823,871.814,ns,,,"8x16x248",,,8,8,8,248,8,16,4,1,4
"dot/dot_int8_int8_int32_8x8x8_1x4x4_neondot/16/496/real_time",87885,1601.03,1579.63,ns,,,"8x16x496",,,8,8,8,496,8,16,4,1,4
"dot/dot_int8_int8_int32_8x8x8_1x4x4_neondot/16/744/real_time",58886,2371.77,2345.84,ns,,,"8x16x744",,,8,8,8,744,8,16,4,1,4
"dot/dot_int8_int8_int32_8x8x8_1x4x4_neondot/16/1000/real_time",44851,3123.86,3096.16,ns,,,"8x16x1000",,,8,8,8,1000,8,16,4,1,4
"dot/dot_int8_int8_int32_8x8x8_1x4x4_neondot/32/8/real_time",528884,269.419,266.352,ns,,,"8x32x8",,,8,8,8,8,8,32,4,1,4
"dot/dot_int8_int8_int32_8x8x8_1x4x4_neondot/32/144/real_time",128934,1075.42,1063.04,ns,,,"8x32x144",,,8,8,8,144,8,32,4,1,4
"dot/dot_int8_int8_int32_8x8x8_1x4x4_neondot/32/288/real_time",65723,2129.37,2106.89,ns,,,"8x32x288",,,8,8,8,288,8,32,4,1,4
"dot/dot_int8_int8_int32_8x8x8_1x4x4_neondot/32/432/real_time",50771,2766.03,2730.36,ns,,,"8x32x432",,,8,8,8,432,8,32,4,1,4
"dot/dot_int8_int8_int32_8x8x8_1x4x4_neondot/32/584/real_time",37288,3736.66,3692.56,ns,,,"8x32x584",,,8,8,8,584,8,32,4,1,4
"dot/dot_int8_int8_int32_8x8x8_1x4x4_neondot/64/8/real_time",298071,468.361,463.399,ns,,,"8x64x8",,,8,8,8,8,8,64,4,1,4
"dot/dot_int8_int8_int32_8x8x8_1x4x4_neondot/64/72/real_time",111402,1257.1,1242.89,ns,,,"8x64x72",,,8,8,8,72,8,64,4,1,4
"dot/dot_int8_int8_int32_8x8x8_1x4x4_neondot/64/152/real_time",63150,2201.15,2179.43,ns,,,"8x64x152",,,8,8,8,152,8,64,4,1,4
"dot/dot_int8_int8_int32_8x8x8_1x4x4_neondot/64/232/real_time",43631,3165.39,3135.42,ns,,,"8x64x232",,,8,8,8,232,8,64,4,1,4
"dot/dot_int8_int8_int32_8x8x8_1x4x4_neondot/64/312/real_time",33955,4129.01,4087.85,ns,,,"8x64x312",,,8,8,8,312,8,64,4,1,4
"dot/dot_int8_int8_int32_10x8x8_1x4x4_neondot/8/8/real_time",1055185,133.052,131.868,ns,,,"10x8x8",,,8,10,8,8,10,8,4,1,4
"dot/dot_int8_int8_int32_10x8x8_1x4x4_neondot/8/336/real_time",208303,671.935,666.057,ns,,,"10x8x336",,,8,10,8,336,10,8,4,1,4
"dot/dot_int8_int8_int32_10x8x8_1x4x4_neondot/8/672/real_time",103645,1348.86,1336.16,ns,,,"10x8x672",,,8,10,8,672,10,8,4,1,4
"dot/dot_int8_int8_int32_10x8x8_1x4x4_neondot/8/1008/real_time",79564,1758.43,1743.53,ns,,,"10x8x1008",,,8,10,8,1008,10,8,4,1,4
"dot/dot_int8_int8_int32_10x8x8_1x4x4_neondot/8/1344/real_time",54170,2579.11,2556.4,ns,,,"10x8x1344",,,8,10,8,1344,10,8,4,1,4
"dot/dot_int8_int8_int32_10x8x8_1x4x4_neondot/16/8/real_time",691591,199.746,197.808,ns,,,"10x16x8",,,8,10,8,8,10,16,4,1,4
"dot/dot_int8_int8_int32_10x8x8_1x4x4_neondot/16/224/real_time",138555,992.316,984.198,ns,,,"10x16x224",,,8,10,8,224,10,16,4,1,4
"dot/dot_int8_int8_int32_10x8x8_1x4x4_neondot/16/456/real_time",81203,1708.14,1693.84,ns,,,"10x16x456",,,8,10,8,456,10,16,4,1,4
"dot/dot_int8_int8_int32_10x8x8_1x4x4_neondot/16/688/real_time",57873,2421.69,2392.61,ns,,,"10x16x688",,,8,10,8,688,10,16,4,1,4
"dot/dot_int8_int8_int32_10x8x8_1x4x4_neondot/16/920/real_time",42433,3237.43,3207.87,ns,,,"10x16x920",,,8,10,8,920,10,16,4,1,4
"dot/dot_int8_int8_int32_10x8x8_1x4x4_neondot/32/8/real_time",420922,332.618,329.624,ns,,,"10x32x8",,,8,10,8,8,10,32,4,1,4
"dot/dot_int8_int8_int32_10x8x8_1x4x4_neondot/32/136/real_time",115348,1206.69,1193.67,ns,,,"10x32x136",,,8,10,8,136,10,32,4,1,4
"dot/dot_int8_int8_int32_10x8x8_1x4x4_neondot/32/272/real_time",67549,2059.99,2035.99,ns,,,"10x32x272",,,8,10,8,272,10,32,4,1,4
"dot/dot_int8_int8_int32_10x8x8_1x4x4_neondot/32/408/real_time",46424,3015.38,2988.17,ns,,,"10x32x408",,,8,10,8,408,10,32,4,1,4
"dot/dot_int8_int8_int32_10x8x8_1x4x4_neondot/32/552/real_time",34853,3991.86,3948.94,ns,,,"10x32x552",,,8,10,8,552,10,32,4,1,4
"dot/dot_int8_int8_int32_10x8x8_1x4x4_neondot/64/8/real_time",230726,605.197,598.067,ns,,,"10x64x8",,,8,10,8,8,10,64,4,1,4
"dot/dot_int8_int8_int32_10x8x8_1x4x4_neondot/64/72/real_time",94155,1476,1461.59,ns,,,"10x64x72",,,8,10,8,72,10,64,4,1,4
"dot/dot_int8_int8_int32_10x8x8_1x4x4_neondot/64/144/real_time",58743,2385.43,2358.07,ns,,,"10x64x144",,,8,10,8,144,10,64,4,1,4
"dot/dot_int8_int8_int32_10x8x8_1x4x4_neondot/64/216/real_time",40961,3421.58,3381.86,ns,,,"10x64x216",,,8,10,8,216,10,64,4,1,4
"dot/dot_int8_int8_int32_10x8x8_1x4x4_neondot/64/296/real_time",31258,4491.19,4433.9,ns,,,"10x64x296",,,8,10,8,296,10,64,4,1,4
"dot/dot_int8_int8_int32_8x4x8_1x4x4_neondot/4/8/real_time",1484200,93.9473,93.0408,ns,,,"8x4x8",,,8,8,4,8,8,4,4,1,4
"dot/dot_int8_int8_int32_8x4x8_1x4x4_neondot/4/504/real_time",236967,589.952,583.741,ns,,,"8x4x504",,,8,8,4,504,8,4,4,1,4
"dot/dot_int8_int8_int32_8x4x8_1x4x4_neondot/4/1016/real_time",129255,1081.19,1067.41,ns,,,"8x4x1016",,,8,8,4,1016,8,4,4,1,4
"dot/dot_int8_int8_int32_8x4x8_1x4x4_neondot/4/1520/real_time",90517,1540.43,1522.87,ns,,,"8x4x1520",,,8,8,4,1520,8,4,4,1,4
"dot/dot_int8_int8_int32_8x4x8_1x4x4_neondot/4/2032/real_time",68466,2044.41,2022,ns,,,"8x4x2032",,,8,8,4,2032,8,4,4,1,4
"dot/dot_int8_int8_int32_8x4x8_1x4x4_neondot/8/8/real_time",1045577,133.576,132.207,ns,,,"8x8x8",,,8,8,4,8,8,8,4,1,4
"dot/dot_int8_int8_int32_8x4x8_1x4x4_neondot/8/376/real_time",159882,870.956,861.178,ns,,,"8x8x376",,,8,8,4,376,8,8,4,1,4
"dot/dot_int8_int8_int32_8x4x8_1x4x4_neondot/8/760/real_time",86126,1624.79,1600.71,ns,,,"8x8x760",,,8,8,4,760,8,8,4,1,4
"dot/dot_int8_int8_int32_8x4x8_1x4x4_neondot/8/1136/real_time",60560,2313.33,2282.2,ns,,,"8x8x1136",,,8,8,4,1136,8,8,4,1,4
"dot/dot_int8_int8_int32_8x4x8_1x4x4_neondot/8/1520/real_time",46053,3050.7,3007.23,ns,,,"8x8x1520",,,8,8,4,1520,8,8,4,1,4
"dot/dot_int8_int8_int32_8x4x8_1x4x4_neondot/16/8/real_time",655207,213.498,211.439,ns,,,"8x16x8",,,8,8,4,8,8,16,4,1,4
"dot/dot_int8_int8_int32_8x4x8_1x4x4_neondot/16/248/real_time",118879,1172.26,1159.77,ns,,,"8x16x248",,,8,8,4,248,8,16,4,1,4
"dot/dot_int8_int8_int32_8x4x8_1x4x4_neondot/16/496/real_time",66583,2109.92,2084.28,ns,,,"8x16x496",,,8,8,4,496,8,16,4,1,4
"dot/dot_int8_int8_int32_8x4x8_1x4x4_neondot/16/744/real_time",44758,3123.86,3090.56,ns,,,"8x16x744",,,8,8,4,744,8,16,4,1,4
"dot/dot_int8_int8_int32_8x4x8_1x4x4_neondot/16/1000/real_time",33906,4127.08,4082.7,ns,,,"8x16x1000",,,8,8,4,1000,8,16,4,1,4
"dot/dot_int8_int8_int32_8x4x8_1x4x4_neondot/32/8/real_time",377534,371.143,366.884,ns,,,"8x32x8",,,8,8,4,8,8,32,4,1,4
"dot/dot_int8_int8_int32_8x4x8_1x4x4_neondot/32/144/real_time",96672,1445.75,1430.3,ns,,,"8x32x144",,,8,8,4,144,8,32,4,1,4
"dot/dot_int8_int8_int32_8x4x8_1x4x4_neondot/32/288/real_time",48446,2882.57,2854.33,ns,,,"8x32x288",,,8,8,4,288,8,32,4,1,4
"dot/dot_int8_int8_int32_8x4x8_1x4x4_neondot/32/432/real_time",38106,3673.68,3629.98,ns,,,"8x32x432",,,8,8,4,432,8,32,4,1,4
"dot/dot_int8_int8_int32_8x4x8_1x4x4_neondot/32/584/real_time",28205,4956.21,4908.21,ns,,,"8x32x584",,,8,8,4,584,8,32,4,1,4
"dot/dot_int8_int8_int32_1x16x8_1x4x1_neon/16/8/real_time",2217026,63.0335,62.3524,ns,,,"1x16x8",,,8,1,16,8,1,16,1,1,4
"dot/dot_int8_int8_int32_1x16x8_1x4x1_neon/16/360/real_time",110319,1268.61,1255.18,ns,,,"1x16x360",,,8,1,16,360,1,16,1,1,4
"dot/dot_int8_int8_int32_1x16x8_1x4x1_neon/16/720/real_time",56042,2496.48,2469.16,ns,,,"1x16x720",,,8,1,16,720,1,16,1,1,4
"dot/dot_int8_int8_int32_1x16x8_1x4x1_neon/16/1080/real_time",37529,3746.33,3693.92,ns,,,"1x16x1080",,,8,1,16,1080,1,16,1,1,4
"dot/dot_int8_int8_int32_1x16x8_1x4x1_neon/16/1440/real_time",28168,4957.05,4901.11,ns,,,"1x16x1440",,,8,1,16,1440,1,16,1,1,4
"dot/dot_int8_int8_int32_1x16x8_1x4x1_neon/32/8/real_time",1434338,97.6298,96.5216,ns,,,"1x32x8",,,8,1,16,8,1,32,1,1,4
"dot/dot_int8_int8_int32_1x16x8_1x4x1_neon/32/184/real_time",106490,1304.39,1292.66,ns,,,"1x32x184",,,8,1,16,184,1,32,1,1,4
"dot/dot_int8_int8_int32_1x16x8_1x4x1_neon/32/368/real_time",54563,2566.64,2538.76,ns,,,"1x32x368",,,8,1,16,368,1,32,1,1,4
"dot/dot_int8_int8_int32_1x16x8_1x4x1_neon/32/552/real_time",36595,3822.08,3782.02,ns,,,"1x32x552",,,8,1,16,552,1,32,1,1,4
"dot/dot_int8_int8_int32_1x16x8_1x4x1_neon/32/736/real_time",27291,5096.89,5026.56,ns,,,"1x32x736",,,8,1,16,736,1,32,1,1,4
"dot/dot_int8_int8_int32_1x16x8_1x4x1_neon/64/8/real_time",831719,166.924,165.507,ns,,,"1x64x8",,,8,1,16,8,1,64,1,1,4
"dot/dot_int8_int8_int32_1x16x8_1x4x1_neon/64/88/real_time",109815,1265.73,1249.24,ns,,,"1x64x88",,,8,1,16,88,1,64,1,1,4
"dot/dot_int8_int8_int32_1x16x8_1x4x1_neon/64/184/real_time",54086,2587.66,2557.03,ns,,,"1x64x184",,,8,1,16,184,1,64,1,1,4
"dot/dot_int8_int8_int32_1x16x8_1x4x1_neon/64/272/real_time",37012,3798.52,3745.94,ns,,,"1x64x272",,,8,1,16,272,1,64,1,1,4
"dot/dot_int8_int8_int32_1x16x8_1x4x1_neon/64/368/real_time",27495,5091.24,5043.6,ns,,,"1x64x368",,,8,1,16,368,1,64,1,1,4
"dot/dot_int8_int8_int32_1x16x8_1x4x1_neon/128/8/real_time",446524,308.493,305.941,ns,,,"1x128x8",,,8,1,16,8,1,128,1,1,4
"dot/dot_int8_int8_int32_1x16x8_1x4x1_neon/128/40/real_time",119083,1184.65,1169.42,ns,,,"1x128x40",,,8,1,16,40,1,128,1,1,4
"dot/dot_int8_int8_int32_1x16x8_1x4x1_neon/128/88/real_time",56320,2486.37,2464.14,ns,,,"1x128x88",,,8,1,16,88,1,128,1,1,4
"dot/dot_int8_int8_int32_1x16x8_1x4x1_neon/128/136/real_time",36696,3805.1,3774.68,ns,,,"1x128x136",,,8,1,16,136,1,128,1,1,4
"dot/dot_int8_int8_int32_1x16x8_1x4x1_neon/128/184/real_time",27290,5139.58,5089.57,ns,,,"1x128x184",,,8,1,16,184,1,128,1,1,4
"dot/dot_int8_int8_int32_2x16x8_1x4x1_neon/16/8/real_time",1814502,76.4064,75.5839,ns,,,"2x16x8",,,8,2,16,8,2,16,1,1,4
"dot/dot_int8_int8_int32_2x16x8_1x4x1_neon/16/336/real_time",94574,1473.75,1459.51,ns,,,"2x16x336",,,8,2,16,336,2,16,1,1,4
"dot/dot_int8_int8_int32_2x16x8_1x4x1_neon/16/672/real_time",48080,2910.09,2880.41,ns,,,"2x16x672",,,8,2,16,672,2,16,1,1,4
"dot/dot_int8_int8_int32_2x16x8_1x4x1_neon/16/1008/real_time",32325,4334.03,4283.84,ns,,,"2x16x1008",,,8,2,16,1008,2,16,1,1,4
"dot/dot_int8_int8_int32_2x16x8_1x4x1_neon/16/1352/real_time",24067,5798.31,5735.79,ns,,,"2x16x1352",,,8,2,16,1352,2,16,1,1,4
"dot/dot_int8_int8_int32_2x16x8_1x4x1_neon/32/8/real_time",1145141,122.387,119.87,ns,,,"2x32x8",,,8,2,16,8,2,32,1,1,4
"dot/dot_int8_int8_int32_2x16x8_1x4x1_neon/32/176/real_time",89060,1576.65,1546.01,ns,,,"2x32x176",,,8,2,16,176,2,32,1,1,4
"dot/dot_int8_int8_int32_2x16x8_1x4x1_neon/32/352/real_time",45202,3089.14,3040.43,ns,,,"2x32x352",,,8,2,16,352,2,32,1,1,4
"dot/dot_int8_int8_int32_2x16x8_1x4x1_neon/32/528/real_time",30523,4582.62,4521.55,ns,,,"2x32x528",,,8,2,16,528,2,32,1,1,4
"dot/dot_int8_int8_int32_2x16x8_1x4x1_neon/32/712/real_time",22753,6161.12,6073.35,ns,,,"2x32x712",,,8,2,16,712,2,32,1,1,4
"dot/dot_int8_int8_int32_2x16x8_1x4x1_neon/64/8/real_time",664038,210.102,207.708,ns,,,"2x64x8",,,8,2,16,8,2,64,1,1,4
"dot/dot_int8_int8_int32_2x16x8_1x4x1_neon/64/88/real_time",88757,1606.53,1569.21,ns,,,"2x64x88",,,8,2,16,88,2,64,1,1,4
"dot/dot_int8_int8_int32_2x16x8_1x4x1_neon/64/176/real_time",44643,3119.42,3069.88,ns,,,"2x64x176",,,8,2,16,176,2,64,1,1,4
"dot/dot_int8_int8_int32_2x16x8_1x4x1_neon/64/264/real_time",30142,4636.35,4555.92,ns,,,"2x64x264",,,8,2,16,264,2,64,1,1,4
"dot/dot_int8_int8_int32_2x16x8_1x4x1_neon/64/360/real_time",22258,6281.47,6184.27,ns,,,"2x64x360",,,8,2,16,360,2,64,1,1,4
"dot/dot_int8_int8_int32_2x16x8_1x4x1_neon/128/8/real_time",356543,392.886,387.155,ns,,,"2x128x8",,,8,2,16,8,2,128,1,1,4
"dot/dot_int8_int8_int32_2x16x8_1x4x1_neon/128/40/real_time",93362,1491.68,1465.76,ns,,,"2x128x40",,,8,2,16,40,2,128,1,1,4
"dot/dot_int8_int8_int32_2x16x8_1x4x1_neon/128/88/real_time",43625,3164.82,3098.02,ns,,,"2x128x88",,,8,2,16,88,2,128,1,1,4
"dot/dot_int8_int8_int32_2x16x8_1x4x1_neon/128/128/real_time",31010,4522.34,4466.56,ns,,,"2x128x128",,,8,2,16,128,2,128,1,1,4
"dot/dot_int8_int8_int32_2x16x8_1x4x1_neon/128/176/real_time",22728,6179.99,6096.65,ns,,,"2x128x176",,,8,2,16,176,2,128,1,1,4
"dot/dot_int8_int8_int32_3x16x8_1x4x1_neon/16/8/real_time",1432830,97.4378,95.9886,ns,,,"3x16x8",,,8,3,16,8,3,16,1,1,4
"dot/dot_int8_int8_int32_3x16x8_1x4x1_neon/16/320/real_time",75136,1851.55,1819.82,ns,,,"3x16x320",,,8,3,16,320,3,16,1,1,4
"dot/dot_int8_int8_int32_3x16x8_1x4x1_neon/16/640/real_time",38556,3638.71,3583.57,ns,,,"3x16x640",,,8,3,16,640,3,16,1,1,4
"dot/dot_int8_int8_int32_3x16x8_1x4x1_neon/16/960/real_time",25830,5455.69,5352.92,ns,,,"3x16x960",,,8,3,16,960,3,16,1,1,4
"dot/dot_int8_int8_int32_3x16x8_1x4x1_neon/16/1280/real_time",19409,7184.94,7105.57,ns,,,"3x16x1280",,,8,3,16,1280,3,16,1,1,4
"dot/dot_int8_int8_int32_3x16x8_1x4x1_neon/32/8/real_time",892010,156.594,154.585,ns,,,"3x32x8",,,8,3,16,8,3,32,1,1,4
"dot/dot_int8_int8_int32_3x16x8_1x4x1_neon/32/168/real_time",71675,1939.95,1912.6,ns,,,"3x32x168",,,8,3,16,168,3,32,1,1,4
"dot/dot_int8_int8_int32_3x16x8_1x4x1_neon/32/344/real_time",35859,3912.13,3851.66,ns,,,"3x32x344",,,8,3,16,344,3,32,1,1,4
"dot/dot_int8_int8_int32_3x16x8_1x4x1_neon/32/512/real_time",24087,5800.27,5725.92,ns,,,"3x32x512",,,8,3,16,512,3,32,1,1,4
"dot/dot_int8_int8_int32_3x16x8_1x4x1_neon/32/688/real_time",18103,7734.37,7611.28,ns,,,"3x32x688",,,8,3,16,688,3,32,1,1,4
"dot/dot_int8_int8_int32_3x16x8_1x4x1_neon/64/8/real_time",508260,274.943,270.841,ns,,,"3x64x8",,,8,3,16,8,3,64,1,1,4
"dot/dot_int8_int8_int32_3x16x8_1x4x1_neon/64/88/real_time",67346,2079.17,2046.3,ns,,,"3x64x88",,,8,3,16,88,3,64,1,1,4
"dot/dot_int8_int8_int32_3x16x8_1x4x1_neon/64/176/real_time",34616,4028.23,3969.28,ns,,,"3x64x176",,,8,3,16,176,3,64,1,1,4
"dot/dot_int8_int8_int32_3x16x8_1x4x1_neon/64/264/real_time",23122,5999.82,5904.21,ns,,,"3x64x264",,,8,3,16,264,3,64,1,1,4
"dot/dot_int8_int8_int32_3x16x8_1x4x1_neon/64/352/real_time",17534,7997.7,7876.93,ns,,,"3x64x352",,,8,3,16,352,3,64,1,1,4
"dot/dot_int8_int8_int32_3x16x8_1x4x1_neon/128/8/real_time",271673,512.721,506.407,ns,,,"3x128x8",,,8,3,16,8,3,128,1,1,4
"dot/dot_int8_int8_int32_3x16x8_1x4x1_neon/128/40/real_time",72204,1938.21,1912.09,ns,,,"3x128x40",,,8,3,16,40,3,128,1,1,4
"dot/dot_int8_int8_int32_3x16x8_1x4x1_neon/128/80/real_time",36818,3764.44,3721.79,ns,,,"3x128x80",,,8,3,16,80,3,128,1,1,4
"dot/dot_int8_int8_int32_3x16x8_1x4x1_neon/128/120/real_time",25132,5550.51,5481.16,ns,,,"3x128x120",,,8,3,16,120,3,128,1,1,4
"dot/dot_int8_int8_int32_3x16x8_1x4x1_neon/128/168/real_time",18220,7667.19,7562.77,ns,,,"3x128x168",,,8,3,16,168,3,128,1,1,4
"dot/dot_int8_int8_int32_4x16x8_1x4x1_neon/16/8/real_time",1141324,122.33,120.089,ns,,,"4x16x8",,,8,4,16,8,4,16,1,1,4
"dot/dot_int8_int8_int32_4x16x8_1x4x1_neon/16/304/real_time",68511,2034.81,2004.98,ns,,,"4x16x304",,,8,4,16,304,4,16,1,1,4
"dot/dot_int8_int8_int32_4x16x8_1x4x1_neon/16/608/real_time",34981,3992.22,3937.69,ns,,,"4x16x608",,,8,4,16,608,4,16,1,1,4
"dot/dot_int8_int8_int32_4x16x8_1x4x1_neon/16/912/real_time",23538,5948,5867.9,ns,,,"4x16x912",,,8,4,16,912,4,16,1,1,4
"dot/dot_int8_int8_int32_4x16x8_1x4x1_neon/16/1216/real_time",17723,7912.92,7808.37,ns,,,"4x16x1216",,,8,4,16,1216,4,16,1,1,4
"dot/dot_int8_int8_int32_4x16x8_1x4x1_neon/32/8/real_time",708289,196.51,194.098,ns,,,"4x32x8",,,8,4,16,8,4,32,1,1,4
"dot/dot_int8_int8_int32_4x16x8_1x4x1_neon/32/160/real_time",64742,2157.05,2130.25,ns,,,"4x32x160",,,8,4,16,160,4,32,1,1,4
"dot/dot_int8_int8_int32_4x16x8_1x4x1_neon/32/328/real_time",32437,4302.96,4243.13,ns,,,"4x32x328",,,8,4,16,328,4,32,1,1,4
"dot/dot_int8_int8_int32_4x16x8_1x4x1_neon/32/496/real_time",21469,6533.47,6407.17,ns,,,"4x32x496",,,8,4,16,496,4,32,1,1,4
"dot/dot_int8_int8_int32_4x16x8_1x4x1_neon/32/664/real_time",16304,8586.4,8478.4,ns,,,"4x32x664",,,8,4,16,664,4,32,1,1,4
"dot/dot_int8_int8_int32_4x16x8_1x4x1_neon/64/8/real_time",402778,349.642,342.681,ns,,,"4x64x8",,,8,4,16,8,4,64,1,1,4
"dot/dot_int8_int8_int32_4x16x8_1x4x1_neon/64/80/real_time",63284,2208.21,2179.47,ns,,,"4x64x80",,,8,4,16,80,4,64,1,1,4
"dot/dot_int8_int8_int32_4x16x8_1x4x1_neon/64/168/real_time",31368,4470.91,4402.88,ns,,,"4x64x168",,,8,4,16,168,4,64,1,1,4
"dot/dot_int8_int8_int32_4x16x8_1x4x1_neon/64/256/real_time",20668,6751.2,6663.8,ns,,,"4x64x256",,,8,4,16,256,4,64,1,1,4
"dot/dot_int8_int8_int32_4x16x8_1x4x1_neon/64/344/real_time",15650,8957.42,8839.78,ns,,,"4x64x344",,,8,4,16,344,4,64,1,1,4
"dot/dot_int8_int8_int32_4x16x8_1x4x1_neon/128/8/real_time",215527,651.448,642.334,ns,,,"4x128x8",,,8,4,16,8,4,128,1,1,4
"dot/dot_int8_int8_int32_4x16x8_1x4x1_neon/128/40/real_time",60625,2312.21,2269.56,ns,,,"4x128x40",,,8,4,16,40,4,128,1,1,4
"dot/dot_int8_int8_int32_4x16x8_1x4x1_neon/128/80/real_time",32002,4378.97,4312.98,ns,,,"4x128x80",,,8,4,16,80,4,128,1,1,4
"dot/dot_int8_int8_int32_4x16x8_1x4x1_neon/128/120/real_time",21790,6425.44,6331.05,ns,,,"4x128x120",,,8,4,16,120,4,128,1,1,4
"dot/dot_int8_int8_int32_4x16x8_1x4x1_neon/128/168/real_time",15673,8997.86,8809.32,ns,,,"4x128x168",,,8,4,16,168,4,128,1,1,4
"dot/dot_int8_int8_int32_1x8x8_1x4x1_neon/8/8/real_time",2438858,57.0515,56.3673,ns,,,"1x8x8",,,8,1,8,8,1,8,1,1,4
"dot/dot_int8_int8_int32_1x8x8_1x4x1_neon/8/680/real_time",70551,1987.36,1958.41,ns,,,"1x8x680",,,8,1,8,680,1,8,1,1,4
"dot/dot_int8_int8_int32_1x8x8_1x4x1_neon/8/1360/real_time",35523,3951.78,3880.3,ns,,,"1x8x1360",,,8,1,8,1360,1,8,1,1,4
"dot/dot_int8_int8_int32_1x8x8_1x4x1_neon/8/2040/real_time",23800,5884.04,5797.44,ns,,,"1x8x2040",,,8,1,8,2040,1,8,1,1,4
"dot/dot_int8_int8_int32_1x8x8_1x4x1_neon/8/2720/real_time",17799,7799.17,7717.5,ns,,,"1x8x2720",,,8,1,8,2720,1,8,1,1,4
"dot/dot_int8_int8_int32_1x8x8_1x4x1_neon/16/8/real_time",1615619,86.3652,85.4309,ns,,,"1x16x8",,,8,1,8,8,1,16,1,1,4
"dot/dot_int8_int8_int32_1x8x8_1x4x1_neon/16/360/real_time",66227,2106.09,2086.2,ns,,,"1x16x360",,,8,1,8,360,1,16,1,1,4
"dot/dot_int8_int8_int32_1x8x8_1x4x1_neon/16/720/real_time",33744,4163.07,4115.58,ns,,,"1x16x720",,,8,1,8,720,1,16,1,1,4
"dot/dot_int8_int8_int32_1x8x8_1x4x1_neon/16/1080/real_time",22512,6223.57,6152.31,ns,,,"1x16x1080",,,8,1,8,1080,1,16,1,1,4
"dot/dot_int8_int8_int32_1x8x8_1x4x1_neon/16/1440/real_time",16763,8297.82,8182.96,ns,,,"1x16x1440",,,8,1,8,1440,1,16,1,1,4
"dot/dot_int8_int8_int32_1x8x8_1x4x1_neon/32/8/real_time",942384,148.476,146.748,ns,,,"1x32x8",,,8,1,8,8,1,32,1,1,4
"dot/dot_int8_int8_int32_1x8x8_1x4x1_neon/32/184/real_time",64390,2171.68,2146.86,ns,,,"1x32x184",,,8,1,8,184,1,32,1,1,4
"dot/dot_int8_int8_int32_1x8x8_1x4x1_neon/32/368/real_time",32648,4279.11,4228.73,ns,,,"1x32x368",,,8,1,8,368,1,32,1,1,4
"dot/dot_int8_int8_int32_1x8x8_1x4x1_neon/32/552/real_time",21971,6380.06,6303.06,ns,,,"1x32x552",,,8,1,8,552,1,32,1,1,4
"dot/dot_int8_int8_int32_1x8x8_1x4x1_neon/32/736/real_time",16544,8475.61,8378.4,ns,,,"1x32x736",,,8,1,8,736,1,32,1,1,4
"dot/dot_int8_int8_int32_1x8x8_1x4x1_neon/64/8/real_time",532766,262.953,260.002,ns,,,"1x64x8",,,8,1,8,8,1,64,1,1,4
"dot/dot_int8_int8_int32_1x8x8_1x4x1_neon/64/88/real_time",66699,2098.27,2067.48,ns,,,"1x64x88",,,8,1,8,88,1,64,1,1,4
"dot/dot_int8_int8_int32_1x8x8_1x4x1_neon/64/184/real_time",32364,4306.86,4265.36,ns,,,"1x64x184",,,8,1,8,184,1,64,1,1,4
"dot/dot_int8_int8_int32_1x8x8_1x4x1_neon/64/272/real_time",22252,6280.49,6221.76,ns,,,"1x64x272",,,8,1,8,272,1,64,1,1,4
"dot/dot_int8_int8_int32_1x8x8_1x4x1_neon/64/368/real_time",16366,8520.53,8430.14,ns,,,"1x64x368",,,8,1,8,368,1,64,1,1,4
"dot/dot_int8_int8_int32_2x8x8_1x4x1_neon/8/8/real_time",2206762,63.464,62.7796,ns,,,"2x8x8",,,8,2,8,8,2,8,1,1,4
"dot/dot_int8_int8_int32_2x8x8_1x4x1_neon/8/608/real_time",73060,1913.68,1894.18,ns,,,"2x8x608",,,8,2,8,608,2,8,1,1,4
"dot/dot_int8_int8_int32_2x8x8_1x4x1_neon/8/1224/real_time",36515,3823.82,3793.97,ns,,,"2x8x1224",,,8,2,8,1224,2,8,1,1,4
"dot/dot_int8_int8_int32_2x8x8_1x4x1_neon/8/1832/real_time",24639,5677.62,5617.98,ns,,,"2x8x1832",,,8,2,8,1832,2,8,1,1,4
"dot/dot_int8_int8_int32_2x8x8_1x4x1_neon/8/2448/real_time",18202,7579.79,7507.91,ns,,,"2x8x2448",,,8,2,8,2448,2,8,1,1,4
"dot/dot_int8_int8_int32_2x8x8_1x4x1_neon/16/8/real_time",1433665,97.4078,96.3673,ns,,,"2x16x8",,,8,2,8,8,2,16,1,1,4
"dot/dot_int8_int8_int32_2x8x8_1x4x1_neon/16/336/real_time",65689,2128.24,2105.82,ns,,,"2x16x336",,,8,2,8,336,2,16,1,1,4
"dot/dot_int8_int8_int32_2x8x8_1x4x1_neon/16/672/real_time",33479,4188.41,4144.31,ns,,,"2x16x672",,,8,2,8,672,2,16,1,1,4
"dot/dot_int8_int8_int32_2x8x8_1x4x1_neon/16/1008/real_time",22221,6256.47,6192.51,ns,,,"2x16x1008",,,8,2,8,1008,2,16,1,1,4
"dot/dot_int8_int8_int32_2x8x8_1x4x1_neon/16/1352/real_time",16711,8403.18,8314.42,ns,,,"2x16x1352",,,8,2,8,1352,2,16,1,1,4
"dot/dot_int8_int8_int32_2x8x8_1x4x1_neon/32/8/real_time",831758,167.737,165.89,ns,,,"2x32x8",,,8,2,8,8,2,32,1,1,4
"dot/dot_int8_int8_int32_2x8x8_1x4x1_neon/32/176/real_time",61805,2267.55,2240.65,ns,,,"2x32x176",,,8,2,8,176,2,32,1,1,4
"dot/dot_int8_int8_int32_2x8x8_1x4x1_neon/32/352/real_time",31439,4454.49,4402.93,ns,,,"2x32x352",,,8,2,8,352,2,32,1,1,4
"dot/dot_int8_int8_int32_2x8x8_1x4x1_neon/32/528/real_time",21104,6639.99,6562.67,ns,,,"2x32x528",,,8,2,8,528,2,32,1,1,4
"dot/dot_int8_int8_int32_2x8x8_1x4x1_neon/32/712/real_time",15720,8987.39,8848.2,ns,,,"2x32x712",,,8,2,8,712,2,32,1,1,4
"dot/dot_int8_int8_int32_2x8x8_1x4x1_neon/64/8/real_time",465501,301.477,297.287,ns,,,"2x64x8",,,8,2,8,8,2,64,1,1,4
"dot/dot_int8_int8_int32_2x8x8_1x4x1_neon/64/88/real_time",61076,2288.66,2261.76,ns,,,"2x64x88",,,8,2,8,88,2,64,1,1,4
"dot/dot_int8_int8_int32_2x8x8_1x4x1_neon/64/176/real_time",31101,4508.54,4453.05,ns,,,"2x64x176",,,8,2,8,176,2,64,1,1,4
"dot/dot_int8_int8_int32_2x8x8_1x4x1_neon/64/264/real_time",20948,6707.38,6614.62,ns,,,"2x64x264",,,8,2,8,264,2,64,1,1,4
"dot/dot_int8_int8_int32_2x8x8_1x4x1_neon/64/360/real_time",15421,9055.46,8966.24,ns,,,"2x64x360",,,8,2,8,360,2,64,1,1,4
"dot/dot_int8_int8_int32_3x8x8_1x4x1_neon/8/8/real_time",1907766,73.6244,72.8817,ns,,,"3x8x8",,,8,3,8,8,3,8,1,1,4
"dot/dot_int8_int8_int32_3x8x8_1x4x1_neon/8/552/real_time",73628,1911.71,1886.71,ns,,,"3x8x552",,,8,3,8,552,3,8,1,1,4
"dot/dot_int8_int8_int32_3x8x8_1x4x1_neon/8/1112/real_time",37015,3794.12,3743.04,ns,,,"3x8x1112",,,8,3,8,1112,3,8,1,1,4
"dot/dot_int8_int8_int32_3x8x8_1x4x1_neon/8/1664/real_time",24867,5635.93,5575.89,ns,,,"3x8x1664",,,8,3,8,1664,3,8,1,1,4
"dot/dot_int8_int8_int32_3x8x8_1x4x1_neon/8/2224/real_time",18673,7513.79,7433.57,ns,,,"3x8x2224",,,8,3,8,2224,3,8,1,1,4
"dot/dot_int8_int8_int32_3x8x8_1x4x1_neon/16/8/real_time",1266718,111.114,109.699,ns,,,"3x16x8",,,8,3,8,8,3,16,1,1,4
"dot/dot_int8_int8_int32_3x8x8_1x4x1_neon/16/320/real_time",62806,2226.89,2203.67,ns,,,"3x16x320",,,8,3,8,320,3,16,1,1,4
"dot/dot_int8_int8_int32_3x8x8_1x4x1_neon/16/640/real_time",32182,4358.12,4311.91,ns,,,"3x16x640",,,8,3,8,640,3,16,1,1,4
"dot/dot_int8_int8_int32_3x8x8_1x4x1_neon/16/960/real_time",21517,6515.92,6443.66,ns,,,"3x16x960",,,8,3,8,960,3,16,1,1,4
"dot/dot_int8_int8_int32_3x8x8_1x4x1_neon/16/1280/real_time",16159,8695.58,8573.93,ns,,,"3x16x1280",,,8,3,8,1280,3,16,1,1,4
"dot/dot_int8_int8_int32_3x8x8_1x4x1_neon/32/8/real_time",750419,186.078,183.479,ns,,,"3x32x8",,,8,3,8,8,3,32,1,1,4
"dot/dot_int8_int8_int32_3x8x8_1x4x1_neon/32/168/real_time",59303,2356.03,2329.82,ns,,,"3x32x168",,,8,3,8,168,3,32,1,1,4
"dot/dot_int8_int8_int32_3x8x8_1x4x1_neon/32/344/real_time",29687,4717.88,4664.63,ns,,,"3x32x344",,,8,3,8,344,3,32,1,1,4
"dot/dot_int8_int8_int32_3x8x8_1x4x1_neon/32/512/real_time",19928,7027.87,6945.75,ns,,,"3x32x512",,,8,3,8,512,3,32,1,1,4
"dot/dot_int8_int8_int32_3x8x8_1x4x1_neon/32/688/real_time",14873,9395.69,9289.07,ns,,,"3x32x688",,,8,3,8,688,3,32,1,1,4
"dot/dot_int8_int8_int32_3x8x8_1x4x1_neon/64/8/real_time",413785,337.78,334.382,ns,,,"3x64x8",,,8,3,8,8,3,64,1,1,4
"dot/dot_int8_int8_int32_3x8x8_1x4x1_neon/64/88/real_time",55925,2497.62,2474.27,ns,,,"3x64x88",,,8,3,8,88,3,64,1,1,4
"dot/dot_int8_int8_int32_3x8x8_1x4x1_neon/64/176/real_time",28549,4904.21,4853.17,ns,,,"3x64x176",,,8,3,8,176,3,64,1,1,4
"dot/dot_int8_int8_int32_3x8x8_1x4x1_neon/64/264/real_time",19171,7289.22,7201.23,ns,,,"3x64x264",,,8,3,8,264,3,64,1,1,4
"dot/dot_int8_int8_int32_3x8x8_1x4x1_neon/64/352/real_time",14472,9722.68,9587.03,ns,,,"3x64x352",,,8,3,8,352,3,64,1,1,4
"dot/dot_int8_int8_int32_4x8x8_1x4x1_neon/8/8/real_time",1517298,92.1788,91.1265,ns,,,"4x8x8",,,8,4,8,8,4,8,1,1,4
"dot/dot_int8_int8_int32_4x8x8_1x4x1_neon/8/504/real_time",65259,2133.11,2108.7,ns,,,"4x8x504",,,8,4,8,504,4,8,1,1,4
"dot/dot_int8_int8_int32_4x8x8_1x4x1_neon/8/1016/real_time",32907,4234.13,4192.64,ns,,,"4x8x1016",,,8,4,8,1016,4,8,1,1,4
"dot/dot_int8_int8_int32_4x8x8_1x4x1_neon/8/1520/real_time",22190,6309.9,6234.75,ns,,,"4x8x1520",,,8,4,8,1520,4,8,1,1,4
"dot/dot_int8_int8_int32_4x8x8_1x4x1_neon/8/2032/real_time",16631,8408.95,8311.88,ns,,,"4x8x2032",,,8,4,8,2032,4,8,1,1,4
"dot/dot_int8_int8_int32_4x8x8_1x4x1_neon/16/8/real_time",950680,145.438,143.704,ns,,,"4x16x8",,,8,4,8,8,4,16,1,1,4
"dot/dot_int8_int8_int32_4x8x8_1x4x1_neon/16/304/real_time",53790,2585.1,2560.77,ns,,,"4x16x304",,,8,4,8,304,4,16,1,1,4
"dot/dot_int8_int8_int32_4x8x8_1x4x1_neon/16/608/real_time",27488,5115.31,5031.07,ns,,,"4x16x608",,,8,4,8,608,4,16,1,1,4
"dot/dot_int8_int8_int32_4x8x8_1x4x1_neon/16/912/real_time",18407,8043.9,7520.52,ns,,,"4x16x912",,,8,4,8,912,4,16,1,1,4
"dot/dot_int8_int8_int32_4x8x8_1x4x1_neon/16/1216/real_time",13759,10130.5,9986.1,ns,,,"4x16x1216",,,8,4,8,1216,4,16,1,1,4
"dot/dot_int8_int8_int32_4x8x8_1x4x1_neon/32/8/real_time",562943,249.597,246.462,ns,,,"4x32x8",,,8,4,8,8,4,32,1,1,4
"dot/dot_int8_int8_int32_4x8x8_1x4x1_neon/32/160/real_time",50578,2760.21,2734.67,ns,,,"4x32x160",,,8,4,8,160,4,32,1,1,4
"dot/dot_int8_int8_int32_4x8x8_1x4x1_neon/32/328/real_time",24622,5537.37,5470.99,ns,,,"4x32x328",,,8,4,8,328,4,32,1,1,4
"dot/dot_int8_int8_int32_4x8x8_1x4x1_neon/32/496/real_time",16879,8317.63,8209.24,ns,,,"4x32x496",,,8,4,8,496,4,32,1,1,4
"dot/dot_int8_int8_int32_4x8x8_1x4x1_neon/32/664/real_time",12672,11283.9,10991.2,ns,,,"4x32x664",,,8,4,8,664,4,32,1,1,4
"dot/dot_int8_int8_int32_4x8x8_1x4x1_neon/64/8/real_time",301811,464.005,457.548,ns,,,"4x64x8",,,8,4,8,8,4,64,1,1,4
"dot/dot_int8_int8_int32_4x8x8_1x4x1_neon/64/80/real_time",49200,2859.79,2812.52,ns,,,"4x64x80",,,8,4,8,80,4,64,1,1,4
"dot/dot_int8_int8_int32_4x8x8_1x4x1_neon/64/168/real_time",24128,5789.76,5707.65,ns,,,"4x64x168",,,8,4,8,168,4,64,1,1,4
"dot/dot_int8_int8_int32_4x8x8_1x4x1_neon/64/256/real_time",16073,8725.25,8584.7,ns,,,"4x64x256",,,8,4,8,256,4,64,1,1,4
"dot/dot_int8_int8_int32_4x8x8_1x4x1_neon/64/344/real_time",12104,11645.1,11455.8,ns,,,"4x64x344",,,8,4,8,344,4,64,1,1,4
"dot/dot_int8_int8_int32_5x8x8_1x4x1_neon/8/8/real_time",1184830,111.562,107.899,ns,,,"5x8x8",,,8,5,8,8,5,8,1,1,4
"dot/dot_int8_int8_int32_5x8x8_1x4x1_neon/8/464/real_time",67258,2089.99,2059.93,ns,,,"5x8x464",,,8,5,8,464,5,8,1,1,4
"dot/dot_int8_int8_int32_5x8x8_1x4x1_neon/8/936/real_time",33762,4143.43,4101.67,ns,,,"5x8x936",,,8,5,8,936,5,8,1,1,4
"dot/dot_int8_int8_int32_5x8x8_1x4x1_neon/8/1400/real_time",22700,6168.17,6102.14,ns,,,"5x8x1400",,,8,5,8,1400,5,8,1,1,4
"dot/dot_int8_int8_int32_5x8x8_1x4x1_neon/8/1872/real_time",17208,8153.43,8049.91,ns,,,"5x8x1872",,,8,5,8,1872,5,8,1,1,4
"dot/dot_int8_int8_int32_5x8x8_1x4x1_neon/16/8/real_time",831097,168.295,166.046,ns,,,"5x16x8",,,8,5,8,8,5,16,1,1,4
"dot/dot_int8_int8_int32_5x8x8_1x4x1_neon/16/288/real_time",51767,2586.43,2562.04,ns,,,"5x16x288",,,8,5,8,288,5,16,1,1,4
"dot/dot_int8_int8_int32_5x8x8_1x4x1_neon/16/576/real_time",27628,5070.86,5012.26,ns,,,"5x16x576",,,8,5,8,576,5,16,1,1,4
"dot/dot_int8_int8_int32_5x8x8_1x4x1_neon/16/864/real_time",18550,7554.56,7479.12,ns,,,"5x16x864",,,8,5,8,864,5,16,1,1,4
"dot/dot_int8_int8_int32_5x8x8_1x4x1_neon/16/1152/real_time",10000,10022.6,9921.5,ns,,,"5x16x1152",,,8,5,8,1152,5,16,1,1,4
"dot/dot_int8_int8_int32_5x8x8_1x4x1_neon/32/8/real_time",486280,288.369,284.638,ns,,,"5x32x8",,,8,5,8,8,5,32,1,1,4
"dot/dot_int8_int8_int32_5x8x8_1x4x1_neon/32/160/real_time",43590,3048.61,2973.95,ns,,,"5x32x160",,,8,5,8,160,5,32,1,1,4
"dot/dot_int8_int8_int32_5x8x8_1x4x1_neon/32/320/real_time",23900,5853.72,5788.53,ns,,,"5x32x320",,,8,5,8,320,5,32,1,1,4
"dot/dot_int8_int8_int32_5x8x8_1x4x1_neon/32/480/real_time",16060,8719.36,8600.57,ns,,,"5x32x480",,,8,5,8,480,5,32,1,1,4
"dot/dot_int8_int8_int32_5x8x8_1x4x1_neon/32/640/real_time",12110,11473.6,11362.4,ns,,,"5x32x640",,,8,5,8,640,5,32,1,1,4
"dot/dot_int8_int8_int32_5x8x8_1x4x1_neon/64/8/real_time",264396,544.127,532.353,ns,,,"5x64x8",,,8,5,8,8,5,64,1,1,4
"dot/dot_int8_int8_int32_5x8x8_1x4x1_neon/64/80/real_time",44379,3119.67,3078.75,ns,,,"5x64x80",,,8,5,8,80,5,64,1,1,4
"dot/dot_int8_int8_int32_5x8x8_1x4x1_neon/64/168/real_time",22371,6297.63,6199.61,ns,,,"5x64x168",,,8,5,8,168,5,64,1,1,4
"dot/dot_int8_int8_int32_5x8x8_1x4x1_neon/64/248/real_time",15367,9088.99,9002.76,ns,,,"5x64x248",,,8,5,8,248,5,64,1,1,4
"dot/dot_int8_int8_int32_5x8x8_1x4x1_neon/64/336/real_time",11348,12394.7,12139.9,ns,,,"5x64x336",,,8,5,8,336,5,64,1,1,4
"dot/dot_int8_int8_int32_6x8x8_1x4x1_neon/8/8/real_time",1112864,123.707,122.466,ns,,,"6x8x8",,,8,6,8,8,6,8,1,1,4
"dot/dot_int8_int8_int32_6x8x8_1x4x1_neon/8/432/real_time",61411,2293.35,2255.97,ns,,,"6x8x432",,,8,6,8,432,6,8,1,1,4
"dot/dot_int8_int8_int32_6x8x8_1x4x1_neon/8/864/real_time",30901,4528.72,4459.99,ns,,,"6x8x864",,,8,6,8,864,6,8,1,1,4
"dot/dot_int8_int8_int32_6x8x8_1x4x1_neon/8/1296/real_time",20707,6722.53,6645.87,ns,,,"6x8x1296",,,8,6,8,1296,6,8,1,1,4
"dot/dot_int8_int8_int32_6x8x8_1x4x1_neon/8/1736/real_time",15793,8857.88,8785.05,ns,,,"6x8x1736",,,8,6,8,1736,6,8,1,1,4
"dot/dot_int8_int8_int32_6x8x8_1x4x1_neon/16/8/real_time",708285,200.372,195.488,ns,,,"6x16x8",,,8,6,8,8,6,16,1,1,4
"dot/dot_int8_int8_int32_6x8x8_1x4x1_neon/16/272/real_time",48444,2928.36,2856.43,ns,,,"6x16x272",,,8,6,8,272,6,16,1,1,4
"dot/dot_int8_int8_int32_6x8x8_1x4x1_neon/16/544/real_time",24781,5653.84,5595.99,ns,,,"6x16x544",,,8,6,8,544,6,16,1,1,4
"dot/dot_int8_int8_int32_6x8x8_1x4x1_neon/16/816/real_time",16653,8403.93,8324.53,ns,,,"6x16x816",,,8,6,8,816,6,16,1,1,4
"dot/dot_int8_int8_int32_6x8x8_1x4x1_neon/16/1096/real_time",12397,11271.9,11168.5,ns,,,"6x16x1096",,,8,6,8,1096,6,16,1,1,4
"dot/dot_int8_int8_int32_6x8x8_1x4x1_neon/32/8/real_time",409720,341.683,338.768,ns,,,"6x32x8",,,8,6,8,8,6,32,1,1,4
"dot/dot_int8_int8_int32_6x8x8_1x4x1_neon/32/152/real_time",42288,3308.67,3278.53,ns,,,"6x32x152",,,8,6,8,152,6,32,1,1,4
"dot/dot_int8_int8_int32_6x8x8_1x4x1_neon/32/312/real_time",21029,6644.09,6561.73,ns,,,"6x32x312",,,8,6,8,312,6,32,1,1,4
"dot/dot_int8_int8_int32_6x8x8_1x4x1_neon/32/464/real_time",14278,9733.92,9610.54,ns,,,"6x32x464",,,8,6,8,464,6,32,1,1,4
"dot/dot_int8_int8_int32_6x8x8_1x4x1_neon/32/624/real_time",10793,12954.8,12802.1,ns,,,"6x32x624",,,8,6,8,624,6,32,1,1,4
"dot/dot_int8_int8_int32_6x8x8_1x4x1_neon/64/8/real_time",219634,637.85,630.57,ns,,,"6x64x8",,,8,6,8,8,6,64,1,1,4
"dot/dot_int8_int8_int32_6x8x8_1x4x1_neon/64/80/real_time",38612,3609.1,3574.35,ns,,,"6x64x80",,,8,6,8,80,6,64,1,1,4
"dot/dot_int8_int8_int32_6x8x8_1x4x1_neon/64/160/real_time",19990,6941.31,6884.83,ns,,,"6x64x160",,,8,6,8,160,6,64,1,1,4
"dot/dot_int8_int8_int32_6x8x8_1x4x1_neon/64/240/real_time",13608,10224.2,10118.7,ns,,,"6x64x240",,,8,6,8,240,6,64,1,1,4
"dot/dot_int8_int8_int32_6x8x8_1x4x1_neon/64/328/real_time",10031,13859.5,13731.2,ns,,,"6x64x328",,,8,6,8,328,6,64,1,1,4
"dot/dot_int8_int8_int32_8x8x8_1x4x1_neon/8/8/real_time",866781,160.044,158.649,ns,,,"8x8x8",,,8,8,8,8,8,8,1,1,4
"dot/dot_int8_int8_int32_8x8x8_1x4x1_neon/8/376/real_time",47587,2943.77,2918.07,ns,,,"8x8x376",,,8,8,8,376,8,8,1,1,4
"dot/dot_int8_int8_int32_8x8x8_1x4x1_neon/8/760/real_time",23985,5874.76,5777.97,ns,,,"8x8x760",,,8,8,8,760,8,8,1,1,4
"dot/dot_int8_int8_int32_8x8x8_1x4x1_neon/8/1136/real_time",16103,8696.25,8602.68,ns,,,"8x8x1136",,,8,8,8,1136,8,8,1,1,4
"dot/dot_int8_int8_int32_8x8x8_1x4x1_neon/8/1520/real_time",12156,11566.7,11449.8,ns,,,"8x8x1520",,,8,8,8,1520,8,8,1,1,4
"dot/dot_int8_int8_int32_8x8x8_1x4x1_neon/16/8/real_time",540446,259.278,257.016,ns,,,"8x16x8",,,8,8,8,8,8,16,1,1,4
"dot/dot_int8_int8_int32_8x8x8_1x4x1_neon/16/248/real_time",35931,3894.39,3861.81,ns,,,"8x16x248",,,8,8,8,248,8,16,1,1,4
"dot/dot_int8_int8_int32_8x8x8_1x4x1_neon/16/496/real_time",18293,7700.41,7582.7,ns,,,"8x16x496",,,8,8,8,496,8,16,1,1,4
"dot/dot_int8_int8_int32_8x8x8_1x4x1_neon/16/744/real_time",12132,11390.3,11284.7,ns,,,"8x16x744",,,8,8,8,744,8,16,1,1,4
"dot/dot_int8_int8_int32_8x8x8_1x4x1_neon/16/1000/real_time",9060,15560.9,15287.9,ns,,,"8x16x1000",,,8,8,8,1000,8,16,1,1,4
"dot/dot_int8_int8_int32_8x8x8_1x4x1_neon/32/8/real_time",304542,459.58,453.645,ns,,,"8x32x8",,,8,8,8,8,8,32,1,1,4
"dot/dot_int8_int8_int32_8x8x8_1x4x1_neon/32/144/real_time",30474,4588.24,4539.44,ns,,,"8x32x144",,,8,8,8,144,8,32,1,1,4
"dot/dot_int8_int8_int32_8x8x8_1x4x1_neon/32/288/real_time",15631,8942.92,8847.92,ns,,,"8x32x288",,,8,8,8,288,8,32,1,1,4
"dot/dot_int8_int8_int32_8x8x8_1x4x1_neon/32/432/real_time",10398,13344.8,13167.8,ns,,,"8x32x432",,,8,8,8,432,8,32,1,1,4
"dot/dot_int8_int8_int32_8x8x8_1x4x1_neon/32/584/real_time",7820,17886,17719.3,ns,,,"8x32x584",,,8,8,8,584,8,32,1,1,4
"dot/dot_int8_int8_int32_8x8x8_1x4x1_neon/64/8/real_time",162994,859.095,850.596,ns,,,"8x64x8",,,8,8,8,8,8,64,1,1,4
"dot/dot_int8_int8_int32_8x8x8_1x4x1_neon/64/72/real_time",29510,4741.9,4693.68,ns,,,"8x64x72",,,8,8,8,72,8,64,1,1,4
"dot/dot_int8_int8_int32_8x8x8_1x4x1_neon/64/152/real_time",14588,9561.5,9480.62,ns,,,"8x64x152",,,8,8,8,152,8,64,1,1,4
"dot/dot_int8_int8_int32_8x8x8_1x4x1_neon/64/232/real_time",9741,14442.2,14271.2,ns,,,"8x64x232",,,8,8,8,232,8,64,1,1,4
"dot/dot_int8_int8_int32_8x8x8_1x4x1_neon/64/312/real_time",7240,19238.8,19078,ns,,,"8x64x312",,,8,8,8,312,8,64,1,1,4
"dot/dot_int8_int8_int32_8x4x8_1x4x1_neon/4/8/real_time",1186184,117.004,115.917,ns,,,"8x4x8",,,8,8,4,8,8,4,1,1,4
"dot/dot_int8_int8_int32_8x4x8_1x4x1_neon/4/504/real_time",86069,1632.66,1618.38,ns,,,"8x4x504",,,8,8,4,504,8,4,1,1,4
"dot/dot_int8_int8_int32_8x4x8_1x4x1_neon/4/1016/real_time",43807,3210.48,3168.78,ns,,,"8x4x1016",,,8,8,4,1016,8,4,1,1,4
"dot/dot_int8_int8_int32_8x4x8_1x4x1_neon/4/1520/real_time",29872,4691.49,4640.86,ns,,,"8x4x1520",,,8,8,4,1520,8,4,1,1,4
"dot/dot_int8_int8_int32_8x4x8_1x4x1_neon/4/2032/real_time",22316,6247.42,6181.27,ns,,,"8x4x2032",,,8,8,4,2032,8,4,1,1,4
"dot/dot_int8_int8_int32_8x4x8_1x4x1_neon/8/8/real_time",790995,176.294,174.628,ns,,,"8x8x8",,,8,8,4,8,8,8,1,1,4
"dot/dot_int8_int8_int32_8x4x8_1x4x1_neon/8/376/real_time",52750,2463.04,2420.58,ns,,,"8x8x376",,,8,8,4,376,8,8,1,1,4
"dot/dot_int8_int8_int32_8x4x8_1x4x1_neon/8/760/real_time",29133,4791.46,4737.42,ns,,,"8x8x760",,,8,8,4,760,8,8,1,1,4
"dot/dot_int8_int8_int32_8x4x8_1x4x1_neon/8/1136/real_time",19916,7022.7,6953.95,ns,,,"8x8x1136",,,8,8,4,1136,8,8,1,1,4
"dot/dot_int8_int8_int32_8x4x8_1x4x1_neon/8/1520/real_time",14937,9388.32,9256.96,ns,,,"8x8x1520",,,8,8,4,1520,8,8,1,1,4
"dot/dot_int8_int8_int32_8x4x8_1x4x1_neon/16/8/real_time",463021,297.327,294.365,ns,,,"8x16x8",,,8,8,4,8,8,16,1,1,4
"dot/dot_int8_int8_int32_8x4x8_1x4x1_neon/16/248/real_time",42463,3240.23,3209.6,ns,,,"8x16x248",,,8,8,4,248,8,16,1,1,4
"dot/dot_int8_int8_int32_8x4x8_1x4x1_neon/16/496/real_time",22502,6247.85,6167.88,ns,,,"8x16x496",,,8,8,4,496,8,16,1,1,4
"dot/dot_int8_int8_int32_8x4x8_1x4x1_neon/16/744/real_time",15150,9246.78,9143.27,ns,,,"8x16x744",,,8,8,4,744,8,16,1,1,4
"dot/dot_int8_int8_int32_8x4x8_1x4x1_neon/16/1000/real_time",11318,12427.1,12232.8,ns,,,"8x16x1000",,,8,8,4,1000,8,16,1,1,4
"dot/dot_int8_int8_int32_8x4x8_1x4x1_neon/32/8/real_time",264860,528.287,522.259,ns,,,"8x32x8",,,8,8,4,8,8,32,1,1,4
"dot/dot_int8_int8_int32_8x4x8_1x4x1_neon/32/144/real_time",35960,3892.23,3845.24,ns,,,"8x32x144",,,8,8,4,144,8,32,1,1,4
"dot/dot_int8_int8_int32_8x4x8_1x4x1_neon/32/288/real_time",18444,7598.87,7506.43,ns,,,"8x32x288",,,8,8,4,288,8,32,1,1,4
"dot/dot_int8_int8_int32_8x4x8_1x4x1_neon/32/432/real_time",12711,10864.9,10762.6,ns,,,"8x32x432",,,8,8,4,432,8,32,1,1,4
"dot/dot_int8_int8_int32_8x4x8_1x4x1_neon/32/584/real_time",9575,14641.7,14406.9,ns,,,"8x32x584",,,8,8,4,584,8,32,1,1,4
"dot/dot_fp32_1xNx1_1x1x1/32/1/real_time",1206182,113.85,112.667,ns,,,"1x32x1",,,,,,1,1,32,,,
"dot/dot_fp32_1xNx1_1x1x1/32/46/real_time",58126,2420.33,2391.87,ns,,,"1x32x46",,,,,,46,1,32,,,
"dot/dot_fp32_1xNx1_1x1x1/32/92/real_time",29190,4770.9,4713.28,ns,,,"1x32x92",,,,,,92,1,32,,,
"dot/dot_fp32_1xNx1_1x1x1/32/138/real_time",19741,7090.75,7024.81,ns,,,"1x32x138",,,,,,138,1,32,,,
"dot/dot_fp32_1xNx1_1x1x1/32/185/real_time",14770,9517.03,9405.26,ns,,,"1x32x185",,,,,,185,1,32,,,
"dot/dot_fp32_1xNx1_1x1x1/64/1/real_time",786052,180.778,177.401,ns,,,"1x64x1",,,,,,1,1,64,,,
"dot/dot_fp32_1xNx1_1x1x1/64/23/real_time",59228,2377.71,2344.41,ns,,,"1x64x23",,,,,,23,1,64,,,
"dot/dot_fp32_1xNx1_1x1x1/64/46/real_time",30108,4658.15,4600.36,ns,,,"1x64x46",,,,,,46,1,64,,,
"dot/dot_fp32_1xNx1_1x1x1/64/69/real_time",20128,6928.53,6855.93,ns,,,"1x64x69",,,,,,69,1,64,,,
"dot/dot_fp32_1xNx1_1x1x1/64/93/real_time",15037,9305.08,9211.57,ns,,,"1x64x93",,,,,,93,1,64,,,
"dot/dot_fp32_1xNx1_1x1x1/128/1/real_time",474159,297.762,293.1,ns,,,"1x128x1",,,,,,1,1,128,,,
"dot/dot_fp32_1xNx1_1x1x1/128/11/real_time",61864,2260.3,2235.16,ns,,,"1x128x11",,,,,,11,1,128,,,
"dot/dot_fp32_1xNx1_1x1x1/128/23/real_time",30395,4604.94,4558.7,ns,,,"1x128x23",,,,,,23,1,128,,,
"dot/dot_fp32_1xNx1_1x1x1/128/34/real_time",20659,6753.47,6689.49,ns,,,"1x128x34",,,,,,34,1,128,,,
"dot/dot_fp32_1xNx1_1x1x1/128/46/real_time",15352,9111.73,9011.72,ns,,,"1x128x46",,,,,,46,1,128,,,
"dot/dot_fp32_1xNx1_1x1x1/256/1/real_time",253762,533.255,525.861,ns,,,"1x256x1",,,,,,1,1,256,,,
"dot/dot_fp32_1xNx1_1x1x1/256/5/real_time",66755,2106.25,2077.79,ns,,,"1x256x5",,,,,,5,1,256,,,
"dot/dot_fp32_1xNx1_1x1x1/256/11/real_time",31535,4465.64,4399.95,ns,,,"1x256x11",,,,,,11,1,256,,,
"dot/dot_fp32_1xNx1_1x1x1/256/16/real_time",21831,6409.4,6333.08,ns,,,"1x256x16",,,,,,16,1,256,,,
"dot/dot_fp32_1xNx1_1x1x1/256/22/real_time",15982,8760.07,8662.46,ns,,,"1x256x22",,,,,,22,1,256,,,
"dot/dot_fp64_1xNx1_1x1x1/32/1/real_time",785659,178.829,176.412,ns,,,"1x32x1",,,,,,1,1,32,,,
"dot/dot_fp64_1xNx1_1x1x1/32/23/real_time",58956,2366.14,2341.26,ns,,,"1x32x23",,,,,,23,1,32,,,
"dot/dot_fp64_1xNx1_1x1x1/32/46/real_time",29515,4665.27,4603.68,ns,,,"1x32x46",,,,,,46,1,32,,,
"dot/dot_fp64_1xNx1_1x1x1/32/69/real_time",20194,6934.89,6862.08,ns,,,"1x32x69",,,,,,69,1,32,,,
"dot/dot_fp64_1xNx1_1x1x1/32/92/real_time",15164,9220.91,9119.15,ns,,,"1x32x92",,,,,,92,1,32,,,
"dot/dot_fp64_1xNx1_1x1x1/64/1/real_time",471567,297.141,293.166,ns,,,"1x64x1",,,,,,1,1,64,,,
"dot/dot_fp64_1xNx1_1x1x1/64/11/real_time",61777,2262.06,2236.78,ns,,,"1x64x11",,,,,,11,1,64,,,
"dot/dot_fp64_1xNx1_1x1x1/64/23/real_time",30268,4631.3,4566.3,ns,,,"1x64x23",,,,,,23,1,64,,,
"dot/dot_fp64_1xNx1_1x1x1/64/34/real_time",20646,6817.78,6695.54,ns,,,"1x64x34",,,,,,34,1,64,,,
"dot/dot_fp64_1xNx1_1x1x1/64/46/real_time",15317,9146.15,9018.33,ns,,,"1x64x46",,,,,,46,1,64,,,
"dot/dot_fp64_1xNx1_1x1x1/128/1/real_time",263708,532.843,525.544,ns,,,"1x128x1",,,,,,1,1,128,,,
"dot/dot_fp64_1xNx1_1x1x1/128/5/real_time",66225,2109.11,2078.08,ns,,,"1x128x5",,,,,,5,1,128,,,
"dot/dot_fp64_1xNx1_1x1x1/128/11/real_time",31370,4468.84,4402.85,ns,,,"1x128x11",,,,,,11,1,128,,,
"dot/dot_fp64_1xNx1_1x1x1/128/16/real_time",21696,6405.32,6334.11,ns,,,"1x128x16",,,,,,16,1,128,,,
"dot/dot_fp64_1xNx1_1x1x1/128/22/real_time",15989,8740.61,8661.01,ns,,,"1x128x22",,,,,,22,1,128,,,
"dot/dot_fp64_1xNx1_1x1x1/256/1/real_time",138974,1003.31,990.269,ns,,,"1x256x1",,,,,,1,1,256,,,
"dot/dot_fp64_1xNx1_1x1x1/256/2/real_time",78139,1777.36,1761.42,ns,,,"1x256x2",,,,,,2,1,256,,,
"dot/dot_fp64_1xNx1_1x1x1/256/5/real_time",34124,4100.39,4064.63,ns,,,"1x256x5",,,,,,5,1,256,,,
"dot/dot_fp64_1xNx1_1x1x1/256/7/real_time",24801,5659.73,5603.01,ns,,,"1x256x7",,,,,,7,1,256,,,
"dot/dot_fp64_1xNx1_1x1x1/256/10/real_time",17517,7979.44,7912.73,ns,,,"1x256x10",,,,,,10,1,256,,,
"dot/dot_fp16_fp16_fp32_1xNx1_1x1x1/32/1/real_time",950818,147.705,146.05,ns,,,"1x32x1",,,,,,1,1,32,,,
"dot/dot_fp16_fp16_fp32_1xNx1_1x1x1/32/92/real_time",18254,7666.24,7576.92,ns,,,"1x32x92",,,,,,92,1,32,,,
"dot/dot_fp16_fp16_fp32_1xNx1_1x1x1/32/185/real_time",9200,15367.3,15166.3,ns,,,"1x32x185",,,,,,185,1,32,,,
"dot/dot_fp16_fp16_fp32_1xNx1_1x1x1/32/277/real_time",6124,22865.7,22667,ns,,,"1x32x277",,,,,,277,1,32,,,
"dot/dot_fp16_fp16_fp32_1xNx1_1x1x1/32/370/real_time",4588,30709.7,30285,ns,,,"1x32x370",,,,,,370,1,32,,,
"dot/dot_fp16_fp16_fp32_1xNx1_1x1x1/64/1/real_time",604633,230.971,228.853,ns,,,"1x64x1",,,,,,1,1,64,,,
"dot/dot_fp16_fp16_fp32_1xNx1_1x1x1/64/46/real_time",20005,7020.16,6934.03,ns,,,"1x64x46",,,,,,46,1,64,,,
"dot/dot_fp16_fp16_fp32_1xNx1_1x1x1/64/93/real_time",9916,14069.8,13927.1,ns,,,"1x64x93",,,,,,93,1,64,,,
"dot/dot_fp16_fp16_fp32_1xNx1_1x1x1/64/140/real_time",6602,21121.8,20916.4,ns,,,"1x64x140",,,,,,140,1,64,,,
"dot/dot_fp16_fp16_fp32_1xNx1_1x1x1/64/187/real_time",4842,28292.8,27940.5,ns,,,"1x64x187",,,,,,187,1,64,,,
"dot/dot_fp16_fp16_fp32_1xNx1_1x1x1/128/1/real_time",360519,387.803,383.764,ns,,,"1x128x1",,,,,,1,1,128,,,
"dot/dot_fp16_fp16_fp32_1xNx1_1x1x1/128/23/real_time",20900,6720.7,6625.63,ns,,,"1x128x23",,,,,,23,1,128,,,
"dot/dot_fp16_fp16_fp32_1xNx1_1x1x1/128/46/real_time",10402,13282.1,13149.4,ns,,,"1x128x46",,,,,,46,1,128,,,
"dot/dot_fp16_fp16_fp32_1xNx1_1x1x1/128/69/real_time",7021,19869.2,19667.2,ns,,,"1x128x69",,,,,,69,1,128,,,
"dot/dot_fp16_fp16_fp32_1xNx1_1x1x1/128/93/real_time",5236,26747.1,26465.8,ns,,,"1x128x93",,,,,,93,1,128,,,
"dot/dot_fp16_fp16_fp32_1xNx1_1x1x1/256/1/real_time",199510,699.728,692.854,ns,,,"1x256x1",,,,,,1,1,256,,,
"dot/dot_fp16_fp16_fp32_1xNx1_1x1x1/256/11/real_time",20811,6994.43,6292.43,ns,,,"1x256x11",,,,,,11,1,256,,,
"dot/dot_fp16_fp16_fp32_1xNx1_1x1x1/256/22/real_time",11215,12454.9,12312.6,ns,,,"1x256x22",,,,,,22,1,256,,,
"dot/dot_fp16_fp16_fp32_1xNx1_1x1x1/256/33/real_time",7493,18689.2,18419,ns,,,"1x256x33",,,,,,33,1,256,,,
"dot/dot_fp16_fp16_fp32_1xNx1_1x1x1/256/45/real_time",5529,25267.5,25013.8,ns,,,"1x256x45",,,,,,45,1,256,,,
"dot/dot_bf16_bf16_fp32_1xNx1_1x1x1/32/1/real_time",1381323,100.776,99.6576,ns,,,"1x32x1",,,,,,1,1,32,,,
"dot/dot_bf16_bf16_fp32_1xNx1_1x1x1/32/92/real_time",39554,3537.94,3497.48,ns,,,"1x32x92",,,,,,92,1,32,,,
"dot/dot_bf16_bf16_fp32_1xNx1_1x1x1/32/185/real_time",19906,7027.44,6961.17,ns,,,"1x32x185",,,,,,185,1,32,,,
"dot/dot_bf16_bf16_fp32_1xNx1_1x1x1/32/277/real_time",13382,10548.9,10392.8,ns,,,"1x32x277",,,,,,277,1,32,,,
"dot/dot_bf16_bf16_fp32_1xNx1_1x1x1/32/370/real_time",9964,14009.2,13855.4,ns,,,"1x32x370",,,,,,370,1,32,,,
"dot/dot_bf16_bf16_fp32_1xNx1_1x1x1/64/1/real_time",945786,148.338,146.669,ns,,,"1x64x1",,,,,,1,1,64,,,
"dot/dot_bf16_bf16_fp32_1xNx1_1x1x1/64/46/real_time",42427,3307.75,3262.96,ns,,,"1x64x46",,,,,,46,1,64,,,
"dot/dot_bf16_bf16_fp32_1xNx1_1x1x1/64/93/real_time",21329,6578.67,6510.93,ns,,,"1x64x93",,,,,,93,1,64,,,
"dot/dot_bf16_bf16_fp32_1xNx1_1x1x1/64/140/real_time",14122,9892.43,9761.03,ns,,,"1x64x140",,,,,,140,1,64,,,
"dot/dot_bf16_bf16_fp32_1xNx1_1x1x1/64/187/real_time",10538,13143,13006.1,ns,,,"1x64x187",,,,,,187,1,64,,,
"dot/dot_bf16_bf16_fp32_1xNx1_1x1x1/128/1/real_time",600346,233.095,230.972,ns,,,"1x128x1",,,,,,1,1,128,,,
"dot/dot_bf16_bf16_fp32_1xNx1_1x1x1/128/23/real_time",43876,3198.64,3164.2,ns,,,"1x128x23",,,,,,23,1,128,,,
"dot/dot_bf16_bf16_fp32_1xNx1_1x1x1/128/46/real_time",22304,6272.92,6221.88,ns,,,"1x128x46",,,,,,46,1,128,,,
"dot/dot_bf16_bf16_fp32_1xNx1_1x1x1/128/69/real_time",14945,9378.71,9277.83,ns,,,"1x128x69",,,,,,69,1,128,,,
"dot/dot_bf16_bf16_fp32_1xNx1_1x1x1/128/93/real_time",11191,12581.7,12462.9,ns,,,"1x128x93",,,,,,93,1,128,,,
"dot/dot_bf16_bf16_fp32_1xNx1_1x1x1/256/1/real_time",345733,404.216,400.75,ns,,,"1x256x1",,,,,,1,1,256,,,
"dot/dot_bf16_bf16_fp32_1xNx1_1x1x1/256/11/real_time",45939,3041.77,3013.51,ns,,,"1x256x11",,,,,,11,1,256,,,
"dot/dot_bf16_bf16_fp32_1xNx1_1x1x1/256/22/real_time",23615,5917.99,5871.42,ns,,,"1x256x22",,,,,,22,1,256,,,
"dot/dot_bf16_bf16_fp32_1xNx1_1x1x1/256/33/real_time",15846,8836.38,8750.74,ns,,,"1x256x33",,,,,,33,1,256,,,
"dot/dot_bf16_bf16_fp32_1xNx1_1x1x1/256/45/real_time",11282,11988,11863.8,ns,,,"1x256x45",,,,,,45,1,256,,,
"dot/dot_int8_int8_int32_1xNx1_1x1x1/32/1/real_time",1650580,84.8976,84.0606,ns,,,"1x32x1",,,,,,1,1,32,,,
"dot/dot_int8_int8_int32_1xNx1_1x1x1/32/185/real_time",37610,3714.06,3671.17,ns,,,"1x32x185",,,,,,185,1,32,,,
"dot/dot_int8_int8_int32_1xNx1_1x1x1/32/370/real_time",18977,7342.02,7269.35,ns,,,"1x32x370",,,,,,370,1,32,,,
"dot/dot_int8_int8_int32_1xNx1_1x1x1/32/555/real_time",12745,11010.2,10872.6,ns,,,"1x32x555",,,,,,555,1,32,,,
"dot/dot_int8_int8_int32_1xNx1_1x1x1/32/740/real_time",9571,14686.5,14473.8,ns,,,"1x32x740",,,,,,740,1,32,,,
"dot/dot_int8_int8_int32_1xNx1_1x1x1/64/1/real_time",1185102,117.027,115.844,ns,,,"1x64x1",,,,,,1,1,64,,,
"dot/dot_int8_int8_int32_1xNx1_1x1x1/64/93/real_time",40945,3413.17,3377.25,ns,,,"1x64x93",,,,,,93,1,64,,,
"dot/dot_int8_int8_int32_1xNx1_1x1x1/64/187/real_time",20658,6775.58,6704.28,ns,,,"1x64x187",,,,,,187,1,64,,,
"dot/dot_int8_int8_int32_1xNx1_1x1x1/64/280/real_time",13939,10087.6,9993.52,ns,,,"1x64x280",,,,,,280,1,64,,,
"dot/dot_int8_int8_int32_1xNx1_1x1x1/64/374/real_time",10393,13463.9,13320.9,ns,,,"1x64x374",,,,,,374,1,64,,,
"dot/dot_int8_int8_int32_1xNx1_1x1x1/128/1/real_time",818591,170.639,168.436,ns,,,"1x128x1",,,,,,1,1,128,,,
"dot/dot_int8_int8_int32_1xNx1_1x1x1/128/46/real_time",43275,3229.86,3197.92,ns,,,"1x128x46",,,,,,46,1,128,,,
"dot/dot_int8_int8_int32_1xNx1_1x1x1/128/93/real_time",21787,6416.68,6357.89,ns,,,"1x128x93",,,,,,93,1,128,,,
"dot/dot_int8_int8_int32_1xNx1_1x1x1/128/139/real_time",14678,9527.31,9449.94,ns,,,"1x128x139",,,,,,139,1,128,,,
"dot/dot_int8_int8_int32_1xNx1_1x1x1/128/186/real_time",10951,12738.8,12609.6,ns,,,"1x128x186",,,,,,186,1,128,,,
"dot/dot_int8_int8_int32_1xNx1_1x1x1/256/1/real_time",510979,274.746,271.167,ns,,,"1x256x1",,,,,,1,1,256,,,
"dot/dot_int8_int8_int32_1xNx1_1x1x1/256/22/real_time",45975,3055.54,3023.89,ns,,,"1x256x22",,,,,,22,1,256,,,
"dot/dot_int8_int8_int32_1xNx1_1x1x1/256/45/real_time",22968,6090.76,6034.19,ns,,,"1x256x45",,,,,,45,1,256,,,
"dot/dot_int8_int8_int32_1xNx1_1x1x1/256/68/real_time",15316,9213.91,9058.83,ns,,,"1x256x68",,,,,,68,1,256,,,
"dot/dot_int8_int8_int32_1xNx1_1x1x1/256/91/real_time",11489,12183.7,12054.8,ns,,,"1x256x91",,,,,,91,1,256,,,
"dot/dot_uint8_int8_int32_1xNx1_1x1x1/32/1/real_time",1580363,87.5951,85.8297,ns,,,"1x32x1",,,,,,1,1,32,,,
"dot/dot_uint8_int8_int32_1xNx1_1x1x1/32/185/real_time",35895,3902.4,3842.69,ns,,,"1x32x185",,,,,,185,1,32,,,
"dot/dot_uint8_int8_int32_1xNx1_1x1x1/32/370/real_time",18031,7713.16,7610.11,ns,,,"1x32x370",,,,,,370,1,32,,,
"dot/dot_uint8_int8_int32_1xNx1_1x1x1/32/555/real_time",12038,11542.9,11379.4,ns,,,"1x32x555",,,,,,555,1,32,,,
"dot/dot_uint8_int8_int32_1xNx1_1x1x1/32/740/real_time",9096,15348.3,15146.1,ns,,,"1x32x740",,,,,,740,1,32,,,
"dot/dot_uint8_int8_int32_1xNx1_1x1x1/64/1/real_time",1142901,121.523,119.438,ns,,,"1x64x1",,,,,,1,1,64,,,
"dot/dot_uint8_int8_int32_1xNx1_1x1x1/64/93/real_time",37930,3713.2,3633.24,ns,,,"1x64x93",,,,,,93,1,64,,,
"dot/dot_uint8_int8_int32_1xNx1_1x1x1/64/187/real_time",19144,7301.1,7204.97,ns,,,"1x64x187",,,,,,187,1,64,,,
"dot/dot_uint8_int8_int32_1xNx1_1x1x1/64/280/real_time",12786,10907.9,10744.7,ns,,,"1x64x280",,,,,,280,1,64,,,
"dot/dot_uint8_int8_int32_1xNx1_1x1x1/64/374/real_time",9576,14524.3,14323.9,ns,,,"1x64x374",,,,,,374,1,64,,,
"dot/dot_uint8_int8_int32_1xNx1_1x1x1/128/1/real_time",788226,178.046,175.483,ns,,,"1x128x1",,,,,,1,1,128,,,
"dot/dot_uint8_int8_int32_1xNx1_1x1x1/128/46/real_time",39567,3568.73,3492.01,ns,,,"1x128x46",,,,,,46,1,128,,,
"dot/dot_uint8_int8_int32_1xNx1_1x1x1/128/93/real_time",19882,7056.63,6939.1,ns,,,"1x128x93",,,,,,93,1,128,,,
"dot/dot_uint8_int8_int32_1xNx1_1x1x1/128/139/real_time",13343,10461.5,10322.8,ns,,,"1x128x139",,,,,,139,1,128,,,
"dot/dot_uint8_int8_int32_1xNx1_1x1x1/128/186/real_time",10049,13957.8,13769.3,ns,,,"1x128x186",,,,,,186,1,128,,,
"dot/dot_uint8_int8_int32_1xNx1_1x1x1/256/1/real_time",480731,292.004,285.626,ns,,,"1x256x1",,,,,,1,1,256,,,
"dot/dot_uint8_int8_int32_1xNx1_1x1x1/256/22/real_time",41536,3365.1,3323.15,ns,,,"1x256x22",,,,,,22,1,256,,,
"dot/dot_uint8_int8_int32_1xNx1_1x1x1/256/45/real_time",20776,6763.68,6651.78,ns,,,"1x256x45",,,,,,45,1,256,,,
"dot/dot_uint8_int8_int32_1xNx1_1x1x1/256/68/real_time",13878,10143.4,9980.05,ns,,,"1x256x68",,,,,,68,1,256,,,
"dot/dot_uint8_int8_int32_1xNx1_1x1x1/256/91/real_time",10233,13503.7,13301.3,ns,,,"1x256x91",,,,,,91,1,256,,,
"dot/dot_int8_int4_int32_1xNx2_1x1x2/32/2/real_time",1271878,108.7,107.219,ns,,,"1x32x2",,,,,,2,1,32,,,
"dot/dot_int8_int4_int32_1xNx2_1x1x2/32/358/real_time",24558,5703.64,5623.67,ns,,,"1x32x358",,,,,,358,1,32,,,
"dot/dot_int8_int4_int32_1xNx2_1x1x2/32/718/real_time",12311,11371.7,11199.8,ns,,,"1x32x718",,,,,,718,1,32,,,
"dot/dot_int8_int4_int32_1xNx2_1x1x2/32/1078/real_time",8160,17036.9,16770.8,ns,,,"1x32x1078",,,,,,1078,1,32,,,
"dot/dot_int8_int4_int32_1xNx2_1x1x2/32/1438/real_time",6151,22611.8,22339.6,ns,,,"1x32x1438",,,,,,1438,1,32,,,
"dot/dot_int8_int4_int32_1xNx2_1x1x2/64/2/real_time",926839,149.81,147.949,ns,,,"1x64x2",,,,,,2,1,64,,,
"dot/dot_int8_int4_int32_1xNx2_1x1x2/64/184/real_time",26093,5387.83,5306.13,ns,,,"1x64x184",,,,,,184,1,64,,,
"dot/dot_int8_int4_int32_1xNx2_1x1x2/64/368/real_time",13186,10729.6,10518.6,ns,,,"1x64x368",,,,,,368,1,64,,,
"dot/dot_int8_int4_int32_1xNx2_1x1x2/64/552/real_time",8707,15969.4,15725.6,ns,,,"1x64x552",,,,,,552,1,64,,,
"dot/dot_int8_int4_int32_1xNx2_1x1x2/64/736/real_time",6604,21251.1,20929.7,ns,,,"1x64x736",,,,,,736,1,64,,,
"dot/dot_int8_int4_int32_1xNx2_1x1x2/128/2/real_time",625164,223.162,220.043,ns,,,"1x128x2",,,,,,2,1,128,,,
"dot/dot_int8_int4_int32_1xNx2_1x1x2/128/92/real_time",27093,5167.57,5082.53,ns,,,"1x128x92",,,,,,92,1,128,,,
"dot/dot_int8_int4_int32_1xNx2_1x1x2/128/184/real_time",13655,10214.1,10048.5,ns,,,"1x128x184",,,,,,184,1,128,,,
"dot/dot_int8_int4_int32_1xNx2_1x1x2/128/276/real_time",9156,15364.1,15043.5,ns,,,"1x128x276",,,,,,276,1,128,,,
"dot/dot_int8_int4_int32_1xNx2_1x1x2/128/370/real_time",6868,20348.4,20087.2,ns,,,"1x128x370",,,,,,370,1,128,,,
"dot/dot_int8_int4_int32_1xNx2_1x1x2/256/2/real_time",383229,368.233,362.13,ns,,,"1x256x2",,,,,,2,1,256,,,
"dot/dot_int8_int4_int32_1xNx2_1x1x2/256/44/real_time",28812,4862.65,4786.85,ns,,,"1x256x44",,,,,,44,1,256,,,
"dot/dot_int8_int4_int32_1xNx2_1x1x2/256/90/real_time",14330,9771.87,9631.42,ns,,,"1x256x90",,,,,,90,1,256,,,
"dot/dot_int8_int4_int32_1xNx2_1x1x2/256/136/real_time",9470,14705.3,14486.9,ns,,,"1x256x136",,,,,,136,1,256,,,
"dot/dot_int8_int4_int32_1xNx2_1x1x2/256/182/real_time",7111,19581.6,19314.9,ns,,,"1x256x182",,,,,,182,1,256,,,
"dot/dot_int8_int2_int32_1xNx4_1x1x4/32/4/real_time",1198160,116.411,114.759,ns,,,"1x32x4",,,,,,4,1,32,,,
"dot/dot_int8_int2_int32_1xNx4_1x1x4/32/676/real_time",18033,7751.73,7646.4,ns,,,"1x32x676",,,,,,676,1,32,,,
"dot/dot_int8_int2_int32_1xNx4_1x1x4/32/1356/real_time",9104,15450.1,15258.6,ns,,,"1x32x1356",,,,,,1356,1,32,,,
"dot/dot_int8_int2_int32_1xNx4_1x1x4/32/2036/real_time",6049,23126.9,22869.2,ns,,,"1x32x2036",,,,,,2036,1,32,,,
"dot/dot_int8_int2_int32_1xNx4_1x1x4/32/2716/real_time",4525,30867.3,30484.3,ns,,,"1x32x2716",,,,,,2716,1,32,,,
"dot/dot_int8_int2_int32_1xNx4_1x1x4/64/4/real_time",833060,167.225,165.363,ns,,,"1x64x4",,,,,,4,1,64,,,
"dot/dot_int8_int2_int32_1xNx4_1x1x4/64/356/real_time",19632,7171.81,7067.63,ns,,,"1x64x356",,,,,,356,1,64,,,
"dot/dot_int8_int2_int32_1xNx4_1x1x4/64/712/real_time",9762,14234.1,14029.8,ns,,,"1x64x712",,,,,,712,1,64,,,
"dot/dot_int8_int2_int32_1xNx4_1x1x4/64/1068/real_time",6532,21317.7,21007.5,ns,,,"1x64x1068",,,,,,1068,1,64,,,
"dot/dot_int8_int2_int32_1xNx4_1x1x4/64/1428/real_time",4929,28351.3,28039.9,ns,,,"1x64x1428",,,,,,1428,1,64,,,
"dot/dot_int8_int2_int32_1xNx4_1x1x4/128/4/real_time",539102,260.086,255.503,ns,,,"1x128x4",,,,,,4,1,128,,,
"dot/dot_int8_int2_int32_1xNx4_1x1x4/128/180/real_time",20717,6748.7,6664.13,ns,,,"1x128x180",,,,,,180,1,128,,,
"dot/dot_int8_int2_int32_1xNx4_1x1x4/128/364/real_time",10278,13613.6,13368.5,ns,,,"1x128x364",,,,,,364,1,128,,,
"dot/dot_int8_int2_int32_1xNx4_1x1x4/128/544/real_time",6917,20236,19916.4,ns,,,"1x128x544",,,,,,544,1,128,,,
"dot/dot_int8_int2_int32_1xNx4_1x1x4/128/728/real_time",5148,27081.8,26615.6,ns,,,"1x128x728",,,,,,728,1,128,,,
"dot/dot_int8_int2_int32_1xNx4_1x1x4/256/4/real_time",322360,435,428.025,ns,,,"1x256x4",,,,,,4,1,256,,,
"dot/dot_int8_int2_int32_1xNx4_1x1x4/256/88/real_time",21821,6434.01,6314.21,ns,,,"1x256x88",,,,,,88,1,256,,,
"dot/dot_int8_int2_int32_1xNx4_1x1x4/256/180/real_time",10739,12980.9,12757.6,ns,,,"1x256x180",,,,,,180,1,256,,,
"dot/dot_int8_int2_int32_1xNx4_1x1x4/256/268/real_time",7246,19208,18916.4,ns,,,"1x256x268",,,,,,268,1,256,,,
"dot/dot_int8_int2_int32_1xNx4_1x1x4/256/360/real_time",5432,25731,25358.4,ns,,,"1x256x360",,,,,,360,1,256,,,
