name,iterations,real_time,cpu_time,time_unit,bytes_per_second,items_per_second,label,error_occurred,error_message
"dot/dot_fp32_sme2/0/0/real_time",,,,,,,,false,"Unsupported hardware"
"dot/dot_bf16_bf16_fp32_sme2/0/0/real_time",,,,,,,,false,"Unsupported hardware"
"dot/dot_fp16_fp16_fp32_sme2/0/0/real_time",,,,,,,,false,"Unsupported hardware"
"dot/dot_int8_int8_int32_sme2/0/0/real_time",,,,,,,,false,"Unsupported hardware"
"dot/dot_fp32_sme/0/0/real_time",,,,,,,,false,"Unsupported hardware"
"dot/dot_bf16_bf16_fp32_sme/0/0/real_time",,,,,,,,false,"Unsupported hardware"
"dot/dot_fp16_fp16_fp32_sme/0/0/real_time",,,,,,,,false,"Unsupported hardware"
"dot/dot_int8_int8_int32_sme/0/0/real_time",,,,,,,,false,"Unsupported hardware"
"dot/dot_int8_int4_int32_sme/0/0/real_time",,,,,,,,false,"Unsupported hardware"
"dot/dot_int8_int2_int32_sme/0/0/real_time",,,,,,,,false,"Unsupported hardware"
"dot/dot_fp8_e5m2_fp8_e5m2_fp32_1x64x8_1x4x4_neonfp8dot4/64/8/real_time",,,,,,,,false,"Unsupported hardware"
"dot/dot_fp8_e5m2_fp8_e5m2_fp32_1x64x8_1x4x4_neonfp8dot4/64/88/real_time",,,,,,,,false,"Unsupported hardware"
"dot/dot_fp8_e5m2_fp8_e5m2_fp32_1x64x8_1x4x4_neonfp8dot4/64/184/real_time",,,,,,,,false,"Unsupported hardware"
"dot/dot_fp8_e5m2_fp8_e5m2_fp32_1x64x8_1x4x4_neonfp8dot4/64/272/real_time",,,,,,,,false,"Unsupported hardware"
"dot/dot_fp8_e5m2_fp8_e5m2_fp32_1x64x8_1x4x4_neonfp8dot4/64/368/real_time",,,,,,,,false,"Unsupported hardware"
"dot/dot_fp8_e5m2_fp8_e5m2_fp32_1x64x8_1x4x4_neonfp8dot4/128/8/real_time",,,,,,,,false,"Unsupported hardware"
"dot/dot_fp8_e5m2_fp8_e5m2_fp32_1x64x8_1x4x4_neonfp8dot4/128/40/real_time",,,,,,,,false,"Unsupported hardware"
"dot/dot_fp8_e5m2_fp8_e5m2_fp32_1x64x8_1x4x4_neonfp8dot4/128/88/real_time",,,,,,,,false,"Unsupported hardware"
"dot/dot_fp8_e5m2_fp8_e5m2_fp32_1x64x8_1x4x4_neonfp8dot4/128/136/real_time",,,,,,,,false,"Unsupported hardware"
"dot/dot_fp8_e5m2_fp8_e5m2_fp32_1x64x8_1x4x4_neonfp8dot4/128/184/real_time",,,,,,,,false,"Unsupported hardware"
"dot/dot_fp8_e5m2_fp8_e5m2_fp32_1x64x8_1x4x4_neonfp8dot4/256/8/real_time",,,,,,,,false,"Unsupported hardware"
"dot/dot_fp8_e5m2_fp8_e5m2_fp32_1x64x8_1x4x4_neonfp8dot4/256/16/real_time",,,,,,,,false,"Unsupported hardware"
"dot/dot_fp8_e5m2_fp8_e5m2_fp32_1x64x8_1x4x4_neonfp8dot4/256/40/real_time",,,,,,,,false,"Unsupported hardware"
"dot/dot_fp8_e5m2_fp8_e5m2_fp32_1x64x8_1x4x4_neonfp8dot4/256/64/real_time",,,,,,,,false,"Unsupported hardware"
"dot/dot_fp8_e5m2_fp8_e5m2_fp32_1x64x8_1x4x4_neonfp8dot4/256/88/real_time",,,,,,,,false,"Unsupported hardware"
"dot/dot_fp8_e5m2_fp8_e5m2_fp32_1x64x8_1x4x4_neonfp8dot4/512/8/real_time",,,,,,,,false,"Unsupported hardware"
"dot/dot_fp8_e5m2_fp8_e5m2_fp32_1x64x8_1x4x4_neonfp8dot4/512/16/real_time",,,,,,,,false,"Unsupported hardware"
"dot/dot_fp8_e5m2_fp8_e5m2_fp32_1x64x8_1x4x4_neonfp8dot4/512/24/real_time",,,,,,,,false,"Unsupported hardware"
"dot/dot_fp8_e5m2_fp8_e5m2_fp32_1x64x8_1x4x4_neonfp8dot4/512/40/real_time",,,,,,,,false,"Unsupported hardware"
"dot/dot_fp8_e5m2_fp8_e5m2_fp32_1x32x8_1x4x4_neonfp8dot4/32/8/real_time",,,,,,,,false,"Unsupported hardware"
"dot/dot_fp8_e5m2_fp8_e5m2_fp32_1x32x8_1x4x4_neonfp8dot4/32/184/real_time",,,,,,,,false,"Unsupported hardware"
"dot/dot_fp8_e5m2_fp8_e5m2_fp32_1x32x8_1x4x4_neonfp8dot4/32/368/real_time",,,,,,,,false,"Unsupported hardware"
"dot/dot_fp8_e5m2_fp8_e5m2_fp32_1x32x8_1x4x4_neonfp8dot4/32/552/real_time",,,,,,,,false,"Unsupported hardware"
"dot/dot_fp8_e5m2_fp8_e5m2_fp32_1x32x8_1x4x4_neonfp8dot4/32/736/real_time",,,,,,,,false,"Unsupported hardware"
"dot/dot_fp8_e5m2_fp8_e5m2_fp32_1x32x8_1x4x4_neonfp8dot4/64/8/real_time",,,,,,,,false,"Unsupported hardware"
"dot/dot_fp8_e5m2_fp8_e5m2_fp32_1x32x8_1x4x4_neonfp8dot4/64/88/real_time",,,,,,,,false,"Unsupported hardware"
"dot/dot_fp8_e5m2_fp8_e5m2_fp32_1x32x8_1x4x4_neonfp8dot4/64/184/real_time",,,,,,,,false,"Unsupported hardware"
"dot/dot_fp8_e5m2_fp8_e5m2_fp32_1x32x8_1x4x4_neonfp8dot4/64/272/real_time",,,,,,,,false,"Unsupported hardware"
"dot/dot_fp8_e5m2_fp8_e5m2_fp32_1x32x8_1x4x4_neonfp8dot4/64/368/real_time",,,,,,,,false,"Unsupported hardware"
"dot/dot_fp8_e5m2_fp8_e5m2_fp32_1x32x8_1x4x4_neonfp8dot4/128/8/real_time",,,,,,,,false,"Unsupported hardware"
"dot/dot_fp8_e5m2_fp8_e5m2_fp32_1x32x8_1x4x4_neonfp8dot4/128/40/real_time",,,,,,,,false,"Unsupported hardware"
"dot/dot_fp8_e5m2_fp8_e5m2_fp32_1x32x8_1x4x4_neonfp8dot4/128/88/real_time",,,,,,,,false,"Unsupported hardware"
"dot/dot_fp8_e5m2_fp8_e5m2_fp32_1x32x8_1x4x4_neonfp8dot4/128/136/real_time",,,,,,,,false,"Unsupported hardware"
"dot/dot_fp8_e5m2_fp8_e5m2_fp32_1x32x8_1x4x4_neonfp8dot4/128/184/real_time",,,,,,,,false,"Unsupported hardware"
"dot/dot_fp8_e5m2_fp8_e5m2_fp32_1x32x8_1x4x4_neonfp8dot4/256/8/real_time",,,,,,,,false,"Unsupported hardware"
"dot/dot_fp8_e5m2_fp8_e5m2_fp32_1x32x8_1x4x4_neonfp8dot4/256/16/real_time",,,,,,,,false,"Unsupported hardware"
"dot/dot_fp8_e5m2_fp8_e5m2_fp32_1x32x8_1x4x4_neonfp8dot4/256/40/real_time",,,,,,,,false,"Unsupported hardware"
"dot/dot_fp8_e5m2_fp8_e5m2_fp32_1x32x8_1x4x4_neonfp8dot4/256/64/real_time",,,,,,,,false,"Unsupported hardware"
"dot/dot_fp8_e5m2_fp8_e5m2_fp32_1x32x8_1x4x4_neonfp8dot4/256/88/real_time",,,,,,,,false,"Unsupported hardware"
"dot/dot_fp8_e5m2_fp8_e5m2_fp32_2x32x8_1x4x4_neonfp8dot4/32/8/real_time",,,,,,,,false,"Unsupported hardware"
"dot/dot_fp8_e5m2_fp8_e5m2_fp32_2x32x8_1x4x4_neonfp8dot4/32/176/real_time",,,,,,,,false,"Unsupported hardware"
"dot/dot_fp8_e5m2_fp8_e5m2_fp32_2x32x8_1x4x4_neonfp8dot4/32/352/real_time",,,,,,,,false,"Unsupported hardware"
"dot/dot_fp8_e5m2_fp8_e5m2_fp32_2x32x8_1x4x4_neonfp8dot4/32/528/real_time",,,,,,,,false,"Unsupported hardware"
"dot/dot_fp8_e5m2_fp8_e5m2_fp32_2x32x8_1x4x4_neonfp8dot4/32/712/real_time",,,,,,,,false,"Unsupported hardware"
"dot/dot_fp8_e5m2_fp8_e5m2_fp32_2x32x8_1x4x4_neonfp8dot4/64/8/real_time",,,,,,,,false,"Unsupported hardware"
"dot/dot_fp8_e5m2_fp8_e5m2_fp32_2x32x8_1x4x4_neonfp8dot4/64/88/real_time",,,,,,,,false,"Unsupported hardware"
"dot/dot_fp8_e5m2_fp8_e5m2_fp32_2x32x8_1x4x4_neonfp8dot4/64/176/real_time",,,,,,,,false,"Unsupported hardware"
"dot/dot_fp8_e5m2_fp8_e5m2_fp32_2x32x8_1x4x4_neonfp8dot4/64/264/real_time",,,,,,,,false,"Unsupported hardware"
"dot/dot_fp8_e5m2_fp8_e5m2_fp32_2x32x8_1x4x4_neonfp8dot4/64/360/real_time",,,,,,,,false,"Unsupported hardware"
"dot/dot_fp8_e5m2_fp8_e5m2_fp32_2x32x8_1x4x4_neonfp8dot4/128/8/real_time",,,,,,,,false,"Unsupported hardware"
"dot/dot_fp8_e5m2_fp8_e5m2_fp32_2x32x8_1x4x4_neonfp8dot4/128/40/real_time",,,,,,,,false,"Unsupported hardware"
"dot/dot_fp8_e5m2_fp8_e5m2_fp32_2x32x8_1x4x4_neonfp8dot4/128/88/real_time",,,,,,,,false,"Unsupported hardware"
"dot/dot_fp8_e5m2_fp8_e5m2_fp32_2x32x8_1x4x4_neonfp8dot4/128/128/real_time",,,,,,,,false,"Unsupported hardware"
"dot/dot_fp8_e5m2_fp8_e5m2_fp32_2x32x8_1x4x4_neonfp8dot4/128/176/real_time",,,,,,,,false,"Unsupported hardware"
"dot/dot_fp8_e5m2_fp8_e5m2_fp32_2x32x8_1x4x4_neonfp8dot4/256/8/real_time",,,,,,,,false,"Unsupported hardware"
"dot/dot_fp8_e5m2_fp8_e5m2_fp32_2x32x8_1x4x4_neonfp8dot4/256/16/real_time",,,,,,,,false,"Unsupported hardware"
"dot/dot_fp8_e5m2_fp8_e5m2_fp32_2x32x8_1x4x4_neonfp8dot4/256/40/real_time",,,,,,,,false,"Unsupported hardware"
"dot/dot_fp8_e5m2_fp8_e5m2_fp32_2x32x8_1x4x4_neonfp8dot4/256/56/real_time",,,,,,,,false,"Unsupported hardware"
"dot/dot_fp8_e5m2_fp8_e5m2_fp32_2x32x8_1x4x4_neonfp8dot4/256/80/real_time",,,,,,,,false,"Unsupported hardware"
"dot/dot_fp8_e5m2_fp8_e5m2_fp32_3x32x8_1x4x4_neonfp8dot4/32/8/real_time",,,,,,,,false,"Unsupported hardware"
"dot/dot_fp8_e5m2_fp8_e5m2_fp32_3x32x8_1x4x4_neonfp8dot4/32/168/real_time",,,,,,,,false,"Unsupported hardware"
"dot/dot_fp8_e5m2_fp8_e5m2_fp32_3x32x8_1x4x4_neonfp8dot4/32/344/real_time",,,,,,,,false,"Unsupported hardware"
"dot/dot_fp8_e5m2_fp8_e5m2_fp32_3x32x8_1x4x4_neonfp8dot4/32/512/real_time",,,,,,,,false,"Unsupported hardware"
"dot/dot_fp8_e5m2_fp8_e5m2_fp32_3x32x8_1x4x4_neonfp8dot4/32/688/real_time",,,,,,,,false,"Unsupported hardware"
"dot/dot_fp8_e5m2_fp8_e5m2_fp32_3x32x8_1x4x4_neonfp8dot4/64/8/real_time",,,,,,,,false,"Unsupported hardware"
"dot/dot_fp8_e5m2_fp8_e5m2_fp32_3x32x8_1x4x4_neonfp8dot4/64/88/real_time",,,,,,,,false,"Unsupported hardware"
"dot/dot_fp8_e5m2_fp8_e5m2_fp32_3x32x8_1x4x4_neonfp8dot4/64/176/real_time",,,,,,,,false,"Unsupported hardware"
"dot/dot_fp8_e5m2_fp8_e5m2_fp32_3x32x8_1x4x4_neonfp8dot4/64/264/real_time",,,,,,,,false,"Unsupported hardware"
"dot/dot_fp8_e5m2_fp8_e5m2_fp32_3x32x8_1x4x4_neonfp8dot4/64/352/real_time",,,,,,,,false,"Unsupported hardware"
"dot/dot_fp8_e5m2_fp8_e5m2_fp32_3x32x8_1x4x4_neonfp8dot4/128/8/real_time",,,,,,,,false,"Unsupported hardware"
"dot/dot_fp8_e5m2_fp8_e5m2_fp32_3x32x8_1x4x4_neonfp8dot4/128/40/real_time",,,,,,,,false,"Unsupported hardware"
"dot/dot_fp8_e5m2_fp8_e5m2_fp32_3x32x8_1x4x4_neonfp8dot4/128/80/real_time",,,,,,,,false,"Unsupported hardware"
"dot/dot_fp8_e5m2_fp8_e5m2_fp32_3x32x8_1x4x4_neonfp8dot4/128/120/real_time",,,,,,,,false,"Unsupported hardware"
"dot/dot_fp8_e5m2_fp8_e5m2_fp32_3x32x8_1x4x4_neonfp8dot4/128/168/real_time",,,,,,,,false,"Unsupported hardware"
"dot/dot_fp8_e5m2_fp8_e5m2_fp32_3x32x8_1x4x4_neonfp8dot4/256/8/real_time",,,,,,,,false,"Unsupported hardware"
"dot/dot_fp8_e5m2_fp8_e5m2_fp32_3x32x8_1x4x4_neonfp8dot4/256/16/real_time",,,,,,,,false,"Unsupported hardware"
"dot/dot_fp8_e5m2_fp8_e5m2_fp32_3x32x8_1x4x4_neonfp8dot4/256/40/real_time",,,,,,,,false,"Unsupported hardware"
"dot/dot_fp8_e5m2_fp8_e5m2_fp32_3x32x8_1x4x4_neonfp8dot4/256/56/real_time",,,,,,,,false,"Unsupported hardware"
"dot/dot_fp8_e5m2_fp8_e5m2_fp32_3x32x8_1x4x4_neonfp8dot4/256/80/real_time",,,,,,,,false,"Unsupported hardware"
"dot/dot_fp8_e5m2_fp8_e5m2_fp32_1x16x8_1x4x4_neonfp8dot4/16/8/real_time",,,,,,,,false,"Unsupported hardware"
"dot/dot_fp8_e5m2_fp8_e5m2_fp32_1x16x8_1x4x4_neonfp8dot4/16/360/real_time",,,,,,,,false,"Unsupported hardware"
"dot/dot_fp8_e5m2_fp8_e5m2_fp32_1x16x8_1x4x4_neonfp8dot4/16/720/real_time",,,,,,,,false,"Unsupported hardware"
"dot/dot_fp8_e5m2_fp8_e5m2_fp32_1x16x8_1x4x4_neonfp8dot4/16/1080/real_time",,,,,,,,false,"Unsupported hardware"
"dot/dot_fp8_e5m2_fp8_e5m2_fp32_1x16x8_1x4x4_neonfp8dot4/16/1440/real_time",,,,,,,,false,"Unsupported hardware"
"dot/dot_fp8_e5m2_fp8_e5m2_fp32_1x16x8_1x4x4_neonfp8dot4/32/8/real_time",,,,,,,,false,"Unsupported hardware"
"dot/dot_fp8_e5m2_fp8_e5m2_fp32_1x16x8_1x4x4_neonfp8dot4/32/184/real_time",,,,,,,,false,"Unsupported hardware"
"dot/dot_fp8_e5m2_fp8_e5m2_fp32_1x16x8_1x4x4_neonfp8dot4/32/368/real_time",,,,,,,,false,"Unsupported hardware"
"dot/dot_fp8_e5m2_fp8_e5m2_fp32_1x16x8_1x4x4_neonfp8dot4/32/552/real_time",,,,,,,,false,"Unsupported hardware"
"dot/dot_fp8_e5m2_fp8_e5m2_fp32_1x16x8_1x4x4_neonfp8dot4/32/736/real_time",,,,,,,,false,"Unsupported hardware"
"dot/dot_fp8_e5m2_fp8_e5m2_fp32_1x16x8_1x4x4_neonfp8dot4/64/8/real_time",,,,,,,,false,"Unsupported hardware"
"dot/dot_fp8_e5m2_fp8_e5m2_fp32_1x16x8_1x4x4_neonfp8dot4/64/88/real_time",,,,,,,,false,"Unsupported hardware"
"dot/dot_fp8_e5m2_fp8_e5m2_fp32_1x16x8_1x4x4_neonfp8dot4/64/184/real_time",,,,,,,,false,"Unsupported hardware"
"dot/dot_fp8_e5m2_fp8_e5m2_fp32_1x16x8_1x4x4_neonfp8dot4/64/272/real_time",,,,,,,,false,"Unsupported hardware"
"dot/dot_fp8_e5m2_fp8_e5m2_fp32_1x16x8_1x4x4_neonfp8dot4/64/368/real_time",,,,,,,,false,"Unsupported hardware"
"dot/dot_fp8_e5m2_fp8_e5m2_fp32_1x16x8_1x4x4_neonfp8dot4/128/8/real_time",,,,,,,,false,"Unsupported hardware"
"dot/dot_fp8_e5m2_fp8_e5m2_fp32_1x16x8_1x4x4_neonfp8dot4/128/40/real_time",,,,,,,,false,"Unsupported hardware"
"dot/dot_fp8_e5m2_fp8_e5m2_fp32_1x16x8_1x4x4_neonfp8dot4/128/88/real_time",,,,,,,,false,"Unsupported hardware"
"dot/dot_fp8_e5m2_fp8_e5m2_fp32_1x16x8_1x4x4_neonfp8dot4/128/136/real_time",,,,,,,,false,"Unsupported hardware"
"dot/dot_fp8_e5m2_fp8_e5m2_fp32_1x16x8_1x4x4_neonfp8dot4/128/184/real_time",,,,,,,,false,"Unsupported hardware"
"dot/dot_fp8_e5m2_fp8_e5m2_fp32_2x16x8_1x4x4_neonfp8dot4/16/8/real_time",,,,,,,,false,"Unsupported hardware"
"dot/dot_fp8_e5m2_fp8_e5m2_fp32_2x16x8_1x4x4_neonfp8dot4/16/336/real_time",,,,,,,,false,"Unsupported hardware"
"dot/dot_fp8_e5m2_fp8_e5m2_fp32_2x16x8_1x4x4_neonfp8dot4/16/672/real_time",,,,,,,,false,"Unsupported hardware"
"dot/dot_fp8_e5m2_fp8_e5m2_fp32_2x16x8_1x4x4_neonfp8dot4/16/1008/real_time",,,,,,,,false,"Unsupported hardware"
"dot/dot_fp8_e5m2_fp8_e5m2_fp32_2x16x8_1x4x4_neonfp8dot4/16/1352/real_time",,,,,,,,false,"Unsupported hardware"
"dot/dot_fp8_e5m2_fp8_e5m2_fp32_2x16x8_1x4x4_neonfp8dot4/32/8/real_time",,,,,,,,false,"Unsupported hardware"
"dot/dot_fp8_e5m2_fp8_e5m2_fp32_2x16x8_1x4x4_neonfp8dot4/32/176/real_time",,,,,,,,false,"Unsupported hardware"
"dot/dot_fp8_e5m2_fp8_e5m2_fp32_2x16x8_1x4x4_neonfp8dot4/32/352/real_time",,,,,,,,false,"Unsupported hardware"
"dot/dot_fp8_e5m2_fp8_e5m2_fp32_2x16x8_1x4x4_neonfp8dot4/32/528/real_time",,,,,,,,false,"Unsupported hardware"
"dot/dot_fp8_e5m2_fp8_e5m2_fp32_2x16x8_1x4x4_neonfp8dot4/32/712/real_time",,,,,,,,false,"Unsupported hardware"
"dot/dot_fp8_e5m2_fp8_e5m2_fp32_2x16x8_1x4x4_neonfp8dot4/64/8/real_time",,,,,,,,false,"Unsupported hardware"
"dot/dot_fp8_e5m2_fp8_e5m2_fp32_2x16x8_1x4x4_neonfp8dot4/64/88/real_time",,,,,,,,false,"Unsupported hardware"
"dot/dot_fp8_e5m2_fp8_e5m2_fp32_2x16x8_1x4x4_neonfp8dot4/64/176/real_time",,,,,,,,false,"Unsupported hardware"
"dot/dot_fp8_e5m2_fp8_e5m2_fp32_2x16x8_1x4x4_neonfp8dot4/64/264/real_time",,,,,,,,false,"Unsupported hardware"
"dot/dot_fp8_e5m2_fp8_e5m2_fp32_2x16x8_1x4x4_neonfp8dot4/64/360/real_time",,,,,,,,false,"Unsupported hardware"
"dot/dot_fp8_e5m2_fp8_e5m2_fp32_2x16x8_1x4x4_neonfp8dot4/128/8/real_time",,,,,,,,false,"Unsupported hardware"
"dot/dot_fp8_e5m2_fp8_e5m2_fp32_2x16x8_1x4x4_neonfp8dot4/128/40/real_time",,,,,,,,false,"Unsupported hardware"
"dot/dot_fp8_e5m2_fp8_e5m2_fp32_2x16x8_1x4x4_neonfp8dot4/128/88/real_time",,,,,,,,false,"Unsupported hardware"
"dot/dot_fp8_e5m2_fp8_e5m2_fp32_2x16x8_1x4x4_neonfp8dot4/128/128/real_time",,,,,,,,false,"Unsupported hardware"
"dot/dot_fp8_e5m2_fp8_e5m2_fp32_2x16x8_1x4x4_neonfp8dot4/128/176/real_time",,,,,,,,false,"Unsupported hardware"
"dot/dot_fp8_e5m2_fp8_e5m2_fp32_3x16x8_1x4x4_neonfp8dot4/16/8/real_time",,,,,,,,false,"Unsupported hardware"
"dot/dot_fp8_e5m2_fp8_e5m2_fp32_3x16x8_1x4x4_neonfp8dot4/16/320/real_time",,,,,,,,false,"Unsupported hardware"
"dot/dot_fp8_e5m2_fp8_e5m2_fp32_3x16x8_1x4x4_neonfp8dot4/16/640/real_time",,,,,,,,false,"Unsupported hardware"
"dot/dot_fp8_e5m2_fp8_e5m2_fp32_3x16x8_1x4x4_neonfp8dot4/16/960/real_time",,,,,,,,false,"Unsupported hardware"
"dot/dot_fp8_e5m2_fp8_e5m2_fp32_3x16x8_1x4x4_neonfp8dot4/16/1280/real_time",,,,,,,,false,"Unsupported hardware"
"dot/dot_fp8_e5m2_fp8_e5m2_fp32_3x16x8_1x4x4_neonfp8dot4/32/8/real_time",,,,,,,,false,"Unsupported hardware"
"dot/dot_fp8_e5m2_fp8_e5m2_fp32_3x16x8_1x4x4_neonfp8dot4/32/168/real_time",,,,,,,,false,"Unsupported hardware"
"dot/dot_fp8_e5m2_fp8_e5m2_fp32_3x16x8_1x4x4_neonfp8dot4/32/344/real_time",,,,,,,,false,"Unsupported hardware"
"dot/dot_fp8_e5m2_fp8_e5m2_fp32_3x16x8_1x4x4_neonfp8dot4/32/512/real_time",,,,,,,,false,"Unsupported hardware"
"dot/dot_fp8_e5m2_fp8_e5m2_fp32_3x16x8_1x4x4_neonfp8dot4/32/688/real_time",,,,,,,,false,"Unsupported hardware"
"dot/dot_fp8_e5m2_fp8_e5m2_fp32_3x16x8_1x4x4_neonfp8dot4/64/8/real_time",,,,,,,,false,"Unsupported hardware"
"dot/dot_fp8_e5m2_fp8_e5m2_fp32_3x16x8_1x4x4_neonfp8dot4/64/88/real_time",,,,,,,,false,"Unsupported hardware"
"dot/dot_fp8_e5m2_fp8_e5m2_fp32_3x16x8_1x4x4_neonfp8dot4/64/176/real_time",,,,,,,,false,"Unsupported hardware"
"dot/dot_fp8_e5m2_fp8_e5m2_fp32_3x16x8_1x4x4_neonfp8dot4/64/264/real_time",,,,,,,,false,"Unsupported hardware"
"dot/dot_fp8_e5m2_fp8_e5m2_fp32_3x16x8_1x4x4_neonfp8dot4/64/352/real_time",,,,,,,,false,"Unsupported hardware"
"dot/dot_fp8_e5m2_fp8_e5m2_fp32_3x16x8_1x4x4_neonfp8dot4/128/8/real_time",,,,,,,,false,"Unsupported hardware"
"dot/dot_fp8_e5m2_fp8_e5m2_fp32_3x16x8_1x4x4_neonfp8dot4/128/40/real_time",,,,,,,,false,"Unsupported hardware"
"dot/dot_fp8_e5m2_fp8_e5m2_fp32_3x16x8_1x4x4_neonfp8dot4/128/80/real_time",,,,,,,,false,"Unsupported hardware"
"dot/dot_fp8_e5m2_fp8_e5m2_fp32_3x16x8_1x4x4_neonfp8dot4/128/120/real_time",,,,,,,,false,"Unsupported hardware"
"dot/dot_fp8_e5m2_fp8_e5m2_fp32_3x16x8_1x4x4_neonfp8dot4/128/168/real_time",,,,,,,,false,"Unsupported hardware"
"dot/dot_fp8_e5m2_fp8_e5m2_fp32_4x16x8_1x4x4_neonfp8dot4/16/8/real_time",,,,,,,,false,"Unsupported hardware"
"dot/dot_fp8_e5m2_fp8_e5m2_fp32_4x16x8_1x4x4_neonfp8dot4/16/304/real_time",,,,,,,,false,"Unsupported hardware"
"dot/dot_fp8_e5m2_fp8_e5m2_fp32_4x16x8_1x4x4_neonfp8dot4/16/608/real_time",,,,,,,,false,"Unsupported hardware"
"dot/dot_fp8_e5m2_fp8_e5m2_fp32_4x16x8_1x4x4_neonfp8dot4/16/912/real_time",,,,,,,,false,"Unsupported hardware"
"dot/dot_fp8_e5m2_fp8_e5m2_fp32_4x16x8_1x4x4_neonfp8dot4/16/1216/real_time",,,,,,,,false,"Unsupported hardware"
"dot/dot_fp8_e5m2_fp8_e5m2_fp32_4x16x8_1x4x4_neonfp8dot4/32/8/real_time",,,,,,,,false,"Unsupported hardware"
"dot/dot_fp8_e5m2_fp8_e5m2_fp32_4x16x8_1x4x4_neonfp8dot4/32/160/real_time",,,,,,,,false,"Unsupported hardware"
"dot/dot_fp8_e5m2_fp8_e5m2_fp32_4x16x8_1x4x4_neonfp8dot4/32/328/real_time",,,,,,,,false,"Unsupported hardware"
"dot/dot_fp8_e5m2_fp8_e5m2_fp32_4x16x8_1x4x4_neonfp8dot4/32/496/real_time",,,,,,,,false,"Unsupported hardware"
"dot/dot_fp8_e5m2_fp8_e5m2_fp32_4x16x8_1x4x4_neonfp8dot4/32/664/real_time",,,,,,,,false,"Unsupported hardware"
"dot/dot_fp8_e5m2_fp8_e5m2_fp32_4x16x8_1x4x4_neonfp8dot4/64/8/real_time",,,,,,,,false,"Unsupported hardware"
"dot/dot_fp8_e5m2_fp8_e5m2_fp32_4x16x8_1x4x4_neonfp8dot4/64/80/real_time",,,,,,,,false,"Unsupported hardware"
"dot/dot_fp8_e5m2_fp8_e5m2_fp32_4x16x8_1x4x4_neonfp8dot4/64/168/real_time",,,,,,,,false,"Unsupported hardware"
"dot/dot_fp8_e5m2_fp8_e5m2_fp32_4x16x8_1x4x4_neonfp8dot4/64/256/real_time",,,,,,,,false,"Unsupported hardware"
"dot/dot_fp8_e5m2_fp8_e5m2_fp32_4x16x8_1x4x4_neonfp8dot4/64/344/real_time",,,,,,,,false,"Unsupported hardware"
"dot/dot_fp8_e5m2_fp8_e5m2_fp32_4x16x8_1x4x4_neonfp8dot4/128/8/real_time",,,,,,,,false,"Unsupported hardware"
"dot/dot_fp8_e5m2_fp8_e5m2_fp32_4x16x8_1x4x4_neonfp8dot4/128/40/real_time",,,,,,,,false,"Unsupported hardware"
"dot/dot_fp8_e5m2_fp8_e5m2_fp32_4x16x8_1x4x4_neonfp8dot4/128/80/real_time",,,,,,,,false,"Unsupported hardware"
"dot/dot_fp8_e5m2_fp8_e5m2_fp32_4x16x8_1x4x4_neonfp8dot4/128/120/real_time",,,,,,,,false,"Unsupported hardware"
"dot/dot_fp8_e5m2_fp8_e5m2_fp32_4x16x8_1x4x4_neonfp8dot4/128/168/real_time",,,,,,,,false,"Unsupported hardware"
"dot/dot_fp8_e5m2_fp8_e5m2_fp32_5x16x8_1x4x4_neonfp8dot4/16/8/real_time",,,,,,,,false,"Unsupported hardware"
"dot/dot_fp8_e5m2_fp8_e5m2_fp32_5x16x8_1x4x4_neonfp8dot4/16/288/real_time",,,,,,,,false,"Unsupported hardware"
"dot/dot_fp8_e5m2_fp8_e5m2_fp32_5x16x8_1x4x4_neonfp8dot4/16/576/real_time",,,,,,,,false,"Unsupported hardware"
"dot/dot_fp8_e5m2_fp8_e5m2_fp32_5x16x8_1x4x4_neonfp8dot4/16/864/real_time",,,,,,,,false,"Unsupported hardware"
"dot/dot_fp8_e5m2_fp8_e5m2_fp32_5x16x8_1x4x4_neonfp8dot4/16/1152/real_time",,,,,,,,false,"Unsupported hardware"
"dot/dot_fp8_e5m2_fp8_e5m2_fp32_5x16x8_1x4x4_neonfp8dot4/32/8/real_time",,,,,,,,false,"Unsupported hardware"
"dot/dot_fp8_e5m2_fp8_e5m2_fp32_5x16x8_1x4x4_neonfp8dot4/32/160/real_time",,,,,,,,false,"Unsupported hardware"
"dot/dot_fp8_e5m2_fp8_e5m2_fp32_5x16x8_1x4x4_neonfp8dot4/32/320/real_time",,,,,,,,false,"Unsupported hardware"
"dot/dot_fp8_e5m2_fp8_e5m2_fp32_5x16x8_1x4x4_neonfp8dot4/32/480/real_time",,,,,,,,false,"Unsupported hardware"
"dot/dot_fp8_e5m2_fp8_e5m2_fp32_5x16x8_1x4x4_neonfp8dot4/32/640/real_time",,,,,,,,false,"Unsupported hardware"
"dot/dot_fp8_e5m2_fp8_e5m2_fp32_5x16x8_1x4x4_neonfp8dot4/64/8/real_time",,,,,,,,false,"Unsupported hardware"
"dot/dot_fp8_e5m2_fp8_e5m2_fp32_5x16x8_1x4x4_neonfp8dot4/64/80/real_time",,,,,,,,false,"Unsupported hardware"
"dot/dot_fp8_e5m2_fp8_e5m2_fp32_5x16x8_1x4x4_neonfp8dot4/64/168/real_time",,,,,,,,false,"Unsupported hardware"
"dot/dot_fp8_e5m2_fp8_e5m2_fp32_5x16x8_1x4x4_neonfp8dot4/64/248/real_time",,,,,,,,false,"Unsupported hardware"
"dot/dot_fp8_e5m2_fp8_e5m2_fp32_5x16x8_1x4x4_neonfp8dot4/64/336/real_time",,,,,,,,false,"Unsupported hardware"
"dot/dot_fp8_e5m2_fp8_e5m2_fp32_5x16x8_1x4x4_neonfp8dot4/128/8/real_time",,,,,,,,false,"Unsupported hardware"
"dot/dot_fp8_e5m2_fp8_e5m2_fp32_5x16x8_1x4x4_neonfp8dot4/128/40/real_time",,,,,,,,false,"Unsupported hardware"
"dot/dot_fp8_e5m2_fp8_e5m2_fp32_5x16x8_1x4x4_neonfp8dot4/128/80/real_time",,,,,,,,false,"Unsupported hardware"
"dot/dot_fp8_e5m2_fp8_e5m2_fp32_5x16x8_1x4x4_neonfp8dot4/128/120/real_time",,,,,,,,false,"Unsupported hardware"
"dot/dot_fp8_e5m2_fp8_e5m2_fp32_5x16x8_1x4x4_neonfp8dot4/128/160/real_time",,,,,,,,false,"Unsupported hardware"
"dot/dot_fp8_e5m2_fp8_e5m2_fp32_1x8x8_1x4x4_neonfp8dot4/8/8/real_time",,,,,,,,false,"Unsupported hardware"
"dot/dot_fp8_e5m2_fp8_e5m2_fp32_1x8x8_1x4x4_neonfp8dot4/8/680/real_time",,,,,,,,false,"Unsupported hardware"
"dot/dot_fp8_e5m2_fp8_e5m2_fp32_1x8x8_1x4x4_neonfp8dot4/8/1360/real_time",,,,,,,,false,"Unsupported hardware"
"dot/dot_fp8_e5m2_fp8_e5m2_fp32_1x8x8_1x4x4_neonfp8dot4/8/2040/real_time",,,,,,,,false,"Unsupported hardware"
"dot/dot_fp8_e5m2_fp8_e5m2_fp32_1x8x8_1x4x4_neonfp8dot4/8/2720/real_time",,,,,,,,false,"Unsupported hardware"
"dot/dot_fp8_e5m2_fp8_e5m2_fp32_1x8x8_1x4x4_neonfp8dot4/16/8/real_time",,,,,,,,false,"Unsupported hardware"
"dot/dot_fp8_e5m2_fp8_e5m2_fp32_1x8x8_1x4x4_neonfp8dot4/16/360/real_time",,,,,,,,false,"Unsupported hardware"
"dot/dot_fp8_e5m2_fp8_e5m2_fp32_1x8x8_1x4x4_neonfp8dot4/16/720/real_time",,,,,,,,false,"Unsupported hardware"
"dot/dot_fp8_e5m2_fp8_e5m2_fp32_1x8x8_1x4x4_neonfp8dot4/16/1080/real_time",,,,,,,,false,"Unsupported hardware"
"dot/dot_fp8_e5m2_fp8_e5m2_fp32_1x8x8_1x4x4_neonfp8dot4/16/1440/real_time",,,,,,,,false,"Unsupported hardware"
"dot/dot_fp8_e5m2_fp8_e5m2_fp32_1x8x8_1x4x4_neonfp8dot4/32/8/real_time",,,,,,,,false,"Unsupported hardware"
"dot/dot_fp8_e5m2_fp8_e5m2_fp32_1x8x8_1x4x4_neonfp8dot4/32/184/real_time",,,,,,,,false,"Unsupported hardware"
"dot/dot_fp8_e5m2_fp8_e5m2_fp32_1x8x8_1x4x4_neonfp8dot4/32/368/real_time",,,,,,,,false,"Unsupported hardware"
"dot/dot_fp8_e5m2_fp8_e5m2_fp32_1x8x8_1x4x4_neonfp8dot4/32/552/real_time",,,,,,,,false,"Unsupported hardware"
"dot/dot_fp8_e5m2_fp8_e5m2_fp32_1x8x8_1x4x4_neonfp8dot4/32/736/real_time",,,,,,,,false,"Unsupported hardware"
"dot/dot_fp8_e5m2_fp8_e5m2_fp32_1x8x8_1x4x4_neonfp8dot4/64/8/real_time",,,,,,,,false,"Unsupported hardware"
"dot/dot_fp8_e5m2_fp8_e5m2_fp32_1x8x8_1x4x4_neonfp8dot4/64/88/real_time",,,,,,,,false,"Unsupported hardware"
"dot/dot_fp8_e5m2_fp8_e5m2_fp32_1x8x8_1x4x4_neonfp8dot4/64/184/real_time",,,,,,,,false,"Unsupported hardware"
"dot/dot_fp8_e5m2_fp8_e5m2_fp32_1x8x8_1x4x4_neonfp8dot4/64/272/real_time",,,,,,,,false,"Unsupported hardware"
"dot/dot_fp8_e5m2_fp8_e5m2_fp32_1x8x8_1x4x4_neonfp8dot4/64/368/real_time",,,,,,,,false,"Unsupported hardware"
"dot/dot_fp8_e5m2_fp8_e5m2_fp32_8x8x8_1x4x4_neonfp8dot4/8/8/real_time",,,,,,,,false,"Unsupported hardware"
"dot/dot_fp8_e5m2_fp8_e5m2_fp32_8x8x8_1x4x4_neonfp8dot4/8/376/real_time",,,,,,,,false,"Unsupported hardware"
"dot/dot_fp8_e5m2_fp8_e5m2_fp32_8x8x8_1x4x4_neonfp8dot4/8/760/real_time",,,,,,,,false,"Unsupported hardware"
"dot/dot_fp8_e5m2_fp8_e5m2_fp32_8x8x8_1x4x4_neonfp8dot4/8/1136/real_time",,,,,,,,false,"Unsupported hardware"
"dot/dot_fp8_e5m2_fp8_e5m2_fp32_8x8x8_1x4x4_neonfp8dot4/8/1520/real_time",,,,,,,,false,"Unsupported hardware"
"dot/dot_fp8_e5m2_fp8_e5m2_fp32_8x8x8_1x4x4_neonfp8dot4/16/8/real_time",,,,,,,,false,"Unsupported hardware"
"dot/dot_fp8_e5m2_fp8_e5m2_fp32_8x8x8_1x4x4_neonfp8dot4/16/248/real_time",,,,,,,,false,"Unsupported hardware"
"dot/dot_fp8_e5m2_fp8_e5m2_fp32_8x8x8_1x4x4_neonfp8dot4/16/496/real_time",,,,,,,,false,"Unsupported hardware"
"dot/dot_fp8_e5m2_fp8_e5m2_fp32_8x8x8_1x4x4_neonfp8dot4/16/744/real_time",,,,,,,,false,"Unsupported hardware"
"dot/dot_fp8_e5m2_fp8_e5m2_fp32_8x8x8_1x4x4_neonfp8dot4/16/1000/real_time",,,,,,,,false,"Unsupported hardware"
"dot/dot_fp8_e5m2_fp8_e5m2_fp32_8x8x8_1x4x4_neonfp8dot4/32/8/real_time",,,,,,,,false,"Unsupported hardware"
"dot/dot_fp8_e5m2_fp8_e5m2_fp32_8x8x8_1x4x4_neonfp8dot4/32/144/real_time",,,,,,,,false,"Unsupported hardware"
"dot/dot_fp8_e5m2_fp8_e5m2_fp32_8x8x8_1x4x4_neonfp8dot4/32/288/real_time",,,,,,,,false,"Unsupported hardware"
"dot/dot_fp8_e5m2_fp8_e5m2_fp32_8x8x8_1x4x4_neonfp8dot4/32/432/real_time",,,,,,,,false,"Unsupported hardware"
"dot/dot_fp8_e5m2_fp8_e5m2_fp32_8x8x8_1x4x4_neonfp8dot4/32/584/real_time",,,,,,,,false,"Unsupported hardware"
"dot/dot_fp8_e5m2_fp8_e5m2_fp32_8x8x8_1x4x4_neonfp8dot4/64/8/real_time",,,,,,,,false,"Unsupported hardware"
"dot/dot_fp8_e5m2_fp8_e5m2_fp32_8x8x8_1x4x4_neonfp8dot4/64/72/real_time",,,,,,,,false,"Unsupported hardware"
"dot/dot_fp8_e5m2_fp8_e5m2_fp32_8x8x8_1x4x4_neonfp8dot4/64/152/real_time",,,,,,,,false,"Unsupported hardware"
"dot/dot_fp8_e5m2_fp8_e5m2_fp32_8x8x8_1x4x4_neonfp8dot4/64/232/real_time",,,,,,,,false,"Unsupported hardware"
"dot/dot_fp8_e5m2_fp8_e5m2_fp32_8x8x8_1x4x4_neonfp8dot4/64/312/real_time",,,,,,,,false,"Unsupported hardware"
"dot/dot_fp8_e5m2_fp8_e5m2_fp32_10x8x8_1x4x4_neonfp8dot4/8/8/real_time",,,,,,,,false,"Unsupported hardware"
"dot/dot_fp8_e5m2_fp8_e5m2_fp32_10x8x8_1x4x4_neonfp8dot4/8/336/real_time",,,,,,,,false,"Unsupported hardware"
"dot/dot_fp8_e5m2_fp8_e5m2_fp32_10x8x8_1x4x4_neonfp8dot4/8/672/real_time",,,,,,,,false,"Unsupported hardware"
"dot/dot_fp8_e5m2_fp8_e5m2_fp32_10x8x8_1x4x4_neonfp8dot4/8/1008/real_time",,,,,,,,false,"Unsupported hardware"
"dot/dot_fp8_e5m2_fp8_e5m2_fp32_10x8x8_1x4x4_neonfp8dot4/8/1344/real_time",,,,,,,,false,"Unsupported hardware"
"dot/dot_fp8_e5m2_fp8_e5m2_fp32_10x8x8_1x4x4_neonfp8dot4/16/8/real_time",,,,,,,,false,"Unsupported hardware"
"dot/dot_fp8_e5m2_fp8_e5m2_fp32_10x8x8_1x4x4_neonfp8dot4/16/224/real_time",,,,,,,,false,"Unsupported hardware"
"dot/dot_fp8_e5m2_fp8_e5m2_fp32_10x8x8_1x4x4_neonfp8dot4/16/456/real_time",,,,,,,,false,"Unsupported hardware"
"dot/dot_fp8_e5m2_fp8_e5m2_fp32_10x8x8_1x4x4_neonfp8dot4/16/688/real_time",,,,,,,,false,"Unsupported hardware"
"dot/dot_fp8_e5m2_fp8_e5m2_fp32_10x8x8_1x4x4_neonfp8dot4/16/920/real_time",,,,,,,,false,"Unsupported hardware"
"dot/dot_fp8_e5m2_fp8_e5m2_fp32_10x8x8_1x4x4_neonfp8dot4/32/8/real_time",,,,,,,,false,"Unsupported hardware"
"dot/dot_fp8_e5m2_fp8_e5m2_fp32_10x8x8_1x4x4_neonfp8dot4/32/136/real_time",,,,,,,,false,"Unsupported hardware"
"dot/dot_fp8_e5m2_fp8_e5m2_fp32_10x8x8_1x4x4_neonfp8dot4/32/272/real_time",,,,,,,,false,"Unsupported hardware"
"dot/dot_fp8_e5m2_fp8_e5m2_fp32_10x8x8_1x4x4_neonfp8dot4/32/408/real_time",,,,,,,,false,"Unsupported hardware"
"dot/dot_fp8_e5m2_fp8_e5m2_fp32_10x8x8_1x4x4_neonfp8dot4/32/552/real_time",,,,,,,,false,"Unsupported hardware"
"dot/dot_fp8_e5m2_fp8_e5m2_fp32_10x8x8_1x4x4_neonfp8dot4/64/8/real_time",,,,,,,,false,"Unsupported hardware"
"dot/dot_fp8_e5m2_fp8_e5m2_fp32_10x8x8_1x4x4_neonfp8dot4/64/72/real_time",,,,,,,,false,"Unsupported hardware"
"dot/dot_fp8_e5m2_fp8_e5m2_fp32_10x8x8_1x4x4_neonfp8dot4/64/144/real_time",,,,,,,,false,"Unsupported hardware"
"dot/dot_fp8_e5m2_fp8_e5m2_fp32_10x8x8_1x4x4_neonfp8dot4/64/216/real_time",,,,,,,,false,"Unsupported hardware"
"dot/dot_fp8_e5m2_fp8_e5m2_fp32_10x8x8_1x4x4_neonfp8dot4/64/296/real_time",,,,,,,,false,"Unsupported hardware"
"dot/dot_fp8_e5m2_fp8_e5m2_fp32_8x4x8_1x4x4_neonfp8dot4/4/8/real_time",,,,,,,,false,"Unsupported hardware"
"dot/dot_fp8_e5m2_fp8_e5m2_fp32_8x4x8_1x4x4_neonfp8dot4/4/504/real_time",,,,,,,,false,"Unsupported hardware"
"dot/dot_fp8_e5m2_fp8_e5m2_fp32_8x4x8_1x4x4_neonfp8dot4/4/1016/real_time",,,,,,,,false,"Unsupported hardware"
"dot/dot_fp8_e5m2_fp8_e5m2_fp32_8x4x8_1x4x4_neonfp8dot4/4/1520/real_time",,,,,,,,false,"Unsupported hardware"
"dot/dot_fp8_e5m2_fp8_e5m2_fp32_8x4x8_1x4x4_neonfp8dot4/4/2032/real_time",,,,,,,,false,"Unsupported hardware"
"dot/dot_fp8_e5m2_fp8_e5m2_fp32_8x4x8_1x4x4_neonfp8dot4/8/8/real_time",,,,,,,,false,"Unsupported hardware"
"dot/dot_fp8_e5m2_fp8_e5m2_fp32_8x4x8_1x4x4_neonfp8dot4/8/376/real_time",,,,,,,,false,"Unsupported hardware"
"dot/dot_fp8_e5m2_fp8_e5m2_fp32_8x4x8_1x4x4_neonfp8dot4/8/760/real_time",,,,,,,,false,"Unsupported hardware"
"dot/dot_fp8_e5m2_fp8_e5m2_fp32_8x4x8_1x4x4_neonfp8dot4/8/1136/real_time",,,,,,,,false,"Unsupported hardware"
"dot/dot_fp8_e5m2_fp8_e5m2_fp32_8x4x8_1x4x4_neonfp8dot4/8/1520/real_time",,,,,,,,false,"Unsupported hardware"
"dot/dot_fp8_e5m2_fp8_e5m2_fp32_8x4x8_1x4x4_neonfp8dot4/16/8/real_time",,,,,,,,false,"Unsupported hardware"
"dot/dot_fp8_e5m2_fp8_e5m2_fp32_8x4x8_1x4x4_neonfp8dot4/16/248/real_time",,,,,,,,false,"Unsupported hardware"
"dot/dot_fp8_e5m2_fp8_e5m2_fp32_8x4x8_1x4x4_neonfp8dot4/16/496/real_time",,,,,,,,false,"Unsupported hardware"
"dot/dot_fp8_e5m2_fp8_e5m2_fp32_8x4x8_1x4x4_neonfp8dot4/16/744/real_time",,,,,,,,false,"Unsupported hardware"
"dot/dot_fp8_e5m2_fp8_e5m2_fp32_8x4x8_1x4x4_neonfp8dot4/16/1000/real_time",,,,,,,,false,"Unsupported hardware"
"dot/dot_fp8_e5m2_fp8_e5m2_fp32_8x4x8_1x4x4_neonfp8dot4/32/8/real_time",,,,,,,,false,"Unsupported hardware"
"dot/dot_fp8_e5m2_fp8_e5m2_fp32_8x4x8_1x4x4_neonfp8dot4/32/144/real_time",,,,,,,,false,"Unsupported hardware"
"dot/dot_fp8_e5m2_fp8_e5m2_fp32_8x4x8_1x4x4_neonfp8dot4/32/288/real_time",,,,,,,,false,"Unsupported hardware"
"dot/dot_fp8_e5m2_fp8_e5m2_fp32_8x4x8_1x4x4_neonfp8dot4/32/432/real_time",,,,,,,,false,"Unsupported hardware"
"dot/dot_fp8_e5m2_fp8_e5m2_fp32_8x4x8_1x4x4_neonfp8dot4/32/584/real_time",,,,,,,,false,"Unsupported hardware"
"dot/dot_fp8_e4m3_fp8_e4m3_fp32_1x64x8_1x4x4_neonfp8dot4/64/8/real_time",,,,,,,,false,"Unsupported hardware"
"dot/dot_fp8_e4m3_fp8_e4m3_fp32_1x64x8_1x4x4_neonfp8dot4/64/88/real_time",,,,,,,,false,"Unsupported hardware"
"dot/dot_fp8_e4m3_fp8_e4m3_fp32_1x64x8_1x4x4_neonfp8dot4/64/184/real_time",,,,,,,,false,"Unsupported hardware"
"dot/dot_fp8_e4m3_fp8_e4m3_fp32_1x64x8_1x4x4_neonfp8dot4/64/272/real_time",,,,,,,,false,"Unsupported hardware"
"dot/dot_fp8_e4m3_fp8_e4m3_fp32_1x64x8_1x4x4_neonfp8dot4/64/368/real_time",,,,,,,,false,"Unsupported hardware"
"dot/dot_fp8_e4m3_fp8_e4m3_fp32_1x64x8_1x4x4_neonfp8dot4/128/8/real_time",,,,,,,,false,"Unsupported hardware"
"dot/dot_fp8_e4m3_fp8_e4m3_fp32_1x64x8_1x4x4_neonfp8dot4/128/40/real_time",,,,,,,,false,"Unsupported hardware"
"dot/dot_fp8_e4m3_fp8_e4m3_fp32_1x64x8_1x4x4_neonfp8dot4/128/88/real_time",,,,,,,,false,"Unsupported hardware"
"dot/dot_fp8_e4m3_fp8_e4m3_fp32_1x64x8_1x4x4_neonfp8dot4/128/136/real_time",,,,,,,,false,"Unsupported hardware"
"dot/dot_fp8_e4m3_fp8_e4m3_fp32_1x64x8_1x4x4_neonfp8dot4/128/184/real_time",,,,,,,,false,"Unsupported hardware"
"dot/dot_fp8_e4m3_fp8_e4m3_fp32_1x64x8_1x4x4_neonfp8dot4/256/8/real_time",,,,,,,,false,"Unsupported hardware"
"dot/dot_fp8_e4m3_fp8_e4m3_fp32_1x64x8_1x4x4_neonfp8dot4/256/16/real_time",,,,,,,,false,"Unsupported hardware"
"dot/dot_fp8_e4m3_fp8_e4m3_fp32_1x64x8_1x4x4_neonfp8dot4/256/40/real_time",,,,,,,,false,"Unsupported hardware"
"dot/dot_fp8_e4m3_fp8_e4m3_fp32_1x64x8_1x4x4_neonfp8dot4/256/64/real_time",,,,,,,,false,"Unsupported hardware"
"dot/dot_fp8_e4m3_fp8_e4m3_fp32_1x64x8_1x4x4_neonfp8dot4/256/88/real_time",,,,,,,,false,"Unsupported hardware"
"dot/dot_fp8_e4m3_fp8_e4m3_fp32_1x64x8_1x4x4_neonfp8dot4/512/8/real_time",,,,,,,,false,"Unsupported hardware"
"dot/dot_fp8_e4m3_fp8_e4m3_fp32_1x64x8_1x4x4_neonfp8dot4/512/16/real_time",,,,,,,,false,"Unsupported hardware"
"dot/dot_fp8_e4m3_fp8_e4m3_fp32_1x64x8_1x4x4_neonfp8dot4/512/24/real_time",,,,,,,,false,"Unsupported hardware"
"dot/dot_fp8_e4m3_fp8_e4m3_fp32_1x64x8_1x4x4_neonfp8dot4/512/40/real_time",,,,,,,,false,"Unsupported hardware"
"dot/dot_fp8_e4m3_fp8_e4m3_fp32_1x32x8_1x4x4_neonfp8dot4/32/8/real_time",,,,,,,,false,"Unsupported hardware"
"dot/dot_fp8_e4m3_fp8_e4m3_fp32_1x32x8_1x4x4_neonfp8dot4/32/184/real_time",,,,,,,,false,"Unsupported hardware"
"dot/dot_fp8_e4m3_fp8_e4m3_fp32_1x32x8_1x4x4_neonfp8dot4/32/368/real_time",,,,,,,,false,"Unsupported hardware"
"dot/dot_fp8_e4m3_fp8_e4m3_fp32_1x32x8_1x4x4_neonfp8dot4/32/552/real_time",,,,,,,,false,"Unsupported hardware"
"dot/dot_fp8_e4m3_fp8_e4m3_fp32_1x32x8_1x4x4_neonfp8dot4/32/736/real_time",,,,,,,,false,"Unsupported hardware"
"dot/dot_fp8_e4m3_fp8_e4m3_fp32_1x32x8_1x4x4_neonfp8dot4/64/8/real_time",,,,,,,,false,"Unsupported hardware"
"dot/dot_fp8_e4m3_fp8_e4m3_fp32_1x32x8_1x4x4_neonfp8dot4/64/88/real_time",,,,,,,,false,"Unsupported hardware"
"dot/dot_fp8_e4m3_fp8_e4m3_fp32_1x32x8_1x4x4_neonfp8dot4/64/184/real_time",,,,,,,,false,"Unsupported hardware"
"dot/dot_fp8_e4m3_fp8_e4m3_fp32_1x32x8_1x4x4_neonfp8dot4/64/272/real_time",,,,,,,,false,"Unsupported hardware"
"dot/dot_fp8_e4m3_fp8_e4m3_fp32_1x32x8_1x4x4_neonfp8dot4/64/368/real_time",,,,,,,,false,"Unsupported hardware"
"dot/dot_fp8_e4m3_fp8_e4m3_fp32_1x32x8_1x4x4_neonfp8dot4/128/8/real_time",,,,,,,,false,"Unsupported hardware"
"dot/dot_fp8_e4m3_fp8_e4m3_fp32_1x32x8_1x4x4_neonfp8dot4/128/40/real_time",,,,,,,,false,"Unsupported hardware"
"dot/dot_fp8_e4m3_fp8_e4m3_fp32_1x32x8_1x4x4_neonfp8dot4/128/88/real_time",,,,,,,,false,"Unsupported hardware"
"dot/dot_fp8_e4m3_fp8_e4m3_fp32_1x32x8_1x4x4_neonfp8dot4/128/136/real_time",,,,,,,,false,"Unsupported hardware"
"dot/dot_fp8_e4m3_fp8_e4m3_fp32_1x32x8_1x4x4_neonfp8dot4/128/184/real_time",,,,,,,,false,"Unsupported hardware"
"dot/dot_fp8_e4m3_fp8_e4m3_fp32_1x32x8_1x4x4_neonfp8dot4/256/8/real_time",,,,,,,,false,"Unsupported hardware"
"dot/dot_fp8_e4m3_fp8_e4m3_fp32_1x32x8_1x4x4_neonfp8dot4/256/16/real_time",,,,,,,,false,"Unsupported hardware"
"dot/dot_fp8_e4m3_fp8_e4m3_fp32_1x32x8_1x4x4_neonfp8dot4/256/40/real_time",,,,,,,,false,"Unsupported hardware"
"dot/dot_fp8_e4m3_fp8_e4m3_fp32_1x32x8_1x4x4_neonfp8dot4/256/64/real_time",,,,,,,,false,"Unsupported hardware"
"dot/dot_fp8_e4m3_fp8_e4m3_fp32_1x32x8_1x4x4_neonfp8dot4/256/88/real_time",,,,,,,,false,"Unsupported hardware"
"dot/dot_fp8_e4m3_fp8_e4m3_fp32_2x32x8_1x4x4_neonfp8dot4/32/8/real_time",,,,,,,,false,"Unsupported hardware"
"dot/dot_fp8_e4m3_fp8_e4m3_fp32_2x32x8_1x4x4_neonfp8dot4/32/176/real_time",,,,,,,,false,"Unsupported hardware"
"dot/dot_fp8_e4m3_fp8_e4m3_fp32_2x32x8_1x4x4_neonfp8dot4/32/352/real_time",,,,,,,,false,"Unsupported hardware"
"dot/dot_fp8_e4m3_fp8_e4m3_fp32_2x32x8_1x4x4_neonfp8dot4/32/528/real_time",,,,,,,,false,"Unsupported hardware"
"dot/dot_fp8_e4m3_fp8_e4m3_fp32_2x32x8_1x4x4_neonfp8dot4/32/712/real_time",,,,,,,,false,"Unsupported hardware"
"dot/dot_fp8_e4m3_fp8_e4m3_fp32_2x32x8_1x4x4_neonfp8dot4/64/8/real_time",,,,,,,,false,"Unsupported hardware"
"dot/dot_fp8_e4m3_fp8_e4m3_fp32_2x32x8_1x4x4_neonfp8dot4/64/88/real_time",,,,,,,,false,"Unsupported hardware"
"dot/dot_fp8_e4m3_fp8_e4m3_fp32_2x32x8_1x4x4_neonfp8dot4/64/176/real_time",,,,,,,,false,"Unsupported hardware"
"dot/dot_fp8_e4m3_fp8_e4m3_fp32_2x32x8_1x4x4_neonfp8dot4/64/264/real_time",,,,,,,,false,"Unsupported hardware"
"dot/dot_fp8_e4m3_fp8_e4m3_fp32_2x32x8_1x4x4_neonfp8dot4/64/360/real_time",,,,,,,,false,"Unsupported hardware"
"dot/dot_fp8_e4m3_fp8_e4m3_fp32_2x32x8_1x4x4_neonfp8dot4/128/8/real_time",,,,,,,,false,"Unsupported hardware"
"dot/dot_fp8_e4m3_fp8_e4m3_fp32_2x32x8_1x4x4_neonfp8dot4/128/40/real_time",,,,,,,,false,"Unsupported hardware"
"dot/dot_fp8_e4m3_fp8_e4m3_fp32_2x32x8_1x4x4_neonfp8dot4/128/88/real_time",,,,,,,,false,"Unsupported hardware"
"dot/dot_fp8_e4m3_fp8_e4m3_fp32_2x32x8_1x4x4_neonfp8dot4/128/128/real_time",,,,,,,,false,"Unsupported hardware"
"dot/dot_fp8_e4m3_fp8_e4m3_fp32_2x32x8_1x4x4_neonfp8dot4/128/176/real_time",,,,,,,,false,"Unsupported hardware"
"dot/dot_fp8_e4m3_fp8_e4m3_fp32_2x32x8_1x4x4_neonfp8dot4/256/8/real_time",,,,,,,,false,"Unsupported hardware"
"dot/dot_fp8_e4m3_fp8_e4m3_fp32_2x32x8_1x4x4_neonfp8dot4/256/16/real_time",,,,,,,,false,"Unsupported hardware"
"dot/dot_fp8_e4m3_fp8_e4m3_fp32_2x32x8_1x4x4_neonfp8dot4/256/40/real_time",,,,,,,,false,"Unsupported hardware"
"dot/dot_fp8_e4m3_fp8_e4m3_fp32_2x32x8_1x4x4_neonfp8dot4/256/56/real_time",,,,,,,,false,"Unsupported hardware"
"dot/dot_fp8_e4m3_fp8_e4m3_fp32_2x32x8_1x4x4_neonfp8dot4/256/80/real_time",,,,,,,,false,"Unsupported hardware"
"dot/dot_fp8_e4m3_fp8_e4m3_fp32_3x32x8_1x4x4_neonfp8dot4/32/8/real_time",,,,,,,,false,"Unsupported hardware"
"dot/dot_fp8_e4m3_fp8_e4m3_fp32_3x32x8_1x4x4_neonfp8dot4/32/168/real_time",,,,,,,,false,"Unsupported hardware"
"dot/dot_fp8_e4m3_fp8_e4m3_fp32_3x32x8_1x4x4_neonfp8dot4/32/344/real_time",,,,,,,,false,"Unsupported hardware"
"dot/dot_fp8_e4m3_fp8_e4m3_fp32_3x32x8_1x4x4_neonfp8dot4/32/512/real_time",,,,,,,,false,"Unsupported hardware"
"dot/dot_fp8_e4m3_fp8_e4m3_fp32_3x32x8_1x4x4_neonfp8dot4/32/688/real_time",,,,,,,,false,"Unsupported hardware"
"dot/dot_fp8_e4m3_fp8_e4m3_fp32_3x32x8_1x4x4_neonfp8dot4/64/8/real_time",,,,,,,,false,"Unsupported hardware"
"dot/dot_fp8_e4m3_fp8_e4m3_fp32_3x32x8_1x4x4_neonfp8dot4/64/88/real_time",,,,,,,,false,"Unsupported hardware"
"dot/dot_fp8_e4m3_fp8_e4m3_fp32_3x32x8_1x4x4_neonfp8dot4/64/176/real_time",,,,,,,,false,"Unsupported hardware"
"dot/dot_fp8_e4m3_fp8_e4m3_fp32_3x32x8_1x4x4_neonfp8dot4/64/264/real_time",,,,,,,,false,"Unsupported hardware"
"dot/dot_fp8_e4m3_fp8_e4m3_fp32_3x32x8_1x4x4_neonfp8dot4/64/352/real_time",,,,,,,,false,"Unsupported hardware"
"dot/dot_fp8_e4m3_fp8_e4m3_fp32_3x32x8_1x4x4_neonfp8dot4/128/8/real_time",,,,,,,,false,"Unsupported hardware"
"dot/dot_fp8_e4m3_fp8_e4m3_fp32_3x32x8_1x4x4_neonfp8dot4/128/40/real_time",,,,,,,,false,"Unsupported hardware"
"dot/dot_fp8_e4m3_fp8_e4m3_fp32_3x32x8_1x4x4_neonfp8dot4/128/80/real_time",,,,,,,,false,"Unsupported hardware"
"dot/dot_fp8_e4m3_fp8_e4m3_fp32_3x32x8_1x4x4_neonfp8dot4/128/120/real_time",,,,,,,,false,"Unsupported hardware"
"dot/dot_fp8_e4m3_fp8_e4m3_fp32_3x32x8_1x4x4_neonfp8dot4/128/168/real_time",,,,,,,,false,"Unsupported hardware"
"dot/dot_fp8_e4m3_fp8_e4m3_fp32_3x32x8_1x4x4_neonfp8dot4/256/8/real_time",,,,,,,,false,"Unsupported hardware"
"dot/dot_fp8_e4m3_fp8_e4m3_fp32_3x32x8_1x4x4_neonfp8dot4/256/16/real_time",,,,,,,,false,"Unsupported hardware"
"dot/dot_fp8_e4m3_fp8_e4m3_fp32_3x32x8_1x4x4_neonfp8dot4/256/40/real_time",,,,,,,,false,"Unsupported hardware"
"dot/dot_fp8_e4m3_fp8_e4m3_fp32_3x32x8_1x4x4_neonfp8dot4/256/56/real_time",,,,,,,,false,"Unsupported hardware"
"dot/dot_fp8_e4m3_fp8_e4m3_fp32_3x32x8_1x4x4_neonfp8dot4/256/80/real_time",,,,,,,,false,"Unsupported hardware"
"dot/dot_fp8_e4m3_fp8_e4m3_fp32_1x16x8_1x4x4_neonfp8dot4/16/8/real_time",,,,,,,,false,"Unsupported hardware"
"dot/dot_fp8_e4m3_fp8_e4m3_fp32_1x16x8_1x4x4_neonfp8dot4/16/360/real_time",,,,,,,,false,"Unsupported hardware"
"dot/dot_fp8_e4m3_fp8_e4m3_fp32_1x16x8_1x4x4_neonfp8dot4/16/720/real_time",,,,,,,,false,"Unsupported hardware"
"dot/dot_fp8_e4m3_fp8_e4m3_fp32_1x16x8_1x4x4_neonfp8dot4/16/1080/real_time",,,,,,,,false,"Unsupported hardware"
"dot/dot_fp8_e4m3_fp8_e4m3_fp32_1x16x8_1x4x4_neonfp8dot4/16/1440/real_time",,,,,,,,false,"Unsupported hardware"
"dot/dot_fp8_e4m3_fp8_e4m3_fp32_1x16x8_1x4x4_neonfp8dot4/32/8/real_time",,,,,,,,false,"Unsupported hardware"
"dot/dot_fp8_e4m3_fp8_e4m3_fp32_1x16x8_1x4x4_neonfp8dot4/32/184/real_time",,,,,,,,false,"Unsupported hardware"
"dot/dot_fp8_e4m3_fp8_e4m3_fp32_1x16x8_1x4x4_neonfp8dot4/32/368/real_time",,,,,,,,false,"Unsupported hardware"
"dot/dot_fp8_e4m3_fp8_e4m3_fp32_1x16x8_1x4x4_neonfp8dot4/32/552/real_time",,,,,,,,false,"Unsupported hardware"
"dot/dot_fp8_e4m3_fp8_e4m3_fp32_1x16x8_1x4x4_neonfp8dot4/32/736/real_time",,,,,,,,false,"Unsupported hardware"
"dot/dot_fp8_e4m3_fp8_e4m3_fp32_1x16x8_1x4x4_neonfp8dot4/64/8/real_time",,,,,,,,false,"Unsupported hardware"
"dot/dot_fp8_e4m3_fp8_e4m3_fp32_1x16x8_1x4x4_neonfp8dot4/64/88/real_time",,,,,,,,false,"Unsupported hardware"
"dot/dot_fp8_e4m3_fp8_e4m3_fp32_1x16x8_1x4x4_neonfp8dot4/64/184/real_time",,,,,,,,false,"Unsupported hardware"
"dot/dot_fp8_e4m3_fp8_e4m3_fp32_1x16x8_1x4x4_neonfp8dot4/64/272/real_time",,,,,,,,false,"Unsupported hardware"
"dot/dot_fp8_e4m3_fp8_e4m3_fp32_1x16x8_1x4x4_neonfp8dot4/64/368/real_time",,,,,,,,false,"Unsupported hardware"
"dot/dot_fp8_e4m3_fp8_e4m3_fp32_1x16x8_1x4x4_neonfp8dot4/128/8/real_time",,,,,,,,false,"Unsupported hardware"
"dot/dot_fp8_e4m3_fp8_e4m3_fp32_1x16x8_1x4x4_neonfp8dot4/128/40/real_time",,,,,,,,false,"Unsupported hardware"
"dot/dot_fp8_e4m3_fp8_e4m3_fp32_1x16x8_1x4x4_neonfp8dot4/128/88/real_time",,,,,,,,false,"Unsupported hardware"
"dot/dot_fp8_e4m3_fp8_e4m3_fp32_1x16x8_1x4x4_neonfp8dot4/128/136/real_time",,,,,,,,false,"Unsupported hardware"
"dot/dot_fp8_e4m3_fp8_e4m3_fp32_1x16x8_1x4x4_neonfp8dot4/128/184/real_time",,,,,,,,false,"Unsupported hardware"
"dot/dot_fp8_e4m3_fp8_e4m3_fp32_2x16x8_1x4x4_neonfp8dot4/16/8/real_time",,,,,,,,false,"Unsupported hardware"
"dot/dot_fp8_e4m3_fp8_e4m3_fp32_2x16x8_1x4x4_neonfp8dot4/16/336/real_time",,,,,,,,false,"Unsupported hardware"
"dot/dot_fp8_e4m3_fp8_e4m3_fp32_2x16x8_1x4x4_neonfp8dot4/16/672/real_time",,,,,,,,false,"Unsupported hardware"
"dot/dot_fp8_e4m3_fp8_e4m3_fp32_2x16x8_1x4x4_neonfp8dot4/16/1008/real_time",,,,,,,,false,"Unsupported hardware"
"dot/dot_fp8_e4m3_fp8_e4m3_fp32_2x16x8_1x4x4_neonfp8dot4/16/1352/real_time",,,,,,,,false,"Unsupported hardware"
"dot/dot_fp8_e4m3_fp8_e4m3_fp32_2x16x8_1x4x4_neonfp8dot4/32/8/real_time",,,,,,,,false,"Unsupported hardware"
"dot/dot_fp8_e4m3_fp8_e4m3_fp32_2x16x8_1x4x4_neonfp8dot4/32/176/real_time",,,,,,,,false,"Unsupported hardware"
"dot/dot_fp8_e4m3_fp8_e4m3_fp32_2x16x8_1x4x4_neonfp8dot4/32/352/real_time",,,,,,,,false,"Unsupported hardware"
"dot/dot_fp8_e4m3_fp8_e4m3_fp32_2x16x8_1x4x4_neonfp8dot4/32/528/real_time",,,,,,,,false,"Unsupported hardware"
"dot/dot_fp8_e4m3_fp8_e4m3_fp32_2x16x8_1x4x4_neonfp8dot4/32/712/real_time",,,,,,,,false,"Unsupported hardware"
"dot/dot_fp8_e4m3_fp8_e4m3_fp32_2x16x8_1x4x4_neonfp8dot4/64/8/real_time",,,,,,,,false,"Unsupported hardware"
"dot/dot_fp8_e4m3_fp8_e4m3_fp32_2x16x8_1x4x4_neonfp8dot4/64/88/real_time",,,,,,,,false,"Unsupported hardware"
"dot/dot_fp8_e4m3_fp8_e4m3_fp32_2x16x8_1x4x4_neonfp8dot4/64/176/real_time",,,,,,,,false,"Unsupported hardware"
"dot/dot_fp8_e4m3_fp8_e4m3_fp32_2x16x8_1x4x4_neonfp8dot4/64/264/real_time",,,,,,,,false,"Unsupported hardware"
"dot/dot_fp8_e4m3_fp8_e4m3_fp32_2x16x8_1x4x4_neonfp8dot4/64/360/real_time",,,,,,,,false,"Unsupported hardware"
"dot/dot_fp8_e4m3_fp8_e4m3_fp32_2x16x8_1x4x4_neonfp8dot4/128/8/real_time",,,,,,,,false,"Unsupported hardware"
"dot/dot_fp8_e4m3_fp8_e4m3_fp32_2x16x8_1x4x4_neonfp8dot4/128/40/real_time",,,,,,,,false,"Unsupported hardware"
"dot/dot_fp8_e4m3_fp8_e4m3_fp32_2x16x8_1x4x4_neonfp8dot4/128/88/real_time",,,,,,,,false,"Unsupported hardware"
"dot/dot_fp8_e4m3_fp8_e4m3_fp32_2x16x8_1x4x4_neonfp8dot4/128/128/real_time",,,,,,,,false,"Unsupported hardware"
"dot/dot_fp8_e4m3_fp8_e4m3_fp32_2x16x8_1x4x4_neonfp8dot4/128/176/real_time",,,,,,,,false,"Unsupported hardware"
"dot/dot_fp8_e4m3_fp8_e4m3_fp32_3x16x8_1x4x4_neonfp8dot4/16/8/real_time",,,,,,,,false,"Unsupported hardware"
"dot/dot_fp8_e4m3_fp8_e4m3_fp32_3x16x8_1x4x4_neonfp8dot4/16/320/real_time",,,,,,,,false,"Unsupported hardware"
"dot/dot_fp8_e4m3_fp8_e4m3_fp32_3x16x8_1x4x4_neonfp8dot4/16/640/real_time",,,,,,,,false,"Unsupported hardware"
"dot/dot_fp8_e4m3_fp8_e4m3_fp32_3x16x8_1x4x4_neonfp8dot4/16/960/real_time",,,,,,,,false,"Unsupported hardware"
"dot/dot_fp8_e4m3_fp8_e4m3_fp32_3x16x8_1x4x4_neonfp8dot4/16/1280/real_time",,,,,,,,false,"Unsupported hardware"
"dot/dot_fp8_e4m3_fp8_e4m3_fp32_3x16x8_1x4x4_neonfp8dot4/32/8/real_time",,,,,,,,false,"Unsupported hardware"
"dot/dot_fp8_e4m3_fp8_e4m3_fp32_3x16x8_1x4x4_neonfp8dot4/32/168/real_time",,,,,,,,false,"Unsupported hardware"
"dot/dot_fp8_e4m3_fp8_e4m3_fp32_3x16x8_1x4x4_neonfp8dot4/32/344/real_time",,,,,,,,false,"Unsupported hardware"
"dot/dot_fp8_e4m3_fp8_e4m3_fp32_3x16x8_1x4x4_neonfp8dot4/32/512/real_time",,,,,,,,false,"Unsupported hardware"
"dot/dot_fp8_e4m3_fp8_e4m3_fp32_3x16x8_1x4x4_neonfp8dot4/32/688/real_time",,,,,,,,false,"Unsupported hardware"
"dot/dot_fp8_e4m3_fp8_e4m3_fp32_3x16x8_1x4x4_neonfp8dot4/64/8/real_time",,,,,,,,false,"Unsupported hardware"
"dot/dot_fp8_e4m3_fp8_e4m3_fp32_3x16x8_1x4x4_neonfp8dot4/64/88/real_time",,,,,,,,false,"Unsupported hardware"
"dot/dot_fp8_e4m3_fp8_e4m3_fp32_3x16x8_1x4x4_neonfp8dot4/64/176/real_time",,,,,,,,false,"Unsupported hardware"
"dot/dot_fp8_e4m3_fp8_e4m3_fp32_3x16x8_1x4x4_neonfp8dot4/64/264/real_time",,,,,,,,false,"Unsupported hardware"
"dot/dot_fp8_e4m3_fp8_e4m3_fp32_3x16x8_1x4x4_neonfp8dot4/64/352/real_time",,,,,,,,false,"Unsupported hardware"
"dot/dot_fp8_e4m3_fp8_e4m3_fp32_3x16x8_1x4x4_neonfp8dot4/128/8/real_time",,,,,,,,false,"Unsupported hardware"
"dot/dot_fp8_e4m3_fp8_e4m3_fp32_3x16x8_1x4x4_neonfp8dot4/128/40/real_time",,,,,,,,false,"Unsupported hardware"
"dot/dot_fp8_e4m3_fp8_e4m3_fp32_3x16x8_1x4x4_neonfp8dot4/128/80/real_time",,,,,,,,false,"Unsupported hardware"
"dot/dot_fp8_e4m3_fp8_e4m3_fp32_3x16x8_1x4x4_neonfp8dot4/128/120/real_time",,,,,,,,false,"Unsupported hardware"
"dot/dot_fp8_e4m3_fp8_e4m3_fp32_3x16x8_1x4x4_neonfp8dot4/128/168/real_time",,,,,,,,false,"Unsupported hardware"
"dot/dot_fp8_e4m3_fp8_e4m3_fp32_4x16x8_1x4x4_neonfp8dot4/16/8/real_time",,,,,,,,false,"Unsupported hardware"
"dot/dot_fp8_e4m3_fp8_e4m3_fp32_4x16x8_1x4x4_neonfp8dot4/16/304/real_time",,,,,,,,false,"Unsupported hardware"
"dot/dot_fp8_e4m3_fp8_e4m3_fp32_4x16x8_1x4x4_neonfp8dot4/16/608/real_time",,,,,,,,false,"Unsupported hardware"
"dot/dot_fp8_e4m3_fp8_e4m3_fp32_4x16x8_1x4x4_neonfp8dot4/16/912/real_time",,,,,,,,false,"Unsupported hardware"
"dot/dot_fp8_e4m3_fp8_e4m3_fp32_4x16x8_1x4x4_neonfp8dot4/16/1216/real_time",,,,,,,,false,"Unsupported hardware"
"dot/dot_fp8_e4m3_fp8_e4m3_fp32_4x16x8_1x4x4_neonfp8dot4/32/8/real_time",,,,,,,,false,"Unsupported hardware"
"dot/dot_fp8_e4m3_fp8_e4m3_fp32_4x16x8_1x4x4_neonfp8dot4/32/160/real_time",,,,,,,,false,"Unsupported hardware"
"dot/dot_fp8_e4m3_fp8_e4m3_fp32_4x16x8_1x4x4_neonfp8dot4/32/328/real_time",,,,,,,,false,"Unsupported hardware"
"dot/dot_fp8_e4m3_fp8_e4m3_fp32_4x16x8_1x4x4_neonfp8dot4/32/496/real_time",,,,,,,,false,"Unsupported hardware"
"dot/dot_fp8_e4m3_fp8_e4m3_fp32_4x16x8_1x4x4_neonfp8dot4/32/664/real_time",,,,,,,,false,"Unsupported hardware"
"dot/dot_fp8_e4m3_fp8_e4m3_fp32_4x16x8_1x4x4_neonfp8dot4/64/8/real_time",,,,,,,,false,"Unsupported hardware"
"dot/dot_fp8_e4m3_fp8_e4m3_fp32_4x16x8_1x4x4_neonfp8dot4/64/80/real_time",,,,,,,,false,"Unsupported hardware"
"dot/dot_fp8_e4m3_fp8_e4m3_fp32_4x16x8_1x4x4_neonfp8dot4/64/168/real_time",,,,,,,,false,"Unsupported hardware"
"dot/dot_fp8_e4m3_fp8_e4m3_fp32_4x16x8_1x4x4_neonfp8dot4/64/256/real_time",,,,,,,,false,"Unsupported hardware"
"dot/dot_fp8_e4m3_fp8_e4m3_fp32_4x16x8_1x4x4_neonfp8dot4/64/344/real_time",,,,,,,,false,"Unsupported hardware"
"dot/dot_fp8_e4m3_fp8_e4m3_fp32_4x16x8_1x4x4_neonfp8dot4/128/8/real_time",,,,,,,,false,"Unsupported hardware"
"dot/dot_fp8_e4m3_fp8_e4m3_fp32_4x16x8_1x4x4_neonfp8dot4/128/40/real_time",,,,,,,,false,"Unsupported hardware"
"dot/dot_fp8_e4m3_fp8_e4m3_fp32_4x16x8_1x4x4_neonfp8dot4/128/80/real_time",,,,,,,,false,"Unsupported hardware"
"dot/dot_fp8_e4m3_fp8_e4m3_fp32_4x16x8_1x4x4_neonfp8dot4/128/120/real_time",,,,,,,,false,"Unsupported hardware"
"dot/dot_fp8_e4m3_fp8_e4m3_fp32_4x16x8_1x4x4_neonfp8dot4/128/168/real_time",,,,,,,,false,"Unsupported hardware"
"dot/dot_fp8_e4m3_fp8_e4m3_fp32_5x16x8_1x4x4_neonfp8dot4/16/8/real_time",,,,,,,,false,"Unsupported hardware"
"dot/dot_fp8_e4m3_fp8_e4m3_fp32_5x16x8_1x4x4_neonfp8dot4/16/288/real_time",,,,,,,,false,"Unsupported hardware"
"dot/dot_fp8_e4m3_fp8_e4m3_fp32_5x16x8_1x4x4_neonfp8dot4/16/576/real_time",,,,,,,,false,"Unsupported hardware"
"dot/dot_fp8_e4m3_fp8_e4m3_fp32_5x16x8_1x4x4_neonfp8dot4/16/864/real_time",,,,,,,,false,"Unsupported hardware"
"dot/dot_fp8_e4m3_fp8_e4m3_fp32_5x16x8_1x4x4_neonfp8dot4/16/1152/real_time",,,,,,,,false,"Unsupported hardware"
"dot/dot_fp8_e4m3_fp8_e4m3_fp32_5x16x8_1x4x4_neonfp8dot4/32/8/real_time",,,,,,,,false,"Unsupported hardware"
"dot/dot_fp8_e4m3_fp8_e4m3_fp32_5x16x8_1x4x4_neonfp8dot4/32/160/real_time",,,,,,,,false,"Unsupported hardware"
"dot/dot_fp8_e4m3_fp8_e4m3_fp32_5x16x8_1x4x4_neonfp8dot4/32/320/real_time",,,,,,,,false,"Unsupported hardware"
"dot/dot_fp8_e4m3_fp8_e4m3_fp32_5x16x8_1x4x4_neonfp8dot4/32/480/real_time",,,,,,,,false,"Unsupported hardware"
"dot/dot_fp8_e4m3_fp8_e4m3_fp32_5x16x8_1x4x4_neonfp8dot4/32/640/real_time",,,,,,,,false,"Unsupported hardware"
"dot/dot_fp8_e4m3_fp8_e4m3_fp32_5x16x8_1x4x4_neonfp8dot4/64/8/real_time",,,,,,,,false,"Unsupported hardware"
"dot/dot_fp8_e4m3_fp8_e4m3_fp32_5x16x8_1x4x4_neonfp8dot4/64/80/real_time",,,,,,,,false,"Unsupported hardware"
"dot/dot_fp8_e4m3_fp8_e4m3_fp32_5x16x8_1x4x4_neonfp8dot4/64/168/real_time",,,,,,,,false,"Unsupported hardware"
"dot/dot_fp8_e4m3_fp8_e4m3_fp32_5x16x8_1x4x4_neonfp8dot4/64/248/real_time",,,,,,,,false,"Unsupported hardware"
"dot/dot_fp8_e4m3_fp8_e4m3_fp32_5x16x8_1x4x4_neonfp8dot4/64/336/real_time",,,,,,,,false,"Unsupported hardware"
"dot/dot_fp8_e4m3_fp8_e4m3_fp32_5x16x8_1x4x4_neonfp8dot4/128/8/real_time",,,,,,,,false,"Unsupported hardware"
"dot/dot_fp8_e4m3_fp8_e4m3_fp32_5x16x8_1x4x4_neonfp8dot4/128/40/real_time",,,,,,,,false,"Unsupported hardware"
"dot/dot_fp8_e4m3_fp8_e4m3_fp32_5x16x8_1x4x4_neonfp8dot4/128/80/real_time",,,,,,,,false,"Unsupported hardware"
"dot/dot_fp8_e4m3_fp8_e4m3_fp32_5x16x8_1x4x4_neonfp8dot4/128/120/real_time",,,,,,,,false,"Unsupported hardware"
"dot/dot_fp8_e4m3_fp8_e4m3_fp32_5x16x8_1x4x4_neonfp8dot4/128/160/real_time",,,,,,,,false,"Unsupported hardware"
"dot/dot_fp8_e4m3_fp8_e4m3_fp32_1x8x8_1x4x4_neonfp8dot4/8/8/real_time",,,,,,,,false,"Unsupported hardware"
"dot/dot_fp8_e4m3_fp8_e4m3_fp32_1x8x8_1x4x4_neonfp8dot4/8/680/real_time",,,,,,,,false,"Unsupported hardware"
"dot/dot_fp8_e4m3_fp8_e4m3_fp32_1x8x8_1x4x4_neonfp8dot4/8/1360/real_time",,,,,,,,false,"Unsupported hardware"
"dot/dot_fp8_e4m3_fp8_e4m3_fp32_1x8x8_1x4x4_neonfp8dot4/8/2040/real_time",,,,,,,,false,"Unsupported hardware"
"dot/dot_fp8_e4m3_fp8_e4m3_fp32_1x8x8_1x4x4_neonfp8dot4/8/2720/real_time",,,,,,,,false,"Unsupported hardware"
"dot/dot_fp8_e4m3_fp8_e4m3_fp32_1x8x8_1x4x4_neonfp8dot4/16/8/real_time",,,,,,,,false,"Unsupported hardware"
"dot/dot_fp8_e4m3_fp8_e4m3_fp32_1x8x8_1x4x4_neonfp8dot4/16/360/real_time",,,,,,,,false,"Unsupported hardware"
"dot/dot_fp8_e4m3_fp8_e4m3_fp32_1x8x8_1x4x4_neonfp8dot4/16/720/real_time",,,,,,,,false,"Unsupported hardware"
"dot/dot_fp8_e4m3_fp8_e4m3_fp32_1x8x8_1x4x4_neonfp8dot4/16/1080/real_time",,,,,,,,false,"Unsupported hardware"
"dot/dot_fp8_e4m3_fp8_e4m3_fp32_1x8x8_1x4x4_neonfp8dot4/16/1440/real_time",,,,,,,,false,"Unsupported hardware"
"dot/dot_fp8_e4m3_fp8_e4m3_fp32_1x8x8_1x4x4_neonfp8dot4/32/8/real_time",,,,,,,,false,"Unsupported hardware"
"dot/dot_fp8_e4m3_fp8_e4m3_fp32_1x8x8_1x4x4_neonfp8dot4/32/184/real_time",,,,,,,,false,"Unsupported hardware"
"dot/dot_fp8_e4m3_fp8_e4m3_fp32_1x8x8_1x4x4_neonfp8dot4/32/368/real_time",,,,,,,,false,"Unsupported hardware"
"dot/dot_fp8_e4m3_fp8_e4m3_fp32_1x8x8_1x4x4_neonfp8dot4/32/552/real_time",,,,,,,,false,"Unsupported hardware"
"dot/dot_fp8_e4m3_fp8_e4m3_fp32_1x8x8_1x4x4_neonfp8dot4/32/736/real_time",,,,,,,,false,"Unsupported hardware"
"dot/dot_fp8_e4m3_fp8_e4m3_fp32_1x8x8_1x4x4_neonfp8dot4/64/8/real_time",,,,,,,,false,"Unsupported hardware"
"dot/dot_fp8_e4m3_fp8_e4m3_fp32_1x8x8_1x4x4_neonfp8dot4/64/88/real_time",,,,,,,,false,"Unsupported hardware"
"dot/dot_fp8_e4m3_fp8_e4m3_fp32_1x8x8_1x4x4_neonfp8dot4/64/184/real_time",,,,,,,,false,"Unsupported hardware"
"dot/dot_fp8_e4m3_fp8_e4m3_fp32_1x8x8_1x4x4_neonfp8dot4/64/272/real_time",,,,,,,,false,"Unsupported hardware"
"dot/dot_fp8_e4m3_fp8_e4m3_fp32_1x8x8_1x4x4_neonfp8dot4/64/368/real_time",,,,,,,,false,"Unsupported hardware"
"dot/dot_fp8_e4m3_fp8_e4m3_fp32_8x8x8_1x4x4_neonfp8dot4/8/8/real_time",,,,,,,,false,"Unsupported hardware"
"dot/dot_fp8_e4m3_fp8_e4m3_fp32_8x8x8_1x4x4_neonfp8dot4/8/376/real_time",,,,,,,,false,"Unsupported hardware"
"dot/dot_fp8_e4m3_fp8_e4m3_fp32_8x8x8_1x4x4_neonfp8dot4/8/760/real_time",,,,,,,,false,"Unsupported hardware"
"dot/dot_fp8_e4m3_fp8_e4m3_fp32_8x8x8_1x4x4_neonfp8dot4/8/1136/real_time",,,,,,,,false,"Unsupported hardware"
"dot/dot_fp8_e4m3_fp8_e4m3_fp32_8x8x8_1x4x4_neonfp8dot4/8/1520/real_time",,,,,,,,false,"Unsupported hardware"
"dot/dot_fp8_e4m3_fp8_e4m3_fp32_8x8x8_1x4x4_neonfp8dot4/16/8/real_time",,,,,,,,false,"Unsupported hardware"
"dot/dot_fp8_e4m3_fp8_e4m3_fp32_8x8x8_1x4x4_neonfp8dot4/16/248/real_time",,,,,,,,false,"Unsupported hardware"
"dot/dot_fp8_e4m3_fp8_e4m3_fp32_8x8x8_1x4x4_neonfp8dot4/16/496/real_time",,,,,,,,false,"Unsupported hardware"
"dot/dot_fp8_e4m3_fp8_e4m3_fp32_8x8x8_1x4x4_neonfp8dot4/16/744/real_time",,,,,,,,false,"Unsupported hardware"
"dot/dot_fp8_e4m3_fp8_e4m3_fp32_8x8x8_1x4x4_neonfp8dot4/16/1000/real_time",,,,,,,,false,"Unsupported hardware"
"dot/dot_fp8_e4m3_fp8_e4m3_fp32_8x8x8_1x4x4_neonfp8dot4/32/8/real_time",,,,,,,,false,"Unsupported hardware"
"dot/dot_fp8_e4m3_fp8_e4m3_fp32_8x8x8_1x4x4_neonfp8dot4/32/144/real_time",,,,,,,,false,"Unsupported hardware"
"dot/dot_fp8_e4m3_fp8_e4m3_fp32_8x8x8_1x4x4_neonfp8dot4/32/288/real_time",,,,,,,,false,"Unsupported hardware"
"dot/dot_fp8_e4m3_fp8_e4m3_fp32_8x8x8_1x4x4_neonfp8dot4/32/432/real_time",,,,,,,,false,"Unsupported hardware"
"dot/dot_fp8_e4m3_fp8_e4m3_fp32_8x8x8_1x4x4_neonfp8dot4/32/584/real_time",,,,,,,,false,"Unsupported hardware"
"dot/dot_fp8_e4m3_fp8_e4m3_fp32_8x8x8_1x4x4_neonfp8dot4/64/8/real_time",,,,,,,,false,"Unsupported hardware"
"dot/dot_fp8_e4m3_fp8_e4m3_fp32_8x8x8_1x4x4_neonfp8dot4/64/72/real_time",,,,,,,,false,"Unsupported hardware"
"dot/dot_fp8_e4m3_fp8_e4m3_fp32_8x8x8_1x4x4_neonfp8dot4/64/152/real_time",,,,,,,,false,"Unsupported hardware"
"dot/dot_fp8_e4m3_fp8_e4m3_fp32_8x8x8_1x4x4_neonfp8dot4/64/232/real_time",,,,,,,,false,"Unsupported hardware"
"dot/dot_fp8_e4m3_fp8_e4m3_fp32_8x8x8_1x4x4_neonfp8dot4/64/312/real_time",,,,,,,,false,"Unsupported hardware"
"dot/dot_fp8_e4m3_fp8_e4m3_fp32_10x8x8_1x4x4_neonfp8dot4/8/8/real_time",,,,,,,,false,"Unsupported hardware"
"dot/dot_fp8_e4m3_fp8_e4m3_fp32_10x8x8_1x4x4_neonfp8dot4/8/336/real_time",,,,,,,,false,"Unsupported hardware"
"dot/dot_fp8_e4m3_fp8_e4m3_fp32_10x8x8_1x4x4_neonfp8dot4/8/672/real_time",,,,,,,,false,"Unsupported hardware"
"dot/dot_fp8_e4m3_fp8_e4m3_fp32_10x8x8_1x4x4_neonfp8dot4/8/1008/real_time",,,,,,,,false,"Unsupported hardware"
"dot/dot_fp8_e4m3_fp8_e4m3_fp32_10x8x8_1x4x4_neonfp8dot4/8/1344/real_time",,,,,,,,false,"Unsupported hardware"
"dot/dot_fp8_e4m3_fp8_e4m3_fp32_10x8x8_1x4x4_neonfp8dot4/16/8/real_time",,,,,,,,false,"Unsupported hardware"
"dot/dot_fp8_e4m3_fp8_e4m3_fp32_10x8x8_1x4x4_neonfp8dot4/16/224/real_time",,,,,,,,false,"Unsupported hardware"
"dot/dot_fp8_e4m3_fp8_e4m3_fp32_10x8x8_1x4x4_neonfp8dot4/16/456/real_time",,,,,,,,false,"Unsupported hardware"
"dot/dot_fp8_e4m3_fp8_e4m3_fp32_10x8x8_1x4x4_neonfp8dot4/16/688/real_time",,,,,,,,false,"Unsupported hardware"
"dot/dot_fp8_e4m3_fp8_e4m3_fp32_10x8x8_1x4x4_neonfp8dot4/16/920/real_time",,,,,,,,false,"Unsupported hardware"
"dot/dot_fp8_e4m3_fp8_e4m3_fp32_10x8x8_1x4x4_neonfp8dot4/32/8/real_time",,,,,,,,false,"Unsupported hardware"
"dot/dot_fp8_e4m3_fp8_e4m3_fp32_10x8x8_1x4x4_neonfp8dot4/32/136/real_time",,,,,,,,false,"Unsupported hardware"
"dot/dot_fp8_e4m3_fp8_e4m3_fp32_10x8x8_1x4x4_neonfp8dot4/32/272/real_time",,,,,,,,false,"Unsupported hardware"
"dot/dot_fp8_e4m3_fp8_e4m3_fp32_10x8x8_1x4x4_neonfp8dot4/32/408/real_time",,,,,,,,false,"Unsupported hardware"
"dot/dot_fp8_e4m3_fp8_e4m3_fp32_10x8x8_1x4x4_neonfp8dot4/32/552/real_time",,,,,,,,false,"Unsupported hardware"
"dot/dot_fp8_e4m3_fp8_e4m3_fp32_10x8x8_1x4x4_neonfp8dot4/64/8/real_time",,,,,,,,false,"Unsupported hardware"
"dot/dot_fp8_e4m3_fp8_e4m3_fp32_10x8x8_1x4x4_neonfp8dot4/64/72/real_time",,,,,,,,false,"Unsupported hardware"
"dot/dot_fp8_e4m3_fp8_e4m3_fp32_10x8x8_1x4x4_neonfp8dot4/64/144/real_time",,,,,,,,false,"Unsupported hardware"
"dot/dot_fp8_e4m3_fp8_e4m3_fp32_10x8x8_1x4x4_neonfp8dot4/64/216/real_time",,,,,,,,false,"Unsupported hardware"
"dot/dot_fp8_e4m3_fp8_e4m3_fp32_10x8x8_1x4x4_neonfp8dot4/64/296/real_time",,,,,,,,false,"Unsupported hardware"
"dot/dot_fp8_e4m3_fp8_e4m3_fp32_8x4x8_1x4x4_neonfp8dot4/4/8/real_time",,,,,,,,false,"Unsupported hardware"
"dot/dot_fp8_e4m3_fp8_e4m3_fp32_8x4x8_1x4x4_neonfp8dot4/4/504/real_time",,,,,,,,false,"Unsupported hardware"
"dot/dot_fp8_e4m3_fp8_e4m3_fp32_8x4x8_1x4x4_neonfp8dot4/4/1016/real_time",,,,,,,,false,"Unsupported hardware"
"dot/dot_fp8_e4m3_fp8_e4m3_fp32_8x4x8_1x4x4_neonfp8dot4/4/1520/real_time",,,,,,,,false,"Unsupported hardware"
"dot/dot_fp8_e4m3_fp8_e4m3_fp32_8x4x8_1x4x4_neonfp8dot4/4/2032/real_time",,,,,,,,false,"Unsupported hardware"
"dot/dot_fp8_e4m3_fp8_e4m3_fp32_8x4x8_1x4x4_neonfp8dot4/8/8/real_time",,,,,,,,false,"Unsupported hardware"
"dot/dot_fp8_e4m3_fp8_e4m3_fp32_8x4x8_1x4x4_neonfp8dot4/8/376/real_time",,,,,,,,false,"Unsupported hardware"
"dot/dot_fp8_e4m3_fp8_e4m3_fp32_8x4x8_1x4x4_neonfp8dot4/8/760/real_time",,,,,,,,false,"Unsupported hardware"
"dot/dot_fp8_e4m3_fp8_e4m3_fp32_8x4x8_1x4x4_neonfp8dot4/8/1136/real_time",,,,,,,,false,"Unsupported hardware"
"dot/dot_fp8_e4m3_fp8_e4m3_fp32_8x4x8_1x4x4_neonfp8dot4/8/1520/real_time",,,,,,,,false,"Unsupported hardware"
"dot/dot_fp8_e4m3_fp8_e4m3_fp32_8x4x8_1x4x4_neonfp8dot4/16/8/real_time",,,,,,,,false,"Unsupported hardware"
"dot/dot_fp8_e4m3_fp8_e4m3_fp32_8x4x8_1x4x4_neonfp8dot4/16/248/real_time",,,,,,,,false,"Unsupported hardware"
"dot/dot_fp8_e4m3_fp8_e4m3_fp32_8x4x8_1x4x4_neonfp8dot4/16/496/real_time",,,,,,,,false,"Unsupported hardware"
"dot/dot_fp8_e4m3_fp8_e4m3_fp32_8x4x8_1x4x4_neonfp8dot4/16/744/real_time",,,,,,,,false,"Unsupported hardware"
"dot/dot_fp8_e4m3_fp8_e4m3_fp32_8x4x8_1x4x4_neonfp8dot4/16/1000/real_time",,,,,,,,false,"Unsupported hardware"
"dot/dot_fp8_e4m3_fp8_e4m3_fp32_8x4x8_1x4x4_neonfp8dot4/32/8/real_time",,,,,,,,false,"Unsupported hardware"
"dot/dot_fp8_e4m3_fp8_e4m3_fp32_8x4x8_1x4x4_neonfp8dot4/32/144/real_time",,,,,,,,false,"Unsupported hardware"
"dot/dot_fp8_e4m3_fp8_e4m3_fp32_8x4x8_1x4x4_neonfp8dot4/32/288/real_time",,,,,,,,false,"Unsupported hardware"
"dot/dot_fp8_e4m3_fp8_e4m3_fp32_8x4x8_1x4x4_neonfp8dot4/32/432/real_time",,,,,,,,false,"Unsupported hardware"
"dot/dot_fp8_e4m3_fp8_e4m3_fp32_8x4x8_1x4x4_neonfp8dot4/32/584/real_time",,,,,,,,false,"Unsupported hardware"
"dot/dot_int8_int2_int32_2x32x8_2x4x8_neoni8mm/32/8/real_time",4634355,30.1769,29.9846,ns,,,"2x32x8",,
"dot/dot_int8_int2_int32_2x32x8_2x4x8_neoni8mm/32/608/real_time",110305,1268.64,1260.2,ns,,,"2x32x608",,
"dot/dot_int8_int2_int32_2x32x8_2x4x8_neoni8mm/32/1216/real_time",55305,2528.17,2510.49,ns,,,"2x32x1216",,
"dot/dot_int8_int2_int32_2x32x8_2x4x8_neoni8mm/32/1824/real_time",37006,3780.43,3759.57,ns,,,"2x32x1824",,
"dot/dot_int8_int2_int32_2x32x8_2x4x8_neoni8mm/32/2432/real_time",27748,5044.84,5016.99,ns,,,"2x32x2432",,
"dot/dot_int8_int2_int32_2x32x8_2x4x8_neoni8mm/64/8/real_time",2704780,51.6973,51.4142,ns,,,"2x64x8",,
"dot/dot_int8_int2_int32_2x32x8_2x4x8_neoni8mm/64/328/real_time",101712,1372.69,1365.38,ns,,,"2x64x328",,
"dot/dot_int8_int2_int32_2x32x8_2x4x8_neoni8mm/64/664/real_time",50497,2765.28,2750.44,ns,,,"2x64x664",,
"dot/dot_int8_int2_int32_2x32x8_2x4x8_neoni8mm/64/1000/real_time",33716,4153.55,4130.02,ns,,,"2x64x1000",,
"dot/dot_int8_int2_int32_2x32x8_2x4x8_neoni8mm/64/1336/real_time",25251,5541.53,5509.92,ns,,,"2x64x1336",,
"dot/dot_int8_int2_int32_2x32x8_2x4x8_neoni8mm/128/8/real_time",1476484,94.7704,94.2631,ns,,,"2x128x8",,
"dot/dot_int8_int2_int32_2x32x8_2x4x8_neoni8mm/128/168/real_time",98653,1416.67,1408.67,ns,,,"2x128x168",,
"dot/dot_int8_int2_int32_2x32x8_2x4x8_neoni8mm/128/344/real_time",48555,2874.96,2859.27,ns,,,"2x128x344",,
"dot/dot_int8_int2_int32_2x32x8_2x4x8_neoni8mm/128/512/real_time",32834,4262.61,4239.03,ns,,,"2x128x512",,
"dot/dot_int8_int2_int32_2x32x8_2x4x8_neoni8mm/128/688/real_time",24469,5716.33,5684.85,ns,,,"2x128x688",,
"dot/dot_int8_int2_int32_2x32x8_2x4x8_neoni8mm/256/8/real_time",757433,182.973,181.885,ns,,,"2x256x8",,
"dot/dot_int8_int2_int32_2x32x8_2x4x8_neoni8mm/256/80/real_time",101636,1371.21,1363.81,ns,,,"2x256x80",,
"dot/dot_int8_int2_int32_2x32x8_2x4x8_neoni8mm/256/168/real_time",49404,2829.95,2814.92,ns,,,"2x256x168",,
"dot/dot_int8_int2_int32_2x32x8_2x4x8_neoni8mm/256/248/real_time",33684,4153,4128.9,ns,,,"2x256x248",,
"dot/dot_int8_int2_int32_2x32x8_2x4x8_neoni8mm/256/336/real_time",24967,5608,5574.25,ns,,,"2x256x336",,
"dot/dot_int8_int2_int32_4x16x8_2x4x8_neoni8mm/16/8/real_time",6222438,22.456,22.3345,ns,,,"4x16x8",,
"dot/dot_int8_int2_int32_4x16x8_2x4x8_neoni8mm/16/760/real_time",167566,834.697,830.28,ns,,,"4x16x760",,
"dot/dot_int8_int2_int32_4x16x8_2x4x8_neoni8mm/16/1520/real_time",84551,1653.87,1645.24,ns,,,"4x16x1520",,
"dot/dot_int8_int2_int32_4x16x8_2x4x8_neoni8mm/16/2280/real_time",56425,2471.46,2458.17,ns,,,"4x16x2280",,
"dot/dot_int8_int2_int32_4x16x8_2x4x8_neoni8mm/16/3040/real_time",42447,3299.54,3281.33,ns,,,"4x16x3040",,
"dot/dot_int8_int2_int32_4x16x8_2x4x8_neoni8mm/32/8/real_time",3753110,37.7765,37.5739,ns,,,"4x32x8",,
"dot/dot_int8_int2_int32_4x16x8_2x4x8_neoni8mm/32/496/real_time",128760,1088.2,1082.2,ns,,,"4x32x496",,
"dot/dot_int8_int2_int32_4x16x8_2x4x8_neoni8mm/32/1000/real_time",64062,2181.09,2168.66,ns,,,"4x32x1000",,
"dot/dot_int8_int2_int32_4x16x8_2x4x8_neoni8mm/32/1496/real_time",42985,3249.14,3231.84,ns,,,"4x32x1496",,
"dot/dot_int8_int2_int32_4x16x8_2x4x8_neoni8mm/32/2000/real_time",32258,4337.52,4312.5,ns,,,"4x32x2000",,
"dot/dot_int8_int2_int32_4x16x8_2x4x8_neoni8mm/64/8/real_time",2073976,67.1737,66.8243,ns,,,"4x64x8",,
"dot/dot_int8_int2_int32_4x16x8_2x4x8_neoni8mm/64/288/real_time",108995,1274.84,1268.23,ns,,,"4x64x288",,
"dot/dot_int8_int2_int32_4x16x8_2x4x8_neoni8mm/64/584/real_time",54721,2554.57,2540.72,ns,,,"4x64x584",,
"dot/dot_int8_int2_int32_4x16x8_2x4x8_neoni8mm/64/880/real_time",36505,3832.24,3810.42,ns,,,"4x64x880",,
"dot/dot_int8_int2_int32_4x16x8_2x4x8_neoni8mm/64/1176/real_time",27410,5105.82,5077.69,ns,,,"4x64x1176",,
"dot/dot_int8_int2_int32_4x16x8_2x4x8_neoni8mm/128/8/real_time",1107791,125.718,125.064,ns,,,"4x128x8",,
"dot/dot_int8_int2_int32_4x16x8_2x4x8_neoni8mm/128/152/real_time",102197,1371.26,1363.89,ns,,,"4x128x152",,
"dot/dot_int8_int2_int32_4x16x8_2x4x8_neoni8mm/128/312/real_time",50869,2752.15,2736.02,ns,,,"4x128x312",,
"dot/dot_int8_int2_int32_4x16x8_2x4x8_neoni8mm/128/464/real_time",34458,4059.17,4037.02,ns,,,"4x128x464",,
"dot/dot_int8_int2_int32_4x16x8_2x4x8_neoni8mm/128/624/real_time",25739,5439.82,5410.75,ns,,,"4x128x624",,
"dot/dot_int8_int2_int32_4x8x8_2x4x8_neoni8mm/8/8/real_time",9292196,15.0796,14.9961,ns,,,"4x8x8",,
"dot/dot_int8_int2_int32_4x8x8_2x4x8_neoni8mm/8/1016/real_time",248961,562.023,559.034,ns,,,"4x8x1016",,
"dot/dot_int8_int2_int32_4x8x8_2x4x8_neoni8mm/8/2032/real_time",125876,1114.56,1107.94,ns,,,"4x8x2032",,
"dot/dot_int8_int2_int32_4x8x8_2x4x8_neoni8mm/8/3048/real_time",84458,1662.44,1653.88,ns,,,"4x8x3048",,
"dot/dot_int8_int2_int32_4x8x8_2x4x8_neoni8mm/8/4072/real_time",63018,2216.12,2202.48,ns,,,"4x8x4072",,
"dot/dot_int8_int2_int32_4x8x8_2x4x8_neoni8mm/16/8/real_time",6264289,22.2609,22.1209,ns,,,"4x16x8",,
"dot/dot_int8_int2_int32_4x8x8_2x4x8_neoni8mm/16/760/real_time",166312,842.441,837.739,ns,,,"4x16x760",,
"dot/dot_int8_int2_int32_4x8x8_2x4x8_neoni8mm/16/1520/real_time",84174,1661.28,1652.28,ns,,,"4x16x1520",,
"dot/dot_int8_int2_int32_4x8x8_2x4x8_neoni8mm/16/2280/real_time",56179,2479.16,2465.91,ns,,,"4x16x2280",,
"dot/dot_int8_int2_int32_4x8x8_2x4x8_neoni8mm/16/3040/real_time",42233,3297.67,3280.21,ns,,,"4x16x3040",,
"dot/dot_int8_int2_int32_4x8x8_2x4x8_neoni8mm/32/8/real_time",3817341,36.7677,36.5466,ns,,,"4x32x8",,
"dot/dot_int8_int2_int32_4x8x8_2x4x8_neoni8mm/32/496/real_time",127848,1094.41,1088.28,ns,,,"4x32x496",,
"dot/dot_int8_int2_int32_4x8x8_2x4x8_neoni8mm/32/1000/real_time",63933,2184.7,2172.5,ns,,,"4x32x1000",,
"dot/dot_int8_int2_int32_4x8x8_2x4x8_neoni8mm/32/1496/real_time",42942,3258.38,3239.18,ns,,,"4x32x1496",,
"dot/dot_int8_int2_int32_4x8x8_2x4x8_neoni8mm/32/2000/real_time",32214,4364.55,4335.76,ns,,,"4x32x2000",,
"dot/dot_int8_int2_int32_4x8x8_2x4x8_neoni8mm/64/8/real_time",2093616,66.7776,66.4067,ns,,,"4x64x8",,
"dot/dot_int8_int2_int32_4x8x8_2x4x8_neoni8mm/64/288/real_time",108690,1280.83,1273.37,ns,,,"4x64x288",,
"dot/dot_int8_int2_int32_4x8x8_2x4x8_neoni8mm/64/584/real_time",54473,2567.76,2554.02,ns,,,"4x64x584",,
"dot/dot_int8_int2_int32_4x8x8_2x4x8_neoni8mm/64/880/real_time",36457,3836.55,3815.75,ns,,,"4x64x880",,
"dot/dot_int8_int2_int32_4x8x8_2x4x8_neoni8mm/64/1176/real_time",27316,5118.58,5089.6,ns,,,"4x64x1176",,
"dot/dot_int8_int2_int32_6x8x8_2x4x8_neoni8mm/8/8/real_time",7793879,17.9498,17.8521,ns,,,"6x8x8",,
"dot/dot_int8_int2_int32_6x8x8_2x4x8_neoni8mm/8/760/real_time",283550,493.632,490.876,ns,,,"6x8x760",,
"dot/dot_int8_int2_int32_6x8x8_2x4x8_neoni8mm/8/1520/real_time",143945,972.305,966.802,ns,,,"6x8x1520",,
"dot/dot_int8_int2_int32_6x8x8_2x4x8_neoni8mm/8/2280/real_time",96030,1454.23,1446.17,ns,,,"6x8x2280",,
"dot/dot_int8_int2_int32_6x8x8_2x4x8_neoni8mm/8/3048/real_time",72343,1944.78,1933.73,ns,,,"6x8x3048",,
"dot/dot_int8_int2_int32_6x8x8_2x4x8_neoni8mm/16/8/real_time",5086709,27.2747,27.1219,ns,,,"6x16x8",,
"dot/dot_int8_int2_int32_6x8x8_2x4x8_neoni8mm/16/600/real_time",180522,776.108,772.095,ns,,,"6x16x600",,
"dot/dot_int8_int2_int32_6x8x8_2x4x8_neoni8mm/16/1208/real_time",90321,1545.23,1535.77,ns,,,"6x16x1208",,
"dot/dot_int8_int2_int32_6x8x8_2x4x8_neoni8mm/16/1808/real_time",60784,2304.11,2291.63,ns,,,"6x16x1808",,
"dot/dot_int8_int2_int32_6x8x8_2x4x8_neoni8mm/16/2416/real_time",45610,3064.43,3046.89,ns,,,"6x16x2416",,
"dot/dot_int8_int2_int32_6x8x8_2x4x8_neoni8mm/32/8/real_time",3019767,46.342,46.0708,ns,,,"6x32x8",,
"dot/dot_int8_int2_int32_6x8x8_2x4x8_neoni8mm/32/424/real_time",126806,1098.41,1092.55,ns,,,"6x32x424",,
"dot/dot_int8_int2_int32_6x8x8_2x4x8_neoni8mm/32/848/real_time",64452,2167.17,2155.17,ns,,,"6x32x848",,
"dot/dot_int8_int2_int32_6x8x8_2x4x8_neoni8mm/32/1272/real_time",43291,3234.45,3217,ns,,,"6x32x1272",,
"dot/dot_int8_int2_int32_6x8x8_2x4x8_neoni8mm/32/1696/real_time",32559,4299.08,4275.67,ns,,,"6x32x1696",,
"dot/dot_int8_int2_int32_6x8x8_2x4x8_neoni8mm/64/8/real_time",1645548,85.0571,84.6166,ns,,,"6x64x8",,
"dot/dot_int8_int2_int32_6x8x8_2x4x8_neoni8mm/64/256/real_time",104157,1339.55,1331.05,ns,,,"6x64x256",,
"dot/dot_int8_int2_int32_6x8x8_2x4x8_neoni8mm/64/520/real_time",52391,2668.1,2650.81,ns,,,"6x64x520",,
"dot/dot_int8_int2_int32_6x8x8_2x4x8_neoni8mm/64/776/real_time",35354,3955.43,3933.26,ns,,,"6x64x776",,
"dot/dot_int8_int2_int32_6x8x8_2x4x8_neoni8mm/64/1040/real_time",26506,5282.57,5252.8,ns,,,"6x64x1040",,
"dot/dot_int8_int2_int32_8x8x8_2x4x8_neoni8mm/8/8/real_time",6282194,22.2513,22.1367,ns,,,"8x8x8",,
"dot/dot_int8_int2_int32_8x8x8_2x4x8_neoni8mm/8/608/real_time",310299,450.99,448.557,ns,,,"8x8x608",,
"dot/dot_int8_int2_int32_8x8x8_2x4x8_neoni8mm/8/1216/real_time",156943,891.766,886.932,ns,,,"8x8x1216",,
"dot/dot_int8_int2_int32_8x8x8_2x4x8_neoni8mm/8/1824/real_time",105211,1329.26,1321.92,ns,,,"8x8x1824",,
"dot/dot_int8_int2_int32_8x8x8_2x4x8_neoni8mm/8/2432/real_time",78731,1769.62,1759.41,ns,,,"8x8x2432",,
"dot/dot_int8_int2_int32_8x8x8_2x4x8_neoni8mm/16/8/real_time",4001161,33.8426,33.6603,ns,,,"8x16x8",,
"dot/dot_int8_int2_int32_8x8x8_2x4x8_neoni8mm/16/496/real_time",190923,733.88,729.542,ns,,,"8x16x496",,
"dot/dot_int8_int2_int32_8x8x8_2x4x8_neoni8mm/16/1000/real_time",95201,1468.23,1459.42,ns,,,"8x16x1000",,
"dot/dot_int8_int2_int32_8x8x8_2x4x8_neoni8mm/16/1496/real_time",64062,2182.34,2168.3,ns,,,"8x16x1496",,
"dot/dot_int8_int2_int32_8x8x8_2x4x8_neoni8mm/16/2000/real_time",48009,2904.74,2887.92,ns,,,"8x16x2000",,
"dot/dot_int8_int2_int32_8x8x8_2x4x8_neoni8mm/32/8/real_time",2057489,68.2222,67.8446,ns,,,"8x32x8",,
"dot/dot_int8_int2_int32_8x8x8_2x4x8_neoni8mm/32/368/real_time",127632,1096.02,1090.1,ns,,,"8x32x368",,
"dot/dot_int8_int2_int32_8x8x8_2x4x8_neoni8mm/32/736/real_time",64662,2164.55,2151.13,ns,,,"8x32x736",,
"dot/dot_int8_int2_int32_8x8x8_2x4x8_neoni8mm/32/1104/real_time",43427,3222.56,3204.86,ns,,,"8x32x1104",,
"dot/dot_int8_int2_int32_8x8x8_2x4x8_neoni8mm/32/1472/real_time",32712,4278.65,4254.45,ns,,,"8x32x1472",,
"dot/dot_int8_int2_int32_8x8x8_2x4x8_neoni8mm/64/8/real_time",1302641,107.816,107.154,ns,,,"8x64x8",,
"dot/dot_int8_int2_int32_8x8x8_2x4x8_neoni8mm/64/232/real_time",100029,1398.65,1389.9,ns,,,"8x64x232",,
"dot/dot_int8_int2_int32_8x8x8_2x4x8_neoni8mm/64/464/real_time",51222,2729.66,2714.05,ns,,,"8x64x464",,
"dot/dot_int8_int2_int32_8x8x8_2x4x8_neoni8mm/64/696/real_time",34306,4077.52,4052.23,ns,,,"8x64x696",,
"dot/dot_int8_int2_int32_8x8x8_2x4x8_neoni8mm/64/936/real_time",25617,5455.83,5423.47,ns,,,"8x64x936",,
"dot/dot_int8_int2_int32_10x8x8_2x4x8_neoni8mm/8/8/real_time",5538694,25.2288,25.0864,ns,,,"10x8x8",,
"dot/dot_int8_int2_int32_10x8x8_2x4x8_neoni8mm/8/504/real_time",328338,426.611,424.056,ns,,,"10x8x504",,
"dot/dot_int8_int2_int32_10x8x8_2x4x8_neoni8mm/8/1008/real_time",167131,836.201,831.164,ns,,,"10x8x1008",,
"dot/dot_int8_int2_int32_10x8x8_2x4x8_neoni8mm/8/1512/real_time",111665,1244.57,1236.83,ns,,,"10x8x1512",,
"dot/dot_int8_int2_int32_10x8x8_2x4x8_neoni8mm/8/2016/real_time",84266,1651.01,1641,ns,,,"10x8x2016",,
"dot/dot_int8_int2_int32_10x8x8_2x4x8_neoni8mm/16/8/real_time",3606563,39.0617,38.8346,ns,,,"10x16x8",,
"dot/dot_int8_int2_int32_10x8x8_2x4x8_neoni8mm/16/424/real_time",196868,710.803,706.972,ns,,,"10x16x424",,
"dot/dot_int8_int2_int32_10x8x8_2x4x8_neoni8mm/16/848/real_time",99447,1409.05,1400.99,ns,,,"10x16x848",,
"dot/dot_int8_int2_int32_10x8x8_2x4x8_neoni8mm/16/1272/real_time",66881,2091.96,2079.71,ns,,,"10x16x1272",,
"dot/dot_int8_int2_int32_10x8x8_2x4x8_neoni8mm/16/1704/real_time",50072,2794.34,2778.77,ns,,,"10x16x1704",,
"dot/dot_int8_int2_int32_10x8x8_2x4x8_neoni8mm/32/8/real_time",2008919,67.7319,67.3507,ns,,,"10x32x8",,
"dot/dot_int8_int2_int32_10x8x8_2x4x8_neoni8mm/32/320/real_time",128868,1083.84,1077.58,ns,,,"10x32x320",,
"dot/dot_int8_int2_int32_10x8x8_2x4x8_neoni8mm/32/640/real_time",65740,2143.05,2118.04,ns,,,"10x32x640",,
"dot/dot_int8_int2_int32_10x8x8_2x4x8_neoni8mm/32/960/real_time",44263,3164.63,3140.85,ns,,,"10x32x960",,
"dot/dot_int8_int2_int32_10x8x8_2x4x8_neoni8mm/32/1288/real_time",33154,4214.89,4188.44,ns,,,"10x32x1288",,
"dot/dot_int8_int2_int32_10x8x8_2x4x8_neoni8mm/64/8/real_time",992673,140.98,140.112,ns,,,"10x64x8",,
"dot/dot_int8_int2_int32_10x8x8_2x4x8_neoni8mm/64/208/real_time",97821,1425.33,1417.17,ns,,,"10x64x208",,
"dot/dot_int8_int2_int32_10x8x8_2x4x8_neoni8mm/64/416/real_time",50422,2773.18,2755.71,ns,,,"10x64x416",,
"dot/dot_int8_int2_int32_10x8x8_2x4x8_neoni8mm/64/624/real_time",33918,4127.73,4104.52,ns,,,"10x64x624",,
"dot/dot_int8_int2_int32_10x8x8_2x4x8_neoni8mm/64/840/real_time",25357,5515.07,5482.86,ns,,,"10x64x840",,
"dot/dot_int8_int2_int32_16x4x8_2x4x8_neoni8mm/4/8/real_time",5558025,25.1418,24.9912,ns,,,"16x4x8",,
"dot/dot_int8_int2_int32_16x4x8_2x4x8_neoni8mm/4/352/real_time",667980,208.969,207.786,ns,,,"16x4x352",,
"dot/dot_int8_int2_int32_16x4x8_2x4x8_neoni8mm/4/712/real_time",345110,405.806,403.422,ns,,,"16x4x712",,
"dot/dot_int8_int2_int32_16x4x8_2x4x8_neoni8mm/4/1064/real_time",233886,598,594.616,ns,,,"16x4x1064",,
"dot/dot_int8_int2_int32_16x4x8_2x4x8_neoni8mm/4/1424/real_time",176270,795.645,790.831,ns,,,"16x4x1424",,
"dot/dot_int8_int2_int32_16x4x8_2x4x8_neoni8mm/8/8/real_time",3878833,36.0397,35.8202,ns,,,"16x8x8",,
"dot/dot_int8_int2_int32_16x4x8_2x4x8_neoni8mm/8/328/real_time",367620,380.341,378.3,ns,,,"16x8x328",,
"dot/dot_int8_int2_int32_16x4x8_2x4x8_neoni8mm/8/664/real_time",186471,750.665,746.588,ns,,,"16x8x664",,
"dot/dot_int8_int2_int32_16x4x8_2x4x8_neoni8mm/8/1000/real_time",125462,1111.57,1105.5,ns,,,"16x8x1000",,
"dot/dot_int8_int2_int32_16x4x8_2x4x8_neoni8mm/8/1336/real_time",94348,1485.12,1474.73,ns,,,"16x8x1336",,
"dot/dot_int8_int2_int32_16x4x8_2x4x8_neoni8mm/16/8/real_time",2415518,57.9453,57.5677,ns,,,"16x16x8",,
"dot/dot_int8_int2_int32_16x4x8_2x4x8_neoni8mm/16/288/real_time",210096,666.374,661.795,ns,,,"16x16x288",,
"dot/dot_int8_int2_int32_16x4x8_2x4x8_neoni8mm/16/584/real_time",106604,1304.81,1295.95,ns,,,"16x16x584",,
"dot/dot_int8_int2_int32_16x4x8_2x4x8_neoni8mm/16/880/real_time",71777,1945.59,1933.48,ns,,,"16x16x880",,
"dot/dot_int8_int2_int32_16x4x8_2x4x8_neoni8mm/16/1176/real_time",54115,2618.9,2602.78,ns,,,"16x16x1176",,
"dot/dot_int8_int2_int32_16x4x8_2x4x8_neoni8mm/32/8/real_time",1350937,103.223,102.577,ns,,,"16x32x8",,
"dot/dot_int8_int2_int32_16x4x8_2x4x8_neoni8mm/32/232/real_time",129606,1075.56,1068.94,ns,,,"16x32x232",,
"dot/dot_int8_int2_int32_16x4x8_2x4x8_neoni8mm/32/464/real_time",67133,2077.41,2064.71,ns,,,"16x32x464",,
"dot/dot_int8_int2_int32_16x4x8_2x4x8_neoni8mm/32/696/real_time",45316,3082.7,3063.82,ns,,,"16x32x696",,
"dot/dot_int8_int2_int32_16x4x8_2x4x8_neoni8mm/32/936/real_time",33996,4118.27,4093.2,ns,,,"16x32x936",,
"dot/dot_int8_int4_int32_2x32x8_2x4x8_neoni8mm/32/8/real_time",5408059,25.855,25.7077,ns,,,"2x32x8",,
"dot/dot_int8_int4_int32_2x32x8_2x4x8_neoni8mm/32/336/real_time",266351,525.714,522.72,ns,,,"2x32x336",,
"dot/dot_int8_int4_int32_2x32x8_2x4x8_neoni8mm/32/672/real_time",134140,1041.87,1035.97,ns,,,"2x32x672",,
"dot/dot_int8_int4_int32_2x32x8_2x4x8_neoni8mm/32/1008/real_time",89338,1555,1545.75,ns,,,"2x32x1008",,
"dot/dot_int8_int4_int32_2x32x8_2x4x8_neoni8mm/32/1344/real_time",67192,2069.2,2055.68,ns,,,"2x32x1344",,
"dot/dot_int8_int4_int32_2x32x8_2x4x8_neoni8mm/64/8/real_time",3246432,43.1002,42.843,ns,,,"2x64x8",,
"dot/dot_int8_int4_int32_2x32x8_2x4x8_neoni8mm/64/176/real_time",251891,559.097,553.044,ns,,,"2x64x176",,
"dot/dot_int8_int4_int32_2x32x8_2x4x8_neoni8mm/64/352/real_time",125270,1094.98,1087.26,ns,,,"2x64x352",,
"dot/dot_int8_int4_int32_2x32x8_2x4x8_neoni8mm/64/528/real_time",85736,1631.44,1620.95,ns,,,"2x64x528",,
"dot/dot_int8_int4_int32_2x32x8_2x4x8_neoni8mm/64/704/real_time",64321,2176.59,2162.36,ns,,,"2x64x704",,
"dot/dot_int8_int4_int32_2x32x8_2x4x8_neoni8mm/128/8/real_time",1754964,79.7436,79.2603,ns,,,"2x128x8",,
"dot/dot_int8_int4_int32_2x32x8_2x4x8_neoni8mm/128/88/real_time",246430,568.205,564.569,ns,,,"2x128x88",,
"dot/dot_int8_int4_int32_2x32x8_2x4x8_neoni8mm/128/176/real_time",126519,1105.31,1098.45,ns,,,"2x128x176",,
"dot/dot_int8_int4_int32_2x32x8_2x4x8_neoni8mm/128/264/real_time",84941,1648.07,1637.27,ns,,,"2x128x264",,
"dot/dot_int8_int4_int32_2x32x8_2x4x8_neoni8mm/128/352/real_time",64062,2185.51,2172.21,ns,,,"2x128x352",,
"dot/dot_int8_int4_int32_2x32x8_2x4x8_neoni8mm/256/8/real_time",928655,150.896,149.956,ns,,,"2x256x8",,
"dot/dot_int8_int4_int32_2x32x8_2x4x8_neoni8mm/256/40/real_time",258254,541.452,538.426,ns,,,"2x256x40",,
"dot/dot_int8_int4_int32_2x32x8_2x4x8_neoni8mm/256/80/real_time",136325,1031.02,1024.75,ns,,,"2x256x80",,
"dot/dot_int8_int4_int32_2x32x8_2x4x8_neoni8mm/256/120/real_time",91643,1524.35,1515.31,ns,,,"2x256x120",,
"dot/dot_int8_int4_int32_2x32x8_2x4x8_neoni8mm/256/168/real_time",65964,2111.58,2098.01,ns,,,"2x256x168",,
"dot/dot_int8_int4_int32_4x16x8_2x4x8_neoni8mm/16/8/real_time",6473443,21.5519,21.4195,ns,,,"4x16x8",,
"dot/dot_int8_int4_int32_4x16x8_2x4x8_neoni8mm/16/504/real_time",273438,511.577,508.553,ns,,,"4x16x504",,
"dot/dot_int8_int4_int32_4x16x8_2x4x8_neoni8mm/16/1008/real_time",136643,1020.42,1014.11,ns,,,"4x16x1008",,
"dot/dot_int8_int4_int32_4x16x8_2x4x8_neoni8mm/16/1512/real_time",91912,1519.35,1510.07,ns,,,"4x16x1512",,
"dot/dot_int8_int4_int32_4x16x8_2x4x8_neoni8mm/16/2024/real_time",68918,2040.89,2026.48,ns,,,"4x16x2024",,
"dot/dot_int8_int4_int32_4x16x8_2x4x8_neoni8mm/32/8/real_time",4023061,34.8647,34.6265,ns,,,"4x32x8",,
"dot/dot_int8_int4_int32_4x16x8_2x4x8_neoni8mm/32/296/real_time",231375,604.897,601.087,ns,,,"4x32x296",,
"dot/dot_int8_int4_int32_4x16x8_2x4x8_neoni8mm/32/600/real_time",115424,1211.06,1203.43,ns,,,"4x32x600",,
"dot/dot_int8_int4_int32_4x16x8_2x4x8_neoni8mm/32/896/real_time",77404,1798.58,1788.83,ns,,,"4x32x896",,
"dot/dot_int8_int4_int32_4x16x8_2x4x8_neoni8mm/32/1200/real_time",57709,2399.33,2385.74,ns,,,"4x32x1200",,
"dot/dot_int8_int4_int32_4x16x8_2x4x8_neoni8mm/64/8/real_time",2214839,63.3984,63.0163,ns,,,"4x64x8",,
"dot/dot_int8_int4_int32_4x16x8_2x4x8_neoni8mm/64/160/real_time",210346,664.838,661.214,ns,,,"4x64x160",,
"dot/dot_int8_int4_int32_4x16x8_2x4x8_neoni8mm/64/320/real_time",107608,1302.19,1294.48,ns,,,"4x64x320",,
"dot/dot_int8_int4_int32_4x16x8_2x4x8_neoni8mm/64/480/real_time",72341,1934.92,1923.09,ns,,,"4x64x480",,
"dot/dot_int8_int4_int32_4x16x8_2x4x8_neoni8mm/64/648/real_time",53767,2601.25,2585.29,ns,,,"4x64x648",,
"dot/dot_int8_int4_int32_4x16x8_2x4x8_neoni8mm/128/8/real_time",1171099,119.391,118.683,ns,,,"4x128x8",,
"dot/dot_int8_int4_int32_4x16x8_2x4x8_neoni8mm/128/80/real_time",202315,690.718,687.08,ns,,,"4x128x80",,
"dot/dot_int8_int4_int32_4x16x8_2x4x8_neoni8mm/128/160/real_time",105277,1327.88,1320.54,ns,,,"4x128x160",,
"dot/dot_int8_int4_int32_4x16x8_2x4x8_neoni8mm/128/240/real_time",71371,1959.69,1948.41,ns,,,"4x128x240",,
"dot/dot_int8_int4_int32_4x16x8_2x4x8_neoni8mm/128/328/real_time",52705,2654.39,2639.35,ns,,,"4x128x328",,
"dot/dot_int8_int4_int32_6x16x8_2x4x8_neoni8mm/16/8/real_time",5063310,26.8613,26.7045,ns,,,"6x16x8",,
"dot/dot_int8_int4_int32_6x16x8_2x4x8_neoni8mm/16/432/real_time",213851,654.941,651.034,ns,,,"6x16x432",,
"dot/dot_int8_int4_int32_6x16x8_2x4x8_neoni8mm/16/864/real_time",107660,1296.86,1290.09,ns,,,"6x16x864",,
"dot/dot_int8_int4_int32_6x16x8_2x4x8_neoni8mm/16/1296/real_time",72099,1943.21,1932.52,ns,,,"6x16x1296",,
"dot/dot_int8_int4_int32_6x16x8_2x4x8_neoni8mm/16/1728/real_time",54151,2586.11,2570.65,ns,,,"6x16x1728",,
"dot/dot_int8_int4_int32_6x16x8_2x4x8_neoni8mm/32/8/real_time",2956845,47.4055,47.126,ns,,,"6x32x8",,
"dot/dot_int8_int4_int32_6x16x8_2x4x8_neoni8mm/32/264/real_time",173717,803.215,799.062,ns,,,"6x32x264",,
"dot/dot_int8_int4_int32_6x16x8_2x4x8_neoni8mm/32/536/real_time",86827,1609.21,1600.22,ns,,,"6x32x536",,
"dot/dot_int8_int4_int32_6x16x8_2x4x8_neoni8mm/32/808/real_time",57805,2421.63,2407.74,ns,,,"6x32x808",,
"dot/dot_int8_int4_int32_6x16x8_2x4x8_neoni8mm/32/1080/real_time",43330,3227.7,3208.86,ns,,,"6x32x1080",,
"dot/dot_int8_int4_int32_6x16x8_2x4x8_neoni8mm/64/8/real_time",1624370,86.2114,85.6856,ns,,,"6x64x8",,
"dot/dot_int8_int4_int32_6x16x8_2x4x8_neoni8mm/64/144/real_time",157355,889.585,884.77,ns,,,"6x64x144",,
"dot/dot_int8_int4_int32_6x16x8_2x4x8_neoni8mm/64/296/real_time",77732,1796.4,1786.62,ns,,,"6x64x296",,
"dot/dot_int8_int4_int32_6x16x8_2x4x8_neoni8mm/64/448/real_time",51938,2697.09,2682.15,ns,,,"6x64x448",,
"dot/dot_int8_int4_int32_6x16x8_2x4x8_neoni8mm/64/600/real_time",38878,3597.48,3577.51,ns,,,"6x64x600",,
"dot/dot_int8_int4_int32_6x16x8_2x4x8_neoni8mm/128/8/real_time",843511,165.888,164.881,ns,,,"6x128x8",,
"dot/dot_int8_int4_int32_6x16x8_2x4x8_neoni8mm/128/72/real_time",152144,921.769,916.432,ns,,,"6x128x72",,
"dot/dot_int8_int4_int32_6x16x8_2x4x8_neoni8mm/128/152/real_time",74497,1874.1,1863.79,ns,,,"6x128x152",,
"dot/dot_int8_int4_int32_6x16x8_2x4x8_neoni8mm/128/224/real_time",51174,2727.08,2712.06,ns,,,"6x128x224",,
"dot/dot_int8_int4_int32_6x16x8_2x4x8_neoni8mm/128/304/real_time",38063,3675.48,3654.62,ns,,,"6x128x304",,
"dot/dot_int8_int4_int32_6x8x8_2x4x8_neoni8mm/8/8/real_time",8096825,17.2421,17.1377,ns,,,"6x8x8",,
"dot/dot_int8_int4_int32_6x8x8_2x4x8_neoni8mm/8/608/real_time",411064,340.506,338.472,ns,,,"6x8x608",,
"dot/dot_int8_int4_int32_6x8x8_2x4x8_neoni8mm/8/1216/real_time",205948,673.736,669.61,ns,,,"6x8x1216",,
"dot/dot_int8_int4_int32_6x8x8_2x4x8_neoni8mm/8/1824/real_time",138115,1005.54,1000.17,ns,,,"6x8x1824",,
"dot/dot_int8_int4_int32_6x8x8_2x4x8_neoni8mm/8/2432/real_time",104797,1332.48,1324.9,ns,,,"6x8x2432",,
"dot/dot_int8_int4_int32_6x8x8_2x4x8_neoni8mm/16/8/real_time",4990050,26.6862,26.545,ns,,,"6x16x8",,
"dot/dot_int8_int4_int32_6x8x8_2x4x8_neoni8mm/16/432/real_time",289291,484.256,481.334,ns,,,"6x16x432",,
"dot/dot_int8_int4_int32_6x8x8_2x4x8_neoni8mm/16/864/real_time",145595,960.908,955.792,ns,,,"6x16x864",,
"dot/dot_int8_int4_int32_6x8x8_2x4x8_neoni8mm/16/1296/real_time",97178,1426.9,1419.06,ns,,,"6x16x1296",,
"dot/dot_int8_int4_int32_6x8x8_2x4x8_neoni8mm/16/1728/real_time",73447,1900.58,1889.67,ns,,,"6x16x1728",,
"dot/dot_int8_int4_int32_6x8x8_2x4x8_neoni8mm/32/8/real_time",3075251,47.3845,47.1283,ns,,,"6x32x8",,
"dot/dot_int8_int4_int32_6x8x8_2x4x8_neoni8mm/32/264/real_time",231793,604.155,600.626,ns,,,"6x32x264",,
"dot/dot_int8_int4_int32_6x8x8_2x4x8_neoni8mm/32/536/real_time",117534,1190.48,1183.63,ns,,,"6x32x536",,
"dot/dot_int8_int4_int32_6x8x8_2x4x8_neoni8mm/32/808/real_time",78582,1782.04,1771.72,ns,,,"6x32x808",,
"dot/dot_int8_int4_int32_6x8x8_2x4x8_neoni8mm/32/1080/real_time",58472,2368.8,2356.69,ns,,,"6x32x1080",,
"dot/dot_int8_int4_int32_6x8x8_2x4x8_neoni8mm/64/8/real_time",1665510,84.0035,83.5497,ns,,,"6x64x8",,
"dot/dot_int8_int4_int32_6x8x8_2x4x8_neoni8mm/64/144/real_time",206061,678.889,675.131,ns,,,"6x64x144",,
"dot/dot_int8_int4_int32_6x8x8_2x4x8_neoni8mm/64/296/real_time",104836,1333.89,1326.22,ns,,,"6x64x296",,
"dot/dot_int8_int4_int32_6x8x8_2x4x8_neoni8mm/64/448/real_time",70299,1988.14,1976.76,ns,,,"6x64x448",,
"dot/dot_int8_int4_int32_6x8x8_2x4x8_neoni8mm/64/600/real_time",52848,2644.16,2628.91,ns,,,"6x64x600",,
"dot/dot_int8_int4_int32_8x8x8_2x4x8_neoni8mm/8/8/real_time",6836407,20.4652,20.352,ns,,,"8x8x8",,
"dot/dot_int8_int4_int32_8x8x8_2x4x8_neoni8mm/8/504/real_time",422166,331.829,329.913,ns,,,"8x8x504",,
"dot/dot_int8_int4_int32_8x8x8_2x4x8_neoni8mm/8/1008/real_time",213993,659.059,655.554,ns,,,"8x8x1008",,
"dot/dot_int8_int4_int32_8x8x8_2x4x8_neoni8mm/8/1512/real_time",144121,975.894,970.697,ns,,,"8x8x1512",,
"dot/dot_int8_int4_int32_8x8x8_2x4x8_neoni8mm/8/2024/real_time",107822,1301.29,1294.05,ns,,,"8x8x2024",,
"dot/dot_int8_int4_int32_8x8x8_2x4x8_neoni8mm/16/8/real_time",4282471,32.6684,32.4917,ns,,,"8x16x8",,
"dot/dot_int8_int4_int32_8x8x8_2x4x8_neoni8mm/16/376/real_time",283232,494.763,491.795,ns,,,"8x16x376",,
"dot/dot_int8_int4_int32_8x8x8_2x4x8_neoni8mm/16/752/real_time",143058,978.221,972.713,ns,,,"8x16x752",,
"dot/dot_int8_int4_int32_8x8x8_2x4x8_neoni8mm/16/1128/real_time",96470,1464.41,1456,ns,,,"8x16x1128",,
"dot/dot_int8_int4_int32_8x8x8_2x4x8_neoni8mm/16/1504/real_time",72061,1924.19,1913.83,ns,,,"8x16x1504",,
"dot/dot_int8_int4_int32_8x8x8_2x4x8_neoni8mm/32/8/real_time",2498543,56.2818,55.8725,ns,,,"8x32x8",,
"dot/dot_int8_int4_int32_8x8x8_2x4x8_neoni8mm/32/240/real_time",216569,646.257,642.085,ns,,,"8x32x240",,
"dot/dot_int8_int4_int32_8x8x8_2x4x8_neoni8mm/32/488/real_time",109647,1271.05,1262.87,ns,,,"8x32x488",,
"dot/dot_int8_int4_int32_8x8x8_2x4x8_neoni8mm/32/728/real_time",74518,1879.85,1868.37,ns,,,"8x32x728",,
"dot/dot_int8_int4_int32_8x8x8_2x4x8_neoni8mm/32/976/real_time",55767,2502.74,2489.16,ns,,,"8x32x976",,
"dot/dot_int8_int4_int32_8x8x8_2x4x8_neoni8mm/64/8/real_time",1352841,103.434,102.821,ns,,,"8x64x8",,
"dot/dot_int8_int4_int32_8x8x8_2x4x8_neoni8mm/64/136/real_time",184556,758.674,754.019,ns,,,"8x64x136",,
"dot/dot_int8_int4_int32_8x8x8_2x4x8_neoni8mm/64/280/real_time",94365,1482.48,1473.76,ns,,,"8x64x280",,
"dot/dot_int8_int4_int32_8x8x8_2x4x8_neoni8mm/64/416/real_time",64111,2165.28,2154.04,ns,,,"8x64x416",,
"dot/dot_int8_int4_int32_8x8x8_2x4x8_neoni8mm/64/560/real_time",48420,2888.66,2872.83,ns,,,"8x64x560",,
"dot/dot_int8_int4_int32_10x8x8_2x4x8_neoni8mm/8/8/real_time",5728961,24.5325,24.3938,ns,,,"10x8x8",,
"dot/dot_int8_int4_int32_10x8x8_2x4x8_neoni8mm/8/432/real_time",424599,329.003,327.244,ns,,,"10x8x432",,
"dot/dot_int8_int4_int32_10x8x8_2x4x8_neoni8mm/8/864/real_time",217568,642.354,638.771,ns,,,"10x8x864",,
"dot/dot_int8_int4_int32_10x8x8_2x4x8_neoni8mm/8/1296/real_time",145739,954.532,949.344,ns,,,"10x8x1296",,
"dot/dot_int8_int4_int32_10x8x8_2x4x8_neoni8mm/8/1728/real_time",109845,1272.9,1265.09,ns,,,"10x8x1728",,
"dot/dot_int8_int4_int32_10x8x8_2x4x8_neoni8mm/16/8/real_time",3571225,45.9595,45.6897,ns,,,"10x16x8",,
"dot/dot_int8_int4_int32_10x8x8_2x4x8_neoni8mm/16/328/real_time",279878,499.98,496.992,ns,,,"10x16x328",,
"dot/dot_int8_int4_int32_10x8x8_2x4x8_neoni8mm/16/664/real_time",141436,989.012,983.605,ns,,,"10x16x664",,
"dot/dot_int8_int4_int32_10x8x8_2x4x8_neoni8mm/16/992/real_time",95657,1479,1470.09,ns,,,"10x16x992",,
"dot/dot_int8_int4_int32_10x8x8_2x4x8_neoni8mm/16/1328/real_time",71197,1960.54,1948.92,ns,,,"10x16x1328",,
"dot/dot_int8_int4_int32_10x8x8_2x4x8_neoni8mm/32/8/real_time",1971425,79.42,78.9928,ns,,,"10x32x8",,
"dot/dot_int8_int4_int32_10x8x8_2x4x8_neoni8mm/32/224/real_time",201631,694.616,690.875,ns,,,"10x32x224",,
"dot/dot_int8_int4_int32_10x8x8_2x4x8_neoni8mm/32/448/real_time",104274,1337.73,1330.37,ns,,,"10x32x448",,
"dot/dot_int8_int4_int32_10x8x8_2x4x8_neoni8mm/32/672/real_time",70339,1989.25,1977.91,ns,,,"10x32x672",,
"dot/dot_int8_int4_int32_10x8x8_2x4x8_neoni8mm/32/896/real_time",52994,2631.8,2618,ns,,,"10x32x896",,
"dot/dot_int8_int4_int32_10x8x8_2x4x8_neoni8mm/64/8/real_time",1158331,126.47,125.756,ns,,,"10x64x8",,
"dot/dot_int8_int4_int32_10x8x8_2x4x8_neoni8mm/64/128/real_time",169679,824.095,819.854,ns,,,"10x64x128",,
"dot/dot_int8_int4_int32_10x8x8_2x4x8_neoni8mm/64/256/real_time",89666,1557.92,1549.9,ns,,,"10x64x256",,
"dot/dot_int8_int4_int32_10x8x8_2x4x8_neoni8mm/64/384/real_time",60928,2296.67,2283.74,ns,,,"10x64x384",,
"dot/dot_int8_int4_int32_10x8x8_2x4x8_neoni8mm/64/520/real_time",45432,3081.77,3063.51,ns,,,"10x64x520",,
"dot/dot_int8_int4_int32_16x4x8_2x4x8_neoni8mm/4/8/real_time",5570049,25.1309,24.9935,ns,,,"16x4x8",,
"dot/dot_int8_int4_int32_16x4x8_2x4x8_neoni8mm/4/336/real_time",726014,192.751,191.766,ns,,,"16x4x336",,
"dot/dot_int8_int4_int32_16x4x8_2x4x8_neoni8mm/4/672/real_time",378057,369.313,367.419,ns,,,"16x4x672",,
"dot/dot_int8_int4_int32_16x4x8_2x4x8_neoni8mm/4/1008/real_time",257622,544.589,541.811,ns,,,"16x4x1008",,
"dot/dot_int8_int4_int32_16x4x8_2x4x8_neoni8mm/4/1344/real_time",195032,720.936,716.545,ns,,,"16x4x1344",,
"dot/dot_int8_int4_int32_16x4x8_2x4x8_neoni8mm/8/8/real_time",4015776,34.8618,34.6483,ns,,,"16x8x8",,
"dot/dot_int8_int4_int32_16x4x8_2x4x8_neoni8mm/8/296/real_time",420665,332.019,329.856,ns,,,"16x8x296",,
"dot/dot_int8_int4_int32_16x4x8_2x4x8_neoni8mm/8/600/real_time",213605,654.386,650.757,ns,,,"16x8x600",,
"dot/dot_int8_int4_int32_16x4x8_2x4x8_neoni8mm/8/896/real_time",145676,961.129,955.174,ns,,,"16x8x896",,
"dot/dot_int8_int4_int32_16x4x8_2x4x8_neoni8mm/8/1200/real_time",108552,1280.76,1272.77,ns,,,"16x8x1200",,
"dot/dot_int8_int4_int32_16x4x8_2x4x8_neoni8mm/16/8/real_time",2471988,56.6457,56.2979,ns,,,"16x16x8",,
"dot/dot_int8_int4_int32_16x4x8_2x4x8_neoni8mm/16/240/real_time",257222,544.325,541.298,ns,,,"16x16x240",,
"dot/dot_int8_int4_int32_16x4x8_2x4x8_neoni8mm/16/488/real_time",132186,1056.12,1049.92,ns,,,"16x16x488",,
"dot/dot_int8_int4_int32_16x4x8_2x4x8_neoni8mm/16/728/real_time",89727,1556.21,1546.91,ns,,,"16x16x728",,
"dot/dot_int8_int4_int32_16x4x8_2x4x8_neoni8mm/16/976/real_time",67805,2064.21,2052.54,ns,,,"16x16x976",,
"dot/dot_int8_int4_int32_16x4x8_2x4x8_neoni8mm/32/8/real_time",1373313,101.217,100.688,ns,,,"16x32x8",,
"dot/dot_int8_int4_int32_16x4x8_2x4x8_neoni8mm/32/176/real_time",173631,806.025,801.799,ns,,,"16x32x176",,
"dot/dot_int8_int4_int32_16x4x8_2x4x8_neoni8mm/32/352/real_time",91311,1531.85,1522.74,ns,,,"16x32x352",,
"dot/dot_int8_int4_int32_16x4x8_2x4x8_neoni8mm/32/528/real_time",61860,2261.19,2247.66,ns,,,"16x32x528",,
"dot/dot_int8_int4_int32_16x4x8_2x4x8_neoni8mm/32/704/real_time",46841,2988.16,2970.92,ns,,,"16x32x704",,
"dot/dot_int8_int8_int32_2x32x8_2x4x8_neoni8mm/32/8/real_time",9506328,14.6718,14.5799,ns,,,"2x32x8",,
"dot/dot_int8_int8_int32_2x32x8_2x4x8_neoni8mm/32/176/real_time",1748129,80.0671,79.617,ns,,,"2x32x176",,
"dot/dot_int8_int8_int32_2x32x8_2x4x8_neoni8mm/32/352/real_time",947206,148.163,147.346,ns,,,"2x32x352",,
"dot/dot_int8_int8_int32_2x32x8_2x4x8_neoni8mm/32/528/real_time",647723,215.254,214.09,ns,,,"2x32x528",,
"dot/dot_int8_int8_int32_2x32x8_2x4x8_neoni8mm/32/712/real_time",478374,291.992,290.437,ns,,,"2x32x712",,
"dot/dot_int8_int8_int32_2x32x8_2x4x8_neoni8mm/64/8/real_time",5480223,25.5123,25.3595,ns,,,"2x64x8",,
"dot/dot_int8_int8_int32_2x32x8_2x4x8_neoni8mm/64/88/real_time",1562502,89.3401,88.7994,ns,,,"2x64x88",,
"dot/dot_int8_int8_int32_2x32x8_2x4x8_neoni8mm/64/176/real_time",915394,152.683,151.78,ns,,,"2x64x176",,
"dot/dot_int8_int8_int32_2x32x8_2x4x8_neoni8mm/64/264/real_time",635677,220.098,218.835,ns,,,"2x64x264",,
"dot/dot_int8_int8_int32_2x32x8_2x4x8_neoni8mm/64/360/real_time",475647,293.544,291.908,ns,,,"2x64x360",,
"dot/dot_int8_int8_int32_2x32x8_2x4x8_neoni8mm/128/8/real_time",3351909,41.8959,41.6473,ns,,,"2x128x8",,
"dot/dot_int8_int8_int32_2x32x8_2x4x8_neoni8mm/128/40/real_time",1566041,89.3254,88.8578,ns,,,"2x128x40",,
"dot/dot_int8_int8_int32_2x32x8_2x4x8_neoni8mm/128/88/real_time",864134,162.424,161.386,ns,,,"2x128x88",,
"dot/dot_int8_int8_int32_2x32x8_2x4x8_neoni8mm/128/128/real_time",624736,223.54,222.294,ns,,,"2x128x128",,
"dot/dot_int8_int8_int32_2x32x8_2x4x8_neoni8mm/128/176/real_time",470392,296.739,295,ns,,,"2x128x176",,
"dot/dot_int8_int8_int32_2x32x8_2x4x8_neoni8mm/256/8/real_time",1831442,76.3003,75.9003,ns,,,"2x256x8",,
"dot/dot_int8_int8_int32_2x32x8_2x4x8_neoni8mm/256/16/real_time",1412154,99.1009,98.5438,ns,,,"2x256x16",,
"dot/dot_int8_int8_int32_2x32x8_2x4x8_neoni8mm/256/40/real_time",821722,170.028,169.134,ns,,,"2x256x40",,
"dot/dot_int8_int8_int32_2x32x8_2x4x8_neoni8mm/256/56/real_time",643348,217.562,216.315,ns,,,"2x256x56",,
"dot/dot_int8_int8_int32_2x32x8_2x4x8_neoni8mm/256/80/real_time",478215,291.692,289.619,ns,,,"2x256x80",,
"dot/dot_int8_int8_int32_4x16x8_2x4x8_neoni8mm/16/8/real_time",8859474,15.8035,15.7093,ns,,,"4x16x8",,
"dot/dot_int8_int8_int32_4x16x8_2x4x8_neoni8mm/16/304/real_time",1146714,121.716,121.004,ns,,,"4x16x304",,
"dot/dot_int8_int8_int32_4x16x8_2x4x8_neoni8mm/16/608/real_time",606417,230.562,229.299,ns,,,"4x16x608",,
"dot/dot_int8_int8_int32_4x16x8_2x4x8_neoni8mm/16/912/real_time",406708,344.084,342.204,ns,,,"4x16x912",,
"dot/dot_int8_int8_int32_4x16x8_2x4x8_neoni8mm/16/1216/real_time",309627,451.681,449.175,ns,,,"4x16x1216",,
"dot/dot_int8_int8_int32_4x16x8_2x4x8_neoni8mm/32/8/real_time",5618013,24.8926,24.7586,ns,,,"4x32x8",,
"dot/dot_int8_int8_int32_4x16x8_2x4x8_neoni8mm/32/160/real_time",1045162,133.497,132.726,ns,,,"4x32x160",,
"dot/dot_int8_int8_int32_4x16x8_2x4x8_neoni8mm/32/328/real_time",549843,254.169,252.78,ns,,,"4x32x328",,
"dot/dot_int8_int8_int32_4x16x8_2x4x8_neoni8mm/32/496/real_time",373727,374.756,372.745,ns,,,"4x32x496",,
"dot/dot_int8_int8_int32_4x16x8_2x4x8_neoni8mm/32/664/real_time",277154,505.917,503.321,ns,,,"4x32x664",,
"dot/dot_int8_int8_int32_4x16x8_2x4x8_neoni8mm/64/8/real_time",3335443,41.9668,41.7302,ns,,,"4x64x8",,
"dot/dot_int8_int8_int32_4x16x8_2x4x8_neoni8mm/64/80/real_time",967240,144.356,143.535,ns,,,"4x64x80",,
"dot/dot_int8_int8_int32_4x16x8_2x4x8_neoni8mm/64/168/real_time",515464,271.18,269.845,ns,,,"4x64x168",,
"dot/dot_int8_int8_int32_4x16x8_2x4x8_neoni8mm/64/256/real_time",347715,400.844,398.769,ns,,,"4x64x256",,
"dot/dot_int8_int8_int32_4x16x8_2x4x8_neoni8mm/64/344/real_time",264974,528.021,525.3,ns,,,"4x64x344",,
"dot/dot_int8_int8_int32_4x16x8_2x4x8_neoni8mm/128/8/real_time",1826406,76.5938,76.1842,ns,,,"4x128x8",,
"dot/dot_int8_int8_int32_4x16x8_2x4x8_neoni8mm/128/40/real_time",830014,167.793,167.002,ns,,,"4x128x40",,
"dot/dot_int8_int8_int32_4x16x8_2x4x8_neoni8mm/128/80/real_time",495147,282.438,280.62,ns,,,"4x128x80",,
"dot/dot_int8_int8_int32_4x16x8_2x4x8_neoni8mm/128/120/real_time",347474,402.585,400.056,ns,,,"4x128x120",,
"dot/dot_int8_int8_int32_4x16x8_2x4x8_neoni8mm/128/168/real_time",258819,540.631,537.57,ns,,,"4x128x168",,
"dot/dot_int8_int8_int32_6x16x8_2x4x8_neoni8mm/16/8/real_time",6349491,22.0494,21.9066,ns,,,"6x16x8",,
"dot/dot_int8_int8_int32_6x16x8_2x4x8_neoni8mm/16/272/real_time",850983,163.838,162.797,ns,,,"6x16x272",,
"dot/dot_int8_int8_int32_6x16x8_2x4x8_neoni8mm/16/544/real_time",450045,310.338,308.525,ns,,,"6x16x544",,
"dot/dot_int8_int8_int32_6x16x8_2x4x8_neoni8mm/16/816/real_time",303618,460.959,458.156,ns,,,"6x16x816",,
"dot/dot_int8_int8_int32_6x16x8_2x4x8_neoni8mm/16/1096/real_time",228918,612.651,609.172,ns,,,"6x16x1096",,
"dot/dot_int8_int8_int32_6x16x8_2x4x8_neoni8mm/32/8/real_time",3980913,35.1297,34.8606,ns,,,"6x32x8",,
"dot/dot_int8_int8_int32_6x16x8_2x4x8_neoni8mm/32/152/real_time",736806,189.674,188.5,ns,,,"6x32x152",,
"dot/dot_int8_int8_int32_6x16x8_2x4x8_neoni8mm/32/312/real_time",386425,362.101,359.944,ns,,,"6x32x312",,
"dot/dot_int8_int8_int32_6x16x8_2x4x8_neoni8mm/32/464/real_time",266069,525.897,522.715,ns,,,"6x32x464",,
"dot/dot_int8_int8_int32_6x16x8_2x4x8_neoni8mm/32/624/real_time",197969,707.63,703.581,ns,,,"6x32x624",,
"dot/dot_int8_int8_int32_6x16x8_2x4x8_neoni8mm/64/8/real_time",2298581,60.9551,60.5894,ns,,,"6x64x8",,
"dot/dot_int8_int8_int32_6x16x8_2x4x8_neoni8mm/64/80/real_time",649773,216.192,214.77,ns,,,"6x64x80",,
"dot/dot_int8_int8_int32_6x16x8_2x4x8_neoni8mm/64/160/real_time",361089,388.19,385.791,ns,,,"6x64x160",,
"dot/dot_int8_int8_int32_6x16x8_2x4x8_neoni8mm/64/240/real_time",247702,564.574,561.211,ns,,,"6x64x240",,
"dot/dot_int8_int8_int32_6x16x8_2x4x8_neoni8mm/64/328/real_time",185655,754.629,749.739,ns,,,"6x64x328",,
"dot/dot_int8_int8_int32_6x16x8_2x4x8_neoni8mm/128/8/real_time",1244946,112.642,111.881,ns,,,"6x128x8",,
"dot/dot_int8_int8_int32_6x16x8_2x4x8_neoni8mm/128/40/real_time",559747,250.011,248.477,ns,,,"6x128x40",,
"dot/dot_int8_int8_int32_6x16x8_2x4x8_neoni8mm/128/80/real_time",331180,422.416,419.842,ns,,,"6x128x80",,
"dot/dot_int8_int8_int32_6x16x8_2x4x8_neoni8mm/128/120/real_time",233348,598.786,595.513,ns,,,"6x128x120",,
"dot/dot_int8_int8_int32_6x16x8_2x4x8_neoni8mm/128/160/real_time",181505,771.051,766.9,ns,,,"6x128x160",,
"dot/dot_int8_int8_int32_6x8x8_2x4x8_neoni8mm/8/8/real_time",8433920,16.5366,16.4225,ns,,,"6x8x8",,
"dot/dot_int8_int8_int32_6x8x8_2x4x8_neoni8mm/8/432/real_time",1084903,127.605,126.773,ns,,,"6x8x432",,
"dot/dot_int8_int8_int32_6x8x8_2x4x8_neoni8mm/8/864/real_time",563582,248.406,246.661,ns,,,"6x8x864",,
"dot/dot_int8_int8_int32_6x8x8_2x4x8_neoni8mm/8/1296/real_time",383907,364.455,362.187,ns,,,"6x8x1296",,
"dot/dot_int8_int8_int32_6x8x8_2x4x8_neoni8mm/8/1736/real_time",287633,486.56,483.476,ns,,,"6x8x1736",,
"dot/dot_int8_int8_int32_6x8x8_2x4x8_neoni8mm/16/8/real_time",5732553,24.4305,24.2791,ns,,,"6x16x8",,
"dot/dot_int8_int8_int32_6x8x8_2x4x8_neoni8mm/16/272/real_time",821370,171.24,170.301,ns,,,"6x16x272",,
"dot/dot_int8_int8_int32_6x8x8_2x4x8_neoni8mm/16/544/real_time",453081,309.938,308.045,ns,,,"6x16x544",,
"dot/dot_int8_int8_int32_6x8x8_2x4x8_neoni8mm/16/816/real_time",299634,470.52,467.314,ns,,,"6x16x816",,
"dot/dot_int8_int8_int32_6x8x8_2x4x8_neoni8mm/16/1096/real_time",226742,618.799,614.289,ns,,,"6x16x1096",,
"dot/dot_int8_int8_int32_6x8x8_2x4x8_neoni8mm/32/8/real_time",3480643,40.2339,39.9829,ns,,,"6x32x8",,
"dot/dot_int8_int8_int32_6x8x8_2x4x8_neoni8mm/32/152/real_time",693892,199.902,198.779,ns,,,"6x32x152",,
"dot/dot_int8_int8_int32_6x8x8_2x4x8_neoni8mm/32/312/real_time",382122,366.267,364.181,ns,,,"6x32x312",,
"dot/dot_int8_int8_int32_6x8x8_2x4x8_neoni8mm/32/464/real_time",263496,531.159,528.052,ns,,,"6x32x464",,
"dot/dot_int8_int8_int32_6x8x8_2x4x8_neoni8mm/32/624/real_time",195299,714.56,710.455,ns,,,"6x32x624",,
"dot/dot_int8_int8_int32_6x8x8_2x4x8_neoni8mm/64/8/real_time",1948760,71.8147,71.4011,ns,,,"6x64x8",,
"dot/dot_int8_int8_int32_6x8x8_2x4x8_neoni8mm/64/80/real_time",617984,221.571,220.309,ns,,,"6x64x80",,
"dot/dot_int8_int8_int32_6x8x8_2x4x8_neoni8mm/64/160/real_time",357357,392.501,390.373,ns,,,"6x64x160",,
"dot/dot_int8_int8_int32_6x8x8_2x4x8_neoni8mm/64/240/real_time",247930,564.536,561.255,ns,,,"6x64x240",,
"dot/dot_int8_int8_int32_6x8x8_2x4x8_neoni8mm/64/328/real_time",185722,753.644,749.345,ns,,,"6x64x328",,
"dot/dot_int8_int8_int32_8x8x8_2x4x8_neoni8mm/8/8/real_time",7204310,19.3835,19.2806,ns,,,"8x8x8",,
"dot/dot_int8_int8_int32_8x8x8_2x4x8_neoni8mm/8/376/real_time",915407,151.683,150.873,ns,,,"8x8x376",,
"dot/dot_int8_int8_int32_8x8x8_2x4x8_neoni8mm/8/760/real_time",480520,290.59,288.998,ns,,,"8x8x760",,
"dot/dot_int8_int8_int32_8x8x8_2x4x8_neoni8mm/8/1136/real_time",326697,428.652,426.067,ns,,,"8x8x1136",,
"dot/dot_int8_int8_int32_8x8x8_2x4x8_neoni8mm/8/1520/real_time",247119,566.321,563.018,ns,,,"8x8x1520",,
"dot/dot_int8_int8_int32_8x8x8_2x4x8_neoni8mm/16/8/real_time",3718953,36.5899,36.3906,ns,,,"8x16x8",,
"dot/dot_int8_int8_int32_8x8x8_2x4x8_neoni8mm/16/248/real_time",684607,204.61,203.477,ns,,,"8x16x248",,
"dot/dot_int8_int8_int32_8x8x8_2x4x8_neoni8mm/16/496/real_time",370882,376.086,373.982,ns,,,"8x16x496",,
"dot/dot_int8_int8_int32_8x8x8_2x4x8_neoni8mm/16/744/real_time",247853,564.705,560.976,ns,,,"8x16x744",,
"dot/dot_int8_int8_int32_8x8x8_2x4x8_neoni8mm/16/1000/real_time",187288,748.025,743.836,ns,,,"8x16x1000",,
"dot/dot_int8_int8_int32_8x8x8_2x4x8_neoni8mm/32/8/real_time",2840327,49.1925,48.9169,ns,,,"8x32x8",,
"dot/dot_int8_int8_int32_8x8x8_2x4x8_neoni8mm/32/144/real_time",551984,253.026,251.715,ns,,,"8x32x144",,
"dot/dot_int8_int8_int32_8x8x8_2x4x8_neoni8mm/32/288/real_time",306539,456.691,454.183,ns,,,"8x32x288",,
"dot/dot_int8_int8_int32_8x8x8_2x4x8_neoni8mm/32/432/real_time",212365,659.513,655.536,ns,,,"8x32x432",,
"dot/dot_int8_int8_int32_8x8x8_2x4x8_neoni8mm/32/584/real_time",159601,875.861,870.894,ns,,,"8x32x584",,
"dot/dot_int8_int8_int32_8x8x8_2x4x8_neoni8mm/64/8/real_time",1557159,89.89,89.3663,ns,,,"8x64x8",,
"dot/dot_int8_int8_int32_8x8x8_2x4x8_neoni8mm/64/72/real_time",506798,275.725,274.212,ns,,,"8x64x72",,
"dot/dot_int8_int8_int32_8x8x8_2x4x8_neoni8mm/64/152/real_time",282258,495.921,493.294,ns,,,"8x64x152",,
"dot/dot_int8_int8_int32_8x8x8_2x4x8_neoni8mm/64/232/real_time",192472,726.339,722.287,ns,,,"8x64x232",,
"dot/dot_int8_int8_int32_8x8x8_2x4x8_neoni8mm/64/312/real_time",146448,954.37,949.044,ns,,,"8x64x312",,
"dot/dot_int8_int8_int32_10x8x8_2x4x8_neoni8mm/8/8/real_time",6087728,22.9776,22.8507,ns,,,"10x8x8",,
"dot/dot_int8_int8_int32_10x8x8_2x4x8_neoni8mm/8/336/real_time",832103,168.015,167.069,ns,,,"10x8x336",,
"dot/dot_int8_int8_int32_10x8x8_2x4x8_neoni8mm/8/672/real_time",434509,322.253,320.46,ns,,,"10x8x672",,
"dot/dot_int8_int8_int32_10x8x8_2x4x8_neoni8mm/8/1008/real_time",296128,473.452,470.761,ns,,,"10x8x1008",,
"dot/dot_int8_int8_int32_10x8x8_2x4x8_neoni8mm/8/1344/real_time",224481,624.26,620.682,ns,,,"10x8x1344",,
"dot/dot_int8_int8_int32_10x8x8_2x4x8_neoni8mm/16/8/real_time",4020407,35.4182,35.2297,ns,,,"10x16x8",,
"dot/dot_int8_int8_int32_10x8x8_2x4x8_neoni8mm/16/224/real_time",615882,226.211,225.044,ns,,,"10x16x224",,
"dot/dot_int8_int8_int32_10x8x8_2x4x8_neoni8mm/16/456/real_time",321174,435.675,433.321,ns,,,"10x16x456",,
"dot/dot_int8_int8_int32_10x8x8_2x4x8_neoni8mm/16/688/real_time",214489,652.279,648.464,ns,,,"10x16x688",,
"dot/dot_int8_int8_int32_10x8x8_2x4x8_neoni8mm/16/920/real_time",162426,860.534,855.797,ns,,,"10x16x920",,
"dot/dot_int8_int8_int32_10x8x8_2x4x8_neoni8mm/32/8/real_time",2379222,58.8781,58.5575,ns,,,"10x32x8",,
"dot/dot_int8_int8_int32_10x8x8_2x4x8_neoni8mm/32/136/real_time",489882,284.82,283.332,ns,,,"10x32x136",,
"dot/dot_int8_int8_int32_10x8x8_2x4x8_neoni8mm/32/272/real_time",263430,530.979,527.917,ns,,,"10x32x272",,
"dot/dot_int8_int8_int32_10x8x8_2x4x8_neoni8mm/32/408/real_time",180303,776.395,771.858,ns,,,"10x32x408",,
"dot/dot_int8_int8_int32_10x8x8_2x4x8_neoni8mm/32/552/real_time",134250,1034.07,1028.36,ns,,,"10x32x552",,
"dot/dot_int8_int8_int32_10x8x8_2x4x8_neoni8mm/64/8/real_time",1335194,103.772,103.202,ns,,,"10x64x8",,
"dot/dot_int8_int8_int32_10x8x8_2x4x8_neoni8mm/64/72/real_time",428170,327.273,325.507,ns,,,"10x64x72",,
"dot/dot_int8_int8_int32_10x8x8_2x4x8_neoni8mm/64/144/real_time",237014,590.177,586.972,ns,,,"10x64x144",,
"dot/dot_int8_int8_int32_10x8x8_2x4x8_neoni8mm/64/216/real_time",165051,848.296,843.158,ns,,,"10x64x216",,
"dot/dot_int8_int8_int32_10x8x8_2x4x8_neoni8mm/64/296/real_time",123133,1134.75,1128.39,ns,,,"10x64x296",,
"dot/dot_int8_int8_int32_16x4x8_2x4x8_neoni8mm/4/8/real_time",5732101,24.4241,24.2781,ns,,,"16x4x8",,
"dot/dot_int8_int8_int32_16x4x8_2x4x8_neoni8mm/4/304/real_time",1101152,127.099,126.415,ns,,,"16x4x304",,
"dot/dot_int8_int8_int32_16x4x8_2x4x8_neoni8mm/4/608/real_time",589449,236.71,235.381,ns,,,"16x4x608",,
"dot/dot_int8_int8_int32_16x4x8_2x4x8_neoni8mm/4/912/real_time",399335,350.856,348.8,ns,,,"16x4x912",,
"dot/dot_int8_int8_int32_16x4x8_2x4x8_neoni8mm/4/1216/real_time",304600,461.017,458.379,ns,,,"16x4x1216",,
"dot/dot_int8_int8_int32_16x4x8_2x4x8_neoni8mm/8/8/real_time",4188743,33.3855,33.2058,ns,,,"16x8x8",,
"dot/dot_int8_int8_int32_16x4x8_2x4x8_neoni8mm/8/248/real_time",691587,202.161,200.805,ns,,,"16x8x248",,
"dot/dot_int8_int8_int32_16x4x8_2x4x8_neoni8mm/8/496/real_time",367914,380.047,377.888,ns,,,"16x8x496",,
"dot/dot_int8_int8_int32_16x4x8_2x4x8_neoni8mm/8/744/real_time",245870,569.459,566.321,ns,,,"16x8x744",,
"dot/dot_int8_int8_int32_16x4x8_2x4x8_neoni8mm/8/1000/real_time",185352,753.629,749.37,ns,,,"16x8x1000",,
"dot/dot_int8_int8_int32_16x4x8_2x4x8_neoni8mm/16/8/real_time",2708072,51.7046,51.4163,ns,,,"16x16x8",,
"dot/dot_int8_int8_int32_16x4x8_2x4x8_neoni8mm/16/184/real_time",467144,299.355,297.795,ns,,,"16x16x184",,
"dot/dot_int8_int8_int32_16x4x8_2x4x8_neoni8mm/16/368/real_time",246044,568.132,565.167,ns,,,"16x16x368",,
"dot/dot_int8_int8_int32_16x4x8_2x4x8_neoni8mm/16/552/real_time",167987,833.529,828.745,ns,,,"16x16x552",,
"dot/dot_int8_int8_int32_16x4x8_2x4x8_neoni8mm/16/736/real_time",126341,1103.48,1097.09,ns,,,"16x16x736",,
"dot/dot_int8_int8_int32_16x4x8_2x4x8_neoni8mm/32/8/real_time",1583629,88.2935,87.8308,ns,,,"16x32x8",,
"dot/dot_int8_int8_int32_16x4x8_2x4x8_neoni8mm/32/112/real_time",363225,385.621,383.3,ns,,,"16x32x112",,
"dot/dot_int8_int8_int32_16x4x8_2x4x8_neoni8mm/32/232/real_time",191581,730.005,725.99,ns,,,"16x32x232",,
"dot/dot_int8_int8_int32_16x4x8_2x4x8_neoni8mm/32/344/real_time",133082,1051.66,1046.13,ns,,,"16x32x344",,
"dot/dot_int8_int8_int32_16x4x8_2x4x8_neoni8mm/32/464/real_time",100186,1396.18,1388.18,ns,,,"16x32x464",,
"dot/dot_bf16_bf16_fp32_2x32x4_2x4x4_neonbf16/32/4/real_time",9251866,15.1478,15.0653,ns,,,"2x32x4",,
"dot/dot_bf16_bf16_fp32_2x32x4_2x4x4_neonbf16/32/88/real_time",1729740,80.7643,80.3516,ns,,,"2x32x88",,
"dot/dot_bf16_bf16_fp32_2x32x4_2x4x4_neonbf16/32/176/real_time",941892,148.249,147.417,ns,,,"2x32x176",,
"dot/dot_bf16_bf16_fp32_2x32x4_2x4x4_neonbf16/32/264/real_time",649776,215.456,214.24,ns,,,"2x32x264",,
"dot/dot_bf16_bf16_fp32_2x32x4_2x4x4_neonbf16/32/356/real_time",479142,292.025,290.43,ns,,,"2x32x356",,
"dot/dot_bf16_bf16_fp32_2x32x4_2x4x4_neonbf16/64/4/real_time",5481497,25.6709,25.5388,ns,,,"2x64x4",,
"dot/dot_bf16_bf16_fp32_2x32x4_2x4x4_neonbf16/64/44/real_time",1592328,88.0264,87.5145,ns,,,"2x64x44",,
"dot/dot_bf16_bf16_fp32_2x32x4_2x4x4_neonbf16/64/88/real_time",913621,153.21,152.312,ns,,,"2x64x88",,
"dot/dot_bf16_bf16_fp32_2x32x4_2x4x4_neonbf16/64/132/real_time",632885,220.532,219.169,ns,,,"2x64x132",,
"dot/dot_bf16_bf16_fp32_2x32x4_2x4x4_neonbf16/64/180/real_time",475851,293.986,292.162,ns,,,"2x64x180",,
"dot/dot_bf16_bf16_fp32_2x32x4_2x4x4_neonbf16/128/4/real_time",3311442,42.2191,41.975,ns,,,"2x128x4",,
"dot/dot_bf16_bf16_fp32_2x32x4_2x4x4_neonbf16/128/20/real_time",1553568,89.7036,89.2034,ns,,,"2x128x20",,
"dot/dot_bf16_bf16_fp32_2x32x4_2x4x4_neonbf16/128/44/real_time",860747,162.428,161.51,ns,,,"2x128x44",,
"dot/dot_bf16_bf16_fp32_2x32x4_2x4x4_neonbf16/128/64/real_time",625047,223.946,222.664,ns,,,"2x128x64",,
"dot/dot_bf16_bf16_fp32_2x32x4_2x4x4_neonbf16/128/88/real_time",470448,296.842,295.337,ns,,,"2x128x88",,
"dot/dot_bf16_bf16_fp32_2x32x4_2x4x4_neonbf16/256/4/real_time",1822709,76.7754,76.3341,ns,,,"2x256x4",,
"dot/dot_bf16_bf16_fp32_2x32x4_2x4x4_neonbf16/256/8/real_time",1412657,99.1714,98.5555,ns,,,"2x256x8",,
"dot/dot_bf16_bf16_fp32_2x32x4_2x4x4_neonbf16/256/20/real_time",819422,170.801,169.879,ns,,,"2x256x20",,
"dot/dot_bf16_bf16_fp32_2x32x4_2x4x4_neonbf16/256/28/real_time",642226,217.767,216.543,ns,,,"2x256x28",,
"dot/dot_bf16_bf16_fp32_2x32x4_2x4x4_neonbf16/256/40/real_time",479684,290.937,289.232,ns,,,"2x256x40",,
"dot/dot_bf16_bf16_fp32_4x16x4_2x4x4_neonbf16/16/4/real_time",8846237,15.8004,15.7103,ns,,,"4x16x4",,
"dot/dot_bf16_bf16_fp32_4x16x4_2x4x4_neonbf16/16/152/real_time",1148929,121.956,121.322,ns,,,"4x16x152",,
"dot/dot_bf16_bf16_fp32_4x16x4_2x4x4_neonbf16/16/304/real_time",605356,230.97,229.604,ns,,,"4x16x304",,
"dot/dot_bf16_bf16_fp32_4x16x4_2x4x4_neonbf16/16/456/real_time",406167,344.673,342.573,ns,,,"4x16x456",,
"dot/dot_bf16_bf16_fp32_4x16x4_2x4x4_neonbf16/16/608/real_time",309456,452.535,450.02,ns,,,"4x16x608",,
"dot/dot_bf16_bf16_fp32_4x16x4_2x4x4_neonbf16/32/4/real_time",5678541,24.6905,24.5507,ns,,,"4x32x4",,
"dot/dot_bf16_bf16_fp32_4x16x4_2x4x4_neonbf16/32/80/real_time",1048603,133.553,132.814,ns,,,"4x32x80",,
"dot/dot_bf16_bf16_fp32_4x16x4_2x4x4_neonbf16/32/164/real_time",550407,254.246,252.785,ns,,,"4x32x164",,
"dot/dot_bf16_bf16_fp32_4x16x4_2x4x4_neonbf16/32/248/real_time",373149,375.155,372.752,ns,,,"4x32x248",,
"dot/dot_bf16_bf16_fp32_4x16x4_2x4x4_neonbf16/32/332/real_time",276935,506.141,503.329,ns,,,"4x32x332",,
"dot/dot_bf16_bf16_fp32_4x16x4_2x4x4_neonbf16/64/4/real_time",3351253,41.8631,41.624,ns,,,"4x64x4",,
"dot/dot_bf16_bf16_fp32_4x16x4_2x4x4_neonbf16/64/40/real_time",965809,144.737,143.998,ns,,,"4x64x40",,
"dot/dot_bf16_bf16_fp32_4x16x4_2x4x4_neonbf16/64/84/real_time",515314,271.346,269.918,ns,,,"4x64x84",,
"dot/dot_bf16_bf16_fp32_4x16x4_2x4x4_neonbf16/64/128/real_time",347375,401.295,399.095,ns,,,"4x64x128",,
"dot/dot_bf16_bf16_fp32_4x16x4_2x4x4_neonbf16/64/172/real_time",263467,530.162,526.963,ns,,,"4x64x172",,
"dot/dot_bf16_bf16_fp32_4x16x4_2x4x4_neonbf16/128/4/real_time",1830892,76.3721,75.9761,ns,,,"4x128x4",,
"dot/dot_bf16_bf16_fp32_4x16x4_2x4x4_neonbf16/128/20/real_time",830619,168.055,167.096,ns,,,"4x128x20",,
"dot/dot_bf16_bf16_fp32_4x16x4_2x4x4_neonbf16/128/40/real_time",495068,282.779,281.126,ns,,,"4x128x40",,
"dot/dot_bf16_bf16_fp32_4x16x4_2x4x4_neonbf16/128/60/real_time",346533,403.385,401.134,ns,,,"4x128x60",,
"dot/dot_bf16_bf16_fp32_4x16x4_2x4x4_neonbf16/128/84/real_time",259033,540.926,537.851,ns,,,"4x128x84",,
"dot/dot_bf16_bf16_fp32_6x16x4_2x4x4_neonbf16/16/4/real_time",6461104,21.6087,21.4943,ns,,,"6x16x4",,
"dot/dot_bf16_bf16_fp32_6x16x4_2x4x4_neonbf16/16/136/real_time",853236,163.846,162.813,ns,,,"6x16x136",,
"dot/dot_bf16_bf16_fp32_6x16x4_2x4x4_neonbf16/16/272/real_time",451350,310.4,308.49,ns,,,"6x16x272",,
"dot/dot_bf16_bf16_fp32_6x16x4_2x4x4_neonbf16/16/408/real_time",304292,459.922,457.529,ns,,,"6x16x408",,
"dot/dot_bf16_bf16_fp32_6x16x4_2x4x4_neonbf16/16/548/real_time",228907,611.504,608.217,ns,,,"6x16x548",,
"dot/dot_bf16_bf16_fp32_6x16x4_2x4x4_neonbf16/32/4/real_time",4017529,34.9943,34.8082,ns,,,"6x32x4",,
"dot/dot_bf16_bf16_fp32_6x16x4_2x4x4_neonbf16/32/76/real_time",737995,189.594,188.507,ns,,,"6x32x76",,
"dot/dot_bf16_bf16_fp32_6x16x4_2x4x4_neonbf16/32/156/real_time",386410,361.056,359.036,ns,,,"6x32x156",,
"dot/dot_bf16_bf16_fp32_6x16x4_2x4x4_neonbf16/32/232/real_time",266222,525.71,522.709,ns,,,"6x32x232",,
"dot/dot_bf16_bf16_fp32_6x16x4_2x4x4_neonbf16/32/312/real_time",197808,707.97,703.891,ns,,,"6x32x312",,
"dot/dot_bf16_bf16_fp32_6x16x4_2x4x4_neonbf16/64/4/real_time",2319465,60.3274,59.9861,ns,,,"6x64x4",,
"dot/dot_bf16_bf16_fp32_6x16x4_2x4x4_neonbf16/64/40/real_time",648279,215.525,214.227,ns,,,"6x64x40",,
"dot/dot_bf16_bf16_fp32_6x16x4_2x4x4_neonbf16/64/80/real_time",360650,387.799,385.581,ns,,,"6x64x80",,
"dot/dot_bf16_bf16_fp32_6x16x4_2x4x4_neonbf16/64/120/real_time",248001,563.952,560.753,ns,,,"6x64x120",,
"dot/dot_bf16_bf16_fp32_6x16x4_2x4x4_neonbf16/64/164/real_time",185643,753.905,749.802,ns,,,"6x64x164",,
"dot/dot_bf16_bf16_fp32_6x16x4_2x4x4_neonbf16/128/4/real_time",1242885,112.505,111.832,ns,,,"6x128x4",,
"dot/dot_bf16_bf16_fp32_6x16x4_2x4x4_neonbf16/128/20/real_time",559342,249.805,248.5,ns,,,"6x128x20",,
"dot/dot_bf16_bf16_fp32_6x16x4_2x4x4_neonbf16/128/40/real_time",331589,422.236,419.946,ns,,,"6x128x40",,
"dot/dot_bf16_bf16_fp32_6x16x4_2x4x4_neonbf16/128/60/real_time",233522,600.085,596.106,ns,,,"6x128x60",,
"dot/dot_bf16_bf16_fp32_6x16x4_2x4x4_neonbf16/128/80/real_time",181181,771.748,766.804,ns,,,"6x128x80",,
"dot/dot_bf16_bf16_fp32_6x8x8_2x4x4_neonbf16/8/8/real_time",7343861,19.0558,18.9216,ns,,,"6x8x8",,
"dot/dot_bf16_bf16_fp32_6x8x8_2x4x4_neonbf16/8/216/real_time",1090498,128.239,127.431,ns,,,"6x8x216",,
"dot/dot_bf16_bf16_fp32_6x8x8_2x4x4_neonbf16/8/432/real_time",569671,245.615,244.224,ns,,,"6x8x432",,
"dot/dot_bf16_bf16_fp32_6x8x8_2x4x4_neonbf16/8/648/real_time",381837,366.352,364.213,ns,,,"6x8x648",,
"dot/dot_bf16_bf16_fp32_6x8x8_2x4x4_neonbf16/8/864/real_time",289913,483.087,480.223,ns,,,"6x8x864",,
"dot/dot_bf16_bf16_fp32_6x8x8_2x4x4_neonbf16/16/8/real_time",4813986,29.1145,28.9162,ns,,,"6x16x8",,
"dot/dot_bf16_bf16_fp32_6x8x8_2x4x4_neonbf16/16/136/real_time",859893,162.61,161.665,ns,,,"6x16x136",,
"dot/dot_bf16_bf16_fp32_6x8x8_2x4x4_neonbf16/16/272/real_time",449997,310.161,308.414,ns,,,"6x16x272",,
"dot/dot_bf16_bf16_fp32_6x8x8_2x4x4_neonbf16/16/408/real_time",307320,455.648,453.059,ns,,,"6x16x408",,
"dot/dot_bf16_bf16_fp32_6x8x8_2x4x4_neonbf16/16/544/real_time",231850,603.239,599.839,ns,,,"6x16x544",,
"dot/dot_bf16_bf16_fp32_6x8x8_2x4x4_neonbf16/32/8/real_time",2844038,49.1755,48.9293,ns,,,"6x32x8",,
"dot/dot_bf16_bf16_fp32_6x8x8_2x4x4_neonbf16/32/72/real_time",776757,179.807,178.859,ns,,,"6x32x72",,
"dot/dot_bf16_bf16_fp32_6x8x8_2x4x4_neonbf16/32/152/real_time",397161,352.233,350.384,ns,,,"6x32x152",,
"dot/dot_bf16_bf16_fp32_6x8x8_2x4x4_neonbf16/32/232/real_time",264500,529.453,526.589,ns,,,"6x32x232",,
"dot/dot_bf16_bf16_fp32_6x8x8_2x4x4_neonbf16/32/312/real_time",198664,703.945,700.148,ns,,,"6x32x312",,
"dot/dot_bf16_bf16_fp32_6x8x8_2x4x4_neonbf16/64/8/real_time",1565392,89.3882,88.9009,ns,,,"6x64x8",,
"dot/dot_bf16_bf16_fp32_6x8x8_2x4x4_neonbf16/64/40/real_time",652226,214.54,213.359,ns,,,"6x64x40",,
"dot/dot_bf16_bf16_fp32_6x8x8_2x4x4_neonbf16/64/80/real_time",355014,394.158,391.861,ns,,,"6x64x80",,
"dot/dot_bf16_bf16_fp32_6x8x8_2x4x4_neonbf16/64/120/real_time",247774,565.365,562.104,ns,,,"6x64x120",,
"dot/dot_bf16_bf16_fp32_6x8x8_2x4x4_neonbf16/64/160/real_time",189280,739.438,735.037,ns,,,"6x64x160",,
"dot/dot_bf16_bf16_fp32_8x8x8_2x4x4_neonbf16/8/8/real_time",5991427,23.3452,23.2209,ns,,,"8x8x8",,
"dot/dot_bf16_bf16_fp32_8x8x8_2x4x4_neonbf16/8/184/real_time",945031,147.731,146.887,ns,,,"8x8x184",,
"dot/dot_bf16_bf16_fp32_8x8x8_2x4x4_neonbf16/8/376/real_time",490140,285.571,284.011,ns,,,"8x8x376",,
"dot/dot_bf16_bf16_fp32_8x8x8_2x4x4_neonbf16/8/568/real_time",330242,423.292,420.896,ns,,,"8x8x568",,
"dot/dot_bf16_bf16_fp32_8x8x8_2x4x4_neonbf16/8/760/real_time",246759,568.326,565.003,ns,,,"8x8x760",,
"dot/dot_bf16_bf16_fp32_8x8x8_2x4x4_neonbf16/16/8/real_time",3936454,35.542,35.3476,ns,,,"8x16x8",,
"dot/dot_bf16_bf16_fp32_8x8x8_2x4x4_neonbf16/16/120/real_time",721762,193.574,192.515,ns,,,"8x16x120",,
"dot/dot_bf16_bf16_fp32_8x8x8_2x4x4_neonbf16/16/248/real_time",370259,377.514,375.392,ns,,,"8x16x248",,
"dot/dot_bf16_bf16_fp32_8x8x8_2x4x4_neonbf16/16/368/real_time",254330,549.926,546.912,ns,,,"8x16x368",,
"dot/dot_bf16_bf16_fp32_8x8x8_2x4x4_neonbf16/16/496/real_time",190787,733.886,729.747,ns,,,"8x16x496",,
"dot/dot_bf16_bf16_fp32_8x8x8_2x4x4_neonbf16/32/8/real_time",2334821,59.9878,59.6317,ns,,,"8x32x8",,
"dot/dot_bf16_bf16_fp32_8x8x8_2x4x4_neonbf16/32/72/real_time",585050,239.576,238.184,ns,,,"8x32x72",,
"dot/dot_bf16_bf16_fp32_8x8x8_2x4x4_neonbf16/32/144/real_time",313739,446.287,443.795,ns,,,"8x32x144",,
"dot/dot_bf16_bf16_fp32_8x8x8_2x4x4_neonbf16/32/216/real_time",212309,659.154,655.495,ns,,,"8x32x216",,
"dot/dot_bf16_bf16_fp32_8x8x8_2x4x4_neonbf16/32/288/real_time",161727,866.33,861.008,ns,,,"8x32x288",,
"dot/dot_bf16_bf16_fp32_8x8x8_2x4x4_neonbf16/64/8/real_time",1282632,108.805,108.183,ns,,,"8x64x8",,
"dot/dot_bf16_bf16_fp32_8x8x8_2x4x4_neonbf16/64/32/real_time",584126,239.706,238.141,ns,,,"8x64x32",,
"dot/dot_bf16_bf16_fp32_8x8x8_2x4x4_neonbf16/64/72/real_time",294668,475.281,472.635,ns,,,"8x64x72",,
"dot/dot_bf16_bf16_fp32_8x8x8_2x4x4_neonbf16/64/112/real_time",198467,705.019,700.903,ns,,,"8x64x112",,
"dot/dot_bf16_bf16_fp32_8x8x8_2x4x4_neonbf16/64/152/real_time",149607,934.39,929.276,ns,,,"8x64x152",,
"dot/dot_bf16_bf16_fp32_10x8x8_2x4x4_neonbf16/8/8/real_time",5109683,29.262,29.0966,ns,,,"10x8x8",,
"dot/dot_bf16_bf16_fp32_10x8x8_2x4x4_neonbf16/8/168/real_time",824300,174.189,173.18,ns,,,"10x8x168",,
"dot/dot_bf16_bf16_fp32_10x8x8_2x4x4_neonbf16/8/336/real_time",421950,333.535,331.744,ns,,,"10x8x336",,
"dot/dot_bf16_bf16_fp32_10x8x8_2x4x4_neonbf16/8/504/real_time",295680,478.843,476.057,ns,,,"10x8x504",,
"dot/dot_bf16_bf16_fp32_10x8x8_2x4x4_neonbf16/8/672/real_time",223172,627.272,623.849,ns,,,"10x8x672",,
"dot/dot_bf16_bf16_fp32_10x8x8_2x4x4_neonbf16/16/8/real_time",3198032,44.2434,44.0212,ns,,,"10x16x8",,
"dot/dot_bf16_bf16_fp32_10x8x8_2x4x4_neonbf16/16/112/real_time",588889,232.336,230.856,ns,,,"10x16x112",,
"dot/dot_bf16_bf16_fp32_10x8x8_2x4x4_neonbf16/16/224/real_time",321954,434.666,432.253,ns,,,"10x16x224",,
"dot/dot_bf16_bf16_fp32_10x8x8_2x4x4_neonbf16/16/336/real_time",220795,636.711,633.214,ns,,,"10x16x336",,
"dot/dot_bf16_bf16_fp32_10x8x8_2x4x4_neonbf16/16/456/real_time",164704,854.475,849.567,ns,,,"10x16x456",,
"dot/dot_bf16_bf16_fp32_10x8x8_2x4x4_neonbf16/32/8/real_time",1895569,76.1333,75.6468,ns,,,"10x32x8",,
"dot/dot_bf16_bf16_fp32_10x8x8_2x4x4_neonbf16/32/64/real_time",503458,278.864,277.407,ns,,,"10x32x64",,
"dot/dot_bf16_bf16_fp32_10x8x8_2x4x4_neonbf16/32/136/real_time",260197,539.305,535.974,ns,,,"10x32x136",,
"dot/dot_bf16_bf16_fp32_10x8x8_2x4x4_neonbf16/32/200/real_time",183243,764.841,760.042,ns,,,"10x32x200",,
"dot/dot_bf16_bf16_fp32_10x8x8_2x4x4_neonbf16/32/272/real_time",135612,1022.54,1017.24,ns,,,"10x32x272",,
"dot/dot_bf16_bf16_fp32_10x8x8_2x4x4_neonbf16/64/8/real_time",1058359,137.686,136.937,ns,,,"10x64x8",,
"dot/dot_bf16_bf16_fp32_10x8x8_2x4x4_neonbf16/64/32/real_time",461899,303.948,302.178,ns,,,"10x64x32",,
"dot/dot_bf16_bf16_fp32_10x8x8_2x4x4_neonbf16/64/72/real_time",236891,591.285,587.969,ns,,,"10x64x72",,
"dot/dot_bf16_bf16_fp32_10x8x8_2x4x4_neonbf16/64/104/real_time",170607,820.599,816.203,ns,,,"10x64x104",,
"dot/dot_bf16_bf16_fp32_10x8x8_2x4x4_neonbf16/64/144/real_time",125880,1109.65,1103.07,ns,,,"10x64x144",,
"dot/dot_bf16_bf16_fp32_16x4x8_2x4x4_neonbf16/4/8/real_time",4585708,30.5258,30.3492,ns,,,"16x4x8",,
"dot/dot_bf16_bf16_fp32_16x4x8_2x4x4_neonbf16/4/152/real_time",1062799,131.131,130.443,ns,,,"16x4x152",,
"dot/dot_bf16_bf16_fp32_16x4x8_2x4x4_neonbf16/4/304/real_time",581512,240.189,238.778,ns,,,"16x4x304",,
"dot/dot_bf16_bf16_fp32_16x4x8_2x4x4_neonbf16/4/456/real_time",400143,349.03,347.099,ns,,,"16x4x456",,
"dot/dot_bf16_bf16_fp32_16x4x8_2x4x4_neonbf16/4/608/real_time",305525,475.387,472.596,ns,,,"16x4x608",,
"dot/dot_bf16_bf16_fp32_16x4x8_2x4x4_neonbf16/8/8/real_time",3168085,44.1526,43.9168,ns,,,"16x8x8",,
"dot/dot_bf16_bf16_fp32_16x4x8_2x4x4_neonbf16/8/120/real_time",698942,200.208,199.039,ns,,,"16x8x120",,
"dot/dot_bf16_bf16_fp32_16x4x8_2x4x4_neonbf16/8/248/real_time",364444,384.068,381.747,ns,,,"16x8x248",,
"dot/dot_bf16_bf16_fp32_16x4x8_2x4x4_neonbf16/8/368/real_time",251490,556.528,553.274,ns,,,"16x8x368",,
"dot/dot_bf16_bf16_fp32_16x4x8_2x4x4_neonbf16/8/496/real_time",189258,740.162,736.05,ns,,,"16x8x496",,
"dot/dot_bf16_bf16_fp32_16x4x8_2x4x4_neonbf16/16/8/real_time",1958148,71.4562,71.0513,ns,,,"16x16x8",,
"dot/dot_bf16_bf16_fp32_16x4x8_2x4x4_neonbf16/16/88/real_time",479273,291.981,290.392,ns,,,"16x16x88",,
"dot/dot_bf16_bf16_fp32_16x4x8_2x4x4_neonbf16/16/184/real_time",244085,573.145,569.931,ns,,,"16x16x184",,
"dot/dot_bf16_bf16_fp32_16x4x8_2x4x4_neonbf16/16/272/real_time",169271,830.721,824.397,ns,,,"16x16x272",,
"dot/dot_bf16_bf16_fp32_16x4x8_2x4x4_neonbf16/16/368/real_time",126956,1103.77,1096.58,ns,,,"16x16x368",,
"dot/dot_bf16_bf16_fp32_16x4x8_2x4x4_neonbf16/32/8/real_time",1107362,126.113,125.288,ns,,,"16x32x8",,
"dot/dot_bf16_bf16_fp32_16x4x8_2x4x4_neonbf16/32/56/real_time",358555,390.433,387.848,ns,,,"16x32x56",,
"dot/dot_bf16_bf16_fp32_16x4x8_2x4x4_neonbf16/32/112/real_time",196368,711.948,708.172,ns,,,"16x32x112",,
"dot/dot_bf16_bf16_fp32_16x4x8_2x4x4_neonbf16/32/168/real_time",134991,1034.15,1028.35,ns,,,"16x32x168",,
"dot/dot_bf16_bf16_fp32_16x4x8_2x4x4_neonbf16/32/232/real_time",99906,1402.2,1393.87,ns,,,"16x32x232",,
"dot/dot_bf16_bf16_fp32_1x64x4_1x4x2_neonbf16/64/4/real_time",8475592,16.482,16.3836,ns,,,"1x64x4",,
"dot/dot_bf16_bf16_fp32_1x64x4_1x4x2_neonbf16/64/44/real_time",1555556,89.9431,89.3824,ns,,,"1x64x44",,
"dot/dot_bf16_bf16_fp32_1x64x4_1x4x2_neonbf16/64/92/real_time",777364,180.056,179.035,ns,,,"1x64x92",,
"dot/dot_bf16_bf16_fp32_1x64x4_1x4x2_neonbf16/64/136/real_time",532597,262.748,261.26,ns,,,"1x64x136",,
"dot/dot_bf16_bf16_fp32_1x64x4_1x4x2_neonbf16/64/184/real_time",396549,353.013,350.874,ns,,,"1x64x184",,
"dot/dot_bf16_bf16_fp32_1x64x4_1x4x2_neonbf16/128/4/real_time",5718224,24.4117,24.2858,ns,,,"1x128x4",,
"dot/dot_bf16_bf16_fp32_1x64x4_1x4x2_neonbf16/128/20/real_time",1700287,82.2219,81.7958,ns,,,"1x128x20",,
"dot/dot_bf16_bf16_fp32_1x64x4_1x4x2_neonbf16/128/44/real_time",807748,172.451,171.442,ns,,,"1x128x44",,
"dot/dot_bf16_bf16_fp32_1x64x4_1x4x2_neonbf16/128/68/real_time",531765,262.59,261.108,ns,,,"1x128x68",,
"dot/dot_bf16_bf16_fp32_1x64x4_1x4x2_neonbf16/128/92/real_time",396274,352.838,350.923,ns,,,"1x128x92",,
"dot/dot_bf16_bf16_fp32_1x64x4_1x4x2_neonbf16/256/4/real_time",3248358,43.1056,42.8397,ns,,,"1x256x4",,
"dot/dot_bf16_bf16_fp32_1x64x4_1x4x2_neonbf16/256/8/real_time",2032044,68.9315,68.4815,ns,,,"1x256x8",,
"dot/dot_bf16_bf16_fp32_1x64x4_1x4x2_neonbf16/256/20/real_time",888351,157.163,156.237,ns,,,"1x256x20",,
"dot/dot_bf16_bf16_fp32_1x64x4_1x4x2_neonbf16/256/32/real_time",565763,247.586,246.064,ns,,,"1x256x32",,
"dot/dot_bf16_bf16_fp32_1x64x4_1x4x2_neonbf16/256/44/real_time",414503,337.445,335.596,ns,,,"1x256x44",,
"dot/dot_bf16_bf16_fp32_1x64x4_1x4x2_neonbf16/512/4/real_time",1772702,79.0643,78.5489,ns,,,"1x512x4",,
"dot/dot_bf16_bf16_fp32_1x64x4_1x4x2_neonbf16/512/8/real_time",1075329,130.096,129.384,ns,,,"1x512x8",,
"dot/dot_bf16_bf16_fp32_1x64x4_1x4x2_neonbf16/512/12/real_time",741542,188.089,186.933,ns,,,"1x512x12",,
"dot/dot_bf16_bf16_fp32_1x64x4_1x4x2_neonbf16/512/20/real_time",455796,307.077,305.325,ns,,,"1x512x20",,
"dot/dot_bf16_bf16_fp32_1x32x4_1x4x2_neonbf16/32/4/real_time",11296443,12.4336,12.3603,ns,,,"1x32x4",,
"dot/dot_bf16_bf16_fp32_1x32x4_1x4x2_neonbf16/32/92/real_time",1000000,102.222,101.634,ns,,,"1x32x92",,
"dot/dot_bf16_bf16_fp32_1x32x4_1x4x2_neonbf16/32/184/real_time",759195,184.345,183.328,ns,,,"1x32x184",,
"dot/dot_bf16_bf16_fp32_1x32x4_1x4x2_neonbf16/32/276/real_time",530001,263.759,262.259,ns,,,"1x32x276",,
"dot/dot_bf16_bf16_fp32_1x32x4_1x4x2_neonbf16/32/368/real_time",393974,355.389,353.294,ns,,,"1x32x368",,
"dot/dot_bf16_bf16_fp32_1x32x4_1x4x2_neonbf16/64/4/real_time",7630012,18.322,18.2222,ns,,,"1x64x4",,
"dot/dot_bf16_bf16_fp32_1x32x4_1x4x2_neonbf16/64/44/real_time",1460128,94.6648,94.1628,ns,,,"1x64x44",,
"dot/dot_bf16_bf16_fp32_1x32x4_1x4x2_neonbf16/64/92/real_time",764118,184.896,183.8,ns,,,"1x64x92",,
"dot/dot_bf16_bf16_fp32_1x32x4_1x4x2_neonbf16/64/136/real_time",535370,261.69,260.099,ns,,,"1x64x136",,
"dot/dot_bf16_bf16_fp32_1x32x4_1x4x2_neonbf16/64/184/real_time",399251,350.44,348.52,ns,,,"1x64x184",,
"dot/dot_bf16_bf16_fp32_1x32x4_1x4x2_neonbf16/128/4/real_time",4525946,30.888,30.7035,ns,,,"1x128x4",,
"dot/dot_bf16_bf16_fp32_1x32x4_1x4x2_neonbf16/128/20/real_time",1606246,87.1364,86.6306,ns,,,"1x128x20",,
"dot/dot_bf16_bf16_fp32_1x32x4_1x4x2_neonbf16/128/44/real_time",796522,175.652,174.737,ns,,,"1x128x44",,
"dot/dot_bf16_bf16_fp32_1x32x4_1x4x2_neonbf16/128/68/real_time",528310,264.657,263.164,ns,,,"1x128x68",,
"dot/dot_bf16_bf16_fp32_1x32x4_1x4x2_neonbf16/128/92/real_time",388249,360.206,358.303,ns,,,"1x128x92",,
"dot/dot_bf16_bf16_fp32_1x32x4_1x4x2_neonbf16/256/4/real_time",2498527,56.0196,55.6941,ns,,,"1x256x4",,
"dot/dot_bf16_bf16_fp32_1x32x4_1x4x2_neonbf16/256/8/real_time",1784194,78.4835,78.0377,ns,,,"1x256x8",,
"dot/dot_bf16_bf16_fp32_1x32x4_1x4x2_neonbf16/256/20/real_time",837749,167.194,166.22,ns,,,"1x256x20",,
"dot/dot_bf16_bf16_fp32_1x32x4_1x4x2_neonbf16/256/32/real_time",531113,263.168,261.679,ns,,,"1x256x32",,
"dot/dot_bf16_bf16_fp32_1x32x4_1x4x2_neonbf16/256/44/real_time",398324,351.112,348.985,ns,,,"1x256x44",,
"dot/dot_bf16_bf16_fp32_2x32x4_1x4x2_neonbf16/32/4/real_time",9057733,15.4392,15.355,ns,,,"2x32x4",,
"dot/dot_bf16_bf16_fp32_2x32x4_1x4x2_neonbf16/32/88/real_time",863340,161.616,160.671,ns,,,"2x32x88",,
"dot/dot_bf16_bf16_fp32_2x32x4_1x4x2_neonbf16/32/176/real_time",440346,317.443,315.616,ns,,,"2x32x176",,
"dot/dot_bf16_bf16_fp32_2x32x4_1x4x2_neonbf16/32/264/real_time",295778,473.243,470.316,ns,,,"2x32x264",,
"dot/dot_bf16_bf16_fp32_2x32x4_1x4x2_neonbf16/32/356/real_time",218971,639.365,635.933,ns,,,"2x32x356",,
"dot/dot_bf16_bf16_fp32_2x32x4_1x4x2_neonbf16/64/4/real_time",5720865,24.4767,24.3498,ns,,,"2x64x4",,
"dot/dot_bf16_bf16_fp32_2x32x4_1x4x2_neonbf16/64/44/real_time",862437,162.162,161.137,ns,,,"2x64x44",,
"dot/dot_bf16_bf16_fp32_2x32x4_1x4x2_neonbf16/64/88/real_time",434308,326.057,324.16,ns,,,"2x64x88",,
"dot/dot_bf16_bf16_fp32_2x32x4_1x4x2_neonbf16/64/132/real_time",290689,484.612,481.556,ns,,,"2x64x132",,
"dot/dot_bf16_bf16_fp32_2x32x4_1x4x2_neonbf16/64/180/real_time",218457,647.432,643.427,ns,,,"2x64x180",,
"dot/dot_bf16_bf16_fp32_2x32x4_1x4x2_neonbf16/128/4/real_time",3104579,45.2012,44.9673,ns,,,"2x128x4",,
"dot/dot_bf16_bf16_fp32_2x32x4_1x4x2_neonbf16/128/20/real_time",842855,165.897,164.958,ns,,,"2x128x20",,
"dot/dot_bf16_bf16_fp32_2x32x4_1x4x2_neonbf16/128/44/real_time",416246,335.99,334.186,ns,,,"2x128x44",,
"dot/dot_bf16_bf16_fp32_2x32x4_1x4x2_neonbf16/128/64/real_time",288968,491.27,488.439,ns,,,"2x128x64",,
"dot/dot_bf16_bf16_fp32_2x32x4_1x4x2_neonbf16/128/88/real_time",217399,637.314,633.639,ns,,,"2x128x88",,
"dot/dot_bf16_bf16_fp32_2x32x4_1x4x2_neonbf16/256/4/real_time",1781970,78.524,78.0953,ns,,,"2x256x4",,
"dot/dot_bf16_bf16_fp32_2x32x4_1x4x2_neonbf16/256/8/real_time",977554,142.798,141.931,ns,,,"2x256x8",,
"dot/dot_bf16_bf16_fp32_2x32x4_1x4x2_neonbf16/256/20/real_time",448527,312.517,310.585,ns,,,"2x256x20",,
"dot/dot_bf16_bf16_fp32_2x32x4_1x4x2_neonbf16/256/28/real_time",328464,427.482,424.827,ns,,,"2x256x28",,
"dot/dot_bf16_bf16_fp32_2x32x4_1x4x2_neonbf16/256/40/real_time",240837,580.484,576.926,ns,,,"2x256x40",,
"dot/dot_bf16_bf16_fp32_1x16x4_1x4x2_neonbf16/16/4/real_time",13384722,10.4193,10.3595,ns,,,"1x16x4",,
"dot/dot_bf16_bf16_fp32_1x16x4_1x4x2_neonbf16/16/180/real_time",1417272,98.7566,98.2252,ns,,,"1x16x180",,
"dot/dot_bf16_bf16_fp32_1x16x4_1x4x2_neonbf16/16/360/real_time",720493,194.148,192.985,ns,,,"1x16x360",,
"dot/dot_bf16_bf16_fp32_1x16x4_1x4x2_neonbf16/16/540/real_time",492287,283.374,281.666,ns,,,"1x16x540",,
"dot/dot_bf16_bf16_fp32_1x16x4_1x4x2_neonbf16/16/720/real_time",375052,373.012,370.575,ns,,,"1x16x720",,
"dot/dot_bf16_bf16_fp32_1x16x4_1x4x2_neonbf16/32/4/real_time",9174781,15.1836,15.0994,ns,,,"1x32x4",,
"dot/dot_bf16_bf16_fp32_1x16x4_1x4x2_neonbf16/32/92/real_time",1361233,102.522,101.914,ns,,,"1x32x92",,
"dot/dot_bf16_bf16_fp32_1x16x4_1x4x2_neonbf16/32/184/real_time",722658,193.469,192.301,ns,,,"1x32x184",,
"dot/dot_bf16_bf16_fp32_1x16x4_1x4x2_neonbf16/32/276/real_time",479125,285.344,283.377,ns,,,"1x32x276",,
"dot/dot_bf16_bf16_fp32_1x16x4_1x4x2_neonbf16/32/368/real_time",355304,394.257,391.797,ns,,,"1x32x368",,
"dot/dot_bf16_bf16_fp32_1x16x4_1x4x2_neonbf16/64/4/real_time",5636094,24.7147,24.5614,ns,,,"1x64x4",,
"dot/dot_bf16_bf16_fp32_1x16x4_1x4x2_neonbf16/64/44/real_time",1366791,102.175,101.512,ns,,,"1x64x44",,
"dot/dot_bf16_bf16_fp32_1x16x4_1x4x2_neonbf16/64/92/real_time",690823,202.959,201.755,ns,,,"1x64x92",,
"dot/dot_bf16_bf16_fp32_1x16x4_1x4x2_neonbf16/64/136/real_time",480634,290.877,289.029,ns,,,"1x64x136",,
"dot/dot_bf16_bf16_fp32_1x16x4_1x4x2_neonbf16/64/184/real_time",362424,386.015,383.809,ns,,,"1x64x184",,
"dot/dot_bf16_bf16_fp32_1x16x4_1x4x2_neonbf16/128/4/real_time",3193427,44.2696,44.0303,ns,,,"1x128x4",,
"dot/dot_bf16_bf16_fp32_1x16x4_1x4x2_neonbf16/128/20/real_time",1409520,98.6392,98.1073,ns,,,"1x128x20",,
"dot/dot_bf16_bf16_fp32_1x16x4_1x4x2_neonbf16/128/44/real_time",691386,202.389,201.229,ns,,,"1x128x44",,
"dot/dot_bf16_bf16_fp32_1x16x4_1x4x2_neonbf16/128/68/real_time",469411,297.751,296.141,ns,,,"1x128x68",,
"dot/dot_bf16_bf16_fp32_1x16x4_1x4x2_neonbf16/128/92/real_time",355391,393.551,391.24,ns,,,"1x128x92",,
"dot/dot_bf16_bf16_fp32_2x16x4_1x4x2_neonbf16/16/4/real_time",10812421,12.9242,12.8551,ns,,,"2x16x4",,
"dot/dot_bf16_bf16_fp32_2x16x4_1x4x2_neonbf16/16/168/real_time",844898,165.5,164.604,ns,,,"2x16x168",,
"dot/dot_bf16_bf16_fp32_2x16x4_1x4x2_neonbf16/16/336/real_time",425450,328.986,326.884,ns,,,"2x16x336",,
"dot/dot_bf16_bf16_fp32_2x16x4_1x4x2_neonbf16/16/504/real_time",287185,486.973,484.167,ns,,,"2x16x504",,
"dot/dot_bf16_bf16_fp32_2x16x4_1x4x2_neonbf16/16/676/real_time",215286,649.959,645.832,ns,,,"2x16x676",,
"dot/dot_bf16_bf16_fp32_2x16x4_1x4x2_neonbf16/32/4/real_time",7302284,19.0926,18.9655,ns,,,"2x32x4",,
"dot/dot_bf16_bf16_fp32_2x16x4_1x4x2_neonbf16/32/88/real_time",799879,174.417,173.348,ns,,,"2x32x88",,
"dot/dot_bf16_bf16_fp32_2x16x4_1x4x2_neonbf16/32/176/real_time",413960,338.298,336.268,ns,,,"2x32x176",,
"dot/dot_bf16_bf16_fp32_2x16x4_1x4x2_neonbf16/32/264/real_time",276921,504.01,501.309,ns,,,"2x32x264",,
"dot/dot_bf16_bf16_fp32_2x16x4_1x4x2_neonbf16/32/356/real_time",201875,692.803,688.788,ns,,,"2x32x356",,
"dot/dot_bf16_bf16_fp32_2x16x4_1x4x2_neonbf16/64/4/real_time",4369517,31.6338,31.4157,ns,,,"2x64x4",,
"dot/dot_bf16_bf16_fp32_2x16x4_1x4x2_neonbf16/64/44/real_time",789571,176.808,175.62,ns,,,"2x64x44",,
"dot/dot_bf16_bf16_fp32_2x16x4_1x4x2_neonbf16/64/88/real_time",403345,344.87,342.732,ns,,,"2x64x88",,
"dot/dot_bf16_bf16_fp32_2x16x4_1x4x2_neonbf16/64/132/real_time",271232,514.57,511.7,ns,,,"2x64x132",,
"dot/dot_bf16_bf16_fp32_2x16x4_1x4x2_neonbf16/64/180/real_time",201257,696.15,692.129,ns,,,"2x64x180",,
"dot/dot_bf16_bf16_fp32_2x16x4_1x4x2_neonbf16/128/4/real_time",2484518,56.4055,56.0555,ns,,,"2x128x4",,
"dot/dot_bf16_bf16_fp32_2x16x4_1x4x2_neonbf16/128/20/real_time",838506,165.876,164.941,ns,,,"2x128x20",,
"dot/dot_bf16_bf16_fp32_2x16x4_1x4x2_neonbf16/128/44/real_time",396322,353.418,351.323,ns,,,"2x128x44",,
"dot/dot_bf16_bf16_fp32_2x16x4_1x4x2_neonbf16/128/64/real_time",280331,499.931,497.019,ns,,,"2x128x64",,
"dot/dot_bf16_bf16_fp32_2x16x4_1x4x2_neonbf16/128/88/real_time",205999,680.783,676.834,ns,,,"2x128x88",,
"dot/dot_bf16_bf16_fp32_3x16x4_1x4x2_neonbf16/16/4/real_time",8655611,16.1619,16.0671,ns,,,"3x16x4",,
"dot/dot_bf16_bf16_fp32_3x16x4_1x4x2_neonbf16/16/160/real_time",618093,226.244,224.933,ns,,,"3x16x160",,
"dot/dot_bf16_bf16_fp32_3x16x4_1x4x2_neonbf16/16/320/real_time",313516,445.008,442.69,ns,,,"3x16x320",,
"dot/dot_bf16_bf16_fp32_3x16x4_1x4x2_neonbf16/16/480/real_time",211749,660.608,657.135,ns,,,"3x16x480",,
"dot/dot_bf16_bf16_fp32_3x16x4_1x4x2_neonbf16/16/640/real_time",159666,876.262,871.253,ns,,,"3x16x640",,
"dot/dot_bf16_bf16_fp32_3x16x4_1x4x2_neonbf16/32/4/real_time",5573329,25.1311,24.9931,ns,,,"3x32x4",,
"dot/dot_bf16_bf16_fp32_3x16x4_1x4x2_neonbf16/32/84/real_time",588927,237.662,236.239,ns,,,"3x32x84",,
"dot/dot_bf16_bf16_fp32_3x16x4_1x4x2_neonbf16/32/172/real_time",294899,474.535,471.838,ns,,,"3x32x172",,
"dot/dot_bf16_bf16_fp32_3x16x4_1x4x2_neonbf16/32/256/real_time",199441,701.351,697.321,ns,,,"3x32x256",,
"dot/dot_bf16_bf16_fp32_3x16x4_1x4x2_neonbf16/32/344/real_time",146922,951.137,945.996,ns,,,"3x32x344",,
"dot/dot_bf16_bf16_fp32_3x16x4_1x4x2_neonbf16/64/4/real_time",3246973,43.0739,42.8456,ns,,,"3x64x4",,
"dot/dot_bf16_bf16_fp32_3x16x4_1x4x2_neonbf16/64/44/real_time",556646,250.566,249.174,ns,,,"3x64x44",,
"dot/dot_bf16_bf16_fp32_3x16x4_1x4x2_neonbf16/64/88/real_time",282863,494.036,491.492,ns,,,"3x64x88",,
"dot/dot_bf16_bf16_fp32_3x16x4_1x4x2_neonbf16/64/132/real_time",192063,728.257,724.315,ns,,,"3x64x132",,
"dot/dot_bf16_bf16_fp32_3x16x4_1x4x2_neonbf16/64/176/real_time",144508,969.663,964.122,ns,,,"3x64x176",,
"dot/dot_bf16_bf16_fp32_3x16x4_1x4x2_neonbf16/128/4/real_time",1771741,78.9835,78.5467,ns,,,"3x128x4",,
"dot/dot_bf16_bf16_fp32_3x16x4_1x4x2_neonbf16/128/20/real_time",596701,234.556,233.079,ns,,,"3x128x20",,
"dot/dot_bf16_bf16_fp32_3x16x4_1x4x2_neonbf16/128/40/real_time",305898,457.758,454.761,ns,,,"3x128x40",,
"dot/dot_bf16_bf16_fp32_3x16x4_1x4x2_neonbf16/128/60/real_time",209326,667.863,664.114,ns,,,"3x128x60",,
"dot/dot_bf16_bf16_fp32_3x16x4_1x4x2_neonbf16/128/84/real_time",151001,926.98,921.891,ns,,,"3x128x84",,
"dot/dot_bf16_bf16_fp32_4x16x4_1x4x2_neonbf16/16/4/real_time",7647117,18.3194,18.209,ns,,,"4x16x4",,
"dot/dot_bf16_bf16_fp32_4x16x4_1x4x2_neonbf16/16/152/real_time",475800,294.2,292.523,ns,,,"4x16x152",,
"dot/dot_bf16_bf16_fp32_4x16x4_1x4x2_neonbf16/16/304/real_time",249613,560.03,557.068,ns,,,"4x16x304",,
"dot/dot_bf16_bf16_fp32_4x16x4_1x4x2_neonbf16/16/456/real_time",162130,862.441,857.651,ns,,,"4x16x456",,
"dot/dot_bf16_bf16_fp32_4x16x4_1x4x2_neonbf16/16/608/real_time",121804,1140.29,1133.82,ns,,,"4x16x608",,
"dot/dot_bf16_bf16_fp32_4x16x4_1x4x2_neonbf16/32/4/real_time",4933178,28.3714,28.2069,ns,,,"4x32x4",,
"dot/dot_bf16_bf16_fp32_4x16x4_1x4x2_neonbf16/32/80/real_time",431551,318.802,316.912,ns,,,"4x32x80",,
"dot/dot_bf16_bf16_fp32_4x16x4_1x4x2_neonbf16/32/164/real_time",218367,639.029,635.249,ns,,,"4x32x164",,
"dot/dot_bf16_bf16_fp32_4x16x4_1x4x2_neonbf16/32/248/real_time",148027,951.837,946.562,ns,,,"4x32x248",,
"dot/dot_bf16_bf16_fp32_4x16x4_1x4x2_neonbf16/32/332/real_time",109612,1274.08,1265.97,ns,,,"4x32x332",,
"dot/dot_bf16_bf16_fp32_4x16x4_1x4x2_neonbf16/64/4/real_time",2887702,48.4859,48.1992,ns,,,"4x64x4",,
"dot/dot_bf16_bf16_fp32_4x16x4_1x4x2_neonbf16/64/40/real_time",428666,326.165,324.309,ns,,,"4x64x40",,
"dot/dot_bf16_bf16_fp32_4x16x4_1x4x2_neonbf16/64/84/real_time",216056,652.424,648.419,ns,,,"4x64x84",,
"dot/dot_bf16_bf16_fp32_4x16x4_1x4x2_neonbf16/64/128/real_time",144583,978.602,973.018,ns,,,"4x64x128",,
"dot/dot_bf16_bf16_fp32_4x16x4_1x4x2_neonbf16/64/172/real_time",106186,1313.64,1306.38,ns,,,"4x64x172",,
"dot/dot_bf16_bf16_fp32_4x16x4_1x4x2_neonbf16/128/4/real_time",1577010,88.6704,88.1906,ns,,,"4x128x4",,
"dot/dot_bf16_bf16_fp32_4x16x4_1x4x2_neonbf16/128/20/real_time",422644,330.502,328.606,ns,,,"4x128x20",,
"dot/dot_bf16_bf16_fp32_4x16x4_1x4x2_neonbf16/128/40/real_time",225736,619.692,616.436,ns,,,"4x128x40",,
"dot/dot_bf16_bf16_fp32_4x16x4_1x4x2_neonbf16/128/60/real_time",152478,918.068,912.692,ns,,,"4x128x60",,
"dot/dot_bf16_bf16_fp32_4x16x4_1x4x2_neonbf16/128/84/real_time",108783,1280.16,1272.01,ns,,,"4x128x84",,
"dot/dot_bf16_bf16_fp32_1x8x4_1x4x2_neonbf16/8/4/real_time",14786747,9.49288,9.44315,ns,,,"1x8x4",,
"dot/dot_bf16_bf16_fp32_1x8x4_1x4x2_neonbf16/8/340/real_time",1026056,135.519,134.732,ns,,,"1x8x340",,
"dot/dot_bf16_bf16_fp32_1x8x4_1x4x2_neonbf16/8/680/real_time",528904,264.597,262.906,ns,,,"1x8x680",,
"dot/dot_bf16_bf16_fp32_1x8x4_1x4x2_neonbf16/8/1020/real_time",355470,393.239,390.803,ns,,,"1x8x1020",,
"dot/dot_bf16_bf16_fp32_1x8x4_1x4x2_neonbf16/8/1360/real_time",268057,515.66,512.469,ns,,,"1x8x1360",,
"dot/dot_bf16_bf16_fp32_1x8x4_1x4x2_neonbf16/16/4/real_time",9967849,14.0016,13.9249,ns,,,"1x16x4",,
"dot/dot_bf16_bf16_fp32_1x8x4_1x4x2_neonbf16/16/180/real_time",1032678,134.752,134.026,ns,,,"1x16x180",,
"dot/dot_bf16_bf16_fp32_1x8x4_1x4x2_neonbf16/16/360/real_time",497561,281.737,280.026,ns,,,"1x16x360",,
"dot/dot_bf16_bf16_fp32_1x8x4_1x4x2_neonbf16/16/540/real_time",340606,411.48,408.702,ns,,,"1x16x540",,
"dot/dot_bf16_bf16_fp32_1x8x4_1x4x2_neonbf16/16/720/real_time",259067,540.54,537.442,ns,,,"1x16x720",,
"dot/dot_bf16_bf16_fp32_1x8x4_1x4x2_neonbf16/32/4/real_time",6428669,21.7781,21.65,ns,,,"1x32x4",,
"dot/dot_bf16_bf16_fp32_1x8x4_1x4x2_neonbf16/32/92/real_time",981355,142.041,141.219,ns,,,"1x32x92",,
"dot/dot_bf16_bf16_fp32_1x8x4_1x4x2_neonbf16/32/184/real_time",511000,273.622,272.221,ns,,,"1x32x184",,
"dot/dot_bf16_bf16_fp32_1x8x4_1x4x2_neonbf16/32/276/real_time",343647,406.972,404.789,ns,,,"1x32x276",,
"dot/dot_bf16_bf16_fp32_1x8x4_1x4x2_neonbf16/32/368/real_time",250182,558.618,555.617,ns,,,"1x32x368",,
"dot/dot_bf16_bf16_fp32_1x8x4_1x4x2_neonbf16/64/4/real_time",3637402,38.4128,38.2037,ns,,,"1x64x4",,
"dot/dot_bf16_bf16_fp32_1x8x4_1x4x2_neonbf16/64/44/real_time",1005446,138.975,138.216,ns,,,"1x64x44",,
"dot/dot_bf16_bf16_fp32_1x8x4_1x4x2_neonbf16/64/92/real_time",517099,271.115,269.479,ns,,,"1x64x92",,
"dot/dot_bf16_bf16_fp32_1x8x4_1x4x2_neonbf16/64/136/real_time",352551,396.912,394.637,ns,,,"1x64x136",,
"dot/dot_bf16_bf16_fp32_1x8x4_1x4x2_neonbf16/64/184/real_time",261703,534.724,531.667,ns,,,"1x64x184",,
"dot/dot_bf16_bf16_fp32_4x8x4_1x4x2_neonbf16/8/4/real_time",9159150,15.2626,15.1747,ns,,,"4x8x4",,
"dot/dot_bf16_bf16_fp32_4x8x4_1x4x2_neonbf16/8/252/real_time",499124,280.117,278.498,ns,,,"4x8x252",,
"dot/dot_bf16_bf16_fp32_4x8x4_1x4x2_neonbf16/8/508/real_time",249255,561.028,558.066,ns,,,"4x8x508",,
"dot/dot_bf16_bf16_fp32_4x8x4_1x4x2_neonbf16/8/760/real_time",167253,836.846,831.939,ns,,,"4x8x760",,
"dot/dot_bf16_bf16_fp32_4x8x4_1x4x2_neonbf16/8/1016/real_time",124747,1117.32,1110.86,ns,,,"4x8x1016",,
"dot/dot_bf16_bf16_fp32_4x8x4_1x4x2_neonbf16/16/4/real_time",6139005,22.7383,22.6102,ns,,,"4x16x4",,
"dot/dot_bf16_bf16_fp32_4x8x4_1x4x2_neonbf16/16/152/real_time",415808,336.465,334.585,ns,,,"4x16x152",,
"dot/dot_bf16_bf16_fp32_4x8x4_1x4x2_neonbf16/16/304/real_time",208485,669.152,665.38,ns,,,"4x16x304",,
"dot/dot_bf16_bf16_fp32_4x8x4_1x4x2_neonbf16/16/456/real_time",138126,1007.79,1001.84,ns,,,"4x16x456",,
"dot/dot_bf16_bf16_fp32_4x8x4_1x4x2_neonbf16/16/608/real_time",104695,1334.93,1326.77,ns,,,"4x16x608",,
"dot/dot_bf16_bf16_fp32_4x8x4_1x4x2_neonbf16/32/4/real_time",3682545,37.8851,37.6695,ns,,,"4x32x4",,
"dot/dot_bf16_bf16_fp32_4x8x4_1x4x2_neonbf16/32/80/real_time",386210,362.022,359.899,ns,,,"4x32x80",,
"dot/dot_bf16_bf16_fp32_4x8x4_1x4x2_neonbf16/32/164/real_time",193216,724.051,720.111,ns,,,"4x32x164",,
"dot/dot_bf16_bf16_fp32_4x8x4_1x4x2_neonbf16/32/248/real_time",128115,1086.11,1079.72,ns,,,"4x32x248",,
"dot/dot_bf16_bf16_fp32_4x8x4_1x4x2_neonbf16/32/332/real_time",95264,1465.1,1456.92,ns,,,"4x32x332",,
"dot/dot_bf16_bf16_fp32_4x8x4_1x4x2_neonbf16/64/4/real_time",2058158,68.0666,67.6581,ns,,,"4x64x4",,
"dot/dot_bf16_bf16_fp32_4x8x4_1x4x2_neonbf16/64/40/real_time",381697,366.689,364.581,ns,,,"4x64x40",,
"dot/dot_bf16_bf16_fp32_4x8x4_1x4x2_neonbf16/64/84/real_time",187473,746.553,742.435,ns,,,"4x64x84",,
"dot/dot_bf16_bf16_fp32_4x8x4_1x4x2_neonbf16/64/128/real_time",123832,1124.68,1118.35,ns,,,"4x64x128",,
"dot/dot_bf16_bf16_fp32_4x8x4_1x4x2_neonbf16/64/172/real_time",92964,1502.82,1493.97,ns,,,"4x64x172",,
"dot/dot_bf16_bf16_fp32_6x8x4_1x4x2_neonbf16/8/4/real_time",7286982,19.2025,19.1017,ns,,,"6x8x4",,
"dot/dot_bf16_bf16_fp32_6x8x4_1x4x2_neonbf16/8/216/real_time",389079,359.095,357.208,ns,,,"6x8x216",,
"dot/dot_bf16_bf16_fp32_6x8x4_1x4x2_neonbf16/8/432/real_time",196170,713.89,709.396,ns,,,"6x8x432",,
"dot/dot_bf16_bf16_fp32_6x8x4_1x4x2_neonbf16/8/648/real_time",131156,1067.92,1061.43,ns,,,"6x8x648",,
"dot/dot_bf16_bf16_fp32_6x8x4_1x4x2_neonbf16/8/868/real_time",98465,1422.65,1413.96,ns,,,"6x8x868",,
"dot/dot_bf16_bf16_fp32_6x8x4_1x4x2_neonbf16/16/4/real_time",4803852,29.0822,28.9203,ns,,,"6x16x4",,
"dot/dot_bf16_bf16_fp32_6x8x4_1x4x2_neonbf16/16/136/real_time",310360,451.548,448.993,ns,,,"6x16x136",,
"dot/dot_bf16_bf16_fp32_6x8x4_1x4x2_neonbf16/16/272/real_time",157123,891.266,885.865,ns,,,"6x16x272",,
"dot/dot_bf16_bf16_fp32_6x8x4_1x4x2_neonbf16/16/408/real_time",103738,1346.66,1338.91,ns,,,"6x16x408",,
"dot/dot_bf16_bf16_fp32_6x8x4_1x4x2_neonbf16/16/548/real_time",77597,1796.38,1786.69,ns,,,"6x16x548",,
"dot/dot_bf16_bf16_fp32_6x8x4_1x4x2_neonbf16/32/4/real_time",2864212,48.8115,48.5613,ns,,,"6x32x4",,
"dot/dot_bf16_bf16_fp32_6x8x4_1x4x2_neonbf16/32/76/real_time",276539,506.357,503.662,ns,,,"6x32x76",,
"dot/dot_bf16_bf16_fp32_6x8x4_1x4x2_neonbf16/32/156/real_time",135863,1030.6,1024.05,ns,,,"6x32x156",,
"dot/dot_bf16_bf16_fp32_6x8x4_1x4x2_neonbf16/32/232/real_time",91908,1521.19,1512.37,ns,,,"6x32x232",,
"dot/dot_bf16_bf16_fp32_6x8x4_1x4x2_neonbf16/32/312/real_time",67846,2057.47,2045.12,ns,,,"6x32x312",,
"dot/dot_bf16_bf16_fp32_6x8x4_1x4x2_neonbf16/64/4/real_time",1584882,88.3426,87.8333,ns,,,"6x64x4",,
"dot/dot_bf16_bf16_fp32_6x8x4_1x4x2_neonbf16/64/40/real_time",257051,544.872,541.62,ns,,,"6x64x40",,
"dot/dot_bf16_bf16_fp32_6x8x4_1x4x2_neonbf16/64/80/real_time",131351,1061.44,1055.56,ns,,,"6x64x80",,
"dot/dot_bf16_bf16_fp32_6x8x4_1x4x2_neonbf16/64/120/real_time",88411,1579.04,1569.98,ns,,,"6x64x120",,
"dot/dot_bf16_bf16_fp32_6x8x4_1x4x2_neonbf16/64/164/real_time",65109,2149.44,2135.91,ns,,,"6x64x164",,
"dot/dot_bf16_bf16_fp32_8x4x4_1x4x2_neonbf16/4/4/real_time",7217948,19.3899,19.2794,ns,,,"8x4x4",,
"dot/dot_bf16_bf16_fp32_8x4x4_1x4x2_neonbf16/4/252/real_time",374640,373.655,371.673,ns,,,"8x4x252",,
"dot/dot_bf16_bf16_fp32_8x4x4_1x4x2_neonbf16/4/508/real_time",187863,745.499,741.249,ns,,,"8x4x508",,
"dot/dot_bf16_bf16_fp32_8x4x4_1x4x2_neonbf16/4/760/real_time",125999,1109.12,1102.67,ns,,,"8x4x760",,
"dot/dot_bf16_bf16_fp32_8x4x4_1x4x2_neonbf16/4/1016/real_time",94819,1477.02,1468.22,ns,,,"8x4x1016",,
"dot/dot_bf16_bf16_fp32_8x4x4_1x4x2_neonbf16/8/4/real_time",4868013,28.7228,28.5633,ns,,,"8x8x4",,
"dot/dot_bf16_bf16_fp32_8x4x4_1x4x2_neonbf16/8/188/real_time",252892,553.27,550.184,ns,,,"8x8x188",,
"dot/dot_bf16_bf16_fp32_8x4x4_1x4x2_neonbf16/8/380/real_time",124661,1118.09,1112.1,ns,,,"8x8x380",,
"dot/dot_bf16_bf16_fp32_8x4x4_1x4x2_neonbf16/8/568/real_time",84301,1659.82,1649.81,ns,,,"8x8x568",,
"dot/dot_bf16_bf16_fp32_8x4x4_1x4x2_neonbf16/8/760/real_time",63289,2211.69,2198.86,ns,,,"8x8x760",,
"dot/dot_bf16_bf16_fp32_8x4x4_1x4x2_neonbf16/16/4/real_time",2954473,47.3903,47.1302,ns,,,"8x16x4",,
"dot/dot_bf16_bf16_fp32_8x4x4_1x4x2_neonbf16/16/124/real_time",188626,742.737,739.079,ns,,,"8x16x124",,
"dot/dot_bf16_bf16_fp32_8x4x4_1x4x2_neonbf16/16/248/real_time",96663,1447.47,1439.58,ns,,,"8x16x248",,
"dot/dot_bf16_bf16_fp32_8x4x4_1x4x2_neonbf16/16/372/real_time",64253,2177.59,2164.32,ns,,,"8x16x372",,
"dot/dot_bf16_bf16_fp32_8x4x4_1x4x2_neonbf16/16/500/real_time",47896,2912.05,2895.9,ns,,,"8x16x500",,
"dot/dot_bf16_bf16_fp32_8x4x4_1x4x2_neonbf16/32/4/real_time",1651557,84.6937,84.264,ns,,,"8x32x4",,
"dot/dot_bf16_bf16_fp32_8x4x4_1x4x2_neonbf16/32/72/real_time",163404,856.735,852.175,ns,,,"8x32x72",,
"dot/dot_bf16_bf16_fp32_8x4x4_1x4x2_neonbf16/32/144/real_time",82898,1684.58,1674.68,ns,,,"8x32x144",,
"dot/dot_bf16_bf16_fp32_8x4x4_1x4x2_neonbf16/32/216/real_time",55544,2510.77,2497.35,ns,,,"8x32x216",,
"dot/dot_bf16_bf16_fp32_8x4x4_1x4x2_neonbf16/32/292/real_time",41350,3385.28,3366.01,ns,,,"8x32x292",,
"dot/dot_fp32_1x64x4_1x4x1_neon/64/4/real_time",6062930,22.8089,22.6814,ns,,,"1x64x4",,
"dot/dot_fp32_1x64x4_1x4x1_neon/64/20/real_time",1966571,71.0971,70.72,ns,,,"1x64x20",,
"dot/dot_fp32_1x64x4_1x4x1_neon/64/44/real_time",985370,141.35,140.482,ns,,,"1x64x44",,
"dot/dot_fp32_1x64x4_1x4x1_neon/64/68/real_time",659959,211.347,210.25,ns,,,"1x64x68",,
"dot/dot_fp32_1x64x4_1x4x1_neon/64/92/real_time",483879,289.526,287.984,ns,,,"1x64x92",,
"dot/dot_fp32_1x64x4_1x4x1_neon/128/4/real_time",3668848,38.1917,37.9907,ns,,,"1x128x4",,
"dot/dot_fp32_1x64x4_1x4x1_neon/128/8/real_time",2234808,63.0998,62.7161,ns,,,"1x128x8",,
"dot/dot_fp32_1x64x4_1x4x1_neon/128/20/real_time",1041449,133.523,132.762,ns,,,"1x128x20",,
"dot/dot_fp32_1x64x4_1x4x1_neon/128/32/real_time",685422,203.7,202.544,ns,,,"1x128x32",,
"dot/dot_fp32_1x64x4_1x4x1_neon/128/44/real_time",501650,283.382,281.742,ns,,,"1x128x44",,
"dot/dot_fp32_1x64x4_1x4x1_neon/256/4/real_time",2041332,68.6312,68.2378,ns,,,"1x256x4",,
"dot/dot_fp32_1x64x4_1x4x1_neon/256/8/real_time",1191621,117.448,116.752,ns,,,"1x256x8",,
"dot/dot_fp32_1x64x4_1x4x1_neon/256/12/real_time",838454,166.765,165.784,ns,,,"1x256x12",,
"dot/dot_fp32_1x64x4_1x4x1_neon/256/20/real_time",519768,266.938,265.484,ns,,,"1x256x20",,
"dot/dot_fp32_1x64x4_1x4x1_neon/512/4/real_time",1090829,128.205,127.403,ns,,,"1x512x4",,
"dot/dot_fp32_1x64x4_1x4x1_neon/512/8/real_time",617969,226.18,224.831,ns,,,"1x512x8",,
"dot/dot_fp32_1x32x4_1x4x1_neon/32/4/real_time",8089807,17.2592,17.1565,ns,,,"1x32x4",,
"dot/dot_fp32_1x32x4_1x4x1_neon/32/44/real_time",1801077,77.7226,77.2574,ns,,,"1x32x44",,
"dot/dot_fp32_1x32x4_1x4x1_neon/32/92/real_time",939272,148.81,147.974,ns,,,"1x32x92",,
"dot/dot_fp32_1x32x4_1x4x1_neon/32/136/real_time",654062,214.02,212.84,ns,,,"1x32x136",,
"dot/dot_fp32_1x32x4_1x4x1_neon/32/184/real_time",472960,293.515,291.992,ns,,,"1x32x184",,
"dot/dot_fp32_1x32x4_1x4x1_neon/64/4/real_time",5659043,24.7435,24.6061,ns,,,"1x64x4",,
"dot/dot_fp32_1x32x4_1x4x1_neon/64/20/real_time",1873410,74.7382,74.3134,ns,,,"1x64x20",,
"dot/dot_fp32_1x32x4_1x4x1_neon/64/44/real_time",953729,146.06,145.229,ns,,,"1x64x44",,
"dot/dot_fp32_1x32x4_1x4x1_neon/64/68/real_time",643643,217.225,216.07,ns,,,"1x64x68",,
"dot/dot_fp32_1x32x4_1x4x1_neon/64/92/real_time",468122,301.603,300.078,ns,,,"1x64x92",,
"dot/dot_fp32_1x32x4_1x4x1_neon/128/4/real_time",3275995,42.7737,42.5297,ns,,,"1x128x4",,
"dot/dot_fp32_1x32x4_1x4x1_neon/128/8/real_time",2003514,69.7748,69.379,ns,,,"1x128x8",,
"dot/dot_fp32_1x32x4_1x4x1_neon/128/20/real_time",994594,140.261,139.5,ns,,,"1x128x20",,
"dot/dot_fp32_1x32x4_1x4x1_neon/128/32/real_time",660244,211.948,210.744,ns,,,"1x128x32",,
"dot/dot_fp32_1x32x4_1x4x1_neon/128/44/real_time",474455,282.896,281.187,ns,,,"1x128x44",,
"dot/dot_fp32_1x32x4_1x4x1_neon/256/4/real_time",1780026,78.7316,78.2442,ns,,,"1x256x4",,
"dot/dot_fp32_1x32x4_1x4x1_neon/256/8/real_time",1073002,130.431,129.657,ns,,,"1x256x8",,
"dot/dot_fp32_1x32x4_1x4x1_neon/256/12/real_time",785535,178.462,177.374,ns,,,"1x256x12",,
"dot/dot_fp32_1x32x4_1x4x1_neon/256/20/real_time",494142,282.991,280.995,ns,,,"1x256x20",,
"dot/dot_fp32_2x32x4_1x4x1_neon/32/4/real_time",6171465,22.7195,22.5759,ns,,,"2x32x4",,
"dot/dot_fp32_2x32x4_1x4x1_neon/32/44/real_time",1000357,139.662,138.849,ns,,,"2x32x44",,
"dot/dot_fp32_2x32x4_1x4x1_neon/32/88/real_time",529989,264.014,262.476,ns,,,"2x32x88",,
"dot/dot_fp32_2x32x4_1x4x1_neon/32/132/real_time",358574,390.398,388.005,ns,,,"2x32x132",,
"dot/dot_fp32_2x32x4_1x4x1_neon/32/176/real_time",269751,519.16,515.936,ns,,,"2x32x176",,
"dot/dot_fp32_2x32x4_1x4x1_neon/64/4/real_time",3794033,36.9482,36.7158,ns,,,"2x64x4",,
"dot/dot_fp32_2x32x4_1x4x1_neon/64/20/real_time",1098219,127.488,126.723,ns,,,"2x64x20",,
"dot/dot_fp32_2x32x4_1x4x1_neon/64/44/real_time",528053,265.324,263.866,ns,,,"2x64x44",,
"dot/dot_fp32_2x32x4_1x4x1_neon/64/64/real_time",367213,380.484,378.359,ns,,,"2x64x64",,
"dot/dot_fp32_2x32x4_1x4x1_neon/64/88/real_time",269401,519.269,516.244,ns,,,"2x64x88",,
"dot/dot_fp32_2x32x4_1x4x1_neon/128/4/real_time",2138831,65.4566,65.0618,ns,,,"2x128x4",,
"dot/dot_fp32_2x32x4_1x4x1_neon/128/8/real_time",1297567,107.797,107.119,ns,,,"2x128x8",,
"dot/dot_fp32_2x32x4_1x4x1_neon/128/20/real_time",568410,245.66,244.241,ns,,,"2x128x20",,
"dot/dot_fp32_2x32x4_1x4x1_neon/128/32/real_time",364531,384.033,381.816,ns,,,"2x128x32",,
"dot/dot_fp32_2x32x4_1x4x1_neon/128/44/real_time",265997,522.197,519.245,ns,,,"2x128x44",,
"dot/dot_fp32_2x32x4_1x4x1_neon/256/4/real_time",1136628,122.91,122.244,ns,,,"2x256x4",,
"dot/dot_fp32_2x32x4_1x4x1_neon/256/8/real_time",679407,205.974,204.819,ns,,,"2x256x8",,
"dot/dot_fp32_2x32x4_1x4x1_neon/256/12/real_time",470919,297.304,295.666,ns,,,"2x256x12",,
"dot/dot_fp32_2x32x4_1x4x1_neon/256/20/real_time",286152,481.563,478.771,ns,,,"2x256x20",,
"dot/dot_fp32_3x32x4_1x4x1_neon/32/4/real_time",4639842,30.1663,29.9927,ns,,,"3x32x4",,
"dot/dot_fp32_3x32x4_1x4x1_neon/32/40/real_time",748801,187.173,186.084,ns,,,"3x32x40",,
"dot/dot_fp32_3x32x4_1x4x1_neon/32/84/real_time",369108,379.331,377.076,ns,,,"3x32x84",,
"dot/dot_fp32_3x32x4_1x4x1_neon/32/128/real_time",244063,572.791,569.522,ns,,,"3x32x128",,
"dot/dot_fp32_3x32x4_1x4x1_neon/32/172/real_time",182858,767.312,762.775,ns,,,"3x32x172",,
"dot/dot_fp32_3x32x4_1x4x1_neon/64/4/real_time",2500137,55.9245,55.5781,ns,,,"3x64x4",,
"dot/dot_fp32_3x32x4_1x4x1_neon/64/20/real_time",732307,191.027,189.996,ns,,,"3x64x20",,
"dot/dot_fp32_3x32x4_1x4x1_neon/64/44/real_time",350391,399.629,397.457,ns,,,"3x64x44",,
"dot/dot_fp32_3x32x4_1x4x1_neon/64/64/real_time",240391,581.015,577.679,ns,,,"3x64x64",,
"dot/dot_fp32_3x32x4_1x4x1_neon/64/88/real_time",178227,787.524,782.507,ns,,,"3x64x88",,
"dot/dot_fp32_3x32x4_1x4x1_neon/128/4/real_time",1485856,94.2657,93.7134,ns,,,"3x128x4",,
"dot/dot_fp32_3x32x4_1x4x1_neon/128/8/real_time",866851,161.946,160.965,ns,,,"3x128x8",,
"dot/dot_fp32_3x32x4_1x4x1_neon/128/20/real_time",372323,376.859,374.671,ns,,,"3x128x20",,
"dot/dot_fp32_3x32x4_1x4x1_neon/128/28/real_time",275770,508.024,504.72,ns,,,"3x128x28",,
"dot/dot_fp32_3x32x4_1x4x1_neon/128/40/real_time",194023,724.978,720.645,ns,,,"3x128x40",,
"dot/dot_fp32_3x32x4_1x4x1_neon/256/4/real_time",790168,176.628,175.633,ns,,,"3x256x4",,
"dot/dot_fp32_3x32x4_1x4x1_neon/256/8/real_time",446612,314.571,312.744,ns,,,"3x256x8",,
"dot/dot_fp32_3x32x4_1x4x1_neon/256/12/real_time",307408,454.036,451.655,ns,,,"3x256x12",,
"dot/dot_fp32_3x32x4_1x4x1_neon/256/20/real_time",190532,730.014,725.547,ns,,,"3x256x20",,
"dot/dot_fp32_1x16x4_1x4x1_neon/16/4/real_time",10345305,13.5568,13.4797,ns,,,"1x16x4",,
"dot/dot_fp32_1x16x4_1x4x1_neon/16/88/real_time",1681120,83.2494,82.8018,ns,,,"1x16x88",,
"dot/dot_fp32_1x16x4_1x4x1_neon/16/180/real_time",879947,158.413,157.495,ns,,,"1x16x180",,
"dot/dot_fp32_1x16x4_1x4x1_neon/16/268/real_time",589947,230.233,228.936,ns,,,"1x16x268",,
"dot/dot_fp32_1x16x4_1x4x1_neon/16/360/real_time",445007,315.011,313.065,ns,,,"1x16x360",,
"dot/dot_fp32_1x16x4_1x4x1_neon/32/4/real_time",7181252,19.4896,19.3801,ns,,,"1x32x4",,
"dot/dot_fp32_1x16x4_1x4x1_neon/32/44/real_time",1660645,84.3754,83.8535,ns,,,"1x32x44",,
"dot/dot_fp32_1x16x4_1x4x1_neon/32/92/real_time",862451,162.148,161.15,ns,,,"1x32x92",,
"dot/dot_fp32_1x16x4_1x4x1_neon/32/136/real_time",598014,233.436,232.11,ns,,,"1x32x136",,
"dot/dot_fp32_1x16x4_1x4x1_neon/32/184/real_time",440421,317.042,315.235,ns,,,"1x32x184",,
"dot/dot_fp32_1x16x4_1x4x1_neon/64/4/real_time",4234965,33.052,32.8523,ns,,,"1x64x4",,
"dot/dot_fp32_1x16x4_1x4x1_neon/64/20/real_time",1703294,82.2246,81.7575,ns,,,"1x64x20",,
"dot/dot_fp32_1x16x4_1x4x1_neon/64/44/real_time",883255,158.647,157.709,ns,,,"1x64x44",,
"dot/dot_fp32_1x16x4_1x4x1_neon/64/68/real_time",573259,236.012,234.61,ns,,,"1x64x68",,
"dot/dot_fp32_1x16x4_1x4x1_neon/64/92/real_time",431148,328.138,326.074,ns,,,"1x64x92",,
"dot/dot_fp32_1x16x4_1x4x1_neon/128/4/real_time",2321390,60.3463,59.9824,ns,,,"1x128x4",,
"dot/dot_fp32_1x16x4_1x4x1_neon/128/8/real_time",1758818,79.5877,79.1306,ns,,,"1x128x8",,
"dot/dot_fp32_1x16x4_1x4x1_neon/128/20/real_time",899951,154.922,154.02,ns,,,"1x128x20",,
"dot/dot_fp32_1x16x4_1x4x1_neon/128/32/real_time",592431,235.497,234.175,ns,,,"1x128x32",,
"dot/dot_fp32_1x16x4_1x4x1_neon/128/44/real_time",447069,321.327,319.468,ns,,,"1x128x44",,
"dot/dot_fp32_2x16x4_1x4x1_neon/16/4/real_time",8286092,16.8764,16.7814,ns,,,"2x16x4",,
"dot/dot_fp32_2x16x4_1x4x1_neon/16/84/real_time",1071514,130.437,129.634,ns,,,"2x16x84",,
"dot/dot_fp32_2x16x4_1x4x1_neon/16/168/real_time",557451,251.02,249.61,ns,,,"2x16x168",,
"dot/dot_fp32_2x16x4_1x4x1_neon/16/252/real_time",375974,371.813,369.583,ns,,,"2x16x252",,
"dot/dot_fp32_2x16x4_1x4x1_neon/16/336/real_time",274789,510.746,508.02,ns,,,"2x16x336",,
"dot/dot_fp32_2x16x4_1x4x1_neon/32/4/real_time",5188318,26.9332,26.7794,ns,,,"2x32x4",,
"dot/dot_fp32_2x16x4_1x4x1_neon/32/44/real_time",1013770,137.835,137.051,ns,,,"2x32x44",,
"dot/dot_fp32_2x16x4_1x4x1_neon/32/88/real_time",529804,264.305,262.623,ns,,,"2x32x88",,
"dot/dot_fp32_2x16x4_1x4x1_neon/32/132/real_time",358073,396.336,393.904,ns,,,"2x32x132",,
"dot/dot_fp32_2x16x4_1x4x1_neon/32/176/real_time",270212,517.604,514.534,ns,,,"2x32x176",,
"dot/dot_fp32_2x16x4_1x4x1_neon/64/4/real_time",2973132,47.2777,46.927,ns,,,"2x64x4",,
"dot/dot_fp32_2x16x4_1x4x1_neon/64/20/real_time",1081055,128.533,127.712,ns,,,"2x64x20",,
"dot/dot_fp32_2x16x4_1x4x1_neon/64/44/real_time",525013,266.432,264.794,ns,,,"2x64x44",,
"dot/dot_fp32_2x16x4_1x4x1_neon/64/64/real_time",366457,382.035,379.626,ns,,,"2x64x64",,
"dot/dot_fp32_2x16x4_1x4x1_neon/64/88/real_time",266843,525.845,522.972,ns,,,"2x64x88",,
"dot/dot_fp32_2x16x4_1x4x1_neon/128/4/real_time",1604650,87.2363,86.7624,ns,,,"2x128x4",,
"dot/dot_fp32_2x16x4_1x4x1_neon/128/8/real_time",1136666,122.848,122.107,ns,,,"2x128x8",,
"dot/dot_fp32_2x16x4_1x4x1_neon/128/20/real_time",563823,247.924,246.494,ns,,,"2x128x20",,
"dot/dot_fp32_2x16x4_1x4x1_neon/128/32/real_time",352723,396.184,393.939,ns,,,"2x128x32",,
"dot/dot_fp32_2x16x4_1x4x1_neon/128/44/real_time",262639,534.525,531.606,ns,,,"2x128x44",,
"dot/dot_fp32_3x16x4_1x4x1_neon/16/4/real_time",7202746,19.3919,19.2809,ns,,,"3x16x4",,
"dot/dot_fp32_3x16x4_1x4x1_neon/16/80/real_time",759973,183.666,182.636,ns,,,"3x16x80",,
"dot/dot_fp32_3x16x4_1x4x1_neon/16/160/real_time",393038,355.875,353.879,ns,,,"3x16x160",,
"dot/dot_fp32_3x16x4_1x4x1_neon/16/240/real_time",264642,528.672,525.705,ns,,,"3x16x240",,
"dot/dot_fp32_3x16x4_1x4x1_neon/16/320/real_time",195208,715.789,711.462,ns,,,"3x16x320",,
"dot/dot_fp32_3x16x4_1x4x1_neon/32/4/real_time",4384684,31.8521,31.6805,ns,,,"3x32x4",,
"dot/dot_fp32_3x16x4_1x4x1_neon/32/40/real_time",754889,185.482,184.341,ns,,,"3x32x40",,
"dot/dot_fp32_3x16x4_1x4x1_neon/32/84/real_time",373641,374.768,372.751,ns,,,"3x32x84",,
"dot/dot_fp32_3x16x4_1x4x1_neon/32/128/real_time",247985,564.726,561.527,ns,,,"3x32x128",,
"dot/dot_fp32_3x16x4_1x4x1_neon/32/172/real_time",184524,755.923,752.019,ns,,,"3x32x172",,
"dot/dot_fp32_3x16x4_1x4x1_neon/64/4/real_time",2476413,56.6306,56.3206,ns,,,"3x64x4",,
"dot/dot_fp32_3x16x4_1x4x1_neon/64/20/real_time",738543,189.107,188.127,ns,,,"3x64x20",,
"dot/dot_fp32_3x16x4_1x4x1_neon/64/44/real_time",353155,396.189,394.123,ns,,,"3x64x44",,
"dot/dot_fp32_3x16x4_1x4x1_neon/64/64/real_time",246072,569.019,565.584,ns,,,"3x64x64",,
"dot/dot_fp32_3x16x4_1x4x1_neon/64/88/real_time",179120,782.254,777.649,ns,,,"3x64x88",,
"dot/dot_fp32_3x16x4_1x4x1_neon/128/4/real_time",1321716,106.257,105.635,ns,,,"3x128x4",,
"dot/dot_fp32_3x16x4_1x4x1_neon/128/8/real_time",865269,161.36,160.428,ns,,,"3x128x8",,
"dot/dot_fp32_3x16x4_1x4x1_neon/128/20/real_time",379270,368.796,366.749,ns,,,"3x128x20",,
"dot/dot_fp32_3x16x4_1x4x1_neon/128/28/real_time",271955,513.111,510.15,ns,,,"3x128x28",,
"dot/dot_fp32_3x16x4_1x4x1_neon/128/40/real_time",194799,720.734,716.024,ns,,,"3x128x40",,
"dot/dot_fp32_4x16x4_1x4x1_neon/16/4/real_time",5793478,24.0602,23.9287,ns,,,"4x16x4",,
"dot/dot_fp32_4x16x4_1x4x1_neon/16/76/real_time",606474,230.435,229.237,ns,,,"4x16x76",,
"dot/dot_fp32_4x16x4_1x4x1_neon/16/152/real_time",311655,448.968,446.532,ns,,,"4x16x152",,
"dot/dot_fp32_4x16x4_1x4x1_neon/16/228/real_time",209580,668.872,665.376,ns,,,"4x16x228",,
"dot/dot_fp32_4x16x4_1x4x1_neon/16/304/real_time",157705,889.117,883.8,ns,,,"4x16x304",,
"dot/dot_fp32_4x16x4_1x4x1_neon/32/4/real_time",3610331,38.7908,38.5545,ns,,,"4x32x4",,
"dot/dot_fp32_4x16x4_1x4x1_neon/32/40/real_time",569557,244.959,243.491,ns,,,"4x32x40",,
"dot/dot_fp32_4x16x4_1x4x1_neon/32/80/real_time",294146,474.93,472.28,ns,,,"4x32x80",,
"dot/dot_fp32_4x16x4_1x4x1_neon/32/120/real_time",198744,704.26,700.574,ns,,,"4x32x120",,
"dot/dot_fp32_4x16x4_1x4x1_neon/32/164/real_time",145639,962.241,956.55,ns,,,"4x32x164",,
"dot/dot_fp32_4x16x4_1x4x1_neon/64/4/real_time",2029594,68.9156,68.5494,ns,,,"4x64x4",,
"dot/dot_fp32_4x16x4_1x4x1_neon/64/20/real_time",559208,250.13,248.829,ns,,,"4x64x20",,
"dot/dot_fp32_4x16x4_1x4x1_neon/64/40/real_time",291160,480.441,477.745,ns,,,"4x64x40",,
"dot/dot_fp32_4x16x4_1x4x1_neon/64/60/real_time",196584,714.741,711.02,ns,,,"4x64x60",,
"dot/dot_fp32_4x16x4_1x4x1_neon/64/84/real_time",141039,992.529,986.809,ns,,,"4x64x84",,
"dot/dot_fp32_4x16x4_1x4x1_neon/128/4/real_time",1078851,129.182,128.459,ns,,,"4x128x4",,
"dot/dot_fp32_4x16x4_1x4x1_neon/128/8/real_time",647310,215.332,214.196,ns,,,"4x128x8",,
"dot/dot_fp32_4x16x4_1x4x1_neon/128/20/real_time",286972,487.696,485.098,ns,,,"4x128x20",,
"dot/dot_fp32_4x16x4_1x4x1_neon/128/28/real_time",205411,680.426,676.985,ns,,,"4x128x28",,
"dot/dot_fp32_4x16x4_1x4x1_neon/128/40/real_time",146087,956.439,951.213,ns,,,"4x128x40",,
"dot/dot_fp32_5x16x4_1x4x1_neon/16/4/real_time",4608935,30.4822,30.3007,ns,,,"5x16x4",,
"dot/dot_fp32_5x16x4_1x4x1_neon/16/72/real_time",507212,275.62,274.163,ns,,,"5x16x72",,
"dot/dot_fp32_5x16x4_1x4x1_neon/16/144/real_time",262179,534.078,531.033,ns,,,"5x16x144",,
"dot/dot_fp32_5x16x4_1x4x1_neon/16/216/real_time",177217,790.483,786.338,ns,,,"5x16x216",,
"dot/dot_fp32_5x16x4_1x4x1_neon/16/288/real_time",131951,1050.86,1045.17,ns,,,"5x16x288",,
"dot/dot_fp32_5x16x4_1x4x1_neon/32/4/real_time",2726211,51.3507,51.0856,ns,,,"5x32x4",,
"dot/dot_fp32_5x16x4_1x4x1_neon/32/40/real_time",438877,318.795,317.032,ns,,,"5x32x40",,
"dot/dot_fp32_5x16x4_1x4x1_neon/32/80/real_time",234102,598.079,594.897,ns,,,"5x32x80",,
"dot/dot_fp32_5x16x4_1x4x1_neon/32/120/real_time",157538,885.089,879.777,ns,,,"5x32x120",,
"dot/dot_fp32_5x16x4_1x4x1_neon/32/160/real_time",119481,1171.5,1164.31,ns,,,"5x32x160",,
"dot/dot_fp32_5x16x4_1x4x1_neon/64/4/real_time",1553807,90.0427,89.505,ns,,,"5x64x4",,
"dot/dot_fp32_5x16x4_1x4x1_neon/64/20/real_time",436941,320.155,318.114,ns,,,"5x64x20",,
"dot/dot_fp32_5x16x4_1x4x1_neon/64/40/real_time",228860,611.775,608.351,ns,,,"5x64x40",,
"dot/dot_fp32_5x16x4_1x4x1_neon/64/60/real_time",155463,894.942,890.084,ns,,,"5x64x60",,
"dot/dot_fp32_5x16x4_1x4x1_neon/64/84/real_time",112756,1236.47,1229.87,ns,,,"5x64x84",,
"dot/dot_fp32_5x16x4_1x4x1_neon/128/4/real_time",831375,168.333,167.267,ns,,,"5x128x4",,
"dot/dot_fp32_5x16x4_1x4x1_neon/128/8/real_time",486951,286.861,285.038,ns,,,"5x128x8",,
"dot/dot_fp32_5x16x4_1x4x1_neon/128/20/real_time",221864,631.028,627.221,ns,,,"5x128x20",,
"dot/dot_fp32_5x16x4_1x4x1_neon/128/28/real_time",163745,855.75,850.677,ns,,,"5x128x28",,
"dot/dot_fp32_5x16x4_1x4x1_neon/128/40/real_time",116680,1196.38,1189.37,ns,,,"5x128x40",,
"dot/dot_fp32_1x8x4_1x4x1_neon/8/4/real_time",12065011,11.5729,11.5047,ns,,,"1x8x4",,
"dot/dot_fp32_1x8x4_1x4x1_neon/8/168/real_time",1126898,124.021,123.341,ns,,,"1x8x168",,
"dot/dot_fp32_1x8x4_1x4x1_neon/8/340/real_time",552994,252.876,251.492,ns,,,"1x8x340",,
"dot/dot_fp32_1x8x4_1x4x1_neon/8/508/real_time",374463,374.808,372.621,ns,,,"1x8x508",,
"dot/dot_fp32_1x8x4_1x4x1_neon/8/680/real_time",279184,501.735,498.348,ns,,,"1x8x680",,
"dot/dot_fp32_1x8x4_1x4x1_neon/16/4/real_time",8276728,16.8862,16.7809,ns,,,"1x16x4",,
"dot/dot_fp32_1x8x4_1x4x1_neon/16/88/real_time",1125737,124.258,123.508,ns,,,"1x16x88",,
"dot/dot_fp32_1x8x4_1x4x1_neon/16/180/real_time",545440,256.435,255.036,ns,,,"1x16x180",,
"dot/dot_fp32_1x8x4_1x4x1_neon/16/268/real_time",365438,388.679,386.56,ns,,,"1x16x268",,
"dot/dot_fp32_1x8x4_1x4x1_neon/16/360/real_time",263051,532.071,529.015,ns,,,"1x16x360",,
"dot/dot_fp32_1x8x4_1x4x1_neon/32/4/real_time",5061966,27.6477,27.4922,ns,,,"1x32x4",,
"dot/dot_fp32_1x8x4_1x4x1_neon/32/44/real_time",1182287,118.038,117.379,ns,,,"1x32x44",,
"dot/dot_fp32_1x8x4_1x4x1_neon/32/92/real_time",542618,258.317,256.723,ns,,,"1x32x92",,
"dot/dot_fp32_1x8x4_1x4x1_neon/32/136/real_time",361476,389.804,387.583,ns,,,"1x32x136",,
"dot/dot_fp32_1x8x4_1x4x1_neon/32/184/real_time",266170,528.367,525.513,ns,,,"1x32x184",,
"dot/dot_fp32_1x8x4_1x4x1_neon/64/4/real_time",2844177,49.2,48.9139,ns,,,"1x64x4",,
"dot/dot_fp32_1x8x4_1x4x1_neon/64/20/real_time",1300920,107.652,106.957,ns,,,"1x64x20",,
"dot/dot_fp32_1x8x4_1x4x1_neon/64/44/real_time",598458,233.859,232.451,ns,,,"1x64x44",,
"dot/dot_fp32_1x8x4_1x4x1_neon/64/68/real_time",385418,362.941,360.74,ns,,,"1x64x68",,
"dot/dot_fp32_1x8x4_1x4x1_neon/64/92/real_time",279164,503.501,500.154,ns,,,"1x64x92",,
"dot/dot_fp32_4x8x4_1x4x1_neon/8/4/real_time",7486193,18.6675,18.5668,ns,,,"4x8x4",,
"dot/dot_fp32_4x8x4_1x4x1_neon/8/124/real_time",738585,189.276,188.207,ns,,,"4x8x124",,
"dot/dot_fp32_4x8x4_1x4x1_neon/8/252/real_time",374945,373.41,371.163,ns,,,"4x8x252",,
"dot/dot_fp32_4x8x4_1x4x1_neon/8/380/real_time",247232,563.69,559.941,ns,,,"4x8x380",,
"dot/dot_fp32_4x8x4_1x4x1_neon/8/508/real_time",186870,748.664,743.951,ns,,,"4x8x508",,
"dot/dot_fp32_4x8x4_1x4x1_neon/16/4/real_time",4708223,29.6381,29.4758,ns,,,"4x16x4",,
"dot/dot_fp32_4x8x4_1x4x1_neon/16/76/real_time",605307,231.515,230.252,ns,,,"4x16x76",,
"dot/dot_fp32_4x8x4_1x4x1_neon/16/152/real_time",312028,449.143,446.61,ns,,,"4x16x152",,
"dot/dot_fp32_4x8x4_1x4x1_neon/16/228/real_time",209438,674.919,670.665,ns,,,"4x16x228",,
"dot/dot_fp32_4x8x4_1x4x1_neon/16/304/real_time",156016,896.661,891.302,ns,,,"4x16x304",,
"dot/dot_fp32_4x8x4_1x4x1_neon/32/4/real_time",2710565,51.5655,51.239,ns,,,"4x32x4",,
"dot/dot_fp32_4x8x4_1x4x1_neon/32/40/real_time",568264,246.028,244.475,ns,,,"4x32x40",,
"dot/dot_fp32_4x8x4_1x4x1_neon/32/80/real_time",288864,484.941,482.159,ns,,,"4x32x80",,
"dot/dot_fp32_4x8x4_1x4x1_neon/32/120/real_time",196128,715.244,711.305,ns,,,"4x32x120",,
"dot/dot_fp32_4x8x4_1x4x1_neon/32/164/real_time",144824,974.98,968.665,ns,,,"4x32x164",,
"dot/dot_fp32_4x8x4_1x4x1_neon/64/4/real_time",1467771,95.3052,94.7427,ns,,,"4x64x4",,
"dot/dot_fp32_4x8x4_1x4x1_neon/64/20/real_time",547177,255.175,253.831,ns,,,"4x64x20",,
"dot/dot_fp32_4x8x4_1x4x1_neon/64/40/real_time",283970,492.782,489.789,ns,,,"4x64x40",,
"dot/dot_fp32_4x8x4_1x4x1_neon/64/60/real_time",193413,723.948,719.493,ns,,,"4x64x60",,
"dot/dot_fp32_4x8x4_1x4x1_neon/64/84/real_time",100000,1006.94,1000.58,ns,,,"4x64x84",,
"dot/dot_fp32_6x8x4_1x4x1_neon/8/4/real_time",6479919,21.5544,21.422,ns,,,"6x8x4",,
"dot/dot_fp32_6x8x4_1x4x1_neon/8/108/real_time",570116,245.659,244.082,ns,,,"6x8x108",,
"dot/dot_fp32_6x8x4_1x4x1_neon/8/216/real_time",292694,478.173,475.463,ns,,,"6x8x216",,
"dot/dot_fp32_6x8x4_1x4x1_neon/8/324/real_time",194752,719.561,714.852,ns,,,"6x8x324",,
"dot/dot_fp32_6x8x4_1x4x1_neon/8/432/real_time",147032,951.821,946.341,ns,,,"6x8x432",,
"dot/dot_fp32_6x8x4_1x4x1_neon/16/4/real_time",4144272,33.7619,33.5632,ns,,,"6x16x4",,
"dot/dot_fp32_6x8x4_1x4x1_neon/16/68/real_time",455342,306.897,305.096,ns,,,"6x16x68",,
"dot/dot_fp32_6x8x4_1x4x1_neon/16/136/real_time",233038,600.965,597.269,ns,,,"6x16x136",,
"dot/dot_fp32_6x8x4_1x4x1_neon/16/204/real_time",156707,893.743,888.41,ns,,,"6x16x204",,
"dot/dot_fp32_6x8x4_1x4x1_neon/16/272/real_time",116275,1190.2,1183.23,ns,,,"6x16x272",,
"dot/dot_fp32_6x8x4_1x4x1_neon/32/4/real_time",2403386,58.1421,57.8371,ns,,,"6x32x4",,
"dot/dot_fp32_6x8x4_1x4x1_neon/32/36/real_time",426799,328.547,326.49,ns,,,"6x32x36",,
"dot/dot_fp32_6x8x4_1x4x1_neon/32/76/real_time",207668,674.221,670.114,ns,,,"6x32x76",,
"dot/dot_fp32_6x8x4_1x4x1_neon/32/116/real_time",135543,1028.36,1022.71,ns,,,"6x32x116",,
"dot/dot_fp32_6x8x4_1x4x1_neon/32/156/real_time",101124,1371.7,1362.43,ns,,,"6x32x156",,
"dot/dot_fp32_6x8x4_1x4x1_neon/64/4/real_time",1303526,107.017,106.395,ns,,,"6x64x4",,
"dot/dot_fp32_6x8x4_1x4x1_neon/64/20/real_time",377325,370.508,368.472,ns,,,"6x64x20",,
"dot/dot_fp32_6x8x4_1x4x1_neon/64/40/real_time",194440,719.822,715.559,ns,,,"6x64x40",,
"dot/dot_fp32_6x8x4_1x4x1_neon/64/60/real_time",131533,1064.41,1058.38,ns,,,"6x64x60",,
"dot/dot_fp32_6x8x4_1x4x1_neon/64/80/real_time",99212,1410.66,1403.27,ns,,,"6x64x80",,
"dot/dot_fp32_8x8x4_1x4x1_neon/8/4/real_time",5210827,26.7469,26.5925,ns,,,"8x8x4",,
"dot/dot_fp32_8x8x4_1x4x1_neon/8/92/real_time",500602,279.308,277.826,ns,,,"8x8x92",,
"dot/dot_fp32_8x8x4_1x4x1_neon/8/188/real_time",252146,555.206,551.973,ns,,,"8x8x188",,
"dot/dot_fp32_8x8x4_1x4x1_neon/8/284/real_time",168371,831.065,826.246,ns,,,"8x8x284",,
"dot/dot_fp32_8x8x4_1x4x1_neon/8/380/real_time",125044,1114.64,1107.71,ns,,,"8x8x380",,
"dot/dot_fp32_8x8x4_1x4x1_neon/16/4/real_time",3326037,42.0947,41.832,ns,,,"8x16x4",,
"dot/dot_fp32_8x8x4_1x4x1_neon/16/60/real_time",386242,362.46,360.398,ns,,,"8x16x60",,
"dot/dot_fp32_8x8x4_1x4x1_neon/16/124/real_time",191663,730.579,726.274,ns,,,"8x16x124",,
"dot/dot_fp32_8x8x4_1x4x1_neon/16/184/real_time",130273,1074.81,1068.97,ns,,,"8x16x184",,
"dot/dot_fp32_8x8x4_1x4x1_neon/16/248/real_time",96862,1444.11,1435.8,ns,,,"8x16x248",,
"dot/dot_fp32_8x8x4_1x4x1_neon/32/4/real_time",1932549,72.3666,71.9819,ns,,,"8x32x4",,
"dot/dot_fp32_8x8x4_1x4x1_neon/32/36/real_time",320151,436.82,434.476,ns,,,"8x32x36",,
"dot/dot_fp32_8x8x4_1x4x1_neon/32/72/real_time",164515,850.675,845.711,ns,,,"8x32x72",,
"dot/dot_fp32_8x8x4_1x4x1_neon/32/108/real_time",109829,1272.4,1265.04,ns,,,"8x32x108",,
"dot/dot_fp32_8x8x4_1x4x1_neon/32/144/real_time",82668,1685.96,1676.25,ns,,,"8x32x144",,
"dot/dot_fp32_8x8x4_1x4x1_neon/64/4/real_time",1047741,133.622,132.825,ns,,,"8x64x4",,
"dot/dot_fp32_8x8x4_1x4x1_neon/64/16/real_time",347303,402.829,400.604,ns,,,"8x64x16",,
"dot/dot_fp32_8x8x4_1x4x1_neon/64/36/real_time",161175,869.332,864.08,ns,,,"8x64x36",,
"dot/dot_fp32_8x8x4_1x4x1_neon/64/56/real_time",105118,1327.36,1319.82,ns,,,"8x64x56",,
"dot/dot_fp32_8x8x4_1x4x1_neon/64/76/real_time",78044,1790.9,1780.54,ns,,,"8x64x76",,
"dot/dot_fp32_8x4x4_1x4x1_neon/4/4/real_time",7001951,19.9316,19.8245,ns,,,"8x4x4",,
"dot/dot_fp32_8x4x4_1x4x1_neon/4/124/real_time",728069,191.498,190.441,ns,,,"8x4x124",,
"dot/dot_fp32_8x4x4_1x4x1_neon/4/252/real_time",373539,375.09,372.764,ns,,,"8x4x252",,
"dot/dot_fp32_8x4x4_1x4x1_neon/4/380/real_time",248182,564.239,560.997,ns,,,"8x4x380",,
"dot/dot_fp32_8x4x4_1x4x1_neon/4/508/real_time",187186,747.633,743.389,ns,,,"8x4x508",,
"dot/dot_fp32_8x4x4_1x4x1_neon/8/4/real_time",4697888,29.811,29.6357,ns,,,"8x8x4",,
"dot/dot_fp32_8x4x4_1x4x1_neon/8/92/real_time",501986,278.712,277.099,ns,,,"8x8x92",,
"dot/dot_fp32_8x4x4_1x4x1_neon/8/188/real_time",252555,554.952,551.3,ns,,,"8x8x188",,
"dot/dot_fp32_8x4x4_1x4x1_neon/8/284/real_time",167468,836.144,831.243,ns,,,"8x8x284",,
"dot/dot_fp32_8x4x4_1x4x1_neon/8/380/real_time",124117,1123.22,1117.09,ns,,,"8x8x380",,
"dot/dot_fp32_8x4x4_1x4x1_neon/16/4/real_time",2804598,49.9219,49.63,ns,,,"8x16x4",,
"dot/dot_fp32_8x4x4_1x4x1_neon/16/60/real_time",385022,363.286,361.344,ns,,,"8x16x60",,
"dot/dot_fp32_8x4x4_1x4x1_neon/16/124/real_time",190157,736.993,732.483,ns,,,"8x16x124",,
"dot/dot_fp32_8x4x4_1x4x1_neon/16/184/real_time",129863,1079.26,1073.29,ns,,,"8x16x184",,
"dot/dot_fp32_8x4x4_1x4x1_neon/16/248/real_time",96646,1447.74,1439.77,ns,,,"8x16x248",,
"dot/dot_fp32_8x4x4_1x4x1_neon/32/4/real_time",1552729,90.1728,89.6515,ns,,,"8x32x4",,
"dot/dot_fp32_8x4x4_1x4x1_neon/32/36/real_time",315336,443.775,441.328,ns,,,"8x32x36",,
"dot/dot_fp32_8x4x4_1x4x1_neon/32/72/real_time",163451,856.968,851.412,ns,,,"8x32x72",,
"dot/dot_fp32_8x4x4_1x4x1_neon/32/108/real_time",109952,1272.61,1265.28,ns,,,"8x32x108",,
"dot/dot_fp32_8x4x4_1x4x1_neon/32/144/real_time",83024,1684.32,1674.97,ns,,,"8x32x144",,
"dot/dot_fp64_1x16x2_1x2x1_neon/16/2/real_time",11265339,12.3954,12.3229,ns,,,"1x16x2",,
"dot/dot_fp64_1x16x2_1x2x1_neon/16/44/real_time",1779396,78.7199,78.2202,ns,,,"1x16x44",,
"dot/dot_fp64_1x16x2_1x2x1_neon/16/88/real_time",957920,146.061,145.054,ns,,,"1x16x88",,
"dot/dot_fp64_1x16x2_1x2x1_neon/16/132/real_time",654939,213.41,212.033,ns,,,"1x16x132",,
"dot/dot_fp64_1x16x2_1x2x1_neon/16/178/real_time",484095,300.246,298.097,ns,,,"1x16x178",,
"dot/dot_fp64_1x16x2_1x2x1_neon/32/2/real_time",7629319,18.325,18.2068,ns,,,"1x32x2",,
"dot/dot_fp64_1x16x2_1x2x1_neon/32/22/real_time",1739664,80.4913,79.9747,ns,,,"1x32x22",,
"dot/dot_fp64_1x16x2_1x2x1_neon/32/46/real_time",906051,153.972,153.06,ns,,,"1x32x46",,
"dot/dot_fp64_1x16x2_1x2x1_neon/32/68/real_time",630881,221.258,219.984,ns,,,"1x32x68",,
"dot/dot_fp64_1x16x2_1x2x1_neon/32/92/real_time",460176,294.763,293.01,ns,,,"1x32x92",,
"dot/dot_fp64_1x16x2_1x2x1_neon/64/2/real_time",4581675,30.521,30.3483,ns,,,"1x64x2",,
"dot/dot_fp64_1x16x2_1x2x1_neon/64/10/real_time",1800173,77.83,77.4002,ns,,,"1x64x10",,
"dot/dot_fp64_1x16x2_1x2x1_neon/64/22/real_time",926050,151.35,150.412,ns,,,"1x64x22",,
"dot/dot_fp64_1x16x2_1x2x1_neon/64/34/real_time",620887,224.96,223.695,ns,,,"1x64x34",,
"dot/dot_fp64_1x16x2_1x2x1_neon/64/46/real_time",441408,318.478,316.526,ns,,,"1x64x46",,
"dot/dot_fp64_1x16x2_1x2x1_neon/128/2/real_time",2540331,54.9565,54.6277,ns,,,"1x128x2",,
"dot/dot_fp64_1x16x2_1x2x1_neon/128/4/real_time",1845512,75.8154,75.3781,ns,,,"1x128x4",,
"dot/dot_fp64_1x16x2_1x2x1_neon/128/10/real_time",955543,146.405,145.588,ns,,,"1x128x10",,
"dot/dot_fp64_1x16x2_1x2x1_neon/128/16/real_time",622438,224.905,223.612,ns,,,"1x128x16",,
"dot/dot_fp64_1x16x2_1x2x1_neon/128/22/real_time",464557,308.451,306.603,ns,,,"1x128x22",,
"dot/dot_fp64_2x16x2_1x2x1_neon/16/2/real_time",9035659,15.4509,15.3507,ns,,,"2x16x2",,
"dot/dot_fp64_2x16x2_1x2x1_neon/16/42/real_time",1077791,129.659,128.845,ns,,,"2x16x42",,
"dot/dot_fp64_2x16x2_1x2x1_neon/16/84/real_time",557045,250.258,248.874,ns,,,"2x16x84",,
"dot/dot_fp64_2x16x2_1x2x1_neon/16/126/real_time",377222,370.768,368.757,ns,,,"2x16x126",,
"dot/dot_fp64_2x16x2_1x2x1_neon/16/168/real_time",278447,503.402,500.742,ns,,,"2x16x168",,
"dot/dot_fp64_2x16x2_1x2x1_neon/32/2/real_time",5439181,24.5894,24.4583,ns,,,"2x32x2",,
"dot/dot_fp64_2x16x2_1x2x1_neon/32/22/real_time",1017253,137.679,136.887,ns,,,"2x32x22",,
"dot/dot_fp64_2x16x2_1x2x1_neon/32/44/real_time",528980,263.547,261.841,ns,,,"2x32x44",,
"dot/dot_fp64_2x16x2_1x2x1_neon/32/66/real_time",358340,390.541,387.945,ns,,,"2x32x66",,
"dot/dot_fp64_2x16x2_1x2x1_neon/32/88/real_time",269790,517.022,514.077,ns,,,"2x32x88",,
"dot/dot_fp64_2x16x2_1x2x1_neon/64/2/real_time",3248456,42.2909,42.0549,ns,,,"2x64x2",,
"dot/dot_fp64_2x16x2_1x2x1_neon/64/10/real_time",1085946,128.857,128.095,ns,,,"2x64x10",,
"dot/dot_fp64_2x16x2_1x2x1_neon/64/22/real_time",525079,266.573,265.03,ns,,,"2x64x22",,
"dot/dot_fp64_2x16x2_1x2x1_neon/64/32/real_time",366870,382.441,379.913,ns,,,"2x64x32",,
"dot/dot_fp64_2x16x2_1x2x1_neon/64/44/real_time",266823,526.135,522.979,ns,,,"2x64x44",,
"dot/dot_fp64_2x16x2_1x2x1_neon/128/2/real_time",1811926,76.2619,75.7964,ns,,,"2x128x2",,
"dot/dot_fp64_2x16x2_1x2x1_neon/128/4/real_time",1256874,112.065,111.401,ns,,,"2x128x4",,
"dot/dot_fp64_2x16x2_1x2x1_neon/128/10/real_time",561765,249.346,247.869,ns,,,"2x128x10",,
"dot/dot_fp64_2x16x2_1x2x1_neon/128/14/real_time",400570,348.127,346.264,ns,,,"2x128x14",,
"dot/dot_fp64_2x16x2_1x2x1_neon/128/20/real_time",288919,484.486,481.358,ns,,,"2x128x20",,
"dot/dot_fp64_3x16x2_1x2x1_neon/16/2/real_time",5667956,21.9452,21.8251,ns,,,"3x16x2",,
"dot/dot_fp64_3x16x2_1x2x1_neon/16/38/real_time",791767,176.702,175.682,ns,,,"3x16x38",,
"dot/dot_fp64_3x16x2_1x2x1_neon/16/78/real_time",400458,349.409,347.442,ns,,,"3x16x78",,
"dot/dot_fp64_3x16x2_1x2x1_neon/16/118/real_time",267966,521.592,518.633,ns,,,"3x16x118",,
"dot/dot_fp64_3x16x2_1x2x1_neon/16/158/real_time",198512,707.075,703.072,ns,,,"3x16x158",,
"dot/dot_fp64_3x16x2_1x2x1_neon/32/2/real_time",4086317,33.5536,33.3665,ns,,,"3x32x2",,
"dot/dot_fp64_3x16x2_1x2x1_neon/32/20/real_time",742088,188.262,187.195,ns,,,"3x32x20",,
"dot/dot_fp64_3x16x2_1x2x1_neon/32/42/real_time",370299,377.819,375.591,ns,,,"3x32x42",,
"dot/dot_fp64_3x16x2_1x2x1_neon/32/62/real_time",254384,555.448,552.294,ns,,,"3x32x62",,
"dot/dot_fp64_3x16x2_1x2x1_neon/32/84/real_time",189137,741.253,736.37,ns,,,"3x32x84",,
"dot/dot_fp64_3x16x2_1x2x1_neon/64/2/real_time",2184831,64.0233,63.6765,ns,,,"3x64x2",,
"dot/dot_fp64_3x16x2_1x2x1_neon/64/10/real_time",707132,198.217,197.081,ns,,,"3x64x10",,
"dot/dot_fp64_3x16x2_1x2x1_neon/64/20/real_time",373391,375.562,373.506,ns,,,"3x64x20",,
"dot/dot_fp64_3x16x2_1x2x1_neon/64/30/real_time",257331,542.972,539.83,ns,,,"3x64x30",,
"dot/dot_fp64_3x16x2_1x2x1_neon/64/42/real_time",187510,745.896,741.732,ns,,,"3x64x42",,
"dot/dot_fp64_3x16x2_1x2x1_neon/128/2/real_time",1233209,113.317,112.579,ns,,,"3x128x2",,
"dot/dot_fp64_3x16x2_1x2x1_neon/128/4/real_time",809865,172.173,171.117,ns,,,"3x128x4",,
"dot/dot_fp64_3x16x2_1x2x1_neon/128/10/real_time",375042,373.098,370.796,ns,,,"3x128x10",,
"dot/dot_fp64_3x16x2_1x2x1_neon/128/14/real_time",269400,520.563,517.616,ns,,,"3x128x14",,
"dot/dot_fp64_3x16x2_1x2x1_neon/128/20/real_time",194147,721.617,717.166,ns,,,"3x128x20",,
"dot/dot_fp64_1x8x2_1x2x1_neon/8/2/real_time",13614538,10.2386,10.1769,ns,,,"1x8x2",,
"dot/dot_fp64_1x8x2_1x2x1_neon/8/84/real_time",1731685,80.8894,80.3745,ns,,,"1x8x84",,
"dot/dot_fp64_1x8x2_1x2x1_neon/8/170/real_time",914578,152.805,151.877,ns,,,"1x8x170",,
"dot/dot_fp64_1x8x2_1x2x1_neon/8/254/real_time",636629,219.673,218.434,ns,,,"1x8x254",,
"dot/dot_fp64_1x8x2_1x2x1_neon/8/340/real_time",479062,310.883,309.092,ns,,,"1x8x340",,
"dot/dot_fp64_1x8x2_1x2x1_neon/16/2/real_time",9463423,14.7657,14.6786,ns,,,"1x16x2",,
"dot/dot_fp64_1x8x2_1x2x1_neon/16/44/real_time",1663781,84.018,83.5734,ns,,,"1x16x44",,
"dot/dot_fp64_1x8x2_1x2x1_neon/16/88/real_time",891223,156.53,155.669,ns,,,"1x16x88",,
"dot/dot_fp64_1x8x2_1x2x1_neon/16/132/real_time",609010,229.431,228.161,ns,,,"1x16x132",,
"dot/dot_fp64_1x8x2_1x2x1_neon/16/178/real_time",432741,334.11,332.148,ns,,,"1x16x178",,
"dot/dot_fp64_1x8x2_1x2x1_neon/32/2/real_time",5818308,24.0642,23.9193,ns,,,"1x32x2",,
"dot/dot_fp64_1x8x2_1x2x1_neon/32/22/real_time",1607219,87.3068,86.751,ns,,,"1x32x22",,
"dot/dot_fp64_1x8x2_1x2x1_neon/32/46/real_time",814871,171.826,170.749,ns,,,"1x32x46",,
"dot/dot_fp64_1x8x2_1x2x1_neon/32/68/real_time",573970,252.225,250.833,ns,,,"1x32x68",,
"dot/dot_fp64_1x8x2_1x2x1_neon/32/92/real_time",431110,329.929,328.065,ns,,,"1x32x92",,
"dot/dot_fp64_1x8x2_1x2x1_neon/64/2/real_time",3270913,42.7415,42.4889,ns,,,"1x64x2",,
"dot/dot_fp64_1x8x2_1x2x1_neon/64/10/real_time",1551344,90.224,89.7399,ns,,,"1x64x10",,
"dot/dot_fp64_1x8x2_1x2x1_neon/64/22/real_time",813215,171.452,170.426,ns,,,"1x64x22",,
"dot/dot_fp64_1x8x2_1x2x1_neon/64/34/real_time",563864,248.019,246.599,ns,,,"1x64x34",,
"dot/dot_fp64_1x8x2_1x2x1_neon/64/46/real_time",412012,337.001,335.036,ns,,,"1x64x46",,
"dot/dot_fp64_2x8x2_1x2x1_neon/8/2/real_time",11054769,12.5717,12.5023,ns,,,"2x8x2",,
"dot/dot_fp64_2x8x2_1x2x1_neon/8/76/real_time",1173727,118.968,118.335,ns,,,"2x8x76",,
"dot/dot_fp64_2x8x2_1x2x1_neon/8/152/real_time",612659,228.22,227.045,ns,,,"2x8x152",,
"dot/dot_fp64_2x8x2_1x2x1_neon/8/228/real_time",405369,346.869,345.009,ns,,,"2x8x228",,
"dot/dot_fp64_2x8x2_1x2x1_neon/8/304/real_time",307367,454.69,452.337,ns,,,"2x8x304",,
"dot/dot_fp64_2x8x2_1x2x1_neon/16/2/real_time",7474556,18.6602,18.5615,ns,,,"2x16x2",,
"dot/dot_fp64_2x8x2_1x2x1_neon/16/42/real_time",1061079,131.475,130.685,ns,,,"2x16x42",,
"dot/dot_fp64_2x8x2_1x2x1_neon/16/84/real_time",554317,252.051,250.626,ns,,,"2x16x84",,
"dot/dot_fp64_2x8x2_1x2x1_neon/16/126/real_time",375195,372.811,370.6,ns,,,"2x16x126",,
"dot/dot_fp64_2x8x2_1x2x1_neon/16/168/real_time",270222,519.039,516.114,ns,,,"2x16x168",,
"dot/dot_fp64_2x8x2_1x2x1_neon/32/2/real_time",4531119,30.8395,30.6785,ns,,,"2x32x2",,
"dot/dot_fp64_2x8x2_1x2x1_neon/32/22/real_time",1009915,138.508,137.708,ns,,,"2x32x22",,
"dot/dot_fp64_2x8x2_1x2x1_neon/32/44/real_time",516270,271.02,269.426,ns,,,"2x32x44",,
"dot/dot_fp64_2x8x2_1x2x1_neon/32/66/real_time",350114,397.548,395.301,ns,,,"2x32x66",,
"dot/dot_fp64_2x8x2_1x2x1_neon/32/88/real_time",265536,525.297,521.921,ns,,,"2x32x88",,
"dot/dot_fp64_2x8x2_1x2x1_neon/64/2/real_time",2532430,55.2832,54.9744,ns,,,"2x64x2",,
"dot/dot_fp64_2x8x2_1x2x1_neon/64/10/real_time",1042564,134.38,133.545,ns,,,"2x64x10",,
"dot/dot_fp64_2x8x2_1x2x1_neon/64/22/real_time",512136,272.512,270.895,ns,,,"2x64x22",,
"dot/dot_fp64_2x8x2_1x2x1_neon/64/32/real_time",359988,389.057,386.608,ns,,,"2x64x32",,
"dot/dot_fp64_2x8x2_1x2x1_neon/64/44/real_time",263696,527.914,524.952,ns,,,"2x64x44",,
"dot/dot_fp64_3x8x2_1x2x1_neon/8/2/real_time",9000503,15.7109,15.6226,ns,,,"3x8x2",,
"dot/dot_fp64_3x8x2_1x2x1_neon/8/68/real_time",840504,162.869,161.895,ns,,,"3x8x68",,
"dot/dot_fp64_3x8x2_1x2x1_neon/8/138/real_time",439003,318.591,316.73,ns,,,"3x8x138",,
"dot/dot_fp64_3x8x2_1x2x1_neon/8/206/real_time",305031,459.103,456.374,ns,,,"3x8x206",,
"dot/dot_fp64_3x8x2_1x2x1_neon/8/276/real_time",228674,610.574,606.513,ns,,,"3x8x276",,
"dot/dot_fp64_3x8x2_1x2x1_neon/16/2/real_time",5906420,23.7112,23.5651,ns,,,"3x16x2",,
"dot/dot_fp64_3x8x2_1x2x1_neon/16/38/real_time",754480,185.178,184.158,ns,,,"3x16x38",,
"dot/dot_fp64_3x8x2_1x2x1_neon/16/78/real_time",399327,351.48,349.597,ns,,,"3x16x78",,
"dot/dot_fp64_3x8x2_1x2x1_neon/16/118/real_time",264061,520.628,517.676,ns,,,"3x16x118",,
"dot/dot_fp64_3x8x2_1x2x1_neon/16/158/real_time",195729,714.047,709.998,ns,,,"3x16x158",,
"dot/dot_fp64_3x8x2_1x2x1_neon/32/2/real_time",3451118,40.5791,40.3571,ns,,,"3x32x2",,
"dot/dot_fp64_3x8x2_1x2x1_neon/32/20/real_time",749540,185.827,184.716,ns,,,"3x32x20",,
"dot/dot_fp64_3x8x2_1x2x1_neon/32/42/real_time",365155,384.132,381.981,ns,,,"3x32x42",,
"dot/dot_fp64_3x8x2_1x2x1_neon/32/62/real_time",252736,554.485,551.335,ns,,,"3x32x62",,
"dot/dot_fp64_3x8x2_1x2x1_neon/32/84/real_time",188071,746.792,742.447,ns,,,"3x32x84",,
"dot/dot_fp64_3x8x2_1x2x1_neon/64/2/real_time",1890170,73.9747,73.5508,ns,,,"3x64x2",,
"dot/dot_fp64_3x8x2_1x2x1_neon/64/10/real_time",712236,189.678,188.671,ns,,,"3x64x10",,
"dot/dot_fp64_3x8x2_1x2x1_neon/64/20/real_time",380352,367.873,365.783,ns,,,"3x64x20",,
"dot/dot_fp64_3x8x2_1x2x1_neon/64/30/real_time",259654,539.481,536.429,ns,,,"3x64x30",,
"dot/dot_fp64_3x8x2_1x2x1_neon/64/42/real_time",186950,747.844,743.459,ns,,,"3x64x42",,
"dot/dot_fp64_4x8x2_1x2x1_neon/8/2/real_time",8089198,17.3319,17.2282,ns,,,"4x8x2",,
"dot/dot_fp64_4x8x2_1x2x1_neon/8/62/real_time",742505,188.228,187.226,ns,,,"4x8x62",,
"dot/dot_fp64_4x8x2_1x2x1_neon/8/126/real_time",375442,372.667,370.618,ns,,,"4x8x126",,
"dot/dot_fp64_4x8x2_1x2x1_neon/8/188/real_time",251993,556.175,552.8,ns,,,"4x8x188",,
"dot/dot_fp64_4x8x2_1x2x1_neon/8/252/real_time",188659,742.697,738.759,ns,,,"4x8x252",,
"dot/dot_fp64_4x8x2_1x2x1_neon/16/2/real_time",5183475,26.9634,26.8101,ns,,,"4x16x2",,
"dot/dot_fp64_4x8x2_1x2x1_neon/16/36/real_time",605934,228.97,227.614,ns,,,"4x16x36",,
"dot/dot_fp64_4x8x2_1x2x1_neon/16/74/real_time",313341,449.3,446.821,ns,,,"4x16x74",,
"dot/dot_fp64_4x8x2_1x2x1_neon/16/112/real_time",212216,660.255,656.121,ns,,,"4x16x112",,
"dot/dot_fp64_4x8x2_1x2x1_neon/16/150/real_time",158900,880.66,875.674,ns,,,"4x16x150",,
"dot/dot_fp64_4x8x2_1x2x1_neon/32/2/real_time",3018695,46.3498,46.0876,ns,,,"4x32x2",,
"dot/dot_fp64_4x8x2_1x2x1_neon/32/20/real_time",543942,256.076,254.659,ns,,,"4x32x20",,
"dot/dot_fp64_4x8x2_1x2x1_neon/32/40/real_time",291645,484.253,481.484,ns,,,"4x32x40",,
"dot/dot_fp64_4x8x2_1x2x1_neon/32/60/real_time",197361,709.833,705.695,ns,,,"4x32x60",,
"dot/dot_fp64_4x8x2_1x2x1_neon/32/80/real_time",148491,940.328,935.314,ns,,,"4x32x80",,
"dot/dot_fp64_4x8x2_1x2x1_neon/64/2/real_time",1642780,85.1047,84.6382,ns,,,"4x64x2",,
"dot/dot_fp64_4x8x2_1x2x1_neon/64/10/real_time",526408,264.983,263.385,ns,,,"4x64x10",,
"dot/dot_fp64_4x8x2_1x2x1_neon/64/20/real_time",287087,486.424,483.785,ns,,,"4x64x20",,
"dot/dot_fp64_4x8x2_1x2x1_neon/64/30/real_time",195108,717.045,713.344,ns,,,"4x64x30",,
"dot/dot_fp64_4x8x2_1x2x1_neon/64/40/real_time",147922,947.631,942.259,ns,,,"4x64x40",,
"dot/dot_fp64_5x8x2_1x2x1_neon/8/2/real_time",6278438,21.4617,21.3509,ns,,,"5x8x2",,
"dot/dot_fp64_5x8x2_1x2x1_neon/8/58/real_time",636587,219.682,218.52,ns,,,"5x8x58",,
"dot/dot_fp64_5x8x2_1x2x1_neon/8/116/real_time",326030,428.146,425.905,ns,,,"5x8x116",,
"dot/dot_fp64_5x8x2_1x2x1_neon/8/174/real_time",218312,641.208,637.887,ns,,,"5x8x174",,
"dot/dot_fp64_5x8x2_1x2x1_neon/8/232/real_time",164428,850.872,846.242,ns,,,"5x8x232",,
"dot/dot_fp64_5x8x2_1x2x1_neon/16/2/real_time",4529797,30.8867,30.7147,ns,,,"5x16x2",,
"dot/dot_fp64_5x8x2_1x2x1_neon/16/34/real_time",522780,267.728,266.381,ns,,,"5x16x34",,
"dot/dot_fp64_5x8x2_1x2x1_neon/16/70/real_time",265908,526.448,523.55,ns,,,"5x16x70",,
"dot/dot_fp64_5x8x2_1x2x1_neon/16/106/real_time",178151,785.176,780.659,ns,,,"5x16x106",,
"dot/dot_fp64_5x8x2_1x2x1_neon/16/142/real_time",133835,1039.25,1033.68,ns,,,"5x16x142",,
"dot/dot_fp64_5x8x2_1x2x1_neon/32/2/real_time",2633789,53.1299,52.8422,ns,,,"5x32x2",,
"dot/dot_fp64_5x8x2_1x2x1_neon/32/18/real_time",483205,288.694,287.04,ns,,,"5x32x18",,
"dot/dot_fp64_5x8x2_1x2x1_neon/32/38/real_time",244757,575.715,572.414,ns,,,"5x32x38",,
"dot/dot_fp64_5x8x2_1x2x1_neon/32/58/real_time",161833,860.364,854.178,ns,,,"5x32x58",,
"dot/dot_fp64_5x8x2_1x2x1_neon/32/78/real_time",120608,1155.03,1146.82,ns,,,"5x32x78",,
"dot/dot_fp64_5x8x2_1x2x1_neon/64/2/real_time",1432937,97.7402,97.1225,ns,,,"5x64x2",,
"dot/dot_fp64_5x8x2_1x2x1_neon/64/8/real_time",538099,261.534,260.092,ns,,,"5x64x8",,
"dot/dot_fp64_5x8x2_1x2x1_neon/64/18/real_time",255633,548.946,545.563,ns,,,"5x64x18",,
"dot/dot_fp64_5x8x2_1x2x1_neon/64/28/real_time",167576,835.109,829.728,ns,,,"5x64x28",,
"dot/dot_fp64_5x8x2_1x2x1_neon/64/38/real_time",124038,1124.93,1118.25,ns,,,"5x64x38",,
"dot/dot_fp64_1x4x2_1x2x1_neon/4/2/real_time",15023953,9.31664,9.25705,ns,,,"1x4x2",,
"dot/dot_fp64_1x4x2_1x2x1_neon/4/152/real_time",1242805,112.545,111.904,ns,,,"1x4x152",,
"dot/dot_fp64_1x4x2_1x2x1_neon/4/306/real_time",607187,230.595,229.367,ns,,,"1x4x306",,
"dot/dot_fp64_1x4x2_1x2x1_neon/4/458/real_time",410567,340.816,338.736,ns,,,"1x4x458",,
"dot/dot_fp64_1x4x2_1x2x1_neon/4/612/real_time",306164,451.879,449.408,ns,,,"1x4x612",,
"dot/dot_fp64_1x4x2_1x2x1_neon/8/2/real_time",10813899,12.9316,12.8563,ns,,,"1x8x2",,
"dot/dot_fp64_1x4x2_1x2x1_neon/8/84/real_time",1180890,118.577,117.785,ns,,,"1x8x84",,
"dot/dot_fp64_1x4x2_1x2x1_neon/8/170/real_time",537817,261.111,259.48,ns,,,"1x8x170",,
"dot/dot_fp64_1x4x2_1x2x1_neon/8/254/real_time",365150,383.352,380.999,ns,,,"1x8x254",,
"dot/dot_fp64_1x4x2_1x2x1_neon/8/340/real_time",276235,505.975,503.045,ns,,,"1x8x340",,
"dot/dot_fp64_1x4x2_1x2x1_neon/16/2/real_time",6949382,20.1102,19.992,ns,,,"1x16x2",,
"dot/dot_fp64_1x4x2_1x2x1_neon/16/44/real_time",1126100,125.008,124.251,ns,,,"1x16x44",,
"dot/dot_fp64_1x4x2_1x2x1_neon/16/88/real_time",567932,246.203,244.703,ns,,,"1x16x88",,
"dot/dot_fp64_1x4x2_1x2x1_neon/16/132/real_time",375175,372.92,370.581,ns,,,"1x16x132",,
"dot/dot_fp64_1x4x2_1x2x1_neon/16/178/real_time",265717,527.86,524.919,ns,,,"1x16x178",,
"dot/dot_fp64_1x4x2_1x2x1_neon/32/2/real_time",4059160,34.4752,34.2763,ns,,,"1x32x2",,
"dot/dot_fp64_1x4x2_1x2x1_neon/32/22/real_time",1131466,124.702,123.941,ns,,,"1x32x22",,
"dot/dot_fp64_1x4x2_1x2x1_neon/32/46/real_time",563572,248.448,247.131,ns,,,"1x32x46",,
"dot/dot_fp64_1x4x2_1x2x1_neon/32/68/real_time",383378,364.062,361.906,ns,,,"1x32x68",,
"dot/dot_fp64_1x4x2_1x2x1_neon/32/92/real_time",278422,506.206,502.935,ns,,,"1x32x92",,
"dot/dot_fp64_4x4x2_1x2x1_neon/4/2/real_time",9508077,14.7222,14.6384,ns,,,"4x4x2",,
"dot/dot_fp64_4x4x2_1x2x1_neon/4/94/real_time",965687,144.613,143.865,ns,,,"4x4x94",,
"dot/dot_fp64_4x4x2_1x2x1_neon/4/190/real_time",485345,287.552,286.042,ns,,,"4x4x190",,
"dot/dot_fp64_4x4x2_1x2x1_neon/4/286/real_time",329771,424.517,422.057,ns,,,"4x4x286",,
"dot/dot_fp64_4x4x2_1x2x1_neon/4/382/real_time",247512,565.294,561.953,ns,,,"4x4x382",,
"dot/dot_fp64_4x4x2_1x2x1_neon/8/2/real_time",6491343,21.5494,21.4229,ns,,,"4x8x2",,
"dot/dot_fp64_4x4x2_1x2x1_neon/8/62/real_time",740992,188.778,187.686,ns,,,"4x8x62",,
"dot/dot_fp64_4x4x2_1x2x1_neon/8/126/real_time",375887,372.216,370.179,ns,,,"4x8x126",,
"dot/dot_fp64_4x4x2_1x2x1_neon/8/188/real_time",247890,565.949,562.832,ns,,,"4x8x188",,
"dot/dot_fp64_4x4x2_1x2x1_neon/8/252/real_time",185391,754.092,749.348,ns,,,"4x8x252",,
"dot/dot_fp64_4x4x2_1x2x1_neon/16/2/real_time",3976225,35.1903,34.9837,ns,,,"4x16x2",,
"dot/dot_fp64_4x4x2_1x2x1_neon/16/36/real_time",639169,219.153,217.775,ns,,,"4x16x36",,
"dot/dot_fp64_4x4x2_1x2x1_neon/16/74/real_time",314558,444.603,442.11,ns,,,"4x16x74",,
"dot/dot_fp64_4x4x2_1x2x1_neon/16/112/real_time",210658,664.867,660.911,ns,,,"4x16x112",,
"dot/dot_fp64_4x4x2_1x2x1_neon/16/150/real_time",158059,882.248,876.997,ns,,,"4x16x150",,
"dot/dot_fp64_4x4x2_1x2x1_neon/32/2/real_time",2242003,62.4766,62.1243,ns,,,"4x32x2",,
"dot/dot_fp64_4x4x2_1x2x1_neon/32/20/real_time",551501,252.855,251.472,ns,,,"4x32x20",,
"dot/dot_fp64_4x4x2_1x2x1_neon/32/40/real_time",290184,482.66,479.983,ns,,,"4x32x40",,
"dot/dot_fp64_4x4x2_1x2x1_neon/32/60/real_time",196247,712.673,708.822,ns,,,"4x32x60",,
"dot/dot_fp64_4x4x2_1x2x1_neon/32/80/real_time",147993,943.629,937.857,ns,,,"4x32x80",,
"dot/dot_fp64_6x4x2_1x2x1_neon/4/2/real_time",7943920,17.6061,17.4961,ns,,,"6x4x2",,
"dot/dot_fp64_6x4x2_1x2x1_neon/4/76/real_time",791200,175.718,174.757,ns,,,"6x4x76",,
"dot/dot_fp64_6x4x2_1x2x1_neon/4/152/real_time",412588,339.41,337.319,ns,,,"6x4x152",,
"dot/dot_fp64_6x4x2_1x2x1_neon/4/228/real_time",275105,508.994,505.564,ns,,,"6x4x228",,
"dot/dot_fp64_6x4x2_1x2x1_neon/4/304/real_time",207424,673.404,669.452,ns,,,"6x4x304",,
"dot/dot_fp64_6x4x2_1x2x1_neon/8/2/real_time",5320665,26.2223,26.0815,ns,,,"6x8x2",,
"dot/dot_fp64_6x4x2_1x2x1_neon/8/54/real_time",569347,245.238,243.927,ns,,,"6x8x54",,
"dot/dot_fp64_6x4x2_1x2x1_neon/8/108/real_time",292660,478.208,475.612,ns,,,"6x8x108",,
"dot/dot_fp64_6x4x2_1x2x1_neon/8/162/real_time",192417,727.165,723.228,ns,,,"6x8x162",,
"dot/dot_fp64_6x4x2_1x2x1_neon/8/216/real_time",145104,967.421,962.122,ns,,,"6x8x216",,
"dot/dot_fp64_6x4x2_1x2x1_neon/16/2/real_time",3195629,43.7821,43.5602,ns,,,"6x16x2",,
"dot/dot_fp64_6x4x2_1x2x1_neon/16/32/real_time",479299,291.584,290.137,ns,,,"6x16x32",,
"dot/dot_fp64_6x4x2_1x2x1_neon/16/66/real_time",236804,590.279,587.143,ns,,,"6x16x66",,
"dot/dot_fp64_6x4x2_1x2x1_neon/16/100/real_time",158318,884.002,879.316,ns,,,"6x16x100",,
"dot/dot_fp64_6x4x2_1x2x1_neon/16/134/real_time",118777,1175.71,1169.66,ns,,,"6x16x134",,
"dot/dot_fp64_6x4x2_1x2x1_neon/32/2/real_time",1771839,78.9624,78.5486,ns,,,"6x32x2",,
"dot/dot_fp64_6x4x2_1x2x1_neon/32/18/real_time",413899,338.772,336.976,ns,,,"6x32x18",,
"dot/dot_fp64_6x4x2_1x2x1_neon/32/36/real_time",215891,647.851,644.339,ns,,,"6x32x36",,
"dot/dot_fp64_6x4x2_1x2x1_neon/32/54/real_time",145955,960.776,955.518,ns,,,"6x32x54",,
"dot/dot_fp64_6x4x2_1x2x1_neon/32/74/real_time",106569,1320.53,1311.48,ns,,,"6x32x74",,
"dot/dot_fp64_8x4x2_1x2x1_neon/4/2/real_time",6481903,21.5528,21.423,ns,,,"8x4x2",,
"dot/dot_fp64_8x4x2_1x2x1_neon/4/62/real_time",729285,191.35,190.26,ns,,,"8x4x62",,
"dot/dot_fp64_8x4x2_1x2x1_neon/4/126/real_time",372915,375.084,372.815,ns,,,"8x4x126",,
"dot/dot_fp64_8x4x2_1x2x1_neon/4/188/real_time",250340,559.346,555.89,ns,,,"8x4x188",,
"dot/dot_fp64_8x4x2_1x2x1_neon/4/252/real_time",188341,744.055,739.249,ns,,,"8x4x252",,
"dot/dot_fp64_8x4x2_1x2x1_neon/8/2/real_time",4329416,32.3129,32.1349,ns,,,"8x8x2",,
"dot/dot_fp64_8x4x2_1x2x1_neon/8/46/real_time",501283,279.011,277.341,ns,,,"8x8x46",,
"dot/dot_fp64_8x4x2_1x2x1_neon/8/94/real_time",252219,554.682,551.62,ns,,,"8x8x94",,
"dot/dot_fp64_8x4x2_1x2x1_neon/8/140/real_time",169402,825.66,821.222,ns,,,"8x8x140",,
"dot/dot_fp64_8x4x2_1x2x1_neon/8/188/real_time",125546,1111.96,1106,ns,,,"8x8x188",,
"dot/dot_fp64_8x4x2_1x2x1_neon/16/2/real_time",2611511,53.4938,53.208,ns,,,"8x16x2",,
"dot/dot_fp64_8x4x2_1x2x1_neon/16/30/real_time",385924,362.166,359.889,ns,,,"8x16x30",,
"dot/dot_fp64_8x4x2_1x2x1_neon/16/60/real_time",196216,713.869,709.822,ns,,,"8x16x60",,
"dot/dot_fp64_8x4x2_1x2x1_neon/16/90/real_time",131205,1061.15,1055.89,ns,,,"8x16x90",,
"dot/dot_fp64_8x4x2_1x2x1_neon/16/122/real_time",97655,1428.25,1420.65,ns,,,"8x16x122",,
"dot/dot_fp64_8x4x2_1x2x1_neon/32/2/real_time",1455071,96.1856,95.6673,ns,,,"8x32x2",,
"dot/dot_fp64_8x4x2_1x2x1_neon/32/16/real_time",349577,400.067,397.683,ns,,,"8x32x16",,
"dot/dot_fp64_8x4x2_1x2x1_neon/32/34/real_time",171845,814.812,809.748,ns,,,"8x32x34",,
"dot/dot_fp64_8x4x2_1x2x1_neon/32/52/real_time",114123,1227.02,1219.27,ns,,,"8x32x52",,
"dot/dot_fp64_8x4x2_1x2x1_neon/32/70/real_time",85006,1656.32,1645.28,ns,,,"8x32x70",,
"dot/dot_fp64_8x2x2_1x2x1_neon/2/2/real_time",7957630,17.6002,17.4945,ns,,,"8x2x2",,
"dot/dot_fp64_8x2x2_1x2x1_neon/2/76/real_time",1143076,122.522,121.868,ns,,,"8x2x76",,
"dot/dot_fp64_8x2x2_1x2x1_neon/2/152/real_time",603707,231.178,229.947,ns,,,"8x2x152",,
"dot/dot_fp64_8x2x2_1x2x1_neon/2/228/real_time",403828,346.969,345.008,ns,,,"8x2x228",,
"dot/dot_fp64_8x2x2_1x2x1_neon/2/304/real_time",305639,457.656,455.152,ns,,,"8x2x304",,
"dot/dot_fp64_8x2x2_1x2x1_neon/4/2/real_time",5560198,25.1527,24.9923,ns,,,"8x4x2",,
"dot/dot_fp64_8x2x2_1x2x1_neon/4/62/real_time",723068,194.196,192.961,ns,,,"8x4x62",,
"dot/dot_fp64_8x2x2_1x2x1_neon/4/126/real_time",371365,376.969,374.477,ns,,,"8x4x126",,
"dot/dot_fp64_8x2x2_1x2x1_neon/4/188/real_time",244856,571.026,567.32,ns,,,"8x4x188",,
"dot/dot_fp64_8x2x2_1x2x1_neon/4/252/real_time",185089,756.291,751.71,ns,,,"8x4x252",,
"dot/dot_fp64_8x2x2_1x2x1_neon/8/2/real_time",3414612,40.9376,40.6993,ns,,,"8x8x2",,
"dot/dot_fp64_8x2x2_1x2x1_neon/8/46/real_time",485625,288.077,286.291,ns,,,"8x8x46",,
"dot/dot_fp64_8x2x2_1x2x1_neon/8/94/real_time",248504,563.993,560.582,ns,,,"8x8x94",,
"dot/dot_fp64_8x2x2_1x2x1_neon/8/140/real_time",167879,828.404,823.73,ns,,,"8x8x140",,
"dot/dot_fp64_8x2x2_1x2x1_neon/8/188/real_time",123979,1125.62,1119.53,ns,,,"8x8x188",,
"dot/dot_fp64_8x2x2_1x2x1_neon/16/2/real_time",1929533,72.5734,72.1232,ns,,,"8x16x2",,
"dot/dot_fp64_8x2x2_1x2x1_neon/16/30/real_time",368586,379.9,377.732,ns,,,"8x16x30",,
"dot/dot_fp64_8x2x2_1x2x1_neon/16/60/real_time",194033,721.966,717.441,ns,,,"8x16x60",,
"dot/dot_fp64_8x2x2_1x2x1_neon/16/90/real_time",130920,1065.66,1059.84,ns,,,"8x16x90",,
"dot/dot_fp64_8x2x2_1x2x1_neon/16/122/real_time",97005,1437.25,1429.24,ns,,,"8x16x122",,
"dot/dot_bf16_bf16_fp32_1x64x4_1x4x1_neon/64/4/real_time",3975731,34.9468,34.7533,ns,,,"1x64x4",,
"dot/dot_bf16_bf16_fp32_1x64x4_1x4x1_neon/64/44/real_time",487852,287.594,285.999,ns,,,"1x64x44",,
"dot/dot_bf16_bf16_fp32_1x64x4_1x4x1_neon/64/92/real_time",237183,590.217,586.702,ns,,,"1x64x92",,
"dot/dot_bf16_bf16_fp32_1x64x4_1x4x1_neon/64/136/real_time",161932,864.513,859.573,ns,,,"1x64x136",,
"dot/dot_bf16_bf16_fp32_1x64x4_1x4x1_neon/64/184/real_time",119484,1166.22,1159.37,ns,,,"1x64x184",,
"dot/dot_bf16_bf16_fp32_1x64x4_1x4x1_neon/128/4/real_time",2214084,63.2754,62.873,ns,,,"1x128x4",,
"dot/dot_bf16_bf16_fp32_1x64x4_1x4x1_neon/128/20/real_time",532065,262.93,261.363,ns,,,"1x128x20",,
"dot/dot_bf16_bf16_fp32_1x64x4_1x4x1_neon/128/44/real_time",248051,564.826,561.288,ns,,,"1x128x44",,
"dot/dot_bf16_bf16_fp32_1x64x4_1x4x1_neon/128/68/real_time",160926,869.359,864.425,ns,,,"1x128x68",,
"dot/dot_bf16_bf16_fp32_1x64x4_1x4x1_neon/128/92/real_time",118931,1170.33,1163.26,ns,,,"1x128x92",,
"dot/dot_bf16_bf16_fp32_1x64x4_1x4x1_neon/256/4/real_time",1158131,120.731,119.965,ns,,,"1x256x4",,
"dot/dot_bf16_bf16_fp32_1x64x4_1x4x1_neon/256/8/real_time",635536,220.116,218.851,ns,,,"1x256x8",,
"dot/dot_bf16_bf16_fp32_1x64x4_1x4x1_neon/256/20/real_time",267820,522.37,519.216,ns,,,"1x256x20",,
"dot/dot_bf16_bf16_fp32_1x64x4_1x4x1_neon/256/32/real_time",169879,824.746,819.314,ns,,,"1x256x32",,
"dot/dot_bf16_bf16_fp32_1x64x4_1x4x1_neon/256/44/real_time",123650,1126.82,1119.93,ns,,,"1x256x44",,
"dot/dot_bf16_bf16_fp32_1x64x4_1x4x1_neon/512/4/real_time",600138,233.31,231.959,ns,,,"1x512x4",,
"dot/dot_bf16_bf16_fp32_1x64x4_1x4x1_neon/512/8/real_time",321558,435.193,432.751,ns,,,"1x512x8",,
"dot/dot_bf16_bf16_fp32_1x64x4_1x4x1_neon/512/12/real_time",220135,635.803,632.037,ns,,,"1x512x12",,
"dot/dot_bf16_bf16_fp32_1x64x4_1x4x1_neon/512/20/real_time",134663,1039.36,1032.68,ns,,,"1x512x20",,
"dot/dot_bf16_bf16_fp32_1x32x4_1x4x1_neon/32/4/real_time",6145616,22.8635,22.7262,ns,,,"1x32x4",,
"dot/dot_bf16_bf16_fp32_1x32x4_1x4x1_neon/32/92/real_time",432157,323.515,321.504,ns,,,"1x32x92",,
"dot/dot_bf16_bf16_fp32_1x32x4_1x4x1_neon/32/184/real_time",219958,636.72,633.251,ns,,,"1x32x184",,
"dot/dot_bf16_bf16_fp32_1x32x4_1x4x1_neon/32/276/real_time",147134,950.774,945.525,ns,,,"1x32x276",,
"dot/dot_bf16_bf16_fp32_1x32x4_1x4x1_neon/32/368/real_time",109698,1268.93,1262.33,ns,,,"1x32x368",,
"dot/dot_bf16_bf16_fp32_1x32x4_1x4x1_neon/64/4/real_time",4055357,34.4823,34.2818,ns,,,"1x64x4",,
"dot/dot_bf16_bf16_fp32_1x32x4_1x4x1_neon/64/44/real_time",453275,309.266,307.493,ns,,,"1x64x44",,
"dot/dot_bf16_bf16_fp32_1x32x4_1x4x1_neon/64/92/real_time",220589,635.04,631.263,ns,,,"1x64x92",,
"dot/dot_bf16_bf16_fp32_1x32x4_1x4x1_neon/64/136/real_time",149650,934.908,929.793,ns,,,"1x64x136",,
"dot/dot_bf16_bf16_fp32_1x32x4_1x4x1_neon/64/184/real_time",110376,1263.1,1255.52,ns,,,"1x64x184",,
"dot/dot_bf16_bf16_fp32_1x32x4_1x4x1_neon/128/4/real_time",2166845,64.6469,64.2769,ns,,,"1x128x4",,
"dot/dot_bf16_bf16_fp32_1x32x4_1x4x1_neon/128/20/real_time",496466,281.472,279.945,ns,,,"1x128x20",,
"dot/dot_bf16_bf16_fp32_1x32x4_1x4x1_neon/128/44/real_time",229869,608.915,605.668,ns,,,"1x128x44",,
"dot/dot_bf16_bf16_fp32_1x32x4_1x4x1_neon/128/68/real_time",149319,937.739,931.497,ns,,,"1x128x68",,
"dot/dot_bf16_bf16_fp32_1x32x4_1x4x1_neon/128/92/real_time",109515,1270.91,1263.96,ns,,,"1x128x92",,
"dot/dot_bf16_bf16_fp32_1x32x4_1x4x1_neon/256/4/real_time",1157623,120.752,119.978,ns,,,"1x256x4",,
"dot/dot_bf16_bf16_fp32_1x32x4_1x4x1_neon/256/8/real_time",611059,228.414,227.082,ns,,,"1x256x8",,
"dot/dot_bf16_bf16_fp32_1x32x4_1x4x1_neon/256/20/real_time",251994,555.725,552.738,ns,,,"1x256x20",,
"dot/dot_bf16_bf16_fp32_1x32x4_1x4x1_neon/256/32/real_time",157662,887.783,883.15,ns,,,"1x256x32",,
"dot/dot_bf16_bf16_fp32_1x32x4_1x4x1_neon/256/44/real_time",114624,1218.73,1211.81,ns,,,"1x256x44",,
"dot/dot_bf16_bf16_fp32_2x32x4_1x4x1_neon/32/4/real_time",4643851,30.08,29.9201,ns,,,"2x32x4",,
"dot/dot_bf16_bf16_fp32_2x32x4_1x4x1_neon/32/88/real_time",330388,423.515,420.976,ns,,,"2x32x88",,
"dot/dot_bf16_bf16_fp32_2x32x4_1x4x1_neon/32/176/real_time",168016,832.604,828.194,ns,,,"2x32x176",,
"dot/dot_bf16_bf16_fp32_2x32x4_1x4x1_neon/32/264/real_time",111961,1245.38,1238.29,ns,,,"2x32x264",,
"dot/dot_bf16_bf16_fp32_2x32x4_1x4x1_neon/32/356/real_time",83350,1678.27,1668.78,ns,,,"2x32x356",,
"dot/dot_bf16_bf16_fp32_2x32x4_1x4x1_neon/64/4/real_time",2780441,50.3412,50.0238,ns,,,"2x64x4",,
"dot/dot_bf16_bf16_fp32_2x32x4_1x4x1_neon/64/44/real_time",328104,426.792,424.234,ns,,,"2x64x44",,
"dot/dot_bf16_bf16_fp32_2x32x4_1x4x1_neon/64/88/real_time",167506,835.513,831.066,ns,,,"2x64x88",,
"dot/dot_bf16_bf16_fp32_2x32x4_1x4x1_neon/64/132/real_time",111918,1246.07,1239.35,ns,,,"2x64x132",,
"dot/dot_bf16_bf16_fp32_2x32x4_1x4x1_neon/64/180/real_time",82466,1694.03,1684.95,ns,,,"2x64x180",,
"dot/dot_bf16_bf16_fp32_2x32x4_1x4x1_neon/128/4/real_time",1407614,99.623,99.0795,ns,,,"2x128x4",,
"dot/dot_bf16_bf16_fp32_2x32x4_1x4x1_neon/128/20/real_time",347073,403.309,401.115,ns,,,"2x128x20",,
"dot/dot_bf16_bf16_fp32_2x32x4_1x4x1_neon/128/44/real_time",164291,851.886,847.272,ns,,,"2x128x44",,
"dot/dot_bf16_bf16_fp32_2x32x4_1x4x1_neon/128/64/real_time",113812,1225.31,1218.17,ns,,,"2x128x64",,
"dot/dot_bf16_bf16_fp32_2x32x4_1x4x1_neon/128/88/real_time",83674,1677.08,1667.37,ns,,,"2x128x88",,
"dot/dot_bf16_bf16_fp32_2x32x4_1x4x1_neon/256/4/real_time",744582,187.896,186.941,ns,,,"2x256x4",,
"dot/dot_bf16_bf16_fp32_2x32x4_1x4x1_neon/256/8/real_time",412857,338.574,336.731,ns,,,"2x256x8",,
"dot/dot_bf16_bf16_fp32_2x32x4_1x4x1_neon/256/20/real_time",177651,787.122,782.656,ns,,,"2x256x20",,
"dot/dot_bf16_bf16_fp32_2x32x4_1x4x1_neon/256/28/real_time",129328,1085.32,1078.6,ns,,,"2x256x28",,
"dot/dot_bf16_bf16_fp32_2x32x4_1x4x1_neon/256/40/real_time",91340,1527.91,1519.13,ns,,,"2x256x40",,
"dot/dot_bf16_bf16_fp32_3x32x4_1x4x1_neon/32/4/real_time",3608335,38.7812,38.5751,ns,,,"3x32x4",,
"dot/dot_bf16_bf16_fp32_3x32x4_1x4x1_neon/32/84/real_time",255196,547.132,544.167,ns,,,"3x32x84",,
"dot/dot_bf16_bf16_fp32_3x32x4_1x4x1_neon/32/172/real_time",127188,1097.93,1091.69,ns,,,"3x32x172",,
"dot/dot_bf16_bf16_fp32_3x32x4_1x4x1_neon/32/256/real_time",85883,1628.97,1619.48,ns,,,"3x32x256",,
"dot/dot_bf16_bf16_fp32_3x32x4_1x4x1_neon/32/344/real_time",64116,2179.92,2167.75,ns,,,"3x32x344",,
"dot/dot_bf16_bf16_fp32_3x32x4_1x4x1_neon/64/4/real_time",1938135,71.5128,71.1151,ns,,,"3x64x4",,
"dot/dot_bf16_bf16_fp32_3x32x4_1x4x1_neon/64/44/real_time",242911,580.949,577.648,ns,,,"3x64x44",,
"dot/dot_bf16_bf16_fp32_3x32x4_1x4x1_neon/64/88/real_time",123854,1126.84,1120.08,ns,,,"3x64x88",,
"dot/dot_bf16_bf16_fp32_3x32x4_1x4x1_neon/64/132/real_time",82960,1681.35,1671.28,ns,,,"3x64x132",,
"dot/dot_bf16_bf16_fp32_3x32x4_1x4x1_neon/64/176/real_time",62442,2233.75,2221.11,ns,,,"3x64x176",,
"dot/dot_bf16_bf16_fp32_3x32x4_1x4x1_neon/128/4/real_time",1138477,123.036,122.362,ns,,,"3x128x4",,
"dot/dot_bf16_bf16_fp32_3x32x4_1x4x1_neon/128/20/real_time",265727,526.062,523.175,ns,,,"3x128x20",,
"dot/dot_bf16_bf16_fp32_3x32x4_1x4x1_neon/128/40/real_time",135519,1028.53,1022.47,ns,,,"3x128x40",,
"dot/dot_bf16_bf16_fp32_3x32x4_1x4x1_neon/128/60/real_time",91071,1535.79,1525.55,ns,,,"3x128x60",,
"dot/dot_bf16_bf16_fp32_3x32x4_1x4x1_neon/128/84/real_time",65295,2140.67,2128.01,ns,,,"3x128x84",,
"dot/dot_bf16_bf16_fp32_3x32x4_1x4x1_neon/256/4/real_time",590230,236.463,235.192,ns,,,"3x256x4",,
"dot/dot_bf16_bf16_fp32_3x32x4_1x4x1_neon/256/8/real_time",317336,440.963,438.51,ns,,,"3x256x8",,
"dot/dot_bf16_bf16_fp32_3x32x4_1x4x1_neon/256/20/real_time",134130,1040.58,1034.49,ns,,,"3x256x20",,
"dot/dot_bf16_bf16_fp32_3x32x4_1x4x1_neon/256/28/real_time",96872,1445.27,1436.24,ns,,,"3x256x28",,
"dot/dot_bf16_bf16_fp32_3x32x4_1x4x1_neon/256/40/real_time",68175,2048.64,2036.51,ns,,,"3x256x40",,
"dot/dot_bf16_bf16_fp32_1x16x4_1x4x1_neon/16/4/real_time",9385311,14.8832,14.7937,ns,,,"1x16x4",,
"dot/dot_bf16_bf16_fp32_1x16x4_1x4x1_neon/16/180/real_time",466158,299.803,298.153,ns,,,"1x16x180",,
"dot/dot_bf16_bf16_fp32_1x16x4_1x4x1_neon/16/360/real_time",234349,597.143,593.495,ns,,,"1x16x360",,
"dot/dot_bf16_bf16_fp32_1x16x4_1x4x1_neon/16/540/real_time",157313,888.943,883.728,ns,,,"1x16x540",,
"dot/dot_bf16_bf16_fp32_1x16x4_1x4x1_neon/16/720/real_time",118755,1178.68,1172.03,ns,,,"1x16x720",,
"dot/dot_bf16_bf16_fp32_1x16x4_1x4x1_neon/32/4/real_time",6144281,22.743,22.613,ns,,,"1x32x4",,
"dot/dot_bf16_bf16_fp32_1x16x4_1x4x1_neon/32/92/real_time",455353,307.525,305.835,ns,,,"1x32x92",,
"dot/dot_bf16_bf16_fp32_1x16x4_1x4x1_neon/32/184/real_time",231566,604.822,601.304,ns,,,"1x32x184",,
"dot/dot_bf16_bf16_fp32_1x16x4_1x4x1_neon/32/276/real_time",155196,902.165,896.752,ns,,,"1x32x276",,
"dot/dot_bf16_bf16_fp32_1x16x4_1x4x1_neon/32/368/real_time",114975,1217.95,1210.47,ns,,,"1x32x368",,
"dot/dot_bf16_bf16_fp32_1x16x4_1x4x1_neon/64/4/real_time",3607487,38.7678,38.5584,ns,,,"1x64x4",,
"dot/dot_bf16_bf16_fp32_1x16x4_1x4x1_neon/64/44/real_time",474143,295.682,293.947,ns,,,"1x64x44",,
"dot/dot_bf16_bf16_fp32_1x16x4_1x4x1_neon/64/92/real_time",228612,609.735,606.019,ns,,,"1x64x92",,
"dot/dot_bf16_bf16_fp32_1x16x4_1x4x1_neon/64/136/real_time",155580,898.734,892.981,ns,,,"1x64x136",,
"dot/dot_bf16_bf16_fp32_1x16x4_1x4x1_neon/64/184/real_time",115194,1207.65,1201.06,ns,,,"1x64x184",,
"dot/dot_bf16_bf16_fp32_1x16x4_1x4x1_neon/128/4/real_time",1989053,70.4231,69.9882,ns,,,"1x128x4",,
"dot/dot_bf16_bf16_fp32_1x16x4_1x4x1_neon/128/20/real_time",512602,272.886,271.356,ns,,,"1x128x20",,
"dot/dot_bf16_bf16_fp32_1x16x4_1x4x1_neon/128/44/real_time",237416,589.291,586.028,ns,,,"1x128x44",,
"dot/dot_bf16_bf16_fp32_1x16x4_1x4x1_neon/128/68/real_time",155578,900.14,894.549,ns,,,"1x128x68",,
"dot/dot_bf16_bf16_fp32_1x16x4_1x4x1_neon/128/92/real_time",115411,1210.07,1203.57,ns,,,"1x128x92",,
"dot/dot_bf16_bf16_fp32_2x16x4_1x4x1_neon/16/4/real_time",7748765,18.0824,17.9831,ns,,,"2x16x4",,
"dot/dot_bf16_bf16_fp32_2x16x4_1x4x1_neon/16/168/real_time",324906,430.986,428.525,ns,,,"2x16x168",,
"dot/dot_bf16_bf16_fp32_2x16x4_1x4x1_neon/16/336/real_time",162844,859.414,854.501,ns,,,"2x16x336",,
"dot/dot_bf16_bf16_fp32_2x16x4_1x4x1_neon/16/504/real_time",109099,1280.94,1274.05,ns,,,"2x16x504",,
"dot/dot_bf16_bf16_fp32_2x16x4_1x4x1_neon/16/676/real_time",81709,1719.51,1709.49,ns,,,"2x16x676",,
"dot/dot_bf16_bf16_fp32_2x16x4_1x4x1_neon/32/4/real_time",4642190,30.1811,29.9927,ns,,,"2x32x4",,
"dot/dot_bf16_bf16_fp32_2x16x4_1x4x1_neon/32/88/real_time",309851,451.809,449.216,ns,,,"2x32x88",,
"dot/dot_bf16_bf16_fp32_2x16x4_1x4x1_neon/32/176/real_time",156683,894.369,888.824,ns,,,"2x32x176",,
"dot/dot_bf16_bf16_fp32_2x16x4_1x4x1_neon/32/264/real_time",104096,1336.63,1328.39,ns,,,"2x32x264",,
"dot/dot_bf16_bf16_fp32_2x16x4_1x4x1_neon/32/356/real_time",76843,1814.62,1803.36,ns,,,"2x32x356",,
"dot/dot_bf16_bf16_fp32_2x16x4_1x4x1_neon/64/4/real_time",2672829,52.3116,51.9985,ns,,,"2x64x4",,
"dot/dot_bf16_bf16_fp32_2x16x4_1x4x1_neon/64/44/real_time",309023,452.394,449.872,ns,,,"2x64x44",,
"dot/dot_bf16_bf16_fp32_2x16x4_1x4x1_neon/64/88/real_time",155363,900.96,895.405,ns,,,"2x64x88",,
"dot/dot_bf16_bf16_fp32_2x16x4_1x4x1_neon/64/132/real_time",103777,1341.61,1334.71,ns,,,"2x64x132",,
"dot/dot_bf16_bf16_fp32_2x16x4_1x4x1_neon/64/180/real_time",76480,1825.04,1814.68,ns,,,"2x64x180",,
"dot/dot_bf16_bf16_fp32_2x16x4_1x4x1_neon/128/4/real_time",1450967,96.467,95.8955,ns,,,"2x128x4",,
"dot/dot_bf16_bf16_fp32_2x16x4_1x4x1_neon/128/20/real_time",338281,413.893,411.318,ns,,,"2x128x20",,
"dot/dot_bf16_bf16_fp32_2x16x4_1x4x1_neon/128/44/real_time",155231,901.735,896.401,ns,,,"2x128x44",,
"dot/dot_bf16_bf16_fp32_2x16x4_1x4x1_neon/128/64/real_time",106913,1303.69,1296.87,ns,,,"2x128x64",,
"dot/dot_bf16_bf16_fp32_2x16x4_1x4x1_neon/128/88/real_time",77906,1786.82,1777.19,ns,,,"2x128x88",,
"dot/dot_bf16_bf16_fp32_3x16x4_1x4x1_neon/16/4/real_time",5899575,23.5587,23.4291,ns,,,"3x16x4",,
"dot/dot_bf16_bf16_fp32_3x16x4_1x4x1_neon/16/160/real_time",265258,528.101,524.872,ns,,,"3x16x160",,
"dot/dot_bf16_bf16_fp32_3x16x4_1x4x1_neon/16/320/real_time",133444,1049.63,1043.31,ns,,,"3x16x320",,
"dot/dot_bf16_bf16_fp32_3x16x4_1x4x1_neon/16/480/real_time",89072,1569.51,1558.51,ns,,,"3x16x480",,
"dot/dot_bf16_bf16_fp32_3x16x4_1x4x1_neon/16/640/real_time",67037,2093.5,2082.07,ns,,,"3x16x640",,
"dot/dot_bf16_bf16_fp32_3x16x4_1x4x1_neon/32/4/real_time",3605847,38.7676,38.5608,ns,,,"3x32x4",,
"dot/dot_bf16_bf16_fp32_3x16x4_1x4x1_neon/32/84/real_time",251683,555.573,552.722,ns,,,"3x32x84",,
"dot/dot_bf16_bf16_fp32_3x16x4_1x4x1_neon/32/172/real_time",124105,1125.06,1118.34,ns,,,"3x32x172",,
"dot/dot_bf16_bf16_fp32_3x16x4_1x4x1_neon/32/256/real_time",83872,1668.16,1658.26,ns,,,"3x32x256",,
"dot/dot_bf16_bf16_fp32_3x16x4_1x4x1_neon/32/344/real_time",61942,2253.84,2240.52,ns,,,"3x32x344",,
"dot/dot_bf16_bf16_fp32_3x16x4_1x4x1_neon/64/4/real_time",2031795,68.9351,68.553,ns,,,"3x64x4",,
"dot/dot_bf16_bf16_fp32_3x16x4_1x4x1_neon/64/44/real_time",238532,586.78,583.441,ns,,,"3x64x44",,
"dot/dot_bf16_bf16_fp32_3x16x4_1x4x1_neon/64/88/real_time",120183,1161.14,1154.69,ns,,,"3x64x88",,
"dot/dot_bf16_bf16_fp32_3x16x4_1x4x1_neon/64/132/real_time",80485,1730.12,1720.66,ns,,,"3x64x132",,
"dot/dot_bf16_bf16_fp32_3x16x4_1x4x1_neon/64/176/real_time",60572,2299.25,2285.95,ns,,,"3x64x176",,
"dot/dot_bf16_bf16_fp32_3x16x4_1x4x1_neon/128/4/real_time",1072870,129.499,128.8,ns,,,"3x128x4",,
"dot/dot_bf16_bf16_fp32_3x16x4_1x4x1_neon/128/20/real_time",256941,545.039,542.041,ns,,,"3x128x20",,
"dot/dot_bf16_bf16_fp32_3x16x4_1x4x1_neon/128/40/real_time",131412,1066.81,1060.42,ns,,,"3x128x40",,
"dot/dot_bf16_bf16_fp32_3x16x4_1x4x1_neon/128/60/real_time",88069,1585.21,1576.76,ns,,,"3x128x60",,
"dot/dot_bf16_bf16_fp32_3x16x4_1x4x1_neon/128/84/real_time",63458,2208.46,2193.95,ns,,,"3x128x84",,
"dot/dot_bf16_bf16_fp32_4x16x4_1x4x1_neon/16/4/real_time",5059412,27.5473,27.382,ns,,,"4x16x4",,
"dot/dot_bf16_bf16_fp32_4x16x4_1x4x1_neon/16/152/real_time",228775,611.771,608.393,ns,,,"4x16x152",,
"dot/dot_bf16_bf16_fp32_4x16x4_1x4x1_neon/16/304/real_time",115230,1212.85,1205.66,ns,,,"4x16x304",,
"dot/dot_bf16_bf16_fp32_4x16x4_1x4x1_neon/16/456/real_time",77051,1818.89,1808.2,ns,,,"4x16x456",,
"dot/dot_bf16_bf16_fp32_4x16x4_1x4x1_neon/16/608/real_time",57769,2418.16,2404.73,ns,,,"4x16x608",,
"dot/dot_bf16_bf16_fp32_4x16x4_1x4x1_neon/32/4/real_time",2948616,47.3822,47.127,ns,,,"4x32x4",,
"dot/dot_bf16_bf16_fp32_4x16x4_1x4x1_neon/32/80/real_time",216185,646.615,642.783,ns,,,"4x32x80",,
"dot/dot_bf16_bf16_fp32_4x16x4_1x4x1_neon/32/164/real_time",106680,1310.86,1302.57,ns,,,"4x32x164",,
"dot/dot_bf16_bf16_fp32_4x16x4_1x4x1_neon/32/248/real_time",70797,1974.99,1962.5,ns,,,"4x32x248",,
"dot/dot_bf16_bf16_fp32_4x16x4_1x4x1_neon/32/332/real_time",52710,2653.85,2637.72,ns,,,"4x32x332",,
"dot/dot_bf16_bf16_fp32_4x16x4_1x4x1_neon/64/4/real_time",1521218,91.5614,91.0034,ns,,,"4x64x4",,
"dot/dot_bf16_bf16_fp32_4x16x4_1x4x1_neon/64/40/real_time",214429,652.833,649.112,ns,,,"4x64x40",,
"dot/dot_bf16_bf16_fp32_4x16x4_1x4x1_neon/64/84/real_time",103100,1357.26,1349.16,ns,,,"4x64x84",,
"dot/dot_bf16_bf16_fp32_4x16x4_1x4x1_neon/64/128/real_time",68237,2052.7,2039.41,ns,,,"4x64x128",,
"dot/dot_bf16_bf16_fp32_4x16x4_1x4x1_neon/64/172/real_time",50891,2746.99,2730.23,ns,,,"4x64x172",,
"dot/dot_bf16_bf16_fp32_4x16x4_1x4x1_neon/128/4/real_time",801400,174.442,173.513,ns,,,"4x128x4",,
"dot/dot_bf16_bf16_fp32_4x16x4_1x4x1_neon/128/20/real_time",210123,663.796,659.843,ns,,,"4x128x20",,
"dot/dot_bf16_bf16_fp32_4x16x4_1x4x1_neon/128/40/real_time",107111,1304.19,1296.3,ns,,,"4x128x40",,
"dot/dot_bf16_bf16_fp32_4x16x4_1x4x1_neon/128/60/real_time",72018,1936.39,1925.98,ns,,,"4x128x60",,
"dot/dot_bf16_bf16_fp32_4x16x4_1x4x1_neon/128/84/real_time",51890,2696.06,2680.2,ns,,,"4x128x84",,
"dot/dot_bf16_bf16_fp32_5x16x4_1x4x1_neon/16/4/real_time",4167125,33.3333,33.1422,ns,,,"5x16x4",,
"dot/dot_bf16_bf16_fp32_5x16x4_1x4x1_neon/16/144/real_time",200659,698.3,694.104,ns,,,"5x16x144",,
"dot/dot_bf16_bf16_fp32_5x16x4_1x4x1_neon/16/288/real_time",100965,1383.11,1375.37,ns,,,"5x16x288",,
"dot/dot_bf16_bf16_fp32_5x16x4_1x4x1_neon/16/432/real_time",67297,2073.4,2060.94,ns,,,"5x16x432",,
"dot/dot_bf16_bf16_fp32_5x16x4_1x4x1_neon/16/576/real_time",50614,2759.09,2742.24,ns,,,"5x16x576",,
"dot/dot_bf16_bf16_fp32_5x16x4_1x4x1_neon/32/4/real_time",2399325,58.4089,58.0553,ns,,,"5x32x4",,
"dot/dot_bf16_bf16_fp32_5x16x4_1x4x1_neon/32/80/real_time",179418,778.91,774.523,ns,,,"5x32x80",,
"dot/dot_bf16_bf16_fp32_5x16x4_1x4x1_neon/32/160/real_time",91089,1539.4,1529.77,ns,,,"5x32x160",,
"dot/dot_bf16_bf16_fp32_5x16x4_1x4x1_neon/32/240/real_time",60717,2304.45,2289.8,ns,,,"5x32x240",,
"dot/dot_bf16_bf16_fp32_5x16x4_1x4x1_neon/32/320/real_time",45500,3075.48,3058.35,ns,,,"5x32x320",,
"dot/dot_bf16_bf16_fp32_5x16x4_1x4x1_neon/64/4/real_time",1377381,101.475,100.922,ns,,,"5x64x4",,
"dot/dot_bf16_bf16_fp32_5x16x4_1x4x1_neon/64/40/real_time",178548,784.128,779.786,ns,,,"5x64x40",,
"dot/dot_bf16_bf16_fp32_5x16x4_1x4x1_neon/64/84/real_time",85871,1629.06,1619.68,ns,,,"5x64x84",,
"dot/dot_bf16_bf16_fp32_5x16x4_1x4x1_neon/64/124/real_time",58364,2396.44,2383.3,ns,,,"5x64x124",,
"dot/dot_bf16_bf16_fp32_5x16x4_1x4x1_neon/64/168/real_time",43268,3233.1,3215.66,ns,,,"5x64x168",,
"dot/dot_bf16_bf16_fp32_5x16x4_1x4x1_neon/128/4/real_time",727836,192.474,191.425,ns,,,"5x128x4",,
"dot/dot_bf16_bf16_fp32_5x16x4_1x4x1_neon/128/20/real_time",175838,795.454,791.169,ns,,,"5x128x20",,
"dot/dot_bf16_bf16_fp32_5x16x4_1x4x1_neon/128/40/real_time",89381,1566.94,1557.65,ns,,,"5x128x40",,
"dot/dot_bf16_bf16_fp32_5x16x4_1x4x1_neon/128/60/real_time",60052,2325.69,2312.49,ns,,,"5x128x60",,
"dot/dot_bf16_bf16_fp32_5x16x4_1x4x1_neon/128/80/real_time",45257,3102.91,3081.54,ns,,,"5x128x80",,
"dot/dot_bf16_bf16_fp32_1x8x4_1x4x1_neon/8/4/real_time",11339428,12.3435,12.2606,ns,,,"1x8x4",,
"dot/dot_bf16_bf16_fp32_1x8x4_1x4x1_neon/8/340/real_time",481207,290.739,288.834,ns,,,"1x8x340",,
"dot/dot_bf16_bf16_fp32_1x8x4_1x4x1_neon/8/680/real_time",247207,564.981,561.623,ns,,,"1x8x680",,
"dot/dot_bf16_bf16_fp32_1x8x4_1x4x1_neon/8/1020/real_time",166625,839.435,834.76,ns,,,"1x8x1020",,
"dot/dot_bf16_bf16_fp32_1x8x4_1x4x1_neon/8/1360/real_time",125055,1114.95,1107.77,ns,,,"1x8x1360",,
"dot/dot_bf16_bf16_fp32_1x8x4_1x4x1_neon/16/4/real_time",7620711,18.324,18.2076,ns,,,"1x16x4",,
"dot/dot_bf16_bf16_fp32_1x8x4_1x4x1_neon/16/180/real_time",463985,301.289,299.284,ns,,,"1x16x180",,
"dot/dot_bf16_bf16_fp32_1x8x4_1x4x1_neon/16/360/real_time",230121,607.222,603.853,ns,,,"1x16x360",,
"dot/dot_bf16_bf16_fp32_1x8x4_1x4x1_neon/16/540/real_time",155669,897.46,892.247,ns,,,"1x16x540",,
"dot/dot_bf16_bf16_fp32_1x8x4_1x4x1_neon/16/720/real_time",117084,1192.37,1185.45,ns,,,"1x16x720",,
"dot/dot_bf16_bf16_fp32_1x8x4_1x4x1_neon/32/4/real_time",4579310,30.5741,30.3977,ns,,,"1x32x4",,
"dot/dot_bf16_bf16_fp32_1x8x4_1x4x1_neon/32/92/real_time",446878,313.833,312.04,ns,,,"1x32x92",,
"dot/dot_bf16_bf16_fp32_1x8x4_1x4x1_neon/32/184/real_time",228350,611.895,608.413,ns,,,"1x32x184",,
"dot/dot_bf16_bf16_fp32_1x8x4_1x4x1_neon/32/276/real_time",153873,909.461,903.979,ns,,,"1x32x276",,
"dot/dot_bf16_bf16_fp32_1x8x4_1x4x1_neon/32/368/real_time",113475,1230.93,1223.47,ns,,,"1x32x368",,
"dot/dot_bf16_bf16_fp32_1x8x4_1x4x1_neon/64/4/real_time",2547367,54.9435,54.6342,ns,,,"1x64x4",,
"dot/dot_bf16_bf16_fp32_1x8x4_1x4x1_neon/64/44/real_time",459483,304.65,302.907,ns,,,"1x64x44",,
"dot/dot_bf16_bf16_fp32_1x8x4_1x4x1_neon/64/92/real_time",227636,614.664,611.148,ns,,,"1x64x92",,
"dot/dot_bf16_bf16_fp32_1x8x4_1x4x1_neon/64/136/real_time",155293,901.179,895.835,ns,,,"1x64x136",,
"dot/dot_bf16_bf16_fp32_1x8x4_1x4x1_neon/64/184/real_time",115274,1211.76,1204.56,ns,,,"1x64x184",,
"dot/dot_bf16_bf16_fp32_4x8x4_1x4x1_neon/8/4/real_time",7275129,19.2332,19.112,ns,,,"4x8x4",,
"dot/dot_bf16_bf16_fp32_4x8x4_1x4x1_neon/8/252/real_time",253397,552.835,549.626,ns,,,"4x8x252",,
"dot/dot_bf16_bf16_fp32_4x8x4_1x4x1_neon/8/508/real_time",125687,1108.27,1102.12,ns,,,"4x8x508",,
"dot/dot_bf16_bf16_fp32_4x8x4_1x4x1_neon/8/760/real_time",84546,1654.09,1644.46,ns,,,"4x8x760",,
"dot/dot_bf16_bf16_fp32_4x8x4_1x4x1_neon/8/1016/real_time",63453,2205.28,2193.72,ns,,,"4x8x1016",,
"dot/dot_bf16_bf16_fp32_4x8x4_1x4x1_neon/16/4/real_time",4527402,30.8818,30.7128,ns,,,"4x16x4",,
"dot/dot_bf16_bf16_fp32_4x8x4_1x4x1_neon/16/152/real_time",209901,666.516,662.587,ns,,,"4x16x152",,
"dot/dot_bf16_bf16_fp32_4x8x4_1x4x1_neon/16/304/real_time",105369,1327.81,1319.88,ns,,,"4x16x304",,
"dot/dot_bf16_bf16_fp32_4x8x4_1x4x1_neon/16/456/real_time",70064,1996.79,1984.44,ns,,,"4x16x456",,
"dot/dot_bf16_bf16_fp32_4x8x4_1x4x1_neon/16/608/real_time",52819,2652.88,2638.17,ns,,,"4x16x608",,
"dot/dot_bf16_bf16_fp32_4x8x4_1x4x1_neon/32/4/real_time",2580685,54.2144,53.913,ns,,,"4x32x4",,
"dot/dot_bf16_bf16_fp32_4x8x4_1x4x1_neon/32/80/real_time",197304,709.629,705.508,ns,,,"4x32x80",,
"dot/dot_bf16_bf16_fp32_4x8x4_1x4x1_neon/32/164/real_time",97736,1433.86,1425.62,ns,,,"4x32x164",,
"dot/dot_bf16_bf16_fp32_4x8x4_1x4x1_neon/32/248/real_time",64787,2157.65,2145.39,ns,,,"4x32x248",,
"dot/dot_bf16_bf16_fp32_4x8x4_1x4x1_neon/32/332/real_time",48241,2908.26,2892.64,ns,,,"4x32x332",,
"dot/dot_bf16_bf16_fp32_4x8x4_1x4x1_neon/64/4/real_time",1384782,100.916,100.33,ns,,,"4x64x4",,
"dot/dot_bf16_bf16_fp32_4x8x4_1x4x1_neon/64/40/real_time",195752,715.053,711.22,ns,,,"4x64x40",,
"dot/dot_bf16_bf16_fp32_4x8x4_1x4x1_neon/64/84/real_time",95036,1474.08,1465.38,ns,,,"4x64x84",,
"dot/dot_bf16_bf16_fp32_4x8x4_1x4x1_neon/64/128/real_time",62612,2235.8,2221.98,ns,,,"4x64x128",,
"dot/dot_bf16_bf16_fp32_4x8x4_1x4x1_neon/64/172/real_time",46802,2992.51,2973.68,ns,,,"4x64x172",,
"dot/dot_bf16_bf16_fp32_6x8x4_1x4x1_neon/8/4/real_time",5900819,23.7051,23.5578,ns,,,"6x8x4",,
"dot/dot_bf16_bf16_fp32_6x8x4_1x4x1_neon/8/216/real_time",207767,670.421,665.701,ns,,,"6x8x216",,
"dot/dot_bf16_bf16_fp32_6x8x4_1x4x1_neon/8/432/real_time",104821,1334.95,1326.27,ns,,,"6x8x432",,
"dot/dot_bf16_bf16_fp32_6x8x4_1x4x1_neon/8/648/real_time",70166,1994.32,1981.53,ns,,,"6x8x648",,
"dot/dot_bf16_bf16_fp32_6x8x4_1x4x1_neon/8/868/real_time",52430,2669.21,2652.76,ns,,,"6x8x868",,
"dot/dot_bf16_bf16_fp32_6x8x4_1x4x1_neon/16/4/real_time",3708896,37.5378,37.3148,ns,,,"6x16x4",,
"dot/dot_bf16_bf16_fp32_6x8x4_1x4x1_neon/16/136/real_time",165926,844.101,838.401,ns,,,"6x16x136",,
"dot/dot_bf16_bf16_fp32_6x8x4_1x4x1_neon/16/272/real_time",83446,1674.05,1663.91,ns,,,"6x16x272",,
"dot/dot_bf16_bf16_fp32_6x8x4_1x4x1_neon/16/408/real_time",55510,2520.82,2504.19,ns,,,"6x16x408",,
"dot/dot_bf16_bf16_fp32_6x8x4_1x4x1_neon/16/548/real_time",41469,3377.49,3359.01,ns,,,"6x16x548",,
"dot/dot_bf16_bf16_fp32_6x8x4_1x4x1_neon/32/4/real_time",2127503,65.6817,65.3262,ns,,,"6x32x4",,
"dot/dot_bf16_bf16_fp32_6x8x4_1x4x1_neon/32/76/real_time",148005,945.693,940.285,ns,,,"6x32x76",,
"dot/dot_bf16_bf16_fp32_6x8x4_1x4x1_neon/32/156/real_time",72524,1928.34,1917.97,ns,,,"6x32x156",,
"dot/dot_bf16_bf16_fp32_6x8x4_1x4x1_neon/32/232/real_time",48870,2857.68,2840.93,ns,,,"6x32x232",,
"dot/dot_bf16_bf16_fp32_6x8x4_1x4x1_neon/32/312/real_time",36224,3857.81,3834.46,ns,,,"6x32x312",,
"dot/dot_bf16_bf16_fp32_6x8x4_1x4x1_neon/64/4/real_time",1144882,122.208,121.469,ns,,,"6x64x4",,
"dot/dot_bf16_bf16_fp32_6x8x4_1x4x1_neon/64/40/real_time",137774,1008.48,1002.53,ns,,,"6x64x40",,
"dot/dot_bf16_bf16_fp32_6x8x4_1x4x1_neon/64/80/real_time",70426,1983.76,1973.1,ns,,,"6x64x80",,
"dot/dot_bf16_bf16_fp32_6x8x4_1x4x1_neon/64/120/real_time",47165,2960.61,2944.2,ns,,,"6x64x120",,
"dot/dot_bf16_bf16_fp32_6x8x4_1x4x1_neon/64/164/real_time",34661,4035.23,4012.76,ns,,,"6x64x164",,
"dot/dot_bf16_bf16_fp32_8x8x4_1x4x1_neon/8/4/real_time",4672962,29.9799,29.8109,ns,,,"8x8x4",,
"dot/dot_bf16_bf16_fp32_8x8x4_1x4x1_neon/8/188/real_time",185001,757.317,752.737,ns,,,"8x8x188",,
"dot/dot_bf16_bf16_fp32_8x8x4_1x4x1_neon/8/380/real_time",92312,1519.14,1510.37,ns,,,"8x8x380",,
"dot/dot_bf16_bf16_fp32_8x8x4_1x4x1_neon/8/568/real_time",61725,2262.64,2248.71,ns,,,"8x8x568",,
"dot/dot_bf16_bf16_fp32_8x8x4_1x4x1_neon/8/760/real_time",46350,3020.52,3003.75,ns,,,"8x8x760",,
"dot/dot_bf16_bf16_fp32_8x8x4_1x4x1_neon/16/4/real_time",2913300,48.0624,47.7937,ns,,,"8x16x4",,
"dot/dot_bf16_bf16_fp32_8x8x4_1x4x1_neon/16/124/real_time",139353,997.198,991.404,ns,,,"8x16x124",,
"dot/dot_bf16_bf16_fp32_8x8x4_1x4x1_neon/16/248/real_time",70861,1975.51,1964.38,ns,,,"8x16x248",,
"dot/dot_bf16_bf16_fp32_8x8x4_1x4x1_neon/16/372/real_time",46996,2969.76,2952.81,ns,,,"8x16x372",,
"dot/dot_bf16_bf16_fp32_8x8x4_1x4x1_neon/16/500/real_time",35144,3981.58,3959.44,ns,,,"8x16x500",,
"dot/dot_bf16_bf16_fp32_8x8x4_1x4x1_neon/32/4/real_time",1677943,83.458,82.9918,ns,,,"8x32x4",,
"dot/dot_bf16_bf16_fp32_8x8x4_1x4x1_neon/32/72/real_time",120536,1159.14,1152.65,ns,,,"8x32x72",,
"dot/dot_bf16_bf16_fp32_8x8x4_1x4x1_neon/32/144/real_time",60649,2302.37,2290.21,ns,,,"8x32x144",,
"dot/dot_bf16_bf16_fp32_8x8x4_1x4x1_neon/32/216/real_time",40598,3440.76,3421.33,ns,,,"8x32x216",,
"dot/dot_bf16_bf16_fp32_8x8x4_1x4x1_neon/32/292/real_time",30139,4641.27,4614.74,ns,,,"8x32x292",,
"dot/dot_bf16_bf16_fp32_8x8x4_1x4x1_neon/64/4/real_time",903614,154.641,153.724,ns,,,"8x64x4",,
"dot/dot_bf16_bf16_fp32_8x8x4_1x4x1_neon/64/36/real_time",118756,1175.52,1168.81,ns,,,"8x64x36",,
"dot/dot_bf16_bf16_fp32_8x8x4_1x4x1_neon/64/76/real_time",57305,2439.84,2424.93,ns,,,"8x64x76",,
"dot/dot_bf16_bf16_fp32_8x8x4_1x4x1_neon/64/116/real_time",37773,3712.19,3683.44,ns,,,"8x64x116",,
"dot/dot_bf16_bf16_fp32_8x8x4_1x4x1_neon/64/156/real_time",28164,4979.19,4948.17,ns,,,"8x64x156",,
"dot/dot_bf16_bf16_fp32_8x4x4_1x4x1_neon/4/4/real_time",6719681,20.8301,20.7049,ns,,,"8x4x4",,
"dot/dot_bf16_bf16_fp32_8x4x4_1x4x1_neon/4/252/real_time",234299,597.285,593.899,ns,,,"8x4x252",,
"dot/dot_bf16_bf16_fp32_8x4x4_1x4x1_neon/4/508/real_time",116497,1200.87,1193.93,ns,,,"8x4x508",,
"dot/dot_bf16_bf16_fp32_8x4x4_1x4x1_neon/4/760/real_time",78243,1788.57,1777.52,ns,,,"8x4x760",,
"dot/dot_bf16_bf16_fp32_8x4x4_1x4x1_neon/4/1016/real_time",58617,2385.48,2372.17,ns,,,"8x4x1016",,
"dot/dot_bf16_bf16_fp32_8x4x4_1x4x1_neon/8/4/real_time",4352092,32.1573,31.9764,ns,,,"8x8x4",,
"dot/dot_bf16_bf16_fp32_8x4x4_1x4x1_neon/8/188/real_time",157504,888.708,884.077,ns,,,"8x8x188",,
"dot/dot_bf16_bf16_fp32_8x4x4_1x4x1_neon/8/380/real_time",77876,1798.33,1787.33,ns,,,"8x8x380",,
"dot/dot_bf16_bf16_fp32_8x4x4_1x4x1_neon/8/568/real_time",52123,2676.94,2660.29,ns,,,"8x8x568",,
"dot/dot_bf16_bf16_fp32_8x4x4_1x4x1_neon/8/760/real_time",39138,3578.72,3556.96,ns,,,"8x8x760",,
"dot/dot_bf16_bf16_fp32_8x4x4_1x4x1_neon/16/4/real_time",2558555,54.6376,54.3359,ns,,,"8x16x4",,
"dot/dot_bf16_bf16_fp32_8x4x4_1x4x1_neon/16/124/real_time",118848,1175.66,1168.91,ns,,,"8x16x124",,
"dot/dot_bf16_bf16_fp32_8x4x4_1x4x1_neon/16/248/real_time",59938,2332.21,2319.3,ns,,,"8x16x248",,
"dot/dot_bf16_bf16_fp32_8x4x4_1x4x1_neon/16/372/real_time",39925,3507.32,3486.56,ns,,,"8x16x372",,
"dot/dot_bf16_bf16_fp32_8x4x4_1x4x1_neon/16/500/real_time",29768,4701.36,4675.09,ns,,,"8x16x500",,
"dot/dot_bf16_bf16_fp32_8x4x4_1x4x1_neon/32/4/real_time",1412665,99.1628,98.5609,ns,,,"8x32x4",,
"dot/dot_bf16_bf16_fp32_8x4x4_1x4x1_neon/32/72/real_time",101978,1373.39,1365.07,ns,,,"8x32x72",,
"dot/dot_bf16_bf16_fp32_8x4x4_1x4x1_neon/32/144/real_time",51375,2719.44,2702.46,ns,,,"8x32x144",,
"dot/dot_bf16_bf16_fp32_8x4x4_1x4x1_neon/32/216/real_time",34455,4062.09,4039.22,ns,,,"8x32x216",,
"dot/dot_bf16_bf16_fp32_8x4x4_1x4x1_neon/32/292/real_time",25569,5481.4,5446.59,ns,,,"8x32x292",,
"dot/dot_int8_int2_int32_1x32x16_1x4x16_neondot/32/16/real_time",5902775,23.704,23.5675,ns,,,"1x32x16",,
"dot/dot_int8_int2_int32_1x32x16_1x4x16_neondot/32/672/real_time",223178,626.927,623.429,ns,,,"1x32x672",,
"dot/dot_int8_int2_int32_1x32x16_1x4x16_neondot/32/1344/real_time",111291,1250.52,1243.94,ns,,,"1x32x1344",,
"dot/dot_int8_int2_int32_1x32x16_1x4x16_neondot/32/2016/real_time",74189,1880.4,1869.62,ns,,,"1x32x2016",,
"dot/dot_int8_int2_int32_1x32x16_1x4x16_neondot/32/2704/real_time",55685,2501.54,2487.27,ns,,,"1x32x2704",,
"dot/dot_int8_int2_int32_1x32x16_1x4x16_neondot/64/16/real_time",3609178,38.7815,38.5614,ns,,,"1x64x16",,
"dot/dot_int8_int2_int32_1x32x16_1x4x16_neondot/64/352/real_time",213089,657.029,653.366,ns,,,"1x64x352",,
"dot/dot_int8_int2_int32_1x32x16_1x4x16_neondot/64/704/real_time",107079,1304.17,1297.17,ns,,,"1x64x704",,
"dot/dot_int8_int2_int32_1x32x16_1x4x16_neondot/64/1056/real_time",70673,1959.19,1948.51,ns,,,"1x64x1056",,
"dot/dot_int8_int2_int32_1x32x16_1x4x16_neondot/64/1424/real_time",52958,2661.15,2646.56,ns,,,"1x64x1424",,
"dot/dot_int8_int2_int32_1x32x16_1x4x16_neondot/128/16/real_time",2030256,68.9172,68.5495,ns,,,"1x128x16",,
"dot/dot_int8_int2_int32_1x32x16_1x4x16_neondot/128/176/real_time",212484,659.41,655.604,ns,,,"1x128x176",,
"dot/dot_int8_int2_int32_1x32x16_1x4x16_neondot/128/352/real_time",106853,1315.01,1305.59,ns,,,"1x128x352",,
"dot/dot_int8_int2_int32_1x32x16_1x4x16_neondot/128/528/real_time",71137,1965.55,1952.74,ns,,,"1x128x528",,
"dot/dot_int8_int2_int32_1x32x16_1x4x16_neondot/128/720/real_time",52466,2668.49,2651.69,ns,,,"1x128x720",,
"dot/dot_int8_int2_int32_1x32x16_1x4x16_neondot/256/16/real_time",1063485,131.463,130.665,ns,,,"1x256x16",,
"dot/dot_int8_int2_int32_1x32x16_1x4x16_neondot/256/80/real_time",232469,602.411,599.151,ns,,,"1x256x80",,
"dot/dot_int8_int2_int32_1x32x16_1x4x16_neondot/256/176/real_time",106630,1310.87,1303.21,ns,,,"1x256x176",,
"dot/dot_int8_int2_int32_1x32x16_1x4x16_neondot/256/256/real_time",73477,1904.55,1893.81,ns,,,"1x256x256",,
"dot/dot_int8_int2_int32_1x32x16_1x4x16_neondot/256/352/real_time",53594,2611.91,2596.47,ns,,,"1x256x352",,
"dot/dot_int8_int2_int32_1x16x16_1x4x16_neondot/16/16/real_time",11061456,12.6602,12.5834,ns,,,"1x16x16",,
"dot/dot_int8_int2_int32_1x16x16_1x4x16_neondot/16/1216/real_time",241617,579.711,576.264,ns,,,"1x16x1216",,
"dot/dot_int8_int2_int32_1x16x16_1x4x16_neondot/16/2448/real_time",119060,1172.47,1165.22,ns,,,"1x16x2448",,
"dot/dot_int8_int2_int32_1x16x16_1x4x16_neondot/16/3664/real_time",80168,1746.16,1735.19,ns,,,"1x16x3664",,
"dot/dot_int8_int2_int32_1x16x16_1x4x16_neondot/16/4896/real_time",60174,2326.77,2311.88,ns,,,"1x16x4896",,
"dot/dot_int8_int2_int32_1x16x16_1x4x16_neondot/32/16/real_time",6189213,22.5665,22.4341,ns,,,"1x32x16",,
"dot/dot_int8_int2_int32_1x16x16_1x4x16_neondot/32/672/real_time",218728,639.776,636.158,ns,,,"1x32x672",,
"dot/dot_int8_int2_int32_1x16x16_1x4x16_neondot/32/1344/real_time",107177,1288.08,1279.67,ns,,,"1x32x1344",,
"dot/dot_int8_int2_int32_1x16x16_1x4x16_neondot/32/2016/real_time",72471,1920.75,1909.84,ns,,,"1x32x2016",,
"dot/dot_int8_int2_int32_1x16x16_1x4x16_neondot/32/2704/real_time",54204,2580.31,2565.55,ns,,,"1x32x2704",,
"dot/dot_int8_int2_int32_1x16x16_1x4x16_neondot/64/16/real_time",3729092,37.4683,37.2379,ns,,,"1x64x16",,
"dot/dot_int8_int2_int32_1x16x16_1x4x16_neondot/64/352/real_time",208894,670.507,666.081,ns,,,"1x64x352",,
"dot/dot_int8_int2_int32_1x16x16_1x4x16_neondot/64/704/real_time",104055,1339.42,1331.54,ns,,,"1x64x704",,
"dot/dot_int8_int2_int32_1x16x16_1x4x16_neondot/64/1056/real_time",69772,2022.68,2010.95,ns,,,"1x64x1056",,
"dot/dot_int8_int2_int32_1x16x16_1x4x16_neondot/64/1424/real_time",51236,2733.4,2716.18,ns,,,"1x64x1424",,
"dot/dot_int8_int2_int32_1x16x16_1x4x16_neondot/128/16/real_time",2029094,69.0095,68.5504,ns,,,"1x128x16",,
"dot/dot_int8_int2_int32_1x16x16_1x4x16_neondot/128/176/real_time",207159,672.876,669.157,ns,,,"1x128x176",,
"dot/dot_int8_int2_int32_1x16x16_1x4x16_neondot/128/352/real_time",104105,1340.58,1332.27,ns,,,"1x128x352",,
"dot/dot_int8_int2_int32_1x16x16_1x4x16_neondot/128/528/real_time",69349,2015.43,2001.17,ns,,,"1x128x528",,
"dot/dot_int8_int2_int32_1x16x16_1x4x16_neondot/128/720/real_time",50235,2729.17,2711.6,ns,,,"1x128x720",,
"dot/dot_int8_int2_int32_2x16x16_1x4x16_neondot/16/16/real_time",6954398,20.0238,19.9029,ns,,,"2x16x16",,
"dot/dot_int8_int2_int32_2x16x16_1x4x16_neondot/16/1008/real_time",203725,686.427,682.011,ns,,,"2x16x1008",,
"dot/dot_int8_int2_int32_2x16x16_1x4x16_neondot/16/2032/real_time",100811,1379.86,1372.31,ns,,,"2x16x2032",,
"dot/dot_int8_int2_int32_2x16x16_1x4x16_neondot/16/3040/real_time",67536,2065.66,2053.87,ns,,,"2x16x3040",,
"dot/dot_int8_int2_int32_2x16x16_1x4x16_neondot/16/4064/real_time",50739,2753.98,2739.26,ns,,,"2x16x4064",,
"dot/dot_int8_int2_int32_2x16x16_1x4x16_neondot/32/16/real_time",4636793,30.168,29.9956,ns,,,"2x32x16",,
"dot/dot_int8_int2_int32_2x16x16_1x4x16_neondot/32/608/real_time",169509,831.485,825.852,ns,,,"2x32x608",,
"dot/dot_int8_int2_int32_2x16x16_1x4x16_neondot/32/1216/real_time",84261,1648.34,1636.2,ns,,,"2x32x1216",,
"dot/dot_int8_int2_int32_2x16x16_1x4x16_neondot/32/1824/real_time",56432,2487.2,2470.24,ns,,,"2x32x1824",,
"dot/dot_int8_int2_int32_2x16x16_1x4x16_neondot/32/2432/real_time",42458,3309.15,3287.11,ns,,,"2x32x2432",,
"dot/dot_int8_int2_int32_2x16x16_1x4x16_neondot/64/16/real_time",2676627,52.3101,52.0131,ns,,,"2x64x16",,
"dot/dot_int8_int2_int32_2x16x16_1x4x16_neondot/64/320/real_time",161093,868.992,864.008,ns,,,"2x64x320",,
"dot/dot_int8_int2_int32_2x16x16_1x4x16_neondot/64/656/real_time",78611,1779.78,1769.3,ns,,,"2x64x656",,
"dot/dot_int8_int2_int32_2x16x16_1x4x16_neondot/64/992/real_time",51688,2708.64,2692.5,ns,,,"2x64x992",,
"dot/dot_int8_int2_int32_2x16x16_1x4x16_neondot/64/1328/real_time",38744,3599.2,3579.76,ns,,,"2x64x1328",,
"dot/dot_int8_int2_int32_2x16x16_1x4x16_neondot/128/16/real_time",1444191,96.9329,96.4006,ns,,,"2x128x16",,
"dot/dot_int8_int2_int32_2x16x16_1x4x16_neondot/128/160/real_time",161060,868.341,863.618,ns,,,"2x128x160",,
"dot/dot_int8_int2_int32_2x16x16_1x4x16_neondot/128/336/real_time",76831,1820.99,1810.54,ns,,,"2x128x336",,
"dot/dot_int8_int2_int32_2x16x16_1x4x16_neondot/128/512/real_time",50379,2767.34,2752.83,ns,,,"2x128x512",,
"dot/dot_int8_int2_int32_2x16x16_1x4x16_neondot/128/688/real_time",37631,3744.99,3701.45,ns,,,"2x128x688",,
"dot/dot_int8_int2_int32_1x8x16_1x4x16_neondot/8/16/real_time",13627929,10.1138,10.0457,ns,,,"1x8x16",,
"dot/dot_int8_int2_int32_1x8x16_1x4x16_neondot/8/2032/real_time",282280,491.946,488.864,ns,,,"1x8x2032",,
"dot/dot_int8_int2_int32_1x8x16_1x4x16_neondot/8/4080/real_time",142983,978.774,972.88,ns,,,"1x8x4080",,
"dot/dot_int8_int2_int32_1x8x16_1x4x16_neondot/8/6128/real_time",95615,1462.7,1453.55,ns,,,"1x8x6128",,
"dot/dot_int8_int2_int32_1x8x16_1x4x16_neondot/8/8176/real_time",71690,1949.55,1937.62,ns,,,"1x8x8176",,
"dot/dot_int8_int2_int32_1x8x16_1x4x16_neondot/16/16/real_time",9530124,14.6722,14.5777,ns,,,"1x16x16",,
"dot/dot_int8_int2_int32_1x8x16_1x4x16_neondot/16/1216/real_time",238964,583.355,579.162,ns,,,"1x16x1216",,
"dot/dot_int8_int2_int32_1x8x16_1x4x16_neondot/16/2448/real_time",117795,1181.62,1174.32,ns,,,"1x16x2448",,
"dot/dot_int8_int2_int32_1x8x16_1x4x16_neondot/16/3664/real_time",79569,1746.31,1736.16,ns,,,"1x16x3664",,
"dot/dot_int8_int2_int32_1x8x16_1x4x16_neondot/16/4896/real_time",59865,2338.42,2324.6,ns,,,"1x16x4896",,
"dot/dot_int8_int2_int32_1x8x16_1x4x16_neondot/32/16/real_time",5896935,23.6954,23.5641,ns,,,"1x32x16",,
"dot/dot_int8_int2_int32_1x8x16_1x4x16_neondot/32/672/real_time",216144,647.977,643.969,ns,,,"1x32x672",,
"dot/dot_int8_int2_int32_1x8x16_1x4x16_neondot/32/1344/real_time",107951,1294.7,1286.9,ns,,,"1x32x1344",,
"dot/dot_int8_int2_int32_1x8x16_1x4x16_neondot/32/2016/real_time",71870,1928.1,1917.17,ns,,,"1x32x2016",,
"dot/dot_int8_int2_int32_1x8x16_1x4x16_neondot/32/2704/real_time",53963,2569.81,2555.19,ns,,,"1x32x2704",,
"dot/dot_int8_int2_int32_1x8x16_1x4x16_neondot/64/16/real_time",3415294,40.9083,40.7013,ns,,,"1x64x16",,
"dot/dot_int8_int2_int32_1x8x16_1x4x16_neondot/64/352/real_time",206204,678.402,674.487,ns,,,"1x64x352",,
"dot/dot_int8_int2_int32_1x8x16_1x4x16_neondot/64/704/real_time",104188,1341.29,1333.47,ns,,,"1x64x704",,
"dot/dot_int8_int2_int32_1x8x16_1x4x16_neondot/64/1056/real_time",68556,2006.42,1994.69,ns,,,"1x64x1056",,
"dot/dot_int8_int2_int32_1x8x16_1x4x16_neondot/64/1424/real_time",51439,2715.25,2700.51,ns,,,"1x64x1424",,
"dot/dot_int8_int2_int32_2x8x16_1x4x16_neondot/8/16/real_time",10552598,13.225,13.1441,ns,,,"2x8x16",,
"dot/dot_int8_int2_int32_2x8x16_1x4x16_neondot/8/1520/real_time",264149,525.854,522.634,ns,,,"2x8x1520",,
"dot/dot_int8_int2_int32_2x8x16_1x4x16_neondot/8/3056/real_time",133525,1047.65,1041.19,ns,,,"2x8x3056",,
"dot/dot_int8_int2_int32_2x8x16_1x4x16_neondot/8/4592/real_time",89346,1564.72,1555,ns,,,"2x8x4592",,
"dot/dot_int8_int2_int32_2x8x16_1x4x16_neondot/8/6128/real_time",66997,2086.28,2073.7,ns,,,"2x8x6128",,
"dot/dot_int8_int2_int32_2x8x16_1x4x16_neondot/16/16/real_time",7010260,19.9384,19.8301,ns,,,"2x16x16",,
"dot/dot_int8_int2_int32_2x8x16_1x4x16_neondot/16/1008/real_time",203858,686.432,682.584,ns,,,"2x16x1008",,
"dot/dot_int8_int2_int32_2x8x16_1x4x16_neondot/16/2032/real_time",100584,1390.5,1382.15,ns,,,"2x16x2032",,
"dot/dot_int8_int2_int32_2x8x16_1x4x16_neondot/16/3040/real_time",67286,2076.18,2064.08,ns,,,"2x16x3040",,
"dot/dot_int8_int2_int32_2x8x16_1x4x16_neondot/16/4064/real_time",50483,2767.65,2752.04,ns,,,"2x16x4064",,
"dot/dot_int8_int2_int32_2x8x16_1x4x16_neondot/32/16/real_time",4322204,32.4541,32.2563,ns,,,"2x32x16",,
"dot/dot_int8_int2_int32_2x8x16_1x4x16_neondot/32/608/real_time",167952,832.987,828.598,ns,,,"2x32x608",,
"dot/dot_int8_int2_int32_2x8x16_1x4x16_neondot/32/1216/real_time",84665,1654.72,1643.6,ns,,,"2x32x1216",,
"dot/dot_int8_int2_int32_2x8x16_1x4x16_neondot/32/1824/real_time",55813,2505.93,2492.85,ns,,,"2x32x1824",,
"dot/dot_int8_int2_int32_2x8x16_1x4x16_neondot/32/2432/real_time",42075,3311.52,3293.35,ns,,,"2x32x2432",,
"dot/dot_int8_int2_int32_2x8x16_1x4x16_neondot/64/16/real_time",2426411,57.668,57.3294,ns,,,"2x64x16",,
"dot/dot_int8_int2_int32_2x8x16_1x4x16_neondot/64/320/real_time",159627,884.373,874.884,ns,,,"2x64x320",,
"dot/dot_int8_int2_int32_2x8x16_1x4x16_neondot/64/656/real_time",78306,1782.78,1771.44,ns,,,"2x64x656",,
"dot/dot_int8_int2_int32_2x8x16_1x4x16_neondot/64/992/real_time",52047,2734.79,2717.56,ns,,,"2x64x992",,
"dot/dot_int8_int2_int32_2x8x16_1x4x16_neondot/64/1328/real_time",38798,3609.73,3587.7,ns,,,"2x64x1328",,
"dot/dot_int8_int2_int32_3x8x16_1x4x16_neondot/8/16/real_time",8712366,15.7103,15.5247,ns,,,"3x8x16",,
"dot/dot_int8_int2_int32_3x8x16_1x4x16_neondot/8/1216/real_time",258242,540.493,537.694,ns,,,"3x8x1216",,
"dot/dot_int8_int2_int32_3x8x16_1x4x16_neondot/8/2448/real_time",127857,1085.34,1078.51,ns,,,"3x8x2448",,
"dot/dot_int8_int2_int32_3x8x16_1x4x16_neondot/8/3664/real_time",86318,1624.67,1615.46,ns,,,"3x8x3664",,
"dot/dot_int8_int2_int32_3x8x16_1x4x16_neondot/8/4896/real_time",64511,2163.84,2150.88,ns,,,"3x8x4896",,
"dot/dot_int8_int2_int32_3x8x16_1x4x16_neondot/16/16/real_time",5899213,23.7243,23.5869,ns,,,"3x16x16",,
"dot/dot_int8_int2_int32_3x8x16_1x4x16_neondot/16/864/real_time",182951,765.012,760.816,ns,,,"3x16x864",,
"dot/dot_int8_int2_int32_3x8x16_1x4x16_neondot/16/1728/real_time",91197,1549.29,1540.76,ns,,,"3x16x1728",,
"dot/dot_int8_int2_int32_3x8x16_1x4x16_neondot/16/2592/real_time",60588,2292.57,2280.21,ns,,,"3x16x2592",,
"dot/dot_int8_int2_int32_3x8x16_1x4x16_neondot/16/3472/real_time",45520,3075.46,3059.55,ns,,,"3x16x3472",,
"dot/dot_int8_int2_int32_3x8x16_1x4x16_neondot/32/16/real_time",3559991,39.5101,39.2963,ns,,,"3x32x16",,
"dot/dot_int8_int2_int32_3x8x16_1x4x16_neondot/32/544/real_time",144818,968.854,963.63,ns,,,"3x32x544",,
"dot/dot_int8_int2_int32_3x8x16_1x4x16_neondot/32/1088/real_time",72739,1934.09,1923.26,ns,,,"3x32x1088",,
"dot/dot_int8_int2_int32_3x8x16_1x4x16_neondot/32/1632/real_time",48417,2892.31,2874.63,ns,,,"3x32x1632",,
"dot/dot_int8_int2_int32_3x8x16_1x4x16_neondot/32/2192/real_time",36237,3891.52,3868.94,ns,,,"3x32x2192",,
"dot/dot_int8_int2_int32_3x8x16_1x4x16_neondot/64/16/real_time",1969068,71.1532,70.6899,ns,,,"3x64x16",,
"dot/dot_int8_int2_int32_3x8x16_1x4x16_neondot/64/304/real_time",128797,1084.01,1077.06,ns,,,"3x64x304",,
"dot/dot_int8_int2_int32_3x8x16_1x4x16_neondot/64/624/real_time",63230,2205.74,2190.54,ns,,,"3x64x624",,
"dot/dot_int8_int2_int32_3x8x16_1x4x16_neondot/64/928/real_time",42778,3322.76,3300.93,ns,,,"3x64x928",,
"dot/dot_int8_int2_int32_3x8x16_1x4x16_neondot/64/1248/real_time",31633,4419.81,4396.3,ns,,,"3x64x1248",,
"dot/dot_int8_int2_int32_4x8x16_1x4x16_neondot/8/16/real_time",7771549,17.9428,17.8518,ns,,,"4x8x16",,
"dot/dot_int8_int2_int32_4x8x16_1x4x16_neondot/8/1008/real_time",253215,552.857,549.683,ns,,,"4x8x1008",,
"dot/dot_int8_int2_int32_4x8x16_1x4x16_neondot/8/2032/real_time",125866,1108.89,1101.6,ns,,,"4x8x2032",,
"dot/dot_int8_int2_int32_4x8x16_1x4x16_neondot/8/3040/real_time",84289,1661.42,1650.77,ns,,,"4x8x3040",,
"dot/dot_int8_int2_int32_4x8x16_1x4x16_neondot/8/4064/real_time",63232,2212.82,2199.21,ns,,,"4x8x4064",,
"dot/dot_int8_int2_int32_4x8x16_1x4x16_neondot/16/16/real_time",4987698,28.0105,27.8492,ns,,,"4x16x16",,
"dot/dot_int8_int2_int32_4x8x16_1x4x16_neondot/16/752/real_time",170627,820.809,816.215,ns,,,"4x16x752",,
"dot/dot_int8_int2_int32_4x8x16_1x4x16_neondot/16/1520/real_time",83348,1673.02,1662.76,ns,,,"4x16x1520",,
"dot/dot_int8_int2_int32_4x8x16_1x4x16_neondot/16/2272/real_time",56447,2486.56,2472.69,ns,,,"4x16x2272",,
"dot/dot_int8_int2_int32_4x8x16_1x4x16_neondot/16/3040/real_time",42256,3315.5,3297.04,ns,,,"4x16x3040",,
"dot/dot_int8_int2_int32_4x8x16_1x4x16_neondot/32/16/real_time",2952954,47.4305,47.13,ns,,,"4x32x16",,
"dot/dot_int8_int2_int32_4x8x16_1x4x16_neondot/32/496/real_time",128366,1085.66,1079.68,ns,,,"4x32x496",,
"dot/dot_int8_int2_int32_4x8x16_1x4x16_neondot/32/992/real_time",64058,2180.5,2167.89,ns,,,"4x32x992",,
"dot/dot_int8_int2_int32_4x8x16_1x4x16_neondot/32/1488/real_time",43253,3232.47,3215.2,ns,,,"4x32x1488",,
"dot/dot_int8_int2_int32_4x8x16_1x4x16_neondot/32/2000/real_time",32231,4339.45,4312.88,ns,,,"4x32x2000",,
"dot/dot_int8_int2_int32_4x8x16_1x4x16_neondot/64/16/real_time",1625259,86.1842,85.6899,ns,,,"4x64x16",,
"dot/dot_int8_int2_int32_4x8x16_1x4x16_neondot/64/288/real_time",110826,1261.06,1253.89,ns,,,"4x64x288",,
"dot/dot_int8_int2_int32_4x8x16_1x4x16_neondot/64/576/real_time",55915,2500.14,2487.61,ns,,,"4x64x576",,
"dot/dot_int8_int2_int32_4x8x16_1x4x16_neondot/64/864/real_time",37388,3743.95,3722.21,ns,,,"4x64x864",,
"dot/dot_int8_int2_int32_4x8x16_1x4x16_neondot/64/1168/real_time",27602,5102.38,5075.69,ns,,,"4x64x1168",,
"dot/dot_int8_int2_int32_8x8x16_1x4x16_neondot/8/16/real_time",5002922,28.3258,28.179,ns,,,"8x8x16",,
"dot/dot_int8_int2_int32_8x8x16_1x4x16_neondot/8/608/real_time",233678,599.947,595.986,ns,,,"8x8x608",,
"dot/dot_int8_int2_int32_8x8x16_1x4x16_neondot/8/1216/real_time",117314,1184.8,1178.28,ns,,,"8x8x1216",,
"dot/dot_int8_int2_int32_8x8x16_1x4x16_neondot/8/1824/real_time",78463,1777.5,1767.25,ns,,,"8x8x1824",,
"dot/dot_int8_int2_int32_8x8x16_1x4x16_neondot/8/2432/real_time",58993,2370.96,2356.59,ns,,,"8x8x2432",,
"dot/dot_int8_int2_int32_8x8x16_1x4x16_neondot/16/16/real_time",3101272,44.9227,44.664,ns,,,"8x16x16",,
"dot/dot_int8_int2_int32_8x8x16_1x4x16_neondot/16/496/real_time",144103,971.199,965.684,ns,,,"8x16x496",,
"dot/dot_int8_int2_int32_8x8x16_1x4x16_neondot/16/992/real_time",72569,1940.47,1929.4,ns,,,"8x16x992",,
"dot/dot_int8_int2_int32_8x8x16_1x4x16_neondot/16/1488/real_time",48223,2911.63,2892.57,ns,,,"8x16x1488",,
"dot/dot_int8_int2_int32_8x8x16_1x4x16_neondot/16/2000/real_time",35958,3899.12,3875.46,ns,,,"8x16x2000",,
"dot/dot_int8_int2_int32_8x8x16_1x4x16_neondot/32/16/real_time",1776205,78.6953,78.2649,ns,,,"8x32x16",,
"dot/dot_int8_int2_int32_8x8x16_1x4x16_neondot/32/368/real_time",96991,1439.12,1429.7,ns,,,"8x32x368",,
"dot/dot_int8_int2_int32_8x8x16_1x4x16_neondot/32/736/real_time",48825,2864.17,2846.89,ns,,,"8x32x736",,
"dot/dot_int8_int2_int32_8x8x16_1x4x16_neondot/32/1104/real_time",32681,4284.09,4258.67,ns,,,"8x32x1104",,
"dot/dot_int8_int2_int32_8x8x16_1x4x16_neondot/32/1472/real_time",24365,5742.04,5709.1,ns,,,"8x32x1472",,
"dot/dot_int8_int2_int32_8x8x16_1x4x16_neondot/64/16/real_time",954403,146.19,145.374,ns,,,"8x64x16",,
"dot/dot_int8_int2_int32_8x8x16_1x4x16_neondot/64/224/real_time",79483,1757.06,1746.9,ns,,,"8x64x224",,
"dot/dot_int8_int2_int32_8x8x16_1x4x16_neondot/64/464/real_time",38779,3608.23,3589.01,ns,,,"8x64x464",,
"dot/dot_int8_int2_int32_8x8x16_1x4x16_neondot/64/688/real_time",26193,5338.84,5308.62,ns,,,"8x64x688",,
"dot/dot_int8_int2_int32_8x8x16_1x4x16_neondot/64/928/real_time",19451,7194.04,7151.09,ns,,,"8x64x928",,
"dot/dot_int8_int2_int32_8x4x16_1x4x16_neondot/4/16/real_time",7223321,19.3868,19.2808,ns,,,"8x4x16",,
"dot/dot_int8_int2_int32_8x4x16_1x4x16_neondot/4/672/real_time",391407,357.925,355.609,ns,,,"8x4x672",,
"dot/dot_int8_int2_int32_8x4x16_1x4x16_neondot/4/1344/real_time",196850,715.321,710.977,ns,,,"8x4x1344",,
"dot/dot_int8_int2_int32_8x4x16_1x4x16_neondot/4/2016/real_time",132086,1056.71,1050.55,ns,,,"8x4x2016",,
"dot/dot_int8_int2_int32_8x4x16_1x4x16_neondot/4/2704/real_time",99062,1421.54,1412.03,ns,,,"8x4x2704",,
"dot/dot_int8_int2_int32_8x4x16_1x4x16_neondot/8/16/real_time",4723778,28.7267,28.5614,ns,,,"8x8x16",,
"dot/dot_int8_int2_int32_8x4x16_1x4x16_neondot/8/608/real_time",219213,638.201,634.813,ns,,,"8x8x608",,
"dot/dot_int8_int2_int32_8x4x16_1x4x16_neondot/8/1216/real_time",109672,1270.8,1263.25,ns,,,"8x8x1216",,
"dot/dot_int8_int2_int32_8x4x16_1x4x16_neondot/8/1824/real_time",73316,1906.56,1896.1,ns,,,"8x8x1824",,
"dot/dot_int8_int2_int32_8x4x16_1x4x16_neondot/8/2432/real_time",55066,2540.24,2526.14,ns,,,"8x8x2432",,
"dot/dot_int8_int2_int32_8x4x16_1x4x16_neondot/16/16/real_time",2971719,47.9083,47.613,ns,,,"8x16x16",,
"dot/dot_int8_int2_int32_8x4x16_1x4x16_neondot/16/496/real_time",133774,1039.65,1033.48,ns,,,"8x16x496",,
"dot/dot_int8_int2_int32_8x4x16_1x4x16_neondot/16/992/real_time",67650,2068.96,2056.68,ns,,,"8x16x992",,
"dot/dot_int8_int2_int32_8x4x16_1x4x16_neondot/16/1488/real_time",45099,3099.73,3082.35,ns,,,"8x16x1488",,
"dot/dot_int8_int2_int32_8x4x16_1x4x16_neondot/16/2000/real_time",33632,4156.04,4132.73,ns,,,"8x16x2000",,
"dot/dot_int8_int2_int32_8x4x16_1x4x16_neondot/32/16/real_time",1624245,86.3389,85.8732,ns,,,"8x32x16",,
"dot/dot_int8_int2_int32_8x4x16_1x4x16_neondot/32/368/real_time",90618,1545.02,1536.01,ns,,,"8x32x368",,
"dot/dot_int8_int2_int32_8x4x16_1x4x16_neondot/32/736/real_time",45611,3064.87,3047.29,ns,,,"8x32x736",,
"dot/dot_int8_int2_int32_8x4x16_1x4x16_neondot/32/1104/real_time",30532,4583.24,4559.14,ns,,,"8x32x1104",,
"dot/dot_int8_int2_int32_8x4x16_1x4x16_neondot/32/1472/real_time",22803,6126.62,6095.17,ns,,,"8x32x1472",,
"dot/dot_int8_int4_int32_1x32x8_1x4x8_neondot/32/8/real_time",7197095,19.4012,19.2806,ns,,,"1x32x8",,
"dot/dot_int8_int4_int32_1x32x8_1x4x8_neondot/32/352/real_time",300077,466.625,463.888,ns,,,"1x32x352",,
"dot/dot_int8_int4_int32_1x32x8_1x4x8_neondot/32/712/real_time",149156,938.132,933.387,ns,,,"1x32x712",,
"dot/dot_int8_int4_int32_1x32x8_1x4x8_neondot/32/1072/real_time",99231,1409.22,1401.05,ns,,,"1x32x1072",,
"dot/dot_int8_int4_int32_1x32x8_1x4x8_neondot/32/1432/real_time",74634,1886.79,1875.4,ns,,,"1x32x1432",,
"dot/dot_int8_int4_int32_1x32x8_1x4x8_neondot/64/8/real_time",4644244,30.1633,29.9909,ns,,,"1x64x8",,
"dot/dot_int8_int4_int32_1x32x8_1x4x8_neondot/64/184/real_time",286729,487.828,485.167,ns,,,"1x64x184",,
"dot/dot_int8_int4_int32_1x32x8_1x4x8_neondot/64/368/real_time",144800,966.654,961.16,ns,,,"1x64x368",,
"dot/dot_int8_int4_int32_1x32x8_1x4x8_neondot/64/552/real_time",96489,1445.87,1437.9,ns,,,"1x64x552",,
"dot/dot_int8_int4_int32_1x32x8_1x4x8_neondot/64/736/real_time",72119,1938.04,1925.56,ns,,,"1x64x736",,
"dot/dot_int8_int4_int32_1x32x8_1x4x8_neondot/128/8/real_time",2709784,51.7343,51.4142,ns,,,"1x128x8",,
"dot/dot_int8_int4_int32_1x32x8_1x4x8_neondot/128/88/real_time",298471,468.366,465.584,ns,,,"1x128x88",,
"dot/dot_int8_int4_int32_1x32x8_1x4x8_neondot/128/184/real_time",144626,968.165,962.42,ns,,,"1x128x184",,
"dot/dot_int8_int4_int32_1x32x8_1x4x8_neondot/128/272/real_time",97633,1429.66,1421.19,ns,,,"1x128x272",,
"dot/dot_int8_int4_int32_1x32x8_1x4x8_neondot/128/368/real_time",72245,1930.24,1919.59,ns,,,"1x128x368",,
"dot/dot_int8_int4_int32_1x32x8_1x4x8_neondot/256/8/real_time",1476749,94.8159,94.2531,ns,,,"1x256x8",,
"dot/dot_int8_int4_int32_1x32x8_1x4x8_neondot/256/40/real_time",326775,428.228,425.844,ns,,,"1x256x40",,
"dot/dot_int8_int4_int32_1x32x8_1x4x8_neondot/256/88/real_time",150304,933.735,928.258,ns,,,"1x256x88",,
"dot/dot_int8_int4_int32_1x32x8_1x4x8_neondot/256/128/real_time",103642,1349.14,1341.08,ns,,,"1x256x128",,
"dot/dot_int8_int4_int32_1x32x8_1x4x8_neondot/256/176/real_time",75437,1848.25,1837.3,ns,,,"1x256x176",,
"dot/dot_int8_int4_int32_2x32x8_1x4x8_neondot/32/8/real_time",6298342,22.2157,22.0922,ns,,,"2x32x8",,
"dot/dot_int8_int4_int32_2x32x8_1x4x8_neondot/32/336/real_time",253636,551.865,548.897,ns,,,"2x32x336",,
"dot/dot_int8_int4_int32_2x32x8_1x4x8_neondot/32/672/real_time",126847,1098.97,1092.58,ns,,,"2x32x672",,
"dot/dot_int8_int4_int32_2x32x8_1x4x8_neondot/32/1008/real_time",84542,1651.84,1642.47,ns,,,"2x32x1008",,
"dot/dot_int8_int4_int32_2x32x8_1x4x8_neondot/32/1344/real_time",63641,2193.62,2182.28,ns,,,"2x32x1344",,
"dot/dot_int8_int4_int32_2x32x8_1x4x8_neondot/64/8/real_time",3898788,35.9176,35.7031,ns,,,"2x64x8",,
"dot/dot_int8_int4_int32_2x32x8_1x4x8_neondot/64/176/real_time",242003,577.609,574.562,ns,,,"2x64x176",,
"dot/dot_int8_int4_int32_2x32x8_1x4x8_neondot/64/352/real_time",121833,1146.8,1140.23,ns,,,"2x64x352",,
"dot/dot_int8_int4_int32_2x32x8_1x4x8_neondot/64/528/real_time",81391,1714.82,1705.43,ns,,,"2x64x528",,
"dot/dot_int8_int4_int32_2x32x8_1x4x8_neondot/64/704/real_time",60875,2295.7,2282.99,ns,,,"2x64x704",,
"dot/dot_int8_int4_int32_2x32x8_1x4x8_neondot/128/8/real_time",2236517,62.724,62.384,ns,,,"2x128x8",,
"dot/dot_int8_int4_int32_2x32x8_1x4x8_neondot/128/88/real_time",241611,579.145,575.771,ns,,,"2x128x88",,
"dot/dot_int8_int4_int32_2x32x8_1x4x8_neondot/128/176/real_time",121642,1147.55,1141.42,ns,,,"2x128x176",,
"dot/dot_int8_int4_int32_2x32x8_1x4x8_neondot/128/264/real_time",81031,1720.25,1710.03,ns,,,"2x128x264",,
"dot/dot_int8_int4_int32_2x32x8_1x4x8_neondot/128/352/real_time",61039,2290.8,2277.72,ns,,,"2x128x352",,
"dot/dot_int8_int4_int32_2x32x8_1x4x8_neondot/256/8/real_time",1182510,117.909,117.231,ns,,,"2x256x8",,
"dot/dot_int8_int4_int32_2x32x8_1x4x8_neondot/256/40/real_time",264838,528.163,525.329,ns,,,"2x256x40",,
"dot/dot_int8_int4_int32_2x32x8_1x4x8_neondot/256/80/real_time",133117,1044.52,1039.22,ns,,,"2x256x80",,
"dot/dot_int8_int4_int32_2x32x8_1x4x8_neondot/256/120/real_time",89096,1568.14,1559.53,ns,,,"2x256x120",,
"dot/dot_int8_int4_int32_2x32x8_1x4x8_neondot/256/168/real_time",63955,2188.86,2176.64,ns,,,"2x256x168",,
"dot/dot_int8_int4_int32_3x32x8_1x4x8_neondot/32/8/real_time",4438244,30.3544,30.194,ns,,,"3x32x8",,
"dot/dot_int8_int4_int32_3x32x8_1x4x8_neondot/32/312/real_time",230672,605.076,601.359,ns,,,"3x32x312",,
"dot/dot_int8_int4_int32_3x32x8_1x4x8_neondot/32/632/real_time",115750,1207.55,1199.73,ns,,,"3x32x632",,
"dot/dot_int8_int4_int32_3x32x8_1x4x8_neondot/32/952/real_time",77051,1809.38,1799.49,ns,,,"3x32x952",,
"dot/dot_int8_int4_int32_3x32x8_1x4x8_neondot/32/1272/real_time",57928,2426.68,2413.67,ns,,,"3x32x1272",,
"dot/dot_int8_int4_int32_3x32x8_1x4x8_neondot/64/8/real_time",2609911,52.744,52.4717,ns,,,"3x64x8",,
"dot/dot_int8_int4_int32_3x32x8_1x4x8_neondot/64/168/real_time",212039,660.513,656.562,ns,,,"3x64x168",,
"dot/dot_int8_int4_int32_3x32x8_1x4x8_neondot/64/336/real_time",108249,1293.94,1286.35,ns,,,"3x64x336",,
"dot/dot_int8_int4_int32_3x32x8_1x4x8_neondot/64/504/real_time",72572,1928.31,1916.25,ns,,,"3x64x504",,
"dot/dot_int8_int4_int32_3x32x8_1x4x8_neondot/64/680/real_time",54031,2588.72,2573.95,ns,,,"3x64x680",,
"dot/dot_int8_int4_int32_3x32x8_1x4x8_neondot/128/8/real_time",1476236,94.8012,94.2561,ns,,,"3x128x8",,
"dot/dot_int8_int4_int32_3x32x8_1x4x8_neondot/128/80/real_time",220359,635.532,631.979,ns,,,"3x128x80",,
"dot/dot_int8_int4_int32_3x32x8_1x4x8_neondot/128/168/real_time",107210,1299.66,1291.73,ns,,,"3x128x168",,
"dot/dot_int8_int4_int32_3x32x8_1x4x8_neondot/128/248/real_time",73864,1894.17,1882.21,ns,,,"3x128x248",,
"dot/dot_int8_int4_int32_3x32x8_1x4x8_neondot/128/336/real_time",54757,2555.66,2540.81,ns,,,"3x128x336",,
"dot/dot_int8_int4_int32_3x32x8_1x4x8_neondot/256/8/real_time",868874,160.903,159.938,ns,,,"3x256x8",,
"dot/dot_int8_int4_int32_3x32x8_1x4x8_neondot/256/40/real_time",217625,643.033,639.464,ns,,,"3x256x40",,
"dot/dot_int8_int4_int32_3x32x8_1x4x8_neondot/256/80/real_time",112336,1246.66,1239.28,ns,,,"3x256x80",,
"dot/dot_int8_int4_int32_3x32x8_1x4x8_neondot/256/120/real_time",75886,1840.07,1829.53,ns,,,"3x256x120",,
"dot/dot_int8_int4_int32_3x32x8_1x4x8_neondot/256/160/real_time",57210,2443.86,2429.44,ns,,,"3x256x160",,
"dot/dot_int8_int4_int32_1x16x8_1x4x8_neondot/16/8/real_time",13458977,10.3632,10.3018,ns,,,"1x16x8",,
"dot/dot_int8_int4_int32_1x16x8_1x4x8_neondot/16/680/real_time",299261,467.524,464.871,ns,,,"1x16x680",,
"dot/dot_int8_int4_int32_1x16x8_1x4x8_neondot/16/1360/real_time",149841,933.916,928.672,ns,,,"1x16x1360",,
"dot/dot_int8_int4_int32_1x16x8_1x4x8_neondot/16/2040/real_time",100115,1391.67,1383.98,ns,,,"1x16x2040",,
"dot/dot_int8_int4_int32_1x16x8_1x4x8_neondot/16/2720/real_time",75431,1850.93,1840.21,ns,,,"1x16x2720",,
"dot/dot_int8_int4_int32_1x16x8_1x4x8_neondot/32/8/real_time",8104808,17.2356,17.1395,ns,,,"1x32x8",,
"dot/dot_int8_int4_int32_1x16x8_1x4x8_neondot/32/352/real_time",291444,480.433,477.711,ns,,,"1x32x352",,
"dot/dot_int8_int4_int32_1x16x8_1x4x8_neondot/32/712/real_time",143594,975.55,969.759,ns,,,"1x32x712",,
"dot/dot_int8_int4_int32_1x16x8_1x4x8_neondot/32/1072/real_time",95740,1479.03,1469.31,ns,,,"1x32x1072",,
"dot/dot_int8_int4_int32_1x16x8_1x4x8_neondot/32/1432/real_time",71246,1945.21,1934.02,ns,,,"1x32x1432",,
"dot/dot_int8_int4_int32_1x16x8_1x4x8_neondot/64/8/real_time",4985487,28.0182,27.8484,ns,,,"1x64x8",,
"dot/dot_int8_int4_int32_1x16x8_1x4x8_neondot/64/184/real_time",278376,502.264,499.124,ns,,,"1x64x184",,
"dot/dot_int8_int4_int32_1x16x8_1x4x8_neondot/64/368/real_time",138786,1004.94,999.247,ns,,,"1x64x368",,
"dot/dot_int8_int4_int32_1x16x8_1x4x8_neondot/64/552/real_time",93380,1499.77,1490.61,ns,,,"1x64x552",,
"dot/dot_int8_int4_int32_1x16x8_1x4x8_neondot/64/736/real_time",69871,2000.56,1988.63,ns,,,"1x64x736",,
"dot/dot_int8_int4_int32_1x16x8_1x4x8_neondot/128/8/real_time",2752832,50.84,50.5577,ns,,,"1x128x8",,
"dot/dot_int8_int4_int32_1x16x8_1x4x8_neondot/128/88/real_time",287984,482.985,480.214,ns,,,"1x128x88",,
"dot/dot_int8_int4_int32_1x16x8_1x4x8_neondot/128/184/real_time",138297,1005.16,998.306,ns,,,"1x128x184",,
"dot/dot_int8_int4_int32_1x16x8_1x4x8_neondot/128/272/real_time",94346,1480.2,1471.71,ns,,,"1x128x272",,
"dot/dot_int8_int4_int32_1x16x8_1x4x8_neondot/128/368/real_time",70114,1998.21,1985.23,ns,,,"1x128x368",,
"dot/dot_int8_int4_int32_2x16x8_1x4x8_neondot/16/8/real_time",10802729,12.9452,12.8642,ns,,,"2x16x8",,
"dot/dot_int8_int4_int32_2x16x8_1x4x8_neondot/16/608/real_time",252825,553.889,550.566,ns,,,"2x16x608",,
"dot/dot_int8_int4_int32_2x16x8_1x4x8_neondot/16/1216/real_time",126421,1110.24,1103.98,ns,,,"2x16x1216",,
"dot/dot_int8_int4_int32_2x16x8_1x4x8_neondot/16/1824/real_time",84374,1655.76,1646.72,ns,,,"2x16x1824",,
"dot/dot_int8_int4_int32_2x16x8_1x4x8_neondot/16/2440/real_time",63339,2211.92,2197.83,ns,,,"2x16x2440",,
"dot/dot_int8_int4_int32_2x16x8_1x4x8_neondot/32/8/real_time",6168420,22.6772,22.5475,ns,,,"2x32x8",,
"dot/dot_int8_int4_int32_2x16x8_1x4x8_neondot/32/336/real_time",228755,611.082,607.77,ns,,,"2x32x336",,
"dot/dot_int8_int4_int32_2x16x8_1x4x8_neondot/32/672/real_time",113690,1227.54,1220.57,ns,,,"2x32x672",,
"dot/dot_int8_int4_int32_2x16x8_1x4x8_neondot/32/1008/real_time",76535,1839.2,1828.18,ns,,,"2x32x1008",,
"dot/dot_int8_int4_int32_2x16x8_1x4x8_neondot/32/1344/real_time",57054,2449.61,2434.64,ns,,,"2x32x1344",,
"dot/dot_int8_int4_int32_2x16x8_1x4x8_neondot/64/8/real_time",3731473,37.3132,37.1182,ns,,,"2x64x8",,
"dot/dot_int8_int4_int32_2x16x8_1x4x8_neondot/64/176/real_time",218575,639.931,636.646,ns,,,"2x64x176",,
"dot/dot_int8_int4_int32_2x16x8_1x4x8_neondot/64/352/real_time",109785,1277.43,1269.86,ns,,,"2x64x352",,
"dot/dot_int8_int4_int32_2x16x8_1x4x8_neondot/64/528/real_time",73337,1909.62,1898.84,ns,,,"2x64x528",,
"dot/dot_int8_int4_int32_2x16x8_1x4x8_neondot/64/704/real_time",54624,2557.16,2540.78,ns,,,"2x64x704",,
"dot/dot_int8_int4_int32_2x16x8_1x4x8_neondot/128/8/real_time",2120248,66.7394,66.0061,ns,,,"2x128x8",,
"dot/dot_int8_int4_int32_2x16x8_1x4x8_neondot/128/88/real_time",217605,643.205,639.163,ns,,,"2x128x88",,
"dot/dot_int8_int4_int32_2x16x8_1x4x8_neondot/128/176/real_time",109547,1277.3,1269.69,ns,,,"2x128x176",,
"dot/dot_int8_int4_int32_2x16x8_1x4x8_neondot/128/264/real_time",73334,1909.01,1897.78,ns,,,"2x128x264",,
"dot/dot_int8_int4_int32_2x16x8_1x4x8_neondot/128/352/real_time",54987,2540.96,2527.44,ns,,,"2x128x352",,
"dot/dot_int8_int4_int32_3x16x8_1x4x8_neondot/16/8/real_time",8831502,15.8729,15.7783,ns,,,"3x16x8",,
"dot/dot_int8_int4_int32_3x16x8_1x4x8_neondot/16/552/real_time",241345,579.647,576.215,ns,,,"3x16x552",,
"dot/dot_int8_int4_int32_3x16x8_1x4x8_neondot/16/1104/real_time",121389,1161.35,1154.35,ns,,,"3x16x1104",,
"dot/dot_int8_int4_int32_3x16x8_1x4x8_neondot/16/1656/real_time",80476,1731.03,1720.86,ns,,,"3x16x1656",,
"dot/dot_int8_int4_int32_3x16x8_1x4x8_neondot/16/2216/real_time",60522,2308.09,2295.15,ns,,,"3x16x2216",,
"dot/dot_int8_int4_int32_3x16x8_1x4x8_neondot/32/8/real_time",5191113,26.9219,26.7776,ns,,,"3x32x8",,
"dot/dot_int8_int4_int32_3x16x8_1x4x8_neondot/32/312/real_time",211914,660.808,656.812,ns,,,"3x32x312",,
"dot/dot_int8_int4_int32_3x16x8_1x4x8_neondot/32/632/real_time",104872,1327.37,1319.06,ns,,,"3x32x632",,
"dot/dot_int8_int4_int32_3x16x8_1x4x8_neondot/32/952/real_time",70375,2001.9,1989.51,ns,,,"3x32x952",,
"dot/dot_int8_int4_int32_3x16x8_1x4x8_neondot/32/1272/real_time",52521,2658.62,2642.93,ns,,,"3x32x1272",,
"dot/dot_int8_int4_int32_3x16x8_1x4x8_neondot/64/8/real_time",3090860,45.9269,45.6424,ns,,,"3x64x8",,
"dot/dot_int8_int4_int32_3x16x8_1x4x8_neondot/64/168/real_time",195994,713.559,708.965,ns,,,"3x64x168",,
"dot/dot_int8_int4_int32_3x16x8_1x4x8_neondot/64/336/real_time",98489,1417.27,1409.47,ns,,,"3x64x336",,
"dot/dot_int8_int4_int32_3x16x8_1x4x8_neondot/64/504/real_time",66243,2110.57,2096.33,ns,,,"3x64x504",,
"dot/dot_int8_int4_int32_3x16x8_1x4x8_neondot/64/680/real_time",49228,2836.86,2818.88,ns,,,"3x64x680",,
"dot/dot_int8_int4_int32_3x16x8_1x4x8_neondot/128/8/real_time",1687567,82.9575,82.472,ns,,,"3x128x8",,
"dot/dot_int8_int4_int32_3x16x8_1x4x8_neondot/128/80/real_time",204727,682.819,678.982,ns,,,"3x128x80",,
"dot/dot_int8_int4_int32_3x16x8_1x4x8_neondot/128/168/real_time",98176,1422.18,1413.96,ns,,,"3x128x168",,
"dot/dot_int8_int4_int32_3x16x8_1x4x8_neondot/128/248/real_time",67150,2084.23,2072.55,ns,,,"3x128x248",,
"dot/dot_int8_int4_int32_3x16x8_1x4x8_neondot/128/336/real_time",49533,2823.7,2807.65,ns,,,"3x128x336",,
"dot/dot_int8_int4_int32_4x16x8_1x4x8_neondot/16/8/real_time",7042254,19.9547,19.8286,ns,,,"4x16x8",,
"dot/dot_int8_int4_int32_4x16x8_1x4x8_neondot/16/504/real_time",233308,600.396,596.564,ns,,,"4x16x504",,
"dot/dot_int8_int4_int32_4x16x8_1x4x8_neondot/16/1008/real_time",116983,1194.21,1186.88,ns,,,"4x16x1008",,
"dot/dot_int8_int4_int32_4x16x8_1x4x8_neondot/16/1512/real_time",78158,1787.89,1777.69,ns,,,"4x16x1512",,
"dot/dot_int8_int4_int32_4x16x8_1x4x8_neondot/16/2024/real_time",58564,2383.88,2369.35,ns,,,"4x16x2024",,
"dot/dot_int8_int4_int32_4x16x8_1x4x8_neondot/32/8/real_time",4404543,31.4809,31.3109,ns,,,"4x32x8",,
"dot/dot_int8_int4_int32_4x16x8_1x4x8_neondot/32/296/real_time",198664,704.568,700.661,ns,,,"4x32x296",,
"dot/dot_int8_int4_int32_4x16x8_1x4x8_neondot/32/600/real_time",98680,1417.14,1409.29,ns,,,"4x32x600",,
"dot/dot_int8_int4_int32_4x16x8_1x4x8_neondot/32/896/real_time",65787,2120.04,2108.42,ns,,,"4x32x896",,
"dot/dot_int8_int4_int32_4x16x8_1x4x8_neondot/32/1200/real_time",49161,2845.75,2829.53,ns,,,"4x32x1200",,
"dot/dot_int8_int4_int32_4x16x8_1x4x8_neondot/64/8/real_time",2580340,54.5585,54.2644,ns,,,"4x64x8",,
"dot/dot_int8_int4_int32_4x16x8_1x4x8_neondot/64/160/real_time",182968,765.196,760.498,ns,,,"4x64x160",,
"dot/dot_int8_int4_int32_4x16x8_1x4x8_neondot/64/320/real_time",92323,1515.14,1507.08,ns,,,"4x64x320",,
"dot/dot_int8_int4_int32_4x16x8_1x4x8_neondot/64/480/real_time",61557,2264.06,2249.64,ns,,,"4x64x480",,
"dot/dot_int8_int4_int32_4x16x8_1x4x8_neondot/64/648/real_time",45747,3061.48,3041.68,ns,,,"4x64x648",,
"dot/dot_int8_int4_int32_4x16x8_1x4x8_neondot/128/8/real_time",1405439,99.0952,98.5458,ns,,,"4x128x8",,
"dot/dot_int8_int4_int32_4x16x8_1x4x8_neondot/128/80/real_time",181101,772.978,769.052,ns,,,"4x128x80",,
"dot/dot_int8_int4_int32_4x16x8_1x4x8_neondot/128/160/real_time",91417,1525.65,1515.7,ns,,,"4x128x160",,
"dot/dot_int8_int4_int32_4x16x8_1x4x8_neondot/128/240/real_time",61502,2271.81,2257.83,ns,,,"4x128x240",,
"dot/dot_int8_int4_int32_4x16x8_1x4x8_neondot/128/328/real_time",45197,3092.85,3074.91,ns,,,"4x128x328",,
"dot/dot_int8_int4_int32_5x16x8_1x4x8_neondot/16/8/real_time",4977206,28.7094,28.548,ns,,,"5x16x8",,
"dot/dot_int8_int4_int32_5x16x8_1x4x8_neondot/16/464/real_time",202787,689.759,685.96,ns,,,"5x16x464",,
"dot/dot_int8_int4_int32_5x16x8_1x4x8_neondot/16/928/real_time",101563,1368.59,1361.26,ns,,,"5x16x928",,
"dot/dot_int8_int4_int32_5x16x8_1x4x8_neondot/16/1392/real_time",68083,2056.04,2043.52,ns,,,"5x16x1392",,
"dot/dot_int8_int4_int32_5x16x8_1x4x8_neondot/16/1864/real_time",50921,2745.17,2728.82,ns,,,"5x16x1864",,
"dot/dot_int8_int4_int32_5x16x8_1x4x8_neondot/32/8/real_time",3765286,37.6549,37.4342,ns,,,"5x32x8",,
"dot/dot_int8_int4_int32_5x16x8_1x4x8_neondot/32/280/real_time",167922,834.468,829.739,ns,,,"5x32x280",,
"dot/dot_int8_int4_int32_5x16x8_1x4x8_neondot/32/568/real_time",83352,1676.49,1667.68,ns,,,"5x32x568",,
"dot/dot_int8_int4_int32_5x16x8_1x4x8_neondot/32/848/real_time",55921,2503.37,2488.14,ns,,,"5x32x848",,
"dot/dot_int8_int4_int32_5x16x8_1x4x8_neondot/32/1136/real_time",41864,3343.45,3321.57,ns,,,"5x32x1136",,
"dot/dot_int8_int4_int32_5x16x8_1x4x8_neondot/64/8/real_time",2140173,65.421,65.0415,ns,,,"5x64x8",,
"dot/dot_int8_int4_int32_5x16x8_1x4x8_neondot/64/152/real_time",154622,904.214,899.161,ns,,,"5x64x152",,
"dot/dot_int8_int4_int32_5x16x8_1x4x8_neondot/64/312/real_time",75928,1842.05,1831.61,ns,,,"5x64x312",,
"dot/dot_int8_int4_int32_5x16x8_1x4x8_neondot/64/464/real_time",51199,2729.68,2714.45,ns,,,"5x64x464",,
"dot/dot_int8_int4_int32_5x16x8_1x4x8_neondot/64/624/real_time",38026,3676.09,3654.67,ns,,,"5x64x624",,
"dot/dot_int8_int4_int32_5x16x8_1x4x8_neondot/128/8/real_time",1048399,130.681,129.855,ns,,,"5x128x8",,
"dot/dot_int8_int4_int32_5x16x8_1x4x8_neondot/128/72/real_time",159059,880.111,875.113,ns,,,"5x128x72",,
"dot/dot_int8_int4_int32_5x16x8_1x4x8_neondot/128/152/real_time",77492,1803.27,1793.78,ns,,,"5x128x152",,
"dot/dot_int8_int4_int32_5x16x8_1x4x8_neondot/128/232/real_time",51114,2735.45,2719.88,ns,,,"5x128x232",,
"dot/dot_int8_int4_int32_5x16x8_1x4x8_neondot/128/312/real_time",38152,3668.34,3648.46,ns,,,"5x128x312",,
"dot/dot_int8_int4_int32_1x8x8_1x4x8_neondot/8/8/real_time",15802246,8.8049,8.75326,ns,,,"1x8x8",,
"dot/dot_int8_int4_int32_1x8x8_1x4x8_neondot/8/1224/real_time",352097,397.428,395.249,ns,,,"1x8x1224",,
"dot/dot_int8_int4_int32_1x8x8_1x4x8_neondot/8/2448/real_time",177878,784.936,780.532,ns,,,"1x8x2448",,
"dot/dot_int8_int4_int32_1x8x8_1x4x8_neondot/8/3672/real_time",119202,1175.66,1168.69,ns,,,"1x8x3672",,
"dot/dot_int8_int4_int32_1x8x8_1x4x8_neondot/8/4904/real_time",89550,1562.09,1553.17,ns,,,"1x8x4904",,
"dot/dot_int8_int4_int32_1x8x8_1x4x8_neondot/16/8/real_time",11421530,12.4051,12.331,ns,,,"1x16x8",,
"dot/dot_int8_int4_int32_1x8x8_1x4x8_neondot/16/680/real_time",312471,446.821,444.443,ns,,,"1x16x680",,
"dot/dot_int8_int4_int32_1x8x8_1x4x8_neondot/16/1360/real_time",158364,886.525,881.259,ns,,,"1x16x1360",,
"dot/dot_int8_int4_int32_1x8x8_1x4x8_neondot/16/2040/real_time",106803,1310.42,1302.89,ns,,,"1x16x2040",,
"dot/dot_int8_int4_int32_1x8x8_1x4x8_neondot/16/2720/real_time",80401,1737.15,1727.79,ns,,,"1x16x2720",,
"dot/dot_int8_int4_int32_1x8x8_1x4x8_neondot/32/8/real_time",7630402,18.3113,18.2095,ns,,,"1x32x8",,
"dot/dot_int8_int4_int32_1x8x8_1x4x8_neondot/32/352/real_time",308003,454.676,452.176,ns,,,"1x32x352",,
"dot/dot_int8_int4_int32_1x8x8_1x4x8_neondot/32/712/real_time",153217,913.418,908.385,ns,,,"1x32x712",,
"dot/dot_int8_int4_int32_1x8x8_1x4x8_neondot/32/1072/real_time",100575,1366.09,1358.24,ns,,,"1x32x1072",,
"dot/dot_int8_int4_int32_1x8x8_1x4x8_neondot/32/1432/real_time",75758,1844.72,1833.85,ns,,,"1x32x1432",,
"dot/dot_int8_int4_int32_1x8x8_1x4x8_neondot/64/8/real_time",4481808,31.2291,31.0632,ns,,,"1x64x8",,
"dot/dot_int8_int4_int32_1x8x8_1x4x8_neondot/64/184/real_time",293735,476.047,473.442,ns,,,"1x64x184",,
"dot/dot_int8_int4_int32_1x8x8_1x4x8_neondot/64/368/real_time",149237,937.054,932.52,ns,,,"1x64x368",,
"dot/dot_int8_int4_int32_1x8x8_1x4x8_neondot/64/552/real_time",99568,1401.75,1393.27,ns,,,"1x64x552",,
"dot/dot_int8_int4_int32_1x8x8_1x4x8_neondot/64/736/real_time",74584,1877.69,1866.81,ns,,,"1x64x736",,
"dot/dot_int8_int4_int32_8x8x8_1x4x8_neondot/8/8/real_time",6515605,21.5471,21.4212,ns,,,"8x8x8",,
"dot/dot_int8_int4_int32_8x8x8_1x4x8_neondot/8/504/real_time",217288,644.566,640.629,ns,,,"8x8x504",,
"dot/dot_int8_int4_int32_8x8x8_1x4x8_neondot/8/1008/real_time",108332,1285.72,1276.77,ns,,,"8x8x1008",,
"dot/dot_int8_int4_int32_8x8x8_1x4x8_neondot/8/1512/real_time",72745,1923.98,1913.25,ns,,,"8x8x1512",,
"dot/dot_int8_int4_int32_8x8x8_1x4x8_neondot/8/2024/real_time",54508,2567.79,2552.14,ns,,,"8x8x2024",,
"dot/dot_int8_int4_int32_8x8x8_1x4x8_neondot/16/8/real_time",4237021,33.469,33.2588,ns,,,"8x16x8",,
"dot/dot_int8_int4_int32_8x8x8_1x4x8_neondot/16/376/real_time",146355,956.866,951.441,ns,,,"8x16x376",,
"dot/dot_int8_int4_int32_8x8x8_1x4x8_neondot/16/752/real_time",73233,1932.05,1910.29,ns,,,"8x16x752",,
"dot/dot_int8_int4_int32_8x8x8_1x4x8_neondot/16/1128/real_time",48863,2874.63,2857,ns,,,"8x16x1128",,
"dot/dot_int8_int4_int32_8x8x8_1x4x8_neondot/16/1504/real_time",36539,3825.19,3798.89,ns,,,"8x16x1504",,
"dot/dot_int8_int4_int32_8x8x8_1x4x8_neondot/32/8/real_time",2474008,55.6314,55.3138,ns,,,"8x32x8",,
"dot/dot_int8_int4_int32_8x8x8_1x4x8_neondot/32/240/real_time",113718,1226.38,1218.33,ns,,,"8x32x240",,
"dot/dot_int8_int4_int32_8x8x8_1x4x8_neondot/32/488/real_time",56601,2487.77,2470.66,ns,,,"8x32x488",,
"dot/dot_int8_int4_int32_8x8x8_1x4x8_neondot/32/728/real_time",37863,3691.28,3666.94,ns,,,"8x32x728",,
"dot/dot_int8_int4_int32_8x8x8_1x4x8_neondot/32/976/real_time",28157,4973.53,4941.4,ns,,,"8x32x976",,
"dot/dot_int8_int4_int32_8x8x8_1x4x8_neondot/64/8/real_time",1370673,102.051,101.411,ns,,,"8x64x8",,
"dot/dot_int8_int4_int32_8x8x8_1x4x8_neondot/64/136/real_time",100463,1393.44,1385.44,ns,,,"8x64x136",,
"dot/dot_int8_int4_int32_8x8x8_1x4x8_neondot/64/280/real_time",49217,2841.65,2824.96,ns,,,"8x64x280",,
"dot/dot_int8_int4_int32_8x8x8_1x4x8_neondot/64/416/real_time",33199,4211.53,4185.9,ns,,,"8x64x416",,
"dot/dot_int8_int4_int32_8x8x8_1x4x8_neondot/64/560/real_time",24754,5662.03,5626.75,ns,,,"8x64x560",,
"dot/dot_int8_int4_int32_8x4x8_1x4x8_neondot/4/8/real_time",8459800,16.5154,16.4239,ns,,,"8x4x8",,
"dot/dot_int8_int4_int32_8x4x8_1x4x8_neondot/4/608/real_time",381257,370.033,367.655,ns,,,"8x4x608",,
"dot/dot_int8_int4_int32_8x4x8_1x4x8_neondot/4/1216/real_time",192090,733.402,728.827,ns,,,"8x4x1216",,
"dot/dot_int8_int4_int32_8x4x8_1x4x8_neondot/4/1824/real_time",128612,1079.85,1073.33,ns,,,"8x4x1824",,
"dot/dot_int8_int4_int32_8x4x8_1x4x8_neondot/4/2440/real_time",96358,1441.72,1433.65,ns,,,"8x4x2440",,
"dot/dot_int8_int4_int32_8x4x8_1x4x8_neondot/8/8/real_time",5952565,23.3957,23.2609,ns,,,"8x8x8",,
"dot/dot_int8_int4_int32_8x4x8_1x4x8_neondot/8/504/real_time",227860,611.914,608.352,ns,,,"8x8x504",,
"dot/dot_int8_int4_int32_8x4x8_1x4x8_neondot/8/1008/real_time",114622,1207.17,1199.41,ns,,,"8x8x1008",,
"dot/dot_int8_int4_int32_8x4x8_1x4x8_neondot/8/1512/real_time",77995,1819.42,1808.83,ns,,,"8x8x1512",,
"dot/dot_int8_int4_int32_8x4x8_1x4x8_neondot/8/2024/real_time",57425,2418.62,2403.51,ns,,,"8x8x2024",,
"dot/dot_int8_int4_int32_8x4x8_1x4x8_neondot/16/8/real_time",3724028,37.3562,37.1359,ns,,,"8x16x8",,
"dot/dot_int8_int4_int32_8x4x8_1x4x8_neondot/16/376/real_time",151388,925.774,920.322,ns,,,"8x16x376",,
"dot/dot_int8_int4_int32_8x4x8_1x4x8_neondot/16/752/real_time",76199,1836.97,1826.62,ns,,,"8x16x752",,
"dot/dot_int8_int4_int32_8x4x8_1x4x8_neondot/16/1128/real_time",50949,2746.38,2730.85,ns,,,"8x16x1128",,
"dot/dot_int8_int4_int32_8x4x8_1x4x8_neondot/16/1504/real_time",38414,3649.22,3628.9,ns,,,"8x16x1504",,
"dot/dot_int8_int4_int32_8x4x8_1x4x8_neondot/32/8/real_time",2118287,66.0822,65.6962,ns,,,"8x32x8",,
"dot/dot_int8_int4_int32_8x4x8_1x4x8_neondot/32/240/real_time",117146,1190.07,1183.39,ns,,,"8x32x240",,
"dot/dot_int8_int4_int32_8x4x8_1x4x8_neondot/32/488/real_time",58770,2386.32,2373,ns,,,"8x32x488",,
"dot/dot_int8_int4_int32_8x4x8_1x4x8_neondot/32/728/real_time",39283,3565.22,3543.29,ns,,,"8x32x728",,
"dot/dot_int8_int4_int32_8x4x8_1x4x8_neondot/32/976/real_time",29461,4755.04,4725.63,ns,,,"8x32x976",,
"dot/dot_int8_int8_int32_1x64x8_1x4x4_neondot/64/8/real_time",8619667,16.2731,16.1713,ns,,,"1x64x8",,
"dot/dot_int8_int8_int32_1x64x8_1x4x4_neondot/64/88/real_time",1816921,77.1571,76.6412,ns,,,"1x64x88",,
"dot/dot_int8_int8_int32_1x64x8_1x4x4_neondot/64/184/real_time",944879,148.199,147.35,ns,,,"1x64x184",,
"dot/dot_int8_int8_int32_1x64x8_1x4x4_neondot/64/272/real_time",655675,213.424,212.176,ns,,,"1x64x272",,
"dot/dot_int8_int8_int32_1x64x8_1x4x4_neondot/64/368/real_time",491754,284.516,282.888,ns,,,"1x64x368",,
"dot/dot_int8_int8_int32_1x64x8_1x4x4_neondot/128/8/real_time",5530944,25.3315,25.1667,ns,,,"1x128x8",,
"dot/dot_int8_int8_int32_1x64x8_1x4x4_neondot/128/40/real_time",1902870,73.5057,73.0809,ns,,,"1x128x40",,
"dot/dot_int8_int8_int32_1x64x8_1x4x4_neondot/128/88/real_time",964423,144.774,143.955,ns,,,"1x128x88",,
"dot/dot_int8_int8_int32_1x64x8_1x4x4_neondot/128/136/real_time",646376,215.677,214.467,ns,,,"1x128x136",,
"dot/dot_int8_int8_int32_1x64x8_1x4x4_neondot/128/184/real_time",487388,287.091,285.4,ns,,,"1x128x184",,
"dot/dot_int8_int8_int32_1x64x8_1x4x4_neondot/256/8/real_time",3248872,43.081,42.837,ns,,,"1x256x8",,
"dot/dot_int8_int8_int32_1x64x8_1x4x4_neondot/256/16/real_time",2127880,65.8517,65.5074,ns,,,"1x256x16",,
"dot/dot_int8_int8_int32_1x64x8_1x4x4_neondot/256/40/real_time",1010941,138.08,137.356,ns,,,"1x256x40",,
"dot/dot_int8_int8_int32_1x64x8_1x4x4_neondot/256/64/real_time",669158,208.836,207.625,ns,,,"1x256x64",,
"dot/dot_int8_int8_int32_1x64x8_1x4x4_neondot/256/88/real_time",492740,280.533,278.987,ns,,,"1x256x88",,
"dot/dot_int8_int8_int32_1x64x8_1x4x4_neondot/512/8/real_time",1767836,79.3103,78.8048,ns,,,"1x512x8",,
"dot/dot_int8_int8_int32_1x64x8_1x4x4_neondot/512/16/real_time",1131871,123.701,122.828,ns,,,"1x512x16",,
"dot/dot_int8_int8_int32_1x64x8_1x4x4_neondot/512/24/real_time",818826,170.117,169.163,ns,,,"1x512x24",,
"dot/dot_int8_int8_int32_1x64x8_1x4x4_neondot/512/40/real_time",522015,267.707,266.118,ns,,,"1x512x40",,
"dot/dot_int8_int8_int32_1x32x8_1x4x4_neondot/32/8/real_time",11625241,12.0076,11.9443,ns,,,"1x32x8",,
"dot/dot_int8_int8_int32_1x32x8_1x4x4_neondot/32/184/real_time",1736789,80.6249,80.1844,ns,,,"1x32x184",,
"dot/dot_int8_int8_int32_1x32x8_1x4x4_neondot/32/368/real_time",925374,150.813,149.943,ns,,,"1x32x368",,
"dot/dot_int8_int8_int32_1x32x8_1x4x4_neondot/32/552/real_time",633081,221.22,219.98,ns,,,"1x32x552",,
"dot/dot_int8_int8_int32_1x32x8_1x4x4_neondot/32/736/real_time",471879,303.497,301.768,ns,,,"1x32x736",,
"dot/dot_int8_int8_int32_1x32x8_1x4x4_neondot/64/8/real_time",7945845,17.606,17.4975,ns,,,"1x64x8",,
"dot/dot_int8_int8_int32_1x32x8_1x4x4_neondot/64/88/real_time",1772344,78.7611,78.3411,ns,,,"1x64x88",,
"dot/dot_int8_int8_int32_1x32x8_1x4x4_neondot/64/184/real_time",881817,158.171,157.329,ns,,,"1x64x184",,
"dot/dot_int8_int8_int32_1x32x8_1x4x4_neondot/64/272/real_time",635092,219.897,218.677,ns,,,"1x64x272",,
"dot/dot_int8_int8_int32_1x32x8_1x4x4_neondot/64/368/real_time",475038,293.519,291.936,ns,,,"1x64x368",,
"dot/dot_int8_int8_int32_1x32x8_1x4x4_neondot/128/8/real_time",4692459,29.7911,29.6334,ns,,,"1x128x8",,
"dot/dot_int8_int8_int32_1x32x8_1x4x4_neondot/128/40/real_time",1808564,77.172,76.7008,ns,,,"1x128x40",,
"dot/dot_int8_int8_int32_1x32x8_1x4x4_neondot/128/88/real_time",939831,148.717,147.873,ns,,,"1x128x88",,
"dot/dot_int8_int8_int32_1x32x8_1x4x4_neondot/128/136/real_time",629806,222.338,220.926,ns,,,"1x128x136",,
"dot/dot_int8_int8_int32_1x32x8_1x4x4_neondot/128/184/real_time",457085,305.078,303.464,ns,,,"1x128x184",,
"dot/dot_int8_int8_int32_1x32x8_1x4x4_neondot/256/8/real_time",2581334,54.2393,53.9096,ns,,,"1x256x8",,
"dot/dot_int8_int8_int32_1x32x8_1x4x4_neondot/256/16/real_time",1827757,75.455,74.9006,ns,,,"1x256x16",,
"dot/dot_int8_int8_int32_1x32x8_1x4x4_neondot/256/40/real_time",967449,146.114,145.086,ns,,,"1x256x40",,
"dot/dot_int8_int8_int32_1x32x8_1x4x4_neondot/256/64/real_time",632795,221.007,219.533,ns,,,"1x256x64",,
"dot/dot_int8_int8_int32_1x32x8_1x4x4_neondot/256/88/real_time",478141,292.578,290.779,ns,,,"1x256x88",,
"dot/dot_int8_int8_int32_2x32x8_1x4x4_neondot/32/8/real_time",8457059,16.5144,16.421,ns,,,"2x32x8",,
"dot/dot_int8_int8_int32_2x32x8_1x4x4_neondot/32/176/real_time",1023365,137.143,136.296,ns,,,"2x32x176",,
"dot/dot_int8_int8_int32_2x32x8_1x4x4_neondot/32/352/real_time",531163,263.375,261.754,ns,,,"2x32x352",,
"dot/dot_int8_int8_int32_2x32x8_1x4x4_neondot/32/528/real_time",358615,390.083,387.831,ns,,,"2x32x528",,
"dot/dot_int8_int8_int32_2x32x8_1x4x4_neondot/32/712/real_time",266204,525.799,522.715,ns,,,"2x32x712",,
"dot/dot_int8_int8_int32_2x32x8_1x4x4_neondot/64/8/real_time",5412807,25.8559,25.7065,ns,,,"2x64x8",,
"dot/dot_int8_int8_int32_2x32x8_1x4x4_neondot/64/88/real_time",1009092,138.519,137.719,ns,,,"2x64x88",,
"dot/dot_int8_int8_int32_2x32x8_1x4x4_neondot/64/176/real_time",527657,264.948,263.355,ns,,,"2x64x176",,
"dot/dot_int8_int8_int32_2x32x8_1x4x4_neondot/64/264/real_time",357692,391.327,389.158,ns,,,"2x64x264",,
"dot/dot_int8_int8_int32_2x32x8_1x4x4_neondot/64/360/real_time",264380,529.903,526.285,ns,,,"2x64x360",,
"dot/dot_int8_int8_int32_2x32x8_1x4x4_neondot/128/8/real_time",3175004,43.9779,43.7002,ns,,,"2x128x8",,
"dot/dot_int8_int8_int32_2x32x8_1x4x4_neondot/128/40/real_time",1076776,129.581,128.793,ns,,,"2x128x40",,
"dot/dot_int8_int8_int32_2x32x8_1x4x4_neondot/128/88/real_time",522296,267.764,266.192,ns,,,"2x128x88",,
"dot/dot_int8_int8_int32_2x32x8_1x4x4_neondot/128/128/real_time",364981,383,380.596,ns,,,"2x128x128",,
"dot/dot_int8_int8_int32_2x32x8_1x4x4_neondot/128/176/real_time",266153,524.982,521.692,ns,,,"2x128x176",,
"dot/dot_int8_int8_int32_2x32x8_1x4x4_neondot/256/8/real_time",1708376,81.881,81.4002,ns,,,"2x256x8",,
"dot/dot_int8_int8_int32_2x32x8_1x4x4_neondot/256/16/real_time",1193362,115.298,114.621,ns,,,"2x256x16",,
"dot/dot_int8_int8_int32_2x32x8_1x4x4_neondot/256/40/real_time",558131,250.328,248.573,ns,,,"2x256x40",,
"dot/dot_int8_int8_int32_2x32x8_1x4x4_neondot/256/56/real_time",400717,348.803,346.756,ns,,,"2x256x56",,
"dot/dot_int8_int8_int32_2x32x8_1x4x4_neondot/256/80/real_time",288735,485.193,482.001,ns,,,"2x256x80",,
"dot/dot_int8_int8_int32_3x32x8_1x4x4_neondot/32/8/real_time",4188769,33.3938,33.1913,ns,,,"3x32x8",,
"dot/dot_int8_int8_int32_3x32x8_1x4x4_neondot/32/168/real_time",711925,195.988,194.876,ns,,,"3x32x168",,
"dot/dot_int8_int8_int32_3x32x8_1x4x4_neondot/32/344/real_time",362820,386.026,383.866,ns,,,"3x32x344",,
"dot/dot_int8_int8_int32_3x32x8_1x4x4_neondot/32/512/real_time",246487,575.15,571.861,ns,,,"3x32x512",,
"dot/dot_int8_int8_int32_3x32x8_1x4x4_neondot/32/688/real_time",184569,758.412,754.07,ns,,,"3x32x688",,
"dot/dot_int8_int8_int32_3x32x8_1x4x4_neondot/64/8/real_time",3574159,38.9397,38.7228,ns,,,"3x64x8",,
"dot/dot_int8_int8_int32_3x32x8_1x4x4_neondot/64/88/real_time",678611,205.353,204.181,ns,,,"3x64x88",,
"dot/dot_int8_int8_int32_3x32x8_1x4x4_neondot/64/176/real_time",353853,399.18,396.858,ns,,,"3x64x176",,
"dot/dot_int8_int8_int32_3x32x8_1x4x4_neondot/64/264/real_time",238824,585.951,582.587,ns,,,"3x64x264",,
"dot/dot_int8_int8_int32_3x32x8_1x4x4_neondot/64/352/real_time",181008,774.539,769.372,ns,,,"3x64x352",,
"dot/dot_int8_int8_int32_3x32x8_1x4x4_neondot/128/8/real_time",2404511,58.8361,58.4824,ns,,,"3x128x8",,
"dot/dot_int8_int8_int32_3x32x8_1x4x4_neondot/128/40/real_time",724083,195.163,193.988,ns,,,"3x128x40",,
"dot/dot_int8_int8_int32_3x32x8_1x4x4_neondot/128/80/real_time",381092,367.262,365.173,ns,,,"3x128x80",,
"dot/dot_int8_int8_int32_3x32x8_1x4x4_neondot/128/120/real_time",258588,545.198,541.767,ns,,,"3x128x120",,
"dot/dot_int8_int8_int32_3x32x8_1x4x4_neondot/128/168/real_time",187748,746.134,742.117,ns,,,"3x128x168",,
"dot/dot_int8_int8_int32_3x32x8_1x4x4_neondot/256/8/real_time",1267554,111.113,110.518,ns,,,"3x256x8",,
"dot/dot_int8_int8_int32_3x32x8_1x4x4_neondot/256/16/real_time",845953,165.447,164.552,ns,,,"3x256x16",,
"dot/dot_int8_int8_int32_3x32x8_1x4x4_neondot/256/40/real_time",373753,372.818,370.66,ns,,,"3x256x40",,
"dot/dot_int8_int8_int32_3x32x8_1x4x4_neondot/256/56/real_time",272819,513.282,509.916,ns,,,"3x256x56",,
"dot/dot_int8_int8_int32_3x32x8_1x4x4_neondot/256/80/real_time",194601,719.487,715.512,ns,,,"3x256x80",,
"dot/dot_int8_int8_int32_1x16x8_1x4x4_neondot/16/8/real_time",13897578,10.0831,10.0229,ns,,,"1x16x8",,
"dot/dot_int8_int8_int32_1x16x8_1x4x4_neondot/16/360/real_time",1679778,83.1474,82.6509,ns,,,"1x16x360",,
"dot/dot_int8_int8_int32_1x16x8_1x4x4_neondot/16/720/real_time",860590,161.849,160.87,ns,,,"1x16x720",,
"dot/dot_int8_int8_int32_1x16x8_1x4x4_neondot/16/1080/real_time",569021,245.858,244.509,ns,,,"1x16x1080",,
"dot/dot_int8_int8_int32_1x16x8_1x4x4_neondot/16/1440/real_time",430687,318.412,316.672,ns,,,"1x16x1440",,
"dot/dot_int8_int8_int32_1x16x8_1x4x4_neondot/32/8/real_time",9742343,14.368,14.2895,ns,,,"1x32x8",,
"dot/dot_int8_int8_int32_1x16x8_1x4x4_neondot/32/184/real_time",1625290,86.1762,85.6739,ns,,,"1x32x184",,
"dot/dot_int8_int8_int32_1x16x8_1x4x4_neondot/32/368/real_time",872492,160.37,159.385,ns,,,"1x32x368",,
"dot/dot_int8_int8_int32_1x16x8_1x4x4_neondot/32/552/real_time",597004,234.622,233.196,ns,,,"1x32x552",,
"dot/dot_int8_int8_int32_1x16x8_1x4x4_neondot/32/736/real_time",425931,327.711,325.923,ns,,,"1x32x736",,
"dot/dot_int8_int8_int32_1x16x8_1x4x4_neondot/64/8/real_time",6065625,22.9775,22.8504,ns,,,"1x64x8",,
"dot/dot_int8_int8_int32_1x16x8_1x4x4_neondot/64/88/real_time",1605716,87.1118,86.5956,ns,,,"1x64x88",,
"dot/dot_int8_int8_int32_1x16x8_1x4x4_neondot/64/184/real_time",818071,171.362,170.437,ns,,,"1x64x184",,
"dot/dot_int8_int8_int32_1x16x8_1x4x4_neondot/64/272/real_time",579748,241.326,239.927,ns,,,"1x64x272",,
"dot/dot_int8_int8_int32_1x16x8_1x4x4_neondot/64/368/real_time",437504,318.844,317.057,ns,,,"1x64x368",,
"dot/dot_int8_int8_int32_1x16x8_1x4x4_neondot/128/8/real_time",3481586,40.2058,39.9872,ns,,,"1x128x8",,
"dot/dot_int8_int8_int32_1x16x8_1x4x4_neondot/128/40/real_time",1559538,89.7285,89.2358,ns,,,"1x128x40",,
"dot/dot_int8_int8_int32_1x16x8_1x4x4_neondot/128/88/real_time",809266,172.274,171.315,ns,,,"1x128x88",,
"dot/dot_int8_int8_int32_1x16x8_1x4x4_neondot/128/136/real_time",563219,248.51,247.155,ns,,,"1x128x136",,
"dot/dot_int8_int8_int32_1x16x8_1x4x4_neondot/128/184/real_time",428909,326.316,324.387,ns,,,"1x128x184",,
"dot/dot_int8_int8_int32_2x16x8_1x4x4_neondot/16/8/real_time",10970623,12.7503,12.6756,ns,,,"2x16x8",,
"dot/dot_int8_int8_int32_2x16x8_1x4x4_neondot/16/336/real_time",1072788,130.023,129.254,ns,,,"2x16x336",,
"dot/dot_int8_int8_int32_2x16x8_1x4x4_neondot/16/672/real_time",546527,258.333,256.722,ns,,,"2x16x672",,
"dot/dot_int8_int8_int32_2x16x8_1x4x4_neondot/16/1008/real_time",359325,389.072,386.761,ns,,,"2x16x1008",,
"dot/dot_int8_int8_int32_2x16x8_1x4x4_neondot/16/1352/real_time",267121,511.945,508.769,ns,,,"2x16x1352",,
"dot/dot_int8_int8_int32_2x16x8_1x4x4_neondot/32/8/real_time",7315998,19.03,18.9221,ns,,,"2x32x8",,
"dot/dot_int8_int8_int32_2x16x8_1x4x4_neondot/32/176/real_time",1020997,136.877,136.03,ns,,,"2x32x176",,
"dot/dot_int8_int8_int32_2x16x8_1x4x4_neondot/32/352/real_time",531610,262.962,261.482,ns,,,"2x32x352",,
"dot/dot_int8_int8_int32_2x16x8_1x4x4_neondot/32/528/real_time",359215,389.022,386.978,ns,,,"2x32x528",,
"dot/dot_int8_int8_int32_2x16x8_1x4x4_neondot/32/712/real_time",259981,538.043,534.988,ns,,,"2x32x712",,
"dot/dot_int8_int8_int32_2x16x8_1x4x4_neondot/64/8/real_time",4274714,32.6727,32.491,ns,,,"2x64x8",,
"dot/dot_int8_int8_int32_2x16x8_1x4x4_neondot/64/88/real_time",1008434,138.2,137.373,ns,,,"2x64x88",,
"dot/dot_int8_int8_int32_2x16x8_1x4x4_neondot/64/176/real_time",515935,271.427,269.865,ns,,,"2x64x176",,
"dot/dot_int8_int8_int32_2x16x8_1x4x4_neondot/64/264/real_time",351723,397.673,395.35,ns,,,"2x64x264",,
"dot/dot_int8_int8_int32_2x16x8_1x4x4_neondot/64/360/real_time",261470,535.7,532.482,ns,,,"2x64x360",,
"dot/dot_int8_int8_int32_2x16x8_1x4x4_neondot/128/8/real_time",2333473,59.9489,59.6255,ns,,,"2x128x8",,
"dot/dot_int8_int8_int32_2x16x8_1x4x4_neondot/128/40/real_time",1006775,138.166,137.405,ns,,,"2x128x40",,
"dot/dot_int8_int8_int32_2x16x8_1x4x4_neondot/128/88/real_time",512223,272.683,271.064,ns,,,"2x128x88",,
"dot/dot_int8_int8_int32_2x16x8_1x4x4_neondot/128/128/real_time",359203,389.24,387.082,ns,,,"2x128x128",,
"dot/dot_int8_int8_int32_2x16x8_1x4x4_neondot/128/176/real_time",264928,527.361,524.319,ns,,,"2x128x176",,
"dot/dot_int8_int8_int32_3x16x8_1x4x4_neondot/16/8/real_time",9051754,15.4491,15.352,ns,,,"3x16x8",,
"dot/dot_int8_int8_int32_3x16x8_1x4x4_neondot/16/320/real_time",773786,180.92,179.954,ns,,,"3x16x320",,
"dot/dot_int8_int8_int32_3x16x8_1x4x4_neondot/16/640/real_time",389270,359.2,357.285,ns,,,"3x16x640",,
"dot/dot_int8_int8_int32_3x16x8_1x4x4_neondot/16/960/real_time",258047,541.772,538.962,ns,,,"3x16x960",,
"dot/dot_int8_int8_int32_3x16x8_1x4x4_neondot/16/1280/real_time",196217,712.765,708.495,ns,,,"3x16x1280",,
"dot/dot_int8_int8_int32_3x16x8_1x4x4_neondot/32/8/real_time",5800429,24.0547,23.9239,ns,,,"3x32x8",,
"dot/dot_int8_int8_int32_3x16x8_1x4x4_neondot/32/168/real_time",705869,198.206,197.114,ns,,,"3x32x168",,
"dot/dot_int8_int8_int32_3x16x8_1x4x4_neondot/32/344/real_time",362159,386.448,384.106,ns,,,"3x32x344",,
"dot/dot_int8_int8_int32_3x16x8_1x4x4_neondot/32/512/real_time",245016,572.378,568.756,ns,,,"3x32x512",,
"dot/dot_int8_int8_int32_3x16x8_1x4x4_neondot/32/688/real_time",182148,768.409,764.148,ns,,,"3x32x688",,
"dot/dot_int8_int8_int32_3x16x8_1x4x4_neondot/64/8/real_time",3391486,41.2908,41.0604,ns,,,"3x64x8",,
"dot/dot_int8_int8_int32_3x16x8_1x4x4_neondot/64/88/real_time",656614,208.518,207.357,ns,,,"3x64x88",,
"dot/dot_int8_int8_int32_3x16x8_1x4x4_neondot/64/176/real_time",352451,399.618,397.319,ns,,,"3x64x176",,
"dot/dot_int8_int8_int32_3x16x8_1x4x4_neondot/64/264/real_time",238341,587.297,584.054,ns,,,"3x64x264",,
"dot/dot_int8_int8_int32_3x16x8_1x4x4_neondot/64/352/real_time",180146,777.751,773.019,ns,,,"3x64x352",,
"dot/dot_int8_int8_int32_3x16x8_1x4x4_neondot/128/8/real_time",1848171,75.7911,75.3438,ns,,,"3x128x8",,
"dot/dot_int8_int8_int32_3x16x8_1x4x4_neondot/128/40/real_time",694387,199.669,198.35,ns,,,"3x128x40",,
"dot/dot_int8_int8_int32_3x16x8_1x4x4_neondot/128/80/real_time",382084,366.404,364.385,ns,,,"3x128x80",,
"dot/dot_int8_int8_int32_3x16x8_1x4x4_neondot/128/120/real_time",259866,538.756,535.611,ns,,,"3x128x120",,
"dot/dot_int8_int8_int32_3x16x8_1x4x4_neondot/128/168/real_time",187120,747.389,742.639,ns,,,"3x128x168",,
"dot/dot_int8_int8_int32_4x16x8_1x4x4_neondot/16/8/real_time",7800733,17.9627,17.8516,ns,,,"4x16x8",,
"dot/dot_int8_int8_int32_4x16x8_1x4x4_neondot/16/304/real_time",611130,228.555,227.25,ns,,,"4x16x304",,
"dot/dot_int8_int8_int32_4x16x8_1x4x4_neondot/16/608/real_time",312627,448.089,445.328,ns,,,"4x16x608",,
"dot/dot_int8_int8_int32_4x16x8_1x4x4_neondot/16/912/real_time",205790,680.623,676.644,ns,,,"4x16x912",,
"dot/dot_int8_int8_int32_4x16x8_1x4x4_neondot/16/1216/real_time",153996,908.544,903.48,ns,,,"4x16x1216",,
"dot/dot_int8_int8_int32_4x16x8_1x4x4_neondot/32/8/real_time",4933377,28.362,28.2063,ns,,,"4x32x8",,
"dot/dot_int8_int8_int32_4x16x8_1x4x4_neondot/32/160/real_time",576286,242.441,241.115,ns,,,"4x32x160",,
"dot/dot_int8_int8_int32_4x16x8_1x4x4_neondot/32/328/real_time",288916,484.418,481.701,ns,,,"4x32x328",,
"dot/dot_int8_int8_int32_4x16x8_1x4x4_neondot/32/496/real_time",193053,725.213,721.008,ns,,,"4x32x496",,
"dot/dot_int8_int8_int32_4x16x8_1x4x4_neondot/32/664/real_time",142561,980.885,975.147,ns,,,"4x32x664",,
"dot/dot_int8_int8_int32_4x16x8_1x4x4_neondot/64/8/real_time",2842381,49.2024,48.9161,ns,,,"4x64x8",,
"dot/dot_int8_int8_int32_4x16x8_1x4x4_neondot/64/80/real_time",568189,245.601,244.22,ns,,,"4x64x80",,
"dot/dot_int8_int8_int32_4x16x8_1x4x4_neondot/64/168/real_time",277449,504.555,501.834,ns,,,"4x64x168",,
"dot/dot_int8_int8_int32_4x16x8_1x4x4_neondot/64/256/real_time",184233,760.171,755.815,ns,,,"4x64x256",,
"dot/dot_int8_int8_int32_4x16x8_1x4x4_neondot/64/344/real_time",137689,1010.98,1005.19,ns,,,"4x64x344",,
"dot/dot_int8_int8_int32_4x16x8_1x4x4_neondot/128/8/real_time",1541069,90.889,90.3452,ns,,,"4x128x8",,
"dot/dot_int8_int8_int32_4x16x8_1x4x4_neondot/128/40/real_time",554723,251.819,250.489,ns,,,"4x128x40",,
"dot/dot_int8_int8_int32_4x16x8_1x4x4_neondot/128/80/real_time",287654,486.702,484.156,ns,,,"4x128x80",,
"dot/dot_int8_int8_int32_4x16x8_1x4x4_neondot/128/120/real_time",194880,717.427,713.512,ns,,,"4x128x120",,
"dot/dot_int8_int8_int32_4x16x8_1x4x4_neondot/128/168/real_time",140960,993.205,987.615,ns,,,"4x128x168",,
"dot/dot_int8_int8_int32_5x16x8_1x4x4_neondot/16/8/real_time",6678875,21.357,21.2483,ns,,,"5x16x8",,
"dot/dot_int8_int8_int32_5x16x8_1x4x4_neondot/16/288/real_time",515688,271.011,269.578,ns,,,"5x16x288",,
"dot/dot_int8_int8_int32_5x16x8_1x4x4_neondot/16/576/real_time",264170,529.357,526.506,ns,,,"5x16x576",,
"dot/dot_int8_int8_int32_5x16x8_1x4x4_neondot/16/864/real_time",176275,793.275,788.763,ns,,,"5x16x864",,
"dot/dot_int8_int8_int32_5x16x8_1x4x4_neondot/16/1152/real_time",130833,1064.44,1058.26,ns,,,"5x16x1152",,
"dot/dot_int8_int8_int32_5x16x8_1x4x4_neondot/32/8/real_time",4237068,33.0266,32.8481,ns,,,"5x32x8",,
"dot/dot_int8_int8_int32_5x16x8_1x4x4_neondot/32/160/real_time",464387,301.748,299.955,ns,,,"5x32x160",,
"dot/dot_int8_int8_int32_5x16x8_1x4x4_neondot/32/320/real_time",237619,589.114,585.83,ns,,,"5x32x320",,
"dot/dot_int8_int8_int32_5x16x8_1x4x4_neondot/32/480/real_time",159665,878.179,872.838,ns,,,"5x32x480",,
"dot/dot_int8_int8_int32_5x16x8_1x4x4_neondot/32/640/real_time",118229,1183.56,1176.14,ns,,,"5x32x640",,
"dot/dot_int8_int8_int32_5x16x8_1x4x4_neondot/64/8/real_time",2406653,58.162,57.8393,ns,,,"5x64x8",,
"dot/dot_int8_int8_int32_5x16x8_1x4x4_neondot/64/80/real_time",455277,306.775,305.073,ns,,,"5x64x80",,
"dot/dot_int8_int8_int32_5x16x8_1x4x4_neondot/64/168/real_time",222993,627.049,623.409,ns,,,"5x64x168",,
"dot/dot_int8_int8_int32_5x16x8_1x4x4_neondot/64/248/real_time",151272,924.308,919.23,ns,,,"5x64x248",,
"dot/dot_int8_int8_int32_5x16x8_1x4x4_neondot/64/336/real_time",113884,1228.2,1221.58,ns,,,"5x64x336",,
"dot/dot_int8_int8_int32_5x16x8_1x4x4_neondot/128/8/real_time",1283809,108.477,107.832,ns,,,"5x128x8",,
"dot/dot_int8_int8_int32_5x16x8_1x4x4_neondot/128/40/real_time",443202,315.303,313.584,ns,,,"5x128x40",,
"dot/dot_int8_int8_int32_5x16x8_1x4x4_neondot/128/80/real_time",229928,608.585,605.191,ns,,,"5x128x80",,
"dot/dot_int8_int8_int32_5x16x8_1x4x4_neondot/128/120/real_time",156585,894.217,888.693,ns,,,"5x128x120",,
"dot/dot_int8_int8_int32_5x16x8_1x4x4_neondot/128/160/real_time",118205,1179.06,1172.65,ns,,,"5x128x160",,
"dot/dot_int8_int8_int32_1x8x8_1x4x4_neondot/8/8/real_time",15441540,9.07893,9.0231,ns,,,"1x8x8",,
"dot/dot_int8_int8_int32_1x8x8_1x4x4_neondot/8/680/real_time",1418080,98.7539,98.2204,ns,,,"1x8x680",,
"dot/dot_int8_int8_int32_1x8x8_1x4x4_neondot/8/1360/real_time",722142,186.678,185.564,ns,,,"1x8x1360",,
"dot/dot_int8_int8_int32_1x8x8_1x4x4_neondot/8/2040/real_time",509199,270.506,269.023,ns,,,"1x8x2040",,
"dot/dot_int8_int8_int32_1x8x8_1x4x4_neondot/8/2720/real_time",384414,362.156,360.089,ns,,,"1x8x2720",,
"dot/dot_int8_int8_int32_1x8x8_1x4x4_neondot/16/8/real_time",10815552,12.928,12.859,ns,,,"1x16x8",,
"dot/dot_int8_int8_int32_1x8x8_1x4x4_neondot/16/360/real_time",1382410,101.283,100.686,ns,,,"1x16x360",,
"dot/dot_int8_int8_int32_1x8x8_1x4x4_neondot/16/720/real_time",677010,207.037,205.852,ns,,,"1x16x720",,
"dot/dot_int8_int8_int32_1x8x8_1x4x4_neondot/16/1080/real_time",462126,304.231,302.484,ns,,,"1x16x1080",,
"dot/dot_int8_int8_int32_1x8x8_1x4x4_neondot/16/1440/real_time",356937,399.517,397.285,ns,,,"1x16x1440",,
"dot/dot_int8_int8_int32_1x8x8_1x4x4_neondot/32/8/real_time",6829390,20.464,20.3511,ns,,,"1x32x8",,
"dot/dot_int8_int8_int32_1x8x8_1x4x4_neondot/32/184/real_time",1230240,113.113,112.498,ns,,,"1x32x184",,
"dot/dot_int8_int8_int32_1x8x8_1x4x4_neondot/32/368/real_time",684097,204.11,203.008,ns,,,"1x32x368",,
"dot/dot_int8_int8_int32_1x8x8_1x4x4_neondot/32/552/real_time",473839,295.499,293.711,ns,,,"1x32x552",,
"dot/dot_int8_int8_int32_1x8x8_1x4x4_neondot/32/736/real_time",344192,406.986,404.777,ns,,,"1x32x736",,
"dot/dot_int8_int8_int32_1x8x8_1x4x4_neondot/64/8/real_time",3901306,35.8945,35.7046,ns,,,"1x64x8",,
"dot/dot_int8_int8_int32_1x8x8_1x4x4_neondot/64/88/real_time",1164337,120.183,119.491,ns,,,"1x64x88",,
"dot/dot_int8_int8_int32_1x8x8_1x4x4_neondot/64/184/real_time",649209,215.552,214.318,ns,,,"1x64x184",,
"dot/dot_int8_int8_int32_1x8x8_1x4x4_neondot/64/272/real_time",464353,301.649,299.976,ns,,,"1x64x272",,
"dot/dot_int8_int8_int32_1x8x8_1x4x4_neondot/64/368/real_time",352982,397.175,394.873,ns,,,"1x64x368",,
"dot/dot_int8_int8_int32_8x8x8_1x4x4_neondot/8/8/real_time",6182352,22.6118,22.4939,ns,,,"8x8x8",,
"dot/dot_int8_int8_int32_8x8x8_1x4x4_neondot/8/376/real_time",491303,284.361,282.827,ns,,,"8x8x376",,
"dot/dot_int8_int8_int32_8x8x8_1x4x4_neondot/8/760/real_time",247030,566.791,563.418,ns,,,"8x8x760",,
"dot/dot_int8_int8_int32_8x8x8_1x4x4_neondot/8/1136/real_time",166344,842.03,837.392,ns,,,"8x8x1136",,
"dot/dot_int8_int8_int32_8x8x8_1x4x4_neondot/8/1520/real_time",124641,1124.48,1118.42,ns,,,"8x8x1520",,
"dot/dot_int8_int8_int32_8x8x8_1x4x4_neondot/16/8/real_time",3977820,35.4533,35.0869,ns,,,"8x16x8",,
"dot/dot_int8_int8_int32_8x8x8_1x4x4_neondot/16/248/real_time",372273,374.193,372.02,ns,,,"8x16x248",,
"dot/dot_int8_int8_int32_8x8x8_1x4x4_neondot/16/496/real_time",191355,730.486,725.864,ns,,,"8x16x496",,
"dot/dot_int8_int8_int32_8x8x8_1x4x4_neondot/16/744/real_time",126312,1103.87,1096.91,ns,,,"8x16x744",,
"dot/dot_int8_int8_int32_8x8x8_1x4x4_neondot/16/1000/real_time",93891,1484.56,1476.12,ns,,,"8x16x1000",,
"dot/dot_int8_int8_int32_8x8x8_1x4x4_neondot/32/8/real_time",2318019,60.3808,60.0275,ns,,,"8x32x8",,
"dot/dot_int8_int8_int32_8x8x8_1x4x4_neondot/32/144/real_time",318008,439.989,437.493,ns,,,"8x32x144",,
"dot/dot_int8_int8_int32_8x8x8_1x4x4_neondot/32/288/real_time",162760,860.034,854.876,ns,,,"8x32x288",,
"dot/dot_int8_int8_int32_8x8x8_1x4x4_neondot/32/432/real_time",109671,1273.31,1265.66,ns,,,"8x32x432",,
"dot/dot_int8_int8_int32_8x8x8_1x4x4_neondot/32/584/real_time",81785,1707.59,1698.21,ns,,,"8x32x584",,
"dot/dot_int8_int8_int32_8x8x8_1x4x4_neondot/64/8/real_time",1262482,110.557,109.971,ns,,,"8x64x8",,
"dot/dot_int8_int8_int32_8x8x8_1x4x4_neondot/64/72/real_time",303444,461.226,458.474,ns,,,"8x64x72",,
"dot/dot_int8_int8_int32_8x8x8_1x4x4_neondot/64/152/real_time",152710,916.898,911.68,ns,,,"8x64x152",,
"dot/dot_int8_int8_int32_8x8x8_1x4x4_neondot/64/232/real_time",101614,1375.36,1367.68,ns,,,"8x64x232",,
"dot/dot_int8_int8_int32_8x8x8_1x4x4_neondot/64/312/real_time",76178,1841.03,1829.46,ns,,,"8x64x312",,
"dot/dot_int8_int8_int32_10x8x8_1x4x4_neondot/8/8/real_time",4931495,28.4083,28.2422,ns,,,"10x8x8",,
"dot/dot_int8_int8_int32_10x8x8_1x4x4_neondot/8/336/real_time",435352,321.542,319.733,ns,,,"10x8x336",,
"dot/dot_int8_int8_int32_10x8x8_1x4x4_neondot/8/672/real_time",222915,628.374,624.697,ns,,,"10x8x672",,
"dot/dot_int8_int8_int32_10x8x8_1x4x4_neondot/8/1008/real_time",149527,937.251,931.525,ns,,,"10x8x1008",,
"dot/dot_int8_int8_int32_10x8x8_1x4x4_neondot/8/1344/real_time",112593,1239.47,1232.22,ns,,,"10x8x1344",,
"dot/dot_int8_int8_int32_10x8x8_1x4x4_neondot/16/8/real_time",3248849,43.0911,42.8482,ns,,,"10x16x8",,
"dot/dot_int8_int8_int32_10x8x8_1x4x4_neondot/16/224/real_time",327916,428.515,426.178,ns,,,"10x16x224",,
"dot/dot_int8_int8_int32_10x8x8_1x4x4_neondot/16/456/real_time",165833,847.816,843.29,ns,,,"10x16x456",,
"dot/dot_int8_int8_int32_10x8x8_1x4x4_neondot/16/688/real_time",109227,1279.18,1272.24,ns,,,"10x16x688",,
"dot/dot_int8_int8_int32_10x8x8_1x4x4_neondot/16/920/real_time",81533,1707.34,1698.33,ns,,,"10x16x920",,
"dot/dot_int8_int8_int32_10x8x8_1x4x4_neondot/32/8/real_time",1870752,74.1075,73.6765,ns,,,"10x32x8",,
"dot/dot_int8_int8_int32_10x8x8_1x4x4_neondot/32/136/real_time",264159,529.621,526.585,ns,,,"10x32x136",,
"dot/dot_int8_int8_int32_10x8x8_1x4x4_neondot/32/272/real_time",136887,1021.73,1015.4,ns,,,"10x32x272",,
"dot/dot_int8_int8_int32_10x8x8_1x4x4_neondot/32/408/real_time",92767,1510.78,1501.95,ns,,,"10x32x408",,
"dot/dot_int8_int8_int32_10x8x8_1x4x4_neondot/32/552/real_time",68790,2028.84,2016.41,ns,,,"10x32x552",,
"dot/dot_int8_int8_int32_10x8x8_1x4x4_neondot/64/8/real_time",1031042,135.791,134.973,ns,,,"10x64x8",,
"dot/dot_int8_int8_int32_10x8x8_1x4x4_neondot/64/72/real_time",238993,585.859,582.648,ns,,,"10x64x72",,
"dot/dot_int8_int8_int32_10x8x8_1x4x4_neondot/64/144/real_time",127048,1099.99,1094.16,ns,,,"10x64x144",,
"dot/dot_int8_int8_int32_10x8x8_1x4x4_neondot/64/216/real_time",86331,1619.41,1610.39,ns,,,"10x64x216",,
"dot/dot_int8_int8_int32_10x8x8_1x4x4_neondot/64/296/real_time",63332,2208.61,2195,ns,,,"10x64x296",,
"dot/dot_int8_int8_int32_8x4x8_1x4x4_neondot/4/8/real_time",7081698,19.7574,19.6388,ns,,,"8x4x8",,
"dot/dot_int8_int8_int32_8x4x8_1x4x4_neondot/4/504/real_time",718928,193.952,192.803,ns,,,"8x4x504",,
"dot/dot_int8_int8_int32_8x4x8_1x4x4_neondot/4/1016/real_time",363460,384.432,382.307,ns,,,"8x4x1016",,
"dot/dot_int8_int8_int32_8x4x8_1x4x4_neondot/4/1520/real_time",247718,566.031,562.904,ns,,,"8x4x1520",,
"dot/dot_int8_int8_int32_8x4x8_1x4x4_neondot/4/2032/real_time",186314,750.857,745.994,ns,,,"8x4x2032",,
"dot/dot_int8_int8_int32_8x4x8_1x4x4_neondot/8/8/real_time",4581792,30.9087,30.734,ns,,,"8x8x8",,
"dot/dot_int8_int8_int32_8x4x8_1x4x4_neondot/8/376/real_time",488296,286.595,285.053,ns,,,"8x8x376",,
"dot/dot_int8_int8_int32_8x4x8_1x4x4_neondot/8/760/real_time",241152,580.124,577.073,ns,,,"8x8x760",,
"dot/dot_int8_int8_int32_8x4x8_1x4x4_neondot/8/1136/real_time",164776,849.193,844.605,ns,,,"8x8x1136",,
"dot/dot_int8_int8_int32_8x4x8_1x4x4_neondot/8/1520/real_time",124516,1126.57,1119.9,ns,,,"8x8x1520",,
"dot/dot_int8_int8_int32_8x4x8_1x4x4_neondot/16/8/real_time",2706788,51.7428,51.4111,ns,,,"8x16x8",,
"dot/dot_int8_int8_int32_8x4x8_1x4x4_neondot/16/248/real_time",363885,385.512,383.26,ns,,,"8x16x248",,
"dot/dot_int8_int8_int32_8x4x8_1x4x4_neondot/16/496/real_time",188672,741.129,736.97,ns,,,"8x16x496",,
"dot/dot_int8_int8_int32_8x4x8_1x4x4_neondot/16/744/real_time",124414,1120.25,1113.76,ns,,,"8x16x744",,
"dot/dot_int8_int8_int32_8x4x8_1x4x4_neondot/16/1000/real_time",93884,1487.2,1477.44,ns,,,"8x16x1000",,
"dot/dot_int8_int8_int32_8x4x8_1x4x4_neondot/32/8/real_time",1488115,94.0853,93.5524,ns,,,"8x32x8",,
"dot/dot_int8_int8_int32_8x4x8_1x4x4_neondot/32/144/real_time",300345,466.438,463.499,ns,,,"8x32x144",,
"dot/dot_int8_int8_int32_8x4x8_1x4x4_neondot/32/288/real_time",160754,871.37,866.25,ns,,,"8x32x288",,
"dot/dot_int8_int8_int32_8x4x8_1x4x4_neondot/32/432/real_time",108238,1285.55,1278.46,ns,,,"8x32x432",,
"dot/dot_int8_int8_int32_8x4x8_1x4x4_neondot/32/584/real_time",81320,1720.55,1710.64,ns,,,"8x32x584",,
"dot/dot_int8_int8_int32_1x16x8_1x4x1_neon/16/8/real_time",5768129,24.2243,24.0917,ns,,,"1x16x8",,
"dot/dot_int8_int8_int32_1x16x8_1x4x1_neon/16/360/real_time",168536,829.882,825.503,ns,,,"1x16x360",,
"dot/dot_int8_int8_int32_1x16x8_1x4x1_neon/16/720/real_time",84007,1658.87,1650.2,ns,,,"1x16x720",,
"dot/dot_int8_int8_int32_1x16x8_1x4x1_neon/16/1080/real_time",56302,2484.06,2469.71,ns,,,"1x16x1080",,
"dot/dot_int8_int8_int32_1x16x8_1x4x1_neon/16/1440/real_time",42298,3308.77,3289.86,ns,,,"1x16x1440",,
"dot/dot_int8_int8_int32_1x16x8_1x4x1_neon/32/8/real_time",3247797,43.077,42.845,ns,,,"1x32x8",,
"dot/dot_int8_int8_int32_1x16x8_1x4x1_neon/32/184/real_time",164877,848.727,844.058,ns,,,"1x32x184",,
"dot/dot_int8_int8_int32_1x16x8_1x4x1_neon/32/368/real_time",82634,1692.41,1681.7,ns,,,"1x32x368",,
"dot/dot_int8_int8_int32_1x16x8_1x4x1_neon/32/552/real_time",55235,2534.29,2519.41,ns,,,"1x32x552",,
"dot/dot_int8_int8_int32_1x16x8_1x4x1_neon/32/736/real_time",41256,3388.79,3370,ns,,,"1x32x736",,
"dot/dot_int8_int8_int32_1x16x8_1x4x1_neon/64/8/real_time",1766725,79.269,78.7994,ns,,,"1x64x8",,
"dot/dot_int8_int8_int32_1x16x8_1x4x1_neon/64/88/real_time",172440,812.25,807.619,ns,,,"1x64x88",,
"dot/dot_int8_int8_int32_1x16x8_1x4x1_neon/64/184/real_time",82562,1695.01,1685.4,ns,,,"1x64x184",,
"dot/dot_int8_int8_int32_1x16x8_1x4x1_neon/64/272/real_time",55951,2503.37,2487.97,ns,,,"1x64x272",,
"dot/dot_int8_int8_int32_1x16x8_1x4x1_neon/64/368/real_time",41397,3382.81,3361.79,ns,,,"1x64x368",,
"dot/dot_int8_int8_int32_1x16x8_1x4x1_neon/128/8/real_time",918632,152.427,151.557,ns,,,"1x128x8",,
"dot/dot_int8_int8_int32_1x16x8_1x4x1_neon/128/40/real_time",189312,739.171,734.801,ns,,,"1x128x40",,
"dot/dot_int8_int8_int32_1x16x8_1x4x1_neon/128/88/real_time",86254,1622.45,1613.74,ns,,,"1x128x88",,
"dot/dot_int8_int8_int32_1x16x8_1x4x1_neon/128/136/real_time",55965,2502.58,2487.8,ns,,,"1x128x136",,
"dot/dot_int8_int8_int32_1x16x8_1x4x1_neon/128/184/real_time",41379,3381.99,3362.62,ns,,,"1x128x184",,
"dot/dot_int8_int8_int32_2x16x8_1x4x1_neon/16/8/real_time",4285694,32.6711,32.4816,ns,,,"2x16x8",,
"dot/dot_int8_int8_int32_2x16x8_1x4x1_neon/16/336/real_time",124525,1122.21,1116.12,ns,,,"2x16x336",,
"dot/dot_int8_int8_int32_2x16x8_1x4x1_neon/16/672/real_time",62231,2244.7,2232.41,ns,,,"2x16x672",,
"dot/dot_int8_int8_int32_2x16x8_1x4x1_neon/16/1008/real_time",41659,3360.37,3342.2,ns,,,"2x16x1008",,
"dot/dot_int8_int8_int32_2x16x8_1x4x1_neon/16/1352/real_time",31098,4507.13,4482.16,ns,,,"2x16x1352",,
"dot/dot_int8_int8_int32_2x16x8_1x4x1_neon/32/8/real_time",2357758,59.4373,59.1056,ns,,,"2x32x8",,
"dot/dot_int8_int8_int32_2x16x8_1x4x1_neon/32/176/real_time",119107,1176.56,1169.79,ns,,,"2x32x176",,
"dot/dot_int8_int8_int32_2x16x8_1x4x1_neon/32/352/real_time",59671,2344.84,2331.79,ns,,,"2x32x352",,
"dot/dot_int8_int8_int32_2x16x8_1x4x1_neon/32/528/real_time",39791,3513.06,3494.65,ns,,,"2x32x528",,
"dot/dot_int8_int8_int32_2x16x8_1x4x1_neon/32/712/real_time",29426,4750.39,4723,ns,,,"2x32x712",,
"dot/dot_int8_int8_int32_2x16x8_1x4x1_neon/64/8/real_time",1233259,113.272,112.653,ns,,,"2x64x8",,
"dot/dot_int8_int8_int32_2x16x8_1x4x1_neon/64/88/real_time",118856,1176.92,1169.97,ns,,,"2x64x88",,
"dot/dot_int8_int8_int32_2x16x8_1x4x1_neon/64/176/real_time",59487,2349.94,2338.07,ns,,,"2x64x176",,
"dot/dot_int8_int8_int32_2x16x8_1x4x1_neon/64/264/real_time",39715,3522.86,3500.71,ns,,,"2x64x264",,
"dot/dot_int8_int8_int32_2x16x8_1x4x1_neon/64/360/real_time",29140,4796.88,4768.69,ns,,,"2x64x360",,
"dot/dot_int8_int8_int32_2x16x8_1x4x1_neon/128/8/real_time",634131,220.944,219.598,ns,,,"2x128x8",,
"dot/dot_int8_int8_int32_2x16x8_1x4x1_neon/128/40/real_time",130134,1071.25,1065.38,ns,,,"2x128x40",,
"dot/dot_int8_int8_int32_2x16x8_1x4x1_neon/128/88/real_time",59467,2352.61,2339.47,ns,,,"2x128x88",,
"dot/dot_int8_int8_int32_2x16x8_1x4x1_neon/128/128/real_time",40948,3417.43,3397.15,ns,,,"2x128x128",,
"dot/dot_int8_int8_int32_2x16x8_1x4x1_neon/128/176/real_time",29834,4692.18,4664.94,ns,,,"2x128x176",,
"dot/dot_int8_int8_int32_3x16x8_1x4x1_neon/16/8/real_time",3093837,45.265,45.0039,ns,,,"3x16x8",,
"dot/dot_int8_int8_int32_3x16x8_1x4x1_neon/16/320/real_time",93793,1488.27,1479.19,ns,,,"3x16x320",,
"dot/dot_int8_int8_int32_3x16x8_1x4x1_neon/16/640/real_time",47047,2971.25,2954.72,ns,,,"3x16x640",,
"dot/dot_int8_int8_int32_3x16x8_1x4x1_neon/16/960/real_time",31343,4470.98,4441.35,ns,,,"3x16x960",,
"dot/dot_int8_int8_int32_3x16x8_1x4x1_neon/16/1280/real_time",23574,5934.99,5896.85,ns,,,"3x16x1280",,
"dot/dot_int8_int8_int32_3x16x8_1x4x1_neon/32/8/real_time",1696715,82.5252,82.0344,ns,,,"3x32x8",,
"dot/dot_int8_int8_int32_3x16x8_1x4x1_neon/32/168/real_time",89536,1561.39,1553.09,ns,,,"3x32x168",,
"dot/dot_int8_int8_int32_3x16x8_1x4x1_neon/32/344/real_time",43869,3188.57,3171.38,ns,,,"3x32x344",,
"dot/dot_int8_int8_int32_3x16x8_1x4x1_neon/32/512/real_time",29477,4742.14,4716.66,ns,,,"3x32x512",,
"dot/dot_int8_int8_int32_3x16x8_1x4x1_neon/32/688/real_time",21857,6391.7,6349.06,ns,,,"3x32x688",,
"dot/dot_int8_int8_int32_3x16x8_1x4x1_neon/64/8/real_time",885696,157.438,156.517,ns,,,"3x64x8",,
"dot/dot_int8_int8_int32_3x16x8_1x4x1_neon/64/88/real_time",85433,1637.49,1627.35,ns,,,"3x64x88",,
"dot/dot_int8_int8_int32_3x16x8_1x4x1_neon/64/176/real_time",42828,3267.93,3247.99,ns,,,"3x64x176",,
"dot/dot_int8_int8_int32_3x16x8_1x4x1_neon/64/264/real_time",28577,4896.77,4867.45,ns,,,"3x64x264",,
"dot/dot_int8_int8_int32_3x16x8_1x4x1_neon/64/352/real_time",21456,6525.82,6487.75,ns,,,"3x64x352",,
"dot/dot_int8_int8_int32_3x16x8_1x4x1_neon/128/8/real_time",456698,306.541,304.753,ns,,,"3x128x8",,
"dot/dot_int8_int8_int32_3x16x8_1x4x1_neon/128/40/real_time",93731,1490.71,1482.39,ns,,,"3x128x40",,
"dot/dot_int8_int8_int32_3x16x8_1x4x1_neon/128/80/real_time",46923,2975.35,2956.38,ns,,,"3x128x80",,
"dot/dot_int8_int8_int32_3x16x8_1x4x1_neon/128/120/real_time",31402,4454.49,4428.07,ns,,,"3x128x120",,
"dot/dot_int8_int8_int32_3x16x8_1x4x1_neon/128/168/real_time",22468,6233.21,6193.72,ns,,,"3x128x168",,
"dot/dot_int8_int8_int32_4x16x8_1x4x1_neon/16/8/real_time",2381250,58.7786,58.4406,ns,,,"4x16x8",,
"dot/dot_int8_int8_int32_4x16x8_1x4x1_neon/16/304/real_time",78969,1773.11,1762.61,ns,,,"4x16x304",,
"dot/dot_int8_int8_int32_4x16x8_1x4x1_neon/16/608/real_time",39608,3532.53,3512.75,ns,,,"4x16x608",,
"dot/dot_int8_int8_int32_4x16x8_1x4x1_neon/16/912/real_time",26419,5300.15,5265.57,ns,,,"4x16x912",,
"dot/dot_int8_int8_int32_4x16x8_1x4x1_neon/16/1216/real_time",19839,7053.14,7015.31,ns,,,"4x16x1216",,
"dot/dot_int8_int8_int32_4x16x8_1x4x1_neon/32/8/real_time",1312103,106.356,105.776,ns,,,"4x32x8",,
"dot/dot_int8_int8_int32_4x16x8_1x4x1_neon/32/160/real_time",74921,1866.4,1855.66,ns,,,"4x32x160",,
"dot/dot_int8_int8_int32_4x16x8_1x4x1_neon/32/328/real_time",36705,3811.84,3790.63,ns,,,"4x32x328",,
"dot/dot_int8_int8_int32_4x16x8_1x4x1_neon/32/496/real_time",24303,5755.21,5724.68,ns,,,"4x32x496",,
"dot/dot_int8_int8_int32_4x16x8_1x4x1_neon/32/664/real_time",18100,7714.37,7670.75,ns,,,"4x32x664",,
"dot/dot_int8_int8_int32_4x16x8_1x4x1_neon/64/8/real_time",693982,201.249,200.111,ns,,,"4x64x8",,
"dot/dot_int8_int8_int32_4x16x8_1x4x1_neon/64/80/real_time",74709,1867.92,1857.72,ns,,,"4x64x80",,
"dot/dot_int8_int8_int32_4x16x8_1x4x1_neon/64/168/real_time",35791,3910.08,3888.53,ns,,,"4x64x168",,
"dot/dot_int8_int8_int32_4x16x8_1x4x1_neon/64/256/real_time",23518,5952.34,5917.21,ns,,,"4x64x256",,
"dot/dot_int8_int8_int32_4x16x8_1x4x1_neon/64/344/real_time",17514,7986.12,7942.17,ns,,,"4x64x344",,
"dot/dot_int8_int8_int32_4x16x8_1x4x1_neon/128/8/real_time",357750,390.925,388.741,ns,,,"4x128x8",,
"dot/dot_int8_int8_int32_4x16x8_1x4x1_neon/128/40/real_time",74726,1874.2,1863.65,ns,,,"4x128x40",,
"dot/dot_int8_int8_int32_4x16x8_1x4x1_neon/128/80/real_time",37499,3730.48,3708.93,ns,,,"4x128x80",,
"dot/dot_int8_int8_int32_4x16x8_1x4x1_neon/128/120/real_time",25083,5582.08,5551.37,ns,,,"4x128x120",,
"dot/dot_int8_int8_int32_4x16x8_1x4x1_neon/128/168/real_time",17933,7807.93,7762.11,ns,,,"4x128x168",,
"dot/dot_int8_int8_int32_1x8x8_1x4x1_neon/8/8/real_time",7136940,19.5622,19.4551,ns,,,"1x8x8",,
"dot/dot_int8_int8_int32_1x8x8_1x4x1_neon/8/680/real_time",105749,1322.55,1315.01,ns,,,"1x8x680",,
"dot/dot_int8_int8_int32_1x8x8_1x4x1_neon/8/1360/real_time",53093,2634.43,2620.06,ns,,,"1x8x1360",,
"dot/dot_int8_int8_int32_1x8x8_1x4x1_neon/8/2040/real_time",35401,3947.3,3924.5,ns,,,"1x8x2040",,
"dot/dot_int8_int8_int32_1x8x8_1x4x1_neon/8/2720/real_time",26593,5265.51,5234.47,ns,,,"1x8x2720",,
"dot/dot_int8_int8_int32_1x8x8_1x4x1_neon/16/8/real_time",4216497,33.172,32.9845,ns,,,"1x16x8",,
"dot/dot_int8_int8_int32_1x8x8_1x4x1_neon/16/360/real_time",100479,1392.65,1384.75,ns,,,"1x16x360",,
"dot/dot_int8_int8_int32_1x8x8_1x4x1_neon/16/720/real_time",50081,2795.07,2779.09,ns,,,"1x16x720",,
"dot/dot_int8_int8_int32_1x8x8_1x4x1_neon/16/1080/real_time",33436,4184.01,4160.5,ns,,,"1x16x1080",,
"dot/dot_int8_int8_int32_1x8x8_1x4x1_neon/16/1440/real_time",25099,5573.47,5543.08,ns,,,"1x16x1440",,
"dot/dot_int8_int8_int32_1x8x8_1x4x1_neon/32/8/real_time",2321027,60.329,59.9855,ns,,,"1x32x8",,
"dot/dot_int8_int8_int32_1x8x8_1x4x1_neon/32/184/real_time",98327,1422.36,1414.36,ns,,,"1x32x184",,
"dot/dot_int8_int8_int32_1x8x8_1x4x1_neon/32/368/real_time",49109,2846.11,2830.4,ns,,,"1x32x368",,
"dot/dot_int8_int8_int32_1x8x8_1x4x1_neon/32/552/real_time",32763,4265.16,4242,ns,,,"1x32x552",,
"dot/dot_int8_int8_int32_1x8x8_1x4x1_neon/32/736/real_time",24550,5698.02,5666.41,ns,,,"1x32x736",,
"dot/dot_int8_int8_int32_1x8x8_1x4x1_neon/64/8/real_time",1225651,113.877,113.227,ns,,,"1x64x8",,
"dot/dot_int8_int8_int32_1x8x8_1x4x1_neon/64/88/real_time",103046,1355.64,1347.34,ns,,,"1x64x88",,
"dot/dot_int8_int8_int32_1x8x8_1x4x1_neon/64/184/real_time",49294,2837.7,2821.39,ns,,,"1x64x184",,
"dot/dot_int8_int8_int32_1x8x8_1x4x1_neon/64/272/real_time",33346,4196.28,4173.27,ns,,,"1x64x272",,
"dot/dot_int8_int8_int32_1x8x8_1x4x1_neon/64/368/real_time",24657,5679.84,5647.51,ns,,,"1x64x368",,
"dot/dot_int8_int8_int32_2x8x8_1x4x1_neon/8/8/real_time",5992897,23.2123,23.0825,ns,,,"2x8x8",,
"dot/dot_int8_int8_int32_2x8x8_1x4x1_neon/8/608/real_time",105862,1317.64,1310.38,ns,,,"2x8x608",,
"dot/dot_int8_int8_int32_2x8x8_1x4x1_neon/8/1224/real_time",52843,2650.38,2633.06,ns,,,"2x8x1224",,
"dot/dot_int8_int8_int32_2x8x8_1x4x1_neon/8/1832/real_time",35367,3958.05,3936.37,ns,,,"2x8x1832",,
"dot/dot_int8_int8_int32_2x8x8_1x4x1_neon/8/2448/real_time",26449,5288.57,5258.02,ns,,,"2x8x2448",,
"dot/dot_int8_int8_int32_2x8x8_1x4x1_neon/16/8/real_time",3606960,38.8072,38.5611,ns,,,"2x16x8",,
"dot/dot_int8_int8_int32_2x8x8_1x4x1_neon/16/336/real_time",96429,1452.25,1443.47,ns,,,"2x16x336",,
"dot/dot_int8_int8_int32_2x8x8_1x4x1_neon/16/672/real_time",48036,2914.31,2897.62,ns,,,"2x16x672",,
"dot/dot_int8_int8_int32_2x8x8_1x4x1_neon/16/1008/real_time",32061,4362.78,4337.64,ns,,,"2x16x1008",,
"dot/dot_int8_int8_int32_2x8x8_1x4x1_neon/16/1352/real_time",23897,5848.44,5814.94,ns,,,"2x16x1352",,
"dot/dot_int8_int8_int32_2x8x8_1x4x1_neon/32/8/real_time",2029385,68.9257,68.5523,ns,,,"2x32x8",,
"dot/dot_int8_int8_int32_2x8x8_1x4x1_neon/32/176/real_time",91572,1521.94,1513.65,ns,,,"2x32x176",,
"dot/dot_int8_int8_int32_2x8x8_1x4x1_neon/32/352/real_time",45967,3039.44,3022.77,ns,,,"2x32x352",,
"dot/dot_int8_int8_int32_2x8x8_1x4x1_neon/32/528/real_time",30709,4561.99,4535.29,ns,,,"2x32x528",,
"dot/dot_int8_int8_int32_2x8x8_1x4x1_neon/32/712/real_time",22723,6160.64,6125.23,ns,,,"2x32x712",,
"dot/dot_int8_int8_int32_2x8x8_1x4x1_neon/64/8/real_time",1067951,131.094,130.37,ns,,,"2x64x8",,
"dot/dot_int8_int8_int32_2x8x8_1x4x1_neon/64/88/real_time",92527,1514.1,1505.97,ns,,,"2x64x88",,
"dot/dot_int8_int8_int32_2x8x8_1x4x1_neon/64/176/real_time",46146,3034.43,3014.36,ns,,,"2x64x176",,
"dot/dot_int8_int8_int32_2x8x8_1x4x1_neon/64/264/real_time",30763,4547.27,4522.61,ns,,,"2x64x264",,
"dot/dot_int8_int8_int32_2x8x8_1x4x1_neon/64/360/real_time",22546,6212.74,6169.7,ns,,,"2x64x360",,
"dot/dot_int8_int8_int32_3x8x8_1x4x1_neon/8/8/real_time",5453361,25.6205,25.4869,ns,,,"3x8x8",,
"dot/dot_int8_int8_int32_3x8x8_1x4x1_neon/8/552/real_time",111932,1245.96,1239.29,ns,,,"3x8x552",,
"dot/dot_int8_int8_int32_3x8x8_1x4x1_neon/8/1112/real_time",55792,2508.51,2493.87,ns,,,"3x8x1112",,
"dot/dot_int8_int8_int32_3x8x8_1x4x1_neon/8/1664/real_time",37382,3746.31,3725.54,ns,,,"3x8x1664",,
"dot/dot_int8_int8_int32_3x8x8_1x4x1_neon/8/2224/real_time",27947,5009.2,4976.65,ns,,,"3x8x2224",,
"dot/dot_int8_int8_int32_3x8x8_1x4x1_neon/16/8/real_time",3204311,43.2643,42.9993,ns,,,"3x16x8",,
"dot/dot_int8_int8_int32_3x8x8_1x4x1_neon/16/320/real_time",96538,1445.07,1436.66,ns,,,"3x16x320",,
"dot/dot_int8_int8_int32_3x8x8_1x4x1_neon/16/640/real_time",48354,2893.55,2877.23,ns,,,"3x16x640",,
"dot/dot_int8_int8_int32_3x8x8_1x4x1_neon/16/960/real_time",32313,4330.35,4306.9,ns,,,"3x16x960",,
"dot/dot_int8_int8_int32_3x8x8_1x4x1_neon/16/1280/real_time",24254,5769.69,5735.77,ns,,,"3x16x1280",,
"dot/dot_int8_int8_int32_3x8x8_1x4x1_neon/32/8/real_time",1752760,79.7131,79.2738,ns,,,"3x32x8",,
"dot/dot_int8_int8_int32_3x8x8_1x4x1_neon/32/168/real_time",91847,1520.8,1512.3,ns,,,"3x32x168",,
"dot/dot_int8_int8_int32_3x8x8_1x4x1_neon/32/344/real_time",45092,3102.03,3084.94,ns,,,"3x32x344",,
"dot/dot_int8_int8_int32_3x8x8_1x4x1_neon/32/512/real_time",30344,4613.44,4584.84,ns,,,"3x32x512",,
"dot/dot_int8_int8_int32_3x8x8_1x4x1_neon/32/688/real_time",22538,6219.19,6180.11,ns,,,"3x32x688",,
"dot/dot_int8_int8_int32_3x8x8_1x4x1_neon/64/8/real_time",915375,153.029,152.101,ns,,,"3x64x8",,
"dot/dot_int8_int8_int32_3x8x8_1x4x1_neon/64/88/real_time",87634,1596.06,1586.65,ns,,,"3x64x88",,
"dot/dot_int8_int8_int32_3x8x8_1x4x1_neon/64/176/real_time",44075,3177.4,3158.44,ns,,,"3x64x176",,
"dot/dot_int8_int8_int32_3x8x8_1x4x1_neon/64/264/real_time",29428,4754.4,4728.37,ns,,,"3x64x264",,
"dot/dot_int8_int8_int32_3x8x8_1x4x1_neon/64/352/real_time",22086,6336.7,6301.23,ns,,,"3x64x352",,
"dot/dot_int8_int8_int32_4x8x8_1x4x1_neon/8/8/real_time",4183475,33.4705,33.2621,ns,,,"4x8x8",,
"dot/dot_int8_int8_int32_4x8x8_1x4x1_neon/8/504/real_time",89006,1571.16,1561,ns,,,"4x8x504",,
"dot/dot_int8_int8_int32_4x8x8_1x4x1_neon/8/1016/real_time",44282,3158.69,3141.01,ns,,,"4x8x1016",,
"dot/dot_int8_int8_int32_4x8x8_1x4x1_neon/8/1520/real_time",29653,4721.02,4693.89,ns,,,"4x8x1520",,
"dot/dot_int8_int8_int32_4x8x8_1x4x1_neon/8/2032/real_time",22198,6307.78,6271.63,ns,,,"4x8x2032",,
"dot/dot_int8_int8_int32_4x8x8_1x4x1_neon/16/8/real_time",2377093,58.9135,58.5574,ns,,,"4x16x8",,
"dot/dot_int8_int8_int32_4x8x8_1x4x1_neon/16/304/real_time",73751,1893.74,1882.98,ns,,,"4x16x304",,
"dot/dot_int8_int8_int32_4x8x8_1x4x1_neon/16/608/real_time",37016,3780.9,3759.31,ns,,,"4x16x608",,
"dot/dot_int8_int8_int32_4x8x8_1x4x1_neon/16/912/real_time",24665,5679.22,5644.81,ns,,,"4x16x912",,
"dot/dot_int8_int8_int32_4x8x8_1x4x1_neon/16/1216/real_time",18505,7556.81,7512.85,ns,,,"4x16x1216",,
"dot/dot_int8_int8_int32_4x8x8_1x4x1_neon/32/8/real_time",1136551,123.025,122.3,ns,,,"4x32x8",,
"dot/dot_int8_int8_int32_4x8x8_1x4x1_neon/32/160/real_time",69914,1997.85,1987.39,ns,,,"4x32x160",,
"dot/dot_int8_int8_int32_4x8x8_1x4x1_neon/32/328/real_time",34262,4077.72,4056.96,ns,,,"4x32x328",,
"dot/dot_int8_int8_int32_4x8x8_1x4x1_neon/32/496/real_time",22703,6164.3,6127.09,ns,,,"4x32x496",,
"dot/dot_int8_int8_int32_4x8x8_1x4x1_neon/32/664/real_time",16922,8255.09,8208.3,ns,,,"4x32x664",,
"dot/dot_int8_int8_int32_4x8x8_1x4x1_neon/64/8/real_time",623887,224.191,223.041,ns,,,"4x64x8",,
"dot/dot_int8_int8_int32_4x8x8_1x4x1_neon/64/80/real_time",69894,1999.52,1989.45,ns,,,"4x64x80",,
"dot/dot_int8_int8_int32_4x8x8_1x4x1_neon/64/168/real_time",33418,4185.51,4158.22,ns,,,"4x64x168",,
"dot/dot_int8_int8_int32_4x8x8_1x4x1_neon/64/256/real_time",21986,6365.27,6329.56,ns,,,"4x64x256",,
"dot/dot_int8_int8_int32_4x8x8_1x4x1_neon/64/344/real_time",16370,8541.77,8495.8,ns,,,"4x64x344",,
"dot/dot_int8_int8_int32_5x8x8_1x4x1_neon/8/8/real_time",3445076,40.6324,40.3925,ns,,,"5x8x8",,
"dot/dot_int8_int8_int32_5x8x8_1x4x1_neon/8/464/real_time",79001,1766.66,1756.04,ns,,,"5x8x464",,
"dot/dot_int8_int8_int32_5x8x8_1x4x1_neon/8/936/real_time",39525,3543.62,3523.46,ns,,,"5x8x936",,
"dot/dot_int8_int8_int32_5x8x8_1x4x1_neon/8/1400/real_time",26453,5293.31,5262.96,ns,,,"5x8x1400",,
"dot/dot_int8_int8_int32_5x8x8_1x4x1_neon/8/1872/real_time",19791,7073.6,7033.02,ns,,,"5x8x1872",,
"dot/dot_int8_int8_int32_5x8x8_1x4x1_neon/16/8/real_time",1909183,73.2601,72.8365,ns,,,"5x16x8",,
"dot/dot_int8_int8_int32_5x8x8_1x4x1_neon/16/288/real_time",64031,2182.67,2170.87,ns,,,"5x16x288",,
"dot/dot_int8_int8_int32_5x8x8_1x4x1_neon/16/576/real_time",32034,4360.49,4336.12,ns,,,"5x16x576",,
"dot/dot_int8_int8_int32_5x8x8_1x4x1_neon/16/864/real_time",21410,6542.3,6503.88,ns,,,"5x16x864",,
"dot/dot_int8_int8_int32_5x8x8_1x4x1_neon/16/1152/real_time",16058,8724.21,8675.73,ns,,,"5x16x1152",,
"dot/dot_int8_int8_int32_5x8x8_1x4x1_neon/32/8/real_time",1029850,135.809,135,ns,,,"5x32x8",,
"dot/dot_int8_int8_int32_5x8x8_1x4x1_neon/32/160/real_time",57505,2433.54,2419.44,ns,,,"5x32x160",,
"dot/dot_int8_int8_int32_5x8x8_1x4x1_neon/32/320/real_time",28886,4847.16,4818.85,ns,,,"5x32x320",,
"dot/dot_int8_int8_int32_5x8x8_1x4x1_neon/32/480/real_time",19273,7263.33,7222.06,ns,,,"5x32x480",,
"dot/dot_int8_int8_int32_5x8x8_1x4x1_neon/32/640/real_time",14434,9683.7,9632.13,ns,,,"5x32x640",,
"dot/dot_int8_int8_int32_5x8x8_1x4x1_neon/64/8/real_time",531755,262.943,261.363,ns,,,"5x64x8",,
"dot/dot_int8_int8_int32_5x8x8_1x4x1_neon/64/80/real_time",57338,2439.01,2425.02,ns,,,"5x64x80",,
"dot/dot_int8_int8_int32_5x8x8_1x4x1_neon/64/168/real_time",27430,5094.96,5064.6,ns,,,"5x64x168",,
"dot/dot_int8_int8_int32_5x8x8_1x4x1_neon/64/248/real_time",18576,7530.19,7488.19,ns,,,"5x64x248",,
"dot/dot_int8_int8_int32_5x8x8_1x4x1_neon/64/336/real_time",13665,10173,10116.3,ns,,,"5x64x336",,
"dot/dot_int8_int8_int32_6x8x8_1x4x1_neon/8/8/real_time",2894166,47.8713,47.6145,ns,,,"6x8x8",,
"dot/dot_int8_int8_int32_6x8x8_1x4x1_neon/8/432/real_time",72457,1931.5,1921.04,ns,,,"6x8x432",,
"dot/dot_int8_int8_int32_6x8x8_1x4x1_neon/8/864/real_time",36274,3856.36,3834.81,ns,,,"6x8x864",,
"dot/dot_int8_int8_int32_6x8x8_1x4x1_neon/8/1296/real_time",24231,5776.22,5742.88,ns,,,"6x8x1296",,
"dot/dot_int8_int8_int32_6x8x8_1x4x1_neon/8/1736/real_time",18107,7733.23,7688.45,ns,,,"6x8x1736",,
"dot/dot_int8_int8_int32_6x8x8_1x4x1_neon/16/8/real_time",1589733,87.8243,87.331,ns,,,"6x16x8",,
"dot/dot_int8_int8_int32_6x8x8_1x4x1_neon/16/272/real_time",57339,2436.3,2420.6,ns,,,"6x16x272",,
"dot/dot_int8_int8_int32_6x8x8_1x4x1_neon/16/544/real_time",28857,4853.22,4824.45,ns,,,"6x16x544",,
"dot/dot_int8_int8_int32_6x8x8_1x4x1_neon/16/816/real_time",19212,7281.92,7240.92,ns,,,"6x16x816",,
"dot/dot_int8_int8_int32_6x8x8_1x4x1_neon/16/1096/real_time",14317,9778.79,9721.48,ns,,,"6x16x1096",,
"dot/dot_int8_int8_int32_6x8x8_1x4x1_neon/32/8/real_time",837605,166.563,165.557,ns,,,"6x32x8",,
"dot/dot_int8_int8_int32_6x8x8_1x4x1_neon/32/152/real_time",51327,2726.23,2710.71,ns,,,"6x32x152",,
"dot/dot_int8_int8_int32_6x8x8_1x4x1_neon/32/312/real_time",25073,5579.63,5544.1,ns,,,"6x32x312",,
"dot/dot_int8_int8_int32_6x8x8_1x4x1_neon/32/464/real_time",16909,8272.29,8230.73,ns,,,"6x32x464",,
"dot/dot_int8_int8_int32_6x8x8_1x4x1_neon/32/624/real_time",12575,11149,11073.6,ns,,,"6x32x624",,
"dot/dot_int8_int8_int32_6x8x8_1x4x1_neon/64/8/real_time",430973,324.124,322.277,ns,,,"6x64x8",,
"dot/dot_int8_int8_int32_6x8x8_1x4x1_neon/64/80/real_time",48398,2889.11,2873.32,ns,,,"6x64x80",,
"dot/dot_int8_int8_int32_6x8x8_1x4x1_neon/64/160/real_time",24423,5734.59,5701.37,ns,,,"6x64x160",,
"dot/dot_int8_int8_int32_6x8x8_1x4x1_neon/64/240/real_time",16316,8584,8530.53,ns,,,"6x64x240",,
"dot/dot_int8_int8_int32_6x8x8_1x4x1_neon/64/328/real_time",11920,11715.2,11643.7,ns,,,"6x64x328",,
"dot/dot_int8_int8_int32_8x8x8_1x4x1_neon/8/8/real_time",2229100,62.5422,62.205,ns,,,"8x8x8",,
"dot/dot_int8_int8_int32_8x8x8_1x4x1_neon/8/376/real_time",59738,2340.91,2328.59,ns,,,"8x8x376",,
"dot/dot_int8_int8_int32_8x8x8_1x4x1_neon/8/760/real_time",29626,4724.08,4697.92,ns,,,"8x8x760",,
"dot/dot_int8_int8_int32_8x8x8_1x4x1_neon/8/1136/real_time",19861,7053.76,7013.75,ns,,,"8x8x1136",,
"dot/dot_int8_int8_int32_8x8x8_1x4x1_neon/8/1520/real_time",14842,9439.9,9379.75,ns,,,"8x8x1520",,
"dot/dot_int8_int8_int32_8x8x8_1x4x1_neon/16/8/real_time",1212362,115.421,114.73,ns,,,"8x16x8",,
"dot/dot_int8_int8_int32_8x8x8_1x4x1_neon/16/248/real_time",45364,3087.77,3070.81,ns,,,"8x16x248",,
"dot/dot_int8_int8_int32_8x8x8_1x4x1_neon/16/496/real_time",22716,6157.76,6125.14,ns,,,"8x16x496",,
"dot/dot_int8_int8_int32_8x8x8_1x4x1_neon/16/744/real_time",15142,9243.68,9194.72,ns,,,"8x16x744",,
"dot/dot_int8_int8_int32_8x8x8_1x4x1_neon/16/1000/real_time",11236,12415.5,12349.2,ns,,,"8x16x1000",,
"dot/dot_int8_int8_int32_8x8x8_1x4x1_neon/32/8/real_time",637233,218.506,217.274,ns,,,"8x32x8",,
"dot/dot_int8_int8_int32_8x8x8_1x4x1_neon/32/144/real_time",39002,3587.41,3567.38,ns,,,"8x32x144",,
"dot/dot_int8_int8_int32_8x8x8_1x4x1_neon/32/288/real_time",19547,7163.27,7120.8,ns,,,"8x32x288",,
"dot/dot_int8_int8_int32_8x8x8_1x4x1_neon/32/432/real_time",12985,10725.1,10668.9,ns,,,"8x32x432",,
"dot/dot_int8_int8_int32_8x8x8_1x4x1_neon/32/584/real_time",9632,14493.5,14414.8,ns,,,"8x32x584",,
"dot/dot_int8_int8_int32_8x8x8_1x4x1_neon/64/8/real_time",329523,425.071,422.732,ns,,,"8x64x8",,
"dot/dot_int8_int8_int32_8x8x8_1x4x1_neon/64/72/real_time",38846,3600.67,3582.02,ns,,,"8x64x72",,
"dot/dot_int8_int8_int32_8x8x8_1x4x1_neon/64/152/real_time",18494,7566.54,7523.4,ns,,,"8x64x152",,
"dot/dot_int8_int8_int32_8x8x8_1x4x1_neon/64/232/real_time",12120,11531.4,11469.7,ns,,,"8x64x232",,
"dot/dot_int8_int8_int32_8x8x8_1x4x1_neon/64/312/real_time",9007,15510.3,15408.6,ns,,,"8x64x312",,
"dot/dot_int8_int8_int32_8x4x8_1x4x1_neon/4/8/real_time",2984425,47.4212,47.126,ns,,,"8x4x8",,
"dot/dot_int8_int8_int32_8x4x8_1x4x1_neon/4/504/real_time",95095,1472.87,1462.45,ns,,,"8x4x504",,
"dot/dot_int8_int8_int32_8x4x8_1x4x1_neon/4/1016/real_time",47617,2934.74,2917.38,ns,,,"8x4x1016",,
"dot/dot_int8_int8_int32_8x4x8_1x4x1_neon/4/1520/real_time",31929,4381.36,4357.34,ns,,,"8x4x1520",,
"dot/dot_int8_int8_int32_8x4x8_1x4x1_neon/4/2032/real_time",23912,5854.78,5821.63,ns,,,"8x4x2032",,
"dot/dot_int8_int8_int32_8x4x8_1x4x1_neon/8/8/real_time",2053479,68.3802,68.0138,ns,,,"8x8x8",,
"dot/dot_int8_int8_int32_8x4x8_1x4x1_neon/8/376/real_time",64062,2183.93,2172.04,ns,,,"8x8x376",,
"dot/dot_int8_int8_int32_8x4x8_1x4x1_neon/8/760/real_time",31839,4395.18,4370.51,ns,,,"8x8x760",,
"dot/dot_int8_int8_int32_8x4x8_1x4x1_neon/8/1136/real_time",21341,6554.33,6517.63,ns,,,"8x8x1136",,
"dot/dot_int8_int8_int32_8x4x8_1x4x1_neon/8/1520/real_time",15983,8775.7,8715.6,ns,,,"8x8x1520",,
"dot/dot_int8_int8_int32_8x4x8_1x4x1_neon/16/8/real_time",1109089,126.075,125.315,ns,,,"8x16x8",,
"dot/dot_int8_int8_int32_8x4x8_1x4x1_neon/16/248/real_time",48567,2883.22,2866.32,ns,,,"8x16x248",,
"dot/dot_int8_int8_int32_8x4x8_1x4x1_neon/16/496/real_time",24406,5724.55,5692.13,ns,,,"8x16x496",,
"dot/dot_int8_int8_int32_8x4x8_1x4x1_neon/16/744/real_time",16292,8592.6,8539.85,ns,,,"8x16x744",,
"dot/dot_int8_int8_int32_8x4x8_1x4x1_neon/16/1000/real_time",12077,11529.5,11464.8,ns,,,"8x16x1000",,
"dot/dot_int8_int8_int32_8x4x8_1x4x1_neon/32/8/real_time",613101,228.054,226.787,ns,,,"8x32x8",,
"dot/dot_int8_int8_int32_8x4x8_1x4x1_neon/32/144/real_time",41738,3346.99,3325.51,ns,,,"8x32x144",,
"dot/dot_int8_int8_int32_8x4x8_1x4x1_neon/32/288/real_time",21037,6654.75,6616.15,ns,,,"8x32x288",,
"dot/dot_int8_int8_int32_8x4x8_1x4x1_neon/32/432/real_time",13968,9963.85,9906.68,ns,,,"8x32x432",,
"dot/dot_int8_int8_int32_8x4x8_1x4x1_neon/32/584/real_time",10383,13453.8,13381.7,ns,,,"8x32x584",,
"dot/dot_fp32_1xNx1_1x1x1/32/1/real_time",6551735,21.3419,21.2276,ns,,,"1x32x1",,
"dot/dot_fp32_1xNx1_1x1x1/32/46/real_time",519083,268.796,267.249,ns,,,"1x32x46",,
"dot/dot_fp32_1xNx1_1x1x1/32/92/real_time",270340,517.504,514.654,ns,,,"1x32x92",,
"dot/dot_fp32_1xNx1_1x1x1/32/138/real_time",182805,765.493,760.886,ns,,,"1x32x138",,
"dot/dot_fp32_1xNx1_1x1x1/32/185/real_time",137178,1019.4,1013.08,ns,,,"1x32x185",,
"dot/dot_fp32_1xNx1_1x1x1/64/1/real_time",4749108,29.4991,29.3353,ns,,,"1x64x1",,
"dot/dot_fp32_1xNx1_1x1x1/64/23/real_time",538302,259.711,258.277,ns,,,"1x64x23",,
"dot/dot_fp32_1xNx1_1x1x1/64/46/real_time",280810,495.466,492.474,ns,,,"1x64x46",,
"dot/dot_fp32_1xNx1_1x1x1/64/69/real_time",192242,729.345,725.408,ns,,,"1x64x69",,
"dot/dot_fp32_1xNx1_1x1x1/64/93/real_time",142657,979.609,974.096,ns,,,"1x64x93",,
"dot/dot_fp32_1xNx1_1x1x1/128/1/real_time",3407311,41.137,40.9079,ns,,,"1x128x1",,
"dot/dot_fp32_1xNx1_1x1x1/128/11/real_time",574646,243.852,242.4,ns,,,"1x128x11",,
"dot/dot_fp32_1xNx1_1x1x1/128/23/real_time",293177,478.205,475.236,ns,,,"1x128x23",,
"dot/dot_fp32_1xNx1_1x1x1/128/34/real_time",198311,694.582,690.287,ns,,,"1x128x34",,
"dot/dot_fp32_1xNx1_1x1x1/128/46/real_time",149079,939.191,933.994,ns,,,"1x128x46",,
"dot/dot_fp32_1xNx1_1x1x1/256/1/real_time",2044616,68.5561,68.1432,ns,,,"1x256x1",,
"dot/dot_fp32_1xNx1_1x1x1/256/5/real_time",616500,226.972,225.728,ns,,,"1x256x5",,
"dot/dot_fp32_1xNx1_1x1x1/256/11/real_time",306267,457.249,454.808,ns,,,"1x256x11",,
"dot/dot_fp32_1xNx1_1x1x1/256/16/real_time",215366,649.293,645.667,ns,,,"1x256x16",,
"dot/dot_fp32_1xNx1_1x1x1/256/22/real_time",156689,893.092,888.188,ns,,,"1x256x22",,
"dot/dot_fp64_1xNx1_1x1x1/32/1/real_time",4814107,29.1263,28.9716,ns,,,"1x32x1",,
"dot/dot_fp64_1xNx1_1x1x1/32/23/real_time",539872,259.271,257.828,ns,,,"1x32x23",,
"dot/dot_fp64_1xNx1_1x1x1/32/46/real_time",285072,490.928,488.374,ns,,,"1x32x46",,
"dot/dot_fp64_1xNx1_1x1x1/32/69/real_time",192221,729.229,725.11,ns,,,"1x32x69",,
"dot/dot_fp64_1xNx1_1x1x1/32/92/real_time",145564,965.126,959.736,ns,,,"1x32x92",,
"dot/dot_fp64_1xNx1_1x1x1/64/1/real_time",3312621,42.4415,42.2093,ns,,,"1x64x1",,
"dot/dot_fp64_1xNx1_1x1x1/64/11/real_time",571858,244.236,242.838,ns,,,"1x64x11",,
"dot/dot_fp64_1xNx1_1x1x1/64/23/real_time",291701,480.073,477.436,ns,,,"1x64x23",,
"dot/dot_fp64_1xNx1_1x1x1/64/34/real_time",201018,700.558,696.39,ns,,,"1x64x34",,
"dot/dot_fp64_1xNx1_1x1x1/64/46/real_time",148246,942.683,935.724,ns,,,"1x64x46",,
"dot/dot_fp64_1xNx1_1x1x1/128/1/real_time",2041046,68.5851,68.1552,ns,,,"1x128x1",,
"dot/dot_fp64_1xNx1_1x1x1/128/5/real_time",615028,227.489,226.092,ns,,,"1x128x5",,
"dot/dot_fp64_1xNx1_1x1x1/128/11/real_time",304691,458.49,455.877,ns,,,"1x128x11",,
"dot/dot_fp64_1xNx1_1x1x1/128/16/real_time",214465,655.303,650.795,ns,,,"1x128x16",,
"dot/dot_fp64_1xNx1_1x1x1/128/22/real_time",157023,894.135,888.963,ns,,,"1x128x22",,
"dot/dot_fp64_1xNx1_1x1x1/256/1/real_time",1063636,131.699,130.819,ns,,,"1x256x1",,
"dot/dot_fp64_1xNx1_1x1x1/256/2/real_time",639578,218.728,217.505,ns,,,"1x256x2",,
"dot/dot_fp64_1xNx1_1x1x1/256/5/real_time",302004,463.965,461.107,ns,,,"1x256x5",,
"dot/dot_fp64_1xNx1_1x1x1/256/7/real_time",222980,628.313,624.661,ns,,,"1x256x7",,
"dot/dot_fp64_1xNx1_1x1x1/256/10/real_time",157786,882.567,877.935,ns,,,"1x256x10",,
"dot/dot_fp16_fp16_fp32_1xNx1_1x1x1/32/1/real_time",3046407,45.9373,45.6772,ns,,,"1x32x1",,
"dot/dot_fp16_fp16_fp32_1xNx1_1x1x1/32/92/real_time",59083,2366.34,2352.83,ns,,,"1x32x92",,
"dot/dot_fp16_fp16_fp32_1xNx1_1x1x1/32/185/real_time",29596,4725.08,4698.84,ns,,,"1x32x185",,
"dot/dot_fp16_fp16_fp32_1xNx1_1x1x1/32/277/real_time",19873,7038.53,6996.66,ns,,,"1x32x277",,
"dot/dot_fp16_fp16_fp32_1xNx1_1x1x1/32/370/real_time",14818,9427.93,9366.87,ns,,,"1x32x370",,
"dot/dot_fp16_fp16_fp32_1xNx1_1x1x1/64/1/real_time",1977538,71.0993,70.6411,ns,,,"1x64x1",,
"dot/dot_fp16_fp16_fp32_1xNx1_1x1x1/64/46/real_time",60592,2311.41,2297.71,ns,,,"1x64x46",,
"dot/dot_fp16_fp16_fp32_1xNx1_1x1x1/64/93/real_time",30126,4649.59,4622.46,ns,,,"1x64x93",,
"dot/dot_fp16_fp16_fp32_1xNx1_1x1x1/64/140/real_time",19927,6985.27,6947.48,ns,,,"1x64x140",,
"dot/dot_fp16_fp16_fp32_1xNx1_1x1x1/64/187/real_time",14925,9330.34,9275.29,ns,,,"1x64x187",,
"dot/dot_fp16_fp16_fp32_1xNx1_1x1x1/128/1/real_time",1159545,120.764,120.11,ns,,,"1x128x1",,
"dot/dot_fp16_fp16_fp32_1xNx1_1x1x1/128/23/real_time",60957,2295.47,2282.48,ns,,,"1x128x23",,
"dot/dot_fp16_fp16_fp32_1xNx1_1x1x1/128/46/real_time",30661,4562.26,4537.14,ns,,,"1x128x46",,
"dot/dot_fp16_fp16_fp32_1xNx1_1x1x1/128/69/real_time",20381,6868.71,6827.28,ns,,,"1x128x69",,
"dot/dot_fp16_fp16_fp32_1xNx1_1x1x1/128/93/real_time",15130,9239.91,9185.47,ns,,,"1x128x93",,
"dot/dot_fp16_fp16_fp32_1xNx1_1x1x1/256/1/real_time",616392,227.059,225.74,ns,,,"1x256x1",,
"dot/dot_fp16_fp16_fp32_1xNx1_1x1x1/256/11/real_time",62856,2221.11,2207.83,ns,,,"1x256x11",,
"dot/dot_fp16_fp16_fp32_1xNx1_1x1x1/256/22/real_time",31725,4407.86,4385.18,ns,,,"1x256x22",,
"dot/dot_fp16_fp16_fp32_1xNx1_1x1x1/256/33/real_time",21217,6610.84,6571.92,ns,,,"1x256x33",,
"dot/dot_fp16_fp16_fp32_1xNx1_1x1x1/256/45/real_time",15573,8991.73,8941.72,ns,,,"1x256x45",,
"dot/dot_bf16_bf16_fp32_1xNx1_1x1x1/32/1/real_time",5906680,23.6945,23.5582,ns,,,"1x32x1",,
"dot/dot_bf16_bf16_fp32_1xNx1_1x1x1/32/92/real_time",267854,522.809,519.602,ns,,,"1x32x92",,
"dot/dot_bf16_bf16_fp32_1xNx1_1x1x1/32/185/real_time",135734,1027.14,1021.37,ns,,,"1x32x185",,
"dot/dot_bf16_bf16_fp32_1xNx1_1x1x1/32/277/real_time",91232,1525.16,1516.3,ns,,,"1x32x277",,
"dot/dot_bf16_bf16_fp32_1xNx1_1x1x1/32/370/real_time",68746,2034.4,2021.02,ns,,,"1x32x370",,
"dot/dot_bf16_bf16_fp32_1xNx1_1x1x1/64/1/real_time",4720419,29.6794,29.5028,ns,,,"1x64x1",,
"dot/dot_bf16_bf16_fp32_1xNx1_1x1x1/64/46/real_time",278427,502.932,499.765,ns,,,"1x64x46",,
"dot/dot_bf16_bf16_fp32_1xNx1_1x1x1/64/93/real_time",142418,982.457,976.729,ns,,,"1x64x93",,
"dot/dot_bf16_bf16_fp32_1xNx1_1x1x1/64/140/real_time",95493,1478.05,1470.17,ns,,,"1x64x140",,
"dot/dot_bf16_bf16_fp32_1xNx1_1x1x1/64/187/real_time",71109,1962.73,1951.96,ns,,,"1x64x187",,
"dot/dot_bf16_bf16_fp32_1xNx1_1x1x1/128/1/real_time",3254773,42.9863,42.7549,ns,,,"1x128x1",,
"dot/dot_bf16_bf16_fp32_1xNx1_1x1x1/128/23/real_time",281464,496.566,493.92,ns,,,"1x128x23",,
"dot/dot_bf16_bf16_fp32_1xNx1_1x1x1/128/46/real_time",145286,962.644,957.254,ns,,,"1x128x46",,
"dot/dot_bf16_bf16_fp32_1xNx1_1x1x1/128/69/real_time",96965,1431.39,1423.83,ns,,,"1x128x69",,
"dot/dot_bf16_bf16_fp32_1xNx1_1x1x1/128/93/real_time",72463,1924.52,1912.91,ns,,,"1x128x93",,
"dot/dot_bf16_bf16_fp32_1xNx1_1x1x1/256/1/real_time",2023041,69.1531,68.7949,ns,,,"1x256x1",,
"dot/dot_bf16_bf16_fp32_1xNx1_1x1x1/256/11/real_time",292125,478.942,476.1,ns,,,"1x256x11",,
"dot/dot_bf16_bf16_fp32_1xNx1_1x1x1/256/22/real_time",151718,922.982,917.459,ns,,,"1x256x22",,
"dot/dot_bf16_bf16_fp32_1xNx1_1x1x1/256/33/real_time",101064,1376.98,1369.09,ns,,,"1x256x33",,
"dot/dot_bf16_bf16_fp32_1xNx1_1x1x1/256/45/real_time",74630,1858.31,1847.04,ns,,,"1x256x45",,
"dot/dot_int8_int8_int32_1xNx1_1x1x1/32/1/real_time",6186407,22.4914,22.3623,ns,,,"1x32x1",,
"dot/dot_int8_int8_int32_1xNx1_1x1x1/32/185/real_time",128611,1084.31,1077.85,ns,,,"1x32x185",,
"dot/dot_int8_int8_int32_1xNx1_1x1x1/32/370/real_time",65050,2144.48,2132.89,ns,,,"1x32x370",,
"dot/dot_int8_int8_int32_1xNx1_1x1x1/32/555/real_time",43575,3215.67,3197.04,ns,,,"1x32x555",,
"dot/dot_int8_int8_int32_1xNx1_1x1x1/32/740/real_time",32696,4281.44,4257.23,ns,,,"1x32x740",,
"dot/dot_int8_int8_int32_1xNx1_1x1x1/64/1/real_time",5006276,28.0285,27.8571,ns,,,"1x64x1",,
"dot/dot_int8_int8_int32_1xNx1_1x1x1/64/93/real_time",241164,579.893,576.918,ns,,,"1x64x93",,
"dot/dot_int8_int8_int32_1xNx1_1x1x1/64/187/real_time",123229,1137.47,1130.68,ns,,,"1x64x187",,
"dot/dot_int8_int8_int32_1xNx1_1x1x1/64/280/real_time",82653,1687.96,1678.26,ns,,,"1x64x280",,
"dot/dot_int8_int8_int32_1xNx1_1x1x1/64/374/real_time",61881,2262.42,2249.47,ns,,,"1x64x374",,
"dot/dot_int8_int8_int32_1xNx1_1x1x1/128/1/real_time",3874734,35.9327,35.7372,ns,,,"1x128x1",,
"dot/dot_int8_int8_int32_1xNx1_1x1x1/128/46/real_time",247402,564.558,561.535,ns,,,"1x128x46",,
"dot/dot_int8_int8_int32_1xNx1_1x1x1/128/93/real_time",125967,1110.47,1104.11,ns,,,"1x128x93",,
"dot/dot_int8_int8_int32_1xNx1_1x1x1/128/139/real_time",84871,1645.25,1636.11,ns,,,"1x128x139",,
"dot/dot_int8_int8_int32_1xNx1_1x1x1/128/186/real_time",63725,2198.87,2184.98,ns,,,"1x128x186",,
"dot/dot_int8_int8_int32_1xNx1_1x1x1/256/1/real_time",2633595,53.1058,52.802,ns,,,"1x256x1",,
"dot/dot_int8_int8_int32_1xNx1_1x1x1/256/22/real_time",247768,561.736,558.311,ns,,,"1x256x22",,
"dot/dot_int8_int8_int32_1xNx1_1x1x1/256/45/real_time",128953,1105.52,1099.46,ns,,,"1x256x45",,
"dot/dot_int8_int8_int32_1xNx1_1x1x1/256/68/real_time",85425,1648.98,1639.14,ns,,,"1x256x68",,
"dot/dot_int8_int8_int32_1xNx1_1x1x1/256/91/real_time",64473,2231.66,2218.98,ns,,,"1x256x91",,
"dot/dot_uint8_int8_int32_1xNx1_1x1x1/32/1/real_time",6002613,23.6621,23.5148,ns,,,"1x32x1",,
"dot/dot_uint8_int8_int32_1xNx1_1x1x1/32/185/real_time",128855,1088.12,1081.63,ns,,,"1x32x185",,
"dot/dot_uint8_int8_int32_1xNx1_1x1x1/32/370/real_time",64917,2157.16,2144.56,ns,,,"1x32x370",,
"dot/dot_uint8_int8_int32_1xNx1_1x1x1/32/555/real_time",43381,3222.65,3204.25,ns,,,"1x32x555",,
"dot/dot_uint8_int8_int32_1xNx1_1x1x1/32/740/real_time",32737,4293.43,4266.08,ns,,,"1x32x740",,
"dot/dot_uint8_int8_int32_1xNx1_1x1x1/64/1/real_time",4800600,29.1227,28.96,ns,,,"1x64x1",,
"dot/dot_uint8_int8_int32_1xNx1_1x1x1/64/93/real_time",127979,1091.58,1084.97,ns,,,"1x64x93",,
"dot/dot_uint8_int8_int32_1xNx1_1x1x1/64/187/real_time",64336,2170.93,2158.46,ns,,,"1x64x187",,
"dot/dot_uint8_int8_int32_1xNx1_1x1x1/64/280/real_time",43125,3239.95,3222.27,ns,,,"1x64x280",,
"dot/dot_uint8_int8_int32_1xNx1_1x1x1/64/374/real_time",32384,4327.96,4299.06,ns,,,"1x64x374",,
"dot/dot_uint8_int8_int32_1xNx1_1x1x1/128/1/real_time",3160249,44.3357,44.0891,ns,,,"1x128x1",,
"dot/dot_uint8_int8_int32_1xNx1_1x1x1/128/46/real_time",128702,1083.21,1076.72,ns,,,"1x128x46",,
"dot/dot_uint8_int8_int32_1xNx1_1x1x1/128/93/real_time",64758,2162.85,2150.27,ns,,,"1x128x93",,
"dot/dot_uint8_int8_int32_1xNx1_1x1x1/128/139/real_time",43467,3221.12,3201.71,ns,,,"1x128x139",,
"dot/dot_uint8_int8_int32_1xNx1_1x1x1/128/186/real_time",32464,4305.98,4277.74,ns,,,"1x128x186",,
"dot/dot_uint8_int8_int32_1xNx1_1x1x1/256/1/real_time",1887521,74.1929,73.6943,ns,,,"1x256x1",,
"dot/dot_uint8_int8_int32_1xNx1_1x1x1/256/22/real_time",133749,1043.09,1036.95,ns,,,"1x256x22",,
"dot/dot_uint8_int8_int32_1xNx1_1x1x1/256/45/real_time",66579,2099.7,2088.27,ns,,,"1x256x45",,
"dot/dot_uint8_int8_int32_1xNx1_1x1x1/256/68/real_time",44244,3157.92,3139.57,ns,,,"1x256x68",,
"dot/dot_uint8_int8_int32_1xNx1_1x1x1/256/91/real_time",33138,4219.54,4194.95,ns,,,"1x256x91",,
"dot/dot_int8_int4_int32_1xNx2_1x1x2/32/2/real_time",5228300,26.5971,26.4253,ns,,,"1x32x2",,
"dot/dot_int8_int4_int32_1xNx2_1x1x2/32/358/real_time",103449,1351.79,1344.31,ns,,,"1x32x358",,
"dot/dot_int8_int4_int32_1xNx2_1x1x2/32/718/real_time",52009,2688.86,2672.89,ns,,,"1x32x718",,
"dot/dot_int8_int4_int32_1xNx2_1x1x2/32/1078/real_time",34741,4025.36,4001.43,ns,,,"1x32x1078",,
"dot/dot_int8_int4_int32_1xNx2_1x1x2/32/1438/real_time",26099,5361.03,5329.48,ns,,,"1x32x1438",,
"dot/dot_int8_int4_int32_1xNx2_1x1x2/64/2/real_time",4154110,34.1376,33.9098,ns,,,"1x64x2",,
"dot/dot_int8_int4_int32_1xNx2_1x1x2/64/184/real_time",110860,1255.63,1247.45,ns,,,"1x64x184",,
"dot/dot_int8_int4_int32_1xNx2_1x1x2/64/368/real_time",56291,2486.03,2471.26,ns,,,"1x64x368",,
"dot/dot_int8_int4_int32_1xNx2_1x1x2/64/552/real_time",37667,3714.77,3689.53,ns,,,"1x64x552",,
"dot/dot_int8_int4_int32_1xNx2_1x1x2/64/736/real_time",28328,4942.32,4911.1,ns,,,"1x64x736",,
"dot/dot_int8_int4_int32_1xNx2_1x1x2/128/2/real_time",2905792,48.138,47.8773,ns,,,"1x128x2",,
"dot/dot_int8_int4_int32_1xNx2_1x1x2/128/92/real_time",112966,1237.44,1230.11,ns,,,"1x128x92",,
"dot/dot_int8_int4_int32_1xNx2_1x1x2/128/184/real_time",57163,2446.11,2431.5,ns,,,"1x128x184",,
"dot/dot_int8_int4_int32_1xNx2_1x1x2/128/276/real_time",38294,3654.35,3631.94,ns,,,"1x128x276",,
"dot/dot_int8_int4_int32_1xNx2_1x1x2/128/370/real_time",28580,4885.08,4854.28,ns,,,"1x128x370",,
"dot/dot_int8_int4_int32_1xNx2_1x1x2/256/2/real_time",1581503,88.4534,87.9677,ns,,,"1x256x2",,
"dot/dot_int8_int4_int32_1xNx2_1x1x2/256/44/real_time",118256,1181.6,1174.59,ns,,,"1x256x44",,
"dot/dot_int8_int4_int32_1xNx2_1x1x2/256/90/real_time",58735,2381.53,2367.65,ns,,,"1x256x90",,
"dot/dot_int8_int4_int32_1xNx2_1x1x2/256/136/real_time",39102,3578.84,3557.58,ns,,,"1x256x136",,
"dot/dot_int8_int4_int32_1xNx2_1x1x2/256/182/real_time",29276,4780.66,4751.91,ns,,,"1x256x182",,
"dot/dot_int8_int2_int32_1xNx4_1x1x4/32/4/real_time",4195627,33.4545,33.2393,ns,,,"1x32x4",,
"dot/dot_int8_int2_int32_1xNx4_1x1x4/32/676/real_time",53124,2633.9,2616.86,ns,,,"1x32x676",,
"dot/dot_int8_int2_int32_1xNx4_1x1x4/32/1356/real_time",26627,5260.22,5227.8,ns,,,"1x32x1356",,
"dot/dot_int8_int2_int32_1xNx4_1x1x4/32/2036/real_time",17729,7933.06,7876.57,ns,,,"1x32x2036",,
"dot/dot_int8_int2_int32_1xNx4_1x1x4/32/2716/real_time",13198,10540.8,10462.9,ns,,,"1x32x2716",,
"dot/dot_int8_int2_int32_1xNx4_1x1x4/64/4/real_time",3034004,46.129,45.8247,ns,,,"1x64x4",,
"dot/dot_int8_int2_int32_1xNx4_1x1x4/64/356/real_time",56424,2475.64,2460.57,ns,,,"1x64x356",,
"dot/dot_int8_int2_int32_1xNx4_1x1x4/64/712/real_time",28537,4903.42,4876.07,ns,,,"1x64x712",,
"dot/dot_int8_int2_int32_1xNx4_1x1x4/64/1068/real_time",19090,7332.59,7290.14,ns,,,"1x64x1068",,
"dot/dot_int8_int2_int32_1xNx4_1x1x4/64/1428/real_time",14253,9788.99,9732.14,ns,,,"1x64x1428",,
"dot/dot_int8_int2_int32_1xNx4_1x1x4/128/4/real_time",1880836,74.416,73.923,ns,,,"1x128x4",,
"dot/dot_int8_int2_int32_1xNx4_1x1x4/128/180/real_time",58616,2385.14,2371.37,ns,,,"1x128x180",,
"dot/dot_int8_int2_int32_1xNx4_1x1x4/128/364/real_time",29375,4764.65,4737.31,ns,,,"1x128x364",,
"dot/dot_int8_int2_int32_1xNx4_1x1x4/128/544/real_time",19750,7087.97,7050.5,ns,,,"1x128x544",,
"dot/dot_int8_int2_int32_1xNx4_1x1x4/128/728/real_time",14734,9464.77,9415.46,ns,,,"1x128x728",,
"dot/dot_int8_int2_int32_1xNx4_1x1x4/256/4/real_time",1035399,135.782,135.046,ns,,,"1x256x4",,
"dot/dot_int8_int2_int32_1xNx4_1x1x4/256/88/real_time",61608,2273.35,2261.58,ns,,,"1x256x88",,
"dot/dot_int8_int2_int32_1xNx4_1x1x4/256/180/real_time",30528,4586.48,4559.96,ns,,,"1x256x180",,
"dot/dot_int8_int2_int32_1xNx4_1x1x4/256/268/real_time",20573,6805.16,6768.82,ns,,,"1x256x268",,
"dot/dot_int8_int2_int32_1xNx4_1x1x4/256/360/real_time",15360,9144.53,9088.36,ns,,,"1x256x360",,
