name,iterations,real_time,cpu_time,time_unit,bytes_per_second,items_per_second,label,error_occurred,error_message,"block_k","block_m","block_n","k","m","n","tile_k","tile_m","tile_n"
"dot/dot_fp32_sme2/64/1/real_time",2300313,60.874,60.8743,ns,,,,,,1,16,64,1,16,64,1,1,16
"dot/dot_fp32_sme2/64/16/real_time",1951091,71.9747,71.971,ns,,,,,,1,16,64,16,16,64,1,1,16
"dot/dot_fp32_sme2/64/32/real_time",1753004,81.2341,81.2343,ns,,,,,,1,16,64,32,16,64,1,1,16
"dot/dot_fp32_sme2/64/48/real_time",1562285,89.5894,89.5854,ns,,,,,,1,16,64,48,16,64,1,1,16
"dot/dot_fp32_sme2/64/64/real_time",1318495,105.252,105.241,ns,,,,,,1,16,64,64,16,64,1,1,16
"dot/dot_fp32_sme2/128/1/real_time",1906025,74.9832,74.9828,ns,,,,,,1,16,64,1,16,128,1,1,16
"dot/dot_fp32_sme2/128/7/real_time",1654787,84.5857,84.5795,ns,,,,,,1,16,64,7,16,128,1,1,16
"dot/dot_fp32_sme2/128/14/real_time",1580658,88.5921,88.5922,ns,,,,,,1,16,64,14,16,128,1,1,16
"dot/dot_fp32_sme2/128/21/real_time",1477113,96.565,96.5647,ns,,,,,,1,16,64,21,16,128,1,1,16
"dot/dot_fp32_sme2/128/28/real_time",1319215,106.001,106,ns,,,,,,1,16,64,28,16,128,1,1,16
"dot/dot_fp32_sme2/256/1/real_time",1431753,101.159,101.153,ns,,,,,,1,16,64,1,16,256,1,1,16
"dot/dot_fp32_sme2/256/3/real_time",1290912,110.423,110.417,ns,,,,,,1,16,64,3,16,256,1,1,16
"dot/dot_fp32_sme2/256/5/real_time",1223937,114.837,114.837,ns,,,,,,1,16,64,5,16,256,1,1,16
"dot/dot_fp32_sme2/256/7/real_time",1319645,106.151,106.151,ns,,,,,,1,16,64,7,16,256,1,1,16
"dot/dot_bf16_bf16_fp32_sme2/64/2/real_time",2205189,63.6578,63.6576,ns,,,,,,2,16,64,2,16,64,2,1,16
"dot/dot_bf16_bf16_fp32_sme2/64/32/real_time",1950625,71.9902,71.9903,ns,,,,,,2,16,64,32,16,64,2,1,16
"dot/dot_bf16_bf16_fp32_sme2/64/64/real_time",1412872,98.9619,98.963,ns,,,,,,2,16,64,64,16,64,2,1,16
"dot/dot_bf16_bf16_fp32_sme2/64/96/real_time",1064740,130.473,130.466,ns,,,,,,2,16,64,96,16,64,2,1,16
"dot/dot_bf16_bf16_fp32_sme2/64/128/real_time",861565,162.284,162.285,ns,,,,,,2,16,64,128,16,64,2,1,16
"dot/dot_bf16_bf16_fp32_sme2/128/2/real_time",1877430,82.4131,82.4073,ns,,,,,,2,16,64,2,16,128,2,1,16
"dot/dot_bf16_bf16_fp32_sme2/128/14/real_time",1763400,79.8669,79.8667,ns,,,,,,2,16,64,14,16,128,2,1,16
"dot/dot_bf16_bf16_fp32_sme2/128/28/real_time",1414086,98.9627,98.9629,ns,,,,,,2,16,64,28,16,128,2,1,16
"dot/dot_bf16_bf16_fp32_sme2/128/42/real_time",1091076,127.029,127.022,ns,,,,,,2,16,64,42,16,128,2,1,16
"dot/dot_bf16_bf16_fp32_sme2/128/56/real_time",901771,156.01,156.002,ns,,,,,,2,16,64,56,16,128,2,1,16
"dot/dot_bf16_bf16_fp32_sme2/256/2/real_time",1433506,97.3033,97.3041,ns,,,,,,2,16,64,2,16,256,2,1,16
"dot/dot_bf16_bf16_fp32_sme2/256/6/real_time",1364655,102.445,102.44,ns,,,,,,2,16,64,6,16,256,2,1,16
"dot/dot_bf16_bf16_fp32_sme2/256/10/real_time",1275869,109.377,109.369,ns,,,,,,2,16,64,10,16,256,2,1,16
"dot/dot_bf16_bf16_fp32_sme2/256/14/real_time",1149087,121.127,121.127,ns,,,,,,2,16,64,14,16,256,2,1,16
"dot/dot_fp16_fp16_fp32_sme2/64/2/real_time",2270276,63.6691,63.6689,ns,,,,,,2,16,64,2,16,64,2,1,16
"dot/dot_fp16_fp16_fp32_sme2/64/32/real_time",1990238,72.7271,72.7275,ns,,,,,,2,16,64,32,16,64,2,1,16
"dot/dot_fp16_fp16_fp32_sme2/64/64/real_time",1415242,99.0778,99.0643,ns,,,,,,2,16,64,64,16,64,2,1,16
"dot/dot_fp16_fp16_fp32_sme2/64/96/real_time",1064504,131.505,131.504,ns,,,,,,2,16,64,96,16,64,2,1,16
"dot/dot_fp16_fp16_fp32_sme2/64/128/real_time",853234,164.095,164.093,ns,,,,,,2,16,64,128,16,64,2,1,16
"dot/dot_fp16_fp16_fp32_sme2/128/2/real_time",1831584,77.6296,77.6295,ns,,,,,,2,16,64,2,16,128,2,1,16
"dot/dot_fp16_fp16_fp32_sme2/128/14/real_time",1756838,86.3592,86.3557,ns,,,,,,2,16,64,14,16,128,2,1,16
"dot/dot_fp16_fp16_fp32_sme2/128/28/real_time",1444467,111.421,111.414,ns,,,,,,2,16,64,28,16,128,2,1,16
"dot/dot_fp16_fp16_fp32_sme2/128/42/real_time",1106373,126.581,126.581,ns,,,,,,2,16,64,42,16,128,2,1,16
"dot/dot_fp16_fp16_fp32_sme2/128/56/real_time",899259,155.296,155.287,ns,,,,,,2,16,64,56,16,128,2,1,16
"dot/dot_fp16_fp16_fp32_sme2/256/2/real_time",1477141,96.2862,96.2806,ns,,,,,,2,16,64,2,16,256,2,1,16
"dot/dot_fp16_fp16_fp32_sme2/256/6/real_time",1377422,106.115,104.683,ns,,,,,,2,16,64,6,16,256,2,1,16
"dot/dot_fp16_fp16_fp32_sme2/256/10/real_time",1266142,110.673,110.671,ns,,,,,,2,16,64,10,16,256,2,1,16
"dot/dot_fp16_fp16_fp32_sme2/256/14/real_time",1137992,122.475,122.474,ns,,,,,,2,16,64,14,16,256,2,1,16
"dot/dot_int8_int8_int32_sme2/64/4/real_time",3793635,37.9963,37.9944,ns,,,,,,4,16,64,4,16,64,4,1,16
"dot/dot_int8_int8_int32_sme2/64/64/real_time",2980195,46.8117,46.8117,ns,,,,,,4,16,64,64,16,64,4,1,16
"dot/dot_int8_int8_int32_sme2/64/128/real_time",1855760,75.3796,75.3788,ns,,,,,,4,16,64,128,16,64,4,1,16
"dot/dot_int8_int8_int32_sme2/64/192/real_time",1294922,108.128,108.123,ns,,,,,,4,16,64,192,16,64,4,1,16
"dot/dot_int8_int8_int32_sme2/64/256/real_time",996489,147.761,147.708,ns,,,,,,4,16,64,256,16,64,4,1,16
"dot/dot_int8_int8_int32_sme2/128/4/real_time",2703307,49.252,49.2523,ns,,,,,,4,16,64,4,16,128,4,1,16
"dot/dot_int8_int8_int32_sme2/128/28/real_time",2523532,55.7346,55.7318,ns,,,,,,4,16,64,28,16,128,4,1,16
"dot/dot_int8_int8_int32_sme2/128/56/real_time",1874551,74.7624,74.7587,ns,,,,,,4,16,64,56,16,128,4,1,16
"dot/dot_int8_int8_int32_sme2/128/84/real_time",1352543,103.527,103.527,ns,,,,,,4,16,64,84,16,128,4,1,16
"dot/dot_int8_int8_int32_sme2/128/112/real_time",1059502,131.775,131.767,ns,,,,,,4,16,64,112,16,128,4,1,16
"dot/dot_int8_int8_int32_sme2/256/4/real_time",2033896,68.8427,68.8423,ns,,,,,,4,16,64,4,16,256,4,1,16
"dot/dot_int8_int8_int32_sme2/256/12/real_time",1910805,73.4789,73.4743,ns,,,,,,4,16,64,12,16,256,4,1,16
"dot/dot_int8_int8_int32_sme2/256/20/real_time",1750642,79.9116,79.9113,ns,,,,,,4,16,64,20,16,256,4,1,16
"dot/dot_int8_int8_int32_sme2/256/28/real_time",1547070,91.1338,91.1258,ns,,,,,,4,16,64,28,16,256,4,1,16
"dot/dot_fp32_sme/64/1/real_time",2245994,63.6472,63.6471,ns,,,,,,1,16,64,1,16,64,1,1,16
"dot/dot_fp32_sme/64/16/real_time",1780903,78.6581,78.6584,ns,,,,,,1,16,64,16,16,64,1,1,16
"dot/dot_fp32_sme/64/32/real_time",1514182,93.2982,93.2926,ns,,,,,,1,16,64,32,16,64,1,1,16
"dot/dot_fp32_sme/64/48/real_time",1287860,107.871,107.865,ns,,,,,,1,16,64,48,16,64,1,1,16
"dot/dot_fp32_sme/64/64/real_time",1175746,119.664,119.653,ns,,,,,,1,16,64,64,16,64,1,1,16
"dot/dot_fp32_sme/128/1/real_time",1864816,81.7851,81.785,ns,,,,,,1,16,64,1,16,128,1,1,16
"dot/dot_fp32_sme/128/7/real_time",1643471,85.6753,85.676,ns,,,,,,1,16,64,7,16,128,1,1,16
"dot/dot_fp32_sme/128/14/real_time",1431145,97.8468,97.8475,ns,,,,,,1,16,64,14,16,128,1,1,16
"dot/dot_fp32_sme/128/21/real_time",1261721,112.298,112.299,ns,,,,,,1,16,64,21,16,128,1,1,16
"dot/dot_fp32_sme/128/28/real_time",1122091,125.917,125.906,ns,,,,,,1,16,64,28,16,128,1,1,16
"dot/dot_fp32_sme/256/1/real_time",1434307,100.471,100.471,ns,,,,,,1,16,64,1,16,256,1,1,16
"dot/dot_fp32_sme/256/3/real_time",1215106,114.267,114.26,ns,,,,,,1,16,64,3,16,256,1,1,16
"dot/dot_fp32_sme/256/5/real_time",1247698,113.049,113.039,ns,,,,,,1,16,64,5,16,256,1,1,16
"dot/dot_fp32_sme/256/7/real_time",1203689,116.786,116.785,ns,,,,,,1,16,64,7,16,256,1,1,16
"dot/dot_bf16_bf16_fp32_sme/64/2/real_time",2247421,62.982,62.9806,ns,,,,,,2,16,64,2,16,64,2,1,16
"dot/dot_bf16_bf16_fp32_sme/64/32/real_time",1817669,78.6659,78.6617,ns,,,,,,2,16,64,32,16,64,2,1,16
"dot/dot_bf16_bf16_fp32_sme/64/64/real_time",1416895,98.7927,98.7928,ns,,,,,,2,16,64,64,16,64,2,1,16
"dot/dot_bf16_bf16_fp32_sme/64/96/real_time",1062279,131.362,131.362,ns,,,,,,2,16,64,96,16,64,2,1,16
"dot/dot_bf16_bf16_fp32_sme/64/128/real_time",849699,164.046,164.046,ns,,,,,,2,16,64,128,16,64,2,1,16
"dot/dot_bf16_bf16_fp32_sme/128/2/real_time",1814146,76.4654,76.4597,ns,,,,,,2,16,64,2,16,128,2,1,16
"dot/dot_bf16_bf16_fp32_sme/128/14/real_time",1653560,86.1143,86.1142,ns,,,,,,2,16,64,14,16,128,2,1,16
"dot/dot_bf16_bf16_fp32_sme/128/28/real_time",1432711,108.551,108.53,ns,,,,,,2,16,64,28,16,128,2,1,16
"dot/dot_bf16_bf16_fp32_sme/128/42/real_time",1086802,128.514,128.514,ns,,,,,,2,16,64,42,16,128,2,1,16
"dot/dot_bf16_bf16_fp32_sme/128/56/real_time",891590,156.254,156.244,ns,,,,,,2,16,64,56,16,128,2,1,16
"dot/dot_bf16_bf16_fp32_sme/256/2/real_time",1478764,97.9014,97.9014,ns,,,,,,2,16,64,2,16,256,2,1,16
"dot/dot_bf16_bf16_fp32_sme/256/6/real_time",1360958,104.181,104.165,ns,,,,,,2,16,64,6,16,256,2,1,16
"dot/dot_bf16_bf16_fp32_sme/256/10/real_time",1269909,109.951,109.951,ns,,,,,,2,16,64,10,16,256,2,1,16
"dot/dot_bf16_bf16_fp32_sme/256/14/real_time",1146304,122.81,122.803,ns,,,,,,2,16,64,14,16,256,2,1,16
"dot/dot_fp16_fp16_fp32_sme/64/2/real_time",2191761,63.9028,63.903,ns,,,,,,2,16,64,2,16,64,2,1,16
"dot/dot_fp16_fp16_fp32_sme/64/32/real_time",1776153,78.9151,78.9149,ns,,,,,,2,16,64,32,16,64,2,1,16
"dot/dot_fp16_fp16_fp32_sme/64/64/real_time",1418311,97.5915,97.5865,ns,,,,,,2,16,64,64,16,64,2,1,16
"dot/dot_fp16_fp16_fp32_sme/64/96/real_time",1079081,129.585,129.585,ns,,,,,,2,16,64,96,16,64,2,1,16
"dot/dot_fp16_fp16_fp32_sme/64/128/real_time",862127,162.213,162.203,ns,,,,,,2,16,64,128,16,64,2,1,16
"dot/dot_fp16_fp16_fp32_sme/128/2/real_time",1862594,77.7826,77.7765,ns,,,,,,2,16,64,2,16,128,2,1,16
"dot/dot_fp16_fp16_fp32_sme/128/14/real_time",1621241,86.9258,86.926,ns,,,,,,2,16,64,14,16,128,2,1,16
"dot/dot_fp16_fp16_fp32_sme/128/28/real_time",1412178,99.5798,99.5746,ns,,,,,,2,16,64,28,16,128,2,1,16
"dot/dot_fp16_fp16_fp32_sme/128/42/real_time",1090449,128.465,128.466,ns,,,,,,2,16,64,42,16,128,2,1,16
"dot/dot_fp16_fp16_fp32_sme/128/56/real_time",891545,156.277,156.268,ns,,,,,,2,16,64,56,16,128,2,1,16
"dot/dot_fp16_fp16_fp32_sme/256/2/real_time",1484191,95.1055,95.0969,ns,,,,,,2,16,64,2,16,256,2,1,16
"dot/dot_fp16_fp16_fp32_sme/256/6/real_time",1263866,108.966,108.966,ns,,,,,,2,16,64,6,16,256,2,1,16
"dot/dot_fp16_fp16_fp32_sme/256/10/real_time",1265971,110.422,110.423,ns,,,,,,2,16,64,10,16,256,2,1,16
"dot/dot_fp16_fp16_fp32_sme/256/14/real_time",1150992,122.838,122.83,ns,,,,,,2,16,64,14,16,256,2,1,16
"dot/dot_int8_int8_int32_sme/64/4/real_time",3668070,41.6348,41.635,ns,,,,,,4,16,64,4,16,64,4,1,16
"dot/dot_int8_int8_int32_sme/64/64/real_time",2644668,52.9604,52.9571,ns,,,,,,4,16,64,64,16,64,4,1,16
"dot/dot_int8_int8_int32_sme/64/128/real_time",1852016,75.4477,75.4437,ns,,,,,,4,16,64,128,16,64,4,1,16
"dot/dot_int8_int8_int32_sme/64/192/real_time",1296641,107.984,107.984,ns,,,,,,4,16,64,192,16,64,4,1,16
"dot/dot_int8_int8_int32_sme/64/256/real_time",996758,140.437,140.437,ns,,,,,,4,16,64,256,16,64,4,1,16
"dot/dot_int8_int8_int32_sme/128/4/real_time",2057180,51.7621,51.7621,ns,,,,,,4,16,64,4,16,128,4,1,16
"dot/dot_int8_int8_int32_sme/128/28/real_time",2301543,64.3501,64.3503,ns,,,,,,4,16,64,28,16,128,4,1,16
"dot/dot_int8_int8_int32_sme/128/56/real_time",1872449,74.6036,74.6039,ns,,,,,,4,16,64,56,16,128,4,1,16
"dot/dot_int8_int8_int32_sme/128/84/real_time",1352221,104.057,104.052,ns,,,,,,4,16,64,84,16,128,4,1,16
"dot/dot_int8_int8_int32_sme/128/112/real_time",1063537,131.836,131.836,ns,,,,,,4,16,64,112,16,128,4,1,16
"dot/dot_int8_int8_int32_sme/256/4/real_time",2003139,70.3643,70.3606,ns,,,,,,4,16,64,4,16,256,4,1,16
"dot/dot_int8_int8_int32_sme/256/12/real_time",1804849,77.6001,77.6004,ns,,,,,,4,16,64,12,16,256,4,1,16
"dot/dot_int8_int8_int32_sme/256/20/real_time",1633326,85.3989,85.3994,ns,,,,,,4,16,64,20,16,256,4,1,16
"dot/dot_int8_int8_int32_sme/256/28/real_time",1509892,92.6848,92.6848,ns,,,,,,4,16,64,28,16,256,4,1,16
"dot/dot_int8_int4_int32_sme/64/8/real_time",3437403,45.8217,45.8215,ns,,,,,,8,16,64,8,16,64,8,1,16
"dot/dot_int8_int4_int32_sme/64/104/real_time",2004364,69.8267,69.8271,ns,,,,,,8,16,64,104,16,64,8,1,16
"dot/dot_int8_int4_int32_sme/64/208/real_time",1204077,116.247,116.238,ns,,,,,,8,16,64,208,16,64,8,1,16
"dot/dot_int8_int4_int32_sme/64/312/real_time",827794,168.985,168.985,ns,,,,,,8,16,64,312,16,64,8,1,16
"dot/dot_int8_int4_int32_sme/64/424/real_time",619692,226.511,226.506,ns,,,,,,8,16,64,424,16,64,8,1,16
"dot/dot_int8_int4_int32_sme/128/8/real_time",2363002,55.9295,55.9293,ns,,,,,,8,16,64,8,16,128,8,1,16
"dot/dot_int8_int4_int32_sme/128/48/real_time",1749238,77.5369,77.5326,ns,,,,,,8,16,64,48,16,128,8,1,16
"dot/dot_int8_int4_int32_sme/128/96/real_time",1206091,115.944,115.944,ns,,,,,,8,16,64,96,16,128,8,1,16
"dot/dot_int8_int4_int32_sme/128/144/real_time",847992,164.844,164.835,ns,,,,,,8,16,64,144,16,128,8,1,16
"dot/dot_int8_int4_int32_sme/128/200/real_time",631696,221.849,221.836,ns,,,,,,8,16,64,200,16,128,8,1,16
"dot/dot_int8_int4_int32_sme/256/8/real_time",1695893,82.2016,82.2021,ns,,,,,,8,16,64,8,16,256,8,1,16
"dot/dot_int8_int4_int32_sme/256/24/real_time",1435085,97.6337,97.6277,ns,,,,,,8,16,64,24,16,256,8,1,16
"dot/dot_int8_int4_int32_sme/256/40/real_time",1198865,116.828,116.828,ns,,,,,,8,16,64,40,16,256,8,1,16
"dot/dot_int8_int4_int32_sme/256/56/real_time",937942,148.304,148.297,ns,,,,,,8,16,64,56,16,256,8,1,16
"dot/dot_int8_int2_int32_sme/64/16/real_time",3209843,43.9246,43.9243,ns,,,,,,16,16,64,16,16,64,16,1,16
"dot/dot_int8_int2_int32_sme/64/160/real_time",1465173,95.4948,95.4952,ns,,,,,,16,16,64,160,16,64,16,1,16
"dot/dot_int8_int2_int32_sme/64/320/real_time",766845,182.061,182.062,ns,,,,,,16,16,64,320,16,64,16,1,16
"dot/dot_int8_int2_int32_sme/64/480/real_time",519843,269.354,269.339,ns,,,,,,16,16,64,480,16,64,16,1,16
"dot/dot_int8_int2_int32_sme/64/640/real_time",394190,355.348,355.341,ns,,,,,,16,16,64,640,16,64,16,1,16
"dot/dot_int8_int2_int32_sme/128/16/real_time",2425441,62.8117,62.8117,ns,,,,,,16,16,64,16,16,128,16,1,16
"dot/dot_int8_int2_int32_sme/128/80/real_time",1392706,100.66,100.656,ns,,,,,,16,16,64,80,16,128,16,1,16
"dot/dot_int8_int2_int32_sme/128/160/real_time",748430,186.635,186.636,ns,,,,,,16,16,64,160,16,128,16,1,16
"dot/dot_int8_int2_int32_sme/128/240/real_time",512173,273.634,273.634,ns,,,,,,16,16,64,240,16,128,16,1,16
"dot/dot_int8_int2_int32_sme/128/336/real_time",371539,377.206,377.156,ns,,,,,,16,16,64,336,16,128,16,1,16
"dot/dot_int8_int2_int32_sme/256/16/real_time",1639108,85.4121,85.4074,ns,,,,,,16,16,64,16,16,256,16,1,16
"dot/dot_int8_int2_int32_sme/256/48/real_time",1049062,133.524,133.524,ns,,,,,,16,16,64,48,16,256,16,1,16
"dot/dot_int8_int2_int32_sme/256/64/real_time",842692,166.027,166.018,ns,,,,,,16,16,64,64,16,256,16,1,16
"dot/dot_int8_int2_int32_sme/256/96/real_time",600895,232.244,232.244,ns,,,,,,16,16,64,96,16,256,16,1,16
"dot/dot_int8_int2_int32_2x32x8_2x4x8_neoni8mm/32/8/real_time",13351877,10.6646,10.6646,ns,,,,,,8,2,32,8,2,32,8,2,4
"dot/dot_int8_int2_int32_2x32x8_2x4x8_neoni8mm/32/608/real_time",391178,357.215,357.213,ns,,,,,,8,2,32,608,2,32,8,2,4
"dot/dot_int8_int2_int32_2x32x8_2x4x8_neoni8mm/32/1216/real_time",195670,731.149,731.144,ns,,,,,,8,2,32,1216,2,32,8,2,4
"dot/dot_int8_int2_int32_2x32x8_2x4x8_neoni8mm/32/1824/real_time",127225,1098.43,1098.42,ns,,,,,,8,2,32,1824,2,32,8,2,4
"dot/dot_int8_int2_int32_2x32x8_2x4x8_neoni8mm/32/2432/real_time",100139,1426.92,1426.93,ns,,,,,,8,2,32,2432,2,32,8,2,4
"dot/dot_int8_int2_int32_2x32x8_2x4x8_neoni8mm/64/8/real_time",10248527,13.7085,13.7084,ns,,,,,,8,2,32,8,2,64,8,2,4
"dot/dot_int8_int2_int32_2x32x8_2x4x8_neoni8mm/64/328/real_time",358039,387.836,387.807,ns,,,,,,8,2,32,328,2,64,8,2,4
"dot/dot_int8_int2_int32_2x32x8_2x4x8_neoni8mm/64/664/real_time",179096,778.169,778.13,ns,,,,,,8,2,32,664,2,64,8,2,4
"dot/dot_int8_int2_int32_2x32x8_2x4x8_neoni8mm/64/1000/real_time",119924,1177.7,1177.7,ns,,,,,,8,2,32,1000,2,64,8,2,4
"dot/dot_int8_int2_int32_2x32x8_2x4x8_neoni8mm/64/1336/real_time",89076,1573.22,1573.12,ns,,,,,,8,2,32,1336,2,64,8,2,4
"dot/dot_int8_int2_int32_2x32x8_2x4x8_neoni8mm/128/8/real_time",5831855,23.8594,23.8588,ns,,,,,,8,2,32,8,2,128,8,2,4
"dot/dot_int8_int2_int32_2x32x8_2x4x8_neoni8mm/128/168/real_time",349281,405.78,405.782,ns,,,,,,8,2,32,168,2,128,8,2,4
"dot/dot_int8_int2_int32_2x32x8_2x4x8_neoni8mm/128/344/real_time",167868,833.645,833.643,ns,,,,,,8,2,32,344,2,128,8,2,4
"dot/dot_int8_int2_int32_2x32x8_2x4x8_neoni8mm/128/512/real_time",113204,1199.53,1199.46,ns,,,,,,8,2,32,512,2,128,8,2,4
"dot/dot_int8_int2_int32_2x32x8_2x4x8_neoni8mm/128/688/real_time",86541,1618.72,1618.71,ns,,,,,,8,2,32,688,2,128,8,2,4
"dot/dot_int8_int2_int32_2x32x8_2x4x8_neoni8mm/256/8/real_time",2975914,47.1435,47.1425,ns,,,,,,8,2,32,8,2,256,8,2,4
"dot/dot_int8_int2_int32_2x32x8_2x4x8_neoni8mm/256/80/real_time",362050,386.696,386.679,ns,,,,,,8,2,32,80,2,256,8,2,4
"dot/dot_int8_int2_int32_2x32x8_2x4x8_neoni8mm/256/168/real_time",177038,804.078,804.07,ns,,,,,,8,2,32,168,2,256,8,2,4
"dot/dot_int8_int2_int32_2x32x8_2x4x8_neoni8mm/256/248/real_time",118638,1181.76,1181.76,ns,,,,,,8,2,32,248,2,256,8,2,4
"dot/dot_int8_int2_int32_2x32x8_2x4x8_neoni8mm/256/336/real_time",87814,1601.62,1601.53,ns,,,,,,8,2,32,336,2,256,8,2,4
"dot/dot_int8_int2_int32_4x16x8_2x4x8_neoni8mm/16/8/real_time",10678973,13.2172,13.2173,ns,,,,,,8,4,16,8,4,16,8,2,4
"dot/dot_int8_int2_int32_4x16x8_2x4x8_neoni8mm/16/760/real_time",433231,313.863,313.846,ns,,,,,,8,4,16,760,4,16,8,2,4
"dot/dot_int8_int2_int32_4x16x8_2x4x8_neoni8mm/16/1520/real_time",223312,628.424,628.372,ns,,,,,,8,4,16,1520,4,16,8,2,4
"dot/dot_int8_int2_int32_4x16x8_2x4x8_neoni8mm/16/2280/real_time",149769,944.156,944.154,ns,,,,,,8,4,16,2280,4,16,8,2,4
"dot/dot_int8_int2_int32_4x16x8_2x4x8_neoni8mm/16/3040/real_time",111110,1260.94,1260.93,ns,,,,,,8,4,16,3040,4,16,8,2,4
"dot/dot_int8_int2_int32_4x16x8_2x4x8_neoni8mm/32/8/real_time",8929283,15.8476,15.8467,ns,,,,,,8,4,16,8,4,32,8,2,4
"dot/dot_int8_int2_int32_4x16x8_2x4x8_neoni8mm/32/496/real_time",330613,415.381,415.362,ns,,,,,,8,4,16,496,4,32,8,2,4
"dot/dot_int8_int2_int32_4x16x8_2x4x8_neoni8mm/32/1000/real_time",168138,834.889,834.868,ns,,,,,,8,4,16,1000,4,32,8,2,4
"dot/dot_int8_int2_int32_4x16x8_2x4x8_neoni8mm/32/1496/real_time",112452,1237.9,1237.83,ns,,,,,,8,4,16,1496,4,32,8,2,4
"dot/dot_int8_int2_int32_4x16x8_2x4x8_neoni8mm/32/2000/real_time",84903,1651.15,1651.17,ns,,,,,,8,4,16,2000,4,32,8,2,4
"dot/dot_int8_int2_int32_4x16x8_2x4x8_neoni8mm/64/8/real_time",5703199,24.4516,24.4503,ns,,,,,,8,4,16,8,4,64,8,2,4
"dot/dot_int8_int2_int32_4x16x8_2x4x8_neoni8mm/64/288/real_time",292253,483.863,483.865,ns,,,,,,8,4,16,288,4,64,8,2,4
"dot/dot_int8_int2_int32_4x16x8_2x4x8_neoni8mm/64/584/real_time",142407,984.506,984.411,ns,,,,,,8,4,16,584,4,64,8,2,4
"dot/dot_int8_int2_int32_4x16x8_2x4x8_neoni8mm/64/880/real_time",96074,1468,1468,ns,,,,,,8,4,16,880,4,64,8,2,4
"dot/dot_int8_int2_int32_4x16x8_2x4x8_neoni8mm/64/1176/real_time",71122,1957.6,1957.5,ns,,,,,,8,4,16,1176,4,64,8,2,4
"dot/dot_int8_int2_int32_4x16x8_2x4x8_neoni8mm/128/8/real_time",3260968,43.0492,43.0495,ns,,,,,,8,4,16,8,4,128,8,2,4
"dot/dot_int8_int2_int32_4x16x8_2x4x8_neoni8mm/128/152/real_time",265797,514.136,514.11,ns,,,,,,8,4,16,152,4,128,8,2,4
"dot/dot_int8_int2_int32_4x16x8_2x4x8_neoni8mm/128/312/real_time",134615,1038.96,1038.96,ns,,,,,,8,4,16,312,4,128,8,2,4
"dot/dot_int8_int2_int32_4x16x8_2x4x8_neoni8mm/128/464/real_time",90849,1536.58,1536.47,ns,,,,,,8,4,16,464,4,128,8,2,4
"dot/dot_int8_int2_int32_4x16x8_2x4x8_neoni8mm/128/624/real_time",67170,2084.03,2084.03,ns,,,,,,8,4,16,624,4,128,8,2,4
"dot/dot_int8_int2_int32_4x8x8_2x4x8_neoni8mm/8/8/real_time",15259008,9.09091,9.09043,ns,,,,,,8,4,8,8,4,8,8,2,4
"dot/dot_int8_int2_int32_4x8x8_2x4x8_neoni8mm/8/1016/real_time",658871,213.917,213.917,ns,,,,,,8,4,8,1016,4,8,8,2,4
"dot/dot_int8_int2_int32_4x8x8_2x4x8_neoni8mm/8/2032/real_time",328384,421.409,421.397,ns,,,,,,8,4,8,2032,4,8,8,2,4
"dot/dot_int8_int2_int32_4x8x8_2x4x8_neoni8mm/8/3048/real_time",222202,630.285,630.242,ns,,,,,,8,4,8,3048,4,8,8,2,4
"dot/dot_int8_int2_int32_4x8x8_2x4x8_neoni8mm/8/4072/real_time",162783,862.078,862.074,ns,,,,,,8,4,8,4072,4,8,8,2,4
"dot/dot_int8_int2_int32_4x8x8_2x4x8_neoni8mm/16/8/real_time",12354531,11.2069,11.2062,ns,,,,,,8,4,8,8,4,16,8,2,4
"dot/dot_int8_int2_int32_4x8x8_2x4x8_neoni8mm/16/760/real_time",441958,317.993,317.994,ns,,,,,,8,4,8,760,4,16,8,2,4
"dot/dot_int8_int2_int32_4x8x8_2x4x8_neoni8mm/16/1520/real_time",220528,629.98,629.934,ns,,,,,,8,4,8,1520,4,16,8,2,4
"dot/dot_int8_int2_int32_4x8x8_2x4x8_neoni8mm/16/2280/real_time",148781,943.247,943.198,ns,,,,,,8,4,8,2280,4,16,8,2,4
"dot/dot_int8_int2_int32_4x8x8_2x4x8_neoni8mm/16/3040/real_time",110971,1263.57,1263.47,ns,,,,,,8,4,8,3040,4,16,8,2,4
"dot/dot_int8_int2_int32_4x8x8_2x4x8_neoni8mm/32/8/real_time",9341299,14.998,14.9981,ns,,,,,,8,4,8,8,4,32,8,2,4
"dot/dot_int8_int2_int32_4x8x8_2x4x8_neoni8mm/32/496/real_time",332495,418.342,418.316,ns,,,,,,8,4,8,496,4,32,8,2,4
"dot/dot_int8_int2_int32_4x8x8_2x4x8_neoni8mm/32/1000/real_time",164777,851.814,851.818,ns,,,,,,8,4,8,1000,4,32,8,2,4
"dot/dot_int8_int2_int32_4x8x8_2x4x8_neoni8mm/32/1496/real_time",110323,1238.83,1238.74,ns,,,,,,8,4,8,1496,4,32,8,2,4
"dot/dot_int8_int2_int32_4x8x8_2x4x8_neoni8mm/32/2000/real_time",84690,1648.69,1648.61,ns,,,,,,8,4,8,2000,4,32,8,2,4
"dot/dot_int8_int2_int32_4x8x8_2x4x8_neoni8mm/64/8/real_time",5799222,24.289,24.2889,ns,,,,,,8,4,8,8,4,64,8,2,4
"dot/dot_int8_int2_int32_4x8x8_2x4x8_neoni8mm/64/288/real_time",288029,485.549,485.548,ns,,,,,,8,4,8,288,4,64,8,2,4
"dot/dot_int8_int2_int32_4x8x8_2x4x8_neoni8mm/64/584/real_time",144680,975.255,975.256,ns,,,,,,8,4,8,584,4,64,8,2,4
"dot/dot_int8_int2_int32_4x8x8_2x4x8_neoni8mm/64/880/real_time",95025,1472.64,1472.61,ns,,,,,,8,4,8,880,4,64,8,2,4
"dot/dot_int8_int2_int32_4x8x8_2x4x8_neoni8mm/64/1176/real_time",72371,1949.26,1949.26,ns,,,,,,8,4,8,1176,4,64,8,2,4
"dot/dot_int8_int2_int32_6x8x8_2x4x8_neoni8mm/8/8/real_time",12035807,11.7252,11.7245,ns,,,,,,8,6,8,8,6,8,8,2,4
"dot/dot_int8_int2_int32_6x8x8_2x4x8_neoni8mm/8/760/real_time",649282,215.007,215.008,ns,,,,,,8,6,8,760,6,8,8,2,4
"dot/dot_int8_int2_int32_6x8x8_2x4x8_neoni8mm/8/1520/real_time",325742,429.575,429.576,ns,,,,,,8,6,8,1520,6,8,8,2,4
"dot/dot_int8_int2_int32_6x8x8_2x4x8_neoni8mm/8/2280/real_time",220307,629.795,629.798,ns,,,,,,8,6,8,2280,6,8,8,2,4
"dot/dot_int8_int2_int32_6x8x8_2x4x8_neoni8mm/8/3048/real_time",166134,836.092,836.054,ns,,,,,,8,6,8,3048,6,8,8,2,4
"dot/dot_int8_int2_int32_6x8x8_2x4x8_neoni8mm/16/8/real_time",10091272,13.8843,13.8844,ns,,,,,,8,6,8,8,6,16,8,2,4
"dot/dot_int8_int2_int32_6x8x8_2x4x8_neoni8mm/16/600/real_time",423116,332.162,332.145,ns,,,,,,8,6,8,600,6,16,8,2,4
"dot/dot_int8_int2_int32_6x8x8_2x4x8_neoni8mm/16/1208/real_time",208521,671.129,671.131,ns,,,,,,8,6,8,1208,6,16,8,2,4
"dot/dot_int8_int2_int32_6x8x8_2x4x8_neoni8mm/16/1808/real_time",139102,999.604,999.561,ns,,,,,,8,6,8,1808,6,16,8,2,4
"dot/dot_int8_int2_int32_6x8x8_2x4x8_neoni8mm/16/2416/real_time",103449,1357.78,1357.75,ns,,,,,,8,6,8,2416,6,16,8,2,4
"dot/dot_int8_int2_int32_6x8x8_2x4x8_neoni8mm/32/8/real_time",6923538,20.2054,20.2047,ns,,,,,,8,6,8,8,6,32,8,2,4
"dot/dot_int8_int2_int32_6x8x8_2x4x8_neoni8mm/32/424/real_time",298913,466.527,466.447,ns,,,,,,8,6,8,424,6,32,8,2,4
"dot/dot_int8_int2_int32_6x8x8_2x4x8_neoni8mm/32/848/real_time",151803,927.183,927.182,ns,,,,,,8,6,8,848,6,32,8,2,4
"dot/dot_int8_int2_int32_6x8x8_2x4x8_neoni8mm/32/1272/real_time",100474,1395.13,1395.14,ns,,,,,,8,6,8,1272,6,32,8,2,4
"dot/dot_int8_int2_int32_6x8x8_2x4x8_neoni8mm/32/1696/real_time",75365,1852.33,1852.12,ns,,,,,,8,6,8,1696,6,32,8,2,4
"dot/dot_int8_int2_int32_6x8x8_2x4x8_neoni8mm/64/8/real_time",4241990,33.0138,33.014,ns,,,,,,8,6,8,8,6,64,8,2,4
"dot/dot_int8_int2_int32_6x8x8_2x4x8_neoni8mm/64/256/real_time",246818,561.641,561.612,ns,,,,,,8,6,8,256,6,64,8,2,4
"dot/dot_int8_int2_int32_6x8x8_2x4x8_neoni8mm/64/520/real_time",122454,1145.35,1145.34,ns,,,,,,8,6,8,520,6,64,8,2,4
"dot/dot_int8_int2_int32_6x8x8_2x4x8_neoni8mm/64/776/real_time",81708,1734.18,1734.07,ns,,,,,,8,6,8,776,6,64,8,2,4
"dot/dot_int8_int2_int32_6x8x8_2x4x8_neoni8mm/64/1040/real_time",59915,2336.55,2336.54,ns,,,,,,8,6,8,1040,6,64,8,2,4
"dot/dot_int8_int2_int32_8x8x8_2x4x8_neoni8mm/8/8/real_time",10548126,13.2747,13.2736,ns,,,,,,8,8,8,8,8,8,8,2,4
"dot/dot_int8_int2_int32_8x8x8_2x4x8_neoni8mm/8/608/real_time",691146,208.266,208.264,ns,,,,,,8,8,8,608,8,8,8,2,4
"dot/dot_int8_int2_int32_8x8x8_2x4x8_neoni8mm/8/1216/real_time",337830,414.101,414.078,ns,,,,,,8,8,8,1216,8,8,8,2,4
"dot/dot_int8_int2_int32_8x8x8_2x4x8_neoni8mm/8/1824/real_time",229983,611.517,611.502,ns,,,,,,8,8,8,1824,8,8,8,2,4
"dot/dot_int8_int2_int32_8x8x8_2x4x8_neoni8mm/8/2432/real_time",170726,822.094,822.095,ns,,,,,,8,8,8,2432,8,8,8,2,4
"dot/dot_int8_int2_int32_8x8x8_2x4x8_neoni8mm/16/8/real_time",8070114,17.3718,17.3699,ns,,,,,,8,8,8,8,8,16,8,2,4
"dot/dot_int8_int2_int32_8x8x8_2x4x8_neoni8mm/16/496/real_time",405532,343.545,343.529,ns,,,,,,8,8,8,496,8,16,8,2,4
"dot/dot_int8_int2_int32_8x8x8_2x4x8_neoni8mm/16/1000/real_time",205444,681.573,681.573,ns,,,,,,8,8,8,1000,8,16,8,2,4
"dot/dot_int8_int2_int32_8x8x8_2x4x8_neoni8mm/16/1496/real_time",137490,1010.11,1010.07,ns,,,,,,8,8,8,1496,8,16,8,2,4
"dot/dot_int8_int2_int32_8x8x8_2x4x8_neoni8mm/16/2000/real_time",105960,1333.62,1333.62,ns,,,,,,8,8,8,2000,8,16,8,2,4
"dot/dot_int8_int2_int32_8x8x8_2x4x8_neoni8mm/32/8/real_time",5393683,25.9757,25.9758,ns,,,,,,8,8,8,8,8,32,8,2,4
"dot/dot_int8_int2_int32_8x8x8_2x4x8_neoni8mm/32/368/real_time",283594,511.137,511.136,ns,,,,,,8,8,8,368,8,32,8,2,4
"dot/dot_int8_int2_int32_8x8x8_2x4x8_neoni8mm/32/736/real_time",137199,999.906,999.789,ns,,,,,,8,8,8,736,8,32,8,2,4
"dot/dot_int8_int2_int32_8x8x8_2x4x8_neoni8mm/32/1104/real_time",93692,1499,1499,ns,,,,,,8,8,8,1104,8,32,8,2,4
"dot/dot_int8_int2_int32_8x8x8_2x4x8_neoni8mm/32/1472/real_time",70087,2002.95,2002.95,ns,,,,,,8,8,8,1472,8,32,8,2,4
"dot/dot_int8_int2_int32_8x8x8_2x4x8_neoni8mm/64/8/real_time",3380465,42.0217,42.022,ns,,,,,,8,8,8,8,8,64,8,2,4
"dot/dot_int8_int2_int32_8x8x8_2x4x8_neoni8mm/64/232/real_time",218309,635.135,635.095,ns,,,,,,8,8,8,232,8,64,8,2,4
"dot/dot_int8_int2_int32_8x8x8_2x4x8_neoni8mm/64/464/real_time",112578,1250.55,1250.56,ns,,,,,,8,8,8,464,8,64,8,2,4
"dot/dot_int8_int2_int32_8x8x8_2x4x8_neoni8mm/64/696/real_time",74867,1875.13,1875.03,ns,,,,,,8,8,8,696,8,64,8,2,4
"dot/dot_int8_int2_int32_8x8x8_2x4x8_neoni8mm/64/936/real_time",54508,2579.37,2579.35,ns,,,,,,8,8,8,936,8,64,8,2,4
"dot/dot_int8_int2_int32_10x8x8_2x4x8_neoni8mm/8/8/real_time",8907599,15.6087,15.6087,ns,,,,,,8,10,8,8,10,8,8,2,4
"dot/dot_int8_int2_int32_10x8x8_2x4x8_neoni8mm/8/504/real_time",698526,204.164,204.164,ns,,,,,,8,10,8,504,10,8,8,2,4
"dot/dot_int8_int2_int32_10x8x8_2x4x8_neoni8mm/8/1008/real_time",344125,407.489,407.48,ns,,,,,,8,10,8,1008,10,8,8,2,4
"dot/dot_int8_int2_int32_10x8x8_2x4x8_neoni8mm/8/1512/real_time",233040,599.117,599.112,ns,,,,,,8,10,8,1512,10,8,8,2,4
"dot/dot_int8_int2_int32_10x8x8_2x4x8_neoni8mm/8/2016/real_time",175457,802.494,802.493,ns,,,,,,8,10,8,2016,10,8,8,2,4
"dot/dot_int8_int2_int32_10x8x8_2x4x8_neoni8mm/16/8/real_time",6601114,21.2861,21.2861,ns,,,,,,8,10,8,8,10,16,8,2,4
"dot/dot_int8_int2_int32_10x8x8_2x4x8_neoni8mm/16/424/real_time",408756,346.986,346.967,ns,,,,,,8,10,8,424,10,16,8,2,4
"dot/dot_int8_int2_int32_10x8x8_2x4x8_neoni8mm/16/848/real_time",202947,673.886,673.856,ns,,,,,,8,10,8,848,10,16,8,2,4
"dot/dot_int8_int2_int32_10x8x8_2x4x8_neoni8mm/16/1272/real_time",137867,1014.22,1014.17,ns,,,,,,8,10,8,1272,10,16,8,2,4
"dot/dot_int8_int2_int32_10x8x8_2x4x8_neoni8mm/16/1704/real_time",104298,1347.01,1347.01,ns,,,,,,8,10,8,1704,10,16,8,2,4
"dot/dot_int8_int2_int32_10x8x8_2x4x8_neoni8mm/32/8/real_time",4435942,31.4938,31.4923,ns,,,,,,8,10,8,8,10,32,8,2,4
"dot/dot_int8_int2_int32_10x8x8_2x4x8_neoni8mm/32/320/real_time",263209,529.346,528.386,ns,,,,,,8,10,8,320,10,32,8,2,4
"dot/dot_int8_int2_int32_10x8x8_2x4x8_neoni8mm/32/640/real_time",126738,1036.95,1036.81,ns,,,,,,8,10,8,640,10,32,8,2,4
"dot/dot_int8_int2_int32_10x8x8_2x4x8_neoni8mm/32/960/real_time",90416,1545.62,1545.46,ns,,,,,,8,10,8,960,10,32,8,2,4
"dot/dot_int8_int2_int32_10x8x8_2x4x8_neoni8mm/32/1288/real_time",68240,2059.83,2059.83,ns,,,,,,8,10,8,1288,10,32,8,2,4
"dot/dot_int8_int2_int32_10x8x8_2x4x8_neoni8mm/64/8/real_time",2635765,53.3622,53.3602,ns,,,,,,8,10,8,8,10,64,8,2,4
"dot/dot_int8_int2_int32_10x8x8_2x4x8_neoni8mm/64/208/real_time",201732,693.016,693.018,ns,,,,,,8,10,8,208,10,64,8,2,4
"dot/dot_int8_int2_int32_10x8x8_2x4x8_neoni8mm/64/416/real_time",102131,1460.57,1390.86,ns,,,,,,8,10,8,416,10,64,8,2,4
"dot/dot_int8_int2_int32_10x8x8_2x4x8_neoni8mm/64/624/real_time",69129,2282.72,2197.91,ns,,,,,,8,10,8,624,10,64,8,2,4
"dot/dot_int8_int2_int32_10x8x8_2x4x8_neoni8mm/64/840/real_time",45324,2649.34,2648.71,ns,,,,,,8,10,8,840,10,64,8,2,4
"dot/dot_int8_int2_int32_16x4x8_2x4x8_neoni8mm/4/8/real_time",9683443,14.4889,14.4882,ns,,,,,,8,16,4,8,16,4,8,2,4
"dot/dot_int8_int2_int32_16x4x8_2x4x8_neoni8mm/4/352/real_time",1281484,111.8,111.564,ns,,,,,,8,16,4,352,16,4,8,2,4
"dot/dot_int8_int2_int32_16x4x8_2x4x8_neoni8mm/4/712/real_time",645170,217.373,217.357,ns,,,,,,8,16,4,712,16,4,8,2,4
"dot/dot_int8_int2_int32_16x4x8_2x4x8_neoni8mm/4/1064/real_time",440852,317.421,317.002,ns,,,,,,8,16,4,1064,16,4,8,2,4
"dot/dot_int8_int2_int32_16x4x8_2x4x8_neoni8mm/4/1424/real_time",330666,432.402,432.403,ns,,,,,,8,16,4,1424,16,4,8,2,4
"dot/dot_int8_int2_int32_16x4x8_2x4x8_neoni8mm/8/8/real_time",7327333,18.9376,18.9346,ns,,,,,,8,16,4,8,16,8,8,2,4
"dot/dot_int8_int2_int32_16x4x8_2x4x8_neoni8mm/8/328/real_time",687963,211.675,208.613,ns,,,,,,8,16,4,328,16,8,8,2,4
"dot/dot_int8_int2_int32_16x4x8_2x4x8_neoni8mm/8/664/real_time",306950,409.433,405.19,ns,,,,,,8,16,4,664,16,8,8,2,4
"dot/dot_int8_int2_int32_16x4x8_2x4x8_neoni8mm/8/1000/real_time",232703,609.953,609.812,ns,,,,,,8,16,4,1000,16,8,8,2,4
"dot/dot_int8_int2_int32_16x4x8_2x4x8_neoni8mm/8/1336/real_time",174299,796.074,793.212,ns,,,,,,8,16,4,1336,16,8,8,2,4
"dot/dot_int8_int2_int32_16x4x8_2x4x8_neoni8mm/16/8/real_time",5279831,26.8011,26.6963,ns,,,,,,8,16,4,8,16,16,8,2,4
"dot/dot_int8_int2_int32_16x4x8_2x4x8_neoni8mm/16/288/real_time",393478,357.094,356.587,ns,,,,,,8,16,4,288,16,16,8,2,4
"dot/dot_int8_int2_int32_16x4x8_2x4x8_neoni8mm/16/584/real_time",198537,711.075,711.077,ns,,,,,,8,16,4,584,16,16,8,2,4
"dot/dot_int8_int2_int32_16x4x8_2x4x8_neoni8mm/16/880/real_time",130570,1049.74,1048.73,ns,,,,,,8,16,4,880,16,16,8,2,4
"dot/dot_int8_int2_int32_16x4x8_2x4x8_neoni8mm/16/1176/real_time",99666,1402.71,1402.72,ns,,,,,,8,16,4,1176,16,16,8,2,4
"dot/dot_int8_int2_int32_16x4x8_2x4x8_neoni8mm/32/8/real_time",3313943,42.3368,42.2578,ns,,,,,,8,16,4,8,16,32,8,2,4
"dot/dot_int8_int2_int32_16x4x8_2x4x8_neoni8mm/32/232/real_time",240201,580.452,580.422,ns,,,,,,8,16,4,232,16,32,8,2,4
"dot/dot_int8_int2_int32_16x4x8_2x4x8_neoni8mm/32/464/real_time",123485,1138.64,1138.64,ns,,,,,,8,16,4,464,16,32,8,2,4
"dot/dot_int8_int2_int32_16x4x8_2x4x8_neoni8mm/32/696/real_time",85556,1713.91,1713.91,ns,,,,,,8,16,4,696,16,32,8,2,4
"dot/dot_int8_int2_int32_16x4x8_2x4x8_neoni8mm/32/936/real_time",60870,2300.07,2300.08,ns,,,,,,8,16,4,936,16,32,8,2,4
"dot/dot_int8_int4_int32_2x32x8_2x4x8_neoni8mm/32/8/real_time",13502814,10.4651,10.4646,ns,,,,,,8,2,32,8,2,32,8,2,4
"dot/dot_int8_int4_int32_2x32x8_2x4x8_neoni8mm/32/336/real_time",766228,182.547,182.547,ns,,,,,,8,2,32,336,2,32,8,2,4
"dot/dot_int8_int4_int32_2x32x8_2x4x8_neoni8mm/32/672/real_time",385460,360.148,360.102,ns,,,,,,8,2,32,672,2,32,8,2,4
"dot/dot_int8_int4_int32_2x32x8_2x4x8_neoni8mm/32/1008/real_time",259153,536.394,536.359,ns,,,,,,8,2,32,1008,2,32,8,2,4
"dot/dot_int8_int4_int32_2x32x8_2x4x8_neoni8mm/32/1344/real_time",194863,717.366,717.366,ns,,,,,,8,2,32,1344,2,32,8,2,4
"dot/dot_int8_int4_int32_2x32x8_2x4x8_neoni8mm/64/8/real_time",10042291,13.9437,13.943,ns,,,,,,8,2,32,8,2,64,8,2,4
"dot/dot_int8_int4_int32_2x32x8_2x4x8_neoni8mm/64/176/real_time",711726,194.591,194.582,ns,,,,,,8,2,32,176,2,64,8,2,4
"dot/dot_int8_int4_int32_2x32x8_2x4x8_neoni8mm/64/352/real_time",371899,378.564,378.493,ns,,,,,,8,2,32,352,2,64,8,2,4
"dot/dot_int8_int4_int32_2x32x8_2x4x8_neoni8mm/64/528/real_time",245285,570.878,570.879,ns,,,,,,8,2,32,528,2,64,8,2,4
"dot/dot_int8_int4_int32_2x32x8_2x4x8_neoni8mm/64/704/real_time",186971,758.346,758.348,ns,,,,,,8,2,32,704,2,64,8,2,4
"dot/dot_int8_int4_int32_2x32x8_2x4x8_neoni8mm/128/8/real_time",6167876,22.7807,22.7808,ns,,,,,,8,2,32,8,2,128,8,2,4
"dot/dot_int8_int4_int32_2x32x8_2x4x8_neoni8mm/128/88/real_time",746839,192.388,192.387,ns,,,,,,8,2,32,88,2,128,8,2,4
"dot/dot_int8_int4_int32_2x32x8_2x4x8_neoni8mm/128/176/real_time",367829,380.934,380.916,ns,,,,,,8,2,32,176,2,128,8,2,4
"dot/dot_int8_int4_int32_2x32x8_2x4x8_neoni8mm/128/264/real_time",240674,582.183,582.182,ns,,,,,,8,2,32,264,2,128,8,2,4
"dot/dot_int8_int4_int32_2x32x8_2x4x8_neoni8mm/128/352/real_time",179213,759.031,758.996,ns,,,,,,8,2,32,352,2,128,8,2,4
"dot/dot_int8_int4_int32_2x32x8_2x4x8_neoni8mm/256/8/real_time",3175101,44.1906,44.1907,ns,,,,,,8,2,32,8,2,256,8,2,4
"dot/dot_int8_int4_int32_2x32x8_2x4x8_neoni8mm/256/40/real_time",767502,180.771,180.762,ns,,,,,,8,2,32,40,2,256,8,2,4
"dot/dot_int8_int4_int32_2x32x8_2x4x8_neoni8mm/256/80/real_time",399274,349.486,349.469,ns,,,,,,8,2,32,80,2,256,8,2,4
"dot/dot_int8_int4_int32_2x32x8_2x4x8_neoni8mm/256/120/real_time",268024,525.538,525.535,ns,,,,,,8,2,32,120,2,256,8,2,4
"dot/dot_int8_int4_int32_2x32x8_2x4x8_neoni8mm/256/168/real_time",191002,732.174,732.029,ns,,,,,,8,2,32,168,2,256,8,2,4
"dot/dot_int8_int4_int32_4x16x8_2x4x8_neoni8mm/16/8/real_time",11036766,12.6832,12.6832,ns,,,,,,8,4,16,8,4,16,8,2,4
"dot/dot_int8_int4_int32_4x16x8_2x4x8_neoni8mm/16/504/real_time",694729,201.921,201.922,ns,,,,,,8,4,16,504,4,16,8,2,4
"dot/dot_int8_int4_int32_4x16x8_2x4x8_neoni8mm/16/1008/real_time",358356,388.873,388.873,ns,,,,,,8,4,16,1008,4,16,8,2,4
"dot/dot_int8_int4_int32_4x16x8_2x4x8_neoni8mm/16/1512/real_time",239356,587.581,587.552,ns,,,,,,8,4,16,1512,4,16,8,2,4
"dot/dot_int8_int4_int32_4x16x8_2x4x8_neoni8mm/16/2024/real_time",176798,791.24,791.231,ns,,,,,,8,4,16,2024,4,16,8,2,4
"dot/dot_int8_int4_int32_4x16x8_2x4x8_neoni8mm/32/8/real_time",8773304,15.8106,15.8098,ns,,,,,,8,4,16,8,4,32,8,2,4
"dot/dot_int8_int4_int32_4x16x8_2x4x8_neoni8mm/32/296/real_time",600822,233.83,233.83,ns,,,,,,8,4,16,296,4,32,8,2,4
"dot/dot_int8_int4_int32_4x16x8_2x4x8_neoni8mm/32/600/real_time",297031,472.824,472.803,ns,,,,,,8,4,16,600,4,32,8,2,4
"dot/dot_int8_int4_int32_4x16x8_2x4x8_neoni8mm/32/896/real_time",196322,713.438,713.44,ns,,,,,,8,4,16,896,4,32,8,2,4
"dot/dot_int8_int4_int32_4x16x8_2x4x8_neoni8mm/32/1200/real_time",151631,924.208,923.802,ns,,,,,,8,4,16,1200,4,32,8,2,4
"dot/dot_int8_int4_int32_4x16x8_2x4x8_neoni8mm/64/8/real_time",5702087,24.6131,24.6129,ns,,,,,,8,4,16,8,4,64,8,2,4
"dot/dot_int8_int4_int32_4x16x8_2x4x8_neoni8mm/64/160/real_time",553511,253.311,253.29,ns,,,,,,8,4,16,160,4,64,8,2,4
"dot/dot_int8_int4_int32_4x16x8_2x4x8_neoni8mm/64/320/real_time",276777,505.746,505.743,ns,,,,,,8,4,16,320,4,64,8,2,4
"dot/dot_int8_int4_int32_4x16x8_2x4x8_neoni8mm/64/480/real_time",184984,748.769,748.73,ns,,,,,,8,4,16,480,4,64,8,2,4
"dot/dot_int8_int4_int32_4x16x8_2x4x8_neoni8mm/64/648/real_time",137355,1019.67,1019.62,ns,,,,,,8,4,16,648,4,64,8,2,4
"dot/dot_int8_int4_int32_4x16x8_2x4x8_neoni8mm/128/8/real_time",3315663,42.1642,42.1593,ns,,,,,,8,4,16,8,4,128,8,2,4
"dot/dot_int8_int4_int32_4x16x8_2x4x8_neoni8mm/128/80/real_time",528140,264.735,264.735,ns,,,,,,8,4,16,80,4,128,8,2,4
"dot/dot_int8_int4_int32_4x16x8_2x4x8_neoni8mm/128/160/real_time",269181,504.709,504.683,ns,,,,,,8,4,16,160,4,128,8,2,4
"dot/dot_int8_int4_int32_4x16x8_2x4x8_neoni8mm/128/240/real_time",185880,753.575,753.529,ns,,,,,,8,4,16,240,4,128,8,2,4
"dot/dot_int8_int4_int32_4x16x8_2x4x8_neoni8mm/128/328/real_time",100000,1028.15,1028.16,ns,,,,,,8,4,16,328,4,128,8,2,4
"dot/dot_int8_int4_int32_6x16x8_2x4x8_neoni8mm/16/8/real_time",9606230,14.5199,14.5193,ns,,,,,,8,6,16,8,6,16,8,2,4
"dot/dot_int8_int4_int32_6x16x8_2x4x8_neoni8mm/16/432/real_time",629522,226.028,226.029,ns,,,,,,8,6,16,432,6,16,8,2,4
"dot/dot_int8_int4_int32_6x16x8_2x4x8_neoni8mm/16/864/real_time",310954,449.536,449.539,ns,,,,,,8,6,16,864,6,16,8,2,4
"dot/dot_int8_int4_int32_6x16x8_2x4x8_neoni8mm/16/1296/real_time",207761,676.961,676.932,ns,,,,,,8,6,16,1296,6,16,8,2,4
"dot/dot_int8_int4_int32_6x16x8_2x4x8_neoni8mm/16/1728/real_time",153294,899.677,899.631,ns,,,,,,8,6,16,1728,6,16,8,2,4
"dot/dot_int8_int4_int32_6x16x8_2x4x8_neoni8mm/32/8/real_time",6631391,21.1354,21.1355,ns,,,,,,8,6,16,8,6,32,8,2,4
"dot/dot_int8_int4_int32_6x16x8_2x4x8_neoni8mm/32/264/real_time",509553,274.718,274.666,ns,,,,,,8,6,16,264,6,32,8,2,4
"dot/dot_int8_int4_int32_6x16x8_2x4x8_neoni8mm/32/536/real_time",253514,551.793,550.703,ns,,,,,,8,6,16,536,6,32,8,2,4
"dot/dot_int8_int4_int32_6x16x8_2x4x8_neoni8mm/32/808/real_time",167181,854.465,854.463,ns,,,,,,8,6,16,808,6,32,8,2,4
"dot/dot_int8_int4_int32_6x16x8_2x4x8_neoni8mm/32/1080/real_time",122585,1115,1114.94,ns,,,,,,8,6,16,1080,6,32,8,2,4
"dot/dot_int8_int4_int32_6x16x8_2x4x8_neoni8mm/64/8/real_time",4230161,32.9332,32.9318,ns,,,,,,8,6,16,8,6,64,8,2,4
"dot/dot_int8_int4_int32_6x16x8_2x4x8_neoni8mm/64/144/real_time",459528,306.216,306.212,ns,,,,,,8,6,16,144,6,64,8,2,4
"dot/dot_int8_int4_int32_6x16x8_2x4x8_neoni8mm/64/296/real_time",225060,611.688,611.655,ns,,,,,,8,6,16,296,6,64,8,2,4
"dot/dot_int8_int4_int32_6x16x8_2x4x8_neoni8mm/64/448/real_time",150648,928.853,928.854,ns,,,,,,8,6,16,448,6,64,8,2,4
"dot/dot_int8_int4_int32_6x16x8_2x4x8_neoni8mm/64/600/real_time",112224,1242.68,1242.6,ns,,,,,,8,6,16,600,6,64,8,2,4
"dot/dot_int8_int4_int32_6x16x8_2x4x8_neoni8mm/128/8/real_time",2399669,58.3509,58.351,ns,,,,,,8,6,16,8,6,128,8,2,4
"dot/dot_int8_int4_int32_6x16x8_2x4x8_neoni8mm/128/72/real_time",452494,310.98,310.287,ns,,,,,,8,6,16,72,6,128,8,2,4
"dot/dot_int8_int4_int32_6x16x8_2x4x8_neoni8mm/128/152/real_time",216112,645.032,645.036,ns,,,,,,8,6,16,152,6,128,8,2,4
"dot/dot_int8_int4_int32_6x16x8_2x4x8_neoni8mm/128/224/real_time",149979,942.804,942.805,ns,,,,,,8,6,16,224,6,128,8,2,4
"dot/dot_int8_int4_int32_6x16x8_2x4x8_neoni8mm/128/304/real_time",109697,1274.33,1274.33,ns,,,,,,8,6,16,304,6,128,8,2,4
"dot/dot_int8_int4_int32_6x8x8_2x4x8_neoni8mm/8/8/real_time",12003515,11.5185,11.5179,ns,,,,,,8,6,8,8,6,8,8,2,4
"dot/dot_int8_int4_int32_6x8x8_2x4x8_neoni8mm/8/608/real_time",879899,159.894,159.893,ns,,,,,,8,6,8,608,6,8,8,2,4
"dot/dot_int8_int4_int32_6x8x8_2x4x8_neoni8mm/8/1216/real_time",444357,326.767,326.767,ns,,,,,,8,6,8,1216,6,8,8,2,4
"dot/dot_int8_int4_int32_6x8x8_2x4x8_neoni8mm/8/1824/real_time",286820,480.209,480.2,ns,,,,,,8,6,8,1824,6,8,8,2,4
"dot/dot_int8_int4_int32_6x8x8_2x4x8_neoni8mm/8/2432/real_time",219011,640.421,640.42,ns,,,,,,8,6,8,2432,6,8,8,2,4
"dot/dot_int8_int4_int32_6x8x8_2x4x8_neoni8mm/16/8/real_time",10073996,13.9781,13.9774,ns,,,,,,8,6,8,8,6,16,8,2,4
"dot/dot_int8_int4_int32_6x8x8_2x4x8_neoni8mm/16/432/real_time",609553,229.674,229.663,ns,,,,,,8,6,8,432,6,16,8,2,4
"dot/dot_int8_int4_int32_6x8x8_2x4x8_neoni8mm/16/864/real_time",305967,459.613,459.592,ns,,,,,,8,6,8,864,6,16,8,2,4
"dot/dot_int8_int4_int32_6x8x8_2x4x8_neoni8mm/16/1296/real_time",201357,675.567,675.532,ns,,,,,,8,6,8,1296,6,16,8,2,4
"dot/dot_int8_int4_int32_6x8x8_2x4x8_neoni8mm/16/1728/real_time",154941,902.132,902.137,ns,,,,,,8,6,8,1728,6,16,8,2,4
"dot/dot_int8_int4_int32_6x8x8_2x4x8_neoni8mm/32/8/real_time",6949874,20.0214,20.0204,ns,,,,,,8,6,8,8,6,32,8,2,4
"dot/dot_int8_int4_int32_6x8x8_2x4x8_neoni8mm/32/264/real_time",502016,282.508,282.509,ns,,,,,,8,6,8,264,6,32,8,2,4
"dot/dot_int8_int4_int32_6x8x8_2x4x8_neoni8mm/32/536/real_time",246133,563.148,563.122,ns,,,,,,8,6,8,536,6,32,8,2,4
"dot/dot_int8_int4_int32_6x8x8_2x4x8_neoni8mm/32/808/real_time",163786,853.973,853.931,ns,,,,,,8,6,8,808,6,32,8,2,4
"dot/dot_int8_int4_int32_6x8x8_2x4x8_neoni8mm/32/1080/real_time",121468,1154.25,1152.84,ns,,,,,,8,6,8,1080,6,32,8,2,4
"dot/dot_int8_int4_int32_6x8x8_2x4x8_neoni8mm/64/8/real_time",4299188,32.6909,32.6852,ns,,,,,,8,6,8,8,6,64,8,2,4
"dot/dot_int8_int4_int32_6x8x8_2x4x8_neoni8mm/64/144/real_time",437943,319.175,319.176,ns,,,,,,8,6,8,144,6,64,8,2,4
"dot/dot_int8_int4_int32_6x8x8_2x4x8_neoni8mm/64/296/real_time",226150,725.155,702.489,ns,,,,,,8,6,8,296,6,64,8,2,4
"dot/dot_int8_int4_int32_6x8x8_2x4x8_neoni8mm/64/448/real_time",147543,949.753,949.703,ns,,,,,,8,6,8,448,6,64,8,2,4
"dot/dot_int8_int4_int32_6x8x8_2x4x8_neoni8mm/64/600/real_time",114422,1249.63,1249.42,ns,,,,,,8,6,8,600,6,64,8,2,4
"dot/dot_int8_int4_int32_8x8x8_2x4x8_neoni8mm/8/8/real_time",10323373,13.5748,13.5748,ns,,,,,,8,8,8,8,8,8,8,2,4
"dot/dot_int8_int4_int32_8x8x8_2x4x8_neoni8mm/8/504/real_time",832543,168.986,168.976,ns,,,,,,8,8,8,504,8,8,8,2,4
"dot/dot_int8_int4_int32_8x8x8_2x4x8_neoni8mm/8/1008/real_time",412682,339.043,338.932,ns,,,,,,8,8,8,1008,8,8,8,2,4
"dot/dot_int8_int4_int32_8x8x8_2x4x8_neoni8mm/8/1512/real_time",272827,518.943,512.017,ns,,,,,,8,8,8,1512,8,8,8,2,4
"dot/dot_int8_int4_int32_8x8x8_2x4x8_neoni8mm/8/2024/real_time",207707,672.855,672.828,ns,,,,,,8,8,8,2024,8,8,8,2,4
"dot/dot_int8_int4_int32_8x8x8_2x4x8_neoni8mm/16/8/real_time",8307332,17.0144,17.0145,ns,,,,,,8,8,8,8,8,16,8,2,4
"dot/dot_int8_int4_int32_8x8x8_2x4x8_neoni8mm/16/376/real_time",553202,251.683,251.673,ns,,,,,,8,8,8,376,8,16,8,2,4
"dot/dot_int8_int4_int32_8x8x8_2x4x8_neoni8mm/16/752/real_time",275129,501.906,499.918,ns,,,,,,8,8,8,752,8,16,8,2,4
"dot/dot_int8_int4_int32_8x8x8_2x4x8_neoni8mm/16/1128/real_time",187868,768.678,765.011,ns,,,,,,8,8,8,1128,8,16,8,2,4
"dot/dot_int8_int4_int32_8x8x8_2x4x8_neoni8mm/16/1504/real_time",100000,1007.12,1002.81,ns,,,,,,8,8,8,1504,8,16,8,2,4
"dot/dot_int8_int4_int32_8x8x8_2x4x8_neoni8mm/32/8/real_time",5585292,25.5792,25.4327,ns,,,,,,8,8,8,8,8,32,8,2,4
"dot/dot_int8_int4_int32_8x8x8_2x4x8_neoni8mm/32/240/real_time",419598,320.726,320.173,ns,,,,,,8,8,8,240,8,32,8,2,4
"dot/dot_int8_int4_int32_8x8x8_2x4x8_neoni8mm/32/488/real_time",213041,652.136,650.142,ns,,,,,,8,8,8,488,8,32,8,2,4
"dot/dot_int8_int4_int32_8x8x8_2x4x8_neoni8mm/32/728/real_time",141434,987.359,987.309,ns,,,,,,8,8,8,728,8,32,8,2,4
"dot/dot_int8_int4_int32_8x8x8_2x4x8_neoni8mm/32/976/real_time",107366,1307.54,1307.54,ns,,,,,,8,8,8,976,8,32,8,2,4
"dot/dot_int8_int4_int32_8x8x8_2x4x8_neoni8mm/64/8/real_time",3395932,41.7322,41.7323,ns,,,,,,8,8,8,8,8,64,8,2,4
"dot/dot_int8_int4_int32_8x8x8_2x4x8_neoni8mm/64/136/real_time",373977,369.646,369.576,ns,,,,,,8,8,8,136,8,64,8,2,4
"dot/dot_int8_int4_int32_8x8x8_2x4x8_neoni8mm/64/280/real_time",185234,757.309,757.312,ns,,,,,,8,8,8,280,8,64,8,2,4
"dot/dot_int8_int4_int32_8x8x8_2x4x8_neoni8mm/64/416/real_time",125346,1119.89,1119.89,ns,,,,,,8,8,8,416,8,64,8,2,4
"dot/dot_int8_int4_int32_8x8x8_2x4x8_neoni8mm/64/560/real_time",92646,1494.25,1494.11,ns,,,,,,8,8,8,560,8,64,8,2,4
"dot/dot_int8_int4_int32_10x8x8_2x4x8_neoni8mm/8/8/real_time",8877076,15.7686,15.7686,ns,,,,,,8,10,8,8,10,8,8,2,4
"dot/dot_int8_int4_int32_10x8x8_2x4x8_neoni8mm/8/432/real_time",789966,175.568,175.558,ns,,,,,,8,10,8,432,10,8,8,2,4
"dot/dot_int8_int4_int32_10x8x8_2x4x8_neoni8mm/8/864/real_time",390119,342.413,342.398,ns,,,,,,8,10,8,864,10,8,8,2,4
"dot/dot_int8_int4_int32_10x8x8_2x4x8_neoni8mm/8/1296/real_time",274141,503.044,503.019,ns,,,,,,8,10,8,1296,10,8,8,2,4
"dot/dot_int8_int4_int32_10x8x8_2x4x8_neoni8mm/8/1728/real_time",208950,670.615,670.61,ns,,,,,,8,10,8,1728,10,8,8,2,4
"dot/dot_int8_int4_int32_10x8x8_2x4x8_neoni8mm/16/8/real_time",6604500,21.0851,21.084,ns,,,,,,8,10,8,8,10,16,8,2,4
"dot/dot_int8_int4_int32_10x8x8_2x4x8_neoni8mm/16/328/real_time",525263,266.761,266.762,ns,,,,,,8,10,8,328,10,16,8,2,4
"dot/dot_int8_int4_int32_10x8x8_2x4x8_neoni8mm/16/664/real_time",190216,526.51,525.161,ns,,,,,,8,10,8,664,10,16,8,2,4
"dot/dot_int8_int4_int32_10x8x8_2x4x8_neoni8mm/16/992/real_time",179759,780.18,780.183,ns,,,,,,8,10,8,992,10,16,8,2,4
"dot/dot_int8_int4_int32_10x8x8_2x4x8_neoni8mm/16/1328/real_time",133522,1036.92,1036.86,ns,,,,,,8,10,8,1328,10,16,8,2,4
"dot/dot_int8_int4_int32_10x8x8_2x4x8_neoni8mm/32/8/real_time",4417582,31.7123,31.7119,ns,,,,,,8,10,8,8,10,32,8,2,4
"dot/dot_int8_int4_int32_10x8x8_2x4x8_neoni8mm/32/224/real_time",388350,360.684,360.685,ns,,,,,,8,10,8,224,10,32,8,2,4
"dot/dot_int8_int4_int32_10x8x8_2x4x8_neoni8mm/32/448/real_time",200863,702.441,702.444,ns,,,,,,8,10,8,448,10,32,8,2,4
"dot/dot_int8_int4_int32_10x8x8_2x4x8_neoni8mm/32/672/real_time",133765,1046.76,1046.75,ns,,,,,,8,10,8,672,10,32,8,2,4
"dot/dot_int8_int4_int32_10x8x8_2x4x8_neoni8mm/32/896/real_time",101582,1405.51,1405.5,ns,,,,,,8,10,8,896,10,32,8,2,4
"dot/dot_int8_int4_int32_10x8x8_2x4x8_neoni8mm/64/8/real_time",2687914,51.9931,51.9905,ns,,,,,,8,10,8,8,10,64,8,2,4
"dot/dot_int8_int4_int32_10x8x8_2x4x8_neoni8mm/64/128/real_time",330746,423.513,423.512,ns,,,,,,8,10,8,128,10,64,8,2,4
"dot/dot_int8_int4_int32_10x8x8_2x4x8_neoni8mm/64/256/real_time",168361,824.386,824.348,ns,,,,,,8,10,8,256,10,64,8,2,4
"dot/dot_int8_int4_int32_10x8x8_2x4x8_neoni8mm/64/384/real_time",116192,1209.16,1209.16,ns,,,,,,8,10,8,384,10,64,8,2,4
"dot/dot_int8_int4_int32_10x8x8_2x4x8_neoni8mm/64/520/real_time",85388,1624.25,1624.17,ns,,,,,,8,10,8,520,10,64,8,2,4
"dot/dot_int8_int4_int32_16x4x8_2x4x8_neoni8mm/4/8/real_time",9684839,14.4411,14.4412,ns,,,,,,8,16,4,8,16,4,8,2,4
"dot/dot_int8_int4_int32_16x4x8_2x4x8_neoni8mm/4/336/real_time",1360049,101.386,101.382,ns,,,,,,8,16,4,336,16,4,8,2,4
"dot/dot_int8_int4_int32_16x4x8_2x4x8_neoni8mm/4/672/real_time",713561,196.863,196.862,ns,,,,,,8,16,4,672,16,4,8,2,4
"dot/dot_int8_int4_int32_16x4x8_2x4x8_neoni8mm/4/1008/real_time",474476,294.038,294.036,ns,,,,,,8,16,4,1008,16,4,8,2,4
"dot/dot_int8_int4_int32_16x4x8_2x4x8_neoni8mm/4/1344/real_time",357789,392.542,392.525,ns,,,,,,8,16,4,1344,16,4,8,2,4
"dot/dot_int8_int4_int32_16x4x8_2x4x8_neoni8mm/8/8/real_time",7533193,18.5653,18.5644,ns,,,,,,8,16,4,8,16,8,8,2,4
"dot/dot_int8_int4_int32_16x4x8_2x4x8_neoni8mm/8/296/real_time",775820,180.966,180.966,ns,,,,,,8,16,4,296,16,8,8,2,4
"dot/dot_int8_int4_int32_16x4x8_2x4x8_neoni8mm/8/600/real_time",389557,353.317,353.299,ns,,,,,,8,16,4,600,16,8,8,2,4
"dot/dot_int8_int4_int32_16x4x8_2x4x8_neoni8mm/8/896/real_time",266126,527.25,527.25,ns,,,,,,8,16,4,896,16,8,8,2,4
"dot/dot_int8_int4_int32_16x4x8_2x4x8_neoni8mm/8/1200/real_time",197690,696.2,696.115,ns,,,,,,8,16,4,1200,16,8,8,2,4
"dot/dot_int8_int4_int32_16x4x8_2x4x8_neoni8mm/16/8/real_time",5283235,26.4467,26.4467,ns,,,,,,8,16,4,8,16,16,8,2,4
"dot/dot_int8_int4_int32_16x4x8_2x4x8_neoni8mm/16/240/real_time",484671,288.99,288.975,ns,,,,,,8,16,4,240,16,16,8,2,4
"dot/dot_int8_int4_int32_16x4x8_2x4x8_neoni8mm/16/488/real_time",240908,578.994,578.968,ns,,,,,,8,16,4,488,16,16,8,2,4
"dot/dot_int8_int4_int32_16x4x8_2x4x8_neoni8mm/16/728/real_time",164049,855.362,855.36,ns,,,,,,8,16,4,728,16,16,8,2,4
"dot/dot_int8_int4_int32_16x4x8_2x4x8_neoni8mm/16/976/real_time",122682,1149.44,1149.39,ns,,,,,,8,16,4,976,16,16,8,2,4
"dot/dot_int8_int4_int32_16x4x8_2x4x8_neoni8mm/32/8/real_time",3353598,41.8454,41.8455,ns,,,,,,8,16,4,8,16,32,8,2,4
"dot/dot_int8_int4_int32_16x4x8_2x4x8_neoni8mm/32/176/real_time",315634,431.613,431.588,ns,,,,,,8,16,4,176,16,32,8,2,4
"dot/dot_int8_int4_int32_16x4x8_2x4x8_neoni8mm/32/352/real_time",167436,824.099,824.052,ns,,,,,,8,16,4,352,16,32,8,2,4
"dot/dot_int8_int4_int32_16x4x8_2x4x8_neoni8mm/32/528/real_time",113551,1236.47,1236.47,ns,,,,,,8,16,4,528,16,32,8,2,4
"dot/dot_int8_int4_int32_16x4x8_2x4x8_neoni8mm/32/704/real_time",85229,1625.27,1625.19,ns,,,,,,8,16,4,704,16,32,8,2,4
"dot/dot_int8_int8_int32_2x32x8_2x4x8_neoni8mm/32/8/real_time",13277588,10.6416,10.6415,ns,,,,,,8,2,32,8,2,32,8,2,4
"dot/dot_int8_int8_int32_2x32x8_2x4x8_neoni8mm/32/176/real_time",2779255,50.0411,50.0386,ns,,,,,,8,2,32,176,2,32,8,2,4
"dot/dot_int8_int8_int32_2x32x8_2x4x8_neoni8mm/32/352/real_time",1429536,97.9756,97.9751,ns,,,,,,8,2,32,352,2,32,8,2,4
"dot/dot_int8_int8_int32_2x32x8_2x4x8_neoni8mm/32/528/real_time",1014689,139.506,139.504,ns,,,,,,8,2,32,528,2,32,8,2,4
"dot/dot_int8_int8_int32_2x32x8_2x4x8_neoni8mm/32/712/real_time",783995,184.728,184.727,ns,,,,,,8,2,32,712,2,32,8,2,4
"dot/dot_int8_int8_int32_2x32x8_2x4x8_neoni8mm/64/8/real_time",8989702,15.4831,15.4825,ns,,,,,,8,2,32,8,2,64,8,2,4
"dot/dot_int8_int8_int32_2x32x8_2x4x8_neoni8mm/64/88/real_time",2356159,59.1605,59.1607,ns,,,,,,8,2,32,88,2,64,8,2,4
"dot/dot_int8_int8_int32_2x32x8_2x4x8_neoni8mm/64/176/real_time",1356326,102.486,102.482,ns,,,,,,8,2,32,176,2,64,8,2,4
"dot/dot_int8_int8_int32_2x32x8_2x4x8_neoni8mm/64/264/real_time",956252,146.942,146.94,ns,,,,,,8,2,32,264,2,64,8,2,4
"dot/dot_int8_int8_int32_2x32x8_2x4x8_neoni8mm/64/360/real_time",719326,196.205,196.196,ns,,,,,,8,2,32,360,2,64,8,2,4
"dot/dot_int8_int8_int32_2x32x8_2x4x8_neoni8mm/128/8/real_time",6943024,20.1563,20.1563,ns,,,,,,8,2,32,8,2,128,8,2,4
"dot/dot_int8_int8_int32_2x32x8_2x4x8_neoni8mm/128/40/real_time",2505744,54.9694,54.9665,ns,,,,,,8,2,32,40,2,128,8,2,4
"dot/dot_int8_int8_int32_2x32x8_2x4x8_neoni8mm/128/88/real_time",1279941,109.105,109.105,ns,,,,,,8,2,32,88,2,128,8,2,4
"dot/dot_int8_int8_int32_2x32x8_2x4x8_neoni8mm/128/128/real_time",908813,154.072,154.071,ns,,,,,,8,2,32,128,2,128,8,2,4
"dot/dot_int8_int8_int32_2x32x8_2x4x8_neoni8mm/128/176/real_time",709176,202.212,202.212,ns,,,,,,8,2,32,176,2,128,8,2,4
"dot/dot_int8_int8_int32_2x32x8_2x4x8_neoni8mm/256/8/real_time",4329942,32.2683,32.2667,ns,,,,,,8,2,32,8,2,256,8,2,4
"dot/dot_int8_int8_int32_2x32x8_2x4x8_neoni8mm/256/16/real_time",3081384,46.0358,46.0361,ns,,,,,,8,2,32,16,2,256,8,2,4
"dot/dot_int8_int8_int32_2x32x8_2x4x8_neoni8mm/256/40/real_time",1311189,106.299,106.294,ns,,,,,,8,2,32,40,2,256,8,2,4
"dot/dot_int8_int8_int32_2x32x8_2x4x8_neoni8mm/256/56/real_time",972670,145.446,145.447,ns,,,,,,8,2,32,56,2,256,8,2,4
"dot/dot_int8_int8_int32_2x32x8_2x4x8_neoni8mm/256/80/real_time",683081,204.716,204.715,ns,,,,,,8,2,32,80,2,256,8,2,4
"dot/dot_int8_int8_int32_4x16x8_2x4x8_neoni8mm/16/8/real_time",11591723,11.9143,11.9138,ns,,,,,,8,4,16,8,4,16,8,2,4
"dot/dot_int8_int8_int32_4x16x8_2x4x8_neoni8mm/16/304/real_time",1678684,82.327,82.3228,ns,,,,,,8,4,16,304,4,16,8,2,4
"dot/dot_int8_int8_int32_4x16x8_2x4x8_neoni8mm/16/608/real_time",892705,157.068,157.068,ns,,,,,,8,4,16,608,4,16,8,2,4
"dot/dot_int8_int8_int32_4x16x8_2x4x8_neoni8mm/16/912/real_time",606184,229.699,229.625,ns,,,,,,8,4,16,912,4,16,8,2,4
"dot/dot_int8_int8_int32_4x16x8_2x4x8_neoni8mm/16/1216/real_time",461882,304.842,304.842,ns,,,,,,8,4,16,1216,4,16,8,2,4
"dot/dot_int8_int8_int32_4x16x8_2x4x8_neoni8mm/32/8/real_time",9431208,14.8004,14.8004,ns,,,,,,8,4,16,8,4,32,8,2,4
"dot/dot_int8_int8_int32_4x16x8_2x4x8_neoni8mm/32/160/real_time",1476233,96.8332,96.833,ns,,,,,,8,4,16,160,4,32,8,2,4
"dot/dot_int8_int8_int32_4x16x8_2x4x8_neoni8mm/32/328/real_time",790720,171.81,171.794,ns,,,,,,8,4,16,328,4,32,8,2,4
"dot/dot_int8_int8_int32_4x16x8_2x4x8_neoni8mm/32/496/real_time",552125,253.711,253.712,ns,,,,,,8,4,16,496,4,32,8,2,4
"dot/dot_int8_int8_int32_4x16x8_2x4x8_neoni8mm/32/664/real_time",425716,330.144,330.129,ns,,,,,,8,4,16,664,4,32,8,2,4
"dot/dot_int8_int8_int32_4x16x8_2x4x8_neoni8mm/64/8/real_time",6667857,21.048,21.048,ns,,,,,,8,4,16,8,4,64,8,2,4
"dot/dot_int8_int8_int32_4x16x8_2x4x8_neoni8mm/64/80/real_time",1000000,100.206,100.206,ns,,,,,,8,4,16,80,4,64,8,2,4
"dot/dot_int8_int8_int32_4x16x8_2x4x8_neoni8mm/64/168/real_time",723133,191.439,191.428,ns,,,,,,8,4,16,168,4,64,8,2,4
"dot/dot_int8_int8_int32_4x16x8_2x4x8_neoni8mm/64/256/real_time",511521,272.955,272.941,ns,,,,,,8,4,16,256,4,64,8,2,4
"dot/dot_int8_int8_int32_4x16x8_2x4x8_neoni8mm/64/344/real_time",386086,364.462,364.46,ns,,,,,,8,4,16,344,4,64,8,2,4
"dot/dot_int8_int8_int32_4x16x8_2x4x8_neoni8mm/128/8/real_time",4163873,33.6929,33.6903,ns,,,,,,8,4,16,8,4,128,8,2,4
"dot/dot_int8_int8_int32_4x16x8_2x4x8_neoni8mm/128/40/real_time",1290382,104.499,104.494,ns,,,,,,8,4,16,40,4,128,8,2,4
"dot/dot_int8_int8_int32_4x16x8_2x4x8_neoni8mm/128/80/real_time",717674,195.891,195.893,ns,,,,,,8,4,16,80,4,128,8,2,4
"dot/dot_int8_int8_int32_4x16x8_2x4x8_neoni8mm/128/120/real_time",488039,287.474,287.461,ns,,,,,,8,4,16,120,4,128,8,2,4
"dot/dot_int8_int8_int32_4x16x8_2x4x8_neoni8mm/128/168/real_time",371685,376.068,376.066,ns,,,,,,8,4,16,168,4,128,8,2,4
"dot/dot_int8_int8_int32_6x16x8_2x4x8_neoni8mm/16/8/real_time",9541307,14.3202,14.3194,ns,,,,,,8,6,16,8,6,16,8,2,4
"dot/dot_int8_int8_int32_6x16x8_2x4x8_neoni8mm/16/272/real_time",1269827,110.885,110.884,ns,,,,,,8,6,16,272,6,16,8,2,4
"dot/dot_int8_int8_int32_6x16x8_2x4x8_neoni8mm/16/544/real_time",662344,211.8,211.79,ns,,,,,,8,6,16,544,6,16,8,2,4
"dot/dot_int8_int8_int32_6x16x8_2x4x8_neoni8mm/16/816/real_time",443244,316.193,316.192,ns,,,,,,8,6,16,816,6,16,8,2,4
"dot/dot_int8_int8_int32_6x16x8_2x4x8_neoni8mm/16/1096/real_time",338707,413.634,413.635,ns,,,,,,8,6,16,1096,6,16,8,2,4
"dot/dot_int8_int8_int32_6x16x8_2x4x8_neoni8mm/32/8/real_time",7227765,19.7064,19.7054,ns,,,,,,8,6,16,8,6,32,8,2,4
"dot/dot_int8_int8_int32_6x16x8_2x4x8_neoni8mm/32/152/real_time",1058074,130.236,130.231,ns,,,,,,8,6,16,152,6,32,8,2,4
"dot/dot_int8_int8_int32_6x16x8_2x4x8_neoni8mm/32/312/real_time",568857,246.662,246.661,ns,,,,,,8,6,16,312,6,32,8,2,4
"dot/dot_int8_int8_int32_6x16x8_2x4x8_neoni8mm/32/464/real_time",391676,355.911,355.891,ns,,,,,,8,6,16,464,6,32,8,2,4
"dot/dot_int8_int8_int32_6x16x8_2x4x8_neoni8mm/32/624/real_time",295485,477.88,477.879,ns,,,,,,8,6,16,624,6,32,8,2,4
"dot/dot_int8_int8_int32_6x16x8_2x4x8_neoni8mm/64/8/real_time",4742045,29.6134,29.6136,ns,,,,,,8,6,16,8,6,64,8,2,4
"dot/dot_int8_int8_int32_6x16x8_2x4x8_neoni8mm/64/80/real_time",925546,153.649,153.642,ns,,,,,,8,6,16,80,6,64,8,2,4
"dot/dot_int8_int8_int32_6x16x8_2x4x8_neoni8mm/64/160/real_time",507534,272.734,272.723,ns,,,,,,8,6,16,160,6,64,8,2,4
"dot/dot_int8_int8_int32_6x16x8_2x4x8_neoni8mm/64/240/real_time",361379,388.331,388.332,ns,,,,,,8,6,16,240,6,64,8,2,4
"dot/dot_int8_int8_int32_6x16x8_2x4x8_neoni8mm/64/328/real_time",272366,510.261,510.233,ns,,,,,,8,6,16,328,6,64,8,2,4
"dot/dot_int8_int8_int32_6x16x8_2x4x8_neoni8mm/128/8/real_time",2889776,48.3943,48.3944,ns,,,,,,8,6,16,8,6,128,8,2,4
"dot/dot_int8_int8_int32_6x16x8_2x4x8_neoni8mm/128/40/real_time",900684,155.75,155.751,ns,,,,,,8,6,16,40,6,128,8,2,4
"dot/dot_int8_int8_int32_6x16x8_2x4x8_neoni8mm/128/80/real_time",471978,298.393,298.393,ns,,,,,,8,6,16,80,6,128,8,2,4
"dot/dot_int8_int8_int32_6x16x8_2x4x8_neoni8mm/128/120/real_time",333216,420.499,420.427,ns,,,,,,8,6,16,120,6,128,8,2,4
"dot/dot_int8_int8_int32_6x16x8_2x4x8_neoni8mm/128/160/real_time",257177,545.26,545.263,ns,,,,,,8,6,16,160,6,128,8,2,4
"dot/dot_int8_int8_int32_6x8x8_2x4x8_neoni8mm/8/8/real_time",12694192,10.9443,10.9438,ns,,,,,,8,6,8,8,6,8,8,2,4
"dot/dot_int8_int8_int32_6x8x8_2x4x8_neoni8mm/8/432/real_time",1643438,84.808,84.8076,ns,,,,,,8,6,8,432,6,8,8,2,4
"dot/dot_int8_int8_int32_6x8x8_2x4x8_neoni8mm/8/864/real_time",831414,166.564,166.551,ns,,,,,,8,6,8,864,6,8,8,2,4
"dot/dot_int8_int8_int32_6x8x8_2x4x8_neoni8mm/8/1296/real_time",548181,254.762,254.761,ns,,,,,,8,6,8,1296,6,8,8,2,4
"dot/dot_int8_int8_int32_6x8x8_2x4x8_neoni8mm/8/1736/real_time",421066,339.322,339.322,ns,,,,,,8,6,8,1736,6,8,8,2,4
"dot/dot_int8_int8_int32_6x8x8_2x4x8_neoni8mm/16/8/real_time",10419606,13.4344,13.4344,ns,,,,,,8,6,8,8,6,16,8,2,4
"dot/dot_int8_int8_int32_6x8x8_2x4x8_neoni8mm/16/272/real_time",1316320,106.347,106.34,ns,,,,,,8,6,8,272,6,16,8,2,4
"dot/dot_int8_int8_int32_6x8x8_2x4x8_neoni8mm/16/544/real_time",653885,214.739,214.738,ns,,,,,,8,6,8,544,6,16,8,2,4
"dot/dot_int8_int8_int32_6x8x8_2x4x8_neoni8mm/16/816/real_time",431453,317.705,317.682,ns,,,,,,8,6,8,816,6,16,8,2,4
"dot/dot_int8_int8_int32_6x8x8_2x4x8_neoni8mm/16/1096/real_time",331766,425.091,425.092,ns,,,,,,8,6,8,1096,6,16,8,2,4
"dot/dot_int8_int8_int32_6x8x8_2x4x8_neoni8mm/32/8/real_time",7677227,18.2929,18.2918,ns,,,,,,8,6,8,8,6,32,8,2,4
"dot/dot_int8_int8_int32_6x8x8_2x4x8_neoni8mm/32/152/real_time",1162875,120.66,120.66,ns,,,,,,8,6,8,152,6,32,8,2,4
"dot/dot_int8_int8_int32_6x8x8_2x4x8_neoni8mm/32/312/real_time",572413,244.545,244.544,ns,,,,,,8,6,8,312,6,32,8,2,4
"dot/dot_int8_int8_int32_6x8x8_2x4x8_neoni8mm/32/464/real_time",390990,366.073,366.073,ns,,,,,,8,6,8,464,6,32,8,2,4
"dot/dot_int8_int8_int32_6x8x8_2x4x8_neoni8mm/32/624/real_time",283945,482.842,482.815,ns,,,,,,8,6,8,624,6,32,8,2,4
"dot/dot_int8_int8_int32_6x8x8_2x4x8_neoni8mm/64/8/real_time",5016191,27.9346,27.9347,ns,,,,,,8,6,8,8,6,64,8,2,4
"dot/dot_int8_int8_int32_6x8x8_2x4x8_neoni8mm/64/80/real_time",1095072,127.527,127.52,ns,,,,,,8,6,8,80,6,64,8,2,4
"dot/dot_int8_int8_int32_6x8x8_2x4x8_neoni8mm/64/160/real_time",553192,253.471,253.471,ns,,,,,,8,6,8,160,6,64,8,2,4
"dot/dot_int8_int8_int32_6x8x8_2x4x8_neoni8mm/64/240/real_time",371019,377.49,377.49,ns,,,,,,8,6,8,240,6,64,8,2,4
"dot/dot_int8_int8_int32_6x8x8_2x4x8_neoni8mm/64/328/real_time",276073,514.639,514.639,ns,,,,,,8,6,8,328,6,64,8,2,4
"dot/dot_int8_int8_int32_8x8x8_2x4x8_neoni8mm/8/8/real_time",11052269,12.6431,12.6427,ns,,,,,,8,8,8,8,8,8,8,2,4
"dot/dot_int8_int8_int32_8x8x8_2x4x8_neoni8mm/8/376/real_time",1411794,99.6992,99.6994,ns,,,,,,8,8,8,376,8,8,8,2,4
"dot/dot_int8_int8_int32_8x8x8_2x4x8_neoni8mm/8/760/real_time",719865,189.253,189.242,ns,,,,,,8,8,8,760,8,8,8,2,4
"dot/dot_int8_int8_int32_8x8x8_2x4x8_neoni8mm/8/1136/real_time",501094,280.49,280.488,ns,,,,,,8,8,8,1136,8,8,8,2,4
"dot/dot_int8_int8_int32_8x8x8_2x4x8_neoni8mm/8/1520/real_time",374456,371.556,371.536,ns,,,,,,8,8,8,1520,8,8,8,2,4
"dot/dot_int8_int8_int32_8x8x8_2x4x8_neoni8mm/16/8/real_time",8856952,15.8397,15.8389,ns,,,,,,8,8,8,8,8,16,8,2,4
"dot/dot_int8_int8_int32_8x8x8_2x4x8_neoni8mm/16/248/real_time",1053321,132.03,132.03,ns,,,,,,8,8,8,248,8,16,8,2,4
"dot/dot_int8_int8_int32_8x8x8_2x4x8_neoni8mm/16/496/real_time",553320,252.278,252.268,ns,,,,,,8,8,8,496,8,16,8,2,4
"dot/dot_int8_int8_int32_8x8x8_2x4x8_neoni8mm/16/744/real_time",369362,380.012,380.012,ns,,,,,,8,8,8,744,8,16,8,2,4
"dot/dot_int8_int8_int32_8x8x8_2x4x8_neoni8mm/16/1000/real_time",276110,499.668,499.641,ns,,,,,,8,8,8,1000,8,16,8,2,4
"dot/dot_int8_int8_int32_8x8x8_2x4x8_neoni8mm/32/8/real_time",5857618,23.8975,23.8974,ns,,,,,,8,8,8,8,8,32,8,2,4
"dot/dot_int8_int8_int32_8x8x8_2x4x8_neoni8mm/32/144/real_time",862777,160.428,160.41,ns,,,,,,8,8,8,144,8,32,8,2,4
"dot/dot_int8_int8_int32_8x8x8_2x4x8_neoni8mm/32/288/real_time",475577,296.256,296.257,ns,,,,,,8,8,8,288,8,32,8,2,4
"dot/dot_int8_int8_int32_8x8x8_2x4x8_neoni8mm/32/432/real_time",322913,431.674,431.652,ns,,,,,,8,8,8,432,8,32,8,2,4
"dot/dot_int8_int8_int32_8x8x8_2x4x8_neoni8mm/32/584/real_time",236268,587.687,587.655,ns,,,,,,8,8,8,584,8,32,8,2,4
"dot/dot_int8_int8_int32_8x8x8_2x4x8_neoni8mm/64/8/real_time",3768705,37.1725,37.1725,ns,,,,,,8,8,8,8,8,64,8,2,4
"dot/dot_int8_int8_int32_8x8x8_2x4x8_neoni8mm/64/72/real_time",799910,174.715,174.713,ns,,,,,,8,8,8,72,8,64,8,2,4
"dot/dot_int8_int8_int32_8x8x8_2x4x8_neoni8mm/64/152/real_time",408103,338.201,338.182,ns,,,,,,8,8,8,152,8,64,8,2,4
"dot/dot_int8_int8_int32_8x8x8_2x4x8_neoni8mm/64/232/real_time",290719,482.216,482.218,ns,,,,,,8,8,8,232,8,64,8,2,4
"dot/dot_int8_int8_int32_8x8x8_2x4x8_neoni8mm/64/312/real_time",223032,629.336,629.331,ns,,,,,,8,8,8,312,8,64,8,2,4
"dot/dot_int8_int8_int32_10x8x8_2x4x8_neoni8mm/8/8/real_time",9098122,15.1799,15.1793,ns,,,,,,8,10,8,8,10,8,8,2,4
"dot/dot_int8_int8_int32_10x8x8_2x4x8_neoni8mm/8/336/real_time",1253722,111.531,111.531,ns,,,,,,8,10,8,336,10,8,8,2,4
"dot/dot_int8_int8_int32_10x8x8_2x4x8_neoni8mm/8/672/real_time",643294,216.845,216.846,ns,,,,,,8,10,8,672,10,8,8,2,4
"dot/dot_int8_int8_int32_10x8x8_2x4x8_neoni8mm/8/1008/real_time",436134,313.191,313.177,ns,,,,,,8,10,8,1008,10,8,8,2,4
"dot/dot_int8_int8_int32_10x8x8_2x4x8_neoni8mm/8/1344/real_time",334818,417.809,417.809,ns,,,,,,8,10,8,1344,10,8,8,2,4
"dot/dot_int8_int8_int32_10x8x8_2x4x8_neoni8mm/16/8/real_time",6767031,20.4229,20.4217,ns,,,,,,8,10,8,8,10,16,8,2,4
"dot/dot_int8_int8_int32_10x8x8_2x4x8_neoni8mm/16/224/real_time",926079,151.769,151.762,ns,,,,,,8,10,8,224,10,16,8,2,4
"dot/dot_int8_int8_int32_10x8x8_2x4x8_neoni8mm/16/456/real_time",485627,294.522,294.52,ns,,,,,,8,10,8,456,10,16,8,2,4
"dot/dot_int8_int8_int32_10x8x8_2x4x8_neoni8mm/16/688/real_time",319725,438.131,438.13,ns,,,,,,8,10,8,688,10,16,8,2,4
"dot/dot_int8_int8_int32_10x8x8_2x4x8_neoni8mm/16/920/real_time",241150,585.933,585.901,ns,,,,,,8,10,8,920,10,16,8,2,4
"dot/dot_int8_int8_int32_10x8x8_2x4x8_neoni8mm/32/8/real_time",4686585,29.74,29.7391,ns,,,,,,8,10,8,8,10,32,8,2,4
"dot/dot_int8_int8_int32_10x8x8_2x4x8_neoni8mm/32/136/real_time",716297,195.072,195.063,ns,,,,,,8,10,8,136,10,32,8,2,4
"dot/dot_int8_int8_int32_10x8x8_2x4x8_neoni8mm/32/272/real_time",389009,360.452,360.452,ns,,,,,,8,10,8,272,10,32,8,2,4
"dot/dot_int8_int8_int32_10x8x8_2x4x8_neoni8mm/32/408/real_time",266944,518.762,518.712,ns,,,,,,8,10,8,408,10,32,8,2,4
"dot/dot_int8_int8_int32_10x8x8_2x4x8_neoni8mm/32/552/real_time",196212,715.636,715.639,ns,,,,,,8,10,8,552,10,32,8,2,4
"dot/dot_int8_int8_int32_10x8x8_2x4x8_neoni8mm/64/8/real_time",2863654,48.7007,48.6902,ns,,,,,,8,10,8,8,10,64,8,2,4
"dot/dot_int8_int8_int32_10x8x8_2x4x8_neoni8mm/64/72/real_time",612116,228.024,228.024,ns,,,,,,8,10,8,72,10,64,8,2,4
"dot/dot_int8_int8_int32_10x8x8_2x4x8_neoni8mm/64/144/real_time",338663,409.285,409.265,ns,,,,,,8,10,8,144,10,64,8,2,4
"dot/dot_int8_int8_int32_10x8x8_2x4x8_neoni8mm/64/216/real_time",239135,585.728,585.728,ns,,,,,,8,10,8,216,10,64,8,2,4
"dot/dot_int8_int8_int32_10x8x8_2x4x8_neoni8mm/64/296/real_time",180134,774.683,774.684,ns,,,,,,8,10,8,296,10,64,8,2,4
"dot/dot_int8_int8_int32_16x4x8_2x4x8_neoni8mm/4/8/real_time",9952076,14.0541,14.0541,ns,,,,,,8,16,4,8,16,4,8,2,4
"dot/dot_int8_int8_int32_16x4x8_2x4x8_neoni8mm/4/304/real_time",1758269,80.2261,80.2266,ns,,,,,,8,16,4,304,16,4,8,2,4
"dot/dot_int8_int8_int32_16x4x8_2x4x8_neoni8mm/4/608/real_time",883808,157.565,157.556,ns,,,,,,8,16,4,608,16,4,8,2,4
"dot/dot_int8_int8_int32_16x4x8_2x4x8_neoni8mm/4/912/real_time",608096,229.924,229.924,ns,,,,,,8,16,4,912,16,4,8,2,4
"dot/dot_int8_int8_int32_16x4x8_2x4x8_neoni8mm/4/1216/real_time",461851,302.998,302.998,ns,,,,,,8,16,4,1216,16,4,8,2,4
"dot/dot_int8_int8_int32_16x4x8_2x4x8_neoni8mm/8/8/real_time",7712631,18.4016,18.4009,ns,,,,,,8,16,4,8,16,8,8,2,4
"dot/dot_int8_int8_int32_16x4x8_2x4x8_neoni8mm/8/248/real_time",1049170,132.166,132.144,ns,,,,,,8,16,4,248,16,8,8,2,4
"dot/dot_int8_int8_int32_16x4x8_2x4x8_neoni8mm/8/496/real_time",551554,255.12,255.121,ns,,,,,,8,16,4,496,16,8,8,2,4
"dot/dot_int8_int8_int32_16x4x8_2x4x8_neoni8mm/8/744/real_time",371404,376.441,376.42,ns,,,,,,8,16,4,744,16,8,8,2,4
"dot/dot_int8_int8_int32_16x4x8_2x4x8_neoni8mm/8/1000/real_time",274493,510.772,510.771,ns,,,,,,8,16,4,1000,16,8,8,2,4
"dot/dot_int8_int8_int32_16x4x8_2x4x8_neoni8mm/16/8/real_time",5502955,25.3345,25.3335,ns,,,,,,8,16,4,8,16,16,8,2,4
"dot/dot_int8_int8_int32_16x4x8_2x4x8_neoni8mm/16/184/real_time",697230,201.994,201.994,ns,,,,,,8,16,4,184,16,16,8,2,4
"dot/dot_int8_int8_int32_16x4x8_2x4x8_neoni8mm/16/368/real_time",376914,380.504,380.442,ns,,,,,,8,16,4,368,16,16,8,2,4
"dot/dot_int8_int8_int32_16x4x8_2x4x8_neoni8mm/16/552/real_time",246445,562.544,562.547,ns,,,,,,8,16,4,552,16,16,8,2,4
"dot/dot_int8_int8_int32_16x4x8_2x4x8_neoni8mm/16/736/real_time",188878,735.032,734.988,ns,,,,,,8,16,4,736,16,16,8,2,4
"dot/dot_int8_int8_int32_16x4x8_2x4x8_neoni8mm/32/8/real_time",3671068,38.0599,38.0584,ns,,,,,,8,16,4,8,16,32,8,2,4
"dot/dot_int8_int8_int32_16x4x8_2x4x8_neoni8mm/32/112/real_time",494912,282.288,282.289,ns,,,,,,8,16,4,112,16,32,8,2,4
"dot/dot_int8_int8_int32_16x4x8_2x4x8_neoni8mm/32/232/real_time",276792,494.658,494.635,ns,,,,,,8,16,4,232,16,32,8,2,4
"dot/dot_int8_int8_int32_16x4x8_2x4x8_neoni8mm/32/344/real_time",197110,710.622,710.624,ns,,,,,,8,16,4,344,16,32,8,2,4
"dot/dot_int8_int8_int32_16x4x8_2x4x8_neoni8mm/32/464/real_time",148220,945.344,945.304,ns,,,,,,8,16,4,464,16,32,8,2,4
"dot/dot_bf16_bf16_fp32_2x32x4_2x4x4_neonbf16/32/4/real_time",13572028,10.3351,10.3347,ns,,,,,,4,2,32,4,2,32,4,2,4
"dot/dot_bf16_bf16_fp32_2x32x4_2x4x4_neonbf16/32/88/real_time",814990,169.004,168.995,ns,,,,,,4,2,32,88,2,32,4,2,4
"dot/dot_bf16_bf16_fp32_2x32x4_2x4x4_neonbf16/32/176/real_time",413961,339.146,339.145,ns,,,,,,4,2,32,176,2,32,4,2,4
"dot/dot_bf16_bf16_fp32_2x32x4_2x4x4_neonbf16/32/264/real_time",274813,514.692,514.692,ns,,,,,,4,2,32,264,2,32,4,2,4
"dot/dot_bf16_bf16_fp32_2x32x4_2x4x4_neonbf16/32/356/real_time",201810,693.796,693.796,ns,,,,,,4,2,32,356,2,32,4,2,4
"dot/dot_bf16_bf16_fp32_2x32x4_2x4x4_neonbf16/64/4/real_time",7499983,18.4605,18.4596,ns,,,,,,4,2,32,4,2,64,4,2,4
"dot/dot_bf16_bf16_fp32_2x32x4_2x4x4_neonbf16/64/44/real_time",823396,170.359,170.354,ns,,,,,,4,2,32,44,2,64,4,2,4
"dot/dot_bf16_bf16_fp32_2x32x4_2x4x4_neonbf16/64/88/real_time",415347,340.105,340.106,ns,,,,,,4,2,32,88,2,64,4,2,4
"dot/dot_bf16_bf16_fp32_2x32x4_2x4x4_neonbf16/64/132/real_time",274908,506.717,506.693,ns,,,,,,4,2,32,132,2,64,4,2,4
"dot/dot_bf16_bf16_fp32_2x32x4_2x4x4_neonbf16/64/180/real_time",203196,691.469,691.465,ns,,,,,,4,2,32,180,2,64,4,2,4
"dot/dot_bf16_bf16_fp32_2x32x4_2x4x4_neonbf16/128/4/real_time",3902870,35.8877,35.8877,ns,,,,,,4,2,32,4,2,128,4,2,4
"dot/dot_bf16_bf16_fp32_2x32x4_2x4x4_neonbf16/128/20/real_time",880208,155.637,155.618,ns,,,,,,4,2,32,20,2,128,4,2,4
"dot/dot_bf16_bf16_fp32_2x32x4_2x4x4_neonbf16/128/44/real_time",411984,338.62,338.586,ns,,,,,,4,2,32,44,2,128,4,2,4
"dot/dot_bf16_bf16_fp32_2x32x4_2x4x4_neonbf16/128/64/real_time",279426,494.396,494.367,ns,,,,,,4,2,32,64,2,128,4,2,4
"dot/dot_bf16_bf16_fp32_2x32x4_2x4x4_neonbf16/128/88/real_time",206156,679.752,679.752,ns,,,,,,4,2,32,88,2,128,4,2,4
"dot/dot_bf16_bf16_fp32_2x32x4_2x4x4_neonbf16/256/4/real_time",1985383,71.7377,71.7378,ns,,,,,,4,2,32,4,2,256,4,2,4
"dot/dot_bf16_bf16_fp32_2x32x4_2x4x4_neonbf16/256/8/real_time",1044023,133.999,133.999,ns,,,,,,4,2,32,8,2,256,4,2,4
"dot/dot_bf16_bf16_fp32_2x32x4_2x4x4_neonbf16/256/20/real_time",436723,313.233,313.219,ns,,,,,,4,2,32,20,2,256,4,2,4
"dot/dot_bf16_bf16_fp32_2x32x4_2x4x4_neonbf16/256/28/real_time",320996,434.821,434.797,ns,,,,,,4,2,32,28,2,256,4,2,4
"dot/dot_bf16_bf16_fp32_2x32x4_2x4x4_neonbf16/256/40/real_time",226083,622.938,622.935,ns,,,,,,4,2,32,40,2,256,4,2,4
"dot/dot_bf16_bf16_fp32_4x16x4_2x4x4_neonbf16/16/4/real_time",12293102,11.4069,11.4069,ns,,,,,,4,4,16,4,4,16,4,2,4
"dot/dot_bf16_bf16_fp32_4x16x4_2x4x4_neonbf16/16/152/real_time",482405,289.244,289.245,ns,,,,,,4,4,16,152,4,16,4,2,4
"dot/dot_bf16_bf16_fp32_4x16x4_2x4x4_neonbf16/16/304/real_time",241669,578.419,578.382,ns,,,,,,4,4,16,304,4,16,4,2,4
"dot/dot_bf16_bf16_fp32_4x16x4_2x4x4_neonbf16/16/456/real_time",161878,871.395,871.366,ns,,,,,,4,4,16,456,4,16,4,2,4
"dot/dot_bf16_bf16_fp32_4x16x4_2x4x4_neonbf16/16/608/real_time",118801,1176.09,1176.09,ns,,,,,,4,4,16,608,4,16,4,2,4
"dot/dot_bf16_bf16_fp32_4x16x4_2x4x4_neonbf16/32/4/real_time",7691938,18.1992,18.1983,ns,,,,,,4,4,16,4,4,32,4,2,4
"dot/dot_bf16_bf16_fp32_4x16x4_2x4x4_neonbf16/32/80/real_time",454589,307.316,307.315,ns,,,,,,4,4,16,80,4,32,4,2,4
"dot/dot_bf16_bf16_fp32_4x16x4_2x4x4_neonbf16/32/164/real_time",226268,625.413,625.413,ns,,,,,,4,4,16,164,4,32,4,2,4
"dot/dot_bf16_bf16_fp32_4x16x4_2x4x4_neonbf16/32/248/real_time",148169,940.908,940.905,ns,,,,,,4,4,16,248,4,32,4,2,4
"dot/dot_bf16_bf16_fp32_4x16x4_2x4x4_neonbf16/32/332/real_time",111230,1255.12,1255.06,ns,,,,,,4,4,16,332,4,32,4,2,4
"dot/dot_bf16_bf16_fp32_4x16x4_2x4x4_neonbf16/64/4/real_time",3945477,35.7173,35.7171,ns,,,,,,4,4,16,4,4,64,4,2,4
"dot/dot_bf16_bf16_fp32_4x16x4_2x4x4_neonbf16/64/40/real_time",456398,308.937,308.936,ns,,,,,,4,4,16,40,4,64,4,2,4
"dot/dot_bf16_bf16_fp32_4x16x4_2x4x4_neonbf16/64/84/real_time",217207,642.233,642.212,ns,,,,,,4,4,16,84,4,64,4,2,4
"dot/dot_bf16_bf16_fp32_4x16x4_2x4x4_neonbf16/64/128/real_time",140618,994.098,994.097,ns,,,,,,4,4,16,128,4,64,4,2,4
"dot/dot_bf16_bf16_fp32_4x16x4_2x4x4_neonbf16/64/172/real_time",104917,1294.94,1294.92,ns,,,,,,4,4,16,172,4,64,4,2,4
"dot/dot_bf16_bf16_fp32_4x16x4_2x4x4_neonbf16/128/4/real_time",1981975,70.5045,70.5014,ns,,,,,,4,4,16,4,4,128,4,2,4
"dot/dot_bf16_bf16_fp32_4x16x4_2x4x4_neonbf16/128/20/real_time",443660,314.854,314.854,ns,,,,,,4,4,16,20,4,128,4,2,4
"dot/dot_bf16_bf16_fp32_4x16x4_2x4x4_neonbf16/128/40/real_time",226800,622.804,622.782,ns,,,,,,4,4,16,40,4,128,4,2,4
"dot/dot_bf16_bf16_fp32_4x16x4_2x4x4_neonbf16/128/60/real_time",150184,924.136,924.086,ns,,,,,,4,4,16,60,4,128,4,2,4
"dot/dot_bf16_bf16_fp32_4x16x4_2x4x4_neonbf16/128/84/real_time",108436,1288.18,1288.18,ns,,,,,,4,4,16,84,4,128,4,2,4
"dot/dot_bf16_bf16_fp32_6x16x4_2x4x4_neonbf16/16/4/real_time",8667679,16.1655,16.1656,ns,,,,,,4,6,16,4,6,16,4,2,4
"dot/dot_bf16_bf16_fp32_6x16x4_2x4x4_neonbf16/16/136/real_time",358688,443.002,433.352,ns,,,,,,4,6,16,136,6,16,4,2,4
"dot/dot_bf16_bf16_fp32_6x16x4_2x4x4_neonbf16/16/272/real_time",183927,774.239,774.237,ns,,,,,,4,6,16,272,6,16,4,2,4
"dot/dot_bf16_bf16_fp32_6x16x4_2x4x4_neonbf16/16/408/real_time",120563,1169.47,1169.42,ns,,,,,,4,6,16,408,6,16,4,2,4
"dot/dot_bf16_bf16_fp32_6x16x4_2x4x4_neonbf16/16/548/real_time",88272,1585.97,1585.95,ns,,,,,,4,6,16,548,6,16,4,2,4
"dot/dot_bf16_bf16_fp32_6x16x4_2x4x4_neonbf16/32/4/real_time",4938061,28.0716,28.0703,ns,,,,,,4,6,16,4,6,32,4,2,4
"dot/dot_bf16_bf16_fp32_6x16x4_2x4x4_neonbf16/32/76/real_time",322111,435.064,435.067,ns,,,,,,4,6,16,76,6,32,4,2,4
"dot/dot_bf16_bf16_fp32_6x16x4_2x4x4_neonbf16/32/156/real_time",157649,889.102,889.057,ns,,,,,,4,6,16,156,6,32,4,2,4
"dot/dot_bf16_bf16_fp32_6x16x4_2x4x4_neonbf16/32/232/real_time",105325,1326.82,1326.84,ns,,,,,,4,6,16,232,6,32,4,2,4
"dot/dot_bf16_bf16_fp32_6x16x4_2x4x4_neonbf16/32/312/real_time",78753,1780.42,1780.34,ns,,,,,,4,6,16,312,6,32,4,2,4
"dot/dot_bf16_bf16_fp32_6x16x4_2x4x4_neonbf16/64/4/real_time",2594699,53.9082,53.9053,ns,,,,,,4,6,16,4,6,64,4,2,4
"dot/dot_bf16_bf16_fp32_6x16x4_2x4x4_neonbf16/64/40/real_time",303084,461.572,461.575,ns,,,,,,4,6,16,40,6,64,4,2,4
"dot/dot_bf16_bf16_fp32_6x16x4_2x4x4_neonbf16/64/80/real_time",152751,915.479,915.451,ns,,,,,,4,6,16,80,6,64,4,2,4
"dot/dot_bf16_bf16_fp32_6x16x4_2x4x4_neonbf16/64/120/real_time",106413,1359.47,1359.48,ns,,,,,,4,6,16,120,6,64,4,2,4
"dot/dot_bf16_bf16_fp32_6x16x4_2x4x4_neonbf16/64/164/real_time",75226,1867.82,1867.81,ns,,,,,,4,6,16,164,6,64,4,2,4
"dot/dot_bf16_bf16_fp32_6x16x4_2x4x4_neonbf16/128/4/real_time",1345151,106.517,106.517,ns,,,,,,4,6,16,4,6,128,4,2,4
"dot/dot_bf16_bf16_fp32_6x16x4_2x4x4_neonbf16/128/20/real_time",292563,471.033,471.01,ns,,,,,,4,6,16,20,6,128,4,2,4
"dot/dot_bf16_bf16_fp32_6x16x4_2x4x4_neonbf16/128/40/real_time",151466,925.897,925.898,ns,,,,,,4,6,16,40,6,128,4,2,4
"dot/dot_bf16_bf16_fp32_6x16x4_2x4x4_neonbf16/128/60/real_time",101241,1379.34,1379.26,ns,,,,,,4,6,16,60,6,128,4,2,4
"dot/dot_bf16_bf16_fp32_6x16x4_2x4x4_neonbf16/128/80/real_time",78086,1826.15,1826.17,ns,,,,,,4,6,16,80,6,128,4,2,4
"dot/dot_bf16_bf16_fp32_6x8x8_2x4x4_neonbf16/8/8/real_time",10132293,13.8542,13.8542,ns,,,,,,8,6,8,8,6,8,4,2,4
"dot/dot_bf16_bf16_fp32_6x8x8_2x4x4_neonbf16/8/216/real_time",450137,314.254,314.253,ns,,,,,,8,6,8,216,6,8,4,2,4
"dot/dot_bf16_bf16_fp32_6x8x8_2x4x4_neonbf16/8/432/real_time",223677,608.514,608.489,ns,,,,,,8,6,8,432,6,8,4,2,4
"dot/dot_bf16_bf16_fp32_6x8x8_2x4x4_neonbf16/8/648/real_time",152361,918.805,918.811,ns,,,,,,8,6,8,648,6,8,4,2,4
"dot/dot_bf16_bf16_fp32_6x8x8_2x4x4_neonbf16/8/864/real_time",114297,1220.5,1220.4,ns,,,,,,8,6,8,864,6,8,4,2,4
"dot/dot_bf16_bf16_fp32_6x8x8_2x4x4_neonbf16/16/8/real_time",5494685,25.7095,25.7096,ns,,,,,,8,6,8,8,6,16,4,2,4
"dot/dot_bf16_bf16_fp32_6x8x8_2x4x4_neonbf16/16/136/real_time",352711,386.684,386.656,ns,,,,,,8,6,8,136,6,16,4,2,4
"dot/dot_bf16_bf16_fp32_6x8x8_2x4x4_neonbf16/16/272/real_time",180212,776.843,776.846,ns,,,,,,8,6,8,272,6,16,4,2,4
"dot/dot_bf16_bf16_fp32_6x8x8_2x4x4_neonbf16/16/408/real_time",120180,1153,1152.95,ns,,,,,,8,6,8,408,6,16,4,2,4
"dot/dot_bf16_bf16_fp32_6x8x8_2x4x4_neonbf16/16/544/real_time",90544,1546.87,1546.87,ns,,,,,,8,6,8,544,6,16,4,2,4
"dot/dot_bf16_bf16_fp32_6x8x8_2x4x4_neonbf16/32/8/real_time",2802113,49.5898,49.5879,ns,,,,,,8,6,8,8,6,32,4,2,4
"dot/dot_bf16_bf16_fp32_6x8x8_2x4x4_neonbf16/32/72/real_time",337371,421.134,421.136,ns,,,,,,8,6,8,72,6,32,4,2,4
"dot/dot_bf16_bf16_fp32_6x8x8_2x4x4_neonbf16/32/152/real_time",158566,856.684,856.64,ns,,,,,,8,6,8,152,6,32,4,2,4
"dot/dot_bf16_bf16_fp32_6x8x8_2x4x4_neonbf16/32/232/real_time",106449,1318.06,1318.06,ns,,,,,,8,6,8,232,6,32,4,2,4
"dot/dot_bf16_bf16_fp32_6x8x8_2x4x4_neonbf16/32/312/real_time",78917,1777.2,1777.12,ns,,,,,,8,6,8,312,6,32,4,2,4
"dot/dot_bf16_bf16_fp32_6x8x8_2x4x4_neonbf16/64/8/real_time",1406230,99.5682,99.5691,ns,,,,,,8,6,8,8,6,64,4,2,4
"dot/dot_bf16_bf16_fp32_6x8x8_2x4x4_neonbf16/64/40/real_time",300640,460.257,460.258,ns,,,,,,8,6,8,40,6,64,4,2,4
"dot/dot_bf16_bf16_fp32_6x8x8_2x4x4_neonbf16/64/80/real_time",152642,925.485,925.44,ns,,,,,,8,6,8,80,6,64,4,2,4
"dot/dot_bf16_bf16_fp32_6x8x8_2x4x4_neonbf16/64/120/real_time",100477,1395.22,1395.22,ns,,,,,,8,6,8,120,6,64,4,2,4
"dot/dot_bf16_bf16_fp32_6x8x8_2x4x4_neonbf16/64/160/real_time",75349,1820.89,1820.81,ns,,,,,,8,6,8,160,6,64,4,2,4
"dot/dot_bf16_bf16_fp32_8x8x8_2x4x4_neonbf16/8/8/real_time",7502143,18.6271,18.6271,ns,,,,,,8,8,8,8,8,8,4,2,4
"dot/dot_bf16_bf16_fp32_8x8x8_2x4x4_neonbf16/8/184/real_time",400528,349.613,349.614,ns,,,,,,8,8,8,184,8,8,4,2,4
"dot/dot_bf16_bf16_fp32_8x8x8_2x4x4_neonbf16/8/376/real_time",198677,713.499,713.495,ns,,,,,,8,8,8,376,8,8,4,2,4
"dot/dot_bf16_bf16_fp32_8x8x8_2x4x4_neonbf16/8/568/real_time",129098,1073.71,1073.66,ns,,,,,,8,8,8,568,8,8,4,2,4
"dot/dot_bf16_bf16_fp32_8x8x8_2x4x4_neonbf16/8/760/real_time",96945,1446.02,1446.02,ns,,,,,,8,8,8,760,8,8,4,2,4
"dot/dot_bf16_bf16_fp32_8x8x8_2x4x4_neonbf16/16/8/real_time",4012395,35.0107,35.0088,ns,,,,,,8,8,8,8,8,16,4,2,4
"dot/dot_bf16_bf16_fp32_8x8x8_2x4x4_neonbf16/16/120/real_time",299749,458.903,458.874,ns,,,,,,8,8,8,120,8,16,4,2,4
"dot/dot_bf16_bf16_fp32_8x8x8_2x4x4_neonbf16/16/248/real_time",148061,936.096,936.04,ns,,,,,,8,8,8,248,8,16,4,2,4
"dot/dot_bf16_bf16_fp32_8x8x8_2x4x4_neonbf16/16/368/real_time",100678,1393.93,1393.94,ns,,,,,,8,8,8,368,8,16,4,2,4
"dot/dot_bf16_bf16_fp32_8x8x8_2x4x4_neonbf16/16/496/real_time",74545,1870.42,1870.32,ns,,,,,,8,8,8,496,8,16,4,2,4
"dot/dot_bf16_bf16_fp32_8x8x8_2x4x4_neonbf16/32/8/real_time",2040984,68.4827,68.4822,ns,,,,,,8,8,8,8,8,32,4,2,4
"dot/dot_bf16_bf16_fp32_8x8x8_2x4x4_neonbf16/32/72/real_time",252189,550.69,550.69,ns,,,,,,8,8,8,72,8,32,4,2,4
"dot/dot_bf16_bf16_fp32_8x8x8_2x4x4_neonbf16/32/144/real_time",126535,1092.18,1092.14,ns,,,,,,8,8,8,144,8,32,4,2,4
"dot/dot_bf16_bf16_fp32_8x8x8_2x4x4_neonbf16/32/216/real_time",85030,1645.43,1645.43,ns,,,,,,8,8,8,216,8,32,4,2,4
"dot/dot_bf16_bf16_fp32_8x8x8_2x4x4_neonbf16/32/288/real_time",63927,2181.16,2181.05,ns,,,,,,8,8,8,288,8,32,4,2,4
"dot/dot_bf16_bf16_fp32_8x8x8_2x4x4_neonbf16/64/8/real_time",1053956,133.645,133.646,ns,,,,,,8,8,8,8,8,64,4,2,4
"dot/dot_bf16_bf16_fp32_8x8x8_2x4x4_neonbf16/64/32/real_time",283708,495.342,495.34,ns,,,,,,8,8,8,32,8,64,4,2,4
"dot/dot_bf16_bf16_fp32_8x8x8_2x4x4_neonbf16/64/72/real_time",127333,1093.66,1093.54,ns,,,,,,8,8,8,72,8,64,4,2,4
"dot/dot_bf16_bf16_fp32_8x8x8_2x4x4_neonbf16/64/112/real_time",80680,1732.65,1732.52,ns,,,,,,8,8,8,112,8,64,4,2,4
"dot/dot_bf16_bf16_fp32_8x8x8_2x4x4_neonbf16/64/152/real_time",59317,2356.64,2356.64,ns,,,,,,8,8,8,152,8,64,4,2,4
"dot/dot_bf16_bf16_fp32_10x8x8_2x4x4_neonbf16/8/8/real_time",6263083,22.1255,22.1244,ns,,,,,,8,10,8,8,10,8,4,2,4
"dot/dot_bf16_bf16_fp32_10x8x8_2x4x4_neonbf16/8/168/real_time",349615,400.683,400.684,ns,,,,,,8,10,8,168,10,8,4,2,4
"dot/dot_bf16_bf16_fp32_10x8x8_2x4x4_neonbf16/8/336/real_time",177647,796.599,796.597,ns,,,,,,8,10,8,336,10,8,4,2,4
"dot/dot_bf16_bf16_fp32_10x8x8_2x4x4_neonbf16/8/504/real_time",117079,1184.88,1184.82,ns,,,,,,8,10,8,504,10,8,4,2,4
"dot/dot_bf16_bf16_fp32_10x8x8_2x4x4_neonbf16/8/672/real_time",88224,1590.28,1590.28,ns,,,,,,8,10,8,672,10,8,4,2,4
"dot/dot_bf16_bf16_fp32_10x8x8_2x4x4_neonbf16/16/8/real_time",3342349,41.9861,41.9863,ns,,,,,,8,10,8,8,10,16,4,2,4
"dot/dot_bf16_bf16_fp32_10x8x8_2x4x4_neonbf16/16/112/real_time",263165,533.75,533.722,ns,,,,,,8,10,8,112,10,16,4,2,4
"dot/dot_bf16_bf16_fp32_10x8x8_2x4x4_neonbf16/16/224/real_time",130917,1063.49,1063.43,ns,,,,,,8,10,8,224,10,16,4,2,4
"dot/dot_bf16_bf16_fp32_10x8x8_2x4x4_neonbf16/16/336/real_time",86625,1620.46,1620.47,ns,,,,,,8,10,8,336,10,16,4,2,4
"dot/dot_bf16_bf16_fp32_10x8x8_2x4x4_neonbf16/16/456/real_time",63674,2179.86,2179.76,ns,,,,,,8,10,8,456,10,16,4,2,4
"dot/dot_bf16_bf16_fp32_10x8x8_2x4x4_neonbf16/32/8/real_time",1679420,83.3248,83.3252,ns,,,,,,8,10,8,8,10,32,4,2,4
"dot/dot_bf16_bf16_fp32_10x8x8_2x4x4_neonbf16/32/64/real_time",228697,608.96,608.932,ns,,,,,,8,10,8,64,10,32,4,2,4
"dot/dot_bf16_bf16_fp32_10x8x8_2x4x4_neonbf16/32/136/real_time",108976,1294.21,1294.19,ns,,,,,,8,10,8,136,10,32,4,2,4
"dot/dot_bf16_bf16_fp32_10x8x8_2x4x4_neonbf16/32/200/real_time",73586,1893.78,1893.74,ns,,,,,,8,10,8,200,10,32,4,2,4
"dot/dot_bf16_bf16_fp32_10x8x8_2x4x4_neonbf16/32/272/real_time",54439,2573.4,2573.41,ns,,,,,,8,10,8,272,10,32,4,2,4
"dot/dot_bf16_bf16_fp32_10x8x8_2x4x4_neonbf16/64/8/real_time",848059,164.469,164.45,ns,,,,,,8,10,8,8,10,64,4,2,4
"dot/dot_bf16_bf16_fp32_10x8x8_2x4x4_neonbf16/64/32/real_time",222373,629.849,629.847,ns,,,,,,8,10,8,32,10,64,4,2,4
"dot/dot_bf16_bf16_fp32_10x8x8_2x4x4_neonbf16/64/72/real_time",99994,1399.2,1399.2,ns,,,,,,8,10,8,72,10,64,4,2,4
"dot/dot_bf16_bf16_fp32_10x8x8_2x4x4_neonbf16/64/104/real_time",69380,1975.63,1975.55,ns,,,,,,8,10,8,104,10,64,4,2,4
"dot/dot_bf16_bf16_fp32_10x8x8_2x4x4_neonbf16/64/144/real_time",51036,2736.66,2736.54,ns,,,,,,8,10,8,144,10,64,4,2,4
"dot/dot_bf16_bf16_fp32_16x4x8_2x4x4_neonbf16/4/8/real_time",7255108,19.3283,19.3283,ns,,,,,,8,16,4,8,16,4,4,2,4
"dot/dot_bf16_bf16_fp32_16x4x8_2x4x4_neonbf16/4/152/real_time",492444,290.935,290.935,ns,,,,,,8,16,4,152,16,4,4,2,4
"dot/dot_bf16_bf16_fp32_16x4x8_2x4x4_neonbf16/4/304/real_time",241156,577.188,577.178,ns,,,,,,8,16,4,304,16,4,4,2,4
"dot/dot_bf16_bf16_fp32_16x4x8_2x4x4_neonbf16/4/456/real_time",161004,866.681,866.637,ns,,,,,,8,16,4,456,16,4,4,2,4
"dot/dot_bf16_bf16_fp32_16x4x8_2x4x4_neonbf16/4/608/real_time",121575,1154.08,1154.09,ns,,,,,,8,16,4,608,16,4,4,2,4
"dot/dot_bf16_bf16_fp32_16x4x8_2x4x4_neonbf16/8/8/real_time",3894392,35.7556,35.7535,ns,,,,,,8,16,4,8,16,8,4,2,4
"dot/dot_bf16_bf16_fp32_16x4x8_2x4x4_neonbf16/8/120/real_time",303215,464.618,464.598,ns,,,,,,8,16,4,120,16,8,4,2,4
"dot/dot_bf16_bf16_fp32_16x4x8_2x4x4_neonbf16/8/248/real_time",145392,963.46,963.464,ns,,,,,,8,16,4,248,16,8,4,2,4
"dot/dot_bf16_bf16_fp32_16x4x8_2x4x4_neonbf16/8/368/real_time",98154,1427.59,1427.59,ns,,,,,,8,16,4,368,16,8,4,2,4
"dot/dot_bf16_bf16_fp32_16x4x8_2x4x4_neonbf16/8/496/real_time",72684,1878.64,1878.54,ns,,,,,,8,16,4,496,16,8,4,2,4
"dot/dot_bf16_bf16_fp32_16x4x8_2x4x4_neonbf16/16/8/real_time",2028630,68.7348,68.7311,ns,,,,,,8,16,4,8,16,16,4,2,4
"dot/dot_bf16_bf16_fp32_16x4x8_2x4x4_neonbf16/16/88/real_time",207827,669.778,669.745,ns,,,,,,8,16,4,88,16,16,4,2,4
"dot/dot_bf16_bf16_fp32_16x4x8_2x4x4_neonbf16/16/184/real_time",100499,1401.43,1401.43,ns,,,,,,8,16,4,184,16,16,4,2,4
"dot/dot_bf16_bf16_fp32_16x4x8_2x4x4_neonbf16/16/272/real_time",67534,2100.03,2099.76,ns,,,,,,8,16,4,272,16,16,4,2,4
"dot/dot_bf16_bf16_fp32_16x4x8_2x4x4_neonbf16/16/368/real_time",49769,2803.88,2803.87,ns,,,,,,8,16,4,368,16,16,4,2,4
"dot/dot_bf16_bf16_fp32_16x4x8_2x4x4_neonbf16/32/8/real_time",1039022,134.275,134.269,ns,,,,,,8,16,4,8,16,32,4,2,4
"dot/dot_bf16_bf16_fp32_16x4x8_2x4x4_neonbf16/32/56/real_time",162418,897.046,881.546,ns,,,,,,8,16,4,56,16,32,4,2,4
"dot/dot_bf16_bf16_fp32_16x4x8_2x4x4_neonbf16/32/112/real_time",81626,1719.89,1719.82,ns,,,,,,8,16,4,112,16,32,4,2,4
"dot/dot_bf16_bf16_fp32_16x4x8_2x4x4_neonbf16/32/168/real_time",53620,2612.4,2612.4,ns,,,,,,8,16,4,168,16,32,4,2,4
"dot/dot_bf16_bf16_fp32_16x4x8_2x4x4_neonbf16/32/232/real_time",38885,3601.09,3601.11,ns,,,,,,8,16,4,232,16,32,4,2,4
"dot/dot_bf16_bf16_fp32_1x64x4_1x4x2_neonbf16/64/4/real_time",11168097,12.4132,12.4126,ns,,,,,,4,1,64,4,1,64,2,1,4
"dot/dot_bf16_bf16_fp32_1x64x4_1x4x2_neonbf16/64/44/real_time",1549464,89.8465,89.842,ns,,,,,,4,1,64,44,1,64,2,1,4
"dot/dot_bf16_bf16_fp32_1x64x4_1x4x2_neonbf16/64/92/real_time",765843,183.278,183.278,ns,,,,,,4,1,64,92,1,64,2,1,4
"dot/dot_bf16_bf16_fp32_1x64x4_1x4x2_neonbf16/64/136/real_time",521862,266.99,266.977,ns,,,,,,4,1,64,136,1,64,2,1,4
"dot/dot_bf16_bf16_fp32_1x64x4_1x4x2_neonbf16/64/184/real_time",385968,363.243,363.243,ns,,,,,,4,1,64,184,1,64,2,1,4
"dot/dot_bf16_bf16_fp32_1x64x4_1x4x2_neonbf16/128/4/real_time",6374720,21.9514,21.9501,ns,,,,,,4,1,64,4,1,128,2,1,4
"dot/dot_bf16_bf16_fp32_1x64x4_1x4x2_neonbf16/128/20/real_time",1626859,86.0514,86.0511,ns,,,,,,4,1,64,20,1,128,2,1,4
"dot/dot_bf16_bf16_fp32_1x64x4_1x4x2_neonbf16/128/44/real_time",771311,176.877,176.87,ns,,,,,,4,1,64,44,1,128,2,1,4
"dot/dot_bf16_bf16_fp32_1x64x4_1x4x2_neonbf16/128/68/real_time",515236,272.314,272.314,ns,,,,,,4,1,64,68,1,128,2,1,4
"dot/dot_bf16_bf16_fp32_1x64x4_1x4x2_neonbf16/128/92/real_time",382458,362.29,362.275,ns,,,,,,4,1,64,92,1,128,2,1,4
"dot/dot_bf16_bf16_fp32_1x64x4_1x4x2_neonbf16/256/4/real_time",3414371,40.9903,40.9903,ns,,,,,,4,1,64,4,1,256,2,1,4
"dot/dot_bf16_bf16_fp32_1x64x4_1x4x2_neonbf16/256/8/real_time",1953014,71.417,71.4132,ns,,,,,,4,1,64,8,1,256,2,1,4
"dot/dot_bf16_bf16_fp32_1x64x4_1x4x2_neonbf16/256/20/real_time",847229,165.376,165.376,ns,,,,,,4,1,64,20,1,256,2,1,4
"dot/dot_bf16_bf16_fp32_1x64x4_1x4x2_neonbf16/256/32/real_time",542257,258.05,258.033,ns,,,,,,4,1,64,32,1,256,2,1,4
"dot/dot_bf16_bf16_fp32_1x64x4_1x4x2_neonbf16/256/44/real_time",395269,352.293,352.279,ns,,,,,,4,1,64,44,1,256,2,1,4
"dot/dot_bf16_bf16_fp32_1x64x4_1x4x2_neonbf16/512/4/real_time",1742788,80.4838,80.4843,ns,,,,,,4,1,64,4,1,512,2,1,4
"dot/dot_bf16_bf16_fp32_1x64x4_1x4x2_neonbf16/512/8/real_time",970647,143.991,143.991,ns,,,,,,4,1,64,8,1,512,2,1,4
"dot/dot_bf16_bf16_fp32_1x64x4_1x4x2_neonbf16/512/12/real_time",672956,201.693,201.683,ns,,,,,,4,1,64,12,1,512,2,1,4
"dot/dot_bf16_bf16_fp32_1x64x4_1x4x2_neonbf16/512/20/real_time",427712,326.68,326.668,ns,,,,,,4,1,64,20,1,512,2,1,4
"dot/dot_bf16_bf16_fp32_1x32x4_1x4x2_neonbf16/32/4/real_time",17424539,8.05431,8.05393,ns,,,,,,4,1,32,4,1,32,2,1,4
"dot/dot_bf16_bf16_fp32_1x32x4_1x4x2_neonbf16/32/92/real_time",1450492,97.0069,97.0071,ns,,,,,,4,1,32,92,1,32,2,1,4
"dot/dot_bf16_bf16_fp32_1x32x4_1x4x2_neonbf16/32/184/real_time",736143,190.269,190.269,ns,,,,,,4,1,32,184,1,32,2,1,4
"dot/dot_bf16_bf16_fp32_1x32x4_1x4x2_neonbf16/32/276/real_time",493806,285.87,285.853,ns,,,,,,4,1,32,276,1,32,2,1,4
"dot/dot_bf16_bf16_fp32_1x32x4_1x4x2_neonbf16/32/368/real_time",364985,383.326,383.325,ns,,,,,,4,1,32,368,1,32,2,1,4
"dot/dot_bf16_bf16_fp32_1x32x4_1x4x2_neonbf16/64/4/real_time",9966630,13.7205,13.7204,ns,,,,,,4,1,32,4,1,64,2,1,4
"dot/dot_bf16_bf16_fp32_1x32x4_1x4x2_neonbf16/64/44/real_time",1481938,93.6573,93.6503,ns,,,,,,4,1,32,44,1,64,2,1,4
"dot/dot_bf16_bf16_fp32_1x32x4_1x4x2_neonbf16/64/92/real_time",733745,190.695,190.696,ns,,,,,,4,1,32,92,1,64,2,1,4
"dot/dot_bf16_bf16_fp32_1x32x4_1x4x2_neonbf16/64/136/real_time",501908,279.17,279.169,ns,,,,,,4,1,32,136,1,64,2,1,4
"dot/dot_bf16_bf16_fp32_1x32x4_1x4x2_neonbf16/64/184/real_time",373043,381.25,381.248,ns,,,,,,4,1,32,184,1,64,2,1,4
"dot/dot_bf16_bf16_fp32_1x32x4_1x4x2_neonbf16/128/4/real_time",5557237,24.9034,24.9021,ns,,,,,,4,1,32,4,1,128,2,1,4
"dot/dot_bf16_bf16_fp32_1x32x4_1x4x2_neonbf16/128/20/real_time",1566275,88.8542,88.849,ns,,,,,,4,1,32,20,1,128,2,1,4
"dot/dot_bf16_bf16_fp32_1x32x4_1x4x2_neonbf16/128/44/real_time",761018,186.632,186.618,ns,,,,,,4,1,32,44,1,128,2,1,4
"dot/dot_bf16_bf16_fp32_1x32x4_1x4x2_neonbf16/128/68/real_time",492790,284.094,284.093,ns,,,,,,4,1,32,68,1,128,2,1,4
"dot/dot_bf16_bf16_fp32_1x32x4_1x4x2_neonbf16/128/92/real_time",366776,380.444,380.423,ns,,,,,,4,1,32,92,1,128,2,1,4
"dot/dot_bf16_bf16_fp32_1x32x4_1x4x2_neonbf16/256/4/real_time",2955657,47.4716,47.4717,ns,,,,,,4,1,32,4,1,256,2,1,4
"dot/dot_bf16_bf16_fp32_1x32x4_1x4x2_neonbf16/256/8/real_time",1806378,78.6323,78.6319,ns,,,,,,4,1,32,8,1,256,2,1,4
"dot/dot_bf16_bf16_fp32_1x32x4_1x4x2_neonbf16/256/20/real_time",800387,174.488,174.484,ns,,,,,,4,1,32,20,1,256,2,1,4
"dot/dot_bf16_bf16_fp32_1x32x4_1x4x2_neonbf16/256/32/real_time",514673,273.033,273.034,ns,,,,,,4,1,32,32,1,256,2,1,4
"dot/dot_bf16_bf16_fp32_1x32x4_1x4x2_neonbf16/256/44/real_time",377965,370.589,370.587,ns,,,,,,4,1,32,44,1,256,2,1,4
"dot/dot_bf16_bf16_fp32_2x32x4_1x4x2_neonbf16/32/4/real_time",10286112,13.5663,13.5653,ns,,,,,,4,2,32,4,2,32,2,1,4
"dot/dot_bf16_bf16_fp32_2x32x4_1x4x2_neonbf16/32/88/real_time",788629,177.079,177.073,ns,,,,,,4,2,32,88,2,32,2,1,4
"dot/dot_bf16_bf16_fp32_2x32x4_1x4x2_neonbf16/32/176/real_time",402965,354.528,354.53,ns,,,,,,4,2,32,176,2,32,2,1,4
"dot/dot_bf16_bf16_fp32_2x32x4_1x4x2_neonbf16/32/264/real_time",264082,519.885,519.857,ns,,,,,,4,2,32,264,2,32,2,1,4
"dot/dot_bf16_bf16_fp32_2x32x4_1x4x2_neonbf16/32/356/real_time",202476,692.611,692.61,ns,,,,,,4,2,32,356,2,32,2,1,4
"dot/dot_bf16_bf16_fp32_2x32x4_1x4x2_neonbf16/64/4/real_time",5984781,23.4575,23.4577,ns,,,,,,4,2,32,4,2,64,2,1,4
"dot/dot_bf16_bf16_fp32_2x32x4_1x4x2_neonbf16/64/44/real_time",793698,176.184,176.174,ns,,,,,,4,2,32,44,2,64,2,1,4
"dot/dot_bf16_bf16_fp32_2x32x4_1x4x2_neonbf16/64/88/real_time",411117,349.347,349.348,ns,,,,,,4,2,32,88,2,64,2,1,4
"dot/dot_bf16_bf16_fp32_2x32x4_1x4x2_neonbf16/64/132/real_time",266558,518.123,518.056,ns,,,,,,4,2,32,132,2,64,2,1,4
"dot/dot_bf16_bf16_fp32_2x32x4_1x4x2_neonbf16/64/180/real_time",198880,708.463,708.422,ns,,,,,,4,2,32,180,2,64,2,1,4
"dot/dot_bf16_bf16_fp32_2x32x4_1x4x2_neonbf16/128/4/real_time",3208746,43.6468,43.647,ns,,,,,,4,2,32,4,2,128,2,1,4
"dot/dot_bf16_bf16_fp32_2x32x4_1x4x2_neonbf16/128/20/real_time",822288,169.62,169.619,ns,,,,,,4,2,32,20,2,128,2,1,4
"dot/dot_bf16_bf16_fp32_2x32x4_1x4x2_neonbf16/128/44/real_time",390250,346.951,346.934,ns,,,,,,4,2,32,44,2,128,2,1,4
"dot/dot_bf16_bf16_fp32_2x32x4_1x4x2_neonbf16/128/64/real_time",278173,502.051,502.047,ns,,,,,,4,2,32,64,2,128,2,1,4
"dot/dot_bf16_bf16_fp32_2x32x4_1x4x2_neonbf16/128/88/real_time",202776,694.982,694.984,ns,,,,,,4,2,32,88,2,128,2,1,4
"dot/dot_bf16_bf16_fp32_2x32x4_1x4x2_neonbf16/256/4/real_time",1732673,81.3453,81.3454,ns,,,,,,4,2,32,4,2,256,2,1,4
"dot/dot_bf16_bf16_fp32_2x32x4_1x4x2_neonbf16/256/8/real_time",978605,143.035,143.035,ns,,,,,,4,2,32,8,2,256,2,1,4
"dot/dot_bf16_bf16_fp32_2x32x4_1x4x2_neonbf16/256/20/real_time",425042,330.413,330.386,ns,,,,,,4,2,32,20,2,256,2,1,4
"dot/dot_bf16_bf16_fp32_2x32x4_1x4x2_neonbf16/256/28/real_time",302735,461.375,461.377,ns,,,,,,4,2,32,28,2,256,2,1,4
"dot/dot_bf16_bf16_fp32_2x32x4_1x4x2_neonbf16/256/40/real_time",214906,659.85,658.572,ns,,,,,,4,2,32,40,2,256,2,1,4
"dot/dot_bf16_bf16_fp32_1x16x4_1x4x2_neonbf16/16/4/real_time",24513774,5.70726,5.70728,ns,,,,,,4,1,16,4,1,16,2,1,4
"dot/dot_bf16_bf16_fp32_1x16x4_1x4x2_neonbf16/16/180/real_time",1397892,100.259,100.254,ns,,,,,,4,1,16,180,1,16,2,1,4
"dot/dot_bf16_bf16_fp32_1x16x4_1x4x2_neonbf16/16/360/real_time",708456,197.636,197.637,ns,,,,,,4,1,16,360,1,16,2,1,4
"dot/dot_bf16_bf16_fp32_1x16x4_1x4x2_neonbf16/16/540/real_time",469513,296.394,296.384,ns,,,,,,4,1,16,540,1,16,2,1,4
"dot/dot_bf16_bf16_fp32_1x16x4_1x4x2_neonbf16/16/720/real_time",355480,394.033,394.019,ns,,,,,,4,1,16,720,1,16,2,1,4
"dot/dot_bf16_bf16_fp32_1x16x4_1x4x2_neonbf16/32/4/real_time",15247368,9.18857,9.18854,ns,,,,,,4,1,16,4,1,32,2,1,4
"dot/dot_bf16_bf16_fp32_1x16x4_1x4x2_neonbf16/32/92/real_time",1324310,104.22,104.214,ns,,,,,,4,1,16,92,1,32,2,1,4
"dot/dot_bf16_bf16_fp32_1x16x4_1x4x2_neonbf16/32/184/real_time",690111,200.382,200.375,ns,,,,,,4,1,16,184,1,32,2,1,4
"dot/dot_bf16_bf16_fp32_1x16x4_1x4x2_neonbf16/32/276/real_time",465701,300.198,300.197,ns,,,,,,4,1,16,276,1,32,2,1,4
"dot/dot_bf16_bf16_fp32_1x16x4_1x4x2_neonbf16/32/368/real_time",350038,398.812,398.794,ns,,,,,,4,1,16,368,1,32,2,1,4
"dot/dot_bf16_bf16_fp32_1x16x4_1x4x2_neonbf16/64/4/real_time",8742555,16.1415,16.1405,ns,,,,,,4,1,16,4,1,64,2,1,4
"dot/dot_bf16_bf16_fp32_1x16x4_1x4x2_neonbf16/64/44/real_time",1374025,102.132,102.133,ns,,,,,,4,1,16,44,1,64,2,1,4
"dot/dot_bf16_bf16_fp32_1x16x4_1x4x2_neonbf16/64/92/real_time",683437,207.561,207.56,ns,,,,,,4,1,16,92,1,64,2,1,4
"dot/dot_bf16_bf16_fp32_1x16x4_1x4x2_neonbf16/64/136/real_time",459732,302.106,302.091,ns,,,,,,4,1,16,136,1,64,2,1,4
"dot/dot_bf16_bf16_fp32_1x16x4_1x4x2_neonbf16/64/184/real_time",344696,406.874,406.874,ns,,,,,,4,1,16,184,1,64,2,1,4
"dot/dot_bf16_bf16_fp32_1x16x4_1x4x2_neonbf16/128/4/real_time",4711491,29.6639,29.6639,ns,,,,,,4,1,16,4,1,128,2,1,4
"dot/dot_bf16_bf16_fp32_1x16x4_1x4x2_neonbf16/128/20/real_time",1440543,98.3916,98.3921,ns,,,,,,4,1,16,20,1,128,2,1,4
"dot/dot_bf16_bf16_fp32_1x16x4_1x4x2_neonbf16/128/44/real_time",692190,202.718,202.706,ns,,,,,,4,1,16,44,1,128,2,1,4
"dot/dot_bf16_bf16_fp32_1x16x4_1x4x2_neonbf16/128/68/real_time",445130,309.369,309.35,ns,,,,,,4,1,16,68,1,128,2,1,4
"dot/dot_bf16_bf16_fp32_1x16x4_1x4x2_neonbf16/128/92/real_time",341749,410.405,410.404,ns,,,,,,4,1,16,92,1,128,2,1,4
"dot/dot_bf16_bf16_fp32_2x16x4_1x4x2_neonbf16/16/4/real_time",16158336,8.60677,8.60633,ns,,,,,,4,2,16,4,2,16,2,1,4
"dot/dot_bf16_bf16_fp32_2x16x4_1x4x2_neonbf16/16/168/real_time",805721,174.751,174.753,ns,,,,,,4,2,16,168,2,16,2,1,4
"dot/dot_bf16_bf16_fp32_2x16x4_1x4x2_neonbf16/16/336/real_time",403389,345.916,345.902,ns,,,,,,4,2,16,336,2,16,2,1,4
"dot/dot_bf16_bf16_fp32_2x16x4_1x4x2_neonbf16/16/504/real_time",265243,527.961,527.957,ns,,,,,,4,2,16,504,2,16,2,1,4
"dot/dot_bf16_bf16_fp32_2x16x4_1x4x2_neonbf16/16/676/real_time",202408,694.009,694.004,ns,,,,,,4,2,16,676,2,16,2,1,4
"dot/dot_bf16_bf16_fp32_2x16x4_1x4x2_neonbf16/32/4/real_time",9800576,14.3591,14.3592,ns,,,,,,4,2,16,4,2,32,2,1,4
"dot/dot_bf16_bf16_fp32_2x16x4_1x4x2_neonbf16/32/88/real_time",758838,183.467,183.458,ns,,,,,,4,2,16,88,2,32,2,1,4
"dot/dot_bf16_bf16_fp32_2x16x4_1x4x2_neonbf16/32/176/real_time",390257,361.157,361.154,ns,,,,,,4,2,16,176,2,32,2,1,4
"dot/dot_bf16_bf16_fp32_2x16x4_1x4x2_neonbf16/32/264/real_time",259327,540.361,540.329,ns,,,,,,4,2,16,264,2,32,2,1,4
"dot/dot_bf16_bf16_fp32_2x16x4_1x4x2_neonbf16/32/356/real_time",188542,739.592,739.549,ns,,,,,,4,2,16,356,2,32,2,1,4
"dot/dot_bf16_bf16_fp32_2x16x4_1x4x2_neonbf16/64/4/real_time",5571622,25.1367,25.1349,ns,,,,,,4,2,16,4,2,64,2,1,4
"dot/dot_bf16_bf16_fp32_2x16x4_1x4x2_neonbf16/64/44/real_time",746798,186.851,186.851,ns,,,,,,4,2,16,44,2,64,2,1,4
"dot/dot_bf16_bf16_fp32_2x16x4_1x4x2_neonbf16/64/88/real_time",384065,362.247,362.16,ns,,,,,,4,2,16,88,2,64,2,1,4
"dot/dot_bf16_bf16_fp32_2x16x4_1x4x2_neonbf16/64/132/real_time",257315,543.792,543.793,ns,,,,,,4,2,16,132,2,64,2,1,4
"dot/dot_bf16_bf16_fp32_2x16x4_1x4x2_neonbf16/64/180/real_time",189933,751.723,751.723,ns,,,,,,4,2,16,180,2,64,2,1,4
"dot/dot_bf16_bf16_fp32_2x16x4_1x4x2_neonbf16/128/4/real_time",2911034,47.2567,47.2547,ns,,,,,,4,2,16,4,2,128,2,1,4
"dot/dot_bf16_bf16_fp32_2x16x4_1x4x2_neonbf16/128/20/real_time",801467,174.63,174.631,ns,,,,,,4,2,16,20,2,128,2,1,4
"dot/dot_bf16_bf16_fp32_2x16x4_1x4x2_neonbf16/128/44/real_time",381440,365.842,365.78,ns,,,,,,4,2,16,44,2,128,2,1,4
"dot/dot_bf16_bf16_fp32_2x16x4_1x4x2_neonbf16/128/64/real_time",262823,531.837,531.837,ns,,,,,,4,2,16,64,2,128,2,1,4
"dot/dot_bf16_bf16_fp32_2x16x4_1x4x2_neonbf16/128/88/real_time",193092,722.307,722.267,ns,,,,,,4,2,16,88,2,128,2,1,4
"dot/dot_bf16_bf16_fp32_3x16x4_1x4x2_neonbf16/16/4/real_time",11626780,12.0549,12.0548,ns,,,,,,4,3,16,4,3,16,2,1,4
"dot/dot_bf16_bf16_fp32_3x16x4_1x4x2_neonbf16/16/160/real_time",588094,247.542,247.542,ns,,,,,,4,3,16,160,3,16,2,1,4
"dot/dot_bf16_bf16_fp32_3x16x4_1x4x2_neonbf16/16/320/real_time",281900,496.746,496.744,ns,,,,,,4,3,16,320,3,16,2,1,4
"dot/dot_bf16_bf16_fp32_3x16x4_1x4x2_neonbf16/16/480/real_time",194643,726.521,726.52,ns,,,,,,4,3,16,480,3,16,2,1,4
"dot/dot_bf16_bf16_fp32_3x16x4_1x4x2_neonbf16/16/640/real_time",144059,967.557,967.499,ns,,,,,,4,3,16,640,3,16,2,1,4
"dot/dot_bf16_bf16_fp32_3x16x4_1x4x2_neonbf16/32/4/real_time",7067985,19.925,19.9246,ns,,,,,,4,3,16,4,3,32,2,1,4
"dot/dot_bf16_bf16_fp32_3x16x4_1x4x2_neonbf16/32/84/real_time",561754,256.906,256.906,ns,,,,,,4,3,16,84,3,32,2,1,4
"dot/dot_bf16_bf16_fp32_3x16x4_1x4x2_neonbf16/32/172/real_time",265538,527.095,527.092,ns,,,,,,4,3,16,172,3,32,2,1,4
"dot/dot_bf16_bf16_fp32_3x16x4_1x4x2_neonbf16/32/256/real_time",180780,785.665,785.623,ns,,,,,,4,3,16,256,3,32,2,1,4
"dot/dot_bf16_bf16_fp32_3x16x4_1x4x2_neonbf16/32/344/real_time",131275,1069.8,1069.81,ns,,,,,,4,3,16,344,3,32,2,1,4
"dot/dot_bf16_bf16_fp32_3x16x4_1x4x2_neonbf16/64/4/real_time",3847858,36.4229,36.4229,ns,,,,,,4,3,16,4,3,64,2,1,4
"dot/dot_bf16_bf16_fp32_3x16x4_1x4x2_neonbf16/64/44/real_time",515156,266.409,266.409,ns,,,,,,4,3,16,44,3,64,2,1,4
"dot/dot_bf16_bf16_fp32_3x16x4_1x4x2_neonbf16/64/88/real_time",262599,532.589,532.592,ns,,,,,,4,3,16,88,3,64,2,1,4
"dot/dot_bf16_bf16_fp32_3x16x4_1x4x2_neonbf16/64/132/real_time",174200,809.325,809.323,ns,,,,,,4,3,16,132,3,64,2,1,4
"dot/dot_bf16_bf16_fp32_3x16x4_1x4x2_neonbf16/64/176/real_time",129650,1070.02,1069.96,ns,,,,,,4,3,16,176,3,64,2,1,4
"dot/dot_bf16_bf16_fp32_3x16x4_1x4x2_neonbf16/128/4/real_time",2088525,67.1775,67.1771,ns,,,,,,4,3,16,4,3,128,2,1,4
"dot/dot_bf16_bf16_fp32_3x16x4_1x4x2_neonbf16/128/20/real_time",547951,256.181,256.167,ns,,,,,,4,3,16,20,3,128,2,1,4
"dot/dot_bf16_bf16_fp32_3x16x4_1x4x2_neonbf16/128/40/real_time",279843,499.736,499.737,ns,,,,,,4,3,16,40,3,128,2,1,4
"dot/dot_bf16_bf16_fp32_3x16x4_1x4x2_neonbf16/128/60/real_time",188162,728.439,728.388,ns,,,,,,4,3,16,60,3,128,2,1,4
"dot/dot_bf16_bf16_fp32_3x16x4_1x4x2_neonbf16/128/84/real_time",137124,1023.58,1023.58,ns,,,,,,4,3,16,84,3,128,2,1,4
"dot/dot_bf16_bf16_fp32_4x16x4_1x4x2_neonbf16/16/4/real_time",9215352,15.088,15.0872,ns,,,,,,4,4,16,4,4,16,2,1,4
"dot/dot_bf16_bf16_fp32_4x16x4_1x4x2_neonbf16/16/152/real_time",456627,306.634,306.635,ns,,,,,,4,4,16,152,4,16,2,1,4
"dot/dot_bf16_bf16_fp32_4x16x4_1x4x2_neonbf16/16/304/real_time",229425,624.517,624.483,ns,,,,,,4,4,16,304,4,16,2,1,4
"dot/dot_bf16_bf16_fp32_4x16x4_1x4x2_neonbf16/16/456/real_time",151259,921.523,921.261,ns,,,,,,4,4,16,456,4,16,2,1,4
"dot/dot_bf16_bf16_fp32_4x16x4_1x4x2_neonbf16/16/608/real_time",114213,1234.06,1234.06,ns,,,,,,4,4,16,608,4,16,2,1,4
"dot/dot_bf16_bf16_fp32_4x16x4_1x4x2_neonbf16/32/4/real_time",5424648,25.7445,25.7431,ns,,,,,,4,4,16,4,4,32,2,1,4
"dot/dot_bf16_bf16_fp32_4x16x4_1x4x2_neonbf16/32/80/real_time",433970,322.695,322.695,ns,,,,,,4,4,16,80,4,32,2,1,4
"dot/dot_bf16_bf16_fp32_4x16x4_1x4x2_neonbf16/32/164/real_time",213549,663.192,663.192,ns,,,,,,4,4,16,164,4,32,2,1,4
"dot/dot_bf16_bf16_fp32_4x16x4_1x4x2_neonbf16/32/248/real_time",138468,1008.41,1008.41,ns,,,,,,4,4,16,248,4,32,2,1,4
"dot/dot_bf16_bf16_fp32_4x16x4_1x4x2_neonbf16/32/332/real_time",104120,1365.03,1364.93,ns,,,,,,4,4,16,332,4,32,2,1,4
"dot/dot_bf16_bf16_fp32_4x16x4_1x4x2_neonbf16/64/4/real_time",2959620,47.2647,47.2645,ns,,,,,,4,4,16,4,4,64,2,1,4
"dot/dot_bf16_bf16_fp32_4x16x4_1x4x2_neonbf16/64/40/real_time",420495,328.46,328.444,ns,,,,,,4,4,16,40,4,64,2,1,4
"dot/dot_bf16_bf16_fp32_4x16x4_1x4x2_neonbf16/64/84/real_time",206902,677.884,677.847,ns,,,,,,4,4,16,84,4,64,2,1,4
"dot/dot_bf16_bf16_fp32_4x16x4_1x4x2_neonbf16/64/128/real_time",135060,1044.84,1044.85,ns,,,,,,4,4,16,128,4,64,2,1,4
"dot/dot_bf16_bf16_fp32_4x16x4_1x4x2_neonbf16/64/172/real_time",99866,1399.17,1399.16,ns,,,,,,4,4,16,172,4,64,2,1,4
"dot/dot_bf16_bf16_fp32_4x16x4_1x4x2_neonbf16/128/4/real_time",1609189,87.8771,87.8772,ns,,,,,,4,4,16,4,4,128,2,1,4
"dot/dot_bf16_bf16_fp32_4x16x4_1x4x2_neonbf16/128/20/real_time",416465,335.376,335.378,ns,,,,,,4,4,16,20,4,128,2,1,4
"dot/dot_bf16_bf16_fp32_4x16x4_1x4x2_neonbf16/128/40/real_time",218505,642.287,642.287,ns,,,,,,4,4,16,40,4,128,2,1,4
"dot/dot_bf16_bf16_fp32_4x16x4_1x4x2_neonbf16/128/60/real_time",144735,983.47,983.473,ns,,,,,,4,4,16,60,4,128,2,1,4
"dot/dot_bf16_bf16_fp32_4x16x4_1x4x2_neonbf16/128/84/real_time",100798,1386.78,1386.77,ns,,,,,,4,4,16,84,4,128,2,1,4
"dot/dot_bf16_bf16_fp32_1x8x4_1x4x2_neonbf16/8/4/real_time",33172211,4.22045,4.22025,ns,,,,,,4,1,8,4,1,8,2,1,4
"dot/dot_bf16_bf16_fp32_1x8x4_1x4x2_neonbf16/8/340/real_time",1257236,110.582,110.581,ns,,,,,,4,1,8,340,1,8,2,1,4
"dot/dot_bf16_bf16_fp32_1x8x4_1x4x2_neonbf16/8/680/real_time",605190,229.63,229.617,ns,,,,,,4,1,8,680,1,8,2,1,4
"dot/dot_bf16_bf16_fp32_1x8x4_1x4x2_neonbf16/8/1020/real_time",407043,346.471,346.462,ns,,,,,,4,1,8,1020,1,8,2,1,4
"dot/dot_bf16_bf16_fp32_1x8x4_1x4x2_neonbf16/8/1360/real_time",298032,465.419,465.396,ns,,,,,,4,1,8,1360,1,8,2,1,4
"dot/dot_bf16_bf16_fp32_1x8x4_1x4x2_neonbf16/16/4/real_time",21687480,6.43774,6.43754,ns,,,,,,4,1,8,4,1,16,2,1,4
"dot/dot_bf16_bf16_fp32_1x8x4_1x4x2_neonbf16/16/180/real_time",1238573,113.534,113.534,ns,,,,,,4,1,8,180,1,16,2,1,4
"dot/dot_bf16_bf16_fp32_1x8x4_1x4x2_neonbf16/16/360/real_time",599555,231.47,231.46,ns,,,,,,4,1,8,360,1,16,2,1,4
"dot/dot_bf16_bf16_fp32_1x8x4_1x4x2_neonbf16/16/540/real_time",386758,360.275,360.277,ns,,,,,,4,1,8,540,1,16,2,1,4
"dot/dot_bf16_bf16_fp32_1x8x4_1x4x2_neonbf16/16/720/real_time",289766,486.502,486.479,ns,,,,,,4,1,8,720,1,16,2,1,4
"dot/dot_bf16_bf16_fp32_1x8x4_1x4x2_neonbf16/32/4/real_time",12781400,10.8917,10.8911,ns,,,,,,4,1,8,4,1,32,2,1,4
"dot/dot_bf16_bf16_fp32_1x8x4_1x4x2_neonbf16/32/92/real_time",1186390,119.22,119.22,ns,,,,,,4,1,8,92,1,32,2,1,4
"dot/dot_bf16_bf16_fp32_1x8x4_1x4x2_neonbf16/32/184/real_time",591212,236.852,236.852,ns,,,,,,4,1,8,184,1,32,2,1,4
"dot/dot_bf16_bf16_fp32_1x8x4_1x4x2_neonbf16/32/276/real_time",394329,351.641,351.62,ns,,,,,,4,1,8,276,1,32,2,1,4
"dot/dot_bf16_bf16_fp32_1x8x4_1x4x2_neonbf16/32/368/real_time",296746,471.633,471.632,ns,,,,,,4,1,8,368,1,32,2,1,4
"dot/dot_bf16_bf16_fp32_1x8x4_1x4x2_neonbf16/64/4/real_time",7130594,19.583,19.5821,ns,,,,,,4,1,8,4,1,64,2,1,4
"dot/dot_bf16_bf16_fp32_1x8x4_1x4x2_neonbf16/64/44/real_time",1200399,116.363,116.364,ns,,,,,,4,1,8,44,1,64,2,1,4
"dot/dot_bf16_bf16_fp32_1x8x4_1x4x2_neonbf16/64/92/real_time",593825,236.652,236.639,ns,,,,,,4,1,8,92,1,64,2,1,4
"dot/dot_bf16_bf16_fp32_1x8x4_1x4x2_neonbf16/64/136/real_time",405586,344.604,344.605,ns,,,,,,4,1,8,136,1,64,2,1,4
"dot/dot_bf16_bf16_fp32_1x8x4_1x4x2_neonbf16/64/184/real_time",303297,460.622,460.595,ns,,,,,,4,1,8,184,1,64,2,1,4
"dot/dot_bf16_bf16_fp32_4x8x4_1x4x2_neonbf16/8/4/real_time",14456892,9.69404,9.69406,ns,,,,,,4,4,8,4,4,8,2,1,4
"dot/dot_bf16_bf16_fp32_4x8x4_1x4x2_neonbf16/8/252/real_time",528407,271.762,271.755,ns,,,,,,4,4,8,252,4,8,2,1,4
"dot/dot_bf16_bf16_fp32_4x8x4_1x4x2_neonbf16/8/508/real_time",253088,552.805,552.808,ns,,,,,,4,4,8,508,4,8,2,1,4
"dot/dot_bf16_bf16_fp32_4x8x4_1x4x2_neonbf16/8/760/real_time",171951,818.71,818.71,ns,,,,,,4,4,8,760,4,8,2,1,4
"dot/dot_bf16_bf16_fp32_4x8x4_1x4x2_neonbf16/8/1016/real_time",127991,1096.61,1096.62,ns,,,,,,4,4,8,1016,4,8,2,1,4
"dot/dot_bf16_bf16_fp32_4x8x4_1x4x2_neonbf16/16/4/real_time",8929829,15.5985,15.5977,ns,,,,,,4,4,8,4,4,16,2,1,4
"dot/dot_bf16_bf16_fp32_4x8x4_1x4x2_neonbf16/16/152/real_time",421753,331.808,331.808,ns,,,,,,4,4,8,152,4,16,2,1,4
"dot/dot_bf16_bf16_fp32_4x8x4_1x4x2_neonbf16/16/304/real_time",212699,669.616,669.618,ns,,,,,,4,4,8,304,4,16,2,1,4
"dot/dot_bf16_bf16_fp32_4x8x4_1x4x2_neonbf16/16/456/real_time",138180,1005.9,1005.91,ns,,,,,,4,4,8,456,4,16,2,1,4
"dot/dot_bf16_bf16_fp32_4x8x4_1x4x2_neonbf16/16/608/real_time",104380,1320.16,1320.08,ns,,,,,,4,4,8,608,4,16,2,1,4
"dot/dot_bf16_bf16_fp32_4x8x4_1x4x2_neonbf16/32/4/real_time",5147706,27.239,27.2389,ns,,,,,,4,4,8,4,4,32,2,1,4
"dot/dot_bf16_bf16_fp32_4x8x4_1x4x2_neonbf16/32/80/real_time",400671,342.091,342.056,ns,,,,,,4,4,8,80,4,32,2,1,4
"dot/dot_bf16_bf16_fp32_4x8x4_1x4x2_neonbf16/32/164/real_time",195968,715.13,715.127,ns,,,,,,4,4,8,164,4,32,2,1,4
"dot/dot_bf16_bf16_fp32_4x8x4_1x4x2_neonbf16/32/248/real_time",129128,1071.09,1071.05,ns,,,,,,4,4,8,248,4,32,2,1,4
"dot/dot_bf16_bf16_fp32_4x8x4_1x4x2_neonbf16/32/332/real_time",97575,1435.05,1435.04,ns,,,,,,4,4,8,332,4,32,2,1,4
"dot/dot_bf16_bf16_fp32_4x8x4_1x4x2_neonbf16/64/4/real_time",2776983,50.6518,50.6492,ns,,,,,,4,4,8,4,4,64,2,1,4
"dot/dot_bf16_bf16_fp32_4x8x4_1x4x2_neonbf16/64/40/real_time",396212,353.408,353.409,ns,,,,,,4,4,8,40,4,64,2,1,4
"dot/dot_bf16_bf16_fp32_4x8x4_1x4x2_neonbf16/64/84/real_time",190121,731.545,731.55,ns,,,,,,4,4,8,84,4,64,2,1,4
"dot/dot_bf16_bf16_fp32_4x8x4_1x4x2_neonbf16/64/128/real_time",125197,1116.05,1116.05,ns,,,,,,4,4,8,128,4,64,2,1,4
"dot/dot_bf16_bf16_fp32_4x8x4_1x4x2_neonbf16/64/172/real_time",94605,1488.67,1488.67,ns,,,,,,4,4,8,172,4,64,2,1,4
"dot/dot_bf16_bf16_fp32_6x8x4_1x4x2_neonbf16/8/4/real_time",10930846,12.8664,12.8664,ns,,,,,,4,6,8,4,6,8,2,1,4
"dot/dot_bf16_bf16_fp32_6x8x4_1x4x2_neonbf16/8/216/real_time",396568,348.676,348.654,ns,,,,,,4,6,8,216,6,8,2,1,4
"dot/dot_bf16_bf16_fp32_6x8x4_1x4x2_neonbf16/8/432/real_time",200612,697.884,697.884,ns,,,,,,4,6,8,432,6,8,2,1,4
"dot/dot_bf16_bf16_fp32_6x8x4_1x4x2_neonbf16/8/648/real_time",134153,1056.73,1056.67,ns,,,,,,4,6,8,648,6,8,2,1,4
"dot/dot_bf16_bf16_fp32_6x8x4_1x4x2_neonbf16/8/868/real_time",97487,1431.03,1431.04,ns,,,,,,4,6,8,868,6,8,2,1,4
"dot/dot_bf16_bf16_fp32_6x8x4_1x4x2_neonbf16/16/4/real_time",6550691,20.9983,20.992,ns,,,,,,4,6,8,4,6,16,2,1,4
"dot/dot_bf16_bf16_fp32_6x8x4_1x4x2_neonbf16/16/136/real_time",315129,443.045,443.047,ns,,,,,,4,6,8,136,6,16,2,1,4
"dot/dot_bf16_bf16_fp32_6x8x4_1x4x2_neonbf16/16/272/real_time",159428,883.708,883.703,ns,,,,,,4,6,8,272,6,16,2,1,4
"dot/dot_bf16_bf16_fp32_6x8x4_1x4x2_neonbf16/16/408/real_time",105316,1329.07,1329.08,ns,,,,,,4,6,8,408,6,16,2,1,4
"dot/dot_bf16_bf16_fp32_6x8x4_1x4x2_neonbf16/16/548/real_time",78288,1778.54,1778.41,ns,,,,,,4,6,8,548,6,16,2,1,4
"dot/dot_bf16_bf16_fp32_6x8x4_1x4x2_neonbf16/32/4/real_time",3685463,37.7165,37.7147,ns,,,,,,4,6,8,4,6,32,2,1,4
"dot/dot_bf16_bf16_fp32_6x8x4_1x4x2_neonbf16/32/76/real_time",285087,491.742,491.745,ns,,,,,,4,6,8,76,6,32,2,1,4
"dot/dot_bf16_bf16_fp32_6x8x4_1x4x2_neonbf16/32/156/real_time",138956,1004.69,1004.67,ns,,,,,,4,6,8,156,6,32,2,1,4
"dot/dot_bf16_bf16_fp32_6x8x4_1x4x2_neonbf16/32/232/real_time",92798,1508.81,1508.81,ns,,,,,,4,6,8,232,6,32,2,1,4
"dot/dot_bf16_bf16_fp32_6x8x4_1x4x2_neonbf16/32/312/real_time",68994,2034.53,2034.44,ns,,,,,,4,6,8,312,6,32,2,1,4
"dot/dot_bf16_bf16_fp32_6x8x4_1x4x2_neonbf16/64/4/real_time",1960640,70.9358,70.9325,ns,,,,,,4,6,8,4,6,64,2,1,4
"dot/dot_bf16_bf16_fp32_6x8x4_1x4x2_neonbf16/64/40/real_time",269124,519.422,519.407,ns,,,,,,4,6,8,40,6,64,2,1,4
"dot/dot_bf16_bf16_fp32_6x8x4_1x4x2_neonbf16/64/80/real_time",135366,1034.51,1034.51,ns,,,,,,4,6,8,80,6,64,2,1,4
"dot/dot_bf16_bf16_fp32_6x8x4_1x4x2_neonbf16/64/120/real_time",90209,1550.58,1550.48,ns,,,,,,4,6,8,120,6,64,2,1,4
"dot/dot_bf16_bf16_fp32_6x8x4_1x4x2_neonbf16/64/164/real_time",65568,2138.28,2138.27,ns,,,,,,4,6,8,164,6,64,2,1,4
"dot/dot_bf16_bf16_fp32_8x4x4_1x4x2_neonbf16/4/4/real_time",13361647,10.424,10.424,ns,,,,,,4,8,4,4,8,4,2,1,4
"dot/dot_bf16_bf16_fp32_8x4x4_1x4x2_neonbf16/4/252/real_time",460986,308.795,308.792,ns,,,,,,4,8,4,252,8,4,2,1,4
"dot/dot_bf16_bf16_fp32_8x4x4_1x4x2_neonbf16/4/508/real_time",224702,617.636,617.605,ns,,,,,,4,8,4,508,8,4,2,1,4
"dot/dot_bf16_bf16_fp32_8x4x4_1x4x2_neonbf16/4/760/real_time",151857,921.756,921.749,ns,,,,,,4,8,4,760,8,4,2,1,4
"dot/dot_bf16_bf16_fp32_8x4x4_1x4x2_neonbf16/4/1016/real_time",113560,1218.45,1218.4,ns,,,,,,4,8,4,1016,8,4,2,1,4
"dot/dot_bf16_bf16_fp32_8x4x4_1x4x2_neonbf16/8/4/real_time",8410281,16.6189,16.6189,ns,,,,,,4,8,4,4,8,8,2,1,4
"dot/dot_bf16_bf16_fp32_8x4x4_1x4x2_neonbf16/8/188/real_time",307910,455.031,455.006,ns,,,,,,4,8,4,188,8,8,2,1,4
"dot/dot_bf16_bf16_fp32_8x4x4_1x4x2_neonbf16/8/380/real_time",152672,925.326,925.258,ns,,,,,,4,8,4,380,8,8,2,1,4
"dot/dot_bf16_bf16_fp32_8x4x4_1x4x2_neonbf16/8/568/real_time",100006,1395.36,1395.37,ns,,,,,,4,8,4,568,8,8,2,1,4
"dot/dot_bf16_bf16_fp32_8x4x4_1x4x2_neonbf16/8/760/real_time",75043,1842.76,1842.66,ns,,,,,,4,8,4,760,8,8,2,1,4
"dot/dot_bf16_bf16_fp32_8x4x4_1x4x2_neonbf16/16/4/real_time",4849983,28.931,28.931,ns,,,,,,4,8,4,4,8,16,2,1,4
"dot/dot_bf16_bf16_fp32_8x4x4_1x4x2_neonbf16/16/124/real_time",235175,601.935,601.939,ns,,,,,,4,8,4,124,8,16,2,1,4
"dot/dot_bf16_bf16_fp32_8x4x4_1x4x2_neonbf16/16/248/real_time",116373,1204.27,1204.27,ns,,,,,,4,8,4,248,8,16,2,1,4
"dot/dot_bf16_bf16_fp32_8x4x4_1x4x2_neonbf16/16/372/real_time",77156,1776.75,1776.52,ns,,,,,,4,8,4,372,8,16,2,1,4
"dot/dot_bf16_bf16_fp32_8x4x4_1x4x2_neonbf16/16/500/real_time",58042,2415.55,2415.56,ns,,,,,,4,8,4,500,8,16,2,1,4
"dot/dot_bf16_bf16_fp32_8x4x4_1x4x2_neonbf16/32/4/real_time",2619395,53.3612,53.3585,ns,,,,,,4,8,4,4,8,32,2,1,4
"dot/dot_bf16_bf16_fp32_8x4x4_1x4x2_neonbf16/32/72/real_time",197432,707.775,707.737,ns,,,,,,4,8,4,72,8,32,2,1,4
"dot/dot_bf16_bf16_fp32_8x4x4_1x4x2_neonbf16/32/144/real_time",102529,1396.85,1396.75,ns,,,,,,4,8,4,144,8,32,2,1,4
"dot/dot_bf16_bf16_fp32_8x4x4_1x4x2_neonbf16/32/216/real_time",66520,2100.07,2100.06,ns,,,,,,4,8,4,216,8,32,2,1,4
"dot/dot_bf16_bf16_fp32_8x4x4_1x4x2_neonbf16/32/292/real_time",49379,2816.5,2816.34,ns,,,,,,4,8,4,292,8,32,2,1,4
"dot/dot_fp32_1x64x4_1x4x1_neon/64/4/real_time",9372175,14.949,14.949,ns,,,,,,4,1,64,4,1,64,1,1,4
"dot/dot_fp32_1x64x4_1x4x1_neon/64/20/real_time",3910100,35.6283,35.6262,ns,,,,,,4,1,64,20,1,64,1,1,4
"dot/dot_fp32_1x64x4_1x4x1_neon/64/44/real_time",1987917,70.3522,70.3525,ns,,,,,,4,1,64,44,1,64,1,1,4
"dot/dot_fp32_1x64x4_1x4x1_neon/64/68/real_time",1387604,105.821,105.821,ns,,,,,,4,1,64,68,1,64,1,1,4
"dot/dot_fp32_1x64x4_1x4x1_neon/64/92/real_time",994436,140.947,140.947,ns,,,,,,4,1,64,92,1,64,1,1,4
"dot/dot_fp32_1x64x4_1x4x1_neon/128/4/real_time",7325288,19.1942,19.1934,ns,,,,,,4,1,64,4,1,128,1,1,4
"dot/dot_fp32_1x64x4_1x4x1_neon/128/8/real_time",4560601,30.6854,30.6854,ns,,,,,,4,1,64,8,1,128,1,1,4
"dot/dot_fp32_1x64x4_1x4x1_neon/128/20/real_time",2141852,65.0717,65.068,ns,,,,,,4,1,64,20,1,128,1,1,4
"dot/dot_fp32_1x64x4_1x4x1_neon/128/32/real_time",1403977,98.7321,98.7217,ns,,,,,,4,1,64,32,1,128,1,1,4
"dot/dot_fp32_1x64x4_1x4x1_neon/128/44/real_time",1041366,134.441,134.441,ns,,,,,,4,1,64,44,1,128,1,1,4
"dot/dot_fp32_1x64x4_1x4x1_neon/256/4/real_time",4457475,31.3344,31.333,ns,,,,,,4,1,64,4,1,256,1,1,4
"dot/dot_fp32_1x64x4_1x4x1_neon/256/8/real_time",2570844,54.4346,54.4343,ns,,,,,,4,1,64,8,1,256,1,1,4
"dot/dot_fp32_1x64x4_1x4x1_neon/256/12/real_time",1804233,76.7709,76.7512,ns,,,,,,4,1,64,12,1,256,1,1,4
"dot/dot_fp32_1x64x4_1x4x1_neon/256/20/real_time",1133569,123.467,123.468,ns,,,,,,4,1,64,20,1,256,1,1,4
"dot/dot_fp32_1x64x4_1x4x1_neon/512/4/real_time",2526253,55.5504,55.5503,ns,,,,,,4,1,64,4,1,512,1,1,4
"dot/dot_fp32_1x64x4_1x4x1_neon/512/8/real_time",1371580,101.731,101.725,ns,,,,,,4,1,64,8,1,512,1,1,4
"dot/dot_fp32_1x32x4_1x4x1_neon/32/4/real_time",19438595,7.21799,7.21801,ns,,,,,,4,1,32,4,1,32,1,1,4
"dot/dot_fp32_1x32x4_1x4x1_neon/32/44/real_time",3693148,37.9074,37.9053,ns,,,,,,4,1,32,44,1,32,1,1,4
"dot/dot_fp32_1x32x4_1x4x1_neon/32/92/real_time",1659851,84.3738,84.3738,ns,,,,,,4,1,32,92,1,32,1,1,4
"dot/dot_fp32_1x32x4_1x4x1_neon/32/136/real_time",1090799,126.515,126.508,ns,,,,,,4,1,32,136,1,32,1,1,4
"dot/dot_fp32_1x32x4_1x4x1_neon/32/184/real_time",813437,172.709,172.708,ns,,,,,,4,1,32,184,1,32,1,1,4
"dot/dot_fp32_1x32x4_1x4x1_neon/64/4/real_time",10578879,13.4247,13.4249,ns,,,,,,4,1,32,4,1,64,1,1,4
"dot/dot_fp32_1x32x4_1x4x1_neon/64/20/real_time",3779651,37.1396,37.1394,ns,,,,,,4,1,32,20,1,64,1,1,4
"dot/dot_fp32_1x32x4_1x4x1_neon/64/44/real_time",1881313,73.8969,73.8931,ns,,,,,,4,1,32,44,1,64,1,1,4
"dot/dot_fp32_1x32x4_1x4x1_neon/64/68/real_time",1190814,117.617,117.617,ns,,,,,,4,1,32,68,1,64,1,1,4
"dot/dot_fp32_1x32x4_1x4x1_neon/64/92/real_time",852640,165.005,164.997,ns,,,,,,4,1,32,92,1,64,1,1,4
"dot/dot_fp32_1x32x4_1x4x1_neon/128/4/real_time",6946613,20.1612,20.1599,ns,,,,,,4,1,32,4,1,128,1,1,4
"dot/dot_fp32_1x32x4_1x4x1_neon/128/8/real_time",4383116,32.0242,32.024,ns,,,,,,4,1,32,8,1,128,1,1,4
"dot/dot_fp32_1x32x4_1x4x1_neon/128/20/real_time",2061558,67.807,67.807,ns,,,,,,4,1,32,20,1,128,1,1,4
"dot/dot_fp32_1x32x4_1x4x1_neon/128/32/real_time",1332202,104.392,104.387,ns,,,,,,4,1,32,32,1,128,1,1,4
"dot/dot_fp32_1x32x4_1x4x1_neon/128/44/real_time",967101,144.452,144.451,ns,,,,,,4,1,32,44,1,128,1,1,4
"dot/dot_fp32_1x32x4_1x4x1_neon/256/4/real_time",4173384,33.5406,33.5387,ns,,,,,,4,1,32,4,1,256,1,1,4
"dot/dot_fp32_1x32x4_1x4x1_neon/256/8/real_time",2430304,57.4754,57.4755,ns,,,,,,4,1,32,8,1,256,1,1,4
"dot/dot_fp32_1x32x4_1x4x1_neon/256/12/real_time",1735632,80.8527,80.8524,ns,,,,,,4,1,32,12,1,256,1,1,4
"dot/dot_fp32_1x32x4_1x4x1_neon/256/20/real_time",1088795,128.627,128.628,ns,,,,,,4,1,32,20,1,256,1,1,4
"dot/dot_fp32_2x32x4_1x4x1_neon/32/4/real_time",10900243,12.7721,12.7709,ns,,,,,,4,2,32,4,2,32,1,1,4
"dot/dot_fp32_2x32x4_1x4x1_neon/32/44/real_time",2868015,48.759,48.7585,ns,,,,,,4,2,32,44,2,32,1,1,4
"dot/dot_fp32_2x32x4_1x4x1_neon/32/88/real_time",1457519,96.4452,96.4379,ns,,,,,,4,2,32,88,2,32,1,1,4
"dot/dot_fp32_2x32x4_1x4x1_neon/32/132/real_time",964328,144.84,144.841,ns,,,,,,4,2,32,132,2,32,1,1,4
"dot/dot_fp32_2x32x4_1x4x1_neon/32/176/real_time",750429,190.368,190.368,ns,,,,,,4,2,32,176,2,32,1,1,4
"dot/dot_fp32_2x32x4_1x4x1_neon/64/4/real_time",8220666,17.0094,17.0094,ns,,,,,,4,2,32,4,2,64,1,1,4
"dot/dot_fp32_2x32x4_1x4x1_neon/64/20/real_time",3123667,48.4588,48.4568,ns,,,,,,4,2,32,20,2,64,1,1,4
"dot/dot_fp32_2x32x4_1x4x1_neon/64/44/real_time",1452476,96.1544,96.14,ns,,,,,,4,2,32,44,2,64,1,1,4
"dot/dot_fp32_2x32x4_1x4x1_neon/64/64/real_time",1004821,139.824,139.825,ns,,,,,,4,2,32,64,2,64,1,1,4
"dot/dot_fp32_2x32x4_1x4x1_neon/64/88/real_time",731034,191.215,191.205,ns,,,,,,4,2,32,88,2,64,1,1,4
"dot/dot_fp32_2x32x4_1x4x1_neon/128/4/real_time",5265880,26.6143,26.6145,ns,,,,,,4,2,32,4,2,128,1,1,4
"dot/dot_fp32_2x32x4_1x4x1_neon/128/8/real_time",3728677,37.5092,37.5077,ns,,,,,,4,2,32,8,2,128,1,1,4
"dot/dot_fp32_2x32x4_1x4x1_neon/128/20/real_time",1593375,87.5666,87.5626,ns,,,,,,4,2,32,20,2,128,1,1,4
"dot/dot_fp32_2x32x4_1x4x1_neon/128/32/real_time",1007309,139.375,139.374,ns,,,,,,4,2,32,32,2,128,1,1,4
"dot/dot_fp32_2x32x4_1x4x1_neon/128/44/real_time",735689,190.409,190.408,ns,,,,,,4,2,32,44,2,128,1,1,4
"dot/dot_fp32_2x32x4_1x4x1_neon/256/4/real_time",2933148,47.6808,47.6788,ns,,,,,,4,2,32,4,2,256,1,1,4
"dot/dot_fp32_2x32x4_1x4x1_neon/256/8/real_time",1969554,71.2345,71.2349,ns,,,,,,4,2,32,8,2,256,1,1,4
"dot/dot_fp32_2x32x4_1x4x1_neon/256/12/real_time",1353791,103.749,103.743,ns,,,,,,4,2,32,12,2,256,1,1,4
"dot/dot_fp32_2x32x4_1x4x1_neon/256/20/real_time",807106,173.584,173.574,ns,,,,,,4,2,32,20,2,256,1,1,4
"dot/dot_fp32_3x32x4_1x4x1_neon/32/4/real_time",8471884,16.5322,16.5322,ns,,,,,,4,3,32,4,3,32,1,1,4
"dot/dot_fp32_3x32x4_1x4x1_neon/32/40/real_time",2185664,64.1827,64.1828,ns,,,,,,4,3,32,40,3,32,1,1,4
"dot/dot_fp32_3x32x4_1x4x1_neon/32/84/real_time",1073640,128.002,127.994,ns,,,,,,4,3,32,84,3,32,1,1,4
"dot/dot_fp32_3x32x4_1x4x1_neon/32/128/real_time",720341,194.563,194.562,ns,,,,,,4,3,32,128,3,32,1,1,4
"dot/dot_fp32_3x32x4_1x4x1_neon/32/172/real_time",538633,260.936,260.923,ns,,,,,,4,3,32,172,3,32,1,1,4
"dot/dot_fp32_3x32x4_1x4x1_neon/64/4/real_time",5810816,24.0767,24.0756,ns,,,,,,4,3,32,4,3,64,1,1,4
"dot/dot_fp32_3x32x4_1x4x1_neon/64/20/real_time",2229659,63.6878,63.6878,ns,,,,,,4,3,32,20,3,64,1,1,4
"dot/dot_fp32_3x32x4_1x4x1_neon/64/44/real_time",1032677,135.471,135.47,ns,,,,,,4,3,32,44,3,64,1,1,4
"dot/dot_fp32_3x32x4_1x4x1_neon/64/64/real_time",715195,196.495,196.485,ns,,,,,,4,3,32,64,3,64,1,1,4
"dot/dot_fp32_3x32x4_1x4x1_neon/64/88/real_time",520757,269.44,269.431,ns,,,,,,4,3,32,88,3,64,1,1,4
"dot/dot_fp32_3x32x4_1x4x1_neon/128/4/real_time",3580971,39.0055,39.0034,ns,,,,,,4,3,32,4,3,128,1,1,4
"dot/dot_fp32_3x32x4_1x4x1_neon/128/8/real_time",2476218,55.9795,55.9668,ns,,,,,,4,3,32,8,3,128,1,1,4
"dot/dot_fp32_3x32x4_1x4x1_neon/128/20/real_time",1131214,123.866,123.866,ns,,,,,,4,3,32,20,3,128,1,1,4
"dot/dot_fp32_3x32x4_1x4x1_neon/128/28/real_time",806620,173.491,173.491,ns,,,,,,4,3,32,28,3,128,1,1,4
"dot/dot_fp32_3x32x4_1x4x1_neon/128/40/real_time",574044,242.795,242.779,ns,,,,,,4,3,32,40,3,128,1,1,4
"dot/dot_fp32_3x32x4_1x4x1_neon/256/4/real_time",2064132,67.9752,67.9753,ns,,,,,,4,3,32,4,3,256,1,1,4
"dot/dot_fp32_3x32x4_1x4x1_neon/256/8/real_time",1298059,106.126,106.122,ns,,,,,,4,3,32,8,3,256,1,1,4
"dot/dot_fp32_3x32x4_1x4x1_neon/256/12/real_time",934946,149.034,149.024,ns,,,,,,4,3,32,12,3,256,1,1,4
"dot/dot_fp32_3x32x4_1x4x1_neon/256/20/real_time",567923,247.005,247.005,ns,,,,,,4,3,32,20,3,256,1,1,4
"dot/dot_fp32_1x16x4_1x4x1_neon/16/4/real_time",24224911,5.79251,5.79251,ns,,,,,,4,1,16,4,1,16,1,1,4
"dot/dot_fp32_1x16x4_1x4x1_neon/16/88/real_time",2443565,57.5422,57.5397,ns,,,,,,4,1,16,88,1,16,1,1,4
"dot/dot_fp32_1x16x4_1x4x1_neon/16/180/real_time",1018895,138.962,138.962,ns,,,,,,4,1,16,180,1,16,1,1,4
"dot/dot_fp32_1x16x4_1x4x1_neon/16/268/real_time",637416,219.515,219.514,ns,,,,,,4,1,16,268,1,16,1,1,4
"dot/dot_fp32_1x16x4_1x4x1_neon/16/360/real_time",461747,300.357,300.342,ns,,,,,,4,1,16,360,1,16,1,1,4
"dot/dot_fp32_1x16x4_1x4x1_neon/32/4/real_time",17158659,8.22481,8.22483,ns,,,,,,4,1,16,4,1,32,1,1,4
"dot/dot_fp32_1x16x4_1x4x1_neon/32/44/real_time",2814134,49.6554,49.6508,ns,,,,,,4,1,16,44,1,32,1,1,4
"dot/dot_fp32_1x16x4_1x4x1_neon/32/92/real_time",1181900,118.037,118.029,ns,,,,,,4,1,16,92,1,32,1,1,4
"dot/dot_fp32_1x16x4_1x4x1_neon/32/136/real_time",715515,196.85,196.85,ns,,,,,,4,1,16,136,1,32,1,1,4
"dot/dot_fp32_1x16x4_1x4x1_neon/32/184/real_time",487911,287.438,287.438,ns,,,,,,4,1,16,184,1,32,1,1,4
"dot/dot_fp32_1x16x4_1x4x1_neon/64/4/real_time",10043072,13.9614,13.9615,ns,,,,,,4,1,16,4,1,64,1,1,4
"dot/dot_fp32_1x16x4_1x4x1_neon/64/20/real_time",3304342,42.2224,42.2223,ns,,,,,,4,1,16,20,1,64,1,1,4
"dot/dot_fp32_1x16x4_1x4x1_neon/64/44/real_time",1484384,94.6181,94.6177,ns,,,,,,4,1,16,44,1,64,1,1,4
"dot/dot_fp32_1x16x4_1x4x1_neon/64/68/real_time",834953,167.255,167.245,ns,,,,,,4,1,16,68,1,64,1,1,4
"dot/dot_fp32_1x16x4_1x4x1_neon/64/92/real_time",592768,236.146,236.146,ns,,,,,,4,1,16,92,1,64,1,1,4
"dot/dot_fp32_1x16x4_1x4x1_neon/128/4/real_time",6133682,22.7398,22.7387,ns,,,,,,4,1,16,4,1,128,1,1,4
"dot/dot_fp32_1x16x4_1x4x1_neon/128/8/real_time",3912418,35.5605,35.5604,ns,,,,,,4,1,16,8,1,128,1,1,4
"dot/dot_fp32_1x16x4_1x4x1_neon/128/20/real_time",1777930,78.5591,78.5515,ns,,,,,,4,1,16,20,1,128,1,1,4
"dot/dot_fp32_1x16x4_1x4x1_neon/128/32/real_time",1112008,126.896,126.896,ns,,,,,,4,1,16,32,1,128,1,1,4
"dot/dot_fp32_1x16x4_1x4x1_neon/128/44/real_time",751937,184.266,184.257,ns,,,,,,4,1,16,44,1,128,1,1,4
"dot/dot_fp32_2x16x4_1x4x1_neon/16/4/real_time",16937943,8.28192,8.28188,ns,,,,,,4,2,16,4,2,16,1,1,4
"dot/dot_fp32_2x16x4_1x4x1_neon/16/84/real_time",1980206,70.5545,70.5507,ns,,,,,,4,2,16,84,2,16,1,1,4
"dot/dot_fp32_2x16x4_1x4x1_neon/16/168/real_time",925482,151.279,151.279,ns,,,,,,4,2,16,168,2,16,1,1,4
"dot/dot_fp32_2x16x4_1x4x1_neon/16/252/real_time",603869,231.088,231.08,ns,,,,,,4,2,16,252,2,16,1,1,4
"dot/dot_fp32_2x16x4_1x4x1_neon/16/336/real_time",442570,317.055,317.055,ns,,,,,,4,2,16,336,2,16,1,1,4
"dot/dot_fp32_2x16x4_1x4x1_neon/32/4/real_time",11663102,12.0336,12.0331,ns,,,,,,4,2,16,4,2,32,1,1,4
"dot/dot_fp32_2x16x4_1x4x1_neon/32/44/real_time",2114218,66.2762,66.276,ns,,,,,,4,2,16,44,2,32,1,1,4
"dot/dot_fp32_2x16x4_1x4x1_neon/32/88/real_time",960299,144.412,144.399,ns,,,,,,4,2,16,88,2,32,1,1,4
"dot/dot_fp32_2x16x4_1x4x1_neon/32/132/real_time",610564,229.738,229.737,ns,,,,,,4,2,16,132,2,32,1,1,4
"dot/dot_fp32_2x16x4_1x4x1_neon/32/176/real_time",447879,312.231,312.209,ns,,,,,,4,2,16,176,2,32,1,1,4
"dot/dot_fp32_2x16x4_1x4x1_neon/64/4/real_time",7642877,18.3047,18.3048,ns,,,,,,4,2,16,4,2,64,1,1,4
"dot/dot_fp32_2x16x4_1x4x1_neon/64/20/real_time",2687656,51.8249,51.8225,ns,,,,,,4,2,16,20,2,64,1,1,4
"dot/dot_fp32_2x16x4_1x4x1_neon/64/44/real_time",1070572,129.293,129.29,ns,,,,,,4,2,16,44,2,64,1,1,4
"dot/dot_fp32_2x16x4_1x4x1_neon/64/64/real_time",709428,196.508,196.498,ns,,,,,,4,2,16,64,2,64,1,1,4
"dot/dot_fp32_2x16x4_1x4x1_neon/64/88/real_time",487344,289.352,289.352,ns,,,,,,4,2,16,88,2,64,1,1,4
"dot/dot_fp32_2x16x4_1x4x1_neon/128/4/real_time",3741765,31.8813,31.8791,ns,,,,,,4,2,16,4,2,128,1,1,4
"dot/dot_fp32_2x16x4_1x4x1_neon/128/8/real_time",3320148,42.1025,42.1005,ns,,,,,,4,2,16,8,2,128,1,1,4
"dot/dot_fp32_2x16x4_1x4x1_neon/128/20/real_time",1401371,99.6898,99.6845,ns,,,,,,4,2,16,20,2,128,1,1,4
"dot/dot_fp32_2x16x4_1x4x1_neon/128/32/real_time",792544,176.354,176.352,ns,,,,,,4,2,16,32,2,128,1,1,4
"dot/dot_fp32_2x16x4_1x4x1_neon/128/44/real_time",539096,258.777,258.761,ns,,,,,,4,2,16,44,2,128,1,1,4
"dot/dot_fp32_3x16x4_1x4x1_neon/16/4/real_time",12436246,11.3385,11.3378,ns,,,,,,4,3,16,4,3,16,1,1,4
"dot/dot_fp32_3x16x4_1x4x1_neon/16/80/real_time",1792471,78.1421,78.1418,ns,,,,,,4,3,16,80,3,16,1,1,4
"dot/dot_fp32_3x16x4_1x4x1_neon/16/160/real_time",892452,159.554,159.554,ns,,,,,,4,3,16,160,3,16,1,1,4
"dot/dot_fp32_3x16x4_1x4x1_neon/16/240/real_time",582711,238.502,238.49,ns,,,,,,4,3,16,240,3,16,1,1,4
"dot/dot_fp32_3x16x4_1x4x1_neon/16/320/real_time",438844,320.313,320.312,ns,,,,,,4,3,16,320,3,16,1,1,4
"dot/dot_fp32_3x16x4_1x4x1_neon/32/4/real_time",9289595,15.0774,15.0774,ns,,,,,,4,3,16,4,3,32,1,1,4
"dot/dot_fp32_3x16x4_1x4x1_neon/32/40/real_time",1873739,75.027,75.027,ns,,,,,,4,3,16,40,3,32,1,1,4
"dot/dot_fp32_3x16x4_1x4x1_neon/32/84/real_time",844378,164.814,164.815,ns,,,,,,4,3,16,84,3,32,1,1,4
"dot/dot_fp32_3x16x4_1x4x1_neon/32/128/real_time",569770,251.89,251.87,ns,,,,,,4,3,16,128,3,32,1,1,4
"dot/dot_fp32_3x16x4_1x4x1_neon/32/172/real_time",410702,338.343,338.326,ns,,,,,,4,3,16,172,3,32,1,1,4
"dot/dot_fp32_3x16x4_1x4x1_neon/64/4/real_time",5906436,23.7399,23.7399,ns,,,,,,4,3,16,4,3,64,1,1,4
"dot/dot_fp32_3x16x4_1x4x1_neon/64/20/real_time",2017006,69.117,69.1143,ns,,,,,,4,3,16,20,3,64,1,1,4
"dot/dot_fp32_3x16x4_1x4x1_neon/64/44/real_time",857018,163.459,163.457,ns,,,,,,4,3,16,44,3,64,1,1,4
"dot/dot_fp32_3x16x4_1x4x1_neon/64/64/real_time",573003,244.436,244.425,ns,,,,,,4,3,16,64,3,64,1,1,4
"dot/dot_fp32_3x16x4_1x4x1_neon/64/88/real_time",406823,344.378,344.381,ns,,,,,,4,3,16,88,3,64,1,1,4
"dot/dot_fp32_3x16x4_1x4x1_neon/128/4/real_time",3457907,40.4194,40.4172,ns,,,,,,4,3,16,4,3,128,1,1,4
"dot/dot_fp32_3x16x4_1x4x1_neon/128/8/real_time",2591397,53.9906,53.991,ns,,,,,,4,3,16,8,3,128,1,1,4
"dot/dot_fp32_3x16x4_1x4x1_neon/128/20/real_time",1018416,137.191,137.184,ns,,,,,,4,3,16,20,3,128,1,1,4
"dot/dot_fp32_3x16x4_1x4x1_neon/128/28/real_time",686238,203.908,203.907,ns,,,,,,4,3,16,28,3,128,1,1,4
"dot/dot_fp32_3x16x4_1x4x1_neon/128/40/real_time",480011,290.18,290.166,ns,,,,,,4,3,16,40,3,128,1,1,4
"dot/dot_fp32_4x16x4_1x4x1_neon/16/4/real_time",10560525,13.2275,13.2274,ns,,,,,,4,4,16,4,4,16,1,1,4
"dot/dot_fp32_4x16x4_1x4x1_neon/16/76/real_time",1672472,84.4851,84.4851,ns,,,,,,4,4,16,76,4,16,1,1,4
"dot/dot_fp32_4x16x4_1x4x1_neon/16/152/real_time",826780,169.382,169.381,ns,,,,,,4,4,16,152,4,16,1,1,4
"dot/dot_fp32_4x16x4_1x4x1_neon/16/228/real_time",551321,251.286,251.275,ns,,,,,,4,4,16,228,4,16,1,1,4
"dot/dot_fp32_4x16x4_1x4x1_neon/16/304/real_time",416698,335.514,335.514,ns,,,,,,4,4,16,304,4,16,1,1,4
"dot/dot_fp32_4x16x4_1x4x1_neon/32/4/real_time",7858234,17.8162,17.8137,ns,,,,,,4,4,16,4,4,32,1,1,4
"dot/dot_fp32_4x16x4_1x4x1_neon/32/40/real_time",1611433,86.5824,86.5782,ns,,,,,,4,4,16,40,4,32,1,1,4
"dot/dot_fp32_4x16x4_1x4x1_neon/32/80/real_time",808234,173.775,173.775,ns,,,,,,4,4,16,80,4,32,1,1,4
"dot/dot_fp32_4x16x4_1x4x1_neon/32/120/real_time",535688,261.571,261.57,ns,,,,,,4,4,16,120,4,32,1,1,4
"dot/dot_fp32_4x16x4_1x4x1_neon/32/164/real_time",390925,359.854,359.836,ns,,,,,,4,4,16,164,4,32,1,1,4
"dot/dot_fp32_4x16x4_1x4x1_neon/64/4/real_time",4944609,28.3038,28.3038,ns,,,,,,4,4,16,4,4,64,1,1,4
"dot/dot_fp32_4x16x4_1x4x1_neon/64/20/real_time",1636224,85.7053,85.7053,ns,,,,,,4,4,16,20,4,64,1,1,4
"dot/dot_fp32_4x16x4_1x4x1_neon/64/40/real_time",807205,172.608,172.599,ns,,,,,,4,4,16,40,4,64,1,1,4
"dot/dot_fp32_4x16x4_1x4x1_neon/64/60/real_time",535743,261.108,261.11,ns,,,,,,4,4,16,60,4,64,1,1,4
"dot/dot_fp32_4x16x4_1x4x1_neon/64/84/real_time",381277,367.339,367.339,ns,,,,,,4,4,16,84,4,64,1,1,4
"dot/dot_fp32_4x16x4_1x4x1_neon/128/4/real_time",2778855,50.6541,50.654,ns,,,,,,4,4,16,4,4,128,1,1,4
"dot/dot_fp32_4x16x4_1x4x1_neon/128/8/real_time",1507250,70.3333,70.2604,ns,,,,,,4,4,16,8,4,128,1,1,4
"dot/dot_fp32_4x16x4_1x4x1_neon/128/20/real_time",819702,170.637,170.638,ns,,,,,,4,4,16,20,4,128,1,1,4
"dot/dot_fp32_4x16x4_1x4x1_neon/128/28/real_time",581353,239.686,239.677,ns,,,,,,4,4,16,28,4,128,1,1,4
"dot/dot_fp32_4x16x4_1x4x1_neon/128/40/real_time",405675,345.669,345.651,ns,,,,,,4,4,16,40,4,128,1,1,4
"dot/dot_fp32_5x16x4_1x4x1_neon/16/4/real_time",9145744,15.349,15.3481,ns,,,,,,4,5,16,4,5,16,1,1,4
"dot/dot_fp32_5x16x4_1x4x1_neon/16/72/real_time",1526127,91.2974,91.2952,ns,,,,,,4,5,16,72,5,16,1,1,4
"dot/dot_fp32_5x16x4_1x4x1_neon/16/144/real_time",764902,181.567,181.558,ns,,,,,,4,5,16,144,5,16,1,1,4
"dot/dot_fp32_5x16x4_1x4x1_neon/16/216/real_time",515480,271.57,271.557,ns,,,,,,4,5,16,216,5,16,1,1,4
"dot/dot_fp32_5x16x4_1x4x1_neon/16/288/real_time",380578,370.668,370.668,ns,,,,,,4,5,16,288,5,16,1,1,4
"dot/dot_fp32_5x16x4_1x4x1_neon/32/4/real_time",6194907,22.5644,22.5631,ns,,,,,,4,5,16,4,5,32,1,1,4
"dot/dot_fp32_5x16x4_1x4x1_neon/32/40/real_time",1361719,102.003,101.997,ns,,,,,,4,5,16,40,5,32,1,1,4
"dot/dot_fp32_5x16x4_1x4x1_neon/32/80/real_time",697601,202.689,202.677,ns,,,,,,4,5,16,80,5,32,1,1,4
"dot/dot_fp32_5x16x4_1x4x1_neon/32/120/real_time",469667,304.186,304.186,ns,,,,,,4,5,16,120,5,32,1,1,4
"dot/dot_fp32_5x16x4_1x4x1_neon/32/160/real_time",345636,403.568,403.546,ns,,,,,,4,5,16,160,5,32,1,1,4
"dot/dot_fp32_5x16x4_1x4x1_neon/64/4/real_time",3843646,36.5261,36.5244,ns,,,,,,4,5,16,4,5,64,1,1,4
"dot/dot_fp32_5x16x4_1x4x1_neon/64/20/real_time",1371350,102.66,102.66,ns,,,,,,4,5,16,20,5,64,1,1,4
"dot/dot_fp32_5x16x4_1x4x1_neon/64/40/real_time",686111,204.251,204.241,ns,,,,,,4,5,16,40,5,64,1,1,4
"dot/dot_fp32_5x16x4_1x4x1_neon/64/60/real_time",449762,307.356,307.331,ns,,,,,,4,5,16,60,5,64,1,1,4
"dot/dot_fp32_5x16x4_1x4x1_neon/64/84/real_time",327426,427.001,427,ns,,,,,,4,5,16,84,5,64,1,1,4
"dot/dot_fp32_5x16x4_1x4x1_neon/128/4/real_time",2187625,64.2011,64.2016,ns,,,,,,4,5,16,4,5,128,1,1,4
"dot/dot_fp32_5x16x4_1x4x1_neon/128/8/real_time",1680123,83.2428,83.238,ns,,,,,,4,5,16,8,5,128,1,1,4
"dot/dot_fp32_5x16x4_1x4x1_neon/128/20/real_time",684373,204.956,204.953,ns,,,,,,4,5,16,20,5,128,1,1,4
"dot/dot_fp32_5x16x4_1x4x1_neon/128/28/real_time",487663,286.613,286.614,ns,,,,,,4,5,16,28,5,128,1,1,4
"dot/dot_fp32_5x16x4_1x4x1_neon/128/40/real_time",342420,408.563,408.563,ns,,,,,,4,5,16,40,5,128,1,1,4
"dot/dot_fp32_1x8x4_1x4x1_neon/8/4/real_time",28576215,4.9003,4.90033,ns,,,,,,4,1,8,4,1,8,1,1,4
"dot/dot_fp32_1x8x4_1x4x1_neon/8/168/real_time",1520959,92.3842,92.3799,ns,,,,,,4,1,8,168,1,8,1,1,4
"dot/dot_fp32_1x8x4_1x4x1_neon/8/340/real_time",590031,236.392,236.382,ns,,,,,,4,1,8,340,1,8,1,1,4
"dot/dot_fp32_1x8x4_1x4x1_neon/8/508/real_time",358898,391.396,391.395,ns,,,,,,4,1,8,508,1,8,1,1,4
"dot/dot_fp32_1x8x4_1x4x1_neon/8/680/real_time",255458,547.792,547.793,ns,,,,,,4,1,8,680,1,8,1,1,4
"dot/dot_fp32_1x8x4_1x4x1_neon/16/4/real_time",20269769,6.90611,6.9061,ns,,,,,,4,1,8,4,1,16,1,1,4
"dot/dot_fp32_1x8x4_1x4x1_neon/16/88/real_time",1697602,81.5611,81.5545,ns,,,,,,4,1,8,88,1,16,1,1,4
"dot/dot_fp32_1x8x4_1x4x1_neon/16/180/real_time",722962,193.644,193.644,ns,,,,,,4,1,8,180,1,16,1,1,4
"dot/dot_fp32_1x8x4_1x4x1_neon/16/268/real_time",416934,340.197,340.198,ns,,,,,,4,1,8,268,1,16,1,1,4
"dot/dot_fp32_1x8x4_1x4x1_neon/16/360/real_time",276464,505.384,505.382,ns,,,,,,4,1,8,360,1,16,1,1,4
"dot/dot_fp32_1x8x4_1x4x1_neon/32/4/real_time",12077078,11.5889,11.5883,ns,,,,,,4,1,8,4,1,32,1,1,4
"dot/dot_fp32_1x8x4_1x4x1_neon/32/44/real_time",2215253,63.2168,63.2167,ns,,,,,,4,1,8,44,1,32,1,1,4
"dot/dot_fp32_1x8x4_1x4x1_neon/32/92/real_time",813762,170.585,170.577,ns,,,,,,4,1,8,92,1,32,1,1,4
"dot/dot_fp32_1x8x4_1x4x1_neon/32/136/real_time",490961,286.255,286.239,ns,,,,,,4,1,8,136,1,32,1,1,4
"dot/dot_fp32_1x8x4_1x4x1_neon/32/184/real_time",352766,396.685,396.665,ns,,,,,,4,1,8,184,1,32,1,1,4
"dot/dot_fp32_1x8x4_1x4x1_neon/64/4/real_time",6981383,20.0199,20.02,ns,,,,,,4,1,8,4,1,64,1,1,4
"dot/dot_fp32_1x8x4_1x4x1_neon/64/20/real_time",2738545,51.0662,51.0643,ns,,,,,,4,1,8,20,1,64,1,1,4
"dot/dot_fp32_1x8x4_1x4x1_neon/64/44/real_time",1125481,124.555,124.556,ns,,,,,,4,1,8,44,1,64,1,1,4
"dot/dot_fp32_1x8x4_1x4x1_neon/64/68/real_time",607769,225.005,224.998,ns,,,,,,4,1,8,68,1,64,1,1,4
"dot/dot_fp32_1x8x4_1x4x1_neon/64/92/real_time",403861,345.151,345.136,ns,,,,,,4,1,8,92,1,64,1,1,4
"dot/dot_fp32_4x8x4_1x4x1_neon/8/4/real_time",13413013,10.4277,10.4276,ns,,,,,,4,4,8,4,4,8,1,1,4
"dot/dot_fp32_4x8x4_1x4x1_neon/8/124/real_time",1310386,106.416,106.417,ns,,,,,,4,4,8,124,4,8,1,1,4
"dot/dot_fp32_4x8x4_1x4x1_neon/8/252/real_time",612951,227.558,227.545,ns,,,,,,4,4,8,252,4,8,1,1,4
"dot/dot_fp32_4x8x4_1x4x1_neon/8/380/real_time",396610,353.187,353.188,ns,,,,,,4,4,8,380,4,8,1,1,4
"dot/dot_fp32_4x8x4_1x4x1_neon/8/508/real_time",298385,481.49,481.492,ns,,,,,,4,4,8,508,4,8,1,1,4
"dot/dot_fp32_4x8x4_1x4x1_neon/16/4/real_time",10928393,12.7901,12.7895,ns,,,,,,4,4,8,4,4,16,1,1,4
"dot/dot_fp32_4x8x4_1x4x1_neon/16/76/real_time",1182799,118.046,118.046,ns,,,,,,4,4,8,76,4,16,1,1,4
"dot/dot_fp32_4x8x4_1x4x1_neon/16/152/real_time",532211,263.065,263.067,ns,,,,,,4,4,8,152,4,16,1,1,4
"dot/dot_fp32_4x8x4_1x4x1_neon/16/228/real_time",342850,403.589,403.567,ns,,,,,,4,4,8,228,4,16,1,1,4
"dot/dot_fp32_4x8x4_1x4x1_neon/16/304/real_time",254324,550.279,550.251,ns,,,,,,4,4,8,304,4,16,1,1,4
"dot/dot_fp32_4x8x4_1x4x1_neon/32/4/real_time",7267787,19.2679,19.2679,ns,,,,,,4,4,8,4,4,32,1,1,4
"dot/dot_fp32_4x8x4_1x4x1_neon/32/40/real_time",1241488,110.15,110.14,ns,,,,,,4,4,8,40,4,32,1,1,4
"dot/dot_fp32_4x8x4_1x4x1_neon/32/80/real_time",564616,247.829,247.829,ns,,,,,,4,4,8,80,4,32,1,1,4
"dot/dot_fp32_4x8x4_1x4x1_neon/32/120/real_time",349047,403.259,403.258,ns,,,,,,4,4,8,120,4,32,1,1,4
"dot/dot_fp32_4x8x4_1x4x1_neon/32/164/real_time",244237,567.105,567.072,ns,,,,,,4,4,8,164,4,32,1,1,4
"dot/dot_fp32_4x8x4_1x4x1_neon/64/4/real_time",4486868,31.2234,31.222,ns,,,,,,4,4,8,4,4,64,1,1,4
"dot/dot_fp32_4x8x4_1x4x1_neon/64/20/real_time",1495728,93.5242,93.5244,ns,,,,,,4,4,8,20,4,64,1,1,4
"dot/dot_fp32_4x8x4_1x4x1_neon/64/40/real_time",658018,217.516,217.515,ns,,,,,,4,4,8,40,4,64,1,1,4
"dot/dot_fp32_4x8x4_1x4x1_neon/64/60/real_time",405215,345.696,345.695,ns,,,,,,4,4,8,60,4,64,1,1,4
"dot/dot_fp32_4x8x4_1x4x1_neon/64/84/real_time",268288,521.244,521.209,ns,,,,,,4,4,8,84,4,64,1,1,4
"dot/dot_fp32_6x8x4_1x4x1_neon/8/4/real_time",11398137,12.2569,12.2569,ns,,,,,,4,6,8,4,6,8,1,1,4
"dot/dot_fp32_6x8x4_1x4x1_neon/8/108/real_time",1298681,105.925,105.919,ns,,,,,,4,6,8,108,6,8,1,1,4
"dot/dot_fp32_6x8x4_1x4x1_neon/8/216/real_time",651252,215.597,215.597,ns,,,,,,4,6,8,216,6,8,1,1,4
"dot/dot_fp32_6x8x4_1x4x1_neon/8/324/real_time",431559,327.531,327.515,ns,,,,,,4,6,8,324,6,8,1,1,4
"dot/dot_fp32_6x8x4_1x4x1_neon/8/432/real_time",318611,439.059,439.056,ns,,,,,,4,6,8,432,6,8,1,1,4
"dot/dot_fp32_6x8x4_1x4x1_neon/16/4/real_time",8385493,16.6903,16.6903,ns,,,,,,4,6,8,4,6,16,1,1,4
"dot/dot_fp32_6x8x4_1x4x1_neon/16/68/real_time",1069199,129.041,129.033,ns,,,,,,4,6,8,68,6,16,1,1,4
"dot/dot_fp32_6x8x4_1x4x1_neon/16/136/real_time",524476,266.247,266.235,ns,,,,,,4,6,8,136,6,16,1,1,4
"dot/dot_fp32_6x8x4_1x4x1_neon/16/204/real_time",347015,402.347,402.349,ns,,,,,,4,6,8,204,6,16,1,1,4
"dot/dot_fp32_6x8x4_1x4x1_neon/16/272/real_time",259699,537.445,537.414,ns,,,,,,4,6,8,272,6,16,1,1,4
"dot/dot_fp32_6x8x4_1x4x1_neon/32/4/real_time",5417791,25.8227,25.8229,ns,,,,,,4,6,8,4,6,32,1,1,4
"dot/dot_fp32_6x8x4_1x4x1_neon/32/36/real_time",1084949,128.432,128.432,ns,,,,,,4,6,8,36,6,32,1,1,4
"dot/dot_fp32_6x8x4_1x4x1_neon/32/76/real_time",484084,291.453,291.433,ns,,,,,,4,6,8,76,6,32,1,1,4
"dot/dot_fp32_6x8x4_1x4x1_neon/32/116/real_time",307011,451.732,451.71,ns,,,,,,4,6,8,116,6,32,1,1,4
"dot/dot_fp32_6x8x4_1x4x1_neon/32/156/real_time",228433,613.278,613.283,ns,,,,,,4,6,8,156,6,32,1,1,4
"dot/dot_fp32_6x8x4_1x4x1_neon/64/4/real_time",3321491,42.2726,42.2729,ns,,,,,,4,6,8,4,6,64,1,1,4
"dot/dot_fp32_6x8x4_1x4x1_neon/64/20/real_time",1071627,130.134,130.133,ns,,,,,,4,6,8,20,6,64,1,1,4
"dot/dot_fp32_6x8x4_1x4x1_neon/64/40/real_time",494236,282.776,282.776,ns,,,,,,4,6,8,40,6,64,1,1,4
"dot/dot_fp32_6x8x4_1x4x1_neon/64/60/real_time",318325,445.054,445.048,ns,,,,,,4,6,8,60,6,64,1,1,4
"dot/dot_fp32_6x8x4_1x4x1_neon/64/80/real_time",229383,609.654,609.627,ns,,,,,,4,6,8,80,6,64,1,1,4
"dot/dot_fp32_8x8x4_1x4x1_neon/8/4/real_time",9488229,14.7632,14.7625,ns,,,,,,4,8,8,4,8,8,1,1,4
"dot/dot_fp32_8x8x4_1x4x1_neon/8/92/real_time",1391097,100.644,100.644,ns,,,,,,4,8,8,92,8,8,1,1,4
"dot/dot_fp32_8x8x4_1x4x1_neon/8/188/real_time",681163,205.465,205.466,ns,,,,,,4,8,8,188,8,8,1,1,4
"dot/dot_fp32_8x8x4_1x4x1_neon/8/284/real_time",448658,310.449,310.432,ns,,,,,,4,8,8,284,8,8,1,1,4
"dot/dot_fp32_8x8x4_1x4x1_neon/8/380/real_time",340021,413.102,413.104,ns,,,,,,4,8,8,380,8,8,1,1,4
"dot/dot_fp32_8x8x4_1x4x1_neon/16/4/real_time",6615306,20.98,20.9789,ns,,,,,,4,8,8,4,8,16,1,1,4
"dot/dot_fp32_8x8x4_1x4x1_neon/16/60/real_time",1068311,130.83,130.83,ns,,,,,,4,8,8,60,8,16,1,1,4
"dot/dot_fp32_8x8x4_1x4x1_neon/16/124/real_time",527102,272.088,272.09,ns,,,,,,4,8,8,124,8,16,1,1,4
"dot/dot_fp32_8x8x4_1x4x1_neon/16/184/real_time",345464,405.359,405.356,ns,,,,,,4,8,8,184,8,16,1,1,4
"dot/dot_fp32_8x8x4_1x4x1_neon/16/248/real_time",256402,544.343,544.317,ns,,,,,,4,8,8,248,8,16,1,1,4
"dot/dot_fp32_8x8x4_1x4x1_neon/32/4/real_time",4145697,33.6952,33.6952,ns,,,,,,4,8,8,4,8,32,1,1,4
"dot/dot_fp32_8x8x4_1x4x1_neon/32/36/real_time",898715,153.829,153.822,ns,,,,,,4,8,8,36,8,32,1,1,4
"dot/dot_fp32_8x8x4_1x4x1_neon/32/72/real_time",450354,310.887,310.871,ns,,,,,,4,8,8,72,8,32,1,1,4
"dot/dot_fp32_8x8x4_1x4x1_neon/32/108/real_time",298463,467.823,467.797,ns,,,,,,4,8,8,108,8,32,1,1,4
"dot/dot_fp32_8x8x4_1x4x1_neon/32/144/real_time",222668,629.278,629.278,ns,,,,,,4,8,8,144,8,32,1,1,4
"dot/dot_fp32_8x8x4_1x4x1_neon/64/4/real_time",2414447,58.1573,58.157,ns,,,,,,4,8,8,4,8,64,1,1,4
"dot/dot_fp32_8x8x4_1x4x1_neon/64/16/real_time",1038560,134.048,134.041,ns,,,,,,4,8,8,16,8,64,1,1,4
"dot/dot_fp32_8x8x4_1x4x1_neon/64/36/real_time",454187,308.762,308.763,ns,,,,,,4,8,8,36,8,64,1,1,4
"dot/dot_fp32_8x8x4_1x4x1_neon/64/56/real_time",291051,488.478,488.478,ns,,,,,,4,8,8,56,8,64,1,1,4
"dot/dot_fp32_8x8x4_1x4x1_neon/64/76/real_time",209481,668.298,668.299,ns,,,,,,4,8,8,76,8,64,1,1,4
"dot/dot_fp32_8x4x4_1x4x1_neon/4/4/real_time",13587286,10.2846,10.2841,ns,,,,,,4,8,4,4,8,4,1,1,4
"dot/dot_fp32_8x4x4_1x4x1_neon/4/124/real_time",1303164,106.722,106.722,ns,,,,,,4,8,4,124,8,4,1,1,4
"dot/dot_fp32_8x4x4_1x4x1_neon/4/252/real_time",611144,227.189,227.177,ns,,,,,,4,8,4,252,8,4,1,1,4
"dot/dot_fp32_8x4x4_1x4x1_neon/4/380/real_time",401702,348.695,348.696,ns,,,,,,4,8,4,380,8,4,1,1,4
"dot/dot_fp32_8x4x4_1x4x1_neon/4/508/real_time",302720,472.148,472.149,ns,,,,,,4,8,4,508,8,4,1,1,4
"dot/dot_fp32_8x4x4_1x4x1_neon/8/4/real_time",10112319,13.8443,13.8444,ns,,,,,,4,8,4,4,8,8,1,1,4
"dot/dot_fp32_8x4x4_1x4x1_neon/8/92/real_time",943804,147.897,147.89,ns,,,,,,4,8,4,92,8,8,1,1,4
"dot/dot_fp32_8x4x4_1x4x1_neon/8/188/real_time",417459,335.186,335.185,ns,,,,,,4,8,4,188,8,8,1,1,4
"dot/dot_fp32_8x4x4_1x4x1_neon/8/284/real_time",268392,509.753,509.728,ns,,,,,,4,8,4,284,8,8,1,1,4
"dot/dot_fp32_8x4x4_1x4x1_neon/8/380/real_time",201612,692.081,692.042,ns,,,,,,4,8,4,380,8,8,1,1,4
"dot/dot_fp32_8x4x4_1x4x1_neon/16/4/real_time",7212436,19.3852,19.3853,ns,,,,,,4,8,4,4,8,16,1,1,4
"dot/dot_fp32_8x4x4_1x4x1_neon/16/60/real_time",809783,171.543,171.542,ns,,,,,,4,8,4,60,8,16,1,1,4
"dot/dot_fp32_8x4x4_1x4x1_neon/16/124/real_time",337818,410.206,410.188,ns,,,,,,4,8,4,124,8,16,1,1,4
"dot/dot_fp32_8x4x4_1x4x1_neon/16/184/real_time",217651,643.439,643.438,ns,,,,,,4,8,4,184,8,16,1,1,4
"dot/dot_fp32_8x4x4_1x4x1_neon/16/248/real_time",160081,881.714,881.716,ns,,,,,,4,8,4,248,8,16,1,1,4
"dot/dot_fp32_8x4x4_1x4x1_neon/32/4/real_time",4275223,32.7728,32.7714,ns,,,,,,4,8,4,4,8,32,1,1,4
"dot/dot_fp32_8x4x4_1x4x1_neon/32/36/real_time",770268,181.823,181.822,ns,,,,,,4,8,4,36,8,32,1,1,4
"dot/dot_fp32_8x4x4_1x4x1_neon/32/72/real_time",321865,431.348,431.327,ns,,,,,,4,8,4,72,8,32,1,1,4
"dot/dot_fp32_8x4x4_1x4x1_neon/32/108/real_time",199067,704.271,704.275,ns,,,,,,4,8,4,108,8,32,1,1,4
"dot/dot_fp32_8x4x4_1x4x1_neon/32/144/real_time",144013,975.214,975.211,ns,,,,,,4,8,4,144,8,32,1,1,4
"dot/dot_fp64_1x16x2_1x2x1_neon/16/2/real_time",26384685,5.31024,5.30997,ns,,,,,,2,1,16,2,1,16,1,1,2
"dot/dot_fp64_1x16x2_1x2x1_neon/16/44/real_time",3719254,37.6299,37.6299,ns,,,,,,2,1,16,44,1,16,1,1,2
"dot/dot_fp64_1x16x2_1x2x1_neon/16/88/real_time",1762101,79.3705,79.3661,ns,,,,,,2,1,16,88,1,16,1,1,2
"dot/dot_fp64_1x16x2_1x2x1_neon/16/132/real_time",1132541,123.815,123.814,ns,,,,,,2,1,16,132,1,16,1,1,2
"dot/dot_fp64_1x16x2_1x2x1_neon/16/178/real_time",826143,168.739,168.731,ns,,,,,,2,1,16,178,1,16,1,1,2
"dot/dot_fp64_1x16x2_1x2x1_neon/32/2/real_time",17447512,8.022,8.02206,ns,,,,,,2,1,16,2,1,32,1,1,2
"dot/dot_fp64_1x16x2_1x2x1_neon/32/22/real_time",3555604,39.6489,39.6487,ns,,,,,,2,1,16,22,1,32,1,1,2
"dot/dot_fp64_1x16x2_1x2x1_neon/32/46/real_time",1820199,77.1229,77.1234,ns,,,,,,2,1,16,46,1,32,1,1,2
"dot/dot_fp64_1x16x2_1x2x1_neon/32/68/real_time",1205143,116.674,116.674,ns,,,,,,2,1,16,68,1,32,1,1,2
"dot/dot_fp64_1x16x2_1x2x1_neon/32/92/real_time",867419,163.472,163.472,ns,,,,,,2,1,16,92,1,32,1,1,2
"dot/dot_fp64_1x16x2_1x2x1_neon/64/2/real_time",11075913,12.6193,12.6186,ns,,,,,,2,1,16,2,1,64,1,1,2
"dot/dot_fp64_1x16x2_1x2x1_neon/64/10/real_time",3830046,36.5933,36.5936,ns,,,,,,2,1,16,10,1,64,1,1,2
"dot/dot_fp64_1x16x2_1x2x1_neon/64/22/real_time",1928786,73.0118,73.0122,ns,,,,,,2,1,16,22,1,64,1,1,2
"dot/dot_fp64_1x16x2_1x2x1_neon/64/34/real_time",1266916,110.805,110.805,ns,,,,,,2,1,16,34,1,64,1,1,2
"dot/dot_fp64_1x16x2_1x2x1_neon/64/46/real_time",929255,149.806,149.804,ns,,,,,,2,1,16,46,1,64,1,1,2
"dot/dot_fp64_1x16x2_1x2x1_neon/128/2/real_time",6266821,22.0646,22.0613,ns,,,,,,2,1,16,2,1,128,1,1,2
"dot/dot_fp64_1x16x2_1x2x1_neon/128/4/real_time",4601693,30.4198,30.4197,ns,,,,,,2,1,16,4,1,128,1,1,2
"dot/dot_fp64_1x16x2_1x2x1_neon/128/10/real_time",2103327,66.7148,66.7148,ns,,,,,,2,1,16,10,1,128,1,1,2
"dot/dot_fp64_1x16x2_1x2x1_neon/128/16/real_time",1354320,103.314,103.315,ns,,,,,,2,1,16,16,1,128,1,1,2
"dot/dot_fp64_1x16x2_1x2x1_neon/128/22/real_time",1001532,139.298,139.292,ns,,,,,,2,1,16,22,1,128,1,1,2
"dot/dot_fp64_2x16x2_1x2x1_neon/16/2/real_time",11931776,11.6102,11.6103,ns,,,,,,2,2,16,2,2,16,1,1,2
"dot/dot_fp64_2x16x2_1x2x1_neon/16/42/real_time",3066594,45.6544,45.6526,ns,,,,,,2,2,16,42,2,16,1,1,2
"dot/dot_fp64_2x16x2_1x2x1_neon/16/84/real_time",1530903,91.1995,91.1945,ns,,,,,,2,2,16,84,2,16,1,1,2
"dot/dot_fp64_2x16x2_1x2x1_neon/16/126/real_time",1019801,137.227,137.228,ns,,,,,,2,2,16,126,2,16,1,1,2
"dot/dot_fp64_2x16x2_1x2x1_neon/16/168/real_time",765630,182.919,182.917,ns,,,,,,2,2,16,168,2,16,1,1,2
"dot/dot_fp64_2x16x2_1x2x1_neon/32/2/real_time",9847279,14.287,14.2863,ns,,,,,,2,2,16,2,2,32,1,1,2
"dot/dot_fp64_2x16x2_1x2x1_neon/32/22/real_time",2927107,47.7091,47.7092,ns,,,,,,2,2,16,22,2,32,1,1,2
"dot/dot_fp64_2x16x2_1x2x1_neon/32/44/real_time",1471561,95.2184,95.2186,ns,,,,,,2,2,16,44,2,32,1,1,2
"dot/dot_fp64_2x16x2_1x2x1_neon/32/66/real_time",977253,142.445,142.437,ns,,,,,,2,2,16,66,2,32,1,1,2
"dot/dot_fp64_2x16x2_1x2x1_neon/32/88/real_time",733485,191.007,191.007,ns,,,,,,2,2,16,88,2,32,1,1,2
"dot/dot_fp64_2x16x2_1x2x1_neon/64/2/real_time",6945263,20.1283,20.1283,ns,,,,,,2,2,16,2,2,64,1,1,2
"dot/dot_fp64_2x16x2_1x2x1_neon/64/10/real_time",3191214,43.5084,43.5085,ns,,,,,,2,2,16,10,2,64,1,1,2
"dot/dot_fp64_2x16x2_1x2x1_neon/64/22/real_time",1478737,94.53,94.5266,ns,,,,,,2,2,16,22,2,64,1,1,2
"dot/dot_fp64_2x16x2_1x2x1_neon/64/32/real_time",1013890,137.889,137.889,ns,,,,,,2,2,16,32,2,64,1,1,2
"dot/dot_fp64_2x16x2_1x2x1_neon/64/44/real_time",735713,189.747,189.738,ns,,,,,,2,2,16,44,2,64,1,1,2
"dot/dot_fp64_2x16x2_1x2x1_neon/128/2/real_time",4393765,31.8678,31.8663,ns,,,,,,2,2,16,2,2,128,1,1,2
"dot/dot_fp64_2x16x2_1x2x1_neon/128/4/real_time",3277448,42.7455,42.7433,ns,,,,,,2,2,16,4,2,128,1,1,2
"dot/dot_fp64_2x16x2_1x2x1_neon/128/10/real_time",1644695,85.1383,85.1301,ns,,,,,,2,2,16,10,2,128,1,1,2
"dot/dot_fp64_2x16x2_1x2x1_neon/128/14/real_time",1171381,119.718,119.716,ns,,,,,,2,2,16,14,2,128,1,1,2
"dot/dot_fp64_2x16x2_1x2x1_neon/128/20/real_time",817904,170.809,170.801,ns,,,,,,2,2,16,20,2,128,1,1,2
"dot/dot_fp64_3x16x2_1x2x1_neon/16/2/real_time",10051514,13.9856,13.9855,ns,,,,,,2,3,16,2,3,16,1,1,2
"dot/dot_fp64_3x16x2_1x2x1_neon/16/38/real_time",2411998,57.9721,57.9702,ns,,,,,,2,3,16,38,3,16,1,1,2
"dot/dot_fp64_3x16x2_1x2x1_neon/16/78/real_time",1185398,118.295,118.293,ns,,,,,,2,3,16,78,3,16,1,1,2
"dot/dot_fp64_3x16x2_1x2x1_neon/16/118/real_time",786428,177.85,177.841,ns,,,,,,2,3,16,118,3,16,1,1,2
"dot/dot_fp64_3x16x2_1x2x1_neon/16/158/real_time",578632,241.165,241.165,ns,,,,,,2,3,16,158,3,16,1,1,2
"dot/dot_fp64_3x16x2_1x2x1_neon/32/2/real_time",7386092,18.9847,18.9839,ns,,,,,,2,3,16,2,3,32,1,1,2
"dot/dot_fp64_3x16x2_1x2x1_neon/32/20/real_time",2267704,61.6124,61.6125,ns,,,,,,2,3,16,20,3,32,1,1,2
"dot/dot_fp64_3x16x2_1x2x1_neon/32/42/real_time",1087840,128.591,128.592,ns,,,,,,2,3,16,42,3,32,1,1,2
"dot/dot_fp64_3x16x2_1x2x1_neon/32/62/real_time",738892,187.058,187.052,ns,,,,,,2,3,16,62,3,32,1,1,2
"dot/dot_fp64_3x16x2_1x2x1_neon/32/84/real_time",551992,253.667,253.656,ns,,,,,,2,3,16,84,3,32,1,1,2
"dot/dot_fp64_3x16x2_1x2x1_neon/64/2/real_time",4984572,28.008,28.008,ns,,,,,,2,3,16,2,3,64,1,1,2
"dot/dot_fp64_3x16x2_1x2x1_neon/64/10/real_time",2265105,62.2548,62.2514,ns,,,,,,2,3,16,10,3,64,1,1,2
"dot/dot_fp64_3x16x2_1x2x1_neon/64/20/real_time",1141762,122.668,122.667,ns,,,,,,2,3,16,20,3,64,1,1,2
"dot/dot_fp64_3x16x2_1x2x1_neon/64/30/real_time",763963,183.521,183.522,ns,,,,,,2,3,16,30,3,64,1,1,2
"dot/dot_fp64_3x16x2_1x2x1_neon/64/42/real_time",545213,254.228,254.214,ns,,,,,,2,3,16,42,3,64,1,1,2
"dot/dot_fp64_3x16x2_1x2x1_neon/128/2/real_time",2890735,48.3789,48.3763,ns,,,,,,2,3,16,2,3,128,1,1,2
"dot/dot_fp64_3x16x2_1x2x1_neon/128/4/real_time",2249232,62.0117,62.0114,ns,,,,,,2,3,16,4,3,128,1,1,2
"dot/dot_fp64_3x16x2_1x2x1_neon/128/10/real_time",1131824,123.892,123.885,ns,,,,,,2,3,16,10,3,128,1,1,2
"dot/dot_fp64_3x16x2_1x2x1_neon/128/14/real_time",804492,173.733,173.732,ns,,,,,,2,3,16,14,3,128,1,1,2
"dot/dot_fp64_3x16x2_1x2x1_neon/128/20/real_time",569873,245.979,245.978,ns,,,,,,2,3,16,20,3,128,1,1,2
"dot/dot_fp64_1x8x2_1x2x1_neon/8/2/real_time",33698264,4.15835,4.15811,ns,,,,,,2,1,8,2,1,8,1,1,2
"dot/dot_fp64_1x8x2_1x2x1_neon/8/84/real_time",2487455,56.1035,56.1007,ns,,,,,,2,1,8,84,1,8,1,1,2
"dot/dot_fp64_1x8x2_1x2x1_neon/8/170/real_time",1034731,135.559,135.559,ns,,,,,,2,1,8,170,1,8,1,1,2
"dot/dot_fp64_1x8x2_1x2x1_neon/8/254/real_time",635443,216.429,216.418,ns,,,,,,2,1,8,254,1,8,1,1,2
"dot/dot_fp64_1x8x2_1x2x1_neon/8/340/real_time",485012,293.982,293.98,ns,,,,,,2,1,8,340,1,8,1,1,2
"dot/dot_fp64_1x8x2_1x2x1_neon/16/2/real_time",23269746,5.97736,5.97738,ns,,,,,,2,1,8,2,1,16,1,1,2
"dot/dot_fp64_1x8x2_1x2x1_neon/16/44/real_time",2731132,50.9699,50.9679,ns,,,,,,2,1,8,44,1,16,1,1,2
"dot/dot_fp64_1x8x2_1x2x1_neon/16/88/real_time",1226242,114.237,114.237,ns,,,,,,2,1,8,88,1,16,1,1,2
"dot/dot_fp64_1x8x2_1x2x1_neon/16/132/real_time",738980,187.783,187.772,ns,,,,,,2,1,8,132,1,16,1,1,2
"dot/dot_fp64_1x8x2_1x2x1_neon/16/178/real_time",499913,278.627,278.612,ns,,,,,,2,1,8,178,1,16,1,1,2
"dot/dot_fp64_1x8x2_1x2x1_neon/32/2/real_time",10000000,10.0575,10.0574,ns,,,,,,2,1,8,2,1,32,1,1,2
"dot/dot_fp64_1x8x2_1x2x1_neon/32/22/real_time",3111788,45.1144,45.1143,ns,,,,,,2,1,8,22,1,32,1,1,2
"dot/dot_fp64_1x8x2_1x2x1_neon/32/46/real_time",1343398,103.921,103.916,ns,,,,,,2,1,8,46,1,32,1,1,2
"dot/dot_fp64_1x8x2_1x2x1_neon/32/68/real_time",821231,171.546,171.547,ns,,,,,,2,1,8,68,1,32,1,1,2
"dot/dot_fp64_1x8x2_1x2x1_neon/32/92/real_time",582407,240.776,240.777,ns,,,,,,2,1,8,92,1,32,1,1,2
"dot/dot_fp64_1x8x2_1x2x1_neon/64/2/real_time",8048193,17.1925,17.1842,ns,,,,,,2,1,8,2,1,64,1,1,2
"dot/dot_fp64_1x8x2_1x2x1_neon/64/10/real_time",3466469,40.436,40.4357,ns,,,,,,2,1,8,10,1,64,1,1,2
"dot/dot_fp64_1x8x2_1x2x1_neon/64/22/real_time",1667490,84.0484,84.0479,ns,,,,,,2,1,8,22,1,64,1,1,2
"dot/dot_fp64_1x8x2_1x2x1_neon/64/34/real_time",995612,140.781,140.781,ns,,,,,,2,1,8,34,1,64,1,1,2
"dot/dot_fp64_1x8x2_1x2x1_neon/64/46/real_time",670482,206.65,206.641,ns,,,,,,2,1,8,46,1,64,1,1,2
"dot/dot_fp64_2x8x2_1x2x1_neon/8/2/real_time",17160780,8.06514,8.06467,ns,,,,,,2,2,8,2,2,8,1,1,2
"dot/dot_fp64_2x8x2_1x2x1_neon/8/76/real_time",2192091,64.2902,64.2898,ns,,,,,,2,2,8,76,2,8,1,1,2
"dot/dot_fp64_2x8x2_1x2x1_neon/8/152/real_time",1017963,136.842,136.836,ns,,,,,,2,2,8,152,2,8,1,1,2
"dot/dot_fp64_2x8x2_1x2x1_neon/8/228/real_time",666893,210.249,210.25,ns,,,,,,2,2,8,228,2,8,1,1,2
"dot/dot_fp64_2x8x2_1x2x1_neon/8/304/real_time",488174,286.436,286.437,ns,,,,,,2,2,8,304,2,8,1,1,2
"dot/dot_fp64_2x8x2_1x2x1_neon/16/2/real_time",12656703,11.092,11.092,ns,,,,,,2,2,8,2,2,16,1,1,2
"dot/dot_fp64_2x8x2_1x2x1_neon/16/42/real_time",2183408,63.8833,63.88,ns,,,,,,2,2,8,42,2,16,1,1,2
"dot/dot_fp64_2x8x2_1x2x1_neon/16/84/real_time",994716,140.798,140.798,ns,,,,,,2,2,8,84,2,16,1,1,2
"dot/dot_fp64_2x8x2_1x2x1_neon/16/126/real_time",626246,223.153,223.141,ns,,,,,,2,2,8,126,2,16,1,1,2
"dot/dot_fp64_2x8x2_1x2x1_neon/16/168/real_time",466360,302.795,302.796,ns,,,,,,2,2,8,168,2,16,1,1,2
"dot/dot_fp64_2x8x2_1x2x1_neon/32/2/real_time",10626051,13.1826,13.1826,ns,,,,,,2,2,8,2,2,32,1,1,2
"dot/dot_fp64_2x8x2_1x2x1_neon/32/22/real_time",2386971,58.564,58.5638,ns,,,,,,2,2,8,22,2,32,1,1,2
"dot/dot_fp64_2x8x2_1x2x1_neon/32/44/real_time",1064818,130.724,130.724,ns,,,,,,2,2,8,44,2,32,1,1,2
"dot/dot_fp64_2x8x2_1x2x1_neon/32/66/real_time",702177,203.877,203.877,ns,,,,,,2,2,8,66,2,32,1,1,2
"dot/dot_fp64_2x8x2_1x2x1_neon/32/88/real_time",479818,292.263,292.261,ns,,,,,,2,2,8,88,2,32,1,1,2
"dot/dot_fp64_2x8x2_1x2x1_neon/64/2/real_time",6093072,23.1026,23.1025,ns,,,,,,2,2,8,2,2,64,1,1,2
"dot/dot_fp64_2x8x2_1x2x1_neon/64/10/real_time",2854361,49.0311,49.0309,ns,,,,,,2,2,8,10,2,64,1,1,2
"dot/dot_fp64_2x8x2_1x2x1_neon/64/22/real_time",1262128,110.314,110.306,ns,,,,,,2,2,8,22,2,64,1,1,2
"dot/dot_fp64_2x8x2_1x2x1_neon/64/32/real_time",760913,181.991,181.991,ns,,,,,,2,2,8,32,2,64,1,1,2
"dot/dot_fp64_2x8x2_1x2x1_neon/64/44/real_time",538813,258.904,258.891,ns,,,,,,2,2,8,44,2,64,1,1,2
"dot/dot_fp64_3x8x2_1x2x1_neon/8/2/real_time",12735185,11.0664,11.0664,ns,,,,,,2,3,8,2,3,8,1,1,2
"dot/dot_fp64_3x8x2_1x2x1_neon/8/68/real_time",2110793,66.2489,66.249,ns,,,,,,2,3,8,68,3,8,1,1,2
"dot/dot_fp64_3x8x2_1x2x1_neon/8/138/real_time",1010770,138.509,138.509,ns,,,,,,2,3,8,138,3,8,1,1,2
"dot/dot_fp64_3x8x2_1x2x1_neon/8/206/real_time",681613,206.313,206.302,ns,,,,,,2,3,8,206,3,8,1,1,2
"dot/dot_fp64_3x8x2_1x2x1_neon/8/276/real_time",497527,283.003,283.004,ns,,,,,,2,3,8,276,3,8,1,1,2
"dot/dot_fp64_3x8x2_1x2x1_neon/16/2/real_time",9752076,14.4544,14.4536,ns,,,,,,2,3,8,2,3,16,1,1,2
"dot/dot_fp64_3x8x2_1x2x1_neon/16/38/real_time",1994289,70.0532,70.0535,ns,,,,,,2,3,8,38,3,16,1,1,2
"dot/dot_fp64_3x8x2_1x2x1_neon/16/78/real_time",925980,150.581,150.572,ns,,,,,,2,3,8,78,3,16,1,1,2
"dot/dot_fp64_3x8x2_1x2x1_neon/16/118/real_time",604746,231.833,231.835,ns,,,,,,2,3,8,118,3,16,1,1,2
"dot/dot_fp64_3x8x2_1x2x1_neon/16/158/real_time",447696,311.433,311.414,ns,,,,,,2,3,8,158,3,16,1,1,2
"dot/dot_fp64_3x8x2_1x2x1_neon/32/2/real_time",6580210,21.2142,21.2142,ns,,,,,,2,3,8,2,3,32,1,1,2
"dot/dot_fp64_3x8x2_1x2x1_neon/32/20/real_time",2048920,68.508,68.5083,ns,,,,,,2,3,8,20,3,32,1,1,2
"dot/dot_fp64_3x8x2_1x2x1_neon/32/42/real_time",902711,155.107,155.107,ns,,,,,,2,3,8,42,3,32,1,1,2
"dot/dot_fp64_3x8x2_1x2x1_neon/32/62/real_time",589275,235.927,235.914,ns,,,,,,2,3,8,62,3,32,1,1,2
"dot/dot_fp64_3x8x2_1x2x1_neon/32/84/real_time",430031,325.654,325.653,ns,,,,,,2,3,8,84,3,32,1,1,2
"dot/dot_fp64_3x8x2_1x2x1_neon/64/2/real_time",3924147,35.6776,35.6758,ns,,,,,,2,3,8,2,3,64,1,1,2
"dot/dot_fp64_3x8x2_1x2x1_neon/64/10/real_time",2146684,65.1076,65.1079,ns,,,,,,2,3,8,10,3,64,1,1,2
"dot/dot_fp64_3x8x2_1x2x1_neon/64/20/real_time",1028596,135.691,135.682,ns,,,,,,2,3,8,20,3,64,1,1,2
"dot/dot_fp64_3x8x2_1x2x1_neon/64/30/real_time",646783,216.33,216.331,ns,,,,,,2,3,8,30,3,64,1,1,2
"dot/dot_fp64_3x8x2_1x2x1_neon/64/42/real_time",455088,307.93,307.916,ns,,,,,,2,3,8,42,3,64,1,1,2
"dot/dot_fp64_4x8x2_1x2x1_neon/8/2/real_time",10638230,13.0766,13.0765,ns,,,,,,2,4,8,2,4,8,1,1,2
"dot/dot_fp64_4x8x2_1x2x1_neon/8/62/real_time",2101576,66.2251,66.2174,ns,,,,,,2,4,8,62,4,8,1,1,2
"dot/dot_fp64_4x8x2_1x2x1_neon/8/126/real_time",1030324,135.246,135.247,ns,,,,,,2,4,8,126,4,8,1,1,2
"dot/dot_fp64_4x8x2_1x2x1_neon/8/188/real_time",690843,200.856,200.846,ns,,,,,,2,4,8,188,4,8,1,1,2
"dot/dot_fp64_4x8x2_1x2x1_neon/8/252/real_time",515894,271.721,271.721,ns,,,,,,2,4,8,252,4,8,1,1,2
"dot/dot_fp64_4x8x2_1x2x1_neon/16/2/real_time",8456021,16.5506,16.5497,ns,,,,,,2,4,8,2,4,16,1,1,2
"dot/dot_fp64_4x8x2_1x2x1_neon/16/36/real_time",1823750,76.7544,76.755,ns,,,,,,2,4,8,36,4,16,1,1,2
"dot/dot_fp64_4x8x2_1x2x1_neon/16/74/real_time",888454,157.974,157.968,ns,,,,,,2,4,8,74,4,16,1,1,2
"dot/dot_fp64_4x8x2_1x2x1_neon/16/112/real_time",581006,241.126,241.127,ns,,,,,,2,4,8,112,4,16,1,1,2
"dot/dot_fp64_4x8x2_1x2x1_neon/16/150/real_time",433200,322.385,322.371,ns,,,,,,2,4,8,150,4,16,1,1,2
"dot/dot_fp64_4x8x2_1x2x1_neon/32/2/real_time",5231836,26.7813,26.7812,ns,,,,,,2,4,8,2,4,32,1,1,2
"dot/dot_fp64_4x8x2_1x2x1_neon/32/20/real_time",1650349,84.6953,84.6906,ns,,,,,,2,4,8,20,4,32,1,1,2
"dot/dot_fp64_4x8x2_1x2x1_neon/32/40/real_time",819536,170.414,170.415,ns,,,,,,2,4,8,40,4,32,1,1,2
"dot/dot_fp64_4x8x2_1x2x1_neon/32/60/real_time",545481,254.823,254.81,ns,,,,,,2,4,8,60,4,32,1,1,2
"dot/dot_fp64_4x8x2_1x2x1_neon/32/80/real_time",410028,341.65,341.65,ns,,,,,,2,4,8,80,4,32,1,1,2
"dot/dot_fp64_4x8x2_1x2x1_neon/64/2/real_time",3010089,46.4724,46.4727,ns,,,,,,2,4,8,2,4,64,1,1,2
"dot/dot_fp64_4x8x2_1x2x1_neon/64/10/real_time",1678262,83.2358,83.2325,ns,,,,,,2,4,8,10,4,64,1,1,2
"dot/dot_fp64_4x8x2_1x2x1_neon/64/20/real_time",827415,169.194,169.196,ns,,,,,,2,4,8,20,4,64,1,1,2
"dot/dot_fp64_4x8x2_1x2x1_neon/64/30/real_time",549095,254.757,254.756,ns,,,,,,2,4,8,30,4,64,1,1,2
"dot/dot_fp64_4x8x2_1x2x1_neon/64/40/real_time",416436,340.527,340.528,ns,,,,,,2,4,8,40,4,64,1,1,2
"dot/dot_fp64_5x8x2_1x2x1_neon/8/2/real_time",9946213,14.1318,14.1318,ns,,,,,,2,5,8,2,5,8,1,1,2
"dot/dot_fp64_5x8x2_1x2x1_neon/8/58/real_time",1914766,73.2673,73.268,ns,,,,,,2,5,8,58,5,8,1,1,2
"dot/dot_fp64_5x8x2_1x2x1_neon/8/116/real_time",960813,145.494,145.487,ns,,,,,,2,5,8,116,5,8,1,1,2
"dot/dot_fp64_5x8x2_1x2x1_neon/8/174/real_time",644430,219.85,219.85,ns,,,,,,2,5,8,174,5,8,1,1,2
"dot/dot_fp64_5x8x2_1x2x1_neon/8/232/real_time",477602,293.24,293.223,ns,,,,,,2,5,8,232,5,8,1,1,2
"dot/dot_fp64_5x8x2_1x2x1_neon/16/2/real_time",7385411,18.9583,18.9582,ns,,,,,,2,5,8,2,5,16,1,1,2
"dot/dot_fp64_5x8x2_1x2x1_neon/16/34/real_time",1614307,86.3335,86.3281,ns,,,,,,2,5,8,34,5,16,1,1,2
"dot/dot_fp64_5x8x2_1x2x1_neon/16/70/real_time",791152,176.844,176.845,ns,,,,,,2,5,8,70,5,16,1,1,2
"dot/dot_fp64_5x8x2_1x2x1_neon/16/106/real_time",520067,268.583,268.567,ns,,,,,,2,5,8,106,5,16,1,1,2
"dot/dot_fp64_5x8x2_1x2x1_neon/16/142/real_time",393310,356.206,356.208,ns,,,,,,2,5,8,142,5,16,1,1,2
"dot/dot_fp64_5x8x2_1x2x1_neon/32/2/real_time",4508584,30.9465,30.9447,ns,,,,,,2,5,8,2,5,32,1,1,2
"dot/dot_fp64_5x8x2_1x2x1_neon/32/18/real_time",1513206,92.3713,92.3708,ns,,,,,,2,5,8,18,5,32,1,1,2
"dot/dot_fp64_5x8x2_1x2x1_neon/32/38/real_time",722397,193.197,193.187,ns,,,,,,2,5,8,38,5,32,1,1,2
"dot/dot_fp64_5x8x2_1x2x1_neon/32/58/real_time",477026,293.535,293.535,ns,,,,,,2,5,8,58,5,32,1,1,2
"dot/dot_fp64_5x8x2_1x2x1_neon/32/78/real_time",354393,392.595,392.578,ns,,,,,,2,5,8,78,5,32,1,1,2
"dot/dot_fp64_5x8x2_1x2x1_neon/64/2/real_time",2614517,53.9738,53.9736,ns,,,,,,2,5,8,2,5,64,1,1,2
"dot/dot_fp64_5x8x2_1x2x1_neon/64/8/real_time",1674220,83.5337,83.5332,ns,,,,,,2,5,8,8,5,64,1,1,2
"dot/dot_fp64_5x8x2_1x2x1_neon/64/18/real_time",756897,184.575,184.575,ns,,,,,,2,5,8,18,5,64,1,1,2
"dot/dot_fp64_5x8x2_1x2x1_neon/64/28/real_time",495775,287.702,287.701,ns,,,,,,2,5,8,28,5,64,1,1,2
"dot/dot_fp64_5x8x2_1x2x1_neon/64/38/real_time",359151,389.102,389.104,ns,,,,,,2,5,8,38,5,64,1,1,2
"dot/dot_fp64_1x4x2_1x2x1_neon/4/2/real_time",37630109,3.7186,3.71849,ns,,,,,,2,1,4,2,1,4,1,1,2
"dot/dot_fp64_1x4x2_1x2x1_neon/4/152/real_time",1617005,86.6807,86.6812,ns,,,,,,2,1,4,152,1,4,1,1,2
"dot/dot_fp64_1x4x2_1x2x1_neon/4/306/real_time",652845,212.823,212.813,ns,,,,,,2,1,4,306,1,4,1,1,2
"dot/dot_fp64_1x4x2_1x2x1_neon/4/458/real_time",399672,350.361,350.362,ns,,,,,,2,1,4,458,1,4,1,1,2
"dot/dot_fp64_1x4x2_1x2x1_neon/4/612/real_time",284958,491.393,491.395,ns,,,,,,2,1,4,612,1,4,1,1,2
"dot/dot_fp64_1x4x2_1x2x1_neon/8/2/real_time",25636937,5.46314,5.4629,ns,,,,,,2,1,4,2,1,8,1,1,2
"dot/dot_fp64_1x4x2_1x2x1_neon/8/84/real_time",1671386,83.8696,83.8699,ns,,,,,,2,1,4,84,1,8,1,1,2
"dot/dot_fp64_1x4x2_1x2x1_neon/8/170/real_time",722836,192.452,192.442,ns,,,,,,2,1,4,170,1,8,1,1,2
"dot/dot_fp64_1x4x2_1x2x1_neon/8/254/real_time",424179,332.154,332.152,ns,,,,,,2,1,4,254,1,8,1,1,2
"dot/dot_fp64_1x4x2_1x2x1_neon/8/340/real_time",288086,485.287,485.265,ns,,,,,,2,1,4,340,1,8,1,1,2
"dot/dot_fp64_1x4x2_1x2x1_neon/16/2/real_time",16074032,8.97572,8.79773,ns,,,,,,2,1,4,2,1,16,1,1,2
"dot/dot_fp64_1x4x2_1x2x1_neon/16/44/real_time",2111695,66.1983,66.198,ns,,,,,,2,1,4,44,1,16,1,1,2
"dot/dot_fp64_1x4x2_1x2x1_neon/16/88/real_time",792186,175.638,175.633,ns,,,,,,2,1,4,88,1,16,1,1,2
"dot/dot_fp64_1x4x2_1x2x1_neon/16/132/real_time",477329,293.85,293.85,ns,,,,,,2,1,4,132,1,16,1,1,2
"dot/dot_fp64_1x4x2_1x2x1_neon/16/178/real_time",347661,394.002,393.981,ns,,,,,,2,1,4,178,1,16,1,1,2
"dot/dot_fp64_1x4x2_1x2x1_neon/32/2/real_time",9576633,14.6122,14.6114,ns,,,,,,2,1,4,2,1,32,1,1,2
"dot/dot_fp64_1x4x2_1x2x1_neon/32/22/real_time",2532796,55.3209,55.3207,ns,,,,,,2,1,4,22,1,32,1,1,2
"dot/dot_fp64_1x4x2_1x2x1_neon/32/46/real_time",989819,141.114,141.115,ns,,,,,,2,1,4,46,1,32,1,1,2
"dot/dot_fp64_1x4x2_1x2x1_neon/32/68/real_time",600286,232.492,232.483,ns,,,,,,2,1,4,68,1,32,1,1,2
"dot/dot_fp64_1x4x2_1x2x1_neon/32/92/real_time",374518,375.831,375.832,ns,,,,,,2,1,4,92,1,32,1,1,2
"dot/dot_fp64_4x4x2_1x2x1_neon/4/2/real_time",13774274,9.9453,9.94484,ns,,,,,,2,4,4,2,4,4,1,1,2
"dot/dot_fp64_4x4x2_1x2x1_neon/4/94/real_time",1725402,80.2732,80.2694,ns,,,,,,2,4,4,94,4,4,1,1,2
"dot/dot_fp64_4x4x2_1x2x1_neon/4/190/real_time",814034,172.374,172.372,ns,,,,,,2,4,4,190,4,4,1,1,2
"dot/dot_fp64_4x4x2_1x2x1_neon/4/286/real_time",520761,267.008,267.007,ns,,,,,,2,4,4,286,4,4,1,1,2
"dot/dot_fp64_4x4x2_1x2x1_neon/4/382/real_time",389579,357.243,357.227,ns,,,,,,2,4,4,382,4,4,1,1,2
"dot/dot_fp64_4x4x2_1x2x1_neon/8/2/real_time",11921573,11.707,11.707,ns,,,,,,2,4,4,2,4,8,1,1,2
"dot/dot_fp64_4x4x2_1x2x1_neon/8/62/real_time",1498017,93.7812,93.7813,ns,,,,,,2,4,4,62,4,8,1,1,2
"dot/dot_fp64_4x4x2_1x2x1_neon/8/126/real_time",643623,217.238,217.228,ns,,,,,,2,4,4,126,4,8,1,1,2
"dot/dot_fp64_4x4x2_1x2x1_neon/8/188/real_time",409737,342.111,342.112,ns,,,,,,2,4,4,188,4,8,1,1,2
"dot/dot_fp64_4x4x2_1x2x1_neon/8/252/real_time",295206,473.742,473.74,ns,,,,,,2,4,4,252,4,8,1,1,2
"dot/dot_fp64_4x4x2_1x2x1_neon/16/2/real_time",8299514,16.9221,16.9211,ns,,,,,,2,4,4,2,4,16,1,1,2
"dot/dot_fp64_4x4x2_1x2x1_neon/16/36/real_time",1327234,105.179,105.178,ns,,,,,,2,4,4,36,4,16,1,1,2
"dot/dot_fp64_4x4x2_1x2x1_neon/16/74/real_time",594619,230.745,230.733,ns,,,,,,2,4,4,74,4,16,1,1,2
"dot/dot_fp64_4x4x2_1x2x1_neon/16/112/real_time",367312,378.532,378.515,ns,,,,,,2,4,4,112,4,16,1,1,2
"dot/dot_fp64_4x4x2_1x2x1_neon/16/150/real_time",267578,525.023,525.021,ns,,,,,,2,4,4,150,4,16,1,1,2
"dot/dot_fp64_4x4x2_1x2x1_neon/32/2/real_time",4833246,29.0002,28.996,ns,,,,,,2,4,4,2,4,32,1,1,2
"dot/dot_fp64_4x4x2_1x2x1_neon/32/20/real_time",1417308,98.6816,98.6765,ns,,,,,,2,4,4,20,4,32,1,1,2
"dot/dot_fp64_4x4x2_1x2x1_neon/32/40/real_time",598502,233.882,233.881,ns,,,,,,2,4,4,40,4,32,1,1,2
"dot/dot_fp64_4x4x2_1x2x1_neon/32/60/real_time",393262,353.605,353.568,ns,,,,,,2,4,4,60,4,32,1,1,2
"dot/dot_fp64_4x4x2_1x2x1_neon/32/80/real_time",272309,513.337,513.34,ns,,,,,,2,4,4,80,4,32,1,1,2
"dot/dot_fp64_6x4x2_1x2x1_neon/4/2/real_time",10716028,13.0392,13.0385,ns,,,,,,2,6,4,2,6,4,1,1,2
"dot/dot_fp64_6x4x2_1x2x1_neon/4/76/real_time",1884757,74.8214,74.8218,ns,,,,,,2,6,4,76,6,4,1,1,2
"dot/dot_fp64_6x4x2_1x2x1_neon/4/152/real_time",921275,151.166,151.159,ns,,,,,,2,6,4,152,6,4,1,1,2
"dot/dot_fp64_6x4x2_1x2x1_neon/4/228/real_time",610713,228.454,228.443,ns,,,,,,2,6,4,228,6,4,1,1,2
"dot/dot_fp64_6x4x2_1x2x1_neon/4/304/real_time",455963,308.825,308.825,ns,,,,,,2,6,4,304,6,4,1,1,2
"dot/dot_fp64_6x4x2_1x2x1_neon/8/2/real_time",8874380,15.7651,15.765,ns,,,,,,2,6,4,2,6,8,1,1,2
"dot/dot_fp64_6x4x2_1x2x1_neon/8/54/real_time",1363985,102.595,102.587,ns,,,,,,2,6,4,54,6,8,1,1,2
"dot/dot_fp64_6x4x2_1x2x1_neon/8/108/real_time",661750,212.146,212.147,ns,,,,,,2,6,4,108,6,8,1,1,2
"dot/dot_fp64_6x4x2_1x2x1_neon/8/162/real_time",434814,323.406,323.389,ns,,,,,,2,6,4,162,6,8,1,1,2
"dot/dot_fp64_6x4x2_1x2x1_neon/8/216/real_time",318875,435.441,435.412,ns,,,,,,2,6,4,216,6,8,1,1,2
"dot/dot_fp64_6x4x2_1x2x1_neon/16/2/real_time",5837844,24.0979,24.0979,ns,,,,,,2,6,4,2,6,16,1,1,2
"dot/dot_fp64_6x4x2_1x2x1_neon/16/32/real_time",1197349,116.759,116.759,ns,,,,,,2,6,4,32,6,16,1,1,2
"dot/dot_fp64_6x4x2_1x2x1_neon/16/66/real_time",554190,251.394,251.379,ns,,,,,,2,6,4,66,6,16,1,1,2
"dot/dot_fp64_6x4x2_1x2x1_neon/16/100/real_time",358031,389.868,389.866,ns,,,,,,2,6,4,100,6,16,1,1,2
"dot/dot_fp64_6x4x2_1x2x1_neon/16/134/real_time",265079,528.487,528.458,ns,,,,,,2,6,4,134,6,16,1,1,2
"dot/dot_fp64_6x4x2_1x2x1_neon/32/2/real_time",3501350,39.9328,39.9332,ns,,,,,,2,6,4,2,6,32,1,1,2
"dot/dot_fp64_6x4x2_1x2x1_neon/32/18/real_time",1178803,119.018,119.017,ns,,,,,,2,6,4,18,6,32,1,1,2
"dot/dot_fp64_6x4x2_1x2x1_neon/32/36/real_time",535165,260.636,260.636,ns,,,,,,2,6,4,36,6,32,1,1,2
"dot/dot_fp64_6x4x2_1x2x1_neon/32/54/real_time",344555,403.554,403.532,ns,,,,,,2,6,4,54,6,32,1,1,2
"dot/dot_fp64_6x4x2_1x2x1_neon/32/74/real_time",246937,566.895,566.894,ns,,,,,,2,6,4,74,6,32,1,1,2
"dot/dot_fp64_8x4x2_1x2x1_neon/4/2/real_time",11051614,12.5801,12.5795,ns,,,,,,2,8,4,2,8,4,1,1,2
"dot/dot_fp64_8x4x2_1x2x1_neon/4/62/real_time",2007661,69.2292,69.2258,ns,,,,,,2,8,4,62,8,4,1,1,2
"dot/dot_fp64_8x4x2_1x2x1_neon/4/126/real_time",997995,140.728,140.728,ns,,,,,,2,8,4,126,8,4,1,1,2
"dot/dot_fp64_8x4x2_1x2x1_neon/4/188/real_time",666244,210.094,210.093,ns,,,,,,2,8,4,188,8,4,1,1,2
"dot/dot_fp64_8x4x2_1x2x1_neon/4/252/real_time",494663,280.875,280.858,ns,,,,,,2,8,4,252,8,4,1,1,2
"dot/dot_fp64_8x4x2_1x2x1_neon/8/2/real_time",7711304,18.1108,18.1107,ns,,,,,,2,8,4,2,8,8,1,1,2
"dot/dot_fp64_8x4x2_1x2x1_neon/8/46/real_time",1375229,101.245,101.234,ns,,,,,,2,8,4,46,8,8,1,1,2
"dot/dot_fp64_8x4x2_1x2x1_neon/8/94/real_time",670426,209.306,209.294,ns,,,,,,2,8,4,94,8,8,1,1,2
"dot/dot_fp64_8x4x2_1x2x1_neon/8/140/real_time",443725,314.022,314.005,ns,,,,,,2,8,4,140,8,8,1,1,2
"dot/dot_fp64_8x4x2_1x2x1_neon/8/188/real_time",332819,421.43,421.427,ns,,,,,,2,8,4,188,8,8,1,1,2
"dot/dot_fp64_8x4x2_1x2x1_neon/16/2/real_time",4947951,28.1469,28.1468,ns,,,,,,2,8,4,2,8,16,1,1,2
"dot/dot_fp64_8x4x2_1x2x1_neon/16/30/real_time",1068835,130.789,130.781,ns,,,,,,2,8,4,30,8,16,1,1,2
"dot/dot_fp64_8x4x2_1x2x1_neon/16/60/real_time",529604,264.655,264.656,ns,,,,,,2,8,4,60,8,16,1,1,2
"dot/dot_fp64_8x4x2_1x2x1_neon/16/90/real_time",351124,401.068,401.052,ns,,,,,,2,8,4,90,8,16,1,1,2
"dot/dot_fp64_8x4x2_1x2x1_neon/16/122/real_time",255869,544.732,544.705,ns,,,,,,2,8,4,122,8,16,1,1,2
"dot/dot_fp64_8x4x2_1x2x1_neon/32/2/real_time",2884638,48.51,48.5056,ns,,,,,,2,8,4,2,8,32,1,1,2
"dot/dot_fp64_8x4x2_1x2x1_neon/32/16/real_time",1019300,137.437,137.436,ns,,,,,,2,8,4,16,8,32,1,1,2
"dot/dot_fp64_8x4x2_1x2x1_neon/32/34/real_time",467317,297.337,297.323,ns,,,,,,2,8,4,34,8,32,1,1,2
"dot/dot_fp64_8x4x2_1x2x1_neon/32/52/real_time",305128,459.692,459.692,ns,,,,,,2,8,4,52,8,32,1,1,2
"dot/dot_fp64_8x4x2_1x2x1_neon/32/70/real_time",228385,618.548,618.517,ns,,,,,,2,8,4,70,8,32,1,1,2
"dot/dot_fp64_8x2x2_1x2x1_neon/2/2/real_time",11564832,12.1491,12.1484,ns,,,,,,2,8,2,2,8,2,1,1,2
"dot/dot_fp64_8x2x2_1x2x1_neon/2/76/real_time",2177802,64.3974,64.397,ns,,,,,,2,8,2,76,8,2,1,1,2
"dot/dot_fp64_8x2x2_1x2x1_neon/2/152/real_time",999527,139.864,139.864,ns,,,,,,2,8,2,152,8,2,1,1,2
"dot/dot_fp64_8x2x2_1x2x1_neon/2/228/real_time",656206,210.79,210.778,ns,,,,,,2,8,2,228,8,2,1,1,2
"dot/dot_fp64_8x2x2_1x2x1_neon/2/304/real_time",487445,288.203,288.203,ns,,,,,,2,8,2,304,8,2,1,1,2
"dot/dot_fp64_8x2x2_1x2x1_neon/4/2/real_time",10061446,13.9304,13.9298,ns,,,,,,2,8,2,2,8,4,1,1,2
"dot/dot_fp64_8x2x2_1x2x1_neon/4/62/real_time",1428839,97.006,96.9941,ns,,,,,,2,8,2,62,8,4,1,1,2
"dot/dot_fp64_8x2x2_1x2x1_neon/4/126/real_time",631545,221.43,221.43,ns,,,,,,2,8,2,126,8,4,1,1,2
"dot/dot_fp64_8x2x2_1x2x1_neon/4/188/real_time",408841,341.701,341.703,ns,,,,,,2,8,2,188,8,4,1,1,2
"dot/dot_fp64_8x2x2_1x2x1_neon/4/252/real_time",300992,473.572,473.571,ns,,,,,,2,8,2,252,8,4,1,1,2
"dot/dot_fp64_8x2x2_1x2x1_neon/8/2/real_time",6806538,20.5355,20.5347,ns,,,,,,2,8,2,2,8,8,1,1,2
"dot/dot_fp64_8x2x2_1x2x1_neon/8/46/real_time",1010265,137.979,137.98,ns,,,,,,2,8,2,46,8,8,1,1,2
"dot/dot_fp64_8x2x2_1x2x1_neon/8/94/real_time",440086,316.245,316.229,ns,,,,,,2,8,2,94,8,8,1,1,2
"dot/dot_fp64_8x2x2_1x2x1_neon/8/140/real_time",281983,496.536,496.533,ns,,,,,,2,8,2,140,8,8,1,1,2
"dot/dot_fp64_8x2x2_1x2x1_neon/8/188/real_time",204927,682.492,682.448,ns,,,,,,2,8,2,188,8,8,1,1,2
"dot/dot_fp64_8x2x2_1x2x1_neon/16/2/real_time",4215550,33.1906,33.1904,ns,,,,,,2,8,2,2,8,16,1,1,2
"dot/dot_fp64_8x2x2_1x2x1_neon/16/30/real_time",845062,163.776,163.769,ns,,,,,,2,8,2,30,8,16,1,1,2
"dot/dot_fp64_8x2x2_1x2x1_neon/16/60/real_time",384679,363.793,363.773,ns,,,,,,2,8,2,60,8,16,1,1,2
"dot/dot_fp64_8x2x2_1x2x1_neon/16/90/real_time",231260,605.704,605.708,ns,,,,,,2,8,2,90,8,16,1,1,2
"dot/dot_fp64_8x2x2_1x2x1_neon/16/122/real_time",163240,857.984,857.988,ns,,,,,,2,8,2,122,8,16,1,1,2
"dot/dot_bf16_bf16_fp32_1x64x4_1x4x1_neon/64/4/real_time",13858357,10.1137,10.1125,ns,,,,,,4,1,64,4,1,64,1,1,4
"dot/dot_bf16_bf16_fp32_1x64x4_1x4x1_neon/64/44/real_time",1582806,88.1024,88.098,ns,,,,,,4,1,64,44,1,64,1,1,4
"dot/dot_bf16_bf16_fp32_1x64x4_1x4x1_neon/64/92/real_time",760331,184.404,184.403,ns,,,,,,4,1,64,92,1,64,1,1,4
"dot/dot_bf16_bf16_fp32_1x64x4_1x4x1_neon/64/136/real_time",511890,269.876,269.861,ns,,,,,,4,1,64,136,1,64,1,1,4
"dot/dot_bf16_bf16_fp32_1x64x4_1x4x1_neon/64/184/real_time",381916,366.942,366.942,ns,,,,,,4,1,64,184,1,64,1,1,4
"dot/dot_bf16_bf16_fp32_1x64x4_1x4x1_neon/128/4/real_time",7803863,17.9146,17.9146,ns,,,,,,4,1,64,4,1,128,1,1,4
"dot/dot_bf16_bf16_fp32_1x64x4_1x4x1_neon/128/20/real_time",1744303,80.7531,80.7526,ns,,,,,,4,1,64,20,1,128,1,1,4
"dot/dot_bf16_bf16_fp32_1x64x4_1x4x1_neon/128/44/real_time",788042,176.107,176.097,ns,,,,,,4,1,64,44,1,128,1,1,4
"dot/dot_bf16_bf16_fp32_1x64x4_1x4x1_neon/128/68/real_time",513420,273.197,273.195,ns,,,,,,4,1,64,68,1,128,1,1,4
"dot/dot_bf16_bf16_fp32_1x64x4_1x4x1_neon/128/92/real_time",379192,367.555,367.537,ns,,,,,,4,1,64,92,1,128,1,1,4
"dot/dot_bf16_bf16_fp32_1x64x4_1x4x1_neon/256/4/real_time",4181450,33.4444,33.4444,ns,,,,,,4,1,64,4,1,256,1,1,4
"dot/dot_bf16_bf16_fp32_1x64x4_1x4x1_neon/256/8/real_time",2152482,65.0379,65.0347,ns,,,,,,4,1,64,8,1,256,1,1,4
"dot/dot_bf16_bf16_fp32_1x64x4_1x4x1_neon/256/20/real_time",889776,160.8,160.799,ns,,,,,,4,1,64,20,1,256,1,1,4
"dot/dot_bf16_bf16_fp32_1x64x4_1x4x1_neon/256/32/real_time",545608,256.107,256.094,ns,,,,,,4,1,64,32,1,256,1,1,4
"dot/dot_bf16_bf16_fp32_1x64x4_1x4x1_neon/256/44/real_time",396343,353.751,353.754,ns,,,,,,4,1,64,44,1,256,1,1,4
"dot/dot_bf16_bf16_fp32_1x64x4_1x4x1_neon/512/4/real_time",2139394,65.5551,65.5555,ns,,,,,,4,1,64,4,1,512,1,1,4
"dot/dot_bf16_bf16_fp32_1x64x4_1x4x1_neon/512/8/real_time",1083043,129.234,129.234,ns,,,,,,4,1,64,8,1,512,1,1,4
"dot/dot_bf16_bf16_fp32_1x64x4_1x4x1_neon/512/12/real_time",734254,193.207,193.207,ns,,,,,,4,1,64,12,1,512,1,1,4
"dot/dot_bf16_bf16_fp32_1x64x4_1x4x1_neon/512/20/real_time",434613,321.82,321.806,ns,,,,,,4,1,64,20,1,512,1,1,4
"dot/dot_bf16_bf16_fp32_1x32x4_1x4x1_neon/32/4/real_time",20004537,6.99783,6.99781,ns,,,,,,4,1,32,4,1,32,1,1,4
"dot/dot_bf16_bf16_fp32_1x32x4_1x4x1_neon/32/92/real_time",1504558,93.2945,93.2905,ns,,,,,,4,1,32,92,1,32,1,1,4
"dot/dot_bf16_bf16_fp32_1x32x4_1x4x1_neon/32/184/real_time",746385,187.452,187.45,ns,,,,,,4,1,32,184,1,32,1,1,4
"dot/dot_bf16_bf16_fp32_1x32x4_1x4x1_neon/32/276/real_time",497712,281.777,281.775,ns,,,,,,4,1,32,276,1,32,1,1,4
"dot/dot_bf16_bf16_fp32_1x32x4_1x4x1_neon/32/368/real_time",371888,374.483,374.451,ns,,,,,,4,1,32,368,1,32,1,1,4
"dot/dot_bf16_bf16_fp32_1x32x4_1x4x1_neon/64/4/real_time",12417402,11.2958,11.2959,ns,,,,,,4,1,32,4,1,64,1,1,4
"dot/dot_bf16_bf16_fp32_1x32x4_1x4x1_neon/64/44/real_time",1571548,89.0439,89.0441,ns,,,,,,4,1,32,44,1,64,1,1,4
"dot/dot_bf16_bf16_fp32_1x32x4_1x4x1_neon/64/92/real_time",748376,185.733,185.723,ns,,,,,,4,1,32,92,1,64,1,1,4
"dot/dot_bf16_bf16_fp32_1x32x4_1x4x1_neon/64/136/real_time",507228,275.128,275.107,ns,,,,,,4,1,32,136,1,64,1,1,4
"dot/dot_bf16_bf16_fp32_1x32x4_1x4x1_neon/64/184/real_time",373282,375.109,375.108,ns,,,,,,4,1,32,184,1,64,1,1,4
"dot/dot_bf16_bf16_fp32_1x32x4_1x4x1_neon/128/4/real_time",6934641,20.1886,20.1876,ns,,,,,,4,1,32,4,1,128,1,1,4
"dot/dot_bf16_bf16_fp32_1x32x4_1x4x1_neon/128/20/real_time",1726573,80.8793,80.8752,ns,,,,,,4,1,32,20,1,128,1,1,4
"dot/dot_bf16_bf16_fp32_1x32x4_1x4x1_neon/128/44/real_time",787020,178.232,178.233,ns,,,,,,4,1,32,44,1,128,1,1,4
"dot/dot_bf16_bf16_fp32_1x32x4_1x4x1_neon/128/68/real_time",508749,275.043,275.028,ns,,,,,,4,1,32,68,1,128,1,1,4
"dot/dot_bf16_bf16_fp32_1x32x4_1x4x1_neon/128/92/real_time",375210,372.412,372.413,ns,,,,,,4,1,32,92,1,128,1,1,4
"dot/dot_bf16_bf16_fp32_1x32x4_1x4x1_neon/256/4/real_time",3721590,37.6128,37.613,ns,,,,,,4,1,32,4,1,256,1,1,4
"dot/dot_bf16_bf16_fp32_1x32x4_1x4x1_neon/256/8/real_time",2153094,65.1116,65.1114,ns,,,,,,4,1,32,8,1,256,1,1,4
"dot/dot_bf16_bf16_fp32_1x32x4_1x4x1_neon/256/20/real_time",864002,161.635,161.627,ns,,,,,,4,1,32,20,1,256,1,1,4
"dot/dot_bf16_bf16_fp32_1x32x4_1x4x1_neon/256/32/real_time",539856,259.069,259.069,ns,,,,,,4,1,32,32,1,256,1,1,4
"dot/dot_bf16_bf16_fp32_1x32x4_1x4x1_neon/256/44/real_time",392467,353.009,353.003,ns,,,,,,4,1,32,44,1,256,1,1,4
"dot/dot_bf16_bf16_fp32_2x32x4_1x4x1_neon/32/4/real_time",12276125,11.4201,11.4201,ns,,,,,,4,2,32,4,2,32,1,1,4
"dot/dot_bf16_bf16_fp32_2x32x4_1x4x1_neon/32/88/real_time",1041363,133.816,133.815,ns,,,,,,4,2,32,88,2,32,1,1,4
"dot/dot_bf16_bf16_fp32_2x32x4_1x4x1_neon/32/176/real_time",525181,267.079,267.066,ns,,,,,,4,2,32,176,2,32,1,1,4
"dot/dot_bf16_bf16_fp32_2x32x4_1x4x1_neon/32/264/real_time",348422,399.648,399.627,ns,,,,,,4,2,32,264,2,32,1,1,4
"dot/dot_bf16_bf16_fp32_2x32x4_1x4x1_neon/32/356/real_time",259535,540.463,540.463,ns,,,,,,4,2,32,356,2,32,1,1,4
"dot/dot_bf16_bf16_fp32_2x32x4_1x4x1_neon/64/4/real_time",8162333,17.1924,17.1924,ns,,,,,,4,2,32,4,2,64,1,1,4
"dot/dot_bf16_bf16_fp32_2x32x4_1x4x1_neon/64/44/real_time",1036544,138.436,138.434,ns,,,,,,4,2,32,44,2,64,1,1,4
"dot/dot_bf16_bf16_fp32_2x32x4_1x4x1_neon/64/88/real_time",522077,268.349,268.349,ns,,,,,,4,2,32,88,2,64,1,1,4
"dot/dot_bf16_bf16_fp32_2x32x4_1x4x1_neon/64/132/real_time",348576,403.317,403.321,ns,,,,,,4,2,32,132,2,64,1,1,4
"dot/dot_bf16_bf16_fp32_2x32x4_1x4x1_neon/64/180/real_time",254701,544.213,544.183,ns,,,,,,4,2,32,180,2,64,1,1,4
"dot/dot_bf16_bf16_fp32_2x32x4_1x4x1_neon/128/4/real_time",4745066,29.3201,29.3187,ns,,,,,,4,2,32,4,2,128,1,1,4
"dot/dot_bf16_bf16_fp32_2x32x4_1x4x1_neon/128/20/real_time",1140441,122.821,122.821,ns,,,,,,4,2,32,20,2,128,1,1,4
"dot/dot_bf16_bf16_fp32_2x32x4_1x4x1_neon/128/44/real_time",520517,268.397,268.397,ns,,,,,,4,2,32,44,2,128,1,1,4
"dot/dot_bf16_bf16_fp32_2x32x4_1x4x1_neon/128/64/real_time",359269,388.024,388.002,ns,,,,,,4,2,32,64,2,128,1,1,4
"dot/dot_bf16_bf16_fp32_2x32x4_1x4x1_neon/128/88/real_time",262435,536.894,536.899,ns,,,,,,4,2,32,88,2,128,1,1,4
"dot/dot_bf16_bf16_fp32_2x32x4_1x4x1_neon/256/4/real_time",2590592,53.9865,53.9869,ns,,,,,,4,2,32,4,2,256,1,1,4
"dot/dot_bf16_bf16_fp32_2x32x4_1x4x1_neon/256/8/real_time",1418167,98.578,98.5723,ns,,,,,,4,2,32,8,2,256,1,1,4
"dot/dot_bf16_bf16_fp32_2x32x4_1x4x1_neon/256/20/real_time",570457,245.491,245.491,ns,,,,,,4,2,32,20,2,256,1,1,4
"dot/dot_bf16_bf16_fp32_2x32x4_1x4x1_neon/256/28/real_time",407866,343.127,343.127,ns,,,,,,4,2,32,28,2,256,1,1,4
"dot/dot_bf16_bf16_fp32_2x32x4_1x4x1_neon/256/40/real_time",285972,486.721,486.695,ns,,,,,,4,2,32,40,2,256,1,1,4
"dot/dot_bf16_bf16_fp32_3x32x4_1x4x1_neon/32/4/real_time",8580162,16.3317,16.3309,ns,,,,,,4,3,32,4,3,32,1,1,4
"dot/dot_bf16_bf16_fp32_3x32x4_1x4x1_neon/32/84/real_time",808762,172.722,172.723,ns,,,,,,4,3,32,84,3,32,1,1,4
"dot/dot_bf16_bf16_fp32_3x32x4_1x4x1_neon/32/172/real_time",396776,350.519,350.5,ns,,,,,,4,3,32,172,3,32,1,1,4
"dot/dot_bf16_bf16_fp32_3x32x4_1x4x1_neon/32/256/real_time",268752,521.91,521.912,ns,,,,,,4,3,32,256,3,32,1,1,4
"dot/dot_bf16_bf16_fp32_3x32x4_1x4x1_neon/32/344/real_time",199921,700.653,700.612,ns,,,,,,4,3,32,344,3,32,1,1,4
"dot/dot_bf16_bf16_fp32_3x32x4_1x4x1_neon/64/4/real_time",5678678,24.6666,24.6665,ns,,,,,,4,3,32,4,3,64,1,1,4
"dot/dot_bf16_bf16_fp32_3x32x4_1x4x1_neon/64/44/real_time",773239,180.014,180.005,ns,,,,,,4,3,32,44,3,64,1,1,4
"dot/dot_bf16_bf16_fp32_3x32x4_1x4x1_neon/64/88/real_time",391592,357.274,357.275,ns,,,,,,4,3,32,88,3,64,1,1,4
"dot/dot_bf16_bf16_fp32_3x32x4_1x4x1_neon/64/132/real_time",262882,541.752,541.749,ns,,,,,,4,3,32,132,3,64,1,1,4
"dot/dot_bf16_bf16_fp32_3x32x4_1x4x1_neon/64/176/real_time",155813,712.979,712.341,ns,,,,,,4,3,32,176,3,64,1,1,4
"dot/dot_bf16_bf16_fp32_3x32x4_1x4x1_neon/128/4/real_time",3375321,41.4752,41.4752,ns,,,,,,4,3,32,4,3,128,1,1,4
"dot/dot_bf16_bf16_fp32_3x32x4_1x4x1_neon/128/20/real_time",846403,164.727,164.718,ns,,,,,,4,3,32,20,3,128,1,1,4
"dot/dot_bf16_bf16_fp32_3x32x4_1x4x1_neon/128/40/real_time",426141,328.749,328.748,ns,,,,,,4,3,32,40,3,128,1,1,4
"dot/dot_bf16_bf16_fp32_3x32x4_1x4x1_neon/128/60/real_time",289037,490.472,490.474,ns,,,,,,4,3,32,60,3,128,1,1,4
"dot/dot_bf16_bf16_fp32_3x32x4_1x4x1_neon/128/84/real_time",204992,679.375,679.324,ns,,,,,,4,3,32,84,3,128,1,1,4
"dot/dot_bf16_bf16_fp32_3x32x4_1x4x1_neon/256/4/real_time",1853648,75.4816,75.482,ns,,,,,,4,3,32,4,3,256,1,1,4
"dot/dot_bf16_bf16_fp32_3x32x4_1x4x1_neon/256/8/real_time",1053982,132.959,132.959,ns,,,,,,4,3,32,8,3,256,1,1,4
"dot/dot_bf16_bf16_fp32_3x32x4_1x4x1_neon/256/20/real_time",429865,330.538,330.539,ns,,,,,,4,3,32,20,3,256,1,1,4
"dot/dot_bf16_bf16_fp32_3x32x4_1x4x1_neon/256/28/real_time",303534,465.926,462.409,ns,,,,,,4,3,32,28,3,256,1,1,4
"dot/dot_bf16_bf16_fp32_3x32x4_1x4x1_neon/256/40/real_time",213327,653.186,653.124,ns,,,,,,4,3,32,40,3,256,1,1,4
"dot/dot_bf16_bf16_fp32_1x16x4_1x4x1_neon/16/4/real_time",25183027,5.55482,5.55477,ns,,,,,,4,1,16,4,1,16,1,1,4
"dot/dot_bf16_bf16_fp32_1x16x4_1x4x1_neon/16/180/real_time",904619,152.86,152.86,ns,,,,,,4,1,16,180,1,16,1,1,4
"dot/dot_bf16_bf16_fp32_1x16x4_1x4x1_neon/16/360/real_time",431580,320.069,320.052,ns,,,,,,4,1,16,360,1,16,1,1,4
"dot/dot_bf16_bf16_fp32_1x16x4_1x4x1_neon/16/540/real_time",285961,489.907,489.906,ns,,,,,,4,1,16,540,1,16,1,1,4
"dot/dot_bf16_bf16_fp32_1x16x4_1x4x1_neon/16/720/real_time",213272,675.931,675.926,ns,,,,,,4,1,16,720,1,16,1,1,4
"dot/dot_bf16_bf16_fp32_1x16x4_1x4x1_neon/32/4/real_time",16528291,8.48219,8.48218,ns,,,,,,4,1,16,4,1,32,1,1,4
"dot/dot_bf16_bf16_fp32_1x16x4_1x4x1_neon/32/92/real_time",1038476,133.71,133.71,ns,,,,,,4,1,16,92,1,32,1,1,4
"dot/dot_bf16_bf16_fp32_1x16x4_1x4x1_neon/32/184/real_time",453587,308.397,308.399,ns,,,,,,4,1,16,184,1,32,1,1,4
"dot/dot_bf16_bf16_fp32_1x16x4_1x4x1_neon/32/276/real_time",293811,488.816,488.814,ns,,,,,,4,1,16,276,1,32,1,1,4
"dot/dot_bf16_bf16_fp32_1x16x4_1x4x1_neon/32/368/real_time",210843,656.88,656.877,ns,,,,,,4,1,16,368,1,32,1,1,4
"dot/dot_bf16_bf16_fp32_1x16x4_1x4x1_neon/64/4/real_time",9706634,14.3889,14.3882,ns,,,,,,4,1,16,4,1,64,1,1,4
"dot/dot_bf16_bf16_fp32_1x16x4_1x4x1_neon/64/44/real_time",1227411,115.304,115.304,ns,,,,,,4,1,16,44,1,64,1,1,4
"dot/dot_bf16_bf16_fp32_1x16x4_1x4x1_neon/64/92/real_time",534761,261.68,261.681,ns,,,,,,4,1,16,92,1,64,1,1,4
"dot/dot_bf16_bf16_fp32_1x16x4_1x4x1_neon/64/136/real_time",327464,426.258,426.233,ns,,,,,,4,1,16,136,1,64,1,1,4
"dot/dot_bf16_bf16_fp32_1x16x4_1x4x1_neon/64/184/real_time",225264,624.777,624.774,ns,,,,,,4,1,16,184,1,64,1,1,4
"dot/dot_bf16_bf16_fp32_1x16x4_1x4x1_neon/128/4/real_time",5377239,26.0819,26.082,ns,,,,,,4,1,16,4,1,128,1,1,4
"dot/dot_bf16_bf16_fp32_1x16x4_1x4x1_neon/128/20/real_time",1626246,85.8982,85.8941,ns,,,,,,4,1,16,20,1,128,1,1,4
"dot/dot_bf16_bf16_fp32_1x16x4_1x4x1_neon/128/44/real_time",606680,230.282,230.281,ns,,,,,,4,1,16,44,1,128,1,1,4
"dot/dot_bf16_bf16_fp32_1x16x4_1x4x1_neon/128/68/real_time",382803,365.192,365.19,ns,,,,,,4,1,16,68,1,128,1,1,4
"dot/dot_bf16_bf16_fp32_1x16x4_1x4x1_neon/128/92/real_time",266172,521.981,521.978,ns,,,,,,4,1,16,92,1,128,1,1,4
"dot/dot_bf16_bf16_fp32_2x16x4_1x4x1_neon/16/4/real_time",16147985,8.68702,8.68659,ns,,,,,,4,2,16,4,2,16,1,1,4
"dot/dot_bf16_bf16_fp32_2x16x4_1x4x1_neon/16/168/real_time",843103,165.832,165.831,ns,,,,,,4,2,16,168,2,16,1,1,4
"dot/dot_bf16_bf16_fp32_2x16x4_1x4x1_neon/16/336/real_time",425057,330.729,330.727,ns,,,,,,4,2,16,336,2,16,1,1,4
"dot/dot_bf16_bf16_fp32_2x16x4_1x4x1_neon/16/504/real_time",279225,502.079,502.079,ns,,,,,,4,2,16,504,2,16,1,1,4
"dot/dot_bf16_bf16_fp32_2x16x4_1x4x1_neon/16/676/real_time",207604,669.411,669.371,ns,,,,,,4,2,16,676,2,16,1,1,4
"dot/dot_bf16_bf16_fp32_2x16x4_1x4x1_neon/32/4/real_time",11987756,11.6693,11.6693,ns,,,,,,4,2,16,4,2,32,1,1,4
"dot/dot_bf16_bf16_fp32_2x16x4_1x4x1_neon/32/88/real_time",850383,164.861,164.855,ns,,,,,,4,2,16,88,2,32,1,1,4
"dot/dot_bf16_bf16_fp32_2x16x4_1x4x1_neon/32/176/real_time",405851,339.543,339.526,ns,,,,,,4,2,16,176,2,32,1,1,4
"dot/dot_bf16_bf16_fp32_2x16x4_1x4x1_neon/32/264/real_time",273300,513.42,513.417,ns,,,,,,4,2,16,264,2,32,1,1,4
"dot/dot_bf16_bf16_fp32_2x16x4_1x4x1_neon/32/356/real_time",200618,697.959,697.963,ns,,,,,,4,2,16,356,2,32,1,1,4
"dot/dot_bf16_bf16_fp32_2x16x4_1x4x1_neon/64/4/real_time",7389504,18.9571,18.9559,ns,,,,,,4,2,16,4,2,64,1,1,4
"dot/dot_bf16_bf16_fp32_2x16x4_1x4x1_neon/64/44/real_time",947162,147.702,147.695,ns,,,,,,4,2,16,44,2,64,1,1,4
"dot/dot_bf16_bf16_fp32_2x16x4_1x4x1_neon/64/88/real_time",432316,323.931,323.932,ns,,,,,,4,2,16,88,2,64,1,1,4
"dot/dot_bf16_bf16_fp32_2x16x4_1x4x1_neon/64/132/real_time",279330,495.985,495.962,ns,,,,,,4,2,16,132,2,64,1,1,4
"dot/dot_bf16_bf16_fp32_2x16x4_1x4x1_neon/64/180/real_time",201948,694.114,694.114,ns,,,,,,4,2,16,180,2,64,1,1,4
"dot/dot_bf16_bf16_fp32_2x16x4_1x4x1_neon/128/4/real_time",4074866,34.3189,34.3182,ns,,,,,,4,2,16,4,2,128,1,1,4
"dot/dot_bf16_bf16_fp32_2x16x4_1x4x1_neon/128/20/real_time",1094152,126.613,126.613,ns,,,,,,4,2,16,20,2,128,1,1,4
"dot/dot_bf16_bf16_fp32_2x16x4_1x4x1_neon/128/44/real_time",478261,293.02,293.005,ns,,,,,,4,2,16,44,2,128,1,1,4
"dot/dot_bf16_bf16_fp32_2x16x4_1x4x1_neon/128/64/real_time",306546,453.675,453.58,ns,,,,,,4,2,16,64,2,128,1,1,4
"dot/dot_bf16_bf16_fp32_2x16x4_1x4x1_neon/128/88/real_time",216034,648.16,648.162,ns,,,,,,4,2,16,88,2,128,1,1,4
"dot/dot_bf16_bf16_fp32_3x16x4_1x4x1_neon/16/4/real_time",12477903,11.2107,11.2107,ns,,,,,,4,3,16,4,3,16,1,1,4
"dot/dot_bf16_bf16_fp32_3x16x4_1x4x1_neon/16/160/real_time",790404,175.178,175.169,ns,,,,,,4,3,16,160,3,16,1,1,4
"dot/dot_bf16_bf16_fp32_3x16x4_1x4x1_neon/16/320/real_time",397919,350.86,350.835,ns,,,,,,4,3,16,320,3,16,1,1,4
"dot/dot_bf16_bf16_fp32_3x16x4_1x4x1_neon/16/480/real_time",267810,524.765,524.764,ns,,,,,,4,3,16,480,3,16,1,1,4
"dot/dot_bf16_bf16_fp32_3x16x4_1x4x1_neon/16/640/real_time",198349,711.952,711.957,ns,,,,,,4,3,16,640,3,16,1,1,4
"dot/dot_bf16_bf16_fp32_3x16x4_1x4x1_neon/32/4/real_time",9534214,14.7191,14.7191,ns,,,,,,4,3,16,4,3,32,1,1,4
"dot/dot_bf16_bf16_fp32_3x16x4_1x4x1_neon/32/84/real_time",758732,184.446,184.446,ns,,,,,,4,3,16,84,3,32,1,1,4
"dot/dot_bf16_bf16_fp32_3x16x4_1x4x1_neon/32/172/real_time",378954,373.827,373.829,ns,,,,,,4,3,16,172,3,32,1,1,4
"dot/dot_bf16_bf16_fp32_3x16x4_1x4x1_neon/32/256/real_time",250415,558.836,558.812,ns,,,,,,4,3,16,256,3,32,1,1,4
"dot/dot_bf16_bf16_fp32_3x16x4_1x4x1_neon/32/344/real_time",185337,751.703,751.561,ns,,,,,,4,3,16,344,3,32,1,1,4
"dot/dot_bf16_bf16_fp32_3x16x4_1x4x1_neon/64/4/real_time",5889230,23.7752,23.7753,ns,,,,,,4,3,16,4,3,64,1,1,4
"dot/dot_bf16_bf16_fp32_3x16x4_1x4x1_neon/64/44/real_time",739832,189.095,189.094,ns,,,,,,4,3,16,44,3,64,1,1,4
"dot/dot_bf16_bf16_fp32_3x16x4_1x4x1_neon/64/88/real_time",365384,379.847,379.822,ns,,,,,,4,3,16,88,3,64,1,1,4
"dot/dot_bf16_bf16_fp32_3x16x4_1x4x1_neon/64/132/real_time",242971,576.467,576.439,ns,,,,,,4,3,16,132,3,64,1,1,4
"dot/dot_bf16_bf16_fp32_3x16x4_1x4x1_neon/64/176/real_time",180294,777.209,777.214,ns,,,,,,4,3,16,176,3,64,1,1,4
"dot/dot_bf16_bf16_fp32_3x16x4_1x4x1_neon/128/4/real_time",3329416,41.9797,41.9797,ns,,,,,,4,3,16,4,3,128,1,1,4
"dot/dot_bf16_bf16_fp32_3x16x4_1x4x1_neon/128/20/real_time",828217,169.1,169.101,ns,,,,,,4,3,16,20,3,128,1,1,4
"dot/dot_bf16_bf16_fp32_3x16x4_1x4x1_neon/128/40/real_time",411828,340.12,340.12,ns,,,,,,4,3,16,40,3,128,1,1,4
"dot/dot_bf16_bf16_fp32_3x16x4_1x4x1_neon/128/60/real_time",273602,517.525,517.529,ns,,,,,,4,3,16,60,3,128,1,1,4
"dot/dot_bf16_bf16_fp32_3x16x4_1x4x1_neon/128/84/real_time",191793,731.579,731.58,ns,,,,,,4,3,16,84,3,128,1,1,4
"dot/dot_bf16_bf16_fp32_4x16x4_1x4x1_neon/16/4/real_time",10653308,13.0495,13.0489,ns,,,,,,4,4,16,4,4,16,1,1,4
"dot/dot_bf16_bf16_fp32_4x16x4_1x4x1_neon/16/152/real_time",705918,204.566,201.402,ns,,,,,,4,4,16,152,4,16,1,1,4
"dot/dot_bf16_bf16_fp32_4x16x4_1x4x1_neon/16/304/real_time",358118,394.537,394.518,ns,,,,,,4,4,16,304,4,16,1,1,4
"dot/dot_bf16_bf16_fp32_4x16x4_1x4x1_neon/16/456/real_time",236339,588.722,588.688,ns,,,,,,4,4,16,456,4,16,1,1,4
"dot/dot_bf16_bf16_fp32_4x16x4_1x4x1_neon/16/608/real_time",178082,785.439,785.425,ns,,,,,,4,4,16,608,4,16,1,1,4
"dot/dot_bf16_bf16_fp32_4x16x4_1x4x1_neon/32/4/real_time",7772704,18.0432,18.0431,ns,,,,,,4,4,16,4,4,32,1,1,4
"dot/dot_bf16_bf16_fp32_4x16x4_1x4x1_neon/32/80/real_time",669503,208.289,208.278,ns,,,,,,4,4,16,80,4,32,1,1,4
"dot/dot_bf16_bf16_fp32_4x16x4_1x4x1_neon/32/164/real_time",329929,422.528,422.503,ns,,,,,,4,4,16,164,4,32,1,1,4
"dot/dot_bf16_bf16_fp32_4x16x4_1x4x1_neon/32/248/real_time",216542,646.585,646.581,ns,,,,,,4,4,16,248,4,32,1,1,4
"dot/dot_bf16_bf16_fp32_4x16x4_1x4x1_neon/32/332/real_time",161839,860.363,860.318,ns,,,,,,4,4,16,332,4,32,1,1,4
"dot/dot_bf16_bf16_fp32_4x16x4_1x4x1_neon/64/4/real_time",4690045,29.8557,29.8556,ns,,,,,,4,4,16,4,4,64,1,1,4
"dot/dot_bf16_bf16_fp32_4x16x4_1x4x1_neon/64/40/real_time",665985,209.207,209.197,ns,,,,,,4,4,16,40,4,64,1,1,4
"dot/dot_bf16_bf16_fp32_4x16x4_1x4x1_neon/64/84/real_time",293224,448.352,443.047,ns,,,,,,4,4,16,84,4,64,1,1,4
"dot/dot_bf16_bf16_fp32_4x16x4_1x4x1_neon/64/128/real_time",212696,670.769,670.765,ns,,,,,,4,4,16,128,4,64,1,1,4
"dot/dot_bf16_bf16_fp32_4x16x4_1x4x1_neon/64/172/real_time",156299,891.593,891.599,ns,,,,,,4,4,16,172,4,64,1,1,4
"dot/dot_bf16_bf16_fp32_4x16x4_1x4x1_neon/128/4/real_time",2583606,54.2386,54.2354,ns,,,,,,4,4,16,4,4,128,1,1,4
"dot/dot_bf16_bf16_fp32_4x16x4_1x4x1_neon/128/20/real_time",675735,210.296,210.295,ns,,,,,,4,4,16,20,4,128,1,1,4
"dot/dot_bf16_bf16_fp32_4x16x4_1x4x1_neon/128/40/real_time",334123,419.651,419.654,ns,,,,,,4,4,16,40,4,128,1,1,4
"dot/dot_bf16_bf16_fp32_4x16x4_1x4x1_neon/128/60/real_time",225312,628.499,628.497,ns,,,,,,4,4,16,60,4,128,1,1,4
"dot/dot_bf16_bf16_fp32_4x16x4_1x4x1_neon/128/84/real_time",159251,878.899,878.808,ns,,,,,,4,4,16,84,4,128,1,1,4
"dot/dot_bf16_bf16_fp32_5x16x4_1x4x1_neon/16/4/real_time",9264416,15.1153,15.1154,ns,,,,,,4,5,16,4,5,16,1,1,4
"dot/dot_bf16_bf16_fp32_5x16x4_1x4x1_neon/16/144/real_time",613714,225.153,225.141,ns,,,,,,4,5,16,144,5,16,1,1,4
"dot/dot_bf16_bf16_fp32_5x16x4_1x4x1_neon/16/288/real_time",312556,448.239,448.236,ns,,,,,,4,5,16,288,5,16,1,1,4
"dot/dot_bf16_bf16_fp32_5x16x4_1x4x1_neon/16/432/real_time",208191,670.399,670.341,ns,,,,,,4,5,16,432,5,16,1,1,4
"dot/dot_bf16_bf16_fp32_5x16x4_1x4x1_neon/16/576/real_time",155009,904.564,904.567,ns,,,,,,4,5,16,576,5,16,1,1,4
"dot/dot_bf16_bf16_fp32_5x16x4_1x4x1_neon/32/4/real_time",6129978,22.9003,22.9002,ns,,,,,,4,5,16,4,5,32,1,1,4
"dot/dot_bf16_bf16_fp32_5x16x4_1x4x1_neon/32/80/real_time",552627,252.008,251.996,ns,,,,,,4,5,16,80,5,32,1,1,4
"dot/dot_bf16_bf16_fp32_5x16x4_1x4x1_neon/32/160/real_time",278000,506.065,506.065,ns,,,,,,4,5,16,160,5,32,1,1,4
"dot/dot_bf16_bf16_fp32_5x16x4_1x4x1_neon/32/240/real_time",184712,749.814,749.767,ns,,,,,,4,5,16,240,5,32,1,1,4
"dot/dot_bf16_bf16_fp32_5x16x4_1x4x1_neon/32/320/real_time",140651,996.329,996.331,ns,,,,,,4,5,16,320,5,32,1,1,4
"dot/dot_bf16_bf16_fp32_5x16x4_1x4x1_neon/64/4/real_time",3709584,37.7223,37.7204,ns,,,,,,4,5,16,4,5,64,1,1,4
"dot/dot_bf16_bf16_fp32_5x16x4_1x4x1_neon/64/40/real_time",563456,251.782,251.784,ns,,,,,,4,5,16,40,5,64,1,1,4
"dot/dot_bf16_bf16_fp32_5x16x4_1x4x1_neon/64/84/real_time",265529,527.403,527.404,ns,,,,,,4,5,16,84,5,64,1,1,4
"dot/dot_bf16_bf16_fp32_5x16x4_1x4x1_neon/64/124/real_time",181380,775.701,775.697,ns,,,,,,4,5,16,124,5,64,1,1,4
"dot/dot_bf16_bf16_fp32_5x16x4_1x4x1_neon/64/168/real_time",133145,1055.99,1055.93,ns,,,,,,4,5,16,168,5,64,1,1,4
"dot/dot_bf16_bf16_fp32_5x16x4_1x4x1_neon/128/4/real_time",2078939,67.3785,67.3786,ns,,,,,,4,5,16,4,5,128,1,1,4
"dot/dot_bf16_bf16_fp32_5x16x4_1x4x1_neon/128/20/real_time",551741,252.805,252.776,ns,,,,,,4,5,16,20,5,128,1,1,4
"dot/dot_bf16_bf16_fp32_5x16x4_1x4x1_neon/128/40/real_time",276507,506.84,506.837,ns,,,,,,4,5,16,40,5,128,1,1,4
"dot/dot_bf16_bf16_fp32_5x16x4_1x4x1_neon/128/60/real_time",183989,755.672,755.632,ns,,,,,,4,5,16,60,5,128,1,1,4
"dot/dot_bf16_bf16_fp32_5x16x4_1x4x1_neon/128/80/real_time",139636,1001.75,1001.69,ns,,,,,,4,5,16,80,5,128,1,1,4
"dot/dot_bf16_bf16_fp32_1x8x4_1x4x1_neon/8/4/real_time",29519077,4.73119,4.73121,ns,,,,,,4,1,8,4,1,8,1,1,4
"dot/dot_bf16_bf16_fp32_1x8x4_1x4x1_neon/8/340/real_time",542932,255.041,255.041,ns,,,,,,4,1,8,340,1,8,1,1,4
"dot/dot_bf16_bf16_fp32_1x8x4_1x4x1_neon/8/680/real_time",246601,567.49,567.492,ns,,,,,,4,1,8,680,1,8,1,1,4
"dot/dot_bf16_bf16_fp32_1x8x4_1x4x1_neon/8/1020/real_time",159384,876.833,876.788,ns,,,,,,4,1,8,1020,1,8,1,1,4
"dot/dot_bf16_bf16_fp32_1x8x4_1x4x1_neon/8/1360/real_time",118325,1187.09,1187.09,ns,,,,,,4,1,8,1360,1,8,1,1,4
"dot/dot_bf16_bf16_fp32_1x8x4_1x4x1_neon/16/4/real_time",19439832,7.20736,7.20634,ns,,,,,,4,1,8,4,1,16,1,1,4
"dot/dot_bf16_bf16_fp32_1x8x4_1x4x1_neon/16/180/real_time",635908,219.751,219.75,ns,,,,,,4,1,8,180,1,16,1,1,4
"dot/dot_bf16_bf16_fp32_1x8x4_1x4x1_neon/16/360/real_time",259042,542.366,542.341,ns,,,,,,4,1,8,360,1,16,1,1,4
"dot/dot_bf16_bf16_fp32_1x8x4_1x4x1_neon/16/540/real_time",158984,879.724,879.724,ns,,,,,,4,1,8,540,1,16,1,1,4
"dot/dot_bf16_bf16_fp32_1x8x4_1x4x1_neon/16/720/real_time",116318,1211.87,1211.81,ns,,,,,,4,1,8,720,1,16,1,1,4
"dot/dot_bf16_bf16_fp32_1x8x4_1x4x1_neon/32/4/real_time",11306165,12.3396,12.3391,ns,,,,,,4,1,8,4,1,32,1,1,4
"dot/dot_bf16_bf16_fp32_1x8x4_1x4x1_neon/32/92/real_time",705939,199.134,199.135,ns,,,,,,4,1,8,92,1,32,1,1,4
"dot/dot_bf16_bf16_fp32_1x8x4_1x4x1_neon/32/184/real_time",311816,449.906,449.906,ns,,,,,,4,1,8,184,1,32,1,1,4
"dot/dot_bf16_bf16_fp32_1x8x4_1x4x1_neon/32/276/real_time",180964,778.71,778.707,ns,,,,,,4,1,8,276,1,32,1,1,4
"dot/dot_bf16_bf16_fp32_1x8x4_1x4x1_neon/32/368/real_time",126130,1112.45,1112.39,ns,,,,,,4,1,8,368,1,32,1,1,4
"dot/dot_bf16_bf16_fp32_1x8x4_1x4x1_neon/64/4/real_time",6359637,21.7752,21.7753,ns,,,,,,4,1,8,4,1,64,1,1,4
"dot/dot_bf16_bf16_fp32_1x8x4_1x4x1_neon/64/44/real_time",940557,148.997,148.992,ns,,,,,,4,1,8,44,1,64,1,1,4
"dot/dot_bf16_bf16_fp32_1x8x4_1x4x1_neon/64/92/real_time",344249,408.1,408.065,ns,,,,,,4,1,8,92,1,64,1,1,4
"dot/dot_bf16_bf16_fp32_1x8x4_1x4x1_neon/64/136/real_time",227973,606.193,606.16,ns,,,,,,4,1,8,136,1,64,1,1,4
"dot/dot_bf16_bf16_fp32_1x8x4_1x4x1_neon/64/184/real_time",157540,890.516,890.517,ns,,,,,,4,1,8,184,1,64,1,1,4
"dot/dot_bf16_bf16_fp32_4x8x4_1x4x1_neon/8/4/real_time",14256728,9.82626,9.82624,ns,,,,,,4,4,8,4,4,8,1,1,4
"dot/dot_bf16_bf16_fp32_4x8x4_1x4x1_neon/8/252/real_time",571783,239.797,239.789,ns,,,,,,4,4,8,252,4,8,1,1,4
"dot/dot_bf16_bf16_fp32_4x8x4_1x4x1_neon/8/508/real_time",281585,494.798,494.76,ns,,,,,,4,4,8,508,4,8,1,1,4
"dot/dot_bf16_bf16_fp32_4x8x4_1x4x1_neon/8/760/real_time",185084,756.583,756.581,ns,,,,,,4,4,8,760,4,8,1,1,4
"dot/dot_bf16_bf16_fp32_4x8x4_1x4x1_neon/8/1016/real_time",138325,998.609,998.554,ns,,,,,,4,4,8,1016,4,8,1,1,4
"dot/dot_bf16_bf16_fp32_4x8x4_1x4x1_neon/16/4/real_time",11523820,12.197,12.197,ns,,,,,,4,4,8,4,4,16,1,1,4
"dot/dot_bf16_bf16_fp32_4x8x4_1x4x1_neon/16/152/real_time",496161,280.928,280.915,ns,,,,,,4,4,8,152,4,16,1,1,4
"dot/dot_bf16_bf16_fp32_4x8x4_1x4x1_neon/16/304/real_time",238734,581.288,581.258,ns,,,,,,4,4,8,304,4,16,1,1,4
"dot/dot_bf16_bf16_fp32_4x8x4_1x4x1_neon/16/456/real_time",158685,883.83,883.826,ns,,,,,,4,4,8,456,4,16,1,1,4
"dot/dot_bf16_bf16_fp32_4x8x4_1x4x1_neon/16/608/real_time",117549,1192.14,1192.13,ns,,,,,,4,4,8,608,4,16,1,1,4
"dot/dot_bf16_bf16_fp32_4x8x4_1x4x1_neon/32/4/real_time",7288203,19.2286,19.2274,ns,,,,,,4,4,8,4,4,32,1,1,4
"dot/dot_bf16_bf16_fp32_4x8x4_1x4x1_neon/32/80/real_time",505049,277.636,277.634,ns,,,,,,4,4,8,80,4,32,1,1,4
"dot/dot_bf16_bf16_fp32_4x8x4_1x4x1_neon/32/164/real_time",233884,604.583,604.582,ns,,,,,,4,4,8,164,4,32,1,1,4
"dot/dot_bf16_bf16_fp32_4x8x4_1x4x1_neon/32/248/real_time",149749,944.019,944.013,ns,,,,,,4,4,8,248,4,32,1,1,4
"dot/dot_bf16_bf16_fp32_4x8x4_1x4x1_neon/32/332/real_time",109547,1277.96,1277.95,ns,,,,,,4,4,8,332,4,32,1,1,4
"dot/dot_bf16_bf16_fp32_4x8x4_1x4x1_neon/64/4/real_time",4175365,33.5497,33.5496,ns,,,,,,4,4,8,4,4,64,1,1,4
"dot/dot_bf16_bf16_fp32_4x8x4_1x4x1_neon/64/40/real_time",562980,253.109,253.108,ns,,,,,,4,4,8,40,4,64,1,1,4
"dot/dot_bf16_bf16_fp32_4x8x4_1x4x1_neon/64/84/real_time",238669,573.204,573.154,ns,,,,,,4,4,8,84,4,64,1,1,4
"dot/dot_bf16_bf16_fp32_4x8x4_1x4x1_neon/64/128/real_time",151448,920.588,920.54,ns,,,,,,4,4,8,128,4,64,1,1,4
"dot/dot_bf16_bf16_fp32_4x8x4_1x4x1_neon/64/172/real_time",110245,1275.39,1275.4,ns,,,,,,4,4,8,172,4,64,1,1,4
"dot/dot_bf16_bf16_fp32_6x8x4_1x4x1_neon/8/4/real_time",11796924,11.8726,11.8726,ns,,,,,,4,6,8,4,6,8,1,1,4
"dot/dot_bf16_bf16_fp32_6x8x4_1x4x1_neon/8/216/real_time",607165,227.615,227.61,ns,,,,,,4,6,8,216,6,8,1,1,4
"dot/dot_bf16_bf16_fp32_6x8x4_1x4x1_neon/8/432/real_time",305198,456.994,456.975,ns,,,,,,4,6,8,432,6,8,1,1,4
"dot/dot_bf16_bf16_fp32_6x8x4_1x4x1_neon/8/648/real_time",200367,698.475,698.478,ns,,,,,,4,6,8,648,6,8,1,1,4
"dot/dot_bf16_bf16_fp32_6x8x4_1x4x1_neon/8/868/real_time",152936,923.2,923.203,ns,,,,,,4,6,8,868,6,8,1,1,4
"dot/dot_bf16_bf16_fp32_6x8x4_1x4x1_neon/16/4/real_time",8265195,16.9536,16.9536,ns,,,,,,4,6,8,4,6,16,1,1,4
"dot/dot_bf16_bf16_fp32_6x8x4_1x4x1_neon/16/136/real_time",484420,284.691,284.677,ns,,,,,,4,6,8,136,6,16,1,1,4
"dot/dot_bf16_bf16_fp32_6x8x4_1x4x1_neon/16/272/real_time",242980,576.889,576.887,ns,,,,,,4,6,8,272,6,16,1,1,4
"dot/dot_bf16_bf16_fp32_6x8x4_1x4x1_neon/16/408/real_time",164018,861.849,861.844,ns,,,,,,4,6,8,408,6,16,1,1,4
"dot/dot_bf16_bf16_fp32_6x8x4_1x4x1_neon/16/548/real_time",120580,1166.06,1166,ns,,,,,,4,6,8,548,6,16,1,1,4
"dot/dot_bf16_bf16_fp32_6x8x4_1x4x1_neon/32/4/real_time",5219920,26.8493,26.8495,ns,,,,,,4,6,8,4,6,32,1,1,4
"dot/dot_bf16_bf16_fp32_6x8x4_1x4x1_neon/32/76/real_time",439895,317.471,317.458,ns,,,,,,4,6,8,76,6,32,1,1,4
"dot/dot_bf16_bf16_fp32_6x8x4_1x4x1_neon/32/156/real_time",213808,657.048,657.047,ns,,,,,,4,6,8,156,6,32,1,1,4
"dot/dot_bf16_bf16_fp32_6x8x4_1x4x1_neon/32/232/real_time",142268,973.85,973.803,ns,,,,,,4,6,8,232,6,32,1,1,4
"dot/dot_bf16_bf16_fp32_6x8x4_1x4x1_neon/32/312/real_time",106038,1315.29,1315.22,ns,,,,,,4,6,8,312,6,32,1,1,4
"dot/dot_bf16_bf16_fp32_6x8x4_1x4x1_neon/64/4/real_time",3039294,46.101,46.1008,ns,,,,,,4,6,8,4,6,64,1,1,4
"dot/dot_bf16_bf16_fp32_6x8x4_1x4x1_neon/64/40/real_time",434957,337.303,329.846,ns,,,,,,4,6,8,40,6,64,1,1,4
"dot/dot_bf16_bf16_fp32_6x8x4_1x4x1_neon/64/80/real_time",211522,667.344,667.344,ns,,,,,,4,6,8,80,6,64,1,1,4
"dot/dot_bf16_bf16_fp32_6x8x4_1x4x1_neon/64/120/real_time",138546,1011.01,1010.96,ns,,,,,,4,6,8,120,6,64,1,1,4
"dot/dot_bf16_bf16_fp32_6x8x4_1x4x1_neon/64/164/real_time",101447,1378.88,1378.88,ns,,,,,,4,6,8,164,6,64,1,1,4
"dot/dot_bf16_bf16_fp32_8x8x4_1x4x1_neon/8/4/real_time",9294220,14.9839,14.9832,ns,,,,,,4,8,8,4,8,8,1,1,4
"dot/dot_bf16_bf16_fp32_8x8x4_1x4x1_neon/8/188/real_time",597416,233.706,233.706,ns,,,,,,4,8,8,188,8,8,1,1,4
"dot/dot_bf16_bf16_fp32_8x8x4_1x4x1_neon/8/380/real_time",297254,472.998,471.62,ns,,,,,,4,8,8,380,8,8,1,1,4
"dot/dot_bf16_bf16_fp32_8x8x4_1x4x1_neon/8/568/real_time",200300,698.61,698.612,ns,,,,,,4,8,8,568,8,8,1,1,4
"dot/dot_bf16_bf16_fp32_8x8x4_1x4x1_neon/8/760/real_time",149664,937.187,937.146,ns,,,,,,4,8,8,760,8,8,1,1,4
"dot/dot_bf16_bf16_fp32_8x8x4_1x4x1_neon/16/4/real_time",6656721,21.0168,21.0168,ns,,,,,,4,8,8,4,8,16,1,1,4
"dot/dot_bf16_bf16_fp32_8x8x4_1x4x1_neon/16/124/real_time",453866,307.982,307.983,ns,,,,,,4,8,8,124,8,16,1,1,4
"dot/dot_bf16_bf16_fp32_8x8x4_1x4x1_neon/16/248/real_time",227648,613.874,613.205,ns,,,,,,4,8,8,248,8,16,1,1,4
"dot/dot_bf16_bf16_fp32_8x8x4_1x4x1_neon/16/372/real_time",152061,927.272,926.28,ns,,,,,,4,8,8,372,8,16,1,1,4
"dot/dot_bf16_bf16_fp32_8x8x4_1x4x1_neon/16/500/real_time",113850,1243.54,1243.54,ns,,,,,,4,8,8,500,8,16,1,1,4
"dot/dot_bf16_bf16_fp32_8x8x4_1x4x1_neon/32/4/real_time",4162645,33.9142,33.8662,ns,,,,,,4,8,8,4,8,32,1,1,4
"dot/dot_bf16_bf16_fp32_8x8x4_1x4x1_neon/32/72/real_time",391654,356.711,356.695,ns,,,,,,4,8,8,72,8,32,1,1,4
"dot/dot_bf16_bf16_fp32_8x8x4_1x4x1_neon/32/144/real_time",185081,728.309,723.31,ns,,,,,,4,8,8,144,8,32,1,1,4
"dot/dot_bf16_bf16_fp32_8x8x4_1x4x1_neon/32/216/real_time",129107,1076.31,1074.59,ns,,,,,,4,8,8,216,8,32,1,1,4
"dot/dot_bf16_bf16_fp32_8x8x4_1x4x1_neon/32/292/real_time",95830,1462.7,1462.7,ns,,,,,,4,8,8,292,8,32,1,1,4
"dot/dot_bf16_bf16_fp32_8x8x4_1x4x1_neon/64/4/real_time",1797845,59.7875,59.5485,ns,,,,,,4,8,8,4,8,64,1,1,4
"dot/dot_bf16_bf16_fp32_8x8x4_1x4x1_neon/64/36/real_time",393221,357.564,357.506,ns,,,,,,4,8,8,36,8,64,1,1,4
"dot/dot_bf16_bf16_fp32_8x8x4_1x4x1_neon/64/76/real_time",185076,758.402,758.402,ns,,,,,,4,8,8,76,8,64,1,1,4
"dot/dot_bf16_bf16_fp32_8x8x4_1x4x1_neon/64/116/real_time",125133,1155.64,1155.54,ns,,,,,,4,8,8,116,8,64,1,1,4
"dot/dot_bf16_bf16_fp32_8x8x4_1x4x1_neon/64/156/real_time",89593,1539.39,1539.25,ns,,,,,,4,8,8,156,8,64,1,1,4
"dot/dot_bf16_bf16_fp32_8x4x4_1x4x1_neon/4/4/real_time",14011776,10.7298,10.7298,ns,,,,,,4,8,4,4,8,4,1,1,4
"dot/dot_bf16_bf16_fp32_8x4x4_1x4x1_neon/4/252/real_time",582862,238.997,238.986,ns,,,,,,4,8,4,252,8,4,1,1,4
"dot/dot_bf16_bf16_fp32_8x4x4_1x4x1_neon/4/508/real_time",282211,497.71,497.688,ns,,,,,,4,8,4,508,8,4,1,1,4
"dot/dot_bf16_bf16_fp32_8x4x4_1x4x1_neon/4/760/real_time",185589,754.926,754.926,ns,,,,,,4,8,4,760,8,4,1,1,4
"dot/dot_bf16_bf16_fp32_8x4x4_1x4x1_neon/4/1016/real_time",138090,993.997,993.953,ns,,,,,,4,8,4,1016,8,4,1,1,4
"dot/dot_bf16_bf16_fp32_8x4x4_1x4x1_neon/8/4/real_time",10093849,13.9292,13.9292,ns,,,,,,4,8,4,4,8,8,1,1,4
"dot/dot_bf16_bf16_fp32_8x4x4_1x4x1_neon/8/188/real_time",397524,350.73,350.731,ns,,,,,,4,8,4,188,8,8,1,1,4
"dot/dot_bf16_bf16_fp32_8x4x4_1x4x1_neon/8/380/real_time",193911,774.964,748.962,ns,,,,,,4,8,4,380,8,8,1,1,4
"dot/dot_bf16_bf16_fp32_8x4x4_1x4x1_neon/8/568/real_time",129712,1098.91,1098.76,ns,,,,,,4,8,4,568,8,8,1,1,4
"dot/dot_bf16_bf16_fp32_8x4x4_1x4x1_neon/8/760/real_time",94935,1479.06,1479.05,ns,,,,,,4,8,4,760,8,8,1,1,4
"dot/dot_bf16_bf16_fp32_8x4x4_1x4x1_neon/16/4/real_time",7133985,19.6402,19.6391,ns,,,,,,4,8,4,4,8,16,1,1,4
"dot/dot_bf16_bf16_fp32_8x4x4_1x4x1_neon/16/124/real_time",310265,448.839,448.839,ns,,,,,,4,8,4,124,8,16,1,1,4
"dot/dot_bf16_bf16_fp32_8x4x4_1x4x1_neon/16/248/real_time",149398,933.778,930.555,ns,,,,,,4,8,4,248,8,16,1,1,4
"dot/dot_bf16_bf16_fp32_8x4x4_1x4x1_neon/16/372/real_time",98050,1425.86,1425.86,ns,,,,,,4,8,4,372,8,16,1,1,4
"dot/dot_bf16_bf16_fp32_8x4x4_1x4x1_neon/16/500/real_time",71809,1935.22,1935.11,ns,,,,,,4,8,4,500,8,16,1,1,4
"dot/dot_bf16_bf16_fp32_8x4x4_1x4x1_neon/32/4/real_time",4270962,32.7806,32.7804,ns,,,,,,4,8,4,4,8,32,1,1,4
"dot/dot_bf16_bf16_fp32_8x4x4_1x4x1_neon/32/72/real_time",294653,469.648,469.63,ns,,,,,,4,8,4,72,8,32,1,1,4
"dot/dot_bf16_bf16_fp32_8x4x4_1x4x1_neon/32/144/real_time",134168,1039.09,1039.09,ns,,,,,,4,8,4,144,8,32,1,1,4
"dot/dot_bf16_bf16_fp32_8x4x4_1x4x1_neon/32/216/real_time",86764,1606.12,1606.02,ns,,,,,,4,8,4,216,8,32,1,1,4
"dot/dot_bf16_bf16_fp32_8x4x4_1x4x1_neon/32/292/real_time",61930,2250.48,2250.49,ns,,,,,,4,8,4,292,8,32,1,1,4
"dot/dot_int8_int2_int32_1x32x16_1x4x16_neondot/32/16/real_time",21462613,6.52377,6.52344,ns,,,,,,16,1,32,16,1,32,16,1,4
"dot/dot_int8_int2_int32_1x32x16_1x4x16_neondot/32/672/real_time",661199,210.195,210.195,ns,,,,,,16,1,32,672,1,32,16,1,4
"dot/dot_int8_int2_int32_1x32x16_1x4x16_neondot/32/1344/real_time",333351,417.293,417.269,ns,,,,,,16,1,32,1344,1,32,16,1,4
"dot/dot_int8_int2_int32_1x32x16_1x4x16_neondot/32/2016/real_time",222459,629.557,629.554,ns,,,,,,16,1,32,2016,1,32,16,1,4
"dot/dot_int8_int2_int32_1x32x16_1x4x16_neondot/32/2704/real_time",167491,837.866,837.86,ns,,,,,,16,1,32,2704,1,32,16,1,4
"dot/dot_int8_int2_int32_1x32x16_1x4x16_neondot/64/16/real_time",13701479,10.2383,10.2377,ns,,,,,,16,1,32,16,1,64,16,1,4
"dot/dot_int8_int2_int32_1x32x16_1x4x16_neondot/64/352/real_time",631438,222.131,222.131,ns,,,,,,16,1,32,352,1,64,16,1,4
"dot/dot_int8_int2_int32_1x32x16_1x4x16_neondot/64/704/real_time",314849,439.082,439.058,ns,,,,,,16,1,32,704,1,64,16,1,4
"dot/dot_int8_int2_int32_1x32x16_1x4x16_neondot/64/1056/real_time",212753,654.37,654.28,ns,,,,,,16,1,32,1056,1,64,16,1,4
"dot/dot_int8_int2_int32_1x32x16_1x4x16_neondot/64/1424/real_time",158978,880.679,880.638,ns,,,,,,16,1,32,1424,1,64,16,1,4
"dot/dot_int8_int2_int32_1x32x16_1x4x16_neondot/128/16/real_time",6889213,20.3631,20.3631,ns,,,,,,16,1,32,16,1,128,16,1,4
"dot/dot_int8_int2_int32_1x32x16_1x4x16_neondot/128/176/real_time",632959,220.421,220.422,ns,,,,,,16,1,32,176,1,128,16,1,4
"dot/dot_int8_int2_int32_1x32x16_1x4x16_neondot/128/352/real_time",323550,438.515,438.516,ns,,,,,,16,1,32,352,1,128,16,1,4
"dot/dot_int8_int2_int32_1x32x16_1x4x16_neondot/128/528/real_time",213162,666.229,666.226,ns,,,,,,16,1,32,528,1,128,16,1,4
"dot/dot_int8_int2_int32_1x32x16_1x4x16_neondot/128/720/real_time",154030,906.706,906.706,ns,,,,,,16,1,32,720,1,128,16,1,4
"dot/dot_int8_int2_int32_1x32x16_1x4x16_neondot/256/16/real_time",3508812,40.4421,40.4425,ns,,,,,,16,1,32,16,1,256,16,1,4
"dot/dot_int8_int2_int32_1x32x16_1x4x16_neondot/256/80/real_time",703183,199.392,199.368,ns,,,,,,16,1,32,80,1,256,16,1,4
"dot/dot_int8_int2_int32_1x32x16_1x4x16_neondot/256/176/real_time",320230,436.632,436.608,ns,,,,,,16,1,32,176,1,256,16,1,4
"dot/dot_int8_int2_int32_1x32x16_1x4x16_neondot/256/256/real_time",219144,634.938,634.902,ns,,,,,,16,1,32,256,1,256,16,1,4
"dot/dot_int8_int2_int32_1x32x16_1x4x16_neondot/256/352/real_time",159303,878.693,878.697,ns,,,,,,16,1,32,352,1,256,16,1,4
"dot/dot_int8_int2_int32_1x16x16_1x4x16_neondot/16/16/real_time",31290947,4.47205,4.4718,ns,,,,,,16,1,16,16,1,16,16,1,4
"dot/dot_int8_int2_int32_1x16x16_1x4x16_neondot/16/1216/real_time",637134,217.542,217.541,ns,,,,,,16,1,16,1216,1,16,16,1,4
"dot/dot_int8_int2_int32_1x16x16_1x4x16_neondot/16/2448/real_time",312810,443.742,443.72,ns,,,,,,16,1,16,2448,1,16,16,1,4
"dot/dot_int8_int2_int32_1x16x16_1x4x16_neondot/16/3664/real_time",211630,661.492,661.47,ns,,,,,,16,1,16,3664,1,16,16,1,4
"dot/dot_int8_int2_int32_1x16x16_1x4x16_neondot/16/4896/real_time",159755,881.697,881.694,ns,,,,,,16,1,16,4896,1,16,16,1,4
"dot/dot_int8_int2_int32_1x16x16_1x4x16_neondot/32/16/real_time",21508515,6.50888,6.50845,ns,,,,,,16,1,16,16,1,32,16,1,4
"dot/dot_int8_int2_int32_1x16x16_1x4x16_neondot/32/672/real_time",609671,228.368,228.364,ns,,,,,,16,1,16,672,1,32,16,1,4
"dot/dot_int8_int2_int32_1x16x16_1x4x16_neondot/32/1344/real_time",293049,471.354,471.331,ns,,,,,,16,1,16,1344,1,32,16,1,4
"dot/dot_int8_int2_int32_1x16x16_1x4x16_neondot/32/2016/real_time",193324,722.154,722.13,ns,,,,,,16,1,16,2016,1,32,16,1,4
"dot/dot_int8_int2_int32_1x16x16_1x4x16_neondot/32/2704/real_time",144168,972.12,972.123,ns,,,,,,16,1,16,2704,1,32,16,1,4
"dot/dot_int8_int2_int32_1x16x16_1x4x16_neondot/64/16/real_time",13264956,10.5234,10.5228,ns,,,,,,16,1,16,16,1,64,16,1,4
"dot/dot_int8_int2_int32_1x16x16_1x4x16_neondot/64/352/real_time",631032,221.857,221.857,ns,,,,,,16,1,16,352,1,64,16,1,4
"dot/dot_int8_int2_int32_1x16x16_1x4x16_neondot/64/704/real_time",294101,474.455,474.436,ns,,,,,,16,1,16,704,1,64,16,1,4
"dot/dot_int8_int2_int32_1x16x16_1x4x16_neondot/64/1056/real_time",188464,735.307,735.042,ns,,,,,,16,1,16,1056,1,64,16,1,4
"dot/dot_int8_int2_int32_1x16x16_1x4x16_neondot/64/1424/real_time",139727,1002.64,1002.63,ns,,,,,,16,1,16,1424,1,64,16,1,4
"dot/dot_int8_int2_int32_1x16x16_1x4x16_neondot/128/16/real_time",6788633,20.6528,20.6528,ns,,,,,,16,1,16,16,1,128,16,1,4
"dot/dot_int8_int2_int32_1x16x16_1x4x16_neondot/128/176/real_time",639200,224.028,223.999,ns,,,,,,16,1,16,176,1,128,16,1,4
"dot/dot_int8_int2_int32_1x16x16_1x4x16_neondot/128/352/real_time",308485,446.774,446.754,ns,,,,,,16,1,16,352,1,128,16,1,4
"dot/dot_int8_int2_int32_1x16x16_1x4x16_neondot/128/528/real_time",201912,695.087,695.085,ns,,,,,,16,1,16,528,1,128,16,1,4
"dot/dot_int8_int2_int32_1x16x16_1x4x16_neondot/128/720/real_time",145590,968.648,968.645,ns,,,,,,16,1,16,720,1,128,16,1,4
"dot/dot_int8_int2_int32_2x16x16_1x4x16_neondot/16/16/real_time",20296326,6.90473,6.9043,ns,,,,,,16,2,16,16,2,16,16,1,4
"dot/dot_int8_int2_int32_2x16x16_1x4x16_neondot/16/1008/real_time",615696,227.037,227.036,ns,,,,,,16,2,16,1008,2,16,16,1,4
"dot/dot_int8_int2_int32_2x16x16_1x4x16_neondot/16/2032/real_time",305798,450.192,450.17,ns,,,,,,16,2,16,2032,2,16,16,1,4
"dot/dot_int8_int2_int32_2x16x16_1x4x16_neondot/16/3040/real_time",206585,677.239,677.237,ns,,,,,,16,2,16,3040,2,16,16,1,4
"dot/dot_int8_int2_int32_2x16x16_1x4x16_neondot/16/4064/real_time",157105,899.822,899.78,ns,,,,,,16,2,16,4064,2,16,16,1,4
"dot/dot_int8_int2_int32_2x16x16_1x4x16_neondot/32/16/real_time",15687761,8.91484,8.91434,ns,,,,,,16,2,16,16,2,32,16,1,4
"dot/dot_int8_int2_int32_2x16x16_1x4x16_neondot/32/608/real_time",519893,269.636,269.636,ns,,,,,,16,2,16,608,2,32,16,1,4
"dot/dot_int8_int2_int32_2x16x16_1x4x16_neondot/32/1216/real_time",260014,543.287,543.259,ns,,,,,,16,2,16,1216,2,32,16,1,4
"dot/dot_int8_int2_int32_2x16x16_1x4x16_neondot/32/1824/real_time",170368,821.463,821.463,ns,,,,,,16,2,16,1824,2,32,16,1,4
"dot/dot_int8_int2_int32_2x16x16_1x4x16_neondot/32/2432/real_time",135664,1080.9,1080.9,ns,,,,,,16,2,16,2432,2,32,16,1,4
"dot/dot_int8_int2_int32_2x16x16_1x4x16_neondot/64/16/real_time",9471699,14.7977,14.7976,ns,,,,,,16,2,16,16,2,64,16,1,4
"dot/dot_int8_int2_int32_2x16x16_1x4x16_neondot/64/320/real_time",485351,284.344,284.328,ns,,,,,,16,2,16,320,2,64,16,1,4
"dot/dot_int8_int2_int32_2x16x16_1x4x16_neondot/64/656/real_time",239890,584.461,584.46,ns,,,,,,16,2,16,656,2,64,16,1,4
"dot/dot_int8_int2_int32_2x16x16_1x4x16_neondot/64/992/real_time",160466,878.221,878.223,ns,,,,,,16,2,16,992,2,64,16,1,4
"dot/dot_int8_int2_int32_2x16x16_1x4x16_neondot/64/1328/real_time",118682,1173.62,1173.57,ns,,,,,,16,2,16,1328,2,64,16,1,4
"dot/dot_int8_int2_int32_2x16x16_1x4x16_neondot/128/16/real_time",4778728,29.2999,29.2998,ns,,,,,,16,2,16,16,2,128,16,1,4
"dot/dot_int8_int2_int32_2x16x16_1x4x16_neondot/128/160/real_time",485267,288.962,288.963,ns,,,,,,16,2,16,160,2,128,16,1,4
"dot/dot_int8_int2_int32_2x16x16_1x4x16_neondot/128/336/real_time",230708,599.103,599.073,ns,,,,,,16,2,16,336,2,128,16,1,4
"dot/dot_int8_int2_int32_2x16x16_1x4x16_neondot/128/512/real_time",153277,909.075,909.04,ns,,,,,,16,2,16,512,2,128,16,1,4
"dot/dot_int8_int2_int32_2x16x16_1x4x16_neondot/128/688/real_time",114210,1227.64,1227.63,ns,,,,,,16,2,16,688,2,128,16,1,4
"dot/dot_int8_int2_int32_1x8x16_1x4x16_neondot/8/16/real_time",37410066,3.7395,3.73931,ns,,,,,,16,1,8,16,1,8,16,1,4
"dot/dot_int8_int2_int32_1x8x16_1x4x16_neondot/8/2032/real_time",435046,317.909,317.909,ns,,,,,,16,1,8,2032,1,8,16,1,4
"dot/dot_int8_int2_int32_1x8x16_1x4x16_neondot/8/4080/real_time",209828,666.868,666.837,ns,,,,,,16,1,8,4080,1,8,16,1,4
"dot/dot_int8_int2_int32_1x8x16_1x4x16_neondot/8/6128/real_time",137831,1015.26,1015.26,ns,,,,,,16,1,8,6128,1,8,16,1,4
"dot/dot_int8_int2_int32_1x8x16_1x4x16_neondot/8/8176/real_time",101911,1387.04,1386.98,ns,,,,,,16,1,8,8176,1,8,16,1,4
"dot/dot_int8_int2_int32_1x8x16_1x4x16_neondot/16/16/real_time",27521223,5.09295,5.09294,ns,,,,,,16,1,8,16,1,16,16,1,4
"dot/dot_int8_int2_int32_1x8x16_1x4x16_neondot/16/1216/real_time",374851,355.279,355.258,ns,,,,,,16,1,8,1216,1,16,16,1,4
"dot/dot_int8_int2_int32_1x8x16_1x4x16_neondot/16/2448/real_time",179517,778.559,778.511,ns,,,,,,16,1,8,2448,1,16,16,1,4
"dot/dot_int8_int2_int32_1x8x16_1x4x16_neondot/16/3664/real_time",118017,1189.04,1189.03,ns,,,,,,16,1,8,3664,1,16,16,1,4
"dot/dot_int8_int2_int32_1x8x16_1x4x16_neondot/16/4896/real_time",86936,1624.02,1623.99,ns,,,,,,16,1,8,4896,1,16,16,1,4
"dot/dot_int8_int2_int32_1x8x16_1x4x16_neondot/32/16/real_time",17905933,7.81784,7.81741,ns,,,,,,16,1,8,16,1,32,16,1,4
"dot/dot_int8_int2_int32_1x8x16_1x4x16_neondot/32/672/real_time",420465,333.182,333.183,ns,,,,,,16,1,8,672,1,32,16,1,4
"dot/dot_int8_int2_int32_1x8x16_1x4x16_neondot/32/1344/real_time",179304,801.531,796.792,ns,,,,,,16,1,8,1344,1,32,16,1,4
"dot/dot_int8_int2_int32_1x8x16_1x4x16_neondot/32/2016/real_time",107566,1327.2,1294.58,ns,,,,,,16,1,8,2016,1,32,16,1,4
"dot/dot_int8_int2_int32_1x8x16_1x4x16_neondot/32/2704/real_time",81138,1726.61,1726.61,ns,,,,,,16,1,8,2704,1,32,16,1,4
"dot/dot_int8_int2_int32_1x8x16_1x4x16_neondot/64/16/real_time",10505581,13.283,13.283,ns,,,,,,16,1,8,16,1,64,16,1,4
"dot/dot_int8_int2_int32_1x8x16_1x4x16_neondot/64/352/real_time",450230,305.55,305.531,ns,,,,,,16,1,8,352,1,64,16,1,4
"dot/dot_int8_int2_int32_1x8x16_1x4x16_neondot/64/704/real_time",200926,696.36,696.361,ns,,,,,,16,1,8,704,1,64,16,1,4
"dot/dot_int8_int2_int32_1x8x16_1x4x16_neondot/64/1056/real_time",120190,1197.46,1197.46,ns,,,,,,16,1,8,1056,1,64,16,1,4
"dot/dot_int8_int2_int32_1x8x16_1x4x16_neondot/64/1424/real_time",82743,1689.42,1686.74,ns,,,,,,16,1,8,1424,1,64,16,1,4
"dot/dot_int8_int2_int32_2x8x16_1x4x16_neondot/8/16/real_time",24356757,5.73442,5.69394,ns,,,,,,16,2,8,16,2,8,16,1,4
"dot/dot_int8_int2_int32_2x8x16_1x4x16_neondot/8/1520/real_time",550594,262.432,262.433,ns,,,,,,16,2,8,1520,2,8,16,1,4
"dot/dot_int8_int2_int32_2x8x16_1x4x16_neondot/8/3056/real_time",256724,543.984,543.981,ns,,,,,,16,2,8,3056,2,8,16,1,4
"dot/dot_int8_int2_int32_2x8x16_1x4x16_neondot/8/4592/real_time",172777,807.749,807.746,ns,,,,,,16,2,8,4592,2,8,16,1,4
"dot/dot_int8_int2_int32_2x8x16_1x4x16_neondot/8/6128/real_time",129551,1075.54,1075.5,ns,,,,,,16,2,8,6128,2,8,16,1,4
"dot/dot_int8_int2_int32_2x8x16_1x4x16_neondot/16/16/real_time",20317079,6.92154,6.92152,ns,,,,,,16,2,8,16,2,16,16,1,4
"dot/dot_int8_int2_int32_2x8x16_1x4x16_neondot/16/1008/real_time",425758,331.787,330.488,ns,,,,,,16,2,8,1008,2,16,16,1,4
"dot/dot_int8_int2_int32_2x8x16_1x4x16_neondot/16/2032/real_time",198264,705.055,705.055,ns,,,,,,16,2,8,2032,2,16,16,1,4
"dot/dot_int8_int2_int32_2x8x16_1x4x16_neondot/16/3040/real_time",131754,1065.17,1065.17,ns,,,,,,16,2,8,3040,2,16,16,1,4
"dot/dot_int8_int2_int32_2x8x16_1x4x16_neondot/16/4064/real_time",101558,1443.07,1443.07,ns,,,,,,16,2,8,4064,2,16,16,1,4
"dot/dot_int8_int2_int32_2x8x16_1x4x16_neondot/32/16/real_time",13075049,10.6794,10.6784,ns,,,,,,16,2,8,16,2,32,16,1,4
"dot/dot_int8_int2_int32_2x8x16_1x4x16_neondot/32/608/real_time",381501,368.783,368.785,ns,,,,,,16,2,8,608,2,32,16,1,4
"dot/dot_int8_int2_int32_2x8x16_1x4x16_neondot/32/1216/real_time",173632,793.155,793.131,ns,,,,,,16,2,8,1216,2,32,16,1,4
"dot/dot_int8_int2_int32_2x8x16_1x4x16_neondot/32/1824/real_time",113848,1227.11,1227.11,ns,,,,,,16,2,8,1824,2,32,16,1,4
"dot/dot_int8_int2_int32_2x8x16_1x4x16_neondot/32/2432/real_time",83956,1660.64,1660.55,ns,,,,,,16,2,8,2432,2,32,16,1,4
"dot/dot_int8_int2_int32_2x8x16_1x4x16_neondot/64/16/real_time",7562117,18.575,18.575,ns,,,,,,16,2,8,16,2,64,16,1,4
"dot/dot_int8_int2_int32_2x8x16_1x4x16_neondot/64/320/real_time",404799,339.163,339.146,ns,,,,,,16,2,8,320,2,64,16,1,4
"dot/dot_int8_int2_int32_2x8x16_1x4x16_neondot/64/656/real_time",175866,803.271,803.276,ns,,,,,,16,2,8,656,2,64,16,1,4
"dot/dot_int8_int2_int32_2x8x16_1x4x16_neondot/64/992/real_time",108884,1287.94,1287.94,ns,,,,,,16,2,8,992,2,64,16,1,4
"dot/dot_int8_int2_int32_2x8x16_1x4x16_neondot/64/1328/real_time",79225,1767.59,1767.59,ns,,,,,,16,2,8,1328,2,64,16,1,4
"dot/dot_int8_int2_int32_3x8x16_1x4x16_neondot/8/16/real_time",18230255,7.68963,7.68947,ns,,,,,,16,3,8,16,3,8,16,1,4
"dot/dot_int8_int2_int32_3x8x16_1x4x16_neondot/8/1216/real_time",621803,223.815,223.815,ns,,,,,,16,3,8,1216,3,8,16,1,4
"dot/dot_int8_int2_int32_3x8x16_1x4x16_neondot/8/2448/real_time",306123,451.312,451.283,ns,,,,,,16,3,8,2448,3,8,16,1,4
"dot/dot_int8_int2_int32_3x8x16_1x4x16_neondot/8/3664/real_time",205524,684.321,684.217,ns,,,,,,16,3,8,3664,3,8,16,1,4
"dot/dot_int8_int2_int32_3x8x16_1x4x16_neondot/8/4896/real_time",100000,1005.12,970.49,ns,,,,,,16,3,8,4896,3,8,16,1,4
"dot/dot_int8_int2_int32_3x8x16_1x4x16_neondot/16/16/real_time",14963860,9.35857,9.35861,ns,,,,,,16,3,8,16,3,16,16,1,4
"dot/dot_int8_int2_int32_3x8x16_1x4x16_neondot/16/864/real_time",453942,310.129,310.128,ns,,,,,,16,3,8,864,3,16,16,1,4
"dot/dot_int8_int2_int32_3x8x16_1x4x16_neondot/16/1728/real_time",221229,633.257,633.222,ns,,,,,,16,3,8,1728,3,16,16,1,4
"dot/dot_int8_int2_int32_3x8x16_1x4x16_neondot/16/2592/real_time",144491,973.86,973.812,ns,,,,,,16,3,8,2592,3,16,16,1,4
"dot/dot_int8_int2_int32_3x8x16_1x4x16_neondot/16/3472/real_time",105941,1319.1,1319.09,ns,,,,,,16,3,8,3472,3,16,16,1,4
"dot/dot_int8_int2_int32_3x8x16_1x4x16_neondot/32/16/real_time",10407052,13.4733,13.4733,ns,,,,,,16,3,8,16,3,32,16,1,4
"dot/dot_int8_int2_int32_3x8x16_1x4x16_neondot/32/544/real_time",362185,378.59,378.569,ns,,,,,,16,3,8,544,3,32,16,1,4
"dot/dot_int8_int2_int32_3x8x16_1x4x16_neondot/32/1088/real_time",177549,785.897,785.896,ns,,,,,,16,3,8,1088,3,32,16,1,4
"dot/dot_int8_int2_int32_3x8x16_1x4x16_neondot/32/1632/real_time",117227,1193.68,1193.68,ns,,,,,,16,3,8,1632,3,32,16,1,4
"dot/dot_int8_int2_int32_3x8x16_1x4x16_neondot/32/2192/real_time",88860,1611.75,1611.67,ns,,,,,,16,3,8,2192,3,32,16,1,4
"dot/dot_int8_int2_int32_3x8x16_1x4x16_neondot/64/16/real_time",5848442,23.8952,23.8953,ns,,,,,,16,3,8,16,3,64,16,1,4
"dot/dot_int8_int2_int32_3x8x16_1x4x16_neondot/64/304/real_time",350064,395.488,395.468,ns,,,,,,16,3,8,304,3,64,16,1,4
"dot/dot_int8_int2_int32_3x8x16_1x4x16_neondot/64/624/real_time",159514,878.778,878.782,ns,,,,,,16,3,8,624,3,64,16,1,4
"dot/dot_int8_int2_int32_3x8x16_1x4x16_neondot/64/928/real_time",92730,1311.83,1310.62,ns,,,,,,16,3,8,928,3,64,16,1,4
"dot/dot_int8_int2_int32_3x8x16_1x4x16_neondot/64/1248/real_time",77472,1808.01,1807.98,ns,,,,,,16,3,8,1248,3,64,16,1,4
"dot/dot_int8_int2_int32_4x8x16_1x4x16_neondot/8/16/real_time",15203187,9.21465,9.21465,ns,,,,,,16,4,8,16,4,8,16,1,4
"dot/dot_int8_int2_int32_4x8x16_1x4x16_neondot/8/1008/real_time",682432,204.482,204.47,ns,,,,,,16,4,8,1008,4,8,16,1,4
"dot/dot_int8_int2_int32_4x8x16_1x4x16_neondot/8/2032/real_time",342125,409.725,409.727,ns,,,,,,16,4,8,2032,4,8,16,1,4
"dot/dot_int8_int2_int32_4x8x16_1x4x16_neondot/8/3040/real_time",229617,611.094,611.074,ns,,,,,,16,4,8,3040,4,8,16,1,4
"dot/dot_int8_int2_int32_4x8x16_1x4x16_neondot/8/4064/real_time",172406,820.6,820.598,ns,,,,,,16,4,8,4064,4,8,16,1,4
"dot/dot_int8_int2_int32_4x8x16_1x4x16_neondot/16/16/real_time",11988825,11.6826,11.682,ns,,,,,,16,4,8,16,4,16,16,1,4
"dot/dot_int8_int2_int32_4x8x16_1x4x16_neondot/16/752/real_time",466628,297.904,297.905,ns,,,,,,16,4,8,752,4,16,16,1,4
"dot/dot_int8_int2_int32_4x8x16_1x4x16_neondot/16/1520/real_time",230410,606.564,606.532,ns,,,,,,16,4,8,1520,4,16,16,1,4
"dot/dot_int8_int2_int32_4x8x16_1x4x16_neondot/16/2272/real_time",153175,914.925,914.927,ns,,,,,,16,4,8,2272,4,16,16,1,4
"dot/dot_int8_int2_int32_4x8x16_1x4x16_neondot/16/3040/real_time",114032,1216.15,1216.01,ns,,,,,,16,4,8,3040,4,16,16,1,4
"dot/dot_int8_int2_int32_4x8x16_1x4x16_neondot/32/16/real_time",8181075,17.1289,17.1289,ns,,,,,,16,4,8,16,4,32,16,1,4
"dot/dot_int8_int2_int32_4x8x16_1x4x16_neondot/32/496/real_time",358460,387.772,387.77,ns,,,,,,16,4,8,496,4,32,16,1,4
"dot/dot_int8_int2_int32_4x8x16_1x4x16_neondot/32/992/real_time",175566,800.252,800.252,ns,,,,,,16,4,8,992,4,32,16,1,4
"dot/dot_int8_int2_int32_4x8x16_1x4x16_neondot/32/1488/real_time",115892,1192.76,1192.72,ns,,,,,,16,4,8,1488,4,32,16,1,4
"dot/dot_int8_int2_int32_4x8x16_1x4x16_neondot/32/2000/real_time",87645,1599.74,1599.75,ns,,,,,,16,4,8,2000,4,32,16,1,4
"dot/dot_int8_int2_int32_4x8x16_1x4x16_neondot/64/16/real_time",4889969,28.7732,28.7644,ns,,,,,,16,4,8,16,4,64,16,1,4
"dot/dot_int8_int2_int32_4x8x16_1x4x16_neondot/64/288/real_time",317730,440.574,440.553,ns,,,,,,16,4,8,288,4,64,16,1,4
"dot/dot_int8_int2_int32_4x8x16_1x4x16_neondot/64/576/real_time",154720,901.562,901.519,ns,,,,,,16,4,8,576,4,64,16,1,4
"dot/dot_int8_int2_int32_4x8x16_1x4x16_neondot/64/864/real_time",102705,1368.4,1368.39,ns,,,,,,16,4,8,864,4,64,16,1,4
"dot/dot_int8_int2_int32_4x8x16_1x4x16_neondot/64/1168/real_time",75391,1860.88,1860.78,ns,,,,,,16,4,8,1168,4,64,16,1,4
"dot/dot_int8_int2_int32_8x8x16_1x4x16_neondot/8/16/real_time",9130460,15.2661,15.2662,ns,,,,,,16,8,8,16,8,8,16,1,4
"dot/dot_int8_int2_int32_8x8x16_1x4x16_neondot/8/608/real_time",696152,200.797,200.797,ns,,,,,,16,8,8,608,8,8,16,1,4
"dot/dot_int8_int2_int32_8x8x16_1x4x16_neondot/8/1216/real_time",350132,389.321,389.299,ns,,,,,,16,8,8,1216,8,8,16,1,4
"dot/dot_int8_int2_int32_8x8x16_1x4x16_neondot/8/1824/real_time",238148,587.274,587.244,ns,,,,,,16,8,8,1824,8,8,16,1,4
"dot/dot_int8_int2_int32_8x8x16_1x4x16_neondot/8/2432/real_time",177539,789.452,789.449,ns,,,,,,16,8,8,2432,8,8,16,1,4
"dot/dot_int8_int2_int32_8x8x16_1x4x16_neondot/16/16/real_time",7693629,18.0788,18.0778,ns,,,,,,16,8,8,16,8,16,16,1,4
"dot/dot_int8_int2_int32_8x8x16_1x4x16_neondot/16/496/real_time",435712,322.373,322.373,ns,,,,,,16,8,8,496,8,16,16,1,4
"dot/dot_int8_int2_int32_8x8x16_1x4x16_neondot/16/992/real_time",217731,645.45,645.42,ns,,,,,,16,8,8,992,8,16,16,1,4
"dot/dot_int8_int2_int32_8x8x16_1x4x16_neondot/16/1488/real_time",142975,956.964,956.888,ns,,,,,,16,8,8,1488,8,16,16,1,4
"dot/dot_int8_int2_int32_8x8x16_1x4x16_neondot/16/2000/real_time",108328,1291.05,1291.06,ns,,,,,,16,8,8,2000,8,16,16,1,4
"dot/dot_int8_int2_int32_8x8x16_1x4x16_neondot/32/16/real_time",4966931,28.2292,28.2279,ns,,,,,,16,8,8,16,8,32,16,1,4
"dot/dot_int8_int2_int32_8x8x16_1x4x16_neondot/32/368/real_time",288061,478.673,478.649,ns,,,,,,16,8,8,368,8,32,16,1,4
"dot/dot_int8_int2_int32_8x8x16_1x4x16_neondot/32/736/real_time",146619,954.871,954.876,ns,,,,,,16,8,8,736,8,32,16,1,4
"dot/dot_int8_int2_int32_8x8x16_1x4x16_neondot/32/1104/real_time",98005,1420.15,1420.08,ns,,,,,,16,8,8,1104,8,32,16,1,4
"dot/dot_int8_int2_int32_8x8x16_1x4x16_neondot/32/1472/real_time",73566,1961.42,1943.41,ns,,,,,,16,8,8,1472,8,32,16,1,4
"dot/dot_int8_int2_int32_8x8x16_1x4x16_neondot/64/16/real_time",2812339,48.7754,48.7747,ns,,,,,,16,8,8,16,8,64,16,1,4
"dot/dot_int8_int2_int32_8x8x16_1x4x16_neondot/64/224/real_time",236133,590.277,589.037,ns,,,,,,16,8,8,224,8,64,16,1,4
"dot/dot_int8_int2_int32_8x8x16_1x4x16_neondot/64/464/real_time",117868,1194.99,1194.37,ns,,,,,,16,8,8,464,8,64,16,1,4
"dot/dot_int8_int2_int32_8x8x16_1x4x16_neondot/64/688/real_time",79010,1773.02,1773.03,ns,,,,,,16,8,8,688,8,64,16,1,4
"dot/dot_int8_int2_int32_8x8x16_1x4x16_neondot/64/928/real_time",58405,2380.5,2380.36,ns,,,,,,16,8,8,928,8,64,16,1,4
"dot/dot_int8_int2_int32_8x4x16_1x4x16_neondot/4/16/real_time",16272502,8.58021,8.57975,ns,,,,,,16,8,4,16,8,4,16,1,4
"dot/dot_int8_int2_int32_8x4x16_1x4x16_neondot/4/672/real_time",1055508,131.466,131.466,ns,,,,,,16,8,4,672,8,4,16,1,4
"dot/dot_int8_int2_int32_8x4x16_1x4x16_neondot/4/1344/real_time",529585,264.053,264.054,ns,,,,,,16,8,4,1344,8,4,16,1,4
"dot/dot_int8_int2_int32_8x4x16_1x4x16_neondot/4/2016/real_time",358843,405.137,401.582,ns,,,,,,16,8,4,2016,8,4,16,1,4
"dot/dot_int8_int2_int32_8x4x16_1x4x16_neondot/4/2704/real_time",255331,541.242,537.702,ns,,,,,,16,8,4,2704,8,4,16,1,4
"dot/dot_int8_int2_int32_8x4x16_1x4x16_neondot/8/16/real_time",12529786,11.0713,11.016,ns,,,,,,16,8,4,16,8,8,16,1,4
"dot/dot_int8_int2_int32_8x4x16_1x4x16_neondot/8/608/real_time",578811,237.354,237.127,ns,,,,,,16,8,4,608,8,8,16,1,4
"dot/dot_int8_int2_int32_8x4x16_1x4x16_neondot/8/1216/real_time",297263,477.436,476.972,ns,,,,,,16,8,4,1216,8,8,16,1,4
"dot/dot_int8_int2_int32_8x4x16_1x4x16_neondot/8/1824/real_time",197331,723.388,723.389,ns,,,,,,16,8,4,1824,8,8,16,1,4
"dot/dot_int8_int2_int32_8x4x16_1x4x16_neondot/8/2432/real_time",148003,953.795,953.798,ns,,,,,,16,8,4,2432,8,8,16,1,4
"dot/dot_int8_int2_int32_8x4x16_1x4x16_neondot/16/16/real_time",8853498,15.8123,15.8116,ns,,,,,,16,8,4,16,8,16,16,1,4
"dot/dot_int8_int2_int32_8x4x16_1x4x16_neondot/16/496/real_time",366525,378.721,378.564,ns,,,,,,16,8,4,496,8,16,16,1,4
"dot/dot_int8_int2_int32_8x4x16_1x4x16_neondot/16/992/real_time",181808,769.632,769.592,ns,,,,,,16,8,4,992,8,16,16,1,4
"dot/dot_int8_int2_int32_8x4x16_1x4x16_neondot/16/1488/real_time",125707,1160.96,1160.86,ns,,,,,,16,8,4,1488,8,16,16,1,4
"dot/dot_int8_int2_int32_8x4x16_1x4x16_neondot/16/2000/real_time",89171,1568.16,1568.16,ns,,,,,,16,8,4,2000,8,16,16,1,4
"dot/dot_int8_int2_int32_8x4x16_1x4x16_neondot/32/16/real_time",5370209,26.1357,26.1357,ns,,,,,,16,8,4,16,8,32,16,1,4
"dot/dot_int8_int2_int32_8x4x16_1x4x16_neondot/32/368/real_time",248174,556.451,556.424,ns,,,,,,16,8,4,368,8,32,16,1,4
"dot/dot_int8_int2_int32_8x4x16_1x4x16_neondot/32/736/real_time",124589,1129.96,1129.96,ns,,,,,,16,8,4,736,8,32,16,1,4
"dot/dot_int8_int2_int32_8x4x16_1x4x16_neondot/32/1104/real_time",82133,1706.51,1706.5,ns,,,,,,16,8,4,1104,8,32,16,1,4
"dot/dot_int8_int2_int32_8x4x16_1x4x16_neondot/32/1472/real_time",61241,2293.46,2286.12,ns,,,,,,16,8,4,1472,8,32,16,1,4
"dot/dot_int8_int4_int32_1x32x8_1x4x8_neondot/32/8/real_time",26916046,5.21132,5.18672,ns,,,,,,8,1,32,8,1,32,8,1,4
"dot/dot_int8_int4_int32_1x32x8_1x4x8_neondot/32/352/real_time",1210881,114.862,114.839,ns,,,,,,8,1,32,352,1,32,8,1,4
"dot/dot_int8_int4_int32_1x32x8_1x4x8_neondot/32/712/real_time",602247,231.6,231.589,ns,,,,,,8,1,32,712,1,32,8,1,4
"dot/dot_int8_int4_int32_1x32x8_1x4x8_neondot/32/1072/real_time",399886,349.506,349.49,ns,,,,,,8,1,32,1072,1,32,8,1,4
"dot/dot_int8_int4_int32_1x32x8_1x4x8_neondot/32/1432/real_time",300126,461.584,461.246,ns,,,,,,8,1,32,1432,1,32,8,1,4
"dot/dot_int8_int4_int32_1x32x8_1x4x8_neondot/64/8/real_time",18412886,7.61134,7.61097,ns,,,,,,8,1,32,8,1,64,8,1,4
"dot/dot_int8_int4_int32_1x32x8_1x4x8_neondot/64/184/real_time",1161882,120.129,120.128,ns,,,,,,8,1,32,184,1,64,8,1,4
"dot/dot_int8_int4_int32_1x32x8_1x4x8_neondot/64/368/real_time",582717,239.883,239.883,ns,,,,,,8,1,32,368,1,64,8,1,4
"dot/dot_int8_int4_int32_1x32x8_1x4x8_neondot/64/552/real_time",395518,359.485,359.475,ns,,,,,,8,1,32,552,1,64,8,1,4
"dot/dot_int8_int4_int32_1x32x8_1x4x8_neondot/64/736/real_time",291568,478.358,478.334,ns,,,,,,8,1,32,736,1,64,8,1,4
"dot/dot_int8_int4_int32_1x32x8_1x4x8_neondot/128/8/real_time",11371983,12.3454,12.3454,ns,,,,,,8,1,32,8,1,128,8,1,4
"dot/dot_int8_int4_int32_1x32x8_1x4x8_neondot/128/88/real_time",1218354,114.396,114.39,ns,,,,,,8,1,32,88,1,128,8,1,4
"dot/dot_int8_int4_int32_1x32x8_1x4x8_neondot/128/184/real_time",589309,238.41,238.41,ns,,,,,,8,1,32,184,1,128,8,1,4
"dot/dot_int8_int4_int32_1x32x8_1x4x8_neondot/128/272/real_time",397237,352.861,352.862,ns,,,,,,8,1,32,272,1,128,8,1,4
"dot/dot_int8_int4_int32_1x32x8_1x4x8_neondot/128/368/real_time",293565,478.966,478.964,ns,,,,,,8,1,32,368,1,128,8,1,4
"dot/dot_int8_int4_int32_1x32x8_1x4x8_neondot/256/8/real_time",6346017,22.027,22.0258,ns,,,,,,8,1,32,8,1,256,8,1,4
"dot/dot_int8_int4_int32_1x32x8_1x4x8_neondot/256/40/real_time",1337164,104.194,104.187,ns,,,,,,8,1,32,40,1,256,8,1,4
"dot/dot_int8_int4_int32_1x32x8_1x4x8_neondot/256/88/real_time",608386,229.761,229.762,ns,,,,,,8,1,32,88,1,256,8,1,4
"dot/dot_int8_int4_int32_1x32x8_1x4x8_neondot/256/128/real_time",419334,334.08,334.082,ns,,,,,,8,1,32,128,1,256,8,1,4
"dot/dot_int8_int4_int32_1x32x8_1x4x8_neondot/256/176/real_time",304334,459.474,459.475,ns,,,,,,8,1,32,176,1,256,8,1,4
"dot/dot_int8_int4_int32_2x32x8_1x4x8_neondot/32/8/real_time",12184906,11.4438,11.4433,ns,,,,,,8,2,32,8,2,32,8,1,4
"dot/dot_int8_int4_int32_2x32x8_1x4x8_neondot/32/336/real_time",903085,155.229,155.228,ns,,,,,,8,2,32,336,2,32,8,1,4
"dot/dot_int8_int4_int32_2x32x8_1x4x8_neondot/32/672/real_time",452761,312.042,312.041,ns,,,,,,8,2,32,672,2,32,8,1,4
"dot/dot_int8_int4_int32_2x32x8_1x4x8_neondot/32/1008/real_time",299313,468.148,468.149,ns,,,,,,8,2,32,1008,2,32,8,1,4
"dot/dot_int8_int4_int32_2x32x8_1x4x8_neondot/32/1344/real_time",227855,622.193,622.194,ns,,,,,,8,2,32,1344,2,32,8,1,4
"dot/dot_int8_int4_int32_2x32x8_1x4x8_neondot/64/8/real_time",9313077,15.078,15.0779,ns,,,,,,8,2,32,8,2,64,8,1,4
"dot/dot_int8_int4_int32_2x32x8_1x4x8_neondot/64/176/real_time",852636,162.371,162.358,ns,,,,,,8,2,32,176,2,64,8,1,4
"dot/dot_int8_int4_int32_2x32x8_1x4x8_neondot/64/352/real_time",431385,324.634,324.615,ns,,,,,,8,2,32,352,2,64,8,1,4
"dot/dot_int8_int4_int32_2x32x8_1x4x8_neondot/64/528/real_time",284787,493.468,493.467,ns,,,,,,8,2,32,528,2,64,8,1,4
"dot/dot_int8_int4_int32_2x32x8_1x4x8_neondot/64/704/real_time",212655,653.053,653.02,ns,,,,,,8,2,32,704,2,64,8,1,4
"dot/dot_int8_int4_int32_2x32x8_1x4x8_neondot/128/8/real_time",6254386,21.9994,21.8971,ns,,,,,,8,2,32,8,2,128,8,1,4
"dot/dot_int8_int4_int32_2x32x8_1x4x8_neondot/128/88/real_time",848553,164.414,164.414,ns,,,,,,8,2,32,88,2,128,8,1,4
"dot/dot_int8_int4_int32_2x32x8_1x4x8_neondot/128/176/real_time",427279,325.745,325.729,ns,,,,,,8,2,32,176,2,128,8,1,4
"dot/dot_int8_int4_int32_2x32x8_1x4x8_neondot/128/264/real_time",285613,491.093,491.095,ns,,,,,,8,2,32,264,2,128,8,1,4
"dot/dot_int8_int4_int32_2x32x8_1x4x8_neondot/128/352/real_time",217487,649.619,649.62,ns,,,,,,8,2,32,352,2,128,8,1,4
"dot/dot_int8_int4_int32_2x32x8_1x4x8_neondot/256/8/real_time",3784338,37.0289,37.0289,ns,,,,,,8,2,32,8,2,256,8,1,4
"dot/dot_int8_int4_int32_2x32x8_1x4x8_neondot/256/40/real_time",961814,150.094,150.095,ns,,,,,,8,2,32,40,2,256,8,1,4
"dot/dot_int8_int4_int32_2x32x8_1x4x8_neondot/256/80/real_time",467508,300.092,300.093,ns,,,,,,8,2,32,80,2,256,8,1,4
"dot/dot_int8_int4_int32_2x32x8_1x4x8_neondot/256/120/real_time",311368,445.157,445.139,ns,,,,,,8,2,32,120,2,256,8,1,4
"dot/dot_int8_int4_int32_2x32x8_1x4x8_neondot/256/168/real_time",224061,620.891,620.858,ns,,,,,,8,2,32,168,2,256,8,1,4
"dot/dot_int8_int4_int32_3x32x8_1x4x8_neondot/32/8/real_time",9678144,14.4753,14.4753,ns,,,,,,8,3,32,8,3,32,8,1,4
"dot/dot_int8_int4_int32_3x32x8_1x4x8_neondot/32/312/real_time",737870,189.18,189.18,ns,,,,,,8,3,32,312,3,32,8,1,4
"dot/dot_int8_int4_int32_3x32x8_1x4x8_neondot/32/632/real_time",376454,379.876,379.876,ns,,,,,,8,3,32,632,3,32,8,1,4
"dot/dot_int8_int4_int32_3x32x8_1x4x8_neondot/32/952/real_time",244366,571.555,571.553,ns,,,,,,8,3,32,952,3,32,8,1,4
"dot/dot_int8_int4_int32_3x32x8_1x4x8_neondot/32/1272/real_time",183298,776.764,776.768,ns,,,,,,8,3,32,1272,3,32,8,1,4
"dot/dot_int8_int4_int32_3x32x8_1x4x8_neondot/64/8/real_time",6696682,21.0699,21.0688,ns,,,,,,8,3,32,8,3,64,8,1,4
"dot/dot_int8_int4_int32_3x32x8_1x4x8_neondot/64/168/real_time",685649,204.278,204.278,ns,,,,,,8,3,32,168,3,64,8,1,4
"dot/dot_int8_int4_int32_3x32x8_1x4x8_neondot/64/336/real_time",343807,402.865,402.845,ns,,,,,,8,3,32,336,3,64,8,1,4
"dot/dot_int8_int4_int32_3x32x8_1x4x8_neondot/64/504/real_time",230920,606.779,606.782,ns,,,,,,8,3,32,504,3,64,8,1,4
"dot/dot_int8_int4_int32_3x32x8_1x4x8_neondot/64/680/real_time",171174,826.028,825.99,ns,,,,,,8,3,32,680,3,64,8,1,4
"dot/dot_int8_int4_int32_3x32x8_1x4x8_neondot/128/8/real_time",4438808,31.4609,31.4593,ns,,,,,,8,3,32,8,3,128,8,1,4
"dot/dot_int8_int4_int32_3x32x8_1x4x8_neondot/128/80/real_time",724589,194.05,194.049,ns,,,,,,8,3,32,80,3,128,8,1,4
"dot/dot_int8_int4_int32_3x32x8_1x4x8_neondot/128/168/real_time",346587,404.719,404.718,ns,,,,,,8,3,32,168,3,128,8,1,4
"dot/dot_int8_int4_int32_3x32x8_1x4x8_neondot/128/248/real_time",234864,598.555,598.555,ns,,,,,,8,3,32,248,3,128,8,1,4
"dot/dot_int8_int4_int32_3x32x8_1x4x8_neondot/128/336/real_time",172552,809.047,809.008,ns,,,,,,8,3,32,336,3,128,8,1,4
"dot/dot_int8_int4_int32_3x32x8_1x4x8_neondot/256/8/real_time",2675971,52.2989,52.2991,ns,,,,,,8,3,32,8,3,256,8,1,4
"dot/dot_int8_int4_int32_3x32x8_1x4x8_neondot/256/40/real_time",713058,195.414,195.405,ns,,,,,,8,3,32,40,3,256,8,1,4
"dot/dot_int8_int4_int32_3x32x8_1x4x8_neondot/256/80/real_time",361277,387.586,387.586,ns,,,,,,8,3,32,80,3,256,8,1,4
"dot/dot_int8_int4_int32_3x32x8_1x4x8_neondot/256/120/real_time",241523,572.542,572.48,ns,,,,,,8,3,32,120,3,256,8,1,4
"dot/dot_int8_int4_int32_3x32x8_1x4x8_neondot/256/160/real_time",181769,770.047,770.043,ns,,,,,,8,3,32,160,3,256,8,1,4
"dot/dot_int8_int4_int32_1x16x8_1x4x8_neondot/16/8/real_time",37234538,3.76676,3.76674,ns,,,,,,8,1,16,8,1,16,8,1,4
"dot/dot_int8_int4_int32_1x16x8_1x4x8_neondot/16/680/real_time",1140259,122.369,122.362,ns,,,,,,8,1,16,680,1,16,8,1,4
"dot/dot_int8_int4_int32_1x16x8_1x4x8_neondot/16/1360/real_time",564782,247.361,247.359,ns,,,,,,8,1,16,1360,1,16,8,1,4
"dot/dot_int8_int4_int32_1x16x8_1x4x8_neondot/16/2040/real_time",375036,373.39,372.954,ns,,,,,,8,1,16,2040,1,16,8,1,4
"dot/dot_int8_int4_int32_1x16x8_1x4x8_neondot/16/2720/real_time",281162,494.58,494.555,ns,,,,,,8,1,16,2720,1,16,8,1,4
"dot/dot_int8_int4_int32_1x16x8_1x4x8_neondot/32/8/real_time",26812219,5.23438,5.23437,ns,,,,,,8,1,16,8,1,32,8,1,4
"dot/dot_int8_int4_int32_1x16x8_1x4x8_neondot/32/352/real_time",1164169,120.461,120.46,ns,,,,,,8,1,16,352,1,32,8,1,4
"dot/dot_int8_int4_int32_1x16x8_1x4x8_neondot/32/712/real_time",558375,249.357,248.835,ns,,,,,,8,1,16,712,1,32,8,1,4
"dot/dot_int8_int4_int32_1x16x8_1x4x8_neondot/32/1072/real_time",361358,386.945,386.899,ns,,,,,,8,1,16,1072,1,32,8,1,4
"dot/dot_int8_int4_int32_1x16x8_1x4x8_neondot/32/1432/real_time",267211,521.192,521.169,ns,,,,,,8,1,16,1432,1,32,8,1,4
"dot/dot_int8_int4_int32_1x16x8_1x4x8_neondot/64/8/real_time",16805033,8.33305,8.3331,ns,,,,,,8,1,16,8,1,64,8,1,4
"dot/dot_int8_int4_int32_1x16x8_1x4x8_neondot/64/184/real_time",1113752,125.139,125.133,ns,,,,,,8,1,16,184,1,64,8,1,4
"dot/dot_int8_int4_int32_1x16x8_1x4x8_neondot/64/368/real_time",556513,250.043,250.043,ns,,,,,,8,1,16,368,1,64,8,1,4
"dot/dot_int8_int4_int32_1x16x8_1x4x8_neondot/64/552/real_time",369988,377.641,377.626,ns,,,,,,8,1,16,552,1,64,8,1,4
"dot/dot_int8_int4_int32_1x16x8_1x4x8_neondot/64/736/real_time",271277,517.358,517.357,ns,,,,,,8,1,16,736,1,64,8,1,4
"dot/dot_int8_int4_int32_1x16x8_1x4x8_neondot/128/8/real_time",9628280,14.5296,14.5289,ns,,,,,,8,1,16,8,1,128,8,1,4
"dot/dot_int8_int4_int32_1x16x8_1x4x8_neondot/128/88/real_time",1165360,120.317,120.317,ns,,,,,,8,1,16,88,1,128,8,1,4
"dot/dot_int8_int4_int32_1x16x8_1x4x8_neondot/128/184/real_time",556260,250.827,250.813,ns,,,,,,8,1,16,184,1,128,8,1,4
"dot/dot_int8_int4_int32_1x16x8_1x4x8_neondot/128/272/real_time",375717,372.293,372.291,ns,,,,,,8,1,16,272,1,128,8,1,4
"dot/dot_int8_int4_int32_1x16x8_1x4x8_neondot/128/368/real_time",277491,499.381,499.357,ns,,,,,,8,1,16,368,1,128,8,1,4
"dot/dot_int8_int4_int32_2x16x8_1x4x8_neondot/16/8/real_time",19242388,7.27807,7.2781,ns,,,,,,8,2,16,8,2,16,8,1,4
"dot/dot_int8_int4_int32_2x16x8_1x4x8_neondot/16/608/real_time",927139,150.46,150.45,ns,,,,,,8,2,16,608,2,16,8,1,4
"dot/dot_int8_int4_int32_2x16x8_1x4x8_neondot/16/1216/real_time",462936,300.31,300.296,ns,,,,,,8,2,16,1216,2,16,8,1,4
"dot/dot_int8_int4_int32_2x16x8_1x4x8_neondot/16/1824/real_time",312211,451.132,451.131,ns,,,,,,8,2,16,1824,2,16,8,1,4
"dot/dot_int8_int4_int32_2x16x8_1x4x8_neondot/16/2440/real_time",231814,603.134,603.104,ns,,,,,,8,2,16,2440,2,16,8,1,4
"dot/dot_int8_int4_int32_2x16x8_1x4x8_neondot/32/8/real_time",14716794,9.54051,9.54046,ns,,,,,,8,2,16,8,2,32,8,1,4
"dot/dot_int8_int4_int32_2x16x8_1x4x8_neondot/32/336/real_time",839058,166.364,166.354,ns,,,,,,8,2,16,336,2,32,8,1,4
"dot/dot_int8_int4_int32_2x16x8_1x4x8_neondot/32/672/real_time",423048,333.213,333.213,ns,,,,,,8,2,16,672,2,32,8,1,4
"dot/dot_int8_int4_int32_2x16x8_1x4x8_neondot/32/1008/real_time",280017,496.09,496.066,ns,,,,,,8,2,16,1008,2,32,8,1,4
"dot/dot_int8_int4_int32_2x16x8_1x4x8_neondot/32/1344/real_time",211234,662.614,662.611,ns,,,,,,8,2,16,1344,2,32,8,1,4
"dot/dot_int8_int4_int32_2x16x8_1x4x8_neondot/64/8/real_time",10587046,13.1476,13.1468,ns,,,,,,8,2,16,8,2,64,8,1,4
"dot/dot_int8_int4_int32_2x16x8_1x4x8_neondot/64/176/real_time",799747,175.121,175.12,ns,,,,,,8,2,16,176,2,64,8,1,4
"dot/dot_int8_int4_int32_2x16x8_1x4x8_neondot/64/352/real_time",401160,347.675,347.652,ns,,,,,,8,2,16,352,2,64,8,1,4
"dot/dot_int8_int4_int32_2x16x8_1x4x8_neondot/64/528/real_time",267726,523.457,523.453,ns,,,,,,8,2,16,528,2,64,8,1,4
"dot/dot_int8_int4_int32_2x16x8_1x4x8_neondot/64/704/real_time",201878,699.708,699.705,ns,,,,,,8,2,16,704,2,64,8,1,4
"dot/dot_int8_int4_int32_2x16x8_1x4x8_neondot/128/8/real_time",6532529,21.4649,21.4649,ns,,,,,,8,2,16,8,2,128,8,1,4
"dot/dot_int8_int4_int32_2x16x8_1x4x8_neondot/128/88/real_time",800721,173.312,173.304,ns,,,,,,8,2,16,88,2,128,8,1,4
"dot/dot_int8_int4_int32_2x16x8_1x4x8_neondot/128/176/real_time",402209,347.443,347.444,ns,,,,,,8,2,16,176,2,128,8,1,4
"dot/dot_int8_int4_int32_2x16x8_1x4x8_neondot/128/264/real_time",268587,520.421,520.394,ns,,,,,,8,2,16,264,2,128,8,1,4
"dot/dot_int8_int4_int32_2x16x8_1x4x8_neondot/128/352/real_time",200869,693.419,693.382,ns,,,,,,8,2,16,352,2,128,8,1,4
"dot/dot_int8_int4_int32_3x16x8_1x4x8_neondot/16/8/real_time",13384427,10.9782,10.7884,ns,,,,,,8,3,16,8,3,16,8,1,4
"dot/dot_int8_int4_int32_3x16x8_1x4x8_neondot/16/552/real_time",768297,178.881,178.874,ns,,,,,,8,3,16,552,3,16,8,1,4
"dot/dot_int8_int4_int32_3x16x8_1x4x8_neondot/16/1104/real_time",390216,358.767,358.753,ns,,,,,,8,3,16,1104,3,16,8,1,4
"dot/dot_int8_int4_int32_3x16x8_1x4x8_neondot/16/1656/real_time",258466,542.259,542.257,ns,,,,,,8,3,16,1656,3,16,8,1,4
"dot/dot_int8_int4_int32_3x16x8_1x4x8_neondot/16/2216/real_time",192996,710.455,710.419,ns,,,,,,8,3,16,2216,3,16,8,1,4
"dot/dot_int8_int4_int32_3x16x8_1x4x8_neondot/32/8/real_time",10659729,13.1075,13.1069,ns,,,,,,8,3,16,8,3,32,8,1,4
"dot/dot_int8_int4_int32_3x16x8_1x4x8_neondot/32/312/real_time",694898,202.79,202.794,ns,,,,,,8,3,16,312,3,32,8,1,4
"dot/dot_int8_int4_int32_3x16x8_1x4x8_neondot/32/632/real_time",341374,410.417,410.418,ns,,,,,,8,3,16,632,3,32,8,1,4
"dot/dot_int8_int4_int32_3x16x8_1x4x8_neondot/32/952/real_time",228617,617.033,617.036,ns,,,,,,8,3,16,952,3,32,8,1,4
"dot/dot_int8_int4_int32_3x16x8_1x4x8_neondot/32/1272/real_time",169174,824.983,824.926,ns,,,,,,8,3,16,1272,3,32,8,1,4
"dot/dot_int8_int4_int32_3x16x8_1x4x8_neondot/64/8/real_time",7653114,18.3266,18.3265,ns,,,,,,8,3,16,8,3,64,8,1,4
"dot/dot_int8_int4_int32_3x16x8_1x4x8_neondot/64/168/real_time",640174,226.878,223.35,ns,,,,,,8,3,16,168,3,64,8,1,4
"dot/dot_int8_int4_int32_3x16x8_1x4x8_neondot/64/336/real_time",323944,438.235,437.705,ns,,,,,,8,3,16,336,3,64,8,1,4
"dot/dot_int8_int4_int32_3x16x8_1x4x8_neondot/64/504/real_time",212173,660.523,660.527,ns,,,,,,8,3,16,504,3,64,8,1,4
"dot/dot_int8_int4_int32_3x16x8_1x4x8_neondot/64/680/real_time",158585,884.561,884.56,ns,,,,,,8,3,16,680,3,64,8,1,4
"dot/dot_int8_int4_int32_3x16x8_1x4x8_neondot/128/8/real_time",4765991,29.3318,29.3303,ns,,,,,,8,3,16,8,3,128,8,1,4
"dot/dot_int8_int4_int32_3x16x8_1x4x8_neondot/128/80/real_time",668225,209.328,209.328,ns,,,,,,8,3,16,80,3,128,8,1,4
"dot/dot_int8_int4_int32_3x16x8_1x4x8_neondot/128/168/real_time",319209,435.964,435.74,ns,,,,,,8,3,16,168,3,128,8,1,4
"dot/dot_int8_int4_int32_3x16x8_1x4x8_neondot/128/248/real_time",218163,642.091,642.089,ns,,,,,,8,3,16,248,3,128,8,1,4
"dot/dot_int8_int4_int32_3x16x8_1x4x8_neondot/128/336/real_time",161068,873.131,873.085,ns,,,,,,8,3,16,336,3,128,8,1,4
"dot/dot_int8_int4_int32_4x16x8_1x4x8_neondot/16/8/real_time",10910154,12.8243,12.8244,ns,,,,,,8,4,16,8,4,16,8,1,4
"dot/dot_int8_int4_int32_4x16x8_1x4x8_neondot/16/504/real_time",684488,202.28,202.269,ns,,,,,,8,4,16,504,4,16,8,1,4
"dot/dot_int8_int4_int32_4x16x8_1x4x8_neondot/16/1008/real_time",344053,403.807,403.784,ns,,,,,,8,4,16,1008,4,16,8,1,4
"dot/dot_int8_int4_int32_4x16x8_1x4x8_neondot/16/1512/real_time",230619,608.005,608.003,ns,,,,,,8,4,16,1512,4,16,8,1,4
"dot/dot_int8_int4_int32_4x16x8_1x4x8_neondot/16/2024/real_time",175025,809.406,809.404,ns,,,,,,8,4,16,2024,4,16,8,1,4
"dot/dot_int8_int4_int32_4x16x8_1x4x8_neondot/32/8/real_time",9101005,15.2762,15.2755,ns,,,,,,8,4,16,8,4,32,8,1,4
"dot/dot_int8_int4_int32_4x16x8_1x4x8_neondot/32/296/real_time",583818,239.201,239.201,ns,,,,,,8,4,16,296,4,32,8,1,4
"dot/dot_int8_int4_int32_4x16x8_1x4x8_neondot/32/600/real_time",293172,487.202,487.202,ns,,,,,,8,4,16,600,4,32,8,1,4
"dot/dot_int8_int4_int32_4x16x8_1x4x8_neondot/32/896/real_time",191984,723.053,723.013,ns,,,,,,8,4,16,896,4,32,8,1,4
"dot/dot_int8_int4_int32_4x16x8_1x4x8_neondot/32/1200/real_time",144811,967.138,967.143,ns,,,,,,8,4,16,1200,4,32,8,1,4
"dot/dot_int8_int4_int32_4x16x8_1x4x8_neondot/64/8/real_time",6099265,22.8815,22.8801,ns,,,,,,8,4,16,8,4,64,8,1,4
"dot/dot_int8_int4_int32_4x16x8_1x4x8_neondot/64/160/real_time",551102,256.308,256.31,ns,,,,,,8,4,16,160,4,64,8,1,4
"dot/dot_int8_int4_int32_4x16x8_1x4x8_neondot/64/320/real_time",273327,513.368,513.341,ns,,,,,,8,4,16,320,4,64,8,1,4
"dot/dot_int8_int4_int32_4x16x8_1x4x8_neondot/64/480/real_time",181098,769.229,769.191,ns,,,,,,8,4,16,480,4,64,8,1,4
"dot/dot_int8_int4_int32_4x16x8_1x4x8_neondot/64/648/real_time",133464,1044.88,1044.81,ns,,,,,,8,4,16,648,4,64,8,1,4
"dot/dot_int8_int4_int32_4x16x8_1x4x8_neondot/128/8/real_time",3810137,36.7591,36.759,ns,,,,,,8,4,16,8,4,128,8,1,4
"dot/dot_int8_int4_int32_4x16x8_1x4x8_neondot/128/80/real_time",536920,258.84,258.828,ns,,,,,,8,4,16,80,4,128,8,1,4
"dot/dot_int8_int4_int32_4x16x8_1x4x8_neondot/128/160/real_time",273499,512.347,512.349,ns,,,,,,8,4,16,160,4,128,8,1,4
"dot/dot_int8_int4_int32_4x16x8_1x4x8_neondot/128/240/real_time",181595,767.792,767.769,ns,,,,,,8,4,16,240,4,128,8,1,4
"dot/dot_int8_int4_int32_4x16x8_1x4x8_neondot/128/328/real_time",132427,1055.24,1055.25,ns,,,,,,8,4,16,328,4,128,8,1,4
"dot/dot_int8_int4_int32_5x16x8_1x4x8_neondot/16/8/real_time",10564343,13.4215,13.4209,ns,,,,,,8,5,16,8,5,16,8,1,4
"dot/dot_int8_int4_int32_5x16x8_1x4x8_neondot/16/464/real_time",622107,225.579,225.579,ns,,,,,,8,5,16,464,5,16,8,1,4
"dot/dot_int8_int4_int32_5x16x8_1x4x8_neondot/16/928/real_time",312501,446.662,446.635,ns,,,,,,8,5,16,928,5,16,8,1,4
"dot/dot_int8_int4_int32_5x16x8_1x4x8_neondot/16/1392/real_time",208910,671.323,671.323,ns,,,,,,8,5,16,1392,5,16,8,1,4
"dot/dot_int8_int4_int32_5x16x8_1x4x8_neondot/16/1864/real_time",155802,910.99,910.99,ns,,,,,,8,5,16,1864,5,16,8,1,4
"dot/dot_int8_int4_int32_5x16x8_1x4x8_neondot/32/8/real_time",7687942,18.1432,18.1432,ns,,,,,,8,5,16,8,5,32,8,1,4
"dot/dot_int8_int4_int32_5x16x8_1x4x8_neondot/32/280/real_time",515750,271.872,271.87,ns,,,,,,8,5,16,280,5,32,8,1,4
"dot/dot_int8_int4_int32_5x16x8_1x4x8_neondot/32/568/real_time",255328,544.917,542.334,ns,,,,,,8,5,16,568,5,32,8,1,4
"dot/dot_int8_int4_int32_5x16x8_1x4x8_neondot/32/848/real_time",172227,820.701,820.197,ns,,,,,,8,5,16,848,5,32,8,1,4
"dot/dot_int8_int4_int32_5x16x8_1x4x8_neondot/32/1136/real_time",126851,1090.34,1090.22,ns,,,,,,8,5,16,1136,5,32,8,1,4
"dot/dot_int8_int4_int32_5x16x8_1x4x8_neondot/64/8/real_time",5061537,27.6854,27.6487,ns,,,,,,8,5,16,8,5,64,8,1,4
"dot/dot_int8_int4_int32_5x16x8_1x4x8_neondot/64/152/real_time",463616,293.848,293.154,ns,,,,,,8,5,16,152,5,64,8,1,4
"dot/dot_int8_int4_int32_5x16x8_1x4x8_neondot/64/312/real_time",229657,608.484,607.088,ns,,,,,,8,5,16,312,5,64,8,1,4
"dot/dot_int8_int4_int32_5x16x8_1x4x8_neondot/64/464/real_time",157651,892.038,892.04,ns,,,,,,8,5,16,464,5,64,8,1,4
"dot/dot_int8_int4_int32_5x16x8_1x4x8_neondot/64/624/real_time",116531,1193.64,1193.58,ns,,,,,,8,5,16,624,5,64,8,1,4
"dot/dot_int8_int4_int32_5x16x8_1x4x8_neondot/128/8/real_time",3043012,45.9815,45.9817,ns,,,,,,8,5,16,8,5,128,8,1,4
"dot/dot_int8_int4_int32_5x16x8_1x4x8_neondot/128/72/real_time",496770,281.581,281.567,ns,,,,,,8,5,16,72,5,128,8,1,4
"dot/dot_int8_int4_int32_5x16x8_1x4x8_neondot/128/152/real_time",216428,687.111,652.688,ns,,,,,,8,5,16,152,5,128,8,1,4
"dot/dot_int8_int4_int32_5x16x8_1x4x8_neondot/128/232/real_time",150124,901.351,896.479,ns,,,,,,8,5,16,232,5,128,8,1,4
"dot/dot_int8_int4_int32_5x16x8_1x4x8_neondot/128/312/real_time",113358,1219.3,1211.3,ns,,,,,,8,5,16,312,5,128,8,1,4
"dot/dot_int8_int4_int32_1x8x8_1x4x8_neondot/8/8/real_time",41716898,3.3481,3.33826,ns,,,,,,8,1,8,8,1,8,8,1,4
"dot/dot_int8_int4_int32_1x8x8_1x4x8_neondot/8/1224/real_time",705728,187.181,186.994,ns,,,,,,8,1,8,1224,1,8,8,1,4
"dot/dot_int8_int4_int32_1x8x8_1x4x8_neondot/8/2448/real_time",348080,401.611,401.609,ns,,,,,,8,1,8,2448,1,8,8,1,4
"dot/dot_int8_int4_int32_1x8x8_1x4x8_neondot/8/3672/real_time",202988,656.22,651.62,ns,,,,,,8,1,8,3672,1,8,8,1,4
"dot/dot_int8_int4_int32_1x8x8_1x4x8_neondot/8/4904/real_time",169707,890.564,868.909,ns,,,,,,8,1,8,4904,1,8,8,1,4
"dot/dot_int8_int4_int32_1x8x8_1x4x8_neondot/16/8/real_time",31065778,4.48558,4.48252,ns,,,,,,8,1,8,8,1,16,8,1,4
"dot/dot_int8_int4_int32_1x8x8_1x4x8_neondot/16/680/real_time",790745,176.678,176.678,ns,,,,,,8,1,8,680,1,16,8,1,4
"dot/dot_int8_int4_int32_1x8x8_1x4x8_neondot/16/1360/real_time",326719,423.444,423.443,ns,,,,,,8,1,8,1360,1,16,8,1,4
"dot/dot_int8_int4_int32_1x8x8_1x4x8_neondot/16/2040/real_time",210664,658.928,658.917,ns,,,,,,8,1,8,2040,1,16,8,1,4
"dot/dot_int8_int4_int32_1x8x8_1x4x8_neondot/16/2720/real_time",154727,917.722,914.533,ns,,,,,,8,1,8,2720,1,16,8,1,4
"dot/dot_int8_int4_int32_1x8x8_1x4x8_neondot/32/8/real_time",20535563,6.7179,6.71479,ns,,,,,,8,1,8,8,1,32,8,1,4
"dot/dot_int8_int4_int32_1x8x8_1x4x8_neondot/32/352/real_time",854988,166.935,166.935,ns,,,,,,8,1,8,352,1,32,8,1,4
"dot/dot_int8_int4_int32_1x8x8_1x4x8_neondot/32/712/real_time",367288,365.828,365.806,ns,,,,,,8,1,8,712,1,32,8,1,4
"dot/dot_int8_int4_int32_1x8x8_1x4x8_neondot/32/1072/real_time",221296,632.233,632.235,ns,,,,,,8,1,8,1072,1,32,8,1,4
"dot/dot_int8_int4_int32_1x8x8_1x4x8_neondot/32/1432/real_time",159543,887.423,887.422,ns,,,,,,8,1,8,1432,1,32,8,1,4
"dot/dot_int8_int4_int32_1x8x8_1x4x8_neondot/64/8/real_time",12532777,11.1544,11.1544,ns,,,,,,8,1,8,8,1,64,8,1,4
"dot/dot_int8_int4_int32_1x8x8_1x4x8_neondot/64/184/real_time",956401,144.713,144.705,ns,,,,,,8,1,8,184,1,64,8,1,4
"dot/dot_int8_int4_int32_1x8x8_1x4x8_neondot/64/368/real_time",411223,340.894,340.895,ns,,,,,,8,1,8,368,1,64,8,1,4
"dot/dot_int8_int4_int32_1x8x8_1x4x8_neondot/64/552/real_time",265168,535.883,535.879,ns,,,,,,8,1,8,552,1,64,8,1,4
"dot/dot_int8_int4_int32_1x8x8_1x4x8_neondot/64/736/real_time",182055,750.985,750.592,ns,,,,,,8,1,8,736,1,64,8,1,4
"dot/dot_int8_int4_int32_8x8x8_1x4x8_neondot/8/8/real_time",9921074,14.0955,14.0954,ns,,,,,,8,8,8,8,8,8,8,1,4
"dot/dot_int8_int4_int32_8x8x8_1x4x8_neondot/8/504/real_time",767400,182.978,182.978,ns,,,,,,8,8,8,504,8,8,8,1,4
"dot/dot_int8_int4_int32_8x8x8_1x4x8_neondot/8/1008/real_time",378352,372.384,372.386,ns,,,,,,8,8,8,1008,8,8,8,1,4
"dot/dot_int8_int4_int32_8x8x8_1x4x8_neondot/8/1512/real_time",251328,552.653,552.628,ns,,,,,,8,8,8,1512,8,8,8,1,4
"dot/dot_int8_int4_int32_8x8x8_1x4x8_neondot/8/2024/real_time",188125,745.312,745.276,ns,,,,,,8,8,8,2024,8,8,8,1,4
"dot/dot_int8_int4_int32_8x8x8_1x4x8_neondot/16/8/real_time",8237717,16.9981,16.998,ns,,,,,,8,8,8,8,8,16,8,1,4
"dot/dot_int8_int4_int32_8x8x8_1x4x8_neondot/16/376/real_time",505666,276.316,276.317,ns,,,,,,8,8,8,376,8,16,8,1,4
"dot/dot_int8_int4_int32_8x8x8_1x4x8_neondot/16/752/real_time",251899,546.668,546.644,ns,,,,,,8,8,8,752,8,16,8,1,4
"dot/dot_int8_int4_int32_8x8x8_1x4x8_neondot/16/1128/real_time",169968,819.07,819.031,ns,,,,,,8,8,8,1128,8,16,8,1,4
"dot/dot_int8_int4_int32_8x8x8_1x4x8_neondot/16/1504/real_time",129146,1089.7,1089.7,ns,,,,,,8,8,8,1504,8,16,8,1,4
"dot/dot_int8_int4_int32_8x8x8_1x4x8_neondot/32/8/real_time",5864345,23.8414,23.8402,ns,,,,,,8,8,8,8,8,32,8,1,4
"dot/dot_int8_int4_int32_8x8x8_1x4x8_neondot/32/240/real_time",399566,351.063,351.061,ns,,,,,,8,8,8,240,8,32,8,1,4
"dot/dot_int8_int4_int32_8x8x8_1x4x8_neondot/32/488/real_time",196370,708.363,706.829,ns,,,,,,8,8,8,488,8,32,8,1,4
"dot/dot_int8_int4_int32_8x8x8_1x4x8_neondot/32/728/real_time",133079,1055.13,1055.13,ns,,,,,,8,8,8,728,8,32,8,1,4
"dot/dot_int8_int4_int32_8x8x8_1x4x8_neondot/32/976/real_time",98957,1414.91,1414.84,ns,,,,,,8,8,8,976,8,32,8,1,4
"dot/dot_int8_int4_int32_8x8x8_1x4x8_neondot/64/8/real_time",3663084,38.2252,38.2254,ns,,,,,,8,8,8,8,8,64,8,1,4
"dot/dot_int8_int4_int32_8x8x8_1x4x8_neondot/64/136/real_time",349110,397.448,397.428,ns,,,,,,8,8,8,136,8,64,8,1,4
"dot/dot_int8_int4_int32_8x8x8_1x4x8_neondot/64/280/real_time",173865,809.712,809.709,ns,,,,,,8,8,8,280,8,64,8,1,4
"dot/dot_int8_int4_int32_8x8x8_1x4x8_neondot/64/416/real_time",116207,1203.03,1203.03,ns,,,,,,8,8,8,416,8,64,8,1,4
"dot/dot_int8_int4_int32_8x8x8_1x4x8_neondot/64/560/real_time",86892,1613.25,1613.17,ns,,,,,,8,8,8,560,8,64,8,1,4
"dot/dot_int8_int4_int32_8x4x8_1x4x8_neondot/4/8/real_time",14848709,9.40551,9.40546,ns,,,,,,8,8,4,8,8,4,8,1,4
"dot/dot_int8_int4_int32_8x4x8_1x4x8_neondot/4/608/real_time",1141095,122.185,122.179,ns,,,,,,8,8,4,608,8,4,8,1,4
"dot/dot_int8_int4_int32_8x4x8_1x4x8_neondot/4/1216/real_time",565499,247.793,247.779,ns,,,,,,8,8,4,1216,8,4,8,1,4
"dot/dot_int8_int4_int32_8x4x8_1x4x8_neondot/4/1824/real_time",377970,370.481,370.479,ns,,,,,,8,8,4,1824,8,4,8,1,4
"dot/dot_int8_int4_int32_8x4x8_1x4x8_neondot/4/2440/real_time",282653,495.265,495.265,ns,,,,,,8,8,4,2440,8,4,8,1,4
"dot/dot_int8_int4_int32_8x4x8_1x4x8_neondot/8/8/real_time",12857012,10.8705,10.8699,ns,,,,,,8,8,4,8,8,8,8,1,4
"dot/dot_int8_int4_int32_8x4x8_1x4x8_neondot/8/504/real_time",698330,200.128,200.129,ns,,,,,,8,8,4,504,8,8,8,1,4
"dot/dot_int8_int4_int32_8x4x8_1x4x8_neondot/8/1008/real_time",344292,406.853,406.71,ns,,,,,,8,8,4,1008,8,8,8,1,4
"dot/dot_int8_int4_int32_8x4x8_1x4x8_neondot/8/1512/real_time",227606,610.948,610.915,ns,,,,,,8,8,4,1512,8,8,8,1,4
"dot/dot_int8_int4_int32_8x4x8_1x4x8_neondot/8/2024/real_time",170330,821.597,821.599,ns,,,,,,8,8,4,2024,8,8,8,1,4
"dot/dot_int8_int4_int32_8x4x8_1x4x8_neondot/16/8/real_time",8747653,16.0224,16.0225,ns,,,,,,8,8,4,8,8,16,8,1,4
"dot/dot_int8_int4_int32_8x4x8_1x4x8_neondot/16/376/real_time",480008,297.608,297.608,ns,,,,,,8,8,4,376,8,16,8,1,4
"dot/dot_int8_int4_int32_8x4x8_1x4x8_neondot/16/752/real_time",230896,606.469,606.438,ns,,,,,,8,8,4,752,8,16,8,1,4
"dot/dot_int8_int4_int32_8x4x8_1x4x8_neondot/16/1128/real_time",153408,903.808,902.469,ns,,,,,,8,8,4,1128,8,16,8,1,4
"dot/dot_int8_int4_int32_8x4x8_1x4x8_neondot/16/1504/real_time",115565,1211.19,1211.19,ns,,,,,,8,8,4,1504,8,16,8,1,4
"dot/dot_int8_int4_int32_8x4x8_1x4x8_neondot/32/8/real_time",5702686,24.5433,24.5433,ns,,,,,,8,8,4,8,8,32,8,1,4
"dot/dot_int8_int4_int32_8x4x8_1x4x8_neondot/32/240/real_time",376185,370.92,370.9,ns,,,,,,8,8,4,240,8,32,8,1,4
"dot/dot_int8_int4_int32_8x4x8_1x4x8_neondot/32/488/real_time",180458,775.325,775.327,ns,,,,,,8,8,4,488,8,32,8,1,4
"dot/dot_int8_int4_int32_8x4x8_1x4x8_neondot/32/728/real_time",125300,1156.69,1156.62,ns,,,,,,8,8,4,728,8,32,8,1,4
"dot/dot_int8_int4_int32_8x4x8_1x4x8_neondot/32/976/real_time",88740,1574.15,1574.07,ns,,,,,,8,8,4,976,8,32,8,1,4
"dot/dot_int8_int8_int32_1x64x8_1x4x4_neondot/64/8/real_time",16053980,8.72105,8.72101,ns,,,,,,8,1,64,8,1,64,4,1,4
"dot/dot_int8_int8_int32_1x64x8_1x4x4_neondot/64/88/real_time",3754186,37.3594,37.3594,ns,,,,,,8,1,64,88,1,64,4,1,4
"dot/dot_int8_int8_int32_1x64x8_1x4x4_neondot/64/184/real_time",1987505,70.7248,70.7244,ns,,,,,,8,1,64,184,1,64,4,1,4
"dot/dot_int8_int8_int32_1x64x8_1x4x4_neondot/64/272/real_time",1376090,101.307,101.283,ns,,,,,,8,1,64,272,1,64,4,1,4
"dot/dot_int8_int8_int32_1x64x8_1x4x4_neondot/64/368/real_time",1036190,134.784,134.784,ns,,,,,,8,1,64,368,1,64,4,1,4
"dot/dot_int8_int8_int32_1x64x8_1x4x4_neondot/128/8/real_time",11350009,12.3205,12.3177,ns,,,,,,8,1,64,8,1,128,4,1,4
"dot/dot_int8_int8_int32_1x64x8_1x4x4_neondot/128/40/real_time",4015148,34.7757,34.7756,ns,,,,,,8,1,64,40,1,128,4,1,4
"dot/dot_int8_int8_int32_1x64x8_1x4x4_neondot/128/88/real_time",2057310,68.2335,68.1025,ns,,,,,,8,1,64,88,1,128,4,1,4
"dot/dot_int8_int8_int32_1x64x8_1x4x4_neondot/128/136/real_time",1374492,101.792,101.793,ns,,,,,,8,1,64,136,1,128,4,1,4
"dot/dot_int8_int8_int32_1x64x8_1x4x4_neondot/128/184/real_time",1051689,135.099,135.099,ns,,,,,,8,1,64,184,1,128,4,1,4
"dot/dot_int8_int8_int32_1x64x8_1x4x4_neondot/256/8/real_time",7756519,18.0249,18.0241,ns,,,,,,8,1,64,8,1,256,4,1,4
"dot/dot_int8_int8_int32_1x64x8_1x4x4_neondot/256/16/real_time",4761621,29.2201,29.2178,ns,,,,,,8,1,64,16,1,256,4,1,4
"dot/dot_int8_int8_int32_1x64x8_1x4x4_neondot/256/40/real_time",2176740,64.3207,64.321,ns,,,,,,8,1,64,40,1,256,4,1,4
"dot/dot_int8_int8_int32_1x64x8_1x4x4_neondot/256/64/real_time",1414912,98.5585,98.5538,ns,,,,,,8,1,64,64,1,256,4,1,4
"dot/dot_int8_int8_int32_1x64x8_1x4x4_neondot/256/88/real_time",1049931,133.321,133.321,ns,,,,,,8,1,64,88,1,256,4,1,4
"dot/dot_int8_int8_int32_1x64x8_1x4x4_neondot/512/8/real_time",4357897,32.0931,32.093,ns,,,,,,8,1,64,8,1,512,4,1,4
"dot/dot_int8_int8_int32_1x64x8_1x4x4_neondot/512/16/real_time",2706669,51.6813,51.6787,ns,,,,,,8,1,64,16,1,512,4,1,4
"dot/dot_int8_int8_int32_1x64x8_1x4x4_neondot/512/24/real_time",1848982,75.7071,75.7076,ns,,,,,,8,1,64,24,1,512,4,1,4
"dot/dot_int8_int8_int32_1x64x8_1x4x4_neondot/512/40/real_time",1152342,121.888,121.887,ns,,,,,,8,1,64,40,1,512,4,1,4
"dot/dot_int8_int8_int32_1x32x8_1x4x4_neondot/32/8/real_time",25894357,5.40897,5.40898,ns,,,,,,8,1,32,8,1,32,4,1,4
"dot/dot_int8_int8_int32_1x32x8_1x4x4_neondot/32/184/real_time",3614477,38.671,38.6692,ns,,,,,,8,1,32,184,1,32,4,1,4
"dot/dot_int8_int8_int32_1x32x8_1x4x4_neondot/32/368/real_time",1970996,70.8579,70.854,ns,,,,,,8,1,32,368,1,32,4,1,4
"dot/dot_int8_int8_int32_1x32x8_1x4x4_neondot/32/552/real_time",1353087,103.596,103.595,ns,,,,,,8,1,32,552,1,32,4,1,4
"dot/dot_int8_int8_int32_1x32x8_1x4x4_neondot/32/736/real_time",1016826,137.839,137.839,ns,,,,,,8,1,32,736,1,32,4,1,4
"dot/dot_int8_int8_int32_1x32x8_1x4x4_neondot/64/8/real_time",13943819,10.0821,10.0815,ns,,,,,,8,1,32,8,1,64,4,1,4
"dot/dot_int8_int8_int32_1x32x8_1x4x4_neondot/64/88/real_time",3491464,38.4581,38.0906,ns,,,,,,8,1,32,88,1,64,4,1,4
"dot/dot_int8_int8_int32_1x32x8_1x4x4_neondot/64/184/real_time",1962441,71.217,71.2169,ns,,,,,,8,1,32,184,1,64,4,1,4
"dot/dot_int8_int8_int32_1x32x8_1x4x4_neondot/64/272/real_time",1368948,102.236,102.23,ns,,,,,,8,1,32,272,1,64,4,1,4
"dot/dot_int8_int8_int32_1x32x8_1x4x4_neondot/64/368/real_time",1026594,136.765,136.266,ns,,,,,,8,1,32,368,1,64,4,1,4
"dot/dot_int8_int8_int32_1x32x8_1x4x4_neondot/128/8/real_time",11162494,12.4502,12.4502,ns,,,,,,8,1,32,8,1,128,4,1,4
"dot/dot_int8_int8_int32_1x32x8_1x4x4_neondot/128/40/real_time",3907513,35.8053,35.8051,ns,,,,,,8,1,32,40,1,128,4,1,4
"dot/dot_int8_int8_int32_1x32x8_1x4x4_neondot/128/88/real_time",2014331,69.9548,69.9552,ns,,,,,,8,1,32,88,1,128,4,1,4
"dot/dot_int8_int8_int32_1x32x8_1x4x4_neondot/128/136/real_time",1346915,104.019,104.014,ns,,,,,,8,1,32,136,1,128,4,1,4
"dot/dot_int8_int8_int32_1x32x8_1x4x4_neondot/128/184/real_time",1014401,138.124,138.124,ns,,,,,,8,1,32,184,1,128,4,1,4
"dot/dot_int8_int8_int32_1x32x8_1x4x4_neondot/256/8/real_time",6405564,22.0336,22.0324,ns,,,,,,8,1,32,8,1,256,4,1,4
"dot/dot_int8_int8_int32_1x32x8_1x4x4_neondot/256/16/real_time",4652612,30.0897,30.0732,ns,,,,,,8,1,32,16,1,256,4,1,4
"dot/dot_int8_int8_int32_1x32x8_1x4x4_neondot/256/40/real_time",2104336,66.5085,66.5084,ns,,,,,,8,1,32,40,1,256,4,1,4
"dot/dot_int8_int8_int32_1x32x8_1x4x4_neondot/256/64/real_time",1352069,103.58,103.575,ns,,,,,,8,1,32,64,1,256,4,1,4
"dot/dot_int8_int8_int32_1x32x8_1x4x4_neondot/256/88/real_time",995028,139.911,139.903,ns,,,,,,8,1,32,88,1,256,4,1,4
"dot/dot_int8_int8_int32_2x32x8_1x4x4_neondot/32/8/real_time",11993788,11.8981,11.8981,ns,,,,,,8,2,32,8,2,32,4,1,4
"dot/dot_int8_int8_int32_2x32x8_1x4x4_neondot/32/176/real_time",2984555,46.5603,46.5577,ns,,,,,,8,2,32,176,2,32,4,1,4
"dot/dot_int8_int8_int32_2x32x8_1x4x4_neondot/32/352/real_time",1567771,89.0151,89.0156,ns,,,,,,8,2,32,352,2,32,4,1,4
"dot/dot_int8_int8_int32_2x32x8_1x4x4_neondot/32/528/real_time",1052938,133.191,133.191,ns,,,,,,8,2,32,528,2,32,4,1,4
"dot/dot_int8_int8_int32_2x32x8_1x4x4_neondot/32/712/real_time",757748,184.061,184.023,ns,,,,,,8,2,32,712,2,32,4,1,4
"dot/dot_int8_int8_int32_2x32x8_1x4x4_neondot/64/8/real_time",10104807,13.8628,13.861,ns,,,,,,8,2,32,8,2,64,4,1,4
"dot/dot_int8_int8_int32_2x32x8_1x4x4_neondot/64/88/real_time",3129675,44.9394,44.9325,ns,,,,,,8,2,32,88,2,64,4,1,4
"dot/dot_int8_int8_int32_2x32x8_1x4x4_neondot/64/176/real_time",1574414,88.9063,88.9067,ns,,,,,,8,2,32,176,2,64,4,1,4
"dot/dot_int8_int8_int32_2x32x8_1x4x4_neondot/64/264/real_time",1051061,133.361,133.356,ns,,,,,,8,2,32,264,2,64,4,1,4
"dot/dot_int8_int8_int32_2x32x8_1x4x4_neondot/64/360/real_time",772819,181.215,181.214,ns,,,,,,8,2,32,360,2,64,4,1,4
"dot/dot_int8_int8_int32_2x32x8_1x4x4_neondot/128/8/real_time",7332498,19.4943,19.4936,ns,,,,,,8,2,32,8,2,128,4,1,4
"dot/dot_int8_int8_int32_2x32x8_1x4x4_neondot/128/40/real_time",3311581,42.2794,42.2792,ns,,,,,,8,2,32,40,2,128,4,1,4
"dot/dot_int8_int8_int32_2x32x8_1x4x4_neondot/128/88/real_time",1563178,89.5881,89.588,ns,,,,,,8,2,32,88,2,128,4,1,4
"dot/dot_int8_int8_int32_2x32x8_1x4x4_neondot/128/128/real_time",1079966,129.599,129.599,ns,,,,,,8,2,32,128,2,128,4,1,4
"dot/dot_int8_int8_int32_2x32x8_1x4x4_neondot/128/176/real_time",788410,177.41,177.399,ns,,,,,,8,2,32,176,2,128,4,1,4
"dot/dot_int8_int8_int32_2x32x8_1x4x4_neondot/256/8/real_time",4351864,32.2676,32.2676,ns,,,,,,8,2,32,8,2,256,4,1,4
"dot/dot_int8_int8_int32_2x32x8_1x4x4_neondot/256/16/real_time",3105929,45.1146,45.1121,ns,,,,,,8,2,32,16,2,256,4,1,4
"dot/dot_int8_int8_int32_2x32x8_1x4x4_neondot/256/40/real_time",1680200,83.2775,83.274,ns,,,,,,8,2,32,40,2,256,4,1,4
"dot/dot_int8_int8_int32_2x32x8_1x4x4_neondot/256/56/real_time",1218694,114.777,114.778,ns,,,,,,8,2,32,56,2,256,4,1,4
"dot/dot_int8_int8_int32_2x32x8_1x4x4_neondot/256/80/real_time",859115,163.188,163.188,ns,,,,,,8,2,32,80,2,256,4,1,4
"dot/dot_int8_int8_int32_3x32x8_1x4x4_neondot/32/8/real_time",9999673,14.1374,14.1364,ns,,,,,,8,3,32,8,3,32,4,1,4
"dot/dot_int8_int8_int32_3x32x8_1x4x4_neondot/32/168/real_time",2055291,68.6856,68.6857,ns,,,,,,8,3,32,168,3,32,4,1,4
"dot/dot_int8_int8_int32_3x32x8_1x4x4_neondot/32/344/real_time",1036426,135.165,135.16,ns,,,,,,8,3,32,344,3,32,4,1,4
"dot/dot_int8_int8_int32_3x32x8_1x4x4_neondot/32/512/real_time",703049,199.294,199.295,ns,,,,,,8,3,32,512,3,32,4,1,4
"dot/dot_int8_int8_int32_3x32x8_1x4x4_neondot/32/688/real_time",526548,263.831,263.816,ns,,,,,,8,3,32,688,3,32,4,1,4
"dot/dot_int8_int8_int32_3x32x8_1x4x4_neondot/64/8/real_time",6941489,20.1372,20.1373,ns,,,,,,8,3,32,8,3,64,4,1,4
"dot/dot_int8_int8_int32_3x32x8_1x4x4_neondot/64/88/real_time",1941470,71.9937,71.9908,ns,,,,,,8,3,32,88,3,64,4,1,4
"dot/dot_int8_int8_int32_3x32x8_1x4x4_neondot/64/176/real_time",1002794,138.956,138.956,ns,,,,,,8,3,32,176,3,64,4,1,4
"dot/dot_int8_int8_int32_3x32x8_1x4x4_neondot/64/264/real_time",678940,203.638,203.613,ns,,,,,,8,3,32,264,3,64,4,1,4
"dot/dot_int8_int8_int32_3x32x8_1x4x4_neondot/64/352/real_time",516802,270.645,270.643,ns,,,,,,8,3,32,352,3,64,4,1,4
"dot/dot_int8_int8_int32_3x32x8_1x4x4_neondot/128/8/real_time",4899495,28.7616,28.754,ns,,,,,,8,3,32,8,3,128,4,1,4
"dot/dot_int8_int8_int32_3x32x8_1x4x4_neondot/128/40/real_time",2083536,67.1898,67.1896,ns,,,,,,8,3,32,40,3,128,4,1,4
"dot/dot_int8_int8_int32_3x32x8_1x4x4_neondot/128/80/real_time",1098448,126.973,126.965,ns,,,,,,8,3,32,80,3,128,4,1,4
"dot/dot_int8_int8_int32_3x32x8_1x4x4_neondot/128/120/real_time",744341,187.772,187.762,ns,,,,,,8,3,32,120,3,128,4,1,4
"dot/dot_int8_int8_int32_3x32x8_1x4x4_neondot/128/168/real_time",536862,260.527,260.527,ns,,,,,,8,3,32,168,3,128,4,1,4
"dot/dot_int8_int8_int32_3x32x8_1x4x4_neondot/256/8/real_time",2843980,49.1201,49.1174,ns,,,,,,8,3,32,8,3,256,4,1,4
"dot/dot_int8_int8_int32_3x32x8_1x4x4_neondot/256/16/real_time",2060496,67.9203,67.9201,ns,,,,,,8,3,32,16,3,256,4,1,4
"dot/dot_int8_int8_int32_3x32x8_1x4x4_neondot/256/40/real_time",1087829,128.724,128.71,ns,,,,,,8,3,32,40,3,256,4,1,4
"dot/dot_int8_int8_int32_3x32x8_1x4x4_neondot/256/56/real_time",804376,177.37,177.37,ns,,,,,,8,3,32,56,3,256,4,1,4
"dot/dot_int8_int8_int32_3x32x8_1x4x4_neondot/256/80/real_time",560865,249.745,249.734,ns,,,,,,8,3,32,80,3,256,4,1,4
"dot/dot_int8_int8_int32_1x16x8_1x4x4_neondot/16/8/real_time",34111986,4.09542,4.09542,ns,,,,,,8,1,16,8,1,16,4,1,4
"dot/dot_int8_int8_int32_1x16x8_1x4x4_neondot/16/360/real_time",2809062,49.6103,49.6073,ns,,,,,,8,1,16,360,1,16,4,1,4
"dot/dot_int8_int8_int32_1x16x8_1x4x4_neondot/16/720/real_time",1240782,113.079,113.079,ns,,,,,,8,1,16,720,1,16,4,1,4
"dot/dot_int8_int8_int32_1x16x8_1x4x4_neondot/16/1080/real_time",777702,180.712,180.703,ns,,,,,,8,1,16,1080,1,16,4,1,4
"dot/dot_int8_int8_int32_1x16x8_1x4x4_neondot/16/1440/real_time",561715,250.836,250.837,ns,,,,,,8,1,16,1440,1,16,4,1,4
"dot/dot_int8_int8_int32_1x16x8_1x4x4_neondot/32/8/real_time",23421016,5.97204,5.97177,ns,,,,,,8,1,16,8,1,32,4,1,4
"dot/dot_int8_int8_int32_1x16x8_1x4x4_neondot/32/184/real_time",3118167,44.8557,44.8562,ns,,,,,,8,1,16,184,1,32,4,1,4
"dot/dot_int8_int8_int32_1x16x8_1x4x4_neondot/32/368/real_time",1417246,99.0944,99.095,ns,,,,,,8,1,16,368,1,32,4,1,4
"dot/dot_int8_int8_int32_1x16x8_1x4x4_neondot/32/552/real_time",865457,161.503,161.5,ns,,,,,,8,1,16,552,1,32,4,1,4
"dot/dot_int8_int8_int32_1x16x8_1x4x4_neondot/32/736/real_time",606484,230.29,230.29,ns,,,,,,8,1,16,736,1,32,4,1,4
"dot/dot_int8_int8_int32_1x16x8_1x4x4_neondot/64/8/real_time",13148112,10.0851,10.0845,ns,,,,,,8,1,16,8,1,64,4,1,4
"dot/dot_int8_int8_int32_1x16x8_1x4x4_neondot/64/88/real_time",3542891,39.4954,39.4951,ns,,,,,,8,1,16,88,1,64,4,1,4
"dot/dot_int8_int8_int32_1x16x8_1x4x4_neondot/64/184/real_time",1651214,84.796,84.7958,ns,,,,,,8,1,16,184,1,64,4,1,4
"dot/dot_int8_int8_int32_1x16x8_1x4x4_neondot/64/272/real_time",1009164,138.182,138.173,ns,,,,,,8,1,16,272,1,64,4,1,4
"dot/dot_int8_int8_int32_1x16x8_1x4x4_neondot/64/368/real_time",718572,194.788,194.778,ns,,,,,,8,1,16,368,1,64,4,1,4
"dot/dot_int8_int8_int32_1x16x8_1x4x4_neondot/128/8/real_time",8180298,17.1019,17.1018,ns,,,,,,8,1,16,8,1,128,4,1,4
"dot/dot_int8_int8_int32_1x16x8_1x4x4_neondot/128/40/real_time",3702708,37.8792,37.8769,ns,,,,,,8,1,16,40,1,128,4,1,4
"dot/dot_int8_int8_int32_1x16x8_1x4x4_neondot/128/88/real_time",1846816,75.8181,75.8164,ns,,,,,,8,1,16,88,1,128,4,1,4
"dot/dot_int8_int8_int32_1x16x8_1x4x4_neondot/128/136/real_time",1202577,116.881,116.877,ns,,,,,,8,1,16,136,1,128,4,1,4
"dot/dot_int8_int8_int32_1x16x8_1x4x4_neondot/128/184/real_time",826501,169.322,169.198,ns,,,,,,8,1,16,184,1,128,4,1,4
"dot/dot_int8_int8_int32_2x16x8_1x4x4_neondot/16/8/real_time",17088236,8.07651,8.07614,ns,,,,,,8,2,16,8,2,16,4,1,4
"dot/dot_int8_int8_int32_2x16x8_1x4x4_neondot/16/336/real_time",2351193,59.6186,59.6191,ns,,,,,,8,2,16,336,2,16,4,1,4
"dot/dot_int8_int8_int32_2x16x8_1x4x4_neondot/16/672/real_time",1126455,123.543,123.537,ns,,,,,,8,2,16,672,2,16,4,1,4
"dot/dot_int8_int8_int32_2x16x8_1x4x4_neondot/16/1008/real_time",741422,188.881,188.882,ns,,,,,,8,2,16,1008,2,16,4,1,4
"dot/dot_int8_int8_int32_2x16x8_1x4x4_neondot/16/1352/real_time",550134,253.236,253.224,ns,,,,,,8,2,16,1352,2,16,4,1,4
"dot/dot_int8_int8_int32_2x16x8_1x4x4_neondot/32/8/real_time",12638801,11.0097,11.0097,ns,,,,,,8,2,16,8,2,32,4,1,4
"dot/dot_int8_int8_int32_2x16x8_1x4x4_neondot/32/176/real_time",2411262,57.9302,57.9269,ns,,,,,,8,2,16,176,2,32,4,1,4
"dot/dot_int8_int8_int32_2x16x8_1x4x4_neondot/32/352/real_time",1145300,123.222,123.212,ns,,,,,,8,2,16,352,2,32,4,1,4
"dot/dot_int8_int8_int32_2x16x8_1x4x4_neondot/32/528/real_time",737530,189.525,189.526,ns,,,,,,8,2,16,528,2,32,4,1,4
"dot/dot_int8_int8_int32_2x16x8_1x4x4_neondot/32/712/real_time",535067,258.891,258.878,ns,,,,,,8,2,16,712,2,32,4,1,4
"dot/dot_int8_int8_int32_2x16x8_1x4x4_neondot/64/8/real_time",10655470,13.1368,13.1367,ns,,,,,,8,2,16,8,2,64,4,1,4
"dot/dot_int8_int8_int32_2x16x8_1x4x4_neondot/64/88/real_time",2688559,52.1307,52.1305,ns,,,,,,8,2,16,88,2,64,4,1,4
"dot/dot_int8_int8_int32_2x16x8_1x4x4_neondot/64/176/real_time",1232114,113.298,113.298,ns,,,,,,8,2,16,176,2,64,4,1,4
"dot/dot_int8_int8_int32_2x16x8_1x4x4_neondot/64/264/real_time",810686,175.275,175.255,ns,,,,,,8,2,16,264,2,64,4,1,4
"dot/dot_int8_int8_int32_2x16x8_1x4x4_neondot/64/360/real_time",560805,249.775,249.773,ns,,,,,,8,2,16,360,2,64,4,1,4
"dot/dot_int8_int8_int32_2x16x8_1x4x4_neondot/128/8/real_time",6075060,23.0474,23.0462,ns,,,,,,8,2,16,8,2,128,4,1,4
"dot/dot_int8_int8_int32_2x16x8_1x4x4_neondot/128/40/real_time",2709614,51.725,51.7251,ns,,,,,,8,2,16,40,2,128,4,1,4
"dot/dot_int8_int8_int32_2x16x8_1x4x4_neondot/128/88/real_time",1386682,101.128,101.123,ns,,,,,,8,2,16,88,2,128,4,1,4
"dot/dot_int8_int8_int32_2x16x8_1x4x4_neondot/128/128/real_time",883750,157.255,157.255,ns,,,,,,8,2,16,128,2,128,4,1,4
"dot/dot_int8_int8_int32_2x16x8_1x4x4_neondot/128/176/real_time",622978,224.658,224.645,ns,,,,,,8,2,16,176,2,128,4,1,4
"dot/dot_int8_int8_int32_3x16x8_1x4x4_neondot/16/8/real_time",13021590,10.7762,10.7762,ns,,,,,,8,3,16,8,3,16,4,1,4
"dot/dot_int8_int8_int32_3x16x8_1x4x4_neondot/16/320/real_time",2127168,65.7976,65.7936,ns,,,,,,8,3,16,320,3,16,4,1,4
"dot/dot_int8_int8_int32_3x16x8_1x4x4_neondot/16/640/real_time",1059532,132.178,132.178,ns,,,,,,8,3,16,640,3,16,4,1,4
"dot/dot_int8_int8_int32_3x16x8_1x4x4_neondot/16/960/real_time",705051,199.241,199.232,ns,,,,,,8,3,16,960,3,16,4,1,4
"dot/dot_int8_int8_int32_3x16x8_1x4x4_neondot/16/1280/real_time",521068,269.149,269.149,ns,,,,,,8,3,16,1280,3,16,4,1,4
"dot/dot_int8_int8_int32_3x16x8_1x4x4_neondot/32/8/real_time",10232017,13.6365,13.6358,ns,,,,,,8,3,16,8,3,32,4,1,4
"dot/dot_int8_int8_int32_3x16x8_1x4x4_neondot/32/168/real_time",2052233,68.2043,68.2042,ns,,,,,,8,3,16,168,3,32,4,1,4
"dot/dot_int8_int8_int32_3x16x8_1x4x4_neondot/32/344/real_time",992881,141.155,141.147,ns,,,,,,8,3,16,344,3,32,4,1,4
"dot/dot_int8_int8_int32_3x16x8_1x4x4_neondot/32/512/real_time",663962,210.776,210.776,ns,,,,,,8,3,16,512,3,32,4,1,4
"dot/dot_int8_int8_int32_3x16x8_1x4x4_neondot/32/688/real_time",493249,283.923,283.909,ns,,,,,,8,3,16,688,3,32,4,1,4
"dot/dot_int8_int8_int32_3x16x8_1x4x4_neondot/64/8/real_time",6914220,20.2644,20.2646,ns,,,,,,8,3,16,8,3,64,4,1,4
"dot/dot_int8_int8_int32_3x16x8_1x4x4_neondot/64/88/real_time",1995326,70.0595,70.0557,ns,,,,,,8,3,16,88,3,64,4,1,4
"dot/dot_int8_int8_int32_3x16x8_1x4x4_neondot/64/176/real_time",981225,142.653,142.653,ns,,,,,,8,3,16,176,3,64,4,1,4
"dot/dot_int8_int8_int32_3x16x8_1x4x4_neondot/64/264/real_time",648953,215.271,215.259,ns,,,,,,8,3,16,264,3,64,4,1,4
"dot/dot_int8_int8_int32_3x16x8_1x4x4_neondot/64/352/real_time",483649,289.215,289.214,ns,,,,,,8,3,16,352,3,64,4,1,4
"dot/dot_int8_int8_int32_3x16x8_1x4x4_neondot/128/8/real_time",4280320,32.8024,32.8008,ns,,,,,,8,3,16,8,3,128,4,1,4
"dot/dot_int8_int8_int32_3x16x8_1x4x4_neondot/128/40/real_time",2209491,63.4352,63.435,ns,,,,,,8,3,16,40,3,128,4,1,4
"dot/dot_int8_int8_int32_3x16x8_1x4x4_neondot/128/80/real_time",1107865,126.357,126.35,ns,,,,,,8,3,16,80,3,128,4,1,4
"dot/dot_int8_int8_int32_3x16x8_1x4x4_neondot/128/120/real_time",719782,193.3,193.299,ns,,,,,,8,3,16,120,3,128,4,1,4
"dot/dot_int8_int8_int32_3x16x8_1x4x4_neondot/128/168/real_time",514873,271.31,271.296,ns,,,,,,8,3,16,168,3,128,4,1,4
"dot/dot_int8_int8_int32_4x16x8_1x4x4_neondot/16/8/real_time",11208743,12.6126,12.6126,ns,,,,,,8,4,16,8,4,16,4,1,4
"dot/dot_int8_int8_int32_4x16x8_1x4x4_neondot/16/304/real_time",1828003,76.577,76.577,ns,,,,,,8,4,16,304,4,16,4,1,4
"dot/dot_int8_int8_int32_4x16x8_1x4x4_neondot/16/608/real_time",913823,152.955,152.955,ns,,,,,,8,4,16,608,4,16,4,1,4
"dot/dot_int8_int8_int32_4x16x8_1x4x4_neondot/16/912/real_time",611434,227.796,227.784,ns,,,,,,8,4,16,912,4,16,4,1,4
"dot/dot_int8_int8_int32_4x16x8_1x4x4_neondot/16/1216/real_time",451836,309.605,309.603,ns,,,,,,8,4,16,1216,4,16,4,1,4
"dot/dot_int8_int8_int32_4x16x8_1x4x4_neondot/32/8/real_time",8162175,17.222,17.2213,ns,,,,,,8,4,16,8,4,32,4,1,4
"dot/dot_int8_int8_int32_4x16x8_1x4x4_neondot/32/160/real_time",1739457,81.2557,81.2552,ns,,,,,,8,4,16,160,4,32,4,1,4
"dot/dot_int8_int8_int32_4x16x8_1x4x4_neondot/32/328/real_time",844949,164.824,164.813,ns,,,,,,8,4,16,328,4,32,4,1,4
"dot/dot_int8_int8_int32_4x16x8_1x4x4_neondot/32/496/real_time",560224,249.762,249.761,ns,,,,,,8,4,16,496,4,32,4,1,4
"dot/dot_int8_int8_int32_4x16x8_1x4x4_neondot/32/664/real_time",419161,332.905,332.886,ns,,,,,,8,4,16,664,4,32,4,1,4
"dot/dot_int8_int8_int32_4x16x8_1x4x4_neondot/64/8/real_time",5039038,27.8312,27.8311,ns,,,,,,8,4,16,8,4,64,4,1,4
"dot/dot_int8_int8_int32_4x16x8_1x4x4_neondot/64/80/real_time",1709577,81.9009,81.8975,ns,,,,,,8,4,16,80,4,64,4,1,4
"dot/dot_int8_int8_int32_4x16x8_1x4x4_neondot/64/168/real_time",821924,170.125,170.102,ns,,,,,,8,4,16,168,4,64,4,1,4
"dot/dot_int8_int8_int32_4x16x8_1x4x4_neondot/64/256/real_time",540378,259.322,259.322,ns,,,,,,8,4,16,256,4,64,4,1,4
"dot/dot_int8_int8_int32_4x16x8_1x4x4_neondot/64/344/real_time",402620,346.521,346.5,ns,,,,,,8,4,16,344,4,64,4,1,4
"dot/dot_int8_int8_int32_4x16x8_1x4x4_neondot/128/8/real_time",2918209,48.0415,48.0418,ns,,,,,,8,4,16,8,4,128,4,1,4
"dot/dot_int8_int8_int32_4x16x8_1x4x4_neondot/128/40/real_time",1680168,83.2186,83.2185,ns,,,,,,8,4,16,40,4,128,4,1,4
"dot/dot_int8_int8_int32_4x16x8_1x4x4_neondot/128/80/real_time",857484,163.588,163.588,ns,,,,,,8,4,16,80,4,128,4,1,4
"dot/dot_int8_int8_int32_4x16x8_1x4x4_neondot/128/120/real_time",572378,243.824,243.813,ns,,,,,,8,4,16,120,4,128,4,1,4
"dot/dot_int8_int8_int32_4x16x8_1x4x4_neondot/128/168/real_time",408260,342.26,342.26,ns,,,,,,8,4,16,168,4,128,4,1,4
"dot/dot_int8_int8_int32_5x16x8_1x4x4_neondot/16/8/real_time",9725908,14.305,14.3043,ns,,,,,,8,5,16,8,5,16,4,1,4
"dot/dot_int8_int8_int32_5x16x8_1x4x4_neondot/16/288/real_time",1445421,96.7442,96.7393,ns,,,,,,8,5,16,288,5,16,4,1,4
"dot/dot_int8_int8_int32_5x16x8_1x4x4_neondot/16/576/real_time",744268,188.177,188.177,ns,,,,,,8,5,16,576,5,16,4,1,4
"dot/dot_int8_int8_int32_5x16x8_1x4x4_neondot/16/864/real_time",497596,280.858,280.858,ns,,,,,,8,5,16,864,5,16,4,1,4
"dot/dot_int8_int8_int32_5x16x8_1x4x4_neondot/16/1152/real_time",380762,374.712,374.712,ns,,,,,,8,5,16,1152,5,16,4,1,4
"dot/dot_int8_int8_int32_5x16x8_1x4x4_neondot/32/8/real_time",7138214,19.6085,19.6084,ns,,,,,,8,5,16,8,5,32,4,1,4
"dot/dot_int8_int8_int32_5x16x8_1x4x4_neondot/32/160/real_time",1298576,107.738,107.731,ns,,,,,,8,5,16,160,5,32,4,1,4
"dot/dot_int8_int8_int32_5x16x8_1x4x4_neondot/32/320/real_time",670881,208.78,208.781,ns,,,,,,8,5,16,320,5,32,4,1,4
"dot/dot_int8_int8_int32_5x16x8_1x4x4_neondot/32/480/real_time",453847,304.861,304.574,ns,,,,,,8,5,16,480,5,32,4,1,4
"dot/dot_int8_int8_int32_5x16x8_1x4x4_neondot/32/640/real_time",335942,413.434,413.437,ns,,,,,,8,5,16,640,5,32,4,1,4
"dot/dot_int8_int8_int32_5x16x8_1x4x4_neondot/64/8/real_time",4851810,29.0892,28.9851,ns,,,,,,8,5,16,8,5,64,4,1,4
"dot/dot_int8_int8_int32_5x16x8_1x4x4_neondot/64/80/real_time",1291046,108.356,108.337,ns,,,,,,8,5,16,80,5,64,4,1,4
"dot/dot_int8_int8_int32_5x16x8_1x4x4_neondot/64/168/real_time",635217,219.157,219.146,ns,,,,,,8,5,16,168,5,64,4,1,4
"dot/dot_int8_int8_int32_5x16x8_1x4x4_neondot/64/248/real_time",437543,319.953,319.953,ns,,,,,,8,5,16,248,5,64,4,1,4
"dot/dot_int8_int8_int32_5x16x8_1x4x4_neondot/64/336/real_time",324369,430.427,430.359,ns,,,,,,8,5,16,336,5,64,4,1,4
"dot/dot_int8_int8_int32_5x16x8_1x4x4_neondot/128/8/real_time",2915260,47.9995,47.9995,ns,,,,,,8,5,16,8,5,128,4,1,4
"dot/dot_int8_int8_int32_5x16x8_1x4x4_neondot/128/40/real_time",1276169,109.685,109.675,ns,,,,,,8,5,16,40,5,128,4,1,4
"dot/dot_int8_int8_int32_5x16x8_1x4x4_neondot/128/80/real_time",662579,221.894,218.566,ns,,,,,,8,5,16,80,5,128,4,1,4
"dot/dot_int8_int8_int32_5x16x8_1x4x4_neondot/128/120/real_time",445483,312.712,312.674,ns,,,,,,8,5,16,120,5,128,4,1,4
"dot/dot_int8_int8_int32_5x16x8_1x4x4_neondot/128/160/real_time",337360,413.333,413.309,ns,,,,,,8,5,16,160,5,128,4,1,4
"dot/dot_int8_int8_int32_1x8x8_1x4x4_neondot/8/8/real_time",37641956,3.72514,3.72515,ns,,,,,,8,1,8,8,1,8,4,1,4
"dot/dot_int8_int8_int32_1x8x8_1x4x4_neondot/8/680/real_time",1799568,78.9988,78.999,ns,,,,,,8,1,8,680,1,8,4,1,4
"dot/dot_int8_int8_int32_1x8x8_1x4x4_neondot/8/1360/real_time",710848,196.771,196.772,ns,,,,,,8,1,8,1360,1,8,4,1,4
"dot/dot_int8_int8_int32_1x8x8_1x4x4_neondot/8/2040/real_time",449218,313.619,313.618,ns,,,,,,8,1,8,2040,1,8,4,1,4
"dot/dot_int8_int8_int32_1x8x8_1x4x4_neondot/8/2720/real_time",324789,431.634,431.631,ns,,,,,,8,1,8,2720,1,8,4,1,4
"dot/dot_int8_int8_int32_1x8x8_1x4x4_neondot/16/8/real_time",24565606,5.7027,5.70232,ns,,,,,,8,1,8,8,1,16,4,1,4
"dot/dot_int8_int8_int32_1x8x8_1x4x4_neondot/16/360/real_time",1955537,70.8976,70.8936,ns,,,,,,8,1,8,360,1,16,4,1,4
"dot/dot_int8_int8_int32_1x8x8_1x4x4_neondot/16/720/real_time",859008,161.987,161.987,ns,,,,,,8,1,8,720,1,16,4,1,4
"dot/dot_int8_int8_int32_1x8x8_1x4x4_neondot/16/1080/real_time",493702,284.774,284.757,ns,,,,,,8,1,8,1080,1,16,4,1,4
"dot/dot_int8_int8_int32_1x8x8_1x4x4_neondot/16/1440/real_time",333379,419.753,419.753,ns,,,,,,8,1,8,1440,1,16,4,1,4
"dot/dot_int8_int8_int32_1x8x8_1x4x4_neondot/32/8/real_time",14862357,9.96316,9.80242,ns,,,,,,8,1,8,8,1,32,4,1,4
"dot/dot_int8_int8_int32_1x8x8_1x4x4_neondot/32/184/real_time",2452890,57.7341,57.4718,ns,,,,,,8,1,8,184,1,32,4,1,4
"dot/dot_int8_int8_int32_1x8x8_1x4x4_neondot/32/368/real_time",952559,145.784,145.742,ns,,,,,,8,1,8,368,1,32,4,1,4
"dot/dot_int8_int8_int32_1x8x8_1x4x4_neondot/32/552/real_time",577838,240.811,240.798,ns,,,,,,8,1,8,552,1,32,4,1,4
"dot/dot_int8_int8_int32_1x8x8_1x4x4_neondot/32/736/real_time",429882,325.892,325.875,ns,,,,,,8,1,8,736,1,32,4,1,4
"dot/dot_int8_int8_int32_1x8x8_1x4x4_neondot/64/8/real_time",8563608,16.3813,16.345,ns,,,,,,8,1,8,8,1,64,4,1,4
"dot/dot_int8_int8_int32_1x8x8_1x4x4_neondot/64/88/real_time",3024648,46.8466,46.743,ns,,,,,,8,1,8,88,1,64,4,1,4
"dot/dot_int8_int8_int32_1x8x8_1x4x4_neondot/64/184/real_time",1263338,110.439,110.439,ns,,,,,,8,1,8,184,1,64,4,1,4
"dot/dot_int8_int8_int32_1x8x8_1x4x4_neondot/64/272/real_time",764831,183.663,183.463,ns,,,,,,8,1,8,272,1,64,4,1,4
"dot/dot_int8_int8_int32_1x8x8_1x4x4_neondot/64/368/real_time",487624,286.282,286.284,ns,,,,,,8,1,8,368,1,64,4,1,4
"dot/dot_int8_int8_int32_8x8x8_1x4x4_neondot/8/8/real_time",8997887,15.4935,15.4927,ns,,,,,,8,8,8,8,8,8,4,1,4
"dot/dot_int8_int8_int32_8x8x8_1x4x4_neondot/8/376/real_time",1376316,101.698,101.693,ns,,,,,,8,8,8,376,8,8,4,1,4
"dot/dot_int8_int8_int32_8x8x8_1x4x4_neondot/8/760/real_time",706065,198.721,198.721,ns,,,,,,8,8,8,760,8,8,4,1,4
"dot/dot_int8_int8_int32_8x8x8_1x4x4_neondot/8/1136/real_time",475387,294.432,294.434,ns,,,,,,8,8,8,1136,8,8,4,1,4
"dot/dot_int8_int8_int32_8x8x8_1x4x4_neondot/8/1520/real_time",358549,389.288,389.266,ns,,,,,,8,8,8,1520,8,8,4,1,4
"dot/dot_int8_int8_int32_8x8x8_1x4x4_neondot/16/8/real_time",6650134,21.0272,21.0259,ns,,,,,,8,8,8,8,8,16,4,1,4
"dot/dot_int8_int8_int32_8x8x8_1x4x4_neondot/16/248/real_time",1060696,132.599,132.599,ns,,,,,,8,8,8,248,8,16,4,1,4
"dot/dot_int8_int8_int32_8x8x8_1x4x4_neondot/16/496/real_time",543852,257.105,257.09,ns,,,,,,8,8,8,496,8,16,4,1,4
"dot/dot_int8_int8_int32_8x8x8_1x4x4_neondot/16/744/real_time",366825,382.364,382.365,ns,,,,,,8,8,8,744,8,16,4,1,4
"dot/dot_int8_int8_int32_8x8x8_1x4x4_neondot/16/1000/real_time",273020,512.466,512.468,ns,,,,,,8,8,8,1000,8,16,4,1,4
"dot/dot_int8_int8_int32_8x8x8_1x4x4_neondot/32/8/real_time",4325276,32.2825,32.2826,ns,,,,,,8,8,8,8,8,32,4,1,4
"dot/dot_int8_int8_int32_8x8x8_1x4x4_neondot/32/144/real_time",911399,153.313,153.305,ns,,,,,,8,8,8,144,8,32,4,1,4
"dot/dot_int8_int8_int32_8x8x8_1x4x4_neondot/32/288/real_time",468419,311.981,305.94,ns,,,,,,8,8,8,288,8,32,4,1,4
"dot/dot_int8_int8_int32_8x8x8_1x4x4_neondot/32/432/real_time",314917,444.073,444.073,ns,,,,,,8,8,8,432,8,32,4,1,4
"dot/dot_int8_int8_int32_8x8x8_1x4x4_neondot/32/584/real_time",236148,596.042,596.041,ns,,,,,,8,8,8,584,8,32,4,1,4
"dot/dot_int8_int8_int32_8x8x8_1x4x4_neondot/64/8/real_time",2558289,54.6451,54.6451,ns,,,,,,8,8,8,8,8,64,4,1,4
"dot/dot_int8_int8_int32_8x8x8_1x4x4_neondot/64/72/real_time",908059,153.99,153.982,ns,,,,,,8,8,8,72,8,64,4,1,4
"dot/dot_int8_int8_int32_8x8x8_1x4x4_neondot/64/152/real_time",440053,318.065,318.048,ns,,,,,,8,8,8,152,8,64,4,1,4
"dot/dot_int8_int8_int32_8x8x8_1x4x4_neondot/64/232/real_time",292664,479.348,479.352,ns,,,,,,8,8,8,232,8,64,4,1,4
"dot/dot_int8_int8_int32_8x8x8_1x4x4_neondot/64/312/real_time",218933,637.493,637.46,ns,,,,,,8,8,8,312,8,64,4,1,4
"dot/dot_int8_int8_int32_10x8x8_1x4x4_neondot/8/8/real_time",7310768,19.0865,19.0866,ns,,,,,,8,10,8,8,10,8,4,1,4
"dot/dot_int8_int8_int32_10x8x8_1x4x4_neondot/8/336/real_time",1208346,115.857,115.858,ns,,,,,,8,10,8,336,10,8,4,1,4
"dot/dot_int8_int8_int32_10x8x8_1x4x4_neondot/8/672/real_time",629620,220.666,220.655,ns,,,,,,8,10,8,672,10,8,4,1,4
"dot/dot_int8_int8_int32_10x8x8_1x4x4_neondot/8/1008/real_time",424733,329.75,329.746,ns,,,,,,8,10,8,1008,10,8,4,1,4
"dot/dot_int8_int8_int32_10x8x8_1x4x4_neondot/8/1344/real_time",319960,437.553,437.552,ns,,,,,,8,10,8,1344,10,8,4,1,4
"dot/dot_int8_int8_int32_10x8x8_1x4x4_neondot/16/8/real_time",5372613,25.8753,25.8738,ns,,,,,,8,10,8,8,10,16,4,1,4
"dot/dot_int8_int8_int32_10x8x8_1x4x4_neondot/16/224/real_time",919835,151.628,151.599,ns,,,,,,8,10,8,224,10,16,4,1,4
"dot/dot_int8_int8_int32_10x8x8_1x4x4_neondot/16/456/real_time",468348,298.461,297.631,ns,,,,,,8,10,8,456,10,16,4,1,4
"dot/dot_int8_int8_int32_10x8x8_1x4x4_neondot/16/688/real_time",314853,445.791,445.792,ns,,,,,,8,10,8,688,10,16,4,1,4
"dot/dot_int8_int8_int32_10x8x8_1x4x4_neondot/16/920/real_time",236009,590.381,590.35,ns,,,,,,8,10,8,920,10,16,4,1,4
"dot/dot_int8_int8_int32_10x8x8_1x4x4_neondot/32/8/real_time",3474617,40.3177,40.3178,ns,,,,,,8,10,8,8,10,32,4,1,4
"dot/dot_int8_int8_int32_10x8x8_1x4x4_neondot/32/136/real_time",768692,202.379,196.194,ns,,,,,,8,10,8,136,10,32,4,1,4
"dot/dot_int8_int8_int32_10x8x8_1x4x4_neondot/32/272/real_time",335848,405.175,389.194,ns,,,,,,8,10,8,272,10,32,4,1,4
"dot/dot_int8_int8_int32_10x8x8_1x4x4_neondot/32/408/real_time",163943,629.218,598.495,ns,,,,,,8,10,8,408,10,32,4,1,4
"dot/dot_int8_int8_int32_10x8x8_1x4x4_neondot/32/552/real_time",167564,819.468,776.957,ns,,,,,,8,10,8,552,10,32,4,1,4
"dot/dot_int8_int8_int32_10x8x8_1x4x4_neondot/64/8/real_time",2006972,68.3173,68.3034,ns,,,,,,8,10,8,8,10,64,4,1,4
"dot/dot_int8_int8_int32_10x8x8_1x4x4_neondot/64/72/real_time",716525,195.03,195.029,ns,,,,,,8,10,8,72,10,64,4,1,4
"dot/dot_int8_int8_int32_10x8x8_1x4x4_neondot/64/144/real_time",368709,410.9,402.049,ns,,,,,,8,10,8,144,10,64,4,1,4
"dot/dot_int8_int8_int32_10x8x8_1x4x4_neondot/64/216/real_time",221145,584.621,581.266,ns,,,,,,8,10,8,216,10,64,4,1,4
"dot/dot_int8_int8_int32_10x8x8_1x4x4_neondot/64/296/real_time",179300,763.865,763.385,ns,,,,,,8,10,8,296,10,64,4,1,4
"dot/dot_int8_int8_int32_8x4x8_1x4x4_neondot/4/8/real_time",11302362,12.3118,12.3119,ns,,,,,,8,8,4,8,8,4,4,1,4
"dot/dot_int8_int8_int32_8x4x8_1x4x4_neondot/4/504/real_time",1546138,90.5067,90.5029,ns,,,,,,8,8,4,504,8,4,4,1,4
"dot/dot_int8_int8_int32_8x4x8_1x4x4_neondot/4/1016/real_time",733966,190.076,190.062,ns,,,,,,8,8,4,1016,8,4,4,1,4
"dot/dot_int8_int8_int32_8x4x8_1x4x4_neondot/4/1520/real_time",489879,286.034,286.034,ns,,,,,,8,8,4,1520,8,4,4,1,4
"dot/dot_int8_int8_int32_8x4x8_1x4x4_neondot/4/2032/real_time",361654,384.546,384.525,ns,,,,,,8,8,4,2032,8,4,4,1,4
"dot/dot_int8_int8_int32_8x4x8_1x4x4_neondot/8/8/real_time",9226866,15.2005,15.2006,ns,,,,,,8,8,4,8,8,8,4,1,4
"dot/dot_int8_int8_int32_8x4x8_1x4x4_neondot/8/376/real_time",1067918,130.748,130.748,ns,,,,,,8,8,4,376,8,8,4,1,4
"dot/dot_int8_int8_int32_8x4x8_1x4x4_neondot/8/760/real_time",519101,274.615,274.613,ns,,,,,,8,8,4,760,8,8,4,1,4
"dot/dot_int8_int8_int32_8x4x8_1x4x4_neondot/8/1136/real_time",332236,419.558,419.53,ns,,,,,,8,8,4,1136,8,8,4,1,4
"dot/dot_int8_int8_int32_8x4x8_1x4x4_neondot/8/1520/real_time",249156,563.332,563.33,ns,,,,,,8,8,4,1520,8,8,4,1,4
"dot/dot_int8_int8_int32_8x4x8_1x4x4_neondot/16/8/real_time",6044470,23.1263,23.1251,ns,,,,,,8,8,4,8,8,16,4,1,4
"dot/dot_int8_int8_int32_8x4x8_1x4x4_neondot/16/248/real_time",862270,162.227,162.218,ns,,,,,,8,8,4,248,8,16,4,1,4
"dot/dot_int8_int8_int32_8x4x8_1x4x4_neondot/16/496/real_time",397576,352.233,352.232,ns,,,,,,8,8,4,496,8,16,4,1,4
"dot/dot_int8_int8_int32_8x4x8_1x4x4_neondot/16/744/real_time",261224,535.915,535.889,ns,,,,,,8,8,4,744,8,16,4,1,4
"dot/dot_int8_int8_int32_8x4x8_1x4x4_neondot/16/1000/real_time",190164,735.732,735.733,ns,,,,,,8,8,4,1000,8,16,4,1,4
"dot/dot_int8_int8_int32_8x4x8_1x4x4_neondot/32/8/real_time",3675743,38.0984,38.096,ns,,,,,,8,8,4,8,8,32,4,1,4
"dot/dot_int8_int8_int32_8x4x8_1x4x4_neondot/32/144/real_time",776604,179.612,179.601,ns,,,,,,8,8,4,144,8,32,4,1,4
"dot/dot_int8_int8_int32_8x4x8_1x4x4_neondot/32/288/real_time",364271,386.784,386.783,ns,,,,,,8,8,4,288,8,32,4,1,4
"dot/dot_int8_int8_int32_8x4x8_1x4x4_neondot/32/432/real_time",231803,603.136,603.137,ns,,,,,,8,8,4,432,8,32,4,1,4
"dot/dot_int8_int8_int32_8x4x8_1x4x4_neondot/32/584/real_time",168188,838.418,838.419,ns,,,,,,8,8,4,584,8,32,4,1,4
"dot/dot_int8_int8_int32_1x16x8_1x4x1_neon/16/8/real_time",22956762,6.10106,6.10077,ns,,,,,,8,1,16,8,1,16,1,1,4
"dot/dot_int8_int8_int32_1x16x8_1x4x1_neon/16/360/real_time",564528,246.778,246.778,ns,,,,,,8,1,16,360,1,16,1,1,4
"dot/dot_int8_int8_int32_1x16x8_1x4x1_neon/16/720/real_time",281568,509.452,509.433,ns,,,,,,8,1,16,720,1,16,1,1,4
"dot/dot_int8_int8_int32_1x16x8_1x4x1_neon/16/1080/real_time",180378,776.201,776.198,ns,,,,,,8,1,16,1080,1,16,1,1,4
"dot/dot_int8_int8_int32_1x16x8_1x4x1_neon/16/1440/real_time",134841,1022.17,1022.09,ns,,,,,,8,1,16,1440,1,16,1,1,4
"dot/dot_int8_int8_int32_1x16x8_1x4x1_neon/32/8/real_time",13502598,10.3683,10.3684,ns,,,,,,8,1,16,8,1,32,1,1,4
"dot/dot_int8_int8_int32_1x16x8_1x4x1_neon/32/184/real_time",592320,231,230.987,ns,,,,,,8,1,16,184,1,32,1,1,4
"dot/dot_int8_int8_int32_1x16x8_1x4x1_neon/32/368/real_time",284059,493.718,493.697,ns,,,,,,8,1,16,368,1,32,1,1,4
"dot/dot_int8_int8_int32_1x16x8_1x4x1_neon/32/552/real_time",182520,768.215,768.217,ns,,,,,,8,1,16,552,1,32,1,1,4
"dot/dot_int8_int8_int32_1x16x8_1x4x1_neon/32/736/real_time",136444,1024.26,1024.21,ns,,,,,,8,1,16,736,1,32,1,1,4
"dot/dot_int8_int8_int32_1x16x8_1x4x1_neon/64/8/real_time",7827698,18.1095,18.1094,ns,,,,,,8,1,16,8,1,64,1,1,4
"dot/dot_int8_int8_int32_1x16x8_1x4x1_neon/64/88/real_time",709995,196.072,196.072,ns,,,,,,8,1,16,88,1,64,1,1,4
"dot/dot_int8_int8_int32_1x16x8_1x4x1_neon/64/184/real_time",297472,465.98,465.98,ns,,,,,,8,1,16,184,1,64,1,1,4
"dot/dot_int8_int8_int32_1x16x8_1x4x1_neon/64/272/real_time",194938,707.809,707.784,ns,,,,,,8,1,16,272,1,64,1,1,4
"dot/dot_int8_int8_int32_1x16x8_1x4x1_neon/64/368/real_time",142009,987.244,987.247,ns,,,,,,8,1,16,368,1,64,1,1,4
"dot/dot_int8_int8_int32_1x16x8_1x4x1_neon/128/8/real_time",4265356,32.652,32.6505,ns,,,,,,8,1,16,8,1,128,1,1,4
"dot/dot_int8_int8_int32_1x16x8_1x4x1_neon/128/40/real_time",845175,164.752,164.752,ns,,,,,,8,1,16,40,1,128,1,1,4
"dot/dot_int8_int8_int32_1x16x8_1x4x1_neon/128/88/real_time",361909,382.74,382.726,ns,,,,,,8,1,16,88,1,128,1,1,4
"dot/dot_int8_int8_int32_1x16x8_1x4x1_neon/128/136/real_time",212402,683.59,682.042,ns,,,,,,8,1,16,136,1,128,1,1,4
"dot/dot_int8_int8_int32_1x16x8_1x4x1_neon/128/184/real_time",148428,947.287,947.288,ns,,,,,,8,1,16,184,1,128,1,1,4
"dot/dot_int8_int8_int32_2x16x8_1x4x1_neon/16/8/real_time",17439932,8.03147,8.03105,ns,,,,,,8,2,16,8,2,16,1,1,4
"dot/dot_int8_int8_int32_2x16x8_1x4x1_neon/16/336/real_time",527585,272.559,271.168,ns,,,,,,8,2,16,336,2,16,1,1,4
"dot/dot_int8_int8_int32_2x16x8_1x4x1_neon/16/672/real_time",266552,527.325,527.285,ns,,,,,,8,2,16,672,2,16,1,1,4
"dot/dot_int8_int8_int32_2x16x8_1x4x1_neon/16/1008/real_time",175685,795.29,795.241,ns,,,,,,8,2,16,1008,2,16,1,1,4
"dot/dot_int8_int8_int32_2x16x8_1x4x1_neon/16/1352/real_time",130729,1070.92,1070.91,ns,,,,,,8,2,16,1352,2,16,1,1,4
"dot/dot_int8_int8_int32_2x16x8_1x4x1_neon/32/8/real_time",10270298,13.6114,13.6107,ns,,,,,,8,2,16,8,2,32,1,1,4
"dot/dot_int8_int8_int32_2x16x8_1x4x1_neon/32/176/real_time",501036,275.881,275.866,ns,,,,,,8,2,16,176,2,32,1,1,4
"dot/dot_int8_int8_int32_2x16x8_1x4x1_neon/32/352/real_time",252860,554.758,554.758,ns,,,,,,8,2,16,352,2,32,1,1,4
"dot/dot_int8_int8_int32_2x16x8_1x4x1_neon/32/528/real_time",167703,835.072,835.072,ns,,,,,,8,2,16,528,2,32,1,1,4
"dot/dot_int8_int8_int32_2x16x8_1x4x1_neon/32/712/real_time",124137,1134.43,1134.38,ns,,,,,,8,2,16,712,2,32,1,1,4
"dot/dot_int8_int8_int32_2x16x8_1x4x1_neon/64/8/real_time",5663449,24.7084,24.7072,ns,,,,,,8,2,16,8,2,64,1,1,4
"dot/dot_int8_int8_int32_2x16x8_1x4x1_neon/64/88/real_time",519147,269.171,269.172,ns,,,,,,8,2,16,88,2,64,1,1,4
"dot/dot_int8_int8_int32_2x16x8_1x4x1_neon/64/176/real_time",255778,542.277,542.029,ns,,,,,,8,2,16,176,2,64,1,1,4
"dot/dot_int8_int8_int32_2x16x8_1x4x1_neon/64/264/real_time",169935,822.741,822.738,ns,,,,,,8,2,16,264,2,64,1,1,4
"dot/dot_int8_int8_int32_2x16x8_1x4x1_neon/64/360/real_time",124208,1129.75,1129.76,ns,,,,,,8,2,16,360,2,64,1,1,4
"dot/dot_int8_int8_int32_2x16x8_1x4x1_neon/128/8/real_time",2874106,49.1471,49.1471,ns,,,,,,8,2,16,8,2,128,1,1,4
"dot/dot_int8_int8_int32_2x16x8_1x4x1_neon/128/40/real_time",564689,255.531,246.993,ns,,,,,,8,2,16,40,2,128,1,1,4
"dot/dot_int8_int8_int32_2x16x8_1x4x1_neon/128/88/real_time",261068,533.037,533.014,ns,,,,,,8,2,16,88,2,128,1,1,4
"dot/dot_int8_int8_int32_2x16x8_1x4x1_neon/128/128/real_time",177282,790.591,790.594,ns,,,,,,8,2,16,128,2,128,1,1,4
"dot/dot_int8_int8_int32_2x16x8_1x4x1_neon/128/176/real_time",127706,1094.07,1094.08,ns,,,,,,8,2,16,176,2,128,1,1,4
"dot/dot_int8_int8_int32_3x16x8_1x4x1_neon/16/8/real_time",12391985,11.2757,11.2752,ns,,,,,,8,3,16,8,3,16,1,1,4
"dot/dot_int8_int8_int32_3x16x8_1x4x1_neon/16/320/real_time",432008,324.018,324.001,ns,,,,,,8,3,16,320,3,16,1,1,4
"dot/dot_int8_int8_int32_3x16x8_1x4x1_neon/16/640/real_time",215346,644.71,644.572,ns,,,,,,8,3,16,640,3,16,1,1,4
"dot/dot_int8_int8_int32_3x16x8_1x4x1_neon/16/960/real_time",145091,956.872,956.868,ns,,,,,,8,3,16,960,3,16,1,1,4
"dot/dot_int8_int8_int32_3x16x8_1x4x1_neon/16/1280/real_time",109272,1281.02,1281.02,ns,,,,,,8,3,16,1280,3,16,1,1,4
"dot/dot_int8_int8_int32_3x16x8_1x4x1_neon/32/8/real_time",8012267,17.6104,17.5757,ns,,,,,,8,3,16,8,3,32,1,1,4
"dot/dot_int8_int8_int32_3x16x8_1x4x1_neon/32/168/real_time",413521,335.158,334.293,ns,,,,,,8,3,16,168,3,32,1,1,4
"dot/dot_int8_int8_int32_3x16x8_1x4x1_neon/32/344/real_time",205768,690.788,690.788,ns,,,,,,8,3,16,344,3,32,1,1,4
"dot/dot_int8_int8_int32_3x16x8_1x4x1_neon/32/512/real_time",136116,1030.4,1030.25,ns,,,,,,8,3,16,512,3,32,1,1,4
"dot/dot_int8_int8_int32_3x16x8_1x4x1_neon/32/688/real_time",100212,1384.21,1381.71,ns,,,,,,8,3,16,688,3,32,1,1,4
"dot/dot_int8_int8_int32_3x16x8_1x4x1_neon/64/8/real_time",4211075,33.077,33.0433,ns,,,,,,8,3,16,8,3,64,1,1,4
"dot/dot_int8_int8_int32_3x16x8_1x4x1_neon/64/88/real_time",390725,356.001,356.002,ns,,,,,,8,3,16,88,3,64,1,1,4
"dot/dot_int8_int8_int32_3x16x8_1x4x1_neon/64/176/real_time",197183,712.426,712.242,ns,,,,,,8,3,16,176,3,64,1,1,4
"dot/dot_int8_int8_int32_3x16x8_1x4x1_neon/64/264/real_time",130156,1060.17,1060.04,ns,,,,,,8,3,16,264,3,64,1,1,4
"dot/dot_int8_int8_int32_3x16x8_1x4x1_neon/64/352/real_time",99595,1416.63,1415.8,ns,,,,,,8,3,16,352,3,64,1,1,4
"dot/dot_int8_int8_int32_3x16x8_1x4x1_neon/128/8/real_time",2124319,65.7366,65.7335,ns,,,,,,8,3,16,8,3,128,1,1,4
"dot/dot_int8_int8_int32_3x16x8_1x4x1_neon/128/40/real_time",434604,329.365,326.76,ns,,,,,,8,3,16,40,3,128,1,1,4
"dot/dot_int8_int8_int32_3x16x8_1x4x1_neon/128/80/real_time",212498,643.253,640.599,ns,,,,,,8,3,16,80,3,128,1,1,4
"dot/dot_int8_int8_int32_3x16x8_1x4x1_neon/128/120/real_time",144753,968.343,968.332,ns,,,,,,8,3,16,120,3,128,1,1,4
"dot/dot_int8_int8_int32_3x16x8_1x4x1_neon/128/168/real_time",102987,1346.27,1346.2,ns,,,,,,8,3,16,168,3,128,1,1,4
"dot/dot_int8_int8_int32_4x16x8_1x4x1_neon/16/8/real_time",9296740,15.0671,15.0671,ns,,,,,,8,4,16,8,4,16,1,1,4
"dot/dot_int8_int8_int32_4x16x8_1x4x1_neon/16/304/real_time",360532,396.784,394.192,ns,,,,,,8,4,16,304,4,16,1,1,4
"dot/dot_int8_int8_int32_4x16x8_1x4x1_neon/16/608/real_time",175722,776.885,775.703,ns,,,,,,8,4,16,608,4,16,1,1,4
"dot/dot_int8_int8_int32_4x16x8_1x4x1_neon/16/912/real_time",123206,1147.66,1147.46,ns,,,,,,8,4,16,912,4,16,1,1,4
"dot/dot_int8_int8_int32_4x16x8_1x4x1_neon/16/1216/real_time",91865,1527.39,1527.39,ns,,,,,,8,4,16,1216,4,16,1,1,4
"dot/dot_int8_int8_int32_4x16x8_1x4x1_neon/32/8/real_time",6224182,22.4732,22.4733,ns,,,,,,8,4,16,8,4,32,1,1,4
"dot/dot_int8_int8_int32_4x16x8_1x4x1_neon/32/160/real_time",351222,405.014,405.014,ns,,,,,,8,4,16,160,4,32,1,1,4
"dot/dot_int8_int8_int32_4x16x8_1x4x1_neon/32/328/real_time",168493,825.64,825.595,ns,,,,,,8,4,16,328,4,32,1,1,4
"dot/dot_int8_int8_int32_4x16x8_1x4x1_neon/32/496/real_time",112961,1241.67,1240.2,ns,,,,,,8,4,16,496,4,32,1,1,4
"dot/dot_int8_int8_int32_4x16x8_1x4x1_neon/32/664/real_time",83334,1739.4,1726.64,ns,,,,,,8,4,16,664,4,32,1,1,4
"dot/dot_int8_int8_int32_4x16x8_1x4x1_neon/64/8/real_time",3331737,41.8193,41.8172,ns,,,,,,8,4,16,8,4,64,1,1,4
"dot/dot_int8_int8_int32_4x16x8_1x4x1_neon/64/80/real_time",339626,411.721,411.721,ns,,,,,,8,4,16,80,4,64,1,1,4
"dot/dot_int8_int8_int32_4x16x8_1x4x1_neon/64/168/real_time",165433,845.434,845.43,ns,,,,,,8,4,16,168,4,64,1,1,4
"dot/dot_int8_int8_int32_4x16x8_1x4x1_neon/64/256/real_time",108688,1288.98,1288.99,ns,,,,,,8,4,16,256,4,64,1,1,4
"dot/dot_int8_int8_int32_4x16x8_1x4x1_neon/64/344/real_time",80722,1725.2,1725.11,ns,,,,,,8,4,16,344,4,64,1,1,4
"dot/dot_int8_int8_int32_4x16x8_1x4x1_neon/128/8/real_time",1685452,82.9875,82.9831,ns,,,,,,8,4,16,8,4,128,1,1,4
"dot/dot_int8_int8_int32_4x16x8_1x4x1_neon/128/40/real_time",345422,408.629,408.631,ns,,,,,,8,4,16,40,4,128,1,1,4
"dot/dot_int8_int8_int32_4x16x8_1x4x1_neon/128/80/real_time",172303,813.247,813.219,ns,,,,,,8,4,16,80,4,128,1,1,4
"dot/dot_int8_int8_int32_4x16x8_1x4x1_neon/128/120/real_time",113227,1232.77,1232.77,ns,,,,,,8,4,16,120,4,128,1,1,4
"dot/dot_int8_int8_int32_4x16x8_1x4x1_neon/128/168/real_time",81175,1705.9,1705.81,ns,,,,,,8,4,16,168,4,128,1,1,4
"dot/dot_int8_int8_int32_1x8x8_1x4x1_neon/8/8/real_time",26868673,5.20847,5.20848,ns,,,,,,8,1,8,8,1,8,1,1,4
"dot/dot_int8_int8_int32_1x8x8_1x4x1_neon/8/680/real_time",329973,424.659,424.635,ns,,,,,,8,1,8,680,1,8,1,1,4
"dot/dot_int8_int8_int32_1x8x8_1x4x1_neon/8/1360/real_time",156672,892.658,892.661,ns,,,,,,8,1,8,1360,1,8,1,1,4
"dot/dot_int8_int8_int32_1x8x8_1x4x1_neon/8/2040/real_time",103355,1351.14,1351.14,ns,,,,,,8,1,8,2040,1,8,1,1,4
"dot/dot_int8_int8_int32_1x8x8_1x4x1_neon/8/2720/real_time",77106,1821.27,1821.27,ns,,,,,,8,1,8,2720,1,8,1,1,4
"dot/dot_int8_int8_int32_1x8x8_1x4x1_neon/16/8/real_time",18131965,7.72293,7.72294,ns,,,,,,8,1,8,8,1,16,1,1,4
"dot/dot_int8_int8_int32_1x8x8_1x4x1_neon/16/360/real_time",338630,426.82,426.82,ns,,,,,,8,1,8,360,1,16,1,1,4
"dot/dot_int8_int8_int32_1x8x8_1x4x1_neon/16/720/real_time",149841,906.502,906.494,ns,,,,,,8,1,8,720,1,16,1,1,4
"dot/dot_int8_int8_int32_1x8x8_1x4x1_neon/16/1080/real_time",99794,1404.29,1404.28,ns,,,,,,8,1,8,1080,1,16,1,1,4
"dot/dot_int8_int8_int32_1x8x8_1x4x1_neon/16/1440/real_time",73662,1920.87,1920.77,ns,,,,,,8,1,8,1440,1,16,1,1,4
"dot/dot_int8_int8_int32_1x8x8_1x4x1_neon/32/8/real_time",10913733,12.8165,12.8166,ns,,,,,,8,1,8,8,1,32,1,1,4
"dot/dot_int8_int8_int32_1x8x8_1x4x1_neon/32/184/real_time",402014,347.258,347.257,ns,,,,,,8,1,8,184,1,32,1,1,4
"dot/dot_int8_int8_int32_1x8x8_1x4x1_neon/32/368/real_time",165805,852.166,852.127,ns,,,,,,8,1,8,368,1,32,1,1,4
"dot/dot_int8_int8_int32_1x8x8_1x4x1_neon/32/552/real_time",103282,1356.91,1356.92,ns,,,,,,8,1,8,552,1,32,1,1,4
"dot/dot_int8_int8_int32_1x8x8_1x4x1_neon/32/736/real_time",75408,1861.79,1861.79,ns,,,,,,8,1,8,736,1,32,1,1,4
"dot/dot_int8_int8_int32_1x8x8_1x4x1_neon/64/8/real_time",6140048,22.7244,22.7231,ns,,,,,,8,1,8,8,1,64,1,1,4
"dot/dot_int8_int8_int32_1x8x8_1x4x1_neon/64/88/real_time",472882,296.167,296.165,ns,,,,,,8,1,8,88,1,64,1,1,4
"dot/dot_int8_int8_int32_1x8x8_1x4x1_neon/64/184/real_time",196229,716.303,716.301,ns,,,,,,8,1,8,184,1,64,1,1,4
"dot/dot_int8_int8_int32_1x8x8_1x4x1_neon/64/272/real_time",115498,1173.57,1173.5,ns,,,,,,8,1,8,272,1,64,1,1,4
"dot/dot_int8_int8_int32_1x8x8_1x4x1_neon/64/368/real_time",83192,1683.01,1683.02,ns,,,,,,8,1,8,368,1,64,1,1,4
"dot/dot_int8_int8_int32_2x8x8_1x4x1_neon/8/8/real_time",22510994,6.217,6.21696,ns,,,,,,8,2,8,8,2,8,1,1,4
"dot/dot_int8_int8_int32_2x8x8_1x4x1_neon/8/608/real_time",335184,421.334,421.333,ns,,,,,,8,2,8,608,2,8,1,1,4
"dot/dot_int8_int8_int32_2x8x8_1x4x1_neon/8/1224/real_time",161498,856.13,856.079,ns,,,,,,8,2,8,1224,2,8,1,1,4
"dot/dot_int8_int8_int32_2x8x8_1x4x1_neon/8/1832/real_time",107805,1300.26,1300.26,ns,,,,,,8,2,8,1832,2,8,1,1,4
"dot/dot_int8_int8_int32_2x8x8_1x4x1_neon/8/2448/real_time",80473,1795.08,1778.66,ns,,,,,,8,2,8,2448,2,8,1,1,4
"dot/dot_int8_int8_int32_2x8x8_1x4x1_neon/16/8/real_time",14611135,9.79264,9.76228,ns,,,,,,8,2,8,8,2,16,1,1,4
"dot/dot_int8_int8_int32_2x8x8_1x4x1_neon/16/336/real_time",308547,452.835,452.809,ns,,,,,,8,2,8,336,2,16,1,1,4
"dot/dot_int8_int8_int32_2x8x8_1x4x1_neon/16/672/real_time",150856,927.75,927.752,ns,,,,,,8,2,8,672,2,16,1,1,4
"dot/dot_int8_int8_int32_2x8x8_1x4x1_neon/16/1008/real_time",102814,1395.04,1395.03,ns,,,,,,8,2,8,1008,2,16,1,1,4
"dot/dot_int8_int8_int32_2x8x8_1x4x1_neon/16/1352/real_time",73946,1893.24,1893.15,ns,,,,,,8,2,8,1352,2,16,1,1,4
"dot/dot_int8_int8_int32_2x8x8_1x4x1_neon/32/8/real_time",8740668,16.0107,16.0108,ns,,,,,,8,2,8,8,2,32,1,1,4
"dot/dot_int8_int8_int32_2x8x8_1x4x1_neon/32/176/real_time",327148,443.64,435.164,ns,,,,,,8,2,8,176,2,32,1,1,4
"dot/dot_int8_int8_int32_2x8x8_1x4x1_neon/32/352/real_time",100000,1011.68,988.14,ns,,,,,,8,2,8,352,2,32,1,1,4
"dot/dot_int8_int8_int32_2x8x8_1x4x1_neon/32/528/real_time",88922,1494.35,1467.65,ns,,,,,,8,2,8,528,2,32,1,1,4
"dot/dot_int8_int8_int32_2x8x8_1x4x1_neon/32/712/real_time",71057,2132.64,2052.99,ns,,,,,,8,2,8,712,2,32,1,1,4
"dot/dot_int8_int8_int32_2x8x8_1x4x1_neon/64/8/real_time",4800398,30.4316,29.99,ns,,,,,,8,2,8,8,2,64,1,1,4
"dot/dot_int8_int8_int32_2x8x8_1x4x1_neon/64/88/real_time",375643,494.547,441.243,ns,,,,,,8,2,8,88,2,64,1,1,4
"dot/dot_int8_int8_int32_2x8x8_1x4x1_neon/64/176/real_time",100000,1094.45,1017.98,ns,,,,,,8,2,8,176,2,64,1,1,4
"dot/dot_int8_int8_int32_2x8x8_1x4x1_neon/64/264/real_time",99097,1386.14,1372.46,ns,,,,,,8,2,8,264,2,64,1,1,4
"dot/dot_int8_int8_int32_2x8x8_1x4x1_neon/64/360/real_time",73079,1900.55,1893.58,ns,,,,,,8,2,8,360,2,64,1,1,4
"dot/dot_int8_int8_int32_3x8x8_1x4x1_neon/8/8/real_time",13007022,10.8326,10.8326,ns,,,,,,8,3,8,8,3,8,1,1,4
"dot/dot_int8_int8_int32_3x8x8_1x4x1_neon/8/552/real_time",349435,406.086,406.087,ns,,,,,,8,3,8,552,3,8,1,1,4
"dot/dot_int8_int8_int32_3x8x8_1x4x1_neon/8/1112/real_time",169582,887.914,875.724,ns,,,,,,8,3,8,1112,3,8,1,1,4
"dot/dot_int8_int8_int32_3x8x8_1x4x1_neon/8/1664/real_time",106787,1318.2,1292.84,ns,,,,,,8,3,8,1664,3,8,1,1,4
"dot/dot_int8_int8_int32_3x8x8_1x4x1_neon/8/2224/real_time",84212,1718.01,1686.83,ns,,,,,,8,3,8,2224,3,8,1,1,4
"dot/dot_int8_int8_int32_3x8x8_1x4x1_neon/16/8/real_time",8507277,16.4155,16.4115,ns,,,,,,8,3,8,8,3,16,1,1,4
"dot/dot_int8_int8_int32_3x8x8_1x4x1_neon/16/320/real_time",298899,469.014,469.015,ns,,,,,,8,3,8,320,3,16,1,1,4
"dot/dot_int8_int8_int32_3x8x8_1x4x1_neon/16/640/real_time",148413,944.358,944.351,ns,,,,,,8,3,8,640,3,16,1,1,4
"dot/dot_int8_int8_int32_3x8x8_1x4x1_neon/16/960/real_time",98169,1410.94,1410.86,ns,,,,,,8,3,8,960,3,16,1,1,4
"dot/dot_int8_int8_int32_3x8x8_1x4x1_neon/16/1280/real_time",73650,1898.1,1898,ns,,,,,,8,3,8,1280,3,16,1,1,4
"dot/dot_int8_int8_int32_3x8x8_1x4x1_neon/32/8/real_time",5051211,27.8891,27.8011,ns,,,,,,8,3,8,8,3,32,1,1,4
"dot/dot_int8_int8_int32_3x8x8_1x4x1_neon/32/168/real_time",303863,465.398,465.272,ns,,,,,,8,3,8,168,3,32,1,1,4
"dot/dot_int8_int8_int32_3x8x8_1x4x1_neon/32/344/real_time",140620,991.797,991.111,ns,,,,,,8,3,8,344,3,32,1,1,4
"dot/dot_int8_int8_int32_3x8x8_1x4x1_neon/32/512/real_time",93438,1497.46,1497.46,ns,,,,,,8,3,8,512,3,32,1,1,4
"dot/dot_int8_int8_int32_3x8x8_1x4x1_neon/32/688/real_time",69077,2031.2,2031.1,ns,,,,,,8,3,8,688,3,32,1,1,4
"dot/dot_int8_int8_int32_3x8x8_1x4x1_neon/64/8/real_time",2746449,51.0218,51.0215,ns,,,,,,8,3,8,8,3,64,1,1,4
"dot/dot_int8_int8_int32_3x8x8_1x4x1_neon/64/88/real_time",316332,446.566,446.566,ns,,,,,,8,3,8,88,3,64,1,1,4
"dot/dot_int8_int8_int32_3x8x8_1x4x1_neon/64/176/real_time",144065,972.036,972.033,ns,,,,,,8,3,8,176,3,64,1,1,4
"dot/dot_int8_int8_int32_3x8x8_1x4x1_neon/64/264/real_time",93707,1498.96,1498.88,ns,,,,,,8,3,8,264,3,64,1,1,4
"dot/dot_int8_int8_int32_3x8x8_1x4x1_neon/64/352/real_time",69037,2032.41,2032.21,ns,,,,,,8,3,8,352,3,64,1,1,4
"dot/dot_int8_int8_int32_4x8x8_1x4x1_neon/8/8/real_time",10739697,13.0615,13.0608,ns,,,,,,8,4,8,8,4,8,1,1,4
"dot/dot_int8_int8_int32_4x8x8_1x4x1_neon/8/504/real_time",347896,400.633,400.614,ns,,,,,,8,4,8,504,4,8,1,1,4
"dot/dot_int8_int8_int32_4x8x8_1x4x1_neon/8/1016/real_time",174292,802.969,802.969,ns,,,,,,8,4,8,1016,4,8,1,1,4
"dot/dot_int8_int8_int32_4x8x8_1x4x1_neon/8/1520/real_time",116623,1201.21,1201.21,ns,,,,,,8,4,8,1520,4,8,1,1,4
"dot/dot_int8_int8_int32_4x8x8_1x4x1_neon/8/2032/real_time",86599,1590.84,1590.77,ns,,,,,,8,4,8,2032,4,8,1,1,4
"dot/dot_int8_int8_int32_4x8x8_1x4x1_neon/16/8/real_time",7197558,19.4864,19.4865,ns,,,,,,8,4,8,8,4,16,1,1,4
"dot/dot_int8_int8_int32_4x8x8_1x4x1_neon/16/304/real_time",296841,481.448,481.45,ns,,,,,,8,4,8,304,4,16,1,1,4
"dot/dot_int8_int8_int32_4x8x8_1x4x1_neon/16/608/real_time",145591,957.156,957.161,ns,,,,,,8,4,8,608,4,16,1,1,4
"dot/dot_int8_int8_int32_4x8x8_1x4x1_neon/16/912/real_time",97070,1440.87,1440.87,ns,,,,,,8,4,8,912,4,16,1,1,4
"dot/dot_int8_int8_int32_4x8x8_1x4x1_neon/16/1216/real_time",72625,1927.91,1927.9,ns,,,,,,8,4,8,1216,4,16,1,1,4
"dot/dot_int8_int8_int32_4x8x8_1x4x1_neon/32/8/real_time",4160383,33.5866,33.5868,ns,,,,,,8,4,8,8,4,32,1,1,4
"dot/dot_int8_int8_int32_4x8x8_1x4x1_neon/32/160/real_time",280881,491.959,491.934,ns,,,,,,8,4,8,160,4,32,1,1,4
"dot/dot_int8_int8_int32_4x8x8_1x4x1_neon/32/328/real_time",136813,1024.16,1024.17,ns,,,,,,8,4,8,328,4,32,1,1,4
"dot/dot_int8_int8_int32_4x8x8_1x4x1_neon/32/496/real_time",90146,1561.72,1561.62,ns,,,,,,8,4,8,496,4,32,1,1,4
"dot/dot_int8_int8_int32_4x8x8_1x4x1_neon/32/664/real_time",65885,2117.36,2117.37,ns,,,,,,8,4,8,664,4,32,1,1,4
"dot/dot_int8_int8_int32_4x8x8_1x4x1_neon/64/8/real_time",2242024,62.5605,62.5604,ns,,,,,,8,4,8,8,4,64,1,1,4
"dot/dot_int8_int8_int32_4x8x8_1x4x1_neon/64/80/real_time",294124,482.238,482.235,ns,,,,,,8,4,8,80,4,64,1,1,4
"dot/dot_int8_int8_int32_4x8x8_1x4x1_neon/64/168/real_time",134026,1034.03,1033.97,ns,,,,,,8,4,8,168,4,64,1,1,4
"dot/dot_int8_int8_int32_4x8x8_1x4x1_neon/64/256/real_time",87711,1597.06,1597.06,ns,,,,,,8,4,8,256,4,64,1,1,4
"dot/dot_int8_int8_int32_4x8x8_1x4x1_neon/64/344/real_time",64978,2135.5,2135.38,ns,,,,,,8,4,8,344,4,64,1,1,4
"dot/dot_int8_int8_int32_5x8x8_1x4x1_neon/8/8/real_time",7598767,15.5413,15.3876,ns,,,,,,8,5,8,8,5,8,1,1,4
"dot/dot_int8_int8_int32_5x8x8_1x4x1_neon/8/464/real_time",354202,395.283,395.283,ns,,,,,,8,5,8,464,5,8,1,1,4
"dot/dot_int8_int8_int32_5x8x8_1x4x1_neon/8/936/real_time",175807,798.94,798.825,ns,,,,,,8,5,8,936,5,8,1,1,4
"dot/dot_int8_int8_int32_5x8x8_1x4x1_neon/8/1400/real_time",115097,1228.07,1223.11,ns,,,,,,8,5,8,1400,5,8,1,1,4
"dot/dot_int8_int8_int32_5x8x8_1x4x1_neon/8/1872/real_time",87317,1600.82,1600.82,ns,,,,,,8,5,8,1872,5,8,1,1,4
"dot/dot_int8_int8_int32_5x8x8_1x4x1_neon/16/8/real_time",6253432,22.3269,22.3269,ns,,,,,,8,5,8,8,5,16,1,1,4
"dot/dot_int8_int8_int32_5x8x8_1x4x1_neon/16/288/real_time",283180,492.444,492.422,ns,,,,,,8,5,8,288,5,16,1,1,4
"dot/dot_int8_int8_int32_5x8x8_1x4x1_neon/16/576/real_time",100000,1023.97,1019.25,ns,,,,,,8,5,8,576,5,16,1,1,4
"dot/dot_int8_int8_int32_5x8x8_1x4x1_neon/16/864/real_time",93621,1471.19,1470.93,ns,,,,,,8,5,8,864,5,16,1,1,4
"dot/dot_int8_int8_int32_5x8x8_1x4x1_neon/16/1152/real_time",71382,1961.44,1961.43,ns,,,,,,8,5,8,1152,5,16,1,1,4
"dot/dot_int8_int8_int32_5x8x8_1x4x1_neon/32/8/real_time",3696402,37.8699,37.8625,ns,,,,,,8,5,8,8,5,32,1,1,4
"dot/dot_int8_int8_int32_5x8x8_1x4x1_neon/32/160/real_time",255322,546.503,546.471,ns,,,,,,8,5,8,160,5,32,1,1,4
"dot/dot_int8_int8_int32_5x8x8_1x4x1_neon/32/320/real_time",126759,1104.71,1104.72,ns,,,,,,8,5,8,320,5,32,1,1,4
"dot/dot_int8_int8_int32_5x8x8_1x4x1_neon/32/480/real_time",84458,1649.58,1649.49,ns,,,,,,8,5,8,480,5,32,1,1,4
"dot/dot_int8_int8_int32_5x8x8_1x4x1_neon/32/640/real_time",65044,2167.89,2167.47,ns,,,,,,8,5,8,640,5,32,1,1,4
"dot/dot_int8_int8_int32_5x8x8_1x4x1_neon/64/8/real_time",2002403,69.8487,69.8506,ns,,,,,,8,5,8,8,5,64,1,1,4
"dot/dot_int8_int8_int32_5x8x8_1x4x1_neon/64/80/real_time",255410,544.779,544.752,ns,,,,,,8,5,8,80,5,64,1,1,4
"dot/dot_int8_int8_int32_5x8x8_1x4x1_neon/64/168/real_time",123333,1145.09,1145.09,ns,,,,,,8,5,8,168,5,64,1,1,4
"dot/dot_int8_int8_int32_5x8x8_1x4x1_neon/64/248/real_time",82715,1683.05,1682.9,ns,,,,,,8,5,8,248,5,64,1,1,4
"dot/dot_int8_int8_int32_5x8x8_1x4x1_neon/64/336/real_time",61615,2276.23,2276.22,ns,,,,,,8,5,8,336,5,64,1,1,4
"dot/dot_int8_int8_int32_6x8x8_1x4x1_neon/8/8/real_time",7865629,17.9941,17.9931,ns,,,,,,8,6,8,8,6,8,1,1,4
"dot/dot_int8_int8_int32_6x8x8_1x4x1_neon/8/432/real_time",327012,428.321,428.324,ns,,,,,,8,6,8,432,6,8,1,1,4
"dot/dot_int8_int8_int32_6x8x8_1x4x1_neon/8/864/real_time",164276,848.211,848.158,ns,,,,,,8,6,8,864,6,8,1,1,4
"dot/dot_int8_int8_int32_6x8x8_1x4x1_neon/8/1296/real_time",110748,1265.29,1265.3,ns,,,,,,8,6,8,1296,6,8,1,1,4
"dot/dot_int8_int8_int32_6x8x8_1x4x1_neon/8/1736/real_time",82702,1680.43,1680.36,ns,,,,,,8,6,8,1736,6,8,1,1,4
"dot/dot_int8_int8_int32_6x8x8_1x4x1_neon/16/8/real_time",5233677,26.7301,26.7302,ns,,,,,,8,6,8,8,6,16,1,1,4
"dot/dot_int8_int8_int32_6x8x8_1x4x1_neon/16/272/real_time",267250,530.545,530.541,ns,,,,,,8,6,8,272,6,16,1,1,4
"dot/dot_int8_int8_int32_6x8x8_1x4x1_neon/16/544/real_time",132676,1055.99,1055.99,ns,,,,,,8,6,8,544,6,16,1,1,4
"dot/dot_int8_int8_int32_6x8x8_1x4x1_neon/16/816/real_time",88511,1572.17,1572.09,ns,,,,,,8,6,8,816,6,16,1,1,4
"dot/dot_int8_int8_int32_6x8x8_1x4x1_neon/16/1096/real_time",66161,2131.14,2131.13,ns,,,,,,8,6,8,1096,6,16,1,1,4
"dot/dot_int8_int8_int32_6x8x8_1x4x1_neon/32/8/real_time",3129296,44.6855,44.6835,ns,,,,,,8,6,8,8,6,32,1,1,4
"dot/dot_int8_int8_int32_6x8x8_1x4x1_neon/32/152/real_time",233443,593.653,593.545,ns,,,,,,8,6,8,152,6,32,1,1,4
"dot/dot_int8_int8_int32_6x8x8_1x4x1_neon/32/312/real_time",113589,1228.12,1228.12,ns,,,,,,8,6,8,312,6,32,1,1,4
"dot/dot_int8_int8_int32_6x8x8_1x4x1_neon/32/464/real_time",76565,1826.44,1826.45,ns,,,,,,8,6,8,464,6,32,1,1,4
"dot/dot_int8_int8_int32_6x8x8_1x4x1_neon/32/624/real_time",57002,2438.59,2438.44,ns,,,,,,8,6,8,624,6,32,1,1,4
"dot/dot_int8_int8_int32_6x8x8_1x4x1_neon/64/8/real_time",1721723,81.3605,81.3563,ns,,,,,,8,6,8,8,6,64,1,1,4
"dot/dot_int8_int8_int32_6x8x8_1x4x1_neon/64/80/real_time",222683,630.201,630.201,ns,,,,,,8,6,8,80,6,64,1,1,4
"dot/dot_int8_int8_int32_6x8x8_1x4x1_neon/64/160/real_time",111695,1245.79,1245.73,ns,,,,,,8,6,8,160,6,64,1,1,4
"dot/dot_int8_int8_int32_6x8x8_1x4x1_neon/64/240/real_time",75047,1862.96,1862.97,ns,,,,,,8,6,8,240,6,64,1,1,4
"dot/dot_int8_int8_int32_6x8x8_1x4x1_neon/64/328/real_time",55098,2542.33,2542.32,ns,,,,,,8,6,8,328,6,64,1,1,4
"dot/dot_int8_int8_int32_8x8x8_1x4x1_neon/8/8/real_time",5884774,23.741,23.7396,ns,,,,,,8,8,8,8,8,8,1,1,4
"dot/dot_int8_int8_int32_8x8x8_1x4x1_neon/8/376/real_time",293138,478.126,478.113,ns,,,,,,8,8,8,376,8,8,1,1,4
"dot/dot_int8_int8_int32_8x8x8_1x4x1_neon/8/760/real_time",145457,957.121,957.059,ns,,,,,,8,8,8,760,8,8,1,1,4
"dot/dot_int8_int8_int32_8x8x8_1x4x1_neon/8/1136/real_time",97931,1418.03,1418.03,ns,,,,,,8,8,8,1136,8,8,1,1,4
"dot/dot_int8_int8_int32_8x8x8_1x4x1_neon/8/1520/real_time",73980,1891.44,1891.44,ns,,,,,,8,8,8,1520,8,8,1,1,4
"dot/dot_int8_int8_int32_8x8x8_1x4x1_neon/16/8/real_time",3814684,35.7665,35.7571,ns,,,,,,8,8,8,8,8,16,1,1,4
"dot/dot_int8_int8_int32_8x8x8_1x4x1_neon/16/248/real_time",223306,626.748,626.745,ns,,,,,,8,8,8,248,8,16,1,1,4
"dot/dot_int8_int8_int32_8x8x8_1x4x1_neon/16/496/real_time",114738,1441.62,1359.28,ns,,,,,,8,8,8,496,8,16,1,1,4
"dot/dot_int8_int8_int32_8x8x8_1x4x1_neon/16/744/real_time",73430,1915.22,1887.63,ns,,,,,,8,8,8,744,8,16,1,1,4
"dot/dot_int8_int8_int32_8x8x8_1x4x1_neon/16/1000/real_time",56065,2486.56,2475.47,ns,,,,,,8,8,8,1000,8,16,1,1,4
"dot/dot_int8_int8_int32_8x8x8_1x4x1_neon/32/8/real_time",2356216,64.1704,62.788,ns,,,,,,8,8,8,8,8,32,1,1,4
"dot/dot_int8_int8_int32_8x8x8_1x4x1_neon/32/144/real_time",152487,765.73,754.687,ns,,,,,,8,8,8,144,8,32,1,1,4
"dot/dot_int8_int8_int32_8x8x8_1x4x1_neon/32/288/real_time",98640,1429.77,1429.06,ns,,,,,,8,8,8,288,8,32,1,1,4
"dot/dot_int8_int8_int32_8x8x8_1x4x1_neon/32/432/real_time",65249,2146.71,2146.71,ns,,,,,,8,8,8,432,8,32,1,1,4
"dot/dot_int8_int8_int32_8x8x8_1x4x1_neon/32/584/real_time",48367,2891.66,2891.66,ns,,,,,,8,8,8,584,8,32,1,1,4
"dot/dot_int8_int8_int32_8x8x8_1x4x1_neon/64/8/real_time",1299651,107.731,107.725,ns,,,,,,8,8,8,8,8,64,1,1,4
"dot/dot_int8_int8_int32_8x8x8_1x4x1_neon/64/72/real_time",190802,731.978,731.942,ns,,,,,,8,8,8,72,8,64,1,1,4
"dot/dot_int8_int8_int32_8x8x8_1x4x1_neon/64/152/real_time",91676,1517.57,1517.09,ns,,,,,,8,8,8,152,8,64,1,1,4
"dot/dot_int8_int8_int32_8x8x8_1x4x1_neon/64/232/real_time",60355,2319.6,2319.59,ns,,,,,,8,8,8,232,8,64,1,1,4
"dot/dot_int8_int8_int32_8x8x8_1x4x1_neon/64/312/real_time",44911,3114.79,3114.03,ns,,,,,,8,8,8,312,8,64,1,1,4
"dot/dot_int8_int8_int32_8x4x8_1x4x1_neon/4/8/real_time",10493146,13.4445,13.4443,ns,,,,,,8,8,4,8,8,4,1,1,4
"dot/dot_int8_int8_int32_8x4x8_1x4x1_neon/4/504/real_time",352968,389.715,389.537,ns,,,,,,8,8,4,504,8,4,1,1,4
"dot/dot_int8_int8_int32_8x4x8_1x4x1_neon/4/1016/real_time",177523,779.947,779.91,ns,,,,,,8,8,4,1016,8,4,1,1,4
"dot/dot_int8_int8_int32_8x4x8_1x4x1_neon/4/1520/real_time",119595,1176.11,1176.12,ns,,,,,,8,8,4,1520,8,4,1,1,4
"dot/dot_int8_int8_int32_8x4x8_1x4x1_neon/4/2032/real_time",88931,1566.35,1566.26,ns,,,,,,8,8,4,2032,8,4,1,1,4
"dot/dot_int8_int8_int32_8x4x8_1x4x1_neon/8/8/real_time",7642912,18.3852,18.3853,ns,,,,,,8,8,4,8,8,8,1,1,4
"dot/dot_int8_int8_int32_8x4x8_1x4x1_neon/8/376/real_time",238114,579.65,579.626,ns,,,,,,8,8,4,376,8,8,1,1,4
"dot/dot_int8_int8_int32_8x4x8_1x4x1_neon/8/760/real_time",119698,1166.13,1166.09,ns,,,,,,8,8,4,760,8,8,1,1,4
"dot/dot_int8_int8_int32_8x4x8_1x4x1_neon/8/1136/real_time",79734,1760.91,1760.91,ns,,,,,,8,8,4,1136,8,8,1,1,4
"dot/dot_int8_int8_int32_8x4x8_1x4x1_neon/8/1520/real_time",59432,2346.2,2346.08,ns,,,,,,8,8,4,1520,8,8,1,1,4
"dot/dot_int8_int8_int32_8x4x8_1x4x1_neon/16/8/real_time",4713758,29.702,29.702,ns,,,,,,8,8,4,8,8,16,1,1,4
"dot/dot_int8_int8_int32_8x4x8_1x4x1_neon/16/248/real_time",184187,752.794,752.795,ns,,,,,,8,8,4,248,8,16,1,1,4
"dot/dot_int8_int8_int32_8x4x8_1x4x1_neon/16/496/real_time",92169,1520.25,1520.25,ns,,,,,,8,8,4,496,8,16,1,1,4
"dot/dot_int8_int8_int32_8x4x8_1x4x1_neon/16/744/real_time",62231,2320.21,2320.15,ns,,,,,,8,8,4,744,8,16,1,1,4
"dot/dot_int8_int8_int32_8x4x8_1x4x1_neon/16/1000/real_time",44789,3129.44,3129.43,ns,,,,,,8,8,4,1000,8,16,1,1,4
"dot/dot_int8_int8_int32_8x4x8_1x4x1_neon/32/8/real_time",2650973,52.7044,52.7014,ns,,,,,,8,8,4,8,8,32,1,1,4
"dot/dot_int8_int8_int32_8x4x8_1x4x1_neon/32/144/real_time",161074,860.74,860.691,ns,,,,,,8,8,4,144,8,32,1,1,4
"dot/dot_int8_int8_int32_8x4x8_1x4x1_neon/32/288/real_time",80300,1753.29,1753.28,ns,,,,,,8,8,4,288,8,32,1,1,4
"dot/dot_int8_int8_int32_8x4x8_1x4x1_neon/32/432/real_time",53468,2652.7,2652.69,ns,,,,,,8,8,4,432,8,32,1,1,4
"dot/dot_int8_int8_int32_8x4x8_1x4x1_neon/32/584/real_time",38798,3694.1,3690.99,ns,,,,,,8,8,4,584,8,32,1,1,4
"dot/dot_fp32_1xNx1_1x1x1/32/1/real_time",10354296,13.8722,13.7802,ns,,,,,,1,1,32,1,1,32,1,1,1
"dot/dot_fp32_1xNx1_1x1x1/32/46/real_time",848127,164.265,164.264,ns,,,,,,1,1,32,46,1,32,1,1,1
"dot/dot_fp32_1xNx1_1x1x1/32/92/real_time",438831,321.257,321.235,ns,,,,,,1,1,32,92,1,32,1,1,1
"dot/dot_fp32_1xNx1_1x1x1/32/138/real_time",292084,478.486,478.462,ns,,,,,,1,1,32,138,1,32,1,1,1
"dot/dot_fp32_1xNx1_1x1x1/32/185/real_time",218926,637.582,637.553,ns,,,,,,1,1,32,185,1,32,1,1,1
"dot/dot_fp32_1xNx1_1x1x1/64/1/real_time",7141536,19.6036,19.6036,ns,,,,,,1,1,32,1,1,64,1,1,1
"dot/dot_fp32_1xNx1_1x1x1/64/23/real_time",950869,148.277,148.276,ns,,,,,,1,1,32,23,1,64,1,1,1
"dot/dot_fp32_1xNx1_1x1x1/64/46/real_time",494891,280.778,280.763,ns,,,,,,1,1,32,46,1,64,1,1,1
"dot/dot_fp32_1xNx1_1x1x1/64/69/real_time",337292,415.083,415.085,ns,,,,,,1,1,32,69,1,64,1,1,1
"dot/dot_fp32_1xNx1_1x1x1/64/93/real_time",252567,554.156,554.154,ns,,,,,,1,1,32,93,1,64,1,1,1
"dot/dot_fp32_1xNx1_1x1x1/128/1/real_time",5538568,25.3565,25.3549,ns,,,,,,1,1,32,1,1,128,1,1,1
"dot/dot_fp32_1xNx1_1x1x1/128/11/real_time",1202314,114.912,114.914,ns,,,,,,1,1,32,11,1,128,1,1,1
"dot/dot_fp32_1xNx1_1x1x1/128/23/real_time",612013,227.253,227.252,ns,,,,,,1,1,32,23,1,128,1,1,1
"dot/dot_fp32_1xNx1_1x1x1/128/34/real_time",434419,325.173,325.135,ns,,,,,,1,1,32,34,1,128,1,1,1
"dot/dot_fp32_1xNx1_1x1x1/128/46/real_time",317871,439.313,439.313,ns,,,,,,1,1,32,46,1,128,1,1,1
"dot/dot_fp32_1xNx1_1x1x1/256/1/real_time",3687267,38.3468,38.3466,ns,,,,,,1,1,32,1,1,256,1,1,1
"dot/dot_fp32_1xNx1_1x1x1/256/5/real_time",1261432,109.63,109.624,ns,,,,,,1,1,32,5,1,256,1,1,1
"dot/dot_fp32_1xNx1_1x1x1/256/11/real_time",654821,224.528,221.551,ns,,,,,,1,1,32,11,1,256,1,1,1
"dot/dot_fp32_1xNx1_1x1x1/256/16/real_time",467970,298.151,298.152,ns,,,,,,1,1,32,16,1,256,1,1,1
"dot/dot_fp32_1xNx1_1x1x1/256/22/real_time",349781,397.725,397.703,ns,,,,,,1,1,32,22,1,256,1,1,1
"dot/dot_fp64_1xNx1_1x1x1/32/1/real_time",7091271,19.7522,19.7523,ns,,,,,,1,1,32,1,1,32,1,1,1
"dot/dot_fp64_1xNx1_1x1x1/32/23/real_time",941841,150.093,150.086,ns,,,,,,1,1,32,23,1,32,1,1,1
"dot/dot_fp64_1xNx1_1x1x1/32/46/real_time",486652,287.263,287.25,ns,,,,,,1,1,32,46,1,32,1,1,1
"dot/dot_fp64_1xNx1_1x1x1/32/69/real_time",335080,418.104,418.103,ns,,,,,,1,1,32,69,1,32,1,1,1
"dot/dot_fp64_1xNx1_1x1x1/32/92/real_time",253574,549.816,549.816,ns,,,,,,1,1,32,92,1,32,1,1,1
"dot/dot_fp64_1xNx1_1x1x1/64/1/real_time",5565531,25.1904,25.1892,ns,,,,,,1,1,32,1,1,64,1,1,1
"dot/dot_fp64_1xNx1_1x1x1/64/11/real_time",1131252,113.981,113.981,ns,,,,,,1,1,32,11,1,64,1,1,1
"dot/dot_fp64_1xNx1_1x1x1/64/23/real_time",630174,224.528,224.516,ns,,,,,,1,1,32,23,1,64,1,1,1
"dot/dot_fp64_1xNx1_1x1x1/64/34/real_time",427773,329.735,329.722,ns,,,,,,1,1,32,34,1,64,1,1,1
"dot/dot_fp64_1xNx1_1x1x1/64/46/real_time",323495,427.643,427.642,ns,,,,,,1,1,32,46,1,64,1,1,1
"dot/dot_fp64_1xNx1_1x1x1/128/1/real_time",3631439,38.8982,38.8984,ns,,,,,,1,1,32,1,1,128,1,1,1
"dot/dot_fp64_1xNx1_1x1x1/128/5/real_time",1299329,107.299,107.294,ns,,,,,,1,1,32,5,1,128,1,1,1
"dot/dot_fp64_1xNx1_1x1x1/128/11/real_time",662303,210.878,210.878,ns,,,,,,1,1,32,11,1,128,1,1,1
"dot/dot_fp64_1xNx1_1x1x1/128/16/real_time",472954,295.211,295.194,ns,,,,,,1,1,32,16,1,128,1,1,1
"dot/dot_fp64_1xNx1_1x1x1/128/22/real_time",350781,398.872,398.856,ns,,,,,,1,1,32,22,1,128,1,1,1
"dot/dot_fp64_1xNx1_1x1x1/256/1/real_time",1837174,75.4325,75.4316,ns,,,,,,1,1,32,1,1,256,1,1,1
"dot/dot_fp64_1xNx1_1x1x1/256/2/real_time",1218650,115.761,115.761,ns,,,,,,1,1,32,2,1,256,1,1,1
"dot/dot_fp64_1xNx1_1x1x1/256/5/real_time",611215,226.545,226.534,ns,,,,,,1,1,32,5,1,256,1,1,1
"dot/dot_fp64_1xNx1_1x1x1/256/7/real_time",465542,301.567,301.565,ns,,,,,,1,1,32,7,1,256,1,1,1
"dot/dot_fp64_1xNx1_1x1x1/256/10/real_time",344593,407.941,407.939,ns,,,,,,1,1,32,10,1,256,1,1,1
"dot/dot_fp16_fp16_fp32_1xNx1_1x1x1/32/1/real_time",11279066,12.3915,12.3911,ns,,,,,,1,1,32,1,1,32,1,1,1
"dot/dot_fp16_fp16_fp32_1xNx1_1x1x1/32/92/real_time",422009,330.791,330.792,ns,,,,,,1,1,32,92,1,32,1,1,1
"dot/dot_fp16_fp16_fp32_1xNx1_1x1x1/32/185/real_time",212063,660.708,660.709,ns,,,,,,1,1,32,185,1,32,1,1,1
"dot/dot_fp16_fp16_fp32_1xNx1_1x1x1/32/277/real_time",142066,1028.79,1011.11,ns,,,,,,1,1,32,277,1,32,1,1,1
"dot/dot_fp16_fp16_fp32_1xNx1_1x1x1/32/370/real_time",106469,1312.31,1312.26,ns,,,,,,1,1,32,370,1,32,1,1,1
"dot/dot_fp16_fp16_fp32_1xNx1_1x1x1/64/1/real_time",6881439,20.3138,20.3139,ns,,,,,,1,1,32,1,1,64,1,1,1
"dot/dot_fp16_fp16_fp32_1xNx1_1x1x1/64/46/real_time",561271,252.448,252.434,ns,,,,,,1,1,32,46,1,64,1,1,1
"dot/dot_fp16_fp16_fp32_1xNx1_1x1x1/64/93/real_time",280644,498.331,498.332,ns,,,,,,1,1,32,93,1,64,1,1,1
"dot/dot_fp16_fp16_fp32_1xNx1_1x1x1/64/140/real_time",186769,748.545,748.508,ns,,,,,,1,1,32,140,1,64,1,1,1
"dot/dot_fp16_fp16_fp32_1xNx1_1x1x1/64/187/real_time",100000,1001.88,1001.88,ns,,,,,,1,1,32,187,1,64,1,1,1
"dot/dot_fp16_fp16_fp32_1xNx1_1x1x1/128/1/real_time",5488277,25.5118,25.5107,ns,,,,,,1,1,32,1,1,128,1,1,1
"dot/dot_fp16_fp16_fp32_1xNx1_1x1x1/128/23/real_time",752838,185.672,185.663,ns,,,,,,1,1,32,23,1,128,1,1,1
"dot/dot_fp16_fp16_fp32_1xNx1_1x1x1/128/46/real_time",394513,353.165,353.167,ns,,,,,,1,1,32,46,1,128,1,1,1
"dot/dot_fp16_fp16_fp32_1xNx1_1x1x1/128/69/real_time",268908,520.814,520.81,ns,,,,,,1,1,32,69,1,128,1,1,1
"dot/dot_fp16_fp16_fp32_1xNx1_1x1x1/128/93/real_time",201454,695.305,695.27,ns,,,,,,1,1,32,93,1,128,1,1,1
"dot/dot_fp16_fp16_fp32_1xNx1_1x1x1/256/1/real_time",3912245,35.7907,35.7887,ns,,,,,,1,1,32,1,1,256,1,1,1
"dot/dot_fp16_fp16_fp32_1xNx1_1x1x1/256/11/real_time",894900,156.72,156.72,ns,,,,,,1,1,32,11,1,256,1,1,1
"dot/dot_fp16_fp16_fp32_1xNx1_1x1x1/256/22/real_time",480729,290.398,290.384,ns,,,,,,1,1,32,22,1,256,1,1,1
"dot/dot_fp16_fp16_fp32_1xNx1_1x1x1/256/33/real_time",330804,423.525,423.526,ns,,,,,,1,1,32,33,1,256,1,1,1
"dot/dot_fp16_fp16_fp32_1xNx1_1x1x1/256/45/real_time",245949,568.847,568.85,ns,,,,,,1,1,32,45,1,256,1,1,1
"dot/dot_bf16_bf16_fp32_1xNx1_1x1x1/32/1/real_time",11052413,12.5977,12.5969,ns,,,,,,1,1,32,1,1,32,1,1,1
"dot/dot_bf16_bf16_fp32_1xNx1_1x1x1/32/92/real_time",424354,329.557,329.539,ns,,,,,,1,1,32,92,1,32,1,1,1
"dot/dot_bf16_bf16_fp32_1xNx1_1x1x1/32/185/real_time",212460,658.99,658.985,ns,,,,,,1,1,32,185,1,32,1,1,1
"dot/dot_bf16_bf16_fp32_1xNx1_1x1x1/32/277/real_time",142474,983.179,983.176,ns,,,,,,1,1,32,277,1,32,1,1,1
"dot/dot_bf16_bf16_fp32_1xNx1_1x1x1/32/370/real_time",106124,1312.06,1312.06,ns,,,,,,1,1,32,370,1,32,1,1,1
"dot/dot_bf16_bf16_fp32_1xNx1_1x1x1/64/1/real_time",6858822,20.3898,20.3889,ns,,,,,,1,1,32,1,1,64,1,1,1
"dot/dot_bf16_bf16_fp32_1xNx1_1x1x1/64/46/real_time",545320,257.339,257.339,ns,,,,,,1,1,32,46,1,64,1,1,1
"dot/dot_bf16_bf16_fp32_1xNx1_1x1x1/64/93/real_time",275184,511.92,511.919,ns,,,,,,1,1,32,93,1,64,1,1,1
"dot/dot_bf16_bf16_fp32_1xNx1_1x1x1/64/140/real_time",183512,764.898,764.855,ns,,,,,,1,1,32,140,1,64,1,1,1
"dot/dot_bf16_bf16_fp32_1xNx1_1x1x1/64/187/real_time",137749,1017.11,1017.1,ns,,,,,,1,1,32,187,1,64,1,1,1
"dot/dot_bf16_bf16_fp32_1xNx1_1x1x1/128/1/real_time",5484819,25.528,25.5279,ns,,,,,,1,1,32,1,1,128,1,1,1
"dot/dot_bf16_bf16_fp32_1xNx1_1x1x1/128/23/real_time",764100,182.893,182.882,ns,,,,,,1,1,32,23,1,128,1,1,1
"dot/dot_bf16_bf16_fp32_1xNx1_1x1x1/128/46/real_time",403468,347.085,347.083,ns,,,,,,1,1,32,46,1,128,1,1,1
"dot/dot_bf16_bf16_fp32_1xNx1_1x1x1/128/69/real_time",273255,511.827,511.83,ns,,,,,,1,1,32,69,1,128,1,1,1
"dot/dot_bf16_bf16_fp32_1xNx1_1x1x1/128/93/real_time",205172,682.448,682.413,ns,,,,,,1,1,32,93,1,128,1,1,1
"dot/dot_bf16_bf16_fp32_1xNx1_1x1x1/256/1/real_time",3918751,35.7604,35.7604,ns,,,,,,1,1,32,1,1,256,1,1,1
"dot/dot_bf16_bf16_fp32_1xNx1_1x1x1/256/11/real_time",895599,156.478,156.479,ns,,,,,,1,1,32,11,1,256,1,1,1
"dot/dot_bf16_bf16_fp32_1xNx1_1x1x1/256/22/real_time",482644,289.51,289.497,ns,,,,,,1,1,32,22,1,256,1,1,1
"dot/dot_bf16_bf16_fp32_1xNx1_1x1x1/256/33/real_time",331786,421.836,421.814,ns,,,,,,1,1,32,33,1,256,1,1,1
"dot/dot_bf16_bf16_fp32_1xNx1_1x1x1/256/45/real_time",246321,567.206,567.203,ns,,,,,,1,1,32,45,1,256,1,1,1
"dot/dot_int8_int8_int32_1xNx1_1x1x1/32/1/real_time",11018525,12.7433,12.7426,ns,,,,,,1,1,32,1,1,32,1,1,1
"dot/dot_int8_int8_int32_1xNx1_1x1x1/32/185/real_time",213365,656.074,656.073,ns,,,,,,1,1,32,185,1,32,1,1,1
"dot/dot_int8_int8_int32_1xNx1_1x1x1/32/370/real_time",106707,1309.28,1309.28,ns,,,,,,1,1,32,370,1,32,1,1,1
"dot/dot_int8_int8_int32_1xNx1_1x1x1/32/555/real_time",72038,1951.98,1951.98,ns,,,,,,1,1,32,555,1,32,1,1,1
"dot/dot_int8_int8_int32_1xNx1_1x1x1/32/740/real_time",53597,2606.79,2606.68,ns,,,,,,1,1,32,740,1,32,1,1,1
"dot/dot_int8_int8_int32_1xNx1_1x1x1/64/1/real_time",6857549,20.4564,20.456,ns,,,,,,1,1,32,1,1,64,1,1,1
"dot/dot_int8_int8_int32_1xNx1_1x1x1/64/93/real_time",308544,474.832,474.795,ns,,,,,,1,1,32,93,1,64,1,1,1
"dot/dot_int8_int8_int32_1xNx1_1x1x1/64/187/real_time",152536,898.038,897.998,ns,,,,,,1,1,32,187,1,64,1,1,1
"dot/dot_int8_int8_int32_1xNx1_1x1x1/64/280/real_time",108522,1306.63,1306.63,ns,,,,,,1,1,32,280,1,64,1,1,1
"dot/dot_int8_int8_int32_1xNx1_1x1x1/64/374/real_time",82595,1703.02,1702.92,ns,,,,,,1,1,32,374,1,64,1,1,1
"dot/dot_int8_int8_int32_1xNx1_1x1x1/128/1/real_time",5701767,24.5841,24.5841,ns,,,,,,1,1,32,1,1,128,1,1,1
"dot/dot_int8_int8_int32_1xNx1_1x1x1/128/46/real_time",438627,319.03,319.032,ns,,,,,,1,1,32,46,1,128,1,1,1
"dot/dot_int8_int8_int32_1xNx1_1x1x1/128/93/real_time",223377,626.944,626.945,ns,,,,,,1,1,32,93,1,128,1,1,1
"dot/dot_int8_int8_int32_1xNx1_1x1x1/128/139/real_time",150812,928.957,928.958,ns,,,,,,1,1,32,139,1,128,1,1,1
"dot/dot_int8_int8_int32_1xNx1_1x1x1/128/186/real_time",113259,1237.35,1237.35,ns,,,,,,1,1,32,186,1,128,1,1,1
"dot/dot_int8_int8_int32_1xNx1_1x1x1/256/1/real_time",4180331,33.8337,33.8337,ns,,,,,,1,1,32,1,1,256,1,1,1
"dot/dot_int8_int8_int32_1xNx1_1x1x1/256/22/real_time",562989,248.237,248.223,ns,,,,,,1,1,32,22,1,256,1,1,1
"dot/dot_int8_int8_int32_1xNx1_1x1x1/256/45/real_time",289077,483.14,483.141,ns,,,,,,1,1,32,45,1,256,1,1,1
"dot/dot_int8_int8_int32_1xNx1_1x1x1/256/68/real_time",194849,717.763,717.766,ns,,,,,,1,1,32,68,1,256,1,1,1
"dot/dot_int8_int8_int32_1xNx1_1x1x1/256/91/real_time",146919,952.985,952.988,ns,,,,,,1,1,32,91,1,256,1,1,1
"dot/dot_uint8_int8_int32_1xNx1_1x1x1/32/1/real_time",10933549,12.7813,12.7809,ns,,,,,,1,1,32,1,1,32,1,1,1
"dot/dot_uint8_int8_int32_1xNx1_1x1x1/32/185/real_time",213518,655.472,655.434,ns,,,,,,1,1,32,185,1,32,1,1,1
"dot/dot_uint8_int8_int32_1xNx1_1x1x1/32/370/real_time",107013,1310.09,1310.09,ns,,,,,,1,1,32,370,1,32,1,1,1
"dot/dot_uint8_int8_int32_1xNx1_1x1x1/32/555/real_time",71332,1952.08,1952.06,ns,,,,,,1,1,32,555,1,32,1,1,1
"dot/dot_uint8_int8_int32_1xNx1_1x1x1/32/740/real_time",53589,2614.22,2614.21,ns,,,,,,1,1,32,740,1,32,1,1,1
"dot/dot_uint8_int8_int32_1xNx1_1x1x1/64/1/real_time",6844153,20.4436,20.4427,ns,,,,,,1,1,32,1,1,64,1,1,1
"dot/dot_uint8_int8_int32_1xNx1_1x1x1/64/93/real_time",296258,475.487,475.488,ns,,,,,,1,1,32,93,1,64,1,1,1
"dot/dot_uint8_int8_int32_1xNx1_1x1x1/64/187/real_time",150156,905.369,905.372,ns,,,,,,1,1,32,187,1,64,1,1,1
"dot/dot_uint8_int8_int32_1xNx1_1x1x1/64/280/real_time",106270,1345.74,1345.67,ns,,,,,,1,1,32,280,1,64,1,1,1
"dot/dot_uint8_int8_int32_1xNx1_1x1x1/64/374/real_time",77766,1780.42,1780.43,ns,,,,,,1,1,32,374,1,64,1,1,1
"dot/dot_uint8_int8_int32_1xNx1_1x1x1/128/1/real_time",5702357,24.5536,24.5537,ns,,,,,,1,1,32,1,1,128,1,1,1
"dot/dot_uint8_int8_int32_1xNx1_1x1x1/128/46/real_time",439267,318.951,318.934,ns,,,,,,1,1,32,46,1,128,1,1,1
"dot/dot_uint8_int8_int32_1xNx1_1x1x1/128/93/real_time",222442,626.161,626.127,ns,,,,,,1,1,32,93,1,128,1,1,1
"dot/dot_uint8_int8_int32_1xNx1_1x1x1/128/139/real_time",151033,926.719,926.678,ns,,,,,,1,1,32,139,1,128,1,1,1
"dot/dot_uint8_int8_int32_1xNx1_1x1x1/128/186/real_time",113421,1235.64,1235.64,ns,,,,,,1,1,32,186,1,128,1,1,1
"dot/dot_uint8_int8_int32_1xNx1_1x1x1/256/1/real_time",4218387,34.2349,33.9933,ns,,,,,,1,1,32,1,1,256,1,1,1
"dot/dot_uint8_int8_int32_1xNx1_1x1x1/256/22/real_time",562173,248.264,248.265,ns,,,,,,1,1,32,22,1,256,1,1,1
"dot/dot_uint8_int8_int32_1xNx1_1x1x1/256/45/real_time",289694,483.682,483.662,ns,,,,,,1,1,32,45,1,256,1,1,1
"dot/dot_uint8_int8_int32_1xNx1_1x1x1/256/68/real_time",194747,719.072,719.035,ns,,,,,,1,1,32,68,1,256,1,1,1
"dot/dot_uint8_int8_int32_1xNx1_1x1x1/256/91/real_time",146799,952.248,952.2,ns,,,,,,1,1,32,91,1,256,1,1,1
"dot/dot_int8_int4_int32_1xNx2_1x1x2/32/2/real_time",10210873,13.7281,13.7281,ns,,,,,,2,1,32,2,1,32,2,1,1
"dot/dot_int8_int4_int32_1xNx2_1x1x2/32/358/real_time",179473,780.834,780.831,ns,,,,,,2,1,32,358,1,32,2,1,1
"dot/dot_int8_int4_int32_1xNx2_1x1x2/32/718/real_time",90006,1556.98,1556.91,ns,,,,,,2,1,32,718,1,32,2,1,1
"dot/dot_int8_int4_int32_1xNx2_1x1x2/32/1078/real_time",59794,2329.18,2329.08,ns,,,,,,2,1,32,1078,1,32,2,1,1
"dot/dot_int8_int4_int32_1xNx2_1x1x2/32/1438/real_time",45056,3114.34,3114.35,ns,,,,,,2,1,32,1438,1,32,2,1,1
"dot/dot_int8_int4_int32_1xNx2_1x1x2/64/2/real_time",6887744,20.2912,20.29,ns,,,,,,2,1,32,2,1,64,2,1,1
"dot/dot_int8_int4_int32_1xNx2_1x1x2/64/184/real_time",250435,559.304,559.307,ns,,,,,,2,1,32,184,1,64,2,1,1
"dot/dot_int8_int4_int32_1xNx2_1x1x2/64/368/real_time",127037,1102.84,1102.85,ns,,,,,,2,1,32,368,1,64,2,1,1
"dot/dot_int8_int4_int32_1xNx2_1x1x2/64/552/real_time",84502,1648.47,1648.39,ns,,,,,,2,1,32,552,1,64,2,1,1
"dot/dot_int8_int4_int32_1xNx2_1x1x2/64/736/real_time",63930,2187.48,2187.47,ns,,,,,,2,1,32,736,1,64,2,1,1
"dot/dot_int8_int4_int32_1xNx2_1x1x2/128/2/real_time",4252416,32.9615,32.9615,ns,,,,,,2,1,32,2,1,128,2,1,1
"dot/dot_int8_int4_int32_1xNx2_1x1x2/128/92/real_time",251602,555.39,555.361,ns,,,,,,2,1,32,92,1,128,2,1,1
"dot/dot_int8_int4_int32_1xNx2_1x1x2/128/184/real_time",128270,1091.37,1091.38,ns,,,,,,2,1,32,184,1,128,2,1,1
"dot/dot_int8_int4_int32_1xNx2_1x1x2/128/276/real_time",86064,1627.11,1627.1,ns,,,,,,2,1,32,276,1,128,2,1,1
"dot/dot_int8_int4_int32_1xNx2_1x1x2/128/370/real_time",64186,2177.94,2177.86,ns,,,,,,2,1,32,370,1,128,2,1,1
"dot/dot_int8_int4_int32_1xNx2_1x1x2/256/2/real_time",2740124,51.1085,51.1086,ns,,,,,,2,1,32,2,1,256,2,1,1
"dot/dot_int8_int4_int32_1xNx2_1x1x2/256/44/real_time",262891,536.977,536.975,ns,,,,,,2,1,32,44,1,256,2,1,1
"dot/dot_int8_int4_int32_1xNx2_1x1x2/256/90/real_time",131224,1067.99,1067.94,ns,,,,,,2,1,32,90,1,256,2,1,1
"dot/dot_int8_int4_int32_1xNx2_1x1x2/256/136/real_time",87373,1599.6,1599.6,ns,,,,,,2,1,32,136,1,256,2,1,1
"dot/dot_int8_int4_int32_1xNx2_1x1x2/256/182/real_time",65728,2133.55,2133.54,ns,,,,,,2,1,32,182,1,256,2,1,1
"dot/dot_int8_int2_int32_1xNx4_1x1x4/32/4/real_time",10889398,12.8078,12.807,ns,,,,,,4,1,32,4,1,32,4,1,1
"dot/dot_int8_int2_int32_1xNx4_1x1x4/32/676/real_time",135202,1035.83,1035.83,ns,,,,,,4,1,32,676,1,32,4,1,1
"dot/dot_int8_int2_int32_1xNx4_1x1x4/32/1356/real_time",67699,2061.15,2061.05,ns,,,,,,4,1,32,1356,1,32,4,1,1
"dot/dot_int8_int2_int32_1xNx4_1x1x4/32/2036/real_time",45046,3095,3094.84,ns,,,,,,4,1,32,2036,1,32,4,1,1
"dot/dot_int8_int2_int32_1xNx4_1x1x4/32/2716/real_time",33790,4145.59,4145.63,ns,,,,,,4,1,32,2716,1,32,4,1,1
"dot/dot_int8_int2_int32_1xNx4_1x1x4/64/4/real_time",6944329,20.2013,20.2012,ns,,,,,,4,1,32,4,1,64,4,1,1
"dot/dot_int8_int2_int32_1xNx4_1x1x4/64/356/real_time",130718,1065.71,1065.65,ns,,,,,,4,1,32,356,1,64,4,1,1
"dot/dot_int8_int2_int32_1xNx4_1x1x4/64/712/real_time",66087,2126.24,2126.26,ns,,,,,,4,1,32,712,1,64,4,1,1
"dot/dot_int8_int2_int32_1xNx4_1x1x4/64/1068/real_time",43958,3189.84,3189.7,ns,,,,,,4,1,32,1068,1,64,4,1,1
"dot/dot_int8_int2_int32_1xNx4_1x1x4/64/1428/real_time",32722,4258.76,4258.54,ns,,,,,,4,1,32,1428,1,64,4,1,1
"dot/dot_int8_int2_int32_1xNx4_1x1x4/128/4/real_time",3901886,35.8345,35.8345,ns,,,,,,4,1,32,4,1,128,4,1,1
"dot/dot_int8_int2_int32_1xNx4_1x1x4/128/180/real_time",129849,1078.6,1078.61,ns,,,,,,4,1,32,180,1,128,4,1,1
"dot/dot_int8_int2_int32_1xNx4_1x1x4/128/364/real_time",64396,2162.57,2162.43,ns,,,,,,4,1,32,364,1,128,4,1,1
"dot/dot_int8_int2_int32_1xNx4_1x1x4/128/544/real_time",43590,3200.13,3199.5,ns,,,,,,4,1,32,544,1,128,4,1,1
"dot/dot_int8_int2_int32_1xNx4_1x1x4/128/728/real_time",32559,4284.66,4284.47,ns,,,,,,4,1,32,728,1,128,4,1,1
"dot/dot_int8_int2_int32_1xNx4_1x1x4/256/4/real_time",2007382,69.6619,69.6614,ns,,,,,,4,1,32,4,1,256,4,1,1
"dot/dot_int8_int2_int32_1xNx4_1x1x4/256/88/real_time",133570,1044.06,1044,ns,,,,,,4,1,32,88,1,256,4,1,1
"dot/dot_int8_int2_int32_1xNx4_1x1x4/256/180/real_time",65899,2132.7,2132.7,ns,,,,,,4,1,32,180,1,256,4,1,1
"dot/dot_int8_int2_int32_1xNx4_1x1x4/256/268/real_time",44298,3167.82,3166.76,ns,,,,,,4,1,32,268,1,256,4,1,1
"dot/dot_int8_int2_int32_1xNx4_1x1x4/256/360/real_time",32861,4260.14,4260.19,ns,,,,,,4,1,32,360,1,256,4,1,1
