name,iterations,real_time,cpu_time,time_unit,bytes_per_second,items_per_second,label,error_occurred,error_message,"block_k","block_m","block_n","k","m","n","tile_k","tile_m","tile_n"
"dot/dot_bf16_bf16_fp32_16x64x32_16x16x2_amxbf16/64/32/real_time",1249165,110.849,110.535,ns,,,"16x64x32",,,32,16,64,32,16,64,2,16,16
"dot/dot_bf16_bf16_fp32_16x64x32_16x16x2_amxbf16/64/64/real_time",1066197,131.322,131.064,ns,,,"16x64x64",,,32,16,64,64,16,64,2,16,16
"dot/dot_bf16_bf16_fp32_16x64x32_16x16x2_amxbf16/64/96/real_time",839821,166.697,166.32,ns,,,"16x64x96",,,32,16,64,96,16,64,2,16,16
"dot/dot_bf16_bf16_fp32_16x64x32_16x16x2_amxbf16/64/128/real_time",753404,186.092,185.727,ns,,,"16x64x128",,,32,16,64,128,16,64,2,16,16
"dot/dot_bf16_bf16_fp32_16x64x32_16x16x2_amxbf16/128/32/real_time",839195,165.803,165.455,ns,,,"16x128x32",,,32,16,64,32,16,128,2,16,16
"dot/dot_bf16_bf16_fp32_32x32x32_16x16x2_amxbf16/32/32/real_time",1240871,112.898,112.681,ns,,,"32x32x32",,,32,32,32,32,32,32,2,16,16
"dot/dot_bf16_bf16_fp32_32x32x32_16x16x2_amxbf16/32/64/real_time",1074309,138.585,138.278,ns,,,"32x32x64",,,32,32,32,64,32,32,2,16,16
"dot/dot_bf16_bf16_fp32_32x32x32_16x16x2_amxbf16/32/96/real_time",844934,165.461,165.144,ns,,,"32x32x96",,,32,32,32,96,32,32,2,16,16
"dot/dot_bf16_bf16_fp32_32x32x32_16x16x2_amxbf16/32/160/real_time",684445,204.507,204.055,ns,,,"32x32x160",,,32,32,32,160,32,32,2,16,16
"dot/dot_bf16_bf16_fp32_32x32x32_16x16x2_amxbf16/64/32/real_time",853910,164.301,163.924,ns,,,"32x64x32",,,32,32,32,32,32,64,2,16,16
"dot/dot_bf16_bf16_fp32_32x32x32_16x16x2_amxbf16/64/64/real_time",688085,203.231,202.786,ns,,,"32x64x64",,,32,32,32,64,32,64,2,16,16
"dot/dot_bf16_bf16_fp32_32x48x32_16x16x2_amxbf16/48/32/real_time",938039,149.356,149.029,ns,,,"32x48x32",,,32,32,48,32,32,48,2,16,16
"dot/dot_bf16_bf16_fp32_32x48x32_16x16x2_amxbf16/48/64/real_time",784392,178.481,178.078,ns,,,"32x48x64",,,32,32,48,64,32,48,2,16,16
"dot/dot_bf16_bf16_fp32_32x48x32_16x16x2_amxbf16/48/96/real_time",673406,207.557,207.126,ns,,,"32x48x96",,,32,32,48,96,32,48,2,16,16
"dot/dot_bf16_bf16_fp32_32x48x32_16x16x2_amxbf16/96/32/real_time",702014,199.154,198.743,ns,,,"32x96x32",,,32,32,48,32,32,96,2,16,16
"dot/dot_fp16_fp16_fp32_16x64x32_16x16x2_amxfp16/64/32/real_time",,,,,,,,false,"Unsupported hardware",32,16,64,,,,2,16,16
"dot/dot_fp16_fp16_fp32_16x64x32_16x16x2_amxfp16/64/64/real_time",,,,,,,,false,"Unsupported hardware",32,16,64,,,,2,16,16
"dot/dot_fp16_fp16_fp32_16x64x32_16x16x2_amxfp16/64/96/real_time",,,,,,,,false,"Unsupported hardware",32,16,64,,,,2,16,16
"dot/dot_fp16_fp16_fp32_16x64x32_16x16x2_amxfp16/64/128/real_time",,,,,,,,false,"Unsupported hardware",32,16,64,,,,2,16,16
"dot/dot_fp16_fp16_fp32_16x64x32_16x16x2_amxfp16/128/32/real_time",,,,,,,,false,"Unsupported hardware",32,16,64,,,,2,16,16
"dot/dot_int8_int8_int32_16x64x64_16x16x4_amxint8/64/64/real_time",1238627,110.09,109.887,ns,,,"16x64x64",,,64,16,64,64,16,64,4,16,16
"dot/dot_int8_int8_int32_16x64x64_16x16x4_amxint8/64/128/real_time",1072642,130.619,130.348,ns,,,"16x64x128",,,64,16,64,128,16,64,4,16,16
"dot/dot_int8_int8_int32_16x64x64_16x16x4_amxint8/64/192/real_time",945724,147.9,147.596,ns,,,"16x64x192",,,64,16,64,192,16,64,4,16,16
"dot/dot_int8_int8_int32_16x64x64_16x16x4_amxint8/64/256/real_time",755079,185.424,185.039,ns,,,"16x64x256",,,64,16,64,256,16,64,4,16,16
"dot/dot_int8_int8_int32_16x64x64_16x16x4_amxint8/128/64/real_time",842694,165.221,164.869,ns,,,"16x128x64",,,64,16,64,64,16,128,4,16,16
"dot/dot_int8_int8_int32_32x32x64_16x16x4_amxint8/32/64/real_time",1235860,113.122,112.9,ns,,,"32x32x64",,,64,32,32,64,32,32,4,16,16
"dot/dot_int8_int8_int32_32x32x64_16x16x4_amxint8/32/128/real_time",1070762,130.569,130.317,ns,,,"32x32x128",,,64,32,32,128,32,32,4,16,16
"dot/dot_int8_int8_int32_32x32x64_16x16x4_amxint8/32/192/real_time",946918,150.146,149.864,ns,,,"32x32x192",,,64,32,32,192,32,32,4,16,16
"dot/dot_int8_int8_int32_32x32x64_16x16x4_amxint8/32/320/real_time",684693,204.848,204.365,ns,,,"32x32x320",,,64,32,32,320,32,32,4,16,16
"dot/dot_int8_int8_int32_32x32x64_16x16x4_amxint8/64/64/real_time",841862,166.069,165.725,ns,,,"32x64x64",,,64,32,32,64,32,64,4,16,16
"dot/dot_int8_int8_int32_32x32x64_16x16x4_amxint8/64/128/real_time",683993,204.846,204.397,ns,,,"32x64x128",,,64,32,32,128,32,64,4,16,16
"dot/dot_uint8_int8_int32_16x64x64_16x16x4_amxint8/64/64/real_time",1242063,112.734,112.523,ns,,,"16x64x64",,,64,16,64,64,16,64,4,16,16
"dot/dot_uint8_int8_int32_16x64x64_16x16x4_amxint8/64/128/real_time",1073424,130.373,130.143,ns,,,"16x64x128",,,64,16,64,128,16,64,4,16,16
"dot/dot_uint8_int8_int32_16x64x64_16x16x4_amxint8/64/192/real_time",947946,147.795,147.489,ns,,,"16x64x192",,,64,16,64,192,16,64,4,16,16
"dot/dot_uint8_int8_int32_16x64x64_16x16x4_amxint8/64/256/real_time",755664,185.183,184.844,ns,,,"16x64x256",,,64,16,64,256,16,64,4,16,16
"dot/dot_uint8_int8_int32_16x64x64_16x16x4_amxint8/128/64/real_time",849773,164.53,164.185,ns,,,"16x128x64",,,64,16,64,64,16,128,4,16,16
"dot/dot_uint8_int8_int32_32x32x64_16x16x4_amxint8/32/64/real_time",1235438,110.511,110.303,ns,,,"32x32x64",,,64,32,32,64,32,32,4,16,16
"dot/dot_uint8_int8_int32_32x32x64_16x16x4_amxint8/32/128/real_time",1070958,133.729,133.443,ns,,,"32x32x128",,,64,32,32,128,32,32,4,16,16
"dot/dot_uint8_int8_int32_32x32x64_16x16x4_amxint8/32/192/real_time",945631,148.036,147.731,ns,,,"32x32x192",,,64,32,32,192,32,32,4,16,16
"dot/dot_uint8_int8_int32_32x32x64_16x16x4_amxint8/32/320/real_time",682076,205.147,204.597,ns,,,"32x32x320",,,64,32,32,320,32,32,4,16,16
"dot/dot_uint8_int8_int32_32x32x64_16x16x4_amxint8/64/64/real_time",842264,170.767,170.416,ns,,,"32x64x64",,,64,32,32,64,32,64,4,16,16
"dot/dot_uint8_int8_int32_32x32x64_16x16x4_amxint8/64/128/real_time",684720,204.714,204.294,ns,,,"32x64x128",,,64,32,32,128,32,64,4,16,16
"dot/dot_uint8_int2_int32_1x64x16_1x16x16_avx512vnni/64/16/real_time",11496936,12.178,12.1538,ns,,,"1x64x16",,,16,1,64,16,1,64,16,1,16
"dot/dot_uint8_int2_int32_1x64x16_1x16x16_avx512vnni/64/352/real_time",971465,142.597,142.281,ns,,,"1x64x352",,,16,1,64,352,1,64,16,1,16
"dot/dot_uint8_int2_int32_1x64x16_1x16x16_avx512vnni/64/704/real_time",500815,279.444,278.914,ns,,,"1x64x704",,,16,1,64,704,1,64,16,1,16
"dot/dot_uint8_int2_int32_1x64x16_1x16x16_avx512vnni/64/1056/real_time",334314,418.794,417.95,ns,,,"1x64x1056",,,16,1,64,1056,1,64,16,1,16
"dot/dot_uint8_int2_int32_1x64x16_1x16x16_avx512vnni/64/1424/real_time",247994,564.434,563.327,ns,,,"1x64x1424",,,16,1,64,1424,1,64,16,1,16
"dot/dot_uint8_int2_int32_1x64x16_1x16x16_avx512vnni/128/16/real_time",8872463,15.7709,15.7357,ns,,,"1x128x16",,,16,1,64,16,1,128,16,1,16
"dot/dot_uint8_int2_int32_1x64x16_1x16x16_avx512vnni/128/176/real_time",972731,143.99,143.687,ns,,,"1x128x176",,,16,1,64,176,1,128,16,1,16
"dot/dot_uint8_int2_int32_1x64x16_1x16x16_avx512vnni/128/352/real_time",487186,285.762,285.168,ns,,,"1x128x352",,,16,1,64,352,1,128,16,1,16
"dot/dot_uint8_int2_int32_1x64x16_1x16x16_avx512vnni/128/528/real_time",334407,418.672,417.923,ns,,,"1x128x528",,,16,1,64,528,1,128,16,1,16
"dot/dot_uint8_int2_int32_1x64x16_1x16x16_avx512vnni/128/720/real_time",245332,580.334,579.197,ns,,,"1x128x720",,,16,1,64,720,1,128,16,1,16
"dot/dot_uint8_int2_int32_1x64x16_1x16x16_avx512vnni/256/16/real_time",5023828,27.8559,27.788,ns,,,"1x256x16",,,16,1,64,16,1,256,16,1,16
"dot/dot_uint8_int2_int32_1x64x16_1x16x16_avx512vnni/256/80/real_time",1070936,130.9,130.622,ns,,,"1x256x80",,,16,1,64,80,1,256,16,1,16
"dot/dot_uint8_int2_int32_1x64x16_1x16x16_avx512vnni/256/176/real_time",487473,287.242,286.643,ns,,,"1x256x176",,,16,1,64,176,1,256,16,1,16
"dot/dot_uint8_int2_int32_1x64x16_1x16x16_avx512vnni/256/256/real_time",344694,406.598,405.74,ns,,,"1x256x256",,,16,1,64,256,1,256,16,1,16
"dot/dot_uint8_int2_int32_1x64x16_1x16x16_avx512vnni/256/352/real_time",250840,558.142,556.989,ns,,,"1x256x352",,,16,1,64,352,1,256,16,1,16
"dot/dot_uint8_int2_int32_1x64x16_1x16x16_avx512vnni/512/16/real_time",2567833,55.242,55.1284,ns,,,"1x512x16",,,16,1,64,16,1,512,16,1,16
"dot/dot_uint8_int2_int32_1x64x16_1x16x16_avx512vnni/512/32/real_time",1372893,101.939,101.753,ns,,,"1x512x32",,,16,1,64,32,1,512,16,1,16
"dot/dot_uint8_int2_int32_1x64x16_1x16x16_avx512vnni/512/80/real_time",551292,253.995,253.49,ns,,,"1x512x80",,,16,1,64,80,1,512,16,1,16
"dot/dot_uint8_int2_int32_1x64x16_1x16x16_avx512vnni/512/112/real_time",393966,355.391,354.692,ns,,,"1x512x112",,,16,1,64,112,1,512,16,1,16
"dot/dot_uint8_int2_int32_1x64x16_1x16x16_avx512vnni/512/160/real_time",275971,507.398,506.401,ns,,,"1x512x160",,,16,1,64,160,1,512,16,1,16
"dot/dot_uint8_int2_int32_2x64x16_1x16x16_avx512vnni/64/16/real_time",10468271,13.3764,13.3475,ns,,,"2x64x16",,,16,2,64,16,2,64,16,1,16
"dot/dot_uint8_int2_int32_2x64x16_1x16x16_avx512vnni/64/320/real_time",776107,180.38,180.015,ns,,,"2x64x320",,,16,2,64,320,2,64,16,1,16
"dot/dot_uint8_int2_int32_2x64x16_1x16x16_avx512vnni/64/656/real_time",379648,368.726,368.008,ns,,,"2x64x656",,,16,2,64,656,2,64,16,1,16
"dot/dot_uint8_int2_int32_2x64x16_1x16x16_avx512vnni/64/992/real_time",251350,557.2,556.08,ns,,,"2x64x992",,,16,2,64,992,2,64,16,1,16
"dot/dot_uint8_int2_int32_2x64x16_1x16x16_avx512vnni/64/1328/real_time",187770,751.455,749.926,ns,,,"2x64x1328",,,16,2,64,1328,2,64,16,1,16
"dot/dot_uint8_int2_int32_2x64x16_1x16x16_avx512vnni/128/16/real_time",7041957,19.8665,19.8216,ns,,,"2x128x16",,,16,2,64,16,2,128,16,1,16
"dot/dot_uint8_int2_int32_2x64x16_1x16x16_avx512vnni/128/160/real_time",776659,180.291,179.955,ns,,,"2x128x160",,,16,2,64,160,2,128,16,1,16
"dot/dot_uint8_int2_int32_2x64x16_1x16x16_avx512vnni/128/336/real_time",370671,385.313,384.378,ns,,,"2x128x336",,,16,2,64,336,2,128,16,1,16
"dot/dot_uint8_int2_int32_2x64x16_1x16x16_avx512vnni/128/512/real_time",243397,574.987,573.925,ns,,,"2x128x512",,,16,2,64,512,2,128,16,1,16
"dot/dot_uint8_int2_int32_2x64x16_1x16x16_avx512vnni/128/688/real_time",181238,784.295,782.67,ns,,,"2x128x688",,,16,2,64,688,2,128,16,1,16
"dot/dot_uint8_int2_int32_2x64x16_1x16x16_avx512vnni/256/16/real_time",3595815,38.9357,38.8606,ns,,,"2x256x16",,,16,2,64,16,2,256,16,1,16
"dot/dot_uint8_int2_int32_2x64x16_1x16x16_avx512vnni/256/80/real_time",776244,183.195,182.846,ns,,,"2x256x80",,,16,2,64,80,2,256,16,1,16
"dot/dot_uint8_int2_int32_2x64x16_1x16x16_avx512vnni/256/160/real_time",389154,359.717,359.049,ns,,,"2x256x160",,,16,2,64,160,2,256,16,1,16
"dot/dot_uint8_int2_int32_2x64x16_1x16x16_avx512vnni/256/240/real_time",259702,539.151,538.152,ns,,,"2x256x240",,,16,2,64,240,2,256,16,1,16
"dot/dot_uint8_int2_int32_2x64x16_1x16x16_avx512vnni/256/336/real_time",185603,754.569,753.002,ns,,,"2x256x336",,,16,2,64,336,2,256,16,1,16
"dot/dot_uint8_int2_int32_2x64x16_1x16x16_avx512vnni/512/16/real_time",1923104,72.7883,72.6309,ns,,,"2x512x16",,,16,2,64,16,2,512,16,1,16
"dot/dot_uint8_int2_int32_2x64x16_1x16x16_avx512vnni/512/32/real_time",969483,144.452,144.161,ns,,,"2x512x32",,,16,2,64,32,2,512,16,1,16
"dot/dot_uint8_int2_int32_2x64x16_1x16x16_avx512vnni/512/64/real_time",485976,288.089,287.545,ns,,,"2x512x64",,,16,2,64,64,2,512,16,1,16
"dot/dot_uint8_int2_int32_2x64x16_1x16x16_avx512vnni/512/96/real_time",324363,431.65,430.773,ns,,,"2x512x96",,,16,2,64,96,2,512,16,1,16
"dot/dot_uint8_int2_int32_2x64x16_1x16x16_avx512vnni/512/144/real_time",216061,647.755,646.384,ns,,,"2x512x144",,,16,2,64,144,2,512,16,1,16
"dot/dot_uint8_int2_int32_3x64x16_1x16x16_avx512vnni/64/16/real_time",8612374,16.2979,16.2575,ns,,,"3x64x16",,,16,3,64,16,3,64,16,1,16
"dot/dot_uint8_int2_int32_3x64x16_1x16x16_avx512vnni/64/304/real_time",625970,223.699,223.212,ns,,,"3x64x304",,,16,3,64,304,3,64,16,1,16
"dot/dot_uint8_int2_int32_3x64x16_1x16x16_avx512vnni/64/624/real_time",306574,456.821,455.953,ns,,,"3x64x624",,,16,3,64,624,3,64,16,1,16
"dot/dot_uint8_int2_int32_3x64x16_1x16x16_avx512vnni/64/928/real_time",206288,678.608,677.198,ns,,,"3x64x928",,,16,3,64,928,3,64,16,1,16
"dot/dot_uint8_int2_int32_3x64x16_1x16x16_avx512vnni/64/1248/real_time",153551,911.607,909.876,ns,,,"3x64x1248",,,16,3,64,1248,3,64,16,1,16
"dot/dot_uint8_int2_int32_3x64x16_1x16x16_avx512vnni/128/16/real_time",5195006,26.9425,26.8915,ns,,,"3x128x16",,,16,3,64,16,3,128,16,1,16
"dot/dot_uint8_int2_int32_3x64x16_1x16x16_avx512vnni/128/160/real_time",594202,235.501,235.041,ns,,,"3x128x160",,,16,3,64,160,3,128,16,1,16
"dot/dot_uint8_int2_int32_3x64x16_1x16x16_avx512vnni/128/320/real_time",298515,468.92,467.987,ns,,,"3x128x320",,,16,3,64,320,3,128,16,1,16
"dot/dot_uint8_int2_int32_3x64x16_1x16x16_avx512vnni/128/480/real_time",199461,701.865,700.549,ns,,,"3x128x480",,,16,3,64,480,3,128,16,1,16
"dot/dot_uint8_int2_int32_3x64x16_1x16x16_avx512vnni/128/656/real_time",146005,958.79,956.81,ns,,,"3x128x656",,,16,3,64,656,3,128,16,1,16
"dot/dot_uint8_int2_int32_3x64x16_1x16x16_avx512vnni/256/16/real_time",2818173,49.6999,49.6017,ns,,,"3x256x16",,,16,3,64,16,3,256,16,1,16
"dot/dot_uint8_int2_int32_3x64x16_1x16x16_avx512vnni/256/80/real_time",593208,235.927,235.474,ns,,,"3x256x80",,,16,3,64,80,3,256,16,1,16
"dot/dot_uint8_int2_int32_3x64x16_1x16x16_avx512vnni/256/160/real_time",298354,476.89,475.771,ns,,,"3x256x160",,,16,3,64,160,3,256,16,1,16
"dot/dot_uint8_int2_int32_3x64x16_1x16x16_avx512vnni/256/240/real_time",199279,702.693,701.197,ns,,,"3x256x240",,,16,3,64,240,3,256,16,1,16
"dot/dot_uint8_int2_int32_3x64x16_1x16x16_avx512vnni/256/320/real_time",149547,935.882,934.006,ns,,,"3x256x320",,,16,3,64,320,3,256,16,1,16
"dot/dot_uint8_int2_int32_3x64x16_1x16x16_avx512vnni/512/16/real_time",1446967,96.7168,96.5222,ns,,,"3x512x16",,,16,3,64,16,3,512,16,1,16
"dot/dot_uint8_int2_int32_3x64x16_1x16x16_avx512vnni/512/32/real_time",736671,190.134,189.745,ns,,,"3x512x32",,,16,3,64,32,3,512,16,1,16
"dot/dot_uint8_int2_int32_3x64x16_1x16x16_avx512vnni/512/64/real_time",371528,377.329,376.566,ns,,,"3x512x64",,,16,3,64,64,3,512,16,1,16
"dot/dot_uint8_int2_int32_3x64x16_1x16x16_avx512vnni/512/96/real_time",248546,567.694,566.561,ns,,,"3x512x96",,,16,3,64,96,3,512,16,1,16
"dot/dot_uint8_int2_int32_3x64x16_1x16x16_avx512vnni/512/128/real_time",186765,749.774,748.68,ns,,,"3x512x128",,,16,3,64,128,3,512,16,1,16
"dot/dot_uint8_int2_int32_4x64x16_1x16x16_avx512vnni/64/16/real_time",6701145,20.8063,20.7772,ns,,,"4x64x16",,,16,4,64,16,4,64,16,1,16
"dot/dot_uint8_int2_int32_4x64x16_1x16x16_avx512vnni/64/288/real_time",528058,265.101,264.714,ns,,,"4x64x288",,,16,4,64,288,4,64,16,1,16
"dot/dot_uint8_int2_int32_4x64x16_1x16x16_avx512vnni/64/576/real_time",266757,524.971,524.188,ns,,,"4x64x576",,,16,4,64,576,4,64,16,1,16
"dot/dot_uint8_int2_int32_4x64x16_1x16x16_avx512vnni/64/864/real_time",178468,784.658,783.574,ns,,,"4x64x864",,,16,4,64,864,4,64,16,1,16
"dot/dot_uint8_int2_int32_4x64x16_1x16x16_avx512vnni/64/1168/real_time",132195,1059.04,1057.55,ns,,,"4x64x1168",,,16,4,64,1168,4,64,16,1,16
"dot/dot_uint8_int2_int32_4x64x16_1x16x16_avx512vnni/128/16/real_time",4009547,34.8155,34.7687,ns,,,"4x128x16",,,16,4,64,16,4,128,16,1,16
"dot/dot_uint8_int2_int32_4x64x16_1x16x16_avx512vnni/128/144/real_time",527590,265.44,265.021,ns,,,"4x128x144",,,16,4,64,144,4,128,16,1,16
"dot/dot_uint8_int2_int32_4x64x16_1x16x16_avx512vnni/128/304/real_time",252673,554.093,553.283,ns,,,"4x128x304",,,16,4,64,304,4,128,16,1,16
"dot/dot_uint8_int2_int32_4x64x16_1x16x16_avx512vnni/128/464/real_time",163459,842.583,841.419,ns,,,"4x128x464",,,16,4,64,464,4,128,16,1,16
"dot/dot_uint8_int2_int32_4x64x16_1x16x16_avx512vnni/128/624/real_time",123707,1131.39,1129.67,ns,,,"4x128x624",,,16,4,64,624,4,128,16,1,16
"dot/dot_uint8_int2_int32_4x64x16_1x16x16_avx512vnni/256/16/real_time",2173486,64.3728,64.2834,ns,,,"4x256x16",,,16,4,64,16,4,256,16,1,16
"dot/dot_uint8_int2_int32_4x64x16_1x16x16_avx512vnni/256/64/real_time",590040,237.143,236.786,ns,,,"4x256x64",,,16,4,64,64,4,256,16,1,16
"dot/dot_uint8_int2_int32_4x64x16_1x16x16_avx512vnni/256/144/real_time",266229,533.669,532.878,ns,,,"4x256x144",,,16,4,64,144,4,256,16,1,16
"dot/dot_uint8_int2_int32_4x64x16_1x16x16_avx512vnni/256/208/real_time",185044,756.778,755.681,ns,,,"4x256x208",,,16,4,64,208,4,256,16,1,16
"dot/dot_uint8_int2_int32_4x64x16_1x16x16_avx512vnni/256/288/real_time",134003,1045.16,1043.79,ns,,,"4x256x288",,,16,4,64,288,4,256,16,1,16
"dot/dot_uint8_int2_int32_4x64x16_1x16x16_avx512vnni/512/16/real_time",1142514,122.985,122.802,ns,,,"4x512x16",,,16,4,64,16,4,512,16,1,16
"dot/dot_uint8_int2_int32_4x64x16_1x16x16_avx512vnni/512/48/real_time",395860,354.417,353.133,ns,,,"4x512x48",,,16,4,64,48,4,512,16,1,16
"dot/dot_uint8_int2_int32_4x64x16_1x16x16_avx512vnni/512/80/real_time",239556,584.569,583.697,ns,,,"4x512x80",,,16,4,64,80,4,512,16,1,16
"dot/dot_uint8_int2_int32_4x64x16_1x16x16_avx512vnni/512/112/real_time",171641,815.472,814.363,ns,,,"4x512x112",,,16,4,64,112,4,512,16,1,16
"dot/dot_uint8_int4_int32_1x32x8_1x16x8_avx512vnni/32/8/real_time",16611809,9.42364,9.40921,ns,,,"1x32x8",,,8,1,32,8,1,32,8,1,16
"dot/dot_uint8_int4_int32_1x32x8_1x16x8_avx512vnni/32/352/real_time",1249250,124.996,124.801,ns,,,"1x32x352",,,8,1,32,352,1,32,8,1,16
"dot/dot_uint8_int4_int32_1x32x8_1x16x8_avx512vnni/32/712/real_time",640914,218.405,218.054,ns,,,"1x32x712",,,8,1,32,712,1,32,8,1,16
"dot/dot_uint8_int4_int32_1x32x8_1x16x8_avx512vnni/32/1072/real_time",426758,328.312,327.727,ns,,,"1x32x1072",,,8,1,32,1072,1,32,8,1,16
"dot/dot_uint8_int4_int32_1x32x8_1x16x8_avx512vnni/32/1432/real_time",319646,437.803,437.138,ns,,,"1x32x1432",,,8,1,32,1432,1,32,8,1,16
"dot/dot_uint8_int4_int32_1x32x8_1x16x8_avx512vnni/64/8/real_time",11984974,11.6727,11.6552,ns,,,"1x64x8",,,8,1,32,8,1,64,8,1,16
"dot/dot_uint8_int4_int32_1x32x8_1x16x8_avx512vnni/64/184/real_time",1228242,114.07,113.896,ns,,,"1x64x184",,,8,1,32,184,1,64,8,1,16
"dot/dot_uint8_int4_int32_1x32x8_1x16x8_avx512vnni/64/368/real_time",536167,226.276,225.949,ns,,,"1x64x368",,,8,1,32,368,1,64,8,1,16
"dot/dot_uint8_int4_int32_1x32x8_1x16x8_avx512vnni/64/552/real_time",413815,338.396,337.902,ns,,,"1x64x552",,,8,1,32,552,1,64,8,1,16
"dot/dot_uint8_int4_int32_1x32x8_1x16x8_avx512vnni/64/736/real_time",310731,450.533,449.836,ns,,,"1x64x736",,,8,1,32,736,1,64,8,1,16
"dot/dot_uint8_int4_int32_1x32x8_1x16x8_avx512vnni/128/8/real_time",7519136,18.0724,18.0441,ns,,,"1x128x8",,,8,1,32,8,1,128,8,1,16
"dot/dot_uint8_int4_int32_1x32x8_1x16x8_avx512vnni/128/88/real_time",1261589,111.004,110.788,ns,,,"1x128x88",,,8,1,32,88,1,128,8,1,16
"dot/dot_uint8_int4_int32_1x32x8_1x16x8_avx512vnni/128/184/real_time",614421,227.884,227.524,ns,,,"1x128x184",,,8,1,32,184,1,128,8,1,16
"dot/dot_uint8_int4_int32_1x32x8_1x16x8_avx512vnni/128/272/real_time",417625,335.609,335.105,ns,,,"1x128x272",,,8,1,32,272,1,128,8,1,16
"dot/dot_uint8_int4_int32_1x32x8_1x16x8_avx512vnni/128/368/real_time",309597,452.229,451.535,ns,,,"1x128x368",,,8,1,32,368,1,128,8,1,16
"dot/dot_uint8_int4_int32_1x32x8_1x16x8_avx512vnni/256/8/real_time",4523020,30.9527,30.8999,ns,,,"1x256x8",,,8,1,32,8,1,256,8,1,16
"dot/dot_uint8_int4_int32_1x32x8_1x16x8_avx512vnni/256/40/real_time",1339025,106.024,105.841,ns,,,"1x256x40",,,8,1,32,40,1,256,8,1,16
"dot/dot_uint8_int4_int32_1x32x8_1x16x8_avx512vnni/256/88/real_time",632258,221.407,221.065,ns,,,"1x256x88",,,8,1,32,88,1,256,8,1,16
"dot/dot_uint8_int4_int32_1x32x8_1x16x8_avx512vnni/256/128/real_time",438172,318.832,318.393,ns,,,"1x256x128",,,8,1,32,128,1,256,8,1,16
"dot/dot_uint8_int4_int32_1x32x8_1x16x8_avx512vnni/256/176/real_time",321122,436.589,435.638,ns,,,"1x256x176",,,8,1,32,176,1,256,8,1,16
"dot/dot_uint8_int4_int32_2x32x8_1x16x8_avx512vnni/32/8/real_time",13107920,10.7014,10.6782,ns,,,"2x32x8",,,8,2,32,8,2,32,8,1,16
"dot/dot_uint8_int4_int32_2x32x8_1x16x8_avx512vnni/32/336/real_time",1093035,128.01,127.725,ns,,,"2x32x336",,,8,2,32,336,2,32,8,1,16
"dot/dot_uint8_int4_int32_2x32x8_1x16x8_avx512vnni/32/672/real_time",552683,253.315,252.806,ns,,,"2x32x672",,,8,2,32,672,2,32,8,1,16
"dot/dot_uint8_int4_int32_2x32x8_1x16x8_avx512vnni/32/1008/real_time",380003,368.287,367.608,ns,,,"2x32x1008",,,8,2,32,1008,2,32,8,1,16
"dot/dot_uint8_int4_int32_2x32x8_1x16x8_avx512vnni/32/1344/real_time",285460,491.357,490.386,ns,,,"2x32x1344",,,8,2,32,1344,2,32,8,1,16
"dot/dot_uint8_int4_int32_2x32x8_1x16x8_avx512vnni/64/8/real_time",9283605,15.0922,15.058,ns,,,"2x64x8",,,8,2,32,8,2,64,8,1,16
"dot/dot_uint8_int4_int32_2x32x8_1x16x8_avx512vnni/64/176/real_time",1032971,135.563,135.29,ns,,,"2x64x176",,,8,2,32,176,2,64,8,1,16
"dot/dot_uint8_int4_int32_2x32x8_1x16x8_avx512vnni/64/352/real_time",524271,266.909,266.323,ns,,,"2x64x352",,,8,2,32,352,2,64,8,1,16
"dot/dot_uint8_int4_int32_2x32x8_1x16x8_avx512vnni/64/528/real_time",361475,387.432,386.563,ns,,,"2x64x528",,,8,2,32,528,2,64,8,1,16
"dot/dot_uint8_int4_int32_2x32x8_1x16x8_avx512vnni/64/704/real_time",271902,514.966,514.037,ns,,,"2x64x704",,,8,2,32,704,2,64,8,1,16
"dot/dot_uint8_int4_int32_2x32x8_1x16x8_avx512vnni/128/8/real_time",5825726,23.9342,23.8806,ns,,,"2x128x8",,,8,2,32,8,2,128,8,1,16
"dot/dot_uint8_int4_int32_2x32x8_1x16x8_avx512vnni/128/88/real_time",1005257,139.195,138.931,ns,,,"2x128x88",,,8,2,32,88,2,128,8,1,16
"dot/dot_uint8_int4_int32_2x32x8_1x16x8_avx512vnni/128/176/real_time",517879,270.232,269.598,ns,,,"2x128x176",,,8,2,32,176,2,128,8,1,16
"dot/dot_uint8_int4_int32_2x32x8_1x16x8_avx512vnni/128/264/real_time",348752,394.9,394.07,ns,,,"2x128x264",,,8,2,32,264,2,128,8,1,16
"dot/dot_uint8_int4_int32_2x32x8_1x16x8_avx512vnni/128/352/real_time",270178,518.228,517.295,ns,,,"2x128x352",,,8,2,32,352,2,128,8,1,16
"dot/dot_uint8_int4_int32_2x32x8_1x16x8_avx512vnni/256/8/real_time",3333858,41.9594,41.8702,ns,,,"2x256x8",,,8,2,32,8,2,256,8,1,16
"dot/dot_uint8_int4_int32_2x32x8_1x16x8_avx512vnni/256/40/real_time",1045589,136.813,136.552,ns,,,"2x256x40",,,8,2,32,40,2,256,8,1,16
"dot/dot_uint8_int4_int32_2x32x8_1x16x8_avx512vnni/256/80/real_time",553878,252.817,252.312,ns,,,"2x256x80",,,8,2,32,80,2,256,8,1,16
"dot/dot_uint8_int4_int32_2x32x8_1x16x8_avx512vnni/256/120/real_time",376173,372.209,371.4,ns,,,"2x256x120",,,8,2,32,120,2,256,8,1,16
"dot/dot_uint8_int4_int32_2x32x8_1x16x8_avx512vnni/256/168/real_time",279222,519.105,518.056,ns,,,"2x256x168",,,8,2,32,168,2,256,8,1,16
"dot/dot_uint8_int4_int32_3x32x8_1x16x8_avx512vnni/32/8/real_time",11067901,12.507,12.4799,ns,,,"3x32x8",,,8,3,32,8,3,32,8,1,16
"dot/dot_uint8_int4_int32_3x32x8_1x16x8_avx512vnni/32/312/real_time",989636,138.161,137.89,ns,,,"3x32x312",,,8,3,32,312,3,32,8,1,16
"dot/dot_uint8_int4_int32_3x32x8_1x16x8_avx512vnni/32/632/real_time",509100,274.913,274.373,ns,,,"3x32x632",,,8,3,32,632,3,32,8,1,16
"dot/dot_uint8_int4_int32_3x32x8_1x16x8_avx512vnni/32/952/real_time",339507,412.283,411.537,ns,,,"3x32x952",,,8,3,32,952,3,32,8,1,16
"dot/dot_uint8_int4_int32_3x32x8_1x16x8_avx512vnni/32/1272/real_time",254635,550.411,549.33,ns,,,"3x32x1272",,,8,3,32,1272,3,32,8,1,16
"dot/dot_uint8_int4_int32_3x32x8_1x16x8_avx512vnni/64/8/real_time",7671356,18.3346,18.2964,ns,,,"3x64x8",,,8,3,32,8,3,64,8,1,16
"dot/dot_uint8_int4_int32_3x32x8_1x16x8_avx512vnni/64/168/real_time",863272,154.585,154.267,ns,,,"3x64x168",,,8,3,32,168,3,64,8,1,16
"dot/dot_uint8_int4_int32_3x32x8_1x16x8_avx512vnni/64/336/real_time",475105,294.706,294.097,ns,,,"3x64x336",,,8,3,32,336,3,64,8,1,16
"dot/dot_uint8_int4_int32_3x32x8_1x16x8_avx512vnni/64/504/real_time",319080,438.811,437.96,ns,,,"3x64x504",,,8,3,32,504,3,64,8,1,16
"dot/dot_uint8_int4_int32_3x32x8_1x16x8_avx512vnni/64/680/real_time",237313,589.926,588.819,ns,,,"3x64x680",,,8,3,32,680,3,64,8,1,16
"dot/dot_uint8_int4_int32_3x32x8_1x16x8_avx512vnni/128/8/real_time",4685338,29.9113,29.8437,ns,,,"3x128x8",,,8,3,32,8,3,128,8,1,16
"dot/dot_uint8_int4_int32_3x32x8_1x16x8_avx512vnni/128/80/real_time",914121,153.187,152.833,ns,,,"3x128x80",,,8,3,32,80,3,128,8,1,16
"dot/dot_uint8_int4_int32_3x32x8_1x16x8_avx512vnni/128/168/real_time",454671,302.167,301.584,ns,,,"3x128x168",,,8,3,32,168,3,128,8,1,16
"dot/dot_uint8_int4_int32_3x32x8_1x16x8_avx512vnni/128/248/real_time",320377,437.012,436.177,ns,,,"3x128x248",,,8,3,32,248,3,128,8,1,16
"dot/dot_uint8_int4_int32_3x32x8_1x16x8_avx512vnni/128/336/real_time",238232,587.904,586.746,ns,,,"3x128x336",,,8,3,32,336,3,128,8,1,16
"dot/dot_uint8_int4_int32_3x32x8_1x16x8_avx512vnni/256/8/real_time",2618838,53.5104,53.388,ns,,,"3x256x8",,,8,3,32,8,3,256,8,1,16
"dot/dot_uint8_int4_int32_3x32x8_1x16x8_avx512vnni/256/40/real_time",856156,163.56,163.192,ns,,,"3x256x40",,,8,3,32,40,3,256,8,1,16
"dot/dot_uint8_int4_int32_3x32x8_1x16x8_avx512vnni/256/80/real_time",461059,303.771,303.091,ns,,,"3x256x80",,,8,3,32,80,3,256,8,1,16
"dot/dot_uint8_int4_int32_3x32x8_1x16x8_avx512vnni/256/120/real_time",314481,440.77,439.843,ns,,,"3x256x120",,,8,3,32,120,3,256,8,1,16
"dot/dot_uint8_int4_int32_3x32x8_1x16x8_avx512vnni/256/160/real_time",245561,570.088,569.004,ns,,,"3x256x160",,,8,3,32,160,3,256,8,1,16
"dot/dot_uint8_int4_int32_4x32x8_1x16x8_avx512vnni/32/8/real_time",9910759,14.1311,14.1025,ns,,,"4x32x8",,,8,4,32,8,4,32,8,1,16
"dot/dot_uint8_int4_int32_4x32x8_1x16x8_avx512vnni/32/296/real_time",919885,154.408,154.115,ns,,,"4x32x296",,,8,4,32,296,4,32,8,1,16
"dot/dot_uint8_int4_int32_4x32x8_1x16x8_avx512vnni/32/600/real_time",458489,304.985,304.372,ns,,,"4x32x600",,,8,4,32,600,4,32,8,1,16
"dot/dot_uint8_int4_int32_4x32x8_1x16x8_avx512vnni/32/896/real_time",311516,449.474,448.599,ns,,,"4x32x896",,,8,4,32,896,4,32,8,1,16
"dot/dot_uint8_int4_int32_4x32x8_1x16x8_avx512vnni/32/1200/real_time",232982,601.275,600.04,ns,,,"4x32x1200",,,8,4,32,1200,4,32,8,1,16
"dot/dot_uint8_int4_int32_4x32x8_1x16x8_avx512vnni/64/8/real_time",6673269,21.03,20.9859,ns,,,"4x64x8",,,8,4,32,8,4,64,8,1,16
"dot/dot_uint8_int4_int32_4x32x8_1x16x8_avx512vnni/64/160/real_time",834988,167.52,167.208,ns,,,"4x64x160",,,8,4,32,160,4,64,8,1,16
"dot/dot_uint8_int4_int32_4x32x8_1x16x8_avx512vnni/64/320/real_time",429293,326.038,325.418,ns,,,"4x64x320",,,8,4,32,320,4,64,8,1,16
"dot/dot_uint8_int4_int32_4x32x8_1x16x8_avx512vnni/64/480/real_time",288899,488.745,487.8,ns,,,"4x64x480",,,8,4,32,480,4,64,8,1,16
"dot/dot_uint8_int4_int32_4x32x8_1x16x8_avx512vnni/64/648/real_time",214641,652.244,650.933,ns,,,"4x64x648",,,8,4,32,648,4,64,8,1,16
"dot/dot_uint8_int4_int32_4x32x8_1x16x8_avx512vnni/128/8/real_time",3995002,35.0505,34.974,ns,,,"4x128x8",,,8,4,32,8,4,128,8,1,16
"dot/dot_uint8_int4_int32_4x32x8_1x16x8_avx512vnni/128/80/real_time",780645,181.635,181.239,ns,,,"4x128x80",,,8,4,32,80,4,128,8,1,16
"dot/dot_uint8_int4_int32_4x32x8_1x16x8_avx512vnni/128/160/real_time",420859,332.725,332.05,ns,,,"4x128x160",,,8,4,32,160,4,128,8,1,16
"dot/dot_uint8_int4_int32_4x32x8_1x16x8_avx512vnni/128/240/real_time",284873,491.337,490.361,ns,,,"4x128x240",,,8,4,32,240,4,128,8,1,16
"dot/dot_uint8_int4_int32_4x32x8_1x16x8_avx512vnni/128/328/real_time",210026,666.386,665.108,ns,,,"4x128x328",,,8,4,32,328,4,128,8,1,16
"dot/dot_uint8_int4_int32_4x32x8_1x16x8_avx512vnni/256/8/real_time",2160213,64.9054,64.7556,ns,,,"4x256x8",,,8,4,32,8,4,256,8,1,16
"dot/dot_uint8_int4_int32_4x32x8_1x16x8_avx512vnni/256/32/real_time",876382,159.791,159.44,ns,,,"4x256x32",,,8,4,32,32,4,256,8,1,16
"dot/dot_uint8_int4_int32_4x32x8_1x16x8_avx512vnni/256/72/real_time",433360,318.284,317.652,ns,,,"4x256x72",,,8,4,32,72,4,256,8,1,16
"dot/dot_uint8_int4_int32_4x32x8_1x16x8_avx512vnni/256/112/real_time",296151,472.847,471.959,ns,,,"4x256x112",,,8,4,32,112,4,256,8,1,16
"dot/dot_uint8_int4_int32_4x32x8_1x16x8_avx512vnni/256/152/real_time",221740,631.379,630.098,ns,,,"4x256x152",,,8,4,32,152,4,256,8,1,16
"dot/dot_uint8_int4_int32_5x32x8_1x16x8_avx512vnni/32/8/real_time",8745828,16.0165,15.9826,ns,,,"5x32x8",,,8,5,32,8,5,32,8,1,16
"dot/dot_uint8_int4_int32_5x32x8_1x16x8_avx512vnni/32/280/real_time",850704,170.413,170.056,ns,,,"5x32x280",,,8,5,32,280,5,32,8,1,16
"dot/dot_uint8_int4_int32_5x32x8_1x16x8_avx512vnni/32/568/real_time",429417,326.109,325.451,ns,,,"5x32x568",,,8,5,32,568,5,32,8,1,16
"dot/dot_uint8_int4_int32_5x32x8_1x16x8_avx512vnni/32/848/real_time",289805,490.661,489.742,ns,,,"5x32x848",,,8,5,32,848,5,32,8,1,16
"dot/dot_uint8_int4_int32_5x32x8_1x16x8_avx512vnni/32/1136/real_time",216445,646.156,644.841,ns,,,"5x32x1136",,,8,5,32,1136,5,32,8,1,16
"dot/dot_uint8_int4_int32_5x32x8_1x16x8_avx512vnni/64/8/real_time",5840486,23.9989,23.9422,ns,,,"5x64x8",,,8,5,32,8,5,64,8,1,16
"dot/dot_uint8_int4_int32_5x32x8_1x16x8_avx512vnni/64/152/real_time",764853,182.833,182.472,ns,,,"5x64x152",,,8,5,32,152,5,64,8,1,16
"dot/dot_uint8_int4_int32_5x32x8_1x16x8_avx512vnni/64/312/real_time",386108,362.532,361.808,ns,,,"5x64x312",,,8,5,32,312,5,64,8,1,16
"dot/dot_uint8_int4_int32_5x32x8_1x16x8_avx512vnni/64/464/real_time",262440,533.513,532.136,ns,,,"5x64x464",,,8,5,32,464,5,64,8,1,16
"dot/dot_uint8_int4_int32_5x32x8_1x16x8_avx512vnni/64/624/real_time",196366,712.945,711.518,ns,,,"5x64x624",,,8,5,32,624,5,64,8,1,16
"dot/dot_uint8_int4_int32_5x32x8_1x16x8_avx512vnni/128/8/real_time",3423748,40.8603,40.7759,ns,,,"5x128x8",,,8,5,32,8,5,128,8,1,16
"dot/dot_uint8_int4_int32_5x32x8_1x16x8_avx512vnni/128/72/real_time",743535,183.386,182.996,ns,,,"5x128x72",,,8,5,32,72,5,128,8,1,16
"dot/dot_uint8_int4_int32_5x32x8_1x16x8_avx512vnni/128/152/real_time",385729,362.763,362.104,ns,,,"5x128x152",,,8,5,32,152,5,128,8,1,16
"dot/dot_uint8_int4_int32_5x32x8_1x16x8_avx512vnni/128/232/real_time",258095,542.556,541.475,ns,,,"5x128x232",,,8,5,32,232,5,128,8,1,16
"dot/dot_uint8_int4_int32_5x32x8_1x16x8_avx512vnni/128/312/real_time",193863,722.069,720.659,ns,,,"5x128x312",,,8,5,32,312,5,128,8,1,16
"dot/dot_uint8_int4_int32_5x32x8_1x16x8_avx512vnni/256/8/real_time",1778322,79.7175,79.5541,ns,,,"5x256x8",,,8,5,32,8,5,256,8,1,16
"dot/dot_uint8_int4_int32_5x32x8_1x16x8_avx512vnni/256/32/real_time",741851,186.02,185.647,ns,,,"5x256x32",,,8,5,32,32,5,256,8,1,16
"dot/dot_uint8_int4_int32_5x32x8_1x16x8_avx512vnni/256/72/real_time",384736,363.801,363.116,ns,,,"5x256x72",,,8,5,32,72,5,256,8,1,16
"dot/dot_uint8_int4_int32_5x32x8_1x16x8_avx512vnni/256/104/real_time",275825,508.065,507.037,ns,,,"5x256x104",,,8,5,32,104,5,256,8,1,16
"dot/dot_uint8_int4_int32_5x32x8_1x16x8_avx512vnni/256/144/real_time",203731,687.12,685.874,ns,,,"5x256x144",,,8,5,32,144,5,256,8,1,16
"dot/dot_uint8_int4_int32_1x16x8_1x16x8_avx512vnni/16/8/real_time",18460298,7.43327,7.42049,ns,,,"1x16x8",,,8,1,16,8,1,16,8,1,16
"dot/dot_uint8_int4_int32_1x16x8_1x16x8_avx512vnni/16/680/real_time",994667,124.879,124.647,ns,,,"1x16x680",,,8,1,16,680,1,16,8,1,16
"dot/dot_uint8_int4_int32_1x16x8_1x16x8_avx512vnni/16/1360/real_time",543168,257.136,256.681,ns,,,"1x16x1360",,,8,1,16,1360,1,16,8,1,16
"dot/dot_uint8_int4_int32_1x16x8_1x16x8_avx512vnni/16/2040/real_time",353011,396.887,396.165,ns,,,"1x16x2040",,,8,1,16,2040,1,16,8,1,16
"dot/dot_uint8_int4_int32_1x16x8_1x16x8_avx512vnni/16/2720/real_time",264418,538.638,537.625,ns,,,"1x16x2720",,,8,1,16,2720,1,16,8,1,16
"dot/dot_uint8_int4_int32_1x16x8_1x16x8_avx512vnni/32/8/real_time",14303870,9.79152,9.77325,ns,,,"1x32x8",,,8,1,16,8,1,32,8,1,16
"dot/dot_uint8_int4_int32_1x16x8_1x16x8_avx512vnni/32/352/real_time",1194959,117.193,116.953,ns,,,"1x32x352",,,8,1,16,352,1,32,8,1,16
"dot/dot_uint8_int4_int32_1x16x8_1x16x8_avx512vnni/32/712/real_time",545118,256.63,256.187,ns,,,"1x32x712",,,8,1,16,712,1,32,8,1,16
"dot/dot_uint8_int4_int32_1x16x8_1x16x8_avx512vnni/32/1072/real_time",352387,397.291,396.588,ns,,,"1x32x1072",,,8,1,16,1072,1,32,8,1,16
"dot/dot_uint8_int4_int32_1x16x8_1x16x8_avx512vnni/32/1432/real_time",259510,542.212,541.226,ns,,,"1x32x1432",,,8,1,16,1432,1,32,8,1,16
"dot/dot_uint8_int4_int32_1x16x8_1x16x8_avx512vnni/64/8/real_time",9559509,14.5934,14.5479,ns,,,"1x64x8",,,8,1,16,8,1,64,8,1,16
"dot/dot_uint8_int4_int32_1x16x8_1x16x8_avx512vnni/64/184/real_time",1193041,117.323,117.101,ns,,,"1x64x184",,,8,1,16,184,1,64,8,1,16
"dot/dot_uint8_int4_int32_1x16x8_1x16x8_avx512vnni/64/368/real_time",579998,243.985,243.269,ns,,,"1x64x368",,,8,1,16,368,1,64,8,1,16
"dot/dot_uint8_int4_int32_1x16x8_1x16x8_avx512vnni/64/552/real_time",359501,391.773,391.048,ns,,,"1x64x552",,,8,1,16,552,1,64,8,1,16
"dot/dot_uint8_int4_int32_1x16x8_1x16x8_avx512vnni/64/736/real_time",263019,532.185,531.189,ns,,,"1x64x736",,,8,1,16,736,1,64,8,1,16
"dot/dot_uint8_int4_int32_1x16x8_1x16x8_avx512vnni/128/8/real_time",5788885,24.1731,24.1283,ns,,,"1x128x8",,,8,1,16,8,1,128,8,1,16
"dot/dot_uint8_int4_int32_1x16x8_1x16x8_avx512vnni/128/88/real_time",1278119,109.561,109.359,ns,,,"1x128x88",,,8,1,16,88,1,128,8,1,16
"dot/dot_uint8_int4_int32_1x16x8_1x16x8_avx512vnni/128/184/real_time",606965,230.715,230.296,ns,,,"1x128x184",,,8,1,16,184,1,128,8,1,16
"dot/dot_uint8_int4_int32_1x16x8_1x16x8_avx512vnni/128/272/real_time",398255,351.706,350.984,ns,,,"1x128x272",,,8,1,16,272,1,128,8,1,16
"dot/dot_uint8_int4_int32_1x16x8_1x16x8_avx512vnni/128/368/real_time",288333,485.581,484.698,ns,,,"1x128x368",,,8,1,16,368,1,128,8,1,16
"dot/dot_uint8_int4_int32_5x16x8_1x16x8_avx512vnni/16/8/real_time",10990839,12.7879,12.7648,ns,,,"5x16x8",,,8,5,16,8,5,16,8,1,16
"dot/dot_uint8_int4_int32_5x16x8_1x16x8_avx512vnni/16/464/real_time",1015777,138.015,137.758,ns,,,"5x16x464",,,8,5,16,464,5,16,8,1,16
"dot/dot_uint8_int4_int32_5x16x8_1x16x8_avx512vnni/16/928/real_time",518899,269.867,269.369,ns,,,"5x16x928",,,8,5,16,928,5,16,8,1,16
"dot/dot_uint8_int4_int32_5x16x8_1x16x8_avx512vnni/16/1392/real_time",347620,403.566,402.79,ns,,,"5x16x1392",,,8,5,16,1392,5,16,8,1,16
"dot/dot_uint8_int4_int32_5x16x8_1x16x8_avx512vnni/16/1864/real_time",258658,543.136,541.94,ns,,,"5x16x1864",,,8,5,16,1864,5,16,8,1,16
"dot/dot_uint8_int4_int32_5x16x8_1x16x8_avx512vnni/32/8/real_time",7494626,18.3614,18.3249,ns,,,"5x32x8",,,8,5,16,8,5,32,8,1,16
"dot/dot_uint8_int4_int32_5x16x8_1x16x8_avx512vnni/32/280/real_time",833990,167.665,167.317,ns,,,"5x32x280",,,8,5,16,280,5,32,8,1,16
"dot/dot_uint8_int4_int32_5x16x8_1x16x8_avx512vnni/32/568/real_time",422098,337.43,336.679,ns,,,"5x32x568",,,8,5,16,568,5,32,8,1,16
"dot/dot_uint8_int4_int32_5x16x8_1x16x8_avx512vnni/32/848/real_time",285361,491.092,490.053,ns,,,"5x32x848",,,8,5,16,848,5,32,8,1,16
"dot/dot_uint8_int4_int32_5x16x8_1x16x8_avx512vnni/32/1136/real_time",212304,673.957,672.516,ns,,,"5x32x1136",,,8,5,16,1136,5,32,8,1,16
"dot/dot_uint8_int4_int32_5x16x8_1x16x8_avx512vnni/64/8/real_time",4686352,29.8691,29.7975,ns,,,"5x64x8",,,8,5,16,8,5,64,8,1,16
"dot/dot_uint8_int4_int32_5x16x8_1x16x8_avx512vnni/64/152/real_time",751654,186.179,185.794,ns,,,"5x64x152",,,8,5,16,152,5,64,8,1,16
"dot/dot_uint8_int4_int32_5x16x8_1x16x8_avx512vnni/64/312/real_time",380080,370.124,369.341,ns,,,"5x64x312",,,8,5,16,312,5,64,8,1,16
"dot/dot_uint8_int4_int32_5x16x8_1x16x8_avx512vnni/64/464/real_time",255649,547.584,546.367,ns,,,"5x64x464",,,8,5,16,464,5,64,8,1,16
"dot/dot_uint8_int4_int32_5x16x8_1x16x8_avx512vnni/64/624/real_time",189999,735.923,734.409,ns,,,"5x64x624",,,8,5,16,624,5,64,8,1,16
"dot/dot_uint8_int4_int32_5x16x8_1x16x8_avx512vnni/128/8/real_time",2686956,52.0645,51.9344,ns,,,"5x128x8",,,8,5,16,8,5,128,8,1,16
"dot/dot_uint8_int4_int32_5x16x8_1x16x8_avx512vnni/128/72/real_time",718559,193.477,192.958,ns,,,"5x128x72",,,8,5,16,72,5,128,8,1,16
"dot/dot_uint8_int4_int32_5x16x8_1x16x8_avx512vnni/128/152/real_time",379856,368.59,367.796,ns,,,"5x128x152",,,8,5,16,152,5,128,8,1,16
"dot/dot_uint8_int4_int32_5x16x8_1x16x8_avx512vnni/128/232/real_time",252048,552.461,551.298,ns,,,"5x128x232",,,8,5,16,232,5,128,8,1,16
"dot/dot_uint8_int4_int32_5x16x8_1x16x8_avx512vnni/128/312/real_time",189430,738.784,737.253,ns,,,"5x128x312",,,8,5,16,312,5,128,8,1,16
"dot/dot_uint8_int4_int32_8x16x8_1x16x8_avx512vnni/16/8/real_time",9706906,14.4878,14.4575,ns,,,"8x16x8",,,8,8,16,8,8,16,8,1,16
"dot/dot_uint8_int4_int32_8x16x8_1x16x8_avx512vnni/16/376/real_time",914112,153.131,152.819,ns,,,"8x16x376",,,8,8,16,376,8,16,8,1,16
"dot/dot_uint8_int4_int32_8x16x8_1x16x8_avx512vnni/16/752/real_time",470479,298.486,297.863,ns,,,"8x16x752",,,8,8,16,752,8,16,8,1,16
"dot/dot_uint8_int4_int32_8x16x8_1x16x8_avx512vnni/16/1128/real_time",315387,444.559,443.556,ns,,,"8x16x1128",,,8,8,16,1128,8,16,8,1,16
"dot/dot_uint8_int4_int32_8x16x8_1x16x8_avx512vnni/16/1504/real_time",238162,589.085,587.952,ns,,,"8x16x1504",,,8,8,16,1504,8,16,8,1,16
"dot/dot_uint8_int4_int32_8x16x8_1x16x8_avx512vnni/32/8/real_time",6759381,20.7331,20.683,ns,,,"8x32x8",,,8,8,16,8,8,32,8,1,16
"dot/dot_uint8_int4_int32_8x16x8_1x16x8_avx512vnni/32/240/real_time",705308,198.668,198.245,ns,,,"8x32x240",,,8,8,16,240,8,32,8,1,16
"dot/dot_uint8_int4_int32_8x16x8_1x16x8_avx512vnni/32/488/real_time",358087,390.204,389.336,ns,,,"8x32x488",,,8,8,16,488,8,32,8,1,16
"dot/dot_uint8_int4_int32_8x16x8_1x16x8_avx512vnni/32/728/real_time",243199,575.045,573.828,ns,,,"8x32x728",,,8,8,16,728,8,32,8,1,16
"dot/dot_uint8_int4_int32_8x16x8_1x16x8_avx512vnni/32/976/real_time",176917,766.153,764.513,ns,,,"8x32x976",,,8,8,16,976,8,32,8,1,16
"dot/dot_uint8_int4_int32_8x16x8_1x16x8_avx512vnni/64/8/real_time",4221113,33.1813,33.1061,ns,,,"8x64x8",,,8,8,16,8,8,64,8,1,16
"dot/dot_uint8_int4_int32_8x16x8_1x16x8_avx512vnni/64/136/real_time",600843,233.422,232.945,ns,,,"8x64x136",,,8,8,16,136,8,64,8,1,16
"dot/dot_uint8_int4_int32_8x16x8_1x16x8_avx512vnni/64/280/real_time",306657,456.859,455.837,ns,,,"8x64x280",,,8,8,16,280,8,64,8,1,16
"dot/dot_uint8_int4_int32_8x16x8_1x16x8_avx512vnni/64/416/real_time",209547,669.396,667.934,ns,,,"8x64x416",,,8,8,16,416,8,64,8,1,16
"dot/dot_uint8_int4_int32_8x16x8_1x16x8_avx512vnni/64/560/real_time",156501,903.016,901.026,ns,,,"8x64x560",,,8,8,16,560,8,64,8,1,16
"dot/dot_uint8_int4_int32_8x16x8_1x16x8_avx512vnni/128/8/real_time",2292323,61.0579,60.9108,ns,,,"8x128x8",,,8,8,16,8,8,128,8,1,16
"dot/dot_uint8_int4_int32_8x16x8_1x16x8_avx512vnni/128/64/real_time",581340,240.166,239.653,ns,,,"8x128x64",,,8,8,16,64,8,128,8,1,16
"dot/dot_uint8_int4_int32_8x16x8_1x16x8_avx512vnni/128/136/real_time",287485,463.724,462.749,ns,,,"8x128x136",,,8,8,16,136,8,128,8,1,16
"dot/dot_uint8_int4_int32_8x16x8_1x16x8_avx512vnni/128/208/real_time",203340,689.186,687.738,ns,,,"8x128x208",,,8,8,16,208,8,128,8,1,16
"dot/dot_uint8_int4_int32_8x16x8_1x16x8_avx512vnni/128/280/real_time",152849,932.872,930.882,ns,,,"8x128x280",,,8,8,16,280,8,128,8,1,16
"dot/dot_uint8_int4_int32_12x16x8_1x16x8_avx512vnni/16/8/real_time",6754291,20.8524,20.8066,ns,,,"12x16x8",,,8,12,16,8,12,16,8,1,16
"dot/dot_uint8_int4_int32_12x16x8_1x16x8_avx512vnni/16/296/real_time",818405,171.148,170.773,ns,,,"12x16x296",,,8,12,16,296,12,16,8,1,16
"dot/dot_uint8_int4_int32_12x16x8_1x16x8_avx512vnni/16/592/real_time",426344,328.651,327.897,ns,,,"12x16x592",,,8,12,16,592,12,16,8,1,16
"dot/dot_uint8_int4_int32_12x16x8_1x16x8_avx512vnni/16/888/real_time",288609,485.252,484.312,ns,,,"12x16x888",,,8,12,16,888,12,16,8,1,16
"dot/dot_uint8_int4_int32_12x16x8_1x16x8_avx512vnni/16/1184/real_time",217241,644.89,643.608,ns,,,"12x16x1184",,,8,12,16,1184,12,16,8,1,16
"dot/dot_uint8_int4_int32_12x16x8_1x16x8_avx512vnni/32/8/real_time",4697973,29.7708,29.7016,ns,,,"12x32x8",,,8,12,16,8,12,32,8,1,16
"dot/dot_uint8_int4_int32_12x16x8_1x16x8_avx512vnni/32/200/real_time",598901,273.613,272.856,ns,,,"12x32x200",,,8,12,16,200,12,32,8,1,16
"dot/dot_uint8_int4_int32_12x16x8_1x16x8_avx512vnni/32/408/real_time",258497,454.416,453.477,ns,,,"12x32x408",,,8,12,16,408,12,32,8,1,16
"dot/dot_uint8_int4_int32_12x16x8_1x16x8_avx512vnni/32/608/real_time",209810,666.873,665.51,ns,,,"12x32x608",,,8,12,16,608,12,32,8,1,16
"dot/dot_uint8_int4_int32_12x16x8_1x16x8_avx512vnni/32/816/real_time",157021,902.184,900.218,ns,,,"12x32x816",,,8,12,16,816,12,32,8,1,16
"dot/dot_uint8_int4_int32_12x16x8_1x16x8_avx512vnni/64/8/real_time",2852528,48.9996,48.8909,ns,,,"12x64x8",,,8,12,16,8,12,64,8,1,16
"dot/dot_uint8_int4_int32_12x16x8_1x16x8_avx512vnni/64/120/real_time",483050,290.106,289.527,ns,,,"12x64x120",,,8,12,16,120,12,64,8,1,16
"dot/dot_uint8_int4_int32_12x16x8_1x16x8_avx512vnni/64/240/real_time",256630,546.286,545.149,ns,,,"12x64x240",,,8,12,16,240,12,64,8,1,16
"dot/dot_uint8_int4_int32_12x16x8_1x16x8_avx512vnni/64/360/real_time",174755,800.786,799.148,ns,,,"12x64x360",,,8,12,16,360,12,64,8,1,16
"dot/dot_uint8_int4_int32_12x16x8_1x16x8_avx512vnni/64/488/real_time",130493,1073.75,1071.57,ns,,,"12x64x488",,,8,12,16,488,12,64,8,1,16
"dot/dot_uint8_int4_int32_12x16x8_1x16x8_avx512vnni/128/8/real_time",1546232,89.6473,89.4286,ns,,,"12x128x8",,,8,12,16,8,12,128,8,1,16
"dot/dot_uint8_int4_int32_12x16x8_1x16x8_avx512vnni/128/56/real_time",471920,298.392,297.792,ns,,,"12x128x56",,,8,12,16,56,12,128,8,1,16
"dot/dot_uint8_int4_int32_12x16x8_1x16x8_avx512vnni/128/120/real_time",244513,573.463,572.322,ns,,,"12x128x120",,,8,12,16,120,12,128,8,1,16
"dot/dot_uint8_int4_int32_12x16x8_1x16x8_avx512vnni/128/176/real_time",172389,812.628,811.027,ns,,,"12x128x176",,,8,12,16,176,12,128,8,1,16
"dot/dot_uint8_int4_int32_12x16x8_1x16x8_avx512vnni/128/240/real_time",129085,1090.38,1088.15,ns,,,"12x128x240",,,8,12,16,240,12,128,8,1,16
"dot/dot_uint8_int8_int32_1x64x4_1x16x4_avx512vnni/64/4/real_time",19579183,7.14149,7.12728,ns,,,"1x64x4",,,4,1,64,4,1,64,4,1,16
"dot/dot_uint8_int8_int32_1x64x4_1x16x4_avx512vnni/64/92/real_time",5769052,24.3507,24.3036,ns,,,"1x64x92",,,4,1,64,92,1,64,4,1,16
"dot/dot_uint8_int8_int32_1x64x4_1x16x4_avx512vnni/64/184/real_time",2780905,50.3301,50.2336,ns,,,"1x64x184",,,4,1,64,184,1,64,4,1,16
"dot/dot_uint8_int8_int32_1x64x4_1x16x4_avx512vnni/64/276/real_time",1675323,83.5485,83.3929,ns,,,"1x64x276",,,4,1,64,276,1,64,4,1,16
"dot/dot_uint8_int8_int32_1x64x4_1x16x4_avx512vnni/64/372/real_time",1166426,120.05,119.809,ns,,,"1x64x372",,,4,1,64,372,1,64,4,1,16
"dot/dot_uint8_int8_int32_1x64x4_1x16x4_avx512vnni/128/4/real_time",14250707,10.0047,9.98434,ns,,,"1x128x4",,,4,1,64,4,1,128,4,1,16
"dot/dot_uint8_int8_int32_1x64x4_1x16x4_avx512vnni/128/44/real_time",6223892,22.4786,22.4354,ns,,,"1x128x44",,,4,1,64,44,1,128,4,1,16
"dot/dot_uint8_int8_int32_1x64x4_1x16x4_avx512vnni/128/92/real_time",3377092,41.4675,41.3837,ns,,,"1x128x92",,,4,1,64,92,1,128,4,1,16
"dot/dot_uint8_int8_int32_1x64x4_1x16x4_avx512vnni/128/136/real_time",2036261,70.0216,69.8728,ns,,,"1x128x136",,,4,1,64,136,1,128,4,1,16
"dot/dot_uint8_int8_int32_1x64x4_1x16x4_avx512vnni/128/184/real_time",1461759,97.322,97.1205,ns,,,"1x128x184",,,4,1,64,184,1,128,4,1,16
"dot/dot_uint8_int8_int32_1x64x4_1x16x4_avx512vnni/256/4/real_time",9453114,14.8345,14.8045,ns,,,"1x256x4",,,4,1,64,4,1,256,4,1,16
"dot/dot_uint8_int8_int32_1x64x4_1x16x4_avx512vnni/256/20/real_time",6044723,23.1314,23.0876,ns,,,"1x256x20",,,4,1,64,20,1,256,4,1,16
"dot/dot_uint8_int8_int32_1x64x4_1x16x4_avx512vnni/256/44/real_time",3642262,38.6067,38.5314,ns,,,"1x256x44",,,4,1,64,44,1,256,4,1,16
"dot/dot_uint8_int8_int32_1x64x4_1x16x4_avx512vnni/256/64/real_time",2605613,53.7082,53.6025,ns,,,"1x256x64",,,4,1,64,64,1,256,4,1,16
"dot/dot_uint8_int8_int32_1x64x4_1x16x4_avx512vnni/256/88/real_time",1854869,74.9536,74.8024,ns,,,"1x256x88",,,4,1,64,88,1,256,4,1,16
"dot/dot_uint8_int8_int32_1x64x4_1x16x4_avx512vnni/512/4/real_time",5622818,24.8974,24.8445,ns,,,"1x512x4",,,4,1,64,4,1,512,4,1,16
"dot/dot_uint8_int8_int32_1x64x4_1x16x4_avx512vnni/512/8/real_time",4948596,28.3026,28.247,ns,,,"1x512x8",,,4,1,64,8,1,512,4,1,16
"dot/dot_uint8_int8_int32_1x64x4_1x16x4_avx512vnni/512/20/real_time",3371341,41.2683,41.1668,ns,,,"1x512x20",,,4,1,64,20,1,512,4,1,16
"dot/dot_uint8_int8_int32_1x64x4_1x16x4_avx512vnni/512/28/real_time",2694788,51.6431,51.5226,ns,,,"1x512x28",,,4,1,64,28,1,512,4,1,16
"dot/dot_uint8_int8_int32_1x64x4_1x16x4_avx512vnni/512/40/real_time",2040044,67.8955,67.7346,ns,,,"1x512x40",,,4,1,64,40,1,512,4,1,16
"dot/dot_uint8_int8_int32_2x64x4_1x16x4_avx512vnni/64/4/real_time",15080542,9.2832,9.26198,ns,,,"2x64x4",,,4,2,64,4,2,64,4,1,16
"dot/dot_uint8_int8_int32_2x64x4_1x16x4_avx512vnni/64/88/real_time",4115349,34.0235,33.9511,ns,,,"2x64x88",,,4,2,64,88,2,64,4,1,16
"dot/dot_uint8_int8_int32_2x64x4_1x16x4_avx512vnni/64/180/real_time",2050452,68.314,68.17,ns,,,"2x64x180",,,4,2,64,180,2,64,4,1,16
"dot/dot_uint8_int8_int32_2x64x4_1x16x4_avx512vnni/64/272/real_time",1341344,104.341,104.125,ns,,,"2x64x272",,,4,2,64,272,2,64,4,1,16
"dot/dot_uint8_int8_int32_2x64x4_1x16x4_avx512vnni/64/364/real_time",992364,140.477,140.196,ns,,,"2x64x364",,,4,2,64,364,2,64,4,1,16
"dot/dot_uint8_int8_int32_2x64x4_1x16x4_avx512vnni/128/4/real_time",11213435,12.496,12.4713,ns,,,"2x128x4",,,4,2,64,4,2,128,4,1,16
"dot/dot_uint8_int8_int32_2x64x4_1x16x4_avx512vnni/128/44/real_time",4388518,32.4494,32.3821,ns,,,"2x128x44",,,4,2,64,44,2,128,4,1,16
"dot/dot_uint8_int8_int32_2x64x4_1x16x4_avx512vnni/128/88/real_time",2224724,63.0062,62.8851,ns,,,"2x128x88",,,4,2,64,88,2,128,4,1,16
"dot/dot_uint8_int8_int32_2x64x4_1x16x4_avx512vnni/128/132/real_time",1446838,96.638,96.443,ns,,,"2x128x132",,,4,2,64,132,2,128,4,1,16
"dot/dot_uint8_int8_int32_2x64x4_1x16x4_avx512vnni/128/180/real_time",1044369,134.455,134.192,ns,,,"2x128x180",,,4,2,64,180,2,128,4,1,16
"dot/dot_uint8_int8_int32_2x64x4_1x16x4_avx512vnni/256/4/real_time",7087066,20.0311,19.9903,ns,,,"2x256x4",,,4,2,64,4,2,256,4,1,16
"dot/dot_uint8_int8_int32_2x64x4_1x16x4_avx512vnni/256/20/real_time",4153896,32.8982,32.8373,ns,,,"2x256x20",,,4,2,64,20,2,256,4,1,16
"dot/dot_uint8_int8_int32_2x64x4_1x16x4_avx512vnni/256/40/real_time",2551743,55.5815,55.461,ns,,,"2x256x40",,,4,2,64,40,2,256,4,1,16
"dot/dot_uint8_int8_int32_2x64x4_1x16x4_avx512vnni/256/60/real_time",1629186,86.0714,85.8905,ns,,,"2x256x60",,,4,2,64,60,2,256,4,1,16
"dot/dot_uint8_int8_int32_2x64x4_1x16x4_avx512vnni/256/84/real_time",1180338,118.404,118.162,ns,,,"2x256x84",,,4,2,64,84,2,256,4,1,16
"dot/dot_uint8_int8_int32_2x64x4_1x16x4_avx512vnni/512/4/real_time",4169883,33.5972,33.5256,ns,,,"2x512x4",,,4,2,64,4,2,512,4,1,16
"dot/dot_uint8_int8_int32_2x64x4_1x16x4_avx512vnni/512/8/real_time",3520533,39.7926,39.7151,ns,,,"2x512x8",,,4,2,64,8,2,512,4,1,16
"dot/dot_uint8_int8_int32_2x64x4_1x16x4_avx512vnni/512/16/real_time",2650569,53.2608,53.147,ns,,,"2x512x16",,,4,2,64,16,2,512,4,1,16
"dot/dot_uint8_int8_int32_2x64x4_1x16x4_avx512vnni/512/24/real_time",2053062,65.7124,65.586,ns,,,"2x512x24",,,4,2,64,24,2,512,4,1,16
"dot/dot_uint8_int8_int32_2x64x4_1x16x4_avx512vnni/512/36/real_time",1458783,95.5443,95.357,ns,,,"2x512x36",,,4,2,64,36,2,512,4,1,16
"dot/dot_uint8_int8_int32_3x64x4_1x16x4_avx512vnni/64/4/real_time",12940951,10.8293,10.8078,ns,,,"3x64x4",,,4,3,64,4,3,64,4,1,16
"dot/dot_uint8_int8_int32_3x64x4_1x16x4_avx512vnni/64/88/real_time",3487599,40.1222,40.0446,ns,,,"3x64x88",,,4,3,64,88,3,64,4,1,16
"dot/dot_uint8_int8_int32_3x64x4_1x16x4_avx512vnni/64/176/real_time",1816024,78.5844,78.4264,ns,,,"3x64x176",,,4,3,64,176,3,64,4,1,16
"dot/dot_uint8_int8_int32_3x64x4_1x16x4_avx512vnni/64/264/real_time",1221887,115.004,114.787,ns,,,"3x64x264",,,4,3,64,264,3,64,4,1,16
"dot/dot_uint8_int8_int32_3x64x4_1x16x4_avx512vnni/64/352/real_time",915848,153.054,152.756,ns,,,"3x64x352",,,4,3,64,352,3,64,4,1,16
"dot/dot_uint8_int8_int32_3x64x4_1x16x4_avx512vnni/128/4/real_time",8678982,15.5908,15.5604,ns,,,"3x128x4",,,4,3,64,4,3,128,4,1,16
"dot/dot_uint8_int8_int32_3x64x4_1x16x4_avx512vnni/128/40/real_time",3459245,40.5167,40.4351,ns,,,"3x128x40",,,4,3,64,40,3,128,4,1,16
"dot/dot_uint8_int8_int32_3x64x4_1x16x4_avx512vnni/128/84/real_time",1893428,74.0691,73.9223,ns,,,"3x128x84",,,4,3,64,84,3,128,4,1,16
"dot/dot_uint8_int8_int32_3x64x4_1x16x4_avx512vnni/128/128/real_time",1254526,118.518,118.272,ns,,,"3x128x128",,,4,3,64,128,3,128,4,1,16
"dot/dot_uint8_int8_int32_3x64x4_1x16x4_avx512vnni/128/172/real_time",944799,149.981,149.691,ns,,,"3x128x172",,,4,3,64,172,3,128,4,1,16
"dot/dot_uint8_int8_int32_3x64x4_1x16x4_avx512vnni/256/4/real_time",5559897,25.2581,25.2099,ns,,,"3x256x4",,,4,3,64,4,3,256,4,1,16
"dot/dot_uint8_int8_int32_3x64x4_1x16x4_avx512vnni/256/20/real_time",3080046,43.1968,43.1134,ns,,,"3x256x20",,,4,3,64,20,3,256,4,1,16
"dot/dot_uint8_int8_int32_3x64x4_1x16x4_avx512vnni/256/40/real_time",1859187,76.6784,76.5114,ns,,,"3x256x40",,,4,3,64,40,3,256,4,1,16
"dot/dot_uint8_int8_int32_3x64x4_1x16x4_avx512vnni/256/60/real_time",1304438,107.233,107.016,ns,,,"3x256x60",,,4,3,64,60,3,256,4,1,16
"dot/dot_uint8_int8_int32_3x64x4_1x16x4_avx512vnni/256/80/real_time",1006688,138.847,138.569,ns,,,"3x256x80",,,4,3,64,80,3,256,4,1,16
"dot/dot_uint8_int8_int32_3x64x4_1x16x4_avx512vnni/512/4/real_time",3149932,44.3239,44.2273,ns,,,"3x512x4",,,4,3,64,4,3,512,4,1,16
"dot/dot_uint8_int8_int32_3x64x4_1x16x4_avx512vnni/512/8/real_time",2747293,50.9382,50.8431,ns,,,"3x512x8",,,4,3,64,8,3,512,4,1,16
"dot/dot_uint8_int8_int32_3x64x4_1x16x4_avx512vnni/512/16/real_time",2035601,68.2013,68.0651,ns,,,"3x512x16",,,4,3,64,16,3,512,4,1,16
"dot/dot_uint8_int8_int32_3x64x4_1x16x4_avx512vnni/512/24/real_time",1521059,91.9599,91.7746,ns,,,"3x512x24",,,4,3,64,24,3,512,4,1,16
"dot/dot_uint8_int8_int32_3x64x4_1x16x4_avx512vnni/512/32/real_time",1222636,114.247,114.014,ns,,,"3x512x32",,,4,3,64,32,3,512,4,1,16
"dot/dot_uint8_int8_int32_4x64x4_1x16x4_avx512vnni/64/4/real_time",11473512,12.188,12.1601,ns,,,"4x64x4",,,4,4,64,4,4,64,4,1,16
"dot/dot_uint8_int8_int32_4x64x4_1x16x4_avx512vnni/64/84/real_time",2885478,48.559,48.4616,ns,,,"4x64x84",,,4,4,64,84,4,64,4,1,16
"dot/dot_uint8_int8_int32_4x64x4_1x16x4_avx512vnni/64/172/real_time",1478527,94.6988,94.5175,ns,,,"4x64x172",,,4,4,64,172,4,64,4,1,16
"dot/dot_uint8_int8_int32_4x64x4_1x16x4_avx512vnni/64/256/real_time",992120,145.155,144.862,ns,,,"4x64x256",,,4,4,64,256,4,64,4,1,16
"dot/dot_uint8_int8_int32_4x64x4_1x16x4_avx512vnni/64/344/real_time",753901,185.777,185.385,ns,,,"4x64x344",,,4,4,64,344,4,64,4,1,16
"dot/dot_uint8_int8_int32_4x64x4_1x16x4_avx512vnni/128/4/real_time",7989277,17.8872,17.8494,ns,,,"4x128x4",,,4,4,64,4,4,128,4,1,16
"dot/dot_uint8_int8_int32_4x64x4_1x16x4_avx512vnni/128/40/real_time",2642843,52.988,52.8777,ns,,,"4x128x40",,,4,4,64,40,4,128,4,1,16
"dot/dot_uint8_int8_int32_4x64x4_1x16x4_avx512vnni/128/84/real_time",1493932,93.8184,93.6309,ns,,,"4x128x84",,,4,4,64,84,4,128,4,1,16
"dot/dot_uint8_int8_int32_4x64x4_1x16x4_avx512vnni/128/124/real_time",1029848,137.083,136.817,ns,,,"4x128x124",,,4,4,64,124,4,128,4,1,16
"dot/dot_uint8_int8_int32_4x64x4_1x16x4_avx512vnni/128/168/real_time",766753,182.703,182.329,ns,,,"4x128x168",,,4,4,64,168,4,128,4,1,16
"dot/dot_uint8_int8_int32_4x64x4_1x16x4_avx512vnni/256/4/real_time",4860605,28.6992,28.6416,ns,,,"4x256x4",,,4,4,64,4,4,256,4,1,16
"dot/dot_uint8_int8_int32_4x64x4_1x16x4_avx512vnni/256/16/real_time",2967709,47.417,47.3183,ns,,,"4x256x16",,,4,4,64,16,4,256,4,1,16
"dot/dot_uint8_int8_int32_4x64x4_1x16x4_avx512vnni/256/36/real_time",1499423,93.5469,93.3483,ns,,,"4x256x36",,,4,4,64,36,4,256,4,1,16
"dot/dot_uint8_int8_int32_4x64x4_1x16x4_avx512vnni/256/56/real_time",1079816,131.157,130.885,ns,,,"4x256x56",,,4,4,64,56,4,256,4,1,16
"dot/dot_uint8_int8_int32_4x64x4_1x16x4_avx512vnni/256/76/real_time",830839,168.173,167.825,ns,,,"4x256x76",,,4,4,64,76,4,256,4,1,16
"dot/dot_uint8_int8_int32_4x64x4_1x16x4_avx512vnni/512/4/real_time",2666145,52.6927,52.5802,ns,,,"4x512x4",,,4,4,64,4,4,512,4,1,16
"dot/dot_uint8_int8_int32_4x64x4_1x16x4_avx512vnni/512/12/real_time",1906753,73.387,73.2388,ns,,,"4x512x12",,,4,4,64,12,4,512,4,1,16
"dot/dot_uint8_int8_int32_4x64x4_1x16x4_avx512vnni/512/20/real_time",1370338,103.154,102.949,ns,,,"4x512x20",,,4,4,64,20,4,512,4,1,16
"dot/dot_uint8_int8_int32_4x64x4_1x16x4_avx512vnni/512/28/real_time",1059915,132.273,132.006,ns,,,"4x512x28",,,4,4,64,28,4,512,4,1,16
"dot/dot_uint8_int8_int32_5x64x4_1x16x4_avx512vnni/64/4/real_time",9636375,14.5343,14.5047,ns,,,"5x64x4",,,4,5,64,4,5,64,4,1,16
"dot/dot_uint8_int8_int32_5x64x4_1x16x4_avx512vnni/64/84/real_time",2291296,61.7434,61.6184,ns,,,"5x64x84",,,4,5,64,84,5,64,4,1,16
"dot/dot_uint8_int8_int32_5x64x4_1x16x4_avx512vnni/64/168/real_time",1200378,116.211,115.986,ns,,,"5x64x168",,,4,5,64,168,5,64,4,1,16
"dot/dot_uint8_int8_int32_5x64x4_1x16x4_avx512vnni/64/252/real_time",810341,171.702,171.357,ns,,,"5x64x252",,,4,5,64,252,5,64,4,1,16
"dot/dot_uint8_int8_int32_5x64x4_1x16x4_avx512vnni/64/336/real_time",617918,227.158,226.701,ns,,,"5x64x336",,,4,5,64,336,5,64,4,1,16
"dot/dot_uint8_int8_int32_5x64x4_1x16x4_avx512vnni/128/4/real_time",6371878,22.0482,22.0045,ns,,,"5x128x4",,,4,5,64,4,5,128,4,1,16
"dot/dot_uint8_int8_int32_5x64x4_1x16x4_avx512vnni/128/40/real_time",2174660,64.3636,64.2423,ns,,,"5x128x40",,,4,5,64,40,5,128,4,1,16
"dot/dot_uint8_int8_int32_5x64x4_1x16x4_avx512vnni/128/80/real_time",1242852,112.838,112.602,ns,,,"5x128x80",,,4,5,64,80,5,128,4,1,16
"dot/dot_uint8_int8_int32_5x64x4_1x16x4_avx512vnni/128/120/real_time",849075,165.481,165.122,ns,,,"5x128x120",,,4,5,64,120,5,128,4,1,16
"dot/dot_uint8_int8_int32_5x64x4_1x16x4_avx512vnni/128/164/real_time",626978,223.401,222.955,ns,,,"5x128x164",,,4,5,64,164,5,128,4,1,16
"dot/dot_uint8_int8_int32_5x64x4_1x16x4_avx512vnni/256/4/real_time",3802541,36.8772,36.7975,ns,,,"5x256x4",,,4,5,64,4,5,256,4,1,16
"dot/dot_uint8_int8_int32_5x64x4_1x16x4_avx512vnni/256/16/real_time",2368298,59.0632,58.9442,ns,,,"5x256x16",,,4,5,64,16,5,256,4,1,16
"dot/dot_uint8_int8_int32_5x64x4_1x16x4_avx512vnni/256/36/real_time",1257085,110.913,110.69,ns,,,"5x256x36",,,4,5,64,36,5,256,4,1,16
"dot/dot_uint8_int8_int32_5x64x4_1x16x4_avx512vnni/256/52/real_time",947680,148.651,148.316,ns,,,"5x256x52",,,4,5,64,52,5,256,4,1,16
"dot/dot_uint8_int8_int32_5x64x4_1x16x4_avx512vnni/256/72/real_time",704889,199.133,198.712,ns,,,"5x256x72",,,4,5,64,72,5,256,4,1,16
"dot/dot_uint8_int8_int32_5x64x4_1x16x4_avx512vnni/512/4/real_time",2094880,68.005,67.8551,ns,,,"5x512x4",,,4,5,64,4,5,512,4,1,16
"dot/dot_uint8_int8_int32_5x64x4_1x16x4_avx512vnni/512/12/real_time",1577333,88.9709,88.7916,ns,,,"5x512x12",,,4,5,64,12,5,512,4,1,16
"dot/dot_uint8_int8_int32_5x64x4_1x16x4_avx512vnni/512/16/real_time",1297369,115.569,115.324,ns,,,"5x512x16",,,4,5,64,16,5,512,4,1,16
"dot/dot_uint8_int8_int32_5x64x4_1x16x4_avx512vnni/512/24/real_time",988657,144.309,144.002,ns,,,"5x512x24",,,4,5,64,24,5,512,4,1,16
"dot/dot_uint8_int8_int32_1x32x4_1x16x4_avx512vnni/32/4/real_time",20337681,6.89605,6.88245,ns,,,"1x32x4",,,4,1,32,4,1,32,4,1,16
"dot/dot_uint8_int8_int32_1x32x4_1x16x4_avx512vnni/32/184/real_time",3240836,43.1713,43.0873,ns,,,"1x32x184",,,4,1,32,184,1,32,4,1,16
"dot/dot_uint8_int8_int32_1x32x4_1x16x4_avx512vnni/32/368/real_time",1586442,88.2388,88.0653,ns,,,"1x32x368",,,4,1,32,368,1,32,4,1,16
"dot/dot_uint8_int8_int32_1x32x4_1x16x4_avx512vnni/32/552/real_time",905466,154.561,154.235,ns,,,"1x32x552",,,4,1,32,552,1,32,4,1,16
"dot/dot_uint8_int8_int32_1x32x4_1x16x4_avx512vnni/32/740/real_time",619884,225.889,225.445,ns,,,"1x32x740",,,4,1,32,740,1,32,4,1,16
"dot/dot_uint8_int8_int32_1x32x4_1x16x4_avx512vnni/64/4/real_time",15365840,9.80973,9.7879,ns,,,"1x64x4",,,4,1,32,4,1,64,4,1,16
"dot/dot_uint8_int8_int32_1x32x4_1x16x4_avx512vnni/64/92/real_time",4282961,32.6523,32.5824,ns,,,"1x64x92",,,4,1,32,92,1,64,4,1,16
"dot/dot_uint8_int8_int32_1x32x4_1x16x4_avx512vnni/64/184/real_time",1755001,79.7874,79.6147,ns,,,"1x64x184",,,4,1,32,184,1,64,4,1,16
"dot/dot_uint8_int8_int32_1x32x4_1x16x4_avx512vnni/64/276/real_time",1113956,125.706,125.452,ns,,,"1x64x276",,,4,1,32,276,1,64,4,1,16
"dot/dot_uint8_int8_int32_1x32x4_1x16x4_avx512vnni/64/372/real_time",810763,172.748,172.409,ns,,,"1x64x372",,,4,1,32,372,1,64,4,1,16
"dot/dot_uint8_int8_int32_1x32x4_1x16x4_avx512vnni/128/4/real_time",10591072,13.2205,13.1939,ns,,,"1x128x4",,,4,1,32,4,1,128,4,1,16
"dot/dot_uint8_int8_int32_1x32x4_1x16x4_avx512vnni/128/44/real_time",5181629,27.0028,26.9457,ns,,,"1x128x44",,,4,1,32,44,1,128,4,1,16
"dot/dot_uint8_int8_int32_1x32x4_1x16x4_avx512vnni/128/92/real_time",2430358,57.621,57.4971,ns,,,"1x128x92",,,4,1,32,92,1,128,4,1,16
"dot/dot_uint8_int8_int32_1x32x4_1x16x4_avx512vnni/128/136/real_time",1485926,94.2319,94.0371,ns,,,"1x128x136",,,4,1,32,136,1,128,4,1,16
"dot/dot_uint8_int8_int32_1x32x4_1x16x4_avx512vnni/128/184/real_time",978399,143.15,142.863,ns,,,"1x128x184",,,4,1,32,184,1,128,4,1,16
"dot/dot_uint8_int8_int32_1x32x4_1x16x4_avx512vnni/256/4/real_time",6342463,22.0515,22.0057,ns,,,"1x256x4",,,4,1,32,4,1,256,4,1,16
"dot/dot_uint8_int8_int32_1x32x4_1x16x4_avx512vnni/256/20/real_time",3826043,36.6363,36.5628,ns,,,"1x256x20",,,4,1,32,20,1,256,4,1,16
"dot/dot_uint8_int8_int32_1x32x4_1x16x4_avx512vnni/256/44/real_time",2900691,48.0294,47.9282,ns,,,"1x256x44",,,4,1,32,44,1,256,4,1,16
"dot/dot_uint8_int8_int32_1x32x4_1x16x4_avx512vnni/256/64/real_time",1978401,70.7634,70.6275,ns,,,"1x256x64",,,4,1,32,64,1,256,4,1,16
"dot/dot_uint8_int8_int32_1x32x4_1x16x4_avx512vnni/256/88/real_time",1349925,105.791,105.576,ns,,,"1x256x88",,,4,1,32,88,1,256,4,1,16
"dot/dot_uint8_int8_int32_2x32x4_1x16x4_avx512vnni/32/4/real_time",16786224,8.33091,8.31233,ns,,,"2x32x4",,,4,2,32,4,2,32,4,1,16
"dot/dot_uint8_int8_int32_2x32x4_1x16x4_avx512vnni/32/176/real_time",2503119,54.4837,54.3618,ns,,,"2x32x176",,,4,2,32,176,2,32,4,1,16
"dot/dot_uint8_int8_int32_2x32x4_1x16x4_avx512vnni/32/356/real_time",1171343,120.041,119.772,ns,,,"2x32x356",,,4,2,32,356,2,32,4,1,16
"dot/dot_uint8_int8_int32_2x32x4_1x16x4_avx512vnni/32/532/real_time",746935,187.578,187.209,ns,,,"2x32x532",,,4,2,32,532,2,32,4,1,16
"dot/dot_uint8_int8_int32_2x32x4_1x16x4_avx512vnni/32/712/real_time",545363,256.64,256.11,ns,,,"2x32x712",,,4,2,32,712,2,32,4,1,16
"dot/dot_uint8_int8_int32_2x32x4_1x16x4_avx512vnni/64/4/real_time",12590448,11.1903,11.167,ns,,,"2x64x4",,,4,2,32,4,2,64,4,1,16
"dot/dot_uint8_int8_int32_2x32x4_1x16x4_avx512vnni/64/88/real_time",2862249,49.7588,49.6374,ns,,,"2x64x88",,,4,2,32,88,2,64,4,1,16
"dot/dot_uint8_int8_int32_2x32x4_1x16x4_avx512vnni/64/180/real_time",1000000,100.989,100.78,ns,,,"2x64x180",,,4,2,32,180,2,64,4,1,16
"dot/dot_uint8_int8_int32_2x32x4_1x16x4_avx512vnni/64/272/real_time",809902,170.934,170.572,ns,,,"2x64x272",,,4,2,32,272,2,64,4,1,16
"dot/dot_uint8_int8_int32_2x32x4_1x16x4_avx512vnni/64/364/real_time",585499,239.625,239.165,ns,,,"2x64x364",,,4,2,32,364,2,64,4,1,16
"dot/dot_uint8_int8_int32_2x32x4_1x16x4_avx512vnni/128/4/real_time",7581841,16.8491,16.8144,ns,,,"2x128x4",,,4,2,32,4,2,128,4,1,16
"dot/dot_uint8_int8_int32_2x32x4_1x16x4_avx512vnni/128/44/real_time",3171755,41.5696,41.4254,ns,,,"2x128x44",,,4,2,32,44,2,128,4,1,16
"dot/dot_uint8_int8_int32_2x32x4_1x16x4_avx512vnni/128/88/real_time",1548063,90.5367,90.3359,ns,,,"2x128x88",,,4,2,32,88,2,128,4,1,16
"dot/dot_uint8_int8_int32_2x32x4_1x16x4_avx512vnni/128/132/real_time",974487,143.744,143.448,ns,,,"2x128x132",,,4,2,32,132,2,128,4,1,16
"dot/dot_uint8_int8_int32_2x32x4_1x16x4_avx512vnni/128/180/real_time",715114,196.204,195.78,ns,,,"2x128x180",,,4,2,32,180,2,128,4,1,16
"dot/dot_uint8_int8_int32_2x32x4_1x16x4_avx512vnni/256/4/real_time",4965934,28.1124,28.0536,ns,,,"2x256x4",,,4,2,32,4,2,256,4,1,16
"dot/dot_uint8_int8_int32_2x32x4_1x16x4_avx512vnni/256/20/real_time",3104299,45.5444,45.4462,ns,,,"2x256x20",,,4,2,32,20,2,256,4,1,16
"dot/dot_uint8_int8_int32_2x32x4_1x16x4_avx512vnni/256/40/real_time",2050218,68.5604,68.4265,ns,,,"2x256x40",,,4,2,32,40,2,256,4,1,16
"dot/dot_uint8_int8_int32_2x32x4_1x16x4_avx512vnni/256/60/real_time",1296079,109.285,109.062,ns,,,"2x256x60",,,4,2,32,60,2,256,4,1,16
"dot/dot_uint8_int8_int32_2x32x4_1x16x4_avx512vnni/256/84/real_time",862572,162.837,162.506,ns,,,"2x256x84",,,4,2,32,84,2,256,4,1,16
"dot/dot_uint8_int8_int32_3x32x4_1x16x4_avx512vnni/32/4/real_time",13862315,10.0479,10.0281,ns,,,"3x32x4",,,4,3,32,4,3,32,4,1,16
"dot/dot_uint8_int8_int32_3x32x4_1x16x4_avx512vnni/32/172/real_time",2316204,60.5664,60.4353,ns,,,"3x32x172",,,4,3,32,172,3,32,4,1,16
"dot/dot_uint8_int8_int32_3x32x4_1x16x4_avx512vnni/32/344/real_time",1097939,129.82,129.565,ns,,,"3x32x344",,,4,3,32,344,3,32,4,1,16
"dot/dot_uint8_int8_int32_3x32x4_1x16x4_avx512vnni/32/516/real_time",718711,194.569,194.197,ns,,,"3x32x516",,,4,3,32,516,3,32,4,1,16
"dot/dot_uint8_int8_int32_3x32x4_1x16x4_avx512vnni/32/688/real_time",525362,264.418,263.912,ns,,,"3x32x688",,,4,3,32,688,3,32,4,1,16
"dot/dot_uint8_int8_int32_3x32x4_1x16x4_avx512vnni/64/4/real_time",10480054,13.3661,13.3374,ns,,,"3x64x4",,,4,3,32,4,3,64,4,1,16
"dot/dot_uint8_int8_int32_3x32x4_1x16x4_avx512vnni/64/88/real_time",2378242,58.8659,58.7492,ns,,,"3x64x88",,,4,3,32,88,3,64,4,1,16
"dot/dot_uint8_int8_int32_3x32x4_1x16x4_avx512vnni/64/176/real_time",1169239,120.035,119.782,ns,,,"3x64x176",,,4,3,32,176,3,64,4,1,16
"dot/dot_uint8_int8_int32_3x32x4_1x16x4_avx512vnni/64/264/real_time",746653,187.825,187.466,ns,,,"3x64x264",,,4,3,32,264,3,64,4,1,16
"dot/dot_uint8_int8_int32_3x32x4_1x16x4_avx512vnni/64/352/real_time",545259,256.523,256.022,ns,,,"3x64x352",,,4,3,32,352,3,64,4,1,16
"dot/dot_uint8_int8_int32_3x32x4_1x16x4_avx512vnni/128/4/real_time",6721420,21.8106,21.7603,ns,,,"3x128x4",,,4,3,32,4,3,128,4,1,16
"dot/dot_uint8_int8_int32_3x32x4_1x16x4_avx512vnni/128/40/real_time",2491905,54.2472,54.1378,ns,,,"3x128x40",,,4,3,32,40,3,128,4,1,16
"dot/dot_uint8_int8_int32_3x32x4_1x16x4_avx512vnni/128/84/real_time",1297003,106.983,106.767,ns,,,"3x128x84",,,4,3,32,84,3,128,4,1,16
"dot/dot_uint8_int8_int32_3x32x4_1x16x4_avx512vnni/128/128/real_time",845358,165.466,165.15,ns,,,"3x128x128",,,4,3,32,128,3,128,4,1,16
"dot/dot_uint8_int8_int32_3x32x4_1x16x4_avx512vnni/128/172/real_time",610105,229.022,228.583,ns,,,"3x128x172",,,4,3,32,172,3,128,4,1,16
"dot/dot_uint8_int8_int32_3x32x4_1x16x4_avx512vnni/256/4/real_time",3976161,35.2297,35.154,ns,,,"3x256x4",,,4,3,32,4,3,256,4,1,16
"dot/dot_uint8_int8_int32_3x32x4_1x16x4_avx512vnni/256/20/real_time",2437395,58.1733,58.0571,ns,,,"3x256x20",,,4,3,32,20,3,256,4,1,16
"dot/dot_uint8_int8_int32_3x32x4_1x16x4_avx512vnni/256/40/real_time",1509552,92.6203,92.4441,ns,,,"3x256x40",,,4,3,32,40,3,256,4,1,16
"dot/dot_uint8_int8_int32_3x32x4_1x16x4_avx512vnni/256/60/real_time",999575,140.838,140.549,ns,,,"3x256x60",,,4,3,32,60,3,256,4,1,16
"dot/dot_uint8_int8_int32_3x32x4_1x16x4_avx512vnni/256/80/real_time",697159,199.56,199.169,ns,,,"3x256x80",,,4,3,32,80,3,256,4,1,16
"dot/dot_uint8_int8_int32_4x32x4_1x16x4_avx512vnni/32/4/real_time",12218869,11.1495,11.1277,ns,,,"4x32x4",,,4,4,32,4,4,32,4,1,16
"dot/dot_uint8_int8_int32_4x32x4_1x16x4_avx512vnni/32/164/real_time",2219638,63.0291,62.9016,ns,,,"4x32x164",,,4,4,32,164,4,32,4,1,16
"dot/dot_uint8_int8_int32_4x32x4_1x16x4_avx512vnni/32/332/real_time",1081315,131.172,130.911,ns,,,"4x32x332",,,4,4,32,332,4,32,4,1,16
"dot/dot_uint8_int8_int32_4x32x4_1x16x4_avx512vnni/32/500/real_time",718198,195.492,195.11,ns,,,"4x32x500",,,4,4,32,500,4,32,4,1,16
"dot/dot_uint8_int8_int32_4x32x4_1x16x4_avx512vnni/32/668/real_time",532524,264.86,264.321,ns,,,"4x32x668",,,4,4,32,668,4,32,4,1,16
"dot/dot_uint8_int8_int32_4x32x4_1x16x4_avx512vnni/64/4/real_time",8850508,15.959,15.9253,ns,,,"4x64x4",,,4,4,32,4,4,64,4,1,16
"dot/dot_uint8_int8_int32_4x32x4_1x16x4_avx512vnni/64/84/real_time",2177694,62.4276,62.2999,ns,,,"4x64x84",,,4,4,32,84,4,64,4,1,16
"dot/dot_uint8_int8_int32_4x32x4_1x16x4_avx512vnni/64/172/real_time",1085337,129.4,129.138,ns,,,"4x64x172",,,4,4,32,172,4,64,4,1,16
"dot/dot_uint8_int8_int32_4x32x4_1x16x4_avx512vnni/64/256/real_time",716368,196.046,195.658,ns,,,"4x64x256",,,4,4,32,256,4,64,4,1,16
"dot/dot_uint8_int8_int32_4x32x4_1x16x4_avx512vnni/64/344/real_time",526382,265.836,265.314,ns,,,"4x64x344",,,4,4,32,344,4,64,4,1,16
"dot/dot_uint8_int8_int32_4x32x4_1x16x4_avx512vnni/128/4/real_time",5665272,23.6582,23.609,ns,,,"4x128x4",,,4,4,32,4,4,128,4,1,16
"dot/dot_uint8_int8_int32_4x32x4_1x16x4_avx512vnni/128/40/real_time",2441032,57.3257,57.2116,ns,,,"4x128x40",,,4,4,32,40,4,128,4,1,16
"dot/dot_uint8_int8_int32_4x32x4_1x16x4_avx512vnni/128/84/real_time",1162227,120.641,120.405,ns,,,"4x128x84",,,4,4,32,84,4,128,4,1,16
"dot/dot_uint8_int8_int32_4x32x4_1x16x4_avx512vnni/128/124/real_time",775227,181.541,181.187,ns,,,"4x128x124",,,4,4,32,124,4,128,4,1,16
"dot/dot_uint8_int8_int32_4x32x4_1x16x4_avx512vnni/128/168/real_time",559706,250.096,249.622,ns,,,"4x128x168",,,4,4,32,168,4,128,4,1,16
"dot/dot_uint8_int8_int32_4x32x4_1x16x4_avx512vnni/256/4/real_time",3439621,40.5859,40.5041,ns,,,"4x256x4",,,4,4,32,4,4,256,4,1,16
"dot/dot_uint8_int8_int32_4x32x4_1x16x4_avx512vnni/256/16/real_time",2288120,62.0369,61.9009,ns,,,"4x256x16",,,4,4,32,16,4,256,4,1,16
"dot/dot_uint8_int8_int32_4x32x4_1x16x4_avx512vnni/256/36/real_time",1417649,99.206,99.027,ns,,,"4x256x36",,,4,4,32,36,4,256,4,1,16
"dot/dot_uint8_int8_int32_4x32x4_1x16x4_avx512vnni/256/56/real_time",858556,161.916,161.599,ns,,,"4x256x56",,,4,4,32,56,4,256,4,1,16
"dot/dot_uint8_int8_int32_4x32x4_1x16x4_avx512vnni/256/76/real_time",650912,215.217,214.797,ns,,,"4x256x76",,,4,4,32,76,4,256,4,1,16
"dot/dot_uint8_int8_int32_5x32x4_1x16x4_avx512vnni/32/4/real_time",11475050,12.195,12.1679,ns,,,"5x32x4",,,4,5,32,4,5,32,4,1,16
"dot/dot_uint8_int8_int32_5x32x4_1x16x4_avx512vnni/32/160/real_time",1993092,70.3556,70.2102,ns,,,"5x32x160",,,4,5,32,160,5,32,4,1,16
"dot/dot_uint8_int8_int32_5x32x4_1x16x4_avx512vnni/32/320/real_time",1017463,137.365,137.085,ns,,,"5x32x320",,,4,5,32,320,5,32,4,1,16
"dot/dot_uint8_int8_int32_5x32x4_1x16x4_avx512vnni/32/480/real_time",685823,202.437,202.063,ns,,,"5x32x480",,,4,5,32,480,5,32,4,1,16
"dot/dot_uint8_int8_int32_5x32x4_1x16x4_avx512vnni/32/644/real_time",501102,276.259,275.722,ns,,,"5x32x644",,,4,5,32,644,5,32,4,1,16
"dot/dot_uint8_int8_int32_5x32x4_1x16x4_avx512vnni/64/4/real_time",8201512,17.0269,16.9927,ns,,,"5x64x4",,,4,5,32,4,5,64,4,1,16
"dot/dot_uint8_int8_int32_5x32x4_1x16x4_avx512vnni/64/84/real_time",1905276,73.4396,73.2952,ns,,,"5x64x84",,,4,5,32,84,5,64,4,1,16
"dot/dot_uint8_int8_int32_5x32x4_1x16x4_avx512vnni/64/168/real_time",981068,142.527,142.238,ns,,,"5x64x168",,,4,5,32,168,5,64,4,1,16
"dot/dot_uint8_int8_int32_5x32x4_1x16x4_avx512vnni/64/252/real_time",661363,216.224,215.776,ns,,,"5x64x252",,,4,5,32,252,5,64,4,1,16
"dot/dot_uint8_int8_int32_5x32x4_1x16x4_avx512vnni/64/336/real_time",495487,283.329,282.762,ns,,,"5x64x336",,,4,5,32,336,5,64,4,1,16
"dot/dot_uint8_int8_int32_5x32x4_1x16x4_avx512vnni/128/4/real_time",5209131,26.8482,26.7985,ns,,,"5x128x4",,,4,5,32,4,5,128,4,1,16
"dot/dot_uint8_int8_int32_5x32x4_1x16x4_avx512vnni/128/40/real_time",2041335,69.9926,69.8528,ns,,,"5x128x40",,,4,5,32,40,5,128,4,1,16
"dot/dot_uint8_int8_int32_5x32x4_1x16x4_avx512vnni/128/80/real_time",1051400,132.921,132.665,ns,,,"5x128x80",,,4,5,32,80,5,128,4,1,16
"dot/dot_uint8_int8_int32_5x32x4_1x16x4_avx512vnni/128/120/real_time",699965,199.431,199.044,ns,,,"5x128x120",,,4,5,32,120,5,128,4,1,16
"dot/dot_uint8_int8_int32_5x32x4_1x16x4_avx512vnni/128/164/real_time",517345,275.242,274.705,ns,,,"5x128x164",,,4,5,32,164,5,128,4,1,16
"dot/dot_uint8_int8_int32_5x32x4_1x16x4_avx512vnni/256/4/real_time",3021870,47.1816,47.0873,ns,,,"5x256x4",,,4,5,32,4,5,256,4,1,16
"dot/dot_uint8_int8_int32_5x32x4_1x16x4_avx512vnni/256/16/real_time",2036535,68.6745,68.5468,ns,,,"5x256x16",,,4,5,32,16,5,256,4,1,16
"dot/dot_uint8_int8_int32_5x32x4_1x16x4_avx512vnni/256/36/real_time",1192878,117.291,117.061,ns,,,"5x256x36",,,4,5,32,36,5,256,4,1,16
"dot/dot_uint8_int8_int32_5x32x4_1x16x4_avx512vnni/256/52/real_time",796379,171.803,171.465,ns,,,"5x256x52",,,4,5,32,52,5,256,4,1,16
"dot/dot_uint8_int8_int32_5x32x4_1x16x4_avx512vnni/256/72/real_time",595541,234.681,234.202,ns,,,"5x256x72",,,4,5,32,72,5,256,4,1,16
"dot/dot_uint8_int8_int32_6x32x4_1x16x4_avx512vnni/32/4/real_time",10275710,13.6583,13.6311,ns,,,"6x32x4",,,4,6,32,4,6,32,4,1,16
"dot/dot_uint8_int8_int32_6x32x4_1x16x4_avx512vnni/32/156/real_time",1967268,70.734,70.5937,ns,,,"6x32x156",,,4,6,32,156,6,32,4,1,16
"dot/dot_uint8_int8_int32_6x32x4_1x16x4_avx512vnni/32/312/real_time",1033291,135.428,135.159,ns,,,"6x32x312",,,4,6,32,312,6,32,4,1,16
"dot/dot_uint8_int8_int32_6x32x4_1x16x4_avx512vnni/32/468/real_time",704015,199.003,198.605,ns,,,"6x32x468",,,4,6,32,468,6,32,4,1,16
"dot/dot_uint8_int8_int32_6x32x4_1x16x4_avx512vnni/32/624/real_time",522306,266.587,266.042,ns,,,"6x32x624",,,4,6,32,624,6,32,4,1,16
"dot/dot_uint8_int8_int32_6x32x4_1x16x4_avx512vnni/64/4/real_time",7295772,19.0361,19.0006,ns,,,"6x64x4",,,4,6,32,4,6,64,4,1,16
"dot/dot_uint8_int8_int32_6x32x4_1x16x4_avx512vnni/64/80/real_time",1844777,75.9631,75.8193,ns,,,"6x64x80",,,4,6,32,80,6,64,4,1,16
"dot/dot_uint8_int8_int32_6x32x4_1x16x4_avx512vnni/64/164/real_time",976364,143.663,143.373,ns,,,"6x64x164",,,4,6,32,164,6,64,4,1,16
"dot/dot_uint8_int8_int32_6x32x4_1x16x4_avx512vnni/64/244/real_time",684280,208.049,207.624,ns,,,"6x64x244",,,4,6,32,244,6,64,4,1,16
"dot/dot_uint8_int8_int32_6x32x4_1x16x4_avx512vnni/64/328/real_time",502400,275.191,274.635,ns,,,"6x64x328",,,4,6,32,328,6,64,4,1,16
"dot/dot_uint8_int8_int32_6x32x4_1x16x4_avx512vnni/128/4/real_time",4681351,29.8775,29.8188,ns,,,"6x128x4",,,4,6,32,4,6,128,4,1,16
"dot/dot_uint8_int8_int32_6x32x4_1x16x4_avx512vnni/128/40/real_time",1659202,85.4168,85.2625,ns,,,"6x128x40",,,4,6,32,40,6,128,4,1,16
"dot/dot_uint8_int8_int32_6x32x4_1x16x4_avx512vnni/128/80/real_time",978049,142.882,142.603,ns,,,"6x128x80",,,4,6,32,80,6,128,4,1,16
"dot/dot_uint8_int8_int32_6x32x4_1x16x4_avx512vnni/128/120/real_time",674123,208.453,208.04,ns,,,"6x128x120",,,4,6,32,120,6,128,4,1,16
"dot/dot_uint8_int8_int32_6x32x4_1x16x4_avx512vnni/128/160/real_time",515946,272.967,272.452,ns,,,"6x128x160",,,4,6,32,160,6,128,4,1,16
"dot/dot_uint8_int8_int32_6x32x4_1x16x4_avx512vnni/256/4/real_time",2688168,52.1257,52.0269,ns,,,"6x256x4",,,4,6,32,4,6,256,4,1,16
"dot/dot_uint8_int8_int32_6x32x4_1x16x4_avx512vnni/256/16/real_time",1811920,77.3899,77.239,ns,,,"6x256x16",,,4,6,32,16,6,256,4,1,16
"dot/dot_uint8_int8_int32_6x32x4_1x16x4_avx512vnni/256/32/real_time",1157459,120.519,120.298,ns,,,"6x256x32",,,4,6,32,32,6,256,4,1,16
"dot/dot_uint8_int8_int32_6x32x4_1x16x4_avx512vnni/256/48/real_time",766514,183.559,183.185,ns,,,"6x256x48",,,4,6,32,48,6,256,4,1,16
"dot/dot_uint8_int8_int32_6x32x4_1x16x4_avx512vnni/256/68/real_time",581276,240.455,239.991,ns,,,"6x256x68",,,4,6,32,68,6,256,4,1,16
"dot/dot_uint8_int8_int32_8x32x4_1x16x4_avx512vnni/32/4/real_time",9471355,15.0397,15.0102,ns,,,"8x32x4",,,4,8,32,4,8,32,4,1,16
"dot/dot_uint8_int8_int32_8x32x4_1x16x4_avx512vnni/32/144/real_time",1683541,83.0596,82.8993,ns,,,"8x32x144",,,4,8,32,144,8,32,4,1,16
"dot/dot_uint8_int8_int32_8x32x4_1x16x4_avx512vnni/32/292/real_time",867803,161.133,160.804,ns,,,"8x32x292",,,4,8,32,292,8,32,4,1,16
"dot/dot_uint8_int8_int32_8x32x4_1x16x4_avx512vnni/32/440/real_time",585293,243.611,243.107,ns,,,"8x32x440",,,4,8,32,440,8,32,4,1,16
"dot/dot_uint8_int8_int32_8x32x4_1x16x4_avx512vnni/32/588/real_time",435977,322.661,322.029,ns,,,"8x32x588",,,4,8,32,588,8,32,4,1,16
"dot/dot_uint8_int8_int32_8x32x4_1x16x4_avx512vnni/64/4/real_time",6626367,21.1425,21.0989,ns,,,"8x64x4",,,4,8,32,4,8,64,4,1,16
"dot/dot_uint8_int8_int32_8x32x4_1x16x4_avx512vnni/64/76/real_time",1550063,90.1315,89.961,ns,,,"8x64x76",,,4,8,32,76,8,64,4,1,16
"dot/dot_uint8_int8_int32_8x32x4_1x16x4_avx512vnni/64/156/real_time",801740,174.872,174.531,ns,,,"8x64x156",,,4,8,32,156,8,64,4,1,16
"dot/dot_uint8_int8_int32_8x32x4_1x16x4_avx512vnni/64/232/real_time",549044,254.967,254.466,ns,,,"8x64x232",,,4,8,32,232,8,64,4,1,16
"dot/dot_uint8_int8_int32_8x32x4_1x16x4_avx512vnni/64/312/real_time",412456,339.48,338.839,ns,,,"8x64x312",,,4,8,32,312,8,64,4,1,16
"dot/dot_uint8_int8_int32_8x32x4_1x16x4_avx512vnni/128/4/real_time",4141309,33.8671,33.8039,ns,,,"8x128x4",,,4,8,32,4,8,128,4,1,16
"dot/dot_uint8_int8_int32_8x32x4_1x16x4_avx512vnni/128/36/real_time",1478629,97.4423,97.2428,ns,,,"8x128x36",,,4,8,32,36,8,128,4,1,16
"dot/dot_uint8_int8_int32_8x32x4_1x16x4_avx512vnni/128/72/real_time",825143,166.983,166.659,ns,,,"8x128x72",,,4,8,32,72,8,128,4,1,16
"dot/dot_uint8_int8_int32_8x32x4_1x16x4_avx512vnni/128/108/real_time",573759,247.143,246.672,ns,,,"8x128x108",,,4,8,32,108,8,128,4,1,16
"dot/dot_uint8_int8_int32_8x32x4_1x16x4_avx512vnni/128/148/real_time",426946,328.092,327.452,ns,,,"8x128x148",,,4,8,32,148,8,128,4,1,16
"dot/dot_uint8_int8_int32_8x32x4_1x16x4_avx512vnni/256/4/real_time",2369125,59.1398,59.0195,ns,,,"8x256x4",,,4,8,32,4,8,256,4,1,16
"dot/dot_uint8_int8_int32_8x32x4_1x16x4_avx512vnni/256/12/real_time",1875703,83.0008,82.8212,ns,,,"8x256x12",,,4,8,32,12,8,256,4,1,16
"dot/dot_uint8_int8_int32_8x32x4_1x16x4_avx512vnni/256/28/real_time",944368,159.988,159.613,ns,,,"8x256x28",,,4,8,32,28,8,256,4,1,16
"dot/dot_uint8_int8_int32_8x32x4_1x16x4_avx512vnni/256/44/real_time",669391,208.783,208.249,ns,,,"8x256x44",,,4,8,32,44,8,256,4,1,16
"dot/dot_uint8_int8_int32_8x32x4_1x16x4_avx512vnni/256/60/real_time",499713,279.161,278.569,ns,,,"8x256x60",,,4,8,32,60,8,256,4,1,16
"dot/dot_uint8_int8_int32_10x32x4_1x16x4_avx512vnni/32/4/real_time",8501999,16.5949,16.4964,ns,,,"10x32x4",,,4,10,32,4,10,32,4,1,16
"dot/dot_uint8_int8_int32_10x32x4_1x16x4_avx512vnni/32/136/real_time",1408792,99.2696,99.0511,ns,,,"10x32x136",,,4,10,32,136,10,32,4,1,16
"dot/dot_uint8_int8_int32_10x32x4_1x16x4_avx512vnni/32/276/real_time",730378,191.634,191.223,ns,,,"10x32x276",,,4,10,32,276,10,32,4,1,16
"dot/dot_uint8_int8_int32_10x32x4_1x16x4_avx512vnni/32/412/real_time",497558,281.481,280.865,ns,,,"10x32x412",,,4,10,32,412,10,32,4,1,16
"dot/dot_uint8_int8_int32_10x32x4_1x16x4_avx512vnni/32/552/real_time",374549,373.802,372.999,ns,,,"10x32x552",,,4,10,32,552,10,32,4,1,16
"dot/dot_uint8_int8_int32_10x32x4_1x16x4_avx512vnni/64/4/real_time",5896794,23.5713,23.516,ns,,,"10x64x4",,,4,10,32,4,10,64,4,1,16
"dot/dot_uint8_int8_int32_10x32x4_1x16x4_avx512vnni/64/72/real_time",1303361,107.518,107.271,ns,,,"10x64x72",,,4,10,32,72,10,64,4,1,16
"dot/dot_uint8_int8_int32_10x32x4_1x16x4_avx512vnni/64/148/real_time",673982,207.642,207.175,ns,,,"10x64x148",,,4,10,32,148,10,64,4,1,16
"dot/dot_uint8_int8_int32_10x32x4_1x16x4_avx512vnni/64/220/real_time",462438,302.63,301.979,ns,,,"10x64x220",,,4,10,32,220,10,64,4,1,16
"dot/dot_uint8_int8_int32_10x32x4_1x16x4_avx512vnni/64/296/real_time",347462,403.007,402.219,ns,,,"10x64x296",,,4,10,32,296,10,64,4,1,16
"dot/dot_uint8_int8_int32_10x32x4_1x16x4_avx512vnni/128/4/real_time",3681965,37.8458,37.7715,ns,,,"10x128x4",,,4,10,32,4,10,128,4,1,16
"dot/dot_uint8_int8_int32_10x32x4_1x16x4_avx512vnni/128/32/real_time",1353076,105.665,105.426,ns,,,"10x128x32",,,4,10,32,32,10,128,4,1,16
"dot/dot_uint8_int8_int32_10x32x4_1x16x4_avx512vnni/128/68/real_time",710102,197.094,196.658,ns,,,"10x128x68",,,4,10,32,68,10,128,4,1,16
"dot/dot_uint8_int8_int32_10x32x4_1x16x4_avx512vnni/128/104/real_time",479666,291.805,291.193,ns,,,"10x128x104",,,4,10,32,104,10,128,4,1,16
"dot/dot_uint8_int8_int32_10x32x4_1x16x4_avx512vnni/128/140/real_time",361824,391.798,390.967,ns,,,"10x128x140",,,4,10,32,140,10,128,4,1,16
"dot/dot_uint8_int8_int32_10x32x4_1x16x4_avx512vnni/256/4/real_time",2098655,67.8967,67.7453,ns,,,"10x256x4",,,4,10,32,4,10,256,4,1,16
"dot/dot_uint8_int8_int32_10x32x4_1x16x4_avx512vnni/256/12/real_time",1516793,93.3552,93.153,ns,,,"10x256x12",,,4,10,32,12,10,256,4,1,16
"dot/dot_uint8_int8_int32_10x32x4_1x16x4_avx512vnni/256/24/real_time",849329,155.609,155.259,ns,,,"10x256x24",,,4,10,32,24,10,256,4,1,16
"dot/dot_uint8_int8_int32_10x32x4_1x16x4_avx512vnni/256/36/real_time",649261,215.333,214.887,ns,,,"10x256x36",,,4,10,32,36,10,256,4,1,16
"dot/dot_uint8_int8_int32_10x32x4_1x16x4_avx512vnni/256/52/real_time",466097,300.569,299.895,ns,,,"10x256x52",,,4,10,32,52,10,256,4,1,16
"dot/dot_uint8_int8_int32_16x16x4_1x16x4_avx512vnni/16/4/real_time",5629064,24.6466,24.5991,ns,,,"16x16x4",,,4,16,16,4,16,16,4,1,16
"dot/dot_uint8_int8_int32_16x16x4_1x16x4_avx512vnni/16/184/real_time",1159560,120.714,120.447,ns,,,"16x16x184",,,4,16,16,184,16,16,4,1,16
"dot/dot_uint8_int8_int32_16x16x4_1x16x4_avx512vnni/16/368/real_time",636097,219.908,219.48,ns,,,"16x16x368",,,4,16,16,368,16,16,4,1,16
"dot/dot_uint8_int8_int32_16x16x4_1x16x4_avx512vnni/16/552/real_time",441310,317.131,316.461,ns,,,"16x16x552",,,4,16,16,552,16,16,4,1,16
"dot/dot_uint8_int8_int32_16x16x4_1x16x4_avx512vnni/16/736/real_time",331956,421.717,420.845,ns,,,"16x16x736",,,4,16,16,736,16,16,4,1,16
"dot/dot_uint8_int8_int32_16x16x4_1x16x4_avx512vnni/32/4/real_time",4576578,30.4979,30.4347,ns,,,"16x32x4",,,4,16,16,4,16,32,4,1,16
"dot/dot_uint8_int8_int32_16x16x4_1x16x4_avx512vnni/32/116/real_time",941696,148.685,148.391,ns,,,"16x32x116",,,4,16,16,116,16,32,4,1,16
"dot/dot_uint8_int8_int32_16x16x4_1x16x4_avx512vnni/32/232/real_time",514420,272.299,271.735,ns,,,"16x32x232",,,4,16,16,232,16,32,4,1,16
"dot/dot_uint8_int8_int32_16x16x4_1x16x4_avx512vnni/32/348/real_time",354334,395.028,394.234,ns,,,"16x32x348",,,4,16,16,348,16,32,4,1,16
"dot/dot_uint8_int8_int32_16x16x4_1x16x4_avx512vnni/32/468/real_time",268071,522.352,521.302,ns,,,"16x32x468",,,4,16,16,468,16,32,4,1,16
"dot/dot_uint8_int8_int32_16x16x4_1x16x4_avx512vnni/64/4/real_time",3101200,46.8327,46.7396,ns,,,"16x64x4",,,4,16,16,4,16,64,4,1,16
"dot/dot_uint8_int8_int32_16x16x4_1x16x4_avx512vnni/64/64/real_time",780485,179.496,179.122,ns,,,"16x64x64",,,4,16,16,64,16,64,4,1,16
"dot/dot_uint8_int8_int32_16x16x4_1x16x4_avx512vnni/64/128/real_time",433029,323.241,322.589,ns,,,"16x64x128",,,4,16,16,128,16,64,4,1,16
"dot/dot_uint8_int8_int32_16x16x4_1x16x4_avx512vnni/64/192/real_time",302803,462.726,461.747,ns,,,"16x64x192",,,4,16,16,192,16,64,4,1,16
"dot/dot_uint8_int8_int32_16x16x4_1x16x4_avx512vnni/64/256/real_time",230470,607.404,606.159,ns,,,"16x64x256",,,4,16,16,256,16,64,4,1,16
"dot/dot_uint8_int8_int32_16x16x4_1x16x4_avx512vnni/128/4/real_time",2071624,67.7063,67.5704,ns,,,"16x128x4",,,4,16,16,4,16,128,4,1,16
"dot/dot_uint8_int8_int32_16x16x4_1x16x4_avx512vnni/128/28/real_time",834260,173.019,172.638,ns,,,"16x128x28",,,4,16,16,28,16,128,4,1,16
"dot/dot_uint8_int8_int32_16x16x4_1x16x4_avx512vnni/128/56/real_time",485733,287.856,287.274,ns,,,"16x128x56",,,4,16,16,56,16,128,4,1,16
"dot/dot_uint8_int8_int32_16x16x4_1x16x4_avx512vnni/128/84/real_time",322440,414.322,413.5,ns,,,"16x128x84",,,4,16,16,84,16,128,4,1,16
"dot/dot_uint8_int8_int32_16x16x4_1x16x4_avx512vnni/128/112/real_time",254835,550.954,549.887,ns,,,"16x128x112",,,4,16,16,112,16,128,4,1,16
"dot/dot_uint8_int8_int32_4x8x16_1x4x16_avx512vnni/8/16/real_time",10759765,12.5179,12.4936,ns,,,"4x8x16",,,16,4,8,16,4,8,16,1,4
"dot/dot_uint8_int8_int32_4x8x16_1x4x16_avx512vnni/8/496/real_time",2688798,52.0676,51.9669,ns,,,"4x8x496",,,16,4,8,496,4,8,16,1,4
"dot/dot_uint8_int8_int32_4x8x16_1x4x16_avx512vnni/8/1008/real_time",1363124,102.879,102.665,ns,,,"4x8x1008",,,16,4,8,1008,4,8,16,1,4
"dot/dot_uint8_int8_int32_4x8x16_1x4x16_avx512vnni/8/1520/real_time",909198,154.117,153.803,ns,,,"4x8x1520",,,16,4,8,1520,4,8,16,1,4
"dot/dot_uint8_int8_int32_4x8x16_1x4x16_avx512vnni/8/2032/real_time",682810,205.036,204.57,ns,,,"4x8x2032",,,16,4,8,2032,4,8,16,1,4
"dot/dot_uint8_int8_int32_4x8x16_1x4x16_avx512vnni/16/16/real_time",7647495,18.3357,18.2979,ns,,,"4x16x16",,,16,4,8,16,4,16,16,1,4
"dot/dot_uint8_int8_int32_4x8x16_1x4x16_avx512vnni/16/304/real_time",2060888,65.4005,65.2721,ns,,,"4x16x304",,,16,4,8,304,4,16,16,1,4
"dot/dot_uint8_int8_int32_4x8x16_1x4x16_avx512vnni/16/608/real_time",1116359,125.335,125.074,ns,,,"4x16x608",,,16,4,8,608,4,16,16,1,4
"dot/dot_uint8_int8_int32_4x8x16_1x4x16_avx512vnni/16/912/real_time",753962,185.597,185.149,ns,,,"4x16x912",,,16,4,8,912,4,16,16,1,4
"dot/dot_uint8_int8_int32_4x8x16_1x4x16_avx512vnni/16/1216/real_time",561536,248.322,247.797,ns,,,"4x16x1216",,,16,4,8,1216,4,16,16,1,4
"dot/dot_uint8_int8_int32_4x8x16_1x4x16_avx512vnni/32/16/real_time",4657740,30.0525,29.987,ns,,,"4x32x16",,,16,4,8,16,4,32,16,1,4
"dot/dot_uint8_int8_int32_4x8x16_1x4x16_avx512vnni/32/160/real_time",1970851,71.0294,70.8928,ns,,,"4x32x160",,,16,4,8,160,4,32,16,1,4
"dot/dot_uint8_int8_int32_4x8x16_1x4x16_avx512vnni/32/320/real_time",1030938,135.365,135.09,ns,,,"4x32x320",,,16,4,8,320,4,32,16,1,4
"dot/dot_uint8_int8_int32_4x8x16_1x4x16_avx512vnni/32/480/real_time",698694,200.517,200.058,ns,,,"4x32x480",,,16,4,8,480,4,32,16,1,4
"dot/dot_uint8_int8_int32_4x8x16_1x4x16_avx512vnni/32/656/real_time",517956,270.18,269.651,ns,,,"4x32x656",,,16,4,8,656,4,32,16,1,4
"dot/dot_uint8_int8_int32_4x8x16_1x4x16_avx512vnni/64/16/real_time",2556293,54.8618,54.7514,ns,,,"4x64x16",,,16,4,8,16,4,64,16,1,4
"dot/dot_uint8_int8_int32_4x8x16_1x4x16_avx512vnni/64/80/real_time",1715650,81.5849,81.4067,ns,,,"4x64x80",,,16,4,8,80,4,64,16,1,4
"dot/dot_uint8_int8_int32_4x8x16_1x4x16_avx512vnni/64/160/real_time",1000768,139.843,139.571,ns,,,"4x64x160",,,16,4,8,160,4,64,16,1,4
"dot/dot_uint8_int8_int32_4x8x16_1x4x16_avx512vnni/64/240/real_time",679484,206.356,205.949,ns,,,"4x64x240",,,16,4,8,240,4,64,16,1,4
"dot/dot_uint8_int8_int32_4x8x16_1x4x16_avx512vnni/64/336/real_time",499029,280.596,280.046,ns,,,"4x64x336",,,16,4,8,336,4,64,16,1,4
"dot/dot_uint8_int8_int32_8x8x16_1x4x16_avx512vnni/8/16/real_time",8041510,17.518,17.4827,ns,,,"8x8x16",,,16,8,8,16,8,8,16,1,4
"dot/dot_uint8_int8_int32_8x8x16_1x4x16_avx512vnni/8/368/real_time",2309055,60.6534,60.5291,ns,,,"8x8x368",,,16,8,8,368,8,8,16,1,4
"dot/dot_uint8_int8_int32_8x8x16_1x4x16_avx512vnni/8/752/real_time",1257735,111.315,111.095,ns,,,"8x8x752",,,16,8,8,752,8,8,16,1,4
"dot/dot_uint8_int8_int32_8x8x16_1x4x16_avx512vnni/8/1136/real_time",863937,162.362,162.027,ns,,,"8x8x1136",,,16,8,8,1136,8,8,16,1,4
"dot/dot_uint8_int8_int32_8x8x16_1x4x16_avx512vnni/8/1520/real_time",657309,212.777,212.327,ns,,,"8x8x1520",,,16,8,8,1520,8,8,16,1,4
"dot/dot_uint8_int8_int32_8x8x16_1x4x16_avx512vnni/16/16/real_time",5635678,24.8553,24.7977,ns,,,"8x16x16",,,16,8,8,16,8,16,16,1,4
"dot/dot_uint8_int8_int32_8x8x16_1x4x16_avx512vnni/16/240/real_time",1696254,82.4834,82.3297,ns,,,"8x16x240",,,16,8,8,240,8,16,16,1,4
"dot/dot_uint8_int8_int32_8x8x16_1x4x16_avx512vnni/16/496/real_time",933126,149.99,149.703,ns,,,"8x16x496",,,16,8,8,496,8,16,16,1,4
"dot/dot_uint8_int8_int32_8x8x16_1x4x16_avx512vnni/16/736/real_time",605641,213.481,213.054,ns,,,"8x16x736",,,16,8,8,736,8,16,16,1,4
"dot/dot_uint8_int8_int32_8x8x16_1x4x16_avx512vnni/16/992/real_time",497877,281.105,280.582,ns,,,"8x16x992",,,16,8,8,992,8,16,16,1,4
"dot/dot_uint8_int8_int32_8x8x16_1x4x16_avx512vnni/32/16/real_time",3308978,42.3122,42.2181,ns,,,"8x32x16",,,16,8,8,16,8,32,16,1,4
"dot/dot_uint8_int8_int32_8x8x16_1x4x16_avx512vnni/32/144/real_time",1239674,112.924,112.683,ns,,,"8x32x144",,,16,8,8,144,8,32,16,1,4
"dot/dot_uint8_int8_int32_8x8x16_1x4x16_avx512vnni/32/288/real_time",751554,186.213,185.86,ns,,,"8x32x288",,,16,8,8,288,8,32,16,1,4
"dot/dot_uint8_int8_int32_8x8x16_1x4x16_avx512vnni/32/432/real_time",534029,262.136,261.625,ns,,,"8x32x432",,,16,8,8,432,8,32,16,1,4
"dot/dot_uint8_int8_int32_8x8x16_1x4x16_avx512vnni/32/576/real_time",412510,339.187,338.485,ns,,,"8x32x576",,,16,8,8,576,8,32,16,1,4
"dot/dot_uint8_int8_int32_8x8x16_1x4x16_avx512vnni/64/16/real_time",1737021,82.2358,82.0589,ns,,,"8x64x16",,,16,8,8,16,8,64,16,1,4
"dot/dot_uint8_int8_int32_8x8x16_1x4x16_avx512vnni/64/64/real_time",1062529,131.765,131.464,ns,,,"8x64x64",,,16,8,8,64,8,64,16,1,4
"dot/dot_uint8_int8_int32_8x8x16_1x4x16_avx512vnni/64/144/real_time",636900,220.058,219.597,ns,,,"8x64x144",,,16,8,8,144,8,64,16,1,4
"dot/dot_uint8_int8_int32_8x8x16_1x4x16_avx512vnni/64/224/real_time",469135,301.48,300.859,ns,,,"8x64x224",,,16,8,8,224,8,64,16,1,4
"dot/dot_uint8_int8_int32_8x8x16_1x4x16_avx512vnni/64/304/real_time",366163,384.954,384.145,ns,,,"8x64x304",,,16,8,8,304,8,64,16,1,4
"dot/dot_uint8_int8_int32_4x4x16_1x4x16_avx512vnni/4/16/real_time",9821381,12.6798,12.6488,ns,,,"4x4x16",,,16,4,4,16,4,4,16,1,4
"dot/dot_uint8_int8_int32_4x4x16_1x4x16_avx512vnni/4/752/real_time",2283075,61.2657,61.139,ns,,,"4x4x752",,,16,4,4,752,4,4,16,1,4
"dot/dot_uint8_int8_int32_4x4x16_1x4x16_avx512vnni/4/1520/real_time",1026963,136.237,135.968,ns,,,"4x4x1520",,,16,4,4,1520,4,4,16,1,4
"dot/dot_uint8_int8_int32_4x4x16_1x4x16_avx512vnni/4/2288/real_time",646204,215.635,215.205,ns,,,"4x4x2288",,,16,4,4,2288,4,4,16,1,4
"dot/dot_uint8_int8_int32_4x4x16_1x4x16_avx512vnni/4/3056/real_time",461384,285.526,284.96,ns,,,"4x4x3056",,,16,4,4,3056,4,4,16,1,4
"dot/dot_uint8_int8_int32_4x4x16_1x4x16_avx512vnni/8/16/real_time",9443985,14.8814,14.848,ns,,,"4x8x16",,,16,4,4,16,4,8,16,1,4
"dot/dot_uint8_int8_int32_4x4x16_1x4x16_avx512vnni/8/496/real_time",1744144,80.3241,80.152,ns,,,"4x8x496",,,16,4,4,496,4,8,16,1,4
"dot/dot_uint8_int8_int32_4x4x16_1x4x16_avx512vnni/8/1008/real_time",847079,166.598,166.021,ns,,,"4x8x1008",,,16,4,4,1008,4,8,16,1,4
"dot/dot_uint8_int8_int32_4x4x16_1x4x16_avx512vnni/8/1520/real_time",527855,265.203,264.678,ns,,,"4x8x1520",,,16,4,4,1520,4,8,16,1,4
"dot/dot_uint8_int8_int32_4x4x16_1x4x16_avx512vnni/8/2032/real_time",359472,364.62,363.926,ns,,,"4x8x2032",,,16,4,4,2032,4,8,16,1,4
"dot/dot_uint8_int8_int32_4x4x16_1x4x16_avx512vnni/16/16/real_time",5981780,23.3993,23.3538,ns,,,"4x16x16",,,16,4,4,16,4,16,16,1,4
"dot/dot_uint8_int8_int32_4x4x16_1x4x16_avx512vnni/16/304/real_time",1532560,91.1526,90.9713,ns,,,"4x16x304",,,16,4,4,304,4,16,16,1,4
"dot/dot_uint8_int8_int32_4x4x16_1x4x16_avx512vnni/16/608/real_time",755588,183.89,183.534,ns,,,"4x16x608",,,16,4,4,608,4,16,16,1,4
"dot/dot_uint8_int8_int32_4x4x16_1x4x16_avx512vnni/16/912/real_time",486077,286.512,285.978,ns,,,"4x16x912",,,16,4,4,912,4,16,16,1,4
"dot/dot_uint8_int8_int32_4x4x16_1x4x16_avx512vnni/16/1216/real_time",338260,414.014,413.203,ns,,,"4x16x1216",,,16,4,4,1216,4,16,16,1,4
"dot/dot_uint8_int8_int32_4x4x16_1x4x16_avx512vnni/32/16/real_time",3471222,40.287,40.2077,ns,,,"4x32x16",,,16,4,4,16,4,32,16,1,4
"dot/dot_uint8_int8_int32_4x4x16_1x4x16_avx512vnni/32/160/real_time",1478548,94.4156,94.2243,ns,,,"4x32x160",,,16,4,4,160,4,32,16,1,4
"dot/dot_uint8_int8_int32_4x4x16_1x4x16_avx512vnni/32/320/real_time",717825,195.506,195.12,ns,,,"4x32x320",,,16,4,4,320,4,32,16,1,4
"dot/dot_uint8_int8_int32_4x4x16_1x4x16_avx512vnni/32/480/real_time",471369,295.387,294.871,ns,,,"4x32x480",,,16,4,4,480,4,32,16,1,4
"dot/dot_uint8_int8_int32_4x4x16_1x4x16_avx512vnni/32/656/real_time",351143,400.732,399.968,ns,,,"4x32x656",,,16,4,4,656,4,32,16,1,4
"dot/dot_uint8_int8_int32_8x4x16_1x4x16_avx512vnni/4/16/real_time",10407384,13.4641,13.4369,ns,,,"8x4x16",,,16,8,4,16,8,4,16,1,4
"dot/dot_uint8_int8_int32_8x4x16_1x4x16_avx512vnni/4/496/real_time",2492272,56.1217,56.0133,ns,,,"8x4x496",,,16,8,4,496,8,4,16,1,4
"dot/dot_uint8_int8_int32_8x4x16_1x4x16_avx512vnni/4/1008/real_time",1281711,109.124,108.903,ns,,,"8x4x1008",,,16,8,4,1008,8,4,16,1,4
"dot/dot_uint8_int8_int32_8x4x16_1x4x16_avx512vnni/4/1520/real_time",863287,162.119,161.788,ns,,,"8x4x1520",,,16,8,4,1520,8,4,16,1,4
"dot/dot_uint8_int8_int32_8x4x16_1x4x16_avx512vnni/4/2032/real_time",652145,217.665,217.231,ns,,,"8x4x2032",,,16,8,4,2032,8,4,16,1,4
"dot/dot_uint8_int8_int32_8x4x16_1x4x16_avx512vnni/8/16/real_time",7559828,18.488,18.4509,ns,,,"8x8x16",,,16,8,4,16,8,8,16,1,4
"dot/dot_uint8_int8_int32_8x4x16_1x4x16_avx512vnni/8/368/real_time",1679051,82.9417,82.7765,ns,,,"8x8x368",,,16,8,4,368,8,8,16,1,4
"dot/dot_uint8_int8_int32_8x4x16_1x4x16_avx512vnni/8/752/real_time",824088,161.05,160.74,ns,,,"8x8x752",,,16,8,4,752,8,8,16,1,4
"dot/dot_uint8_int8_int32_8x4x16_1x4x16_avx512vnni/8/1136/real_time",582805,240.683,240.191,ns,,,"8x8x1136",,,16,8,4,1136,8,8,16,1,4
"dot/dot_uint8_int8_int32_8x4x16_1x4x16_avx512vnni/8/1520/real_time",437628,319.912,319.276,ns,,,"8x8x1520",,,16,8,4,1520,8,8,16,1,4
"dot/dot_uint8_int8_int32_8x4x16_1x4x16_avx512vnni/16/16/real_time",4646391,29.3223,29.257,ns,,,"8x16x16",,,16,8,4,16,8,16,16,1,4
"dot/dot_uint8_int8_int32_8x4x16_1x4x16_avx512vnni/16/240/real_time",1269878,110.14,109.925,ns,,,"8x16x240",,,16,8,4,240,8,16,16,1,4
"dot/dot_uint8_int8_int32_8x4x16_1x4x16_avx512vnni/16/496/real_time",658591,212.084,211.652,ns,,,"8x16x496",,,16,8,4,496,8,16,16,1,4
"dot/dot_uint8_int8_int32_8x4x16_1x4x16_avx512vnni/16/736/real_time",449604,311.03,310.433,ns,,,"8x16x736",,,16,8,4,736,8,16,16,1,4
"dot/dot_uint8_int8_int32_8x4x16_1x4x16_avx512vnni/16/992/real_time",335234,417.996,417.006,ns,,,"8x16x992",,,16,8,4,992,8,16,16,1,4
"dot/dot_uint8_int8_int32_8x4x16_1x4x16_avx512vnni/32/16/real_time",2803024,49.9502,49.8412,ns,,,"8x32x16",,,16,8,4,16,8,32,16,1,4
"dot/dot_uint8_int8_int32_8x4x16_1x4x16_avx512vnni/32/144/real_time",999250,140.078,139.761,ns,,,"8x32x144",,,16,8,4,144,8,32,16,1,4
"dot/dot_uint8_int8_int32_8x4x16_1x4x16_avx512vnni/32/288/real_time",552220,253.404,252.902,ns,,,"8x32x288",,,16,8,4,288,8,32,16,1,4
"dot/dot_uint8_int8_int32_8x4x16_1x4x16_avx512vnni/32/432/real_time",379289,369.147,368.403,ns,,,"8x32x432",,,16,8,4,432,8,32,16,1,4
"dot/dot_uint8_int8_int32_8x4x16_1x4x16_avx512vnni/32/576/real_time",281464,497.825,496.831,ns,,,"8x32x576",,,16,8,4,576,8,32,16,1,4
"dot/dot_uint8_int2_int32_1x32x16_1x8x16_avxvnni/32/16/real_time",12886183,10.8771,10.8541,ns,,,"1x32x16",,,16,1,32,16,1,32,16,1,8
"dot/dot_uint8_int2_int32_1x32x16_1x8x16_avxvnni/32/672/real_time",644038,217.322,216.889,ns,,,"1x32x672",,,16,1,32,672,1,32,16,1,8
"dot/dot_uint8_int2_int32_1x32x16_1x8x16_avxvnni/32/1344/real_time",318917,439.03,438.039,ns,,,"1x32x1344",,,16,1,32,1344,1,32,16,1,8
"dot/dot_uint8_int2_int32_1x32x16_1x8x16_avxvnni/32/2016/real_time",211971,660.5,659.147,ns,,,"1x32x2016",,,16,1,32,2016,1,32,16,1,8
"dot/dot_uint8_int2_int32_1x32x16_1x8x16_avxvnni/32/2704/real_time",156872,898.582,896.891,ns,,,"1x32x2704",,,16,1,32,2704,1,32,16,1,8
"dot/dot_uint8_int2_int32_1x32x16_1x8x16_avxvnni/64/16/real_time",8805643,15.9033,15.869,ns,,,"1x64x16",,,16,1,32,16,1,64,16,1,8
"dot/dot_uint8_int2_int32_1x32x16_1x8x16_avxvnni/64/352/real_time",636872,219.876,219.433,ns,,,"1x64x352",,,16,1,32,352,1,64,16,1,8
"dot/dot_uint8_int2_int32_1x32x16_1x8x16_avxvnni/64/704/real_time",309787,452.171,451.129,ns,,,"1x64x704",,,16,1,32,704,1,64,16,1,8
"dot/dot_uint8_int2_int32_1x32x16_1x8x16_avxvnni/64/1056/real_time",204617,698.993,696.629,ns,,,"1x64x1056",,,16,1,32,1056,1,64,16,1,8
"dot/dot_uint8_int2_int32_1x32x16_1x8x16_avxvnni/64/1424/real_time",151055,926.785,924.953,ns,,,"1x64x1424",,,16,1,32,1424,1,64,16,1,8
"dot/dot_uint8_int2_int32_1x32x16_1x8x16_avxvnni/128/16/real_time",5409671,25.9129,25.8599,ns,,,"1x128x16",,,16,1,32,16,1,128,16,1,8
"dot/dot_uint8_int2_int32_1x32x16_1x8x16_avxvnni/128/176/real_time",662671,211.158,210.761,ns,,,"1x128x176",,,16,1,32,176,1,128,16,1,8
"dot/dot_uint8_int2_int32_1x32x16_1x8x16_avxvnni/128/352/real_time",321143,435.953,435.107,ns,,,"1x128x352",,,16,1,32,352,1,128,16,1,8
"dot/dot_uint8_int2_int32_1x32x16_1x8x16_avxvnni/128/528/real_time",209583,668.058,666.8,ns,,,"1x128x528",,,16,1,32,528,1,128,16,1,8
"dot/dot_uint8_int2_int32_1x32x16_1x8x16_avxvnni/128/720/real_time",151938,938.035,936.214,ns,,,"1x128x720",,,16,1,32,720,1,128,16,1,8
"dot/dot_uint8_int2_int32_1x32x16_1x8x16_avxvnni/256/16/real_time",3070133,45.6171,45.5196,ns,,,"1x256x16",,,16,1,32,16,1,256,16,1,8
"dot/dot_uint8_int2_int32_1x32x16_1x8x16_avxvnni/256/80/real_time",766118,182.592,182.233,ns,,,"1x256x80",,,16,1,32,80,1,256,16,1,8
"dot/dot_uint8_int2_int32_1x32x16_1x8x16_avxvnni/256/176/real_time",339847,416.87,416.015,ns,,,"1x256x176",,,16,1,32,176,1,256,16,1,8
"dot/dot_uint8_int2_int32_1x32x16_1x8x16_avxvnni/256/256/real_time",227336,615.785,614.609,ns,,,"1x256x256",,,16,1,32,256,1,256,16,1,8
"dot/dot_uint8_int2_int32_1x32x16_1x8x16_avxvnni/256/352/real_time",161270,868.329,866.513,ns,,,"1x256x352",,,16,1,32,352,1,256,16,1,8
"dot/dot_uint8_int2_int32_2x16x16_1x8x16_avxvnni/16/16/real_time",12186219,11.3892,11.3678,ns,,,"2x16x16",,,16,2,16,16,2,16,16,1,8
"dot/dot_uint8_int2_int32_2x16x16_1x8x16_avxvnni/16/1008/real_time",431565,324.231,323.568,ns,,,"2x16x1008",,,16,2,16,1008,2,16,16,1,8
"dot/dot_uint8_int2_int32_2x16x16_1x8x16_avxvnni/16/2032/real_time",211478,662.206,660.836,ns,,,"2x16x2032",,,16,2,16,2032,2,16,16,1,8
"dot/dot_uint8_int2_int32_2x16x16_1x8x16_avxvnni/16/3040/real_time",140827,994.186,992.272,ns,,,"2x16x3040",,,16,2,16,3040,2,16,16,1,8
"dot/dot_uint8_int2_int32_2x16x16_1x8x16_avxvnni/16/4064/real_time",104758,1336.91,1334.19,ns,,,"2x16x4064",,,16,2,16,4064,2,16,16,1,8
"dot/dot_uint8_int2_int32_2x16x16_1x8x16_avxvnni/32/16/real_time",8197895,16.186,16.1541,ns,,,"2x32x16",,,16,2,16,16,2,32,16,1,8
"dot/dot_uint8_int2_int32_2x16x16_1x8x16_avxvnni/32/608/real_time",369323,379.133,378.412,ns,,,"2x32x608",,,16,2,16,608,2,32,16,1,8
"dot/dot_uint8_int2_int32_2x16x16_1x8x16_avxvnni/32/1216/real_time",178715,779.749,778.165,ns,,,"2x32x1216",,,16,2,16,1216,2,32,16,1,8
"dot/dot_uint8_int2_int32_2x16x16_1x8x16_avxvnni/32/1824/real_time",118538,1180.77,1178.47,ns,,,"2x32x1824",,,16,2,16,1824,2,32,16,1,8
"dot/dot_uint8_int2_int32_2x16x16_1x8x16_avxvnni/32/2432/real_time",88069,1608.68,1605.42,ns,,,"2x32x2432",,,16,2,16,2432,2,32,16,1,8
"dot/dot_uint8_int2_int32_2x16x16_1x8x16_avxvnni/64/16/real_time",5193879,26.8454,26.7938,ns,,,"2x64x16",,,16,2,16,16,2,64,16,1,8
"dot/dot_uint8_int2_int32_2x16x16_1x8x16_avxvnni/64/320/real_time",374293,374.092,373.372,ns,,,"2x64x320",,,16,2,16,320,2,64,16,1,8
"dot/dot_uint8_int2_int32_2x16x16_1x8x16_avxvnni/64/656/real_time",171621,815.813,814.239,ns,,,"2x64x656",,,16,2,16,656,2,64,16,1,8
"dot/dot_uint8_int2_int32_2x16x16_1x8x16_avxvnni/64/992/real_time",111232,1258.4,1255.92,ns,,,"2x64x992",,,16,2,16,992,2,64,16,1,8
"dot/dot_uint8_int2_int32_2x16x16_1x8x16_avxvnni/64/1328/real_time",81973,1707.64,1704.23,ns,,,"2x64x1328",,,16,2,16,1328,2,64,16,1,8
"dot/dot_uint8_int2_int32_2x16x16_1x8x16_avxvnni/128/16/real_time",3064097,45.7929,45.7074,ns,,,"2x128x16",,,16,2,16,16,2,128,16,1,8
"dot/dot_uint8_int2_int32_2x16x16_1x8x16_avxvnni/128/160/real_time",410541,341.145,340.479,ns,,,"2x128x160",,,16,2,16,160,2,128,16,1,8
"dot/dot_uint8_int2_int32_2x16x16_1x8x16_avxvnni/128/336/real_time",178511,784.34,782.76,ns,,,"2x128x336",,,16,2,16,336,2,128,16,1,8
"dot/dot_uint8_int2_int32_2x16x16_1x8x16_avxvnni/128/512/real_time",111789,1252.46,1250.01,ns,,,"2x128x512",,,16,2,16,512,2,128,16,1,8
"dot/dot_uint8_int2_int32_2x16x16_1x8x16_avxvnni/128/688/real_time",81558,1716.81,1713.37,ns,,,"2x128x688",,,16,2,16,688,2,128,16,1,8
"dot/dot_uint8_int2_int32_3x16x16_1x8x16_avxvnni/16/16/real_time",10312016,13.5866,13.5605,ns,,,"3x16x16",,,16,3,16,16,3,16,16,1,8
"dot/dot_uint8_int2_int32_3x16x16_1x8x16_avxvnni/16/864/real_time",475374,294.233,293.66,ns,,,"3x16x864",,,16,3,16,864,3,16,16,1,8
"dot/dot_uint8_int2_int32_3x16x16_1x8x16_avxvnni/16/1728/real_time",238232,587.56,586.411,ns,,,"3x16x1728",,,16,3,16,1728,3,16,16,1,8
"dot/dot_uint8_int2_int32_3x16x16_1x8x16_avxvnni/16/2592/real_time",158244,884.806,883.117,ns,,,"3x16x2592",,,16,3,16,2592,3,16,16,1,8
"dot/dot_uint8_int2_int32_3x16x16_1x8x16_avxvnni/16/3472/real_time",118119,1184,1181.83,ns,,,"3x16x3472",,,16,3,16,3472,3,16,16,1,8
"dot/dot_uint8_int2_int32_3x16x16_1x8x16_avxvnni/32/16/real_time",6904300,20.0979,20.0594,ns,,,"3x32x16",,,16,3,16,16,3,32,16,1,8
"dot/dot_uint8_int2_int32_3x16x16_1x8x16_avxvnni/32/544/real_time",381493,367.437,366.739,ns,,,"3x32x544",,,16,3,16,544,3,32,16,1,8
"dot/dot_uint8_int2_int32_3x16x16_1x8x16_avxvnni/32/1088/real_time",188910,737.023,735.589,ns,,,"3x32x1088",,,16,3,16,1088,3,32,16,1,8
"dot/dot_uint8_int2_int32_3x16x16_1x8x16_avxvnni/32/1632/real_time",125683,1122.38,1120.2,ns,,,"3x32x1632",,,16,3,16,1632,3,32,16,1,8
"dot/dot_uint8_int2_int32_3x16x16_1x8x16_avxvnni/32/2192/real_time",94259,1486.26,1483.18,ns,,,"3x32x2192",,,16,3,16,2192,3,32,16,1,8
"dot/dot_uint8_int2_int32_3x16x16_1x8x16_avxvnni/64/16/real_time",4246941,32.895,32.8345,ns,,,"3x64x16",,,16,3,16,16,3,64,16,1,8
"dot/dot_uint8_int2_int32_3x16x16_1x8x16_avxvnni/64/304/real_time",346212,412.477,411.653,ns,,,"3x64x304",,,16,3,16,304,3,64,16,1,8
"dot/dot_uint8_int2_int32_3x16x16_1x8x16_avxvnni/64/624/real_time",166749,839.994,838.264,ns,,,"3x64x624",,,16,3,16,624,3,64,16,1,8
"dot/dot_uint8_int2_int32_3x16x16_1x8x16_avxvnni/64/928/real_time",111924,1252.33,1249.86,ns,,,"3x64x928",,,16,3,16,928,3,64,16,1,8
"dot/dot_uint8_int2_int32_3x16x16_1x8x16_avxvnni/64/1248/real_time",82861,1692.58,1689.11,ns,,,"3x64x1248",,,16,3,16,1248,3,64,16,1,8
"dot/dot_uint8_int2_int32_3x16x16_1x8x16_avxvnni/128/16/real_time",2393849,58.4556,58.3416,ns,,,"3x128x16",,,16,3,16,16,3,128,16,1,8
"dot/dot_uint8_int2_int32_3x16x16_1x8x16_avxvnni/128/160/real_time",337390,414.972,414.146,ns,,,"3x128x160",,,16,3,16,160,3,128,16,1,8
"dot/dot_uint8_int2_int32_3x16x16_1x8x16_avxvnni/128/320/real_time",164936,848.708,847.135,ns,,,"3x128x320",,,16,3,16,320,3,128,16,1,8
"dot/dot_uint8_int2_int32_3x16x16_1x8x16_avxvnni/128/480/real_time",108539,1304.09,1301.61,ns,,,"3x128x480",,,16,3,16,480,3,128,16,1,8
"dot/dot_uint8_int2_int32_3x16x16_1x8x16_avxvnni/128/656/real_time",79049,1769.84,1766.13,ns,,,"3x128x656",,,16,3,16,656,3,128,16,1,8
"dot/dot_uint8_int2_int32_4x16x16_1x8x16_avxvnni/16/16/real_time",8792185,15.8879,15.8585,ns,,,"4x16x16",,,16,4,16,16,4,16,16,1,8
"dot/dot_uint8_int2_int32_4x16x16_1x8x16_avxvnni/16/752/real_time",498673,294.817,294.185,ns,,,"4x16x752",,,16,4,16,752,4,16,16,1,8
"dot/dot_uint8_int2_int32_4x16x16_1x8x16_avxvnni/16/1520/real_time",235605,594.389,593.067,ns,,,"4x16x1520",,,16,4,16,1520,4,16,16,1,8
"dot/dot_uint8_int2_int32_4x16x16_1x8x16_avxvnni/16/2272/real_time",157458,888.805,886.953,ns,,,"4x16x2272",,,16,4,16,2272,4,16,16,1,8
"dot/dot_uint8_int2_int32_4x16x16_1x8x16_avxvnni/16/3040/real_time",118606,1180.6,1178.12,ns,,,"4x16x3040",,,16,4,16,3040,4,16,16,1,8
"dot/dot_uint8_int2_int32_4x16x16_1x8x16_avxvnni/32/16/real_time",5834847,24.0279,23.9745,ns,,,"4x32x16",,,16,4,16,16,4,32,16,1,8
"dot/dot_uint8_int2_int32_4x16x16_1x8x16_avxvnni/32/496/real_time",380314,368.327,367.511,ns,,,"4x32x496",,,16,4,16,496,4,32,16,1,8
"dot/dot_uint8_int2_int32_4x16x16_1x8x16_avxvnni/32/992/real_time",192462,727.941,726.53,ns,,,"4x32x992",,,16,4,16,992,4,32,16,1,8
"dot/dot_uint8_int2_int32_4x16x16_1x8x16_avxvnni/32/1488/real_time",128861,1086.95,1084.93,ns,,,"4x32x1488",,,16,4,16,1488,4,32,16,1,8
"dot/dot_uint8_int2_int32_4x16x16_1x8x16_avxvnni/32/2000/real_time",96048,1458.25,1455.07,ns,,,"4x32x2000",,,16,4,16,2000,4,32,16,1,8
"dot/dot_uint8_int2_int32_4x16x16_1x8x16_avxvnni/64/16/real_time",3424807,40.8991,40.8017,ns,,,"4x64x16",,,16,4,16,16,4,64,16,1,8
"dot/dot_uint8_int2_int32_4x16x16_1x8x16_avxvnni/64/288/real_time",327546,427.263,426.483,ns,,,"4x64x288",,,16,4,16,288,4,64,16,1,8
"dot/dot_uint8_int2_int32_4x16x16_1x8x16_avxvnni/64/576/real_time",165762,844.453,842.919,ns,,,"4x64x576",,,16,4,16,576,4,64,16,1,8
"dot/dot_uint8_int2_int32_4x16x16_1x8x16_avxvnni/64/864/real_time",110825,1286.42,1283.84,ns,,,"4x64x864",,,16,4,16,864,4,64,16,1,8
"dot/dot_uint8_int2_int32_4x16x16_1x8x16_avxvnni/64/1168/real_time",81903,1709.65,1706.31,ns,,,"4x64x1168",,,16,4,16,1168,4,64,16,1,8
"dot/dot_uint8_int2_int32_4x16x16_1x8x16_avxvnni/128/16/real_time",1864466,75.0277,74.8861,ns,,,"4x128x16",,,16,4,16,16,4,128,16,1,8
"dot/dot_uint8_int2_int32_4x16x16_1x8x16_avxvnni/128/144/real_time",305951,429.32,428.495,ns,,,"4x128x144",,,16,4,16,144,4,128,16,1,8
"dot/dot_uint8_int2_int32_4x16x16_1x8x16_avxvnni/128/304/real_time",156756,893.095,891.441,ns,,,"4x128x304",,,16,4,16,304,4,128,16,1,8
"dot/dot_uint8_int2_int32_4x16x16_1x8x16_avxvnni/128/464/real_time",102646,1381.42,1378.8,ns,,,"4x128x464",,,16,4,16,464,4,128,16,1,8
"dot/dot_uint8_int2_int32_4x16x16_1x8x16_avxvnni/128/624/real_time",76669,1827.18,1823.7,ns,,,"4x128x624",,,16,4,16,624,4,128,16,1,8
"dot/dot_uint8_int4_int32_1x16x8_1x8x8_avxvnni/16/8/real_time",16890760,8.28475,8.26887,ns,,,"1x16x8",,,8,1,16,8,1,16,8,1,8
"dot/dot_uint8_int4_int32_1x16x8_1x8x8_avxvnni/16/680/real_time",994354,140.697,140.439,ns,,,"1x16x680",,,8,1,16,680,1,16,8,1,8
"dot/dot_uint8_int4_int32_1x16x8_1x8x8_avxvnni/16/1360/real_time",500398,278.887,278.339,ns,,,"1x16x1360",,,8,1,16,1360,1,16,8,1,8
"dot/dot_uint8_int4_int32_1x16x8_1x8x8_avxvnni/16/2040/real_time",337737,414.432,413.598,ns,,,"1x16x2040",,,8,1,16,2040,1,16,8,1,8
"dot/dot_uint8_int4_int32_1x16x8_1x8x8_avxvnni/16/2720/real_time",254771,549.344,548.301,ns,,,"1x16x2720",,,8,1,16,2720,1,16,8,1,8
"dot/dot_uint8_int4_int32_1x16x8_1x8x8_avxvnni/32/8/real_time",12321014,11.3571,11.3356,ns,,,"1x32x8",,,8,1,16,8,1,32,8,1,8
"dot/dot_uint8_int4_int32_1x16x8_1x8x8_avxvnni/32/352/real_time",956345,146.369,146.087,ns,,,"1x32x352",,,8,1,16,352,1,32,8,1,8
"dot/dot_uint8_int4_int32_1x16x8_1x8x8_avxvnni/32/712/real_time",483895,289.302,288.769,ns,,,"1x32x712",,,8,1,16,712,1,32,8,1,8
"dot/dot_uint8_int4_int32_1x16x8_1x8x8_avxvnni/32/1072/real_time",323873,432.252,431.465,ns,,,"1x32x1072",,,8,1,16,1072,1,32,8,1,8
"dot/dot_uint8_int4_int32_1x16x8_1x8x8_avxvnni/32/1432/real_time",242790,578.082,576.972,ns,,,"1x32x1432",,,8,1,16,1432,1,32,8,1,8
"dot/dot_uint8_int4_int32_1x16x8_1x8x8_avxvnni/64/8/real_time",7904281,17.767,17.7342,ns,,,"1x64x8",,,8,1,16,8,1,64,8,1,8
"dot/dot_uint8_int4_int32_1x16x8_1x8x8_avxvnni/64/184/real_time",907498,153.989,153.701,ns,,,"1x64x184",,,8,1,16,184,1,64,8,1,8
"dot/dot_uint8_int4_int32_1x16x8_1x8x8_avxvnni/64/368/real_time",466485,300.12,299.537,ns,,,"1x64x368",,,8,1,16,368,1,64,8,1,8
"dot/dot_uint8_int4_int32_1x16x8_1x8x8_avxvnni/64/552/real_time",310673,450.552,449.732,ns,,,"1x64x552",,,8,1,16,552,1,64,8,1,8
"dot/dot_uint8_int4_int32_1x16x8_1x8x8_avxvnni/64/736/real_time",234550,596.671,595.58,ns,,,"1x64x736",,,8,1,16,736,1,64,8,1,8
"dot/dot_uint8_int4_int32_1x16x8_1x8x8_avxvnni/128/8/real_time",4593917,30.9903,30.9335,ns,,,"1x128x8",,,8,1,16,8,1,128,8,1,8
"dot/dot_uint8_int4_int32_1x16x8_1x8x8_avxvnni/128/88/real_time",930431,150.675,150.373,ns,,,"1x128x88",,,8,1,16,88,1,128,8,1,8
"dot/dot_uint8_int4_int32_1x16x8_1x8x8_avxvnni/128/184/real_time",461970,303.101,302.505,ns,,,"1x128x184",,,8,1,16,184,1,128,8,1,8
"dot/dot_uint8_int4_int32_1x16x8_1x8x8_avxvnni/128/272/real_time",312665,447.724,446.889,ns,,,"1x128x272",,,8,1,16,272,1,128,8,1,8
"dot/dot_uint8_int4_int32_1x16x8_1x8x8_avxvnni/128/368/real_time",233227,600.12,599.032,ns,,,"1x128x368",,,8,1,16,368,1,128,8,1,8
"dot/dot_uint8_int4_int32_2x16x8_1x8x8_avxvnni/16/8/real_time",13507386,10.3776,10.3583,ns,,,"2x16x8",,,8,2,16,8,2,16,8,1,8
"dot/dot_uint8_int4_int32_2x16x8_1x8x8_avxvnni/16/608/real_time",908631,154.075,153.794,ns,,,"2x16x608",,,8,2,16,608,2,16,8,1,8
"dot/dot_uint8_int4_int32_2x16x8_1x8x8_avxvnni/16/1216/real_time",457922,305.538,304.966,ns,,,"2x16x1216",,,8,2,16,1216,2,16,8,1,8
"dot/dot_uint8_int4_int32_2x16x8_1x8x8_avxvnni/16/1824/real_time",308188,453.984,452.405,ns,,,"2x16x1824",,,8,2,16,1824,2,16,8,1,8
"dot/dot_uint8_int4_int32_2x16x8_1x8x8_avxvnni/16/2440/real_time",232112,608.365,607.229,ns,,,"2x16x2440",,,8,2,16,2440,2,16,8,1,8
"dot/dot_uint8_int4_int32_2x16x8_1x8x8_avxvnni/32/8/real_time",9313615,15.241,15.2105,ns,,,"2x32x8",,,8,2,16,8,2,32,8,1,8
"dot/dot_uint8_int4_int32_2x16x8_1x8x8_avxvnni/32/336/real_time",813959,171.851,171.516,ns,,,"2x32x336",,,8,2,16,336,2,32,8,1,8
"dot/dot_uint8_int4_int32_2x16x8_1x8x8_avxvnni/32/672/real_time",416911,335.892,335.267,ns,,,"2x32x672",,,8,2,16,672,2,32,8,1,8
"dot/dot_uint8_int4_int32_2x16x8_1x8x8_avxvnni/32/1008/real_time",280211,500.22,499.291,ns,,,"2x32x1008",,,8,2,16,1008,2,32,8,1,8
"dot/dot_uint8_int4_int32_2x16x8_1x8x8_avxvnni/32/1344/real_time",208883,668.896,667.665,ns,,,"2x32x1344",,,8,2,16,1344,2,32,8,1,8
"dot/dot_uint8_int4_int32_2x16x8_1x8x8_avxvnni/64/8/real_time",5698125,23.9838,23.9392,ns,,,"2x64x8",,,8,2,16,8,2,64,8,1,8
"dot/dot_uint8_int4_int32_2x16x8_1x8x8_avxvnni/64/176/real_time",764161,183.267,182.91,ns,,,"2x64x176",,,8,2,16,176,2,64,8,1,8
"dot/dot_uint8_int4_int32_2x16x8_1x8x8_avxvnni/64/352/real_time",394011,355.503,354.794,ns,,,"2x64x352",,,8,2,16,352,2,64,8,1,8
"dot/dot_uint8_int4_int32_2x16x8_1x8x8_avxvnni/64/528/real_time",263795,537.51,536.483,ns,,,"2x64x528",,,8,2,16,528,2,64,8,1,8
"dot/dot_uint8_int4_int32_2x16x8_1x8x8_avxvnni/64/704/real_time",196959,709.991,708.563,ns,,,"2x64x704",,,8,2,16,704,2,64,8,1,8
"dot/dot_uint8_int4_int32_2x16x8_1x8x8_avxvnni/128/8/real_time",3374677,41.4619,41.3835,ns,,,"2x128x8",,,8,2,16,8,2,128,8,1,8
"dot/dot_uint8_int4_int32_2x16x8_1x8x8_avxvnni/128/88/real_time",736682,190.152,189.757,ns,,,"2x128x88",,,8,2,16,88,2,128,8,1,8
"dot/dot_uint8_int4_int32_2x16x8_1x8x8_avxvnni/128/176/real_time",385726,367.926,367.254,ns,,,"2x128x176",,,8,2,16,176,2,128,8,1,8
"dot/dot_uint8_int4_int32_2x16x8_1x8x8_avxvnni/128/264/real_time",259242,539.823,538.826,ns,,,"2x128x264",,,8,2,16,264,2,128,8,1,8
"dot/dot_uint8_int4_int32_2x16x8_1x8x8_avxvnni/128/352/real_time",193374,723.502,722.158,ns,,,"2x128x352",,,8,2,16,352,2,128,8,1,8
"dot/dot_uint8_int4_int32_3x16x8_1x8x8_avxvnni/16/8/real_time",10720003,12.4759,12.451,ns,,,"3x16x8",,,8,3,16,8,3,16,8,1,8
"dot/dot_uint8_int4_int32_3x16x8_1x8x8_avxvnni/16/552/real_time",707175,198.016,197.648,ns,,,"3x16x552",,,8,3,16,552,3,16,8,1,8
"dot/dot_uint8_int4_int32_3x16x8_1x8x8_avxvnni/16/1104/real_time",351675,398.11,397.369,ns,,,"3x16x1104",,,8,3,16,1104,3,16,8,1,8
"dot/dot_uint8_int4_int32_3x16x8_1x8x8_avxvnni/16/1656/real_time",232118,603.107,601.974,ns,,,"3x16x1656",,,8,3,16,1656,3,16,8,1,8
"dot/dot_uint8_int4_int32_3x16x8_1x8x8_avxvnni/16/2216/real_time",173607,848.813,847.079,ns,,,"3x16x2216",,,8,3,16,2216,3,16,8,1,8
"dot/dot_uint8_int4_int32_3x16x8_1x8x8_avxvnni/32/8/real_time",6532234,20.831,20.7882,ns,,,"3x32x8",,,8,3,16,8,3,32,8,1,8
"dot/dot_uint8_int4_int32_3x16x8_1x8x8_avxvnni/32/312/real_time",506414,215.659,215.228,ns,,,"3x32x312",,,8,3,16,312,3,32,8,1,8
"dot/dot_uint8_int4_int32_3x16x8_1x8x8_avxvnni/32/632/real_time",312708,447.881,446.98,ns,,,"3x32x632",,,8,3,16,632,3,32,8,1,8
"dot/dot_uint8_int4_int32_3x16x8_1x8x8_avxvnni/32/952/real_time",206007,679.882,678.503,ns,,,"3x32x952",,,8,3,16,952,3,32,8,1,8
"dot/dot_uint8_int4_int32_3x16x8_1x8x8_avxvnni/32/1272/real_time",152607,920.916,919.026,ns,,,"3x32x1272",,,8,3,16,1272,3,32,8,1,8
"dot/dot_uint8_int4_int32_3x16x8_1x8x8_avxvnni/64/8/real_time",4666426,29.9935,29.9355,ns,,,"3x64x8",,,8,3,16,8,3,64,8,1,8
"dot/dot_uint8_int4_int32_3x16x8_1x8x8_avxvnni/64/168/real_time",625881,223.601,223.167,ns,,,"3x64x168",,,8,3,16,168,3,64,8,1,8
"dot/dot_uint8_int4_int32_3x16x8_1x8x8_avxvnni/64/336/real_time",305059,459.025,458.076,ns,,,"3x64x336",,,8,3,16,336,3,64,8,1,8
"dot/dot_uint8_int4_int32_3x16x8_1x8x8_avxvnni/64/504/real_time",199072,703.437,702.156,ns,,,"3x64x504",,,8,3,16,504,3,64,8,1,8
"dot/dot_uint8_int4_int32_3x16x8_1x8x8_avxvnni/64/680/real_time",145233,982.937,981.04,ns,,,"3x64x680",,,8,3,16,680,3,64,8,1,8
"dot/dot_uint8_int4_int32_3x16x8_1x8x8_avxvnni/128/8/real_time",2619691,53.4196,53.329,ns,,,"3x128x8",,,8,3,16,8,3,128,8,1,8
"dot/dot_uint8_int4_int32_3x16x8_1x8x8_avxvnni/128/80/real_time",640204,218.844,218.448,ns,,,"3x128x80",,,8,3,16,80,3,128,8,1,8
"dot/dot_uint8_int4_int32_3x16x8_1x8x8_avxvnni/128/168/real_time",305244,441.501,440.641,ns,,,"3x128x168",,,8,3,16,168,3,128,8,1,8
"dot/dot_uint8_int4_int32_3x16x8_1x8x8_avxvnni/128/248/real_time",203373,709.772,708.2,ns,,,"3x128x248",,,8,3,16,248,3,128,8,1,8
"dot/dot_uint8_int4_int32_3x16x8_1x8x8_avxvnni/128/336/real_time",152439,918.442,916.632,ns,,,"3x128x336",,,8,3,16,336,3,128,8,1,8
"dot/dot_uint8_int4_int32_1x8x8_1x8x8_avxvnni/8/8/real_time",18714482,7.46953,7.4548,ns,,,"1x8x8",,,8,1,8,8,1,8,8,1,8
"dot/dot_uint8_int4_int32_1x8x8_1x8x8_avxvnni/8/1224/real_time",725670,186.857,186.489,ns,,,"1x8x1224",,,8,1,8,1224,1,8,8,1,8
"dot/dot_uint8_int4_int32_1x8x8_1x8x8_avxvnni/8/2448/real_time",354828,394.606,393.825,ns,,,"1x8x2448",,,8,1,8,2448,1,8,8,1,8
"dot/dot_uint8_int4_int32_1x8x8_1x8x8_avxvnni/8/3672/real_time",234545,596.756,595.605,ns,,,"1x8x3672",,,8,1,8,3672,1,8,8,1,8
"dot/dot_uint8_int4_int32_1x8x8_1x8x8_avxvnni/8/4904/real_time",175017,799.803,798.289,ns,,,"1x8x4904",,,8,1,8,4904,1,8,8,1,8
"dot/dot_uint8_int4_int32_1x8x8_1x8x8_avxvnni/16/8/real_time",14327163,9.97084,9.95193,ns,,,"1x16x8",,,8,1,8,8,1,16,8,1,8
"dot/dot_uint8_int4_int32_1x8x8_1x8x8_avxvnni/16/680/real_time",743617,188.233,187.856,ns,,,"1x16x680",,,8,1,8,680,1,16,8,1,8
"dot/dot_uint8_int4_int32_1x8x8_1x8x8_avxvnni/16/1360/real_time",332817,419.316,418.464,ns,,,"1x16x1360",,,8,1,8,1360,1,16,8,1,8
"dot/dot_uint8_int4_int32_1x8x8_1x8x8_avxvnni/16/2040/real_time",213602,656.392,655.11,ns,,,"1x16x2040",,,8,1,8,2040,1,16,8,1,8
"dot/dot_uint8_int4_int32_1x8x8_1x8x8_avxvnni/16/2720/real_time",158847,880.947,879.184,ns,,,"1x16x2720",,,8,1,8,2720,1,16,8,1,8
"dot/dot_uint8_int4_int32_1x8x8_1x8x8_avxvnni/32/8/real_time",9357639,14.9576,14.9284,ns,,,"1x32x8",,,8,1,8,8,1,32,8,1,8
"dot/dot_uint8_int4_int32_1x8x8_1x8x8_avxvnni/32/352/real_time",783734,178.898,178.482,ns,,,"1x32x352",,,8,1,8,352,1,32,8,1,8
"dot/dot_uint8_int4_int32_1x8x8_1x8x8_avxvnni/32/712/real_time",349269,400.307,399.575,ns,,,"1x32x712",,,8,1,8,712,1,32,8,1,8
"dot/dot_uint8_int4_int32_1x8x8_1x8x8_avxvnni/32/1072/real_time",218879,639.911,638.751,ns,,,"1x32x1072",,,8,1,8,1072,1,32,8,1,8
"dot/dot_uint8_int4_int32_1x8x8_1x8x8_avxvnni/32/1432/real_time",158493,889.845,888.078,ns,,,"1x32x1432",,,8,1,8,1432,1,32,8,1,8
"dot/dot_uint8_int4_int32_1x8x8_1x8x8_avxvnni/64/8/real_time",5691391,24.6046,24.5571,ns,,,"1x64x8",,,8,1,8,8,1,64,8,1,8
"dot/dot_uint8_int4_int32_1x8x8_1x8x8_avxvnni/64/184/real_time",829006,168.785,168.451,ns,,,"1x64x184",,,8,1,8,184,1,64,8,1,8
"dot/dot_uint8_int4_int32_1x8x8_1x8x8_avxvnni/64/368/real_time",373011,375.587,374.852,ns,,,"1x64x368",,,8,1,8,368,1,64,8,1,8
"dot/dot_uint8_int4_int32_1x8x8_1x8x8_avxvnni/64/552/real_time",239441,593.826,592.704,ns,,,"1x64x552",,,8,1,8,552,1,64,8,1,8
"dot/dot_uint8_int4_int32_1x8x8_1x8x8_avxvnni/64/736/real_time",170312,822.63,821.07,ns,,,"1x64x736",,,8,1,8,736,1,64,8,1,8
"dot/dot_uint8_int4_int32_3x8x8_1x8x8_avxvnni/8/8/real_time",14064301,10.0359,10.0156,ns,,,"3x8x8",,,8,3,8,8,3,8,8,1,8
"dot/dot_uint8_int4_int32_3x8x8_1x8x8_avxvnni/8/872/real_time",928029,150.899,150.597,ns,,,"3x8x872",,,8,3,8,872,3,8,8,1,8
"dot/dot_uint8_int4_int32_3x8x8_1x8x8_avxvnni/8/1744/real_time",462998,302.242,301.666,ns,,,"3x8x1744",,,8,3,8,1744,3,8,8,1,8
"dot/dot_uint8_int4_int32_3x8x8_1x8x8_avxvnni/8/2616/real_time",311577,449.568,448.621,ns,,,"3x8x2616",,,8,3,8,2616,3,8,8,1,8
"dot/dot_uint8_int4_int32_3x8x8_1x8x8_avxvnni/8/3496/real_time",234239,605.252,604.01,ns,,,"3x8x3496",,,8,3,8,3496,3,8,8,1,8
"dot/dot_uint8_int4_int32_3x8x8_1x8x8_avxvnni/16/8/real_time",10329317,13.7919,13.7656,ns,,,"3x16x8",,,8,3,8,8,3,16,8,1,8
"dot/dot_uint8_int4_int32_3x8x8_1x8x8_avxvnni/16/552/real_time",740911,189.136,188.778,ns,,,"3x16x552",,,8,3,8,552,3,16,8,1,8
"dot/dot_uint8_int4_int32_3x8x8_1x8x8_avxvnni/16/1104/real_time",373984,374.456,373.712,ns,,,"3x16x1104",,,8,3,8,1104,3,16,8,1,8
"dot/dot_uint8_int4_int32_3x8x8_1x8x8_avxvnni/16/1656/real_time",244665,572.141,570.995,ns,,,"3x16x1656",,,8,3,8,1656,3,16,8,1,8
"dot/dot_uint8_int4_int32_3x8x8_1x8x8_avxvnni/16/2216/real_time",184189,760.559,759.061,ns,,,"3x16x2216",,,8,3,8,2216,3,16,8,1,8
"dot/dot_uint8_int4_int32_3x8x8_1x8x8_avxvnni/32/8/real_time",6583708,21.2891,21.2462,ns,,,"3x32x8",,,8,3,8,8,3,32,8,1,8
"dot/dot_uint8_int4_int32_3x8x8_1x8x8_avxvnni/32/312/real_time",656424,213.163,212.748,ns,,,"3x32x312",,,8,3,8,312,3,32,8,1,8
"dot/dot_uint8_int4_int32_3x8x8_1x8x8_avxvnni/32/632/real_time",323351,432.809,431.863,ns,,,"3x32x632",,,8,3,8,632,3,32,8,1,8
"dot/dot_uint8_int4_int32_3x8x8_1x8x8_avxvnni/32/952/real_time",216042,647.736,646.487,ns,,,"3x32x952",,,8,3,8,952,3,32,8,1,8
"dot/dot_uint8_int4_int32_3x8x8_1x8x8_avxvnni/32/1272/real_time",161048,869.971,868.077,ns,,,"3x32x1272",,,8,3,8,1272,3,32,8,1,8
"dot/dot_uint8_int4_int32_3x8x8_1x8x8_avxvnni/64/8/real_time",3836659,36.4598,36.3871,ns,,,"3x64x8",,,8,3,8,8,3,64,8,1,8
"dot/dot_uint8_int4_int32_3x8x8_1x8x8_avxvnni/64/168/real_time",605191,231.406,230.951,ns,,,"3x64x168",,,8,3,8,168,3,64,8,1,8
"dot/dot_uint8_int4_int32_3x8x8_1x8x8_avxvnni/64/336/real_time",304883,459.525,458.558,ns,,,"3x64x336",,,8,3,8,336,3,64,8,1,8
"dot/dot_uint8_int4_int32_3x8x8_1x8x8_avxvnni/64/504/real_time",204498,684.408,683.127,ns,,,"3x64x504",,,8,3,8,504,3,64,8,1,8
"dot/dot_uint8_int4_int32_3x8x8_1x8x8_avxvnni/64/680/real_time",149293,920.48,918.737,ns,,,"3x64x680",,,8,3,8,680,3,64,8,1,8
"dot/dot_uint8_int4_int32_4x8x8_1x8x8_avxvnni/8/8/real_time",12408221,11.334,11.3106,ns,,,"4x8x8",,,8,4,8,8,4,8,8,1,8
"dot/dot_uint8_int4_int32_4x8x8_1x8x8_avxvnni/8/760/real_time",993222,141.416,141.126,ns,,,"4x8x760",,,8,4,8,760,4,8,8,1,8
"dot/dot_uint8_int4_int32_4x8x8_1x8x8_avxvnni/8/1528/real_time",496832,278.28,277.728,ns,,,"4x8x1528",,,8,4,8,1528,4,8,8,1,8
"dot/dot_uint8_int4_int32_4x8x8_1x8x8_avxvnni/8/2288/real_time",338119,413.654,412.856,ns,,,"4x8x2288",,,8,4,8,2288,4,8,8,1,8
"dot/dot_uint8_int4_int32_4x8x8_1x8x8_avxvnni/8/3056/real_time",254723,552.621,551.561,ns,,,"4x8x3056",,,8,4,8,3056,4,8,8,1,8
"dot/dot_uint8_int4_int32_4x8x8_1x8x8_avxvnni/16/8/real_time",8835198,15.8771,15.848,ns,,,"4x16x8",,,8,4,8,8,4,16,8,1,8
"dot/dot_uint8_int4_int32_4x8x8_1x8x8_avxvnni/16/504/real_time",753209,186.793,186.402,ns,,,"4x16x504",,,8,4,8,504,4,16,8,1,8
"dot/dot_uint8_int4_int32_4x8x8_1x8x8_avxvnni/16/1008/real_time",385737,365.088,364.371,ns,,,"4x16x1008",,,8,4,8,1008,4,16,8,1,8
"dot/dot_uint8_int4_int32_4x8x8_1x8x8_avxvnni/16/1512/real_time",255890,544.64,543.523,ns,,,"4x16x1512",,,8,4,8,1512,4,16,8,1,8
"dot/dot_uint8_int4_int32_4x8x8_1x8x8_avxvnni/16/2024/real_time",189785,734.202,732.753,ns,,,"4x16x2024",,,8,4,8,2024,4,16,8,1,8
"dot/dot_uint8_int4_int32_4x8x8_1x8x8_avxvnni/32/8/real_time",5484946,27.518,27.4626,ns,,,"4x32x8",,,8,4,8,8,4,32,8,1,8
"dot/dot_uint8_int4_int32_4x8x8_1x8x8_avxvnni/32/296/real_time",485937,223.248,222.81,ns,,,"4x32x296",,,8,4,8,296,4,32,8,1,8
"dot/dot_uint8_int4_int32_4x8x8_1x8x8_avxvnni/32/600/real_time",317772,442.014,441.161,ns,,,"4x32x600",,,8,4,8,600,4,32,8,1,8
"dot/dot_uint8_int4_int32_4x8x8_1x8x8_avxvnni/32/896/real_time",207639,655.041,653.778,ns,,,"4x32x896",,,8,4,8,896,4,32,8,1,8
"dot/dot_uint8_int4_int32_4x8x8_1x8x8_avxvnni/32/1200/real_time",160316,876.816,875.157,ns,,,"4x32x1200",,,8,4,8,1200,4,32,8,1,8
"dot/dot_uint8_int4_int32_4x8x8_1x8x8_avxvnni/64/8/real_time",3169250,45.6994,45.607,ns,,,"4x64x8",,,8,4,8,8,4,64,8,1,8
"dot/dot_uint8_int4_int32_4x8x8_1x8x8_avxvnni/64/160/real_time",558293,251.246,250.796,ns,,,"4x64x160",,,8,4,8,160,4,64,8,1,8
"dot/dot_uint8_int4_int32_4x8x8_1x8x8_avxvnni/64/320/real_time",290723,482.57,481.665,ns,,,"4x64x320",,,8,4,8,320,4,64,8,1,8
"dot/dot_uint8_int4_int32_4x8x8_1x8x8_avxvnni/64/480/real_time",197716,708.761,707.418,ns,,,"4x64x480",,,8,4,8,480,4,64,8,1,8
"dot/dot_uint8_int4_int32_4x8x8_1x8x8_avxvnni/64/648/real_time",142691,978.207,976.379,ns,,,"4x64x648",,,8,4,8,648,4,64,8,1,8
"dot/dot_uint8_int4_int32_5x8x8_1x8x8_avxvnni/8/8/real_time",9886067,12.7897,12.7657,ns,,,"5x8x8",,,8,5,8,8,5,8,8,1,8
"dot/dot_uint8_int4_int32_5x8x8_1x8x8_avxvnni/8/672/real_time",987451,141.937,141.648,ns,,,"5x8x672",,,8,5,8,672,5,8,8,1,8
"dot/dot_uint8_int4_int32_5x8x8_1x8x8_avxvnni/8/1352/real_time",499113,281.156,280.608,ns,,,"5x8x1352",,,8,5,8,1352,5,8,8,1,8
"dot/dot_uint8_int4_int32_5x8x8_1x8x8_avxvnni/8/2032/real_time",335857,416.826,416.025,ns,,,"5x8x2032",,,8,5,8,2032,5,8,8,1,8
"dot/dot_uint8_int4_int32_5x8x8_1x8x8_avxvnni/8/2712/real_time",253935,551.448,550.418,ns,,,"5x8x2712",,,8,5,8,2712,5,8,8,1,8
"dot/dot_uint8_int4_int32_5x8x8_1x8x8_avxvnni/16/8/real_time",7798144,18.07,18.0342,ns,,,"5x16x8",,,8,5,8,8,5,16,8,1,8
"dot/dot_uint8_int4_int32_5x8x8_1x8x8_avxvnni/16/464/real_time",715813,195.69,195.285,ns,,,"5x16x464",,,8,5,8,464,5,16,8,1,8
"dot/dot_uint8_int4_int32_5x8x8_1x8x8_avxvnni/16/928/real_time",368817,379.502,378.647,ns,,,"5x16x928",,,8,5,8,928,5,16,8,1,8
"dot/dot_uint8_int4_int32_5x8x8_1x8x8_avxvnni/16/1392/real_time",245595,569.29,568.236,ns,,,"5x16x1392",,,8,5,8,1392,5,16,8,1,8
"dot/dot_uint8_int4_int32_5x8x8_1x8x8_avxvnni/16/1864/real_time",183204,763.985,762.439,ns,,,"5x16x1864",,,8,5,8,1864,5,16,8,1,8
"dot/dot_uint8_int4_int32_5x8x8_1x8x8_avxvnni/32/8/real_time",4776591,29.3963,29.3363,ns,,,"5x32x8",,,8,5,8,8,5,32,8,1,8
"dot/dot_uint8_int4_int32_5x8x8_1x8x8_avxvnni/32/280/real_time",583447,240.157,239.689,ns,,,"5x32x280",,,8,5,8,280,5,32,8,1,8
"dot/dot_uint8_int4_int32_5x8x8_1x8x8_avxvnni/32/568/real_time",294677,473.241,472.328,ns,,,"5x32x568",,,8,5,8,568,5,32,8,1,8
"dot/dot_uint8_int4_int32_5x8x8_1x8x8_avxvnni/32/848/real_time",201080,696.079,694.77,ns,,,"5x32x848",,,8,5,8,848,5,32,8,1,8
"dot/dot_uint8_int4_int32_5x8x8_1x8x8_avxvnni/32/1136/real_time",150896,927.189,925.462,ns,,,"5x32x1136",,,8,5,8,1136,5,32,8,1,8
"dot/dot_uint8_int4_int32_5x8x8_1x8x8_avxvnni/64/8/real_time",2716927,52.0685,51.9702,ns,,,"5x64x8",,,8,5,8,8,5,64,8,1,8
"dot/dot_uint8_int4_int32_5x8x8_1x8x8_avxvnni/64/152/real_time",511777,273.805,273.279,ns,,,"5x64x152",,,8,5,8,152,5,64,8,1,8
"dot/dot_uint8_int4_int32_5x8x8_1x8x8_avxvnni/64/312/real_time",262952,537.877,536.854,ns,,,"5x64x312",,,8,5,8,312,5,64,8,1,8
"dot/dot_uint8_int4_int32_5x8x8_1x8x8_avxvnni/64/464/real_time",181268,772.963,771.42,ns,,,"5x64x464",,,8,5,8,464,5,64,8,1,8
"dot/dot_uint8_int4_int32_5x8x8_1x8x8_avxvnni/64/624/real_time",136533,1033.61,1031.44,ns,,,"5x64x624",,,8,5,8,624,5,64,8,1,8
"dot/dot_uint8_int8_int32_1x32x4_1x8x4_avxvnni/32/4/real_time",19112255,7.36886,7.35208,ns,,,"1x32x4",,,4,1,32,4,1,32,4,1,8
"dot/dot_uint8_int8_int32_1x32x4_1x8x4_avxvnni/32/184/real_time",2883633,46.6275,46.5335,ns,,,"1x32x184",,,4,1,32,184,1,32,4,1,8
"dot/dot_uint8_int8_int32_1x32x4_1x8x4_avxvnni/32/368/real_time",1321474,108.008,107.8,ns,,,"1x32x368",,,4,1,32,368,1,32,4,1,8
"dot/dot_uint8_int8_int32_1x32x4_1x8x4_avxvnni/32/552/real_time",838907,166.766,166.432,ns,,,"1x32x552",,,4,1,32,552,1,32,4,1,8
"dot/dot_uint8_int8_int32_1x32x4_1x8x4_avxvnni/32/740/real_time",612548,228.639,228.199,ns,,,"1x32x740",,,4,1,32,740,1,32,4,1,8
"dot/dot_uint8_int8_int32_1x32x4_1x8x4_avxvnni/64/4/real_time",14521414,9.55335,9.53444,ns,,,"1x64x4",,,4,1,32,4,1,64,4,1,8
"dot/dot_uint8_int8_int32_1x32x4_1x8x4_avxvnni/64/92/real_time",3731435,37.5521,37.475,ns,,,"1x64x92",,,4,1,32,92,1,64,4,1,8
"dot/dot_uint8_int8_int32_1x32x4_1x8x4_avxvnni/64/184/real_time",1617744,86.5814,86.4278,ns,,,"1x64x184",,,4,1,32,184,1,64,4,1,8
"dot/dot_uint8_int8_int32_1x32x4_1x8x4_avxvnni/64/276/real_time",968340,144.585,144.287,ns,,,"1x64x276",,,4,1,32,276,1,64,4,1,8
"dot/dot_uint8_int8_int32_1x32x4_1x8x4_avxvnni/64/372/real_time",673901,207.703,207.293,ns,,,"1x64x372",,,4,1,32,372,1,64,4,1,8
"dot/dot_uint8_int8_int32_1x32x4_1x8x4_avxvnni/128/4/real_time",9546366,14.6734,14.6425,ns,,,"1x128x4",,,4,1,32,4,1,128,4,1,8
"dot/dot_uint8_int8_int32_1x32x4_1x8x4_avxvnni/128/44/real_time",4056134,34.5709,34.5029,ns,,,"1x128x44",,,4,1,32,44,1,128,4,1,8
"dot/dot_uint8_int8_int32_1x32x4_1x8x4_avxvnni/128/92/real_time",1981765,70.6327,70.4774,ns,,,"1x128x92",,,4,1,32,92,1,128,4,1,8
"dot/dot_uint8_int8_int32_1x32x4_1x8x4_avxvnni/128/136/real_time",1184423,118.474,118.199,ns,,,"1x128x136",,,4,1,32,136,1,128,4,1,8
"dot/dot_uint8_int8_int32_1x32x4_1x8x4_avxvnni/128/184/real_time",839125,166.899,166.569,ns,,,"1x128x184",,,4,1,32,184,1,128,4,1,8
"dot/dot_uint8_int8_int32_1x32x4_1x8x4_avxvnni/256/4/real_time",5696133,24.5653,24.5149,ns,,,"1x256x4",,,4,1,32,4,1,256,4,1,8
"dot/dot_uint8_int8_int32_1x32x4_1x8x4_avxvnni/256/20/real_time",3552779,39.3822,39.2854,ns,,,"1x256x20",,,4,1,32,20,1,256,4,1,8
"dot/dot_uint8_int8_int32_1x32x4_1x8x4_avxvnni/256/44/real_time",2167879,64.8292,64.7029,ns,,,"1x256x44",,,4,1,32,44,1,256,4,1,8
"dot/dot_uint8_int8_int32_1x32x4_1x8x4_avxvnni/256/64/real_time",1525118,91.8778,91.6988,ns,,,"1x256x64",,,4,1,32,64,1,256,4,1,8
"dot/dot_uint8_int8_int32_1x32x4_1x8x4_avxvnni/256/88/real_time",1076609,130.226,129.975,ns,,,"1x256x88",,,4,1,32,88,1,256,4,1,8
"dot/dot_uint8_int8_int32_2x32x4_1x8x4_avxvnni/32/4/real_time",15518868,9.02632,9.00715,ns,,,"2x32x4",,,4,2,32,4,2,32,4,1,8
"dot/dot_uint8_int8_int32_2x32x4_1x8x4_avxvnni/32/176/real_time",2344570,59.6239,59.5094,ns,,,"2x32x176",,,4,2,32,176,2,32,4,1,8
"dot/dot_uint8_int8_int32_2x32x4_1x8x4_avxvnni/32/356/real_time",1162754,122.479,122.245,ns,,,"2x32x356",,,4,2,32,356,2,32,4,1,8
"dot/dot_uint8_int8_int32_2x32x4_1x8x4_avxvnni/32/532/real_time",775389,180.53,180.196,ns,,,"2x32x532",,,4,2,32,532,2,32,4,1,8
"dot/dot_uint8_int8_int32_2x32x4_1x8x4_avxvnni/32/712/real_time",576467,241.766,241.31,ns,,,"2x32x712",,,4,2,32,712,2,32,4,1,8
"dot/dot_uint8_int8_int32_2x32x4_1x8x4_avxvnni/64/4/real_time",11183343,12.5224,12.5001,ns,,,"2x64x4",,,4,2,32,4,2,64,4,1,8
"dot/dot_uint8_int8_int32_2x32x4_1x8x4_avxvnni/64/88/real_time",2453698,57.0966,56.9948,ns,,,"2x64x88",,,4,2,32,88,2,64,4,1,8
"dot/dot_uint8_int8_int32_2x32x4_1x8x4_avxvnni/64/180/real_time",1173788,118.83,118.61,ns,,,"2x64x180",,,4,2,32,180,2,64,4,1,8
"dot/dot_uint8_int8_int32_2x32x4_1x8x4_avxvnni/64/272/real_time",774103,180.31,179.982,ns,,,"2x64x272",,,4,2,32,272,2,64,4,1,8
"dot/dot_uint8_int8_int32_2x32x4_1x8x4_avxvnni/64/364/real_time",576387,242.669,242.211,ns,,,"2x64x364",,,4,2,32,364,2,64,4,1,8
"dot/dot_uint8_int8_int32_2x32x4_1x8x4_avxvnni/128/4/real_time",7149509,19.8947,19.8568,ns,,,"2x128x4",,,4,2,32,4,2,128,4,1,8
"dot/dot_uint8_int8_int32_2x32x4_1x8x4_avxvnni/128/44/real_time",2575483,54.3551,54.2505,ns,,,"2x128x44",,,4,2,32,44,2,128,4,1,8
"dot/dot_uint8_int8_int32_2x32x4_1x8x4_avxvnni/128/88/real_time",1268061,110.371,110.165,ns,,,"2x128x88",,,4,2,32,88,2,128,4,1,8
"dot/dot_uint8_int8_int32_2x32x4_1x8x4_avxvnni/128/132/real_time",823705,170.763,170.443,ns,,,"2x128x132",,,4,2,32,132,2,128,4,1,8
"dot/dot_uint8_int8_int32_2x32x4_1x8x4_avxvnni/128/180/real_time",597168,234.465,234.02,ns,,,"2x128x180",,,4,2,32,180,2,128,4,1,8
"dot/dot_uint8_int8_int32_2x32x4_1x8x4_avxvnni/256/4/real_time",4186069,33.4062,33.341,ns,,,"2x256x4",,,4,2,32,4,2,256,4,1,8
"dot/dot_uint8_int8_int32_2x32x4_1x8x4_avxvnni/256/20/real_time",2370400,59.1858,59.0833,ns,,,"2x256x20",,,4,2,32,20,2,256,4,1,8
"dot/dot_uint8_int8_int32_2x32x4_1x8x4_avxvnni/256/40/real_time",1483061,94.4248,94.2517,ns,,,"2x256x40",,,4,2,32,40,2,256,4,1,8
"dot/dot_uint8_int8_int32_2x32x4_1x8x4_avxvnni/256/60/real_time",974558,143.432,143.161,ns,,,"2x256x60",,,4,2,32,60,2,256,4,1,8
"dot/dot_uint8_int8_int32_2x32x4_1x8x4_avxvnni/256/84/real_time",677908,206.504,206.1,ns,,,"2x256x84",,,4,2,32,84,2,256,4,1,8
"dot/dot_uint8_int8_int32_3x16x4_1x8x4_avxvnni/16/4/real_time",14334964,9.76277,9.74494,ns,,,"3x16x4",,,4,3,16,4,3,16,4,1,8
"dot/dot_uint8_int8_int32_3x16x4_1x8x4_avxvnni/16/320/real_time",1358412,103.157,102.96,ns,,,"3x16x320",,,4,3,16,320,3,16,4,1,8
"dot/dot_uint8_int8_int32_3x16x4_1x8x4_avxvnni/16/640/real_time",651657,215.938,215.549,ns,,,"3x16x640",,,4,3,16,640,3,16,4,1,8
"dot/dot_uint8_int8_int32_3x16x4_1x8x4_avxvnni/16/960/real_time",430656,324.602,324.02,ns,,,"3x16x960",,,4,3,16,960,3,16,4,1,8
"dot/dot_uint8_int8_int32_3x16x4_1x8x4_avxvnni/16/1280/real_time",323221,431.373,430.525,ns,,,"3x16x1280",,,4,3,16,1280,3,16,4,1,8
"dot/dot_uint8_int8_int32_3x16x4_1x8x4_avxvnni/32/4/real_time",10521325,13.4794,13.4551,ns,,,"3x32x4",,,4,3,16,4,3,32,4,1,8
"dot/dot_uint8_int8_int32_3x16x4_1x8x4_avxvnni/32/172/real_time",1356196,103.442,103.239,ns,,,"3x32x172",,,4,3,16,172,3,32,4,1,8
"dot/dot_uint8_int8_int32_3x16x4_1x8x4_avxvnni/32/344/real_time",636917,217.902,217.513,ns,,,"3x32x344",,,4,3,16,344,3,32,4,1,8
"dot/dot_uint8_int8_int32_3x16x4_1x8x4_avxvnni/32/516/real_time",421038,333.565,332.952,ns,,,"3x32x516",,,4,3,16,516,3,32,4,1,8
"dot/dot_uint8_int8_int32_3x16x4_1x8x4_avxvnni/32/688/real_time",307819,455.832,455.004,ns,,,"3x32x688",,,4,3,16,688,3,32,4,1,8
"dot/dot_uint8_int8_int32_3x16x4_1x8x4_avxvnni/64/4/real_time",6758301,20.7541,20.7156,ns,,,"3x64x4",,,4,3,16,4,3,64,4,1,8
"dot/dot_uint8_int8_int32_3x16x4_1x8x4_avxvnni/64/88/real_time",1554411,90.0567,89.8863,ns,,,"3x64x88",,,4,3,16,88,3,64,4,1,8
"dot/dot_uint8_int8_int32_3x16x4_1x8x4_avxvnni/64/176/real_time",680255,206.764,206.381,ns,,,"3x64x176",,,4,3,16,176,3,64,4,1,8
"dot/dot_uint8_int8_int32_3x16x4_1x8x4_avxvnni/64/264/real_time",418250,328.489,327.873,ns,,,"3x64x264",,,4,3,16,264,3,64,4,1,8
"dot/dot_uint8_int8_int32_3x16x4_1x8x4_avxvnni/64/352/real_time",308690,454.497,453.605,ns,,,"3x64x352",,,4,3,16,352,3,64,4,1,8
"dot/dot_uint8_int8_int32_3x16x4_1x8x4_avxvnni/128/4/real_time",3971920,35.2327,35.1671,ns,,,"3x128x4",,,4,3,16,4,3,128,4,1,8
"dot/dot_uint8_int8_int32_3x16x4_1x8x4_avxvnni/128/40/real_time",1671690,84.2546,84.0959,ns,,,"3x128x40",,,4,3,16,40,3,128,4,1,8
"dot/dot_uint8_int8_int32_3x16x4_1x8x4_avxvnni/128/84/real_time",849321,165.773,165.466,ns,,,"3x128x84",,,4,3,16,84,3,128,4,1,8
"dot/dot_uint8_int8_int32_3x16x4_1x8x4_avxvnni/128/128/real_time",488535,287.322,286.804,ns,,,"3x128x128",,,4,3,16,128,3,128,4,1,8
"dot/dot_uint8_int8_int32_3x16x4_1x8x4_avxvnni/128/172/real_time",348583,401.673,400.937,ns,,,"3x128x172",,,4,3,16,172,3,128,4,1,8
"dot/dot_uint8_int8_int32_4x16x4_1x8x4_avxvnni/16/4/real_time",12943304,10.8344,10.8129,ns,,,"4x16x4",,,4,4,16,4,4,16,4,1,8
"dot/dot_uint8_int8_int32_4x16x4_1x8x4_avxvnni/16/304/real_time",1318838,106.201,106.004,ns,,,"4x16x304",,,4,4,16,304,4,16,4,1,8
"dot/dot_uint8_int8_int32_4x16x4_1x8x4_avxvnni/16/608/real_time",667625,212.24,211.85,ns,,,"4x16x608",,,4,4,16,608,4,16,4,1,8
"dot/dot_uint8_int8_int32_4x16x4_1x8x4_avxvnni/16/912/real_time",449326,314.737,314.142,ns,,,"4x16x912",,,4,4,16,912,4,16,4,1,8
"dot/dot_uint8_int8_int32_4x16x4_1x8x4_avxvnni/16/1216/real_time",318380,445.34,444.329,ns,,,"4x16x1216",,,4,4,16,1216,4,16,4,1,8
"dot/dot_uint8_int8_int32_4x16x4_1x8x4_avxvnni/32/4/real_time",8883245,17.118,17.0841,ns,,,"4x32x4",,,4,4,16,4,4,32,4,1,8
"dot/dot_uint8_int8_int32_4x16x4_1x8x4_avxvnni/32/164/real_time",1227089,111.438,111.222,ns,,,"4x32x164",,,4,4,16,164,4,32,4,1,8
"dot/dot_uint8_int8_int32_4x16x4_1x8x4_avxvnni/32/332/real_time",622585,227.214,226.766,ns,,,"4x32x332",,,4,4,16,332,4,32,4,1,8
"dot/dot_uint8_int8_int32_4x16x4_1x8x4_avxvnni/32/500/real_time",409594,355.056,354.388,ns,,,"4x32x500",,,4,4,16,500,4,32,4,1,8
"dot/dot_uint8_int8_int32_4x16x4_1x8x4_avxvnni/32/668/real_time",297385,459.816,458.941,ns,,,"4x32x668",,,4,4,16,668,4,32,4,1,8
"dot/dot_uint8_int8_int32_4x16x4_1x8x4_avxvnni/64/4/real_time",5881767,23.8786,23.8354,ns,,,"4x64x4",,,4,4,16,4,4,64,4,1,8
"dot/dot_uint8_int8_int32_4x16x4_1x8x4_avxvnni/64/84/real_time",1265315,111.844,111.64,ns,,,"4x64x84",,,4,4,16,84,4,64,4,1,8
"dot/dot_uint8_int8_int32_4x16x4_1x8x4_avxvnni/64/172/real_time",604879,234.256,233.872,ns,,,"4x64x172",,,4,4,16,172,4,64,4,1,8
"dot/dot_uint8_int8_int32_4x16x4_1x8x4_avxvnni/64/256/real_time",397309,357.21,356.431,ns,,,"4x64x256",,,4,4,16,256,4,64,4,1,8
"dot/dot_uint8_int8_int32_4x16x4_1x8x4_avxvnni/64/344/real_time",292713,473.692,472.754,ns,,,"4x64x344",,,4,4,16,344,4,64,4,1,8
"dot/dot_uint8_int8_int32_4x16x4_1x8x4_avxvnni/128/4/real_time",3423413,40.9589,40.881,ns,,,"4x128x4",,,4,4,16,4,4,128,4,1,8
"dot/dot_uint8_int8_int32_4x16x4_1x8x4_avxvnni/128/40/real_time",1000000,100.615,100.411,ns,,,"4x128x40",,,4,4,16,40,4,128,4,1,8
"dot/dot_uint8_int8_int32_4x16x4_1x8x4_avxvnni/128/84/real_time",640652,218.433,218.018,ns,,,"4x128x84",,,4,4,16,84,4,128,4,1,8
"dot/dot_uint8_int8_int32_4x16x4_1x8x4_avxvnni/128/124/real_time",427485,329.23,328.567,ns,,,"4x128x124",,,4,4,16,124,4,128,4,1,8
"dot/dot_uint8_int8_int32_4x16x4_1x8x4_avxvnni/128/168/real_time",320070,444.921,444.084,ns,,,"4x128x168",,,4,4,16,168,4,128,4,1,8
"dot/dot_uint8_int8_int32_5x16x4_1x8x4_avxvnni/16/4/real_time",10865680,12.4315,12.4076,ns,,,"5x16x4",,,4,5,16,4,5,16,4,1,8
"dot/dot_uint8_int8_int32_5x16x4_1x8x4_avxvnni/16/288/real_time",1223554,115.151,114.923,ns,,,"5x16x288",,,4,5,16,288,5,16,4,1,8
"dot/dot_uint8_int8_int32_5x16x4_1x8x4_avxvnni/16/576/real_time",615820,220.801,220.336,ns,,,"5x16x576",,,4,5,16,576,5,16,4,1,8
"dot/dot_uint8_int8_int32_5x16x4_1x8x4_avxvnni/16/864/real_time",413546,338.08,337.509,ns,,,"5x16x864",,,4,5,16,864,5,16,4,1,8
"dot/dot_uint8_int8_int32_5x16x4_1x8x4_avxvnni/16/1152/real_time",317433,443.348,442.543,ns,,,"5x16x1152",,,4,5,16,1152,5,16,4,1,8
"dot/dot_uint8_int8_int32_5x16x4_1x8x4_avxvnni/32/4/real_time",7976718,17.6178,17.5839,ns,,,"5x32x4",,,4,5,16,4,5,32,4,1,8
"dot/dot_uint8_int8_int32_5x16x4_1x8x4_avxvnni/32/160/real_time",1107661,125.657,125.42,ns,,,"5x32x160",,,4,5,16,160,5,32,4,1,8
"dot/dot_uint8_int8_int32_5x16x4_1x8x4_avxvnni/32/320/real_time",570786,245.493,245.049,ns,,,"5x32x320",,,4,5,16,320,5,32,4,1,8
"dot/dot_uint8_int8_int32_5x16x4_1x8x4_avxvnni/32/480/real_time",383338,365.348,364.658,ns,,,"5x32x480",,,4,5,16,480,5,32,4,1,8
"dot/dot_uint8_int8_int32_5x16x4_1x8x4_avxvnni/32/644/real_time",287507,485.081,484.186,ns,,,"5x32x644",,,4,5,16,644,5,32,4,1,8
"dot/dot_uint8_int8_int32_5x16x4_1x8x4_avxvnni/64/4/real_time",5109767,27.4205,27.3712,ns,,,"5x64x4",,,4,5,16,4,5,64,4,1,8
"dot/dot_uint8_int8_int32_5x16x4_1x8x4_avxvnni/64/84/real_time",1101849,129.995,129.766,ns,,,"5x64x84",,,4,5,16,84,5,64,4,1,8
"dot/dot_uint8_int8_int32_5x16x4_1x8x4_avxvnni/64/168/real_time",557643,252.468,251.994,ns,,,"5x64x168",,,4,5,16,168,5,64,4,1,8
"dot/dot_uint8_int8_int32_5x16x4_1x8x4_avxvnni/64/252/real_time",370229,378.144,377.406,ns,,,"5x64x252",,,4,5,16,252,5,64,4,1,8
"dot/dot_uint8_int8_int32_5x16x4_1x8x4_avxvnni/64/336/real_time",277924,507.061,506.095,ns,,,"5x64x336",,,4,5,16,336,5,64,4,1,8
"dot/dot_uint8_int8_int32_5x16x4_1x8x4_avxvnni/128/4/real_time",2951064,47.3771,47.2902,ns,,,"5x128x4",,,4,5,16,4,5,128,4,1,8
"dot/dot_uint8_int8_int32_5x16x4_1x8x4_avxvnni/128/40/real_time",1168864,119.584,119.339,ns,,,"5x128x40",,,4,5,16,40,5,128,4,1,8
"dot/dot_uint8_int8_int32_5x16x4_1x8x4_avxvnni/128/80/real_time",591979,238.334,237.876,ns,,,"5x128x80",,,4,5,16,80,5,128,4,1,8
"dot/dot_uint8_int8_int32_5x16x4_1x8x4_avxvnni/128/120/real_time",385245,356.411,355.744,ns,,,"5x128x120",,,4,5,16,120,5,128,4,1,8
"dot/dot_uint8_int8_int32_5x16x4_1x8x4_avxvnni/128/164/real_time",291152,485.828,484.932,ns,,,"5x128x164",,,4,5,16,164,5,128,4,1,8
"dot/dot_uint8_int8_int32_6x16x4_1x8x4_avxvnni/16/4/real_time",10494930,13.3639,13.3393,ns,,,"6x16x4",,,4,6,16,4,6,16,4,1,8
"dot/dot_uint8_int8_int32_6x16x4_1x8x4_avxvnni/16/272/real_time",1170813,119.247,119.033,ns,,,"6x16x272",,,4,6,16,272,6,16,4,1,8
"dot/dot_uint8_int8_int32_6x16x4_1x8x4_avxvnni/16/548/real_time",614684,227.714,227.303,ns,,,"6x16x548",,,4,6,16,548,6,16,4,1,8
"dot/dot_uint8_int8_int32_6x16x4_1x8x4_avxvnni/16/820/real_time",415003,337.082,336.427,ns,,,"6x16x820",,,4,6,16,820,6,16,4,1,8
"dot/dot_uint8_int8_int32_6x16x4_1x8x4_avxvnni/16/1096/real_time",313526,446.667,445.805,ns,,,"6x16x1096",,,4,6,16,1096,6,16,4,1,8
"dot/dot_uint8_int8_int32_6x16x4_1x8x4_avxvnni/32/4/real_time",7511520,18.7239,18.6861,ns,,,"6x32x4",,,4,6,16,4,6,32,4,1,8
"dot/dot_uint8_int8_int32_6x16x4_1x8x4_avxvnni/32/156/real_time",1039727,134.756,134.517,ns,,,"6x32x156",,,4,6,16,156,6,32,4,1,8
"dot/dot_uint8_int8_int32_6x16x4_1x8x4_avxvnni/32/312/real_time",541953,258.374,257.898,ns,,,"6x32x312",,,4,6,16,312,6,32,4,1,8
"dot/dot_uint8_int8_int32_6x16x4_1x8x4_avxvnni/32/468/real_time",366218,382.266,381.568,ns,,,"6x32x468",,,4,6,16,468,6,32,4,1,8
"dot/dot_uint8_int8_int32_6x16x4_1x8x4_avxvnni/32/624/real_time",275186,508.875,507.914,ns,,,"6x32x624",,,4,6,16,624,6,32,4,1,8
"dot/dot_uint8_int8_int32_6x16x4_1x8x4_avxvnni/64/4/real_time",4741833,29.5939,29.5394,ns,,,"6x64x4",,,4,6,16,4,6,64,4,1,8
"dot/dot_uint8_int8_int32_6x16x4_1x8x4_avxvnni/64/80/real_time",895845,137.138,136.87,ns,,,"6x64x80",,,4,6,16,80,6,64,4,1,8
"dot/dot_uint8_int8_int32_6x16x4_1x8x4_avxvnni/64/164/real_time",517151,270.708,270.233,ns,,,"6x64x164",,,4,6,16,164,6,64,4,1,8
"dot/dot_uint8_int8_int32_6x16x4_1x8x4_avxvnni/64/244/real_time",351226,398.459,397.709,ns,,,"6x64x244",,,4,6,16,244,6,64,4,1,8
"dot/dot_uint8_int8_int32_6x16x4_1x8x4_avxvnni/64/328/real_time",261715,544.859,543.787,ns,,,"6x64x328",,,4,6,16,328,6,64,4,1,8
"dot/dot_uint8_int8_int32_6x16x4_1x8x4_avxvnni/128/4/real_time",2720858,51.4405,51.3438,ns,,,"6x128x4",,,4,6,16,4,6,128,4,1,8
"dot/dot_uint8_int8_int32_6x16x4_1x8x4_avxvnni/128/40/real_time",1026046,136.352,136.07,ns,,,"6x128x40",,,4,6,16,40,6,128,4,1,8
"dot/dot_uint8_int8_int32_6x16x4_1x8x4_avxvnni/128/80/real_time",530598,263.662,263.161,ns,,,"6x128x80",,,4,6,16,80,6,128,4,1,8
"dot/dot_uint8_int8_int32_6x16x4_1x8x4_avxvnni/128/120/real_time",354389,394.978,394.17,ns,,,"6x128x120",,,4,6,16,120,6,128,4,1,8
"dot/dot_uint8_int8_int32_6x16x4_1x8x4_avxvnni/128/160/real_time",267826,522.719,521.779,ns,,,"6x128x160",,,4,6,16,160,6,128,4,1,8
"dot/dot_uint8_int8_int32_8x8x4_1x8x4_avxvnni/8/4/real_time",11679499,11.9469,11.9257,ns,,,"8x8x4",,,4,8,8,4,8,8,4,1,8
"dot/dot_uint8_int8_int32_8x8x4_1x8x4_avxvnni/8/380/real_time",968843,144.135,143.854,ns,,,"8x8x380",,,4,8,8,380,8,8,4,1,8
"dot/dot_uint8_int8_int32_8x8x4_1x8x4_avxvnni/8/760/real_time",480157,291.517,290.984,ns,,,"8x8x760",,,4,8,8,760,8,8,4,1,8
"dot/dot_uint8_int8_int32_8x8x4_1x8x4_avxvnni/8/1140/real_time",318404,441.538,440.706,ns,,,"8x8x1140",,,4,8,8,1140,8,8,4,1,8
"dot/dot_uint8_int8_int32_8x8x4_1x8x4_avxvnni/8/1520/real_time",238536,591.034,589.858,ns,,,"8x8x1520",,,4,8,8,1520,8,8,4,1,8
"dot/dot_uint8_int8_int32_8x8x4_1x8x4_avxvnni/16/4/real_time",8922307,15.6682,15.637,ns,,,"8x16x4",,,4,8,8,4,8,16,4,1,8
"dot/dot_uint8_int8_int32_8x8x4_1x8x4_avxvnni/16/248/real_time",765479,182.87,182.518,ns,,,"8x16x248",,,4,8,8,248,8,16,4,1,8
"dot/dot_uint8_int8_int32_8x8x4_1x8x4_avxvnni/16/500/real_time",372649,382.772,382.053,ns,,,"8x16x500",,,4,8,8,500,8,16,4,1,8
"dot/dot_uint8_int8_int32_8x8x4_1x8x4_avxvnni/16/748/real_time",245498,567.932,566.855,ns,,,"8x16x748",,,4,8,8,748,8,16,4,1,8
"dot/dot_uint8_int8_int32_8x8x4_1x8x4_avxvnni/16/1000/real_time",181988,778.928,777.479,ns,,,"8x16x1000",,,4,8,8,1000,8,16,4,1,8
"dot/dot_uint8_int8_int32_8x8x4_1x8x4_avxvnni/32/4/real_time",6059504,23.165,23.1222,ns,,,"8x32x4",,,4,8,8,4,8,32,4,1,8
"dot/dot_uint8_int8_int32_8x8x4_1x8x4_avxvnni/32/144/real_time",689656,202.702,202.338,ns,,,"8x32x144",,,4,8,8,144,8,32,4,1,8
"dot/dot_uint8_int8_int32_8x8x4_1x8x4_avxvnni/32/292/real_time",324501,429.857,429.069,ns,,,"8x32x292",,,4,8,8,292,8,32,4,1,8
"dot/dot_uint8_int8_int32_8x8x4_1x8x4_avxvnni/32/440/real_time",212922,658.6,657.385,ns,,,"8x32x440",,,4,8,8,440,8,32,4,1,8
"dot/dot_uint8_int8_int32_8x8x4_1x8x4_avxvnni/32/588/real_time",158057,884.656,882.952,ns,,,"8x32x588",,,4,8,8,588,8,32,4,1,8
"dot/dot_uint8_int8_int32_8x8x4_1x8x4_avxvnni/64/4/real_time",3646063,38.2821,38.2151,ns,,,"8x64x4",,,4,8,8,4,8,64,4,1,8
"dot/dot_uint8_int8_int32_8x8x4_1x8x4_avxvnni/64/76/real_time",686558,208.902,208.492,ns,,,"8x64x76",,,4,8,8,76,8,64,4,1,8
"dot/dot_uint8_int8_int32_8x8x4_1x8x4_avxvnni/64/156/real_time",317840,439.422,438.586,ns,,,"8x64x156",,,4,8,8,156,8,64,4,1,8
"dot/dot_uint8_int8_int32_8x8x4_1x8x4_avxvnni/64/232/real_time",208933,671.657,670.384,ns,,,"8x64x232",,,4,8,8,232,8,64,4,1,8
"dot/dot_uint8_int8_int32_8x8x4_1x8x4_avxvnni/64/312/real_time",152876,912.603,911.01,ns,,,"8x64x312",,,4,8,8,312,8,64,4,1,8
"dot/dot_bf16_bf16_fp32_1x64x2_1x16x2_avx512bf16/64/2/real_time",16529531,8.46673,8.45123,ns,,,"1x64x2",,,2,1,64,2,1,64,2,1,16
"dot/dot_bf16_bf16_fp32_1x64x2_1x16x2_avx512bf16/64/46/real_time",2494395,56.7877,56.6698,ns,,,"1x64x46",,,2,1,64,46,1,64,2,1,16
"dot/dot_bf16_bf16_fp32_1x64x2_1x16x2_avx512bf16/64/92/real_time",1306371,106.978,106.762,ns,,,"1x64x92",,,2,1,64,92,1,64,2,1,16
"dot/dot_bf16_bf16_fp32_1x64x2_1x16x2_avx512bf16/64/138/real_time",872982,160.379,160.036,ns,,,"1x64x138",,,2,1,64,138,1,64,2,1,16
"dot/dot_bf16_bf16_fp32_1x64x2_1x16x2_avx512bf16/64/186/real_time",648386,215.988,215.549,ns,,,"1x64x186",,,2,1,64,186,1,64,2,1,16
"dot/dot_bf16_bf16_fp32_1x64x2_1x16x2_avx512bf16/128/2/real_time",11991266,11.6705,11.6476,ns,,,"1x128x2",,,2,1,64,2,1,128,2,1,16
"dot/dot_bf16_bf16_fp32_1x64x2_1x16x2_avx512bf16/128/22/real_time",2570463,54.4747,54.365,ns,,,"1x128x22",,,2,1,64,22,1,128,2,1,16
"dot/dot_bf16_bf16_fp32_1x64x2_1x16x2_avx512bf16/128/46/real_time",1309876,106.919,106.712,ns,,,"1x128x46",,,2,1,64,46,1,128,2,1,16
"dot/dot_bf16_bf16_fp32_1x64x2_1x16x2_avx512bf16/128/68/real_time",887018,157.823,157.517,ns,,,"1x128x68",,,2,1,64,68,1,128,2,1,16
"dot/dot_bf16_bf16_fp32_1x64x2_1x16x2_avx512bf16/128/92/real_time",655871,213.578,213.139,ns,,,"1x128x92",,,2,1,64,92,1,128,2,1,16
"dot/dot_bf16_bf16_fp32_1x64x2_1x16x2_avx512bf16/256/2/real_time",7656477,18.2957,18.2594,ns,,,"1x256x2",,,2,1,64,2,1,256,2,1,16
"dot/dot_bf16_bf16_fp32_1x64x2_1x16x2_avx512bf16/256/10/real_time",2678310,52.2759,52.1707,ns,,,"1x256x10",,,2,1,64,10,1,256,2,1,16
"dot/dot_bf16_bf16_fp32_1x64x2_1x16x2_avx512bf16/256/22/real_time",1227287,114.149,113.909,ns,,,"1x256x22",,,2,1,64,22,1,256,2,1,16
"dot/dot_bf16_bf16_fp32_1x64x2_1x16x2_avx512bf16/256/32/real_time",841250,166.48,166.106,ns,,,"1x256x32",,,2,1,64,32,1,256,2,1,16
"dot/dot_bf16_bf16_fp32_1x64x2_1x16x2_avx512bf16/256/44/real_time",610176,229.307,228.839,ns,,,"1x256x44",,,2,1,64,44,1,256,2,1,16
"dot/dot_bf16_bf16_fp32_1x64x2_1x16x2_avx512bf16/512/2/real_time",3939929,35.7304,35.6514,ns,,,"1x512x2",,,2,1,64,2,1,512,2,1,16
"dot/dot_bf16_bf16_fp32_1x64x2_1x16x2_avx512bf16/512/4/real_time",3123251,44.8581,44.7717,ns,,,"1x512x4",,,2,1,64,4,1,512,2,1,16
"dot/dot_bf16_bf16_fp32_1x64x2_1x16x2_avx512bf16/512/10/real_time",1349851,103.531,103.316,ns,,,"1x512x10",,,2,1,64,10,1,512,2,1,16
"dot/dot_bf16_bf16_fp32_1x64x2_1x16x2_avx512bf16/512/14/real_time",951846,148.387,148.081,ns,,,"1x512x14",,,2,1,64,14,1,512,2,1,16
"dot/dot_bf16_bf16_fp32_1x64x2_1x16x2_avx512bf16/512/20/real_time",676457,210.839,210.391,ns,,,"1x512x20",,,2,1,64,20,1,512,2,1,16
"dot/dot_bf16_bf16_fp32_2x64x2_1x16x2_avx512bf16/64/2/real_time",11649186,12.0504,12.0238,ns,,,"2x64x2",,,2,2,64,2,2,64,2,1,16
"dot/dot_bf16_bf16_fp32_2x64x2_1x16x2_avx512bf16/64/44/real_time",1246248,113.534,113.284,ns,,,"2x64x44",,,2,2,64,44,2,64,2,1,16
"dot/dot_bf16_bf16_fp32_2x64x2_1x16x2_avx512bf16/64/90/real_time",608032,230.107,229.645,ns,,,"2x64x90",,,2,2,64,90,2,64,2,1,16
"dot/dot_bf16_bf16_fp32_2x64x2_1x16x2_avx512bf16/64/136/real_time",398081,350.786,350.057,ns,,,"2x64x136",,,2,2,64,136,2,64,2,1,16
"dot/dot_bf16_bf16_fp32_2x64x2_1x16x2_avx512bf16/64/182/real_time",300991,464.681,463.765,ns,,,"2x64x182",,,2,2,64,182,2,64,2,1,16
"dot/dot_bf16_bf16_fp32_2x64x2_1x16x2_avx512bf16/128/2/real_time",8068756,17.3126,17.276,ns,,,"2x128x2",,,2,2,64,2,2,128,2,1,16
"dot/dot_bf16_bf16_fp32_2x64x2_1x16x2_avx512bf16/128/22/real_time",1256628,111.342,111.093,ns,,,"2x128x22",,,2,2,64,22,2,128,2,1,16
"dot/dot_bf16_bf16_fp32_2x64x2_1x16x2_avx512bf16/128/44/real_time",629738,224.602,224.108,ns,,,"2x128x44",,,2,2,64,44,2,128,2,1,16
"dot/dot_bf16_bf16_fp32_2x64x2_1x16x2_avx512bf16/128/66/real_time",419891,333.328,332.62,ns,,,"2x128x66",,,2,2,64,66,2,128,2,1,16
"dot/dot_bf16_bf16_fp32_2x64x2_1x16x2_avx512bf16/128/90/real_time",308338,453.832,452.914,ns,,,"2x128x90",,,2,2,64,90,2,128,2,1,16
"dot/dot_bf16_bf16_fp32_2x64x2_1x16x2_avx512bf16/256/2/real_time",5032628,27.8492,27.7893,ns,,,"2x256x2",,,2,2,64,2,2,256,2,1,16
"dot/dot_bf16_bf16_fp32_2x64x2_1x16x2_avx512bf16/256/10/real_time",1382218,101.38,101.159,ns,,,"2x256x10",,,2,2,64,10,2,256,2,1,16
"dot/dot_bf16_bf16_fp32_2x64x2_1x16x2_avx512bf16/256/20/real_time",699384,179.811,179.431,ns,,,"2x256x20",,,2,2,64,20,2,256,2,1,16
"dot/dot_bf16_bf16_fp32_2x64x2_1x16x2_avx512bf16/256/30/real_time",519483,269.813,269.244,ns,,,"2x256x30",,,2,2,64,30,2,256,2,1,16
"dot/dot_bf16_bf16_fp32_2x64x2_1x16x2_avx512bf16/256/42/real_time",371415,377.016,376.261,ns,,,"2x256x42",,,2,2,64,42,2,256,2,1,16
"dot/dot_bf16_bf16_fp32_2x64x2_1x16x2_avx512bf16/512/2/real_time",2865737,48.7865,48.6748,ns,,,"2x512x2",,,2,2,64,2,2,512,2,1,16
"dot/dot_bf16_bf16_fp32_2x64x2_1x16x2_avx512bf16/512/4/real_time",1747910,80.1842,79.9933,ns,,,"2x512x4",,,2,2,64,4,2,512,2,1,16
"dot/dot_bf16_bf16_fp32_2x64x2_1x16x2_avx512bf16/512/8/real_time",858962,163.254,162.877,ns,,,"2x512x8",,,2,2,64,8,2,512,2,1,16
"dot/dot_bf16_bf16_fp32_2x64x2_1x16x2_avx512bf16/512/12/real_time",580181,241.593,240.968,ns,,,"2x512x12",,,2,2,64,12,2,512,2,1,16
"dot/dot_bf16_bf16_fp32_2x64x2_1x16x2_avx512bf16/512/18/real_time",385096,363.358,362.464,ns,,,"2x512x18",,,2,2,64,18,2,512,2,1,16
"dot/dot_bf16_bf16_fp32_3x64x2_1x16x2_avx512bf16/64/2/real_time",9561192,14.6353,14.6023,ns,,,"3x64x2",,,2,3,64,2,3,64,2,1,16
"dot/dot_bf16_bf16_fp32_3x64x2_1x16x2_avx512bf16/64/44/real_time",863922,162.106,161.733,ns,,,"3x64x44",,,2,3,64,44,3,64,2,1,16
"dot/dot_bf16_bf16_fp32_3x64x2_1x16x2_avx512bf16/64/88/real_time",433732,331.616,330.874,ns,,,"3x64x88",,,2,3,64,88,3,64,2,1,16
"dot/dot_bf16_bf16_fp32_3x64x2_1x16x2_avx512bf16/64/132/real_time",289467,483.559,482.388,ns,,,"3x64x132",,,2,3,64,132,3,64,2,1,16
"dot/dot_bf16_bf16_fp32_3x64x2_1x16x2_avx512bf16/64/176/real_time",217271,584.989,583.221,ns,,,"3x64x176",,,2,3,64,176,3,64,2,1,16
"dot/dot_bf16_bf16_fp32_3x64x2_1x16x2_avx512bf16/128/2/real_time",6453333,21.704,21.6529,ns,,,"3x128x2",,,2,3,64,2,3,128,2,1,16
"dot/dot_bf16_bf16_fp32_3x64x2_1x16x2_avx512bf16/128/20/real_time",948963,147.488,147.144,ns,,,"3x128x20",,,2,3,64,20,3,128,2,1,16
"dot/dot_bf16_bf16_fp32_3x64x2_1x16x2_avx512bf16/128/42/real_time",454529,308.12,307.42,ns,,,"3x128x42",,,2,3,64,42,3,128,2,1,16
"dot/dot_bf16_bf16_fp32_3x64x2_1x16x2_avx512bf16/128/64/real_time",298565,468.875,467.862,ns,,,"3x128x64",,,2,3,64,64,3,128,2,1,16
"dot/dot_bf16_bf16_fp32_3x64x2_1x16x2_avx512bf16/128/86/real_time",222358,629.666,628.183,ns,,,"3x128x86",,,2,3,64,86,3,128,2,1,16
"dot/dot_bf16_bf16_fp32_3x64x2_1x16x2_avx512bf16/256/2/real_time",3892282,36.9073,36.8211,ns,,,"3x256x2",,,2,3,64,2,3,256,2,1,16
"dot/dot_bf16_bf16_fp32_3x64x2_1x16x2_avx512bf16/256/10/real_time",949583,147.49,147.161,ns,,,"3x256x10",,,2,3,64,10,3,256,2,1,16
"dot/dot_bf16_bf16_fp32_3x64x2_1x16x2_avx512bf16/256/20/real_time",476914,293.431,292.823,ns,,,"3x256x20",,,2,3,64,20,3,256,2,1,16
"dot/dot_bf16_bf16_fp32_3x64x2_1x16x2_avx512bf16/256/30/real_time",318400,443.035,442.047,ns,,,"3x256x30",,,2,3,64,30,3,256,2,1,16
"dot/dot_bf16_bf16_fp32_3x64x2_1x16x2_avx512bf16/256/40/real_time",238975,585.829,584.57,ns,,,"3x256x40",,,2,3,64,40,3,256,2,1,16
"dot/dot_bf16_bf16_fp32_3x64x2_1x16x2_avx512bf16/512/2/real_time",2169235,64.5913,64.4576,ns,,,"3x512x2",,,2,3,64,2,3,512,2,1,16
"dot/dot_bf16_bf16_fp32_3x64x2_1x16x2_avx512bf16/512/4/real_time",1185990,118.533,118.287,ns,,,"3x512x4",,,2,3,64,4,3,512,2,1,16
"dot/dot_bf16_bf16_fp32_3x64x2_1x16x2_avx512bf16/512/8/real_time",597126,235.039,234.527,ns,,,"3x512x8",,,2,3,64,8,3,512,2,1,16
"dot/dot_bf16_bf16_fp32_3x64x2_1x16x2_avx512bf16/512/12/real_time",398911,351.812,351.058,ns,,,"3x512x12",,,2,3,64,12,3,512,2,1,16
"dot/dot_bf16_bf16_fp32_3x64x2_1x16x2_avx512bf16/512/16/real_time",299140,468.796,467.884,ns,,,"3x512x16",,,2,3,64,16,3,512,2,1,16
"dot/dot_bf16_bf16_fp32_4x64x2_1x16x2_avx512bf16/64/2/real_time",8247251,16.884,16.8463,ns,,,"4x64x2",,,2,4,64,2,4,64,2,1,16
"dot/dot_bf16_bf16_fp32_4x64x2_1x16x2_avx512bf16/64/42/real_time",675967,207.249,206.797,ns,,,"4x64x42",,,2,4,64,42,4,64,2,1,16
"dot/dot_bf16_bf16_fp32_4x64x2_1x16x2_avx512bf16/64/86/real_time",351430,375.305,374.603,ns,,,"4x64x86",,,2,4,64,86,4,64,2,1,16
"dot/dot_bf16_bf16_fp32_4x64x2_1x16x2_avx512bf16/64/128/real_time",250836,562.034,560.848,ns,,,"4x64x128",,,2,4,64,128,4,64,2,1,16
"dot/dot_bf16_bf16_fp32_4x64x2_1x16x2_avx512bf16/64/172/real_time",186979,760.63,758.996,ns,,,"4x64x172",,,2,4,64,172,4,64,2,1,16
"dot/dot_bf16_bf16_fp32_4x64x2_1x16x2_avx512bf16/128/2/real_time",5432176,25.6614,25.6036,ns,,,"4x128x2",,,2,4,64,2,4,128,2,1,16
"dot/dot_bf16_bf16_fp32_4x64x2_1x16x2_avx512bf16/128/20/real_time",709888,197.25,196.835,ns,,,"4x128x20",,,2,4,64,20,4,128,2,1,16
"dot/dot_bf16_bf16_fp32_4x64x2_1x16x2_avx512bf16/128/42/real_time",340450,411.218,410.36,ns,,,"4x128x42",,,2,4,64,42,4,128,2,1,16
"dot/dot_bf16_bf16_fp32_4x64x2_1x16x2_avx512bf16/128/62/real_time",230987,606.175,604.93,ns,,,"4x128x62",,,2,4,64,62,4,128,2,1,16
"dot/dot_bf16_bf16_fp32_4x64x2_1x16x2_avx512bf16/128/84/real_time",170657,820.538,818.726,ns,,,"4x128x84",,,2,4,64,84,4,128,2,1,16
"dot/dot_bf16_bf16_fp32_4x64x2_1x16x2_avx512bf16/256/2/real_time",3212354,43.3426,43.2514,ns,,,"4x256x2",,,2,4,64,2,4,256,2,1,16
"dot/dot_bf16_bf16_fp32_4x64x2_1x16x2_avx512bf16/256/8/real_time",874622,159.77,159.447,ns,,,"4x256x8",,,2,4,64,8,4,256,2,1,16
"dot/dot_bf16_bf16_fp32_4x64x2_1x16x2_avx512bf16/256/18/real_time",445199,314.593,313.931,ns,,,"4x256x18",,,2,4,64,18,4,256,2,1,16
"dot/dot_bf16_bf16_fp32_4x64x2_1x16x2_avx512bf16/256/28/real_time",286353,488.747,487.735,ns,,,"4x256x28",,,2,4,64,28,4,256,2,1,16
"dot/dot_bf16_bf16_fp32_4x64x2_1x16x2_avx512bf16/256/38/real_time",211459,661.755,660.444,ns,,,"4x256x38",,,2,4,64,38,4,256,2,1,16
"dot/dot_bf16_bf16_fp32_4x64x2_1x16x2_avx512bf16/512/2/real_time",1700773,82.3478,82.1662,ns,,,"4x512x2",,,2,4,64,2,4,512,2,1,16
"dot/dot_bf16_bf16_fp32_4x64x2_1x16x2_avx512bf16/512/6/real_time",592087,236.383,235.894,ns,,,"4x512x6",,,2,4,64,6,4,512,2,1,16
"dot/dot_bf16_bf16_fp32_4x64x2_1x16x2_avx512bf16/512/10/real_time",357326,392.08,391.282,ns,,,"4x512x10",,,2,4,64,10,4,512,2,1,16
"dot/dot_bf16_bf16_fp32_4x64x2_1x16x2_avx512bf16/512/14/real_time",240308,547.757,546.578,ns,,,"4x512x14",,,2,4,64,14,4,512,2,1,16
"dot/dot_bf16_bf16_fp32_5x64x2_1x16x2_avx512bf16/64/2/real_time",7049282,19.7883,19.7453,ns,,,"5x64x2",,,2,5,64,2,5,64,2,1,16
"dot/dot_bf16_bf16_fp32_5x64x2_1x16x2_avx512bf16/64/42/real_time",537692,260.204,259.633,ns,,,"5x64x42",,,2,5,64,42,5,64,2,1,16
"dot/dot_bf16_bf16_fp32_5x64x2_1x16x2_avx512bf16/64/84/real_time",254078,515.497,514.364,ns,,,"5x64x84",,,2,5,64,84,5,64,2,1,16
"dot/dot_bf16_bf16_fp32_5x64x2_1x16x2_avx512bf16/64/126/real_time",181605,783.65,781.77,ns,,,"5x64x126",,,2,5,64,126,5,64,2,1,16
"dot/dot_bf16_bf16_fp32_5x64x2_1x16x2_avx512bf16/64/168/real_time",136225,1026.89,1024.68,ns,,,"5x64x168",,,2,5,64,168,5,64,2,1,16
"dot/dot_bf16_bf16_fp32_5x64x2_1x16x2_avx512bf16/128/2/real_time",4516104,30.9783,30.9141,ns,,,"5x128x2",,,2,5,64,2,5,128,2,1,16
"dot/dot_bf16_bf16_fp32_5x64x2_1x16x2_avx512bf16/128/20/real_time",564183,248.04,247.515,ns,,,"5x128x20",,,2,5,64,20,5,128,2,1,16
"dot/dot_bf16_bf16_fp32_5x64x2_1x16x2_avx512bf16/128/40/real_time",271135,491.365,490.243,ns,,,"5x128x40",,,2,5,64,40,5,128,2,1,16
"dot/dot_bf16_bf16_fp32_5x64x2_1x16x2_avx512bf16/128/60/real_time",190517,731.815,730.231,ns,,,"5x128x60",,,2,5,64,60,5,128,2,1,16
"dot/dot_bf16_bf16_fp32_5x64x2_1x16x2_avx512bf16/128/82/real_time",156561,893.748,891.89,ns,,,"5x128x82",,,2,5,64,82,5,128,2,1,16
"dot/dot_bf16_bf16_fp32_5x64x2_1x16x2_avx512bf16/256/2/real_time",2538488,55.2102,55.0852,ns,,,"5x256x2",,,2,5,64,2,5,256,2,1,16
"dot/dot_bf16_bf16_fp32_5x64x2_1x16x2_avx512bf16/256/8/real_time",702950,199.028,198.613,ns,,,"5x256x8",,,2,5,64,8,5,256,2,1,16
"dot/dot_bf16_bf16_fp32_5x64x2_1x16x2_avx512bf16/256/18/real_time",317116,442.535,441.533,ns,,,"5x256x18",,,2,5,64,18,5,256,2,1,16
"dot/dot_bf16_bf16_fp32_5x64x2_1x16x2_avx512bf16/256/26/real_time",219794,746.152,744.179,ns,,,"5x256x26",,,2,5,64,26,5,256,2,1,16
"dot/dot_bf16_bf16_fp32_5x64x2_1x16x2_avx512bf16/256/36/real_time",100000,1020.27,1017.34,ns,,,"5x256x36",,,2,5,64,36,5,256,2,1,16
"dot/dot_bf16_bf16_fp32_5x64x2_1x16x2_avx512bf16/512/2/real_time",1143249,110.5,110.27,ns,,,"5x512x2",,,2,5,64,2,5,512,2,1,16
"dot/dot_bf16_bf16_fp32_5x64x2_1x16x2_avx512bf16/512/6/real_time",472647,296.693,296.024,ns,,,"5x512x6",,,2,5,64,6,5,512,2,1,16
"dot/dot_bf16_bf16_fp32_5x64x2_1x16x2_avx512bf16/512/8/real_time",355237,394.005,393.014,ns,,,"5x512x8",,,2,5,64,8,5,512,2,1,16
"dot/dot_bf16_bf16_fp32_5x64x2_1x16x2_avx512bf16/512/12/real_time",237899,588.753,587.439,ns,,,"5x512x12",,,2,5,64,12,5,512,2,1,16
"dot/dot_bf16_bf16_fp32_2x32x2_1x16x2_avx512bf16/32/2/real_time",13380458,10.4539,10.432,ns,,,"2x32x2",,,2,2,32,2,2,32,2,1,16
"dot/dot_bf16_bf16_fp32_2x32x2_1x16x2_avx512bf16/32/88/real_time",1194500,118.313,118.061,ns,,,"2x32x88",,,2,2,32,88,2,32,2,1,16
"dot/dot_bf16_bf16_fp32_2x32x2_1x16x2_avx512bf16/32/178/real_time",601760,231.643,231.142,ns,,,"2x32x178",,,2,2,32,178,2,32,2,1,16
"dot/dot_bf16_bf16_fp32_2x32x2_1x16x2_avx512bf16/32/266/real_time",407594,344.898,344.134,ns,,,"2x32x266",,,2,2,32,266,2,32,2,1,16
"dot/dot_bf16_bf16_fp32_2x32x2_1x16x2_avx512bf16/32/356/real_time",304102,463.809,462.789,ns,,,"2x32x356",,,2,2,32,356,2,32,2,1,16
"dot/dot_bf16_bf16_fp32_2x32x2_1x16x2_avx512bf16/64/2/real_time",9752108,12.8877,12.86,ns,,,"2x64x2",,,2,2,32,2,2,64,2,1,16
"dot/dot_bf16_bf16_fp32_2x32x2_1x16x2_avx512bf16/64/44/real_time",1371206,102.39,102.18,ns,,,"2x64x44",,,2,2,32,44,2,64,2,1,16
"dot/dot_bf16_bf16_fp32_2x32x2_1x16x2_avx512bf16/64/90/real_time",672072,208.105,207.649,ns,,,"2x64x90",,,2,2,32,90,2,64,2,1,16
"dot/dot_bf16_bf16_fp32_2x32x2_1x16x2_avx512bf16/64/136/real_time",446093,316.514,315.859,ns,,,"2x64x136",,,2,2,32,136,2,64,2,1,16
"dot/dot_bf16_bf16_fp32_2x32x2_1x16x2_avx512bf16/64/182/real_time",333784,421.134,420.221,ns,,,"2x64x182",,,2,2,32,182,2,64,2,1,16
"dot/dot_bf16_bf16_fp32_2x32x2_1x16x2_avx512bf16/128/2/real_time",7091438,20.1292,20.0873,ns,,,"2x128x2",,,2,2,32,2,2,128,2,1,16
"dot/dot_bf16_bf16_fp32_2x32x2_1x16x2_avx512bf16/128/22/real_time",1377291,103.867,103.638,ns,,,"2x128x22",,,2,2,32,22,2,128,2,1,16
"dot/dot_bf16_bf16_fp32_2x32x2_1x16x2_avx512bf16/128/44/real_time",689700,203.399,202.996,ns,,,"2x128x44",,,2,2,32,44,2,128,2,1,16
"dot/dot_bf16_bf16_fp32_2x32x2_1x16x2_avx512bf16/128/66/real_time",459285,304.861,304.126,ns,,,"2x128x66",,,2,2,32,66,2,128,2,1,16
"dot/dot_bf16_bf16_fp32_2x32x2_1x16x2_avx512bf16/128/90/real_time",336932,420.982,420.194,ns,,,"2x128x90",,,2,2,32,90,2,128,2,1,16
"dot/dot_bf16_bf16_fp32_2x32x2_1x16x2_avx512bf16/256/2/real_time",4179536,33.5886,33.5164,ns,,,"2x256x2",,,2,2,32,2,2,256,2,1,16
"dot/dot_bf16_bf16_fp32_2x32x2_1x16x2_avx512bf16/256/10/real_time",1427877,97.9653,97.7511,ns,,,"2x256x10",,,2,2,32,10,2,256,2,1,16
"dot/dot_bf16_bf16_fp32_2x32x2_1x16x2_avx512bf16/256/20/real_time",762429,183.813,183.404,ns,,,"2x256x20",,,2,2,32,20,2,256,2,1,16
"dot/dot_bf16_bf16_fp32_2x32x2_1x16x2_avx512bf16/256/30/real_time",504575,278.137,277.545,ns,,,"2x256x30",,,2,2,32,30,2,256,2,1,16
"dot/dot_bf16_bf16_fp32_2x32x2_1x16x2_avx512bf16/256/42/real_time",362180,386.716,385.941,ns,,,"2x256x42",,,2,2,32,42,2,256,2,1,16
"dot/dot_bf16_bf16_fp32_3x32x2_1x16x2_avx512bf16/32/2/real_time",12572015,11.1702,11.147,ns,,,"3x32x2",,,2,3,32,2,3,32,2,1,16
"dot/dot_bf16_bf16_fp32_3x32x2_1x16x2_avx512bf16/32/86/real_time",939403,149.021,148.763,ns,,,"3x32x86",,,2,3,32,86,3,32,2,1,16
"dot/dot_bf16_bf16_fp32_3x32x2_1x16x2_avx512bf16/32/172/real_time",471295,297.396,296.708,ns,,,"3x32x172",,,2,3,32,172,3,32,2,1,16
"dot/dot_bf16_bf16_fp32_3x32x2_1x16x2_avx512bf16/32/258/real_time",314063,445.698,444.756,ns,,,"3x32x258",,,2,3,32,258,3,32,2,1,16
"dot/dot_bf16_bf16_fp32_3x32x2_1x16x2_avx512bf16/32/344/real_time",236042,593.155,592.006,ns,,,"3x32x344",,,2,3,32,344,3,32,2,1,16
"dot/dot_bf16_bf16_fp32_3x32x2_1x16x2_avx512bf16/64/2/real_time",8989281,15.5614,15.5281,ns,,,"3x64x2",,,2,3,32,2,3,64,2,1,16
"dot/dot_bf16_bf16_fp32_3x32x2_1x16x2_avx512bf16/64/44/real_time",919514,152.225,151.898,ns,,,"3x64x44",,,2,3,32,44,3,64,2,1,16
"dot/dot_bf16_bf16_fp32_3x32x2_1x16x2_avx512bf16/64/88/real_time",461074,303.503,302.753,ns,,,"3x64x88",,,2,3,32,88,3,64,2,1,16
"dot/dot_bf16_bf16_fp32_3x32x2_1x16x2_avx512bf16/64/132/real_time",307858,455.254,454.278,ns,,,"3x64x132",,,2,3,32,132,3,64,2,1,16
"dot/dot_bf16_bf16_fp32_3x32x2_1x16x2_avx512bf16/64/176/real_time",230796,606.935,605.524,ns,,,"3x64x176",,,2,3,32,176,3,64,2,1,16
"dot/dot_bf16_bf16_fp32_3x32x2_1x16x2_avx512bf16/128/2/real_time",5638799,24.841,24.7877,ns,,,"3x128x2",,,2,3,32,2,3,128,2,1,16
"dot/dot_bf16_bf16_fp32_3x32x2_1x16x2_avx512bf16/128/20/real_time",1010283,138.506,138.217,ns,,,"3x128x20",,,2,3,32,20,3,128,2,1,16
"dot/dot_bf16_bf16_fp32_3x32x2_1x16x2_avx512bf16/128/42/real_time",483279,289.806,289.162,ns,,,"3x128x42",,,2,3,32,42,3,128,2,1,16
"dot/dot_bf16_bf16_fp32_3x32x2_1x16x2_avx512bf16/128/64/real_time",317262,447.929,446.898,ns,,,"3x128x64",,,2,3,32,64,3,128,2,1,16
"dot/dot_bf16_bf16_fp32_3x32x2_1x16x2_avx512bf16/128/86/real_time",236133,592.8,591.529,ns,,,"3x128x86",,,2,3,32,86,3,128,2,1,16
"dot/dot_bf16_bf16_fp32_3x32x2_1x16x2_avx512bf16/256/2/real_time",3231406,43.4238,43.3354,ns,,,"3x256x2",,,2,3,32,2,3,256,2,1,16
"dot/dot_bf16_bf16_fp32_3x32x2_1x16x2_avx512bf16/256/10/real_time",998302,140.12,139.815,ns,,,"3x256x10",,,2,3,32,10,3,256,2,1,16
"dot/dot_bf16_bf16_fp32_3x32x2_1x16x2_avx512bf16/256/20/real_time",507613,276.121,275.511,ns,,,"3x256x20",,,2,3,32,20,3,256,2,1,16
"dot/dot_bf16_bf16_fp32_3x32x2_1x16x2_avx512bf16/256/30/real_time",338761,413.204,412.328,ns,,,"3x256x30",,,2,3,32,30,3,256,2,1,16
"dot/dot_bf16_bf16_fp32_3x32x2_1x16x2_avx512bf16/256/40/real_time",254353,550.64,549.431,ns,,,"3x256x40",,,2,3,32,40,3,256,2,1,16
"dot/dot_bf16_bf16_fp32_4x32x2_1x16x2_avx512bf16/32/2/real_time",11174892,12.8092,12.7829,ns,,,"4x32x2",,,2,4,32,2,4,32,2,1,16
"dot/dot_bf16_bf16_fp32_4x32x2_1x16x2_avx512bf16/32/82/real_time",747053,187.492,187.11,ns,,,"4x32x82",,,2,4,32,82,4,32,2,1,16
"dot/dot_bf16_bf16_fp32_4x32x2_1x16x2_avx512bf16/32/166/real_time",371327,377.377,376.54,ns,,,"4x32x166",,,2,4,32,166,4,32,2,1,16
"dot/dot_bf16_bf16_fp32_4x32x2_1x16x2_avx512bf16/32/250/real_time",246223,569.125,567.904,ns,,,"4x32x250",,,2,4,32,250,4,32,2,1,16
"dot/dot_bf16_bf16_fp32_4x32x2_1x16x2_avx512bf16/32/334/real_time",181973,769.022,767.473,ns,,,"4x32x334",,,2,4,32,334,4,32,2,1,16
"dot/dot_bf16_bf16_fp32_4x32x2_1x16x2_avx512bf16/64/2/real_time",7759793,18.0287,17.9903,ns,,,"4x64x2",,,2,4,32,2,4,64,2,1,16
"dot/dot_bf16_bf16_fp32_4x32x2_1x16x2_avx512bf16/64/42/real_time",729459,193.329,192.943,ns,,,"4x64x42",,,2,4,32,42,4,64,2,1,16
"dot/dot_bf16_bf16_fp32_4x32x2_1x16x2_avx512bf16/64/86/real_time",360362,388.979,388.174,ns,,,"4x64x86",,,2,4,32,86,4,64,2,1,16
"dot/dot_bf16_bf16_fp32_4x32x2_1x16x2_avx512bf16/64/128/real_time",242006,578.429,577.196,ns,,,"4x64x128",,,2,4,32,128,4,64,2,1,16
"dot/dot_bf16_bf16_fp32_4x32x2_1x16x2_avx512bf16/64/172/real_time",180430,775.963,774.437,ns,,,"4x64x172",,,2,4,32,172,4,64,2,1,16
"dot/dot_bf16_bf16_fp32_4x32x2_1x16x2_avx512bf16/128/2/real_time",4535603,30.7297,30.6654,ns,,,"4x128x2",,,2,4,32,2,4,128,2,1,16
"dot/dot_bf16_bf16_fp32_4x32x2_1x16x2_avx512bf16/128/20/real_time",772505,180.993,180.602,ns,,,"4x128x20",,,2,4,32,20,4,128,2,1,16
"dot/dot_bf16_bf16_fp32_4x32x2_1x16x2_avx512bf16/128/42/real_time",368390,379.973,379.091,ns,,,"4x128x42",,,2,4,32,42,4,128,2,1,16
"dot/dot_bf16_bf16_fp32_4x32x2_1x16x2_avx512bf16/128/62/real_time",250986,558.355,557.07,ns,,,"4x128x62",,,2,4,32,62,4,128,2,1,16
"dot/dot_bf16_bf16_fp32_4x32x2_1x16x2_avx512bf16/128/84/real_time",185194,769.554,767.863,ns,,,"4x128x84",,,2,4,32,84,4,128,2,1,16
"dot/dot_bf16_bf16_fp32_4x32x2_1x16x2_avx512bf16/256/2/real_time",2460567,56.9077,56.7888,ns,,,"4x256x2",,,2,4,32,2,4,256,2,1,16
"dot/dot_bf16_bf16_fp32_4x32x2_1x16x2_avx512bf16/256/8/real_time",853219,163.523,163.144,ns,,,"4x256x8",,,2,4,32,8,4,256,2,1,16
"dot/dot_bf16_bf16_fp32_4x32x2_1x16x2_avx512bf16/256/18/real_time",386903,362.268,361.448,ns,,,"4x256x18",,,2,4,32,18,4,256,2,1,16
"dot/dot_bf16_bf16_fp32_4x32x2_1x16x2_avx512bf16/256/28/real_time",248086,564.711,563.482,ns,,,"4x256x28",,,2,4,32,28,4,256,2,1,16
"dot/dot_bf16_bf16_fp32_4x32x2_1x16x2_avx512bf16/256/38/real_time",182392,766.095,764.336,ns,,,"4x256x38",,,2,4,32,38,4,256,2,1,16
"dot/dot_bf16_bf16_fp32_5x32x2_1x16x2_avx512bf16/32/2/real_time",8704532,16.2157,16.1796,ns,,,"5x32x2",,,2,5,32,2,5,32,2,1,16
"dot/dot_bf16_bf16_fp32_5x32x2_1x16x2_avx512bf16/32/80/real_time",554249,252.721,252.133,ns,,,"5x32x80",,,2,5,32,80,5,32,2,1,16
"dot/dot_bf16_bf16_fp32_5x32x2_1x16x2_avx512bf16/32/160/real_time",279983,474.972,473.871,ns,,,"5x32x160",,,2,5,32,160,5,32,2,1,16
"dot/dot_bf16_bf16_fp32_5x32x2_1x16x2_avx512bf16/32/240/real_time",209809,667.228,665.831,ns,,,"5x32x240",,,2,5,32,240,5,32,2,1,16
"dot/dot_bf16_bf16_fp32_5x32x2_1x16x2_avx512bf16/32/322/real_time",156150,896.735,894.76,ns,,,"5x32x322",,,2,5,32,322,5,32,2,1,16
"dot/dot_bf16_bf16_fp32_5x32x2_1x16x2_avx512bf16/64/2/real_time",6348672,22.2069,22.1582,ns,,,"5x64x2",,,2,5,32,2,5,64,2,1,16
"dot/dot_bf16_bf16_fp32_5x32x2_1x16x2_avx512bf16/64/42/real_time",594413,235.594,235.062,ns,,,"5x64x42",,,2,5,32,42,5,64,2,1,16
"dot/dot_bf16_bf16_fp32_5x32x2_1x16x2_avx512bf16/64/84/real_time",299345,467.55,466.571,ns,,,"5x64x84",,,2,5,32,84,5,64,2,1,16
"dot/dot_bf16_bf16_fp32_5x32x2_1x16x2_avx512bf16/64/126/real_time",199898,700.326,698.83,ns,,,"5x64x126",,,2,5,32,126,5,64,2,1,16
"dot/dot_bf16_bf16_fp32_5x32x2_1x16x2_avx512bf16/64/168/real_time",149898,938.559,936.634,ns,,,"5x64x168",,,2,5,32,168,5,64,2,1,16
"dot/dot_bf16_bf16_fp32_5x32x2_1x16x2_avx512bf16/128/2/real_time",3771216,37.2572,37.1787,ns,,,"5x128x2",,,2,5,32,2,5,128,2,1,16
"dot/dot_bf16_bf16_fp32_5x32x2_1x16x2_avx512bf16/128/20/real_time",625115,224.035,223.579,ns,,,"5x128x20",,,2,5,32,20,5,128,2,1,16
"dot/dot_bf16_bf16_fp32_5x32x2_1x16x2_avx512bf16/128/40/real_time",314189,455.955,454.911,ns,,,"5x128x40",,,2,5,32,40,5,128,2,1,16
"dot/dot_bf16_bf16_fp32_5x32x2_1x16x2_avx512bf16/128/60/real_time",209943,667.155,665.693,ns,,,"5x128x60",,,2,5,32,60,5,128,2,1,16
"dot/dot_bf16_bf16_fp32_5x32x2_1x16x2_avx512bf16/128/82/real_time",153752,925.178,922.928,ns,,,"5x128x82",,,2,5,32,82,5,128,2,1,16
"dot/dot_bf16_bf16_fp32_5x32x2_1x16x2_avx512bf16/256/2/real_time",1856702,68.1532,68.0202,ns,,,"5x256x2",,,2,5,32,2,5,256,2,1,16
"dot/dot_bf16_bf16_fp32_5x32x2_1x16x2_avx512bf16/256/8/real_time",733470,190.87,190.481,ns,,,"5x256x8",,,2,5,32,8,5,256,2,1,16
"dot/dot_bf16_bf16_fp32_5x32x2_1x16x2_avx512bf16/256/18/real_time",350956,398.872,398.043,ns,,,"5x256x18",,,2,5,32,18,5,256,2,1,16
"dot/dot_bf16_bf16_fp32_5x32x2_1x16x2_avx512bf16/256/26/real_time",242693,576.466,575.346,ns,,,"5x256x26",,,2,5,32,26,5,256,2,1,16
"dot/dot_bf16_bf16_fp32_5x32x2_1x16x2_avx512bf16/256/36/real_time",175049,799.685,798.005,ns,,,"5x256x36",,,2,5,32,36,5,256,2,1,16
"dot/dot_bf16_bf16_fp32_6x32x2_1x16x2_avx512bf16/32/2/real_time",8961215,15.6395,15.6059,ns,,,"6x32x2",,,2,6,32,2,6,32,2,1,16
"dot/dot_bf16_bf16_fp32_6x32x2_1x16x2_avx512bf16/32/78/real_time",541128,258.492,257.927,ns,,,"6x32x78",,,2,6,32,78,6,32,2,1,16
"dot/dot_bf16_bf16_fp32_6x32x2_1x16x2_avx512bf16/32/156/real_time",273266,512.151,511.132,ns,,,"6x32x156",,,2,6,32,156,6,32,2,1,16
"dot/dot_bf16_bf16_fp32_6x32x2_1x16x2_avx512bf16/32/234/real_time",182839,765.95,764.28,ns,,,"6x32x234",,,2,6,32,234,6,32,2,1,16
"dot/dot_bf16_bf16_fp32_6x32x2_1x16x2_avx512bf16/32/312/real_time",136913,1023.66,1021.56,ns,,,"6x32x312",,,2,6,32,312,6,32,2,1,16
"dot/dot_bf16_bf16_fp32_6x32x2_1x16x2_avx512bf16/64/2/real_time",5758374,24.2408,24.1851,ns,,,"6x64x2",,,2,6,32,2,6,64,2,1,16
"dot/dot_bf16_bf16_fp32_6x32x2_1x16x2_avx512bf16/64/40/real_time",527663,265.165,264.577,ns,,,"6x64x40",,,2,6,32,40,6,64,2,1,16
"dot/dot_bf16_bf16_fp32_6x32x2_1x16x2_avx512bf16/64/82/real_time",260116,539.668,537.711,ns,,,"6x64x82",,,2,6,32,82,6,64,2,1,16
"dot/dot_bf16_bf16_fp32_6x32x2_1x16x2_avx512bf16/64/122/real_time",175285,798.467,796.616,ns,,,"6x64x122",,,2,6,32,122,6,64,2,1,16
"dot/dot_bf16_bf16_fp32_6x32x2_1x16x2_avx512bf16/64/164/real_time",130561,1072.53,1070.17,ns,,,"6x64x164",,,2,6,32,164,6,64,2,1,16
"dot/dot_bf16_bf16_fp32_6x32x2_1x16x2_avx512bf16/128/2/real_time",3350786,41.7655,41.6767,ns,,,"6x128x2",,,2,6,32,2,6,128,2,1,16
"dot/dot_bf16_bf16_fp32_6x32x2_1x16x2_avx512bf16/128/20/real_time",470800,297.622,296.984,ns,,,"6x128x20",,,2,6,32,20,6,128,2,1,16
"dot/dot_bf16_bf16_fp32_6x32x2_1x16x2_avx512bf16/128/40/real_time",237696,591.904,590.699,ns,,,"6x128x40",,,2,6,32,40,6,128,2,1,16
"dot/dot_bf16_bf16_fp32_6x32x2_1x16x2_avx512bf16/128/60/real_time",154742,881.151,879.372,ns,,,"6x128x60",,,2,6,32,60,6,128,2,1,16
"dot/dot_bf16_bf16_fp32_6x32x2_1x16x2_avx512bf16/128/80/real_time",119602,1172.38,1170.04,ns,,,"6x128x80",,,2,6,32,80,6,128,2,1,16
"dot/dot_bf16_bf16_fp32_6x32x2_1x16x2_avx512bf16/256/2/real_time",1886598,74.2208,74.0619,ns,,,"6x256x2",,,2,6,32,2,6,256,2,1,16
"dot/dot_bf16_bf16_fp32_6x32x2_1x16x2_avx512bf16/256/8/real_time",588839,242.751,242.252,ns,,,"6x256x8",,,2,6,32,8,6,256,2,1,16
"dot/dot_bf16_bf16_fp32_6x32x2_1x16x2_avx512bf16/256/16/real_time",296608,472.208,471.247,ns,,,"6x256x16",,,2,6,32,16,6,256,2,1,16
"dot/dot_bf16_bf16_fp32_6x32x2_1x16x2_avx512bf16/256/24/real_time",198278,705.945,704.531,ns,,,"6x256x24",,,2,6,32,24,6,256,2,1,16
"dot/dot_bf16_bf16_fp32_6x32x2_1x16x2_avx512bf16/256/34/real_time",100000,1031.53,1029.08,ns,,,"6x256x34",,,2,6,32,34,6,256,2,1,16
"dot/dot_bf16_bf16_fp32_8x32x2_1x16x2_avx512bf16/32/2/real_time",7292623,19.0231,18.9812,ns,,,"8x32x2",,,2,8,32,2,8,32,2,1,16
"dot/dot_bf16_bf16_fp32_8x32x2_1x16x2_avx512bf16/32/72/real_time",394723,354.507,353.784,ns,,,"8x32x72",,,2,8,32,72,8,32,2,1,16
"dot/dot_bf16_bf16_fp32_8x32x2_1x16x2_avx512bf16/32/146/real_time",195746,734.382,732.719,ns,,,"8x32x146",,,2,8,32,146,8,32,2,1,16
"dot/dot_bf16_bf16_fp32_8x32x2_1x16x2_avx512bf16/32/220/real_time",130437,1075.24,1072.96,ns,,,"8x32x220",,,2,8,32,220,8,32,2,1,16
"dot/dot_bf16_bf16_fp32_8x32x2_1x16x2_avx512bf16/32/294/real_time",97266,1440.84,1437.57,ns,,,"8x32x294",,,2,8,32,294,8,32,2,1,16
"dot/dot_bf16_bf16_fp32_8x32x2_1x16x2_avx512bf16/64/2/real_time",4882864,28.6446,28.5816,ns,,,"8x64x2",,,2,8,32,2,8,64,2,1,16
"dot/dot_bf16_bf16_fp32_8x32x2_1x16x2_avx512bf16/64/38/real_time",374093,374.343,373.523,ns,,,"8x64x38",,,2,8,32,38,8,64,2,1,16
"dot/dot_bf16_bf16_fp32_8x32x2_1x16x2_avx512bf16/64/78/real_time",183295,763.804,762.247,ns,,,"8x64x78",,,2,8,32,78,8,64,2,1,16
"dot/dot_bf16_bf16_fp32_8x32x2_1x16x2_avx512bf16/64/116/real_time",123358,1134.24,1131.77,ns,,,"8x64x116",,,2,8,32,116,8,64,2,1,16
"dot/dot_bf16_bf16_fp32_8x32x2_1x16x2_avx512bf16/64/156/real_time",91860,1523.95,1520.78,ns,,,"8x64x156",,,2,8,32,156,8,64,2,1,16
"dot/dot_bf16_bf16_fp32_8x32x2_1x16x2_avx512bf16/128/2/real_time",2952929,47.6143,47.515,ns,,,"8x128x2",,,2,8,32,2,8,128,2,1,16
"dot/dot_bf16_bf16_fp32_8x32x2_1x16x2_avx512bf16/128/18/real_time",394593,354.809,354.083,ns,,,"8x128x18",,,2,8,32,18,8,128,2,1,16
"dot/dot_bf16_bf16_fp32_8x32x2_1x16x2_avx512bf16/128/36/real_time",198420,705.624,704.086,ns,,,"8x128x36",,,2,8,32,36,8,128,2,1,16
"dot/dot_bf16_bf16_fp32_8x32x2_1x16x2_avx512bf16/128/54/real_time",132459,1056.4,1054.24,ns,,,"8x128x54",,,2,8,32,54,8,128,2,1,16
"dot/dot_bf16_bf16_fp32_8x32x2_1x16x2_avx512bf16/128/74/real_time",97002,1444.25,1441.3,ns,,,"8x128x74",,,2,8,32,74,8,128,2,1,16
"dot/dot_bf16_bf16_fp32_8x32x2_1x16x2_avx512bf16/256/2/real_time",1622458,86.4925,86.315,ns,,,"8x256x2",,,2,8,32,2,8,256,2,1,16
"dot/dot_bf16_bf16_fp32_8x32x2_1x16x2_avx512bf16/256/6/real_time",587894,238.104,237.621,ns,,,"8x256x6",,,2,8,32,6,8,256,2,1,16
"dot/dot_bf16_bf16_fp32_8x32x2_1x16x2_avx512bf16/256/14/real_time",248705,563.646,562.433,ns,,,"8x256x14",,,2,8,32,14,8,256,2,1,16
"dot/dot_bf16_bf16_fp32_8x32x2_1x16x2_avx512bf16/256/22/real_time",159589,863.229,861.497,ns,,,"8x256x22",,,2,8,32,22,8,256,2,1,16
"dot/dot_bf16_bf16_fp32_8x32x2_1x16x2_avx512bf16/256/30/real_time",119634,1172.56,1170.2,ns,,,"8x256x30",,,2,8,32,30,8,256,2,1,16
"dot/dot_bf16_bf16_fp32_10x32x2_1x16x2_avx512bf16/32/2/real_time",6313308,22.4128,22.3637,ns,,,"10x32x2",,,2,10,32,2,10,32,2,1,16
"dot/dot_bf16_bf16_fp32_10x32x2_1x16x2_avx512bf16/32/68/real_time",333151,420.314,419.452,ns,,,"10x32x68",,,2,10,32,68,10,32,2,1,16
"dot/dot_bf16_bf16_fp32_10x32x2_1x16x2_avx512bf16/32/138/real_time",165267,846.58,844.789,ns,,,"10x32x138",,,2,10,32,138,10,32,2,1,16
"dot/dot_bf16_bf16_fp32_10x32x2_1x16x2_avx512bf16/32/206/real_time",111283,1358.05,1354.88,ns,,,"10x32x206",,,2,10,32,206,10,32,2,1,16
"dot/dot_bf16_bf16_fp32_10x32x2_1x16x2_avx512bf16/32/276/real_time",82957,1687.31,1683.71,ns,,,"10x32x276",,,2,10,32,276,10,32,2,1,16
"dot/dot_bf16_bf16_fp32_10x32x2_1x16x2_avx512bf16/64/2/real_time",4115227,33.7446,33.6724,ns,,,"10x64x2",,,2,10,32,2,10,64,2,1,16
"dot/dot_bf16_bf16_fp32_10x32x2_1x16x2_avx512bf16/64/36/real_time",314961,431.829,430.772,ns,,,"10x64x36",,,2,10,32,36,10,64,2,1,16
"dot/dot_bf16_bf16_fp32_10x32x2_1x16x2_avx512bf16/64/74/real_time",173044,810.045,807.994,ns,,,"10x64x74",,,2,10,32,74,10,64,2,1,16
"dot/dot_bf16_bf16_fp32_10x32x2_1x16x2_avx512bf16/64/110/real_time",116646,1199.94,1196.97,ns,,,"10x64x110",,,2,10,32,110,10,64,2,1,16
"dot/dot_bf16_bf16_fp32_10x32x2_1x16x2_avx512bf16/64/148/real_time",86786,1612.52,1608.62,ns,,,"10x64x148",,,2,10,32,148,10,64,2,1,16
"dot/dot_bf16_bf16_fp32_10x32x2_1x16x2_avx512bf16/128/2/real_time",2463799,58.6022,58.4708,ns,,,"10x128x2",,,2,10,32,2,10,128,2,1,16
"dot/dot_bf16_bf16_fp32_10x32x2_1x16x2_avx512bf16/128/16/real_time",353296,396.064,395.177,ns,,,"10x128x16",,,2,10,32,16,10,128,2,1,16
"dot/dot_bf16_bf16_fp32_10x32x2_1x16x2_avx512bf16/128/34/real_time",167966,840.449,838.696,ns,,,"10x128x34",,,2,10,32,34,10,128,2,1,16
"dot/dot_bf16_bf16_fp32_10x32x2_1x16x2_avx512bf16/128/52/real_time",103997,1273.14,1270.39,ns,,,"10x128x52",,,2,10,32,52,10,128,2,1,16
"dot/dot_bf16_bf16_fp32_10x32x2_1x16x2_avx512bf16/128/70/real_time",81784,1711.46,1707.8,ns,,,"10x128x70",,,2,10,32,70,10,128,2,1,16
"dot/dot_bf16_bf16_fp32_10x32x2_1x16x2_avx512bf16/256/2/real_time",1341022,104.975,104.713,ns,,,"10x256x2",,,2,10,32,2,10,256,2,1,16
"dot/dot_bf16_bf16_fp32_10x32x2_1x16x2_avx512bf16/256/6/real_time",469942,298.325,297.711,ns,,,"10x256x6",,,2,10,32,6,10,256,2,1,16
"dot/dot_bf16_bf16_fp32_10x32x2_1x16x2_avx512bf16/256/12/real_time",237529,590.954,589.619,ns,,,"10x256x12",,,2,10,32,12,10,256,2,1,16
"dot/dot_bf16_bf16_fp32_10x32x2_1x16x2_avx512bf16/256/18/real_time",158750,883.183,881.355,ns,,,"10x256x18",,,2,10,32,18,10,256,2,1,16
"dot/dot_bf16_bf16_fp32_10x32x2_1x16x2_avx512bf16/256/26/real_time",110269,1263.35,1260.54,ns,,,"10x256x26",,,2,10,32,26,10,256,2,1,16
"dot/dot_bf16_bf16_fp32_12x32x2_1x16x2_avx512bf16/32/2/real_time",5312392,26.5624,26.4976,ns,,,"12x32x2",,,2,12,32,2,12,32,2,1,16
"dot/dot_bf16_bf16_fp32_12x32x2_1x16x2_avx512bf16/32/64/real_time",326479,429.876,428.87,ns,,,"12x32x64",,,2,12,32,64,12,32,2,1,16
"dot/dot_bf16_bf16_fp32_12x32x2_1x16x2_avx512bf16/32/130/real_time",163151,858.472,856.595,ns,,,"12x32x130",,,2,12,32,130,12,32,2,1,16
"dot/dot_bf16_bf16_fp32_12x32x2_1x16x2_avx512bf16/32/194/real_time",109778,1275.51,1272.57,ns,,,"12x32x194",,,2,12,32,194,12,32,2,1,16
"dot/dot_bf16_bf16_fp32_12x32x2_1x16x2_avx512bf16/32/260/real_time",82054,1705.41,1701.63,ns,,,"12x32x260",,,2,12,32,260,12,32,2,1,16
"dot/dot_bf16_bf16_fp32_12x32x2_1x16x2_avx512bf16/64/2/real_time",3351990,40.9554,40.8564,ns,,,"12x64x2",,,2,12,32,2,12,64,2,1,16
"dot/dot_bf16_bf16_fp32_12x32x2_1x16x2_avx512bf16/64/34/real_time",307783,454.789,453.771,ns,,,"12x64x34",,,2,12,32,34,12,64,2,1,16
"dot/dot_bf16_bf16_fp32_12x32x2_1x16x2_avx512bf16/64/70/real_time",151521,939.536,937.476,ns,,,"12x64x70",,,2,12,32,70,12,64,2,1,16
"dot/dot_bf16_bf16_fp32_12x32x2_1x16x2_avx512bf16/64/104/real_time",102417,1366.57,1363.75,ns,,,"12x64x104",,,2,12,32,104,12,64,2,1,16
"dot/dot_bf16_bf16_fp32_12x32x2_1x16x2_avx512bf16/64/140/real_time",76220,1836.8,1832.76,ns,,,"12x64x140",,,2,12,32,140,12,64,2,1,16
"dot/dot_bf16_bf16_fp32_12x32x2_1x16x2_avx512bf16/128/2/real_time",1935786,72.1489,71.9857,ns,,,"12x128x2",,,2,12,32,2,12,128,2,1,16
"dot/dot_bf16_bf16_fp32_12x32x2_1x16x2_avx512bf16/128/16/real_time",291044,480.845,479.84,ns,,,"12x128x16",,,2,12,32,16,12,128,2,1,16
"dot/dot_bf16_bf16_fp32_12x32x2_1x16x2_avx512bf16/128/32/real_time",147530,949.123,946.973,ns,,,"12x128x32",,,2,12,32,32,12,128,2,1,16
"dot/dot_bf16_bf16_fp32_12x32x2_1x16x2_avx512bf16/128/48/real_time",99083,1415.37,1412.48,ns,,,"12x128x48",,,2,12,32,48,12,128,2,1,16
"dot/dot_bf16_bf16_fp32_12x32x2_1x16x2_avx512bf16/128/64/real_time",74224,1884.1,1880.21,ns,,,"12x128x64",,,2,12,32,64,12,128,2,1,16
"dot/dot_bf16_bf16_fp32_12x32x2_1x16x2_avx512bf16/256/2/real_time",1081750,130.804,130.502,ns,,,"12x256x2",,,2,12,32,2,12,256,2,1,16
"dot/dot_bf16_bf16_fp32_12x32x2_1x16x2_avx512bf16/256/4/real_time",566518,247.474,246.969,ns,,,"12x256x4",,,2,12,32,4,12,256,2,1,16
"dot/dot_bf16_bf16_fp32_12x32x2_1x16x2_avx512bf16/256/10/real_time",234037,598.748,597.436,ns,,,"12x256x10",,,2,12,32,10,12,256,2,1,16
"dot/dot_bf16_bf16_fp32_12x32x2_1x16x2_avx512bf16/256/16/real_time",145520,949.323,947.238,ns,,,"12x256x16",,,2,12,32,16,12,256,2,1,16
"dot/dot_bf16_bf16_fp32_12x32x2_1x16x2_avx512bf16/256/22/real_time",108007,1409.82,1406.62,ns,,,"12x256x22",,,2,12,32,22,12,256,2,1,16
"dot/dot_bf16_bf16_fp32_16x16x2_1x16x2_avx512bf16/16/2/real_time",4513125,31.5727,31.497,ns,,,"16x16x2",,,2,16,16,2,16,16,2,1,16
"dot/dot_bf16_bf16_fp32_16x16x2_1x16x2_avx512bf16/16/92/real_time",338658,420.068,419.073,ns,,,"16x16x92",,,2,16,16,92,16,16,2,1,16
"dot/dot_bf16_bf16_fp32_16x16x2_1x16x2_avx512bf16/16/184/real_time",172163,813.044,810.964,ns,,,"16x16x184",,,2,16,16,184,16,16,2,1,16
"dot/dot_bf16_bf16_fp32_16x16x2_1x16x2_avx512bf16/16/276/real_time",115684,1232.34,1229.39,ns,,,"16x16x276",,,2,16,16,276,16,16,2,1,16
"dot/dot_bf16_bf16_fp32_16x16x2_1x16x2_avx512bf16/16/368/real_time",86797,1612.18,1608.3,ns,,,"16x16x368",,,2,16,16,368,16,16,2,1,16
"dot/dot_bf16_bf16_fp32_16x16x2_1x16x2_avx512bf16/32/2/real_time",3936944,35.6713,35.5762,ns,,,"16x32x2",,,2,16,16,2,16,32,2,1,16
"dot/dot_bf16_bf16_fp32_16x16x2_1x16x2_avx512bf16/32/58/real_time",270444,517.505,516.183,ns,,,"16x32x58",,,2,16,16,58,16,32,2,1,16
"dot/dot_bf16_bf16_fp32_16x16x2_1x16x2_avx512bf16/32/116/real_time",137243,1021.89,1018.98,ns,,,"16x32x116",,,2,16,16,116,16,32,2,1,16
"dot/dot_bf16_bf16_fp32_16x16x2_1x16x2_avx512bf16/32/174/real_time",91796,1525.96,1521.65,ns,,,"16x32x174",,,2,16,16,174,16,32,2,1,16
"dot/dot_bf16_bf16_fp32_16x16x2_1x16x2_avx512bf16/32/234/real_time",68401,2047.1,2041.44,ns,,,"16x32x234",,,2,16,16,234,16,32,2,1,16
"dot/dot_bf16_bf16_fp32_16x16x2_1x16x2_avx512bf16/64/2/real_time",2353009,59.3795,59.233,ns,,,"16x64x2",,,2,16,16,2,16,64,2,1,16
"dot/dot_bf16_bf16_fp32_16x16x2_1x16x2_avx512bf16/64/32/real_time",218846,640.2,638.571,ns,,,"16x64x32",,,2,16,16,32,16,64,2,1,16
"dot/dot_bf16_bf16_fp32_16x16x2_1x16x2_avx512bf16/64/64/real_time",111106,1263.18,1260.3,ns,,,"16x64x64",,,2,16,16,64,16,64,2,1,16
"dot/dot_bf16_bf16_fp32_16x16x2_1x16x2_avx512bf16/64/96/real_time",74399,1884.88,1881.03,ns,,,"16x64x96",,,2,16,16,96,16,64,2,1,16
"dot/dot_bf16_bf16_fp32_16x16x2_1x16x2_avx512bf16/64/128/real_time",55737,2481.37,2476.04,ns,,,"16x64x128",,,2,16,16,128,16,64,2,1,16
"dot/dot_bf16_bf16_fp32_16x16x2_1x16x2_avx512bf16/128/2/real_time",1433663,97.7387,97.5247,ns,,,"16x128x2",,,2,16,16,2,16,128,2,1,16
"dot/dot_bf16_bf16_fp32_16x16x2_1x16x2_avx512bf16/128/14/real_time",249150,561.697,560.46,ns,,,"16x128x14",,,2,16,16,14,16,128,2,1,16
"dot/dot_bf16_bf16_fp32_16x16x2_1x16x2_avx512bf16/128/28/real_time",125402,1117.27,1114.88,ns,,,"16x128x28",,,2,16,16,28,16,128,2,1,16
"dot/dot_bf16_bf16_fp32_16x16x2_1x16x2_avx512bf16/128/42/real_time",75332,1896.32,1891.5,ns,,,"16x128x42",,,2,16,16,42,16,128,2,1,16
"dot/dot_bf16_bf16_fp32_16x16x2_1x16x2_avx512bf16/128/56/real_time",63666,2205.76,2200.82,ns,,,"16x128x56",,,2,16,16,56,16,128,2,1,16
"dot/dot_bf16_bf16_fp32_1x64x2_1x16x2_avx512/64/2/real_time",14655387,9.56526,9.54387,ns,,,"1x64x2",,,2,1,64,2,1,64,2,1,16
"dot/dot_bf16_bf16_fp32_1x64x2_1x16x2_avx512/64/46/real_time",2137786,65.4867,65.3414,ns,,,"1x64x46",,,2,1,64,46,1,64,2,1,16
"dot/dot_bf16_bf16_fp32_1x64x2_1x16x2_avx512/64/92/real_time",1060134,133.058,132.774,ns,,,"1x64x92",,,2,1,64,92,1,64,2,1,16
"dot/dot_bf16_bf16_fp32_1x64x2_1x16x2_avx512/64/138/real_time",698920,202.664,202.201,ns,,,"1x64x138",,,2,1,64,138,1,64,2,1,16
"dot/dot_bf16_bf16_fp32_1x64x2_1x16x2_avx512/64/186/real_time",522322,270.499,269.871,ns,,,"1x64x186",,,2,1,64,186,1,64,2,1,16
"dot/dot_bf16_bf16_fp32_1x64x2_1x16x2_avx512/128/2/real_time",10691379,13.097,13.0672,ns,,,"1x128x2",,,2,1,64,2,1,128,2,1,16
"dot/dot_bf16_bf16_fp32_1x64x2_1x16x2_avx512/128/22/real_time",2275365,61.3617,61.2208,ns,,,"1x128x22",,,2,1,64,22,1,128,2,1,16
"dot/dot_bf16_bf16_fp32_1x64x2_1x16x2_avx512/128/46/real_time",1078631,129.334,129.067,ns,,,"1x128x46",,,2,1,64,46,1,128,2,1,16
"dot/dot_bf16_bf16_fp32_1x64x2_1x16x2_avx512/128/68/real_time",723915,177.769,177.365,ns,,,"1x128x68",,,2,1,64,68,1,128,2,1,16
"dot/dot_bf16_bf16_fp32_1x64x2_1x16x2_avx512/128/92/real_time",596424,234.57,234.05,ns,,,"1x128x92",,,2,1,64,92,1,128,2,1,16
"dot/dot_bf16_bf16_fp32_1x64x2_1x16x2_avx512/256/2/real_time",7566993,18.5313,18.4849,ns,,,"1x256x2",,,2,1,64,2,1,256,2,1,16
"dot/dot_bf16_bf16_fp32_1x64x2_1x16x2_avx512/256/10/real_time",2516300,55.5493,55.427,ns,,,"1x256x10",,,2,1,64,10,1,256,2,1,16
"dot/dot_bf16_bf16_fp32_1x64x2_1x16x2_avx512/256/22/real_time",1149155,124.877,124.61,ns,,,"1x256x22",,,2,1,64,22,1,256,2,1,16
"dot/dot_bf16_bf16_fp32_1x64x2_1x16x2_avx512/256/32/real_time",788054,177.649,177.278,ns,,,"1x256x32",,,2,1,64,32,1,256,2,1,16
"dot/dot_bf16_bf16_fp32_1x64x2_1x16x2_avx512/256/44/real_time",569344,245.749,245.215,ns,,,"1x256x44",,,2,1,64,44,1,256,2,1,16
"dot/dot_bf16_bf16_fp32_1x64x2_1x16x2_avx512/512/2/real_time",3939170,35.8288,35.7575,ns,,,"1x512x2",,,2,1,64,2,1,512,2,1,16
"dot/dot_bf16_bf16_fp32_1x64x2_1x16x2_avx512/512/4/real_time",3000591,46.5745,46.4695,ns,,,"1x512x4",,,2,1,64,4,1,512,2,1,16
"dot/dot_bf16_bf16_fp32_1x64x2_1x16x2_avx512/512/10/real_time",1270980,110.208,109.969,ns,,,"1x512x10",,,2,1,64,10,1,512,2,1,16
"dot/dot_bf16_bf16_fp32_1x64x2_1x16x2_avx512/512/14/real_time",906419,154.411,154.072,ns,,,"1x512x14",,,2,1,64,14,1,512,2,1,16
"dot/dot_bf16_bf16_fp32_1x64x2_1x16x2_avx512/512/20/real_time",634709,220.648,220.182,ns,,,"1x512x20",,,2,1,64,20,1,512,2,1,16
"dot/dot_bf16_bf16_fp32_2x64x2_1x16x2_avx512/64/2/real_time",11765500,11.9387,11.9116,ns,,,"2x64x2",,,2,2,64,2,2,64,2,1,16
"dot/dot_bf16_bf16_fp32_2x64x2_1x16x2_avx512/64/44/real_time",1483703,94.3387,94.1442,ns,,,"2x64x44",,,2,2,64,44,2,64,2,1,16
"dot/dot_bf16_bf16_fp32_2x64x2_1x16x2_avx512/64/90/real_time",728219,192.323,191.928,ns,,,"2x64x90",,,2,2,64,90,2,64,2,1,16
"dot/dot_bf16_bf16_fp32_2x64x2_1x16x2_avx512/64/136/real_time",482236,295.242,294.608,ns,,,"2x64x136",,,2,2,64,136,2,64,2,1,16
"dot/dot_bf16_bf16_fp32_2x64x2_1x16x2_avx512/64/182/real_time",360512,388.443,387.596,ns,,,"2x64x182",,,2,2,64,182,2,64,2,1,16
"dot/dot_bf16_bf16_fp32_2x64x2_1x16x2_avx512/128/2/real_time",8322259,16.8635,16.8257,ns,,,"2x128x2",,,2,2,64,2,2,128,2,1,16
"dot/dot_bf16_bf16_fp32_2x64x2_1x16x2_avx512/128/22/real_time",1482448,96.0084,95.7957,ns,,,"2x128x22",,,2,2,64,22,2,128,2,1,16
"dot/dot_bf16_bf16_fp32_2x64x2_1x16x2_avx512/128/44/real_time",744533,188.087,187.684,ns,,,"2x128x44",,,2,2,64,44,2,128,2,1,16
"dot/dot_bf16_bf16_fp32_2x64x2_1x16x2_avx512/128/66/real_time",496224,281.993,281.403,ns,,,"2x128x66",,,2,2,64,66,2,128,2,1,16
"dot/dot_bf16_bf16_fp32_2x64x2_1x16x2_avx512/128/90/real_time",364100,384.304,383.45,ns,,,"2x128x90",,,2,2,64,90,2,128,2,1,16
"dot/dot_bf16_bf16_fp32_2x64x2_1x16x2_avx512/256/2/real_time",5151158,27.2448,27.1868,ns,,,"2x256x2",,,2,2,64,2,2,256,2,1,16
"dot/dot_bf16_bf16_fp32_2x64x2_1x16x2_avx512/256/10/real_time",1630297,85.9925,85.8001,ns,,,"2x256x10",,,2,2,64,10,2,256,2,1,16
"dot/dot_bf16_bf16_fp32_2x64x2_1x16x2_avx512/256/20/real_time",817579,171.137,170.743,ns,,,"2x256x20",,,2,2,64,20,2,256,2,1,16
"dot/dot_bf16_bf16_fp32_2x64x2_1x16x2_avx512/256/30/real_time",546109,256.383,255.854,ns,,,"2x256x30",,,2,2,64,30,2,256,2,1,16
"dot/dot_bf16_bf16_fp32_2x64x2_1x16x2_avx512/256/42/real_time",390262,358.801,357.989,ns,,,"2x256x42",,,2,2,64,42,2,256,2,1,16
"dot/dot_bf16_bf16_fp32_2x64x2_1x16x2_avx512/512/2/real_time",2945323,47.4492,47.341,ns,,,"2x512x2",,,2,2,64,2,2,512,2,1,16
"dot/dot_bf16_bf16_fp32_2x64x2_1x16x2_avx512/512/4/real_time",2032074,68.8843,68.732,ns,,,"2x512x4",,,2,2,64,4,2,512,2,1,16
"dot/dot_bf16_bf16_fp32_2x64x2_1x16x2_avx512/512/8/real_time",1021154,137.08,136.787,ns,,,"2x512x8",,,2,2,64,8,2,512,2,1,16
"dot/dot_bf16_bf16_fp32_2x64x2_1x16x2_avx512/512/12/real_time",682216,205.146,204.716,ns,,,"2x512x12",,,2,2,64,12,2,512,2,1,16
"dot/dot_bf16_bf16_fp32_2x64x2_1x16x2_avx512/512/18/real_time",455072,307.51,306.851,ns,,,"2x512x18",,,2,2,64,18,2,512,2,1,16
"dot/dot_bf16_bf16_fp32_3x64x2_1x16x2_avx512/64/2/real_time",9949864,14.0649,14.0357,ns,,,"3x64x2",,,2,3,64,2,3,64,2,1,16
"dot/dot_bf16_bf16_fp32_3x64x2_1x16x2_avx512/64/44/real_time",854926,128.518,128.235,ns,,,"3x64x44",,,2,3,64,44,3,64,2,1,16
"dot/dot_bf16_bf16_fp32_3x64x2_1x16x2_avx512/64/88/real_time",547499,255.705,255.146,ns,,,"3x64x88",,,2,3,64,88,3,64,2,1,16
"dot/dot_bf16_bf16_fp32_3x64x2_1x16x2_avx512/64/132/real_time",365084,383.317,382.45,ns,,,"3x64x132",,,2,3,64,132,3,64,2,1,16
"dot/dot_bf16_bf16_fp32_3x64x2_1x16x2_avx512/64/176/real_time",256481,510.496,509.341,ns,,,"3x64x176",,,2,3,64,176,3,64,2,1,16
"dot/dot_bf16_bf16_fp32_3x64x2_1x16x2_avx512/128/2/real_time",6808086,20.4761,20.4307,ns,,,"3x128x2",,,2,3,64,2,3,128,2,1,16
"dot/dot_bf16_bf16_fp32_3x64x2_1x16x2_avx512/128/20/real_time",1194418,117.068,116.802,ns,,,"3x128x20",,,2,3,64,20,3,128,2,1,16
"dot/dot_bf16_bf16_fp32_3x64x2_1x16x2_avx512/128/42/real_time",573467,244.254,243.686,ns,,,"3x128x42",,,2,3,64,42,3,128,2,1,16
"dot/dot_bf16_bf16_fp32_3x64x2_1x16x2_avx512/128/64/real_time",376521,371.731,370.846,ns,,,"3x128x64",,,2,3,64,64,3,128,2,1,16
"dot/dot_bf16_bf16_fp32_3x64x2_1x16x2_avx512/128/86/real_time",280706,507.096,505.962,ns,,,"3x128x86",,,2,3,64,86,3,128,2,1,16
"dot/dot_bf16_bf16_fp32_3x64x2_1x16x2_avx512/256/2/real_time",4157721,33.6934,33.6178,ns,,,"3x256x2",,,2,3,64,2,3,256,2,1,16
"dot/dot_bf16_bf16_fp32_3x64x2_1x16x2_avx512/256/10/real_time",1197732,117.053,116.8,ns,,,"3x256x10",,,2,3,64,10,3,256,2,1,16
"dot/dot_bf16_bf16_fp32_3x64x2_1x16x2_avx512/256/20/real_time",601052,232.833,232.321,ns,,,"3x256x20",,,2,3,64,20,3,256,2,1,16
"dot/dot_bf16_bf16_fp32_3x64x2_1x16x2_avx512/256/30/real_time",401698,348.505,347.726,ns,,,"3x256x30",,,2,3,64,30,3,256,2,1,16
"dot/dot_bf16_bf16_fp32_3x64x2_1x16x2_avx512/256/40/real_time",301457,464.361,463.338,ns,,,"3x256x40",,,2,3,64,40,3,256,2,1,16
"dot/dot_bf16_bf16_fp32_3x64x2_1x16x2_avx512/512/2/real_time",2342201,59.7677,59.6282,ns,,,"3x512x2",,,2,3,64,2,3,512,2,1,16
"dot/dot_bf16_bf16_fp32_3x64x2_1x16x2_avx512/512/4/real_time",1482237,94.5348,94.3284,ns,,,"3x512x4",,,2,3,64,4,3,512,2,1,16
"dot/dot_bf16_bf16_fp32_3x64x2_1x16x2_avx512/512/8/real_time",752076,186.533,186.129,ns,,,"3x512x8",,,2,3,64,8,3,512,2,1,16
"dot/dot_bf16_bf16_fp32_3x64x2_1x16x2_avx512/512/12/real_time",502548,279.163,278.543,ns,,,"3x512x12",,,2,3,64,12,3,512,2,1,16
"dot/dot_bf16_bf16_fp32_3x64x2_1x16x2_avx512/512/16/real_time",377012,371.933,371.117,ns,,,"3x512x16",,,2,3,64,16,3,512,2,1,16
"dot/dot_bf16_bf16_fp32_4x64x2_1x16x2_avx512/64/2/real_time",8672610,16.19,16.1558,ns,,,"4x64x2",,,2,4,64,2,4,64,2,1,16
"dot/dot_bf16_bf16_fp32_4x64x2_1x16x2_avx512/64/42/real_time",998943,140.279,139.948,ns,,,"4x64x42",,,2,4,64,42,4,64,2,1,16
"dot/dot_bf16_bf16_fp32_4x64x2_1x16x2_avx512/64/86/real_time",492998,284.056,283.389,ns,,,"4x64x86",,,2,4,64,86,4,64,2,1,16
"dot/dot_bf16_bf16_fp32_4x64x2_1x16x2_avx512/64/128/real_time",328315,426.316,425.396,ns,,,"4x64x128",,,2,4,64,128,4,64,2,1,16
"dot/dot_bf16_bf16_fp32_4x64x2_1x16x2_avx512/64/172/real_time",247610,565.519,564.27,ns,,,"4x64x172",,,2,4,64,172,4,64,2,1,16
"dot/dot_bf16_bf16_fp32_4x64x2_1x16x2_avx512/128/2/real_time",5832002,23.977,23.923,ns,,,"4x128x2",,,2,4,64,2,4,128,2,1,16
"dot/dot_bf16_bf16_fp32_4x64x2_1x16x2_avx512/128/20/real_time",934695,149.854,149.53,ns,,,"4x128x20",,,2,4,64,20,4,128,2,1,16
"dot/dot_bf16_bf16_fp32_4x64x2_1x16x2_avx512/128/42/real_time",449504,311.279,310.629,ns,,,"4x128x42",,,2,4,64,42,4,128,2,1,16
"dot/dot_bf16_bf16_fp32_4x64x2_1x16x2_avx512/128/62/real_time",305435,458.168,457.241,ns,,,"4x128x62",,,2,4,64,62,4,128,2,1,16
"dot/dot_bf16_bf16_fp32_4x64x2_1x16x2_avx512/128/84/real_time",225937,619.599,618.177,ns,,,"4x128x84",,,2,4,64,84,4,128,2,1,16
"dot/dot_bf16_bf16_fp32_4x64x2_1x16x2_avx512/256/2/real_time",3510603,39.8433,39.755,ns,,,"4x256x2",,,2,4,64,2,4,256,2,1,16
"dot/dot_bf16_bf16_fp32_4x64x2_1x16x2_avx512/256/8/real_time",1158392,122.932,122.665,ns,,,"4x256x8",,,2,4,64,8,4,256,2,1,16
"dot/dot_bf16_bf16_fp32_4x64x2_1x16x2_avx512/256/18/real_time",522851,274.371,273.77,ns,,,"4x256x18",,,2,4,64,18,4,256,2,1,16
"dot/dot_bf16_bf16_fp32_4x64x2_1x16x2_avx512/256/28/real_time",337654,414.737,413.851,ns,,,"4x256x28",,,2,4,64,28,4,256,2,1,16
"dot/dot_bf16_bf16_fp32_4x64x2_1x16x2_avx512/256/38/real_time",249407,561.488,560.311,ns,,,"4x256x38",,,2,4,64,38,4,256,2,1,16
"dot/dot_bf16_bf16_fp32_4x64x2_1x16x2_avx512/512/2/real_time",1960917,72.7302,72.5669,ns,,,"4x512x2",,,2,4,64,2,4,512,2,1,16
"dot/dot_bf16_bf16_fp32_4x64x2_1x16x2_avx512/512/6/real_time",778670,181.124,180.724,ns,,,"4x512x6",,,2,4,64,6,4,512,2,1,16
"dot/dot_bf16_bf16_fp32_4x64x2_1x16x2_avx512/512/10/real_time",469479,298.57,297.898,ns,,,"4x512x10",,,2,4,64,10,4,512,2,1,16
"dot/dot_bf16_bf16_fp32_4x64x2_1x16x2_avx512/512/14/real_time",337683,415.086,414.214,ns,,,"4x512x14",,,2,4,64,14,4,512,2,1,16
"dot/dot_bf16_bf16_fp32_5x64x2_1x16x2_avx512/64/2/real_time",7265710,19.5969,19.5539,ns,,,"5x64x2",,,2,5,64,2,5,64,2,1,16
"dot/dot_bf16_bf16_fp32_5x64x2_1x16x2_avx512/64/42/real_time",727269,192.372,191.969,ns,,,"5x64x42",,,2,5,64,42,5,64,2,1,16
"dot/dot_bf16_bf16_fp32_5x64x2_1x16x2_avx512/64/84/real_time",369839,378.649,377.789,ns,,,"5x64x84",,,2,5,64,84,5,64,2,1,16
"dot/dot_bf16_bf16_fp32_5x64x2_1x16x2_avx512/64/126/real_time",247558,565.34,564.193,ns,,,"5x64x126",,,2,5,64,126,5,64,2,1,16
"dot/dot_bf16_bf16_fp32_5x64x2_1x16x2_avx512/64/168/real_time",186294,751.668,750.04,ns,,,"5x64x168",,,2,5,64,168,5,64,2,1,16
"dot/dot_bf16_bf16_fp32_5x64x2_1x16x2_avx512/128/2/real_time",4687818,29.8669,29.8069,ns,,,"5x128x2",,,2,5,64,2,5,128,2,1,16
"dot/dot_bf16_bf16_fp32_5x64x2_1x16x2_avx512/128/20/real_time",761913,183.786,183.354,ns,,,"5x128x20",,,2,5,64,20,5,128,2,1,16
"dot/dot_bf16_bf16_fp32_5x64x2_1x16x2_avx512/128/40/real_time",387723,361.187,360.43,ns,,,"5x128x40",,,2,5,64,40,5,128,2,1,16
"dot/dot_bf16_bf16_fp32_5x64x2_1x16x2_avx512/128/60/real_time",259818,538.937,537.702,ns,,,"5x128x60",,,2,5,64,60,5,128,2,1,16
"dot/dot_bf16_bf16_fp32_5x64x2_1x16x2_avx512/128/82/real_time",190662,734.329,732.578,ns,,,"5x128x82",,,2,5,64,82,5,128,2,1,16
"dot/dot_bf16_bf16_fp32_5x64x2_1x16x2_avx512/256/2/real_time",2803565,49.9501,49.8389,ns,,,"5x256x2",,,2,5,64,2,5,256,2,1,16
"dot/dot_bf16_bf16_fp32_5x64x2_1x16x2_avx512/256/8/real_time",941200,148.579,148.233,ns,,,"5x256x8",,,2,5,64,8,5,256,2,1,16
"dot/dot_bf16_bf16_fp32_5x64x2_1x16x2_avx512/256/18/real_time",429145,326.066,325.346,ns,,,"5x256x18",,,2,5,64,18,5,256,2,1,16
"dot/dot_bf16_bf16_fp32_5x64x2_1x16x2_avx512/256/26/real_time",298910,468.482,467.355,ns,,,"5x256x26",,,2,5,64,26,5,256,2,1,16
"dot/dot_bf16_bf16_fp32_5x64x2_1x16x2_avx512/256/36/real_time",209497,645.845,644.429,ns,,,"5x256x36",,,2,5,64,36,5,256,2,1,16
"dot/dot_bf16_bf16_fp32_5x64x2_1x16x2_avx512/512/2/real_time",1548995,90.3628,90.1387,ns,,,"5x512x2",,,2,5,64,2,5,512,2,1,16
"dot/dot_bf16_bf16_fp32_5x64x2_1x16x2_avx512/512/6/real_time",631578,222.108,221.624,ns,,,"5x512x6",,,2,5,64,6,5,512,2,1,16
"dot/dot_bf16_bf16_fp32_5x64x2_1x16x2_avx512/512/8/real_time",480369,292.071,291.44,ns,,,"5x512x8",,,2,5,64,8,5,512,2,1,16
"dot/dot_bf16_bf16_fp32_5x64x2_1x16x2_avx512/512/12/real_time",322905,433.887,432.925,ns,,,"5x512x12",,,2,5,64,12,5,512,2,1,16
"dot/dot_bf16_bf16_fp32_1x32x2_1x16x2_avx512/32/2/real_time",16082422,8.44146,8.42375,ns,,,"1x32x2",,,2,1,32,2,1,32,2,1,16
"dot/dot_bf16_bf16_fp32_1x32x2_1x16x2_avx512/32/92/real_time",1441910,96.8661,96.668,ns,,,"1x32x92",,,2,1,32,92,1,32,2,1,16
"dot/dot_bf16_bf16_fp32_1x32x2_1x16x2_avx512/32/184/real_time",664645,210.094,209.604,ns,,,"1x32x184",,,2,1,32,184,1,32,2,1,16
"dot/dot_bf16_bf16_fp32_1x32x2_1x16x2_avx512/32/276/real_time",432021,316.388,315.675,ns,,,"1x32x276",,,2,1,32,276,1,32,2,1,16
"dot/dot_bf16_bf16_fp32_1x32x2_1x16x2_avx512/32/370/real_time",326841,428.776,427.911,ns,,,"1x32x370",,,2,1,32,370,1,32,2,1,16
"dot/dot_bf16_bf16_fp32_1x32x2_1x16x2_avx512/64/2/real_time",13943205,10.1249,10.1056,ns,,,"1x64x2",,,2,1,32,2,1,64,2,1,16
"dot/dot_bf16_bf16_fp32_1x32x2_1x16x2_avx512/64/46/real_time",1632630,85.7299,85.5631,ns,,,"1x64x46",,,2,1,32,46,1,64,2,1,16
"dot/dot_bf16_bf16_fp32_1x32x2_1x16x2_avx512/64/92/real_time",770607,185.711,185.35,ns,,,"1x64x92",,,2,1,32,92,1,64,2,1,16
"dot/dot_bf16_bf16_fp32_1x32x2_1x16x2_avx512/64/138/real_time",476824,292.62,292.058,ns,,,"1x64x138",,,2,1,32,138,1,64,2,1,16
"dot/dot_bf16_bf16_fp32_1x32x2_1x16x2_avx512/64/186/real_time",342331,409.03,408.231,ns,,,"1x64x186",,,2,1,32,186,1,64,2,1,16
"dot/dot_bf16_bf16_fp32_1x32x2_1x16x2_avx512/128/2/real_time",8911768,15.5714,15.5332,ns,,,"1x128x2",,,2,1,32,2,1,128,2,1,16
"dot/dot_bf16_bf16_fp32_1x32x2_1x16x2_avx512/128/22/real_time",2056618,68.0821,67.9336,ns,,,"1x128x22",,,2,1,32,22,1,128,2,1,16
"dot/dot_bf16_bf16_fp32_1x32x2_1x16x2_avx512/128/46/real_time",865118,161.58,161.239,ns,,,"1x128x46",,,2,1,32,46,1,128,2,1,16
"dot/dot_bf16_bf16_fp32_1x32x2_1x16x2_avx512/128/68/real_time",561041,249.257,248.712,ns,,,"1x128x68",,,2,1,32,68,1,128,2,1,16
"dot/dot_bf16_bf16_fp32_1x32x2_1x16x2_avx512/128/92/real_time",377332,370.774,369.895,ns,,,"1x128x92",,,2,1,32,92,1,128,2,1,16
"dot/dot_bf16_bf16_fp32_1x32x2_1x16x2_avx512/256/2/real_time",5411245,25.7948,25.7344,ns,,,"1x256x2",,,2,1,32,2,1,256,2,1,16
"dot/dot_bf16_bf16_fp32_1x32x2_1x16x2_avx512/256/10/real_time",2131905,66.7119,66.566,ns,,,"1x256x10",,,2,1,32,10,1,256,2,1,16
"dot/dot_bf16_bf16_fp32_1x32x2_1x16x2_avx512/256/22/real_time",937712,149.145,148.817,ns,,,"1x256x22",,,2,1,32,22,1,256,2,1,16
"dot/dot_bf16_bf16_fp32_1x32x2_1x16x2_avx512/256/32/real_time",556742,251.586,251.011,ns,,,"1x256x32",,,2,1,32,32,1,256,2,1,16
"dot/dot_bf16_bf16_fp32_1x32x2_1x16x2_avx512/256/44/real_time",410179,334.082,333.334,ns,,,"1x256x44",,,2,1,32,44,1,256,2,1,16
"dot/dot_bf16_bf16_fp32_2x32x2_1x16x2_avx512/32/2/real_time",14633055,9.56987,9.54761,ns,,,"2x32x2",,,2,2,32,2,2,32,2,1,16
"dot/dot_bf16_bf16_fp32_2x32x2_1x16x2_avx512/32/88/real_time",1273230,110.76,110.505,ns,,,"2x32x88",,,2,2,32,88,2,32,2,1,16
"dot/dot_bf16_bf16_fp32_2x32x2_1x16x2_avx512/32/178/real_time",622262,223.546,223.02,ns,,,"2x32x178",,,2,2,32,178,2,32,2,1,16
"dot/dot_bf16_bf16_fp32_2x32x2_1x16x2_avx512/32/266/real_time",420133,334.283,333.449,ns,,,"2x32x266",,,2,2,32,266,2,32,2,1,16
"dot/dot_bf16_bf16_fp32_2x32x2_1x16x2_avx512/32/356/real_time",313821,447.882,446.738,ns,,,"2x32x356",,,2,2,32,356,2,32,2,1,16
"dot/dot_bf16_bf16_fp32_2x32x2_1x16x2_avx512/64/2/real_time",10673588,13.1408,13.1086,ns,,,"2x64x2",,,2,2,32,2,2,64,2,1,16
"dot/dot_bf16_bf16_fp32_2x32x2_1x16x2_avx512/64/44/real_time",1336804,104.795,104.559,ns,,,"2x64x44",,,2,2,32,44,2,64,2,1,16
"dot/dot_bf16_bf16_fp32_2x32x2_1x16x2_avx512/64/90/real_time",634881,220.768,220.256,ns,,,"2x64x90",,,2,2,32,90,2,64,2,1,16
"dot/dot_bf16_bf16_fp32_2x32x2_1x16x2_avx512/64/136/real_time",415904,338.38,337.617,ns,,,"2x64x136",,,2,2,32,136,2,64,2,1,16
"dot/dot_bf16_bf16_fp32_2x32x2_1x16x2_avx512/64/182/real_time",309210,452.027,450.997,ns,,,"2x64x182",,,2,2,32,182,2,64,2,1,16
"dot/dot_bf16_bf16_fp32_2x32x2_1x16x2_avx512/128/2/real_time",6970574,20.0577,20.0126,ns,,,"2x128x2",,,2,2,32,2,2,128,2,1,16
"dot/dot_bf16_bf16_fp32_2x32x2_1x16x2_avx512/128/22/real_time",1384323,101.366,101.133,ns,,,"2x128x22",,,2,2,32,22,2,128,2,1,16
"dot/dot_bf16_bf16_fp32_2x32x2_1x16x2_avx512/128/44/real_time",683029,205.126,204.632,ns,,,"2x128x44",,,2,2,32,44,2,128,2,1,16
"dot/dot_bf16_bf16_fp32_2x32x2_1x16x2_avx512/128/66/real_time",443537,316.047,315.309,ns,,,"2x128x66",,,2,2,32,66,2,128,2,1,16
"dot/dot_bf16_bf16_fp32_2x32x2_1x16x2_avx512/128/90/real_time",320620,437.604,436.596,ns,,,"2x128x90",,,2,2,32,90,2,128,2,1,16
"dot/dot_bf16_bf16_fp32_2x32x2_1x16x2_avx512/256/2/real_time",4111238,34.0821,34.0056,ns,,,"2x256x2",,,2,2,32,2,2,256,2,1,16
"dot/dot_bf16_bf16_fp32_2x32x2_1x16x2_avx512/256/10/real_time",1355830,103.75,103.531,ns,,,"2x256x10",,,2,2,32,10,2,256,2,1,16
"dot/dot_bf16_bf16_fp32_2x32x2_1x16x2_avx512/256/20/real_time",679002,205.847,205.42,ns,,,"2x256x20",,,2,2,32,20,2,256,2,1,16
"dot/dot_bf16_bf16_fp32_2x32x2_1x16x2_avx512/256/30/real_time",461279,303.884,303.141,ns,,,"2x256x30",,,2,2,32,30,2,256,2,1,16
"dot/dot_bf16_bf16_fp32_2x32x2_1x16x2_avx512/256/42/real_time",322605,446.358,445.349,ns,,,"2x256x42",,,2,2,32,42,2,256,2,1,16
"dot/dot_bf16_bf16_fp32_3x32x2_1x16x2_avx512/32/2/real_time",11149120,12.5112,12.4834,ns,,,"3x32x2",,,2,3,32,2,3,32,2,1,16
"dot/dot_bf16_bf16_fp32_3x32x2_1x16x2_avx512/32/86/real_time",962679,145.429,145.1,ns,,,"3x32x86",,,2,3,32,86,3,32,2,1,16
"dot/dot_bf16_bf16_fp32_3x32x2_1x16x2_avx512/32/172/real_time",483676,289.415,288.755,ns,,,"3x32x172",,,2,3,32,172,3,32,2,1,16
"dot/dot_bf16_bf16_fp32_3x32x2_1x16x2_avx512/32/258/real_time",323888,433.255,432.287,ns,,,"3x32x258",,,2,3,32,258,3,32,2,1,16
"dot/dot_bf16_bf16_fp32_3x32x2_1x16x2_avx512/32/344/real_time",240557,577.589,576.319,ns,,,"3x32x344",,,2,3,32,344,3,32,2,1,16
"dot/dot_bf16_bf16_fp32_3x32x2_1x16x2_avx512/64/2/real_time",8008302,17.4664,17.4282,ns,,,"3x64x2",,,2,3,32,2,3,64,2,1,16
"dot/dot_bf16_bf16_fp32_3x32x2_1x16x2_avx512/64/44/real_time",940263,148.769,148.442,ns,,,"3x64x44",,,2,3,32,44,3,64,2,1,16
"dot/dot_bf16_bf16_fp32_3x32x2_1x16x2_avx512/64/88/real_time",473080,321.514,320.629,ns,,,"3x64x88",,,2,3,32,88,3,64,2,1,16
"dot/dot_bf16_bf16_fp32_3x32x2_1x16x2_avx512/64/132/real_time",273017,511.136,509.758,ns,,,"3x64x132",,,2,3,32,132,3,64,2,1,16
"dot/dot_bf16_bf16_fp32_3x32x2_1x16x2_avx512/64/176/real_time",236960,590.982,589.595,ns,,,"3x64x176",,,2,3,32,176,3,64,2,1,16
"dot/dot_bf16_bf16_fp32_3x32x2_1x16x2_avx512/128/2/real_time",5035868,27.7966,27.7323,ns,,,"3x128x2",,,2,3,32,2,3,128,2,1,16
"dot/dot_bf16_bf16_fp32_3x32x2_1x16x2_avx512/128/20/real_time",1032581,135.481,135.18,ns,,,"3x128x20",,,2,3,32,20,3,128,2,1,16
"dot/dot_bf16_bf16_fp32_3x32x2_1x16x2_avx512/128/42/real_time",495737,282.701,282.104,ns,,,"3x128x42",,,2,3,32,42,3,128,2,1,16
"dot/dot_bf16_bf16_fp32_3x32x2_1x16x2_avx512/128/64/real_time",325387,430.214,429.32,ns,,,"3x128x64",,,2,3,32,64,3,128,2,1,16
"dot/dot_bf16_bf16_fp32_3x32x2_1x16x2_avx512/128/86/real_time",242462,581.844,580.516,ns,,,"3x128x86",,,2,3,32,86,3,128,2,1,16
"dot/dot_bf16_bf16_fp32_3x32x2_1x16x2_avx512/256/2/real_time",2932625,47.7208,47.6105,ns,,,"3x256x2",,,2,3,32,2,3,256,2,1,16
"dot/dot_bf16_bf16_fp32_3x32x2_1x16x2_avx512/256/10/real_time",1033234,135.492,135.203,ns,,,"3x256x10",,,2,3,32,10,3,256,2,1,16
"dot/dot_bf16_bf16_fp32_3x32x2_1x16x2_avx512/256/20/real_time",519603,269.402,268.75,ns,,,"3x256x20",,,2,3,32,20,3,256,2,1,16
"dot/dot_bf16_bf16_fp32_3x32x2_1x16x2_avx512/256/30/real_time",347038,403.363,402.461,ns,,,"3x256x30",,,2,3,32,30,3,256,2,1,16
"dot/dot_bf16_bf16_fp32_3x32x2_1x16x2_avx512/256/40/real_time",260363,537.635,536.291,ns,,,"3x256x40",,,2,3,32,40,3,256,2,1,16
"dot/dot_bf16_bf16_fp32_4x32x2_1x16x2_avx512/32/2/real_time",9994263,14.0442,14.0104,ns,,,"4x32x2",,,2,4,32,2,4,32,2,1,16
"dot/dot_bf16_bf16_fp32_4x32x2_1x16x2_avx512/32/82/real_time",792219,176.831,176.453,ns,,,"4x32x82",,,2,4,32,82,4,32,2,1,16
"dot/dot_bf16_bf16_fp32_4x32x2_1x16x2_avx512/32/166/real_time",371891,355.869,355.064,ns,,,"4x32x166",,,2,4,32,166,4,32,2,1,16
"dot/dot_bf16_bf16_fp32_4x32x2_1x16x2_avx512/32/250/real_time",262478,534.662,533.484,ns,,,"4x32x250",,,2,4,32,250,4,32,2,1,16
"dot/dot_bf16_bf16_fp32_4x32x2_1x16x2_avx512/32/334/real_time",219591,640.112,638.58,ns,,,"4x32x334",,,2,4,32,334,4,32,2,1,16
"dot/dot_bf16_bf16_fp32_4x32x2_1x16x2_avx512/64/2/real_time",7792078,18.2024,18.1573,ns,,,"4x64x2",,,2,4,32,2,4,64,2,1,16
"dot/dot_bf16_bf16_fp32_4x32x2_1x16x2_avx512/64/42/real_time",867047,161.489,161.047,ns,,,"4x64x42",,,2,4,32,42,4,64,2,1,16
"dot/dot_bf16_bf16_fp32_4x32x2_1x16x2_avx512/64/86/real_time",426040,328.577,327.703,ns,,,"4x64x86",,,2,4,32,86,4,64,2,1,16
"dot/dot_bf16_bf16_fp32_4x32x2_1x16x2_avx512/64/128/real_time",286875,500.37,498.837,ns,,,"4x64x128",,,2,4,32,128,4,64,2,1,16
"dot/dot_bf16_bf16_fp32_4x32x2_1x16x2_avx512/64/172/real_time",213692,655.278,653.719,ns,,,"4x64x172",,,2,4,32,172,4,64,2,1,16
"dot/dot_bf16_bf16_fp32_4x32x2_1x16x2_avx512/128/2/real_time",4876250,28.7047,28.632,ns,,,"4x128x2",,,2,4,32,2,4,128,2,1,16
"dot/dot_bf16_bf16_fp32_4x32x2_1x16x2_avx512/128/20/real_time",905294,153.812,153.463,ns,,,"4x128x20",,,2,4,32,20,4,128,2,1,16
"dot/dot_bf16_bf16_fp32_4x32x2_1x16x2_avx512/128/42/real_time",436404,320.866,320.129,ns,,,"4x128x42",,,2,4,32,42,4,128,2,1,16
"dot/dot_bf16_bf16_fp32_4x32x2_1x16x2_avx512/128/62/real_time",296162,472.825,471.751,ns,,,"4x128x62",,,2,4,32,62,4,128,2,1,16
"dot/dot_bf16_bf16_fp32_4x32x2_1x16x2_avx512/128/84/real_time",218796,640.658,638.503,ns,,,"4x128x84",,,2,4,32,84,4,128,2,1,16
"dot/dot_bf16_bf16_fp32_4x32x2_1x16x2_avx512/256/2/real_time",2643195,53.9948,53.8651,ns,,,"4x256x2",,,2,4,32,2,4,256,2,1,16
"dot/dot_bf16_bf16_fp32_4x32x2_1x16x2_avx512/256/8/real_time",1008447,138.811,138.486,ns,,,"4x256x8",,,2,4,32,8,4,256,2,1,16
"dot/dot_bf16_bf16_fp32_4x32x2_1x16x2_avx512/256/18/real_time",453117,309.061,308.361,ns,,,"4x256x18",,,2,4,32,18,4,256,2,1,16
"dot/dot_bf16_bf16_fp32_4x32x2_1x16x2_avx512/256/28/real_time",292059,455.37,454.326,ns,,,"4x256x28",,,2,4,32,28,4,256,2,1,16
"dot/dot_bf16_bf16_fp32_4x32x2_1x16x2_avx512/256/38/real_time",241678,579.143,577.823,ns,,,"4x256x38",,,2,4,32,38,4,256,2,1,16
"dot/dot_bf16_bf16_fp32_5x32x2_1x16x2_avx512/32/2/real_time",9852552,14.1987,14.1638,ns,,,"5x32x2",,,2,5,32,2,5,32,2,1,16
"dot/dot_bf16_bf16_fp32_5x32x2_1x16x2_avx512/32/80/real_time",746321,187.619,187.19,ns,,,"5x32x80",,,2,5,32,80,5,32,2,1,16
"dot/dot_bf16_bf16_fp32_5x32x2_1x16x2_avx512/32/160/real_time",376368,371.813,371.002,ns,,,"5x32x160",,,2,5,32,160,5,32,2,1,16
"dot/dot_bf16_bf16_fp32_5x32x2_1x16x2_avx512/32/240/real_time",251623,559.364,558.148,ns,,,"5x32x240",,,2,5,32,240,5,32,2,1,16
"dot/dot_bf16_bf16_fp32_5x32x2_1x16x2_avx512/32/322/real_time",187049,748.264,746.591,ns,,,"5x32x322",,,2,5,32,322,5,32,2,1,16
"dot/dot_bf16_bf16_fp32_5x32x2_1x16x2_avx512/64/2/real_time",6802186,20.527,20.4822,ns,,,"5x64x2",,,2,5,32,2,5,64,2,1,16
"dot/dot_bf16_bf16_fp32_5x32x2_1x16x2_avx512/64/42/real_time",709932,197.237,196.752,ns,,,"5x64x42",,,2,5,32,42,5,64,2,1,16
"dot/dot_bf16_bf16_fp32_5x32x2_1x16x2_avx512/64/84/real_time",358243,390.587,389.693,ns,,,"5x64x84",,,2,5,32,84,5,64,2,1,16
"dot/dot_bf16_bf16_fp32_5x32x2_1x16x2_avx512/64/126/real_time",239763,584.285,582.972,ns,,,"5x64x126",,,2,5,32,126,5,64,2,1,16
"dot/dot_bf16_bf16_fp32_5x32x2_1x16x2_avx512/64/168/real_time",179695,778.264,776.387,ns,,,"5x64x168",,,2,5,32,168,5,64,2,1,16
"dot/dot_bf16_bf16_fp32_5x32x2_1x16x2_avx512/128/2/real_time",4037957,34.6869,34.6097,ns,,,"5x128x2",,,2,5,32,2,5,128,2,1,16
"dot/dot_bf16_bf16_fp32_5x32x2_1x16x2_avx512/128/20/real_time",744279,190.74,190.307,ns,,,"5x128x20",,,2,5,32,20,5,128,2,1,16
"dot/dot_bf16_bf16_fp32_5x32x2_1x16x2_avx512/128/40/real_time",376003,372.305,371.462,ns,,,"5x128x40",,,2,5,32,40,5,128,2,1,16
"dot/dot_bf16_bf16_fp32_5x32x2_1x16x2_avx512/128/60/real_time",251327,556.831,555.56,ns,,,"5x128x60",,,2,5,32,60,5,128,2,1,16
"dot/dot_bf16_bf16_fp32_5x32x2_1x16x2_avx512/128/82/real_time",184250,759.935,758.137,ns,,,"5x128x82",,,2,5,32,82,5,128,2,1,16
"dot/dot_bf16_bf16_fp32_5x32x2_1x16x2_avx512/256/2/real_time",2157700,66.5318,66.3718,ns,,,"5x256x2",,,2,5,32,2,5,256,2,1,16
"dot/dot_bf16_bf16_fp32_5x32x2_1x16x2_avx512/256/8/real_time",822937,170.104,169.729,ns,,,"5x256x8",,,2,5,32,8,5,256,2,1,16
"dot/dot_bf16_bf16_fp32_5x32x2_1x16x2_avx512/256/18/real_time",372882,376.291,375.492,ns,,,"5x256x18",,,2,5,32,18,5,256,2,1,16
"dot/dot_bf16_bf16_fp32_5x32x2_1x16x2_avx512/256/26/real_time",258444,548.081,546.943,ns,,,"5x256x26",,,2,5,32,26,5,256,2,1,16
"dot/dot_bf16_bf16_fp32_5x32x2_1x16x2_avx512/256/36/real_time",187146,749.221,747.639,ns,,,"5x256x36",,,2,5,32,36,5,256,2,1,16
"dot/dot_bf16_bf16_fp32_6x32x2_1x16x2_avx512/32/2/real_time",8120102,17.2963,17.2582,ns,,,"6x32x2",,,2,6,32,2,6,32,2,1,16
"dot/dot_bf16_bf16_fp32_6x32x2_1x16x2_avx512/32/78/real_time",576936,242.659,242.144,ns,,,"6x32x78",,,2,6,32,78,6,32,2,1,16
"dot/dot_bf16_bf16_fp32_6x32x2_1x16x2_avx512/32/156/real_time",291649,480.013,478.943,ns,,,"6x32x156",,,2,6,32,156,6,32,2,1,16
"dot/dot_bf16_bf16_fp32_6x32x2_1x16x2_avx512/32/234/real_time",195154,717.564,715.956,ns,,,"6x32x234",,,2,6,32,234,6,32,2,1,16
"dot/dot_bf16_bf16_fp32_6x32x2_1x16x2_avx512/32/312/real_time",145879,977.806,975.525,ns,,,"6x32x312",,,2,6,32,312,6,32,2,1,16
"dot/dot_bf16_bf16_fp32_6x32x2_1x16x2_avx512/64/2/real_time",5531476,25.29,25.2364,ns,,,"6x64x2",,,2,6,32,2,6,64,2,1,16
"dot/dot_bf16_bf16_fp32_6x32x2_1x16x2_avx512/64/40/real_time",562349,248.92,248.379,ns,,,"6x64x40",,,2,6,32,40,6,64,2,1,16
"dot/dot_bf16_bf16_fp32_6x32x2_1x16x2_avx512/64/82/real_time",277482,504.558,503.455,ns,,,"6x64x82",,,2,6,32,82,6,64,2,1,16
"dot/dot_bf16_bf16_fp32_6x32x2_1x16x2_avx512/64/122/real_time",187063,748.21,746.588,ns,,,"6x64x122",,,2,6,32,122,6,64,2,1,16
"dot/dot_bf16_bf16_fp32_6x32x2_1x16x2_avx512/64/164/real_time",139173,1004.14,1001.98,ns,,,"6x64x164",,,2,6,32,164,6,64,2,1,16
"dot/dot_bf16_bf16_fp32_6x32x2_1x16x2_avx512/128/2/real_time",3440190,40.7094,40.6225,ns,,,"6x128x2",,,2,6,32,2,6,128,2,1,16
"dot/dot_bf16_bf16_fp32_6x32x2_1x16x2_avx512/128/20/real_time",562156,249.139,248.62,ns,,,"6x128x20",,,2,6,32,20,6,128,2,1,16
"dot/dot_bf16_bf16_fp32_6x32x2_1x16x2_avx512/128/40/real_time",284308,492.362,491.251,ns,,,"6x128x40",,,2,6,32,40,6,128,2,1,16
"dot/dot_bf16_bf16_fp32_6x32x2_1x16x2_avx512/128/60/real_time",190240,736.06,734.44,ns,,,"6x128x60",,,2,6,32,60,6,128,2,1,16
"dot/dot_bf16_bf16_fp32_6x32x2_1x16x2_avx512/128/80/real_time",143160,979.834,977.82,ns,,,"6x128x80",,,2,6,32,80,6,128,2,1,16
"dot/dot_bf16_bf16_fp32_6x32x2_1x16x2_avx512/256/2/real_time",1944922,72.077,71.9141,ns,,,"6x256x2",,,2,6,32,2,6,256,2,1,16
"dot/dot_bf16_bf16_fp32_6x32x2_1x16x2_avx512/256/8/real_time",697783,200.949,200.517,ns,,,"6x256x8",,,2,6,32,8,6,256,2,1,16
"dot/dot_bf16_bf16_fp32_6x32x2_1x16x2_avx512/256/16/real_time",355482,395.012,394.159,ns,,,"6x256x16",,,2,6,32,16,6,256,2,1,16
"dot/dot_bf16_bf16_fp32_6x32x2_1x16x2_avx512/256/24/real_time",237401,589.879,588.577,ns,,,"6x256x24",,,2,6,32,24,6,256,2,1,16
"dot/dot_bf16_bf16_fp32_6x32x2_1x16x2_avx512/256/34/real_time",168255,833.376,831.517,ns,,,"6x256x34",,,2,6,32,34,6,256,2,1,16
"dot/dot_bf16_bf16_fp32_8x32x2_1x16x2_avx512/32/2/real_time",7594990,18.4323,18.3902,ns,,,"8x32x2",,,2,8,32,2,8,32,2,1,16
"dot/dot_bf16_bf16_fp32_8x32x2_1x16x2_avx512/32/72/real_time",483485,289.423,288.785,ns,,,"8x32x72",,,2,8,32,72,8,32,2,1,16
"dot/dot_bf16_bf16_fp32_8x32x2_1x16x2_avx512/32/146/real_time",240364,582.516,581.306,ns,,,"8x32x146",,,2,8,32,146,8,32,2,1,16
"dot/dot_bf16_bf16_fp32_8x32x2_1x16x2_avx512/32/220/real_time",179499,780.149,778.384,ns,,,"8x32x220",,,2,8,32,220,8,32,2,1,16
"dot/dot_bf16_bf16_fp32_8x32x2_1x16x2_avx512/32/294/real_time",134010,1041.95,1039.68,ns,,,"8x32x294",,,2,8,32,294,8,32,2,1,16
"dot/dot_bf16_bf16_fp32_8x32x2_1x16x2_avx512/64/2/real_time",5393371,26.8178,26.7465,ns,,,"8x64x2",,,2,8,32,2,8,64,2,1,16
"dot/dot_bf16_bf16_fp32_8x32x2_1x16x2_avx512/64/38/real_time",429790,305.598,304.952,ns,,,"8x64x38",,,2,8,32,38,8,64,2,1,16
"dot/dot_bf16_bf16_fp32_8x32x2_1x16x2_avx512/64/78/real_time",224940,631.626,630.247,ns,,,"8x64x78",,,2,8,32,78,8,64,2,1,16
"dot/dot_bf16_bf16_fp32_8x32x2_1x16x2_avx512/64/116/real_time",151584,923.501,921.403,ns,,,"8x64x116",,,2,8,32,116,8,64,2,1,16
"dot/dot_bf16_bf16_fp32_8x32x2_1x16x2_avx512/64/156/real_time",109857,1240.5,1237.35,ns,,,"8x64x156",,,2,8,32,156,8,64,2,1,16
"dot/dot_bf16_bf16_fp32_8x32x2_1x16x2_avx512/128/2/real_time",3436955,40.7487,40.6582,ns,,,"8x128x2",,,2,8,32,2,8,128,2,1,16
"dot/dot_bf16_bf16_fp32_8x32x2_1x16x2_avx512/128/18/real_time",482598,290.214,289.58,ns,,,"8x128x18",,,2,8,32,18,8,128,2,1,16
"dot/dot_bf16_bf16_fp32_8x32x2_1x16x2_avx512/128/36/real_time",251300,512.72,511.501,ns,,,"8x128x36",,,2,8,32,36,8,128,2,1,16
"dot/dot_bf16_bf16_fp32_8x32x2_1x16x2_avx512/128/54/real_time",182494,766.707,764.996,ns,,,"8x128x54",,,2,8,32,54,8,128,2,1,16
"dot/dot_bf16_bf16_fp32_8x32x2_1x16x2_avx512/128/74/real_time",133474,1049.07,1046.56,ns,,,"8x128x74",,,2,8,32,74,8,128,2,1,16
"dot/dot_bf16_bf16_fp32_8x32x2_1x16x2_avx512/256/2/real_time",1945628,71.9853,71.7782,ns,,,"8x256x2",,,2,8,32,2,8,256,2,1,16
"dot/dot_bf16_bf16_fp32_8x32x2_1x16x2_avx512/256/6/real_time",716542,186.064,185.406,ns,,,"8x256x6",,,2,8,32,6,8,256,2,1,16
"dot/dot_bf16_bf16_fp32_8x32x2_1x16x2_avx512/256/14/real_time",340433,410.45,409.378,ns,,,"8x256x14",,,2,8,32,14,8,256,2,1,16
"dot/dot_bf16_bf16_fp32_8x32x2_1x16x2_avx512/256/22/real_time",223722,626.865,624.971,ns,,,"8x256x22",,,2,8,32,22,8,256,2,1,16
"dot/dot_bf16_bf16_fp32_8x32x2_1x16x2_avx512/256/30/real_time",164294,853.508,850.35,ns,,,"8x256x30",,,2,8,32,30,8,256,2,1,16
"dot/dot_bf16_bf16_fp32_10x32x2_1x16x2_avx512/32/2/real_time",6923762,20.2256,20.161,ns,,,"10x32x2",,,2,10,32,2,10,32,2,1,16
"dot/dot_bf16_bf16_fp32_10x32x2_1x16x2_avx512/32/68/real_time",462138,302.697,301.938,ns,,,"10x32x68",,,2,10,32,68,10,32,2,1,16
"dot/dot_bf16_bf16_fp32_10x32x2_1x16x2_avx512/32/138/real_time",230303,608.014,606.439,ns,,,"10x32x138",,,2,10,32,138,10,32,2,1,16
"dot/dot_bf16_bf16_fp32_10x32x2_1x16x2_avx512/32/206/real_time",151366,908.626,905.761,ns,,,"10x32x206",,,2,10,32,206,10,32,2,1,16
"dot/dot_bf16_bf16_fp32_10x32x2_1x16x2_avx512/32/276/real_time",115643,1210.66,1207.7,ns,,,"10x32x276",,,2,10,32,276,10,32,2,1,16
"dot/dot_bf16_bf16_fp32_10x32x2_1x16x2_avx512/64/2/real_time",4346275,32.1415,32.0668,ns,,,"10x64x2",,,2,10,32,2,10,64,2,1,16
"dot/dot_bf16_bf16_fp32_10x32x2_1x16x2_avx512/64/36/real_time",389443,366.438,365.598,ns,,,"10x64x36",,,2,10,32,36,10,64,2,1,16
"dot/dot_bf16_bf16_fp32_10x32x2_1x16x2_avx512/64/74/real_time",191429,731.232,729.609,ns,,,"10x64x74",,,2,10,32,74,10,64,2,1,16
"dot/dot_bf16_bf16_fp32_10x32x2_1x16x2_avx512/64/110/real_time",129136,1084.15,1081.74,ns,,,"10x64x110",,,2,10,32,110,10,64,2,1,16
"dot/dot_bf16_bf16_fp32_10x32x2_1x16x2_avx512/64/148/real_time",96451,1465.87,1462.47,ns,,,"10x64x148",,,2,10,32,148,10,64,2,1,16
"dot/dot_bf16_bf16_fp32_10x32x2_1x16x2_avx512/128/2/real_time",2660627,52.6103,52.4918,ns,,,"10x128x2",,,2,10,32,2,10,128,2,1,16
"dot/dot_bf16_bf16_fp32_10x32x2_1x16x2_avx512/128/16/real_time",436699,320.48,319.803,ns,,,"10x128x16",,,2,10,32,16,10,128,2,1,16
"dot/dot_bf16_bf16_fp32_10x32x2_1x16x2_avx512/128/34/real_time",208233,672.964,671.418,ns,,,"10x128x34",,,2,10,32,34,10,128,2,1,16
"dot/dot_bf16_bf16_fp32_10x32x2_1x16x2_avx512/128/52/real_time",136975,1025.3,1022.98,ns,,,"10x128x52",,,2,10,32,52,10,128,2,1,16
"dot/dot_bf16_bf16_fp32_10x32x2_1x16x2_avx512/128/70/real_time",101815,1412,1408.92,ns,,,"10x128x70",,,2,10,32,70,10,128,2,1,16
"dot/dot_bf16_bf16_fp32_10x32x2_1x16x2_avx512/256/2/real_time",1473023,95.0766,94.8739,ns,,,"10x256x2",,,2,10,32,2,10,256,2,1,16
"dot/dot_bf16_bf16_fp32_10x32x2_1x16x2_avx512/256/6/real_time",575931,243.258,242.708,ns,,,"10x256x6",,,2,10,32,6,10,256,2,1,16
"dot/dot_bf16_bf16_fp32_10x32x2_1x16x2_avx512/256/12/real_time",292710,484.322,483.212,ns,,,"10x256x12",,,2,10,32,12,10,256,2,1,16
"dot/dot_bf16_bf16_fp32_10x32x2_1x16x2_avx512/256/18/real_time",196354,713.111,711.539,ns,,,"10x256x18",,,2,10,32,18,10,256,2,1,16
"dot/dot_bf16_bf16_fp32_10x32x2_1x16x2_avx512/256/26/real_time",136361,1026.93,1024.59,ns,,,"10x256x26",,,2,10,32,26,10,256,2,1,16
"dot/dot_bf16_bf16_fp32_12x32x2_1x16x2_avx512/32/2/real_time",4342289,32.3302,32.2531,ns,,,"12x32x2",,,2,12,32,2,12,32,2,1,16
"dot/dot_bf16_bf16_fp32_12x32x2_1x16x2_avx512/32/64/real_time",357967,391.407,390.55,ns,,,"12x32x64",,,2,12,32,64,12,32,2,1,16
"dot/dot_bf16_bf16_fp32_12x32x2_1x16x2_avx512/32/130/real_time",180652,778.677,776.977,ns,,,"12x32x130",,,2,12,32,130,12,32,2,1,16
"dot/dot_bf16_bf16_fp32_12x32x2_1x16x2_avx512/32/194/real_time",121835,1149.95,1147.28,ns,,,"12x32x194",,,2,12,32,194,12,32,2,1,16
"dot/dot_bf16_bf16_fp32_12x32x2_1x16x2_avx512/32/260/real_time",91254,1534,1530.42,ns,,,"12x32x260",,,2,12,32,260,12,32,2,1,16
"dot/dot_bf16_bf16_fp32_12x32x2_1x16x2_avx512/64/2/real_time",2793777,50.0211,49.9135,ns,,,"12x64x2",,,2,12,32,2,12,64,2,1,16
"dot/dot_bf16_bf16_fp32_12x32x2_1x16x2_avx512/64/34/real_time",333041,420.141,419.167,ns,,,"12x64x34",,,2,12,32,34,12,64,2,1,16
"dot/dot_bf16_bf16_fp32_12x32x2_1x16x2_avx512/64/70/real_time",166713,853.495,851.606,ns,,,"12x64x70",,,2,12,32,70,12,64,2,1,16
"dot/dot_bf16_bf16_fp32_12x32x2_1x16x2_avx512/64/104/real_time",113366,1236.19,1233.31,ns,,,"12x64x104",,,2,12,32,104,12,64,2,1,16
"dot/dot_bf16_bf16_fp32_12x32x2_1x16x2_avx512/64/140/real_time",84389,1658.42,1654.14,ns,,,"12x64x140",,,2,12,32,140,12,64,2,1,16
"dot/dot_bf16_bf16_fp32_12x32x2_1x16x2_avx512/128/2/real_time",1585350,88.4522,88.2409,ns,,,"12x128x2",,,2,12,32,2,12,128,2,1,16
"dot/dot_bf16_bf16_fp32_12x32x2_1x16x2_avx512/128/16/real_time",344279,407.415,406.574,ns,,,"12x128x16",,,2,12,32,16,12,128,2,1,16
"dot/dot_bf16_bf16_fp32_12x32x2_1x16x2_avx512/128/32/real_time",179418,780.776,779.091,ns,,,"12x128x32",,,2,12,32,32,12,128,2,1,16
"dot/dot_bf16_bf16_fp32_12x32x2_1x16x2_avx512/128/48/real_time",121184,1154.88,1152.32,ns,,,"12x128x48",,,2,12,32,48,12,128,2,1,16
"dot/dot_bf16_bf16_fp32_12x32x2_1x16x2_avx512/128/64/real_time",91754,1527.09,1523.63,ns,,,"12x128x64",,,2,12,32,64,12,128,2,1,16
"dot/dot_bf16_bf16_fp32_12x32x2_1x16x2_avx512/256/2/real_time",852356,164.446,164.005,ns,,,"12x256x2",,,2,12,32,2,12,256,2,1,16
"dot/dot_bf16_bf16_fp32_12x32x2_1x16x2_avx512/256/4/real_time",546219,256.336,255.783,ns,,,"12x256x4",,,2,12,32,4,12,256,2,1,16
"dot/dot_bf16_bf16_fp32_12x32x2_1x16x2_avx512/256/10/real_time",267267,523.744,522.495,ns,,,"12x256x10",,,2,12,32,10,12,256,2,1,16
"dot/dot_bf16_bf16_fp32_12x32x2_1x16x2_avx512/256/16/real_time",174381,803.091,801.34,ns,,,"12x256x16",,,2,12,32,16,12,256,2,1,16
"dot/dot_bf16_bf16_fp32_12x32x2_1x16x2_avx512/256/22/real_time",128884,1092.42,1089.65,ns,,,"12x256x22",,,2,12,32,22,12,256,2,1,16
"dot/dot_bf16_bf16_fp32_16x16x2_1x16x2_avx512/16/2/real_time",4427270,31.5563,31.4865,ns,,,"16x16x2",,,2,16,16,2,16,16,2,1,16
"dot/dot_bf16_bf16_fp32_16x16x2_1x16x2_avx512/16/92/real_time",292028,479.721,478.578,ns,,,"16x16x92",,,2,16,16,92,16,16,2,1,16
"dot/dot_bf16_bf16_fp32_16x16x2_1x16x2_avx512/16/184/real_time",145848,941.931,939.795,ns,,,"16x16x184",,,2,16,16,184,16,16,2,1,16
"dot/dot_bf16_bf16_fp32_16x16x2_1x16x2_avx512/16/276/real_time",99953,1404.62,1401.39,ns,,,"16x16x276",,,2,16,16,276,16,16,2,1,16
"dot/dot_bf16_bf16_fp32_16x16x2_1x16x2_avx512/16/368/real_time",75185,1865.85,1862,ns,,,"16x16x368",,,2,16,16,368,16,16,2,1,16
"dot/dot_bf16_bf16_fp32_16x16x2_1x16x2_avx512/32/2/real_time",3031210,42.6615,42.5656,ns,,,"16x32x2",,,2,16,16,2,16,32,2,1,16
"dot/dot_bf16_bf16_fp32_16x16x2_1x16x2_avx512/32/58/real_time",233140,600.699,599.245,ns,,,"16x32x58",,,2,16,16,58,16,32,2,1,16
"dot/dot_bf16_bf16_fp32_16x16x2_1x16x2_avx512/32/116/real_time",118288,1193.64,1190.98,ns,,,"16x32x116",,,2,16,16,116,16,32,2,1,16
"dot/dot_bf16_bf16_fp32_16x16x2_1x16x2_avx512/32/174/real_time",79364,1766.14,1762.2,ns,,,"16x32x174",,,2,16,16,174,16,32,2,1,16
"dot/dot_bf16_bf16_fp32_16x16x2_1x16x2_avx512/32/234/real_time",59070,2426.98,2421.11,ns,,,"16x32x234",,,2,16,16,234,16,32,2,1,16
"dot/dot_bf16_bf16_fp32_16x16x2_1x16x2_avx512/64/2/real_time",2160763,64.654,64.49,ns,,,"16x64x2",,,2,16,16,2,16,64,2,1,16
"dot/dot_bf16_bf16_fp32_16x16x2_1x16x2_avx512/64/32/real_time",211872,661.615,660.134,ns,,,"16x64x32",,,2,16,16,32,16,64,2,1,16
"dot/dot_bf16_bf16_fp32_16x16x2_1x16x2_avx512/64/64/real_time",107410,1305.54,1302.38,ns,,,"16x64x64",,,2,16,16,64,16,64,2,1,16
"dot/dot_bf16_bf16_fp32_16x16x2_1x16x2_avx512/64/96/real_time",71908,1948.4,1944.03,ns,,,"16x64x96",,,2,16,16,96,16,64,2,1,16
"dot/dot_bf16_bf16_fp32_16x16x2_1x16x2_avx512/64/128/real_time",54023,2592.18,2586.31,ns,,,"16x64x128",,,2,16,16,128,16,64,2,1,16
"dot/dot_bf16_bf16_fp32_16x16x2_1x16x2_avx512/128/2/real_time",1290799,108.852,108.587,ns,,,"16x128x2",,,2,16,16,2,16,128,2,1,16
"dot/dot_bf16_bf16_fp32_16x16x2_1x16x2_avx512/128/14/real_time",240844,581.744,580.351,ns,,,"16x128x14",,,2,16,16,14,16,128,2,1,16
"dot/dot_bf16_bf16_fp32_16x16x2_1x16x2_avx512/128/28/real_time",121571,1154.84,1152.07,ns,,,"16x128x28",,,2,16,16,28,16,128,2,1,16
"dot/dot_bf16_bf16_fp32_16x16x2_1x16x2_avx512/128/42/real_time",82057,1739.2,1735.13,ns,,,"16x128x42",,,2,16,16,42,16,128,2,1,16
"dot/dot_bf16_bf16_fp32_16x16x2_1x16x2_avx512/128/56/real_time",61544,2277.14,2271.71,ns,,,"16x128x56",,,2,16,16,56,16,128,2,1,16
"dot/dot_bf16_bf16_fp32_1x64x1_1x16x1_avx512/64/1/real_time",15682862,8.30987,8.28918,ns,,,"1x64x1",,,1,1,64,1,1,64,1,1,16
"dot/dot_bf16_bf16_fp32_1x64x1_1x16x1_avx512/64/46/real_time",1512457,92.5954,92.3703,ns,,,"1x64x46",,,1,1,64,46,1,64,1,1,16
"dot/dot_bf16_bf16_fp32_1x64x1_1x16x1_avx512/64/93/real_time",747761,187,186.555,ns,,,"1x64x93",,,1,1,64,93,1,64,1,1,16
"dot/dot_bf16_bf16_fp32_1x64x1_1x16x1_avx512/64/140/real_time",497262,281.688,280.989,ns,,,"1x64x140",,,1,1,64,140,1,64,1,1,16
"dot/dot_bf16_bf16_fp32_1x64x1_1x16x1_avx512/64/187/real_time",372900,375.686,374.747,ns,,,"1x64x187",,,1,1,64,187,1,64,1,1,16
"dot/dot_bf16_bf16_fp32_1x64x1_1x16x1_avx512/128/1/real_time",12549293,11.167,11.1406,ns,,,"1x128x1",,,1,1,64,1,1,128,1,1,16
"dot/dot_bf16_bf16_fp32_1x64x1_1x16x1_avx512/128/23/real_time",1510462,92.7259,92.5046,ns,,,"1x128x23",,,1,1,64,23,1,128,1,1,16
"dot/dot_bf16_bf16_fp32_1x64x1_1x16x1_avx512/128/46/real_time",755035,185.123,184.68,ns,,,"1x128x46",,,1,1,64,46,1,128,1,1,16
"dot/dot_bf16_bf16_fp32_1x64x1_1x16x1_avx512/128/69/real_time",481373,341.186,340.3,ns,,,"1x128x69",,,1,1,64,69,1,128,1,1,16
"dot/dot_bf16_bf16_fp32_1x64x1_1x16x1_avx512/128/93/real_time",374697,373.564,372.594,ns,,,"1x128x93",,,1,1,64,93,1,128,1,1,16
"dot/dot_bf16_bf16_fp32_1x64x1_1x16x1_avx512/256/1/real_time",8079280,17.3371,17.296,ns,,,"1x256x1",,,1,1,64,1,1,256,1,1,16
"dot/dot_bf16_bf16_fp32_1x64x1_1x16x1_avx512/256/11/real_time",1580118,90.1201,89.8883,ns,,,"1x256x11",,,1,1,64,11,1,256,1,1,16
"dot/dot_bf16_bf16_fp32_1x64x1_1x16x1_avx512/256/22/real_time",792149,177.213,176.614,ns,,,"1x256x22",,,1,1,64,22,1,256,1,1,16
"dot/dot_bf16_bf16_fp32_1x64x1_1x16x1_avx512/256/33/real_time",526963,272.264,271.544,ns,,,"1x256x33",,,1,1,64,33,1,256,1,1,16
"dot/dot_bf16_bf16_fp32_1x64x1_1x16x1_avx512/256/45/real_time",386561,362.207,361.313,ns,,,"1x256x45",,,1,1,64,45,1,256,1,1,16
"dot/dot_bf16_bf16_fp32_1x64x1_1x16x1_avx512/512/1/real_time",4785305,29.2443,29.1701,ns,,,"1x512x1",,,1,1,64,1,1,512,1,1,16
"dot/dot_bf16_bf16_fp32_1x64x1_1x16x1_avx512/512/5/real_time",1607718,85.4903,85.2647,ns,,,"1x512x5",,,1,1,64,5,1,512,1,1,16
"dot/dot_bf16_bf16_fp32_1x64x1_1x16x1_avx512/512/10/real_time",868887,160.896,160.489,ns,,,"1x512x10",,,1,1,64,10,1,512,1,1,16
"dot/dot_bf16_bf16_fp32_1x64x1_1x16x1_avx512/512/15/real_time",580062,243.635,243.047,ns,,,"1x512x15",,,1,1,64,15,1,512,1,1,16
"dot/dot_bf16_bf16_fp32_1x64x1_1x16x1_avx512/512/21/real_time",415021,337.697,337.004,ns,,,"1x512x21",,,1,1,64,21,1,512,1,1,16
"dot/dot_bf16_bf16_fp32_2x64x1_1x16x1_avx512/64/1/real_time",13573142,10.3265,10.3036,ns,,,"2x64x1",,,1,2,64,1,2,64,1,1,16
"dot/dot_bf16_bf16_fp32_2x64x1_1x16x1_avx512/64/45/real_time",1069640,130.908,130.605,ns,,,"2x64x45",,,1,2,64,45,2,64,1,1,16
"dot/dot_bf16_bf16_fp32_2x64x1_1x16x1_avx512/64/91/real_time",530030,264.194,263.596,ns,,,"2x64x91",,,1,2,64,91,2,64,1,1,16
"dot/dot_bf16_bf16_fp32_2x64x1_1x16x1_avx512/64/136/real_time",354850,414.417,413.449,ns,,,"2x64x136",,,1,2,64,136,2,64,1,1,16
"dot/dot_bf16_bf16_fp32_2x64x1_1x16x1_avx512/64/182/real_time",265241,527.897,526.643,ns,,,"2x64x182",,,1,2,64,182,2,64,1,1,16
"dot/dot_bf16_bf16_fp32_2x64x1_1x16x1_avx512/128/1/real_time",9629811,14.5612,14.5292,ns,,,"2x128x1",,,1,2,64,1,2,128,1,1,16
"dot/dot_bf16_bf16_fp32_2x64x1_1x16x1_avx512/128/22/real_time",1092944,128.041,127.758,ns,,,"2x128x22",,,1,2,64,22,2,128,1,1,16
"dot/dot_bf16_bf16_fp32_2x64x1_1x16x1_avx512/128/45/real_time",535478,261.278,260.69,ns,,,"2x128x45",,,1,2,64,45,2,128,1,1,16
"dot/dot_bf16_bf16_fp32_2x64x1_1x16x1_avx512/128/67/real_time",360035,388.752,387.896,ns,,,"2x128x67",,,1,2,64,67,2,128,1,1,16
"dot/dot_bf16_bf16_fp32_2x64x1_1x16x1_avx512/128/90/real_time",268061,522.289,520.863,ns,,,"2x128x90",,,1,2,64,90,2,128,1,1,16
"dot/dot_bf16_bf16_fp32_2x64x1_1x16x1_avx512/256/1/real_time",6001050,23.2898,23.2368,ns,,,"2x256x1",,,1,2,64,1,2,256,1,1,16
"dot/dot_bf16_bf16_fp32_2x64x1_1x16x1_avx512/256/10/real_time",1201184,116.529,116.254,ns,,,"2x256x10",,,1,2,64,10,2,256,1,1,16
"dot/dot_bf16_bf16_fp32_2x64x1_1x16x1_avx512/256/21/real_time",573889,243.916,243.36,ns,,,"2x256x21",,,1,2,64,21,2,256,1,1,16
"dot/dot_bf16_bf16_fp32_2x64x1_1x16x1_avx512/256/32/real_time",376706,371.586,370.64,ns,,,"2x256x32",,,1,2,64,32,2,256,1,1,16
"dot/dot_bf16_bf16_fp32_2x64x1_1x16x1_avx512/256/43/real_time",280511,509.15,507.967,ns,,,"2x256x43",,,1,2,64,43,2,256,1,1,16
"dot/dot_bf16_bf16_fp32_2x64x1_1x16x1_avx512/512/1/real_time",3446938,40.6488,40.5486,ns,,,"2x512x1",,,1,2,64,1,2,512,1,1,16
"dot/dot_bf16_bf16_fp32_2x64x1_1x16x1_avx512/512/4/real_time",1000000,104.699,104.461,ns,,,"2x512x4",,,1,2,64,4,2,512,1,1,16
"dot/dot_bf16_bf16_fp32_2x64x1_1x16x1_avx512/512/9/real_time",596040,234.894,234.361,ns,,,"2x512x9",,,1,2,64,9,2,512,1,1,16
"dot/dot_bf16_bf16_fp32_2x64x1_1x16x1_avx512/512/14/real_time",383682,364.867,364.056,ns,,,"2x512x14",,,1,2,64,14,2,512,1,1,16
"dot/dot_bf16_bf16_fp32_2x64x1_1x16x1_avx512/512/19/real_time",282681,495.19,493.969,ns,,,"2x512x19",,,1,2,64,19,2,512,1,1,16
"dot/dot_bf16_bf16_fp32_3x64x1_1x16x1_avx512/64/1/real_time",10443500,13.4017,13.3731,ns,,,"3x64x1",,,1,3,64,1,3,64,1,1,16
"dot/dot_bf16_bf16_fp32_3x64x1_1x16x1_avx512/64/44/real_time",740085,189.084,188.65,ns,,,"3x64x44",,,1,3,64,44,3,64,1,1,16
"dot/dot_bf16_bf16_fp32_3x64x1_1x16x1_avx512/64/88/real_time",371573,376.94,375.912,ns,,,"3x64x88",,,1,3,64,88,3,64,1,1,16
"dot/dot_bf16_bf16_fp32_3x64x1_1x16x1_avx512/64/132/real_time",248056,564.168,562.807,ns,,,"3x64x132",,,1,3,64,132,3,64,1,1,16
"dot/dot_bf16_bf16_fp32_3x64x1_1x16x1_avx512/64/177/real_time",185111,755.958,754.323,ns,,,"3x64x177",,,1,3,64,177,3,64,1,1,16
"dot/dot_bf16_bf16_fp32_3x64x1_1x16x1_avx512/128/1/real_time",7248001,19.2864,19.2422,ns,,,"3x128x1",,,1,3,64,1,3,128,1,1,16
"dot/dot_bf16_bf16_fp32_3x64x1_1x16x1_avx512/128/21/real_time",775071,180.704,180.297,ns,,,"3x128x21",,,1,3,64,21,3,128,1,1,16
"dot/dot_bf16_bf16_fp32_3x64x1_1x16x1_avx512/128/43/real_time",380776,368.192,367.289,ns,,,"3x128x43",,,1,3,64,43,3,128,1,1,16
"dot/dot_bf16_bf16_fp32_3x64x1_1x16x1_avx512/128/65/real_time",237945,555.855,554.589,ns,,,"3x128x65",,,1,3,64,65,3,128,1,1,16
"dot/dot_bf16_bf16_fp32_3x64x1_1x16x1_avx512/128/87/real_time",188362,743.302,741.618,ns,,,"3x128x87",,,1,3,64,87,3,128,1,1,16
"dot/dot_bf16_bf16_fp32_3x64x1_1x16x1_avx512/256/1/real_time",4480845,31.2414,31.1719,ns,,,"3x256x1",,,1,3,64,1,3,256,1,1,16
"dot/dot_bf16_bf16_fp32_3x64x1_1x16x1_avx512/256/10/real_time",812504,172.45,172.071,ns,,,"3x256x10",,,1,3,64,10,3,256,1,1,16
"dot/dot_bf16_bf16_fp32_3x64x1_1x16x1_avx512/256/20/real_time",408392,342.641,341.917,ns,,,"3x256x20",,,1,3,64,20,3,256,1,1,16
"dot/dot_bf16_bf16_fp32_3x64x1_1x16x1_avx512/256/30/real_time",272777,521.665,520.536,ns,,,"3x256x30",,,1,3,64,30,3,256,1,1,16
"dot/dot_bf16_bf16_fp32_3x64x1_1x16x1_avx512/256/41/real_time",199829,700.846,699.292,ns,,,"3x256x41",,,1,3,64,41,3,256,1,1,16
"dot/dot_bf16_bf16_fp32_3x64x1_1x16x1_avx512/512/1/real_time",2590324,50.4197,50.2953,ns,,,"3x512x1",,,1,3,64,1,3,512,1,1,16
"dot/dot_bf16_bf16_fp32_3x64x1_1x16x1_avx512/512/4/real_time",1067285,133.813,133.487,ns,,,"3x512x4",,,1,3,64,4,3,512,1,1,16
"dot/dot_bf16_bf16_fp32_3x64x1_1x16x1_avx512/512/8/real_time",571867,244.861,244.278,ns,,,"3x512x8",,,1,3,64,8,3,512,1,1,16
"dot/dot_bf16_bf16_fp32_3x64x1_1x16x1_avx512/512/12/real_time",381828,366.309,365.431,ns,,,"3x512x12",,,1,3,64,12,3,512,1,1,16
"dot/dot_bf16_bf16_fp32_3x64x1_1x16x1_avx512/512/17/real_time",270298,518.255,517.126,ns,,,"3x512x17",,,1,3,64,17,3,512,1,1,16
"dot/dot_bf16_bf16_fp32_4x64x1_1x16x1_avx512/64/1/real_time",10470957,13.7724,13.7384,ns,,,"4x64x1",,,1,4,64,1,4,64,1,1,16
"dot/dot_bf16_bf16_fp32_4x64x1_1x16x1_avx512/64/43/real_time",685861,204.054,203.564,ns,,,"4x64x43",,,1,4,64,43,4,64,1,1,16
"dot/dot_bf16_bf16_fp32_4x64x1_1x16x1_avx512/64/86/real_time",344957,405.452,404.538,ns,,,"4x64x86",,,1,4,64,86,4,64,1,1,16
"dot/dot_bf16_bf16_fp32_4x64x1_1x16x1_avx512/64/129/real_time",230574,606.964,605.553,ns,,,"4x64x129",,,1,4,64,129,4,64,1,1,16
"dot/dot_bf16_bf16_fp32_4x64x1_1x16x1_avx512/64/173/real_time",171180,815.682,813.935,ns,,,"4x64x173",,,1,4,64,173,4,64,1,1,16
"dot/dot_bf16_bf16_fp32_4x64x1_1x16x1_avx512/128/1/real_time",7072016,19.7138,19.6669,ns,,,"4x128x1",,,1,4,64,1,4,128,1,1,16
"dot/dot_bf16_bf16_fp32_4x64x1_1x16x1_avx512/128/21/real_time",701452,199.536,199.062,ns,,,"4x128x21",,,1,4,64,21,4,128,1,1,16
"dot/dot_bf16_bf16_fp32_4x64x1_1x16x1_avx512/128/42/real_time",353232,396.458,395.45,ns,,,"4x128x42",,,1,4,64,42,4,128,1,1,16
"dot/dot_bf16_bf16_fp32_4x64x1_1x16x1_avx512/128/63/real_time",206293,593.244,591.756,ns,,,"4x128x63",,,1,4,64,63,4,128,1,1,16
"dot/dot_bf16_bf16_fp32_4x64x1_1x16x1_avx512/128/85/real_time",175189,799.48,797.567,ns,,,"4x128x85",,,1,4,64,85,4,128,1,1,16
"dot/dot_bf16_bf16_fp32_4x64x1_1x16x1_avx512/256/1/real_time",4201048,33.1664,33.0888,ns,,,"4x256x1",,,1,4,64,1,4,256,1,1,16
"dot/dot_bf16_bf16_fp32_4x64x1_1x16x1_avx512/256/9/real_time",815161,171.728,171.324,ns,,,"4x256x9",,,1,4,64,9,4,256,1,1,16
"dot/dot_bf16_bf16_fp32_4x64x1_1x16x1_avx512/256/19/real_time",389770,359.144,358.284,ns,,,"4x256x19",,,1,4,64,19,4,256,1,1,16
"dot/dot_bf16_bf16_fp32_4x64x1_1x16x1_avx512/256/29/real_time",256013,546.601,545.314,ns,,,"4x256x29",,,1,4,64,29,4,256,1,1,16
"dot/dot_bf16_bf16_fp32_4x64x1_1x16x1_avx512/256/39/real_time",190745,733.944,732.227,ns,,,"4x256x39",,,1,4,64,39,4,256,1,1,16
"dot/dot_bf16_bf16_fp32_4x64x1_1x16x1_avx512/512/1/real_time",2163659,66.2331,66.082,ns,,,"4x512x1",,,1,4,64,1,4,512,1,1,16
"dot/dot_bf16_bf16_fp32_4x64x1_1x16x1_avx512/512/3/real_time",1077283,130.057,129.741,ns,,,"4x512x3",,,1,4,64,3,4,512,1,1,16
"dot/dot_bf16_bf16_fp32_4x64x1_1x16x1_avx512/512/7/real_time",451742,298.849,298.197,ns,,,"4x512x7",,,1,4,64,7,4,512,1,1,16
"dot/dot_bf16_bf16_fp32_4x64x1_1x16x1_avx512/512/11/real_time",286192,477.177,476.042,ns,,,"4x512x11",,,1,4,64,11,4,512,1,1,16
"dot/dot_bf16_bf16_fp32_4x64x1_1x16x1_avx512/512/15/real_time",220950,635.024,633.471,ns,,,"4x512x15",,,1,4,64,15,4,512,1,1,16
"dot/dot_bf16_bf16_fp32_5x64x1_1x16x1_avx512/64/1/real_time",8050424,17.4334,17.3924,ns,,,"5x64x1",,,1,5,64,1,5,64,1,1,16
"dot/dot_bf16_bf16_fp32_5x64x1_1x16x1_avx512/64/42/real_time",517923,270.333,269.726,ns,,,"5x64x42",,,1,5,64,42,5,64,1,1,16
"dot/dot_bf16_bf16_fp32_5x64x1_1x16x1_avx512/64/84/real_time",260864,536.496,535.245,ns,,,"5x64x84",,,1,5,64,84,5,64,1,1,16
"dot/dot_bf16_bf16_fp32_5x64x1_1x16x1_avx512/64/126/real_time",174393,802.736,800.894,ns,,,"5x64x126",,,1,5,64,126,5,64,1,1,16
"dot/dot_bf16_bf16_fp32_5x64x1_1x16x1_avx512/64/168/real_time",130850,1068.53,1066.25,ns,,,"5x64x168",,,1,5,64,168,5,64,1,1,16
"dot/dot_bf16_bf16_fp32_5x64x1_1x16x1_avx512/128/1/real_time",5370819,26.0017,25.9457,ns,,,"5x128x1",,,1,5,64,1,5,128,1,1,16
"dot/dot_bf16_bf16_fp32_5x64x1_1x16x1_avx512/128/20/real_time",594310,229.368,228.824,ns,,,"5x128x20",,,1,5,64,20,5,128,1,1,16
"dot/dot_bf16_bf16_fp32_5x64x1_1x16x1_avx512/128/41/real_time",300218,466.392,465.303,ns,,,"5x128x41",,,1,5,64,41,5,128,1,1,16
"dot/dot_bf16_bf16_fp32_5x64x1_1x16x1_avx512/128/61/real_time",178031,692.389,690.525,ns,,,"5x128x61",,,1,5,64,61,5,128,1,1,16
"dot/dot_bf16_bf16_fp32_5x64x1_1x16x1_avx512/128/82/real_time",150646,929.568,927.225,ns,,,"5x128x82",,,1,5,64,82,5,128,1,1,16
"dot/dot_bf16_bf16_fp32_5x64x1_1x16x1_avx512/256/1/real_time",3548508,39.3716,39.2764,ns,,,"5x256x1",,,1,5,64,1,5,256,1,1,16
"dot/dot_bf16_bf16_fp32_5x64x1_1x16x1_avx512/256/9/real_time",675035,207.293,206.74,ns,,,"5x256x9",,,1,5,64,9,5,256,1,1,16
"dot/dot_bf16_bf16_fp32_5x64x1_1x16x1_avx512/256/18/real_time",341140,410.136,409.215,ns,,,"5x256x18",,,1,5,64,18,5,256,1,1,16
"dot/dot_bf16_bf16_fp32_5x64x1_1x16x1_avx512/256/27/real_time",228135,613.324,611.896,ns,,,"5x256x27",,,1,5,64,27,5,256,1,1,16
"dot/dot_bf16_bf16_fp32_5x64x1_1x16x1_avx512/256/37/real_time",166828,839.221,837.267,ns,,,"5x256x37",,,1,5,64,37,5,256,1,1,16
"dot/dot_bf16_bf16_fp32_5x64x1_1x16x1_avx512/512/1/real_time",1822888,79.1315,78.9413,ns,,,"5x512x1",,,1,5,64,1,5,512,1,1,16
"dot/dot_bf16_bf16_fp32_5x64x1_1x16x1_avx512/512/3/real_time",882735,158.749,158.354,ns,,,"5x512x3",,,1,5,64,3,5,512,1,1,16
"dot/dot_bf16_bf16_fp32_5x64x1_1x16x1_avx512/512/6/real_time",452975,309.206,308.504,ns,,,"5x512x6",,,1,5,64,6,5,512,1,1,16
"dot/dot_bf16_bf16_fp32_5x64x1_1x16x1_avx512/512/9/real_time",303897,460.74,459.591,ns,,,"5x512x9",,,1,5,64,9,5,512,1,1,16
"dot/dot_bf16_bf16_fp32_5x64x1_1x16x1_avx512/512/13/real_time",202307,662.902,661.354,ns,,,"5x512x13",,,1,5,64,13,5,512,1,1,16
"dot/dot_bf16_bf16_fp32_1x32x1_1x16x1_avx512/32/1/real_time",17923234,7.81078,7.79283,ns,,,"1x32x1",,,1,1,32,1,1,32,1,1,16
"dot/dot_bf16_bf16_fp32_1x32x1_1x16x1_avx512/32/92/real_time",1283339,109.195,108.908,ns,,,"1x32x92",,,1,1,32,92,1,32,1,1,16
"dot/dot_bf16_bf16_fp32_1x32x1_1x16x1_avx512/32/185/real_time",638743,220.594,220.076,ns,,,"1x32x185",,,1,1,32,185,1,32,1,1,16
"dot/dot_bf16_bf16_fp32_1x32x1_1x16x1_avx512/32/277/real_time",426663,326.808,326.021,ns,,,"1x32x277",,,1,1,32,277,1,32,1,1,16
"dot/dot_bf16_bf16_fp32_1x32x1_1x16x1_avx512/32/370/real_time",321938,434.968,433.905,ns,,,"1x32x370",,,1,1,32,370,1,32,1,1,16
"dot/dot_bf16_bf16_fp32_1x32x1_1x16x1_avx512/64/1/real_time",10000000,10.1314,10.1034,ns,,,"1x64x1",,,1,1,32,1,1,64,1,1,16
"dot/dot_bf16_bf16_fp32_1x32x1_1x16x1_avx512/64/46/real_time",1288181,108.773,108.524,ns,,,"1x64x46",,,1,1,32,46,1,64,1,1,16
"dot/dot_bf16_bf16_fp32_1x32x1_1x16x1_avx512/64/93/real_time",638005,223.256,222.737,ns,,,"1x64x93",,,1,1,32,93,1,64,1,1,16
"dot/dot_bf16_bf16_fp32_1x32x1_1x16x1_avx512/64/140/real_time",423992,332.242,331.486,ns,,,"1x64x140",,,1,1,32,140,1,64,1,1,16
"dot/dot_bf16_bf16_fp32_1x32x1_1x16x1_avx512/64/187/real_time",316304,441.888,440.785,ns,,,"1x64x187",,,1,1,32,187,1,64,1,1,16
"dot/dot_bf16_bf16_fp32_1x32x1_1x16x1_avx512/128/1/real_time",9316692,15.1012,15.0643,ns,,,"1x128x1",,,1,1,32,1,1,128,1,1,16
"dot/dot_bf16_bf16_fp32_1x32x1_1x16x1_avx512/128/23/real_time",1285575,108.817,108.565,ns,,,"1x128x23",,,1,1,32,23,1,128,1,1,16
"dot/dot_bf16_bf16_fp32_1x32x1_1x16x1_avx512/128/46/real_time",644966,217.116,216.609,ns,,,"1x128x46",,,1,1,32,46,1,128,1,1,16
"dot/dot_bf16_bf16_fp32_1x32x1_1x16x1_avx512/128/69/real_time",425125,327.614,326.851,ns,,,"1x128x69",,,1,1,32,69,1,128,1,1,16
"dot/dot_bf16_bf16_fp32_1x32x1_1x16x1_avx512/128/93/real_time",318392,442.225,441.062,ns,,,"1x128x93",,,1,1,32,93,1,128,1,1,16
"dot/dot_bf16_bf16_fp32_1x32x1_1x16x1_avx512/256/1/real_time",5694452,24.5971,24.533,ns,,,"1x256x1",,,1,1,32,1,1,256,1,1,16
"dot/dot_bf16_bf16_fp32_1x32x1_1x16x1_avx512/256/11/real_time",1344075,104.222,103.982,ns,,,"1x256x11",,,1,1,32,11,1,256,1,1,16
"dot/dot_bf16_bf16_fp32_1x32x1_1x16x1_avx512/256/22/real_time",673217,208.446,207.87,ns,,,"1x256x22",,,1,1,32,22,1,256,1,1,16
"dot/dot_bf16_bf16_fp32_1x32x1_1x16x1_avx512/256/33/real_time",443214,315.726,315.018,ns,,,"1x256x33",,,1,1,32,33,1,256,1,1,16
"dot/dot_bf16_bf16_fp32_1x32x1_1x16x1_avx512/256/45/real_time",326336,429.202,427.712,ns,,,"1x256x45",,,1,1,32,45,1,256,1,1,16
"dot/dot_bf16_bf16_fp32_2x32x1_1x16x1_avx512/32/1/real_time",15024506,9.31882,9.29655,ns,,,"2x32x1",,,1,2,32,1,2,32,1,1,16
"dot/dot_bf16_bf16_fp32_2x32x1_1x16x1_avx512/32/89/real_time",893157,156.584,156.221,ns,,,"2x32x89",,,1,2,32,89,2,32,1,1,16
"dot/dot_bf16_bf16_fp32_2x32x1_1x16x1_avx512/32/178/real_time",422932,312.558,311.773,ns,,,"2x32x178",,,1,2,32,178,2,32,1,1,16
"dot/dot_bf16_bf16_fp32_2x32x1_1x16x1_avx512/32/267/real_time",295496,473.829,472.689,ns,,,"2x32x267",,,1,2,32,267,2,32,1,1,16
"dot/dot_bf16_bf16_fp32_2x32x1_1x16x1_avx512/32/357/real_time",221644,631.62,630.097,ns,,,"2x32x357",,,1,2,32,357,2,32,1,1,16
"dot/dot_bf16_bf16_fp32_2x32x1_1x16x1_avx512/64/1/real_time",10870882,12.8744,12.8454,ns,,,"2x64x1",,,1,2,32,1,2,64,1,1,16
"dot/dot_bf16_bf16_fp32_2x32x1_1x16x1_avx512/64/45/real_time",883767,158.481,158.088,ns,,,"2x64x45",,,1,2,32,45,2,64,1,1,16
"dot/dot_bf16_bf16_fp32_2x32x1_1x16x1_avx512/64/91/real_time",438059,319.598,318.829,ns,,,"2x64x91",,,1,2,32,91,2,64,1,1,16
"dot/dot_bf16_bf16_fp32_2x32x1_1x16x1_avx512/64/136/real_time",293367,477.27,476.119,ns,,,"2x64x136",,,1,2,32,136,2,64,1,1,16
"dot/dot_bf16_bf16_fp32_2x32x1_1x16x1_avx512/64/182/real_time",217519,641.345,639.925,ns,,,"2x64x182",,,1,2,32,182,2,64,1,1,16
"dot/dot_bf16_bf16_fp32_2x32x1_1x16x1_avx512/128/1/real_time",7180435,19.5493,19.5034,ns,,,"2x128x1",,,1,2,32,1,2,128,1,1,16
"dot/dot_bf16_bf16_fp32_2x32x1_1x16x1_avx512/128/22/real_time",904367,154.901,154.521,ns,,,"2x128x22",,,1,2,32,22,2,128,1,1,16
"dot/dot_bf16_bf16_fp32_2x32x1_1x16x1_avx512/128/45/real_time",442739,316.167,315.399,ns,,,"2x128x45",,,1,2,32,45,2,128,1,1,16
"dot/dot_bf16_bf16_fp32_2x32x1_1x16x1_avx512/128/67/real_time",292957,476.054,474.971,ns,,,"2x128x67",,,1,2,32,67,2,128,1,1,16
"dot/dot_bf16_bf16_fp32_2x32x1_1x16x1_avx512/128/90/real_time",215444,660.409,658.806,ns,,,"2x128x90",,,1,2,32,90,2,128,1,1,16
"dot/dot_bf16_bf16_fp32_2x32x1_1x16x1_avx512/256/1/real_time",4131673,32.975,32.903,ns,,,"2x256x1",,,1,2,32,1,2,256,1,1,16
"dot/dot_bf16_bf16_fp32_2x32x1_1x16x1_avx512/256/10/real_time",988280,141.645,141.319,ns,,,"2x256x10",,,1,2,32,10,2,256,1,1,16
"dot/dot_bf16_bf16_fp32_2x32x1_1x16x1_avx512/256/21/real_time",474692,297.095,296.422,ns,,,"2x256x21",,,1,2,32,21,2,256,1,1,16
"dot/dot_bf16_bf16_fp32_2x32x1_1x16x1_avx512/256/32/real_time",309108,456.504,455.434,ns,,,"2x256x32",,,1,2,32,32,2,256,1,1,16
"dot/dot_bf16_bf16_fp32_2x32x1_1x16x1_avx512/256/43/real_time",228988,613.982,612.501,ns,,,"2x256x43",,,1,2,32,43,2,256,1,1,16
"dot/dot_bf16_bf16_fp32_3x32x1_1x16x1_avx512/32/1/real_time",12825359,10.8767,10.8517,ns,,,"3x32x1",,,1,3,32,1,3,32,1,1,16
"dot/dot_bf16_bf16_fp32_3x32x1_1x16x1_avx512/32/86/real_time",680141,205.746,205.269,ns,,,"3x32x86",,,1,3,32,86,3,32,1,1,16
"dot/dot_bf16_bf16_fp32_3x32x1_1x16x1_avx512/32/172/real_time",340593,410.757,409.696,ns,,,"3x32x172",,,1,3,32,172,3,32,1,1,16
"dot/dot_bf16_bf16_fp32_3x32x1_1x16x1_avx512/32/258/real_time",225746,705.916,704.062,ns,,,"3x32x258",,,1,3,32,258,3,32,1,1,16
"dot/dot_bf16_bf16_fp32_3x32x1_1x16x1_avx512/32/345/real_time",164060,828.035,826.067,ns,,,"3x32x345",,,1,3,32,345,3,32,1,1,16
"dot/dot_bf16_bf16_fp32_3x32x1_1x16x1_avx512/64/1/real_time",9169159,15.2296,15.1943,ns,,,"3x64x1",,,1,3,32,1,3,64,1,1,16
"dot/dot_bf16_bf16_fp32_3x32x1_1x16x1_avx512/64/44/real_time",664617,210.686,210.206,ns,,,"3x64x44",,,1,3,32,44,3,64,1,1,16
"dot/dot_bf16_bf16_fp32_3x32x1_1x16x1_avx512/64/88/real_time",333206,420.15,419.242,ns,,,"3x64x88",,,1,3,32,88,3,64,1,1,16
"dot/dot_bf16_bf16_fp32_3x32x1_1x16x1_avx512/64/132/real_time",222328,630.496,628.37,ns,,,"3x64x132",,,1,3,32,132,3,64,1,1,16
"dot/dot_bf16_bf16_fp32_3x32x1_1x16x1_avx512/64/177/real_time",165113,846.691,844.649,ns,,,"3x64x177",,,1,3,32,177,3,64,1,1,16
"dot/dot_bf16_bf16_fp32_3x32x1_1x16x1_avx512/128/1/real_time",5887958,23.7657,23.7083,ns,,,"3x128x1",,,1,3,32,1,3,128,1,1,16
"dot/dot_bf16_bf16_fp32_3x32x1_1x16x1_avx512/128/21/real_time",695352,201.427,200.864,ns,,,"3x128x21",,,1,3,32,21,3,128,1,1,16
"dot/dot_bf16_bf16_fp32_3x32x1_1x16x1_avx512/128/43/real_time",340829,410.954,409.918,ns,,,"3x128x43",,,1,3,32,43,3,128,1,1,16
"dot/dot_bf16_bf16_fp32_3x32x1_1x16x1_avx512/128/65/real_time",223631,624.887,623.35,ns,,,"3x128x65",,,1,3,32,65,3,128,1,1,16
"dot/dot_bf16_bf16_fp32_3x32x1_1x16x1_avx512/128/87/real_time",167619,836.774,834.562,ns,,,"3x128x87",,,1,3,32,87,3,128,1,1,16
"dot/dot_bf16_bf16_fp32_3x32x1_1x16x1_avx512/256/1/real_time",3445805,40.6586,40.5586,ns,,,"3x256x1",,,1,3,32,1,3,256,1,1,16
"dot/dot_bf16_bf16_fp32_3x32x1_1x16x1_avx512/256/10/real_time",727712,192.36,191.898,ns,,,"3x256x10",,,1,3,32,10,3,256,1,1,16
"dot/dot_bf16_bf16_fp32_3x32x1_1x16x1_avx512/256/20/real_time",365958,382.555,381.712,ns,,,"3x256x20",,,1,3,32,20,3,256,1,1,16
"dot/dot_bf16_bf16_fp32_3x32x1_1x16x1_avx512/256/30/real_time",243682,580.613,579.284,ns,,,"3x256x30",,,1,3,32,30,3,256,1,1,16
"dot/dot_bf16_bf16_fp32_3x32x1_1x16x1_avx512/256/41/real_time",177211,790.091,788.299,ns,,,"3x256x41",,,1,3,32,41,3,256,1,1,16
"dot/dot_bf16_bf16_fp32_4x32x1_1x16x1_avx512/32/1/real_time",11450142,12.2455,12.2162,ns,,,"4x32x1",,,1,4,32,1,4,32,1,1,16
"dot/dot_bf16_bf16_fp32_4x32x1_1x16x1_avx512/32/83/real_time",565057,247.731,247.151,ns,,,"4x32x83",,,1,4,32,83,4,32,1,1,16
"dot/dot_bf16_bf16_fp32_4x32x1_1x16x1_avx512/32/167/real_time",278824,506.601,505.398,ns,,,"4x32x167",,,1,4,32,167,4,32,1,1,16
"dot/dot_bf16_bf16_fp32_4x32x1_1x16x1_avx512/32/250/real_time",187094,748.367,746.557,ns,,,"4x32x250",,,1,4,32,250,4,32,1,1,16
"dot/dot_bf16_bf16_fp32_4x32x1_1x16x1_avx512/32/334/real_time",140367,1016.63,1014.28,ns,,,"4x32x334",,,1,4,32,334,4,32,1,1,16
"dot/dot_bf16_bf16_fp32_4x32x1_1x16x1_avx512/64/1/real_time",8160478,17.1276,17.0907,ns,,,"4x64x1",,,1,4,32,1,4,64,1,1,16
"dot/dot_bf16_bf16_fp32_4x32x1_1x16x1_avx512/64/43/real_time",545289,256.704,256.103,ns,,,"4x64x43",,,1,4,32,43,4,64,1,1,16
"dot/dot_bf16_bf16_fp32_4x32x1_1x16x1_avx512/64/86/real_time",256658,511.757,510.702,ns,,,"4x64x86",,,1,4,32,86,4,64,1,1,16
"dot/dot_bf16_bf16_fp32_4x32x1_1x16x1_avx512/64/129/real_time",182627,770.052,768.229,ns,,,"4x64x129",,,1,4,32,129,4,64,1,1,16
"dot/dot_bf16_bf16_fp32_4x32x1_1x16x1_avx512/64/173/real_time",135623,1032.02,1029.59,ns,,,"4x64x173",,,1,4,32,173,4,64,1,1,16
"dot/dot_bf16_bf16_fp32_4x32x1_1x16x1_avx512/128/1/real_time",5167489,27.0426,26.982,ns,,,"4x128x1",,,1,4,32,1,4,128,1,1,16
"dot/dot_bf16_bf16_fp32_4x32x1_1x16x1_avx512/128/21/real_time",557610,250.968,250.402,ns,,,"4x128x21",,,1,4,32,21,4,128,1,1,16
"dot/dot_bf16_bf16_fp32_4x32x1_1x16x1_avx512/128/42/real_time",279761,587.354,585.695,ns,,,"4x128x42",,,1,4,32,42,4,128,1,1,16
"dot/dot_bf16_bf16_fp32_4x32x1_1x16x1_avx512/128/63/real_time",160371,777.293,775.515,ns,,,"4x128x63",,,1,4,32,63,4,128,1,1,16
"dot/dot_bf16_bf16_fp32_4x32x1_1x16x1_avx512/128/85/real_time",137508,1016.07,1013.51,ns,,,"4x128x85",,,1,4,32,85,4,128,1,1,16
"dot/dot_bf16_bf16_fp32_4x32x1_1x16x1_avx512/256/1/real_time",2995465,46.6551,46.5475,ns,,,"4x256x1",,,1,4,32,1,4,256,1,1,16
"dot/dot_bf16_bf16_fp32_4x32x1_1x16x1_avx512/256/9/real_time",648708,215.925,215.363,ns,,,"4x256x9",,,1,4,32,9,4,256,1,1,16
"dot/dot_bf16_bf16_fp32_4x32x1_1x16x1_avx512/256/19/real_time",308527,453.66,452.406,ns,,,"4x256x19",,,1,4,32,19,4,256,1,1,16
"dot/dot_bf16_bf16_fp32_4x32x1_1x16x1_avx512/256/29/real_time",202090,692.4,690.887,ns,,,"4x256x29",,,1,4,32,29,4,256,1,1,16
"dot/dot_bf16_bf16_fp32_4x32x1_1x16x1_avx512/256/39/real_time",149680,935.258,933.182,ns,,,"4x256x39",,,1,4,32,39,4,256,1,1,16
"dot/dot_bf16_bf16_fp32_5x32x1_1x16x1_avx512/32/1/real_time",10390439,13.5095,13.4736,ns,,,"5x32x1",,,1,5,32,1,5,32,1,1,16
"dot/dot_bf16_bf16_fp32_5x32x1_1x16x1_avx512/32/80/real_time",483673,289.6,288.844,ns,,,"5x32x80",,,1,5,32,80,5,32,1,1,16
"dot/dot_bf16_bf16_fp32_5x32x1_1x16x1_avx512/32/161/real_time",239182,581.272,579.773,ns,,,"5x32x161",,,1,5,32,161,5,32,1,1,16
"dot/dot_bf16_bf16_fp32_5x32x1_1x16x1_avx512/32/242/real_time",159990,875.5,873.526,ns,,,"5x32x242",,,1,5,32,242,5,32,1,1,16
"dot/dot_bf16_bf16_fp32_5x32x1_1x16x1_avx512/32/323/real_time",120262,1165.98,1163.14,ns,,,"5x32x323",,,1,5,32,323,5,32,1,1,16
"dot/dot_bf16_bf16_fp32_5x32x1_1x16x1_avx512/64/1/real_time",7283387,19.1839,19.1382,ns,,,"5x64x1",,,1,5,32,1,5,64,1,1,16
"dot/dot_bf16_bf16_fp32_5x32x1_1x16x1_avx512/64/42/real_time",432357,303.732,303.058,ns,,,"5x64x42",,,1,5,32,42,5,64,1,1,16
"dot/dot_bf16_bf16_fp32_5x32x1_1x16x1_avx512/64/84/real_time",231452,605.197,603.712,ns,,,"5x64x84",,,1,5,32,84,5,64,1,1,16
"dot/dot_bf16_bf16_fp32_5x32x1_1x16x1_avx512/64/126/real_time",154380,906.474,904.243,ns,,,"5x64x126",,,1,5,32,126,5,64,1,1,16
"dot/dot_bf16_bf16_fp32_5x32x1_1x16x1_avx512/64/168/real_time",115425,1211.25,1208.52,ns,,,"5x64x168",,,1,5,32,168,5,64,1,1,16
"dot/dot_bf16_bf16_fp32_5x32x1_1x16x1_avx512/128/1/real_time",4560070,30.6774,30.6092,ns,,,"5x128x1",,,1,5,32,1,5,128,1,1,16
"dot/dot_bf16_bf16_fp32_5x32x1_1x16x1_avx512/128/20/real_time",483027,289.712,289.066,ns,,,"5x128x20",,,1,5,32,20,5,128,1,1,16
"dot/dot_bf16_bf16_fp32_5x32x1_1x16x1_avx512/128/41/real_time",236828,590.893,589.6,ns,,,"5x128x41",,,1,5,32,41,5,128,1,1,16
"dot/dot_bf16_bf16_fp32_5x32x1_1x16x1_avx512/128/61/real_time",159451,878.065,876.142,ns,,,"5x128x61",,,1,5,32,61,5,128,1,1,16
"dot/dot_bf16_bf16_fp32_5x32x1_1x16x1_avx512/128/82/real_time",93435,1181.5,1178.99,ns,,,"5x128x82",,,1,5,32,82,5,128,1,1,16
"dot/dot_bf16_bf16_fp32_5x32x1_1x16x1_avx512/256/1/real_time",2615586,53.51,53.3926,ns,,,"5x256x1",,,1,5,32,1,5,256,1,1,16
"dot/dot_bf16_bf16_fp32_5x32x1_1x16x1_avx512/256/9/real_time",537021,260.629,260.043,ns,,,"5x256x9",,,1,5,32,9,5,256,1,1,16
"dot/dot_bf16_bf16_fp32_5x32x1_1x16x1_avx512/256/18/real_time",254114,520.729,519.63,ns,,,"5x256x18",,,1,5,32,18,5,256,1,1,16
"dot/dot_bf16_bf16_fp32_5x32x1_1x16x1_avx512/256/27/real_time",180107,777.552,775.671,ns,,,"5x256x27",,,1,5,32,27,5,256,1,1,16
"dot/dot_bf16_bf16_fp32_5x32x1_1x16x1_avx512/256/37/real_time",130651,1079.56,1077.08,ns,,,"5x256x37",,,1,5,32,37,5,256,1,1,16
"dot/dot_bf16_bf16_fp32_6x32x1_1x16x1_avx512/32/1/real_time",9293501,15.0393,15.0039,ns,,,"6x32x1",,,1,6,32,1,6,32,1,1,16
"dot/dot_bf16_bf16_fp32_6x32x1_1x16x1_avx512/32/78/real_time",414227,337.851,337,ns,,,"6x32x78",,,1,6,32,78,6,32,1,1,16
"dot/dot_bf16_bf16_fp32_6x32x1_1x16x1_avx512/32/156/real_time",207818,675.978,674.29,ns,,,"6x32x156",,,1,6,32,156,6,32,1,1,16
"dot/dot_bf16_bf16_fp32_6x32x1_1x16x1_avx512/32/234/real_time",138694,1010.45,1007.8,ns,,,"6x32x234",,,1,6,32,234,6,32,1,1,16
"dot/dot_bf16_bf16_fp32_6x32x1_1x16x1_avx512/32/313/real_time",103839,1348.68,1345.05,ns,,,"6x32x313",,,1,6,32,313,6,32,1,1,16
"dot/dot_bf16_bf16_fp32_6x32x1_1x16x1_avx512/64/1/real_time",6491221,21.6289,21.5366,ns,,,"6x64x1",,,1,6,32,1,6,64,1,1,16
"dot/dot_bf16_bf16_fp32_6x32x1_1x16x1_avx512/64/41/real_time",394275,355.035,354.2,ns,,,"6x64x41",,,1,6,32,41,6,64,1,1,16
"dot/dot_bf16_bf16_fp32_6x32x1_1x16x1_avx512/64/82/real_time",198328,718.234,716.622,ns,,,"6x64x82",,,1,6,32,82,6,64,1,1,16
"dot/dot_bf16_bf16_fp32_6x32x1_1x16x1_avx512/64/123/real_time",129623,1077.48,1075.19,ns,,,"6x64x123",,,1,6,32,123,6,64,1,1,16
"dot/dot_bf16_bf16_fp32_6x32x1_1x16x1_avx512/64/164/real_time",97896,1436.97,1433.94,ns,,,"6x64x164",,,1,6,32,164,6,64,1,1,16
"dot/dot_bf16_bf16_fp32_6x32x1_1x16x1_avx512/128/1/real_time",4041084,34.6153,34.5364,ns,,,"6x128x1",,,1,6,32,1,6,128,1,1,16
"dot/dot_bf16_bf16_fp32_6x32x1_1x16x1_avx512/128/20/real_time",364684,346.393,345.529,ns,,,"6x128x20",,,1,6,32,20,6,128,1,1,16
"dot/dot_bf16_bf16_fp32_6x32x1_1x16x1_avx512/128/40/real_time",203383,688.518,686.839,ns,,,"6x128x40",,,1,6,32,40,6,128,1,1,16
"dot/dot_bf16_bf16_fp32_6x32x1_1x16x1_avx512/128/60/real_time",135859,1030.49,1028.08,ns,,,"6x128x60",,,1,6,32,60,6,128,1,1,16
"dot/dot_bf16_bf16_fp32_6x32x1_1x16x1_avx512/128/80/real_time",101538,1378.62,1375.16,ns,,,"6x128x80",,,1,6,32,80,6,128,1,1,16
"dot/dot_bf16_bf16_fp32_6x32x1_1x16x1_avx512/256/1/real_time",2305258,60.7475,60.6071,ns,,,"6x256x1",,,1,6,32,1,6,256,1,1,16
"dot/dot_bf16_bf16_fp32_6x32x1_1x16x1_avx512/256/8/real_time",503627,282.015,281.381,ns,,,"6x256x8",,,1,6,32,8,6,256,1,1,16
"dot/dot_bf16_bf16_fp32_6x32x1_1x16x1_avx512/256/17/real_time",238984,585.922,584.559,ns,,,"6x256x17",,,1,6,32,17,6,256,1,1,16
"dot/dot_bf16_bf16_fp32_6x32x1_1x16x1_avx512/256/26/real_time",156642,893.386,891.439,ns,,,"6x256x26",,,1,6,32,26,6,256,1,1,16
"dot/dot_bf16_bf16_fp32_6x32x1_1x16x1_avx512/256/35/real_time",115754,1207.77,1205.05,ns,,,"6x256x35",,,1,6,32,35,6,256,1,1,16
"dot/dot_bf16_bf16_fp32_8x32x1_1x16x1_avx512/32/1/real_time",8914030,15.7227,15.6864,ns,,,"8x32x1",,,1,8,32,1,8,32,1,1,16
"dot/dot_bf16_bf16_fp32_8x32x1_1x16x1_avx512/32/73/real_time",343352,407.64,406.764,ns,,,"8x32x73",,,1,8,32,73,8,32,1,1,16
"dot/dot_bf16_bf16_fp32_8x32x1_1x16x1_avx512/32/147/real_time",170806,825.242,823.553,ns,,,"8x32x147",,,1,8,32,147,8,32,1,1,16
"dot/dot_bf16_bf16_fp32_8x32x1_1x16x1_avx512/32/220/real_time",114027,1228.13,1225.17,ns,,,"8x32x220",,,1,8,32,220,8,32,1,1,16
"dot/dot_bf16_bf16_fp32_8x32x1_1x16x1_avx512/32/294/real_time",85586,1637.4,1633.77,ns,,,"8x32x294",,,1,8,32,294,8,32,1,1,16
"dot/dot_bf16_bf16_fp32_8x32x1_1x16x1_avx512/64/1/real_time",6363242,22.8312,22.7798,ns,,,"8x64x1",,,1,8,32,1,8,64,1,1,16
"dot/dot_bf16_bf16_fp32_8x32x1_1x16x1_avx512/64/39/real_time",313798,435.172,434.255,ns,,,"8x64x39",,,1,8,32,39,8,64,1,1,16
"dot/dot_bf16_bf16_fp32_8x32x1_1x16x1_avx512/64/78/real_time",161417,867.156,865.259,ns,,,"8x64x78",,,1,8,32,78,8,64,1,1,16
"dot/dot_bf16_bf16_fp32_8x32x1_1x16x1_avx512/64/117/real_time",107731,1315.23,1312.37,ns,,,"8x64x117",,,1,8,32,117,8,64,1,1,16
"dot/dot_bf16_bf16_fp32_8x32x1_1x16x1_avx512/64/156/real_time",80675,1733.88,1729.99,ns,,,"8x64x156",,,1,8,32,156,8,64,1,1,16
"dot/dot_bf16_bf16_fp32_8x32x1_1x16x1_avx512/128/1/real_time",3697852,35.4381,35.3559,ns,,,"8x128x1",,,1,8,32,1,8,128,1,1,16
"dot/dot_bf16_bf16_fp32_8x32x1_1x16x1_avx512/128/18/real_time",348477,401.76,400.839,ns,,,"8x128x18",,,1,8,32,18,8,128,1,1,16
"dot/dot_bf16_bf16_fp32_8x32x1_1x16x1_avx512/128/37/real_time",170117,822.894,821.033,ns,,,"8x128x37",,,1,8,32,37,8,128,1,1,16
"dot/dot_bf16_bf16_fp32_8x32x1_1x16x1_avx512/128/56/real_time",112747,1243.33,1240.8,ns,,,"8x128x56",,,1,8,32,56,8,128,1,1,16
"dot/dot_bf16_bf16_fp32_8x32x1_1x16x1_avx512/128/75/real_time",83843,1665.7,1662.13,ns,,,"8x128x75",,,1,8,32,75,8,128,1,1,16
"dot/dot_bf16_bf16_fp32_8x32x1_1x16x1_avx512/256/1/real_time",2076540,67.5735,67.4247,ns,,,"8x256x1",,,1,8,32,1,8,256,1,1,16
"dot/dot_bf16_bf16_fp32_8x32x1_1x16x1_avx512/256/7/real_time",399974,350.859,350.111,ns,,,"8x256x7",,,1,8,32,7,8,256,1,1,16
"dot/dot_bf16_bf16_fp32_8x32x1_1x16x1_avx512/256/15/real_time",184555,759.609,757.946,ns,,,"8x256x15",,,1,8,32,15,8,256,1,1,16
"dot/dot_bf16_bf16_fp32_8x32x1_1x16x1_avx512/256/23/real_time",122201,1146.91,1144.46,ns,,,"8x256x23",,,1,8,32,23,8,256,1,1,16
"dot/dot_bf16_bf16_fp32_8x32x1_1x16x1_avx512/256/31/real_time",90640,1548.64,1545.56,ns,,,"8x256x31",,,1,8,32,31,8,256,1,1,16
"dot/dot_bf16_bf16_fp32_10x32x1_1x16x1_avx512/32/1/real_time",6983677,19.0204,18.9775,ns,,,"10x32x1",,,1,10,32,1,10,32,1,1,16
"dot/dot_bf16_bf16_fp32_10x32x1_1x16x1_avx512/32/69/real_time",307557,455.342,454.366,ns,,,"10x32x69",,,1,10,32,69,10,32,1,1,16
"dot/dot_bf16_bf16_fp32_10x32x1_1x16x1_avx512/32/138/real_time",154588,905.738,903.739,ns,,,"10x32x138",,,1,10,32,138,10,32,1,1,16
"dot/dot_bf16_bf16_fp32_10x32x1_1x16x1_avx512/32/207/real_time",102773,1361.77,1358.83,ns,,,"10x32x207",,,1,10,32,207,10,32,1,1,16
"dot/dot_bf16_bf16_fp32_10x32x1_1x16x1_avx512/32/277/real_time",76964,1818.81,1814.58,ns,,,"10x32x277",,,1,10,32,277,10,32,1,1,16
"dot/dot_bf16_bf16_fp32_10x32x1_1x16x1_avx512/64/1/real_time",5489785,25.4819,25.4301,ns,,,"10x64x1",,,1,10,32,1,10,64,1,1,16
"dot/dot_bf16_bf16_fp32_10x32x1_1x16x1_avx512/64/37/real_time",286698,488.076,487.043,ns,,,"10x64x37",,,1,10,32,37,10,64,1,1,16
"dot/dot_bf16_bf16_fp32_10x32x1_1x16x1_avx512/64/74/real_time",144170,971.398,969.19,ns,,,"10x64x74",,,1,10,32,74,10,64,1,1,16
"dot/dot_bf16_bf16_fp32_10x32x1_1x16x1_avx512/64/111/real_time",96184,1454.5,1451.26,ns,,,"10x64x111",,,1,10,32,111,10,64,1,1,16
"dot/dot_bf16_bf16_fp32_10x32x1_1x16x1_avx512/64/148/real_time",72219,1942.49,1938.06,ns,,,"10x64x148",,,1,10,32,148,10,64,1,1,16
"dot/dot_bf16_bf16_fp32_10x32x1_1x16x1_avx512/128/1/real_time",3094394,45.2032,45.1088,ns,,,"10x128x1",,,1,10,32,1,10,128,1,1,16
"dot/dot_bf16_bf16_fp32_10x32x1_1x16x1_avx512/128/17/real_time",277577,511.392,510.322,ns,,,"10x128x17",,,1,10,32,17,10,128,1,1,16
"dot/dot_bf16_bf16_fp32_10x32x1_1x16x1_avx512/128/35/real_time",135783,1043.73,1041.25,ns,,,"10x128x35",,,1,10,32,35,10,128,1,1,16
"dot/dot_bf16_bf16_fp32_10x32x1_1x16x1_avx512/128/52/real_time",87511,1592.76,1589.32,ns,,,"10x128x52",,,1,10,32,52,10,128,1,1,16
"dot/dot_bf16_bf16_fp32_10x32x1_1x16x1_avx512/128/70/real_time",65841,2018.07,2014.17,ns,,,"10x128x70",,,1,10,32,70,10,128,1,1,16
"dot/dot_bf16_bf16_fp32_10x32x1_1x16x1_avx512/256/1/real_time",1772904,79.0264,78.8538,ns,,,"10x256x1",,,1,10,32,1,10,256,1,1,16
"dot/dot_bf16_bf16_fp32_10x32x1_1x16x1_avx512/256/6/real_time",390663,361.862,361.032,ns,,,"10x256x6",,,1,10,32,6,10,256,1,1,16
"dot/dot_bf16_bf16_fp32_10x32x1_1x16x1_avx512/256/13/real_time",182138,778.193,776.433,ns,,,"10x256x13",,,1,10,32,13,10,256,1,1,16
"dot/dot_bf16_bf16_fp32_10x32x1_1x16x1_avx512/256/19/real_time",124799,1121.27,1118.54,ns,,,"10x256x19",,,1,10,32,19,10,256,1,1,16
"dot/dot_bf16_bf16_fp32_10x32x1_1x16x1_avx512/256/26/real_time",91449,1386.29,1383.19,ns,,,"10x256x26",,,1,10,32,26,10,256,1,1,16
"dot/dot_bf16_bf16_fp32_12x32x1_1x16x1_avx512/32/1/real_time",6329205,21.9941,21.9374,ns,,,"12x32x1",,,1,12,32,1,12,32,1,1,16
"dot/dot_bf16_bf16_fp32_12x32x1_1x16x1_avx512/32/65/real_time",272677,513.113,511.698,ns,,,"12x32x65",,,1,12,32,65,12,32,1,1,16
"dot/dot_bf16_bf16_fp32_12x32x1_1x16x1_avx512/32/130/real_time",137952,1014.89,1012.36,ns,,,"12x32x130",,,1,12,32,130,12,32,1,1,16
"dot/dot_bf16_bf16_fp32_12x32x1_1x16x1_avx512/32/195/real_time",92183,1518.82,1515.43,ns,,,"12x32x195",,,1,12,32,195,12,32,1,1,16
"dot/dot_bf16_bf16_fp32_12x32x1_1x16x1_avx512/32/261/real_time",68975,2028.91,2023.8,ns,,,"12x32x261",,,1,12,32,261,12,32,1,1,16
"dot/dot_bf16_bf16_fp32_12x32x1_1x16x1_avx512/64/1/real_time",4546826,30.7425,30.6631,ns,,,"12x64x1",,,1,12,32,1,12,64,1,1,16
"dot/dot_bf16_bf16_fp32_12x32x1_1x16x1_avx512/64/35/real_time",246376,570.842,569.711,ns,,,"12x64x35",,,1,12,32,35,12,64,1,1,16
"dot/dot_bf16_bf16_fp32_12x32x1_1x16x1_avx512/64/70/real_time",123671,1130.34,1127.97,ns,,,"12x64x70",,,1,12,32,70,12,64,1,1,16
"dot/dot_bf16_bf16_fp32_12x32x1_1x16x1_avx512/64/105/real_time",82896,1689.8,1685.96,ns,,,"12x64x105",,,1,12,32,105,12,64,1,1,16
"dot/dot_bf16_bf16_fp32_12x32x1_1x16x1_avx512/64/141/real_time",61796,2265.98,2261.54,ns,,,"12x64x141",,,1,12,32,141,12,64,1,1,16
"dot/dot_bf16_bf16_fp32_12x32x1_1x16x1_avx512/128/1/real_time",2756471,50.7801,50.6534,ns,,,"12x128x1",,,1,12,32,1,12,128,1,1,16
"dot/dot_bf16_bf16_fp32_12x32x1_1x16x1_avx512/128/16/real_time",271285,505.936,504.741,ns,,,"12x128x16",,,1,12,32,16,12,128,1,1,16
"dot/dot_bf16_bf16_fp32_12x32x1_1x16x1_avx512/128/32/real_time",120088,1002.95,1000.55,ns,,,"12x128x32",,,1,12,32,32,12,128,1,1,16
"dot/dot_bf16_bf16_fp32_12x32x1_1x16x1_avx512/128/48/real_time",93693,1494.15,1490.67,ns,,,"12x128x48",,,1,12,32,48,12,128,1,1,16
"dot/dot_bf16_bf16_fp32_12x32x1_1x16x1_avx512/128/65/real_time",69213,2069.31,2060.97,ns,,,"12x128x65",,,1,12,32,65,12,128,1,1,16
"dot/dot_bf16_bf16_fp32_12x32x1_1x16x1_avx512/256/1/real_time",1468450,92.6701,92.4657,ns,,,"12x256x1",,,1,12,32,1,12,256,1,1,16
"dot/dot_bf16_bf16_fp32_12x32x1_1x16x1_avx512/256/5/real_time",388496,360.532,359.727,ns,,,"12x256x5",,,1,12,32,5,12,256,1,1,16
"dot/dot_bf16_bf16_fp32_12x32x1_1x16x1_avx512/256/11/real_time",180389,742.996,740.902,ns,,,"12x256x11",,,1,12,32,11,12,256,1,1,16
"dot/dot_bf16_bf16_fp32_12x32x1_1x16x1_avx512/256/16/real_time",139718,1000.83,998.441,ns,,,"12x256x16",,,1,12,32,16,12,256,1,1,16
"dot/dot_bf16_bf16_fp32_12x32x1_1x16x1_avx512/256/22/real_time",102088,1371.38,1368.52,ns,,,"12x256x22",,,1,12,32,22,12,256,1,1,16
"dot/dot_bf16_bf16_fp32_16x16x1_1x16x1_avx512/16/1/real_time",5150784,27.2849,27.2185,ns,,,"16x16x1",,,1,16,16,1,16,16,1,1,16
"dot/dot_bf16_bf16_fp32_16x16x1_1x16x1_avx512/16/92/real_time",164825,836.006,834.006,ns,,,"16x16x92",,,1,16,16,92,16,16,1,1,16
"dot/dot_bf16_bf16_fp32_16x16x1_1x16x1_avx512/16/184/real_time",84380,1660.4,1656.27,ns,,,"16x16x184",,,1,16,16,184,16,16,1,1,16
"dot/dot_bf16_bf16_fp32_16x16x1_1x16x1_avx512/16/276/real_time",56292,2486.24,2481.11,ns,,,"16x16x276",,,1,16,16,276,16,16,1,1,16
"dot/dot_bf16_bf16_fp32_16x16x1_1x16x1_avx512/16/368/real_time",42277,3310.85,3303.22,ns,,,"16x16x368",,,1,16,16,368,16,16,1,1,16
"dot/dot_bf16_bf16_fp32_16x16x1_1x16x1_avx512/32/1/real_time",3884568,36.1173,36.0305,ns,,,"16x32x1",,,1,16,16,1,16,32,1,1,16
"dot/dot_bf16_bf16_fp32_16x16x1_1x16x1_avx512/32/58/real_time",133283,1050.74,1048.47,ns,,,"16x32x58",,,1,16,16,58,16,32,1,1,16
"dot/dot_bf16_bf16_fp32_16x16x1_1x16x1_avx512/32/117/real_time",66460,2107.72,2102.77,ns,,,"16x32x117",,,1,16,16,117,16,32,1,1,16
"dot/dot_bf16_bf16_fp32_16x16x1_1x16x1_avx512/32/175/real_time",44447,3147.58,3139.49,ns,,,"16x32x175",,,1,16,16,175,16,32,1,1,16
"dot/dot_bf16_bf16_fp32_16x16x1_1x16x1_avx512/32/234/real_time",34202,4092.97,4085.09,ns,,,"16x32x234",,,1,16,16,234,16,32,1,1,16
"dot/dot_bf16_bf16_fp32_16x16x1_1x16x1_avx512/64/1/real_time",2597659,53.9243,53.8135,ns,,,"16x64x1",,,1,16,16,1,16,64,1,1,16
"dot/dot_bf16_bf16_fp32_16x16x1_1x16x1_avx512/64/32/real_time",120908,1158.44,1155.82,ns,,,"16x64x32",,,1,16,16,32,16,64,1,1,16
"dot/dot_bf16_bf16_fp32_16x16x1_1x16x1_avx512/64/64/real_time",60581,2306.79,2301.71,ns,,,"16x64x64",,,1,16,16,64,16,64,1,1,16
"dot/dot_bf16_bf16_fp32_16x16x1_1x16x1_avx512/64/96/real_time",40510,3456.25,3448.31,ns,,,"16x64x96",,,1,16,16,96,16,64,1,1,16
"dot/dot_bf16_bf16_fp32_16x16x1_1x16x1_avx512/64/128/real_time",30417,4601.78,4591.71,ns,,,"16x64x128",,,1,16,16,128,16,64,1,1,16
"dot/dot_bf16_bf16_fp32_16x16x1_1x16x1_avx512/128/1/real_time",1557818,90.0053,89.7809,ns,,,"16x128x1",,,1,16,16,1,16,128,1,1,16
"dot/dot_bf16_bf16_fp32_16x16x1_1x16x1_avx512/128/14/real_time",138065,1015.1,1012.86,ns,,,"16x128x14",,,1,16,16,14,16,128,1,1,16
"dot/dot_bf16_bf16_fp32_16x16x1_1x16x1_avx512/128/28/real_time",68787,2066.19,2061.84,ns,,,"16x128x28",,,1,16,16,28,16,128,1,1,16
"dot/dot_bf16_bf16_fp32_16x16x1_1x16x1_avx512/128/42/real_time",46248,3026.3,3019.76,ns,,,"16x128x42",,,1,16,16,42,16,128,1,1,16
"dot/dot_bf16_bf16_fp32_16x16x1_1x16x1_avx512/128/56/real_time",34733,4029.05,4020.12,ns,,,"16x128x56",,,1,16,16,56,16,128,1,1,16
"dot/dot_fp16_fp16_fp32_1x64x1_1x16x1_avx512/64/1/real_time",17471539,8.01878,7.99967,ns,,,"1x64x1",,,1,1,64,1,1,64,1,1,16
"dot/dot_fp16_fp16_fp32_1x64x1_1x16x1_avx512/64/46/real_time",1388651,100.792,100.582,ns,,,"1x64x46",,,1,1,64,46,1,64,1,1,16
"dot/dot_fp16_fp16_fp32_1x64x1_1x16x1_avx512/64/93/real_time",688241,203.463,203.039,ns,,,"1x64x93",,,1,1,64,93,1,64,1,1,16
"dot/dot_fp16_fp16_fp32_1x64x1_1x16x1_avx512/64/140/real_time",457219,306.047,305.395,ns,,,"1x64x140",,,1,1,64,140,1,64,1,1,16
"dot/dot_fp16_fp16_fp32_1x64x1_1x16x1_avx512/64/187/real_time",342579,408.829,407.888,ns,,,"1x64x187",,,1,1,64,187,1,64,1,1,16
"dot/dot_fp16_fp16_fp32_1x64x1_1x16x1_avx512/128/1/real_time",12856696,10.8874,10.8618,ns,,,"1x128x1",,,1,1,64,1,1,128,1,1,16
"dot/dot_fp16_fp16_fp32_1x64x1_1x16x1_avx512/128/23/real_time",1385783,100.967,100.749,ns,,,"1x128x23",,,1,1,64,23,1,128,1,1,16
"dot/dot_fp16_fp16_fp32_1x64x1_1x16x1_avx512/128/46/real_time",694713,201.417,200.926,ns,,,"1x128x46",,,1,1,64,46,1,128,1,1,16
"dot/dot_fp16_fp16_fp32_1x64x1_1x16x1_avx512/128/69/real_time",464126,301.955,301.243,ns,,,"1x128x69",,,1,1,64,69,1,128,1,1,16
"dot/dot_fp16_fp16_fp32_1x64x1_1x16x1_avx512/128/93/real_time",344102,406.705,405.811,ns,,,"1x128x93",,,1,1,64,93,1,128,1,1,16
"dot/dot_fp16_fp16_fp32_1x64x1_1x16x1_avx512/256/1/real_time",8294344,16.8466,16.8109,ns,,,"1x256x1",,,1,1,64,1,1,256,1,1,16
"dot/dot_fp16_fp16_fp32_1x64x1_1x16x1_avx512/256/11/real_time",1446829,96.7312,96.5216,ns,,,"1x256x11",,,1,1,64,11,1,256,1,1,16
"dot/dot_fp16_fp16_fp32_1x64x1_1x16x1_avx512/256/22/real_time",726606,192.806,192.38,ns,,,"1x256x22",,,1,1,64,22,1,256,1,1,16
"dot/dot_fp16_fp16_fp32_1x64x1_1x16x1_avx512/256/33/real_time",484377,288.975,288.353,ns,,,"1x256x33",,,1,1,64,33,1,256,1,1,16
"dot/dot_fp16_fp16_fp32_1x64x1_1x16x1_avx512/256/45/real_time",355518,393.863,392.93,ns,,,"1x256x45",,,1,1,64,45,1,256,1,1,16
"dot/dot_fp16_fp16_fp32_1x64x1_1x16x1_avx512/512/1/real_time",4917121,28.4757,28.412,ns,,,"1x512x1",,,1,1,64,1,1,512,1,1,16
"dot/dot_fp16_fp16_fp32_1x64x1_1x16x1_avx512/512/5/real_time",1585080,88.3402,88.1501,ns,,,"1x512x5",,,1,1,64,5,1,512,1,1,16
"dot/dot_fp16_fp16_fp32_1x64x1_1x16x1_avx512/512/10/real_time",796514,179.753,179.346,ns,,,"1x512x10",,,1,1,64,10,1,512,1,1,16
"dot/dot_fp16_fp16_fp32_1x64x1_1x16x1_avx512/512/15/real_time",532029,257.453,256.897,ns,,,"1x512x15",,,1,1,64,15,1,512,1,1,16
"dot/dot_fp16_fp16_fp32_1x64x1_1x16x1_avx512/512/21/real_time",391083,363.195,362.551,ns,,,"1x512x21",,,1,1,64,21,1,512,1,1,16
"dot/dot_fp16_fp16_fp32_2x64x1_1x16x1_avx512/64/1/real_time",10000000,10.3802,10.3597,ns,,,"2x64x1",,,1,2,64,1,2,64,1,1,16
"dot/dot_fp16_fp16_fp32_2x64x1_1x16x1_avx512/64/45/real_time",938644,141.301,141.017,ns,,,"2x64x45",,,1,2,64,45,2,64,1,1,16
"dot/dot_fp16_fp16_fp32_2x64x1_1x16x1_avx512/64/91/real_time",490849,285.206,284.662,ns,,,"2x64x91",,,1,2,64,91,2,64,1,1,16
"dot/dot_fp16_fp16_fp32_2x64x1_1x16x1_avx512/64/136/real_time",328575,426.045,425.219,ns,,,"2x64x136",,,1,2,64,136,2,64,1,1,16
"dot/dot_fp16_fp16_fp32_2x64x1_1x16x1_avx512/64/182/real_time",245666,569.913,568.838,ns,,,"2x64x182",,,1,2,64,182,2,64,1,1,16
"dot/dot_fp16_fp16_fp32_2x64x1_1x16x1_avx512/128/1/real_time",9630546,14.521,14.4886,ns,,,"2x128x1",,,1,2,64,1,2,128,1,1,16
"dot/dot_fp16_fp16_fp32_2x64x1_1x16x1_avx512/128/22/real_time",984635,140.896,140.616,ns,,,"2x128x22",,,1,2,64,22,2,128,1,1,16
"dot/dot_fp16_fp16_fp32_2x64x1_1x16x1_avx512/128/45/real_time",496273,282.228,281.615,ns,,,"2x128x45",,,1,2,64,45,2,128,1,1,16
"dot/dot_fp16_fp16_fp32_2x64x1_1x16x1_avx512/128/67/real_time",333542,424.222,423.403,ns,,,"2x128x67",,,1,2,64,67,2,128,1,1,16
"dot/dot_fp16_fp16_fp32_2x64x1_1x16x1_avx512/128/90/real_time",248337,563.715,562.66,ns,,,"2x128x90",,,1,2,64,90,2,128,1,1,16
"dot/dot_fp16_fp16_fp32_2x64x1_1x16x1_avx512/256/1/real_time",6048373,23.1435,23.0934,ns,,,"2x256x1",,,1,2,64,1,2,256,1,1,16
"dot/dot_fp16_fp16_fp32_2x64x1_1x16x1_avx512/256/10/real_time",1082384,129.389,129.128,ns,,,"2x256x10",,,1,2,64,10,2,256,1,1,16
"dot/dot_fp16_fp16_fp32_2x64x1_1x16x1_avx512/256/21/real_time",516614,270.951,270.393,ns,,,"2x256x21",,,1,2,64,21,2,256,1,1,16
"dot/dot_fp16_fp16_fp32_2x64x1_1x16x1_avx512/256/32/real_time",339351,412.478,411.618,ns,,,"2x256x32",,,1,2,64,32,2,256,1,1,16
"dot/dot_fp16_fp16_fp32_2x64x1_1x16x1_avx512/256/43/real_time",252582,554.184,552.94,ns,,,"2x256x43",,,1,2,64,43,2,256,1,1,16
"dot/dot_fp16_fp16_fp32_2x64x1_1x16x1_avx512/512/1/real_time",3449430,40.5638,40.4792,ns,,,"2x512x1",,,1,2,64,1,2,512,1,1,16
"dot/dot_fp16_fp16_fp32_2x64x1_1x16x1_avx512/512/4/real_time",1345505,104.036,103.802,ns,,,"2x512x4",,,1,2,64,4,2,512,1,1,16
"dot/dot_fp16_fp16_fp32_2x64x1_1x16x1_avx512/512/9/real_time",602149,232.63,232.144,ns,,,"2x512x9",,,1,2,64,9,2,512,1,1,16
"dot/dot_fp16_fp16_fp32_2x64x1_1x16x1_avx512/512/14/real_time",387277,361.259,360.518,ns,,,"2x512x14",,,1,2,64,14,2,512,1,1,16
"dot/dot_fp16_fp16_fp32_2x64x1_1x16x1_avx512/512/19/real_time",246598,558.405,557.245,ns,,,"2x512x19",,,1,2,64,19,2,512,1,1,16
"dot/dot_fp16_fp16_fp32_3x64x1_1x16x1_avx512/64/1/real_time",9121531,12.8868,12.8568,ns,,,"3x64x1",,,1,3,64,1,3,64,1,1,16
"dot/dot_fp16_fp16_fp32_3x64x1_1x16x1_avx512/64/44/real_time",743393,188.328,187.905,ns,,,"3x64x44",,,1,3,64,44,3,64,1,1,16
"dot/dot_fp16_fp16_fp32_3x64x1_1x16x1_avx512/64/88/real_time",372989,375.255,374.325,ns,,,"3x64x88",,,1,3,64,88,3,64,1,1,16
"dot/dot_fp16_fp16_fp32_3x64x1_1x16x1_avx512/64/132/real_time",240690,562.134,560.789,ns,,,"3x64x132",,,1,3,64,132,3,64,1,1,16
"dot/dot_fp16_fp16_fp32_3x64x1_1x16x1_avx512/64/177/real_time",184888,757.411,755.675,ns,,,"3x64x177",,,1,3,64,177,3,64,1,1,16
"dot/dot_fp16_fp16_fp32_3x64x1_1x16x1_avx512/128/1/real_time",8170975,17.1883,17.1492,ns,,,"3x128x1",,,1,3,64,1,3,128,1,1,16
"dot/dot_fp16_fp16_fp32_3x64x1_1x16x1_avx512/128/21/real_time",776190,180.146,179.729,ns,,,"3x128x21",,,1,3,64,21,3,128,1,1,16
"dot/dot_fp16_fp16_fp32_3x64x1_1x16x1_avx512/128/43/real_time",381810,366.833,365.996,ns,,,"3x128x43",,,1,3,64,43,3,128,1,1,16
"dot/dot_fp16_fp16_fp32_3x64x1_1x16x1_avx512/128/65/real_time",252878,553.603,552.328,ns,,,"3x128x65",,,1,3,64,65,3,128,1,1,16
"dot/dot_fp16_fp16_fp32_3x64x1_1x16x1_avx512/128/87/real_time",188999,765.182,763.317,ns,,,"3x128x87",,,1,3,64,87,3,128,1,1,16
"dot/dot_fp16_fp16_fp32_3x64x1_1x16x1_avx512/256/1/real_time",4987406,28.0296,27.9679,ns,,,"3x256x1",,,1,3,64,1,3,256,1,1,16
"dot/dot_fp16_fp16_fp32_3x64x1_1x16x1_avx512/256/10/real_time",812738,172.117,171.709,ns,,,"3x256x10",,,1,3,64,10,3,256,1,1,16
"dot/dot_fp16_fp16_fp32_3x64x1_1x16x1_avx512/256/20/real_time",409741,348.681,347.926,ns,,,"3x256x20",,,1,3,64,20,3,256,1,1,16
"dot/dot_fp16_fp16_fp32_3x64x1_1x16x1_avx512/256/30/real_time",273770,509.509,508.376,ns,,,"3x256x30",,,1,3,64,30,3,256,1,1,16
"dot/dot_fp16_fp16_fp32_3x64x1_1x16x1_avx512/256/41/real_time",206180,679.192,677.814,ns,,,"3x256x41",,,1,3,64,41,3,256,1,1,16
"dot/dot_fp16_fp16_fp32_3x64x1_1x16x1_avx512/512/1/real_time",2806540,49.8791,49.7728,ns,,,"3x512x1",,,1,3,64,1,3,512,1,1,16
"dot/dot_fp16_fp16_fp32_3x64x1_1x16x1_avx512/512/4/real_time",1002826,139.603,139.31,ns,,,"3x512x4",,,1,3,64,4,3,512,1,1,16
"dot/dot_fp16_fp16_fp32_3x64x1_1x16x1_avx512/512/8/real_time",510913,273.973,273.348,ns,,,"3x512x8",,,1,3,64,8,3,512,1,1,16
"dot/dot_fp16_fp16_fp32_3x64x1_1x16x1_avx512/512/12/real_time",341656,409.714,408.761,ns,,,"3x512x12",,,1,3,64,12,3,512,1,1,16
"dot/dot_fp16_fp16_fp32_3x64x1_1x16x1_avx512/512/17/real_time",241772,579.528,578.266,ns,,,"3x512x17",,,1,3,64,17,3,512,1,1,16
"dot/dot_fp16_fp16_fp32_4x64x1_1x16x1_avx512/64/1/real_time",10343182,13.5364,13.5083,ns,,,"4x64x1",,,1,4,64,1,4,64,1,1,16
"dot/dot_fp16_fp16_fp32_4x64x1_1x16x1_avx512/64/43/real_time",606935,230.711,230.186,ns,,,"4x64x43",,,1,4,64,43,4,64,1,1,16
"dot/dot_fp16_fp16_fp32_4x64x1_1x16x1_avx512/64/86/real_time",304999,458.765,457.778,ns,,,"4x64x86",,,1,4,64,86,4,64,1,1,16
"dot/dot_fp16_fp16_fp32_4x64x1_1x16x1_avx512/64/129/real_time",203793,686.845,685.423,ns,,,"4x64x129",,,1,4,64,129,4,64,1,1,16
"dot/dot_fp16_fp16_fp32_4x64x1_1x16x1_avx512/64/173/real_time",149421,930.02,927.942,ns,,,"4x64x173",,,1,4,64,173,4,64,1,1,16
"dot/dot_fp16_fp16_fp32_4x64x1_1x16x1_avx512/128/1/real_time",6807630,20.5347,20.4905,ns,,,"4x128x1",,,1,4,64,1,4,128,1,1,16
"dot/dot_fp16_fp16_fp32_4x64x1_1x16x1_avx512/128/21/real_time",619908,225.829,225.341,ns,,,"4x128x21",,,1,4,64,21,4,128,1,1,16
"dot/dot_fp16_fp16_fp32_4x64x1_1x16x1_avx512/128/42/real_time",312409,448.368,447.345,ns,,,"4x128x42",,,1,4,64,42,4,128,1,1,16
"dot/dot_fp16_fp16_fp32_4x64x1_1x16x1_avx512/128/63/real_time",208585,671.241,669.805,ns,,,"4x128x63",,,1,4,64,63,4,128,1,1,16
"dot/dot_fp16_fp16_fp32_4x64x1_1x16x1_avx512/128/85/real_time",154758,904.635,902.572,ns,,,"4x128x85",,,1,4,64,85,4,128,1,1,16
"dot/dot_fp16_fp16_fp32_4x64x1_1x16x1_avx512/256/1/real_time",4195338,33.2322,33.1595,ns,,,"4x256x1",,,1,4,64,1,4,256,1,1,16
"dot/dot_fp16_fp16_fp32_4x64x1_1x16x1_avx512/256/9/real_time",722412,193.73,193.301,ns,,,"4x256x9",,,1,4,64,9,4,256,1,1,16
"dot/dot_fp16_fp16_fp32_4x64x1_1x16x1_avx512/256/19/real_time",344880,405.874,404.994,ns,,,"4x256x19",,,1,4,64,19,4,256,1,1,16
"dot/dot_fp16_fp16_fp32_4x64x1_1x16x1_avx512/256/29/real_time",226463,618.771,617.348,ns,,,"4x256x29",,,1,4,64,29,4,256,1,1,16
"dot/dot_fp16_fp16_fp32_4x64x1_1x16x1_avx512/256/39/real_time",168582,830.186,828.48,ns,,,"4x256x39",,,1,4,64,39,4,256,1,1,16
"dot/dot_fp16_fp16_fp32_4x64x1_1x16x1_avx512/512/1/real_time",2353375,59.4245,59.3008,ns,,,"4x512x1",,,1,4,64,1,4,512,1,1,16
"dot/dot_fp16_fp16_fp32_4x64x1_1x16x1_avx512/512/3/real_time",1074738,131.708,131.434,ns,,,"4x512x3",,,1,4,64,3,4,512,1,1,16
"dot/dot_fp16_fp16_fp32_4x64x1_1x16x1_avx512/512/7/real_time",460883,311.567,310.833,ns,,,"4x512x7",,,1,4,64,7,4,512,1,1,16
"dot/dot_fp16_fp16_fp32_4x64x1_1x16x1_avx512/512/11/real_time",297855,470.392,468.589,ns,,,"4x512x11",,,1,4,64,11,4,512,1,1,16
"dot/dot_fp16_fp16_fp32_4x64x1_1x16x1_avx512/512/15/real_time",222226,621.968,620.687,ns,,,"4x512x15",,,1,4,64,15,4,512,1,1,16
"dot/dot_fp16_fp16_fp32_5x64x1_1x16x1_avx512/64/1/real_time",8783439,15.9463,15.9137,ns,,,"5x64x1",,,1,5,64,1,5,64,1,1,16
"dot/dot_fp16_fp16_fp32_5x64x1_1x16x1_avx512/64/42/real_time",517027,273.016,272.085,ns,,,"5x64x42",,,1,5,64,42,5,64,1,1,16
"dot/dot_fp16_fp16_fp32_5x64x1_1x16x1_avx512/64/84/real_time",267696,529.998,528.995,ns,,,"5x64x84",,,1,5,64,84,5,64,1,1,16
"dot/dot_fp16_fp16_fp32_5x64x1_1x16x1_avx512/64/126/real_time",178822,782.955,781.286,ns,,,"5x64x126",,,1,5,64,126,5,64,1,1,16
"dot/dot_fp16_fp16_fp32_5x64x1_1x16x1_avx512/64/168/real_time",133737,1048.49,1046.27,ns,,,"5x64x168",,,1,5,64,168,5,64,1,1,16
"dot/dot_fp16_fp16_fp32_5x64x1_1x16x1_avx512/128/1/real_time",5776476,24.6529,24.5952,ns,,,"5x128x1",,,1,5,64,1,5,128,1,1,16
"dot/dot_fp16_fp16_fp32_5x64x1_1x16x1_avx512/128/20/real_time",542532,258.116,257.533,ns,,,"5x128x20",,,1,5,64,20,5,128,1,1,16
"dot/dot_fp16_fp16_fp32_5x64x1_1x16x1_avx512/128/41/real_time",266609,525.042,523.928,ns,,,"5x128x41",,,1,5,64,41,5,128,1,1,16
"dot/dot_fp16_fp16_fp32_5x64x1_1x16x1_avx512/128/61/real_time",179626,779.482,777.685,ns,,,"5x128x61",,,1,5,64,61,5,128,1,1,16
"dot/dot_fp16_fp16_fp32_5x64x1_1x16x1_avx512/128/82/real_time",132903,1046.66,1044.33,ns,,,"5x128x82",,,1,5,64,82,5,128,1,1,16
"dot/dot_fp16_fp16_fp32_5x64x1_1x16x1_avx512/256/1/real_time",3539763,39.5196,39.4382,ns,,,"5x256x1",,,1,5,64,1,5,256,1,1,16
"dot/dot_fp16_fp16_fp32_5x64x1_1x16x1_avx512/256/9/real_time",601035,232.748,232.26,ns,,,"5x256x9",,,1,5,64,9,5,256,1,1,16
"dot/dot_fp16_fp16_fp32_5x64x1_1x16x1_avx512/256/18/real_time",303183,461.615,460.568,ns,,,"5x256x18",,,1,5,64,18,5,256,1,1,16
"dot/dot_fp16_fp16_fp32_5x64x1_1x16x1_avx512/256/27/real_time",202724,690.584,688.938,ns,,,"5x256x27",,,1,5,64,27,5,256,1,1,16
"dot/dot_fp16_fp16_fp32_5x64x1_1x16x1_avx512/256/37/real_time",148197,945.087,942.781,ns,,,"5x256x37",,,1,5,64,37,5,256,1,1,16
"dot/dot_fp16_fp16_fp32_5x64x1_1x16x1_avx512/512/1/real_time",1992940,70.2293,70.0835,ns,,,"5x512x1",,,1,5,64,1,5,512,1,1,16
"dot/dot_fp16_fp16_fp32_5x64x1_1x16x1_avx512/512/3/real_time",889526,157.552,157.195,ns,,,"5x512x3",,,1,5,64,3,5,512,1,1,16
"dot/dot_fp16_fp16_fp32_5x64x1_1x16x1_avx512/512/6/real_time",452941,308.911,308.251,ns,,,"5x512x6",,,1,5,64,6,5,512,1,1,16
"dot/dot_fp16_fp16_fp32_5x64x1_1x16x1_avx512/512/9/real_time",302885,462.002,460.934,ns,,,"5x512x9",,,1,5,64,9,5,512,1,1,16
"dot/dot_fp16_fp16_fp32_5x64x1_1x16x1_avx512/512/13/real_time",210394,665.498,664.042,ns,,,"5x512x13",,,1,5,64,13,5,512,1,1,16
"dot/dot_fp16_fp16_fp32_1x32x1_1x16x1_avx512/32/1/real_time",18931785,7.40777,7.39237,ns,,,"1x32x1",,,1,1,32,1,1,32,1,1,16
"dot/dot_fp16_fp16_fp32_1x32x1_1x16x1_avx512/32/92/real_time",1143679,121.717,121.452,ns,,,"1x32x92",,,1,1,32,92,1,32,1,1,16
"dot/dot_fp16_fp16_fp32_1x32x1_1x16x1_avx512/32/185/real_time",585282,239.256,238.803,ns,,,"1x32x185",,,1,1,32,185,1,32,1,1,16
"dot/dot_fp16_fp16_fp32_1x32x1_1x16x1_avx512/32/277/real_time",386362,362.406,361.705,ns,,,"1x32x277",,,1,1,32,277,1,32,1,1,16
"dot/dot_fp16_fp16_fp32_1x32x1_1x16x1_avx512/32/370/real_time",290251,482.413,481.429,ns,,,"1x32x370",,,1,1,32,370,1,32,1,1,16
"dot/dot_fp16_fp16_fp32_1x32x1_1x16x1_avx512/64/1/real_time",14650299,9.54462,9.52588,ns,,,"1x64x1",,,1,1,32,1,1,64,1,1,16
"dot/dot_fp16_fp16_fp32_1x32x1_1x16x1_avx512/64/46/real_time",1175040,120.969,120.743,ns,,,"1x64x46",,,1,1,32,46,1,64,1,1,16
"dot/dot_fp16_fp16_fp32_1x32x1_1x16x1_avx512/64/93/real_time",581391,240.654,240.19,ns,,,"1x64x93",,,1,1,32,93,1,64,1,1,16
"dot/dot_fp16_fp16_fp32_1x32x1_1x16x1_avx512/64/140/real_time",386729,366.742,366.036,ns,,,"1x64x140",,,1,1,32,140,1,64,1,1,16
"dot/dot_fp16_fp16_fp32_1x32x1_1x16x1_avx512/64/187/real_time",284748,487.964,486.993,ns,,,"1x64x187",,,1,1,32,187,1,64,1,1,16
"dot/dot_fp16_fp16_fp32_1x32x1_1x16x1_avx512/128/1/real_time",9947521,14.1642,14.135,ns,,,"1x128x1",,,1,1,32,1,1,128,1,1,16
"dot/dot_fp16_fp16_fp32_1x32x1_1x16x1_avx512/128/23/real_time",1172733,119.401,119.16,ns,,,"1x128x23",,,1,1,32,23,1,128,1,1,16
"dot/dot_fp16_fp16_fp32_1x32x1_1x16x1_avx512/128/46/real_time",566670,238.504,238.042,ns,,,"1x128x46",,,1,1,32,46,1,128,1,1,16
"dot/dot_fp16_fp16_fp32_1x32x1_1x16x1_avx512/128/69/real_time",388971,361.199,360.51,ns,,,"1x128x69",,,1,1,32,69,1,128,1,1,16
"dot/dot_fp16_fp16_fp32_1x32x1_1x16x1_avx512/128/93/real_time",288133,485.685,484.737,ns,,,"1x128x93",,,1,1,32,93,1,128,1,1,16
"dot/dot_fp16_fp16_fp32_1x32x1_1x16x1_avx512/256/1/real_time",5925171,23.653,23.6103,ns,,,"1x256x1",,,1,1,32,1,1,256,1,1,16
"dot/dot_fp16_fp16_fp32_1x32x1_1x16x1_avx512/256/11/real_time",1223359,114.487,114.271,ns,,,"1x256x11",,,1,1,32,11,1,256,1,1,16
"dot/dot_fp16_fp16_fp32_1x32x1_1x16x1_avx512/256/22/real_time",613399,228.129,227.668,ns,,,"1x256x22",,,1,1,32,22,1,256,1,1,16
"dot/dot_fp16_fp16_fp32_1x32x1_1x16x1_avx512/256/33/real_time",404262,346.339,345.711,ns,,,"1x256x33",,,1,1,32,33,1,256,1,1,16
"dot/dot_fp16_fp16_fp32_1x32x1_1x16x1_avx512/256/45/real_time",293674,475.589,474.712,ns,,,"1x256x45",,,1,1,32,45,1,256,1,1,16
"dot/dot_fp16_fp16_fp32_2x32x1_1x16x1_avx512/32/1/real_time",15546437,9.00263,8.98453,ns,,,"2x32x1",,,1,2,32,1,2,32,1,1,16
"dot/dot_fp16_fp16_fp32_2x32x1_1x16x1_avx512/32/89/real_time",769733,181.879,181.529,ns,,,"2x32x89",,,1,2,32,89,2,32,1,1,16
"dot/dot_fp16_fp16_fp32_2x32x1_1x16x1_avx512/32/178/real_time",385514,363.259,362.558,ns,,,"2x32x178",,,1,2,32,178,2,32,1,1,16
"dot/dot_fp16_fp16_fp32_2x32x1_1x16x1_avx512/32/267/real_time",255192,548.641,547.595,ns,,,"2x32x267",,,1,2,32,267,2,32,1,1,16
"dot/dot_fp16_fp16_fp32_2x32x1_1x16x1_avx512/32/357/real_time",191243,732.129,730.699,ns,,,"2x32x357",,,1,2,32,357,2,32,1,1,16
"dot/dot_fp16_fp16_fp32_2x32x1_1x16x1_avx512/64/1/real_time",11519312,12.1641,12.1414,ns,,,"2x64x1",,,1,2,32,1,2,64,1,1,16
"dot/dot_fp16_fp16_fp32_2x32x1_1x16x1_avx512/64/45/real_time",760996,183.94,183.581,ns,,,"2x64x45",,,1,2,32,45,2,64,1,1,16
"dot/dot_fp16_fp16_fp32_2x32x1_1x16x1_avx512/64/91/real_time",376981,371.434,370.725,ns,,,"2x64x91",,,1,2,32,91,2,64,1,1,16
"dot/dot_fp16_fp16_fp32_2x32x1_1x16x1_avx512/64/136/real_time",252294,563.454,562.311,ns,,,"2x64x136",,,1,2,32,136,2,64,1,1,16
"dot/dot_fp16_fp16_fp32_2x32x1_1x16x1_avx512/64/182/real_time",188140,742.664,741.284,ns,,,"2x64x182",,,1,2,32,182,2,64,1,1,16
"dot/dot_fp16_fp16_fp32_2x32x1_1x16x1_avx512/128/1/real_time",7369516,18.6929,18.6566,ns,,,"2x128x1",,,1,2,32,1,2,128,1,1,16
"dot/dot_fp16_fp16_fp32_2x32x1_1x16x1_avx512/128/22/real_time",778434,179.891,179.539,ns,,,"2x128x22",,,1,2,32,22,2,128,1,1,16
"dot/dot_fp16_fp16_fp32_2x32x1_1x16x1_avx512/128/45/real_time",381038,367.437,366.709,ns,,,"2x128x45",,,1,2,32,45,2,128,1,1,16
"dot/dot_fp16_fp16_fp32_2x32x1_1x16x1_avx512/128/67/real_time",254287,548.022,546.927,ns,,,"2x128x67",,,1,2,32,67,2,128,1,1,16
"dot/dot_fp16_fp16_fp32_2x32x1_1x16x1_avx512/128/90/real_time",188508,742.917,741.48,ns,,,"2x128x90",,,1,2,32,90,2,128,1,1,16
"dot/dot_fp16_fp16_fp32_2x32x1_1x16x1_avx512/256/1/real_time",4363524,32.1541,32.0837,ns,,,"2x256x1",,,1,2,32,1,2,256,1,1,16
"dot/dot_fp16_fp16_fp32_2x32x1_1x16x1_avx512/256/10/real_time",832161,168.244,167.869,ns,,,"2x256x10",,,1,2,32,10,2,256,1,1,16
"dot/dot_fp16_fp16_fp32_2x32x1_1x16x1_avx512/256/21/real_time",350144,353.33,352.528,ns,,,"2x256x21",,,1,2,32,21,2,256,1,1,16
"dot/dot_fp16_fp16_fp32_2x32x1_1x16x1_avx512/256/32/real_time",257922,539.713,538.498,ns,,,"2x256x32",,,1,2,32,32,2,256,1,1,16
"dot/dot_fp16_fp16_fp32_2x32x1_1x16x1_avx512/256/43/real_time",192465,728.031,726.332,ns,,,"2x256x43",,,1,2,32,43,2,256,1,1,16
"dot/dot_fp16_fp16_fp32_3x32x1_1x16x1_avx512/32/1/real_time",12526443,11.1561,11.1313,ns,,,"3x32x1",,,1,3,32,1,3,32,1,1,16
"dot/dot_fp16_fp16_fp32_3x32x1_1x16x1_avx512/32/86/real_time",564459,248.003,247.44,ns,,,"3x32x86",,,1,3,32,86,3,32,1,1,16
"dot/dot_fp16_fp16_fp32_3x32x1_1x16x1_avx512/32/172/real_time",280187,499.817,498.7,ns,,,"3x32x172",,,1,3,32,172,3,32,1,1,16
"dot/dot_fp16_fp16_fp32_3x32x1_1x16x1_avx512/32/258/real_time",187432,747.235,745.599,ns,,,"3x32x258",,,1,3,32,258,3,32,1,1,16
"dot/dot_fp16_fp16_fp32_3x32x1_1x16x1_avx512/32/345/real_time",140350,997.181,994.867,ns,,,"3x32x345",,,1,3,32,345,3,32,1,1,16
"dot/dot_fp16_fp16_fp32_3x32x1_1x16x1_avx512/64/1/real_time",9023966,15.527,15.4933,ns,,,"3x64x1",,,1,3,32,1,3,64,1,1,16
"dot/dot_fp16_fp16_fp32_3x32x1_1x16x1_avx512/64/44/real_time",551616,253.761,253.157,ns,,,"3x64x44",,,1,3,32,44,3,64,1,1,16
"dot/dot_fp16_fp16_fp32_3x32x1_1x16x1_avx512/64/88/real_time",276213,506.797,505.581,ns,,,"3x64x88",,,1,3,32,88,3,64,1,1,16
"dot/dot_fp16_fp16_fp32_3x32x1_1x16x1_avx512/64/132/real_time",184571,738.941,737.316,ns,,,"3x64x132",,,1,3,32,132,3,64,1,1,16
"dot/dot_fp16_fp16_fp32_3x32x1_1x16x1_avx512/64/177/real_time",140899,1007.1,1004.38,ns,,,"3x64x177",,,1,3,32,177,3,64,1,1,16
"dot/dot_fp16_fp16_fp32_3x32x1_1x16x1_avx512/128/1/real_time",5674327,24.5657,24.5118,ns,,,"3x128x1",,,1,3,32,1,3,128,1,1,16
"dot/dot_fp16_fp16_fp32_3x32x1_1x16x1_avx512/128/21/real_time",593827,235.658,235.158,ns,,,"3x128x21",,,1,3,32,21,3,128,1,1,16
"dot/dot_fp16_fp16_fp32_3x32x1_1x16x1_avx512/128/43/real_time",290568,481.739,480.654,ns,,,"3x128x43",,,1,3,32,43,3,128,1,1,16
"dot/dot_fp16_fp16_fp32_3x32x1_1x16x1_avx512/128/65/real_time",178592,731.925,730.418,ns,,,"3x128x65",,,1,3,32,65,3,128,1,1,16
"dot/dot_fp16_fp16_fp32_3x32x1_1x16x1_avx512/128/87/real_time",143680,975.914,973.861,ns,,,"3x128x87",,,1,3,32,87,3,128,1,1,16
"dot/dot_fp16_fp16_fp32_3x32x1_1x16x1_avx512/256/1/real_time",3347636,41.8477,41.7552,ns,,,"3x256x1",,,1,3,32,1,3,256,1,1,16
"dot/dot_fp16_fp16_fp32_3x32x1_1x16x1_avx512/256/10/real_time",606355,230.755,230.268,ns,,,"3x256x10",,,1,3,32,10,3,256,1,1,16
"dot/dot_fp16_fp16_fp32_3x32x1_1x16x1_avx512/256/20/real_time",304029,460.768,459.739,ns,,,"3x256x20",,,1,3,32,20,3,256,1,1,16
"dot/dot_fp16_fp16_fp32_3x32x1_1x16x1_avx512/256/30/real_time",202719,695.208,693.53,ns,,,"3x256x30",,,1,3,32,30,3,256,1,1,16
"dot/dot_fp16_fp16_fp32_3x32x1_1x16x1_avx512/256/41/real_time",147383,950.205,947.991,ns,,,"3x256x41",,,1,3,32,41,3,256,1,1,16
"dot/dot_fp16_fp16_fp32_4x32x1_1x16x1_avx512/32/1/real_time",11349485,12.3135,12.2862,ns,,,"4x32x1",,,1,4,32,1,4,32,1,1,16
"dot/dot_fp16_fp16_fp32_4x32x1_1x16x1_avx512/32/83/real_time",465817,300.635,299.941,ns,,,"4x32x83",,,1,4,32,83,4,32,1,1,16
"dot/dot_fp16_fp16_fp32_4x32x1_1x16x1_avx512/32/167/real_time",232192,605.601,604.226,ns,,,"4x32x167",,,1,4,32,167,4,32,1,1,16
"dot/dot_fp16_fp16_fp32_4x32x1_1x16x1_avx512/32/250/real_time",154106,883.798,881.944,ns,,,"4x32x250",,,1,4,32,250,4,32,1,1,16
"dot/dot_fp16_fp16_fp32_4x32x1_1x16x1_avx512/32/334/real_time",119138,1175.05,1172.75,ns,,,"4x32x334",,,1,4,32,334,4,32,1,1,16
"dot/dot_fp16_fp16_fp32_4x32x1_1x16x1_avx512/64/1/real_time",8026650,17.4742,17.4406,ns,,,"4x64x1",,,1,4,32,1,4,64,1,1,16
"dot/dot_fp16_fp16_fp32_4x32x1_1x16x1_avx512/64/43/real_time",423359,302.958,302.371,ns,,,"4x64x43",,,1,4,32,43,4,64,1,1,16
"dot/dot_fp16_fp16_fp32_4x32x1_1x16x1_avx512/64/86/real_time",231849,603.896,602.687,ns,,,"4x64x86",,,1,4,32,86,4,64,1,1,16
"dot/dot_fp16_fp16_fp32_4x32x1_1x16x1_avx512/64/129/real_time",154735,921.135,919.336,ns,,,"4x64x129",,,1,4,32,129,4,64,1,1,16
"dot/dot_fp16_fp16_fp32_4x32x1_1x16x1_avx512/64/173/real_time",115186,1216.5,1213.88,ns,,,"4x64x173",,,1,4,32,173,4,64,1,1,16
"dot/dot_fp16_fp16_fp32_4x32x1_1x16x1_avx512/128/1/real_time",4860374,28.2505,28.18,ns,,,"4x128x1",,,1,4,32,1,4,128,1,1,16
"dot/dot_fp16_fp16_fp32_4x32x1_1x16x1_avx512/128/21/real_time",472122,296.09,295.537,ns,,,"4x128x21",,,1,4,32,21,4,128,1,1,16
"dot/dot_fp16_fp16_fp32_4x32x1_1x16x1_avx512/128/42/real_time",237240,593.597,592.446,ns,,,"4x128x42",,,1,4,32,42,4,128,1,1,16
"dot/dot_fp16_fp16_fp32_4x32x1_1x16x1_avx512/128/63/real_time",157670,884.092,882.354,ns,,,"4x128x63",,,1,4,32,63,4,128,1,1,16
"dot/dot_fp16_fp16_fp32_4x32x1_1x16x1_avx512/128/85/real_time",117319,1196.07,1193.71,ns,,,"4x128x85",,,1,4,32,85,4,128,1,1,16
"dot/dot_fp16_fp16_fp32_4x32x1_1x16x1_avx512/256/1/real_time",2878413,48.5267,48.4278,ns,,,"4x256x1",,,1,4,32,1,4,256,1,1,16
"dot/dot_fp16_fp16_fp32_4x32x1_1x16x1_avx512/256/9/real_time",534879,261.814,261.245,ns,,,"4x256x9",,,1,4,32,9,4,256,1,1,16
"dot/dot_fp16_fp16_fp32_4x32x1_1x16x1_avx512/256/19/real_time",254723,550.532,549.218,ns,,,"4x256x19",,,1,4,32,19,4,256,1,1,16
"dot/dot_fp16_fp16_fp32_4x32x1_1x16x1_avx512/256/29/real_time",166004,840.877,838.989,ns,,,"4x256x29",,,1,4,32,29,4,256,1,1,16
"dot/dot_fp16_fp16_fp32_4x32x1_1x16x1_avx512/256/39/real_time",123648,1132.02,1129.56,ns,,,"4x256x39",,,1,4,32,39,4,256,1,1,16
"dot/dot_fp16_fp16_fp32_5x32x1_1x16x1_avx512/32/1/real_time",10223694,13.7344,13.704,ns,,,"5x32x1",,,1,5,32,1,5,32,1,1,16
"dot/dot_fp16_fp16_fp32_5x32x1_1x16x1_avx512/32/80/real_time",398269,350.6,349.734,ns,,,"5x32x80",,,1,5,32,80,5,32,1,1,16
"dot/dot_fp16_fp16_fp32_5x32x1_1x16x1_avx512/32/161/real_time",203129,688.362,687.095,ns,,,"5x32x161",,,1,5,32,161,5,32,1,1,16
"dot/dot_fp16_fp16_fp32_5x32x1_1x16x1_avx512/32/242/real_time",135610,1050.44,1048.44,ns,,,"5x32x242",,,1,5,32,242,5,32,1,1,16
"dot/dot_fp16_fp16_fp32_5x32x1_1x16x1_avx512/32/323/real_time",92607,1403.15,1400.26,ns,,,"5x32x323",,,1,5,32,323,5,32,1,1,16
"dot/dot_fp16_fp16_fp32_5x32x1_1x16x1_avx512/64/1/real_time",7024615,20.0913,20.0407,ns,,,"5x64x1",,,1,5,32,1,5,64,1,1,16
"dot/dot_fp16_fp16_fp32_5x32x1_1x16x1_avx512/64/42/real_time",379385,368.901,368.107,ns,,,"5x64x42",,,1,5,32,42,5,64,1,1,16
"dot/dot_fp16_fp16_fp32_5x32x1_1x16x1_avx512/64/84/real_time",190465,734.915,733.268,ns,,,"5x64x84",,,1,5,32,84,5,64,1,1,16
"dot/dot_fp16_fp16_fp32_5x32x1_1x16x1_avx512/64/126/real_time",127231,1101,1098.4,ns,,,"5x64x126",,,1,5,32,126,5,64,1,1,16
"dot/dot_fp16_fp16_fp32_5x32x1_1x16x1_avx512/64/168/real_time",95181,1493.46,1490.3,ns,,,"5x64x168",,,1,5,32,168,5,64,1,1,16
"dot/dot_fp16_fp16_fp32_5x32x1_1x16x1_avx512/128/1/real_time",4360336,31.9849,31.917,ns,,,"5x128x1",,,1,5,32,1,5,128,1,1,16
"dot/dot_fp16_fp16_fp32_5x32x1_1x16x1_avx512/128/20/real_time",397780,351.931,351.165,ns,,,"5x128x20",,,1,5,32,20,5,128,1,1,16
"dot/dot_fp16_fp16_fp32_5x32x1_1x16x1_avx512/128/41/real_time",188965,698.036,696.626,ns,,,"5x128x41",,,1,5,32,41,5,128,1,1,16
"dot/dot_fp16_fp16_fp32_5x32x1_1x16x1_avx512/128/61/real_time",135042,1036.82,1034.79,ns,,,"5x128x61",,,1,5,32,61,5,128,1,1,16
"dot/dot_fp16_fp16_fp32_5x32x1_1x16x1_avx512/128/82/real_time",100182,1407.46,1404.56,ns,,,"5x128x82",,,1,5,32,82,5,128,1,1,16
"dot/dot_fp16_fp16_fp32_5x32x1_1x16x1_avx512/256/1/real_time",2509642,55.8688,55.7408,ns,,,"5x256x1",,,1,5,32,1,5,256,1,1,16
"dot/dot_fp16_fp16_fp32_5x32x1_1x16x1_avx512/256/9/real_time",440227,318.039,317.373,ns,,,"5x256x9",,,1,5,32,9,5,256,1,1,16
"dot/dot_fp16_fp16_fp32_5x32x1_1x16x1_avx512/256/18/real_time",221952,630.911,629.484,ns,,,"5x256x18",,,1,5,32,18,5,256,1,1,16
"dot/dot_fp16_fp16_fp32_5x32x1_1x16x1_avx512/256/27/real_time",148195,944.314,942.238,ns,,,"5x256x27",,,1,5,32,27,5,256,1,1,16
"dot/dot_fp16_fp16_fp32_5x32x1_1x16x1_avx512/256/37/real_time",106993,1477.58,1473.94,ns,,,"5x256x37",,,1,5,32,37,5,256,1,1,16
"dot/dot_fp16_fp16_fp32_5x16x1_1x16x1_avx512/16/1/real_time",11442003,12.2518,12.2286,ns,,,"5x16x1",,,1,5,16,1,5,16,1,1,16
"dot/dot_fp16_fp16_fp32_5x16x1_1x16x1_avx512/16/144/real_time",291255,480.468,479.483,ns,,,"5x16x144",,,1,5,16,144,5,16,1,1,16
"dot/dot_fp16_fp16_fp32_5x16x1_1x16x1_avx512/16/288/real_time",146552,954.633,952.907,ns,,,"5x16x288",,,1,5,16,288,5,16,1,1,16
"dot/dot_fp16_fp16_fp32_5x16x1_1x16x1_avx512/16/432/real_time",97985,1428.95,1426.24,ns,,,"5x16x432",,,1,5,16,432,5,16,1,1,16
"dot/dot_fp16_fp16_fp32_5x16x1_1x16x1_avx512/16/577/real_time",73408,1906.53,1902.93,ns,,,"5x16x577",,,1,5,16,577,5,16,1,1,16
"dot/dot_fp16_fp16_fp32_5x16x1_1x16x1_avx512/32/1/real_time",8103640,17.2452,17.2135,ns,,,"5x32x1",,,1,5,16,1,5,32,1,1,16
"dot/dot_fp16_fp16_fp32_5x16x1_1x16x1_avx512/32/80/real_time",264663,528.995,527.941,ns,,,"5x32x80",,,1,5,16,80,5,32,1,1,16
"dot/dot_fp16_fp16_fp32_5x16x1_1x16x1_avx512/32/161/real_time",131605,1065.31,1063.2,ns,,,"5x32x161",,,1,5,16,161,5,32,1,1,16
"dot/dot_fp16_fp16_fp32_5x16x1_1x16x1_avx512/32/242/real_time",87221,1605.7,1602.34,ns,,,"5x32x242",,,1,5,16,242,5,32,1,1,16
"dot/dot_fp16_fp16_fp32_5x16x1_1x16x1_avx512/32/323/real_time",65422,2139.49,2135.26,ns,,,"5x32x323",,,1,5,16,323,5,32,1,1,16
"dot/dot_fp16_fp16_fp32_5x16x1_1x16x1_avx512/64/1/real_time",5120048,27.3681,27.3163,ns,,,"5x64x1",,,1,5,16,1,5,64,1,1,16
"dot/dot_fp16_fp16_fp32_5x16x1_1x16x1_avx512/64/42/real_time",251979,555.506,554.377,ns,,,"5x64x42",,,1,5,16,42,5,64,1,1,16
"dot/dot_fp16_fp16_fp32_5x16x1_1x16x1_avx512/64/84/real_time",125558,1113.38,1111.14,ns,,,"5x64x84",,,1,5,16,84,5,64,1,1,16
"dot/dot_fp16_fp16_fp32_5x16x1_1x16x1_avx512/64/126/real_time",83899,1668.09,1665,ns,,,"5x64x126",,,1,5,16,126,5,64,1,1,16
"dot/dot_fp16_fp16_fp32_5x16x1_1x16x1_avx512/64/168/real_time",62906,2258.12,2253.72,ns,,,"5x64x168",,,1,5,16,168,5,64,1,1,16
"dot/dot_fp16_fp16_fp32_5x16x1_1x16x1_avx512/128/1/real_time",2900000,48.632,48.5327,ns,,,"5x128x1",,,1,5,16,1,5,128,1,1,16
"dot/dot_fp16_fp16_fp32_5x16x1_1x16x1_avx512/128/20/real_time",264455,529.455,528.402,ns,,,"5x128x20",,,1,5,16,20,5,128,1,1,16
"dot/dot_fp16_fp16_fp32_5x16x1_1x16x1_avx512/128/41/real_time",128570,1088.92,1086.74,ns,,,"5x128x41",,,1,5,16,41,5,128,1,1,16
"dot/dot_fp16_fp16_fp32_5x16x1_1x16x1_avx512/128/61/real_time",86661,1615.83,1612.71,ns,,,"5x128x61",,,1,5,16,61,5,128,1,1,16
"dot/dot_fp16_fp16_fp32_5x16x1_1x16x1_avx512/128/82/real_time",64554,2168.86,2164.91,ns,,,"5x128x82",,,1,5,16,82,5,128,1,1,16
"dot/dot_fp32_1x64x1_1x16x1_avx512/64/1/real_time",18603449,7.52764,7.51309,ns,,,"1x64x1",,,1,1,64,1,1,64,1,1,16
"dot/dot_fp32_1x64x1_1x16x1_avx512/64/23/real_time",5402350,26.091,26.0313,ns,,,"1x64x23",,,1,1,64,23,1,64,1,1,16
"dot/dot_fp32_1x64x1_1x16x1_avx512/64/46/real_time",3027519,46.1161,46.0135,ns,,,"1x64x46",,,1,1,64,46,1,64,1,1,16
"dot/dot_fp32_1x64x1_1x16x1_avx512/64/69/real_time",1908134,73.4319,73.2821,ns,,,"1x64x69",,,1,1,64,69,1,64,1,1,16
"dot/dot_fp32_1x64x1_1x16x1_avx512/64/93/real_time",1358693,103.039,102.824,ns,,,"1x64x93",,,1,1,64,93,1,64,1,1,16
"dot/dot_fp32_1x64x1_1x16x1_avx512/128/1/real_time",12404034,11.324,11.2973,ns,,,"1x128x1",,,1,1,64,1,1,128,1,1,16
"dot/dot_fp32_1x64x1_1x16x1_avx512/128/11/real_time",5459424,25.8864,25.8258,ns,,,"1x128x11",,,1,1,64,11,1,128,1,1,16
"dot/dot_fp32_1x64x1_1x16x1_avx512/128/23/real_time",3157229,44.4073,44.3116,ns,,,"1x128x23",,,1,1,64,23,1,128,1,1,16
"dot/dot_fp32_1x64x1_1x16x1_avx512/128/34/real_time",2213406,64.8377,64.6913,ns,,,"1x128x34",,,1,1,64,34,1,128,1,1,16
"dot/dot_fp32_1x64x1_1x16x1_avx512/128/46/real_time",1422832,87.2421,87.0353,ns,,,"1x128x46",,,1,1,64,46,1,128,1,1,16
"dot/dot_fp32_1x64x1_1x16x1_avx512/256/1/real_time",8103706,16.0158,15.9802,ns,,,"1x256x1",,,1,1,64,1,1,256,1,1,16
"dot/dot_fp32_1x64x1_1x16x1_avx512/256/5/real_time",5545477,25.2998,25.2429,ns,,,"1x256x5",,,1,1,64,5,1,256,1,1,16
"dot/dot_fp32_1x64x1_1x16x1_avx512/256/11/real_time",3109445,46.1081,45.9983,ns,,,"1x256x11",,,1,1,64,11,1,256,1,1,16
"dot/dot_fp32_1x64x1_1x16x1_avx512/256/16/real_time",2313510,60.6765,60.5624,ns,,,"1x256x16",,,1,1,64,16,1,256,1,1,16
"dot/dot_fp32_1x64x1_1x16x1_avx512/256/22/real_time",1790988,78.1992,78.0472,ns,,,"1x256x22",,,1,1,64,22,1,256,1,1,16
"dot/dot_fp32_1x64x1_1x16x1_avx512/512/1/real_time",4828270,29.2476,29.1876,ns,,,"1x512x1",,,1,1,64,1,1,512,1,1,16
"dot/dot_fp32_1x64x1_1x16x1_avx512/512/2/real_time",4152950,33.1263,33.0534,ns,,,"1x512x2",,,1,1,64,2,1,512,1,1,16
"dot/dot_fp32_1x64x1_1x16x1_avx512/512/5/real_time",3095530,45.2245,45.123,ns,,,"1x512x5",,,1,1,64,5,1,512,1,1,16
"dot/dot_fp32_1x64x1_1x16x1_avx512/512/7/real_time",2420854,57.7168,57.5934,ns,,,"1x512x7",,,1,1,64,7,1,512,1,1,16
"dot/dot_fp32_1x64x1_1x16x1_avx512/512/10/real_time",1799064,77.8244,77.672,ns,,,"1x512x10",,,1,1,64,10,1,512,1,1,16
"dot/dot_fp32_2x64x1_1x16x1_avx512/64/1/real_time",13007296,10.7562,10.7312,ns,,,"2x64x1",,,1,2,64,1,2,64,1,1,16
"dot/dot_fp32_2x64x1_1x16x1_avx512/64/22/real_time",3886892,36.304,36.2325,ns,,,"2x64x22",,,1,2,64,22,2,64,1,1,16
"dot/dot_fp32_2x64x1_1x16x1_avx512/64/45/real_time",2138364,65.2438,65.1057,ns,,,"2x64x45",,,1,2,64,45,2,64,1,1,16
"dot/dot_fp32_2x64x1_1x16x1_avx512/64/68/real_time",1394301,100.332,100.128,ns,,,"2x64x68",,,1,2,64,68,2,64,1,1,16
"dot/dot_fp32_2x64x1_1x16x1_avx512/64/91/real_time",1132487,124.104,123.859,ns,,,"2x64x91",,,1,2,64,91,2,64,1,1,16
"dot/dot_fp32_2x64x1_1x16x1_avx512/128/1/real_time",9441119,13.9397,13.912,ns,,,"2x128x1",,,1,2,64,1,2,128,1,1,16
"dot/dot_fp32_2x64x1_1x16x1_avx512/128/11/real_time",3800596,36.6369,36.5641,ns,,,"2x128x11",,,1,2,64,11,2,128,1,1,16
"dot/dot_fp32_2x64x1_1x16x1_avx512/128/22/real_time",2102248,66.6383,66.5065,ns,,,"2x128x22",,,1,2,64,22,2,128,1,1,16
"dot/dot_fp32_2x64x1_1x16x1_avx512/128/33/real_time",1458341,96.0357,95.8325,ns,,,"2x128x33",,,1,2,64,33,2,128,1,1,16
"dot/dot_fp32_2x64x1_1x16x1_avx512/128/45/real_time",1090846,128.705,128.443,ns,,,"2x128x45",,,1,2,64,45,2,128,1,1,16
"dot/dot_fp32_2x64x1_1x16x1_avx512/256/1/real_time",6104519,20.5357,20.4873,ns,,,"2x256x1",,,1,2,64,1,2,256,1,1,16
"dot/dot_fp32_2x64x1_1x16x1_avx512/256/5/real_time",3656094,38.1293,38.0531,ns,,,"2x256x5",,,1,2,64,5,2,256,1,1,16
"dot/dot_fp32_2x64x1_1x16x1_avx512/256/10/real_time",2248377,62.2537,62.1262,ns,,,"2x256x10",,,1,2,64,10,2,256,1,1,16
"dot/dot_fp32_2x64x1_1x16x1_avx512/256/15/real_time",1480892,94.3432,94.1574,ns,,,"2x256x15",,,1,2,64,15,2,256,1,1,16
"dot/dot_fp32_2x64x1_1x16x1_avx512/256/21/real_time",1151524,121.731,121.478,ns,,,"2x256x21",,,1,2,64,21,2,256,1,1,16
"dot/dot_fp32_2x64x1_1x16x1_avx512/512/1/real_time",3613315,39.7352,39.6504,ns,,,"2x512x1",,,1,2,64,1,2,512,1,1,16
"dot/dot_fp32_2x64x1_1x16x1_avx512/512/2/real_time",3043998,46.0341,45.9398,ns,,,"2x512x2",,,1,2,64,2,2,512,1,1,16
"dot/dot_fp32_2x64x1_1x16x1_avx512/512/4/real_time",2301634,61.6555,61.5318,ns,,,"2x512x4",,,1,2,64,4,2,512,1,1,16
"dot/dot_fp32_2x64x1_1x16x1_avx512/512/6/real_time",1680848,80.0895,79.9279,ns,,,"2x512x6",,,1,2,64,6,2,512,1,1,16
"dot/dot_fp32_2x64x1_1x16x1_avx512/512/9/real_time",1250752,111.604,111.374,ns,,,"2x512x9",,,1,2,64,9,2,512,1,1,16
"dot/dot_fp32_3x64x1_1x16x1_avx512/64/1/real_time",11194446,12.3558,12.3281,ns,,,"3x64x1",,,1,3,64,1,3,64,1,1,16
"dot/dot_fp32_3x64x1_1x16x1_avx512/64/22/real_time",3142369,45.0109,44.9239,ns,,,"3x64x22",,,1,3,64,22,3,64,1,1,16
"dot/dot_fp32_3x64x1_1x16x1_avx512/64/44/real_time",1576590,88.8356,88.6552,ns,,,"3x64x44",,,1,3,64,44,3,64,1,1,16
"dot/dot_fp32_3x64x1_1x16x1_avx512/64/66/real_time",1104681,126.795,126.531,ns,,,"3x64x66",,,1,3,64,66,3,64,1,1,16
"dot/dot_fp32_3x64x1_1x16x1_avx512/64/88/real_time",842452,166.017,165.681,ns,,,"3x64x88",,,1,3,64,88,3,64,1,1,16
"dot/dot_fp32_3x64x1_1x16x1_avx512/128/1/real_time",7825507,17.8025,17.7619,ns,,,"3x128x1",,,1,3,64,1,3,128,1,1,16
"dot/dot_fp32_3x64x1_1x16x1_avx512/128/10/real_time",2897611,47.9939,47.8945,ns,,,"3x128x10",,,1,3,64,10,3,128,1,1,16
"dot/dot_fp32_3x64x1_1x16x1_avx512/128/21/real_time",1641234,85.4307,85.2703,ns,,,"3x128x21",,,1,3,64,21,3,128,1,1,16
"dot/dot_fp32_3x64x1_1x16x1_avx512/128/32/real_time",1109904,126.191,125.929,ns,,,"3x128x32",,,1,3,64,32,3,128,1,1,16
"dot/dot_fp32_3x64x1_1x16x1_avx512/128/43/real_time",837659,167.129,166.803,ns,,,"3x128x43",,,1,3,64,43,3,128,1,1,16
"dot/dot_fp32_3x64x1_1x16x1_avx512/256/1/real_time",4993679,28.0746,28.0192,ns,,,"3x256x1",,,1,3,64,1,3,256,1,1,16
"dot/dot_fp32_3x64x1_1x16x1_avx512/256/5/real_time",2819838,49.6289,49.5297,ns,,,"3x256x5",,,1,3,64,5,3,256,1,1,16
"dot/dot_fp32_3x64x1_1x16x1_avx512/256/10/real_time",1584800,88.3148,88.1324,ns,,,"3x256x10",,,1,3,64,10,3,256,1,1,16
"dot/dot_fp32_3x64x1_1x16x1_avx512/256/15/real_time",1161667,120.694,120.448,ns,,,"3x256x15",,,1,3,64,15,3,256,1,1,16
"dot/dot_fp32_3x64x1_1x16x1_avx512/256/20/real_time",867720,161.312,160.979,ns,,,"3x256x20",,,1,3,64,20,3,256,1,1,16
"dot/dot_fp32_3x64x1_1x16x1_avx512/512/1/real_time",2838957,49.5368,49.4294,ns,,,"3x512x1",,,1,3,64,1,3,512,1,1,16
"dot/dot_fp32_3x64x1_1x16x1_avx512/512/2/real_time",2397402,58.4303,58.3066,ns,,,"3x512x2",,,1,3,64,2,3,512,1,1,16
"dot/dot_fp32_3x64x1_1x16x1_avx512/512/4/real_time",1761626,79.9103,79.7404,ns,,,"3x512x4",,,1,3,64,4,3,512,1,1,16
"dot/dot_fp32_3x64x1_1x16x1_avx512/512/6/real_time",1280940,108.778,108.564,ns,,,"3x512x6",,,1,3,64,6,3,512,1,1,16
"dot/dot_fp32_3x64x1_1x16x1_avx512/512/8/real_time",1016209,140.22,139.936,ns,,,"3x512x8",,,1,3,64,8,3,512,1,1,16
"dot/dot_fp32_4x64x1_1x16x1_avx512/64/1/real_time",10498274,12.9142,12.8854,ns,,,"4x64x1",,,1,4,64,1,4,64,1,1,16
"dot/dot_fp32_4x64x1_1x16x1_avx512/64/21/real_time",2417661,56.8751,56.7685,ns,,,"4x64x21",,,1,4,64,21,4,64,1,1,16
"dot/dot_fp32_4x64x1_1x16x1_avx512/64/43/real_time",1285734,111.079,110.836,ns,,,"4x64x43",,,1,4,64,43,4,64,1,1,16
"dot/dot_fp32_4x64x1_1x16x1_avx512/64/64/real_time",596832,203.004,202.452,ns,,,"4x64x64",,,1,4,64,64,4,64,1,1,16
"dot/dot_fp32_4x64x1_1x16x1_avx512/64/86/real_time",654919,213.731,213.279,ns,,,"4x64x86",,,1,4,64,86,4,64,1,1,16
"dot/dot_fp32_4x64x1_1x16x1_avx512/128/1/real_time",6641341,20.7349,20.6903,ns,,,"4x128x1",,,1,4,64,1,4,128,1,1,16
"dot/dot_fp32_4x64x1_1x16x1_avx512/128/10/real_time",2330781,61.2214,61.0745,ns,,,"4x128x10",,,1,4,64,10,4,128,1,1,16
"dot/dot_fp32_4x64x1_1x16x1_avx512/128/21/real_time",1287861,108.038,107.819,ns,,,"4x128x21",,,1,4,64,21,4,128,1,1,16
"dot/dot_fp32_4x64x1_1x16x1_avx512/128/31/real_time",890465,157.352,156.791,ns,,,"4x128x31",,,1,4,64,31,4,128,1,1,16
"dot/dot_fp32_4x64x1_1x16x1_avx512/128/42/real_time",664416,212.734,212.305,ns,,,"4x128x42",,,1,4,64,42,4,128,1,1,16
"dot/dot_fp32_4x64x1_1x16x1_avx512/256/1/real_time",4193171,33.4853,33.4129,ns,,,"4x256x1",,,1,4,64,1,4,256,1,1,16
"dot/dot_fp32_4x64x1_1x16x1_avx512/256/4/real_time",2500808,55.0259,54.8985,ns,,,"4x256x4",,,1,4,64,4,4,256,1,1,16
"dot/dot_fp32_4x64x1_1x16x1_avx512/256/9/real_time",1349506,106.238,105.987,ns,,,"4x256x9",,,1,4,64,9,4,256,1,1,16
"dot/dot_fp32_4x64x1_1x16x1_avx512/256/14/real_time",961033,145.014,144.7,ns,,,"4x256x14",,,1,4,64,14,4,256,1,1,16
"dot/dot_fp32_4x64x1_1x16x1_avx512/256/19/real_time",720604,194.587,194.215,ns,,,"4x256x19",,,1,4,64,19,4,256,1,1,16
"dot/dot_fp32_4x64x1_1x16x1_avx512/512/1/real_time",2296944,61.0268,60.9068,ns,,,"4x512x1",,,1,4,64,1,4,512,1,1,16
"dot/dot_fp32_4x64x1_1x16x1_avx512/512/3/real_time",1651212,83.7221,83.5475,ns,,,"4x512x3",,,1,4,64,3,4,512,1,1,16
"dot/dot_fp32_4x64x1_1x16x1_avx512/512/5/real_time",1167924,119.818,119.55,ns,,,"4x512x5",,,1,4,64,5,4,512,1,1,16
"dot/dot_fp32_4x64x1_1x16x1_avx512/512/7/real_time",893961,154.753,154.453,ns,,,"4x512x7",,,1,4,64,7,4,512,1,1,16
"dot/dot_fp32_5x64x1_1x16x1_avx512/64/1/real_time",8516196,16.7251,16.6884,ns,,,"5x64x1",,,1,5,64,1,5,64,1,1,16
"dot/dot_fp32_5x64x1_1x16x1_avx512/64/21/real_time",1980689,71.7918,71.6331,ns,,,"5x64x21",,,1,5,64,21,5,64,1,1,16
"dot/dot_fp32_5x64x1_1x16x1_avx512/64/42/real_time",1046923,136.542,136.244,ns,,,"5x64x42",,,1,5,64,42,5,64,1,1,16
"dot/dot_fp32_5x64x1_1x16x1_avx512/64/63/real_time",706841,197.724,197.275,ns,,,"5x64x63",,,1,5,64,63,5,64,1,1,16
"dot/dot_fp32_5x64x1_1x16x1_avx512/64/84/real_time",534597,262.008,261.199,ns,,,"5x64x84",,,1,5,64,84,5,64,1,1,16
"dot/dot_fp32_5x64x1_1x16x1_avx512/128/1/real_time",5676924,24.6783,24.6237,ns,,,"5x128x1",,,1,5,64,1,5,128,1,1,16
"dot/dot_fp32_5x64x1_1x16x1_avx512/128/10/real_time",1948733,71.8392,71.6811,ns,,,"5x128x10",,,1,5,64,10,5,128,1,1,16
"dot/dot_fp32_5x64x1_1x16x1_avx512/128/20/real_time",1073040,130.487,130.207,ns,,,"5x128x20",,,1,5,64,20,5,128,1,1,16
"dot/dot_fp32_5x64x1_1x16x1_avx512/128/30/real_time",735208,190.032,189.63,ns,,,"5x128x30",,,1,5,64,30,5,128,1,1,16
"dot/dot_fp32_5x64x1_1x16x1_avx512/128/41/real_time",545299,256.29,255.75,ns,,,"5x128x41",,,1,5,64,41,5,128,1,1,16
"dot/dot_fp32_5x64x1_1x16x1_avx512/256/1/real_time",3403546,41.1465,41.0475,ns,,,"5x256x1",,,1,5,64,1,5,256,1,1,16
"dot/dot_fp32_5x64x1_1x16x1_avx512/256/4/real_time",2106838,66.5241,66.3764,ns,,,"5x256x4",,,1,5,64,4,5,256,1,1,16
"dot/dot_fp32_5x64x1_1x16x1_avx512/256/9/real_time",1132501,123.465,123.205,ns,,,"5x256x9",,,1,5,64,9,5,256,1,1,16
"dot/dot_fp32_5x64x1_1x16x1_avx512/256/13/real_time",833339,168.058,167.683,ns,,,"5x256x13",,,1,5,64,13,5,256,1,1,16
"dot/dot_fp32_5x64x1_1x16x1_avx512/256/18/real_time",608031,230.447,229.961,ns,,,"5x256x18",,,1,5,64,18,5,256,1,1,16
"dot/dot_fp32_5x64x1_1x16x1_avx512/512/1/real_time",1889035,74.1358,73.9763,ns,,,"5x512x1",,,1,5,64,1,5,512,1,1,16
"dot/dot_fp32_5x64x1_1x16x1_avx512/512/3/real_time",1371790,104.37,104.156,ns,,,"5x512x3",,,1,5,64,3,5,512,1,1,16
"dot/dot_fp32_5x64x1_1x16x1_avx512/512/4/real_time",1109440,126.197,125.943,ns,,,"5x512x4",,,1,5,64,4,5,512,1,1,16
"dot/dot_fp32_5x64x1_1x16x1_avx512/512/6/real_time",860757,162.95,162.631,ns,,,"5x512x6",,,1,5,64,6,5,512,1,1,16
"dot/dot_fp32_1x32x1_1x16x1_avx512/32/1/real_time",19404975,7.20249,7.18667,ns,,,"1x32x1",,,1,1,32,1,1,32,1,1,16
"dot/dot_fp32_1x32x1_1x16x1_avx512/32/46/real_time",4179109,33.3083,33.2319,ns,,,"1x32x46",,,1,1,32,46,1,32,1,1,16
"dot/dot_fp32_1x32x1_1x16x1_avx512/32/92/real_time",2066470,69.0972,68.9333,ns,,,"1x32x92",,,1,1,32,92,1,32,1,1,16
"dot/dot_fp32_1x32x1_1x16x1_avx512/32/138/real_time",906085,154.49,154.188,ns,,,"1x32x138",,,1,1,32,138,1,32,1,1,16
"dot/dot_fp32_1x32x1_1x16x1_avx512/32/185/real_time",878345,159.473,159.154,ns,,,"1x32x185",,,1,1,32,185,1,32,1,1,16
"dot/dot_fp32_1x32x1_1x16x1_avx512/64/1/real_time",15584644,8.99884,8.98154,ns,,,"1x64x1",,,1,1,32,1,1,64,1,1,16
"dot/dot_fp32_1x32x1_1x16x1_avx512/64/23/real_time",4686526,30.3371,30.2734,ns,,,"1x64x23",,,1,1,32,23,1,64,1,1,16
"dot/dot_fp32_1x32x1_1x16x1_avx512/64/46/real_time",2393123,58.4909,58.356,ns,,,"1x64x46",,,1,1,32,46,1,64,1,1,16
"dot/dot_fp32_1x32x1_1x16x1_avx512/64/69/real_time",1457360,96.1606,95.9379,ns,,,"1x64x69",,,1,1,32,69,1,64,1,1,16
"dot/dot_fp32_1x32x1_1x16x1_avx512/64/93/real_time",1061569,131.781,131.492,ns,,,"1x64x93",,,1,1,32,93,1,64,1,1,16
"dot/dot_fp32_1x32x1_1x16x1_avx512/128/1/real_time",10457347,13.3826,13.3543,ns,,,"1x128x1",,,1,1,32,1,1,128,1,1,16
"dot/dot_fp32_1x32x1_1x16x1_avx512/128/11/real_time",4524660,31.2676,31.1987,ns,,,"1x128x11",,,1,1,32,11,1,128,1,1,16
"dot/dot_fp32_1x32x1_1x16x1_avx512/128/23/real_time",2507650,55.9825,55.857,ns,,,"1x128x23",,,1,1,32,23,1,128,1,1,16
"dot/dot_fp32_1x32x1_1x16x1_avx512/128/34/real_time",1659529,84.29,84.0995,ns,,,"1x128x34",,,1,1,32,34,1,128,1,1,16
"dot/dot_fp32_1x32x1_1x16x1_avx512/128/46/real_time",1160174,120.826,120.554,ns,,,"1x128x46",,,1,1,32,46,1,128,1,1,16
"dot/dot_fp32_1x32x1_1x16x1_avx512/256/1/real_time",6251951,22.2479,22.1978,ns,,,"1x256x1",,,1,1,32,1,1,256,1,1,16
"dot/dot_fp32_1x32x1_1x16x1_avx512/256/5/real_time",4301195,32.5338,32.463,ns,,,"1x256x5",,,1,1,32,5,1,256,1,1,16
"dot/dot_fp32_1x32x1_1x16x1_avx512/256/11/real_time",2527149,55.6322,55.5182,ns,,,"1x256x11",,,1,1,32,11,1,256,1,1,16
"dot/dot_fp32_1x32x1_1x16x1_avx512/256/16/real_time",1764002,77.8442,77.6832,ns,,,"1x256x16",,,1,1,32,16,1,256,1,1,16
"dot/dot_fp32_1x32x1_1x16x1_avx512/256/22/real_time",1382973,100.753,100.531,ns,,,"1x256x22",,,1,1,32,22,1,256,1,1,16
"dot/dot_fp32_2x32x1_1x16x1_avx512/32/1/real_time",15920489,8.77595,8.75689,ns,,,"2x32x1",,,1,2,32,1,2,32,1,1,16
"dot/dot_fp32_2x32x1_1x16x1_avx512/32/44/real_time",3190882,43.8068,43.7176,ns,,,"2x32x44",,,1,2,32,44,2,32,1,1,16
"dot/dot_fp32_2x32x1_1x16x1_avx512/32/89/real_time",1523440,91.9983,91.7924,ns,,,"2x32x89",,,1,2,32,89,2,32,1,1,16
"dot/dot_fp32_2x32x1_1x16x1_avx512/32/133/real_time",994480,139.843,139.488,ns,,,"2x32x133",,,1,2,32,133,2,32,1,1,16
"dot/dot_fp32_2x32x1_1x16x1_avx512/32/178/real_time",737552,189.848,189.427,ns,,,"2x32x178",,,1,2,32,178,2,32,1,1,16
"dot/dot_fp32_2x32x1_1x16x1_avx512/64/1/real_time",11964311,11.681,11.6546,ns,,,"2x64x1",,,1,2,32,1,2,64,1,1,16
"dot/dot_fp32_2x32x1_1x16x1_avx512/64/22/real_time",2940421,47.5853,47.4799,ns,,,"2x64x22",,,1,2,32,22,2,64,1,1,16
"dot/dot_fp32_2x32x1_1x16x1_avx512/64/45/real_time",1452486,93.9663,93.7753,ns,,,"2x64x45",,,1,2,32,45,2,64,1,1,16
"dot/dot_fp32_2x32x1_1x16x1_avx512/64/68/real_time",861284,162.148,161.799,ns,,,"2x64x68",,,1,2,32,68,2,64,1,1,16
"dot/dot_fp32_2x32x1_1x16x1_avx512/64/91/real_time",682653,204.962,204.517,ns,,,"2x64x91",,,1,2,32,91,2,64,1,1,16
"dot/dot_fp32_2x32x1_1x16x1_avx512/128/1/real_time",7775129,18.2684,18.2251,ns,,,"2x128x1",,,1,2,32,1,2,128,1,1,16
"dot/dot_fp32_2x32x1_1x16x1_avx512/128/11/real_time",3074382,45.4485,45.3525,ns,,,"2x128x11",,,1,2,32,11,2,128,1,1,16
"dot/dot_fp32_2x32x1_1x16x1_avx512/128/22/real_time",1627575,86.6994,86.5094,ns,,,"2x128x22",,,1,2,32,22,2,128,1,1,16
"dot/dot_fp32_2x32x1_1x16x1_avx512/128/33/real_time",1045599,133.549,133.259,ns,,,"2x128x33",,,1,2,32,33,2,128,1,1,16
"dot/dot_fp32_2x32x1_1x16x1_avx512/128/45/real_time",767310,183.569,183.145,ns,,,"2x128x45",,,1,2,32,45,2,128,1,1,16
"dot/dot_fp32_2x32x1_1x16x1_avx512/256/1/real_time",4470608,29.3812,29.3173,ns,,,"2x256x1",,,1,2,32,1,2,256,1,1,16
"dot/dot_fp32_2x32x1_1x16x1_avx512/256/5/real_time",2616804,52.7233,52.6088,ns,,,"2x256x5",,,1,2,32,5,2,256,1,1,16
"dot/dot_fp32_2x32x1_1x16x1_avx512/256/10/real_time",1812396,77.2598,77.1081,ns,,,"2x256x10",,,1,2,32,10,2,256,1,1,16
"dot/dot_fp32_2x32x1_1x16x1_avx512/256/15/real_time",1298998,108.199,107.954,ns,,,"2x256x15",,,1,2,32,15,2,256,1,1,16
"dot/dot_fp32_2x32x1_1x16x1_avx512/256/21/real_time",900717,155.669,155.341,ns,,,"2x256x21",,,1,2,32,21,2,256,1,1,16
"dot/dot_fp32_3x32x1_1x16x1_avx512/32/1/real_time",13549029,10.3189,10.2936,ns,,,"3x32x1",,,1,3,32,1,3,32,1,1,16
"dot/dot_fp32_3x32x1_1x16x1_avx512/32/43/real_time",2465727,56.7826,56.6547,ns,,,"3x32x43",,,1,3,32,43,3,32,1,1,16
"dot/dot_fp32_3x32x1_1x16x1_avx512/32/86/real_time",1288073,108.335,108.106,ns,,,"3x32x86",,,1,3,32,86,3,32,1,1,16
"dot/dot_fp32_3x32x1_1x16x1_avx512/32/129/real_time",861862,162.37,162.01,ns,,,"3x32x129",,,1,3,32,129,3,32,1,1,16
"dot/dot_fp32_3x32x1_1x16x1_avx512/32/172/real_time",635796,220.448,219.954,ns,,,"3x32x172",,,1,3,32,172,3,32,1,1,16
"dot/dot_fp32_3x32x1_1x16x1_avx512/64/1/real_time",8958334,14.0358,14.0025,ns,,,"3x64x1",,,1,3,32,1,3,64,1,1,16
"dot/dot_fp32_3x32x1_1x16x1_avx512/64/22/real_time",2484795,60.8259,60.6648,ns,,,"3x64x22",,,1,3,32,22,3,64,1,1,16
"dot/dot_fp32_3x32x1_1x16x1_avx512/64/44/real_time",980444,135.407,135.102,ns,,,"3x64x44",,,1,3,32,44,3,64,1,1,16
"dot/dot_fp32_3x32x1_1x16x1_avx512/64/66/real_time",651965,170.472,170.075,ns,,,"3x64x66",,,1,3,32,66,3,64,1,1,16
"dot/dot_fp32_3x32x1_1x16x1_avx512/64/88/real_time",628650,222.753,222.231,ns,,,"3x64x88",,,1,3,32,88,3,64,1,1,16
"dot/dot_fp32_3x32x1_1x16x1_avx512/128/1/real_time",5786139,24.7303,24.6786,ns,,,"3x128x1",,,1,3,32,1,3,128,1,1,16
"dot/dot_fp32_3x32x1_1x16x1_avx512/128/10/real_time",2689118,52.0716,51.9466,ns,,,"3x128x10",,,1,3,32,10,3,128,1,1,16
"dot/dot_fp32_3x32x1_1x16x1_avx512/128/21/real_time",1348546,103.431,103.188,ns,,,"3x128x21",,,1,3,32,21,3,128,1,1,16
"dot/dot_fp32_3x32x1_1x16x1_avx512/128/32/real_time",899403,155.597,155.238,ns,,,"3x128x32",,,1,3,32,32,3,128,1,1,16
"dot/dot_fp32_3x32x1_1x16x1_avx512/128/43/real_time",634221,220.822,220.288,ns,,,"3x128x43",,,1,3,32,43,3,128,1,1,16
"dot/dot_fp32_3x32x1_1x16x1_avx512/256/1/real_time",3422618,40.806,40.7157,ns,,,"3x256x1",,,1,3,32,1,3,256,1,1,16
"dot/dot_fp32_3x32x1_1x16x1_avx512/256/5/real_time",2022592,65.4052,65.2565,ns,,,"3x256x5",,,1,3,32,5,3,256,1,1,16
"dot/dot_fp32_3x32x1_1x16x1_avx512/256/10/real_time",1440263,97.4082,97.1485,ns,,,"3x256x10",,,1,3,32,10,3,256,1,1,16
"dot/dot_fp32_3x32x1_1x16x1_avx512/256/15/real_time",993070,141.089,140.753,ns,,,"3x256x15",,,1,3,32,15,3,256,1,1,16
"dot/dot_fp32_3x32x1_1x16x1_avx512/256/20/real_time",720148,199.012,198.552,ns,,,"3x256x20",,,1,3,32,20,3,256,1,1,16
"dot/dot_fp32_4x32x1_1x16x1_avx512/32/1/real_time",10914501,11.6045,11.5753,ns,,,"4x32x1",,,1,4,32,1,4,32,1,1,16
"dot/dot_fp32_4x32x1_1x16x1_avx512/32/41/real_time",2355383,59.6767,59.5518,ns,,,"4x32x41",,,1,4,32,41,4,32,1,1,16
"dot/dot_fp32_4x32x1_1x16x1_avx512/32/83/real_time",1260590,114.917,114.661,ns,,,"4x32x83",,,1,4,32,83,4,32,1,1,16
"dot/dot_fp32_4x32x1_1x16x1_avx512/32/125/real_time",846639,166.769,166.429,ns,,,"4x32x125",,,1,4,32,125,4,32,1,1,16
"dot/dot_fp32_4x32x1_1x16x1_avx512/32/167/real_time",644924,216.185,215.723,ns,,,"4x32x167",,,1,4,32,167,4,32,1,1,16
"dot/dot_fp32_4x32x1_1x16x1_avx512/64/1/real_time",8055197,17.4532,17.4181,ns,,,"4x64x1",,,1,4,32,1,4,64,1,1,16
"dot/dot_fp32_4x32x1_1x16x1_avx512/64/21/real_time",2227651,62.8073,62.679,ns,,,"4x64x21",,,1,4,32,21,4,64,1,1,16
"dot/dot_fp32_4x32x1_1x16x1_avx512/64/43/real_time",1201126,117.456,117.22,ns,,,"4x64x43",,,1,4,32,43,4,64,1,1,16
"dot/dot_fp32_4x32x1_1x16x1_avx512/64/64/real_time",801683,172.117,171.768,ns,,,"4x64x64",,,1,4,32,64,4,64,1,1,16
"dot/dot_fp32_4x32x1_1x16x1_avx512/64/86/real_time",618001,229.159,228.692,ns,,,"4x64x86",,,1,4,32,86,4,64,1,1,16
"dot/dot_fp32_4x32x1_1x16x1_avx512/128/1/real_time",5132409,27.3243,27.2686,ns,,,"4x128x1",,,1,4,32,1,4,128,1,1,16
"dot/dot_fp32_4x32x1_1x16x1_avx512/128/10/real_time",2241513,62.4927,62.3606,ns,,,"4x128x10",,,1,4,32,10,4,128,1,1,16
"dot/dot_fp32_4x32x1_1x16x1_avx512/128/21/real_time",1176209,118.95,118.726,ns,,,"4x128x21",,,1,4,32,21,4,128,1,1,16
"dot/dot_fp32_4x32x1_1x16x1_avx512/128/31/real_time",838895,171.709,171.355,ns,,,"4x128x31",,,1,4,32,31,4,128,1,1,16
"dot/dot_fp32_4x32x1_1x16x1_avx512/128/42/real_time",617274,226.062,225.597,ns,,,"4x128x42",,,1,4,32,42,4,128,1,1,16
"dot/dot_fp32_4x32x1_1x16x1_avx512/256/1/real_time",3033796,46.3436,46.2444,ns,,,"4x256x1",,,1,4,32,1,4,256,1,1,16
"dot/dot_fp32_4x32x1_1x16x1_avx512/256/4/real_time",2043584,68.5264,68.3741,ns,,,"4x256x4",,,1,4,32,4,4,256,1,1,16
"dot/dot_fp32_4x32x1_1x16x1_avx512/256/9/real_time",1295105,108.688,108.464,ns,,,"4x256x9",,,1,4,32,9,4,256,1,1,16
"dot/dot_fp32_4x32x1_1x16x1_avx512/256/14/real_time",863650,162.276,161.95,ns,,,"4x256x14",,,1,4,32,14,4,256,1,1,16
"dot/dot_fp32_4x32x1_1x16x1_avx512/256/19/real_time",656080,214.23,213.765,ns,,,"4x256x19",,,1,4,32,19,4,256,1,1,16
"dot/dot_fp32_5x32x1_1x16x1_avx512/32/1/real_time",9898956,14.1536,14.1236,ns,,,"5x32x1",,,1,5,32,1,5,32,1,1,16
"dot/dot_fp32_5x32x1_1x16x1_avx512/32/40/real_time",1963228,70.8358,70.6706,ns,,,"5x32x40",,,1,5,32,40,5,32,1,1,16
"dot/dot_fp32_5x32x1_1x16x1_avx512/32/80/real_time",1044399,134.186,133.913,ns,,,"5x32x80",,,1,5,32,80,5,32,1,1,16
"dot/dot_fp32_5x32x1_1x16x1_avx512/32/120/real_time",711659,198.2,197.797,ns,,,"5x32x120",,,1,5,32,120,5,32,1,1,16
"dot/dot_fp32_5x32x1_1x16x1_avx512/32/161/real_time",523941,264.628,264.052,ns,,,"5x32x161",,,1,5,32,161,5,32,1,1,16
"dot/dot_fp32_5x32x1_1x16x1_avx512/64/1/real_time",7117224,19.6922,19.6525,ns,,,"5x64x1",,,1,5,32,1,5,64,1,1,16
"dot/dot_fp32_5x32x1_1x16x1_avx512/64/21/real_time",1837366,76.1649,76.0028,ns,,,"5x64x21",,,1,5,32,21,5,64,1,1,16
"dot/dot_fp32_5x32x1_1x16x1_avx512/64/42/real_time",985379,142.505,142.235,ns,,,"5x64x42",,,1,5,32,42,5,64,1,1,16
"dot/dot_fp32_5x32x1_1x16x1_avx512/64/63/real_time",670570,209.937,209.509,ns,,,"5x64x63",,,1,5,32,63,5,64,1,1,16
"dot/dot_fp32_5x32x1_1x16x1_avx512/64/84/real_time",509075,276.284,275.736,ns,,,"5x64x84",,,1,5,32,84,5,64,1,1,16
"dot/dot_fp32_5x32x1_1x16x1_avx512/128/1/real_time",4565570,30.7796,30.715,ns,,,"5x128x1",,,1,5,32,1,5,128,1,1,16
"dot/dot_fp32_5x32x1_1x16x1_avx512/128/10/real_time",1856388,77.4149,77.2546,ns,,,"5x128x10",,,1,5,32,10,5,128,1,1,16
"dot/dot_fp32_5x32x1_1x16x1_avx512/128/20/real_time",1003080,141.05,140.777,ns,,,"5x128x20",,,1,5,32,20,5,128,1,1,16
"dot/dot_fp32_5x32x1_1x16x1_avx512/128/30/real_time",682552,202.552,202.157,ns,,,"5x128x30",,,1,5,32,30,5,128,1,1,16
"dot/dot_fp32_5x32x1_1x16x1_avx512/128/41/real_time",470896,273.71,273.148,ns,,,"5x128x41",,,1,5,32,41,5,128,1,1,16
"dot/dot_fp32_5x32x1_1x16x1_avx512/256/1/real_time",2646823,52.4623,52.3537,ns,,,"5x256x1",,,1,5,32,1,5,256,1,1,16
"dot/dot_fp32_5x32x1_1x16x1_avx512/256/4/real_time",1719654,78.5389,78.3765,ns,,,"5x256x4",,,1,5,32,4,5,256,1,1,16
"dot/dot_fp32_5x32x1_1x16x1_avx512/256/9/real_time",1085597,128.989,128.729,ns,,,"5x256x9",,,1,5,32,9,5,256,1,1,16
"dot/dot_fp32_5x32x1_1x16x1_avx512/256/13/real_time",760796,183.469,183.104,ns,,,"5x256x13",,,1,5,32,13,5,256,1,1,16
"dot/dot_fp32_5x32x1_1x16x1_avx512/256/18/real_time",566873,247.756,247.1,ns,,,"5x256x18",,,1,5,32,18,5,256,1,1,16
"dot/dot_fp32_5x16x1_1x16x1_avx512/16/1/real_time",10637320,11.9865,11.9546,ns,,,"5x16x1",,,1,5,16,1,5,16,1,1,16
"dot/dot_fp32_5x16x1_1x16x1_avx512/16/72/real_time",1720807,81.3324,81.1471,ns,,,"5x16x72",,,1,5,16,72,5,16,1,1,16
"dot/dot_fp32_5x16x1_1x16x1_avx512/16/144/real_time",840138,164.807,164.441,ns,,,"5x16x144",,,1,5,16,144,5,16,1,1,16
"dot/dot_fp32_5x16x1_1x16x1_avx512/16/216/real_time",572310,244.295,243.694,ns,,,"5x16x216",,,1,5,16,216,5,16,1,1,16
"dot/dot_fp32_5x16x1_1x16x1_avx512/16/288/real_time",431280,324.619,323.846,ns,,,"5x16x288",,,1,5,16,288,5,16,1,1,16
"dot/dot_fp32_5x16x1_1x16x1_avx512/32/1/real_time",8697585,16.0997,16.0597,ns,,,"5x32x1",,,1,5,16,1,5,32,1,1,16
"dot/dot_fp32_5x16x1_1x16x1_avx512/32/40/real_time",1515525,92.301,92.0739,ns,,,"5x32x40",,,1,5,16,40,5,32,1,1,16
"dot/dot_fp32_5x16x1_1x16x1_avx512/32/80/real_time",766583,182.573,182.144,ns,,,"5x32x80",,,1,5,16,80,5,32,1,1,16
"dot/dot_fp32_5x16x1_1x16x1_avx512/32/120/real_time",536280,261.244,260.614,ns,,,"5x32x120",,,1,5,16,120,5,32,1,1,16
"dot/dot_fp32_5x16x1_1x16x1_avx512/32/161/real_time",392724,355.87,355.021,ns,,,"5x32x161",,,1,5,16,161,5,32,1,1,16
"dot/dot_fp32_5x16x1_1x16x1_avx512/64/1/real_time",5618737,24.9509,24.8967,ns,,,"5x64x1",,,1,5,16,1,5,64,1,1,16
"dot/dot_fp32_5x16x1_1x16x1_avx512/64/21/real_time",1352811,103.458,103.22,ns,,,"5x64x21",,,1,5,16,21,5,64,1,1,16
"dot/dot_fp32_5x16x1_1x16x1_avx512/64/42/real_time",706128,198.266,197.844,ns,,,"5x64x42",,,1,5,16,42,5,64,1,1,16
"dot/dot_fp32_5x16x1_1x16x1_avx512/64/63/real_time",464098,301.559,300.885,ns,,,"5x64x63",,,1,5,16,63,5,64,1,1,16
"dot/dot_fp32_5x16x1_1x16x1_avx512/64/84/real_time",336351,415.118,414.19,ns,,,"5x64x84",,,1,5,16,84,5,64,1,1,16
"dot/dot_fp32_5x16x1_1x16x1_avx512/128/1/real_time",2972669,42.2876,42.1885,ns,,,"5x128x1",,,1,5,16,1,5,128,1,1,16
"dot/dot_fp32_5x16x1_1x16x1_avx512/128/10/real_time",1322871,105.497,105.256,ns,,,"5x128x10",,,1,5,16,10,5,128,1,1,16
"dot/dot_fp32_5x16x1_1x16x1_avx512/128/20/real_time",730167,192.152,191.699,ns,,,"5x128x20",,,1,5,16,20,5,128,1,1,16
"dot/dot_fp32_5x16x1_1x16x1_avx512/128/30/real_time",489712,286.091,285.41,ns,,,"5x128x30",,,1,5,16,30,5,128,1,1,16
"dot/dot_fp32_5x16x1_1x16x1_avx512/128/41/real_time",356686,398.708,397.813,ns,,,"5x128x41",,,1,5,16,41,5,128,1,1,16
"dot/dot_fp32_1x32x2_1x8x2_avx512/32/2/real_time",15650328,8.94913,8.92749,ns,,,"1x32x2",,,2,1,32,2,1,32,2,1,8
"dot/dot_fp32_1x32x2_1x8x2_avx512/32/46/real_time",5238927,26.9005,26.8416,ns,,,"1x32x46",,,2,1,32,46,1,32,2,1,8
"dot/dot_fp32_1x32x2_1x8x2_avx512/32/92/real_time",2832483,49.4746,49.3665,ns,,,"1x32x92",,,2,1,32,92,1,32,2,1,8
"dot/dot_fp32_1x32x2_1x8x2_avx512/32/138/real_time",1428118,98.0062,97.7988,ns,,,"1x32x138",,,2,1,32,138,1,32,2,1,8
"dot/dot_fp32_1x32x2_1x8x2_avx512/32/184/real_time",1316301,105.721,105.482,ns,,,"1x32x184",,,2,1,32,184,1,32,2,1,8
"dot/dot_fp32_1x32x2_1x8x2_avx512/64/2/real_time",11270781,12.0036,11.9778,ns,,,"1x64x2",,,2,1,32,2,1,64,2,1,8
"dot/dot_fp32_1x32x2_1x8x2_avx512/64/22/real_time",5388415,27.138,27.0704,ns,,,"1x64x22",,,2,1,32,22,1,64,2,1,8
"dot/dot_fp32_1x32x2_1x8x2_avx512/64/46/real_time",3113547,44.8285,44.7344,ns,,,"1x64x46",,,2,1,32,46,1,64,2,1,8
"dot/dot_fp32_1x32x2_1x8x2_avx512/64/68/real_time",2080268,67.5786,67.4256,ns,,,"1x64x68",,,2,1,32,68,1,64,2,1,8
"dot/dot_fp32_1x32x2_1x8x2_avx512/64/92/real_time",1498964,93.5121,93.3134,ns,,,"1x64x92",,,2,1,32,92,1,64,2,1,8
"dot/dot_fp32_1x32x2_1x8x2_avx512/128/2/real_time",7678128,18.1871,18.1465,ns,,,"1x128x2",,,2,1,32,2,1,128,2,1,8
"dot/dot_fp32_1x32x2_1x8x2_avx512/128/10/real_time",5325773,26.5551,26.4971,ns,,,"1x128x10",,,2,1,32,10,1,128,2,1,8
"dot/dot_fp32_1x32x2_1x8x2_avx512/128/22/real_time",3112579,44.9757,44.8786,ns,,,"1x128x22",,,2,1,32,22,1,128,2,1,8
"dot/dot_fp32_1x32x2_1x8x2_avx512/128/34/real_time",2188366,64.0096,63.8813,ns,,,"1x128x34",,,2,1,32,34,1,128,2,1,8
"dot/dot_fp32_1x32x2_1x8x2_avx512/128/46/real_time",1645932,85.0396,84.8345,ns,,,"1x128x46",,,2,1,32,46,1,128,2,1,8
"dot/dot_fp32_1x32x2_1x8x2_avx512/256/2/real_time",4601594,30.4862,30.4146,ns,,,"1x256x2",,,2,1,32,2,1,256,2,1,8
"dot/dot_fp32_1x32x2_1x8x2_avx512/256/4/real_time",4120062,34.0464,33.9724,ns,,,"1x256x4",,,2,1,32,4,1,256,2,1,8
"dot/dot_fp32_1x32x2_1x8x2_avx512/256/10/real_time",2973906,47.0743,46.9716,ns,,,"1x256x10",,,2,1,32,10,1,256,2,1,8
"dot/dot_fp32_1x32x2_1x8x2_avx512/256/16/real_time",2150706,65.0632,64.9238,ns,,,"1x256x16",,,2,1,32,16,1,256,2,1,8
"dot/dot_fp32_1x32x2_1x8x2_avx512/256/22/real_time",1670719,85.2015,85.0223,ns,,,"1x256x22",,,2,1,32,22,1,256,2,1,8
"dot/dot_fp32_2x32x2_1x8x2_avx512/32/2/real_time",12051843,11.6843,11.6586,ns,,,"2x32x2",,,2,2,32,2,2,32,2,1,8
"dot/dot_fp32_2x32x2_1x8x2_avx512/32/44/real_time",3858181,36.604,36.5285,ns,,,"2x32x44",,,2,2,32,44,2,32,2,1,8
"dot/dot_fp32_2x32x2_1x8x2_avx512/32/88/real_time",2123941,62.6336,62.5004,ns,,,"2x32x88",,,2,2,32,88,2,32,2,1,8
"dot/dot_fp32_2x32x2_1x8x2_avx512/32/132/real_time",1561485,90.1209,89.9145,ns,,,"2x32x132",,,2,2,32,132,2,32,2,1,8
"dot/dot_fp32_2x32x2_1x8x2_avx512/32/178/real_time",1165307,118.077,117.816,ns,,,"2x32x178",,,2,2,32,178,2,32,2,1,8
"dot/dot_fp32_2x32x2_1x8x2_avx512/64/2/real_time",8316352,16.8831,16.8463,ns,,,"2x64x2",,,2,2,32,2,2,64,2,1,8
"dot/dot_fp32_2x32x2_1x8x2_avx512/64/22/real_time",3635939,38.5526,38.4697,ns,,,"2x64x22",,,2,2,32,22,2,64,2,1,8
"dot/dot_fp32_2x32x2_1x8x2_avx512/64/44/real_time",2108045,66.4794,66.3396,ns,,,"2x64x44",,,2,2,32,44,2,64,2,1,8
"dot/dot_fp32_2x32x2_1x8x2_avx512/64/66/real_time",1000000,100.853,100.62,ns,,,"2x64x66",,,2,2,32,66,2,64,2,1,8
"dot/dot_fp32_2x32x2_1x8x2_avx512/64/90/real_time",1124242,124.606,124.343,ns,,,"2x64x90",,,2,2,32,90,2,64,2,1,8
"dot/dot_fp32_2x32x2_1x8x2_avx512/128/2/real_time",5259856,26.6647,26.6051,ns,,,"2x128x2",,,2,2,32,2,2,128,2,1,8
"dot/dot_fp32_2x32x2_1x8x2_avx512/128/10/real_time",3331540,42.4534,42.347,ns,,,"2x128x10",,,2,2,32,10,2,128,2,1,8
"dot/dot_fp32_2x32x2_1x8x2_avx512/128/22/real_time",1956679,71.6512,71.4895,ns,,,"2x128x22",,,2,2,32,22,2,128,2,1,8
"dot/dot_fp32_2x32x2_1x8x2_avx512/128/32/real_time",1396960,102.872,102.636,ns,,,"2x128x32",,,2,2,32,32,2,128,2,1,8
"dot/dot_fp32_2x32x2_1x8x2_avx512/128/44/real_time",1075613,131.219,130.904,ns,,,"2x128x44",,,2,2,32,44,2,128,2,1,8
"dot/dot_fp32_2x32x2_1x8x2_avx512/256/2/real_time",3016754,46.4135,46.3079,ns,,,"2x256x2",,,2,2,32,2,2,256,2,1,8
"dot/dot_fp32_2x32x2_1x8x2_avx512/256/4/real_time",2605234,54.3306,54.1912,ns,,,"2x256x4",,,2,2,32,4,2,256,2,1,8
"dot/dot_fp32_2x32x2_1x8x2_avx512/256/10/real_time",1763799,79.0524,78.8433,ns,,,"2x256x10",,,2,2,32,10,2,256,2,1,8
"dot/dot_fp32_2x32x2_1x8x2_avx512/256/14/real_time",1391762,100.348,100.073,ns,,,"2x256x14",,,2,2,32,14,2,256,2,1,8
"dot/dot_fp32_2x32x2_1x8x2_avx512/256/20/real_time",1080783,128.647,128.318,ns,,,"2x256x20",,,2,2,32,20,2,256,2,1,8
"dot/dot_fp32_3x32x2_1x8x2_avx512/32/2/real_time",9983965,14.0243,13.9912,ns,,,"3x32x2",,,2,3,32,2,3,32,2,1,8
"dot/dot_fp32_3x32x2_1x8x2_avx512/32/42/real_time",3105672,45.1289,44.9943,ns,,,"3x32x42",,,2,3,32,42,3,32,2,1,8
"dot/dot_fp32_3x32x2_1x8x2_avx512/32/86/real_time",1589497,85.1886,84.9675,ns,,,"3x32x86",,,2,3,32,86,3,32,2,1,8
"dot/dot_fp32_3x32x2_1x8x2_avx512/32/128/real_time",1127761,124.202,123.888,ns,,,"3x32x128",,,2,3,32,128,3,32,2,1,8
"dot/dot_fp32_3x32x2_1x8x2_avx512/32/172/real_time",852542,164.218,163.819,ns,,,"3x32x172",,,2,3,32,172,3,32,2,1,8
"dot/dot_fp32_3x32x2_1x8x2_avx512/64/2/real_time",6850127,20.457,20.4086,ns,,,"3x64x2",,,2,3,32,2,3,64,2,1,8
"dot/dot_fp32_3x32x2_1x8x2_avx512/64/22/real_time",2625062,53.3474,53.2038,ns,,,"3x64x22",,,2,3,32,22,3,64,2,1,8
"dot/dot_fp32_3x32x2_1x8x2_avx512/64/44/real_time",1444013,96.8635,96.6181,ns,,,"3x64x44",,,2,3,32,44,3,64,2,1,8
"dot/dot_fp32_3x32x2_1x8x2_avx512/64/66/real_time",1057395,132.372,132.06,ns,,,"3x64x66",,,2,3,32,66,3,64,2,1,8
"dot/dot_fp32_3x32x2_1x8x2_avx512/64/88/real_time",810426,172.58,172.191,ns,,,"3x64x88",,,2,3,32,88,3,64,2,1,8
"dot/dot_fp32_3x32x2_1x8x2_avx512/128/2/real_time",4160058,33.5207,33.444,ns,,,"3x128x2",,,2,3,32,2,3,128,2,1,8
"dot/dot_fp32_3x32x2_1x8x2_avx512/128/10/real_time",2417779,57.8786,57.7446,ns,,,"3x128x10",,,2,3,32,10,3,128,2,1,8
"dot/dot_fp32_3x32x2_1x8x2_avx512/128/20/real_time",1453023,96.3471,96.1186,ns,,,"3x128x20",,,2,3,32,20,3,128,2,1,8
"dot/dot_fp32_3x32x2_1x8x2_avx512/128/30/real_time",1068272,131.029,130.717,ns,,,"3x128x30",,,2,3,32,30,3,128,2,1,8
"dot/dot_fp32_3x32x2_1x8x2_avx512/128/42/real_time",800330,174.768,174.378,ns,,,"3x128x42",,,2,3,32,42,3,128,2,1,8
"dot/dot_fp32_3x32x2_1x8x2_avx512/256/2/real_time",2359971,59.3685,59.2225,ns,,,"3x256x2",,,2,3,32,2,3,256,2,1,8
"dot/dot_fp32_3x32x2_1x8x2_avx512/256/4/real_time",2019376,69.3421,69.1966,ns,,,"3x256x4",,,2,3,32,4,3,256,2,1,8
"dot/dot_fp32_3x32x2_1x8x2_avx512/256/10/real_time",1240547,112.958,112.683,ns,,,"3x256x10",,,2,3,32,10,3,256,2,1,8
"dot/dot_fp32_3x32x2_1x8x2_avx512/256/14/real_time",990226,141.507,141.196,ns,,,"3x256x14",,,2,3,32,14,3,256,2,1,8
"dot/dot_fp32_3x32x2_1x8x2_avx512/256/20/real_time",742712,188.397,187.969,ns,,,"3x256x20",,,2,3,32,20,3,256,2,1,8
"dot/dot_fp32_4x32x2_1x8x2_avx512/32/2/real_time",8637499,16.1887,16.151,ns,,,"4x32x2",,,2,4,32,2,4,32,2,1,8
"dot/dot_fp32_4x32x2_1x8x2_avx512/32/40/real_time",2467653,57.2584,57.1208,ns,,,"4x32x40",,,2,4,32,40,4,32,2,1,8
"dot/dot_fp32_4x32x2_1x8x2_avx512/32/82/real_time",1298860,107.724,107.462,ns,,,"4x32x82",,,2,4,32,82,4,32,2,1,8
"dot/dot_fp32_4x32x2_1x8x2_avx512/32/124/real_time",881503,158.943,158.56,ns,,,"4x32x124",,,2,4,32,124,4,32,2,1,8
"dot/dot_fp32_4x32x2_1x8x2_avx512/32/166/real_time",666927,214.474,213.961,ns,,,"4x32x166",,,2,4,32,166,4,32,2,1,8
"dot/dot_fp32_4x32x2_1x8x2_avx512/64/2/real_time",5721065,24.3927,24.335,ns,,,"4x64x2",,,2,4,32,2,4,64,2,1,8
"dot/dot_fp32_4x32x2_1x8x2_avx512/64/20/real_time",2190123,63.8367,63.6897,ns,,,"4x64x20",,,2,4,32,20,4,64,2,1,8
"dot/dot_fp32_4x32x2_1x8x2_avx512/64/42/real_time",1205327,116.232,115.968,ns,,,"4x64x42",,,2,4,32,42,4,64,2,1,8
"dot/dot_fp32_4x32x2_1x8x2_avx512/64/64/real_time",822716,170.055,169.659,ns,,,"4x64x64",,,2,4,32,64,4,64,2,1,8
"dot/dot_fp32_4x32x2_1x8x2_avx512/64/86/real_time",626184,223.512,222.999,ns,,,"4x64x86",,,2,4,32,86,4,64,2,1,8
"dot/dot_fp32_4x32x2_1x8x2_avx512/128/2/real_time",3449817,40.5695,40.4756,ns,,,"4x128x2",,,2,4,32,2,4,128,2,1,8
"dot/dot_fp32_4x32x2_1x8x2_avx512/128/10/real_time",1849359,75.732,75.5506,ns,,,"4x128x10",,,2,4,32,10,4,128,2,1,8
"dot/dot_fp32_4x32x2_1x8x2_avx512/128/20/real_time",1120159,125.022,124.747,ns,,,"4x128x20",,,2,4,32,20,4,128,2,1,8
"dot/dot_fp32_4x32x2_1x8x2_avx512/128/30/real_time",812450,172.371,172.001,ns,,,"4x128x30",,,2,4,32,30,4,128,2,1,8
"dot/dot_fp32_4x32x2_1x8x2_avx512/128/42/real_time",606967,230.804,230.254,ns,,,"4x128x42",,,2,4,32,42,4,128,2,1,8
"dot/dot_fp32_4x32x2_1x8x2_avx512/256/2/real_time",1903832,73.5529,73.3726,ns,,,"4x256x2",,,2,4,32,2,4,256,2,1,8
"dot/dot_fp32_4x32x2_1x8x2_avx512/256/4/real_time",1532978,91.2818,91.0716,ns,,,"4x256x4",,,2,4,32,4,4,256,2,1,8
"dot/dot_fp32_4x32x2_1x8x2_avx512/256/8/real_time",1076497,129.99,129.632,ns,,,"4x256x8",,,2,4,32,8,4,256,2,1,8
"dot/dot_fp32_4x32x2_1x8x2_avx512/256/12/real_time",827227,169.141,168.747,ns,,,"4x256x12",,,2,4,32,12,4,256,2,1,8
"dot/dot_fp32_4x32x2_1x8x2_avx512/256/18/real_time",613208,228.842,228.305,ns,,,"4x256x18",,,2,4,32,18,4,256,2,1,8
"dot/dot_fp32_5x32x2_1x8x2_avx512/32/2/real_time",7762747,18.0566,18.0152,ns,,,"5x32x2",,,2,5,32,2,5,32,2,1,8
"dot/dot_fp32_5x32x2_1x8x2_avx512/32/40/real_time",1973055,71.0055,70.827,ns,,,"5x32x40",,,2,5,32,40,5,32,2,1,8
"dot/dot_fp32_5x32x2_1x8x2_avx512/32/80/real_time",1062710,131.766,131.443,ns,,,"5x32x80",,,2,5,32,80,5,32,2,1,8
"dot/dot_fp32_5x32x2_1x8x2_avx512/32/120/real_time",726721,192.487,192.079,ns,,,"5x32x120",,,2,5,32,120,5,32,2,1,8
"dot/dot_fp32_5x32x2_1x8x2_avx512/32/160/real_time",552512,256.916,256.303,ns,,,"5x32x160",,,2,5,32,160,5,32,2,1,8
"dot/dot_fp32_5x32x2_1x8x2_avx512/64/2/real_time",5087283,27.5055,27.4377,ns,,,"5x64x2",,,2,5,32,2,5,64,2,1,8
"dot/dot_fp32_5x32x2_1x8x2_avx512/64/20/real_time",1766920,81.0954,80.885,ns,,,"5x64x20",,,2,5,32,20,5,64,2,1,8
"dot/dot_fp32_5x32x2_1x8x2_avx512/64/42/real_time",962534,145.509,145.155,ns,,,"5x64x42",,,2,5,32,42,5,64,2,1,8
"dot/dot_fp32_5x32x2_1x8x2_avx512/64/62/real_time",677733,206.469,205.984,ns,,,"5x64x62",,,2,5,32,62,5,64,2,1,8
"dot/dot_fp32_5x32x2_1x8x2_avx512/64/84/real_time",511922,273.502,272.851,ns,,,"5x64x84",,,2,5,32,84,5,64,2,1,8
"dot/dot_fp32_5x32x2_1x8x2_avx512/128/2/real_time",2931373,47.663,47.5539,ns,,,"5x128x2",,,2,5,32,2,5,128,2,1,8
"dot/dot_fp32_5x32x2_1x8x2_avx512/128/10/real_time",1448882,96.6344,96.4249,ns,,,"5x128x10",,,2,5,32,10,5,128,2,1,8
"dot/dot_fp32_5x32x2_1x8x2_avx512/128/20/real_time",899019,155.754,155.39,ns,,,"5x128x20",,,2,5,32,20,5,128,2,1,8
"dot/dot_fp32_5x32x2_1x8x2_avx512/128/30/real_time",647173,221.796,221.249,ns,,,"5x128x30",,,2,5,32,30,5,128,2,1,8
"dot/dot_fp32_5x32x2_1x8x2_avx512/128/40/real_time",482377,329.01,327.979,ns,,,"5x128x40",,,2,5,32,40,5,128,2,1,8
"dot/dot_fp32_5x32x2_1x8x2_avx512/256/2/real_time",1106630,107.748,107.476,ns,,,"5x256x2",,,2,5,32,2,5,256,2,1,8
"dot/dot_fp32_5x32x2_1x8x2_avx512/256/4/real_time",1222764,116,115.728,ns,,,"5x256x4",,,2,5,32,4,5,256,2,1,8
"dot/dot_fp32_5x32x2_1x8x2_avx512/256/8/real_time",858145,163.227,162.779,ns,,,"5x256x8",,,2,5,32,8,5,256,2,1,8
"dot/dot_fp32_5x32x2_1x8x2_avx512/256/12/real_time",654451,214.041,213.53,ns,,,"5x256x12",,,2,5,32,12,5,256,2,1,8
"dot/dot_fp32_5x32x2_1x8x2_avx512/256/18/real_time",489857,285.792,285.156,ns,,,"5x256x18",,,2,5,32,18,5,256,2,1,8
"dot/dot_fp32_1x16x2_1x8x2_avx512/16/2/real_time",18824520,7.39543,7.37713,ns,,,"1x16x2",,,2,1,16,2,1,16,2,1,8
"dot/dot_fp32_1x16x2_1x8x2_avx512/16/90/real_time",4116607,34.0535,33.974,ns,,,"1x16x90",,,2,1,16,90,1,16,2,1,8
"dot/dot_fp32_1x16x2_1x8x2_avx512/16/180/real_time",2060862,67.9678,67.8011,ns,,,"1x16x180",,,2,1,16,180,1,16,2,1,8
"dot/dot_fp32_1x16x2_1x8x2_avx512/16/270/real_time",1228208,113.017,112.742,ns,,,"1x16x270",,,2,1,16,270,1,16,2,1,8
"dot/dot_fp32_1x16x2_1x8x2_avx512/16/360/real_time",866892,159.142,158.751,ns,,,"1x16x360",,,2,1,16,360,1,16,2,1,8
"dot/dot_fp32_1x16x2_1x8x2_avx512/32/2/real_time",14656459,9.54339,9.5215,ns,,,"1x32x2",,,2,1,16,2,1,32,2,1,8
"dot/dot_fp32_1x16x2_1x8x2_avx512/32/46/real_time",4286598,33.0266,32.9479,ns,,,"1x32x46",,,2,1,16,46,1,32,2,1,8
"dot/dot_fp32_1x16x2_1x8x2_avx512/32/92/real_time",2281339,61.3616,61.221,ns,,,"1x32x92",,,2,1,16,92,1,32,2,1,8
"dot/dot_fp32_1x16x2_1x8x2_avx512/32/138/real_time",1417222,100.466,100.224,ns,,,"1x32x138",,,2,1,16,138,1,32,2,1,8
"dot/dot_fp32_1x16x2_1x8x2_avx512/32/184/real_time",1048877,134.207,133.852,ns,,,"1x32x184",,,2,1,16,184,1,32,2,1,8
"dot/dot_fp32_1x16x2_1x8x2_avx512/64/2/real_time",9583034,14.5155,14.4767,ns,,,"1x64x2",,,2,1,16,2,1,64,2,1,8
"dot/dot_fp32_1x16x2_1x8x2_avx512/64/22/real_time",3910580,37.4735,37.3825,ns,,,"1x64x22",,,2,1,16,22,1,64,2,1,8
"dot/dot_fp32_1x16x2_1x8x2_avx512/64/46/real_time",2086473,67.0873,66.9286,ns,,,"1x64x46",,,2,1,16,46,1,64,2,1,8
"dot/dot_fp32_1x16x2_1x8x2_avx512/64/68/real_time",1480578,94.1853,93.9606,ns,,,"1x64x68",,,2,1,16,68,1,64,2,1,8
"dot/dot_fp32_1x16x2_1x8x2_avx512/64/92/real_time",1110449,126.086,125.82,ns,,,"1x64x92",,,2,1,16,92,1,64,2,1,8
"dot/dot_fp32_1x16x2_1x8x2_avx512/128/2/real_time",5223145,24.0055,23.9465,ns,,,"1x128x2",,,2,1,16,2,1,128,2,1,8
"dot/dot_fp32_1x16x2_1x8x2_avx512/128/10/real_time",3685084,37.9975,37.9118,ns,,,"1x128x10",,,2,1,16,10,1,128,2,1,8
"dot/dot_fp32_1x16x2_1x8x2_avx512/128/22/real_time",2071016,70.5311,70.3744,ns,,,"1x128x22",,,2,1,16,22,1,128,2,1,8
"dot/dot_fp32_1x16x2_1x8x2_avx512/128/34/real_time",1382358,98.7364,98.4803,ns,,,"1x128x34",,,2,1,16,34,1,128,2,1,8
"dot/dot_fp32_1x16x2_1x8x2_avx512/128/46/real_time",1071774,128.873,128.564,ns,,,"1x128x46",,,2,1,16,46,1,128,2,1,8
"dot/dot_fp32_4x16x2_1x8x2_avx512/16/2/real_time",10057509,13.2403,13.2102,ns,,,"4x16x2",,,2,4,16,2,4,16,2,1,8
"dot/dot_fp32_4x16x2_1x8x2_avx512/16/76/real_time",2468464,56.8664,56.7337,ns,,,"4x16x76",,,2,4,16,76,4,16,2,1,8
"dot/dot_fp32_4x16x2_1x8x2_avx512/16/152/real_time",1367944,102.718,102.503,ns,,,"4x16x152",,,2,4,16,152,4,16,2,1,8
"dot/dot_fp32_4x16x2_1x8x2_avx512/16/228/real_time",933737,147.809,147.468,ns,,,"4x16x228",,,2,4,16,228,4,16,2,1,8
"dot/dot_fp32_4x16x2_1x8x2_avx512/16/304/real_time",704564,199.331,198.915,ns,,,"4x16x304",,,2,4,16,304,4,16,2,1,8
"dot/dot_fp32_4x16x2_1x8x2_avx512/32/2/real_time",7092181,19.7611,19.7146,ns,,,"4x32x2",,,2,4,16,2,4,32,2,1,8
"dot/dot_fp32_4x16x2_1x8x2_avx512/32/40/real_time",2198414,64.0522,63.9129,ns,,,"4x32x40",,,2,4,16,40,4,32,2,1,8
"dot/dot_fp32_4x16x2_1x8x2_avx512/32/82/real_time",1251631,114.712,114.455,ns,,,"4x32x82",,,2,4,16,82,4,32,2,1,8
"dot/dot_fp32_4x16x2_1x8x2_avx512/32/124/real_time",860922,163.248,162.876,ns,,,"4x32x124",,,2,4,16,124,4,32,2,1,8
"dot/dot_fp32_4x16x2_1x8x2_avx512/32/166/real_time",654683,217.111,216.622,ns,,,"4x32x166",,,2,4,16,166,4,32,2,1,8
"dot/dot_fp32_4x16x2_1x8x2_avx512/64/2/real_time",4441040,31.4853,31.4163,ns,,,"4x64x2",,,2,4,16,2,4,64,2,1,8
"dot/dot_fp32_4x16x2_1x8x2_avx512/64/20/real_time",1992608,68.2742,68.1224,ns,,,"4x64x20",,,2,4,16,20,4,64,2,1,8
"dot/dot_fp32_4x16x2_1x8x2_avx512/64/42/real_time",1146367,122.623,122.366,ns,,,"4x64x42",,,2,4,16,42,4,64,2,1,8
"dot/dot_fp32_4x16x2_1x8x2_avx512/64/64/real_time",787100,177.78,177.376,ns,,,"4x64x64",,,2,4,16,64,4,64,2,1,8
"dot/dot_fp32_4x16x2_1x8x2_avx512/64/86/real_time",597116,234.409,233.912,ns,,,"4x64x86",,,2,4,16,86,4,64,2,1,8
"dot/dot_fp32_4x16x2_1x8x2_avx512/128/2/real_time",2562215,54.6684,54.5491,ns,,,"4x128x2",,,2,4,16,2,4,128,2,1,8
"dot/dot_fp32_4x16x2_1x8x2_avx512/128/10/real_time",1664794,84.1826,83.9855,ns,,,"4x128x10",,,2,4,16,10,4,128,2,1,8
"dot/dot_fp32_4x16x2_1x8x2_avx512/128/20/real_time",1086830,128.9,128.612,ns,,,"4x128x20",,,2,4,16,20,4,128,2,1,8
"dot/dot_fp32_4x16x2_1x8x2_avx512/128/30/real_time",762811,184.453,184.029,ns,,,"4x128x30",,,2,4,16,30,4,128,2,1,8
"dot/dot_fp32_4x16x2_1x8x2_avx512/128/42/real_time",582315,240.644,240.137,ns,,,"4x128x42",,,2,4,16,42,4,128,2,1,8
"dot/dot_fp32_4x8x2_1x8x2_avx512/8/2/real_time",11449094,11.1088,11.0814,ns,,,"4x8x2",,,2,4,8,2,4,8,2,1,8
"dot/dot_fp32_4x8x2_1x8x2_avx512/8/126/real_time",2045606,68.4821,68.3316,ns,,,"4x8x126",,,2,4,8,126,4,8,2,1,8
"dot/dot_fp32_4x8x2_1x8x2_avx512/8/254/real_time",1014412,137.961,137.649,ns,,,"4x8x254",,,2,4,8,254,4,8,2,1,8
"dot/dot_fp32_4x8x2_1x8x2_avx512/8/380/real_time",679501,206.116,205.634,ns,,,"4x8x380",,,2,4,8,380,4,8,2,1,8
"dot/dot_fp32_4x8x2_1x8x2_avx512/8/508/real_time",500303,279.965,279.27,ns,,,"4x8x508",,,2,4,8,508,4,8,2,1,8
"dot/dot_fp32_4x8x2_1x8x2_avx512/16/2/real_time",9529784,14.7335,14.6985,ns,,,"4x16x2",,,2,4,8,2,4,16,2,1,8
"dot/dot_fp32_4x8x2_1x8x2_avx512/16/76/real_time",1783429,78.529,78.3527,ns,,,"4x16x76",,,2,4,8,76,4,16,2,1,8
"dot/dot_fp32_4x8x2_1x8x2_avx512/16/152/real_time",830438,162.017,161.594,ns,,,"4x16x152",,,2,4,8,152,4,16,2,1,8
"dot/dot_fp32_4x8x2_1x8x2_avx512/16/228/real_time",581381,240.853,240.26,ns,,,"4x16x228",,,2,4,8,228,4,16,2,1,8
"dot/dot_fp32_4x8x2_1x8x2_avx512/16/304/real_time",425600,329.145,328.363,ns,,,"4x16x304",,,2,4,8,304,4,16,2,1,8
"dot/dot_fp32_4x8x2_1x8x2_avx512/32/2/real_time",6035295,23.1585,23.0963,ns,,,"4x32x2",,,2,4,8,2,4,32,2,1,8
"dot/dot_fp32_4x8x2_1x8x2_avx512/32/40/real_time",1621137,86.3136,86.1102,ns,,,"4x32x40",,,2,4,8,40,4,32,2,1,8
"dot/dot_fp32_4x8x2_1x8x2_avx512/32/82/real_time",861670,161.631,161.301,ns,,,"4x32x82",,,2,4,8,82,4,32,2,1,8
"dot/dot_fp32_4x8x2_1x8x2_avx512/32/124/real_time",557202,251.163,250.591,ns,,,"4x32x124",,,2,4,8,124,4,32,2,1,8
"dot/dot_fp32_4x8x2_1x8x2_avx512/32/166/real_time",384688,348.021,347.171,ns,,,"4x32x166",,,2,4,8,166,4,32,2,1,8
"dot/dot_fp32_4x8x2_1x8x2_avx512/64/2/real_time",3589671,38.9507,38.8586,ns,,,"4x64x2",,,2,4,8,2,4,64,2,1,8
"dot/dot_fp32_4x8x2_1x8x2_avx512/64/20/real_time",1396425,99.6625,99.4343,ns,,,"4x64x20",,,2,4,8,20,4,64,2,1,8
"dot/dot_fp32_4x8x2_1x8x2_avx512/64/42/real_time",685847,195.856,195.324,ns,,,"4x64x42",,,2,4,8,42,4,64,2,1,8
"dot/dot_fp32_4x8x2_1x8x2_avx512/64/64/real_time",481706,292.021,291.375,ns,,,"4x64x64",,,2,4,8,64,4,64,2,1,8
"dot/dot_fp32_4x8x2_1x8x2_avx512/64/86/real_time",367116,382.585,381.729,ns,,,"4x64x86",,,2,4,8,86,4,64,2,1,8
"dot/dot_fp32_8x8x2_1x8x2_avx512/8/2/real_time",9128295,15.6808,15.6447,ns,,,"8x8x2",,,2,8,8,2,8,8,2,1,8
"dot/dot_fp32_8x8x2_1x8x2_avx512/8/94/real_time",1791568,78.0862,77.89,ns,,,"8x8x94",,,2,8,8,94,8,8,2,1,8
"dot/dot_fp32_8x8x2_1x8x2_avx512/8/190/real_time",942306,147.943,147.617,ns,,,"8x8x190",,,2,8,8,190,8,8,2,1,8
"dot/dot_fp32_8x8x2_1x8x2_avx512/8/284/real_time",644272,216.477,215.98,ns,,,"8x8x284",,,2,8,8,284,8,8,2,1,8
"dot/dot_fp32_8x8x2_1x8x2_avx512/8/380/real_time",488794,286.359,285.708,ns,,,"8x8x380",,,2,8,8,380,8,8,2,1,8
"dot/dot_fp32_8x8x2_1x8x2_avx512/16/2/real_time",6720433,20.8784,20.8256,ns,,,"8x16x2",,,2,8,8,2,8,16,2,1,8
"dot/dot_fp32_8x8x2_1x8x2_avx512/16/62/real_time",1348912,106.711,106.463,ns,,,"8x16x62",,,2,8,8,62,8,16,2,1,8
"dot/dot_fp32_8x8x2_1x8x2_avx512/16/124/real_time",721523,194.128,193.675,ns,,,"8x16x124",,,2,8,8,124,8,16,2,1,8
"dot/dot_fp32_8x8x2_1x8x2_avx512/16/186/real_time",492471,284.222,283.537,ns,,,"8x16x186",,,2,8,8,186,8,16,2,1,8
"dot/dot_fp32_8x8x2_1x8x2_avx512/16/250/real_time",372818,374.726,373.87,ns,,,"8x16x250",,,2,8,8,250,8,16,2,1,8
"dot/dot_fp32_8x8x2_1x8x2_avx512/32/2/real_time",4387842,31.9981,31.9236,ns,,,"8x32x2",,,2,8,8,2,8,32,2,1,8
"dot/dot_fp32_8x8x2_1x8x2_avx512/32/36/real_time",1126299,125.813,125.534,ns,,,"8x32x36",,,2,8,8,36,8,32,2,1,8
"dot/dot_fp32_8x8x2_1x8x2_avx512/32/72/real_time",622041,229.332,228.824,ns,,,"8x32x72",,,2,8,8,72,8,32,2,1,8
"dot/dot_fp32_8x8x2_1x8x2_avx512/32/108/real_time",418522,333.1,332.36,ns,,,"8x32x108",,,2,8,8,108,8,32,2,1,8
"dot/dot_fp32_8x8x2_1x8x2_avx512/32/146/real_time",315633,447.592,446.553,ns,,,"8x32x146",,,2,8,8,146,8,32,2,1,8
"dot/dot_fp32_8x8x2_1x8x2_avx512/64/2/real_time",2593503,53.8977,53.7704,ns,,,"8x64x2",,,2,8,8,2,8,64,2,1,8
"dot/dot_fp32_8x8x2_1x8x2_avx512/64/18/real_time",984844,142.493,142.173,ns,,,"8x64x18",,,2,8,8,18,8,64,2,1,8
"dot/dot_fp32_8x8x2_1x8x2_avx512/64/38/real_time",542349,261.928,261.31,ns,,,"8x64x38",,,2,8,8,38,8,64,2,1,8
"dot/dot_fp32_8x8x2_1x8x2_avx512/64/58/real_time",375064,377.961,377.134,ns,,,"8x64x58",,,2,8,8,58,8,64,2,1,8
"dot/dot_fp32_8x8x2_1x8x2_avx512/64/78/real_time",284732,512.815,511.516,ns,,,"8x64x78",,,2,8,8,78,8,64,2,1,8
"dot/dot_fp32_1x32x4_1x4x4_avx512/32/4/real_time",13510085,10.3761,10.3535,ns,,,"1x32x4",,,4,1,32,4,1,32,4,1,4
"dot/dot_fp32_1x32x4_1x4x4_avx512/32/44/real_time",5490974,25.621,25.5547,ns,,,"1x32x44",,,4,1,32,44,1,32,4,1,4
"dot/dot_fp32_1x32x4_1x4x4_avx512/32/92/real_time",3312417,42.3716,42.2555,ns,,,"1x32x92",,,4,1,32,92,1,32,4,1,4
"dot/dot_fp32_1x32x4_1x4x4_avx512/32/136/real_time",2398472,58.2326,58.0976,ns,,,"1x32x136",,,4,1,32,136,1,32,4,1,4
"dot/dot_fp32_1x32x4_1x4x4_avx512/32/184/real_time",1862136,75.6137,75.429,ns,,,"1x32x184",,,4,1,32,184,1,32,4,1,4
"dot/dot_fp32_1x32x4_1x4x4_avx512/64/4/real_time",9366614,14.9551,14.9217,ns,,,"1x64x4",,,4,1,32,4,1,64,4,1,4
"dot/dot_fp32_1x32x4_1x4x4_avx512/64/20/real_time",5648548,25.1121,25.0532,ns,,,"1x64x20",,,4,1,32,20,1,64,4,1,4
"dot/dot_fp32_1x32x4_1x4x4_avx512/64/44/real_time",3414724,41.1529,41.0625,ns,,,"1x64x44",,,4,1,32,44,1,64,4,1,4
"dot/dot_fp32_1x32x4_1x4x4_avx512/64/68/real_time",2310356,62.0341,61.8978,ns,,,"1x64x68",,,4,1,32,68,1,64,4,1,4
"dot/dot_fp32_1x32x4_1x4x4_avx512/64/92/real_time",1791587,78.3075,78.1388,ns,,,"1x64x92",,,4,1,32,92,1,64,4,1,4
"dot/dot_fp32_1x32x4_1x4x4_avx512/128/4/real_time",5776480,24.3121,24.2493,ns,,,"1x128x4",,,4,1,32,4,1,128,4,1,4
"dot/dot_fp32_1x32x4_1x4x4_avx512/128/8/real_time",4754458,29.6792,29.6064,ns,,,"1x128x8",,,4,1,32,8,1,128,4,1,4
"dot/dot_fp32_1x32x4_1x4x4_avx512/128/20/real_time",3011703,45.8457,45.7504,ns,,,"1x128x20",,,4,1,32,20,1,128,4,1,4
"dot/dot_fp32_1x32x4_1x4x4_avx512/128/32/real_time",2238094,62.603,62.4686,ns,,,"1x128x32",,,4,1,32,32,1,128,4,1,4
"dot/dot_fp32_1x32x4_1x4x4_avx512/128/44/real_time",1774947,78.6589,78.4892,ns,,,"1x128x44",,,4,1,32,44,1,128,4,1,4
"dot/dot_fp32_1x32x4_1x4x4_avx512/256/4/real_time",2949359,47.5776,47.4705,ns,,,"1x256x4",,,4,1,32,4,1,256,4,1,4
"dot/dot_fp32_1x32x4_1x4x4_avx512/256/8/real_time",2413439,58.5573,58.4196,ns,,,"1x256x8",,,4,1,32,8,1,256,4,1,4
"dot/dot_fp32_1x32x4_1x4x4_avx512/256/12/real_time",2064149,67.8444,67.6932,ns,,,"1x256x12",,,4,1,32,12,1,256,4,1,4
"dot/dot_fp32_1x32x4_1x4x4_avx512/256/20/real_time",1502472,89.9549,89.7718,ns,,,"1x256x20",,,4,1,32,20,1,256,4,1,4
"dot/dot_fp32_2x32x4_1x4x4_avx512/32/4/real_time",9334428,15.0217,14.9893,ns,,,"2x32x4",,,4,2,32,4,2,32,4,1,4
"dot/dot_fp32_2x32x4_1x4x4_avx512/32/44/real_time",3683791,37.9474,37.8668,ns,,,"2x32x44",,,4,2,32,44,2,32,4,1,4
"dot/dot_fp32_2x32x4_1x4x4_avx512/32/88/real_time",2184458,64.0596,63.9258,ns,,,"2x32x88",,,4,2,32,88,2,32,4,1,4
"dot/dot_fp32_2x32x4_1x4x4_avx512/32/132/real_time",1540945,90.8409,90.6458,ns,,,"2x32x132",,,4,2,32,132,2,32,4,1,4
"dot/dot_fp32_2x32x4_1x4x4_avx512/32/176/real_time",1187301,117.945,117.672,ns,,,"2x32x176",,,4,2,32,176,2,32,4,1,4
"dot/dot_fp32_2x32x4_1x4x4_avx512/64/4/real_time",5618156,24.9039,24.844,ns,,,"2x64x4",,,4,2,32,4,2,64,4,1,4
"dot/dot_fp32_2x32x4_1x4x4_avx512/64/20/real_time",3063574,45.7093,45.6118,ns,,,"2x64x20",,,4,2,32,20,2,64,4,1,4
"dot/dot_fp32_2x32x4_1x4x4_avx512/64/44/real_time",1886746,74.2061,74.0527,ns,,,"2x64x44",,,4,2,32,44,2,64,4,1,4
"dot/dot_fp32_2x32x4_1x4x4_avx512/64/64/real_time",1421334,98.4529,98.2452,ns,,,"2x64x64",,,4,2,32,64,2,64,4,1,4
"dot/dot_fp32_2x32x4_1x4x4_avx512/64/88/real_time",1084115,128.956,128.662,ns,,,"2x64x88",,,4,2,32,88,2,64,4,1,4
"dot/dot_fp32_2x32x4_1x4x4_avx512/128/4/real_time",2885143,48.5307,48.4199,ns,,,"2x128x4",,,4,2,32,4,2,128,4,1,4
"dot/dot_fp32_2x32x4_1x4x4_avx512/128/8/real_time",2381117,58.8165,58.6891,ns,,,"2x128x8",,,4,2,32,8,2,128,4,1,4
"dot/dot_fp32_2x32x4_1x4x4_avx512/128/20/real_time",1557650,89.9425,89.7509,ns,,,"2x128x20",,,4,2,32,20,2,128,4,1,4
"dot/dot_fp32_2x32x4_1x4x4_avx512/128/32/real_time",1179612,118.739,118.478,ns,,,"2x128x32",,,4,2,32,32,2,128,4,1,4
"dot/dot_fp32_2x32x4_1x4x4_avx512/128/44/real_time",952054,146.98,146.659,ns,,,"2x128x44",,,4,2,32,44,2,128,4,1,4
"dot/dot_fp32_2x32x4_1x4x4_avx512/256/4/real_time",1522478,87.3011,87.1151,ns,,,"2x256x4",,,4,2,32,4,2,256,4,1,4
"dot/dot_fp32_2x32x4_1x4x4_avx512/256/8/real_time",1361794,102.865,102.636,ns,,,"2x256x8",,,4,2,32,8,2,256,4,1,4
"dot/dot_fp32_2x32x4_1x4x4_avx512/256/12/real_time",1092203,128.16,127.892,ns,,,"2x256x12",,,4,2,32,12,2,256,4,1,4
"dot/dot_fp32_2x32x4_1x4x4_avx512/256/20/real_time",783297,179.693,179.254,ns,,,"2x256x20",,,4,2,32,20,2,256,4,1,4
"dot/dot_fp32_1x16x4_1x4x4_avx512/16/4/real_time",15280462,9.28814,9.26906,ns,,,"1x16x4",,,4,1,16,4,1,16,4,1,4
"dot/dot_fp32_1x16x4_1x4x4_avx512/16/88/real_time",5351616,25.8706,25.8132,ns,,,"1x16x88",,,4,1,16,88,1,16,4,1,4
"dot/dot_fp32_1x16x4_1x4x4_avx512/16/180/real_time",2846159,49.2416,49.1372,ns,,,"1x16x180",,,4,1,16,180,1,16,4,1,4
"dot/dot_fp32_1x16x4_1x4x4_avx512/16/268/real_time",1848505,75.7317,75.5645,ns,,,"1x16x268",,,4,1,16,268,1,16,4,1,4
"dot/dot_fp32_1x16x4_1x4x4_avx512/16/360/real_time",1350239,103.663,103.45,ns,,,"1x16x360",,,4,1,16,360,1,16,4,1,4
"dot/dot_fp32_1x16x4_1x4x4_avx512/32/4/real_time",11177067,12.6082,12.5787,ns,,,"1x32x4",,,4,1,16,4,1,32,4,1,4
"dot/dot_fp32_1x16x4_1x4x4_avx512/32/44/real_time",5262489,26.6156,26.5599,ns,,,"1x32x44",,,4,1,16,44,1,32,4,1,4
"dot/dot_fp32_1x16x4_1x4x4_avx512/32/92/real_time",2988069,46.7025,46.6017,ns,,,"1x32x92",,,4,1,16,92,1,32,4,1,4
"dot/dot_fp32_1x16x4_1x4x4_avx512/32/136/real_time",2002828,69.8296,69.6744,ns,,,"1x32x136",,,4,1,16,136,1,32,4,1,4
"dot/dot_fp32_1x16x4_1x4x4_avx512/32/184/real_time",1463268,95.7508,95.533,ns,,,"1x32x184",,,4,1,16,184,1,32,4,1,4
"dot/dot_fp32_1x16x4_1x4x4_avx512/64/4/real_time",7173559,19.5583,19.512,ns,,,"1x64x4",,,4,1,16,4,1,64,4,1,4
"dot/dot_fp32_1x16x4_1x4x4_avx512/64/20/real_time",5059584,27.7216,27.6624,ns,,,"1x64x20",,,4,1,16,20,1,64,4,1,4
"dot/dot_fp32_1x16x4_1x4x4_avx512/64/44/real_time",3058539,45.6185,45.5169,ns,,,"1x64x44",,,4,1,16,44,1,64,4,1,4
"dot/dot_fp32_1x16x4_1x4x4_avx512/64/68/real_time",2094913,66.4447,66.3015,ns,,,"1x64x68",,,4,1,16,68,1,64,4,1,4
"dot/dot_fp32_1x16x4_1x4x4_avx512/64/92/real_time",1589658,88.137,87.9272,ns,,,"1x64x92",,,4,1,16,92,1,64,4,1,4
"dot/dot_fp32_1x16x4_1x4x4_avx512/128/4/real_time",4187671,33.4017,33.3292,ns,,,"1x128x4",,,4,1,16,4,1,128,4,1,4
"dot/dot_fp32_1x16x4_1x4x4_avx512/128/8/real_time",3767328,37.1503,37.068,ns,,,"1x128x8",,,4,1,16,8,1,128,4,1,4
"dot/dot_fp32_1x16x4_1x4x4_avx512/128/20/real_time",2822491,49.6742,49.5673,ns,,,"1x128x20",,,4,1,16,20,1,128,4,1,4
"dot/dot_fp32_1x16x4_1x4x4_avx512/128/32/real_time",2065792,68.9377,68.7892,ns,,,"1x128x32",,,4,1,16,32,1,128,4,1,4
"dot/dot_fp32_1x16x4_1x4x4_avx512/128/44/real_time",1255601,91.1174,90.914,ns,,,"1x128x44",,,4,1,16,44,1,128,4,1,4
"dot/dot_fp32_3x16x4_1x4x4_avx512/16/4/real_time",9727144,14.4369,14.4033,ns,,,"3x16x4",,,4,3,16,4,3,16,4,1,4
"dot/dot_fp32_3x16x4_1x4x4_avx512/16/80/real_time",3041176,45.9614,45.8568,ns,,,"3x16x80",,,4,3,16,80,3,16,4,1,4
"dot/dot_fp32_3x16x4_1x4x4_avx512/16/160/real_time",1644924,82.3126,82.121,ns,,,"3x16x160",,,4,3,16,160,3,16,4,1,4
"dot/dot_fp32_3x16x4_1x4x4_avx512/16/240/real_time",1177184,118.957,118.668,ns,,,"3x16x240",,,4,3,16,240,3,16,4,1,4
"dot/dot_fp32_3x16x4_1x4x4_avx512/16/320/real_time",901316,155.64,155.294,ns,,,"3x16x320",,,4,3,16,320,3,16,4,1,4
"dot/dot_fp32_3x16x4_1x4x4_avx512/32/4/real_time",6534894,21.4445,21.3964,ns,,,"3x32x4",,,4,3,16,4,3,32,4,1,4
"dot/dot_fp32_3x16x4_1x4x4_avx512/32/40/real_time",2585406,54.223,54.1034,ns,,,"3x32x40",,,4,3,16,40,3,32,4,1,4
"dot/dot_fp32_3x16x4_1x4x4_avx512/32/84/real_time",1511440,92.6455,92.4356,ns,,,"3x32x84",,,4,3,16,84,3,32,4,1,4
"dot/dot_fp32_3x16x4_1x4x4_avx512/32/128/real_time",1049068,137.128,136.81,ns,,,"3x32x128",,,4,3,16,128,3,32,4,1,4
"dot/dot_fp32_3x16x4_1x4x4_avx512/32/172/real_time",808066,177.763,177.308,ns,,,"3x32x172",,,4,3,16,172,3,32,4,1,4
"dot/dot_fp32_3x16x4_1x4x4_avx512/64/4/real_time",3749522,37.3567,37.2697,ns,,,"3x64x4",,,4,3,16,4,3,64,4,1,4
"dot/dot_fp32_3x16x4_1x4x4_avx512/64/20/real_time",2010123,67.1927,67.0509,ns,,,"3x64x20",,,4,3,16,20,3,64,4,1,4
"dot/dot_fp32_3x16x4_1x4x4_avx512/64/44/real_time",1238865,112.978,112.716,ns,,,"3x64x44",,,4,3,16,44,3,64,4,1,4
"dot/dot_fp32_3x16x4_1x4x4_avx512/64/64/real_time",935135,149.087,148.762,ns,,,"3x64x64",,,4,3,16,64,3,64,4,1,4
"dot/dot_fp32_3x16x4_1x4x4_avx512/64/88/real_time",730876,191.303,190.86,ns,,,"3x64x88",,,4,3,16,88,3,64,4,1,4
"dot/dot_fp32_3x16x4_1x4x4_avx512/128/4/real_time",1929164,72.6047,72.4477,ns,,,"3x128x4",,,4,3,16,4,3,128,4,1,4
"dot/dot_fp32_3x16x4_1x4x4_avx512/128/8/real_time",1611753,86.818,86.6233,ns,,,"3x128x8",,,4,3,16,8,3,128,4,1,4
"dot/dot_fp32_3x16x4_1x4x4_avx512/128/20/real_time",1061146,132.072,131.76,ns,,,"3x128x20",,,4,3,16,20,3,128,4,1,4
"dot/dot_fp32_3x16x4_1x4x4_avx512/128/28/real_time",857548,163.057,162.669,ns,,,"3x128x28",,,4,3,16,28,3,128,4,1,4
"dot/dot_fp32_3x16x4_1x4x4_avx512/128/40/real_time",669433,208.83,208.365,ns,,,"3x128x40",,,4,3,16,40,3,128,4,1,4
"dot/dot_fp32_4x16x4_1x4x4_avx512/16/4/real_time",8186998,19.9106,19.8547,ns,,,"4x16x4",,,4,4,16,4,4,16,4,1,4
"dot/dot_fp32_4x16x4_1x4x4_avx512/16/76/real_time",2013822,61.8378,61.6879,ns,,,"4x16x76",,,4,4,16,76,4,16,4,1,4
"dot/dot_fp32_4x16x4_1x4x4_avx512/16/152/real_time",1352645,103.512,103.276,ns,,,"4x16x152",,,4,4,16,152,4,16,4,1,4
"dot/dot_fp32_4x16x4_1x4x4_avx512/16/228/real_time",934228,149.821,149.46,ns,,,"4x16x228",,,4,4,16,228,4,16,4,1,4
"dot/dot_fp32_4x16x4_1x4x4_avx512/16/304/real_time",713211,199.896,199.477,ns,,,"4x16x304",,,4,4,16,304,4,16,4,1,4
"dot/dot_fp32_4x16x4_1x4x4_avx512/32/4/real_time",5273263,26.5569,26.498,ns,,,"4x32x4",,,4,4,16,4,4,32,4,1,4
"dot/dot_fp32_4x16x4_1x4x4_avx512/32/40/real_time",2002688,69.886,69.7348,ns,,,"4x32x40",,,4,4,16,40,4,32,4,1,4
"dot/dot_fp32_4x16x4_1x4x4_avx512/32/80/real_time",1183070,118.327,118.056,ns,,,"4x32x80",,,4,4,16,80,4,32,4,1,4
"dot/dot_fp32_4x16x4_1x4x4_avx512/32/120/real_time",838203,166.836,166.467,ns,,,"4x32x120",,,4,4,16,120,4,32,4,1,4
"dot/dot_fp32_4x16x4_1x4x4_avx512/32/164/real_time",634914,220.435,219.943,ns,,,"4x32x164",,,4,4,16,164,4,32,4,1,4
"dot/dot_fp32_4x16x4_1x4x4_avx512/64/4/real_time",2623498,49.6722,49.5533,ns,,,"4x64x4",,,4,4,16,4,4,64,4,1,4
"dot/dot_fp32_4x16x4_1x4x4_avx512/64/20/real_time",1556630,89.9135,89.7172,ns,,,"4x64x20",,,4,4,16,20,4,64,4,1,4
"dot/dot_fp32_4x16x4_1x4x4_avx512/64/40/real_time",1009972,138.72,138.404,ns,,,"4x64x40",,,4,4,16,40,4,64,4,1,4
"dot/dot_fp32_4x16x4_1x4x4_avx512/64/60/real_time",750792,186.378,185.951,ns,,,"4x64x60",,,4,4,16,60,4,64,4,1,4
"dot/dot_fp32_4x16x4_1x4x4_avx512/64/84/real_time",572006,244.721,244.191,ns,,,"4x64x84",,,4,4,16,84,4,64,4,1,4
"dot/dot_fp32_4x16x4_1x4x4_avx512/128/4/real_time",1439845,96.3664,96.0613,ns,,,"4x128x4",,,4,4,16,4,4,128,4,1,4
"dot/dot_fp32_4x16x4_1x4x4_avx512/128/8/real_time",1342196,104.35,104.088,ns,,,"4x128x8",,,4,4,16,8,4,128,4,1,4
"dot/dot_fp32_4x16x4_1x4x4_avx512/128/20/real_time",829003,168.739,168.359,ns,,,"4x128x20",,,4,4,16,20,4,128,4,1,4
"dot/dot_fp32_4x16x4_1x4x4_avx512/128/28/real_time",642307,223.276,222.75,ns,,,"4x128x28",,,4,4,16,28,4,128,4,1,4
"dot/dot_fp32_4x16x4_1x4x4_avx512/128/40/real_time",507251,275.924,275.311,ns,,,"4x128x40",,,4,4,16,40,4,128,4,1,4
"dot/dot_fp32_5x16x4_1x4x4_avx512/16/4/real_time",7351429,18.9971,18.9593,ns,,,"5x16x4",,,4,5,16,4,5,16,4,1,4
"dot/dot_fp32_5x16x4_1x4x4_avx512/16/72/real_time",2046887,70.1594,70.006,ns,,,"5x16x72",,,4,5,16,72,5,16,4,1,4
"dot/dot_fp32_5x16x4_1x4x4_avx512/16/144/real_time",1134534,123.337,123.032,ns,,,"5x16x144",,,4,5,16,144,5,16,4,1,4
"dot/dot_fp32_5x16x4_1x4x4_avx512/16/216/real_time",786041,178.044,177.65,ns,,,"5x16x216",,,4,5,16,216,5,16,4,1,4
"dot/dot_fp32_5x16x4_1x4x4_avx512/16/288/real_time",602605,232.759,232.256,ns,,,"5x16x288",,,4,5,16,288,5,16,4,1,4
"dot/dot_fp32_5x16x4_1x4x4_avx512/32/4/real_time",4659545,29.6405,29.5773,ns,,,"5x32x4",,,4,5,16,4,5,32,4,1,4
"dot/dot_fp32_5x16x4_1x4x4_avx512/32/40/real_time",1604200,88.7702,88.577,ns,,,"5x32x40",,,4,5,16,40,5,32,4,1,4
"dot/dot_fp32_5x16x4_1x4x4_avx512/32/80/real_time",946292,147.844,147.504,ns,,,"5x32x80",,,4,5,16,80,5,32,4,1,4
"dot/dot_fp32_5x16x4_1x4x4_avx512/32/120/real_time",670639,208.69,208.259,ns,,,"5x32x120",,,4,5,16,120,5,32,4,1,4
"dot/dot_fp32_5x16x4_1x4x4_avx512/32/160/real_time",519252,269.6,269.012,ns,,,"5x32x160",,,4,5,16,160,5,32,4,1,4
"dot/dot_fp32_5x16x4_1x4x4_avx512/64/4/real_time",2216095,63.1925,63.0554,ns,,,"5x64x4",,,4,5,16,4,5,64,4,1,4
"dot/dot_fp32_5x16x4_1x4x4_avx512/64/20/real_time",1247019,112.467,112.251,ns,,,"5x64x20",,,4,5,16,20,5,64,4,1,4
"dot/dot_fp32_5x16x4_1x4x4_avx512/64/40/real_time",811661,172.506,172.184,ns,,,"5x64x40",,,4,5,16,40,5,64,4,1,4
"dot/dot_fp32_5x16x4_1x4x4_avx512/64/60/real_time",600036,233.247,232.771,ns,,,"5x64x60",,,4,5,16,60,5,64,4,1,4
"dot/dot_fp32_5x16x4_1x4x4_avx512/64/84/real_time",457026,306.409,305.784,ns,,,"5x64x84",,,4,5,16,84,5,64,4,1,4
"dot/dot_fp32_5x16x4_1x4x4_avx512/128/4/real_time",1134370,123.689,123.425,ns,,,"5x128x4",,,4,5,16,4,5,128,4,1,4
"dot/dot_fp32_5x16x4_1x4x4_avx512/128/8/real_time",756351,174.474,174.049,ns,,,"5x128x8",,,4,5,16,8,5,128,4,1,4
"dot/dot_fp32_5x16x4_1x4x4_avx512/128/20/real_time",628329,222.698,222.204,ns,,,"5x128x20",,,4,5,16,20,5,128,4,1,4
"dot/dot_fp32_5x16x4_1x4x4_avx512/128/28/real_time",517393,270.678,270.075,ns,,,"5x128x28",,,4,5,16,28,5,128,4,1,4
"dot/dot_fp32_5x16x4_1x4x4_avx512/128/40/real_time",407332,343.779,343.06,ns,,,"5x128x40",,,4,5,16,40,5,128,4,1,4
"dot/dot_fp32_2x8x4_1x4x4_avx512/8/4/real_time",13517520,10.1258,10.104,ns,,,"2x8x4",,,4,2,8,4,2,8,4,1,4
"dot/dot_fp32_2x8x4_1x4x4_avx512/8/152/real_time",3401265,40.6982,40.6087,ns,,,"2x8x152",,,4,2,8,152,2,8,4,1,4
"dot/dot_fp32_2x8x4_1x4x4_avx512/8/304/real_time",1713743,81.6831,81.4942,ns,,,"2x8x304",,,4,2,8,304,2,8,4,1,4
"dot/dot_fp32_2x8x4_1x4x4_avx512/8/456/real_time",1125667,122.042,121.773,ns,,,"2x8x456",,,4,2,8,456,2,8,4,1,4
"dot/dot_fp32_2x8x4_1x4x4_avx512/8/612/real_time",838777,168.529,168.165,ns,,,"2x8x612",,,4,2,8,612,2,8,4,1,4
"dot/dot_fp32_2x8x4_1x4x4_avx512/16/4/real_time",10986020,12.7559,12.7302,ns,,,"2x16x4",,,4,2,8,4,2,16,4,1,4
"dot/dot_fp32_2x8x4_1x4x4_avx512/16/84/real_time",3007988,46.7527,46.6473,ns,,,"2x16x84",,,4,2,8,84,2,16,4,1,4
"dot/dot_fp32_2x8x4_1x4x4_avx512/16/168/real_time",1659698,83.4418,83.2592,ns,,,"2x16x168",,,4,2,8,168,2,16,4,1,4
"dot/dot_fp32_2x8x4_1x4x4_avx512/16/252/real_time",1077359,129.449,129.159,ns,,,"2x16x252",,,4,2,8,252,2,16,4,1,4
"dot/dot_fp32_2x8x4_1x4x4_avx512/16/336/real_time",811977,175.936,175.556,ns,,,"2x16x336",,,4,2,8,336,2,16,4,1,4
"dot/dot_fp32_2x8x4_1x4x4_avx512/32/4/real_time",6689481,19.8656,19.8261,ns,,,"2x32x4",,,4,2,8,4,2,32,4,1,4
"dot/dot_fp32_2x8x4_1x4x4_avx512/32/44/real_time",2559133,51.2336,51.1236,ns,,,"2x32x44",,,4,2,8,44,2,32,4,1,4
"dot/dot_fp32_2x8x4_1x4x4_avx512/32/88/real_time",1516231,92.5073,92.3024,ns,,,"2x32x88",,,4,2,8,88,2,32,4,1,4
"dot/dot_fp32_2x8x4_1x4x4_avx512/32/132/real_time",1068262,132.272,131.976,ns,,,"2x32x132",,,4,2,8,132,2,32,4,1,4
"dot/dot_fp32_2x8x4_1x4x4_avx512/32/176/real_time",783695,176.583,176.184,ns,,,"2x32x176",,,4,2,8,176,2,32,4,1,4
"dot/dot_fp32_2x8x4_1x4x4_avx512/64/4/real_time",4179200,33.4571,33.3795,ns,,,"2x64x4",,,4,2,8,4,2,64,4,1,4
"dot/dot_fp32_2x8x4_1x4x4_avx512/64/20/real_time",2414642,57.9369,57.8183,ns,,,"2x64x20",,,4,2,8,20,2,64,4,1,4
"dot/dot_fp32_2x8x4_1x4x4_avx512/64/44/real_time",1361848,103.129,102.9,ns,,,"2x64x44",,,4,2,8,44,2,64,4,1,4
"dot/dot_fp32_2x8x4_1x4x4_avx512/64/64/real_time",1009222,139.082,138.776,ns,,,"2x64x64",,,4,2,8,64,2,64,4,1,4
"dot/dot_fp32_2x8x4_1x4x4_avx512/64/88/real_time",693899,201.097,200.631,ns,,,"2x64x88",,,4,2,8,88,2,64,4,1,4
"dot/dot_fp32_4x8x4_1x4x4_avx512/8/4/real_time",9713611,13.0905,13.0611,ns,,,"4x8x4",,,4,4,8,4,4,8,4,1,4
"dot/dot_fp32_4x8x4_1x4x4_avx512/8/124/real_time",2932598,47.6218,47.5139,ns,,,"4x8x124",,,4,4,8,124,4,8,4,1,4
"dot/dot_fp32_4x8x4_1x4x4_avx512/8/252/real_time",1614930,86.7218,86.5289,ns,,,"4x8x252",,,4,4,8,252,4,8,4,1,4
"dot/dot_fp32_4x8x4_1x4x4_avx512/8/380/real_time",1084862,125.823,125.552,ns,,,"4x8x380",,,4,4,8,380,4,8,4,1,4
"dot/dot_fp32_4x8x4_1x4x4_avx512/8/508/real_time",852391,167.12,166.746,ns,,,"4x8x508",,,4,4,8,508,4,8,4,1,4
"dot/dot_fp32_4x8x4_1x4x4_avx512/16/4/real_time",6680988,20.9704,20.9261,ns,,,"4x16x4",,,4,4,8,4,4,16,4,1,4
"dot/dot_fp32_4x8x4_1x4x4_avx512/16/76/real_time",2158201,64.9958,64.8536,ns,,,"4x16x76",,,4,4,8,76,4,16,4,1,4
"dot/dot_fp32_4x8x4_1x4x4_avx512/16/152/real_time",1286374,109.264,109.032,ns,,,"4x16x152",,,4,4,8,152,4,16,4,1,4
"dot/dot_fp32_4x8x4_1x4x4_avx512/16/228/real_time",909047,155.227,154.915,ns,,,"4x16x228",,,4,4,8,228,4,16,4,1,4
"dot/dot_fp32_4x8x4_1x4x4_avx512/16/304/real_time",692150,204.141,203.69,ns,,,"4x16x304",,,4,4,8,304,4,16,4,1,4
"dot/dot_fp32_4x8x4_1x4x4_avx512/32/4/real_time",4138784,33.86,33.7865,ns,,,"4x32x4",,,4,4,8,4,4,32,4,1,4
"dot/dot_fp32_4x8x4_1x4x4_avx512/32/40/real_time",1802021,77.6133,77.4514,ns,,,"4x32x40",,,4,4,8,40,4,32,4,1,4
"dot/dot_fp32_4x8x4_1x4x4_avx512/32/80/real_time",1081671,133.167,132.886,ns,,,"4x32x80",,,4,4,8,80,4,32,4,1,4
"dot/dot_fp32_4x8x4_1x4x4_avx512/32/120/real_time",806466,173.316,172.926,ns,,,"4x32x120",,,4,4,8,120,4,32,4,1,4
"dot/dot_fp32_4x8x4_1x4x4_avx512/32/164/real_time",613288,226.132,225.638,ns,,,"4x32x164",,,4,4,8,164,4,32,4,1,4
"dot/dot_fp32_4x8x4_1x4x4_avx512/64/4/real_time",2360623,59.3603,59.2313,ns,,,"4x64x4",,,4,4,8,4,4,64,4,1,4
"dot/dot_fp32_4x8x4_1x4x4_avx512/64/20/real_time",1421481,98.4594,98.2329,ns,,,"4x64x20",,,4,4,8,20,4,64,4,1,4
"dot/dot_fp32_4x8x4_1x4x4_avx512/64/40/real_time",940355,148.637,148.339,ns,,,"4x64x40",,,4,4,8,40,4,64,4,1,4
"dot/dot_fp32_4x8x4_1x4x4_avx512/64/60/real_time",678862,205.679,205.238,ns,,,"4x64x60",,,4,4,8,60,4,64,4,1,4
"dot/dot_fp32_4x8x4_1x4x4_avx512/64/84/real_time",539944,259.667,259.123,ns,,,"4x64x84",,,4,4,8,84,4,64,4,1,4
"dot/dot_fp32_6x8x4_1x4x4_avx512/8/4/real_time",7759270,18.3821,18.3427,ns,,,"6x8x4",,,4,6,8,4,6,8,4,1,4
"dot/dot_fp32_6x8x4_1x4x4_avx512/8/108/real_time",2246509,61.9108,61.7773,ns,,,"6x8x108",,,4,6,8,108,6,8,4,1,4
"dot/dot_fp32_6x8x4_1x4x4_avx512/8/216/real_time",1257779,112.472,112.22,ns,,,"6x8x216",,,4,6,8,216,6,8,4,1,4
"dot/dot_fp32_6x8x4_1x4x4_avx512/8/324/real_time",874015,160.524,160.183,ns,,,"6x8x324",,,4,6,8,324,6,8,4,1,4
"dot/dot_fp32_6x8x4_1x4x4_avx512/8/432/real_time",665867,210.78,210.32,ns,,,"6x8x432",,,4,6,8,432,6,8,4,1,4
"dot/dot_fp32_6x8x4_1x4x4_avx512/16/4/real_time",5294569,26.518,26.4595,ns,,,"6x16x4",,,4,6,8,4,6,16,4,1,4
"dot/dot_fp32_6x8x4_1x4x4_avx512/16/68/real_time",1685718,83.2397,83.0661,ns,,,"6x16x68",,,4,6,8,68,6,16,4,1,4
"dot/dot_fp32_6x8x4_1x4x4_avx512/16/136/real_time",963546,145.258,144.947,ns,,,"6x16x136",,,4,6,8,136,6,16,4,1,4
"dot/dot_fp32_6x8x4_1x4x4_avx512/16/204/real_time",675205,207.246,206.799,ns,,,"6x16x204",,,4,6,8,204,6,16,4,1,4
"dot/dot_fp32_6x8x4_1x4x4_avx512/16/272/real_time",519577,270.588,269.984,ns,,,"6x16x272",,,4,6,8,272,6,16,4,1,4
"dot/dot_fp32_6x8x4_1x4x4_avx512/32/4/real_time",3188025,43.8604,43.7707,ns,,,"6x32x4",,,4,6,8,4,6,32,4,1,4
"dot/dot_fp32_6x8x4_1x4x4_avx512/32/36/real_time",1334356,104.941,104.728,ns,,,"6x32x36",,,4,6,8,36,6,32,4,1,4
"dot/dot_fp32_6x8x4_1x4x4_avx512/32/76/real_time",791120,176.879,176.493,ns,,,"6x32x76",,,4,6,8,76,6,32,4,1,4
"dot/dot_fp32_6x8x4_1x4x4_avx512/32/116/real_time",561251,249.29,248.791,ns,,,"6x32x116",,,4,6,8,116,6,32,4,1,4
"dot/dot_fp32_6x8x4_1x4x4_avx512/32/156/real_time",434457,322.622,321.948,ns,,,"6x32x156",,,4,6,8,156,6,32,4,1,4
"dot/dot_fp32_6x8x4_1x4x4_avx512/64/4/real_time",1728994,82.6442,82.4672,ns,,,"6x64x4",,,4,6,8,4,6,64,4,1,4
"dot/dot_fp32_6x8x4_1x4x4_avx512/64/20/real_time",984911,142.163,141.846,ns,,,"6x64x20",,,4,6,8,20,6,64,4,1,4
"dot/dot_fp32_6x8x4_1x4x4_avx512/64/40/real_time",635212,220.587,220.118,ns,,,"6x64x40",,,4,6,8,40,6,64,4,1,4
"dot/dot_fp32_6x8x4_1x4x4_avx512/64/60/real_time",477836,291.504,290.871,ns,,,"6x64x60",,,4,6,8,60,6,64,4,1,4
"dot/dot_fp32_6x8x4_1x4x4_avx512/64/80/real_time",382254,365.866,365.103,ns,,,"6x64x80",,,4,6,8,80,6,64,4,1,4
"dot/dot_fp32_4x4x4_1x4x4_avx512/4/4/real_time",10940234,12.8222,12.7945,ns,,,"4x4x4",,,4,4,4,4,4,4,4,1,4
"dot/dot_fp32_4x4x4_1x4x4_avx512/4/188/real_time",2378444,58.9048,58.7836,ns,,,"4x4x188",,,4,4,4,188,4,4,4,1,4
"dot/dot_fp32_4x4x4_1x4x4_avx512/4/380/real_time",1195098,117.421,117.158,ns,,,"4x4x380",,,4,4,4,380,4,4,4,1,4
"dot/dot_fp32_4x4x4_1x4x4_avx512/4/572/real_time",777324,177.414,177.03,ns,,,"4x4x572",,,4,4,4,572,4,4,4,1,4
"dot/dot_fp32_4x4x4_1x4x4_avx512/4/764/real_time",670447,208.796,208.357,ns,,,"4x4x764",,,4,4,4,764,4,4,4,1,4
"dot/dot_fp32_4x4x4_1x4x4_avx512/8/4/real_time",8859227,15.9985,15.9619,ns,,,"4x8x4",,,4,4,4,4,4,8,4,1,4
"dot/dot_fp32_4x4x4_1x4x4_avx512/8/124/real_time",2019505,69.3504,69.1991,ns,,,"4x8x124",,,4,4,4,124,4,8,4,1,4
"dot/dot_fp32_4x4x4_1x4x4_avx512/8/252/real_time",1034459,135.372,135.098,ns,,,"4x8x252",,,4,4,4,252,4,8,4,1,4
"dot/dot_fp32_4x4x4_1x4x4_avx512/8/380/real_time",683800,204.793,204.372,ns,,,"4x8x380",,,4,4,4,380,4,8,4,1,4
"dot/dot_fp32_4x4x4_1x4x4_avx512/8/508/real_time",510168,274.389,273.811,ns,,,"4x8x508",,,4,4,4,508,4,8,4,1,4
"dot/dot_fp32_4x4x4_1x4x4_avx512/16/4/real_time",5584555,25.0364,24.9822,ns,,,"4x16x4",,,4,4,4,4,4,16,4,1,4
"dot/dot_fp32_4x4x4_1x4x4_avx512/16/76/real_time",1534671,91.1182,90.9423,ns,,,"4x16x76",,,4,4,4,76,4,16,4,1,4
"dot/dot_fp32_4x4x4_1x4x4_avx512/16/152/real_time",882790,162.584,162.216,ns,,,"4x16x152",,,4,4,4,152,4,16,4,1,4
"dot/dot_fp32_4x4x4_1x4x4_avx512/16/228/real_time",587438,238.211,237.718,ns,,,"4x16x228",,,4,4,4,228,4,16,4,1,4
"dot/dot_fp32_4x4x4_1x4x4_avx512/16/304/real_time",428065,326.905,326.179,ns,,,"4x16x304",,,4,4,4,304,4,16,4,1,4
"dot/dot_fp32_4x4x4_1x4x4_avx512/32/4/real_time",3005767,43.2447,43.1453,ns,,,"4x32x4",,,4,4,4,4,4,32,4,1,4
"dot/dot_fp32_4x4x4_1x4x4_avx512/32/40/real_time",1341571,104.931,104.711,ns,,,"4x32x40",,,4,4,4,40,4,32,4,1,4
"dot/dot_fp32_4x4x4_1x4x4_avx512/32/80/real_time",766110,182.789,182.396,ns,,,"4x32x80",,,4,4,4,80,4,32,4,1,4
"dot/dot_fp32_4x4x4_1x4x4_avx512/32/120/real_time",540795,263.182,262.556,ns,,,"4x32x120",,,4,4,4,120,4,32,4,1,4
"dot/dot_fp32_4x4x4_1x4x4_avx512/32/164/real_time",413780,338.304,337.572,ns,,,"4x32x164",,,4,4,4,164,4,32,4,1,4
"dot/dot_fp32_8x4x4_1x4x4_avx512/4/4/real_time",9500627,14.6939,14.6604,ns,,,"8x4x4",,,4,8,4,4,8,4,4,1,4
"dot/dot_fp32_8x4x4_1x4x4_avx512/4/124/real_time",2494942,56.1202,56.0008,ns,,,"8x4x124",,,4,8,4,124,8,4,4,1,4
"dot/dot_fp32_8x4x4_1x4x4_avx512/4/252/real_time",1398894,99.5759,99.3549,ns,,,"8x4x252",,,4,8,4,252,8,4,4,1,4
"dot/dot_fp32_8x4x4_1x4x4_avx512/4/380/real_time",975434,143.021,142.72,ns,,,"8x4x380",,,4,8,4,380,8,4,4,1,4
"dot/dot_fp32_8x4x4_1x4x4_avx512/4/508/real_time",751058,186.917,186.519,ns,,,"8x4x508",,,4,8,4,508,8,4,4,1,4
"dot/dot_fp32_8x4x4_1x4x4_avx512/8/4/real_time",5997141,23.3589,23.3093,ns,,,"8x8x4",,,4,8,4,4,8,8,4,1,4
"dot/dot_fp32_8x4x4_1x4x4_avx512/8/92/real_time",1614042,86.6659,86.4775,ns,,,"8x8x92",,,4,8,4,92,8,8,4,1,4
"dot/dot_fp32_8x4x4_1x4x4_avx512/8/188/real_time",922294,150.88,150.575,ns,,,"8x8x188",,,4,8,4,188,8,8,4,1,4
"dot/dot_fp32_8x4x4_1x4x4_avx512/8/284/real_time",650185,217.084,216.602,ns,,,"8x8x284",,,4,8,4,284,8,8,4,1,4
"dot/dot_fp32_8x4x4_1x4x4_avx512/8/380/real_time",499285,282.45,281.867,ns,,,"8x8x380",,,4,8,4,380,8,8,4,1,4
"dot/dot_fp32_8x4x4_1x4x4_avx512/16/4/real_time",3554850,39.3832,39.2963,ns,,,"8x16x4",,,4,8,4,4,8,16,4,1,4
"dot/dot_fp32_8x4x4_1x4x4_avx512/16/60/real_time",1120403,125.446,125.164,ns,,,"8x16x60",,,4,8,4,60,8,16,4,1,4
"dot/dot_fp32_8x4x4_1x4x4_avx512/16/124/real_time",667730,210.301,209.833,ns,,,"8x16x124",,,4,8,4,124,8,16,4,1,4
"dot/dot_fp32_8x4x4_1x4x4_avx512/16/184/real_time",478907,292.637,291.987,ns,,,"8x16x184",,,4,8,4,184,8,16,4,1,4
"dot/dot_fp32_8x4x4_1x4x4_avx512/16/248/real_time",369429,378.742,377.943,ns,,,"8x16x248",,,4,8,4,248,8,16,4,1,4
"dot/dot_fp32_8x4x4_1x4x4_avx512/32/4/real_time",1899360,73.632,73.4777,ns,,,"8x32x4",,,4,8,4,4,8,32,4,1,4
"dot/dot_fp32_8x4x4_1x4x4_avx512/32/36/real_time",801562,172.646,172.25,ns,,,"8x32x36",,,4,8,4,36,8,32,4,1,4
"dot/dot_fp32_8x4x4_1x4x4_avx512/32/72/real_time",517882,272.26,271.69,ns,,,"8x32x72",,,4,8,4,72,8,32,4,1,4
"dot/dot_fp32_8x4x4_1x4x4_avx512/32/108/real_time",376185,371.788,371.018,ns,,,"8x32x108",,,4,8,4,108,8,32,4,1,4
"dot/dot_fp32_8x4x4_1x4x4_avx512/32/144/real_time",289753,483.098,482.058,ns,,,"8x32x144",,,4,8,4,144,8,32,4,1,4
"dot/dot_fp64_1x32x1_1x8x1_avx512/32/1/real_time",18093078,7.75625,7.73934,ns,,,"1x32x1",,,1,1,32,1,1,32,1,1,8
"dot/dot_fp64_1x32x1_1x8x1_avx512/32/23/real_time",5113057,26.5454,26.4884,ns,,,"1x32x23",,,1,1,32,23,1,32,1,1,8
"dot/dot_fp64_1x32x1_1x8x1_avx512/32/46/real_time",2997892,46.5233,46.4235,ns,,,"1x32x46",,,1,1,32,46,1,32,1,1,8
"dot/dot_fp64_1x32x1_1x8x1_avx512/32/69/real_time",1889640,74.0325,73.8799,ns,,,"1x32x69",,,1,1,32,69,1,32,1,1,8
"dot/dot_fp64_1x32x1_1x8x1_avx512/32/92/real_time",1047624,101.815,101.598,ns,,,"1x32x92",,,1,1,32,92,1,32,1,1,8
"dot/dot_fp64_1x32x1_1x8x1_avx512/64/1/real_time",12414414,10.0798,10.0561,ns,,,"1x64x1",,,1,1,32,1,1,64,1,1,8
"dot/dot_fp64_1x32x1_1x8x1_avx512/64/11/real_time",5490392,25.8501,25.7964,ns,,,"1x64x11",,,1,1,32,11,1,64,1,1,8
"dot/dot_fp64_1x32x1_1x8x1_avx512/64/23/real_time",3142336,45.5525,45.4483,ns,,,"1x64x23",,,1,1,32,23,1,64,1,1,8
"dot/dot_fp64_1x32x1_1x8x1_avx512/64/34/real_time",2209057,63.5332,63.3948,ns,,,"1x64x34",,,1,1,32,34,1,64,1,1,8
"dot/dot_fp64_1x32x1_1x8x1_avx512/64/46/real_time",1600424,87.4445,87.2546,ns,,,"1x64x46",,,1,1,32,46,1,64,1,1,8
"dot/dot_fp64_1x32x1_1x8x1_avx512/128/1/real_time",8100386,17.2688,17.2313,ns,,,"1x128x1",,,1,1,32,1,1,128,1,1,8
"dot/dot_fp64_1x32x1_1x8x1_avx512/128/5/real_time",5469316,25.2375,25.1844,ns,,,"1x128x5",,,1,1,32,5,1,128,1,1,8
"dot/dot_fp64_1x32x1_1x8x1_avx512/128/11/real_time",3123599,44.8427,44.7482,ns,,,"1x128x11",,,1,1,32,11,1,128,1,1,8
"dot/dot_fp64_1x32x1_1x8x1_avx512/128/16/real_time",2312263,60.6286,60.4944,ns,,,"1x128x16",,,1,1,32,16,1,128,1,1,8
"dot/dot_fp64_1x32x1_1x8x1_avx512/128/22/real_time",1786668,79.8468,79.6668,ns,,,"1x128x22",,,1,1,32,22,1,128,1,1,8
"dot/dot_fp64_1x32x1_1x8x1_avx512/256/1/real_time",4814221,25.9785,25.9125,ns,,,"1x256x1",,,1,1,32,1,1,256,1,1,8
"dot/dot_fp64_1x32x1_1x8x1_avx512/256/2/real_time",4757417,29.2142,29.1535,ns,,,"1x256x2",,,1,1,32,2,1,256,1,1,8
"dot/dot_fp64_1x32x1_1x8x1_avx512/256/5/real_time",3109856,45.1205,45.0188,ns,,,"1x256x5",,,1,1,32,5,1,256,1,1,8
"dot/dot_fp64_1x32x1_1x8x1_avx512/256/7/real_time",2425825,57.7668,57.6391,ns,,,"1x256x7",,,1,1,32,7,1,256,1,1,8
"dot/dot_fp64_1x32x1_1x8x1_avx512/256/10/real_time",1791728,78.1802,78.0073,ns,,,"1x256x10",,,1,1,32,10,1,256,1,1,8
"dot/dot_fp64_2x32x1_1x8x1_avx512/32/1/real_time",13062602,10.1898,10.1669,ns,,,"2x32x1",,,1,2,32,1,2,32,1,1,8
"dot/dot_fp64_2x32x1_1x8x1_avx512/32/22/real_time",3821654,35.0505,34.9797,ns,,,"2x32x22",,,1,2,32,22,2,32,1,1,8
"dot/dot_fp64_2x32x1_1x8x1_avx512/32/44/real_time",2178902,65.7829,65.6405,ns,,,"2x32x44",,,1,2,32,44,2,32,1,1,8
"dot/dot_fp64_2x32x1_1x8x1_avx512/32/66/real_time",1483933,93.59,93.4034,ns,,,"2x32x66",,,1,2,32,66,2,32,1,1,8
"dot/dot_fp64_2x32x1_1x8x1_avx512/32/88/real_time",1129874,123.685,123.417,ns,,,"2x32x88",,,1,2,32,88,2,32,1,1,8
"dot/dot_fp64_2x32x1_1x8x1_avx512/64/1/real_time",9464764,14.7664,14.7331,ns,,,"2x64x1",,,1,2,32,1,2,64,1,1,8
"dot/dot_fp64_2x32x1_1x8x1_avx512/64/11/real_time",3853343,36.3982,36.3217,ns,,,"2x64x11",,,1,2,32,11,2,64,1,1,8
"dot/dot_fp64_2x32x1_1x8x1_avx512/64/22/real_time",2103522,66.401,66.2621,ns,,,"2x64x22",,,1,2,32,22,2,64,1,1,8
"dot/dot_fp64_2x32x1_1x8x1_avx512/64/33/real_time",1465418,95.6321,95.4196,ns,,,"2x64x33",,,1,2,32,33,2,64,1,1,8
"dot/dot_fp64_2x32x1_1x8x1_avx512/64/44/real_time",1125006,144.914,144.532,ns,,,"2x64x44",,,1,2,32,44,2,64,1,1,8
"dot/dot_fp64_2x32x1_1x8x1_avx512/128/1/real_time",4952543,26.6907,26.6225,ns,,,"2x128x1",,,1,2,32,1,2,128,1,1,8
"dot/dot_fp64_2x32x1_1x8x1_avx512/128/5/real_time",3661348,38.2708,38.194,ns,,,"2x128x5",,,1,2,32,5,2,128,1,1,8
"dot/dot_fp64_2x32x1_1x8x1_avx512/128/10/real_time",2244566,62.6321,62.495,ns,,,"2x128x10",,,1,2,32,10,2,128,1,1,8
"dot/dot_fp64_2x32x1_1x8x1_avx512/128/15/real_time",1507942,95.0574,94.8467,ns,,,"2x128x15",,,1,2,32,15,2,128,1,1,8
"dot/dot_fp64_2x32x1_1x8x1_avx512/128/21/real_time",1165580,120.254,119.989,ns,,,"2x128x21",,,1,2,32,21,2,128,1,1,8
"dot/dot_fp64_2x32x1_1x8x1_avx512/256/1/real_time",3552904,39.54,39.447,ns,,,"2x256x1",,,1,2,32,1,2,256,1,1,8
"dot/dot_fp64_2x32x1_1x8x1_avx512/256/2/real_time",3009774,47.1092,47.0019,ns,,,"2x256x2",,,1,2,32,2,2,256,1,1,8
"dot/dot_fp64_2x32x1_1x8x1_avx512/256/4/real_time",2282966,61.2646,61.1132,ns,,,"2x256x4",,,1,2,32,4,2,256,1,1,8
"dot/dot_fp64_2x32x1_1x8x1_avx512/256/6/real_time",1737694,80.5982,80.4216,ns,,,"2x256x6",,,1,2,32,6,2,256,1,1,8
"dot/dot_fp64_2x32x1_1x8x1_avx512/256/9/real_time",1256660,110.913,110.676,ns,,,"2x256x9",,,1,2,32,9,2,256,1,1,8
"dot/dot_fp64_3x32x1_1x8x1_avx512/32/1/real_time",11201918,11.6083,11.5827,ns,,,"3x32x1",,,1,3,32,1,3,32,1,1,8
"dot/dot_fp64_3x32x1_1x8x1_avx512/32/21/real_time",3238778,43.0975,43.0049,ns,,,"3x32x21",,,1,3,32,21,3,32,1,1,8
"dot/dot_fp64_3x32x1_1x8x1_avx512/32/42/real_time",1680205,83.2071,83.0379,ns,,,"3x32x42",,,1,3,32,42,3,32,1,1,8
"dot/dot_fp64_3x32x1_1x8x1_avx512/32/63/real_time",1157801,123.067,122.833,ns,,,"3x32x63",,,1,3,32,63,3,32,1,1,8
"dot/dot_fp64_3x32x1_1x8x1_avx512/32/85/real_time",869249,161.025,160.697,ns,,,"3x32x85",,,1,3,32,85,3,32,1,1,8
"dot/dot_fp64_3x32x1_1x8x1_avx512/64/1/real_time",7908544,17.7392,17.701,ns,,,"3x64x1",,,1,3,32,1,3,64,1,1,8
"dot/dot_fp64_3x32x1_1x8x1_avx512/64/10/real_time",2890649,48.5569,48.4581,ns,,,"3x64x10",,,1,3,32,10,3,64,1,1,8
"dot/dot_fp64_3x32x1_1x8x1_avx512/64/21/real_time",1628330,85.9709,85.7904,ns,,,"3x64x21",,,1,3,32,21,3,64,1,1,8
"dot/dot_fp64_3x32x1_1x8x1_avx512/64/31/real_time",1152947,121.518,121.266,ns,,,"3x64x31",,,1,3,32,31,3,64,1,1,8
"dot/dot_fp64_3x32x1_1x8x1_avx512/64/42/real_time",859171,162.802,162.464,ns,,,"3x64x42",,,1,3,32,42,3,64,1,1,8
"dot/dot_fp64_3x32x1_1x8x1_avx512/128/1/real_time",4989898,28.0926,28.0319,ns,,,"3x128x1",,,1,3,32,1,3,128,1,1,8
"dot/dot_fp64_3x32x1_1x8x1_avx512/128/5/real_time",2811498,49.8837,49.7751,ns,,,"3x128x5",,,1,3,32,5,3,128,1,1,8
"dot/dot_fp64_3x32x1_1x8x1_avx512/128/10/real_time",1555838,89.6566,89.4699,ns,,,"3x128x10",,,1,3,32,10,3,128,1,1,8
"dot/dot_fp64_3x32x1_1x8x1_avx512/128/15/real_time",1120992,124.724,124.445,ns,,,"3x128x15",,,1,3,32,15,3,128,1,1,8
"dot/dot_fp64_3x32x1_1x8x1_avx512/128/20/real_time",864286,162.033,161.718,ns,,,"3x128x20",,,1,3,32,20,3,128,1,1,8
"dot/dot_fp64_3x32x1_1x8x1_avx512/256/1/real_time",2823034,49.73,49.6185,ns,,,"3x256x1",,,1,3,32,1,3,256,1,1,8
"dot/dot_fp64_3x32x1_1x8x1_avx512/256/2/real_time",2403311,58.2937,58.1503,ns,,,"3x256x2",,,1,3,32,2,3,256,1,1,8
"dot/dot_fp64_3x32x1_1x8x1_avx512/256/4/real_time",1718263,80.8935,80.7208,ns,,,"3x256x4",,,1,3,32,4,3,256,1,1,8
"dot/dot_fp64_3x32x1_1x8x1_avx512/256/6/real_time",1271223,109.934,109.707,ns,,,"3x256x6",,,1,3,32,6,3,256,1,1,8
"dot/dot_fp64_3x32x1_1x8x1_avx512/256/8/real_time",999323,140.262,139.947,ns,,,"3x256x8",,,1,3,32,8,3,256,1,1,8
"dot/dot_fp64_4x32x1_1x8x1_avx512/32/1/real_time",9849071,12.9737,12.9317,ns,,,"4x32x1",,,1,4,32,1,4,32,1,1,8
"dot/dot_fp64_4x32x1_1x8x1_avx512/32/20/real_time",2614059,54.2876,54.1599,ns,,,"4x32x20",,,1,4,32,20,4,32,1,1,8
"dot/dot_fp64_4x32x1_1x8x1_avx512/32/40/real_time",1373166,102.077,101.855,ns,,,"4x32x40",,,1,4,32,40,4,32,1,1,8
"dot/dot_fp64_4x32x1_1x8x1_avx512/32/60/real_time",920832,150.571,150.208,ns,,,"4x32x60",,,1,4,32,60,4,32,1,1,8
"dot/dot_fp64_4x32x1_1x8x1_avx512/32/81/real_time",692042,201.907,201.452,ns,,,"4x32x81",,,1,4,32,81,4,32,1,1,8
"dot/dot_fp64_4x32x1_1x8x1_avx512/64/1/real_time",6807272,20.8326,20.7824,ns,,,"4x64x1",,,1,4,32,1,4,64,1,1,8
"dot/dot_fp64_4x32x1_1x8x1_avx512/64/10/real_time",2251124,60.0069,59.8813,ns,,,"4x64x10",,,1,4,32,10,4,64,1,1,8
"dot/dot_fp64_4x32x1_1x8x1_avx512/64/20/real_time",1351963,103.329,103.11,ns,,,"4x64x20",,,1,4,32,20,4,64,1,1,8
"dot/dot_fp64_4x32x1_1x8x1_avx512/64/30/real_time",851389,152.866,152.542,ns,,,"4x64x30",,,1,4,32,30,4,64,1,1,8
"dot/dot_fp64_4x32x1_1x8x1_avx512/64/41/real_time",679603,206.124,205.661,ns,,,"4x64x41",,,1,4,32,41,4,64,1,1,8
"dot/dot_fp64_4x32x1_1x8x1_avx512/128/1/real_time",4176308,33.5754,33.502,ns,,,"4x128x1",,,1,4,32,1,4,128,1,1,8
"dot/dot_fp64_4x32x1_1x8x1_avx512/128/4/real_time",2509653,55.7896,55.663,ns,,,"4x128x4",,,1,4,32,4,4,128,1,1,8
"dot/dot_fp64_4x32x1_1x8x1_avx512/128/9/real_time",1343838,104.338,104.13,ns,,,"4x128x9",,,1,4,32,9,4,128,1,1,8
"dot/dot_fp64_4x32x1_1x8x1_avx512/128/14/real_time",959219,145.662,145.365,ns,,,"4x128x14",,,1,4,32,14,4,128,1,1,8
"dot/dot_fp64_4x32x1_1x8x1_avx512/128/19/real_time",719280,194.677,194.276,ns,,,"4x128x19",,,1,4,32,19,4,128,1,1,8
"dot/dot_fp64_4x32x1_1x8x1_avx512/256/1/real_time",2282253,61.1552,61.0225,ns,,,"4x256x1",,,1,4,32,1,4,256,1,1,8
"dot/dot_fp64_4x32x1_1x8x1_avx512/256/3/real_time",1658642,82.9903,82.8243,ns,,,"4x256x3",,,1,4,32,3,4,256,1,1,8
"dot/dot_fp64_4x32x1_1x8x1_avx512/256/5/real_time",1165648,119.84,119.576,ns,,,"4x256x5",,,1,4,32,5,4,256,1,1,8
"dot/dot_fp64_4x32x1_1x8x1_avx512/256/7/real_time",904153,155.342,155.014,ns,,,"4x256x7",,,1,4,32,7,4,256,1,1,8
"dot/dot_fp64_5x32x1_1x8x1_avx512/32/1/real_time",8447855,16.4448,16.4108,ns,,,"5x32x1",,,1,5,32,1,5,32,1,1,8
"dot/dot_fp64_5x32x1_1x8x1_avx512/32/19/real_time",2172064,64.2823,64.155,ns,,,"5x32x19",,,1,5,32,19,5,32,1,1,8
"dot/dot_fp64_5x32x1_1x8x1_avx512/32/39/real_time",1124965,124.639,124.366,ns,,,"5x32x39",,,1,5,32,39,5,32,1,1,8
"dot/dot_fp64_5x32x1_1x8x1_avx512/32/58/real_time",764502,182.473,182.068,ns,,,"5x32x58",,,1,5,32,58,5,32,1,1,8
"dot/dot_fp64_5x32x1_1x8x1_avx512/32/78/real_time",574312,243.675,243.174,ns,,,"5x32x78",,,1,5,32,78,5,32,1,1,8
"dot/dot_fp64_5x32x1_1x8x1_avx512/64/1/real_time",5675799,24.3341,24.2863,ns,,,"5x64x1",,,1,5,32,1,5,64,1,1,8
"dot/dot_fp64_5x32x1_1x8x1_avx512/64/9/real_time",2119321,67.6867,67.5282,ns,,,"5x64x9",,,1,5,32,9,5,64,1,1,8
"dot/dot_fp64_5x32x1_1x8x1_avx512/64/19/real_time",1142077,122.53,122.261,ns,,,"5x64x19",,,1,5,32,19,5,64,1,1,8
"dot/dot_fp64_5x32x1_1x8x1_avx512/64/29/real_time",762251,183.484,183.078,ns,,,"5x64x29",,,1,5,32,29,5,64,1,1,8
"dot/dot_fp64_5x32x1_1x8x1_avx512/64/39/real_time",572249,244.481,243.95,ns,,,"5x64x39",,,1,5,32,39,5,64,1,1,8
"dot/dot_fp64_5x32x1_1x8x1_avx512/128/1/real_time",3404417,41.7691,41.6779,ns,,,"5x128x1",,,1,5,32,1,5,128,1,1,8
"dot/dot_fp64_5x32x1_1x8x1_avx512/128/4/real_time",2100208,66.7768,66.6353,ns,,,"5x128x4",,,1,5,32,4,5,128,1,1,8
"dot/dot_fp64_5x32x1_1x8x1_avx512/128/9/real_time",1125980,124.225,123.947,ns,,,"5x128x9",,,1,5,32,9,5,128,1,1,8
"dot/dot_fp64_5x32x1_1x8x1_avx512/128/13/real_time",832305,167.848,167.473,ns,,,"5x128x13",,,1,5,32,13,5,128,1,1,8
"dot/dot_fp64_5x32x1_1x8x1_avx512/128/18/real_time",613010,228.55,228.078,ns,,,"5x128x18",,,1,5,32,18,5,128,1,1,8
"dot/dot_fp64_5x32x1_1x8x1_avx512/256/1/real_time",1889954,74.1286,73.9638,ns,,,"5x256x1",,,1,5,32,1,5,256,1,1,8
"dot/dot_fp64_5x32x1_1x8x1_avx512/256/3/real_time",1380926,101.534,101.33,ns,,,"5x256x3",,,1,5,32,3,5,256,1,1,8
"dot/dot_fp64_5x32x1_1x8x1_avx512/256/4/real_time",1119270,125.072,124.819,ns,,,"5x256x4",,,1,5,32,4,5,256,1,1,8
"dot/dot_fp64_5x32x1_1x8x1_avx512/256/6/real_time",860226,167.236,166.887,ns,,,"5x256x6",,,1,5,32,6,5,256,1,1,8
"dot/dot_fp64_1x16x1_1x8x1_avx512/16/1/real_time",19152077,7.23341,7.21817,ns,,,"1x16x1",,,1,1,16,1,1,16,1,1,8
"dot/dot_fp64_1x16x1_1x8x1_avx512/16/44/real_time",4405221,31.8296,31.7566,ns,,,"1x16x44",,,1,1,16,44,1,16,1,1,8
"dot/dot_fp64_1x16x1_1x8x1_avx512/16/89/real_time",2141128,65.5864,65.435,ns,,,"1x16x89",,,1,1,16,89,1,16,1,1,8
"dot/dot_fp64_1x16x1_1x8x1_avx512/16/134/real_time",1291183,108.546,108.318,ns,,,"1x16x134",,,1,1,16,134,1,16,1,1,8
"dot/dot_fp64_1x16x1_1x8x1_avx512/16/179/real_time",889743,157.274,156.92,ns,,,"1x16x179",,,1,1,16,179,1,16,1,1,8
"dot/dot_fp64_1x16x1_1x8x1_avx512/32/1/real_time",15159441,9.24478,9.22372,ns,,,"1x32x1",,,1,1,16,1,1,32,1,1,8
"dot/dot_fp64_1x16x1_1x8x1_avx512/32/23/real_time",4284222,32.899,32.824,ns,,,"1x32x23",,,1,1,16,23,1,32,1,1,8
"dot/dot_fp64_1x16x1_1x8x1_avx512/32/46/real_time",2394283,58.4992,58.3629,ns,,,"1x32x46",,,1,1,16,46,1,32,1,1,8
"dot/dot_fp64_1x16x1_1x8x1_avx512/32/69/real_time",1377061,97.0132,96.8002,ns,,,"1x32x69",,,1,1,16,69,1,32,1,1,8
"dot/dot_fp64_1x16x1_1x8x1_avx512/32/92/real_time",1075077,130.271,130,ns,,,"1x32x92",,,1,1,16,92,1,32,1,1,8
"dot/dot_fp64_1x16x1_1x8x1_avx512/64/1/real_time",10411666,13.4711,13.4408,ns,,,"1x64x1",,,1,1,16,1,1,64,1,1,8
"dot/dot_fp64_1x16x1_1x8x1_avx512/64/11/real_time",4124891,33.942,33.8673,ns,,,"1x64x11",,,1,1,16,11,1,64,1,1,8
"dot/dot_fp64_1x16x1_1x8x1_avx512/64/23/real_time",2338523,59.9295,59.8015,ns,,,"1x64x23",,,1,1,16,23,1,64,1,1,8
"dot/dot_fp64_1x16x1_1x8x1_avx512/64/34/real_time",1669524,85.3948,85.1942,ns,,,"1x64x34",,,1,1,16,34,1,64,1,1,8
"dot/dot_fp64_1x16x1_1x8x1_avx512/64/46/real_time",1273840,109.702,109.456,ns,,,"1x64x46",,,1,1,16,46,1,64,1,1,8
"dot/dot_fp64_1x16x1_1x8x1_avx512/128/1/real_time",6231944,22.3904,22.341,ns,,,"1x128x1",,,1,1,16,1,1,128,1,1,8
"dot/dot_fp64_1x16x1_1x8x1_avx512/128/5/real_time",3864732,37.4834,37.3927,ns,,,"1x128x5",,,1,1,16,5,1,128,1,1,8
"dot/dot_fp64_1x16x1_1x8x1_avx512/128/11/real_time",2257441,62.1432,61.9986,ns,,,"1x128x11",,,1,1,16,11,1,128,1,1,8
"dot/dot_fp64_1x16x1_1x8x1_avx512/128/16/real_time",1659356,83.9062,83.712,ns,,,"1x128x16",,,1,1,16,16,1,128,1,1,8
"dot/dot_fp64_1x16x1_1x8x1_avx512/128/22/real_time",1273056,109.762,109.456,ns,,,"1x128x22",,,1,1,16,22,1,128,1,1,8
"dot/dot_fp64_2x16x1_1x8x1_avx512/16/1/real_time",15944234,8.7899,8.76812,ns,,,"2x16x1",,,1,2,16,1,2,16,1,1,8
"dot/dot_fp64_2x16x1_1x8x1_avx512/16/42/real_time",3316487,42.188,42.0564,ns,,,"2x16x42",,,1,2,16,42,2,16,1,1,8
"dot/dot_fp64_2x16x1_1x8x1_avx512/16/84/real_time",1606833,87.1645,86.9214,ns,,,"2x16x84",,,1,2,16,84,2,16,1,1,8
"dot/dot_fp64_2x16x1_1x8x1_avx512/16/126/real_time",1041574,133.921,133.63,ns,,,"2x16x126",,,1,2,16,126,2,16,1,1,8
"dot/dot_fp64_2x16x1_1x8x1_avx512/16/168/real_time",748264,185.163,184.507,ns,,,"2x16x168",,,1,2,16,168,2,16,1,1,8
"dot/dot_fp64_2x16x1_1x8x1_avx512/32/1/real_time",11963203,11.6676,11.5801,ns,,,"2x32x1",,,1,2,16,1,2,32,1,1,8
"dot/dot_fp64_2x16x1_1x8x1_avx512/32/22/real_time",3112061,45.0525,44.8964,ns,,,"2x32x22",,,1,2,16,22,2,32,1,1,8
"dot/dot_fp64_2x16x1_1x8x1_avx512/32/44/real_time",1636337,83.0357,82.8181,ns,,,"2x32x44",,,1,2,16,44,2,32,1,1,8
"dot/dot_fp64_2x16x1_1x8x1_avx512/32/66/real_time",1086067,131.422,131.113,ns,,,"2x32x66",,,1,2,16,66,2,32,1,1,8
"dot/dot_fp64_2x16x1_1x8x1_avx512/32/88/real_time",782570,182.179,181.759,ns,,,"2x32x88",,,1,2,16,88,2,32,1,1,8
"dot/dot_fp64_2x16x1_1x8x1_avx512/64/1/real_time",7824060,17.8434,17.8036,ns,,,"2x64x1",,,1,2,16,1,2,64,1,1,8
"dot/dot_fp64_2x16x1_1x8x1_avx512/64/11/real_time",3002826,46.2302,46.1322,ns,,,"2x64x11",,,1,2,16,11,2,64,1,1,8
"dot/dot_fp64_2x16x1_1x8x1_avx512/64/22/real_time",1617340,86.7033,86.5115,ns,,,"2x64x22",,,1,2,16,22,2,64,1,1,8
"dot/dot_fp64_2x16x1_1x8x1_avx512/64/33/real_time",1048965,135.578,135.275,ns,,,"2x64x33",,,1,2,16,33,2,64,1,1,8
"dot/dot_fp64_2x16x1_1x8x1_avx512/64/44/real_time",759324,186.226,185.807,ns,,,"2x64x44",,,1,2,16,44,2,64,1,1,8
"dot/dot_fp64_2x16x1_1x8x1_avx512/128/1/real_time",4202945,32.4205,32.3437,ns,,,"2x128x1",,,1,2,16,1,2,128,1,1,8
"dot/dot_fp64_2x16x1_1x8x1_avx512/128/5/real_time",2826112,52.3852,52.2728,ns,,,"2x128x5",,,1,2,16,5,2,128,1,1,8
"dot/dot_fp64_2x16x1_1x8x1_avx512/128/10/real_time",1783629,80.1598,79.9818,ns,,,"2x128x10",,,1,2,16,10,2,128,1,1,8
"dot/dot_fp64_2x16x1_1x8x1_avx512/128/15/real_time",1154536,113.118,112.88,ns,,,"2x128x15",,,1,2,16,15,2,128,1,1,8
"dot/dot_fp64_2x16x1_1x8x1_avx512/128/21/real_time",902635,159.786,159.44,ns,,,"2x128x21",,,1,2,16,21,2,128,1,1,8
"dot/dot_fp64_3x16x1_1x8x1_avx512/16/1/real_time",13426902,10.3202,10.2973,ns,,,"3x16x1",,,1,3,16,1,3,16,1,1,8
"dot/dot_fp64_3x16x1_1x8x1_avx512/16/39/real_time",2812078,49.7656,49.6561,ns,,,"3x16x39",,,1,3,16,39,3,16,1,1,8
"dot/dot_fp64_3x16x1_1x8x1_avx512/16/79/real_time",1404460,99.1634,98.9422,ns,,,"3x16x79",,,1,3,16,79,3,16,1,1,8
"dot/dot_fp64_3x16x1_1x8x1_avx512/16/119/real_time",935338,149.532,149.2,ns,,,"3x16x119",,,1,3,16,119,3,16,1,1,8
"dot/dot_fp64_3x16x1_1x8x1_avx512/16/159/real_time",690780,200.651,200.209,ns,,,"3x16x159",,,1,3,16,159,3,16,1,1,8
"dot/dot_fp64_3x16x1_1x8x1_avx512/32/1/real_time",8971753,14.7612,14.7293,ns,,,"3x32x1",,,1,3,16,1,3,32,1,1,8
"dot/dot_fp64_3x16x1_1x8x1_avx512/32/21/real_time",2566942,54.388,54.2642,ns,,,"3x32x21",,,1,3,16,21,3,32,1,1,8
"dot/dot_fp64_3x16x1_1x8x1_avx512/32/42/real_time",1345945,103.834,103.598,ns,,,"3x32x42",,,1,3,16,42,3,32,1,1,8
"dot/dot_fp64_3x16x1_1x8x1_avx512/32/63/real_time",887036,157.439,157.088,ns,,,"3x32x63",,,1,3,16,63,3,32,1,1,8
"dot/dot_fp64_3x16x1_1x8x1_avx512/32/85/real_time",655964,213.451,212.991,ns,,,"3x32x85",,,1,3,16,85,3,32,1,1,8
"dot/dot_fp64_3x16x1_1x8x1_avx512/64/1/real_time",5778106,24.2244,24.1724,ns,,,"3x64x1",,,1,3,16,1,3,64,1,1,8
"dot/dot_fp64_3x16x1_1x8x1_avx512/64/10/real_time",2640120,53.5942,53.4631,ns,,,"3x64x10",,,1,3,16,10,3,64,1,1,8
"dot/dot_fp64_3x16x1_1x8x1_avx512/64/21/real_time",1356652,103.65,103.431,ns,,,"3x64x21",,,1,3,16,21,3,64,1,1,8
"dot/dot_fp64_3x16x1_1x8x1_avx512/64/31/real_time",927442,150.496,150.166,ns,,,"3x64x31",,,1,3,16,31,3,64,1,1,8
"dot/dot_fp64_3x16x1_1x8x1_avx512/64/42/real_time",682462,205.249,204.79,ns,,,"3x64x42",,,1,3,16,42,3,64,1,1,8
"dot/dot_fp64_3x16x1_1x8x1_avx512/128/1/real_time",3426654,38.955,38.8706,ns,,,"3x128x1",,,1,3,16,1,3,128,1,1,8
"dot/dot_fp64_3x16x1_1x8x1_avx512/128/5/real_time",2126014,65.4766,65.326,ns,,,"3x128x5",,,1,3,16,5,3,128,1,1,8
"dot/dot_fp64_3x16x1_1x8x1_avx512/128/10/real_time",1417561,100.498,100.269,ns,,,"3x128x10",,,1,3,16,10,3,128,1,1,8
"dot/dot_fp64_3x16x1_1x8x1_avx512/128/15/real_time",992082,144.713,144.396,ns,,,"3x128x15",,,1,3,16,15,3,128,1,1,8
"dot/dot_fp64_3x16x1_1x8x1_avx512/128/20/real_time",723917,194.203,193.778,ns,,,"3x128x20",,,1,3,16,20,3,128,1,1,8
"dot/dot_fp64_4x16x1_1x8x1_avx512/16/1/real_time",10930158,12.8205,12.7926,ns,,,"4x16x1",,,1,4,16,1,4,16,1,1,8
"dot/dot_fp64_4x16x1_1x8x1_avx512/16/37/real_time",2572041,55.0946,54.9849,ns,,,"4x16x37",,,1,4,16,37,4,16,1,1,8
"dot/dot_fp64_4x16x1_1x8x1_avx512/16/75/real_time",1315971,106.463,106.242,ns,,,"4x16x75",,,1,4,16,75,4,16,1,1,8
"dot/dot_fp64_4x16x1_1x8x1_avx512/16/112/real_time",937945,148.839,148.526,ns,,,"4x16x112",,,1,4,16,112,4,16,1,1,8
"dot/dot_fp64_4x16x1_1x8x1_avx512/16/150/real_time",713684,195.619,195.221,ns,,,"4x16x150",,,1,4,16,150,4,16,1,1,8
"dot/dot_fp64_4x16x1_1x8x1_avx512/32/1/real_time",8077394,17.3869,17.3515,ns,,,"4x32x1",,,1,4,16,1,4,32,1,1,8
"dot/dot_fp64_4x16x1_1x8x1_avx512/32/20/real_time",2288925,61.0549,60.9294,ns,,,"4x32x20",,,1,4,16,20,4,32,1,1,8
"dot/dot_fp64_4x16x1_1x8x1_avx512/32/40/real_time",1270534,110.455,110.213,ns,,,"4x32x40",,,1,4,16,40,4,32,1,1,8
"dot/dot_fp64_4x16x1_1x8x1_avx512/32/60/real_time",882712,160.137,159.797,ns,,,"4x32x60",,,1,4,16,60,4,32,1,1,8
"dot/dot_fp64_4x16x1_1x8x1_avx512/32/81/real_time",669580,212.64,212.193,ns,,,"4x32x81",,,1,4,16,81,4,32,1,1,8
"dot/dot_fp64_4x16x1_1x8x1_avx512/64/1/real_time",5124324,27.3833,27.3145,ns,,,"4x64x1",,,1,4,16,1,4,64,1,1,8
"dot/dot_fp64_4x16x1_1x8x1_avx512/64/10/real_time",2217510,63.0868,62.9528,ns,,,"4x64x10",,,1,4,16,10,4,64,1,1,8
"dot/dot_fp64_4x16x1_1x8x1_avx512/64/20/real_time",1227537,114.225,113.987,ns,,,"4x64x20",,,1,4,16,20,4,64,1,1,8
"dot/dot_fp64_4x16x1_1x8x1_avx512/64/30/real_time",851403,164.776,164.428,ns,,,"4x64x30",,,1,4,16,30,4,64,1,1,8
"dot/dot_fp64_4x16x1_1x8x1_avx512/64/41/real_time",653610,215.756,215.307,ns,,,"4x64x41",,,1,4,16,41,4,64,1,1,8
"dot/dot_fp64_4x16x1_1x8x1_avx512/128/1/real_time",3028842,46.2967,46.1918,ns,,,"4x128x1",,,1,4,16,1,4,128,1,1,8
"dot/dot_fp64_4x16x1_1x8x1_avx512/128/4/real_time",2040757,68.5685,68.4181,ns,,,"4x128x4",,,1,4,16,4,4,128,1,1,8
"dot/dot_fp64_4x16x1_1x8x1_avx512/128/9/real_time",1272004,109.822,109.588,ns,,,"4x128x9",,,1,4,16,9,4,128,1,1,8
"dot/dot_fp64_4x16x1_1x8x1_avx512/128/14/real_time",849312,167.796,167.465,ns,,,"4x128x14",,,1,4,16,14,4,128,1,1,8
"dot/dot_fp64_4x16x1_1x8x1_avx512/128/19/real_time",655506,213.983,213.552,ns,,,"4x128x19",,,1,4,16,19,4,128,1,1,8
"dot/dot_fp64_5x16x1_1x8x1_avx512/16/1/real_time",9905263,14.3065,14.2747,ns,,,"5x16x1",,,1,5,16,1,5,16,1,1,8
"dot/dot_fp64_5x16x1_1x8x1_avx512/16/35/real_time",2226209,62.7852,62.6548,ns,,,"5x16x35",,,1,5,16,35,5,16,1,1,8
"dot/dot_fp64_5x16x1_1x8x1_avx512/16/71/real_time",1170492,118.5,118.253,ns,,,"5x16x71",,,1,5,16,71,5,16,1,1,8
"dot/dot_fp64_5x16x1_1x8x1_avx512/16/106/real_time",808117,174.212,173.855,ns,,,"5x16x106",,,1,5,16,106,5,16,1,1,8
"dot/dot_fp64_5x16x1_1x8x1_avx512/16/142/real_time",596718,234.215,233.708,ns,,,"5x16x142",,,1,5,16,142,5,16,1,1,8
"dot/dot_fp64_5x16x1_1x8x1_avx512/32/1/real_time",7120632,19.6673,19.6231,ns,,,"5x32x1",,,1,5,16,1,5,32,1,1,8
"dot/dot_fp64_5x16x1_1x8x1_avx512/32/19/real_time",2014960,69.5304,69.3865,ns,,,"5x32x19",,,1,5,16,19,5,32,1,1,8
"dot/dot_fp64_5x16x1_1x8x1_avx512/32/39/real_time",1060503,132.042,131.775,ns,,,"5x32x39",,,1,5,16,39,5,32,1,1,8
"dot/dot_fp64_5x16x1_1x8x1_avx512/32/58/real_time",727342,195.347,194.926,ns,,,"5x32x58",,,1,5,16,58,5,32,1,1,8
"dot/dot_fp64_5x16x1_1x8x1_avx512/32/78/real_time",541947,256.241,255.713,ns,,,"5x32x78",,,1,5,16,78,5,32,1,1,8
"dot/dot_fp64_5x16x1_1x8x1_avx512/64/1/real_time",4582490,31.0353,30.9683,ns,,,"5x64x1",,,1,5,16,1,5,64,1,1,8
"dot/dot_fp64_5x16x1_1x8x1_avx512/64/9/real_time",2012428,69.649,69.5017,ns,,,"5x64x9",,,1,5,16,9,5,64,1,1,8
"dot/dot_fp64_5x16x1_1x8x1_avx512/64/19/real_time",1051197,132.155,131.875,ns,,,"5x64x19",,,1,5,16,19,5,64,1,1,8
"dot/dot_fp64_5x16x1_1x8x1_avx512/64/29/real_time",675200,206.573,206.134,ns,,,"5x64x29",,,1,5,16,29,5,64,1,1,8
"dot/dot_fp64_5x16x1_1x8x1_avx512/64/39/real_time",536265,261.382,260.866,ns,,,"5x64x39",,,1,5,16,39,5,64,1,1,8
"dot/dot_fp64_5x16x1_1x8x1_avx512/128/1/real_time",2674208,52.4511,52.3362,ns,,,"5x128x1",,,1,5,16,1,5,128,1,1,8
"dot/dot_fp64_5x16x1_1x8x1_avx512/128/4/real_time",1781312,78.5578,78.3893,ns,,,"5x128x4",,,1,5,16,4,5,128,1,1,8
"dot/dot_fp64_5x16x1_1x8x1_avx512/128/9/real_time",1074749,131.008,130.749,ns,,,"5x128x9",,,1,5,16,9,5,128,1,1,8
"dot/dot_fp64_5x16x1_1x8x1_avx512/128/13/real_time",764972,183.665,183.288,ns,,,"5x128x13",,,1,5,16,13,5,128,1,1,8
"dot/dot_fp64_5x16x1_1x8x1_avx512/128/18/real_time",569409,275.557,274.861,ns,,,"5x128x18",,,1,5,16,18,5,128,1,1,8
"dot/dot_fp64_5x8x1_1x8x1_avx512/8/1/real_time",8639934,15.5215,15.4834,ns,,,"5x8x1",,,1,5,8,1,5,8,1,1,8
"dot/dot_fp64_5x8x1_1x8x1_avx512/8/58/real_time",2139134,65.4436,65.2949,ns,,,"5x8x58",,,1,5,8,58,5,8,1,1,8
"dot/dot_fp64_5x8x1_1x8x1_avx512/8/116/real_time",1089264,128.596,128.219,ns,,,"5x8x116",,,1,5,8,116,5,8,1,1,8
"dot/dot_fp64_5x8x1_1x8x1_avx512/8/174/real_time",708078,200.511,199.908,ns,,,"5x8x174",,,1,5,8,174,5,8,1,1,8
"dot/dot_fp64_5x8x1_1x8x1_avx512/8/233/real_time",532585,262.385,261.741,ns,,,"5x8x233",,,1,5,8,233,5,8,1,1,8
"dot/dot_fp64_5x8x1_1x8x1_avx512/16/1/real_time",8808888,15.4841,15.4367,ns,,,"5x16x1",,,1,5,8,1,5,16,1,1,8
"dot/dot_fp64_5x8x1_1x8x1_avx512/16/35/real_time",1743676,80.2568,80.0719,ns,,,"5x16x35",,,1,5,8,35,5,16,1,1,8
"dot/dot_fp64_5x8x1_1x8x1_avx512/16/71/real_time",910771,153.691,153.3,ns,,,"5x16x71",,,1,5,8,71,5,16,1,1,8
"dot/dot_fp64_5x8x1_1x8x1_avx512/16/106/real_time",608129,230.715,230.234,ns,,,"5x16x106",,,1,5,8,106,5,16,1,1,8
"dot/dot_fp64_5x8x1_1x8x1_avx512/16/142/real_time",446515,311.418,310.662,ns,,,"5x16x142",,,1,5,8,142,5,16,1,1,8
"dot/dot_fp64_5x8x1_1x8x1_avx512/32/1/real_time",5806478,24.1518,24.0993,ns,,,"5x32x1",,,1,5,8,1,5,32,1,1,8
"dot/dot_fp64_5x8x1_1x8x1_avx512/32/19/real_time",1487649,94.1371,93.9316,ns,,,"5x32x19",,,1,5,8,19,5,32,1,1,8
"dot/dot_fp64_5x8x1_1x8x1_avx512/32/39/real_time",761803,183.627,183.224,ns,,,"5x32x39",,,1,5,8,39,5,32,1,1,8
"dot/dot_fp64_5x8x1_1x8x1_avx512/32/58/real_time",506164,276.62,276.027,ns,,,"5x32x58",,,1,5,8,58,5,32,1,1,8
"dot/dot_fp64_5x8x1_1x8x1_avx512/32/78/real_time",363810,369.468,368.111,ns,,,"5x32x78",,,1,5,8,78,5,32,1,1,8
"dot/dot_fp64_5x8x1_1x8x1_avx512/64/1/real_time",3461776,40.4498,40.3546,ns,,,"5x64x1",,,1,5,8,1,5,64,1,1,8
"dot/dot_fp64_5x8x1_1x8x1_avx512/64/9/real_time",1000000,102.461,102.216,ns,,,"5x64x9",,,1,5,8,9,5,64,1,1,8
"dot/dot_fp64_5x8x1_1x8x1_avx512/64/19/real_time",780167,179.483,179.083,ns,,,"5x64x19",,,1,5,8,19,5,64,1,1,8
"dot/dot_fp64_5x8x1_1x8x1_avx512/64/29/real_time",508730,275.357,274.735,ns,,,"5x64x29",,,1,5,8,29,5,64,1,1,8
"dot/dot_fp64_5x8x1_1x8x1_avx512/64/39/real_time",378481,369.827,368.98,ns,,,"5x64x39",,,1,5,8,39,5,64,1,1,8
"dot/dot_int8_int8_int32_symmetric_b_1x64x4_1x16x4_avx512/64/4/real_time",16160080,8.41504,8.39581,ns,,,"1x64x4",,,4,1,64,4,1,64,4,1,16
"dot/dot_int8_int8_int32_symmetric_b_1x64x4_1x16x4_avx512/64/92/real_time",2050832,68.2651,68.1232,ns,,,"1x64x92",,,4,1,64,92,1,64,4,1,16
"dot/dot_int8_int8_int32_symmetric_b_1x64x4_1x16x4_avx512/64/184/real_time",1028500,136.186,135.917,ns,,,"1x64x184",,,4,1,64,184,1,64,4,1,16
"dot/dot_int8_int8_int32_symmetric_b_1x64x4_1x16x4_avx512/64/276/real_time",603905,205.238,204.842,ns,,,"1x64x276",,,4,1,64,276,1,64,4,1,16
"dot/dot_int8_int8_int32_symmetric_b_1x64x4_1x16x4_avx512/64/372/real_time",509138,275.037,274.494,ns,,,"1x64x372",,,4,1,64,372,1,64,4,1,16
"dot/dot_int8_int8_int32_symmetric_b_1x64x4_1x16x4_avx512/128/4/real_time",12297875,11.394,11.3728,ns,,,"1x128x4",,,4,1,64,4,1,128,4,1,16
"dot/dot_int8_int8_int32_symmetric_b_1x64x4_1x16x4_avx512/128/44/real_time",2126996,66.3559,66.2213,ns,,,"1x128x44",,,4,1,64,44,1,128,4,1,16
"dot/dot_int8_int8_int32_symmetric_b_1x64x4_1x16x4_avx512/128/92/real_time",1027927,136.203,135.934,ns,,,"1x128x92",,,4,1,64,92,1,128,4,1,16
"dot/dot_int8_int8_int32_symmetric_b_1x64x4_1x16x4_avx512/128/136/real_time",695864,201.102,200.657,ns,,,"1x128x136",,,4,1,64,136,1,128,4,1,16
"dot/dot_int8_int8_int32_symmetric_b_1x64x4_1x16x4_avx512/128/184/real_time",514777,271.988,271.425,ns,,,"1x128x184",,,4,1,64,184,1,128,4,1,16
"dot/dot_int8_int8_int32_symmetric_b_1x64x4_1x16x4_avx512/256/4/real_time",7650912,18.3194,18.2709,ns,,,"1x256x4",,,4,1,64,4,1,256,4,1,16
"dot/dot_int8_int8_int32_symmetric_b_1x64x4_1x16x4_avx512/256/20/real_time",2291243,61.1673,61.0337,ns,,,"1x256x20",,,4,1,64,20,1,256,4,1,16
"dot/dot_int8_int8_int32_symmetric_b_1x64x4_1x16x4_avx512/256/44/real_time",1073192,130.529,130.073,ns,,,"1x256x44",,,4,1,64,44,1,256,4,1,16
"dot/dot_int8_int8_int32_symmetric_b_1x64x4_1x16x4_avx512/256/64/real_time",735163,189.282,188.852,ns,,,"1x256x64",,,4,1,64,64,1,256,4,1,16
"dot/dot_int8_int8_int32_symmetric_b_1x64x4_1x16x4_avx512/256/88/real_time",538097,260.123,259.618,ns,,,"1x256x88",,,4,1,64,88,1,256,4,1,16
"dot/dot_int8_int8_int32_symmetric_b_1x64x4_1x16x4_avx512/512/4/real_time",4485859,31.272,31.206,ns,,,"1x512x4",,,4,1,64,4,1,512,4,1,16
"dot/dot_int8_int8_int32_symmetric_b_1x64x4_1x16x4_avx512/512/8/real_time",2943747,47.6039,47.5253,ns,,,"1x512x8",,,4,1,64,8,1,512,4,1,16
"dot/dot_int8_int8_int32_symmetric_b_1x64x4_1x16x4_avx512/512/20/real_time",1183335,118.36,118.11,ns,,,"1x512x20",,,4,1,64,20,1,512,4,1,16
"dot/dot_int8_int8_int32_symmetric_b_1x64x4_1x16x4_avx512/512/28/real_time",844839,165.665,165.35,ns,,,"1x512x28",,,4,1,64,28,1,512,4,1,16
"dot/dot_int8_int8_int32_symmetric_b_1x64x4_1x16x4_avx512/512/40/real_time",592978,236.443,235.8,ns,,,"1x512x40",,,4,1,64,40,1,512,4,1,16
"dot/dot_int8_int8_int32_symmetric_b_1x32x4_1x16x4_avx512/32/4/real_time",18267634,7.67251,7.6573,ns,,,"1x32x4",,,4,1,32,4,1,32,4,1,16
"dot/dot_int8_int8_int32_symmetric_b_1x32x4_1x16x4_avx512/32/184/real_time",1683184,83.9615,83.7889,ns,,,"1x32x184",,,4,1,32,184,1,32,4,1,16
"dot/dot_int8_int8_int32_symmetric_b_1x32x4_1x16x4_avx512/32/368/real_time",843048,166.124,165.778,ns,,,"1x32x368",,,4,1,32,368,1,32,4,1,16
"dot/dot_int8_int8_int32_symmetric_b_1x32x4_1x16x4_avx512/32/552/real_time",561539,249.434,248.928,ns,,,"1x32x552",,,4,1,32,552,1,32,4,1,16
"dot/dot_int8_int8_int32_symmetric_b_1x32x4_1x16x4_avx512/32/740/real_time",418628,334.286,333.642,ns,,,"1x32x740",,,4,1,32,740,1,32,4,1,16
"dot/dot_int8_int8_int32_symmetric_b_1x32x4_1x16x4_avx512/64/4/real_time",13531138,10.3502,10.3285,ns,,,"1x64x4",,,4,1,32,4,1,64,4,1,16
"dot/dot_int8_int8_int32_symmetric_b_1x32x4_1x16x4_avx512/64/92/real_time",1684629,83.0973,82.9443,ns,,,"1x64x92",,,4,1,32,92,1,64,4,1,16
"dot/dot_int8_int8_int32_symmetric_b_1x32x4_1x16x4_avx512/64/184/real_time",842833,168.502,168.17,ns,,,"1x64x184",,,4,1,32,184,1,64,4,1,16
"dot/dot_int8_int8_int32_symmetric_b_1x32x4_1x16x4_avx512/64/276/real_time",561195,252.15,251.645,ns,,,"1x64x276",,,4,1,32,276,1,64,4,1,16
"dot/dot_int8_int8_int32_symmetric_b_1x32x4_1x16x4_avx512/64/372/real_time",412986,336.054,335.435,ns,,,"1x64x372",,,4,1,32,372,1,64,4,1,16
"dot/dot_int8_int8_int32_symmetric_b_1x32x4_1x16x4_avx512/128/4/real_time",9127481,15.3609,15.3313,ns,,,"1x128x4",,,4,1,32,4,1,128,4,1,16
"dot/dot_int8_int8_int32_symmetric_b_1x32x4_1x16x4_avx512/128/44/real_time",1762707,79.447,79.2925,ns,,,"1x128x44",,,4,1,32,44,1,128,4,1,16
"dot/dot_int8_int8_int32_symmetric_b_1x32x4_1x16x4_avx512/128/92/real_time",843258,169.11,168.779,ns,,,"1x128x92",,,4,1,32,92,1,128,4,1,16
"dot/dot_int8_int8_int32_symmetric_b_1x32x4_1x16x4_avx512/128/136/real_time",569772,245.739,245.264,ns,,,"1x128x136",,,4,1,32,136,1,128,4,1,16
"dot/dot_int8_int8_int32_symmetric_b_1x32x4_1x16x4_avx512/128/184/real_time",421041,332.513,331.858,ns,,,"1x128x184",,,4,1,32,184,1,128,4,1,16
"dot/dot_int8_int8_int32_symmetric_b_1x32x4_1x16x4_avx512/256/4/real_time",5354170,26.6899,26.638,ns,,,"1x256x4",,,4,1,32,4,1,256,4,1,16
"dot/dot_int8_int8_int32_symmetric_b_1x32x4_1x16x4_avx512/256/20/real_time",1944614,72.0062,71.8727,ns,,,"1x256x20",,,4,1,32,20,1,256,4,1,16
"dot/dot_int8_int8_int32_symmetric_b_1x32x4_1x16x4_avx512/256/44/real_time",880960,158.81,158.492,ns,,,"1x256x44",,,4,1,32,44,1,256,4,1,16
"dot/dot_int8_int8_int32_symmetric_b_1x32x4_1x16x4_avx512/256/64/real_time",605875,231.08,230.632,ns,,,"1x256x64",,,4,1,32,64,1,256,4,1,16
"dot/dot_int8_int8_int32_symmetric_b_1x32x4_1x16x4_avx512/256/88/real_time",440176,318.059,317.443,ns,,,"1x256x88",,,4,1,32,88,1,256,4,1,16
"dot/dot_int8_int8_int32_1x64x4_1x16x4_avx512/64/4/real_time",13916296,10.0254,10.0049,ns,,,"1x64x4",,,4,1,64,4,1,64,4,1,16
"dot/dot_int8_int8_int32_1x64x4_1x16x4_avx512/64/92/real_time",1688851,82.873,82.7126,ns,,,"1x64x92",,,4,1,64,92,1,64,4,1,16
"dot/dot_int8_int8_int32_1x64x4_1x16x4_avx512/64/184/real_time",845180,165.579,165.257,ns,,,"1x64x184",,,4,1,64,184,1,64,4,1,16
"dot/dot_int8_int8_int32_1x64x4_1x16x4_avx512/64/276/real_time",571399,244.128,243.601,ns,,,"1x64x276",,,4,1,64,276,1,64,4,1,16
"dot/dot_int8_int8_int32_1x64x4_1x16x4_avx512/64/372/real_time",428637,326.562,325.95,ns,,,"1x64x372",,,4,1,64,372,1,64,4,1,16
"dot/dot_int8_int8_int32_1x64x4_1x16x4_avx512/128/4/real_time",9718068,14.4,14.3684,ns,,,"1x128x4",,,4,1,64,4,1,128,4,1,16
"dot/dot_int8_int8_int32_1x64x4_1x16x4_avx512/128/44/real_time",1679280,83.378,83.2032,ns,,,"1x128x44",,,4,1,64,44,1,128,4,1,16
"dot/dot_int8_int8_int32_1x64x4_1x16x4_avx512/128/92/real_time",826226,169.38,169.004,ns,,,"1x128x92",,,4,1,64,92,1,128,4,1,16
"dot/dot_int8_int8_int32_1x64x4_1x16x4_avx512/128/136/real_time",563860,248.19,247.648,ns,,,"1x128x136",,,4,1,64,136,1,128,4,1,16
"dot/dot_int8_int8_int32_1x64x4_1x16x4_avx512/128/184/real_time",418892,334.204,333.49,ns,,,"1x128x184",,,4,1,64,184,1,128,4,1,16
"dot/dot_int8_int8_int32_1x64x4_1x16x4_avx512/256/4/real_time",5965536,23.5182,23.4664,ns,,,"1x256x4",,,4,1,64,4,1,256,4,1,16
"dot/dot_int8_int8_int32_1x64x4_1x16x4_avx512/256/20/real_time",1746264,81.3924,81.2089,ns,,,"1x256x20",,,4,1,64,20,1,256,4,1,16
"dot/dot_int8_int8_int32_1x64x4_1x16x4_avx512/256/44/real_time",842337,162.146,161.779,ns,,,"1x256x44",,,4,1,64,44,1,256,4,1,16
"dot/dot_int8_int8_int32_1x64x4_1x16x4_avx512/256/64/real_time",605489,231.188,230.754,ns,,,"1x256x64",,,4,1,64,64,1,256,4,1,16
"dot/dot_int8_int8_int32_1x64x4_1x16x4_avx512/256/88/real_time",444719,314.726,314.132,ns,,,"1x256x88",,,4,1,64,88,1,256,4,1,16
"dot/dot_int8_int8_int32_1x64x4_1x16x4_avx512/512/4/real_time",3205589,43.6838,43.5975,ns,,,"1x512x4",,,4,1,64,4,1,512,4,1,16
"dot/dot_int8_int8_int32_1x64x4_1x16x4_avx512/512/8/real_time",1925003,72.6386,72.4791,ns,,,"1x512x8",,,4,1,64,8,1,512,4,1,16
"dot/dot_int8_int8_int32_1x64x4_1x16x4_avx512/512/20/real_time",876950,159.596,159.232,ns,,,"1x512x20",,,4,1,64,20,1,512,4,1,16
"dot/dot_int8_int8_int32_1x64x4_1x16x4_avx512/512/28/real_time",646403,216.59,216.112,ns,,,"1x512x28",,,4,1,64,28,1,512,4,1,16
"dot/dot_int8_int8_int32_1x64x4_1x16x4_avx512/512/40/real_time",462658,302.809,302.133,ns,,,"1x512x40",,,4,1,64,40,1,512,4,1,16
"dot/dot_int8_int8_int32_2x64x4_1x16x4_avx512/64/4/real_time",10498466,13.3599,13.3313,ns,,,"2x64x4",,,4,2,64,4,2,64,4,1,16
"dot/dot_int8_int8_int32_2x64x4_1x16x4_avx512/64/88/real_time",1026151,132.803,132.552,ns,,,"2x64x88",,,4,2,64,88,2,64,4,1,16
"dot/dot_int8_int8_int32_2x64x4_1x16x4_avx512/64/180/real_time",525454,266.498,265.993,ns,,,"2x64x180",,,4,2,64,180,2,64,4,1,16
"dot/dot_int8_int8_int32_2x64x4_1x16x4_avx512/64/272/real_time",348872,401.32,400.524,ns,,,"2x64x272",,,4,2,64,272,2,64,4,1,16
"dot/dot_int8_int8_int32_2x64x4_1x16x4_avx512/64/364/real_time",249215,537.494,536.483,ns,,,"2x64x364",,,4,2,64,364,2,64,4,1,16
"dot/dot_int8_int8_int32_2x64x4_1x16x4_avx512/128/4/real_time",6668514,20.9837,20.9393,ns,,,"2x128x4",,,4,2,64,4,2,128,4,1,16
"dot/dot_int8_int8_int32_2x64x4_1x16x4_avx512/128/44/real_time",996021,140.661,140.351,ns,,,"2x128x44",,,4,2,64,44,2,128,4,1,16
"dot/dot_int8_int8_int32_2x64x4_1x16x4_avx512/128/88/real_time",490021,265.46,264.934,ns,,,"2x128x88",,,4,2,64,88,2,128,4,1,16
"dot/dot_int8_int8_int32_2x64x4_1x16x4_avx512/128/132/real_time",355521,393.6,392.861,ns,,,"2x128x132",,,4,2,64,132,2,128,4,1,16
"dot/dot_int8_int8_int32_2x64x4_1x16x4_avx512/128/180/real_time",262350,533.816,532.784,ns,,,"2x128x180",,,4,2,64,180,2,128,4,1,16
"dot/dot_int8_int8_int32_2x64x4_1x16x4_avx512/256/4/real_time",3417469,40.9581,40.8707,ns,,,"2x256x4",,,4,2,64,4,2,256,4,1,16
"dot/dot_int8_int8_int32_2x64x4_1x16x4_avx512/256/20/real_time",1024039,136.536,136.262,ns,,,"2x256x20",,,4,2,64,20,2,256,4,1,16
"dot/dot_int8_int8_int32_2x64x4_1x16x4_avx512/256/40/real_time",543598,251.076,250.583,ns,,,"2x256x40",,,4,2,64,40,2,256,4,1,16
"dot/dot_int8_int8_int32_2x64x4_1x16x4_avx512/256/60/real_time",381526,366.834,366.124,ns,,,"2x256x60",,,4,2,64,60,2,256,4,1,16
"dot/dot_int8_int8_int32_2x64x4_1x16x4_avx512/256/84/real_time",273218,513.742,512.735,ns,,,"2x256x84",,,4,2,64,84,2,256,4,1,16
"dot/dot_int8_int8_int32_2x64x4_1x16x4_avx512/512/4/real_time",1752293,82.4951,82.3256,ns,,,"2x512x4",,,4,2,64,4,2,512,4,1,16
"dot/dot_int8_int8_int32_2x64x4_1x16x4_avx512/512/8/real_time",953763,127.534,127.292,ns,,,"2x512x8",,,4,2,64,8,2,512,4,1,16
"dot/dot_int8_int8_int32_2x64x4_1x16x4_avx512/512/16/real_time",636430,219.792,219.361,ns,,,"2x512x16",,,4,2,64,16,2,512,4,1,16
"dot/dot_int8_int8_int32_2x64x4_1x16x4_avx512/512/24/real_time",446268,313.739,313.185,ns,,,"2x512x24",,,4,2,64,24,2,512,4,1,16
"dot/dot_int8_int8_int32_2x64x4_1x16x4_avx512/512/36/real_time",308933,453.333,452.376,ns,,,"2x512x36",,,4,2,64,36,2,512,4,1,16
"dot/dot_int8_int8_int32_1x32x4_1x16x4_avx512/32/4/real_time",16460775,8.18685,8.1707,ns,,,"1x32x4",,,4,1,32,4,1,32,4,1,16
"dot/dot_int8_int8_int32_1x32x4_1x16x4_avx512/32/184/real_time",1596109,87.6209,87.4405,ns,,,"1x32x184",,,4,1,32,184,1,32,4,1,16
"dot/dot_int8_int8_int32_1x32x4_1x16x4_avx512/32/368/real_time",809731,173.361,173.02,ns,,,"1x32x368",,,4,1,32,368,1,32,4,1,16
"dot/dot_int8_int8_int32_1x32x4_1x16x4_avx512/32/552/real_time",540422,261.752,261.223,ns,,,"1x32x552",,,4,1,32,552,1,32,4,1,16
"dot/dot_int8_int8_int32_1x32x4_1x16x4_avx512/32/740/real_time",405140,345.728,345.04,ns,,,"1x32x740",,,4,1,32,740,1,32,4,1,16
"dot/dot_int8_int8_int32_1x32x4_1x16x4_avx512/64/4/real_time",12052515,11.626,11.6048,ns,,,"1x64x4",,,4,1,32,4,1,64,4,1,16
"dot/dot_int8_int8_int32_1x32x4_1x16x4_avx512/64/92/real_time",1586779,88.4382,88.2631,ns,,,"1x64x92",,,4,1,32,92,1,64,4,1,16
"dot/dot_int8_int8_int32_1x32x4_1x16x4_avx512/64/184/real_time",805377,173.352,173.023,ns,,,"1x64x184",,,4,1,32,184,1,64,4,1,16
"dot/dot_int8_int8_int32_1x32x4_1x16x4_avx512/64/276/real_time",540466,259.552,258.967,ns,,,"1x64x276",,,4,1,32,276,1,64,4,1,16
"dot/dot_int8_int8_int32_1x32x4_1x16x4_avx512/64/372/real_time",403024,347.481,346.822,ns,,,"1x64x372",,,4,1,32,372,1,64,4,1,16
"dot/dot_int8_int8_int32_1x32x4_1x16x4_avx512/128/4/real_time",7732159,18.1682,18.1329,ns,,,"1x128x4",,,4,1,32,4,1,128,4,1,16
"dot/dot_int8_int8_int32_1x32x4_1x16x4_avx512/128/44/real_time",1623700,86.2499,86.0641,ns,,,"1x128x44",,,4,1,32,44,1,128,4,1,16
"dot/dot_int8_int8_int32_1x32x4_1x16x4_avx512/128/92/real_time",799692,176.396,176.055,ns,,,"1x128x92",,,4,1,32,92,1,128,4,1,16
"dot/dot_int8_int8_int32_1x32x4_1x16x4_avx512/128/136/real_time",541563,256.935,256.438,ns,,,"1x128x136",,,4,1,32,136,1,128,4,1,16
"dot/dot_int8_int8_int32_1x32x4_1x16x4_avx512/128/184/real_time",403771,346.053,345.329,ns,,,"1x128x184",,,4,1,32,184,1,128,4,1,16
"dot/dot_int8_int8_int32_1x32x4_1x16x4_avx512/256/4/real_time",4275204,32.7191,32.6531,ns,,,"1x256x4",,,4,1,32,4,1,256,4,1,16
"dot/dot_int8_int8_int32_1x32x4_1x16x4_avx512/256/20/real_time",1676268,82.3341,82.1667,ns,,,"1x256x20",,,4,1,32,20,1,256,4,1,16
"dot/dot_int8_int8_int32_1x32x4_1x16x4_avx512/256/44/real_time",822147,173.824,173.44,ns,,,"1x256x44",,,4,1,32,44,1,256,4,1,16
"dot/dot_int8_int8_int32_1x32x4_1x16x4_avx512/256/64/real_time",569381,245.737,245.256,ns,,,"1x256x64",,,4,1,32,64,1,256,4,1,16
"dot/dot_int8_int8_int32_1x32x4_1x16x4_avx512/256/88/real_time",419691,334.682,334.012,ns,,,"1x256x88",,,4,1,32,88,1,256,4,1,16
"dot/dot_int8_int8_int32_3x32x4_1x16x4_avx512/32/4/real_time",10434285,13.4011,13.3746,ns,,,"3x32x4",,,4,3,32,4,3,32,4,1,16
"dot/dot_int8_int8_int32_3x32x4_1x16x4_avx512/32/172/real_time",737617,189.912,189.536,ns,,,"3x32x172",,,4,3,32,172,3,32,4,1,16
"dot/dot_int8_int8_int32_3x32x4_1x16x4_avx512/32/344/real_time",372596,375.787,375.023,ns,,,"3x32x344",,,4,3,32,344,3,32,4,1,16
"dot/dot_int8_int8_int32_3x32x4_1x16x4_avx512/32/516/real_time",249208,561.912,560.73,ns,,,"3x32x516",,,4,3,32,516,3,32,4,1,16
"dot/dot_int8_int8_int32_3x32x4_1x16x4_avx512/32/688/real_time",186896,749.656,748.151,ns,,,"3x32x688",,,4,3,32,688,3,32,4,1,16
"dot/dot_int8_int8_int32_3x32x4_1x16x4_avx512/64/4/real_time",7160345,19.56,19.5089,ns,,,"3x64x4",,,4,3,32,4,3,64,4,1,16
"dot/dot_int8_int8_int32_3x32x4_1x16x4_avx512/64/88/real_time",697529,197.214,196.803,ns,,,"3x64x88",,,4,3,32,88,3,64,4,1,16
"dot/dot_int8_int8_int32_3x32x4_1x16x4_avx512/64/176/real_time",361406,387.485,386.713,ns,,,"3x64x176",,,4,3,32,176,3,64,4,1,16
"dot/dot_int8_int8_int32_3x32x4_1x16x4_avx512/64/264/real_time",242295,577.308,576.198,ns,,,"3x64x264",,,4,3,32,264,3,64,4,1,16
"dot/dot_int8_int8_int32_3x32x4_1x16x4_avx512/64/352/real_time",182252,767.754,766.262,ns,,,"3x64x352",,,4,3,32,352,3,64,4,1,16
"dot/dot_int8_int8_int32_3x32x4_1x16x4_avx512/128/4/real_time",4231787,33.0768,33.0021,ns,,,"3x128x4",,,4,3,32,4,3,128,4,1,16
"dot/dot_int8_int8_int32_3x32x4_1x16x4_avx512/128/40/real_time",732319,190.837,190.431,ns,,,"3x128x40",,,4,3,32,40,3,128,4,1,16
"dot/dot_int8_int8_int32_3x32x4_1x16x4_avx512/128/84/real_time",368959,375.979,375.181,ns,,,"3x128x84",,,4,3,32,84,3,128,4,1,16
"dot/dot_int8_int8_int32_3x32x4_1x16x4_avx512/128/128/real_time",246994,566.466,565.345,ns,,,"3x128x128",,,4,3,32,128,3,128,4,1,16
"dot/dot_int8_int8_int32_3x32x4_1x16x4_avx512/128/172/real_time",185022,756.608,755.097,ns,,,"3x128x172",,,4,3,32,172,3,128,4,1,16
"dot/dot_int8_int8_int32_3x32x4_1x16x4_avx512/256/4/real_time",2279495,61.4765,61.3247,ns,,,"3x256x4",,,4,3,32,4,3,256,4,1,16
"dot/dot_int8_int8_int32_3x32x4_1x16x4_avx512/256/20/real_time",696296,197.325,196.908,ns,,,"3x256x20",,,4,3,32,20,3,256,4,1,16
"dot/dot_int8_int8_int32_3x32x4_1x16x4_avx512/256/40/real_time",378368,376.745,376.028,ns,,,"3x256x40",,,4,3,32,40,3,256,4,1,16
"dot/dot_int8_int8_int32_3x32x4_1x16x4_avx512/256/60/real_time",257386,543.406,542.37,ns,,,"3x256x60",,,4,3,32,60,3,256,4,1,16
"dot/dot_int8_int8_int32_3x32x4_1x16x4_avx512/256/80/real_time",195382,717.675,716.333,ns,,,"3x256x80",,,4,3,32,80,3,256,4,1,16
"dot/dot_int8_int8_int32_4x32x4_1x16x4_avx512/32/4/real_time",9339977,15.0134,14.9777,ns,,,"4x32x4",,,4,4,32,4,4,32,4,1,16
"dot/dot_int8_int8_int32_4x32x4_1x16x4_avx512/32/164/real_time",597261,234.435,233.978,ns,,,"4x32x164",,,4,4,32,164,4,32,4,1,16
"dot/dot_int8_int8_int32_4x32x4_1x16x4_avx512/32/332/real_time",297896,469.914,468.802,ns,,,"4x32x332",,,4,4,32,332,4,32,4,1,16
"dot/dot_int8_int8_int32_4x32x4_1x16x4_avx512/32/500/real_time",198463,705.989,703.644,ns,,,"4x32x500",,,4,4,32,500,4,32,4,1,16
"dot/dot_int8_int8_int32_4x32x4_1x16x4_avx512/32/668/real_time",148570,946.974,944.836,ns,,,"4x32x668",,,4,4,32,668,4,32,4,1,16
"dot/dot_int8_int8_int32_4x32x4_1x16x4_avx512/64/4/real_time",5740268,22.9169,22.8608,ns,,,"4x64x4",,,4,4,32,4,4,64,4,1,16
"dot/dot_int8_int8_int32_4x32x4_1x16x4_avx512/64/84/real_time",572279,244.753,244.205,ns,,,"4x64x84",,,4,4,32,84,4,64,4,1,16
"dot/dot_int8_int8_int32_4x32x4_1x16x4_avx512/64/172/real_time",284660,495.751,494.659,ns,,,"4x64x172",,,4,4,32,172,4,64,4,1,16
"dot/dot_int8_int8_int32_4x32x4_1x16x4_avx512/64/256/real_time",192365,727.552,726.127,ns,,,"4x64x256",,,4,4,32,256,4,64,4,1,16
"dot/dot_int8_int8_int32_4x32x4_1x16x4_avx512/64/344/real_time",143681,1091.8,1089.33,ns,,,"4x64x344",,,4,4,32,344,4,64,4,1,16
"dot/dot_int8_int8_int32_4x32x4_1x16x4_avx512/128/4/real_time",3367783,41.5597,41.4623,ns,,,"4x128x4",,,4,4,32,4,4,128,4,1,16
"dot/dot_int8_int8_int32_4x32x4_1x16x4_avx512/128/40/real_time",561575,244.106,243.6,ns,,,"4x128x40",,,4,4,32,40,4,128,4,1,16
"dot/dot_int8_int8_int32_4x32x4_1x16x4_avx512/128/84/real_time",286301,489.131,488.005,ns,,,"4x128x84",,,4,4,32,84,4,128,4,1,16
"dot/dot_int8_int8_int32_4x32x4_1x16x4_avx512/128/124/real_time",196159,714.683,713.25,ns,,,"4x128x124",,,4,4,32,124,4,128,4,1,16
"dot/dot_int8_int8_int32_4x32x4_1x16x4_avx512/128/168/real_time",145719,960.719,958.821,ns,,,"4x128x168",,,4,4,32,168,4,128,4,1,16
"dot/dot_int8_int8_int32_4x32x4_1x16x4_avx512/256/4/real_time",1738173,80.5949,80.4107,ns,,,"4x256x4",,,4,4,32,4,4,256,4,1,16
"dot/dot_int8_int8_int32_4x32x4_1x16x4_avx512/256/16/real_time",635722,222.498,221.996,ns,,,"4x256x16",,,4,4,32,16,4,256,4,1,16
"dot/dot_int8_int8_int32_4x32x4_1x16x4_avx512/256/36/real_time",319367,447.449,446.511,ns,,,"4x256x36",,,4,4,32,36,4,256,4,1,16
"dot/dot_int8_int8_int32_4x32x4_1x16x4_avx512/256/56/real_time",210775,664.374,662.976,ns,,,"4x256x56",,,4,4,32,56,4,256,4,1,16
"dot/dot_int8_int8_int32_4x32x4_1x16x4_avx512/256/76/real_time",157610,888.436,886.647,ns,,,"4x256x76",,,4,4,32,76,4,256,4,1,16
"dot/dot_int8_int8_int32_5x32x4_1x16x4_avx512/32/4/real_time",8167072,17.1858,17.1465,ns,,,"5x32x4",,,4,5,32,4,5,32,4,1,16
"dot/dot_int8_int8_int32_5x32x4_1x16x4_avx512/32/160/real_time",498599,281.013,280.418,ns,,,"5x32x160",,,4,5,32,160,5,32,4,1,16
"dot/dot_int8_int8_int32_5x32x4_1x16x4_avx512/32/320/real_time",252200,555.34,554.235,ns,,,"5x32x320",,,4,5,32,320,5,32,4,1,16
"dot/dot_int8_int8_int32_5x32x4_1x16x4_avx512/32/480/real_time",168585,830.689,829.021,ns,,,"5x32x480",,,4,5,32,480,5,32,4,1,16
"dot/dot_int8_int8_int32_5x32x4_1x16x4_avx512/32/644/real_time",125647,1201.03,1198.36,ns,,,"5x32x644",,,4,5,32,644,5,32,4,1,16
"dot/dot_int8_int8_int32_5x32x4_1x16x4_avx512/64/4/real_time",4363531,32.3416,32.2652,ns,,,"5x64x4",,,4,5,32,4,5,64,4,1,16
"dot/dot_int8_int8_int32_5x32x4_1x16x4_avx512/64/84/real_time",464754,301.708,301.07,ns,,,"5x64x84",,,4,5,32,84,5,64,4,1,16
"dot/dot_int8_int8_int32_5x32x4_1x16x4_avx512/64/168/real_time",236701,591.333,589.985,ns,,,"5x64x168",,,4,5,32,168,5,64,4,1,16
"dot/dot_int8_int8_int32_5x32x4_1x16x4_avx512/64/252/real_time",158931,880.756,878.894,ns,,,"5x64x252",,,4,5,32,252,5,64,4,1,16
"dot/dot_int8_int8_int32_5x32x4_1x16x4_avx512/64/336/real_time",119593,1169.12,1166.81,ns,,,"5x64x336",,,4,5,32,336,5,64,4,1,16
"dot/dot_int8_int8_int32_5x32x4_1x16x4_avx512/128/4/real_time",2727143,52.5273,52.4076,ns,,,"5x128x4",,,4,5,32,4,5,128,4,1,16
"dot/dot_int8_int8_int32_5x32x4_1x16x4_avx512/128/40/real_time",468651,298.71,298.12,ns,,,"5x128x40",,,4,5,32,40,5,128,4,1,16
"dot/dot_int8_int8_int32_5x32x4_1x16x4_avx512/128/80/real_time",244023,573.39,572.238,ns,,,"5x128x80",,,4,5,32,80,5,128,4,1,16
"dot/dot_int8_int8_int32_5x32x4_1x16x4_avx512/128/120/real_time",164812,865.017,863.189,ns,,,"5x128x120",,,4,5,32,120,5,128,4,1,16
"dot/dot_int8_int8_int32_5x32x4_1x16x4_avx512/128/164/real_time",121418,1151.63,1149.46,ns,,,"5x128x164",,,4,5,32,164,5,128,4,1,16
"dot/dot_int8_int8_int32_5x32x4_1x16x4_avx512/256/4/real_time",1396073,100.39,100.201,ns,,,"5x256x4",,,4,5,32,4,5,256,4,1,16
"dot/dot_int8_int8_int32_5x32x4_1x16x4_avx512/256/16/real_time",527453,265.235,264.704,ns,,,"5x256x16",,,4,5,32,16,5,256,4,1,16
"dot/dot_int8_int8_int32_5x32x4_1x16x4_avx512/256/36/real_time",258463,541.683,540.601,ns,,,"5x256x36",,,4,5,32,36,5,256,4,1,16
"dot/dot_int8_int8_int32_5x32x4_1x16x4_avx512/256/52/real_time",183471,776.304,774.772,ns,,,"5x256x52",,,4,5,32,52,5,256,4,1,16
"dot/dot_int8_int8_int32_5x32x4_1x16x4_avx512/256/72/real_time",134838,1038.88,1036.83,ns,,,"5x256x72",,,4,5,32,72,5,256,4,1,16
"dot/dot_int8_int8_int32_6x32x4_1x16x4_avx512/32/4/real_time",7348924,18.9756,18.9322,ns,,,"6x32x4",,,4,6,32,4,6,32,4,1,16
"dot/dot_int8_int8_int32_6x32x4_1x16x4_avx512/32/156/real_time",437631,319.814,319.1,ns,,,"6x32x156",,,4,6,32,156,6,32,4,1,16
"dot/dot_int8_int8_int32_6x32x4_1x16x4_avx512/32/312/real_time",221566,632.118,630.803,ns,,,"6x32x312",,,4,6,32,312,6,32,4,1,16
"dot/dot_int8_int8_int32_6x32x4_1x16x4_avx512/32/468/real_time",148148,944.475,942.617,ns,,,"6x32x468",,,4,6,32,468,6,32,4,1,16
"dot/dot_int8_int8_int32_6x32x4_1x16x4_avx512/32/624/real_time",110941,1265.4,1262.87,ns,,,"6x32x624",,,4,6,32,624,6,32,4,1,16
"dot/dot_int8_int8_int32_6x32x4_1x16x4_avx512/64/4/real_time",4413404,31.8569,31.7851,ns,,,"6x64x4",,,4,6,32,4,6,64,4,1,16
"dot/dot_int8_int8_int32_6x32x4_1x16x4_avx512/64/80/real_time",417054,335.249,334.559,ns,,,"6x64x80",,,4,6,32,80,6,64,4,1,16
"dot/dot_int8_int8_int32_6x32x4_1x16x4_avx512/64/164/real_time",208489,671.056,669.751,ns,,,"6x64x164",,,4,6,32,164,6,64,4,1,16
"dot/dot_int8_int8_int32_6x32x4_1x16x4_avx512/64/244/real_time",141005,994.168,992.015,ns,,,"6x64x244",,,4,6,32,244,6,64,4,1,16
"dot/dot_int8_int8_int32_6x32x4_1x16x4_avx512/64/328/real_time",105306,1331.66,1329.02,ns,,,"6x64x328",,,4,6,32,328,6,64,4,1,16
"dot/dot_int8_int8_int32_6x32x4_1x16x4_avx512/128/4/real_time",2335730,59.9328,59.7921,ns,,,"6x128x4",,,4,6,32,4,6,128,4,1,16
"dot/dot_int8_int8_int32_6x32x4_1x16x4_avx512/128/40/real_time",402372,348.457,347.801,ns,,,"6x128x40",,,4,6,32,40,6,128,4,1,16
"dot/dot_int8_int8_int32_6x32x4_1x16x4_avx512/128/80/real_time",208714,669.953,668.573,ns,,,"6x128x80",,,4,6,32,80,6,128,4,1,16
"dot/dot_int8_int8_int32_6x32x4_1x16x4_avx512/128/120/real_time",141187,991.122,989.111,ns,,,"6x128x120",,,4,6,32,120,6,128,4,1,16
"dot/dot_int8_int8_int32_6x32x4_1x16x4_avx512/128/160/real_time",106789,1314.22,1311.42,ns,,,"6x128x160",,,4,6,32,160,6,128,4,1,16
"dot/dot_int8_int8_int32_6x32x4_1x16x4_avx512/256/4/real_time",1224309,114.897,114.681,ns,,,"6x256x4",,,4,6,32,4,6,256,4,1,16
"dot/dot_int8_int8_int32_6x32x4_1x16x4_avx512/256/16/real_time",451312,310.202,309.537,ns,,,"6x256x16",,,4,6,32,16,6,256,4,1,16
"dot/dot_int8_int8_int32_6x32x4_1x16x4_avx512/256/32/real_time",246690,567.724,566.471,ns,,,"6x256x32",,,4,6,32,32,6,256,4,1,16
"dot/dot_int8_int8_int32_6x32x4_1x16x4_avx512/256/48/real_time",169893,825.247,823.516,ns,,,"6x256x48",,,4,6,32,48,6,256,4,1,16
"dot/dot_int8_int8_int32_6x32x4_1x16x4_avx512/256/68/real_time",121935,1163.76,1161.29,ns,,,"6x256x68",,,4,6,32,68,6,256,4,1,16
"dot/dot_int8_int8_int32_1x16x4_1x16x4_avx512/16/4/real_time",18944460,7.63714,7.62315,ns,,,"1x16x4",,,4,1,16,4,1,16,4,1,16
"dot/dot_int8_int8_int32_1x16x4_1x16x4_avx512/16/360/real_time",1513455,92.5341,92.3721,ns,,,"1x16x360",,,4,1,16,360,1,16,4,1,16
"dot/dot_int8_int8_int32_1x16x4_1x16x4_avx512/16/720/real_time",754979,189.221,188.841,ns,,,"1x16x720",,,4,1,16,720,1,16,4,1,16
"dot/dot_int8_int8_int32_1x16x4_1x16x4_avx512/16/1080/real_time",505216,277.163,276.592,ns,,,"1x16x1080",,,4,1,16,1080,1,16,4,1,16
"dot/dot_int8_int8_int32_1x16x4_1x16x4_avx512/16/1440/real_time",380067,368.344,367.521,ns,,,"1x16x1440",,,4,1,16,1440,1,16,4,1,16
"dot/dot_int8_int8_int32_1x16x4_1x16x4_avx512/32/4/real_time",14308993,9.78335,9.76518,ns,,,"1x32x4",,,4,1,16,4,1,32,4,1,16
"dot/dot_int8_int8_int32_1x16x4_1x16x4_avx512/32/184/real_time",1477628,94.8485,94.6648,ns,,,"1x32x184",,,4,1,16,184,1,32,4,1,16
"dot/dot_int8_int8_int32_1x16x4_1x16x4_avx512/32/368/real_time",744269,187.925,187.564,ns,,,"1x32x368",,,4,1,16,368,1,32,4,1,16
"dot/dot_int8_int8_int32_1x16x4_1x16x4_avx512/32/552/real_time",470196,281.452,280.885,ns,,,"1x32x552",,,4,1,16,552,1,32,4,1,16
"dot/dot_int8_int8_int32_1x16x4_1x16x4_avx512/32/740/real_time",370548,377.531,376.769,ns,,,"1x32x740",,,4,1,16,740,1,32,4,1,16
"dot/dot_int8_int8_int32_1x16x4_1x16x4_avx512/64/4/real_time",9646465,14.5303,14.5028,ns,,,"1x64x4",,,4,1,16,4,1,64,4,1,16
"dot/dot_int8_int8_int32_1x16x4_1x16x4_avx512/64/92/real_time",1464421,95.6839,95.4926,ns,,,"1x64x92",,,4,1,16,92,1,64,4,1,16
"dot/dot_int8_int8_int32_1x16x4_1x16x4_avx512/64/184/real_time",739222,189.37,188.992,ns,,,"1x64x184",,,4,1,16,184,1,64,4,1,16
"dot/dot_int8_int8_int32_1x16x4_1x16x4_avx512/64/276/real_time",490465,285.391,284.825,ns,,,"1x64x276",,,4,1,16,276,1,64,4,1,16
"dot/dot_int8_int8_int32_1x16x4_1x16x4_avx512/64/372/real_time",364625,383.156,382.371,ns,,,"1x64x372",,,4,1,16,372,1,64,4,1,16
"dot/dot_int8_int8_int32_1x16x4_1x16x4_avx512/128/4/real_time",5803147,24.1516,24.1053,ns,,,"1x128x4",,,4,1,16,4,1,128,4,1,16
"dot/dot_int8_int8_int32_1x16x4_1x16x4_avx512/128/44/real_time",1494424,93.6898,93.5073,ns,,,"1x128x44",,,4,1,16,44,1,128,4,1,16
"dot/dot_int8_int8_int32_1x16x4_1x16x4_avx512/128/92/real_time",732024,191.094,190.718,ns,,,"1x128x92",,,4,1,16,92,1,128,4,1,16
"dot/dot_int8_int8_int32_1x16x4_1x16x4_avx512/128/136/real_time",491448,285.233,284.639,ns,,,"1x128x136",,,4,1,16,136,1,128,4,1,16
"dot/dot_int8_int8_int32_1x16x4_1x16x4_avx512/128/184/real_time",366086,382.764,382.013,ns,,,"1x128x184",,,4,1,16,184,1,128,4,1,16
"dot/dot_int8_int8_int32_8x16x4_1x16x4_avx512/16/4/real_time",8540653,16.4225,16.3854,ns,,,"8x16x4",,,4,8,16,4,8,16,4,1,16
"dot/dot_int8_int8_int32_8x16x4_1x16x4_avx512/16/248/real_time",370030,378.251,377.493,ns,,,"8x16x248",,,4,8,16,248,8,16,4,1,16
"dot/dot_int8_int8_int32_8x16x4_1x16x4_avx512/16/500/real_time",184872,757.868,756.353,ns,,,"8x16x500",,,4,8,16,500,8,16,4,1,16
"dot/dot_int8_int8_int32_8x16x4_1x16x4_avx512/16/748/real_time",123773,1130.97,1128.66,ns,,,"8x16x748",,,4,8,16,748,8,16,4,1,16
"dot/dot_int8_int8_int32_8x16x4_1x16x4_avx512/16/1000/real_time",92667,1510.03,1507.11,ns,,,"8x16x1000",,,4,8,16,1000,8,16,4,1,16
"dot/dot_int8_int8_int32_8x16x4_1x16x4_avx512/32/4/real_time",5856306,23.9204,23.8676,ns,,,"8x32x4",,,4,8,16,4,8,32,4,1,16
"dot/dot_int8_int8_int32_8x16x4_1x16x4_avx512/32/144/real_time",316169,442.88,442,ns,,,"8x32x144",,,4,8,16,144,8,32,4,1,16
"dot/dot_int8_int8_int32_8x16x4_1x16x4_avx512/32/292/real_time",157295,891.533,889.753,ns,,,"8x32x292",,,4,8,16,292,8,32,4,1,16
"dot/dot_int8_int8_int32_8x16x4_1x16x4_avx512/32/440/real_time",105029,1332.42,1329.86,ns,,,"8x32x440",,,4,8,16,440,8,32,4,1,16
"dot/dot_int8_int8_int32_8x16x4_1x16x4_avx512/32/588/real_time",78637,1779.71,1776.24,ns,,,"8x32x588",,,4,8,16,588,8,32,4,1,16
"dot/dot_int8_int8_int32_8x16x4_1x16x4_avx512/64/4/real_time",3123622,44.225,44.1218,ns,,,"8x64x4",,,4,8,16,4,8,64,4,1,16
"dot/dot_int8_int8_int32_8x16x4_1x16x4_avx512/64/76/real_time",294277,475.548,474.614,ns,,,"8x64x76",,,4,8,16,76,8,64,4,1,16
"dot/dot_int8_int8_int32_8x16x4_1x16x4_avx512/64/156/real_time",146338,956.718,954.959,ns,,,"8x64x156",,,4,8,16,156,8,64,4,1,16
"dot/dot_int8_int8_int32_8x16x4_1x16x4_avx512/64/232/real_time",86789,1414.1,1411.26,ns,,,"8x64x232",,,4,8,16,232,8,64,4,1,16
"dot/dot_int8_int8_int32_8x16x4_1x16x4_avx512/64/312/real_time",73776,1900.3,1896.42,ns,,,"8x64x312",,,4,8,16,312,8,64,4,1,16
"dot/dot_int8_int8_int32_8x16x4_1x16x4_avx512/128/4/real_time",1674533,83.3951,83.2294,ns,,,"8x128x4",,,4,8,16,4,8,128,4,1,16
"dot/dot_int8_int8_int32_8x16x4_1x16x4_avx512/128/36/real_time",298246,469.243,468.318,ns,,,"8x128x36",,,4,8,16,36,8,128,4,1,16
"dot/dot_int8_int8_int32_8x16x4_1x16x4_avx512/128/72/real_time",155220,901.862,900.094,ns,,,"8x128x72",,,4,8,16,72,8,128,4,1,16
"dot/dot_int8_int8_int32_8x16x4_1x16x4_avx512/128/108/real_time",104888,1334.94,1332.27,ns,,,"8x128x108",,,4,8,16,108,8,128,4,1,16
"dot/dot_int8_int8_int32_8x16x4_1x16x4_avx512/128/148/real_time",76858,1822.14,1818.58,ns,,,"8x128x148",,,4,8,16,148,8,128,4,1,16
"dot/dot_int8_int8_int32_12x16x4_1x16x4_avx512/16/4/real_time",5636705,24.835,24.783,ns,,,"12x16x4",,,4,12,16,4,12,16,4,1,16
"dot/dot_int8_int8_int32_12x16x4_1x16x4_avx512/16/212/real_time",296432,479.605,478.651,ns,,,"12x16x212",,,4,12,16,212,12,16,4,1,16
"dot/dot_int8_int8_int32_12x16x4_1x16x4_avx512/16/424/real_time",150222,931.475,929.677,ns,,,"12x16x424",,,4,12,16,424,12,16,4,1,16
"dot/dot_int8_int8_int32_12x16x4_1x16x4_avx512/16/636/real_time",100470,1394.13,1391.47,ns,,,"12x16x636",,,4,12,16,636,12,16,4,1,16
"dot/dot_int8_int8_int32_12x16x4_1x16x4_avx512/16/848/real_time",75535,1852.89,1849.37,ns,,,"12x16x848",,,4,12,16,848,12,16,4,1,16
"dot/dot_int8_int8_int32_12x16x4_1x16x4_avx512/32/4/real_time",3585131,40.552,40.4679,ns,,,"12x32x4",,,4,12,16,4,12,32,4,1,16
"dot/dot_int8_int8_int32_12x16x4_1x16x4_avx512/32/128/real_time",243802,574.559,573.368,ns,,,"12x32x128",,,4,12,16,128,12,32,4,1,16
"dot/dot_int8_int8_int32_12x16x4_1x16x4_avx512/32/260/real_time",122048,1147.41,1145.21,ns,,,"12x32x260",,,4,12,16,260,12,32,4,1,16
"dot/dot_int8_int8_int32_12x16x4_1x16x4_avx512/32/388/real_time",82267,1704.09,1700.93,ns,,,"12x32x388",,,4,12,16,388,12,32,4,1,16
"dot/dot_int8_int8_int32_12x16x4_1x16x4_avx512/32/520/real_time",61405,2284,2279.19,ns,,,"12x32x520",,,4,12,16,520,12,32,4,1,16
"dot/dot_int8_int8_int32_12x16x4_1x16x4_avx512/64/4/real_time",2123122,66.1184,65.9895,ns,,,"12x64x4",,,4,12,16,4,12,64,4,1,16
"dot/dot_int8_int8_int32_12x16x4_1x16x4_avx512/64/68/real_time",225128,621.849,620.526,ns,,,"12x64x68",,,4,12,16,68,12,64,4,1,16
"dot/dot_int8_int8_int32_12x16x4_1x16x4_avx512/64/140/real_time",112078,1247.59,1244.66,ns,,,"12x64x140",,,4,12,16,140,12,64,4,1,16
"dot/dot_int8_int8_int32_12x16x4_1x16x4_avx512/64/208/real_time",76132,1838.49,1834.08,ns,,,"12x64x208",,,4,12,16,208,12,64,4,1,16
"dot/dot_int8_int8_int32_12x16x4_1x16x4_avx512/64/280/real_time",56770,2467.91,2457.96,ns,,,"12x64x280",,,4,12,16,280,12,64,4,1,16
"dot/dot_int8_int8_int32_12x16x4_1x16x4_avx512/128/4/real_time",1115774,122.533,122.275,ns,,,"12x128x4",,,4,12,16,4,12,128,4,1,16
"dot/dot_int8_int8_int32_12x16x4_1x16x4_avx512/128/32/real_time",228133,612.022,610.709,ns,,,"12x128x32",,,4,12,16,32,12,128,4,1,16
"dot/dot_int8_int8_int32_12x16x4_1x16x4_avx512/128/64/real_time",119780,1168.15,1165.78,ns,,,"12x128x64",,,4,12,16,64,12,128,4,1,16
"dot/dot_int8_int8_int32_12x16x4_1x16x4_avx512/128/96/real_time",81157,1726.23,1720.95,ns,,,"12x128x96",,,4,12,16,96,12,128,4,1,16
"dot/dot_int8_int8_int32_12x16x4_1x16x4_avx512/128/128/real_time",61306,2285,2279.83,ns,,,"12x128x128",,,4,12,16,128,12,128,4,1,16
"dot/dot_int8_int8_int32_1x64x2_1x16x1_avx512/64/2/real_time",15062129,9.28813,9.26659,ns,,,"1x64x2",,,2,1,64,2,1,64,1,1,16
"dot/dot_int8_int8_int32_1x64x2_1x16x1_avx512/64/92/real_time",622245,224.747,224.216,ns,,,"1x64x92",,,2,1,64,92,1,64,1,1,16
"dot/dot_int8_int8_int32_1x64x2_1x16x1_avx512/64/186/real_time",316537,442.004,441.01,ns,,,"1x64x186",,,2,1,64,186,1,64,1,1,16
"dot/dot_int8_int8_int32_1x64x2_1x16x1_avx512/64/280/real_time",203688,668.539,667.124,ns,,,"1x64x280",,,2,1,64,280,1,64,1,1,16
"dot/dot_int8_int8_int32_1x64x2_1x16x1_avx512/64/374/real_time",127016,898.183,896.378,ns,,,"1x64x374",,,2,1,64,374,1,64,1,1,16
"dot/dot_int8_int8_int32_1x64x2_1x16x1_avx512/128/2/real_time",10140631,13.6691,13.6381,ns,,,"1x128x2",,,2,1,64,2,1,128,1,1,16
"dot/dot_int8_int8_int32_1x64x2_1x16x1_avx512/128/46/real_time",622564,224.802,224.287,ns,,,"1x128x46",,,2,1,64,46,1,128,1,1,16
"dot/dot_int8_int8_int32_1x64x2_1x16x1_avx512/128/92/real_time",311321,449.372,448.425,ns,,,"1x128x92",,,2,1,64,92,1,128,1,1,16
"dot/dot_int8_int8_int32_1x64x2_1x16x1_avx512/128/138/real_time",207478,674.599,673.076,ns,,,"1x128x138",,,2,1,64,138,1,128,1,1,16
"dot/dot_int8_int8_int32_1x64x2_1x16x1_avx512/128/186/real_time",154581,883.71,881.862,ns,,,"1x128x186",,,2,1,64,186,1,128,1,1,16
"dot/dot_int8_int8_int32_1x64x2_1x16x1_avx512/256/2/real_time",6431830,21.8565,21.8018,ns,,,"1x256x2",,,2,1,64,2,1,256,1,1,16
"dot/dot_int8_int8_int32_1x64x2_1x16x1_avx512/256/22/real_time",651448,211.341,210.68,ns,,,"1x256x22",,,2,1,64,22,1,256,1,1,16
"dot/dot_int8_int8_int32_1x64x2_1x16x1_avx512/256/44/real_time",334777,418.135,417.274,ns,,,"1x256x44",,,2,1,64,44,1,256,1,1,16
"dot/dot_int8_int8_int32_1x64x2_1x16x1_avx512/256/66/real_time",223206,627.052,625.842,ns,,,"1x256x66",,,2,1,64,66,1,256,1,1,16
"dot/dot_int8_int8_int32_1x64x2_1x16x1_avx512/256/90/real_time",163709,855.208,853.394,ns,,,"1x256x90",,,2,1,64,90,1,256,1,1,16
"dot/dot_int8_int8_int32_1x64x2_1x16x1_avx512/512/2/real_time",3556448,39.3636,39.2737,ns,,,"1x512x2",,,2,1,64,2,1,512,1,1,16
"dot/dot_int8_int8_int32_1x64x2_1x16x1_avx512/512/10/real_time",714998,195.537,195.084,ns,,,"1x512x10",,,2,1,64,10,1,512,1,1,16
"dot/dot_int8_int8_int32_1x64x2_1x16x1_avx512/512/20/real_time",358322,390.774,389.993,ns,,,"1x512x20",,,2,1,64,20,1,512,1,1,16
"dot/dot_int8_int8_int32_1x64x2_1x16x1_avx512/512/30/real_time",238841,586.143,584.851,ns,,,"1x512x30",,,2,1,64,30,1,512,1,1,16
"dot/dot_int8_int8_int32_1x64x2_1x16x1_avx512/512/42/real_time",170591,820.809,818.837,ns,,,"1x512x42",,,2,1,64,42,1,512,1,1,16
"dot/dot_int8_int8_int32_2x64x2_1x16x1_avx512/64/2/real_time",11624062,12.1212,12.0939,ns,,,"2x64x2",,,2,2,64,2,2,64,1,1,16
"dot/dot_int8_int8_int32_2x64x2_1x16x1_avx512/64/90/real_time",517842,270.371,269.789,ns,,,"2x64x90",,,2,2,64,90,2,64,1,1,16
"dot/dot_int8_int8_int32_2x64x2_1x16x1_avx512/64/182/real_time",256158,537.002,535.82,ns,,,"2x64x182",,,2,2,64,182,2,64,1,1,16
"dot/dot_int8_int8_int32_2x64x2_1x16x1_avx512/64/272/real_time",176373,793.722,792.283,ns,,,"2x64x272",,,2,2,64,272,2,64,1,1,16
"dot/dot_int8_int8_int32_2x64x2_1x16x1_avx512/64/364/real_time",131788,1084.52,1082.21,ns,,,"2x64x364",,,2,2,64,364,2,64,1,1,16
"dot/dot_int8_int8_int32_2x64x2_1x16x1_avx512/128/2/real_time",7771118,18.284,18.2459,ns,,,"2x128x2",,,2,2,64,2,2,128,1,1,16
"dot/dot_int8_int8_int32_2x64x2_1x16x1_avx512/128/44/real_time",529428,264.464,263.839,ns,,,"2x128x44",,,2,2,64,44,2,128,1,1,16
"dot/dot_int8_int8_int32_2x64x2_1x16x1_avx512/128/90/real_time",259210,540.345,539.099,ns,,,"2x128x90",,,2,2,64,90,2,128,1,1,16
"dot/dot_int8_int8_int32_2x64x2_1x16x1_avx512/128/134/real_time",174086,804.487,802.554,ns,,,"2x128x134",,,2,2,64,134,2,128,1,1,16
"dot/dot_int8_int8_int32_2x64x2_1x16x1_avx512/128/180/real_time",129631,1062.73,1060.61,ns,,,"2x128x180",,,2,2,64,180,2,128,1,1,16
"dot/dot_int8_int8_int32_2x64x2_1x16x1_avx512/256/2/real_time",4665865,30.0932,30.024,ns,,,"2x256x2",,,2,2,64,2,2,256,1,1,16
"dot/dot_int8_int8_int32_2x64x2_1x16x1_avx512/256/20/real_time",581829,246.254,245.714,ns,,,"2x256x20",,,2,2,64,20,2,256,1,1,16
"dot/dot_int8_int8_int32_2x64x2_1x16x1_avx512/256/42/real_time",276998,504.262,503.133,ns,,,"2x256x42",,,2,2,64,42,2,256,1,1,16
"dot/dot_int8_int8_int32_2x64x2_1x16x1_avx512/256/64/real_time",182184,768.393,766.576,ns,,,"2x256x64",,,2,2,64,64,2,256,1,1,16
"dot/dot_int8_int8_int32_2x64x2_1x16x1_avx512/256/86/real_time",135738,1020.53,1018.43,ns,,,"2x256x86",,,2,2,64,86,2,256,1,1,16
"dot/dot_int8_int8_int32_2x64x2_1x16x1_avx512/512/2/real_time",2589896,54.0807,53.9625,ns,,,"2x512x2",,,2,2,64,2,2,512,1,1,16
"dot/dot_int8_int8_int32_2x64x2_1x16x1_avx512/512/8/real_time",726719,192.839,192.321,ns,,,"2x512x8",,,2,2,64,8,2,512,1,1,16
"dot/dot_int8_int8_int32_2x64x2_1x16x1_avx512/512/18/real_time",323937,426.592,425.666,ns,,,"2x512x18",,,2,2,64,18,2,512,1,1,16
"dot/dot_int8_int8_int32_2x64x2_1x16x1_avx512/512/28/real_time",214133,653.728,652.392,ns,,,"2x512x28",,,2,2,64,28,2,512,1,1,16
"dot/dot_int8_int8_int32_2x64x2_1x16x1_avx512/512/38/real_time",157800,886.832,885.191,ns,,,"2x512x38",,,2,2,64,38,2,512,1,1,16
"dot/dot_int8_int8_int32_3x64x2_1x16x1_avx512/64/2/real_time",9977634,13.9416,13.916,ns,,,"3x64x2",,,2,3,64,2,3,64,1,1,16
"dot/dot_int8_int8_int32_3x64x2_1x16x1_avx512/64/88/real_time",431418,324.537,323.841,ns,,,"3x64x88",,,2,3,64,88,3,64,1,1,16
"dot/dot_int8_int8_int32_3x64x2_1x16x1_avx512/64/176/real_time",216049,648.136,646.839,ns,,,"3x64x176",,,2,3,64,176,3,64,1,1,16
"dot/dot_int8_int8_int32_3x64x2_1x16x1_avx512/64/264/real_time",144042,971.911,969.824,ns,,,"3x64x264",,,2,3,64,264,3,64,1,1,16
"dot/dot_int8_int8_int32_3x64x2_1x16x1_avx512/64/354/real_time",107309,1302.91,1300.26,ns,,,"3x64x354",,,2,3,64,354,3,64,1,1,16
"dot/dot_int8_int8_int32_3x64x2_1x16x1_avx512/128/2/real_time",6821664,20.4914,20.4463,ns,,,"3x128x2",,,2,3,64,2,3,128,1,1,16
"dot/dot_int8_int8_int32_3x64x2_1x16x1_avx512/128/42/real_time",439826,316.671,316.03,ns,,,"3x128x42",,,2,3,64,42,3,128,1,1,16
"dot/dot_int8_int8_int32_3x64x2_1x16x1_avx512/128/86/real_time",221073,633.368,632.04,ns,,,"3x128x86",,,2,3,64,86,3,128,1,1,16
"dot/dot_int8_int8_int32_3x64x2_1x16x1_avx512/128/130/real_time",146286,957.342,955.109,ns,,,"3x128x130",,,2,3,64,130,3,128,1,1,16
"dot/dot_int8_int8_int32_3x64x2_1x16x1_avx512/128/174/real_time",109229,1280.97,1278.11,ns,,,"3x128x174",,,2,3,64,174,3,128,1,1,16
"dot/dot_int8_int8_int32_3x64x2_1x16x1_avx512/256/2/real_time",4048611,34.5521,34.4778,ns,,,"3x256x2",,,2,3,64,2,3,256,1,1,16
"dot/dot_int8_int8_int32_3x64x2_1x16x1_avx512/256/20/real_time",461760,296.115,295.505,ns,,,"3x256x20",,,2,3,64,20,3,256,1,1,16
"dot/dot_int8_int8_int32_3x64x2_1x16x1_avx512/256/40/real_time",237582,589.008,587.807,ns,,,"3x256x40",,,2,3,64,40,3,256,1,1,16
"dot/dot_int8_int8_int32_3x64x2_1x16x1_avx512/256/60/real_time",158490,883.246,881.447,ns,,,"3x256x60",,,2,3,64,60,3,256,1,1,16
"dot/dot_int8_int8_int32_3x64x2_1x16x1_avx512/256/82/real_time",115883,1206.85,1204.56,ns,,,"3x256x82",,,2,3,64,82,3,256,1,1,16
"dot/dot_int8_int8_int32_3x64x2_1x16x1_avx512/512/2/real_time",2219488,63.0723,62.9285,ns,,,"3x512x2",,,2,3,64,2,3,512,1,1,16
"dot/dot_int8_int8_int32_3x64x2_1x16x1_avx512/512/8/real_time",527466,238.426,237.951,ns,,,"3x512x8",,,2,3,64,8,3,512,1,1,16
"dot/dot_int8_int8_int32_3x64x2_1x16x1_avx512/512/16/real_time",297390,470.876,469.944,ns,,,"3x512x16",,,2,3,64,16,3,512,1,1,16
"dot/dot_int8_int8_int32_3x64x2_1x16x1_avx512/512/24/real_time",198226,719.206,717.724,ns,,,"3x512x24",,,2,3,64,24,3,512,1,1,16
"dot/dot_int8_int8_int32_3x64x2_1x16x1_avx512/512/34/real_time",139917,1000.61,998.669,ns,,,"3x512x34",,,2,3,64,34,3,512,1,1,16
"dot/dot_int8_int8_int32_1x32x2_1x16x1_avx512/32/2/real_time",17018336,8.25699,8.24142,ns,,,"1x32x2",,,2,1,32,2,1,32,1,1,16
"dot/dot_int8_int8_int32_1x32x2_1x16x1_avx512/32/184/real_time",569744,244.871,244.293,ns,,,"1x32x184",,,2,1,32,184,1,32,1,1,16
"dot/dot_int8_int8_int32_1x32x2_1x16x1_avx512/32/370/real_time",286340,488.832,487.863,ns,,,"1x32x370",,,2,1,32,370,1,32,1,1,16
"dot/dot_int8_int8_int32_1x32x2_1x16x1_avx512/32/554/real_time",190337,743.558,742.003,ns,,,"1x32x554",,,2,1,32,554,1,32,1,1,16
"dot/dot_int8_int8_int32_1x32x2_1x16x1_avx512/32/740/real_time",117713,1119.03,1116.61,ns,,,"1x32x740",,,2,1,32,740,1,32,1,1,16
"dot/dot_int8_int8_int32_1x32x2_1x16x1_avx512/64/2/real_time",10340553,12.499,12.4716,ns,,,"1x64x2",,,2,1,32,2,1,64,1,1,16
"dot/dot_int8_int8_int32_1x32x2_1x16x1_avx512/64/92/real_time",576703,242.753,242.279,ns,,,"1x64x92",,,2,1,32,92,1,64,1,1,16
"dot/dot_int8_int8_int32_1x32x2_1x16x1_avx512/64/186/real_time",285315,490.929,489.833,ns,,,"1x64x186",,,2,1,32,186,1,64,1,1,16
"dot/dot_int8_int8_int32_1x32x2_1x16x1_avx512/64/280/real_time",183793,739.438,737.851,ns,,,"1x64x280",,,2,1,32,280,1,64,1,1,16
"dot/dot_int8_int8_int32_1x32x2_1x16x1_avx512/64/374/real_time",141858,986.736,984.92,ns,,,"1x64x374",,,2,1,32,374,1,64,1,1,16
"dot/dot_int8_int8_int32_1x32x2_1x16x1_avx512/128/2/real_time",7795979,18.0059,17.9721,ns,,,"1x128x2",,,2,1,32,2,1,128,1,1,16
"dot/dot_int8_int8_int32_1x32x2_1x16x1_avx512/128/46/real_time",576684,242.776,242.288,ns,,,"1x128x46",,,2,1,32,46,1,128,1,1,16
"dot/dot_int8_int8_int32_1x32x2_1x16x1_avx512/128/92/real_time",288374,485.482,484.565,ns,,,"1x128x92",,,2,1,32,92,1,128,1,1,16
"dot/dot_int8_int8_int32_1x32x2_1x16x1_avx512/128/138/real_time",184507,731.024,729.381,ns,,,"1x128x138",,,2,1,32,138,1,128,1,1,16
"dot/dot_int8_int8_int32_1x32x2_1x16x1_avx512/128/186/real_time",142063,985.293,983.308,ns,,,"1x128x186",,,2,1,32,186,1,128,1,1,16
"dot/dot_int8_int8_int32_1x32x2_1x16x1_avx512/256/2/real_time",4412986,31.5533,31.4801,ns,,,"1x256x2",,,2,1,32,2,1,256,1,1,16
"dot/dot_int8_int8_int32_1x32x2_1x16x1_avx512/256/22/real_time",586257,238.798,238.258,ns,,,"1x256x22",,,2,1,32,22,1,256,1,1,16
"dot/dot_int8_int8_int32_1x32x2_1x16x1_avx512/256/44/real_time",291962,480.939,479.847,ns,,,"1x256x44",,,2,1,32,44,1,256,1,1,16
"dot/dot_int8_int8_int32_1x32x2_1x16x1_avx512/256/66/real_time",194359,708.813,707.333,ns,,,"1x256x66",,,2,1,32,66,1,256,1,1,16
"dot/dot_int8_int8_int32_1x32x2_1x16x1_avx512/256/90/real_time",146790,953.837,951.918,ns,,,"1x256x90",,,2,1,32,90,1,256,1,1,16
"dot/dot_int8_int8_int32_4x32x2_1x16x1_avx512/32/2/real_time",10570251,13.254,13.2268,ns,,,"4x32x2",,,2,4,32,2,4,32,1,1,16
"dot/dot_int8_int8_int32_4x32x2_1x16x1_avx512/32/166/real_time",328719,425.952,425.118,ns,,,"4x32x166",,,2,4,32,166,4,32,1,1,16
"dot/dot_int8_int8_int32_4x32x2_1x16x1_avx512/32/334/real_time",163286,853.751,852.178,ns,,,"4x32x334",,,2,4,32,334,4,32,1,1,16
"dot/dot_int8_int8_int32_4x32x2_1x16x1_avx512/32/500/real_time",109161,1282.38,1279.91,ns,,,"4x32x500",,,2,4,32,500,4,32,1,1,16
"dot/dot_int8_int8_int32_4x32x2_1x16x1_avx512/32/668/real_time",81858,1710.83,1707.6,ns,,,"4x32x668",,,2,4,32,668,4,32,1,1,16
"dot/dot_int8_int8_int32_4x32x2_1x16x1_avx512/64/2/real_time",6933657,20.1218,20.0858,ns,,,"4x64x2",,,2,4,32,2,4,64,1,1,16
"dot/dot_int8_int8_int32_4x32x2_1x16x1_avx512/64/86/real_time",317370,441.147,440.31,ns,,,"4x64x86",,,2,4,32,86,4,64,1,1,16
"dot/dot_int8_int8_int32_4x32x2_1x16x1_avx512/64/172/real_time",159075,879.845,878.135,ns,,,"4x64x172",,,2,4,32,172,4,64,1,1,16
"dot/dot_int8_int8_int32_4x32x2_1x16x1_avx512/64/258/real_time",106222,1340.2,1337.44,ns,,,"4x64x258",,,2,4,32,258,4,64,1,1,16
"dot/dot_int8_int8_int32_4x32x2_1x16x1_avx512/64/346/real_time",79182,1770.56,1767.06,ns,,,"4x64x346",,,2,4,32,346,4,64,1,1,16
"dot/dot_int8_int8_int32_4x32x2_1x16x1_avx512/128/2/real_time",4164112,33.8145,33.74,ns,,,"4x128x2",,,2,4,32,2,4,128,1,1,16
"dot/dot_int8_int8_int32_4x32x2_1x16x1_avx512/128/42/real_time",318240,430.877,430.039,ns,,,"4x128x42",,,2,4,32,42,4,128,1,1,16
"dot/dot_int8_int8_int32_4x32x2_1x16x1_avx512/128/84/real_time",162889,859.241,857.638,ns,,,"4x128x84",,,2,4,32,84,4,128,1,1,16
"dot/dot_int8_int8_int32_4x32x2_1x16x1_avx512/128/126/real_time",108222,1294.14,1291.77,ns,,,"4x128x126",,,2,4,32,126,4,128,1,1,16
"dot/dot_int8_int8_int32_4x32x2_1x16x1_avx512/128/170/real_time",79935,1749.97,1746.64,ns,,,"4x128x170",,,2,4,32,170,4,128,1,1,16
"dot/dot_int8_int8_int32_4x32x2_1x16x1_avx512/256/2/real_time",2359250,59.318,59.1808,ns,,,"4x256x2",,,2,4,32,2,4,256,1,1,16
"dot/dot_int8_int8_int32_4x32x2_1x16x1_avx512/256/18/real_time",368599,379.999,379.176,ns,,,"4x256x18",,,2,4,32,18,4,256,1,1,16
"dot/dot_int8_int8_int32_4x32x2_1x16x1_avx512/256/38/real_time",175062,786.245,784.542,ns,,,"4x256x38",,,2,4,32,38,4,256,1,1,16
"dot/dot_int8_int8_int32_4x32x2_1x16x1_avx512/256/58/real_time",117399,1192.06,1189.73,ns,,,"4x256x58",,,2,4,32,58,4,256,1,1,16
"dot/dot_int8_int8_int32_4x32x2_1x16x1_avx512/256/78/real_time",87497,1604.75,1601.76,ns,,,"4x256x78",,,2,4,32,78,4,256,1,1,16
"dot/dot_int8_int8_int32_5x32x2_1x16x1_avx512/32/2/real_time",9273640,15.0087,14.9787,ns,,,"5x32x2",,,2,5,32,2,5,32,1,1,16
"dot/dot_int8_int8_int32_5x32x2_1x16x1_avx512/32/160/real_time",285918,489.628,488.685,ns,,,"5x32x160",,,2,5,32,160,5,32,1,1,16
"dot/dot_int8_int8_int32_5x32x2_1x16x1_avx512/32/322/real_time",142272,982.792,981.047,ns,,,"5x32x322",,,2,5,32,322,5,32,1,1,16
"dot/dot_int8_int8_int32_5x32x2_1x16x1_avx512/32/484/real_time",94532,1481.18,1477.96,ns,,,"5x32x484",,,2,5,32,484,5,32,1,1,16
"dot/dot_int8_int8_int32_5x32x2_1x16x1_avx512/32/646/real_time",70860,1973.97,1969.93,ns,,,"5x32x646",,,2,5,32,646,5,32,1,1,16
"dot/dot_int8_int8_int32_5x32x2_1x16x1_avx512/64/2/real_time",5968791,23.4671,23.4199,ns,,,"5x64x2",,,2,5,32,2,5,64,1,1,16
"dot/dot_int8_int8_int32_5x32x2_1x16x1_avx512/64/84/real_time",272307,514.054,512.912,ns,,,"5x64x84",,,2,5,32,84,5,64,1,1,16
"dot/dot_int8_int8_int32_5x32x2_1x16x1_avx512/64/168/real_time",136553,1025.16,1023.17,ns,,,"5x64x168",,,2,5,32,168,5,64,1,1,16
"dot/dot_int8_int8_int32_5x32x2_1x16x1_avx512/64/252/real_time",91097,1536.88,1533.79,ns,,,"5x64x252",,,2,5,32,252,5,64,1,1,16
"dot/dot_int8_int8_int32_5x32x2_1x16x1_avx512/64/336/real_time",68297,2063.76,2059.66,ns,,,"5x64x336",,,2,5,32,336,5,64,1,1,16
"dot/dot_int8_int8_int32_5x32x2_1x16x1_avx512/128/2/real_time",3733902,38.2144,38.1273,ns,,,"5x128x2",,,2,5,32,2,5,128,1,1,16
"dot/dot_int8_int8_int32_5x32x2_1x16x1_avx512/128/40/real_time",286202,489.09,488.128,ns,,,"5x128x40",,,2,5,32,40,5,128,1,1,16
"dot/dot_int8_int8_int32_5x32x2_1x16x1_avx512/128/82/real_time",139983,1001.59,999.62,ns,,,"5x128x82",,,2,5,32,82,5,128,1,1,16
"dot/dot_int8_int8_int32_5x32x2_1x16x1_avx512/128/122/real_time",93628,1495.82,1492.71,ns,,,"5x128x122",,,2,5,32,122,5,128,1,1,16
"dot/dot_int8_int8_int32_5x32x2_1x16x1_avx512/128/164/real_time",69694,2003.28,1998.93,ns,,,"5x128x164",,,2,5,32,164,5,128,1,1,16
"dot/dot_int8_int8_int32_5x32x2_1x16x1_avx512/256/2/real_time",2087782,67.0423,66.8741,ns,,,"5x256x2",,,2,5,32,2,5,256,1,1,16
"dot/dot_int8_int8_int32_5x32x2_1x16x1_avx512/256/18/real_time",310822,440.13,439.195,ns,,,"5x256x18",,,2,5,32,18,5,256,1,1,16
"dot/dot_int8_int8_int32_5x32x2_1x16x1_avx512/256/36/real_time",159138,879.242,877.437,ns,,,"5x256x36",,,2,5,32,36,5,256,1,1,16
"dot/dot_int8_int8_int32_5x32x2_1x16x1_avx512/256/54/real_time",105697,1320.77,1318.14,ns,,,"5x256x54",,,2,5,32,54,5,256,1,1,16
"dot/dot_int8_int8_int32_5x32x2_1x16x1_avx512/256/74/real_time",77187,1843.5,1839.39,ns,,,"5x256x74",,,2,5,32,74,5,256,1,1,16
"dot/dot_int8_int8_int32_6x32x2_1x16x1_avx512/32/2/real_time",8561221,16.3034,16.2721,ns,,,"6x32x2",,,2,6,32,2,6,32,1,1,16
"dot/dot_int8_int8_int32_6x32x2_1x16x1_avx512/32/156/real_time",227969,547.066,545.863,ns,,,"6x32x156",,,2,6,32,156,6,32,1,1,16
"dot/dot_int8_int8_int32_6x32x2_1x16x1_avx512/32/312/real_time",127762,1104.53,1102.43,ns,,,"6x32x312",,,2,6,32,312,6,32,1,1,16
"dot/dot_int8_int8_int32_6x32x2_1x16x1_avx512/32/468/real_time",85479,1637.36,1633.89,ns,,,"6x32x468",,,2,6,32,468,6,32,1,1,16
"dot/dot_int8_int8_int32_6x32x2_1x16x1_avx512/32/626/real_time",64042,2187.27,2182.5,ns,,,"6x32x626",,,2,6,32,626,6,32,1,1,16
"dot/dot_int8_int8_int32_6x32x2_1x16x1_avx512/64/2/real_time",5362156,25.8663,25.815,ns,,,"6x64x2",,,2,6,32,2,6,64,1,1,16
"dot/dot_int8_int8_int32_6x32x2_1x16x1_avx512/64/82/real_time",243396,574.972,573.923,ns,,,"6x64x82",,,2,6,32,82,6,64,1,1,16
"dot/dot_int8_int8_int32_6x32x2_1x16x1_avx512/64/164/real_time",122146,1145.8,1143.59,ns,,,"6x64x164",,,2,6,32,164,6,64,1,1,16
"dot/dot_int8_int8_int32_6x32x2_1x16x1_avx512/64/246/real_time",81586,1716.13,1712.86,ns,,,"6x64x246",,,2,6,32,246,6,64,1,1,16
"dot/dot_int8_int8_int32_6x32x2_1x16x1_avx512/64/328/real_time",61083,2290.51,2286.02,ns,,,"6x64x328",,,2,6,32,328,6,64,1,1,16
"dot/dot_int8_int8_int32_6x32x2_1x16x1_avx512/128/2/real_time",3368865,41.5629,41.4695,ns,,,"6x128x2",,,2,6,32,2,6,128,1,1,16
"dot/dot_int8_int8_int32_6x32x2_1x16x1_avx512/128/40/real_time",249081,563.074,561.953,ns,,,"6x128x40",,,2,6,32,40,6,128,1,1,16
"dot/dot_int8_int8_int32_6x32x2_1x16x1_avx512/128/80/real_time",125027,1119.99,1117.76,ns,,,"6x128x80",,,2,6,32,80,6,128,1,1,16
"dot/dot_int8_int8_int32_6x32x2_1x16x1_avx512/128/120/real_time",83337,1699.21,1695.75,ns,,,"6x128x120",,,2,6,32,120,6,128,1,1,16
"dot/dot_int8_int8_int32_6x32x2_1x16x1_avx512/128/160/real_time",61451,2239.13,2234.75,ns,,,"6x128x160",,,2,6,32,160,6,128,1,1,16
"dot/dot_int8_int8_int32_6x32x2_1x16x1_avx512/256/2/real_time",1883033,74.379,74.2196,ns,,,"6x256x2",,,2,6,32,2,6,256,1,1,16
"dot/dot_int8_int8_int32_6x32x2_1x16x1_avx512/256/16/real_time",310572,450.86,449.964,ns,,,"6x256x16",,,2,6,32,16,6,256,1,1,16
"dot/dot_int8_int8_int32_6x32x2_1x16x1_avx512/256/34/real_time",147067,951.783,949.987,ns,,,"6x256x34",,,2,6,32,34,6,256,1,1,16
"dot/dot_int8_int8_int32_6x32x2_1x16x1_avx512/256/52/real_time",95907,1458.38,1455.54,ns,,,"6x256x52",,,2,6,32,52,6,256,1,1,16
"dot/dot_int8_int8_int32_6x32x2_1x16x1_avx512/256/70/real_time",71448,1961.49,1957.37,ns,,,"6x256x70",,,2,6,32,70,6,256,1,1,16
"dot/dot_int8_int8_int32_8x32x2_1x16x1_avx512/32/2/real_time",6545880,21.4266,21.3869,ns,,,"8x32x2",,,2,8,32,2,8,32,1,1,16
"dot/dot_int8_int8_int32_8x32x2_1x16x1_avx512/32/146/real_time",214874,651.428,650.124,ns,,,"8x32x146",,,2,8,32,146,8,32,1,1,16
"dot/dot_int8_int8_int32_8x32x2_1x16x1_avx512/32/294/real_time",107490,1303.68,1301.04,ns,,,"8x32x294",,,2,8,32,294,8,32,1,1,16
"dot/dot_int8_int8_int32_8x32x2_1x16x1_avx512/32/440/real_time",71899,1947.1,1943.37,ns,,,"8x32x440",,,2,8,32,440,8,32,1,1,16
"dot/dot_int8_int8_int32_8x32x2_1x16x1_avx512/32/588/real_time",53844,2598.81,2592.92,ns,,,"8x32x588",,,2,8,32,588,8,32,1,1,16
"dot/dot_int8_int8_int32_8x32x2_1x16x1_avx512/64/2/real_time",4409995,31.7374,31.6748,ns,,,"8x64x2",,,2,8,32,2,8,64,1,1,16
"dot/dot_int8_int8_int32_8x32x2_1x16x1_avx512/64/78/real_time",201177,695.961,694.59,ns,,,"8x64x78",,,2,8,32,78,8,64,1,1,16
"dot/dot_int8_int8_int32_8x32x2_1x16x1_avx512/64/156/real_time",101278,1381.91,1379.17,ns,,,"8x64x156",,,2,8,32,156,8,64,1,1,16
"dot/dot_int8_int8_int32_8x32x2_1x16x1_avx512/64/234/real_time",67663,2068.37,2064.3,ns,,,"8x64x234",,,2,8,32,234,8,64,1,1,16
"dot/dot_int8_int8_int32_8x32x2_1x16x1_avx512/64/312/real_time",50746,2758.47,2752.9,ns,,,"8x64x312",,,2,8,32,312,8,64,1,1,16
"dot/dot_int8_int8_int32_8x32x2_1x16x1_avx512/128/2/real_time",2558904,54.6686,54.569,ns,,,"8x128x2",,,2,8,32,2,8,128,1,1,16
"dot/dot_int8_int8_int32_8x32x2_1x16x1_avx512/128/36/real_time",208192,644.659,643.41,ns,,,"8x128x36",,,2,8,32,36,8,128,1,1,16
"dot/dot_int8_int8_int32_8x32x2_1x16x1_avx512/128/74/real_time",106630,1312.99,1310.42,ns,,,"8x128x74",,,2,8,32,74,8,128,1,1,16
"dot/dot_int8_int8_int32_8x32x2_1x16x1_avx512/128/112/real_time",70668,1981.07,1977.27,ns,,,"8x128x112",,,2,8,32,112,8,128,1,1,16
"dot/dot_int8_int8_int32_8x32x2_1x16x1_avx512/128/150/real_time",52772,2661.46,2656.43,ns,,,"8x128x150",,,2,8,32,150,8,128,1,1,16
"dot/dot_int8_int8_int32_8x32x2_1x16x1_avx512/256/2/real_time",1458669,97.3189,97.107,ns,,,"8x256x2",,,2,8,32,2,8,256,1,1,16
"dot/dot_int8_int8_int32_8x32x2_1x16x1_avx512/256/14/real_time",274997,507.459,506.464,ns,,,"8x256x14",,,2,8,32,14,8,256,1,1,16
"dot/dot_int8_int8_int32_8x32x2_1x16x1_avx512/256/30/real_time",130879,1069.24,1067.19,ns,,,"8x256x30",,,2,8,32,30,8,256,1,1,16
"dot/dot_int8_int8_int32_8x32x2_1x16x1_avx512/256/46/real_time",85596,1636.24,1632.83,ns,,,"8x256x46",,,2,8,32,46,8,256,1,1,16
"dot/dot_int8_int8_int32_8x32x2_1x16x1_avx512/256/62/real_time",63601,2199.48,2195.35,ns,,,"8x256x62",,,2,8,32,62,8,256,1,1,16
"dot/dot_int8_int8_int32_16x16x2_1x16x1_avx512/16/2/real_time",3796162,36.4683,36.3992,ns,,,"16x16x2",,,2,16,16,2,16,16,1,1,16
"dot/dot_int8_int8_int32_16x16x2_1x16x1_avx512/16/184/real_time",143609,974.565,972.761,ns,,,"16x16x184",,,2,16,16,184,16,16,1,1,16
"dot/dot_int8_int8_int32_16x16x2_1x16x1_avx512/16/368/real_time",72731,1925.04,1921.12,ns,,,"16x16x368",,,2,16,16,368,16,16,1,1,16
"dot/dot_int8_int8_int32_16x16x2_1x16x1_avx512/16/552/real_time",48624,2878.76,2872.44,ns,,,"16x16x552",,,2,16,16,552,16,16,1,1,16
"dot/dot_int8_int8_int32_16x16x2_1x16x1_avx512/16/736/real_time",36568,3828.08,3820.57,ns,,,"16x16x736",,,2,16,16,736,16,16,1,1,16
"dot/dot_int8_int8_int32_16x16x2_1x16x1_avx512/32/2/real_time",2593032,54.624,54.5186,ns,,,"16x32x2",,,2,16,16,2,16,32,1,1,16
"dot/dot_int8_int8_int32_16x16x2_1x16x1_avx512/32/116/real_time",114099,1226.68,1224.32,ns,,,"16x32x116",,,2,16,16,116,16,32,1,1,16
"dot/dot_int8_int8_int32_16x16x2_1x16x1_avx512/32/234/real_time",57239,2445.1,2440.66,ns,,,"16x32x234",,,2,16,16,234,16,32,1,1,16
"dot/dot_int8_int8_int32_16x16x2_1x16x1_avx512/32/350/real_time",38417,3645.2,3638.25,ns,,,"16x32x350",,,2,16,16,350,16,32,1,1,16
"dot/dot_int8_int8_int32_16x16x2_1x16x1_avx512/32/468/real_time",28712,4876.3,4866.57,ns,,,"16x32x468",,,2,16,16,468,16,32,1,1,16
"dot/dot_int8_int8_int32_16x16x2_1x16x1_avx512/64/2/real_time",1541566,90.932,90.737,ns,,,"16x64x2",,,2,16,16,2,16,64,1,1,16
"dot/dot_int8_int8_int32_16x16x2_1x16x1_avx512/64/64/real_time",103066,1359.04,1356.26,ns,,,"16x64x64",,,2,16,16,64,16,64,1,1,16
"dot/dot_int8_int8_int32_16x16x2_1x16x1_avx512/64/128/real_time",52145,2683.48,2678.34,ns,,,"16x64x128",,,2,16,16,128,16,64,1,1,16
"dot/dot_int8_int8_int32_16x16x2_1x16x1_avx512/64/192/real_time",34938,4006.38,3997.99,ns,,,"16x64x192",,,2,16,16,192,16,64,1,1,16
"dot/dot_int8_int8_int32_16x16x2_1x16x1_avx512/64/256/real_time",26269,5327.83,5317.04,ns,,,"16x64x256",,,2,16,16,256,16,64,1,1,16
"dot/dot_int8_int8_int32_16x16x2_1x16x1_avx512/128/2/real_time",818272,171.228,170.896,ns,,,"16x128x2",,,2,16,16,2,16,128,1,1,16
"dot/dot_int8_int8_int32_16x16x2_1x16x1_avx512/128/28/real_time",114342,1224.1,1221.58,ns,,,"16x128x28",,,2,16,16,28,16,128,1,1,16
"dot/dot_int8_int8_int32_16x16x2_1x16x1_avx512/128/56/real_time",59111,2369.51,2364.6,ns,,,"16x128x56",,,2,16,16,56,16,128,1,1,16
"dot/dot_int8_int8_int32_16x16x2_1x16x1_avx512/128/84/real_time",37241,3532.33,3524.64,ns,,,"16x128x84",,,2,16,16,84,16,128,1,1,16
"dot/dot_int8_int8_int32_16x16x2_1x16x1_avx512/128/112/real_time",29866,4689.48,4679.61,ns,,,"16x128x112",,,2,16,16,112,16,128,1,1,16
"dot/dot_int8_int8_int32_1x32x16_1x4x16_avx512/32/16/real_time",7728501,18.1205,18.0829,ns,,,"1x32x16",,,16,1,32,16,1,32,16,1,4
"dot/dot_int8_int8_int32_1x32x16_1x4x16_avx512/32/176/real_time",1612263,86.8892,86.7123,ns,,,"1x32x176",,,16,1,32,176,1,32,16,1,4
"dot/dot_int8_int8_int32_1x32x16_1x4x16_avx512/32/368/real_time",822728,172.503,172.137,ns,,,"1x32x368",,,16,1,32,368,1,32,16,1,4
"dot/dot_int8_int8_int32_1x32x16_1x4x16_avx512/32/544/real_time",567355,247.505,246.984,ns,,,"1x32x544",,,16,1,32,544,1,32,16,1,4
"dot/dot_int8_int8_int32_1x32x16_1x4x16_avx512/32/736/real_time",423876,330.294,329.571,ns,,,"1x32x736",,,16,1,32,736,1,32,16,1,4
"dot/dot_int8_int8_int32_1x32x16_1x4x16_avx512/64/16/real_time",4150457,33.7852,33.7214,ns,,,"1x64x16",,,16,1,32,16,1,64,16,1,4
"dot/dot_int8_int8_int32_1x32x16_1x4x16_avx512/64/80/real_time",1549777,90.3519,90.1788,ns,,,"1x64x80",,,16,1,32,80,1,64,16,1,4
"dot/dot_int8_int8_int32_1x32x16_1x4x16_avx512/64/176/real_time",806281,174.295,173.94,ns,,,"1x64x176",,,16,1,32,176,1,64,16,1,4
"dot/dot_int8_int8_int32_1x32x16_1x4x16_avx512/64/272/real_time",544613,257.554,257.057,ns,,,"1x64x272",,,16,1,32,272,1,64,16,1,4
"dot/dot_int8_int8_int32_1x32x16_1x4x16_avx512/64/368/real_time",408448,341.077,340.415,ns,,,"1x64x368",,,16,1,32,368,1,64,16,1,4
"dot/dot_int8_int8_int32_1x32x16_1x4x16_avx512/128/16/real_time",2089540,66.9882,66.8594,ns,,,"1x128x16",,,16,1,32,16,1,128,16,1,4
"dot/dot_int8_int8_int32_1x32x16_1x4x16_avx512/128/32/real_time",1435542,97.5185,97.3338,ns,,,"1x128x32",,,16,1,32,32,1,128,16,1,4
"dot/dot_int8_int8_int32_1x32x16_1x4x16_avx512/128/80/real_time",774311,180.726,180.389,ns,,,"1x128x80",,,16,1,32,80,1,128,16,1,4
"dot/dot_int8_int8_int32_1x32x16_1x4x16_avx512/128/128/real_time",530823,263.867,263.38,ns,,,"1x128x128",,,16,1,32,128,1,128,16,1,4
"dot/dot_int8_int8_int32_1x32x16_1x4x16_avx512/128/176/real_time",402726,347.926,347.263,ns,,,"1x128x176",,,16,1,32,176,1,128,16,1,4
"dot/dot_int8_int8_int32_1x32x16_1x4x16_avx512/256/16/real_time",1047010,133.794,133.537,ns,,,"1x256x16",,,16,1,32,16,1,256,16,1,4
"dot/dot_int8_int8_int32_1x32x16_1x4x16_avx512/256/32/real_time",717737,195.024,194.671,ns,,,"1x256x32",,,16,1,32,32,1,256,16,1,4
"dot/dot_int8_int8_int32_1x32x16_1x4x16_avx512/256/48/real_time",560912,249.279,248.787,ns,,,"1x256x48",,,16,1,32,48,1,256,16,1,4
"dot/dot_int8_int8_int32_1x32x16_1x4x16_avx512/256/80/real_time",387146,361.691,360.952,ns,,,"1x256x80",,,16,1,32,80,1,256,16,1,4
"dot/dot_int8_int8_int32_1x16x16_1x4x16_avx512/16/16/real_time",12871126,10.8868,10.8612,ns,,,"1x16x16",,,16,1,16,16,1,16,16,1,4
"dot/dot_int8_int8_int32_1x16x16_1x4x16_avx512/16/352/real_time",1629440,83.0548,82.889,ns,,,"1x16x352",,,16,1,16,352,1,16,16,1,4
"dot/dot_int8_int8_int32_1x16x16_1x4x16_avx512/16/720/real_time",858711,163.075,162.752,ns,,,"1x16x720",,,16,1,16,720,1,16,16,1,4
"dot/dot_int8_int8_int32_1x16x16_1x4x16_avx512/16/1072/real_time",583995,239.622,239.127,ns,,,"1x16x1072",,,16,1,16,1072,1,16,16,1,4
"dot/dot_int8_int8_int32_1x16x16_1x4x16_avx512/16/1440/real_time",438365,319.729,319.144,ns,,,"1x16x1440",,,16,1,16,1440,1,16,16,1,4
"dot/dot_int8_int8_int32_1x16x16_1x4x16_avx512/32/16/real_time",7861310,17.8279,17.791,ns,,,"1x32x16",,,16,1,16,16,1,32,16,1,4
"dot/dot_int8_int8_int32_1x16x16_1x4x16_avx512/32/176/real_time",1547947,90.4594,90.26,ns,,,"1x32x176",,,16,1,16,176,1,32,16,1,4
"dot/dot_int8_int8_int32_1x16x16_1x4x16_avx512/32/368/real_time",794010,176.48,176.107,ns,,,"1x32x368",,,16,1,16,368,1,32,16,1,4
"dot/dot_int8_int8_int32_1x16x16_1x4x16_avx512/32/544/real_time",548281,255.184,254.627,ns,,,"1x32x544",,,16,1,16,544,1,32,16,1,4
"dot/dot_int8_int8_int32_1x16x16_1x4x16_avx512/32/736/real_time",410115,332.344,331.713,ns,,,"1x32x736",,,16,1,16,736,1,32,16,1,4
"dot/dot_int8_int8_int32_1x16x16_1x4x16_avx512/64/16/real_time",3931448,35.5609,35.4926,ns,,,"1x64x16",,,16,1,16,16,1,64,16,1,4
"dot/dot_int8_int8_int32_1x16x16_1x4x16_avx512/64/80/real_time",1525310,91.7644,91.5947,ns,,,"1x64x80",,,16,1,16,80,1,64,16,1,4
"dot/dot_int8_int8_int32_1x16x16_1x4x16_avx512/64/176/real_time",801488,174.633,174.287,ns,,,"1x64x176",,,16,1,16,176,1,64,16,1,4
"dot/dot_int8_int8_int32_1x16x16_1x4x16_avx512/64/272/real_time",542408,258.112,257.601,ns,,,"1x64x272",,,16,1,16,272,1,64,16,1,4
"dot/dot_int8_int8_int32_1x16x16_1x4x16_avx512/64/368/real_time",409614,347.864,347.185,ns,,,"1x64x368",,,16,1,16,368,1,64,16,1,4
"dot/dot_int8_int8_int32_1x16x16_1x4x16_avx512/128/16/real_time",2097629,66.751,66.6173,ns,,,"1x128x16",,,16,1,16,16,1,128,16,1,4
"dot/dot_int8_int8_int32_1x16x16_1x4x16_avx512/128/32/real_time",1465134,95.5471,95.3607,ns,,,"1x128x32",,,16,1,16,32,1,128,16,1,4
"dot/dot_int8_int8_int32_1x16x16_1x4x16_avx512/128/80/real_time",767816,182.402,182.046,ns,,,"1x128x80",,,16,1,16,80,1,128,16,1,4
"dot/dot_int8_int8_int32_1x16x16_1x4x16_avx512/128/128/real_time",531650,263.172,262.687,ns,,,"1x128x128",,,16,1,16,128,1,128,16,1,4
"dot/dot_int8_int8_int32_1x16x16_1x4x16_avx512/128/176/real_time",402459,348.012,347.335,ns,,,"1x128x176",,,16,1,16,176,1,128,16,1,4
"dot/dot_int8_int8_int32_2x16x16_1x4x16_avx512/16/16/real_time",8235501,16.9956,16.9585,ns,,,"2x16x16",,,16,2,16,16,2,16,16,1,4
"dot/dot_int8_int8_int32_2x16x16_1x4x16_avx512/16/336/real_time",1056682,132.434,132.176,ns,,,"2x16x336",,,16,2,16,336,2,16,16,1,4
"dot/dot_int8_int8_int32_2x16x16_1x4x16_avx512/16/672/real_time",548193,258.261,257.746,ns,,,"2x16x672",,,16,2,16,672,2,16,16,1,4
"dot/dot_int8_int8_int32_2x16x16_1x4x16_avx512/16/1008/real_time",343660,378.193,377.492,ns,,,"2x16x1008",,,16,2,16,1008,2,16,16,1,4
"dot/dot_int8_int8_int32_2x16x16_1x4x16_avx512/16/1344/real_time",279327,501.163,500.196,ns,,,"2x16x1344",,,16,2,16,1344,2,16,16,1,4
"dot/dot_int8_int8_int32_2x16x16_1x4x16_avx512/32/16/real_time",4803267,29.1285,29.0725,ns,,,"2x32x16",,,16,2,16,16,2,32,16,1,4
"dot/dot_int8_int8_int32_2x16x16_1x4x16_avx512/32/176/real_time",948566,147.73,147.454,ns,,,"2x32x176",,,16,2,16,176,2,32,16,1,4
"dot/dot_int8_int8_int32_2x16x16_1x4x16_avx512/32/352/real_time",506120,276.595,276.061,ns,,,"2x32x352",,,16,2,16,352,2,32,16,1,4
"dot/dot_int8_int8_int32_2x16x16_1x4x16_avx512/32/528/real_time",345427,405.391,404.592,ns,,,"2x32x528",,,16,2,16,528,2,32,16,1,4
"dot/dot_int8_int8_int32_2x16x16_1x4x16_avx512/32/704/real_time",262180,533.768,532.813,ns,,,"2x32x704",,,16,2,16,704,2,32,16,1,4
"dot/dot_int8_int8_int32_2x16x16_1x4x16_avx512/64/16/real_time",2424733,59.9675,59.8345,ns,,,"2x64x16",,,16,2,16,16,2,64,16,1,4
"dot/dot_int8_int8_int32_2x16x16_1x4x16_avx512/64/80/real_time",744493,175.393,175.048,ns,,,"2x64x80",,,16,2,16,80,2,64,16,1,4
"dot/dot_int8_int8_int32_2x16x16_1x4x16_avx512/64/176/real_time",414835,313.66,313.045,ns,,,"2x64x176",,,16,2,16,176,2,64,16,1,4
"dot/dot_int8_int8_int32_2x16x16_1x4x16_avx512/64/256/real_time",339881,412.064,411.134,ns,,,"2x64x256",,,16,2,16,256,2,64,16,1,4
"dot/dot_int8_int8_int32_2x16x16_1x4x16_avx512/64/352/real_time",253567,552.111,551.063,ns,,,"2x64x352",,,16,2,16,352,2,64,16,1,4
"dot/dot_int8_int8_int32_2x16x16_1x4x16_avx512/128/16/real_time",1213701,115.352,115.135,ns,,,"2x128x16",,,16,2,16,16,2,128,16,1,4
"dot/dot_int8_int8_int32_2x16x16_1x4x16_avx512/128/32/real_time",788086,177.79,177.481,ns,,,"2x128x32",,,16,2,16,32,2,128,16,1,4
"dot/dot_int8_int8_int32_2x16x16_1x4x16_avx512/128/80/real_time",451431,310.347,309.746,ns,,,"2x128x80",,,16,2,16,80,2,128,16,1,4
"dot/dot_int8_int8_int32_2x16x16_1x4x16_avx512/128/128/real_time",311393,449.512,448.668,ns,,,"2x128x128",,,16,2,16,128,2,128,16,1,4
"dot/dot_int8_int8_int32_2x16x16_1x4x16_avx512/128/176/real_time",237071,590.381,589.242,ns,,,"2x128x176",,,16,2,16,176,2,128,16,1,4
"dot/dot_int8_int8_int32_1x8x16_1x4x16_avx512/8/16/real_time",15897306,8.78042,8.76348,ns,,,"1x8x16",,,16,1,8,16,1,8,16,1,4
"dot/dot_int8_int8_int32_1x8x16_1x4x16_avx512/8/672/real_time",1736099,80.8946,80.7238,ns,,,"1x8x672",,,16,1,8,672,1,8,16,1,4
"dot/dot_int8_int8_int32_1x8x16_1x4x16_avx512/8/1360/real_time",874155,163.844,163.522,ns,,,"1x8x1360",,,16,1,8,1360,1,8,16,1,4
"dot/dot_int8_int8_int32_1x8x16_1x4x16_avx512/8/2032/real_time",584216,238.31,237.812,ns,,,"1x8x2032",,,16,1,8,2032,1,8,16,1,4
"dot/dot_int8_int8_int32_1x8x16_1x4x16_avx512/8/2720/real_time",439622,317.498,316.881,ns,,,"1x8x2720",,,16,1,8,2720,1,8,16,1,4
"dot/dot_int8_int8_int32_1x8x16_1x4x16_avx512/16/16/real_time",9775813,12.9665,12.9359,ns,,,"1x16x16",,,16,1,8,16,1,16,16,1,4
"dot/dot_int8_int8_int32_1x8x16_1x4x16_avx512/16/352/real_time",1566956,89.4474,89.1892,ns,,,"1x16x352",,,16,1,8,352,1,16,16,1,4
"dot/dot_int8_int8_int32_1x8x16_1x4x16_avx512/16/720/real_time",787523,177.454,176.998,ns,,,"1x16x720",,,16,1,8,720,1,16,16,1,4
"dot/dot_int8_int8_int32_1x8x16_1x4x16_avx512/16/1072/real_time",535577,262.026,261.358,ns,,,"1x16x1072",,,16,1,8,1072,1,16,16,1,4
"dot/dot_int8_int8_int32_1x8x16_1x4x16_avx512/16/1440/real_time",400399,350.216,349.379,ns,,,"1x16x1440",,,16,1,8,1440,1,16,16,1,4
"dot/dot_int8_int8_int32_1x8x16_1x4x16_avx512/32/16/real_time",7018873,19.9315,19.8899,ns,,,"1x32x16",,,16,1,8,16,1,32,16,1,4
"dot/dot_int8_int8_int32_1x8x16_1x4x16_avx512/32/176/real_time",1480915,94.6502,94.4499,ns,,,"1x32x176",,,16,1,8,176,1,32,16,1,4
"dot/dot_int8_int8_int32_1x8x16_1x4x16_avx512/32/368/real_time",752230,186.203,185.803,ns,,,"1x32x368",,,16,1,8,368,1,32,16,1,4
"dot/dot_int8_int8_int32_1x8x16_1x4x16_avx512/32/544/real_time",517414,268.897,268.318,ns,,,"1x32x544",,,16,1,8,544,1,32,16,1,4
"dot/dot_int8_int8_int32_1x8x16_1x4x16_avx512/32/736/real_time",397302,352.291,351.597,ns,,,"1x32x736",,,16,1,8,736,1,32,16,1,4
"dot/dot_int8_int8_int32_1x8x16_1x4x16_avx512/64/16/real_time",3952938,35.4126,35.3316,ns,,,"1x64x16",,,16,1,8,16,1,64,16,1,4
"dot/dot_int8_int8_int32_1x8x16_1x4x16_avx512/64/80/real_time",1453498,96.396,96.1787,ns,,,"1x64x80",,,16,1,8,80,1,64,16,1,4
"dot/dot_int8_int8_int32_1x8x16_1x4x16_avx512/64/176/real_time",744563,188.285,187.867,ns,,,"1x64x176",,,16,1,8,176,1,64,16,1,4
"dot/dot_int8_int8_int32_1x8x16_1x4x16_avx512/64/272/real_time",498979,280.581,279.945,ns,,,"1x64x272",,,16,1,8,272,1,64,16,1,4
"dot/dot_int8_int8_int32_1x8x16_1x4x16_avx512/64/368/real_time",376468,363.686,362.963,ns,,,"1x64x368",,,16,1,8,368,1,64,16,1,4
"dot/dot_int8_int8_int32_2x8x16_1x4x16_avx512/8/16/real_time",12499768,11.216,11.191,ns,,,"2x8x16",,,16,2,8,16,2,8,16,1,4
"dot/dot_int8_int8_int32_2x8x16_1x4x16_avx512/8/608/real_time",1111660,125.859,125.571,ns,,,"2x8x608",,,16,2,8,608,2,8,16,1,4
"dot/dot_int8_int8_int32_2x8x16_1x4x16_avx512/8/1216/real_time",587139,238.387,237.94,ns,,,"2x8x1216",,,16,2,8,1216,2,8,16,1,4
"dot/dot_int8_int8_int32_2x8x16_1x4x16_avx512/8/1824/real_time",394425,354.877,354.205,ns,,,"2x8x1824",,,16,2,8,1824,2,8,16,1,4
"dot/dot_int8_int8_int32_2x8x16_1x4x16_avx512/8/2448/real_time",295223,474.524,473.562,ns,,,"2x8x2448",,,16,2,8,2448,2,8,16,1,4
"dot/dot_int8_int8_int32_2x8x16_1x4x16_avx512/16/16/real_time",8388665,16.6835,16.643,ns,,,"2x16x16",,,16,2,8,16,2,16,16,1,4
"dot/dot_int8_int8_int32_2x8x16_1x4x16_avx512/16/336/real_time",982720,142.434,142.129,ns,,,"2x16x336",,,16,2,8,336,2,16,16,1,4
"dot/dot_int8_int8_int32_2x8x16_1x4x16_avx512/16/672/real_time",507662,277.904,277.318,ns,,,"2x16x672",,,16,2,8,672,2,16,16,1,4
"dot/dot_int8_int8_int32_2x8x16_1x4x16_avx512/16/1008/real_time",352621,397.129,396.352,ns,,,"2x16x1008",,,16,2,8,1008,2,16,16,1,4
"dot/dot_int8_int8_int32_2x8x16_1x4x16_avx512/16/1344/real_time",265831,526.672,525.626,ns,,,"2x16x1344",,,16,2,8,1344,2,16,16,1,4
"dot/dot_int8_int8_int32_2x8x16_1x4x16_avx512/32/16/real_time",4604572,30.3297,30.2663,ns,,,"2x32x16",,,16,2,8,16,2,32,16,1,4
"dot/dot_int8_int8_int32_2x8x16_1x4x16_avx512/32/176/real_time",892929,158.077,157.708,ns,,,"2x32x176",,,16,2,8,176,2,32,16,1,4
"dot/dot_int8_int8_int32_2x8x16_1x4x16_avx512/32/352/real_time",473207,294.781,294.152,ns,,,"2x32x352",,,16,2,8,352,2,32,16,1,4
"dot/dot_int8_int8_int32_2x8x16_1x4x16_avx512/32/528/real_time",330439,423.607,422.796,ns,,,"2x32x528",,,16,2,8,528,2,32,16,1,4
"dot/dot_int8_int8_int32_2x8x16_1x4x16_avx512/32/704/real_time",235630,598.467,597.217,ns,,,"2x32x704",,,16,2,8,704,2,32,16,1,4
"dot/dot_int8_int8_int32_2x8x16_1x4x16_avx512/64/16/real_time",2307608,60.6246,60.5078,ns,,,"2x64x16",,,16,2,8,16,2,64,16,1,4
"dot/dot_int8_int8_int32_2x8x16_1x4x16_avx512/64/80/real_time",904100,156.037,155.751,ns,,,"2x64x80",,,16,2,8,80,2,64,16,1,4
"dot/dot_int8_int8_int32_2x8x16_1x4x16_avx512/64/176/real_time",461904,307.54,306.94,ns,,,"2x64x176",,,16,2,8,176,2,64,16,1,4
"dot/dot_int8_int8_int32_2x8x16_1x4x16_avx512/64/256/real_time",328481,426.346,425.483,ns,,,"2x64x256",,,16,2,8,256,2,64,16,1,4
"dot/dot_int8_int8_int32_2x8x16_1x4x16_avx512/64/352/real_time",244130,573.66,572.488,ns,,,"2x64x352",,,16,2,8,352,2,64,16,1,4
"dot/dot_int8_int8_int32_4x8x16_1x4x16_avx512/8/16/real_time",8404024,16.6828,16.6423,ns,,,"4x8x16",,,16,4,8,16,4,8,16,1,4
"dot/dot_int8_int8_int32_4x8x16_1x4x16_avx512/8/496/real_time",763890,183.163,182.801,ns,,,"4x8x496",,,16,4,8,496,4,8,16,1,4
"dot/dot_int8_int8_int32_4x8x16_1x4x16_avx512/8/1008/real_time",386852,361.962,361.262,ns,,,"4x8x1008",,,16,4,8,1008,4,8,16,1,4
"dot/dot_int8_int8_int32_4x8x16_1x4x16_avx512/8/1520/real_time",258832,540.869,539.753,ns,,,"4x8x1520",,,16,4,8,1520,4,8,16,1,4
"dot/dot_int8_int8_int32_4x8x16_1x4x16_avx512/8/2032/real_time",187564,719.737,718.314,ns,,,"4x8x2032",,,16,4,8,2032,4,8,16,1,4
"dot/dot_int8_int8_int32_4x8x16_1x4x16_avx512/16/16/real_time",4493078,31.137,31.0798,ns,,,"4x16x16",,,16,4,8,16,4,16,16,1,4
"dot/dot_int8_int8_int32_4x8x16_1x4x16_avx512/16/304/real_time",603539,232.038,231.601,ns,,,"4x16x304",,,16,4,8,304,4,16,16,1,4
"dot/dot_int8_int8_int32_4x8x16_1x4x16_avx512/16/608/real_time",314821,444.696,443.858,ns,,,"4x16x608",,,16,4,8,608,4,16,16,1,4
"dot/dot_int8_int8_int32_4x8x16_1x4x16_avx512/16/912/real_time",213219,656.818,655.454,ns,,,"4x16x912",,,16,4,8,912,4,16,16,1,4
"dot/dot_int8_int8_int32_4x8x16_1x4x16_avx512/16/1216/real_time",157125,869.399,867.731,ns,,,"4x16x1216",,,16,4,8,1216,4,16,16,1,4
"dot/dot_int8_int8_int32_4x8x16_1x4x16_avx512/32/16/real_time",2323723,60.1588,60.0491,ns,,,"4x32x16",,,16,4,8,16,4,32,16,1,4
"dot/dot_int8_int8_int32_4x8x16_1x4x16_avx512/32/160/real_time",532305,263.039,262.558,ns,,,"4x32x160",,,16,4,8,160,4,32,16,1,4
"dot/dot_int8_int8_int32_4x8x16_1x4x16_avx512/32/320/real_time",287620,486.676,485.75,ns,,,"4x32x320",,,16,4,8,320,4,32,16,1,4
"dot/dot_int8_int8_int32_4x8x16_1x4x16_avx512/32/480/real_time",197215,709.877,708.567,ns,,,"4x32x480",,,16,4,8,480,4,32,16,1,4
"dot/dot_int8_int8_int32_4x8x16_1x4x16_avx512/32/656/real_time",146457,956.034,954.108,ns,,,"4x32x656",,,16,4,8,656,4,32,16,1,4
"dot/dot_int8_int8_int32_4x8x16_1x4x16_avx512/64/16/real_time",1187762,118.027,117.808,ns,,,"4x64x16",,,16,4,8,16,4,64,16,1,4
"dot/dot_int8_int8_int32_4x8x16_1x4x16_avx512/64/80/real_time",462963,302.498,301.895,ns,,,"4x64x80",,,16,4,8,80,4,64,16,1,4
"dot/dot_int8_int8_int32_4x8x16_1x4x16_avx512/64/160/real_time",266039,526.047,525.072,ns,,,"4x64x160",,,16,4,8,160,4,64,16,1,4
"dot/dot_int8_int8_int32_4x8x16_1x4x16_avx512/64/240/real_time",186901,749.042,747.676,ns,,,"4x64x240",,,16,4,8,240,4,64,16,1,4
"dot/dot_int8_int8_int32_4x8x16_1x4x16_avx512/64/336/real_time",137083,1017.17,1015.26,ns,,,"4x64x336",,,16,4,8,336,4,64,16,1,4
"dot/dot_int8_int8_int32_6x8x16_1x4x16_avx512/8/16/real_time",5934438,23.6273,23.5815,ns,,,"6x8x16",,,16,6,8,16,6,8,16,1,4
"dot/dot_int8_int8_int32_6x8x16_1x4x16_avx512/8/432/real_time",546069,233.324,232.886,ns,,,"6x8x432",,,16,6,8,432,6,8,16,1,4
"dot/dot_int8_int8_int32_6x8x16_1x4x16_avx512/8/864/real_time",309627,452.251,451.407,ns,,,"6x8x864",,,16,6,8,864,6,8,16,1,4
"dot/dot_int8_int8_int32_6x8x16_1x4x16_avx512/8/1296/real_time",208490,679.198,677.858,ns,,,"6x8x1296",,,16,6,8,1296,6,8,16,1,4
"dot/dot_int8_int8_int32_6x8x16_1x4x16_avx512/8/1728/real_time",157392,889.968,888.269,ns,,,"6x8x1728",,,16,6,8,1728,6,8,16,1,4
"dot/dot_int8_int8_int32_6x8x16_1x4x16_avx512/16/16/real_time",3002604,46.5919,46.4957,ns,,,"6x16x16",,,16,6,8,16,6,16,16,1,4
"dot/dot_int8_int8_int32_6x8x16_1x4x16_avx512/16/272/real_time",461249,305.184,304.522,ns,,,"6x16x272",,,16,6,8,272,6,16,16,1,4
"dot/dot_int8_int8_int32_6x8x16_1x4x16_avx512/16/544/real_time",241566,579.312,578.257,ns,,,"6x16x544",,,16,6,8,544,6,16,16,1,4
"dot/dot_int8_int8_int32_6x8x16_1x4x16_avx512/16/816/real_time",163900,854.524,852.82,ns,,,"6x16x816",,,16,6,8,816,6,16,16,1,4
"dot/dot_int8_int8_int32_6x8x16_1x4x16_avx512/16/1088/real_time",123782,1146.93,1144.78,ns,,,"6x16x1088",,,16,6,8,1088,6,16,16,1,4
"dot/dot_int8_int8_int32_6x8x16_1x4x16_avx512/32/16/real_time",1608956,87.3628,87.1983,ns,,,"6x32x16",,,16,6,8,16,6,32,16,1,4
"dot/dot_int8_int8_int32_6x8x16_1x4x16_avx512/32/144/real_time",402895,347.6,346.86,ns,,,"6x32x144",,,16,6,8,144,6,32,16,1,4
"dot/dot_int8_int8_int32_6x8x16_1x4x16_avx512/32/304/real_time",208641,670.768,669.48,ns,,,"6x32x304",,,16,6,8,304,6,32,16,1,4
"dot/dot_int8_int8_int32_6x8x16_1x4x16_avx512/32/464/real_time",140811,1029.45,1027.7,ns,,,"6x32x464",,,16,6,8,464,6,32,16,1,4
"dot/dot_int8_int8_int32_6x8x16_1x4x16_avx512/32/624/real_time",106161,1317.14,1314.58,ns,,,"6x32x624",,,16,6,8,624,6,32,16,1,4
"dot/dot_int8_int8_int32_6x8x16_1x4x16_avx512/64/16/real_time",807746,174.061,173.751,ns,,,"6x64x16",,,16,6,8,16,6,64,16,1,4
"dot/dot_int8_int8_int32_6x8x16_1x4x16_avx512/64/80/real_time",321124,435.745,434.895,ns,,,"6x64x80",,,16,6,8,80,6,64,16,1,4
"dot/dot_int8_int8_int32_6x8x16_1x4x16_avx512/64/160/real_time",184555,758.734,757.171,ns,,,"6x64x160",,,16,6,8,160,6,64,16,1,4
"dot/dot_int8_int8_int32_6x8x16_1x4x16_avx512/64/240/real_time",129400,1080.58,1078.57,ns,,,"6x64x240",,,16,6,8,240,6,64,16,1,4
"dot/dot_int8_int8_int32_6x8x16_1x4x16_avx512/64/320/real_time",99750,1405.26,1402.61,ns,,,"6x64x320",,,16,6,8,320,6,64,16,1,4
"dot/dot_int8_int8_int32_2x4x16_1x4x16_avx512/4/16/real_time",16002732,8.74771,8.73023,ns,,,"2x4x16",,,16,2,4,16,2,4,16,1,4
"dot/dot_int8_int8_int32_2x4x16_1x4x16_avx512/4/1008/real_time",1258575,111.479,111.263,ns,,,"2x4x1008",,,16,2,4,1008,2,4,16,1,4
"dot/dot_int8_int8_int32_2x4x16_1x4x16_avx512/4/2032/real_time",629519,221.731,221.287,ns,,,"2x4x2032",,,16,2,4,2032,2,4,16,1,4
"dot/dot_int8_int8_int32_2x4x16_1x4x16_avx512/4/3056/real_time",418926,332.257,331.595,ns,,,"2x4x3056",,,16,2,4,3056,2,4,16,1,4
"dot/dot_int8_int8_int32_2x4x16_1x4x16_avx512/4/4080/real_time",313436,446.363,445.531,ns,,,"2x4x4080",,,16,2,4,4080,2,4,16,1,4
"dot/dot_int8_int8_int32_2x4x16_1x4x16_avx512/8/16/real_time",11071725,12.5887,12.5611,ns,,,"2x8x16",,,16,2,4,16,2,8,16,1,4
"dot/dot_int8_int8_int32_2x4x16_1x4x16_avx512/8/608/real_time",1009250,139.523,139.227,ns,,,"2x8x608",,,16,2,4,608,2,8,16,1,4
"dot/dot_int8_int8_int32_2x4x16_1x4x16_avx512/8/1216/real_time",526129,288.494,287.902,ns,,,"2x8x1216",,,16,2,4,1216,2,8,16,1,4
"dot/dot_int8_int8_int32_2x4x16_1x4x16_avx512/8/1824/real_time",353667,398.942,398.186,ns,,,"2x8x1824",,,16,2,4,1824,2,8,16,1,4
"dot/dot_int8_int8_int32_2x4x16_1x4x16_avx512/8/2448/real_time",263032,532.375,531.311,ns,,,"2x8x2448",,,16,2,4,2448,2,8,16,1,4
"dot/dot_int8_int8_int32_2x4x16_1x4x16_avx512/16/16/real_time",7224945,19.72,19.6764,ns,,,"2x16x16",,,16,2,4,16,2,16,16,1,4
"dot/dot_int8_int8_int32_2x4x16_1x4x16_avx512/16/336/real_time",885428,161.201,160.855,ns,,,"2x16x336",,,16,2,4,336,2,16,16,1,4
"dot/dot_int8_int8_int32_2x4x16_1x4x16_avx512/16/672/real_time",457307,306.803,306.135,ns,,,"2x16x672",,,16,2,4,672,2,16,16,1,4
"dot/dot_int8_int8_int32_2x4x16_1x4x16_avx512/16/1008/real_time",306266,462.102,461.12,ns,,,"2x16x1008",,,16,2,4,1008,2,16,16,1,4
"dot/dot_int8_int8_int32_2x4x16_1x4x16_avx512/16/1344/real_time",235853,592.668,591.347,ns,,,"2x16x1344",,,16,2,4,1344,2,16,16,1,4
"dot/dot_int8_int8_int32_2x4x16_1x4x16_avx512/32/16/real_time",4221623,33.2466,33.1649,ns,,,"2x32x16",,,16,2,4,16,2,32,16,1,4
"dot/dot_int8_int8_int32_2x4x16_1x4x16_avx512/32/176/real_time",818349,171.762,171.267,ns,,,"2x32x176",,,16,2,4,176,2,32,16,1,4
"dot/dot_int8_int8_int32_2x4x16_1x4x16_avx512/32/352/real_time",439767,319.25,318.593,ns,,,"2x32x352",,,16,2,4,352,2,32,16,1,4
"dot/dot_int8_int8_int32_2x4x16_1x4x16_avx512/32/528/real_time",296925,474.568,473.672,ns,,,"2x32x528",,,16,2,4,528,2,32,16,1,4
"dot/dot_int8_int8_int32_2x4x16_1x4x16_avx512/32/704/real_time",222279,628.592,627.252,ns,,,"2x32x704",,,16,2,4,704,2,32,16,1,4
"dot/dot_int8_int8_int32_4x4x16_1x4x16_avx512/4/16/real_time",10594837,13.1362,13.1115,ns,,,"4x4x16",,,16,4,4,16,4,4,16,1,4
"dot/dot_int8_int8_int32_4x4x16_1x4x16_avx512/4/752/real_time",920162,152.197,151.855,ns,,,"4x4x752",,,16,4,4,752,4,4,16,1,4
"dot/dot_int8_int8_int32_4x4x16_1x4x16_avx512/4/1520/real_time",464559,301.466,300.818,ns,,,"4x4x1520",,,16,4,4,1520,4,4,16,1,4
"dot/dot_int8_int8_int32_4x4x16_1x4x16_avx512/4/2288/real_time",310067,451.334,450.388,ns,,,"4x4x2288",,,16,4,4,2288,4,4,16,1,4
"dot/dot_int8_int8_int32_4x4x16_1x4x16_avx512/4/3056/real_time",232999,600.699,599.516,ns,,,"4x4x3056",,,16,4,4,3056,4,4,16,1,4
"dot/dot_int8_int8_int32_4x4x16_1x4x16_avx512/8/16/real_time",7316565,19.0883,19.0467,ns,,,"4x8x16",,,16,4,4,16,4,8,16,1,4
"dot/dot_int8_int8_int32_4x4x16_1x4x16_avx512/8/496/real_time",671984,206.825,206.385,ns,,,"4x8x496",,,16,4,4,496,4,8,16,1,4
"dot/dot_int8_int8_int32_4x4x16_1x4x16_avx512/8/1008/real_time",348774,401.426,400.662,ns,,,"4x8x1008",,,16,4,4,1008,4,8,16,1,4
"dot/dot_int8_int8_int32_4x4x16_1x4x16_avx512/8/1520/real_time",233266,600.279,599.106,ns,,,"4x8x1520",,,16,4,4,1520,4,8,16,1,4
"dot/dot_int8_int8_int32_4x4x16_1x4x16_avx512/8/2032/real_time",175230,798.941,797.369,ns,,,"4x8x2032",,,16,4,4,2032,4,8,16,1,4
"dot/dot_int8_int8_int32_4x4x16_1x4x16_avx512/16/16/real_time",4313640,32.4791,32.4079,ns,,,"4x16x16",,,16,4,4,16,4,16,16,1,4
"dot/dot_int8_int8_int32_4x4x16_1x4x16_avx512/16/304/real_time",536223,260.999,260.405,ns,,,"4x16x304",,,16,4,4,304,4,16,16,1,4
"dot/dot_int8_int8_int32_4x4x16_1x4x16_avx512/16/608/real_time",278060,494.514,493.506,ns,,,"4x16x608",,,16,4,4,608,4,16,16,1,4
"dot/dot_int8_int8_int32_4x4x16_1x4x16_avx512/16/912/real_time",186393,725.931,724.198,ns,,,"4x16x912",,,16,4,4,912,4,16,16,1,4
"dot/dot_int8_int8_int32_4x4x16_1x4x16_avx512/16/1216/real_time",144997,964.587,962.75,ns,,,"4x16x1216",,,16,4,4,1216,4,16,16,1,4
"dot/dot_int8_int8_int32_4x4x16_1x4x16_avx512/32/16/real_time",2259570,61.9936,61.8344,ns,,,"4x32x16",,,16,4,4,16,4,32,16,1,4
"dot/dot_int8_int8_int32_4x4x16_1x4x16_avx512/32/160/real_time",484504,287.143,286.497,ns,,,"4x32x160",,,16,4,4,160,4,32,16,1,4
"dot/dot_int8_int8_int32_4x4x16_1x4x16_avx512/32/320/real_time",264440,529.788,528.695,ns,,,"4x32x320",,,16,4,4,320,4,32,16,1,4
"dot/dot_int8_int8_int32_4x4x16_1x4x16_avx512/32/480/real_time",179001,782.325,780.842,ns,,,"4x32x480",,,16,4,4,480,4,32,16,1,4
"dot/dot_int8_int8_int32_4x4x16_1x4x16_avx512/32/656/real_time",132708,1055.45,1053.42,ns,,,"4x32x656",,,16,4,4,656,4,32,16,1,4
"dot/dot_int8_int8_int32_6x4x16_1x4x16_avx512/4/16/real_time",9486734,14.7454,14.7104,ns,,,"6x4x16",,,16,6,4,16,6,4,16,1,4
"dot/dot_int8_int8_int32_6x4x16_1x4x16_avx512/4/608/real_time",778261,183.262,182.888,ns,,,"6x4x608",,,16,6,4,608,6,4,16,1,4
"dot/dot_int8_int8_int32_6x4x16_1x4x16_avx512/4/1216/real_time",397534,351.97,351.297,ns,,,"6x4x1216",,,16,6,4,1216,6,4,16,1,4
"dot/dot_int8_int8_int32_6x4x16_1x4x16_avx512/4/1824/real_time",267375,523.607,522.502,ns,,,"6x4x1824",,,16,6,4,1824,6,4,16,1,4
"dot/dot_int8_int8_int32_6x4x16_1x4x16_avx512/4/2448/real_time",192163,702.045,700.516,ns,,,"6x4x2448",,,16,6,4,2448,6,4,16,1,4
"dot/dot_int8_int8_int32_6x4x16_1x4x16_avx512/8/16/real_time",5643917,24.766,24.7168,ns,,,"6x8x16",,,16,6,4,16,6,8,16,1,4
"dot/dot_int8_int8_int32_6x4x16_1x4x16_avx512/8/432/real_time",538859,259.743,259.199,ns,,,"6x8x432",,,16,6,4,432,6,8,16,1,4
"dot/dot_int8_int8_int32_6x4x16_1x4x16_avx512/8/864/real_time",277619,504.151,503.139,ns,,,"6x8x864",,,16,6,4,864,6,8,16,1,4
"dot/dot_int8_int8_int32_6x4x16_1x4x16_avx512/8/1296/real_time",187026,748.499,746.959,ns,,,"6x8x1296",,,16,6,4,1296,6,8,16,1,4
"dot/dot_int8_int8_int32_6x4x16_1x4x16_avx512/8/1728/real_time",140974,993.053,991.018,ns,,,"6x8x1728",,,16,6,4,1728,6,8,16,1,4
"dot/dot_int8_int8_int32_6x4x16_1x4x16_avx512/16/16/real_time",3038931,46.0697,45.9767,ns,,,"6x16x16",,,16,6,4,16,6,16,16,1,4
"dot/dot_int8_int8_int32_6x4x16_1x4x16_avx512/16/272/real_time",414561,337.882,337.197,ns,,,"6x16x272",,,16,6,4,272,6,16,16,1,4
"dot/dot_int8_int8_int32_6x4x16_1x4x16_avx512/16/544/real_time",216753,645.319,644.089,ns,,,"6x16x544",,,16,6,4,544,6,16,16,1,4
"dot/dot_int8_int8_int32_6x4x16_1x4x16_avx512/16/816/real_time",146840,969.266,967.367,ns,,,"6x16x816",,,16,6,4,816,6,16,16,1,4
"dot/dot_int8_int8_int32_6x4x16_1x4x16_avx512/16/1088/real_time",110675,1264.19,1261.57,ns,,,"6x16x1088",,,16,6,4,1088,6,16,16,1,4
"dot/dot_int8_int8_int32_6x4x16_1x4x16_avx512/32/16/real_time",1450016,96.5881,96.3904,ns,,,"6x32x16",,,16,6,4,16,6,32,16,1,4
"dot/dot_int8_int8_int32_6x4x16_1x4x16_avx512/32/144/real_time",365285,383.474,382.749,ns,,,"6x32x144",,,16,6,4,144,6,32,16,1,4
"dot/dot_int8_int8_int32_6x4x16_1x4x16_avx512/32/304/real_time",187657,745.796,744.361,ns,,,"6x32x304",,,16,6,4,304,6,32,16,1,4
"dot/dot_int8_int8_int32_6x4x16_1x4x16_avx512/32/464/real_time",125931,1110.94,1108.89,ns,,,"6x32x464",,,16,6,4,464,6,32,16,1,4
"dot/dot_int8_int8_int32_6x4x16_1x4x16_avx512/32/624/real_time",94893,1475.33,1472.56,ns,,,"6x32x624",,,16,6,4,624,6,32,16,1,4
"dot/dot_int8_int8_int32_8x4x16_1x4x16_avx512/4/16/real_time",7865920,17.7923,17.7521,ns,,,"8x4x16",,,16,8,4,16,8,4,16,1,4
"dot/dot_int8_int8_int32_8x4x16_1x4x16_avx512/4/496/real_time",709711,197.385,196.931,ns,,,"8x4x496",,,16,8,4,496,8,4,16,1,4
"dot/dot_int8_int8_int32_8x4x16_1x4x16_avx512/4/1008/real_time",359608,389.23,388.502,ns,,,"8x4x1008",,,16,8,4,1008,8,4,16,1,4
"dot/dot_int8_int8_int32_8x4x16_1x4x16_avx512/4/1520/real_time",240614,587.602,586.458,ns,,,"8x4x1520",,,16,8,4,1520,8,4,16,1,4
"dot/dot_int8_int8_int32_8x4x16_1x4x16_avx512/4/2032/real_time",180828,773.973,772.483,ns,,,"8x4x2032",,,16,8,4,2032,8,4,16,1,4
"dot/dot_int8_int8_int32_8x4x16_1x4x16_avx512/8/16/real_time",4171589,33.5839,33.5242,ns,,,"8x8x16",,,16,8,4,16,8,8,16,1,4
"dot/dot_int8_int8_int32_8x4x16_1x4x16_avx512/8/368/real_time",469960,297.983,297.396,ns,,,"8x8x368",,,16,8,4,368,8,8,16,1,4
"dot/dot_int8_int8_int32_8x4x16_1x4x16_avx512/8/752/real_time",238694,591.279,590.088,ns,,,"8x8x752",,,16,8,4,752,8,8,16,1,4
"dot/dot_int8_int8_int32_8x4x16_1x4x16_avx512/8/1136/real_time",159956,875.39,873.569,ns,,,"8x8x1136",,,16,8,4,1136,8,8,16,1,4
"dot/dot_int8_int8_int32_8x4x16_1x4x16_avx512/8/1520/real_time",120234,1163.85,1161.6,ns,,,"8x8x1520",,,16,8,4,1520,8,8,16,1,4
"dot/dot_int8_int8_int32_8x4x16_1x4x16_avx512/16/16/real_time",2183296,65.4872,65.3406,ns,,,"8x16x16",,,16,8,4,16,8,16,16,1,4
"dot/dot_int8_int8_int32_8x4x16_1x4x16_avx512/16/240/real_time",284494,462.284,461.29,ns,,,"8x16x240",,,16,8,4,240,8,16,16,1,4
"dot/dot_int8_int8_int32_8x4x16_1x4x16_avx512/16/496/real_time",159248,797.684,796.036,ns,,,"8x16x496",,,16,8,4,496,8,16,16,1,4
"dot/dot_int8_int8_int32_8x4x16_1x4x16_avx512/16/736/real_time",121959,1148.24,1145.86,ns,,,"8x16x736",,,16,8,4,736,8,16,16,1,4
"dot/dot_int8_int8_int32_8x4x16_1x4x16_avx512/16/992/real_time",91301,1553.51,1550.3,ns,,,"8x16x992",,,16,8,4,992,8,16,16,1,4
"dot/dot_int8_int8_int32_8x4x16_1x4x16_avx512/32/16/real_time",1119537,124.976,124.72,ns,,,"8x32x16",,,16,8,4,16,8,32,16,1,4
"dot/dot_int8_int8_int32_8x4x16_1x4x16_avx512/32/144/real_time",271613,515.254,514.24,ns,,,"8x32x144",,,16,8,4,144,8,32,16,1,4
"dot/dot_int8_int8_int32_8x4x16_1x4x16_avx512/32/288/real_time",147578,948.465,946.58,ns,,,"8x32x288",,,16,8,4,288,8,32,16,1,4
"dot/dot_int8_int8_int32_8x4x16_1x4x16_avx512/32/432/real_time",101230,1381.21,1378.57,ns,,,"8x32x432",,,16,8,4,432,8,32,16,1,4
"dot/dot_int8_int8_int32_8x4x16_1x4x16_avx512/32/576/real_time",76917,1819.5,1815.48,ns,,,"8x32x576",,,16,8,4,576,8,32,16,1,4
"dot/dot_uint8_int2_int32_1x64x32_1x16x16_avx512/64/32/real_time",7379806,18.875,18.8311,ns,,,"1x64x32",,,32,1,64,32,1,64,16,1,16
"dot/dot_uint8_int2_int32_1x64x32_1x16x16_avx512/64/352/real_time",707613,197.812,197.371,ns,,,"1x64x352",,,32,1,64,352,1,64,16,1,16
"dot/dot_uint8_int2_int32_1x64x32_1x16x16_avx512/64/704/real_time",364365,384.198,383.481,ns,,,"1x64x704",,,32,1,64,704,1,64,16,1,16
"dot/dot_uint8_int2_int32_1x64x32_1x16x16_avx512/64/1056/real_time",243246,575.595,574.484,ns,,,"1x64x1056",,,32,1,64,1056,1,64,16,1,16
"dot/dot_uint8_int2_int32_1x64x32_1x16x16_avx512/64/1408/real_time",182484,767.4,765.953,ns,,,"1x64x1408",,,32,1,64,1408,1,64,16,1,16
"dot/dot_uint8_int2_int32_1x64x32_1x16x16_avx512/128/32/real_time",3905639,35.8173,35.7466,ns,,,"1x128x32",,,32,1,64,32,1,128,16,1,16
"dot/dot_uint8_int2_int32_1x64x32_1x16x16_avx512/128/160/real_time",800195,175.028,174.677,ns,,,"1x128x160",,,32,1,64,160,1,128,16,1,16
"dot/dot_uint8_int2_int32_1x64x32_1x16x16_avx512/128/352/real_time",363838,384.302,383.497,ns,,,"1x128x352",,,32,1,64,352,1,128,16,1,16
"dot/dot_uint8_int2_int32_1x64x32_1x16x16_avx512/128/512/real_time",250629,558.463,557.223,ns,,,"1x128x512",,,32,1,64,512,1,128,16,1,16
"dot/dot_uint8_int2_int32_1x64x32_1x16x16_avx512/128/704/real_time",182438,767.509,765.81,ns,,,"1x128x704",,,32,1,64,704,1,128,16,1,16
"dot/dot_uint8_int2_int32_1x64x32_1x16x16_avx512/256/32/real_time",1979931,70.7051,70.5719,ns,,,"1x256x32",,,32,1,64,32,1,256,16,1,16
"dot/dot_uint8_int2_int32_1x64x32_1x16x16_avx512/256/64/real_time",996705,140.531,140.18,ns,,,"1x256x64",,,32,1,64,64,1,256,16,1,16
"dot/dot_uint8_int2_int32_1x64x32_1x16x16_avx512/256/160/real_time",400634,349.379,348.689,ns,,,"1x256x160",,,32,1,64,160,1,256,16,1,16
"dot/dot_uint8_int2_int32_1x64x32_1x16x16_avx512/256/256/real_time",250631,558.468,557.375,ns,,,"1x256x256",,,32,1,64,256,1,256,16,1,16
"dot/dot_uint8_int2_int32_1x64x32_1x16x16_avx512/256/352/real_time",182402,767.674,766.07,ns,,,"1x256x352",,,32,1,64,352,1,256,16,1,16
"dot/dot_uint8_int2_int32_1x64x32_1x16x16_avx512/512/32/real_time",995982,140.642,140.363,ns,,,"1x512x32",,,32,1,64,32,1,512,16,1,16
"dot/dot_uint8_int2_int32_1x64x32_1x16x16_avx512/512/64/real_time",487301,283.848,283.315,ns,,,"1x512x64",,,32,1,64,64,1,512,16,1,16
"dot/dot_uint8_int2_int32_1x64x32_1x16x16_avx512/512/96/real_time",333851,426.145,425.296,ns,,,"1x512x96",,,32,1,64,96,1,512,16,1,16
"dot/dot_uint8_int2_int32_1x64x32_1x16x16_avx512/512/160/real_time",200568,698.146,696.733,ns,,,"1x512x160",,,32,1,64,160,1,512,16,1,16
"dot/dot_uint8_int2_int32_2x64x32_1x16x16_avx512/64/32/real_time",4366246,32.0515,31.9773,ns,,,"2x64x32",,,32,2,64,32,2,64,16,1,16
"dot/dot_uint8_int2_int32_2x64x32_1x16x16_avx512/64/320/real_time",480639,293.669,292.991,ns,,,"2x64x320",,,32,2,64,320,2,64,16,1,16
"dot/dot_uint8_int2_int32_2x64x32_1x16x16_avx512/64/640/real_time",241279,580.148,578.848,ns,,,"2x64x640",,,32,2,64,640,2,64,16,1,16
"dot/dot_uint8_int2_int32_2x64x32_1x16x16_avx512/64/960/real_time",161142,869.585,867.574,ns,,,"2x64x960",,,32,2,64,960,2,64,16,1,16
"dot/dot_uint8_int2_int32_2x64x32_1x16x16_avx512/64/1312/real_time",117919,1186.93,1184.28,ns,,,"2x64x1312",,,32,2,64,1312,2,64,16,1,16
"dot/dot_uint8_int2_int32_2x64x32_1x16x16_avx512/128/32/real_time",2328638,60.1573,60.0214,ns,,,"2x128x32",,,32,2,64,32,2,128,16,1,16
"dot/dot_uint8_int2_int32_2x64x32_1x16x16_avx512/128/160/real_time",480187,292.862,292.178,ns,,,"2x128x160",,,32,2,64,160,2,128,16,1,16
"dot/dot_uint8_int2_int32_2x64x32_1x16x16_avx512/128/320/real_time",241163,580.758,579.49,ns,,,"2x128x320",,,32,2,64,320,2,128,16,1,16
"dot/dot_uint8_int2_int32_2x64x32_1x16x16_avx512/128/480/real_time",161006,869.609,867.424,ns,,,"2x128x480",,,32,2,64,480,2,128,16,1,16
"dot/dot_uint8_int2_int32_2x64x32_1x16x16_avx512/128/672/real_time",115175,1216.24,1213.35,ns,,,"2x128x672",,,32,2,64,672,2,128,16,1,16
"dot/dot_uint8_int2_int32_2x64x32_1x16x16_avx512/256/32/real_time",1179883,118.43,118.186,ns,,,"2x256x32",,,32,2,64,32,2,256,16,1,16
"dot/dot_uint8_int2_int32_2x64x32_1x16x16_avx512/256/64/real_time",596730,234.541,234.018,ns,,,"2x256x64",,,32,2,64,64,2,256,16,1,16
"dot/dot_uint8_int2_int32_2x64x32_1x16x16_avx512/256/160/real_time",240800,581.292,579.986,ns,,,"2x256x160",,,32,2,64,160,2,256,16,1,16
"dot/dot_uint8_int2_int32_2x64x32_1x16x16_avx512/256/224/real_time",177154,790.217,788.681,ns,,,"2x256x224",,,32,2,64,224,2,256,16,1,16
"dot/dot_uint8_int2_int32_2x64x32_1x16x16_avx512/256/320/real_time",124200,1127.44,1125.26,ns,,,"2x256x320",,,32,2,64,320,2,256,16,1,16
"dot/dot_uint8_int2_int32_2x64x32_1x16x16_avx512/512/32/real_time",611319,228.877,228.426,ns,,,"2x512x32",,,32,2,64,32,2,512,16,1,16
"dot/dot_uint8_int2_int32_2x64x32_1x16x16_avx512/512/64/real_time",307760,454.84,453.893,ns,,,"2x512x64",,,32,2,64,64,2,512,16,1,16
"dot/dot_uint8_int2_int32_2x64x32_1x16x16_avx512/512/96/real_time",206291,685.467,684.077,ns,,,"2x512x96",,,32,2,64,96,2,512,16,1,16
"dot/dot_uint8_int2_int32_2x64x32_1x16x16_avx512/512/128/real_time",150986,903.894,902.02,ns,,,"2x512x128",,,32,2,64,128,2,512,16,1,16
"dot/dot_uint8_int2_int32_3x64x32_1x16x16_avx512/64/32/real_time",3290843,42.4819,42.4011,ns,,,"3x64x32",,,32,3,64,32,3,64,16,1,16
"dot/dot_uint8_int2_int32_3x64x32_1x16x16_avx512/64/288/real_time",400272,349.978,349.287,ns,,,"3x64x288",,,32,3,64,288,3,64,16,1,16
"dot/dot_uint8_int2_int32_3x64x32_1x16x16_avx512/64/608/real_time",190435,735.216,733.79,ns,,,"3x64x608",,,32,3,64,608,3,64,16,1,16
"dot/dot_uint8_int2_int32_3x64x32_1x16x16_avx512/64/928/real_time",124909,1120.74,1118.4,ns,,,"3x64x928",,,32,3,64,928,3,64,16,1,16
"dot/dot_uint8_int2_int32_3x64x32_1x16x16_avx512/64/1248/real_time",92978,1505.71,1502.78,ns,,,"3x64x1248",,,32,3,64,1248,3,64,16,1,16
"dot/dot_uint8_int2_int32_3x64x32_1x16x16_avx512/128/32/real_time",1744232,80.3723,80.2054,ns,,,"3x128x32",,,32,3,64,32,3,128,16,1,16
"dot/dot_uint8_int2_int32_3x64x32_1x16x16_avx512/128/160/real_time",360358,388.509,387.701,ns,,,"3x128x160",,,32,3,64,160,3,128,16,1,16
"dot/dot_uint8_int2_int32_3x64x32_1x16x16_avx512/128/320/real_time",180933,773.735,772.209,ns,,,"3x128x320",,,32,3,64,320,3,128,16,1,16
"dot/dot_uint8_int2_int32_3x64x32_1x16x16_avx512/128/480/real_time",120798,1159.59,1156.62,ns,,,"3x128x480",,,32,3,64,480,3,128,16,1,16
"dot/dot_uint8_int2_int32_3x64x32_1x16x16_avx512/128/640/real_time",90450,1545.44,1542.12,ns,,,"3x128x640",,,32,3,64,640,3,128,16,1,16
"dot/dot_uint8_int2_int32_3x64x32_1x16x16_avx512/256/32/real_time",892960,157.049,156.727,ns,,,"3x256x32",,,32,3,64,32,3,256,16,1,16
"dot/dot_uint8_int2_int32_3x64x32_1x16x16_avx512/256/64/real_time",450039,311.187,310.563,ns,,,"3x256x64",,,32,3,64,64,3,256,16,1,16
"dot/dot_uint8_int2_int32_3x64x32_1x16x16_avx512/256/160/real_time",180690,788.699,787.063,ns,,,"3x256x160",,,32,3,64,160,3,256,16,1,16
"dot/dot_uint8_int2_int32_3x64x32_1x16x16_avx512/256/224/real_time",129430,1081.6,1079.47,ns,,,"3x256x224",,,32,3,64,224,3,256,16,1,16
"dot/dot_uint8_int2_int32_3x64x32_1x16x16_avx512/256/320/real_time",90646,1544.01,1541.02,ns,,,"3x256x320",,,32,3,64,320,3,256,16,1,16
"dot/dot_uint8_int2_int32_3x64x32_1x16x16_avx512/512/32/real_time",450896,311.008,310.42,ns,,,"3x512x32",,,32,3,64,32,3,512,16,1,16
"dot/dot_uint8_int2_int32_3x64x32_1x16x16_avx512/512/64/real_time",225947,619.686,618.49,ns,,,"3x512x64",,,32,3,64,64,3,512,16,1,16
"dot/dot_uint8_int2_int32_3x64x32_1x16x16_avx512/512/96/real_time",150994,927.27,925.418,ns,,,"3x512x96",,,32,3,64,96,3,512,16,1,16
"dot/dot_uint8_int2_int32_3x64x32_1x16x16_avx512/512/128/real_time",113301,1235.55,1233.07,ns,,,"3x512x128",,,32,3,64,128,3,512,16,1,16
"dot/dot_uint8_int2_int32_4x64x32_1x16x16_avx512/64/32/real_time",2431426,57.665,57.5489,ns,,,"4x64x32",,,32,4,64,32,4,64,16,1,16
"dot/dot_uint8_int2_int32_4x64x32_1x16x16_avx512/64/288/real_time",312823,453.816,452.93,ns,,,"4x64x288",,,32,4,64,288,4,64,16,1,16
"dot/dot_uint8_int2_int32_4x64x32_1x16x16_avx512/64/576/real_time",158126,885.456,883.645,ns,,,"4x64x576",,,32,4,64,576,4,64,16,1,16
"dot/dot_uint8_int2_int32_4x64x32_1x16x16_avx512/64/864/real_time",105802,1323.37,1320.71,ns,,,"4x64x864",,,32,4,64,864,4,64,16,1,16
"dot/dot_uint8_int2_int32_4x64x32_1x16x16_avx512/64/1152/real_time",79447,1761.17,1757.59,ns,,,"4x64x1152",,,32,4,64,1152,4,64,16,1,16
"dot/dot_uint8_int2_int32_4x64x32_1x16x16_avx512/128/32/real_time",1321021,106.04,105.829,ns,,,"4x128x32",,,32,4,64,32,4,128,16,1,16
"dot/dot_uint8_int2_int32_4x64x32_1x16x16_avx512/128/128/real_time",350380,399.415,398.635,ns,,,"4x128x128",,,32,4,64,128,4,128,16,1,16
"dot/dot_uint8_int2_int32_4x64x32_1x16x16_avx512/128/288/real_time",158048,885.406,883.637,ns,,,"4x128x288",,,32,4,64,288,4,128,16,1,16
"dot/dot_uint8_int2_int32_4x64x32_1x16x16_avx512/128/448/real_time",101890,1374.32,1371.7,ns,,,"4x128x448",,,32,4,64,448,4,128,16,1,16
"dot/dot_uint8_int2_int32_4x64x32_1x16x16_avx512/128/608/real_time",75338,1858.32,1854.84,ns,,,"4x128x608",,,32,4,64,608,4,128,16,1,16
"dot/dot_uint8_int2_int32_4x64x32_1x16x16_avx512/256/32/real_time",685584,204.271,203.884,ns,,,"4x256x32",,,32,4,64,32,4,256,16,1,16
"dot/dot_uint8_int2_int32_4x64x32_1x16x16_avx512/256/64/real_time",350198,399.945,399.161,ns,,,"4x256x64",,,32,4,64,64,4,256,16,1,16
"dot/dot_uint8_int2_int32_4x64x32_1x16x16_avx512/256/128/real_time",177038,790.635,789.1,ns,,,"4x256x128",,,32,4,64,128,4,256,16,1,16
"dot/dot_uint8_int2_int32_4x64x32_1x16x16_avx512/256/192/real_time",118807,1178.32,1176.19,ns,,,"4x256x192",,,32,4,64,192,4,256,16,1,16
"dot/dot_uint8_int2_int32_4x64x32_1x16x16_avx512/256/288/real_time",79430,1762.42,1758.9,ns,,,"4x256x288",,,32,4,64,288,4,256,16,1,16
"dot/dot_uint8_int2_int32_4x64x32_1x16x16_avx512/512/32/real_time",347611,402.312,401.556,ns,,,"4x512x32",,,32,4,64,32,4,512,16,1,16
"dot/dot_uint8_int2_int32_4x64x32_1x16x16_avx512/512/64/real_time",176384,793.85,792.347,ns,,,"4x512x64",,,32,4,64,64,4,512,16,1,16
"dot/dot_uint8_int2_int32_4x64x32_1x16x16_avx512/512/96/real_time",118519,1181.31,1178.97,ns,,,"4x512x96",,,32,4,64,96,4,512,16,1,16
"dot/dot_uint8_int4_int32_1x32x32_1x16x8_avx512/32/32/real_time",9568699,14.6511,14.6183,ns,,,"1x32x32",,,32,1,32,32,1,32,8,1,16
"dot/dot_uint8_int4_int32_1x32x32_1x16x8_avx512/32/352/real_time",993127,140.958,140.646,ns,,,"1x32x352",,,32,1,32,352,1,32,8,1,16
"dot/dot_uint8_int4_int32_1x32x32_1x16x8_avx512/32/704/real_time",500490,280.189,279.564,ns,,,"1x32x704",,,32,1,32,704,1,32,8,1,16
"dot/dot_uint8_int4_int32_1x32x32_1x16x8_avx512/32/1056/real_time",334095,429.302,428.274,ns,,,"1x32x1056",,,32,1,32,1056,1,32,8,1,16
"dot/dot_uint8_int4_int32_1x32x32_1x16x8_avx512/32/1408/real_time",250796,558.326,557.078,ns,,,"1x32x1408",,,32,1,32,1408,1,32,8,1,16
"dot/dot_uint8_int4_int32_1x32x32_1x16x8_avx512/64/32/real_time",4974182,28.6056,28.5437,ns,,,"1x64x32",,,32,1,32,32,1,64,8,1,16
"dot/dot_uint8_int4_int32_1x32x32_1x16x8_avx512/64/160/real_time",1084095,132.286,131.991,ns,,,"1x64x160",,,32,1,32,160,1,64,8,1,16
"dot/dot_uint8_int4_int32_1x32x32_1x16x8_avx512/64/352/real_time",498310,280.984,280.368,ns,,,"1x64x352",,,32,1,32,352,1,64,8,1,16
"dot/dot_uint8_int4_int32_1x32x32_1x16x8_avx512/64/544/real_time",323420,432.615,431.672,ns,,,"1x64x544",,,32,1,32,544,1,64,8,1,16
"dot/dot_uint8_int4_int32_1x32x32_1x16x8_avx512/64/736/real_time",239571,584.391,583.096,ns,,,"1x64x736",,,32,1,32,736,1,64,8,1,16
"dot/dot_uint8_int4_int32_1x32x32_1x16x8_avx512/128/32/real_time",2531911,55.3399,55.2221,ns,,,"1x128x32",,,32,1,32,32,1,128,8,1,16
"dot/dot_uint8_int4_int32_1x32x32_1x16x8_avx512/128/64/real_time",1321804,105.576,105.345,ns,,,"1x128x64",,,32,1,32,64,1,128,8,1,16
"dot/dot_uint8_int4_int32_1x32x32_1x16x8_avx512/128/160/real_time",544180,257.357,256.778,ns,,,"1x128x160",,,32,1,32,160,1,128,8,1,16
"dot/dot_uint8_int4_int32_1x32x32_1x16x8_avx512/128/256/real_time",342167,409.184,408.225,ns,,,"1x128x256",,,32,1,32,256,1,128,8,1,16
"dot/dot_uint8_int4_int32_1x32x32_1x16x8_avx512/128/352/real_time",249606,557.077,555.773,ns,,,"1x128x352",,,32,1,32,352,1,128,8,1,16
"dot/dot_uint8_int4_int32_1x32x32_1x16x8_avx512/256/32/real_time",1318371,106.199,105.997,ns,,,"1x256x32",,,32,1,32,32,1,256,8,1,16
"dot/dot_uint8_int4_int32_1x32x32_1x16x8_avx512/256/64/real_time",685849,206.792,206.415,ns,,,"1x256x64",,,32,1,32,64,1,256,8,1,16
"dot/dot_uint8_int4_int32_1x32x32_1x16x8_avx512/256/96/real_time",462823,302.567,302.003,ns,,,"1x256x96",,,32,1,32,96,1,256,8,1,16
"dot/dot_uint8_int4_int32_1x32x32_1x16x8_avx512/256/160/real_time",280248,499.454,498.468,ns,,,"1x256x160",,,32,1,32,160,1,256,8,1,16
"dot/dot_uint8_int4_int32_2x32x32_1x16x8_avx512/32/32/real_time",6451819,21.6972,21.6558,ns,,,"2x32x32",,,32,2,32,32,2,32,8,1,16
"dot/dot_uint8_int4_int32_2x32x32_1x16x8_avx512/32/320/real_time",800896,174.761,174.426,ns,,,"2x32x320",,,32,2,32,320,2,32,8,1,16
"dot/dot_uint8_int4_int32_2x32x32_1x16x8_avx512/32/672/real_time",385509,363.199,362.464,ns,,,"2x32x672",,,32,2,32,672,2,32,8,1,16
"dot/dot_uint8_int4_int32_2x32x32_1x16x8_avx512/32/992/real_time",261826,534.703,533.685,ns,,,"2x32x992",,,32,2,32,992,2,32,8,1,16
"dot/dot_uint8_int4_int32_2x32x32_1x16x8_avx512/32/1344/real_time",193618,722.795,721.421,ns,,,"2x32x1344",,,32,2,32,1344,2,32,8,1,16
"dot/dot_uint8_int4_int32_2x32x32_1x16x8_avx512/64/32/real_time",3464740,40.3628,40.2884,ns,,,"2x64x32",,,32,2,32,32,2,64,8,1,16
"dot/dot_uint8_int4_int32_2x32x32_1x16x8_avx512/64/160/real_time",788074,177.595,177.236,ns,,,"2x64x160",,,32,2,32,160,2,64,8,1,16
"dot/dot_uint8_int4_int32_2x32x32_1x16x8_avx512/64/352/real_time",365218,383.309,382.535,ns,,,"2x64x352",,,32,2,32,352,2,64,8,1,16
"dot/dot_uint8_int4_int32_2x32x32_1x16x8_avx512/64/512/real_time",252485,554.894,553.639,ns,,,"2x64x512",,,32,2,32,512,2,64,8,1,16
"dot/dot_uint8_int4_int32_2x32x32_1x16x8_avx512/64/704/real_time",179656,760.451,758.777,ns,,,"2x64x704",,,32,2,32,704,2,64,8,1,16
"dot/dot_uint8_int4_int32_2x32x32_1x16x8_avx512/128/32/real_time",1706750,85.5139,85.3357,ns,,,"2x128x32",,,32,2,32,32,2,128,8,1,16
"dot/dot_uint8_int4_int32_2x32x32_1x16x8_avx512/128/64/real_time",948230,148.067,147.765,ns,,,"2x128x64",,,32,2,32,64,2,128,8,1,16
"dot/dot_uint8_int4_int32_2x32x32_1x16x8_avx512/128/160/real_time",394495,354.75,354.075,ns,,,"2x128x160",,,32,2,32,160,2,128,8,1,16
"dot/dot_uint8_int4_int32_2x32x32_1x16x8_avx512/128/256/real_time",249805,560.411,559.366,ns,,,"2x128x256",,,32,2,32,256,2,128,8,1,16
"dot/dot_uint8_int4_int32_2x32x32_1x16x8_avx512/128/352/real_time",182572,780.449,778.995,ns,,,"2x128x352",,,32,2,32,352,2,128,8,1,16
"dot/dot_uint8_int4_int32_2x32x32_1x16x8_avx512/256/32/real_time",833032,168.548,168.228,ns,,,"2x256x32",,,32,2,32,32,2,256,8,1,16
"dot/dot_uint8_int4_int32_2x32x32_1x16x8_avx512/256/64/real_time",473743,295.892,295.276,ns,,,"2x256x64",,,32,2,32,64,2,256,8,1,16
"dot/dot_uint8_int4_int32_2x32x32_1x16x8_avx512/256/96/real_time",321474,439.243,438.395,ns,,,"2x256x96",,,32,2,32,96,2,256,8,1,16
"dot/dot_uint8_int4_int32_2x32x32_1x16x8_avx512/256/160/real_time",197756,708.334,706.899,ns,,,"2x256x160",,,32,2,32,160,2,256,8,1,16
"dot/dot_uint8_int4_int32_3x32x32_1x16x8_avx512/32/32/real_time",5142182,27.2307,27.1786,ns,,,"3x32x32",,,32,3,32,32,3,32,8,1,16
"dot/dot_uint8_int4_int32_3x32x32_1x16x8_avx512/32/288/real_time",644531,217.048,216.632,ns,,,"3x32x288",,,32,3,32,288,3,32,8,1,16
"dot/dot_uint8_int4_int32_3x32x32_1x16x8_avx512/32/608/real_time",305475,458.327,457.481,ns,,,"3x32x608",,,32,3,32,608,3,32,8,1,16
"dot/dot_uint8_int4_int32_3x32x32_1x16x8_avx512/32/928/real_time",200074,699.561,698.299,ns,,,"3x32x928",,,32,3,32,928,3,32,8,1,16
"dot/dot_uint8_int4_int32_3x32x32_1x16x8_avx512/32/1248/real_time",148798,940.778,939.011,ns,,,"3x32x1248",,,32,3,32,1248,3,32,8,1,16
"dot/dot_uint8_int4_int32_3x32x32_1x16x8_avx512/64/32/real_time",2694331,51.9539,51.8577,ns,,,"3x64x32",,,32,3,32,32,3,64,8,1,16
"dot/dot_uint8_int4_int32_3x32x32_1x16x8_avx512/64/160/real_time",582715,240.747,240.282,ns,,,"3x64x160",,,32,3,32,160,3,64,8,1,16
"dot/dot_uint8_int4_int32_3x32x32_1x16x8_avx512/64/320/real_time",290193,482.443,481.554,ns,,,"3x64x320",,,32,3,32,320,3,64,8,1,16
"dot/dot_uint8_int4_int32_3x32x32_1x16x8_avx512/64/480/real_time",193568,723.179,721.832,ns,,,"3x64x480",,,32,3,32,480,3,64,8,1,16
"dot/dot_uint8_int4_int32_3x32x32_1x16x8_avx512/64/672/real_time",138241,1012.75,1010.88,ns,,,"3x64x672",,,32,3,32,672,3,64,8,1,16
"dot/dot_uint8_int4_int32_3x32x32_1x16x8_avx512/128/32/real_time",1366140,104.598,104.389,ns,,,"3x128x32",,,32,3,32,32,3,128,8,1,16
"dot/dot_uint8_int4_int32_3x32x32_1x16x8_avx512/128/64/real_time",719951,194.548,194.164,ns,,,"3x128x64",,,32,3,32,64,3,128,8,1,16
"dot/dot_uint8_int4_int32_3x32x32_1x16x8_avx512/128/160/real_time",290997,481.481,480.538,ns,,,"3x128x160",,,32,3,32,160,3,128,8,1,16
"dot/dot_uint8_int4_int32_3x32x32_1x16x8_avx512/128/224/real_time",207662,674.242,672.908,ns,,,"3x128x224",,,32,3,32,224,3,128,8,1,16
"dot/dot_uint8_int4_int32_3x32x32_1x16x8_avx512/128/320/real_time",145167,964.316,962.472,ns,,,"3x128x320",,,32,3,32,320,3,128,8,1,16
"dot/dot_uint8_int4_int32_3x32x32_1x16x8_avx512/256/32/real_time",692196,202.195,201.83,ns,,,"3x256x32",,,32,3,32,32,3,256,8,1,16
"dot/dot_uint8_int4_int32_3x32x32_1x16x8_avx512/256/64/real_time",359883,388.39,387.61,ns,,,"3x256x64",,,32,3,32,64,3,256,8,1,16
"dot/dot_uint8_int4_int32_3x32x32_1x16x8_avx512/256/96/real_time",242795,576.991,575.881,ns,,,"3x256x96",,,32,3,32,96,3,256,8,1,16
"dot/dot_uint8_int4_int32_3x32x32_1x16x8_avx512/256/160/real_time",145381,962.52,960.704,ns,,,"3x256x160",,,32,3,32,160,3,256,8,1,16
"dot/dot_uint8_int4_int32_4x32x32_1x16x8_avx512/32/32/real_time",4007553,34.8898,34.8243,ns,,,"4x32x32",,,32,4,32,32,4,32,8,1,16
"dot/dot_uint8_int4_int32_4x32x32_1x16x8_avx512/32/288/real_time",550541,254.229,253.717,ns,,,"4x32x288",,,32,4,32,288,4,32,8,1,16
"dot/dot_uint8_int4_int32_4x32x32_1x16x8_avx512/32/576/real_time",277901,503.714,502.748,ns,,,"4x32x576",,,32,4,32,576,4,32,8,1,16
"dot/dot_uint8_int4_int32_4x32x32_1x16x8_avx512/32/864/real_time",185975,760.751,759.257,ns,,,"4x32x864",,,32,4,32,864,4,32,8,1,16
"dot/dot_uint8_int4_int32_4x32x32_1x16x8_avx512/32/1184/real_time",135984,1029.7,1027.75,ns,,,"4x32x1184",,,32,4,32,1184,4,32,8,1,16
"dot/dot_uint8_int4_int32_4x32x32_1x16x8_avx512/64/32/real_time",2166854,64.6114,64.4817,ns,,,"4x64x32",,,32,4,32,32,4,64,8,1,16
"dot/dot_uint8_int4_int32_4x32x32_1x16x8_avx512/64/160/real_time",492501,285.875,285.294,ns,,,"4x64x160",,,32,4,32,160,4,64,8,1,16
"dot/dot_uint8_int4_int32_4x32x32_1x16x8_avx512/64/320/real_time",249223,561.744,560.679,ns,,,"4x64x320",,,32,4,32,320,4,64,8,1,16
"dot/dot_uint8_int4_int32_4x32x32_1x16x8_avx512/64/480/real_time",166993,845.801,844.137,ns,,,"4x64x480",,,32,4,32,480,4,64,8,1,16
"dot/dot_uint8_int4_int32_4x32x32_1x16x8_avx512/64/640/real_time",125469,1115.67,1113.48,ns,,,"4x64x640",,,32,4,32,640,4,64,8,1,16
"dot/dot_uint8_int4_int32_4x32x32_1x16x8_avx512/128/32/real_time",1118227,125.451,125.205,ns,,,"4x128x32",,,32,4,32,32,4,128,8,1,16
"dot/dot_uint8_int4_int32_4x32x32_1x16x8_avx512/128/64/real_time",596188,235.027,234.552,ns,,,"4x128x64",,,32,4,32,64,4,128,8,1,16
"dot/dot_uint8_int4_int32_4x32x32_1x16x8_avx512/128/160/real_time",240712,578.112,576.958,ns,,,"4x128x160",,,32,4,32,160,4,128,8,1,16
"dot/dot_uint8_int4_int32_4x32x32_1x16x8_avx512/128/224/real_time",177479,788.801,787.291,ns,,,"4x128x224",,,32,4,32,224,4,128,8,1,16
"dot/dot_uint8_int4_int32_4x32x32_1x16x8_avx512/128/320/real_time",124831,1121.62,1119.32,ns,,,"4x128x320",,,32,4,32,320,4,128,8,1,16
"dot/dot_uint8_int4_int32_4x32x32_1x16x8_avx512/256/32/real_time",569316,246.238,245.731,ns,,,"4x256x32",,,32,4,32,32,4,256,8,1,16
"dot/dot_uint8_int4_int32_4x32x32_1x16x8_avx512/256/64/real_time",299013,467.837,466.922,ns,,,"4x256x64",,,32,4,32,64,4,256,8,1,16
"dot/dot_uint8_int4_int32_4x32x32_1x16x8_avx512/256/96/real_time",203348,688.388,687.015,ns,,,"4x256x96",,,32,4,32,96,4,256,8,1,16
"dot/dot_uint8_int4_int32_4x32x32_1x16x8_avx512/256/128/real_time",153741,910.491,908.87,ns,,,"4x256x128",,,32,4,32,128,4,256,8,1,16
"dot/dot_uint8_int4_int32_5x32x32_1x16x8_avx512/32/32/real_time",3391584,48.5104,48.3988,ns,,,"5x32x32",,,32,5,32,32,5,32,8,1,16
"dot/dot_uint8_int4_int32_5x32x32_1x16x8_avx512/32/256/real_time",475643,289.058,288.468,ns,,,"5x32x256",,,32,5,32,256,5,32,8,1,16
"dot/dot_uint8_int4_int32_5x32x32_1x16x8_avx512/32/544/real_time",253235,552.774,551.664,ns,,,"5x32x544",,,32,5,32,544,5,32,8,1,16
"dot/dot_uint8_int4_int32_5x32x32_1x16x8_avx512/32/832/real_time",166678,840.214,838.555,ns,,,"5x32x832",,,32,5,32,832,5,32,8,1,16
"dot/dot_uint8_int4_int32_5x32x32_1x16x8_avx512/32/1120/real_time",124208,1127.87,1125.59,ns,,,"5x32x1120",,,32,5,32,1120,5,32,8,1,16
"dot/dot_uint8_int4_int32_5x32x32_1x16x8_avx512/64/32/real_time",1808520,77.3891,77.2315,ns,,,"5x64x32",,,32,5,32,32,5,64,8,1,16
"dot/dot_uint8_int4_int32_5x32x32_1x16x8_avx512/64/128/real_time",519622,269.481,268.956,ns,,,"5x64x128",,,32,5,32,128,5,64,8,1,16
"dot/dot_uint8_int4_int32_5x32x32_1x16x8_avx512/64/288/real_time",237598,588.973,587.816,ns,,,"5x64x288",,,32,5,32,288,5,64,8,1,16
"dot/dot_uint8_int4_int32_5x32x32_1x16x8_avx512/64/448/real_time",153505,910.605,908.787,ns,,,"5x64x448",,,32,5,32,448,5,64,8,1,16
"dot/dot_uint8_int4_int32_5x32x32_1x16x8_avx512/64/608/real_time",114024,1227.81,1225.5,ns,,,"5x64x608",,,32,5,32,608,5,64,8,1,16
"dot/dot_uint8_int4_int32_5x32x32_1x16x8_avx512/128/32/real_time",935279,149.62,149.317,ns,,,"5x128x32",,,32,5,32,32,5,128,8,1,16
"dot/dot_uint8_int4_int32_5x32x32_1x16x8_avx512/128/64/real_time",503403,278.046,277.487,ns,,,"5x128x64",,,32,5,32,64,5,128,8,1,16
"dot/dot_uint8_int4_int32_5x32x32_1x16x8_avx512/128/128/real_time",262368,533.601,532.575,ns,,,"5x128x128",,,32,5,32,128,5,128,8,1,16
"dot/dot_uint8_int4_int32_5x32x32_1x16x8_avx512/128/192/real_time",177401,789.387,787.833,ns,,,"5x128x192",,,32,5,32,192,5,128,8,1,16
"dot/dot_uint8_int4_int32_5x32x32_1x16x8_avx512/128/288/real_time",119395,1189.49,1187.16,ns,,,"5x128x288",,,32,5,32,288,5,128,8,1,16
"dot/dot_uint8_int4_int32_5x32x32_1x16x8_avx512/256/32/real_time",473909,295.203,294.556,ns,,,"5x256x32",,,32,5,32,32,5,256,8,1,16
"dot/dot_uint8_int4_int32_5x32x32_1x16x8_avx512/256/64/real_time",253550,563.157,562.046,ns,,,"5x256x64",,,32,5,32,64,5,256,8,1,16
"dot/dot_uint8_int4_int32_5x32x32_1x16x8_avx512/256/96/real_time",173403,807.295,805.701,ns,,,"5x256x96",,,32,5,32,96,5,256,8,1,16
"dot/dot_uint8_int4_int32_5x32x32_1x16x8_avx512/256/128/real_time",131565,1063.11,1061.09,ns,,,"5x256x128",,,32,5,32,128,5,256,8,1,16
"dot/dot_uint8_int4_int32_1x16x32_1x16x8_avx512/16/32/real_time",13938712,10.1322,10.1087,ns,,,"1x16x32",,,32,1,16,32,1,16,8,1,16
"dot/dot_uint8_int4_int32_1x16x32_1x16x8_avx512/16/672/real_time",1054087,132.827,132.555,ns,,,"1x16x672",,,32,1,16,672,1,16,8,1,16
"dot/dot_uint8_int4_int32_1x16x32_1x16x8_avx512/16/1344/real_time",529645,264.416,263.835,ns,,,"1x16x1344",,,32,1,16,1344,1,16,8,1,16
"dot/dot_uint8_int4_int32_1x16x32_1x16x8_avx512/16/2016/real_time",353626,395.855,394.951,ns,,,"1x16x2016",,,32,1,16,2016,1,16,8,1,16
"dot/dot_uint8_int4_int32_1x16x32_1x16x8_avx512/16/2720/real_time",269894,518.855,517.84,ns,,,"1x16x2720",,,32,1,16,2720,1,16,8,1,16
"dot/dot_uint8_int4_int32_1x16x32_1x16x8_avx512/32/32/real_time",9293232,15.0665,15.0346,ns,,,"1x32x32",,,32,1,16,32,1,32,8,1,16
"dot/dot_uint8_int4_int32_1x16x32_1x16x8_avx512/32/352/real_time",1002238,139.654,139.336,ns,,,"1x32x352",,,32,1,16,352,1,32,8,1,16
"dot/dot_uint8_int4_int32_1x16x32_1x16x8_avx512/32/704/real_time",504611,277.413,276.731,ns,,,"1x32x704",,,32,1,16,704,1,32,8,1,16
"dot/dot_uint8_int4_int32_1x16x32_1x16x8_avx512/32/1056/real_time",334861,416.679,415.634,ns,,,"1x32x1056",,,32,1,16,1056,1,32,8,1,16
"dot/dot_uint8_int4_int32_1x16x32_1x16x8_avx512/32/1408/real_time",253149,548.587,546.756,ns,,,"1x32x1408",,,32,1,16,1408,1,32,8,1,16
"dot/dot_uint8_int4_int32_1x16x32_1x16x8_avx512/64/32/real_time",4983436,28.13,28.0466,ns,,,"1x64x32",,,32,1,16,32,1,64,8,1,16
"dot/dot_uint8_int4_int32_1x16x32_1x16x8_avx512/64/160/real_time",1093971,127.924,127.669,ns,,,"1x64x160",,,32,1,16,160,1,64,8,1,16
"dot/dot_uint8_int4_int32_1x16x32_1x16x8_avx512/64/352/real_time",502810,278.221,277.592,ns,,,"1x64x352",,,32,1,16,352,1,64,8,1,16
"dot/dot_uint8_int4_int32_1x16x32_1x16x8_avx512/64/544/real_time",326843,428.485,427.554,ns,,,"1x64x544",,,32,1,16,544,1,64,8,1,16
"dot/dot_uint8_int4_int32_1x16x32_1x16x8_avx512/64/736/real_time",244192,562.786,561.7,ns,,,"1x64x736",,,32,1,16,736,1,64,8,1,16
"dot/dot_uint8_int4_int32_1x16x32_1x16x8_avx512/128/32/real_time",2561885,54.657,54.5326,ns,,,"1x128x32",,,32,1,16,32,1,128,8,1,16
"dot/dot_uint8_int4_int32_1x16x32_1x16x8_avx512/128/64/real_time",1336217,104.875,104.633,ns,,,"1x128x64",,,32,1,16,64,1,128,8,1,16
"dot/dot_uint8_int4_int32_1x16x32_1x16x8_avx512/128/160/real_time",549441,258.928,258.357,ns,,,"1x128x160",,,32,1,16,160,1,128,8,1,16
"dot/dot_uint8_int4_int32_1x16x32_1x16x8_avx512/128/256/real_time",345442,405.111,404.286,ns,,,"1x128x256",,,32,1,16,256,1,128,8,1,16
"dot/dot_uint8_int4_int32_1x16x32_1x16x8_avx512/128/352/real_time",252050,555.474,554.276,ns,,,"1x128x352",,,32,1,16,352,1,128,8,1,16
"dot/dot_uint8_int4_int32_5x16x32_1x16x8_avx512/16/32/real_time",6496287,21.6103,21.5643,ns,,,"5x16x32",,,32,5,16,32,5,16,8,1,16
"dot/dot_uint8_int4_int32_5x16x32_1x16x8_avx512/16/448/real_time",606706,230.831,230.369,ns,,,"5x16x448",,,32,5,16,448,5,16,8,1,16
"dot/dot_uint8_int4_int32_5x16x32_1x16x8_avx512/16/928/real_time",296131,472.878,471.94,ns,,,"5x16x928",,,32,5,16,928,5,16,8,1,16
"dot/dot_uint8_int4_int32_5x16x32_1x16x8_avx512/16/1376/real_time",200129,699.664,698.251,ns,,,"5x16x1376",,,32,5,16,1376,5,16,8,1,16
"dot/dot_uint8_int4_int32_5x16x32_1x16x8_avx512/16/1856/real_time",148847,940.891,938.994,ns,,,"5x16x1856",,,32,5,16,1856,5,16,8,1,16
"dot/dot_uint8_int4_int32_5x16x32_1x16x8_avx512/32/32/real_time",3522443,39.8457,39.7684,ns,,,"5x32x32",,,32,5,16,32,5,32,8,1,16
"dot/dot_uint8_int4_int32_5x16x32_1x16x8_avx512/32/256/real_time",502435,265.413,264.895,ns,,,"5x32x256",,,32,5,16,256,5,32,8,1,16
"dot/dot_uint8_int4_int32_5x16x32_1x16x8_avx512/32/544/real_time",248587,561.482,560.376,ns,,,"5x32x544",,,32,5,16,544,5,32,8,1,16
"dot/dot_uint8_int4_int32_5x16x32_1x16x8_avx512/32/832/real_time",165460,862.97,861.154,ns,,,"5x32x832",,,32,5,16,832,5,32,8,1,16
"dot/dot_uint8_int4_int32_5x16x32_1x16x8_avx512/32/1120/real_time",123215,1135.63,1133.54,ns,,,"5x32x1120",,,32,5,16,1120,5,32,8,1,16
"dot/dot_uint8_int4_int32_5x16x32_1x16x8_avx512/64/32/real_time",1792897,78.0267,77.8832,ns,,,"5x64x32",,,32,5,16,32,5,64,8,1,16
"dot/dot_uint8_int4_int32_5x16x32_1x16x8_avx512/64/128/real_time",518235,270.075,269.57,ns,,,"5x64x128",,,32,5,16,128,5,64,8,1,16
"dot/dot_uint8_int4_int32_5x16x32_1x16x8_avx512/64/288/real_time",236434,592.248,591.102,ns,,,"5x64x288",,,32,5,16,288,5,64,8,1,16
"dot/dot_uint8_int4_int32_5x16x32_1x16x8_avx512/64/448/real_time",152947,915.493,913.659,ns,,,"5x64x448",,,32,5,16,448,5,64,8,1,16
"dot/dot_uint8_int4_int32_5x16x32_1x16x8_avx512/64/608/real_time",113148,1237.27,1234.91,ns,,,"5x64x608",,,32,5,16,608,5,64,8,1,16
"dot/dot_uint8_int4_int32_5x16x32_1x16x8_avx512/128/32/real_time",874815,159.708,159.398,ns,,,"5x128x32",,,32,5,16,32,5,128,8,1,16
"dot/dot_uint8_int4_int32_5x16x32_1x16x8_avx512/128/64/real_time",498698,281.029,280.488,ns,,,"5x128x64",,,32,5,16,64,5,128,8,1,16
"dot/dot_uint8_int4_int32_5x16x32_1x16x8_avx512/128/128/real_time",260042,538.226,537.152,ns,,,"5x128x128",,,32,5,16,128,5,128,8,1,16
"dot/dot_uint8_int4_int32_5x16x32_1x16x8_avx512/128/192/real_time",175908,808.436,806.803,ns,,,"5x128x192",,,32,5,16,192,5,128,8,1,16
"dot/dot_uint8_int4_int32_5x16x32_1x16x8_avx512/128/288/real_time",118344,1182.33,1180.09,ns,,,"5x128x288",,,32,5,16,288,5,128,8,1,16
"dot/dot_uint8_int4_int32_8x16x32_1x16x8_avx512/16/32/real_time",4001444,35.0052,34.9359,ns,,,"8x16x32",,,32,8,16,32,8,16,8,1,16
"dot/dot_uint8_int4_int32_8x16x32_1x16x8_avx512/16/352/real_time",514007,272.741,272.217,ns,,,"8x16x352",,,32,8,16,352,8,16,8,1,16
"dot/dot_uint8_int4_int32_8x16x32_1x16x8_avx512/16/736/real_time",250268,559.798,558.678,ns,,,"8x16x736",,,32,8,16,736,8,16,8,1,16
"dot/dot_uint8_int4_int32_8x16x32_1x16x8_avx512/16/1120/real_time",165573,846.205,844.574,ns,,,"8x16x1120",,,32,8,16,1120,8,16,8,1,16
"dot/dot_uint8_int4_int32_8x16x32_1x16x8_avx512/16/1504/real_time",123430,1132.39,1130.2,ns,,,"8x16x1504",,,32,8,16,1504,8,16,8,1,16
"dot/dot_uint8_int4_int32_8x16x32_1x16x8_avx512/32/32/real_time",2262087,61.9203,61.7984,ns,,,"8x32x32",,,32,8,16,32,8,32,8,1,16
"dot/dot_uint8_int4_int32_8x16x32_1x16x8_avx512/32/224/real_time",402476,347.802,347.144,ns,,,"8x32x224",,,32,8,16,224,8,32,8,1,16
"dot/dot_uint8_int4_int32_8x16x32_1x16x8_avx512/32/480/real_time",191915,729.973,728.528,ns,,,"8x32x480",,,32,8,16,480,8,32,8,1,16
"dot/dot_uint8_int4_int32_8x16x32_1x16x8_avx512/32/704/real_time",131035,1067.15,1065.12,ns,,,"8x32x704",,,32,8,16,704,8,32,8,1,16
"dot/dot_uint8_int4_int32_8x16x32_1x16x8_avx512/32/960/real_time",96766,1447.33,1444.52,ns,,,"8x32x960",,,32,8,16,960,8,32,8,1,16
"dot/dot_uint8_int4_int32_8x16x32_1x16x8_avx512/64/32/real_time",1207753,115.837,115.627,ns,,,"8x64x32",,,32,8,16,32,8,64,8,1,16
"dot/dot_uint8_int4_int32_8x16x32_1x16x8_avx512/64/128/real_time",348295,401.846,401.063,ns,,,"8x64x128",,,32,8,16,128,8,64,8,1,16
"dot/dot_uint8_int4_int32_8x16x32_1x16x8_avx512/64/256/real_time",178545,784.16,782.608,ns,,,"8x64x256",,,32,8,16,256,8,64,8,1,16
"dot/dot_uint8_int4_int32_8x16x32_1x16x8_avx512/64/384/real_time",120061,1167.51,1165.13,ns,,,"8x64x384",,,32,8,16,384,8,64,8,1,16
"dot/dot_uint8_int4_int32_8x16x32_1x16x8_avx512/64/544/real_time",85087,1646.06,1642.93,ns,,,"8x64x544",,,32,8,16,544,8,64,8,1,16
"dot/dot_uint8_int4_int32_8x16x32_1x16x8_avx512/128/32/real_time",626349,223.546,223.142,ns,,,"8x128x32",,,32,8,16,32,8,128,8,1,16
"dot/dot_uint8_int4_int32_8x16x32_1x16x8_avx512/128/64/real_time",338568,421.403,420.535,ns,,,"8x128x64",,,32,8,16,64,8,128,8,1,16
"dot/dot_uint8_int4_int32_8x16x32_1x16x8_avx512/128/128/real_time",175809,796.207,794.698,ns,,,"8x128x128",,,32,8,16,128,8,128,8,1,16
"dot/dot_uint8_int4_int32_8x16x32_1x16x8_avx512/128/192/real_time",118931,1178.91,1176.66,ns,,,"8x128x192",,,32,8,16,192,8,128,8,1,16
"dot/dot_uint8_int4_int32_8x16x32_1x16x8_avx512/128/256/real_time",78380,1562.77,1559.69,ns,,,"8x128x256",,,32,8,16,256,8,128,8,1,16
"dot/dot_fp32_1x32x1_1x8x1_fma3/32/1/real_time",19316810,7.37102,7.35594,ns,,,"1x32x1",,,1,1,32,1,1,32,1,1,8
"dot/dot_fp32_1x32x1_1x8x1_fma3/32/46/real_time",3352779,41.7464,41.6641,ns,,,"1x32x46",,,1,1,32,46,1,32,1,1,8
"dot/dot_fp32_1x32x1_1x8x1_fma3/32/92/real_time",1579049,88.6513,88.4802,ns,,,"1x32x92",,,1,1,32,92,1,32,1,1,8
"dot/dot_fp32_1x32x1_1x8x1_fma3/32/138/real_time",1019022,144.111,143.807,ns,,,"1x32x138",,,1,1,32,138,1,32,1,1,8
"dot/dot_fp32_1x32x1_1x8x1_fma3/32/185/real_time",636309,208.27,207.799,ns,,,"1x32x185",,,1,1,32,185,1,32,1,1,8
"dot/dot_fp32_1x32x1_1x8x1_fma3/64/1/real_time",12226859,10.3266,10.3032,ns,,,"1x64x1",,,1,1,32,1,1,64,1,1,8
"dot/dot_fp32_1x32x1_1x8x1_fma3/64/23/real_time",3865126,35.4884,35.3156,ns,,,"1x64x23",,,1,1,32,23,1,64,1,1,8
"dot/dot_fp32_1x32x1_1x8x1_fma3/64/46/real_time",1779544,78.6479,78.4672,ns,,,"1x64x46",,,1,1,32,46,1,64,1,1,8
"dot/dot_fp32_1x32x1_1x8x1_fma3/64/69/real_time",1030838,127.704,127.426,ns,,,"1x64x69",,,1,1,32,69,1,64,1,1,8
"dot/dot_fp32_1x32x1_1x8x1_fma3/64/93/real_time",782315,178.887,178.483,ns,,,"1x64x93",,,1,1,32,93,1,64,1,1,8
"dot/dot_fp32_1x32x1_1x8x1_fma3/128/1/real_time",9583568,14.4957,14.4638,ns,,,"1x128x1",,,1,1,32,1,1,128,1,1,8
"dot/dot_fp32_1x32x1_1x8x1_fma3/128/11/real_time",3868892,36.1399,36.0545,ns,,,"1x128x11",,,1,1,32,11,1,128,1,1,8
"dot/dot_fp32_1x32x1_1x8x1_fma3/128/23/real_time",2066666,67.7681,67.6192,ns,,,"1x128x23",,,1,1,32,23,1,128,1,1,8
"dot/dot_fp32_1x32x1_1x8x1_fma3/128/34/real_time",1327547,107.382,107.132,ns,,,"1x128x34",,,1,1,32,34,1,128,1,1,8
"dot/dot_fp32_1x32x1_1x8x1_fma3/128/46/real_time",919075,152.521,152.176,ns,,,"1x128x46",,,1,1,32,46,1,128,1,1,8
"dot/dot_fp32_1x32x1_1x8x1_fma3/256/1/real_time",5794723,24.1149,24.0588,ns,,,"1x256x1",,,1,1,32,1,1,256,1,1,8
"dot/dot_fp32_1x32x1_1x8x1_fma3/256/5/real_time",3589305,38.4901,38.407,ns,,,"1x256x5",,,1,1,32,5,1,256,1,1,8
"dot/dot_fp32_1x32x1_1x8x1_fma3/256/11/real_time",2072337,67.4779,67.3286,ns,,,"1x256x11",,,1,1,32,11,1,256,1,1,8
"dot/dot_fp32_1x32x1_1x8x1_fma3/256/16/real_time",1463432,95.6116,95.3949,ns,,,"1x256x16",,,1,1,32,16,1,256,1,1,8
"dot/dot_fp32_1x32x1_1x8x1_fma3/256/22/real_time",984009,137.779,137.425,ns,,,"1x256x22",,,1,1,32,22,1,256,1,1,8
"dot/dot_fp32_2x32x1_1x8x1_fma3/32/1/real_time",14652004,9.56357,9.54098,ns,,,"2x32x1",,,1,2,32,1,2,32,1,1,8
"dot/dot_fp32_2x32x1_1x8x1_fma3/32/44/real_time",2600817,54.6742,54.5483,ns,,,"2x32x44",,,1,2,32,44,2,32,1,1,8
"dot/dot_fp32_2x32x1_1x8x1_fma3/32/89/real_time",1351654,106.316,106.097,ns,,,"2x32x89",,,1,2,32,89,2,32,1,1,8
"dot/dot_fp32_2x32x1_1x8x1_fma3/32/133/real_time",912456,152.978,152.633,ns,,,"2x32x133",,,1,2,32,133,2,32,1,1,8
"dot/dot_fp32_2x32x1_1x8x1_fma3/32/178/real_time",688555,205.284,204.838,ns,,,"2x32x178",,,1,2,32,178,2,32,1,1,8
"dot/dot_fp32_2x32x1_1x8x1_fma3/64/1/real_time",10441770,13.3232,13.2939,ns,,,"2x64x1",,,1,2,32,1,2,64,1,1,8
"dot/dot_fp32_2x32x1_1x8x1_fma3/64/22/real_time",2558985,54.5189,54.4064,ns,,,"2x64x22",,,1,2,32,22,2,64,1,1,8
"dot/dot_fp32_2x32x1_1x8x1_fma3/64/45/real_time",1305462,107.81,107.58,ns,,,"2x64x45",,,1,2,32,45,2,64,1,1,8
"dot/dot_fp32_2x32x1_1x8x1_fma3/64/68/real_time",886061,158.58,158.199,ns,,,"2x64x68",,,1,2,32,68,2,64,1,1,8
"dot/dot_fp32_2x32x1_1x8x1_fma3/64/91/real_time",659410,212.267,211.838,ns,,,"2x64x91",,,1,2,32,91,2,64,1,1,8
"dot/dot_fp32_2x32x1_1x8x1_fma3/128/1/real_time",6723035,21.1373,21.0897,ns,,,"2x128x1",,,1,2,32,1,2,128,1,1,8
"dot/dot_fp32_2x32x1_1x8x1_fma3/128/11/real_time",2558079,54.6124,54.4921,ns,,,"2x128x11",,,1,2,32,11,2,128,1,1,8
"dot/dot_fp32_2x32x1_1x8x1_fma3/128/22/real_time",1312650,106.349,106.124,ns,,,"2x128x22",,,1,2,32,22,2,128,1,1,8
"dot/dot_fp32_2x32x1_1x8x1_fma3/128/33/real_time",905515,154.855,154.496,ns,,,"2x128x33",,,1,2,32,33,2,128,1,1,8
"dot/dot_fp32_2x32x1_1x8x1_fma3/128/45/real_time",662749,210.036,209.606,ns,,,"2x128x45",,,1,2,32,45,2,128,1,1,8
"dot/dot_fp32_2x32x1_1x8x1_fma3/256/1/real_time",3941639,35.4495,35.3721,ns,,,"2x256x1",,,1,2,32,1,2,256,1,1,8
"dot/dot_fp32_2x32x1_1x8x1_fma3/256/5/real_time",2273672,61.582,61.4422,ns,,,"2x256x5",,,1,2,32,5,2,256,1,1,8
"dot/dot_fp32_2x32x1_1x8x1_fma3/256/10/real_time",1437147,98.0409,97.8155,ns,,,"2x256x10",,,1,2,32,10,2,256,1,1,8
"dot/dot_fp32_2x32x1_1x8x1_fma3/256/15/real_time",984199,141.631,141.318,ns,,,"2x256x15",,,1,2,32,15,2,256,1,1,8
"dot/dot_fp32_2x32x1_1x8x1_fma3/256/21/real_time",714383,196.443,195.999,ns,,,"2x256x21",,,1,2,32,21,2,256,1,1,8
"dot/dot_fp32_1x16x1_1x8x1_fma3/16/1/real_time",18812353,7.42948,7.41341,ns,,,"1x16x1",,,1,1,16,1,1,16,1,1,8
"dot/dot_fp32_1x16x1_1x8x1_fma3/16/90/real_time",2219012,62.7641,62.615,ns,,,"1x16x90",,,1,1,16,90,1,16,1,1,8
"dot/dot_fp32_1x16x1_1x8x1_fma3/16/180/real_time",910350,154.513,154.193,ns,,,"1x16x180",,,1,1,16,180,1,16,1,1,8
"dot/dot_fp32_1x16x1_1x8x1_fma3/16/270/real_time",555014,252.034,251.519,ns,,,"1x16x270",,,1,1,16,270,1,16,1,1,8
"dot/dot_fp32_1x16x1_1x8x1_fma3/16/360/real_time",403258,347.185,346.318,ns,,,"1x16x360",,,1,1,16,360,1,16,1,1,8
"dot/dot_fp32_1x16x1_1x8x1_fma3/32/1/real_time",14773623,9.24332,9.22316,ns,,,"1x32x1",,,1,1,16,1,1,32,1,1,8
"dot/dot_fp32_1x16x1_1x8x1_fma3/32/46/real_time",2454709,57.0231,56.9038,ns,,,"1x32x46",,,1,1,16,46,1,32,1,1,8
"dot/dot_fp32_1x16x1_1x8x1_fma3/32/92/real_time",1128632,123.957,123.677,ns,,,"1x32x92",,,1,1,16,92,1,32,1,1,8
"dot/dot_fp32_1x16x1_1x8x1_fma3/32/138/real_time",665406,210.402,209.96,ns,,,"1x32x138",,,1,1,16,138,1,32,1,1,8
"dot/dot_fp32_1x16x1_1x8x1_fma3/32/185/real_time",452378,309.384,308.736,ns,,,"1x32x185",,,1,1,16,185,1,32,1,1,8
"dot/dot_fp32_1x16x1_1x8x1_fma3/64/1/real_time",10366821,13.4971,13.4696,ns,,,"1x64x1",,,1,1,16,1,1,64,1,1,8
"dot/dot_fp32_1x16x1_1x8x1_fma3/64/23/real_time",2968018,47.1852,47.0807,ns,,,"1x64x23",,,1,1,16,23,1,64,1,1,8
"dot/dot_fp32_1x16x1_1x8x1_fma3/64/46/real_time",1322981,105.826,105.601,ns,,,"1x64x46",,,1,1,16,46,1,64,1,1,8
"dot/dot_fp32_1x16x1_1x8x1_fma3/64/69/real_time",732337,189.068,188.686,ns,,,"1x64x69",,,1,1,16,69,1,64,1,1,8
"dot/dot_fp32_1x16x1_1x8x1_fma3/64/93/real_time",541885,257.712,257.125,ns,,,"1x64x93",,,1,1,16,93,1,64,1,1,8
"dot/dot_fp32_1x16x1_1x8x1_fma3/128/1/real_time",6097551,22.5682,22.5174,ns,,,"1x128x1",,,1,1,16,1,1,128,1,1,8
"dot/dot_fp32_1x16x1_1x8x1_fma3/128/11/real_time",2894312,48.3619,48.2537,ns,,,"1x128x11",,,1,1,16,11,1,128,1,1,8
"dot/dot_fp32_1x16x1_1x8x1_fma3/128/23/real_time",1558863,89.8049,89.6046,ns,,,"1x128x23",,,1,1,16,23,1,128,1,1,8
"dot/dot_fp32_1x16x1_1x8x1_fma3/128/34/real_time",957526,149.526,149.183,ns,,,"1x128x34",,,1,1,16,34,1,128,1,1,8
"dot/dot_fp32_1x16x1_1x8x1_fma3/128/46/real_time",684972,204.383,203.929,ns,,,"1x128x46",,,1,1,16,46,1,128,1,1,8
"dot/dot_fp32_2x16x1_1x8x1_fma3/16/1/real_time",15968720,8.82593,8.8046,ns,,,"2x16x1",,,1,2,16,1,2,16,1,1,8
"dot/dot_fp32_2x16x1_1x8x1_fma3/16/84/real_time",1691980,83.4943,83.3286,ns,,,"2x16x84",,,1,2,16,84,2,16,1,1,8
"dot/dot_fp32_2x16x1_1x8x1_fma3/16/169/real_time",797221,174.524,174.146,ns,,,"2x16x169",,,1,2,16,169,2,16,1,1,8
"dot/dot_fp32_2x16x1_1x8x1_fma3/16/254/real_time",521847,273.551,272.989,ns,,,"2x16x254",,,1,2,16,254,2,16,1,1,8
"dot/dot_fp32_2x16x1_1x8x1_fma3/16/339/real_time",389749,364.754,364.028,ns,,,"2x16x339",,,1,2,16,339,2,16,1,1,8
"dot/dot_fp32_2x16x1_1x8x1_fma3/32/1/real_time",12317148,11.3972,11.3718,ns,,,"2x32x1",,,1,2,16,1,2,32,1,1,8
"dot/dot_fp32_2x16x1_1x8x1_fma3/32/44/real_time",1832000,77.5144,77.3398,ns,,,"2x32x44",,,1,2,16,44,2,32,1,1,8
"dot/dot_fp32_2x16x1_1x8x1_fma3/32/89/real_time",845626,166.406,166.083,ns,,,"2x32x89",,,1,2,16,89,2,32,1,1,8
"dot/dot_fp32_2x16x1_1x8x1_fma3/32/133/real_time",535763,263.243,262.689,ns,,,"2x32x133",,,1,2,16,133,2,32,1,1,8
"dot/dot_fp32_2x16x1_1x8x1_fma3/32/178/real_time",387866,360.705,359.968,ns,,,"2x32x178",,,1,2,16,178,2,32,1,1,8
"dot/dot_fp32_2x16x1_1x8x1_fma3/64/1/real_time",7894287,17.8244,17.7827,ns,,,"2x64x1",,,1,2,16,1,2,64,1,1,8
"dot/dot_fp32_2x16x1_1x8x1_fma3/64/22/real_time",2020947,65.6163,65.4673,ns,,,"2x64x22",,,1,2,16,22,2,64,1,1,8
"dot/dot_fp32_2x16x1_1x8x1_fma3/64/45/real_time",916459,156.099,155.733,ns,,,"2x64x45",,,1,2,16,45,2,64,1,1,8
"dot/dot_fp32_2x16x1_1x8x1_fma3/64/68/real_time",547378,256.49,255.967,ns,,,"2x64x68",,,1,2,16,68,2,64,1,1,8
"dot/dot_fp32_2x16x1_1x8x1_fma3/64/91/real_time",391037,356.962,356.17,ns,,,"2x64x91",,,1,2,16,91,2,64,1,1,8
"dot/dot_fp32_2x16x1_1x8x1_fma3/128/1/real_time",4692126,31.0072,30.9348,ns,,,"2x128x1",,,1,2,16,1,2,128,1,1,8
"dot/dot_fp32_2x16x1_1x8x1_fma3/128/11/real_time",1661789,74.7613,74.5965,ns,,,"2x128x11",,,1,2,16,11,2,128,1,1,8
"dot/dot_fp32_2x16x1_1x8x1_fma3/128/22/real_time",1099183,136.415,136.104,ns,,,"2x128x22",,,1,2,16,22,2,128,1,1,8
"dot/dot_fp32_2x16x1_1x8x1_fma3/128/33/real_time",587818,236.642,236.088,ns,,,"2x128x33",,,1,2,16,33,2,128,1,1,8
"dot/dot_fp32_2x16x1_1x8x1_fma3/128/45/real_time",450905,311.201,310.585,ns,,,"2x128x45",,,1,2,16,45,2,128,1,1,8
"dot/dot_fp32_3x16x1_1x8x1_fma3/16/1/real_time",13567490,10.3253,10.3015,ns,,,"3x16x1",,,1,3,16,1,3,16,1,1,8
"dot/dot_fp32_3x16x1_1x8x1_fma3/16/80/real_time",1567543,89.3953,89.2003,ns,,,"3x16x80",,,1,3,16,80,3,16,1,1,8
"dot/dot_fp32_3x16x1_1x8x1_fma3/16/160/real_time",767082,182.446,182.065,ns,,,"3x16x160",,,1,3,16,160,3,16,1,1,8
"dot/dot_fp32_3x16x1_1x8x1_fma3/16/240/real_time",477661,275.701,275.094,ns,,,"3x16x240",,,1,3,16,240,3,16,1,1,8
"dot/dot_fp32_3x16x1_1x8x1_fma3/16/320/real_time",386714,361.905,361.121,ns,,,"3x16x320",,,1,3,16,320,3,16,1,1,8
"dot/dot_fp32_3x16x1_1x8x1_fma3/32/1/real_time",10012859,14.0261,13.9945,ns,,,"3x32x1",,,1,3,16,1,3,32,1,1,8
"dot/dot_fp32_3x16x1_1x8x1_fma3/32/43/real_time",1000000,112.183,111.851,ns,,,"3x32x43",,,1,3,16,43,3,32,1,1,8
"dot/dot_fp32_3x16x1_1x8x1_fma3/32/86/real_time",553187,204.903,204.462,ns,,,"3x32x86",,,1,3,16,86,3,32,1,1,8
"dot/dot_fp32_3x16x1_1x8x1_fma3/32/129/real_time",484511,289.838,289.265,ns,,,"3x32x129",,,1,3,16,129,3,32,1,1,8
"dot/dot_fp32_3x16x1_1x8x1_fma3/32/172/real_time",357571,384.17,383.328,ns,,,"3x32x172",,,1,3,16,172,3,32,1,1,8
"dot/dot_fp32_3x16x1_1x8x1_fma3/64/1/real_time",5903787,21.5481,21.4913,ns,,,"3x64x1",,,1,3,16,1,3,64,1,1,8
"dot/dot_fp32_3x16x1_1x8x1_fma3/64/22/real_time",1592658,87.8904,87.6797,ns,,,"3x64x22",,,1,3,16,22,3,64,1,1,8
"dot/dot_fp32_3x16x1_1x8x1_fma3/64/44/real_time",753788,188.285,187.803,ns,,,"3x64x44",,,1,3,16,44,3,64,1,1,8
"dot/dot_fp32_3x16x1_1x8x1_fma3/64/66/real_time",479104,291.42,290.763,ns,,,"3x64x66",,,1,3,16,66,3,64,1,1,8
"dot/dot_fp32_3x16x1_1x8x1_fma3/64/88/real_time",353721,395.078,394.219,ns,,,"3x64x88",,,1,3,16,88,3,64,1,1,8
"dot/dot_fp32_3x16x1_1x8x1_fma3/128/1/real_time",3845123,36.544,36.4543,ns,,,"3x128x1",,,1,3,16,1,3,128,1,1,8
"dot/dot_fp32_3x16x1_1x8x1_fma3/128/10/real_time",1614711,86.7161,86.5259,ns,,,"3x128x10",,,1,3,16,10,3,128,1,1,8
"dot/dot_fp32_3x16x1_1x8x1_fma3/128/21/real_time",855040,163.317,162.97,ns,,,"3x128x21",,,1,3,16,21,3,128,1,1,8
"dot/dot_fp32_3x16x1_1x8x1_fma3/128/32/real_time",526196,266.436,265.845,ns,,,"3x128x32",,,1,3,16,32,3,128,1,1,8
"dot/dot_fp32_3x16x1_1x8x1_fma3/128/43/real_time",382974,366.708,365.836,ns,,,"3x128x43",,,1,3,16,43,3,128,1,1,8
"dot/dot_fp32_4x16x1_1x8x1_fma3/16/1/real_time",12253108,11.4251,11.393,ns,,,"4x16x1",,,1,4,16,1,4,16,1,1,8
"dot/dot_fp32_4x16x1_1x8x1_fma3/16/76/real_time",1514092,92.5833,92.3698,ns,,,"4x16x76",,,1,4,16,76,4,16,1,1,8
"dot/dot_fp32_4x16x1_1x8x1_fma3/16/152/real_time",790106,180.32,179.842,ns,,,"4x16x152",,,1,4,16,152,4,16,1,1,8
"dot/dot_fp32_4x16x1_1x8x1_fma3/16/228/real_time",518162,268.004,267.44,ns,,,"4x16x228",,,1,4,16,228,4,16,1,1,8
"dot/dot_fp32_4x16x1_1x8x1_fma3/16/304/real_time",392078,354.542,353.753,ns,,,"4x16x304",,,1,4,16,304,4,16,1,1,8
"dot/dot_fp32_4x16x1_1x8x1_fma3/32/1/real_time",9002906,15.551,15.5165,ns,,,"4x32x1",,,1,4,16,1,4,32,1,1,8
"dot/dot_fp32_4x16x1_1x8x1_fma3/32/41/real_time",1384346,99.6514,99.4385,ns,,,"4x32x41",,,1,4,16,41,4,32,1,1,8
"dot/dot_fp32_4x16x1_1x8x1_fma3/32/83/real_time",718405,194.934,194.49,ns,,,"4x32x83",,,1,4,16,83,4,32,1,1,8
"dot/dot_fp32_4x16x1_1x8x1_fma3/32/125/real_time",478380,289.281,288.696,ns,,,"4x32x125",,,1,4,16,125,4,32,1,1,8
"dot/dot_fp32_4x16x1_1x8x1_fma3/32/167/real_time",362339,386.529,385.564,ns,,,"4x32x167",,,1,4,16,167,4,32,1,1,8
"dot/dot_fp32_4x16x1_1x8x1_fma3/64/1/real_time",5767970,24.2861,24.231,ns,,,"4x64x1",,,1,4,16,1,4,64,1,1,8
"dot/dot_fp32_4x16x1_1x8x1_fma3/64/21/real_time",1372903,101.588,101.356,ns,,,"4x64x21",,,1,4,16,21,4,64,1,1,8
"dot/dot_fp32_4x16x1_1x8x1_fma3/64/43/real_time",690549,205.544,205.062,ns,,,"4x64x43",,,1,4,16,43,4,64,1,1,8
"dot/dot_fp32_4x16x1_1x8x1_fma3/64/64/real_time",469775,299.174,298.523,ns,,,"4x64x64",,,1,4,16,64,4,64,1,1,8
"dot/dot_fp32_4x16x1_1x8x1_fma3/64/86/real_time",354597,395.202,394.372,ns,,,"4x64x86",,,1,4,16,86,4,64,1,1,8
"dot/dot_fp32_4x16x1_1x8x1_fma3/128/1/real_time",3390982,41.2847,41.1904,ns,,,"4x128x1",,,1,4,16,1,4,128,1,1,8
"dot/dot_fp32_4x16x1_1x8x1_fma3/128/10/real_time",1398130,100.967,100.728,ns,,,"4x128x10",,,1,4,16,10,4,128,1,1,8
"dot/dot_fp32_4x16x1_1x8x1_fma3/128/21/real_time",711627,197.74,197.3,ns,,,"4x128x21",,,1,4,16,21,4,128,1,1,8
"dot/dot_fp32_4x16x1_1x8x1_fma3/128/31/real_time",484879,288.138,287.484,ns,,,"4x128x31",,,1,4,16,31,4,128,1,1,8
"dot/dot_fp32_4x16x1_1x8x1_fma3/128/42/real_time",359886,398.556,397.575,ns,,,"4x128x42",,,1,4,16,42,4,128,1,1,8
"dot/dot_fp32_5x16x1_1x8x1_fma3/16/1/real_time",11109466,12.6489,12.6199,ns,,,"5x16x1",,,1,5,16,1,5,16,1,1,8
"dot/dot_fp32_5x16x1_1x8x1_fma3/16/72/real_time",1256842,110.824,110.581,ns,,,"5x16x72",,,1,5,16,72,5,16,1,1,8
"dot/dot_fp32_5x16x1_1x8x1_fma3/16/144/real_time",672155,209.76,209.341,ns,,,"5x16x144",,,1,5,16,144,5,16,1,1,8
"dot/dot_fp32_5x16x1_1x8x1_fma3/16/216/real_time",412979,307.485,306.853,ns,,,"5x16x216",,,1,5,16,216,5,16,1,1,8
"dot/dot_fp32_5x16x1_1x8x1_fma3/16/288/real_time",345359,406.1,405.228,ns,,,"5x16x288",,,1,5,16,288,5,16,1,1,8
"dot/dot_fp32_5x16x1_1x8x1_fma3/32/1/real_time",7991669,17.5649,17.5262,ns,,,"5x32x1",,,1,5,16,1,5,32,1,1,8
"dot/dot_fp32_5x16x1_1x8x1_fma3/32/40/real_time",1166234,120.473,120.202,ns,,,"5x32x40",,,1,5,16,40,5,32,1,1,8
"dot/dot_fp32_5x16x1_1x8x1_fma3/32/80/real_time",603440,231.169,230.665,ns,,,"5x32x80",,,1,5,16,80,5,32,1,1,8
"dot/dot_fp32_5x16x1_1x8x1_fma3/32/120/real_time",409539,341.697,341.015,ns,,,"5x32x120",,,1,5,16,120,5,32,1,1,8
"dot/dot_fp32_5x16x1_1x8x1_fma3/32/161/real_time",307188,455.108,454.191,ns,,,"5x32x161",,,1,5,16,161,5,32,1,1,8
"dot/dot_fp32_5x16x1_1x8x1_fma3/64/1/real_time",5079819,27.5698,27.5098,ns,,,"5x64x1",,,1,5,16,1,5,64,1,1,8
"dot/dot_fp32_5x16x1_1x8x1_fma3/64/21/real_time",1127718,123.641,123.373,ns,,,"5x64x21",,,1,5,16,21,5,64,1,1,8
"dot/dot_fp32_5x16x1_1x8x1_fma3/64/42/real_time",582934,240.483,239.95,ns,,,"5x64x42",,,1,5,16,42,5,64,1,1,8
"dot/dot_fp32_5x16x1_1x8x1_fma3/64/63/real_time",392259,356.629,355.87,ns,,,"5x64x63",,,1,5,16,63,5,64,1,1,8
"dot/dot_fp32_5x16x1_1x8x1_fma3/64/84/real_time",294825,473.369,472.351,ns,,,"5x64x84",,,1,5,16,84,5,64,1,1,8
"dot/dot_fp32_5x16x1_1x8x1_fma3/128/1/real_time",2969189,47.8759,47.7757,ns,,,"5x128x1",,,1,5,16,1,5,128,1,1,8
"dot/dot_fp32_5x16x1_1x8x1_fma3/128/10/real_time",1192868,123.758,123.485,ns,,,"5x128x10",,,1,5,16,10,5,128,1,1,8
"dot/dot_fp32_5x16x1_1x8x1_fma3/128/20/real_time",436443,238.287,237.759,ns,,,"5x128x20",,,1,5,16,20,5,128,1,1,8
"dot/dot_fp32_5x16x1_1x8x1_fma3/128/30/real_time",411120,339.026,338.285,ns,,,"5x128x30",,,1,5,16,30,5,128,1,1,8
"dot/dot_fp32_5x16x1_1x8x1_fma3/128/41/real_time",304393,459.625,458.621,ns,,,"5x128x41",,,1,5,16,41,5,128,1,1,8
"dot/dot_fp32_6x16x1_1x8x1_fma3/16/1/real_time",9713494,14.3206,14.2886,ns,,,"6x16x1",,,1,6,16,1,6,16,1,1,8
"dot/dot_fp32_6x16x1_1x8x1_fma3/16/68/real_time",1164587,120.602,120.372,ns,,,"6x16x68",,,1,6,16,68,6,16,1,1,8
"dot/dot_fp32_6x16x1_1x8x1_fma3/16/137/real_time",608829,229.926,229.452,ns,,,"6x16x137",,,1,6,16,137,6,16,1,1,8
"dot/dot_fp32_6x16x1_1x8x1_fma3/16/205/real_time",408677,342.436,341.752,ns,,,"6x16x205",,,1,6,16,205,6,16,1,1,8
"dot/dot_fp32_6x16x1_1x8x1_fma3/16/274/real_time",308105,454.606,453.694,ns,,,"6x16x274",,,1,6,16,274,6,16,1,1,8
"dot/dot_fp32_6x16x1_1x8x1_fma3/32/1/real_time",6962200,20.1515,20.1062,ns,,,"6x32x1",,,1,6,16,1,6,32,1,1,8
"dot/dot_fp32_6x16x1_1x8x1_fma3/32/39/real_time",1047122,133.783,133.51,ns,,,"6x32x39",,,1,6,16,39,6,32,1,1,8
"dot/dot_fp32_6x16x1_1x8x1_fma3/32/78/real_time",536947,260.947,260.389,ns,,,"6x32x78",,,1,6,16,78,6,32,1,1,8
"dot/dot_fp32_6x16x1_1x8x1_fma3/32/117/real_time",361292,387.564,386.756,ns,,,"6x32x117",,,1,6,16,117,6,32,1,1,8
"dot/dot_fp32_6x16x1_1x8x1_fma3/32/156/real_time",271451,516.077,515.058,ns,,,"6x32x156",,,1,6,16,156,6,32,1,1,8
"dot/dot_fp32_6x16x1_1x8x1_fma3/64/1/real_time",4386943,31.2835,31.21,ns,,,"6x64x1",,,1,6,16,1,6,64,1,1,8
"dot/dot_fp32_6x16x1_1x8x1_fma3/64/20/real_time",1020881,137.853,137.569,ns,,,"6x64x20",,,1,6,16,20,6,64,1,1,8
"dot/dot_fp32_6x16x1_1x8x1_fma3/64/41/real_time",510617,274.087,273.496,ns,,,"6x64x41",,,1,6,16,41,6,64,1,1,8
"dot/dot_fp32_6x16x1_1x8x1_fma3/64/61/real_time",346057,404.165,403.288,ns,,,"6x64x61",,,1,6,16,61,6,64,1,1,8
"dot/dot_fp32_6x16x1_1x8x1_fma3/64/82/real_time",257821,544.71,543.588,ns,,,"6x64x82",,,1,6,16,82,6,64,1,1,8
"dot/dot_fp32_6x16x1_1x8x1_fma3/128/1/real_time",2599675,54.9178,54.8017,ns,,,"6x128x1",,,1,6,16,1,6,128,1,1,8
"dot/dot_fp32_6x16x1_1x8x1_fma3/128/10/real_time",1015909,137.702,137.386,ns,,,"6x128x10",,,1,6,16,10,6,128,1,1,8
"dot/dot_fp32_6x16x1_1x8x1_fma3/128/20/real_time",522684,267.566,266.984,ns,,,"6x128x20",,,1,6,16,20,6,128,1,1,8
"dot/dot_fp32_6x16x1_1x8x1_fma3/128/30/real_time",347630,402.037,401.201,ns,,,"6x128x30",,,1,6,16,30,6,128,1,1,8
"dot/dot_fp32_6x16x1_1x8x1_fma3/128/40/real_time",254525,535.727,534.47,ns,,,"6x128x40",,,1,6,16,40,6,128,1,1,8
"dot/dot_fp32_8x8x1_1x8x1_fma3/8/1/real_time",10708234,13.0882,13.0613,ns,,,"8x8x1",,,1,8,8,1,8,8,1,1,8
"dot/dot_fp32_8x8x1_1x8x1_fma3/8/95/real_time",1040729,133.26,132.996,ns,,,"8x8x95",,,1,8,8,95,8,8,1,1,8
"dot/dot_fp32_8x8x1_1x8x1_fma3/8/190/real_time",529889,267.186,266.637,ns,,,"8x8x190",,,1,8,8,190,8,8,1,1,8
"dot/dot_fp32_8x8x1_1x8x1_fma3/8/285/real_time",350532,399.662,398.831,ns,,,"8x8x285",,,1,8,8,285,8,8,1,1,8
"dot/dot_fp32_8x8x1_1x8x1_fma3/8/380/real_time",263436,532.563,531.465,ns,,,"8x8x380",,,1,8,8,380,8,8,1,1,8
"dot/dot_fp32_8x8x1_1x8x1_fma3/16/1/real_time",8289278,16.8865,16.8455,ns,,,"8x16x1",,,1,8,8,1,8,16,1,1,8
"dot/dot_fp32_8x8x1_1x8x1_fma3/16/62/real_time",824945,169.768,169.394,ns,,,"8x16x62",,,1,8,8,62,8,16,1,1,8
"dot/dot_fp32_8x8x1_1x8x1_fma3/16/125/real_time",413214,341.439,340.69,ns,,,"8x16x125",,,1,8,8,125,8,16,1,1,8
"dot/dot_fp32_8x8x1_1x8x1_fma3/16/187/real_time",273229,511.964,510.994,ns,,,"8x16x187",,,1,8,8,187,8,16,1,1,8
"dot/dot_fp32_8x8x1_1x8x1_fma3/16/250/real_time",206112,690.133,688.732,ns,,,"8x16x250",,,1,8,8,250,8,16,1,1,8
"dot/dot_fp32_8x8x1_1x8x1_fma3/32/1/real_time",5644236,24.8315,24.7757,ns,,,"8x32x1",,,1,8,8,1,8,32,1,1,8
"dot/dot_fp32_8x8x1_1x8x1_fma3/32/36/real_time",733867,189.958,189.54,ns,,,"8x32x36",,,1,8,8,36,8,32,1,1,8
"dot/dot_fp32_8x8x1_1x8x1_fma3/32/73/real_time",356476,392.271,391.458,ns,,,"8x32x73",,,1,8,8,73,8,32,1,1,8
"dot/dot_fp32_8x8x1_1x8x1_fma3/32/110/real_time",234438,599.6,598.318,ns,,,"8x32x110",,,1,8,8,110,8,32,1,1,8
"dot/dot_fp32_8x8x1_1x8x1_fma3/32/147/real_time",176191,792.053,790.322,ns,,,"8x32x147",,,1,8,8,147,8,32,1,1,8
"dot/dot_fp32_8x8x1_1x8x1_fma3/64/1/real_time",3481190,40.3975,40.3037,ns,,,"8x64x1",,,1,8,8,1,8,64,1,1,8
"dot/dot_fp32_8x8x1_1x8x1_fma3/64/19/real_time",725941,194.862,194.436,ns,,,"8x64x19",,,1,8,8,19,8,64,1,1,8
"dot/dot_fp32_8x8x1_1x8x1_fma3/64/39/real_time",343723,410.165,409.299,ns,,,"8x64x39",,,1,8,8,39,8,64,1,1,8
"dot/dot_fp32_8x8x1_1x8x1_fma3/64/58/real_time",227571,615.781,614.449,ns,,,"8x64x58",,,1,8,8,58,8,64,1,1,8
"dot/dot_fp32_8x8x1_1x8x1_fma3/64/78/real_time",169956,832.884,831.014,ns,,,"8x64x78",,,1,8,8,78,8,64,1,1,8
"dot/dot_fp64_1x16x1_1x4x1_fma3/16/1/real_time",18786109,7.56297,7.54484,ns,,,"1x16x1",,,1,1,16,1,1,16,1,1,4
"dot/dot_fp64_1x16x1_1x4x1_fma3/16/44/real_time",3522772,39.8099,39.7234,ns,,,"1x16x44",,,1,1,16,44,1,16,1,1,4
"dot/dot_fp64_1x16x1_1x4x1_fma3/16/89/real_time",1591103,87.9662,87.778,ns,,,"1x16x89",,,1,1,16,89,1,16,1,1,4
"dot/dot_fp64_1x16x1_1x4x1_fma3/16/134/real_time",1005960,136.988,136.696,ns,,,"1x16x134",,,1,1,16,134,1,16,1,1,4
"dot/dot_fp64_1x16x1_1x4x1_fma3/16/179/real_time",754119,185.473,185.089,ns,,,"1x16x179",,,1,1,16,179,1,16,1,1,4
"dot/dot_fp64_1x16x1_1x4x1_fma3/32/1/real_time",14326693,10.0711,10.0489,ns,,,"1x32x1",,,1,1,16,1,1,32,1,1,4
"dot/dot_fp64_1x16x1_1x4x1_fma3/32/23/real_time",3947085,35.5136,35.4394,ns,,,"1x32x23",,,1,1,16,23,1,32,1,1,4
"dot/dot_fp64_1x16x1_1x4x1_fma3/32/46/real_time",1773991,78.9054,78.744,ns,,,"1x32x46",,,1,1,16,46,1,32,1,1,4
"dot/dot_fp64_1x16x1_1x4x1_fma3/32/69/real_time",1042542,127.575,127.322,ns,,,"1x32x69",,,1,1,16,69,1,32,1,1,4
"dot/dot_fp64_1x16x1_1x4x1_fma3/32/92/real_time",791574,177.108,176.738,ns,,,"1x32x92",,,1,1,16,92,1,32,1,1,4
"dot/dot_fp64_1x16x1_1x4x1_fma3/64/1/real_time",9626781,14.5497,14.5175,ns,,,"1x64x1",,,1,1,16,1,1,64,1,1,4
"dot/dot_fp64_1x16x1_1x4x1_fma3/64/11/real_time",3893105,36.6949,36.6242,ns,,,"1x64x11",,,1,1,16,11,1,64,1,1,4
"dot/dot_fp64_1x16x1_1x4x1_fma3/64/23/real_time",2056396,68.0688,67.924,ns,,,"1x64x23",,,1,1,16,23,1,64,1,1,4
"dot/dot_fp64_1x16x1_1x4x1_fma3/64/34/real_time",1306323,107.248,107.024,ns,,,"1x64x34",,,1,1,16,34,1,64,1,1,4
"dot/dot_fp64_1x16x1_1x4x1_fma3/64/46/real_time",913510,153.287,152.976,ns,,,"1x64x46",,,1,1,16,46,1,64,1,1,4
"dot/dot_fp64_1x16x1_1x4x1_fma3/128/1/real_time",5739110,24.0046,23.9329,ns,,,"1x128x1",,,1,1,16,1,1,128,1,1,4
"dot/dot_fp64_1x16x1_1x4x1_fma3/128/5/real_time",3584364,39.1242,39.0416,ns,,,"1x128x5",,,1,1,16,5,1,128,1,1,4
"dot/dot_fp64_1x16x1_1x4x1_fma3/128/11/real_time",2077013,67.5526,67.4151,ns,,,"1x128x11",,,1,1,16,11,1,128,1,1,4
"dot/dot_fp64_1x16x1_1x4x1_fma3/128/16/real_time",1471857,95.0896,94.8844,ns,,,"1x128x16",,,1,1,16,16,1,128,1,1,4
"dot/dot_fp64_1x16x1_1x4x1_fma3/128/22/real_time",1105045,127.003,126.733,ns,,,"1x128x22",,,1,1,16,22,1,128,1,1,4
"dot/dot_fp64_2x16x1_1x4x1_fma3/16/1/real_time",14609654,9.59073,9.5701,ns,,,"2x16x1",,,1,2,16,1,2,16,1,1,4
"dot/dot_fp64_2x16x1_1x4x1_fma3/16/42/real_time",2709769,52.2342,52.1306,ns,,,"2x16x42",,,1,2,16,42,2,16,1,1,4
"dot/dot_fp64_2x16x1_1x4x1_fma3/16/84/real_time",1423401,98.3707,98.1843,ns,,,"2x16x84",,,1,2,16,84,2,16,1,1,4
"dot/dot_fp64_2x16x1_1x4x1_fma3/16/126/real_time",960519,145.045,144.732,ns,,,"2x16x126",,,1,2,16,126,2,16,1,1,4
"dot/dot_fp64_2x16x1_1x4x1_fma3/16/168/real_time",733885,192.535,192.124,ns,,,"2x16x168",,,1,2,16,168,2,16,1,1,4
"dot/dot_fp64_2x16x1_1x4x1_fma3/32/1/real_time",10476293,13.3618,13.3335,ns,,,"2x32x1",,,1,2,16,1,2,32,1,1,4
"dot/dot_fp64_2x16x1_1x4x1_fma3/32/22/real_time",2566277,54.4865,54.3781,ns,,,"2x32x22",,,1,2,16,22,2,32,1,1,4
"dot/dot_fp64_2x16x1_1x4x1_fma3/32/44/real_time",1339810,104.879,104.658,ns,,,"2x32x44",,,1,2,16,44,2,32,1,1,4
"dot/dot_fp64_2x16x1_1x4x1_fma3/32/66/real_time",901569,154.128,153.822,ns,,,"2x32x66",,,1,2,16,66,2,32,1,1,4
"dot/dot_fp64_2x16x1_1x4x1_fma3/32/88/real_time",691092,204.086,203.634,ns,,,"2x32x88",,,1,2,16,88,2,32,1,1,4
"dot/dot_fp64_2x16x1_1x4x1_fma3/64/1/real_time",6749846,20.7289,20.6863,ns,,,"2x64x1",,,1,2,16,1,2,64,1,1,4
"dot/dot_fp64_2x16x1_1x4x1_fma3/64/11/real_time",2464967,54.4778,54.3621,ns,,,"2x64x11",,,1,2,16,11,2,64,1,1,4
"dot/dot_fp64_2x16x1_1x4x1_fma3/64/22/real_time",1323352,106.066,105.838,ns,,,"2x64x22",,,1,2,16,22,2,64,1,1,4
"dot/dot_fp64_2x16x1_1x4x1_fma3/64/33/real_time",903266,155.054,154.737,ns,,,"2x64x33",,,1,2,16,33,2,64,1,1,4
"dot/dot_fp64_2x16x1_1x4x1_fma3/64/44/real_time",580130,214.121,213.69,ns,,,"2x64x44",,,1,2,16,44,2,64,1,1,4
"dot/dot_fp64_2x16x1_1x4x1_fma3/128/1/real_time",3961989,35.3483,35.2725,ns,,,"2x128x1",,,1,2,16,1,2,128,1,1,4
"dot/dot_fp64_2x16x1_1x4x1_fma3/128/5/real_time",2273353,61.4629,61.3417,ns,,,"2x128x5",,,1,2,16,5,2,128,1,1,4
"dot/dot_fp64_2x16x1_1x4x1_fma3/128/10/real_time",1440146,97.2285,97.0034,ns,,,"2x128x10",,,1,2,16,10,2,128,1,1,4
"dot/dot_fp64_2x16x1_1x4x1_fma3/128/15/real_time",983976,141.595,141.295,ns,,,"2x128x15",,,1,2,16,15,2,128,1,1,4
"dot/dot_fp64_2x16x1_1x4x1_fma3/128/21/real_time",711346,195.654,195.206,ns,,,"2x128x21",,,1,2,16,21,2,128,1,1,4
"dot/dot_fp64_1x8x1_1x4x1_fma3/8/1/real_time",18987429,7.42742,7.41053,ns,,,"1x8x1",,,1,1,8,1,1,8,1,1,4
"dot/dot_fp64_1x8x1_1x4x1_fma3/8/85/real_time",2366966,59.1962,59.0815,ns,,,"1x8x85",,,1,1,8,85,1,8,1,1,4
"dot/dot_fp64_1x8x1_1x4x1_fma3/8/170/real_time",978059,142.926,142.644,ns,,,"1x8x170",,,1,1,8,170,1,8,1,1,4
"dot/dot_fp64_1x8x1_1x4x1_fma3/8/255/real_time",594158,236.031,235.544,ns,,,"1x8x255",,,1,1,8,255,1,8,1,1,4
"dot/dot_fp64_1x8x1_1x4x1_fma3/8/340/real_time",429201,330.454,329.755,ns,,,"1x8x340",,,1,1,8,340,1,8,1,1,4
"dot/dot_fp64_1x8x1_1x4x1_fma3/16/1/real_time",15146713,9.23824,9.21942,ns,,,"1x16x1",,,1,1,8,1,1,16,1,1,4
"dot/dot_fp64_1x8x1_1x4x1_fma3/16/44/real_time",2645556,52.9276,52.8202,ns,,,"1x16x44",,,1,1,8,44,1,16,1,1,4
"dot/dot_fp64_1x8x1_1x4x1_fma3/16/89/real_time",1162117,120.596,120.325,ns,,,"1x16x89",,,1,1,8,89,1,16,1,1,4
"dot/dot_fp64_1x8x1_1x4x1_fma3/16/134/real_time",694063,201.623,201.155,ns,,,"1x16x134",,,1,1,8,134,1,16,1,1,4
"dot/dot_fp64_1x8x1_1x4x1_fma3/16/179/real_time",471031,297.348,296.655,ns,,,"1x16x179",,,1,1,8,179,1,16,1,1,4
"dot/dot_fp64_1x8x1_1x4x1_fma3/32/1/real_time",10387422,13.4939,13.4644,ns,,,"1x32x1",,,1,1,8,1,1,32,1,1,4
"dot/dot_fp64_1x8x1_1x4x1_fma3/32/23/real_time",2963973,47.1889,47.0848,ns,,,"1x32x23",,,1,1,8,23,1,32,1,1,4
"dot/dot_fp64_1x8x1_1x4x1_fma3/32/46/real_time",1325382,105.705,105.482,ns,,,"1x32x46",,,1,1,8,46,1,32,1,1,4
"dot/dot_fp64_1x8x1_1x4x1_fma3/32/69/real_time",743755,186.206,185.717,ns,,,"1x32x69",,,1,1,8,69,1,32,1,1,4
"dot/dot_fp64_1x8x1_1x4x1_fma3/32/92/real_time",558721,247.681,247.142,ns,,,"1x32x92",,,1,1,8,92,1,32,1,1,4
"dot/dot_fp64_1x8x1_1x4x1_fma3/64/1/real_time",6211670,22.4815,22.4354,ns,,,"1x64x1",,,1,1,8,1,1,64,1,1,4
"dot/dot_fp64_1x8x1_1x4x1_fma3/64/11/real_time",2888939,48.3356,48.2326,ns,,,"1x64x11",,,1,1,8,11,1,64,1,1,4
"dot/dot_fp64_1x8x1_1x4x1_fma3/64/23/real_time",1559546,89.7423,89.5523,ns,,,"1x64x23",,,1,1,8,23,1,64,1,1,4
"dot/dot_fp64_1x8x1_1x4x1_fma3/64/34/real_time",957640,149.929,149.62,ns,,,"1x64x34",,,1,1,8,34,1,64,1,1,4
"dot/dot_fp64_1x8x1_1x4x1_fma3/64/46/real_time",683940,204.72,204.326,ns,,,"1x64x46",,,1,1,8,46,1,64,1,1,4
"dot/dot_fp64_2x8x1_1x4x1_fma3/8/1/real_time",15956760,8.7939,8.77399,ns,,,"2x8x1",,,1,2,8,1,2,8,1,1,4
"dot/dot_fp64_2x8x1_1x4x1_fma3/8/76/real_time",1886016,75.4905,75.34,ns,,,"2x8x76",,,1,2,8,76,2,8,1,1,4
"dot/dot_fp64_2x8x1_1x4x1_fma3/8/152/real_time",843141,158.372,158.069,ns,,,"2x8x152",,,1,2,8,152,2,8,1,1,4
"dot/dot_fp64_2x8x1_1x4x1_fma3/8/228/real_time",565159,242.757,242.256,ns,,,"2x8x228",,,1,2,8,228,2,8,1,1,4
"dot/dot_fp64_2x8x1_1x4x1_fma3/8/305/real_time",427622,329.579,328.936,ns,,,"2x8x305",,,1,2,8,305,2,8,1,1,4
"dot/dot_fp64_2x8x1_1x4x1_fma3/16/1/real_time",12275239,11.3799,11.3569,ns,,,"2x16x1",,,1,2,8,1,2,16,1,1,4
"dot/dot_fp64_2x8x1_1x4x1_fma3/16/42/real_time",1779700,73.3788,73.2246,ns,,,"2x16x42",,,1,2,8,42,2,16,1,1,4
"dot/dot_fp64_2x8x1_1x4x1_fma3/16/84/real_time",914519,157.248,156.972,ns,,,"2x16x84",,,1,2,8,84,2,16,1,1,4
"dot/dot_fp64_2x8x1_1x4x1_fma3/16/126/real_time",578327,246.614,246.119,ns,,,"2x16x126",,,1,2,8,126,2,16,1,1,4
"dot/dot_fp64_2x8x1_1x4x1_fma3/16/168/real_time",400902,347.899,347.256,ns,,,"2x16x168",,,1,2,8,168,2,16,1,1,4
"dot/dot_fp64_2x8x1_1x4x1_fma3/32/1/real_time",7808818,17.8831,17.8469,ns,,,"2x32x1",,,1,2,8,1,2,32,1,1,4
"dot/dot_fp64_2x8x1_1x4x1_fma3/32/22/real_time",2010738,70.8327,70.6846,ns,,,"2x32x22",,,1,2,8,22,2,32,1,1,4
"dot/dot_fp64_2x8x1_1x4x1_fma3/32/44/real_time",918701,152.794,152.485,ns,,,"2x32x44",,,1,2,8,44,2,32,1,1,4
"dot/dot_fp64_2x8x1_1x4x1_fma3/32/66/real_time",570939,254.69,254.117,ns,,,"2x32x66",,,1,2,8,66,2,32,1,1,4
"dot/dot_fp64_2x8x1_1x4x1_fma3/32/88/real_time",326587,394.184,393.358,ns,,,"2x32x88",,,1,2,8,88,2,32,1,1,4
"dot/dot_fp64_2x8x1_1x4x1_fma3/64/1/real_time",3606148,29.9112,29.8424,ns,,,"2x64x1",,,1,2,8,1,2,64,1,1,4
"dot/dot_fp64_2x8x1_1x4x1_fma3/64/11/real_time",1807767,79.1331,78.9641,ns,,,"2x64x11",,,1,2,8,11,2,64,1,1,4
"dot/dot_fp64_2x8x1_1x4x1_fma3/64/22/real_time",1005207,134.449,134.18,ns,,,"2x64x22",,,1,2,8,22,2,64,1,1,4
"dot/dot_fp64_2x8x1_1x4x1_fma3/64/33/real_time",639697,221.864,221.411,ns,,,"2x64x33",,,1,2,8,33,2,64,1,1,4
"dot/dot_fp64_2x8x1_1x4x1_fma3/64/44/real_time",436972,328.531,327.866,ns,,,"2x64x44",,,1,2,8,44,2,64,1,1,4
"dot/dot_fp64_3x8x1_1x4x1_fma3/8/1/real_time",13886305,10.08,10.0573,ns,,,"3x8x1",,,1,3,8,1,3,8,1,1,4
"dot/dot_fp64_3x8x1_1x4x1_fma3/8/69/real_time",1795911,78.3352,78.1785,ns,,,"3x8x69",,,1,3,8,69,3,8,1,1,4
"dot/dot_fp64_3x8x1_1x4x1_fma3/8/138/real_time",896742,156.761,156.468,ns,,,"3x8x138",,,1,3,8,138,3,8,1,1,4
"dot/dot_fp64_3x8x1_1x4x1_fma3/8/207/real_time",560553,249.15,248.664,ns,,,"3x8x207",,,1,3,8,207,3,8,1,1,4
"dot/dot_fp64_3x8x1_1x4x1_fma3/8/277/real_time",421192,329.373,328.67,ns,,,"3x8x277",,,1,3,8,277,3,8,1,1,4
"dot/dot_fp64_3x8x1_1x4x1_fma3/16/1/real_time",10247294,13.68,13.6526,ns,,,"3x16x1",,,1,3,8,1,3,16,1,1,4
"dot/dot_fp64_3x8x1_1x4x1_fma3/16/39/real_time",1662313,84.3228,84.1549,ns,,,"3x16x39",,,1,3,8,39,3,16,1,1,4
"dot/dot_fp64_3x8x1_1x4x1_fma3/16/79/real_time",803830,175.318,174.972,ns,,,"3x16x79",,,1,3,8,79,3,16,1,1,4
"dot/dot_fp64_3x8x1_1x4x1_fma3/16/119/real_time",527707,269.162,268.632,ns,,,"3x16x119",,,1,3,8,119,3,16,1,1,4
"dot/dot_fp64_3x8x1_1x4x1_fma3/16/159/real_time",391062,359.394,358.693,ns,,,"3x16x159",,,1,3,8,159,3,16,1,1,4
"dot/dot_fp64_3x8x1_1x4x1_fma3/32/1/real_time",6649135,20.9951,20.9484,ns,,,"3x32x1",,,1,3,8,1,3,32,1,1,4
"dot/dot_fp64_3x8x1_1x4x1_fma3/32/21/real_time",1652715,83.9608,83.7997,ns,,,"3x32x21",,,1,3,8,21,3,32,1,1,4
"dot/dot_fp64_3x8x1_1x4x1_fma3/32/42/real_time",790974,177.167,176.771,ns,,,"3x32x42",,,1,3,8,42,3,32,1,1,4
"dot/dot_fp64_3x8x1_1x4x1_fma3/32/63/real_time",514504,272.138,271.559,ns,,,"3x32x63",,,1,3,8,63,3,32,1,1,4
"dot/dot_fp64_3x8x1_1x4x1_fma3/32/85/real_time",373090,376.1,375.296,ns,,,"3x32x85",,,1,3,8,85,3,32,1,1,4
"dot/dot_fp64_3x8x1_1x4x1_fma3/64/1/real_time",3976472,34.316,34.2415,ns,,,"3x64x1",,,1,3,8,1,3,64,1,1,4
"dot/dot_fp64_3x8x1_1x4x1_fma3/64/10/real_time",1609380,88.714,88.5373,ns,,,"3x64x10",,,1,3,8,10,3,64,1,1,4
"dot/dot_fp64_3x8x1_1x4x1_fma3/64/21/real_time",856178,163.705,163.358,ns,,,"3x64x21",,,1,3,8,21,3,64,1,1,4
"dot/dot_fp64_3x8x1_1x4x1_fma3/64/31/real_time",542155,257.731,257.23,ns,,,"3x64x31",,,1,3,8,31,3,64,1,1,4
"dot/dot_fp64_3x8x1_1x4x1_fma3/64/42/real_time",395010,354.691,353.944,ns,,,"3x64x42",,,1,3,8,42,3,64,1,1,4
"dot/dot_fp64_4x8x1_1x4x1_fma3/8/1/real_time",12240555,11.4323,11.4081,ns,,,"4x8x1",,,1,4,8,1,4,8,1,1,4
"dot/dot_fp64_4x8x1_1x4x1_fma3/8/63/real_time",1806748,77.3263,77.1657,ns,,,"4x8x63",,,1,4,8,63,4,8,1,1,4
"dot/dot_fp64_4x8x1_1x4x1_fma3/8/126/real_time",934193,149.048,148.73,ns,,,"4x8x126",,,1,4,8,126,4,8,1,1,4
"dot/dot_fp64_4x8x1_1x4x1_fma3/8/189/real_time",649599,217.438,216.87,ns,,,"4x8x189",,,1,4,8,189,4,8,1,1,4
"dot/dot_fp64_4x8x1_1x4x1_fma3/8/253/real_time",483444,287.536,286.914,ns,,,"4x8x253",,,1,4,8,253,4,8,1,1,4
"dot/dot_fp64_4x8x1_1x4x1_fma3/16/1/real_time",9018901,15.2353,15.1971,ns,,,"4x16x1",,,1,4,8,1,4,16,1,1,4
"dot/dot_fp64_4x8x1_1x4x1_fma3/16/37/real_time",1565308,89.663,89.4125,ns,,,"4x16x37",,,1,4,8,37,4,16,1,1,4
"dot/dot_fp64_4x8x1_1x4x1_fma3/16/75/real_time",804469,174.039,173.65,ns,,,"4x16x75",,,1,4,8,75,4,16,1,1,4
"dot/dot_fp64_4x8x1_1x4x1_fma3/16/112/real_time",545819,256.765,256.184,ns,,,"4x16x112",,,1,4,8,112,4,16,1,1,4
"dot/dot_fp64_4x8x1_1x4x1_fma3/16/150/real_time",412410,338.469,337.555,ns,,,"4x16x150",,,1,4,8,150,4,16,1,1,4
"dot/dot_fp64_4x8x1_1x4x1_fma3/32/1/real_time",5756097,24.3241,24.2676,ns,,,"4x32x1",,,1,4,8,1,4,32,1,1,4
"dot/dot_fp64_4x8x1_1x4x1_fma3/32/20/real_time",1421954,95.9898,95.7791,ns,,,"4x32x20",,,1,4,8,20,4,32,1,1,4
"dot/dot_fp64_4x8x1_1x4x1_fma3/32/40/real_time",754727,185.151,184.601,ns,,,"4x32x40",,,1,4,8,40,4,32,1,1,4
"dot/dot_fp64_4x8x1_1x4x1_fma3/32/60/real_time",511738,275.215,274.582,ns,,,"4x32x60",,,1,4,8,60,4,32,1,1,4
"dot/dot_fp64_4x8x1_1x4x1_fma3/32/81/real_time",375041,374.938,374.144,ns,,,"4x32x81",,,1,4,8,81,4,32,1,1,4
"dot/dot_fp64_4x8x1_1x4x1_fma3/64/1/real_time",3391930,41.318,41.2239,ns,,,"4x64x1",,,1,4,8,1,4,64,1,1,4
"dot/dot_fp64_4x8x1_1x4x1_fma3/64/10/real_time",1397674,100.216,99.9927,ns,,,"4x64x10",,,1,4,8,10,4,64,1,1,4
"dot/dot_fp64_4x8x1_1x4x1_fma3/64/20/real_time",764972,184.425,184.032,ns,,,"4x64x20",,,1,4,8,20,4,64,1,1,4
"dot/dot_fp64_4x8x1_1x4x1_fma3/64/30/real_time",510750,274.821,274.235,ns,,,"4x64x30",,,1,4,8,30,4,64,1,1,4
"dot/dot_fp64_4x8x1_1x4x1_fma3/64/41/real_time",377329,373.699,372.816,ns,,,"4x64x41",,,1,4,8,41,4,64,1,1,4
"dot/dot_fp64_5x8x1_1x4x1_fma3/8/1/real_time",11068850,12.6105,12.5824,ns,,,"5x8x1",,,1,5,8,1,5,8,1,1,4
"dot/dot_fp64_5x8x1_1x4x1_fma3/8/58/real_time",1533904,91.4923,91.2958,ns,,,"5x8x58",,,1,5,8,58,5,8,1,1,4
"dot/dot_fp64_5x8x1_1x4x1_fma3/8/116/real_time",822822,172.776,172.432,ns,,,"5x8x116",,,1,5,8,116,5,8,1,1,4
"dot/dot_fp64_5x8x1_1x4x1_fma3/8/174/real_time",557718,252.159,251.662,ns,,,"5x8x174",,,1,5,8,174,5,8,1,1,4
"dot/dot_fp64_5x8x1_1x4x1_fma3/8/233/real_time",424099,331.142,330.478,ns,,,"5x8x233",,,1,5,8,233,5,8,1,1,4
"dot/dot_fp64_5x8x1_1x4x1_fma3/16/1/real_time",7981295,17.9802,17.9409,ns,,,"5x16x1",,,1,5,8,1,5,16,1,1,4
"dot/dot_fp64_5x8x1_1x4x1_fma3/16/35/real_time",1320520,105.863,105.637,ns,,,"5x16x35",,,1,5,8,35,5,16,1,1,4
"dot/dot_fp64_5x8x1_1x4x1_fma3/16/71/real_time",675269,206.447,206.03,ns,,,"5x16x71",,,1,5,8,71,5,16,1,1,4
"dot/dot_fp64_5x8x1_1x4x1_fma3/16/106/real_time",461593,307.725,307.099,ns,,,"5x16x106",,,1,5,8,106,5,16,1,1,4
"dot/dot_fp64_5x8x1_1x4x1_fma3/16/142/real_time",346662,402.482,401.699,ns,,,"5x16x142",,,1,5,8,142,5,16,1,1,4
"dot/dot_fp64_5x8x1_1x4x1_fma3/32/1/real_time",5006282,27.9096,27.8529,ns,,,"5x32x1",,,1,5,8,1,5,32,1,1,4
"dot/dot_fp64_5x8x1_1x4x1_fma3/32/19/real_time",1236450,113.068,112.836,ns,,,"5x32x19",,,1,5,8,19,5,32,1,1,4
"dot/dot_fp64_5x8x1_1x4x1_fma3/32/39/real_time",623726,224.446,223.99,ns,,,"5x32x39",,,1,5,8,39,5,32,1,1,4
"dot/dot_fp64_5x8x1_1x4x1_fma3/32/58/real_time",424317,330.201,329.514,ns,,,"5x32x58",,,1,5,8,58,5,32,1,1,4
"dot/dot_fp64_5x8x1_1x4x1_fma3/32/78/real_time",301813,441.506,440.641,ns,,,"5x32x78",,,1,5,8,78,5,32,1,1,4
"dot/dot_fp64_5x8x1_1x4x1_fma3/64/1/real_time",2968095,47.1616,47.0704,ns,,,"5x64x1",,,1,5,8,1,5,64,1,1,4
"dot/dot_fp64_5x8x1_1x4x1_fma3/64/9/real_time",1294154,108.951,108.712,ns,,,"5x64x9",,,1,5,8,9,5,64,1,1,4
"dot/dot_fp64_5x8x1_1x4x1_fma3/64/19/real_time",645013,217.08,216.644,ns,,,"5x64x19",,,1,5,8,19,5,64,1,1,4
"dot/dot_fp64_5x8x1_1x4x1_fma3/64/29/real_time",425041,328.077,327.382,ns,,,"5x64x29",,,1,5,8,29,5,64,1,1,4
"dot/dot_fp64_5x8x1_1x4x1_fma3/64/39/real_time",318260,440.233,439.3,ns,,,"5x64x39",,,1,5,8,39,5,64,1,1,4
"dot/dot_fp64_6x8x1_1x4x1_fma3/8/1/real_time",9776243,14.3339,14.3069,ns,,,"6x8x1",,,1,6,8,1,6,8,1,1,4
"dot/dot_fp64_6x8x1_1x4x1_fma3/8/54/real_time",1478081,94.7183,94.5258,ns,,,"6x8x54",,,1,6,8,54,6,8,1,1,4
"dot/dot_fp64_6x8x1_1x4x1_fma3/8/108/real_time",766217,182.51,182.157,ns,,,"6x8x108",,,1,6,8,108,6,8,1,1,4
"dot/dot_fp64_6x8x1_1x4x1_fma3/8/162/real_time",514492,272.133,271.591,ns,,,"6x8x162",,,1,6,8,162,6,8,1,1,4
"dot/dot_fp64_6x8x1_1x4x1_fma3/8/216/real_time",388498,360.486,359.721,ns,,,"6x8x216",,,1,6,8,216,6,8,1,1,4
"dot/dot_fp64_6x8x1_1x4x1_fma3/16/1/real_time",6948963,20.131,20.0884,ns,,,"6x16x1",,,1,6,8,1,6,16,1,1,4
"dot/dot_fp64_6x8x1_1x4x1_fma3/16/33/real_time",1223755,117.796,117.541,ns,,,"6x16x33",,,1,6,8,33,6,16,1,1,4
"dot/dot_fp64_6x8x1_1x4x1_fma3/16/67/real_time",622416,224.899,224.435,ns,,,"6x16x67",,,1,6,8,67,6,16,1,1,4
"dot/dot_fp64_6x8x1_1x4x1_fma3/16/101/real_time",417339,335.687,334.943,ns,,,"6x16x101",,,1,6,8,101,6,16,1,1,4
"dot/dot_fp64_6x8x1_1x4x1_fma3/16/135/real_time",313917,445.875,444.982,ns,,,"6x16x135",,,1,6,8,135,6,16,1,1,4
"dot/dot_fp64_6x8x1_1x4x1_fma3/32/1/real_time",4479430,31.2871,31.2161,ns,,,"6x32x1",,,1,6,8,1,6,32,1,1,4
"dot/dot_fp64_6x8x1_1x4x1_fma3/32/18/real_time",1127611,124.129,123.882,ns,,,"6x32x18",,,1,6,8,18,6,32,1,1,4
"dot/dot_fp64_6x8x1_1x4x1_fma3/32/37/real_time",564263,247.931,247.415,ns,,,"6x32x37",,,1,6,8,37,6,32,1,1,4
"dot/dot_fp64_6x8x1_1x4x1_fma3/32/56/real_time",376826,371.585,370.825,ns,,,"6x32x56",,,1,6,8,56,6,32,1,1,4
"dot/dot_fp64_6x8x1_1x4x1_fma3/32/75/real_time",280226,507.413,506.403,ns,,,"6x32x75",,,1,6,8,75,6,32,1,1,4
"dot/dot_fp64_6x8x1_1x4x1_fma3/64/1/real_time",2606426,53.7243,53.6107,ns,,,"6x64x1",,,1,6,8,1,6,64,1,1,4
"dot/dot_fp64_6x8x1_1x4x1_fma3/64/9/real_time",1114073,127.324,127.048,ns,,,"6x64x9",,,1,6,8,9,6,64,1,1,4
"dot/dot_fp64_6x8x1_1x4x1_fma3/64/19/real_time",549056,261.5,260.918,ns,,,"6x64x19",,,1,6,8,19,6,64,1,1,4
"dot/dot_fp64_6x8x1_1x4x1_fma3/64/28/real_time",371180,374.325,373.545,ns,,,"6x64x28",,,1,6,8,28,6,64,1,1,4
"dot/dot_fp64_6x8x1_1x4x1_fma3/64/38/real_time",275758,507.493,506.467,ns,,,"6x64x38",,,1,6,8,38,6,64,1,1,4
"dot/dot_fp64_8x4x1_1x4x1_fma3/4/1/real_time",10748745,13.0876,13.0591,ns,,,"8x4x1",,,1,8,4,1,8,4,1,1,4
"dot/dot_fp64_8x4x1_1x4x1_fma3/4/63/real_time",1448133,92.15,91.9569,ns,,,"8x4x63",,,1,8,4,63,8,4,1,1,4
"dot/dot_fp64_8x4x1_1x4x1_fma3/4/126/real_time",809120,182.191,181.737,ns,,,"8x4x126",,,1,8,4,126,8,4,1,1,4
"dot/dot_fp64_8x4x1_1x4x1_fma3/4/189/real_time",527595,265.693,265.085,ns,,,"8x4x189",,,1,8,4,189,8,4,1,1,4
"dot/dot_fp64_8x4x1_1x4x1_fma3/4/253/real_time",392416,349.635,348.735,ns,,,"8x4x253",,,1,8,4,253,8,4,1,1,4
"dot/dot_fp64_8x4x1_1x4x1_fma3/8/1/real_time",8408441,16.6518,16.6131,ns,,,"8x8x1",,,1,8,4,1,8,8,1,1,4
"dot/dot_fp64_8x4x1_1x4x1_fma3/8/47/real_time",1087676,128.299,127.982,ns,,,"8x8x47",,,1,8,4,47,8,8,1,1,4
"dot/dot_fp64_8x4x1_1x4x1_fma3/8/94/real_time",549466,257.151,256.521,ns,,,"8x8x94",,,1,8,4,94,8,8,1,1,4
"dot/dot_fp64_8x4x1_1x4x1_fma3/8/141/real_time",367558,380.879,380.042,ns,,,"8x8x141",,,1,8,4,141,8,8,1,1,4
"dot/dot_fp64_8x4x1_1x4x1_fma3/8/188/real_time",274655,513.683,512.586,ns,,,"8x8x188",,,1,8,4,188,8,8,1,1,4
"dot/dot_fp64_8x4x1_1x4x1_fma3/16/1/real_time",5709901,24.2649,24.1952,ns,,,"8x16x1",,,1,8,4,1,8,16,1,1,4
"dot/dot_fp64_8x4x1_1x4x1_fma3/16/30/real_time",886098,156.34,156.002,ns,,,"8x16x30",,,1,8,4,30,8,16,1,1,4
"dot/dot_fp64_8x4x1_1x4x1_fma3/16/61/real_time",432140,320.13,319.433,ns,,,"8x16x61",,,1,8,4,61,8,16,1,1,4
"dot/dot_fp64_8x4x1_1x4x1_fma3/16/91/real_time",284913,491.243,490.044,ns,,,"8x16x91",,,1,8,4,91,8,16,1,1,4
"dot/dot_fp64_8x4x1_1x4x1_fma3/16/122/real_time",218352,664.778,663.233,ns,,,"8x16x122",,,1,8,4,122,8,16,1,1,4
"dot/dot_fp64_8x4x1_1x4x1_fma3/32/1/real_time",3537439,39.5073,39.428,ns,,,"8x32x1",,,1,8,4,1,8,32,1,1,4
"dot/dot_fp64_8x4x1_1x4x1_fma3/32/17/real_time",795901,176.648,176.239,ns,,,"8x32x17",,,1,8,4,17,8,32,1,1,4
"dot/dot_fp64_8x4x1_1x4x1_fma3/32/35/real_time",383539,358.359,357.598,ns,,,"8x32x35",,,1,8,4,35,8,32,1,1,4
"dot/dot_fp64_8x4x1_1x4x1_fma3/32/52/real_time",256052,543.7,542.009,ns,,,"8x32x52",,,1,8,4,52,8,32,1,1,4
"dot/dot_fp64_8x4x1_1x4x1_fma3/32/70/real_time",180177,735.199,733.671,ns,,,"8x32x70",,,1,8,4,70,8,32,1,1,4
"dot/dot_bf16_bf16_fp32_1x32x2_1x8x2_avx2_fma3/32/2/real_time",16427102,8.50661,8.48935,ns,,,"1x32x2",,,2,1,32,2,1,32,2,1,8
"dot/dot_bf16_bf16_fp32_1x32x2_1x8x2_avx2_fma3/32/92/real_time",1334805,104.91,104.687,ns,,,"1x32x92",,,2,1,32,92,1,32,2,1,8
"dot/dot_bf16_bf16_fp32_1x32x2_1x8x2_avx2_fma3/32/184/real_time",642480,217.77,217.316,ns,,,"1x32x184",,,2,1,32,184,1,32,2,1,8
"dot/dot_bf16_bf16_fp32_1x32x2_1x8x2_avx2_fma3/32/276/real_time",423924,330.352,329.631,ns,,,"1x32x276",,,2,1,32,276,1,32,2,1,8
"dot/dot_bf16_bf16_fp32_1x32x2_1x8x2_avx2_fma3/32/370/real_time",323164,433.086,432.218,ns,,,"1x32x370",,,2,1,32,370,1,32,2,1,8
"dot/dot_bf16_bf16_fp32_1x32x2_1x8x2_avx2_fma3/64/2/real_time",12338238,11.3959,11.3728,ns,,,"1x64x2",,,2,1,32,2,1,64,2,1,8
"dot/dot_bf16_bf16_fp32_1x32x2_1x8x2_avx2_fma3/64/46/real_time",1250427,91.2833,91.1064,ns,,,"1x64x46",,,2,1,32,46,1,64,2,1,8
"dot/dot_bf16_bf16_fp32_1x32x2_1x8x2_avx2_fma3/64/92/real_time",703564,199.335,198.947,ns,,,"1x64x92",,,2,1,32,92,1,64,2,1,8
"dot/dot_bf16_bf16_fp32_1x32x2_1x8x2_avx2_fma3/64/138/real_time",453194,309.019,308.396,ns,,,"1x64x138",,,2,1,32,138,1,64,2,1,8
"dot/dot_bf16_bf16_fp32_1x32x2_1x8x2_avx2_fma3/64/186/real_time",330533,430.972,430.099,ns,,,"1x64x186",,,2,1,32,186,1,64,2,1,8
"dot/dot_bf16_bf16_fp32_1x32x2_1x8x2_avx2_fma3/128/2/real_time",7747157,17.9432,17.9072,ns,,,"1x128x2",,,2,1,32,2,1,128,2,1,8
"dot/dot_bf16_bf16_fp32_1x32x2_1x8x2_avx2_fma3/128/22/real_time",1708025,81.9078,81.7315,ns,,,"1x128x22",,,2,1,32,22,1,128,2,1,8
"dot/dot_bf16_bf16_fp32_1x32x2_1x8x2_avx2_fma3/128/46/real_time",763247,183.605,183.244,ns,,,"1x128x46",,,2,1,32,46,1,128,2,1,8
"dot/dot_bf16_bf16_fp32_1x32x2_1x8x2_avx2_fma3/128/68/real_time",486854,287.58,287.009,ns,,,"1x128x68",,,2,1,32,68,1,128,2,1,8
"dot/dot_bf16_bf16_fp32_1x32x2_1x8x2_avx2_fma3/128/92/real_time",345630,405.255,404.473,ns,,,"1x128x92",,,2,1,32,92,1,128,2,1,8
"dot/dot_bf16_bf16_fp32_1x32x2_1x8x2_avx2_fma3/256/2/real_time",4459986,31.499,31.425,ns,,,"1x256x2",,,2,1,32,2,1,256,2,1,8
"dot/dot_bf16_bf16_fp32_1x32x2_1x8x2_avx2_fma3/256/10/real_time",1896702,73.9035,73.7509,ns,,,"1x256x10",,,2,1,32,10,1,256,2,1,8
"dot/dot_bf16_bf16_fp32_1x32x2_1x8x2_avx2_fma3/256/22/real_time",870659,160.152,159.847,ns,,,"1x256x22",,,2,1,32,22,1,256,2,1,8
"dot/dot_bf16_bf16_fp32_1x32x2_1x8x2_avx2_fma3/256/32/real_time",564513,248.323,247.827,ns,,,"1x256x32",,,2,1,32,32,1,256,2,1,8
"dot/dot_bf16_bf16_fp32_1x32x2_1x8x2_avx2_fma3/256/44/real_time",398624,354.959,354.222,ns,,,"1x256x44",,,2,1,32,44,1,256,2,1,8
"dot/dot_bf16_bf16_fp32_2x32x2_1x8x2_avx2_fma3/32/2/real_time",12419980,11.2337,11.2092,ns,,,"2x32x2",,,2,2,32,2,2,32,2,1,8
"dot/dot_bf16_bf16_fp32_2x32x2_1x8x2_avx2_fma3/32/88/real_time",813734,174.946,174.577,ns,,,"2x32x88",,,2,2,32,88,2,32,2,1,8
"dot/dot_bf16_bf16_fp32_2x32x2_1x8x2_avx2_fma3/32/178/real_time",390509,358.557,357.816,ns,,,"2x32x178",,,2,2,32,178,2,32,2,1,8
"dot/dot_bf16_bf16_fp32_2x32x2_1x8x2_avx2_fma3/32/266/real_time",257676,541.33,540.21,ns,,,"2x32x266",,,2,2,32,266,2,32,2,1,8
"dot/dot_bf16_bf16_fp32_2x32x2_1x8x2_avx2_fma3/32/356/real_time",192189,710.025,708.596,ns,,,"2x32x356",,,2,2,32,356,2,32,2,1,8
"dot/dot_bf16_bf16_fp32_2x32x2_1x8x2_avx2_fma3/64/2/real_time",8614495,16.2155,16.1801,ns,,,"2x64x2",,,2,2,32,2,2,64,2,1,8
"dot/dot_bf16_bf16_fp32_2x32x2_1x8x2_avx2_fma3/64/44/real_time",900144,155.569,155.242,ns,,,"2x64x44",,,2,2,32,44,2,64,2,1,8
"dot/dot_bf16_bf16_fp32_2x32x2_1x8x2_avx2_fma3/64/90/real_time",404687,346.051,345.353,ns,,,"2x64x90",,,2,2,32,90,2,64,2,1,8
"dot/dot_bf16_bf16_fp32_2x32x2_1x8x2_avx2_fma3/64/136/real_time",260652,536.92,535.876,ns,,,"2x64x136",,,2,2,32,136,2,64,2,1,8
"dot/dot_bf16_bf16_fp32_2x32x2_1x8x2_avx2_fma3/64/182/real_time",192383,727.963,726.455,ns,,,"2x64x182",,,2,2,32,182,2,64,2,1,8
"dot/dot_bf16_bf16_fp32_2x32x2_1x8x2_avx2_fma3/128/2/real_time",5335414,26.2039,26.1508,ns,,,"2x128x2",,,2,2,32,2,2,128,2,1,8
"dot/dot_bf16_bf16_fp32_2x32x2_1x8x2_avx2_fma3/128/22/real_time",953216,146.704,146.372,ns,,,"2x128x22",,,2,2,32,22,2,128,2,1,8
"dot/dot_bf16_bf16_fp32_2x32x2_1x8x2_avx2_fma3/128/44/real_time",451548,309.892,309.256,ns,,,"2x128x44",,,2,2,32,44,2,128,2,1,8
"dot/dot_bf16_bf16_fp32_2x32x2_1x8x2_avx2_fma3/128/66/real_time",284460,492.238,491.274,ns,,,"2x128x66",,,2,2,32,66,2,128,2,1,8
"dot/dot_bf16_bf16_fp32_2x32x2_1x8x2_avx2_fma3/128/90/real_time",202492,691.384,689.987,ns,,,"2x128x90",,,2,2,32,90,2,128,2,1,8
"dot/dot_bf16_bf16_fp32_2x32x2_1x8x2_avx2_fma3/256/2/real_time",3020605,46.3728,46.2776,ns,,,"2x256x2",,,2,2,32,2,2,256,2,1,8
"dot/dot_bf16_bf16_fp32_2x32x2_1x8x2_avx2_fma3/256/10/real_time",1018616,137.43,137.146,ns,,,"2x256x10",,,2,2,32,10,2,256,2,1,8
"dot/dot_bf16_bf16_fp32_2x32x2_1x8x2_avx2_fma3/256/20/real_time",530415,263.967,263.371,ns,,,"2x256x20",,,2,2,32,20,2,256,2,1,8
"dot/dot_bf16_bf16_fp32_2x32x2_1x8x2_avx2_fma3/256/30/real_time",351178,398.655,397.808,ns,,,"2x256x30",,,2,2,32,30,2,256,2,1,8
"dot/dot_bf16_bf16_fp32_2x32x2_1x8x2_avx2_fma3/256/42/real_time",239341,585.363,584.219,ns,,,"2x256x42",,,2,2,32,42,2,256,2,1,8
"dot/dot_bf16_bf16_fp32_1x16x2_1x8x2_avx2_fma3/16/2/real_time",17205541,7.84856,7.8317,ns,,,"1x16x2",,,2,1,16,2,1,16,2,1,8
"dot/dot_bf16_bf16_fp32_1x16x2_1x8x2_avx2_fma3/16/180/real_time",783929,178.625,178.263,ns,,,"1x16x180",,,2,1,16,180,1,16,2,1,8
"dot/dot_bf16_bf16_fp32_1x16x2_1x8x2_avx2_fma3/16/360/real_time",356357,392.909,392.132,ns,,,"1x16x360",,,2,1,16,360,1,16,2,1,8
"dot/dot_bf16_bf16_fp32_1x16x2_1x8x2_avx2_fma3/16/540/real_time",223032,615.605,614.383,ns,,,"1x16x540",,,2,1,16,540,1,16,2,1,8
"dot/dot_bf16_bf16_fp32_1x16x2_1x8x2_avx2_fma3/16/720/real_time",169490,826.131,824.424,ns,,,"1x16x720",,,2,1,16,720,1,16,2,1,8
"dot/dot_bf16_bf16_fp32_1x16x2_1x8x2_avx2_fma3/32/2/real_time",13637264,10.0317,10.0115,ns,,,"1x32x2",,,2,1,16,2,1,32,2,1,8
"dot/dot_bf16_bf16_fp32_1x16x2_1x8x2_avx2_fma3/32/92/real_time",941139,148.801,148.527,ns,,,"1x32x92",,,2,1,16,92,1,32,2,1,8
"dot/dot_bf16_bf16_fp32_1x16x2_1x8x2_avx2_fma3/32/184/real_time",386188,362.556,361.868,ns,,,"1x32x184",,,2,1,16,184,1,32,2,1,8
"dot/dot_bf16_bf16_fp32_1x16x2_1x8x2_avx2_fma3/32/276/real_time",241007,580.988,579.85,ns,,,"1x32x276",,,2,1,16,276,1,32,2,1,8
"dot/dot_bf16_bf16_fp32_1x16x2_1x8x2_avx2_fma3/32/370/real_time",173090,809.935,808.317,ns,,,"1x32x370",,,2,1,16,370,1,32,2,1,8
"dot/dot_bf16_bf16_fp32_1x16x2_1x8x2_avx2_fma3/64/2/real_time",9175784,15.2628,15.234,ns,,,"1x64x2",,,2,1,16,2,1,64,2,1,8
"dot/dot_bf16_bf16_fp32_1x16x2_1x8x2_avx2_fma3/64/46/real_time",975366,143.458,143.176,ns,,,"1x64x46",,,2,1,16,46,1,64,2,1,8
"dot/dot_bf16_bf16_fp32_1x16x2_1x8x2_avx2_fma3/64/92/real_time",481132,290.743,290.173,ns,,,"1x64x92",,,2,1,16,92,1,64,2,1,8
"dot/dot_bf16_bf16_fp32_1x16x2_1x8x2_avx2_fma3/64/138/real_time",270908,515.414,514.391,ns,,,"1x64x138",,,2,1,16,138,1,64,2,1,8
"dot/dot_bf16_bf16_fp32_1x16x2_1x8x2_avx2_fma3/64/186/real_time",184160,740.898,739.477,ns,,,"1x64x186",,,2,1,16,186,1,64,2,1,8
"dot/dot_bf16_bf16_fp32_1x16x2_1x8x2_avx2_fma3/128/2/real_time",5469927,25.6675,25.6165,ns,,,"1x128x2",,,2,1,16,2,1,128,2,1,8
"dot/dot_bf16_bf16_fp32_1x16x2_1x8x2_avx2_fma3/128/22/real_time",1337862,104.849,104.649,ns,,,"1x128x22",,,2,1,16,22,1,128,2,1,8
"dot/dot_bf16_bf16_fp32_1x16x2_1x8x2_avx2_fma3/128/46/real_time",493675,283.551,282.996,ns,,,"1x128x46",,,2,1,16,46,1,128,2,1,8
"dot/dot_bf16_bf16_fp32_1x16x2_1x8x2_avx2_fma3/128/68/real_time",330160,423.972,423.131,ns,,,"1x128x68",,,2,1,16,68,1,128,2,1,8
"dot/dot_bf16_bf16_fp32_1x16x2_1x8x2_avx2_fma3/128/92/real_time",232696,601.798,600.605,ns,,,"1x128x92",,,2,1,16,92,1,128,2,1,8
"dot/dot_bf16_bf16_fp32_2x16x2_1x8x2_avx2_fma3/16/2/real_time",15063626,9.43293,9.40655,ns,,,"2x16x2",,,2,2,16,2,2,16,2,1,8
"dot/dot_bf16_bf16_fp32_2x16x2_1x8x2_avx2_fma3/16/168/real_time",557313,215.864,215.384,ns,,,"2x16x168",,,2,2,16,168,2,16,2,1,8
"dot/dot_bf16_bf16_fp32_2x16x2_1x8x2_avx2_fma3/16/338/real_time",321786,396.992,396.182,ns,,,"2x16x338",,,2,2,16,338,2,16,2,1,8
"dot/dot_bf16_bf16_fp32_2x16x2_1x8x2_avx2_fma3/16/508/real_time",233655,599.126,597.875,ns,,,"2x16x508",,,2,2,16,508,2,16,2,1,8
"dot/dot_bf16_bf16_fp32_2x16x2_1x8x2_avx2_fma3/16/678/real_time",174694,817.308,815.537,ns,,,"2x16x678",,,2,2,16,678,2,16,2,1,8
"dot/dot_bf16_bf16_fp32_2x16x2_1x8x2_avx2_fma3/32/2/real_time",10919307,12.8328,12.8073,ns,,,"2x32x2",,,2,2,16,2,2,32,2,1,8
"dot/dot_bf16_bf16_fp32_2x16x2_1x8x2_avx2_fma3/32/88/real_time",753087,185.854,185.463,ns,,,"2x32x88",,,2,2,16,88,2,32,2,1,8
"dot/dot_bf16_bf16_fp32_2x16x2_1x8x2_avx2_fma3/32/178/real_time",350184,407.584,406.787,ns,,,"2x32x178",,,2,2,16,178,2,32,2,1,8
"dot/dot_bf16_bf16_fp32_2x16x2_1x8x2_avx2_fma3/32/266/real_time",227996,613.762,612.55,ns,,,"2x32x266",,,2,2,16,266,2,32,2,1,8
"dot/dot_bf16_bf16_fp32_2x16x2_1x8x2_avx2_fma3/32/356/real_time",169627,824.987,823.376,ns,,,"2x32x356",,,2,2,16,356,2,32,2,1,8
"dot/dot_bf16_bf16_fp32_2x16x2_1x8x2_avx2_fma3/64/2/real_time",6296278,19.9936,19.9538,ns,,,"2x64x2",,,2,2,16,2,2,64,2,1,8
"dot/dot_bf16_bf16_fp32_2x16x2_1x8x2_avx2_fma3/64/44/real_time",843132,166.09,165.767,ns,,,"2x64x44",,,2,2,16,44,2,64,2,1,8
"dot/dot_bf16_bf16_fp32_2x16x2_1x8x2_avx2_fma3/64/90/real_time",372826,375.339,374.586,ns,,,"2x64x90",,,2,2,16,90,2,64,2,1,8
"dot/dot_bf16_bf16_fp32_2x16x2_1x8x2_avx2_fma3/64/136/real_time",233828,614.74,613.518,ns,,,"2x64x136",,,2,2,16,136,2,64,2,1,8
"dot/dot_bf16_bf16_fp32_2x16x2_1x8x2_avx2_fma3/64/182/real_time",171032,817.819,816.199,ns,,,"2x64x182",,,2,2,16,182,2,64,2,1,8
"dot/dot_bf16_bf16_fp32_2x16x2_1x8x2_avx2_fma3/128/2/real_time",4185634,33.4604,33.3901,ns,,,"2x128x2",,,2,2,16,2,2,128,2,1,8
"dot/dot_bf16_bf16_fp32_2x16x2_1x8x2_avx2_fma3/128/22/real_time",938898,149.079,148.799,ns,,,"2x128x22",,,2,2,16,22,2,128,2,1,8
"dot/dot_bf16_bf16_fp32_2x16x2_1x8x2_avx2_fma3/128/44/real_time",413590,340.38,339.656,ns,,,"2x128x44",,,2,2,16,44,2,128,2,1,8
"dot/dot_bf16_bf16_fp32_2x16x2_1x8x2_avx2_fma3/128/66/real_time",259671,539.849,538.711,ns,,,"2x128x66",,,2,2,16,66,2,128,2,1,8
"dot/dot_bf16_bf16_fp32_2x16x2_1x8x2_avx2_fma3/128/90/real_time",177123,785.414,783.752,ns,,,"2x128x90",,,2,2,16,90,2,128,2,1,8
"dot/dot_bf16_bf16_fp32_3x16x2_1x8x2_avx2_fma3/16/2/real_time",12481699,11.2083,11.1835,ns,,,"3x16x2",,,2,3,16,2,3,16,2,1,8
"dot/dot_bf16_bf16_fp32_3x16x2_1x8x2_avx2_fma3/16/160/real_time",691187,202.65,202.248,ns,,,"3x16x160",,,2,3,16,160,3,16,2,1,8
"dot/dot_bf16_bf16_fp32_3x16x2_1x8x2_avx2_fma3/16/320/real_time",343057,406.729,405.888,ns,,,"3x16x320",,,2,3,16,320,3,16,2,1,8
"dot/dot_bf16_bf16_fp32_3x16x2_1x8x2_avx2_fma3/16/480/real_time",228237,613.443,612.22,ns,,,"3x16x480",,,2,3,16,480,3,16,2,1,8
"dot/dot_bf16_bf16_fp32_3x16x2_1x8x2_avx2_fma3/16/640/real_time",171332,817.068,815.471,ns,,,"3x16x640",,,2,3,16,640,3,16,2,1,8
"dot/dot_bf16_bf16_fp32_3x16x2_1x8x2_avx2_fma3/32/2/real_time",8979023,15.6547,15.6208,ns,,,"3x32x2",,,2,3,16,2,3,32,2,1,8
"dot/dot_bf16_bf16_fp32_3x16x2_1x8x2_avx2_fma3/32/86/real_time",636217,213.332,212.884,ns,,,"3x32x86",,,2,3,16,86,3,32,2,1,8
"dot/dot_bf16_bf16_fp32_3x16x2_1x8x2_avx2_fma3/32/172/real_time",324028,432.374,431.486,ns,,,"3x32x172",,,2,3,16,172,3,32,2,1,8
"dot/dot_bf16_bf16_fp32_3x16x2_1x8x2_avx2_fma3/32/258/real_time",214737,651.737,650.336,ns,,,"3x32x258",,,2,3,16,258,3,32,2,1,8
"dot/dot_bf16_bf16_fp32_3x16x2_1x8x2_avx2_fma3/32/344/real_time",160037,874.131,872.445,ns,,,"3x32x344",,,2,3,16,344,3,32,2,1,8
"dot/dot_bf16_bf16_fp32_3x16x2_1x8x2_avx2_fma3/64/2/real_time",5769493,24.379,24.325,ns,,,"3x64x2",,,2,3,16,2,3,64,2,1,8
"dot/dot_bf16_bf16_fp32_3x16x2_1x8x2_avx2_fma3/64/44/real_time",665205,210.755,210.335,ns,,,"3x64x44",,,2,3,16,44,3,64,2,1,8
"dot/dot_bf16_bf16_fp32_3x16x2_1x8x2_avx2_fma3/64/88/real_time",323275,432.958,432.105,ns,,,"3x64x88",,,2,3,16,88,3,64,2,1,8
"dot/dot_bf16_bf16_fp32_3x16x2_1x8x2_avx2_fma3/64/132/real_time",211573,661.415,660.047,ns,,,"3x64x132",,,2,3,16,132,3,64,2,1,8
"dot/dot_bf16_bf16_fp32_3x16x2_1x8x2_avx2_fma3/64/176/real_time",156806,903.739,901.908,ns,,,"3x64x176",,,2,3,16,176,3,64,2,1,8
"dot/dot_bf16_bf16_fp32_3x16x2_1x8x2_avx2_fma3/128/2/real_time",3330731,42.0512,41.9651,ns,,,"3x128x2",,,2,3,16,2,3,128,2,1,8
"dot/dot_bf16_bf16_fp32_3x16x2_1x8x2_avx2_fma3/128/20/real_time",746421,191.381,191.009,ns,,,"3x128x20",,,2,3,16,20,3,128,2,1,8
"dot/dot_bf16_bf16_fp32_3x16x2_1x8x2_avx2_fma3/128/42/real_time",336931,387.757,386.985,ns,,,"3x128x42",,,2,3,16,42,3,128,2,1,8
"dot/dot_bf16_bf16_fp32_3x16x2_1x8x2_avx2_fma3/128/64/real_time",230722,606.805,605.558,ns,,,"3x128x64",,,2,3,16,64,3,128,2,1,8
"dot/dot_bf16_bf16_fp32_3x16x2_1x8x2_avx2_fma3/128/86/real_time",169773,830.929,829.363,ns,,,"3x128x86",,,2,3,16,86,3,128,2,1,8
"dot/dot_bf16_bf16_fp32_4x16x2_1x8x2_avx2_fma3/16/2/real_time",11040296,12.6822,12.65,ns,,,"4x16x2",,,2,4,16,2,4,16,2,1,8
"dot/dot_bf16_bf16_fp32_4x16x2_1x8x2_avx2_fma3/16/152/real_time",482268,290.381,289.815,ns,,,"4x16x152",,,2,4,16,152,4,16,2,1,8
"dot/dot_bf16_bf16_fp32_4x16x2_1x8x2_avx2_fma3/16/304/real_time",234526,593.881,592.596,ns,,,"4x16x304",,,2,4,16,304,4,16,2,1,8
"dot/dot_bf16_bf16_fp32_4x16x2_1x8x2_avx2_fma3/16/456/real_time",155625,899.427,897.701,ns,,,"4x16x456",,,2,4,16,456,4,16,2,1,8
"dot/dot_bf16_bf16_fp32_4x16x2_1x8x2_avx2_fma3/16/608/real_time",116629,1201.96,1198.1,ns,,,"4x16x608",,,2,4,16,608,4,16,2,1,8
"dot/dot_bf16_bf16_fp32_4x16x2_1x8x2_avx2_fma3/32/2/real_time",7424266,18.8263,18.7863,ns,,,"4x32x2",,,2,4,16,2,4,32,2,1,8
"dot/dot_bf16_bf16_fp32_4x16x2_1x8x2_avx2_fma3/32/82/real_time",472246,298.737,298.129,ns,,,"4x32x82",,,2,4,16,82,4,32,2,1,8
"dot/dot_bf16_bf16_fp32_4x16x2_1x8x2_avx2_fma3/32/166/real_time",217672,629.724,628.363,ns,,,"4x32x166",,,2,4,16,166,4,32,2,1,8
"dot/dot_bf16_bf16_fp32_4x16x2_1x8x2_avx2_fma3/32/250/real_time",145582,961.613,959.689,ns,,,"4x32x250",,,2,4,16,250,4,32,2,1,8
"dot/dot_bf16_bf16_fp32_4x16x2_1x8x2_avx2_fma3/32/334/real_time",107424,1304.34,1301.73,ns,,,"4x32x334",,,2,4,16,334,4,32,2,1,8
"dot/dot_bf16_bf16_fp32_4x16x2_1x8x2_avx2_fma3/64/2/real_time",4658275,29.9374,29.8773,ns,,,"4x64x2",,,2,4,16,2,4,64,2,1,8
"dot/dot_bf16_bf16_fp32_4x16x2_1x8x2_avx2_fma3/64/42/real_time",498438,280.9,280.327,ns,,,"4x64x42",,,2,4,16,42,4,64,2,1,8
"dot/dot_bf16_bf16_fp32_4x16x2_1x8x2_avx2_fma3/64/86/real_time",220621,634.301,633.013,ns,,,"4x64x86",,,2,4,16,86,4,64,2,1,8
"dot/dot_bf16_bf16_fp32_4x16x2_1x8x2_avx2_fma3/64/128/real_time",143468,975.626,973.823,ns,,,"4x64x128",,,2,4,16,128,4,64,2,1,8
"dot/dot_bf16_bf16_fp32_4x16x2_1x8x2_avx2_fma3/64/172/real_time",104167,1344.31,1341.65,ns,,,"4x64x172",,,2,4,16,172,4,64,2,1,8
"dot/dot_bf16_bf16_fp32_4x16x2_1x8x2_avx2_fma3/128/2/real_time",2660714,52.6147,52.5111,ns,,,"4x128x2",,,2,4,16,2,4,128,2,1,8
"dot/dot_bf16_bf16_fp32_4x16x2_1x8x2_avx2_fma3/128/20/real_time",547423,255.756,255.226,ns,,,"4x128x20",,,2,4,16,20,4,128,2,1,8
"dot/dot_bf16_bf16_fp32_4x16x2_1x8x2_avx2_fma3/128/42/real_time",252547,554.42,553.281,ns,,,"4x128x42",,,2,4,16,42,4,128,2,1,8
"dot/dot_bf16_bf16_fp32_4x16x2_1x8x2_avx2_fma3/128/62/real_time",158981,877.42,875.645,ns,,,"4x128x62",,,2,4,16,62,4,128,2,1,8
"dot/dot_bf16_bf16_fp32_4x16x2_1x8x2_avx2_fma3/128/84/real_time",112946,1240.22,1237.66,ns,,,"4x128x84",,,2,4,16,84,4,128,2,1,8
"dot/dot_bf16_bf16_fp32_5x16x2_1x8x2_avx2_fma3/16/2/real_time",9648147,14.5002,14.4669,ns,,,"5x16x2",,,2,5,16,2,5,16,2,1,8
"dot/dot_bf16_bf16_fp32_5x16x2_1x8x2_avx2_fma3/16/144/real_time",477083,293.612,293.008,ns,,,"5x16x144",,,2,5,16,144,5,16,2,1,8
"dot/dot_bf16_bf16_fp32_5x16x2_1x8x2_avx2_fma3/16/288/real_time",237177,593.491,592.343,ns,,,"5x16x288",,,2,5,16,288,5,16,2,1,8
"dot/dot_bf16_bf16_fp32_5x16x2_1x8x2_avx2_fma3/16/432/real_time",157039,912.612,910.716,ns,,,"5x16x432",,,2,5,16,432,5,16,2,1,8
"dot/dot_bf16_bf16_fp32_5x16x2_1x8x2_avx2_fma3/16/576/real_time",118331,1184.9,1182.55,ns,,,"5x16x576",,,2,5,16,576,5,16,2,1,8
"dot/dot_bf16_bf16_fp32_5x16x2_1x8x2_avx2_fma3/32/2/real_time",6611539,21.2119,21.1695,ns,,,"5x32x2",,,2,5,16,2,5,32,2,1,8
"dot/dot_bf16_bf16_fp32_5x16x2_1x8x2_avx2_fma3/32/80/real_time",442320,320.259,319.614,ns,,,"5x32x80",,,2,5,16,80,5,32,2,1,8
"dot/dot_bf16_bf16_fp32_5x16x2_1x8x2_avx2_fma3/32/160/real_time",216951,656.798,655.527,ns,,,"5x32x160",,,2,5,16,160,5,32,2,1,8
"dot/dot_bf16_bf16_fp32_5x16x2_1x8x2_avx2_fma3/32/240/real_time",143933,973.432,971.495,ns,,,"5x32x240",,,2,5,16,240,5,32,2,1,8
"dot/dot_bf16_bf16_fp32_5x16x2_1x8x2_avx2_fma3/32/322/real_time",106224,1325.95,1323.27,ns,,,"5x32x322",,,2,5,16,322,5,32,2,1,8
"dot/dot_bf16_bf16_fp32_5x16x2_1x8x2_avx2_fma3/64/2/real_time",4044225,34.7823,34.7055,ns,,,"5x64x2",,,2,5,16,2,5,64,2,1,8
"dot/dot_bf16_bf16_fp32_5x16x2_1x8x2_avx2_fma3/64/42/real_time",440274,317.866,317.225,ns,,,"5x64x42",,,2,5,16,42,5,64,2,1,8
"dot/dot_bf16_bf16_fp32_5x16x2_1x8x2_avx2_fma3/64/84/real_time",213058,656.86,655.583,ns,,,"5x64x84",,,2,5,16,84,5,64,2,1,8
"dot/dot_bf16_bf16_fp32_5x16x2_1x8x2_avx2_fma3/64/126/real_time",139750,1001.53,999.469,ns,,,"5x64x126",,,2,5,16,126,5,64,2,1,8
"dot/dot_bf16_bf16_fp32_5x16x2_1x8x2_avx2_fma3/64/168/real_time",103251,1354.15,1351.47,ns,,,"5x64x168",,,2,5,16,168,5,64,2,1,8
"dot/dot_bf16_bf16_fp32_5x16x2_1x8x2_avx2_fma3/128/2/real_time",2259903,61.7077,61.5834,ns,,,"5x128x2",,,2,5,16,2,5,128,2,1,8
"dot/dot_bf16_bf16_fp32_5x16x2_1x8x2_avx2_fma3/128/20/real_time",466094,300.411,299.761,ns,,,"5x128x20",,,2,5,16,20,5,128,2,1,8
"dot/dot_bf16_bf16_fp32_5x16x2_1x8x2_avx2_fma3/128/40/real_time",233825,598.608,597.443,ns,,,"5x128x40",,,2,5,16,40,5,128,2,1,8
"dot/dot_bf16_bf16_fp32_5x16x2_1x8x2_avx2_fma3/128/60/real_time",152213,919.933,918.019,ns,,,"5x128x60",,,2,5,16,60,5,128,2,1,8
"dot/dot_bf16_bf16_fp32_5x16x2_1x8x2_avx2_fma3/128/82/real_time",109259,1280.42,1277.88,ns,,,"5x128x82",,,2,5,16,82,5,128,2,1,8
"dot/dot_bf16_bf16_fp32_8x8x2_1x8x2_avx2_fma3/8/2/real_time",9862867,14.1788,14.1503,ns,,,"8x8x2",,,2,8,8,2,8,8,2,1,8
"dot/dot_bf16_bf16_fp32_8x8x2_1x8x2_avx2_fma3/8/190/real_time",425208,329.232,328.553,ns,,,"8x8x190",,,2,8,8,190,8,8,2,1,8
"dot/dot_bf16_bf16_fp32_8x8x2_1x8x2_avx2_fma3/8/380/real_time",215021,651.334,649.906,ns,,,"8x8x380",,,2,8,8,380,8,8,2,1,8
"dot/dot_bf16_bf16_fp32_8x8x2_1x8x2_avx2_fma3/8/570/real_time",143239,977.193,975.212,ns,,,"8x8x570",,,2,8,8,570,8,8,2,1,8
"dot/dot_bf16_bf16_fp32_8x8x2_1x8x2_avx2_fma3/8/760/real_time",107711,1299.11,1296.45,ns,,,"8x8x760",,,2,8,8,760,8,8,2,1,8
"dot/dot_bf16_bf16_fp32_8x8x2_1x8x2_avx2_fma3/16/2/real_time",7130959,19.6375,19.5962,ns,,,"8x16x2",,,2,8,8,2,8,16,2,1,8
"dot/dot_bf16_bf16_fp32_8x8x2_1x8x2_avx2_fma3/16/124/real_time",327547,428.023,427.155,ns,,,"8x16x124",,,2,8,8,124,8,16,2,1,8
"dot/dot_bf16_bf16_fp32_8x8x2_1x8x2_avx2_fma3/16/250/real_time",163762,854.822,853.05,ns,,,"8x16x250",,,2,8,8,250,8,16,2,1,8
"dot/dot_bf16_bf16_fp32_8x8x2_1x8x2_avx2_fma3/16/374/real_time",109615,1278.53,1275.6,ns,,,"8x16x374",,,2,8,8,374,8,16,2,1,8
"dot/dot_bf16_bf16_fp32_8x8x2_1x8x2_avx2_fma3/16/500/real_time",81698,1742.8,1739.05,ns,,,"8x16x500",,,2,8,8,500,8,16,2,1,8
"dot/dot_bf16_bf16_fp32_8x8x2_1x8x2_avx2_fma3/32/2/real_time",4588898,30.5091,30.4477,ns,,,"8x32x2",,,2,8,8,2,8,32,2,1,8
"dot/dot_bf16_bf16_fp32_8x8x2_1x8x2_avx2_fma3/32/72/real_time",282571,495.858,494.882,ns,,,"8x32x72",,,2,8,8,72,8,32,2,1,8
"dot/dot_bf16_bf16_fp32_8x8x2_1x8x2_avx2_fma3/32/146/real_time",139978,1002.41,1000.58,ns,,,"8x32x146",,,2,8,8,146,8,32,2,1,8
"dot/dot_bf16_bf16_fp32_8x8x2_1x8x2_avx2_fma3/32/220/real_time",92995,1506.59,1503.59,ns,,,"8x32x220",,,2,8,8,220,8,32,2,1,8
"dot/dot_bf16_bf16_fp32_8x8x2_1x8x2_avx2_fma3/32/294/real_time",69563,2012.32,2007.94,ns,,,"8x32x294",,,2,8,8,294,8,32,2,1,8
"dot/dot_bf16_bf16_fp32_8x8x2_1x8x2_avx2_fma3/64/2/real_time",2675092,52.2959,52.1954,ns,,,"8x64x2",,,2,8,8,2,8,64,2,1,8
"dot/dot_bf16_bf16_fp32_8x8x2_1x8x2_avx2_fma3/64/38/real_time",267878,522.784,521.649,ns,,,"8x64x38",,,2,8,8,38,8,64,2,1,8
"dot/dot_bf16_bf16_fp32_8x8x2_1x8x2_avx2_fma3/64/78/real_time",130644,1098.67,1096.23,ns,,,"8x64x78",,,2,8,8,78,8,64,2,1,8
"dot/dot_bf16_bf16_fp32_8x8x2_1x8x2_avx2_fma3/64/116/real_time",88276,1586.93,1583.64,ns,,,"8x64x116",,,2,8,8,116,8,64,2,1,8
"dot/dot_bf16_bf16_fp32_8x8x2_1x8x2_avx2_fma3/64/156/real_time",65732,2130.53,2126.06,ns,,,"8x64x156",,,2,8,8,156,8,64,2,1,8
"dot/dot_bf16_bf16_fp32_10x8x2_1x8x2_avx2_fma3/8/2/real_time",8009809,17.489,17.4515,ns,,,"10x8x2",,,2,10,8,2,10,8,2,1,8
"dot/dot_bf16_bf16_fp32_10x8x2_1x8x2_avx2_fma3/8/168/real_time",321324,412.946,412.102,ns,,,"10x8x168",,,2,10,8,168,10,8,2,1,8
"dot/dot_bf16_bf16_fp32_10x8x2_1x8x2_avx2_fma3/8/336/real_time",173647,806.335,804.656,ns,,,"10x8x336",,,2,10,8,336,10,8,2,1,8
"dot/dot_bf16_bf16_fp32_10x8x2_1x8x2_avx2_fma3/8/504/real_time",115990,1208.67,1206.13,ns,,,"10x8x504",,,2,10,8,504,10,8,2,1,8
"dot/dot_bf16_bf16_fp32_10x8x2_1x8x2_avx2_fma3/8/672/real_time",87063,1611.36,1607.51,ns,,,"10x8x672",,,2,10,8,672,10,8,2,1,8
"dot/dot_bf16_bf16_fp32_10x8x2_1x8x2_avx2_fma3/16/2/real_time",5587590,24.9457,24.8934,ns,,,"10x16x2",,,2,10,8,2,10,16,2,1,8
"dot/dot_bf16_bf16_fp32_10x8x2_1x8x2_avx2_fma3/16/114/real_time",214826,557.969,556.841,ns,,,"10x16x114",,,2,10,8,114,10,16,2,1,8
"dot/dot_bf16_bf16_fp32_10x8x2_1x8x2_avx2_fma3/16/230/real_time",127811,1095.91,1093.09,ns,,,"10x16x230",,,2,10,8,230,10,16,2,1,8
"dot/dot_bf16_bf16_fp32_10x8x2_1x8x2_avx2_fma3/16/344/real_time",85389,1638.41,1634.71,ns,,,"10x16x344",,,2,10,8,344,10,16,2,1,8
"dot/dot_bf16_bf16_fp32_10x8x2_1x8x2_avx2_fma3/16/460/real_time",63745,2199.89,2195.43,ns,,,"10x16x460",,,2,10,8,460,10,16,2,1,8
"dot/dot_bf16_bf16_fp32_10x8x2_1x8x2_avx2_fma3/32/2/real_time",3462354,40.4616,40.3796,ns,,,"10x32x2",,,2,10,8,2,10,32,2,1,8
"dot/dot_bf16_bf16_fp32_10x8x2_1x8x2_avx2_fma3/32/68/real_time",205758,680.459,678.978,ns,,,"10x32x68",,,2,10,8,68,10,32,2,1,8
"dot/dot_bf16_bf16_fp32_10x8x2_1x8x2_avx2_fma3/32/138/real_time",105026,1356.89,1354.02,ns,,,"10x32x138",,,2,10,8,138,10,32,2,1,8
"dot/dot_bf16_bf16_fp32_10x8x2_1x8x2_avx2_fma3/32/206/real_time",71047,1966.13,1961.77,ns,,,"10x32x206",,,2,10,8,206,10,32,2,1,8
"dot/dot_bf16_bf16_fp32_10x8x2_1x8x2_avx2_fma3/32/276/real_time",53402,2623,2617.26,ns,,,"10x32x276",,,2,10,8,276,10,32,2,1,8
"dot/dot_bf16_bf16_fp32_10x8x2_1x8x2_avx2_fma3/64/2/real_time",1938319,72.1163,71.9627,ns,,,"10x64x2",,,2,10,8,2,10,64,2,1,8
"dot/dot_bf16_bf16_fp32_10x8x2_1x8x2_avx2_fma3/64/36/real_time",197404,728.596,727.098,ns,,,"10x64x36",,,2,10,8,36,10,64,2,1,8
"dot/dot_bf16_bf16_fp32_10x8x2_1x8x2_avx2_fma3/64/74/real_time",98449,1423.77,1420.51,ns,,,"10x64x74",,,2,10,8,74,10,64,2,1,8
"dot/dot_bf16_bf16_fp32_10x8x2_1x8x2_avx2_fma3/64/110/real_time",66204,2112.51,2106.89,ns,,,"10x64x110",,,2,10,8,110,10,64,2,1,8
"dot/dot_bf16_bf16_fp32_10x8x2_1x8x2_avx2_fma3/64/148/real_time",49606,2822.85,2816.47,ns,,,"10x64x148",,,2,10,8,148,10,64,2,1,8
"dot/dot_bf16_bf16_fp32_12x8x2_1x8x2_avx2_fma3/8/2/real_time",6242320,22.4155,22.3694,ns,,,"12x8x2",,,2,12,8,2,12,8,2,1,8
"dot/dot_bf16_bf16_fp32_12x8x2_1x8x2_avx2_fma3/8/150/real_time",281748,496.888,495.818,ns,,,"12x8x150",,,2,12,8,150,12,8,2,1,8
"dot/dot_bf16_bf16_fp32_12x8x2_1x8x2_avx2_fma3/8/302/real_time",141024,992.218,990.119,ns,,,"12x8x302",,,2,12,8,302,12,8,2,1,8
"dot/dot_bf16_bf16_fp32_12x8x2_1x8x2_avx2_fma3/8/452/real_time",95188,1471.24,1468.18,ns,,,"12x8x452",,,2,12,8,452,12,8,2,1,8
"dot/dot_bf16_bf16_fp32_12x8x2_1x8x2_avx2_fma3/8/604/real_time",71155,1967.28,1963.1,ns,,,"12x8x604",,,2,12,8,604,12,8,2,1,8
"dot/dot_bf16_bf16_fp32_12x8x2_1x8x2_avx2_fma3/16/2/real_time",4416090,31.7438,31.678,ns,,,"12x16x2",,,2,12,8,2,12,16,2,1,8
"dot/dot_bf16_bf16_fp32_12x8x2_1x8x2_avx2_fma3/16/106/real_time",189358,706.056,704.551,ns,,,"12x16x106",,,2,12,8,106,12,16,2,1,8
"dot/dot_bf16_bf16_fp32_12x8x2_1x8x2_avx2_fma3/16/212/real_time",99848,1403.07,1400.2,ns,,,"12x16x212",,,2,12,8,212,12,16,2,1,8
"dot/dot_bf16_bf16_fp32_12x8x2_1x8x2_avx2_fma3/16/318/real_time",67191,2079.78,2075.24,ns,,,"12x16x318",,,2,12,8,318,12,16,2,1,8
"dot/dot_bf16_bf16_fp32_12x8x2_1x8x2_avx2_fma3/16/424/real_time",50566,2836.74,2830.55,ns,,,"12x16x424",,,2,12,8,424,12,16,2,1,8
"dot/dot_bf16_bf16_fp32_12x8x2_1x8x2_avx2_fma3/32/2/real_time",2780449,50.3301,50.2291,ns,,,"12x32x2",,,2,12,8,2,12,32,2,1,8
"dot/dot_bf16_bf16_fp32_12x8x2_1x8x2_avx2_fma3/32/64/real_time",163569,856.452,854.62,ns,,,"12x32x64",,,2,12,8,64,12,32,2,1,8
"dot/dot_bf16_bf16_fp32_12x8x2_1x8x2_avx2_fma3/32/130/real_time",81732,1712.75,1709.06,ns,,,"12x32x130",,,2,12,8,130,12,32,2,1,8
"dot/dot_bf16_bf16_fp32_12x8x2_1x8x2_avx2_fma3/32/194/real_time",54959,2545.18,2540.13,ns,,,"12x32x194",,,2,12,8,194,12,32,2,1,8
"dot/dot_bf16_bf16_fp32_12x8x2_1x8x2_avx2_fma3/32/260/real_time",41211,3451.94,3444.84,ns,,,"12x32x260",,,2,12,8,260,12,32,2,1,8
"dot/dot_bf16_bf16_fp32_12x8x2_1x8x2_avx2_fma3/64/2/real_time",1585159,88.1378,87.964,ns,,,"12x64x2",,,2,12,8,2,12,64,2,1,8
"dot/dot_bf16_bf16_fp32_12x8x2_1x8x2_avx2_fma3/64/34/real_time",153591,911.463,909.712,ns,,,"12x64x34",,,2,12,8,34,12,64,2,1,8
"dot/dot_bf16_bf16_fp32_12x8x2_1x8x2_avx2_fma3/64/70/real_time",75823,1845.21,1841.38,ns,,,"12x64x70",,,2,12,8,70,12,64,2,1,8
"dot/dot_bf16_bf16_fp32_12x8x2_1x8x2_avx2_fma3/64/104/real_time",50869,2753.19,2746.71,ns,,,"12x64x104",,,2,12,8,104,12,64,2,1,8
"dot/dot_bf16_bf16_fp32_12x8x2_1x8x2_avx2_fma3/64/140/real_time",38088,3676.78,3668.17,ns,,,"12x64x140",,,2,12,8,140,12,64,2,1,8
"dot/dot_bf16_bf16_fp32_1x32x1_1x8x1_avx2_fma3/32/1/real_time",16885506,8.19398,8.17545,ns,,,"1x32x1",,,1,1,32,1,1,32,1,1,8
"dot/dot_bf16_bf16_fp32_1x32x1_1x8x1_avx2_fma3/32/92/real_time",1054460,132.987,132.719,ns,,,"1x32x92",,,1,1,32,92,1,32,1,1,8
"dot/dot_bf16_bf16_fp32_1x32x1_1x8x1_avx2_fma3/32/185/real_time",529378,263.571,263.06,ns,,,"1x32x185",,,1,1,32,185,1,32,1,1,8
"dot/dot_bf16_bf16_fp32_1x32x1_1x8x1_avx2_fma3/32/277/real_time",351561,399.622,398.729,ns,,,"1x32x277",,,1,1,32,277,1,32,1,1,8
"dot/dot_bf16_bf16_fp32_1x32x1_1x8x1_avx2_fma3/32/370/real_time",258979,531.647,530.534,ns,,,"1x32x370",,,1,1,32,370,1,32,1,1,8
"dot/dot_bf16_bf16_fp32_1x32x1_1x8x1_avx2_fma3/64/1/real_time",12901313,10.8564,10.8337,ns,,,"1x64x1",,,1,1,32,1,1,64,1,1,8
"dot/dot_bf16_bf16_fp32_1x32x1_1x8x1_avx2_fma3/64/46/real_time",1052326,132.371,132.098,ns,,,"1x64x46",,,1,1,32,46,1,64,1,1,8
"dot/dot_bf16_bf16_fp32_1x32x1_1x8x1_avx2_fma3/64/93/real_time",505918,272.107,271.507,ns,,,"1x64x93",,,1,1,32,93,1,64,1,1,8
"dot/dot_bf16_bf16_fp32_1x32x1_1x8x1_avx2_fma3/64/140/real_time",351472,409.994,409.157,ns,,,"1x64x140",,,1,1,32,140,1,64,1,1,8
"dot/dot_bf16_bf16_fp32_1x32x1_1x8x1_avx2_fma3/64/187/real_time",261245,537.87,536.811,ns,,,"1x64x187",,,1,1,32,187,1,64,1,1,8
"dot/dot_bf16_bf16_fp32_1x32x1_1x8x1_avx2_fma3/128/1/real_time",8212322,17.0351,17.0011,ns,,,"1x128x1",,,1,1,32,1,1,128,1,1,8
"dot/dot_bf16_bf16_fp32_1x32x1_1x8x1_avx2_fma3/128/23/real_time",1036202,134.987,134.717,ns,,,"1x128x23",,,1,1,32,23,1,128,1,1,8
"dot/dot_bf16_bf16_fp32_1x32x1_1x8x1_avx2_fma3/128/46/real_time",502784,279.153,278.587,ns,,,"1x128x46",,,1,1,32,46,1,128,1,1,8
"dot/dot_bf16_bf16_fp32_1x32x1_1x8x1_avx2_fma3/128/69/real_time",337557,412.341,411.496,ns,,,"1x128x69",,,1,1,32,69,1,128,1,1,8
"dot/dot_bf16_bf16_fp32_1x32x1_1x8x1_avx2_fma3/128/93/real_time",249689,565.952,564.787,ns,,,"1x128x93",,,1,1,32,93,1,128,1,1,8
"dot/dot_bf16_bf16_fp32_1x32x1_1x8x1_avx2_fma3/256/1/real_time",4913214,28.5051,28.4503,ns,,,"1x256x1",,,1,1,32,1,1,256,1,1,8
"dot/dot_bf16_bf16_fp32_1x32x1_1x8x1_avx2_fma3/256/11/real_time",1026872,136.268,135.983,ns,,,"1x256x11",,,1,1,32,11,1,256,1,1,8
"dot/dot_bf16_bf16_fp32_1x32x1_1x8x1_avx2_fma3/256/22/real_time",539914,266.039,265.493,ns,,,"1x256x22",,,1,1,32,22,1,256,1,1,8
"dot/dot_bf16_bf16_fp32_1x32x1_1x8x1_avx2_fma3/256/33/real_time",356902,392.437,391.652,ns,,,"1x256x33",,,1,1,32,33,1,256,1,1,8
"dot/dot_bf16_bf16_fp32_1x32x1_1x8x1_avx2_fma3/256/45/real_time",264274,532.188,531.158,ns,,,"1x256x45",,,1,1,32,45,1,256,1,1,8
"dot/dot_bf16_bf16_fp32_2x32x1_1x8x1_avx2_fma3/32/1/real_time",13085360,10.406,10.3836,ns,,,"2x32x1",,,1,2,32,1,2,32,1,1,8
"dot/dot_bf16_bf16_fp32_2x32x1_1x8x1_avx2_fma3/32/89/real_time",783772,181.6,181.217,ns,,,"2x32x89",,,1,2,32,89,2,32,1,1,8
"dot/dot_bf16_bf16_fp32_2x32x1_1x8x1_avx2_fma3/32/178/real_time",295293,363.847,363.148,ns,,,"2x32x178",,,1,2,32,178,2,32,1,1,8
"dot/dot_bf16_bf16_fp32_2x32x1_1x8x1_avx2_fma3/32/267/real_time",264062,553.493,552.108,ns,,,"2x32x267",,,1,2,32,267,2,32,1,1,8
"dot/dot_bf16_bf16_fp32_2x32x1_1x8x1_avx2_fma3/32/357/real_time",175124,825.398,823.484,ns,,,"2x32x357",,,1,2,32,357,2,32,1,1,8
"dot/dot_bf16_bf16_fp32_2x32x1_1x8x1_avx2_fma3/64/1/real_time",9620606,14.4786,14.4471,ns,,,"2x64x1",,,1,2,32,1,2,64,1,1,8
"dot/dot_bf16_bf16_fp32_2x32x1_1x8x1_avx2_fma3/64/45/real_time",751345,186.11,185.743,ns,,,"2x64x45",,,1,2,32,45,2,64,1,1,8
"dot/dot_bf16_bf16_fp32_2x32x1_1x8x1_avx2_fma3/64/91/real_time",376283,372.199,371.419,ns,,,"2x64x91",,,1,2,32,91,2,64,1,1,8
"dot/dot_bf16_bf16_fp32_2x32x1_1x8x1_avx2_fma3/64/136/real_time",253651,552.241,551.128,ns,,,"2x64x136",,,1,2,32,136,2,64,1,1,8
"dot/dot_bf16_bf16_fp32_2x32x1_1x8x1_avx2_fma3/64/182/real_time",188946,740.505,739.029,ns,,,"2x64x182",,,1,2,32,182,2,64,1,1,8
"dot/dot_bf16_bf16_fp32_2x32x1_1x8x1_avx2_fma3/128/1/real_time",6226853,22.5461,22.5017,ns,,,"2x128x1",,,1,2,32,1,2,128,1,1,8
"dot/dot_bf16_bf16_fp32_2x32x1_1x8x1_avx2_fma3/128/22/real_time",765103,182.812,182.435,ns,,,"2x128x22",,,1,2,32,22,2,128,1,1,8
"dot/dot_bf16_bf16_fp32_2x32x1_1x8x1_avx2_fma3/128/45/real_time",393780,355.464,354.75,ns,,,"2x128x45",,,1,2,32,45,2,128,1,1,8
"dot/dot_bf16_bf16_fp32_2x32x1_1x8x1_avx2_fma3/128/67/real_time",262525,533.624,532.442,ns,,,"2x128x67",,,1,2,32,67,2,128,1,1,8
"dot/dot_bf16_bf16_fp32_2x32x1_1x8x1_avx2_fma3/128/90/real_time",193635,722.918,721.485,ns,,,"2x128x90",,,1,2,32,90,2,128,1,1,8
"dot/dot_bf16_bf16_fp32_2x32x1_1x8x1_avx2_fma3/256/1/real_time",3454644,40.6173,40.5272,ns,,,"2x256x1",,,1,2,32,1,2,256,1,1,8
"dot/dot_bf16_bf16_fp32_2x32x1_1x8x1_avx2_fma3/256/10/real_time",869270,161.338,161.009,ns,,,"2x256x10",,,1,2,32,10,2,256,1,1,8
"dot/dot_bf16_bf16_fp32_2x32x1_1x8x1_avx2_fma3/256/21/real_time",420809,332.634,331.971,ns,,,"2x256x21",,,1,2,32,21,2,256,1,1,8
"dot/dot_bf16_bf16_fp32_2x32x1_1x8x1_avx2_fma3/256/32/real_time",263676,510.583,509.484,ns,,,"2x256x32",,,1,2,32,32,2,256,1,1,8
"dot/dot_bf16_bf16_fp32_2x32x1_1x8x1_avx2_fma3/256/43/real_time",205106,682.593,681.032,ns,,,"2x256x43",,,1,2,32,43,2,256,1,1,8
"dot/dot_bf16_bf16_fp32_1x16x1_1x8x1_avx2_fma3/16/1/real_time",18013967,7.73529,7.71842,ns,,,"1x16x1",,,1,1,16,1,1,16,1,1,8
"dot/dot_bf16_bf16_fp32_1x16x1_1x8x1_avx2_fma3/16/180/real_time",642989,218.162,217.723,ns,,,"1x16x180",,,1,1,16,180,1,16,1,1,8
"dot/dot_bf16_bf16_fp32_1x16x1_1x8x1_avx2_fma3/16/360/real_time",303001,462.225,461.208,ns,,,"1x16x360",,,1,1,16,360,1,16,1,1,8
"dot/dot_bf16_bf16_fp32_1x16x1_1x8x1_avx2_fma3/16/540/real_time",200221,699.003,697.715,ns,,,"1x16x540",,,1,1,16,540,1,16,1,1,8
"dot/dot_bf16_bf16_fp32_1x16x1_1x8x1_avx2_fma3/16/720/real_time",149475,951.388,949.544,ns,,,"1x16x720",,,1,1,16,720,1,16,1,1,8
"dot/dot_bf16_bf16_fp32_1x16x1_1x8x1_avx2_fma3/32/1/real_time",14723601,9.51986,9.50072,ns,,,"1x32x1",,,1,1,16,1,1,32,1,1,8
"dot/dot_bf16_bf16_fp32_1x16x1_1x8x1_avx2_fma3/32/92/real_time",708056,199.489,199.116,ns,,,"1x32x92",,,1,1,16,92,1,32,1,1,8
"dot/dot_bf16_bf16_fp32_1x16x1_1x8x1_avx2_fma3/32/185/real_time",310029,449.037,448.147,ns,,,"1x32x185",,,1,1,16,185,1,32,1,1,8
"dot/dot_bf16_bf16_fp32_1x16x1_1x8x1_avx2_fma3/32/277/real_time",198129,707.158,705.797,ns,,,"1x32x277",,,1,1,16,277,1,32,1,1,8
"dot/dot_bf16_bf16_fp32_1x16x1_1x8x1_avx2_fma3/32/370/real_time",145464,950.456,948.629,ns,,,"1x32x370",,,1,1,16,370,1,32,1,1,8
"dot/dot_bf16_bf16_fp32_1x16x1_1x8x1_avx2_fma3/64/1/real_time",9661877,14.451,14.4223,ns,,,"1x64x1",,,1,1,16,1,1,64,1,1,8
"dot/dot_bf16_bf16_fp32_1x16x1_1x8x1_avx2_fma3/64/46/real_time",769094,182.039,181.687,ns,,,"1x64x46",,,1,1,16,46,1,64,1,1,8
"dot/dot_bf16_bf16_fp32_1x16x1_1x8x1_avx2_fma3/64/93/real_time",346495,403.598,402.778,ns,,,"1x64x93",,,1,1,16,93,1,64,1,1,8
"dot/dot_bf16_bf16_fp32_1x16x1_1x8x1_avx2_fma3/64/140/real_time",215055,651.647,650.307,ns,,,"1x64x140",,,1,1,16,140,1,64,1,1,8
"dot/dot_bf16_bf16_fp32_1x16x1_1x8x1_avx2_fma3/64/187/real_time",151745,909.321,907.49,ns,,,"1x64x187",,,1,1,16,187,1,64,1,1,8
"dot/dot_bf16_bf16_fp32_1x16x1_1x8x1_avx2_fma3/128/1/real_time",5877574,23.8715,23.8236,ns,,,"1x128x1",,,1,1,16,1,1,128,1,1,8
"dot/dot_bf16_bf16_fp32_1x16x1_1x8x1_avx2_fma3/128/23/real_time",839932,168.133,167.769,ns,,,"1x128x23",,,1,1,16,23,1,128,1,1,8
"dot/dot_bf16_bf16_fp32_1x16x1_1x8x1_avx2_fma3/128/46/real_time",382397,366.04,365.343,ns,,,"1x128x46",,,1,1,16,46,1,128,1,1,8
"dot/dot_bf16_bf16_fp32_1x16x1_1x8x1_avx2_fma3/128/69/real_time",246213,578.804,577.622,ns,,,"1x128x69",,,1,1,16,69,1,128,1,1,8
"dot/dot_bf16_bf16_fp32_1x16x1_1x8x1_avx2_fma3/128/93/real_time",176269,794.062,792.471,ns,,,"1x128x93",,,1,1,16,93,1,128,1,1,8
"dot/dot_bf16_bf16_fp32_2x16x1_1x8x1_avx2_fma3/16/1/real_time",15368370,9.08298,9.0654,ns,,,"2x16x1",,,1,2,16,1,2,16,1,1,8
"dot/dot_bf16_bf16_fp32_2x16x1_1x8x1_avx2_fma3/16/169/real_time",609110,225.992,225.546,ns,,,"2x16x169",,,1,2,16,169,2,16,1,1,8
"dot/dot_bf16_bf16_fp32_2x16x1_1x8x1_avx2_fma3/16/339/real_time",308235,454.118,453.231,ns,,,"2x16x339",,,1,2,16,339,2,16,1,1,8
"dot/dot_bf16_bf16_fp32_2x16x1_1x8x1_avx2_fma3/16/509/real_time",206342,678.602,677.185,ns,,,"2x16x509",,,1,2,16,509,2,16,1,1,8
"dot/dot_bf16_bf16_fp32_2x16x1_1x8x1_avx2_fma3/16/679/real_time",155074,902.746,900.94,ns,,,"2x16x679",,,1,2,16,679,2,16,1,1,8
"dot/dot_bf16_bf16_fp32_2x16x1_1x8x1_avx2_fma3/32/1/real_time",11367707,12.3112,12.2876,ns,,,"2x32x1",,,1,2,16,1,2,32,1,1,8
"dot/dot_bf16_bf16_fp32_2x16x1_1x8x1_avx2_fma3/32/89/real_time",597971,234.152,233.662,ns,,,"2x32x89",,,1,2,16,89,2,32,1,1,8
"dot/dot_bf16_bf16_fp32_2x16x1_1x8x1_avx2_fma3/32/178/real_time",297161,470.831,469.849,ns,,,"2x32x178",,,1,2,16,178,2,32,1,1,8
"dot/dot_bf16_bf16_fp32_2x16x1_1x8x1_avx2_fma3/32/267/real_time",194428,728.899,727.223,ns,,,"2x32x267",,,1,2,16,267,2,32,1,1,8
"dot/dot_bf16_bf16_fp32_2x16x1_1x8x1_avx2_fma3/32/357/real_time",146252,957.342,955.351,ns,,,"2x32x357",,,1,2,16,357,2,32,1,1,8
"dot/dot_bf16_bf16_fp32_2x16x1_1x8x1_avx2_fma3/64/1/real_time",7429018,18.7642,18.7253,ns,,,"2x64x1",,,1,2,16,1,2,64,1,1,8
"dot/dot_bf16_bf16_fp32_2x16x1_1x8x1_avx2_fma3/64/45/real_time",598200,234.106,233.629,ns,,,"2x64x45",,,1,2,16,45,2,64,1,1,8
"dot/dot_bf16_bf16_fp32_2x16x1_1x8x1_avx2_fma3/64/91/real_time",291116,482.84,481.845,ns,,,"2x64x91",,,1,2,16,91,2,64,1,1,8
"dot/dot_bf16_bf16_fp32_2x16x1_1x8x1_avx2_fma3/64/136/real_time",194522,719.689,718.241,ns,,,"2x64x136",,,1,2,16,136,2,64,1,1,8
"dot/dot_bf16_bf16_fp32_2x16x1_1x8x1_avx2_fma3/64/182/real_time",144865,971.727,969.793,ns,,,"2x64x182",,,1,2,16,182,2,64,1,1,8
"dot/dot_bf16_bf16_fp32_2x16x1_1x8x1_avx2_fma3/128/1/real_time",4453332,32.3724,32.3042,ns,,,"2x128x1",,,1,2,16,1,2,128,1,1,8
"dot/dot_bf16_bf16_fp32_2x16x1_1x8x1_avx2_fma3/128/22/real_time",617883,231.216,230.755,ns,,,"2x128x22",,,1,2,16,22,2,128,1,1,8
"dot/dot_bf16_bf16_fp32_2x16x1_1x8x1_avx2_fma3/128/45/real_time",296299,472.466,471.507,ns,,,"2x128x45",,,1,2,16,45,2,128,1,1,8
"dot/dot_bf16_bf16_fp32_2x16x1_1x8x1_avx2_fma3/128/67/real_time",197374,711.922,710.5,ns,,,"2x128x67",,,1,2,16,67,2,128,1,1,8
"dot/dot_bf16_bf16_fp32_2x16x1_1x8x1_avx2_fma3/128/90/real_time",144910,966.137,963.96,ns,,,"2x128x90",,,1,2,16,90,2,128,1,1,8
"dot/dot_bf16_bf16_fp32_3x16x1_1x8x1_avx2_fma3/16/1/real_time",13212817,10.5952,10.5746,ns,,,"3x16x1",,,1,3,16,1,3,16,1,1,8
"dot/dot_bf16_bf16_fp32_3x16x1_1x8x1_avx2_fma3/16/160/real_time",513191,274.489,273.911,ns,,,"3x16x160",,,1,3,16,160,3,16,1,1,8
"dot/dot_bf16_bf16_fp32_3x16x1_1x8x1_avx2_fma3/16/320/real_time",257165,544.384,543.28,ns,,,"3x16x320",,,1,3,16,320,3,16,1,1,8
"dot/dot_bf16_bf16_fp32_3x16x1_1x8x1_avx2_fma3/16/480/real_time",172379,812.036,810.365,ns,,,"3x16x480",,,1,3,16,480,3,16,1,1,8
"dot/dot_bf16_bf16_fp32_3x16x1_1x8x1_avx2_fma3/16/641/real_time",129216,1081.77,1079.5,ns,,,"3x16x641",,,1,3,16,641,3,16,1,1,8
"dot/dot_bf16_bf16_fp32_3x16x1_1x8x1_avx2_fma3/32/1/real_time",9436232,14.8375,14.8068,ns,,,"3x32x1",,,1,3,16,1,3,32,1,1,8
"dot/dot_bf16_bf16_fp32_3x16x1_1x8x1_avx2_fma3/32/86/real_time",478571,292.57,291.964,ns,,,"3x32x86",,,1,3,16,86,3,32,1,1,8
"dot/dot_bf16_bf16_fp32_3x16x1_1x8x1_avx2_fma3/32/172/real_time",239261,584.362,583.185,ns,,,"3x32x172",,,1,3,16,172,3,32,1,1,8
"dot/dot_bf16_bf16_fp32_3x16x1_1x8x1_avx2_fma3/32/258/real_time",158916,880.504,878.884,ns,,,"3x32x258",,,1,3,16,258,3,32,1,1,8
"dot/dot_bf16_bf16_fp32_3x16x1_1x8x1_avx2_fma3/32/345/real_time",119427,1172.84,1170.37,ns,,,"3x32x345",,,1,3,16,345,3,32,1,1,8
"dot/dot_bf16_bf16_fp32_3x16x1_1x8x1_avx2_fma3/64/1/real_time",6046829,23.1004,23.0567,ns,,,"3x64x1",,,1,3,16,1,3,64,1,1,8
"dot/dot_bf16_bf16_fp32_3x16x1_1x8x1_avx2_fma3/64/44/real_time",467230,301.508,300.916,ns,,,"3x64x44",,,1,3,16,44,3,64,1,1,8
"dot/dot_bf16_bf16_fp32_3x16x1_1x8x1_avx2_fma3/64/88/real_time",230740,607.517,606.31,ns,,,"3x64x88",,,1,3,16,88,3,64,1,1,8
"dot/dot_bf16_bf16_fp32_3x16x1_1x8x1_avx2_fma3/64/132/real_time",156437,894.894,893.246,ns,,,"3x64x132",,,1,3,16,132,3,64,1,1,8
"dot/dot_bf16_bf16_fp32_3x16x1_1x8x1_avx2_fma3/64/177/real_time",116278,1200.48,1198.16,ns,,,"3x64x177",,,1,3,16,177,3,64,1,1,8
"dot/dot_bf16_bf16_fp32_3x16x1_1x8x1_avx2_fma3/128/1/real_time",3543428,39.5268,39.4496,ns,,,"3x128x1",,,1,3,16,1,3,128,1,1,8
"dot/dot_bf16_bf16_fp32_3x16x1_1x8x1_avx2_fma3/128/21/real_time",488360,286.885,286.32,ns,,,"3x128x21",,,1,3,16,21,3,128,1,1,8
"dot/dot_bf16_bf16_fp32_3x16x1_1x8x1_avx2_fma3/128/43/real_time",238329,587.631,586.533,ns,,,"3x128x43",,,1,3,16,43,3,128,1,1,8
"dot/dot_bf16_bf16_fp32_3x16x1_1x8x1_avx2_fma3/128/65/real_time",158525,883.696,881.833,ns,,,"3x128x65",,,1,3,16,65,3,128,1,1,8
"dot/dot_bf16_bf16_fp32_3x16x1_1x8x1_avx2_fma3/128/87/real_time",119073,1191.74,1189.14,ns,,,"3x128x87",,,1,3,16,87,3,128,1,1,8
"dot/dot_bf16_bf16_fp32_4x16x1_1x8x1_avx2_fma3/16/1/real_time",11765527,11.9044,11.8807,ns,,,"4x16x1",,,1,4,16,1,4,16,1,1,8
"dot/dot_bf16_bf16_fp32_4x16x1_1x8x1_avx2_fma3/16/152/real_time",432806,323.81,323.164,ns,,,"4x16x152",,,1,4,16,152,4,16,1,1,8
"dot/dot_bf16_bf16_fp32_4x16x1_1x8x1_avx2_fma3/16/304/real_time",218882,650.975,649.686,ns,,,"4x16x304",,,1,4,16,304,4,16,1,1,8
"dot/dot_bf16_bf16_fp32_4x16x1_1x8x1_avx2_fma3/16/456/real_time",146747,953.791,951.839,ns,,,"4x16x456",,,1,4,16,456,4,16,1,1,8
"dot/dot_bf16_bf16_fp32_4x16x1_1x8x1_avx2_fma3/16/608/real_time",110381,1267.94,1265.53,ns,,,"4x16x608",,,1,4,16,608,4,16,1,1,8
"dot/dot_bf16_bf16_fp32_4x16x1_1x8x1_avx2_fma3/32/1/real_time",7442174,17.3759,17.3409,ns,,,"4x32x1",,,1,4,16,1,4,32,1,1,8
"dot/dot_bf16_bf16_fp32_4x16x1_1x8x1_avx2_fma3/32/83/real_time",394255,348.783,348.11,ns,,,"4x32x83",,,1,4,16,83,4,32,1,1,8
"dot/dot_bf16_bf16_fp32_4x16x1_1x8x1_avx2_fma3/32/167/real_time",199538,701.814,700.486,ns,,,"4x32x167",,,1,4,16,167,4,32,1,1,8
"dot/dot_bf16_bf16_fp32_4x16x1_1x8x1_avx2_fma3/32/250/real_time",132714,1054.78,1052.76,ns,,,"4x32x250",,,1,4,16,250,4,32,1,1,8
"dot/dot_bf16_bf16_fp32_4x16x1_1x8x1_avx2_fma3/32/334/real_time",99823,1413.56,1410.16,ns,,,"4x32x334",,,1,4,16,334,4,32,1,1,8
"dot/dot_bf16_bf16_fp32_4x16x1_1x8x1_avx2_fma3/64/1/real_time",5295639,26.4365,26.3955,ns,,,"4x64x1",,,1,4,16,1,4,64,1,1,8
"dot/dot_bf16_bf16_fp32_4x16x1_1x8x1_avx2_fma3/64/43/real_time",387256,361.365,360.777,ns,,,"4x64x43",,,1,4,16,43,4,64,1,1,8
"dot/dot_bf16_bf16_fp32_4x16x1_1x8x1_avx2_fma3/64/86/real_time",194084,721.885,720.589,ns,,,"4x64x86",,,1,4,16,86,4,64,1,1,8
"dot/dot_bf16_bf16_fp32_4x16x1_1x8x1_avx2_fma3/64/129/real_time",129551,1087.63,1078.3,ns,,,"4x64x129",,,1,4,16,129,4,64,1,1,8
"dot/dot_bf16_bf16_fp32_4x16x1_1x8x1_avx2_fma3/64/173/real_time",96252,1452.6,1450.64,ns,,,"4x64x173",,,1,4,16,173,4,64,1,1,8
"dot/dot_bf16_bf16_fp32_4x16x1_1x8x1_avx2_fma3/128/1/real_time",3048618,45.9464,45.8819,ns,,,"4x128x1",,,1,4,16,1,4,128,1,1,8
"dot/dot_bf16_bf16_fp32_4x16x1_1x8x1_avx2_fma3/128/21/real_time",396099,353.476,352.965,ns,,,"4x128x21",,,1,4,16,21,4,128,1,1,8
"dot/dot_bf16_bf16_fp32_4x16x1_1x8x1_avx2_fma3/128/42/real_time",197630,708.313,707.292,ns,,,"4x128x42",,,1,4,16,42,4,128,1,1,8
"dot/dot_bf16_bf16_fp32_4x16x1_1x8x1_avx2_fma3/128/63/real_time",132633,1055.59,1053.92,ns,,,"4x128x63",,,1,4,16,63,4,128,1,1,8
"dot/dot_bf16_bf16_fp32_4x16x1_1x8x1_avx2_fma3/128/85/real_time",98648,1419.17,1417.03,ns,,,"4x128x85",,,1,4,16,85,4,128,1,1,8
"dot/dot_bf16_bf16_fp32_5x16x1_1x8x1_avx2_fma3/16/1/real_time",10540588,13.2742,13.2554,ns,,,"5x16x1",,,1,5,16,1,5,16,1,1,8
"dot/dot_bf16_bf16_fp32_5x16x1_1x8x1_avx2_fma3/16/144/real_time",392123,362.806,362.318,ns,,,"5x16x144",,,1,5,16,144,5,16,1,1,8
"dot/dot_bf16_bf16_fp32_5x16x1_1x8x1_avx2_fma3/16/288/real_time",193715,702.962,701.922,ns,,,"5x16x288",,,1,5,16,288,5,16,1,1,8
"dot/dot_bf16_bf16_fp32_5x16x1_1x8x1_avx2_fma3/16/432/real_time",133490,1047.44,1045.8,ns,,,"5x16x432",,,1,5,16,432,5,16,1,1,8
"dot/dot_bf16_bf16_fp32_5x16x1_1x8x1_avx2_fma3/16/577/real_time",100365,1395.04,1392.95,ns,,,"5x16x577",,,1,5,16,577,5,16,1,1,8
"dot/dot_bf16_bf16_fp32_5x16x1_1x8x1_avx2_fma3/32/1/real_time",7453780,18.788,18.7546,ns,,,"5x32x1",,,1,5,16,1,5,32,1,1,8
"dot/dot_bf16_bf16_fp32_5x16x1_1x8x1_avx2_fma3/32/80/real_time",357454,391.236,390.628,ns,,,"5x32x80",,,1,5,16,80,5,32,1,1,8
"dot/dot_bf16_bf16_fp32_5x16x1_1x8x1_avx2_fma3/32/161/real_time",178379,783.755,782.641,ns,,,"5x32x161",,,1,5,16,161,5,32,1,1,8
"dot/dot_bf16_bf16_fp32_5x16x1_1x8x1_avx2_fma3/32/242/real_time",118493,1183.95,1182.03,ns,,,"5x32x242",,,1,5,16,242,5,32,1,1,8
"dot/dot_bf16_bf16_fp32_5x16x1_1x8x1_avx2_fma3/32/323/real_time",89187,1571.92,1568.09,ns,,,"5x32x323",,,1,5,16,323,5,32,1,1,8
"dot/dot_bf16_bf16_fp32_5x16x1_1x8x1_avx2_fma3/64/1/real_time",4686341,29.8482,29.8048,ns,,,"5x64x1",,,1,5,16,1,5,64,1,1,8
"dot/dot_bf16_bf16_fp32_5x16x1_1x8x1_avx2_fma3/64/42/real_time",340684,413.077,412.532,ns,,,"5x64x42",,,1,5,16,42,5,64,1,1,8
"dot/dot_bf16_bf16_fp32_5x16x1_1x8x1_avx2_fma3/64/84/real_time",170737,820.682,819.494,ns,,,"5x64x84",,,1,5,16,84,5,64,1,1,8
"dot/dot_bf16_bf16_fp32_5x16x1_1x8x1_avx2_fma3/64/126/real_time",114273,1225.52,1223.2,ns,,,"5x64x126",,,1,5,16,126,5,64,1,1,8
"dot/dot_bf16_bf16_fp32_5x16x1_1x8x1_avx2_fma3/64/168/real_time",82568,1662.61,1659.28,ns,,,"5x64x168",,,1,5,16,168,5,64,1,1,8
"dot/dot_bf16_bf16_fp32_5x16x1_1x8x1_avx2_fma3/128/1/real_time",2688738,52.0952,51.9985,ns,,,"5x128x1",,,1,5,16,1,5,128,1,1,8
"dot/dot_bf16_bf16_fp32_5x16x1_1x8x1_avx2_fma3/128/20/real_time",355875,397.746,397.008,ns,,,"5x128x20",,,1,5,16,20,5,128,1,1,8
"dot/dot_bf16_bf16_fp32_5x16x1_1x8x1_avx2_fma3/128/41/real_time",174172,803.261,801.722,ns,,,"5x128x41",,,1,5,16,41,5,128,1,1,8
"dot/dot_bf16_bf16_fp32_5x16x1_1x8x1_avx2_fma3/128/61/real_time",117833,1187.63,1185.45,ns,,,"5x128x61",,,1,5,16,61,5,128,1,1,8
"dot/dot_bf16_bf16_fp32_5x16x1_1x8x1_avx2_fma3/128/82/real_time",87933,1591.63,1588.54,ns,,,"5x128x82",,,1,5,16,82,5,128,1,1,8
"dot/dot_bf16_bf16_fp32_8x8x1_1x8x1_avx2_fma3/8/1/real_time",10330514,13.4971,13.4699,ns,,,"8x8x1",,,1,8,8,1,8,8,1,1,8
"dot/dot_bf16_bf16_fp32_8x8x1_1x8x1_avx2_fma3/8/190/real_time",261064,536.211,535.226,ns,,,"8x8x190",,,1,8,8,190,8,8,1,1,8
"dot/dot_bf16_bf16_fp32_8x8x1_1x8x1_avx2_fma3/8/380/real_time",130775,1070.89,1068.75,ns,,,"8x8x380",,,1,8,8,380,8,8,1,1,8
"dot/dot_bf16_bf16_fp32_8x8x1_1x8x1_avx2_fma3/8/570/real_time",87499,1599.75,1596.66,ns,,,"8x8x570",,,1,8,8,570,8,8,1,1,8
"dot/dot_bf16_bf16_fp32_8x8x1_1x8x1_avx2_fma3/8/760/real_time",65765,2162.7,2158.43,ns,,,"8x8x760",,,1,8,8,760,8,8,1,1,8
"dot/dot_bf16_bf16_fp32_8x8x1_1x8x1_avx2_fma3/16/1/real_time",7634445,18.2517,18.2156,ns,,,"8x16x1",,,1,8,8,1,8,16,1,1,8
"dot/dot_bf16_bf16_fp32_8x8x1_1x8x1_avx2_fma3/16/125/real_time",199032,703.52,702.17,ns,,,"8x16x125",,,1,8,8,125,8,16,1,1,8
"dot/dot_bf16_bf16_fp32_8x8x1_1x8x1_avx2_fma3/16/250/real_time",99001,1415.81,1413.12,ns,,,"8x16x250",,,1,8,8,250,8,16,1,1,8
"dot/dot_bf16_bf16_fp32_8x8x1_1x8x1_avx2_fma3/16/375/real_time",66198,2111.25,2107.19,ns,,,"8x16x375",,,1,8,8,375,8,16,1,1,8
"dot/dot_bf16_bf16_fp32_8x8x1_1x8x1_avx2_fma3/16/501/real_time",49796,2813.73,2808.12,ns,,,"8x16x501",,,1,8,8,501,8,16,1,1,8
"dot/dot_bf16_bf16_fp32_8x8x1_1x8x1_avx2_fma3/32/1/real_time",5027682,27.7747,27.7223,ns,,,"8x32x1",,,1,8,8,1,8,32,1,1,8
"dot/dot_bf16_bf16_fp32_8x8x1_1x8x1_avx2_fma3/32/73/real_time",169469,826.484,824.921,ns,,,"8x32x73",,,1,8,8,73,8,32,1,1,8
"dot/dot_bf16_bf16_fp32_8x8x1_1x8x1_avx2_fma3/32/147/real_time",84223,1662.33,1658.98,ns,,,"8x32x147",,,1,8,8,147,8,32,1,1,8
"dot/dot_bf16_bf16_fp32_8x8x1_1x8x1_avx2_fma3/32/220/real_time",56429,2479.29,2474.58,ns,,,"8x32x220",,,1,8,8,220,8,32,1,1,8
"dot/dot_bf16_bf16_fp32_8x8x1_1x8x1_avx2_fma3/32/294/real_time",42378,3304.08,3297.34,ns,,,"8x32x294",,,1,8,8,294,8,32,1,1,8
"dot/dot_bf16_bf16_fp32_8x8x1_1x8x1_avx2_fma3/64/1/real_time",2993687,46.8053,46.7103,ns,,,"8x64x1",,,1,8,8,1,8,64,1,1,8
"dot/dot_bf16_bf16_fp32_8x8x1_1x8x1_avx2_fma3/64/39/real_time",158412,883.896,882.199,ns,,,"8x64x39",,,1,8,8,39,8,64,1,1,8
"dot/dot_bf16_bf16_fp32_8x8x1_1x8x1_avx2_fma3/64/78/real_time",79731,1753.55,1749.98,ns,,,"8x64x78",,,1,8,8,78,8,64,1,1,8
"dot/dot_bf16_bf16_fp32_8x8x1_1x8x1_avx2_fma3/64/117/real_time",53395,2621.27,2616.15,ns,,,"8x64x117",,,1,8,8,117,8,64,1,1,8
"dot/dot_bf16_bf16_fp32_8x8x1_1x8x1_avx2_fma3/64/156/real_time",39893,3506.93,3500.04,ns,,,"8x64x156",,,1,8,8,156,8,64,1,1,8
"dot/dot_bf16_bf16_fp32_10x8x1_1x8x1_avx2_fma3/8/1/real_time",8904806,15.6876,15.6562,ns,,,"10x8x1",,,1,10,8,1,10,8,1,1,8
"dot/dot_bf16_bf16_fp32_10x8x1_1x8x1_avx2_fma3/8/168/real_time",237394,589.364,588.215,ns,,,"10x8x168",,,1,10,8,168,10,8,1,1,8
"dot/dot_bf16_bf16_fp32_10x8x1_1x8x1_avx2_fma3/8/336/real_time",120113,1165.25,1162.95,ns,,,"10x8x336",,,1,10,8,336,10,8,1,1,8
"dot/dot_bf16_bf16_fp32_10x8x1_1x8x1_avx2_fma3/8/504/real_time",72881,1741.19,1737.61,ns,,,"10x8x504",,,1,10,8,504,10,8,1,1,8
"dot/dot_bf16_bf16_fp32_10x8x1_1x8x1_avx2_fma3/8/673/real_time",60320,2320.06,2315.38,ns,,,"10x8x673",,,1,10,8,673,10,8,1,1,8
"dot/dot_bf16_bf16_fp32_10x8x1_1x8x1_avx2_fma3/16/1/real_time",6505500,21.5742,21.5305,ns,,,"10x16x1",,,1,10,8,1,10,16,1,1,8
"dot/dot_bf16_bf16_fp32_10x8x1_1x8x1_avx2_fma3/16/115/real_time",175016,809.584,807.955,ns,,,"10x16x115",,,1,10,8,115,10,16,1,1,8
"dot/dot_bf16_bf16_fp32_10x8x1_1x8x1_avx2_fma3/16/230/real_time",87435,1601.43,1598.14,ns,,,"10x16x230",,,1,10,8,230,10,16,1,1,8
"dot/dot_bf16_bf16_fp32_10x8x1_1x8x1_avx2_fma3/16/345/real_time",58603,2390.47,2385.83,ns,,,"10x16x345",,,1,10,8,345,10,16,1,1,8
"dot/dot_bf16_bf16_fp32_10x8x1_1x8x1_avx2_fma3/16/460/real_time",44062,3177.07,3170.84,ns,,,"10x16x460",,,1,10,8,460,10,16,1,1,8
"dot/dot_bf16_bf16_fp32_10x8x1_1x8x1_avx2_fma3/32/1/real_time",4223763,33.1399,33.0683,ns,,,"10x32x1",,,1,10,8,1,10,32,1,1,8
"dot/dot_bf16_bf16_fp32_10x8x1_1x8x1_avx2_fma3/32/69/real_time",145593,961.165,959.211,ns,,,"10x32x69",,,1,10,8,69,10,32,1,1,8
"dot/dot_bf16_bf16_fp32_10x8x1_1x8x1_avx2_fma3/32/138/real_time",73385,1907.43,1903.69,ns,,,"10x32x138",,,1,10,8,138,10,32,1,1,8
"dot/dot_bf16_bf16_fp32_10x8x1_1x8x1_avx2_fma3/32/207/real_time",48783,2869.8,2864.57,ns,,,"10x32x207",,,1,10,8,207,10,32,1,1,8
"dot/dot_bf16_bf16_fp32_10x8x1_1x8x1_avx2_fma3/32/277/real_time",36565,3829.76,3822.12,ns,,,"10x32x277",,,1,10,8,277,10,32,1,1,8
"dot/dot_bf16_bf16_fp32_10x8x1_1x8x1_avx2_fma3/64/1/real_time",2386227,58.7847,58.6727,ns,,,"10x64x1",,,1,10,8,1,10,64,1,1,8
"dot/dot_bf16_bf16_fp32_10x8x1_1x8x1_avx2_fma3/64/37/real_time",135786,1031.34,1029.38,ns,,,"10x64x37",,,1,10,8,37,10,64,1,1,8
"dot/dot_bf16_bf16_fp32_10x8x1_1x8x1_avx2_fma3/64/74/real_time",68430,2045.58,2041.62,ns,,,"10x64x74",,,1,10,8,74,10,64,1,1,8
"dot/dot_bf16_bf16_fp32_10x8x1_1x8x1_avx2_fma3/64/111/real_time",45750,3092.64,3086.98,ns,,,"10x64x111",,,1,10,8,111,10,64,1,1,8
"dot/dot_bf16_bf16_fp32_10x8x1_1x8x1_avx2_fma3/64/148/real_time",34296,4085.76,4078.24,ns,,,"10x64x148",,,1,10,8,148,10,64,1,1,8
"dot/dot_fp32_1x1x8_1x1x8_avx2_fma3/1/8/real_time",20254133,6.95757,6.94375,ns,,,"1x1x8",,,8,1,1,8,1,1,8,1,1
"dot/dot_fp32_1x1x8_1x1x8_avx2_fma3/1/760/real_time",2116602,66.3405,66.2141,ns,,,"1x1x760",,,8,1,1,760,1,1,8,1,1
"dot/dot_fp32_1x1x8_1x1x8_avx2_fma3/1/1528/real_time",895822,152.596,152.304,ns,,,"1x1x1528",,,8,1,1,1528,1,1,8,1,1
"dot/dot_fp32_1x1x8_1x1x8_avx2_fma3/1/2296/real_time",562518,250.882,250.397,ns,,,"1x1x2296",,,8,1,1,2296,1,1,8,1,1
"dot/dot_fp32_1x1x8_1x1x8_avx2_fma3/1/3064/real_time",399768,350.363,349.685,ns,,,"1x1x3064",,,8,1,1,3064,1,1,8,1,1
"dot/dot_fp32_1x1x8_1x1x8_avx2_fma3/2/8/real_time",10000000,10.3109,10.2875,ns,,,"1x2x8",,,8,1,1,8,1,2,8,1,1
"dot/dot_fp32_1x1x8_1x1x8_avx2_fma3/2/504/real_time",1569441,84.7835,84.6038,ns,,,"1x2x504",,,8,1,1,504,1,2,8,1,1
"dot/dot_fp32_1x1x8_1x1x8_avx2_fma3/2/1016/real_time",790961,176.494,176.164,ns,,,"1x2x1016",,,8,1,1,1016,1,2,8,1,1
"dot/dot_fp32_1x1x8_1x1x8_avx2_fma3/2/1528/real_time",495557,280.622,280.103,ns,,,"1x2x1528",,,8,1,1,1528,1,2,8,1,1
"dot/dot_fp32_1x1x8_1x1x8_avx2_fma3/2/2040/real_time",333099,427.77,426.922,ns,,,"1x2x2040",,,8,1,1,2040,1,2,8,1,1
"dot/dot_fp32_1x1x8_1x1x8_avx2_fma3/4/8/real_time",10781537,12.9614,12.9363,ns,,,"1x4x8",,,8,1,1,8,1,4,8,1,1
"dot/dot_fp32_1x1x8_1x1x8_avx2_fma3/4/304/real_time",1626976,85.7525,85.556,ns,,,"1x4x304",,,8,1,1,304,1,4,8,1,1
"dot/dot_fp32_1x1x8_1x1x8_avx2_fma3/4/608/real_time",723888,193.472,193.097,ns,,,"1x4x608",,,8,1,1,608,1,4,8,1,1
"dot/dot_fp32_1x1x8_1x1x8_avx2_fma3/4/912/real_time",453978,308.46,307.865,ns,,,"1x4x912",,,8,1,1,912,1,4,8,1,1
"dot/dot_fp32_1x1x8_1x1x8_avx2_fma3/4/1224/real_time",316863,446.239,445.394,ns,,,"1x4x1224",,,8,1,1,1224,1,4,8,1,1
"dot/dot_fp32_1x1x8_1x1x8_avx2_fma3/8/8/real_time",6559937,21.3338,21.2835,ns,,,"1x8x8",,,8,1,1,8,1,8,8,1,1
"dot/dot_fp32_1x1x8_1x1x8_avx2_fma3/8/168/real_time",1462266,103.516,103.304,ns,,,"1x8x168",,,8,1,1,168,1,8,8,1,1
"dot/dot_fp32_1x1x8_1x1x8_avx2_fma3/8/336/real_time",790288,176.355,175.995,ns,,,"1x8x336",,,8,1,1,336,1,8,8,1,1
"dot/dot_fp32_1x1x8_1x1x8_avx2_fma3/8/504/real_time",493832,283.244,282.685,ns,,,"1x8x504",,,8,1,1,504,1,8,8,1,1
"dot/dot_fp32_1x1x8_1x1x8_avx2_fma3/8/680/real_time",328838,425.372,424.527,ns,,,"1x8x680",,,8,1,1,680,1,8,8,1,1
"dot/dot_fp32_2x1x8_1x1x8_avx2_fma3/1/8/real_time",17091588,8.20655,8.19056,ns,,,"2x1x8",,,8,2,1,8,2,1,8,1,1
"dot/dot_fp32_2x1x8_1x1x8_avx2_fma3/1/504/real_time",2816730,49.6603,49.5618,ns,,,"2x1x504",,,8,2,1,504,2,1,8,1,1
"dot/dot_fp32_2x1x8_1x1x8_avx2_fma3/1/1016/real_time",1318668,105.963,105.752,ns,,,"2x1x1016",,,8,2,1,1016,2,1,8,1,1
"dot/dot_fp32_2x1x8_1x1x8_avx2_fma3/1/1528/real_time",810987,172.696,172.375,ns,,,"2x1x1528",,,8,2,1,1528,2,1,8,1,1
"dot/dot_fp32_2x1x8_1x1x8_avx2_fma3/1/2040/real_time",583381,239.887,239.433,ns,,,"2x1x2040",,,8,2,1,2040,2,1,8,1,1
"dot/dot_fp32_2x1x8_1x1x8_avx2_fma3/2/8/real_time",12777754,10.887,10.8656,ns,,,"2x2x8",,,8,2,1,8,2,2,8,1,1
"dot/dot_fp32_2x1x8_1x1x8_avx2_fma3/2/376/real_time",2073380,67.7875,67.6599,ns,,,"2x2x376",,,8,2,1,376,2,2,8,1,1
"dot/dot_fp32_2x1x8_1x1x8_avx2_fma3/2/760/real_time",934889,143.727,143.446,ns,,,"2x2x760",,,8,2,1,760,2,2,8,1,1
"dot/dot_fp32_2x1x8_1x1x8_avx2_fma3/2/1144/real_time",596731,234.888,234.42,ns,,,"2x2x1144",,,8,2,1,1144,2,2,8,1,1
"dot/dot_fp32_2x1x8_1x1x8_avx2_fma3/2/1528/real_time",420759,332.672,332.015,ns,,,"2x2x1528",,,8,2,1,1528,2,2,8,1,1
"dot/dot_fp32_2x1x8_1x1x8_avx2_fma3/4/8/real_time",8471606,16.4184,16.3847,ns,,,"2x4x8",,,8,2,1,8,2,4,8,1,1
"dot/dot_fp32_2x1x8_1x1x8_avx2_fma3/4/248/real_time",1730538,80.7366,80.582,ns,,,"2x4x248",,,8,2,1,248,2,4,8,1,1
"dot/dot_fp32_2x1x8_1x1x8_avx2_fma3/4/504/real_time",779418,179.711,179.355,ns,,,"2x4x504",,,8,2,1,504,2,4,8,1,1
"dot/dot_fp32_2x1x8_1x1x8_avx2_fma3/4/760/real_time",490525,285.481,284.913,ns,,,"2x4x760",,,8,2,1,760,2,4,8,1,1
"dot/dot_fp32_2x1x8_1x1x8_avx2_fma3/4/1016/real_time",357405,391.69,390.953,ns,,,"2x4x1016",,,8,2,1,1016,2,4,8,1,1
"dot/dot_fp32_2x1x8_1x1x8_avx2_fma3/8/8/real_time",4776480,32.6778,32.6043,ns,,,"2x8x8",,,8,2,1,8,2,8,8,1,1
"dot/dot_fp32_2x1x8_1x1x8_avx2_fma3/8/152/real_time",1085080,113.47,113.228,ns,,,"2x8x152",,,8,2,1,152,2,8,8,1,1
"dot/dot_fp32_2x1x8_1x1x8_avx2_fma3/8/304/real_time",716069,195.162,194.759,ns,,,"2x8x304",,,8,2,1,304,2,8,8,1,1
"dot/dot_fp32_2x1x8_1x1x8_avx2_fma3/8/456/real_time",434648,322.053,321.397,ns,,,"2x8x456",,,8,2,1,456,2,8,8,1,1
"dot/dot_fp32_2x1x8_1x1x8_avx2_fma3/8/608/real_time",319264,438.434,437.562,ns,,,"2x8x608",,,8,2,1,608,2,8,8,1,1
"dot/dot_fp32_4x1x8_1x1x8_avx2_fma3/1/8/real_time",12627367,11.1223,11.0982,ns,,,"4x1x8",,,8,4,1,8,4,1,8,1,1
"dot/dot_fp32_4x1x8_1x1x8_avx2_fma3/1/304/real_time",3403667,41.1314,41.0553,ns,,,"4x1x304",,,8,4,1,304,4,1,8,1,1
"dot/dot_fp32_4x1x8_1x1x8_avx2_fma3/1/608/real_time",1724973,81.2092,81.052,ns,,,"4x1x608",,,8,4,1,608,4,1,8,1,1
"dot/dot_fp32_4x1x8_1x1x8_avx2_fma3/1/912/real_time",1181572,118.512,118.271,ns,,,"4x1x912",,,8,4,1,912,4,1,8,1,1
"dot/dot_fp32_4x1x8_1x1x8_avx2_fma3/1/1224/real_time",879557,159.104,158.794,ns,,,"4x1x1224",,,8,4,1,1224,4,1,8,1,1
"dot/dot_fp32_4x1x8_1x1x8_avx2_fma3/2/8/real_time",8987313,15.5857,15.5527,ns,,,"4x2x8",,,8,4,1,8,4,2,8,1,1
"dot/dot_fp32_4x1x8_1x1x8_avx2_fma3/2/248/real_time",2102983,64.971,64.8344,ns,,,"4x2x248",,,8,4,1,248,4,2,8,1,1
"dot/dot_fp32_4x1x8_1x1x8_avx2_fma3/2/504/real_time",1122803,124.684,124.442,ns,,,"4x2x504",,,8,4,1,504,4,2,8,1,1
"dot/dot_fp32_4x1x8_1x1x8_avx2_fma3/2/760/real_time",735305,190.499,190.116,ns,,,"4x2x760",,,8,4,1,760,4,2,8,1,1
"dot/dot_fp32_4x1x8_1x1x8_avx2_fma3/2/1016/real_time",492063,257.045,256.544,ns,,,"4x2x1016",,,8,4,1,1016,4,2,8,1,1
"dot/dot_fp32_4x1x8_1x1x8_avx2_fma3/4/8/real_time",5684217,24.6251,24.5677,ns,,,"4x4x8",,,8,4,1,8,4,4,8,1,1
"dot/dot_fp32_4x1x8_1x1x8_avx2_fma3/4/184/real_time",1478454,94.7369,94.5549,ns,,,"4x4x184",,,8,4,1,184,4,4,8,1,1
"dot/dot_fp32_4x1x8_1x1x8_avx2_fma3/4/376/real_time",779594,179.295,178.956,ns,,,"4x4x376",,,8,4,1,376,4,4,8,1,1
"dot/dot_fp32_4x1x8_1x1x8_avx2_fma3/4/568/real_time",497224,281.436,280.845,ns,,,"4x4x568",,,8,4,1,568,4,4,8,1,1
"dot/dot_fp32_4x1x8_1x1x8_avx2_fma3/4/760/real_time",344707,386.062,385.291,ns,,,"4x4x760",,,8,4,1,760,4,4,8,1,1
"dot/dot_fp32_4x1x8_1x1x8_avx2_fma3/8/8/real_time",3288713,42.5808,42.4966,ns,,,"4x8x8",,,8,4,1,8,4,8,8,1,1
"dot/dot_fp32_4x1x8_1x1x8_avx2_fma3/8/120/real_time",1064897,131.406,131.127,ns,,,"4x8x120",,,8,4,1,120,4,8,8,1,1
"dot/dot_fp32_4x1x8_1x1x8_avx2_fma3/8/248/real_time",580130,240.938,240.453,ns,,,"4x8x248",,,8,4,1,248,4,8,8,1,1
"dot/dot_fp32_4x1x8_1x1x8_avx2_fma3/8/376/real_time",388238,360.928,360.153,ns,,,"4x8x376",,,8,4,1,376,4,8,8,1,1
"dot/dot_fp32_4x1x8_1x1x8_avx2_fma3/8/504/real_time",287111,487.626,486.559,ns,,,"4x8x504",,,8,4,1,504,4,8,8,1,1
"dot/dot_fp32_8x1x8_1x1x8_avx2_fma3/1/8/real_time",9528034,14.6912,14.6611,ns,,,"8x1x8",,,8,8,1,8,8,1,8,1,1
"dot/dot_fp32_8x1x8_1x1x8_avx2_fma3/1/168/real_time",3409361,41.1271,41.038,ns,,,"8x1x168",,,8,8,1,168,8,1,8,1,1
"dot/dot_fp32_8x1x8_1x1x8_avx2_fma3/1/336/real_time",1980404,70.7111,70.5613,ns,,,"8x1x336",,,8,8,1,336,8,1,8,1,1
"dot/dot_fp32_8x1x8_1x1x8_avx2_fma3/1/504/real_time",1414211,98.9852,98.7826,ns,,,"8x1x504",,,8,8,1,504,8,1,8,1,1
"dot/dot_fp32_8x1x8_1x1x8_avx2_fma3/1/680/real_time",1087504,128.739,128.479,ns,,,"8x1x680",,,8,8,1,680,8,1,8,1,1
"dot/dot_fp32_8x1x8_1x1x8_avx2_fma3/2/8/real_time",6087802,23.0074,22.9565,ns,,,"8x2x8",,,8,8,1,8,8,2,8,1,1
"dot/dot_fp32_8x1x8_1x1x8_avx2_fma3/2/152/real_time",1997718,69.9173,69.7839,ns,,,"8x2x152",,,8,8,1,152,8,2,8,1,1
"dot/dot_fp32_8x1x8_1x1x8_avx2_fma3/2/304/real_time",1153180,121.466,121.195,ns,,,"8x2x304",,,8,8,1,304,8,2,8,1,1
"dot/dot_fp32_8x1x8_1x1x8_avx2_fma3/2/456/real_time",808758,173.095,172.723,ns,,,"8x2x456",,,8,8,1,456,8,2,8,1,1
"dot/dot_fp32_8x1x8_1x1x8_avx2_fma3/2/608/real_time",607574,230.405,229.936,ns,,,"8x2x608",,,8,8,1,608,8,2,8,1,1
"dot/dot_fp32_8x1x8_1x1x8_avx2_fma3/4/8/real_time",3956874,35.3159,35.2367,ns,,,"8x4x8",,,8,8,1,8,8,4,8,1,1
"dot/dot_fp32_8x1x8_1x1x8_avx2_fma3/4/120/real_time",1280679,109.11,108.895,ns,,,"8x4x120",,,8,8,1,120,8,4,8,1,1
"dot/dot_fp32_8x1x8_1x1x8_avx2_fma3/4/248/real_time",714107,196.153,195.752,ns,,,"8x4x248",,,8,8,1,248,8,4,8,1,1
"dot/dot_fp32_8x1x8_1x1x8_avx2_fma3/4/376/real_time",495763,282.327,281.763,ns,,,"8x4x376",,,8,8,1,376,8,4,8,1,1
"dot/dot_fp32_8x1x8_1x1x8_avx2_fma3/4/504/real_time",379227,370.678,369.91,ns,,,"8x4x504",,,8,8,1,504,8,4,8,1,1
"dot/dot_fp32_8x1x8_1x1x8_avx2_fma3/8/8/real_time",2254921,62.0674,61.9369,ns,,,"8x8x8",,,8,8,1,8,8,8,8,1,1
"dot/dot_fp32_8x1x8_1x1x8_avx2_fma3/8/88/real_time",844055,168.572,168.218,ns,,,"8x8x88",,,8,8,1,88,8,8,8,1,1
"dot/dot_fp32_8x1x8_1x1x8_avx2_fma3/8/184/real_time",473453,302.73,302.115,ns,,,"8x8x184",,,8,8,1,184,8,8,8,1,1
"dot/dot_fp32_8x1x8_1x1x8_avx2_fma3/8/280/real_time",323650,432.578,431.706,ns,,,"8x8x280",,,8,8,1,280,8,8,8,1,1
"dot/dot_fp32_8x1x8_1x1x8_avx2_fma3/8/376/real_time",248902,562.649,561.512,ns,,,"8x8x376",,,8,8,1,376,8,8,8,1,1
"dot/dot_fp32_1x16x2_1x4x2_avx2_fma3/16/2/real_time",17680949,7.77752,7.76107,ns,,,"1x16x2",,,2,1,16,2,1,16,2,1,4
"dot/dot_fp32_1x16x2_1x4x2_avx2_fma3/16/90/real_time",3373800,41.5506,41.4624,ns,,,"1x16x90",,,2,1,16,90,1,16,2,1,4
"dot/dot_fp32_1x16x2_1x4x2_avx2_fma3/16/180/real_time",1558365,89.8964,89.7176,ns,,,"1x16x180",,,2,1,16,180,1,16,2,1,4
"dot/dot_fp32_1x16x2_1x4x2_avx2_fma3/16/270/real_time",1008139,138.827,138.527,ns,,,"1x16x270",,,2,1,16,270,1,16,2,1,4
"dot/dot_fp32_1x16x2_1x4x2_avx2_fma3/16/360/real_time",747495,187.184,186.822,ns,,,"1x16x360",,,2,1,16,360,1,16,2,1,4
"dot/dot_fp32_1x16x2_1x4x2_avx2_fma3/32/2/real_time",13942389,10.0775,10.0556,ns,,,"1x32x2",,,2,1,16,2,1,32,2,1,4
"dot/dot_fp32_1x16x2_1x4x2_avx2_fma3/32/46/real_time",3807528,36.8677,36.7911,ns,,,"1x32x46",,,2,1,16,46,1,32,2,1,4
"dot/dot_fp32_1x16x2_1x4x2_avx2_fma3/32/92/real_time",1744447,80.2939,80.1208,ns,,,"1x32x92",,,2,1,16,92,1,32,2,1,4
"dot/dot_fp32_1x16x2_1x4x2_avx2_fma3/32/138/real_time",1084994,129.003,128.739,ns,,,"1x32x138",,,2,1,16,138,1,32,2,1,4
"dot/dot_fp32_1x16x2_1x4x2_avx2_fma3/32/184/real_time",782723,178.607,178.238,ns,,,"1x32x184",,,2,1,16,184,1,32,2,1,4
"dot/dot_fp32_1x16x2_1x4x2_avx2_fma3/64/2/real_time",8900460,15.7648,15.7305,ns,,,"1x64x2",,,2,1,16,2,1,64,2,1,4
"dot/dot_fp32_1x16x2_1x4x2_avx2_fma3/64/22/real_time",3725046,37.5534,37.4737,ns,,,"1x64x22",,,2,1,16,22,1,64,2,1,4
"dot/dot_fp32_1x16x2_1x4x2_avx2_fma3/64/46/real_time",2004680,69.6487,69.4956,ns,,,"1x64x46",,,2,1,16,46,1,64,2,1,4
"dot/dot_fp32_1x16x2_1x4x2_avx2_fma3/64/68/real_time",1275160,109.671,109.445,ns,,,"1x64x68",,,2,1,16,68,1,64,2,1,4
"dot/dot_fp32_1x16x2_1x4x2_avx2_fma3/64/92/real_time",899264,155.603,155.293,ns,,,"1x64x92",,,2,1,16,92,1,64,2,1,4
"dot/dot_fp32_1x16x2_1x4x2_avx2_fma3/128/2/real_time",5293262,26.4821,26.4243,ns,,,"1x128x2",,,2,1,16,2,1,128,2,1,4
"dot/dot_fp32_1x16x2_1x4x2_avx2_fma3/128/10/real_time",3480494,40.2316,40.145,ns,,,"1x128x10",,,2,1,16,10,1,128,2,1,4
"dot/dot_fp32_1x16x2_1x4x2_avx2_fma3/128/22/real_time",1998503,70.0529,69.8969,ns,,,"1x128x22",,,2,1,16,22,1,128,2,1,4
"dot/dot_fp32_1x16x2_1x4x2_avx2_fma3/128/34/real_time",1350392,105.581,105.344,ns,,,"1x128x34",,,2,1,16,34,1,128,2,1,4
"dot/dot_fp32_1x16x2_1x4x2_avx2_fma3/128/46/real_time",1031747,135.678,135.394,ns,,,"1x128x46",,,2,1,16,46,1,128,2,1,4
"dot/dot_fp32_2x16x2_1x4x2_avx2_fma3/16/2/real_time",13480420,10.3654,10.3418,ns,,,"2x16x2",,,2,2,16,2,2,16,2,1,4
"dot/dot_fp32_2x16x2_1x4x2_avx2_fma3/16/84/real_time",2613741,53.9199,53.8026,ns,,,"2x16x84",,,2,2,16,84,2,16,2,1,4
"dot/dot_fp32_2x16x2_1x4x2_avx2_fma3/16/168/real_time",1384173,102,101.802,ns,,,"2x16x168",,,2,2,16,168,2,16,2,1,4
"dot/dot_fp32_2x16x2_1x4x2_avx2_fma3/16/252/real_time",938012,149.373,149.056,ns,,,"2x16x252",,,2,2,16,252,2,16,2,1,4
"dot/dot_fp32_2x16x2_1x4x2_avx2_fma3/16/338/real_time",683345,203.063,202.655,ns,,,"2x16x338",,,2,2,16,338,2,16,2,1,4
"dot/dot_fp32_2x16x2_1x4x2_avx2_fma3/32/2/real_time",9638619,14.6011,14.5703,ns,,,"2x32x2",,,2,2,16,2,2,32,2,1,4
"dot/dot_fp32_2x16x2_1x4x2_avx2_fma3/32/44/real_time",2515145,56.6884,56.5612,ns,,,"2x32x44",,,2,2,16,44,2,32,2,1,4
"dot/dot_fp32_2x16x2_1x4x2_avx2_fma3/32/88/real_time",1298291,105.56,105.332,ns,,,"2x32x88",,,2,2,16,88,2,32,2,1,4
"dot/dot_fp32_2x16x2_1x4x2_avx2_fma3/32/132/real_time",907891,155.365,155.054,ns,,,"2x32x132",,,2,2,16,132,2,32,2,1,4
"dot/dot_fp32_2x16x2_1x4x2_avx2_fma3/32/178/real_time",674317,218.266,217.826,ns,,,"2x32x178",,,2,2,16,178,2,32,2,1,4
"dot/dot_fp32_2x16x2_1x4x2_avx2_fma3/64/2/real_time",6081972,22.9493,22.8996,ns,,,"2x64x2",,,2,2,16,2,2,64,2,1,4
"dot/dot_fp32_2x16x2_1x4x2_avx2_fma3/64/22/real_time",2415546,55.9822,55.8275,ns,,,"2x64x22",,,2,2,16,22,2,64,2,1,4
"dot/dot_fp32_2x16x2_1x4x2_avx2_fma3/64/44/real_time",1360704,108.212,107.938,ns,,,"2x64x44",,,2,2,16,44,2,64,2,1,4
"dot/dot_fp32_2x16x2_1x4x2_avx2_fma3/64/66/real_time",900097,154.809,154.478,ns,,,"2x64x66",,,2,2,16,66,2,64,2,1,4
"dot/dot_fp32_2x16x2_1x4x2_avx2_fma3/64/90/real_time",664445,208.941,208.482,ns,,,"2x64x90",,,2,2,16,90,2,64,2,1,4
"dot/dot_fp32_2x16x2_1x4x2_avx2_fma3/128/2/real_time",3541338,39.5969,39.4984,ns,,,"2x128x2",,,2,2,16,2,2,128,2,1,4
"dot/dot_fp32_2x16x2_1x4x2_avx2_fma3/128/10/real_time",2116345,65.8777,65.724,ns,,,"2x128x10",,,2,2,16,10,2,128,2,1,4
"dot/dot_fp32_2x16x2_1x4x2_avx2_fma3/128/22/real_time",1301862,108.826,108.568,ns,,,"2x128x22",,,2,2,16,22,2,128,2,1,4
"dot/dot_fp32_2x16x2_1x4x2_avx2_fma3/128/32/real_time",876955,159.41,159.053,ns,,,"2x128x32",,,2,2,16,32,2,128,2,1,4
"dot/dot_fp32_2x16x2_1x4x2_avx2_fma3/128/44/real_time",664327,212.611,212.118,ns,,,"2x128x44",,,2,2,16,44,2,128,2,1,4
"dot/dot_fp32_1x8x2_1x4x2_avx2_fma3/8/2/real_time",18733008,7.45843,7.4414,ns,,,"1x8x2",,,2,1,8,2,1,8,2,1,4
"dot/dot_fp32_1x8x2_1x4x2_avx2_fma3/8/170/real_time",2270053,62.9151,62.7804,ns,,,"1x8x170",,,2,1,8,170,1,8,2,1,4
"dot/dot_fp32_1x8x2_1x4x2_avx2_fma3/8/340/real_time",955552,146.493,146.162,ns,,,"1x8x340",,,2,1,8,340,1,8,2,1,4
"dot/dot_fp32_1x8x2_1x4x2_avx2_fma3/8/510/real_time",590204,237.093,236.578,ns,,,"1x8x510",,,2,1,8,510,1,8,2,1,4
"dot/dot_fp32_1x8x2_1x4x2_avx2_fma3/8/680/real_time",428422,327.347,326.356,ns,,,"1x8x680",,,2,1,8,680,1,8,2,1,4
"dot/dot_fp32_1x8x2_1x4x2_avx2_fma3/16/2/real_time",14703366,9.53746,9.51657,ns,,,"1x16x2",,,2,1,8,2,1,16,2,1,4
"dot/dot_fp32_1x8x2_1x4x2_avx2_fma3/16/90/real_time",2364755,60.2175,60.0843,ns,,,"1x16x90",,,2,1,8,90,1,16,2,1,4
"dot/dot_fp32_1x8x2_1x4x2_avx2_fma3/16/180/real_time",1106067,126.431,126.13,ns,,,"1x16x180",,,2,1,8,180,1,16,2,1,4
"dot/dot_fp32_1x8x2_1x4x2_avx2_fma3/16/270/real_time",669866,208.874,208.426,ns,,,"1x16x270",,,2,1,8,270,1,16,2,1,4
"dot/dot_fp32_1x8x2_1x4x2_avx2_fma3/16/360/real_time",462920,302.69,302.108,ns,,,"1x16x360",,,2,1,8,360,1,16,2,1,4
"dot/dot_fp32_1x8x2_1x4x2_avx2_fma3/32/2/real_time",9718849,14.3231,14.2929,ns,,,"1x32x2",,,2,1,8,2,1,32,2,1,4
"dot/dot_fp32_1x8x2_1x4x2_avx2_fma3/32/46/real_time",2393696,59.1854,59.0639,ns,,,"1x32x46",,,2,1,8,46,1,32,2,1,4
"dot/dot_fp32_1x8x2_1x4x2_avx2_fma3/32/92/real_time",1275753,109.589,109.349,ns,,,"1x32x92",,,2,1,8,92,1,32,2,1,4
"dot/dot_fp32_1x8x2_1x4x2_avx2_fma3/32/138/real_time",740469,189.343,188.976,ns,,,"1x32x138",,,2,1,8,138,1,32,2,1,4
"dot/dot_fp32_1x8x2_1x4x2_avx2_fma3/32/184/real_time",540319,258.828,258.314,ns,,,"1x32x184",,,2,1,8,184,1,32,2,1,4
"dot/dot_fp32_1x8x2_1x4x2_avx2_fma3/64/2/real_time",5846828,23.8489,23.8041,ns,,,"1x64x2",,,2,1,8,2,1,64,2,1,4
"dot/dot_fp32_1x8x2_1x4x2_avx2_fma3/64/22/real_time",2286719,61.4149,61.2996,ns,,,"1x64x22",,,2,1,8,22,1,64,2,1,4
"dot/dot_fp32_1x8x2_1x4x2_avx2_fma3/64/46/real_time",1235284,112.855,112.617,ns,,,"1x64x46",,,2,1,8,46,1,64,2,1,4
"dot/dot_fp32_1x8x2_1x4x2_avx2_fma3/64/68/real_time",835422,167.5,167.144,ns,,,"1x64x68",,,2,1,8,68,1,64,2,1,4
"dot/dot_fp32_1x8x2_1x4x2_avx2_fma3/64/92/real_time",649309,218.266,217.817,ns,,,"1x64x92",,,2,1,8,92,1,64,2,1,4
"dot/dot_fp32_3x8x2_1x4x2_avx2_fma3/8/2/real_time",13473759,10.3941,10.3727,ns,,,"3x8x2",,,2,3,8,2,3,8,2,1,4
"dot/dot_fp32_3x8x2_1x4x2_avx2_fma3/8/138/real_time",1851641,77.3205,77.1563,ns,,,"3x8x138",,,2,3,8,138,3,8,2,1,4
"dot/dot_fp32_3x8x2_1x4x2_avx2_fma3/8/278/real_time",903739,153.961,153.668,ns,,,"3x8x278",,,2,3,8,278,3,8,2,1,4
"dot/dot_fp32_3x8x2_1x4x2_avx2_fma3/8/416/real_time",600625,232.418,231.934,ns,,,"3x8x416",,,2,3,8,416,3,8,2,1,4
"dot/dot_fp32_3x8x2_1x4x2_avx2_fma3/8/556/real_time",450560,319.443,318.768,ns,,,"3x8x556",,,2,3,8,556,3,8,2,1,4
"dot/dot_fp32_3x8x2_1x4x2_avx2_fma3/16/2/real_time",9741613,14.4261,14.3967,ns,,,"3x16x2",,,2,3,8,2,3,16,2,1,4
"dot/dot_fp32_3x8x2_1x4x2_avx2_fma3/16/80/real_time",1615507,86.6217,86.4415,ns,,,"3x16x80",,,2,3,8,80,3,16,2,1,4
"dot/dot_fp32_3x8x2_1x4x2_avx2_fma3/16/160/real_time",758176,175.896,175.533,ns,,,"3x16x160",,,2,3,8,160,3,16,2,1,4
"dot/dot_fp32_3x8x2_1x4x2_avx2_fma3/16/240/real_time",519111,264.914,264.398,ns,,,"3x16x240",,,2,3,8,240,3,16,2,1,4
"dot/dot_fp32_3x8x2_1x4x2_avx2_fma3/16/320/real_time",387494,362.177,361.428,ns,,,"3x16x320",,,2,3,8,320,3,16,2,1,4
"dot/dot_fp32_3x8x2_1x4x2_avx2_fma3/32/2/real_time",6037867,23.1304,23.0842,ns,,,"3x32x2",,,2,3,8,2,3,32,2,1,4
"dot/dot_fp32_3x8x2_1x4x2_avx2_fma3/32/42/real_time",1631180,85.9624,85.7838,ns,,,"3x32x42",,,2,3,8,42,3,32,2,1,4
"dot/dot_fp32_3x8x2_1x4x2_avx2_fma3/32/86/real_time",752810,184.248,183.863,ns,,,"3x32x86",,,2,3,8,86,3,32,2,1,4
"dot/dot_fp32_3x8x2_1x4x2_avx2_fma3/32/128/real_time",501345,279.288,278.73,ns,,,"3x32x128",,,2,3,8,128,3,32,2,1,4
"dot/dot_fp32_3x8x2_1x4x2_avx2_fma3/32/172/real_time",361524,382.686,381.843,ns,,,"3x32x172",,,2,3,8,172,3,32,2,1,4
"dot/dot_fp32_3x8x2_1x4x2_avx2_fma3/64/2/real_time",3550699,39.4125,39.3231,ns,,,"3x64x2",,,2,3,8,2,3,64,2,1,4
"dot/dot_fp32_3x8x2_1x4x2_avx2_fma3/64/22/real_time",1467397,96.2485,96.0314,ns,,,"3x64x22",,,2,3,8,22,3,64,2,1,4
"dot/dot_fp32_3x8x2_1x4x2_avx2_fma3/64/44/real_time",789365,178.278,177.883,ns,,,"3x64x44",,,2,3,8,44,3,64,2,1,4
"dot/dot_fp32_3x8x2_1x4x2_avx2_fma3/64/66/real_time",494645,281.925,281.356,ns,,,"3x64x66",,,2,3,8,66,3,64,2,1,4
"dot/dot_fp32_3x8x2_1x4x2_avx2_fma3/64/88/real_time",376982,373.126,372.323,ns,,,"3x64x88",,,2,3,8,88,3,64,2,1,4
"dot/dot_fp32_4x8x2_1x4x2_avx2_fma3/8/2/real_time",11649250,12.0144,11.9873,ns,,,"4x8x2",,,2,4,8,2,4,8,2,1,4
"dot/dot_fp32_4x8x2_1x4x2_avx2_fma3/8/126/real_time",1677802,83.3226,83.1381,ns,,,"4x8x126",,,2,4,8,126,4,8,2,1,4
"dot/dot_fp32_4x8x2_1x4x2_avx2_fma3/8/254/real_time",874733,161.23,160.882,ns,,,"4x8x254",,,2,4,8,254,4,8,2,1,4
"dot/dot_fp32_4x8x2_1x4x2_avx2_fma3/8/380/real_time",599362,238.727,238.242,ns,,,"4x8x380",,,2,4,8,380,4,8,2,1,4
"dot/dot_fp32_4x8x2_1x4x2_avx2_fma3/8/508/real_time",458340,308.538,307.838,ns,,,"4x8x508",,,2,4,8,508,4,8,2,1,4
"dot/dot_fp32_4x8x2_1x4x2_avx2_fma3/16/2/real_time",8225328,16.9859,16.9464,ns,,,"4x16x2",,,2,4,8,2,4,16,2,1,4
"dot/dot_fp32_4x8x2_1x4x2_avx2_fma3/16/76/real_time",1462700,97.7877,97.5697,ns,,,"4x16x76",,,2,4,8,76,4,16,2,1,4
"dot/dot_fp32_4x8x2_1x4x2_avx2_fma3/16/152/real_time",688807,190.057,189.641,ns,,,"4x16x152",,,2,4,8,152,4,16,2,1,4
"dot/dot_fp32_4x8x2_1x4x2_avx2_fma3/16/228/real_time",506401,282.187,281.599,ns,,,"4x16x228",,,2,4,8,228,4,16,2,1,4
"dot/dot_fp32_4x8x2_1x4x2_avx2_fma3/16/304/real_time",380679,378.357,377.5,ns,,,"4x16x304",,,2,4,8,304,4,16,2,1,4
"dot/dot_fp32_4x8x2_1x4x2_avx2_fma3/32/2/real_time",5253045,26.6825,26.6266,ns,,,"4x32x2",,,2,4,8,2,4,32,2,1,4
"dot/dot_fp32_4x8x2_1x4x2_avx2_fma3/32/40/real_time",1000000,101.185,100.969,ns,,,"4x32x40",,,2,4,8,40,4,32,2,1,4
"dot/dot_fp32_4x8x2_1x4x2_avx2_fma3/32/82/real_time",707429,199.007,198.566,ns,,,"4x32x82",,,2,4,8,82,4,32,2,1,4
"dot/dot_fp32_4x8x2_1x4x2_avx2_fma3/32/124/real_time",441811,305.618,304.969,ns,,,"4x32x124",,,2,4,8,124,4,32,2,1,4
"dot/dot_fp32_4x8x2_1x4x2_avx2_fma3/32/166/real_time",351376,428.151,427.153,ns,,,"4x32x166",,,2,4,8,166,4,32,2,1,4
"dot/dot_fp32_4x8x2_1x4x2_avx2_fma3/64/2/real_time",2684502,51.1381,51.0058,ns,,,"4x64x2",,,2,4,8,2,4,64,2,1,4
"dot/dot_fp32_4x8x2_1x4x2_avx2_fma3/64/20/real_time",1312937,108.04,107.805,ns,,,"4x64x20",,,2,4,8,20,4,64,2,1,4
"dot/dot_fp32_4x8x2_1x4x2_avx2_fma3/64/42/real_time",699955,205.671,205.243,ns,,,"4x64x42",,,2,4,8,42,4,64,2,1,4
"dot/dot_fp32_4x8x2_1x4x2_avx2_fma3/64/64/real_time",457096,305.845,305.112,ns,,,"4x64x64",,,2,4,8,64,4,64,2,1,4
"dot/dot_fp32_4x8x2_1x4x2_avx2_fma3/64/86/real_time",344465,414.004,413.124,ns,,,"4x64x86",,,2,4,8,86,4,64,2,1,4
"dot/dot_fp32_5x8x2_1x4x2_avx2_fma3/8/2/real_time",10462154,13.3824,13.3491,ns,,,"5x8x2",,,2,5,8,2,5,8,2,1,4
"dot/dot_fp32_5x8x2_1x4x2_avx2_fma3/8/116/real_time",1597318,87.6246,87.4368,ns,,,"5x8x116",,,2,5,8,116,5,8,2,1,4
"dot/dot_fp32_5x8x2_1x4x2_avx2_fma3/8/234/real_time",830158,168.926,168.573,ns,,,"5x8x234",,,2,5,8,234,5,8,2,1,4
"dot/dot_fp32_5x8x2_1x4x2_avx2_fma3/8/350/real_time",557183,250.344,249.837,ns,,,"5x8x350",,,2,5,8,350,5,8,2,1,4
"dot/dot_fp32_5x8x2_1x4x2_avx2_fma3/8/468/real_time",424431,331.128,330.453,ns,,,"5x8x468",,,2,5,8,468,5,8,2,1,4
"dot/dot_fp32_5x8x2_1x4x2_avx2_fma3/16/2/real_time",7333415,19.0594,19.0155,ns,,,"5x16x2",,,2,5,8,2,5,16,2,1,4
"dot/dot_fp32_5x8x2_1x4x2_avx2_fma3/16/72/real_time",1320484,106.693,106.433,ns,,,"5x16x72",,,2,5,8,72,5,16,2,1,4
"dot/dot_fp32_5x8x2_1x4x2_avx2_fma3/16/144/real_time",680727,206.545,206.086,ns,,,"5x16x144",,,2,5,8,144,5,16,2,1,4
"dot/dot_fp32_5x8x2_1x4x2_avx2_fma3/16/216/real_time",458188,305.014,304.331,ns,,,"5x16x216",,,2,5,8,216,5,16,2,1,4
"dot/dot_fp32_5x8x2_1x4x2_avx2_fma3/16/288/real_time",346121,412.573,411.671,ns,,,"5x16x288",,,2,5,8,288,5,16,2,1,4
"dot/dot_fp32_5x8x2_1x4x2_avx2_fma3/32/2/real_time",4617953,30.264,30.2082,ns,,,"5x32x2",,,2,5,8,2,5,32,2,1,4
"dot/dot_fp32_5x8x2_1x4x2_avx2_fma3/32/40/real_time",1191777,117.632,117.403,ns,,,"5x32x40",,,2,5,8,40,5,32,2,1,4
"dot/dot_fp32_5x8x2_1x4x2_avx2_fma3/32/80/real_time",611384,228.836,228.335,ns,,,"5x32x80",,,2,5,8,80,5,32,2,1,4
"dot/dot_fp32_5x8x2_1x4x2_avx2_fma3/32/120/real_time",412901,339.195,338.484,ns,,,"5x32x120",,,2,5,8,120,5,32,2,1,4
"dot/dot_fp32_5x8x2_1x4x2_avx2_fma3/32/160/real_time",307674,454.029,453.073,ns,,,"5x32x160",,,2,5,8,160,5,32,2,1,4
"dot/dot_fp32_5x8x2_1x4x2_avx2_fma3/64/2/real_time",2649755,52.7808,52.6671,ns,,,"5x64x2",,,2,5,8,2,5,64,2,1,4
"dot/dot_fp32_5x8x2_1x4x2_avx2_fma3/64/20/real_time",1082747,129.45,129.178,ns,,,"5x64x20",,,2,5,8,20,5,64,2,1,4
"dot/dot_fp32_5x8x2_1x4x2_avx2_fma3/64/42/real_time",586761,238.653,238.135,ns,,,"5x64x42",,,2,5,8,42,5,64,2,1,4
"dot/dot_fp32_5x8x2_1x4x2_avx2_fma3/64/62/real_time",395678,354.978,354.168,ns,,,"5x64x62",,,2,5,8,62,5,64,2,1,4
"dot/dot_fp32_5x8x2_1x4x2_avx2_fma3/64/84/real_time",293808,476.757,475.673,ns,,,"5x64x84",,,2,5,8,84,5,64,2,1,4
"dot/dot_fp32_6x8x2_1x4x2_avx2_fma3/8/2/real_time",9472940,14.747,14.7147,ns,,,"6x8x2",,,2,6,8,2,6,8,2,1,4
"dot/dot_fp32_6x8x2_1x4x2_avx2_fma3/8/108/real_time",1469691,95.2713,95.0714,ns,,,"6x8x108",,,2,6,8,108,6,8,2,1,4
"dot/dot_fp32_6x8x2_1x4x2_avx2_fma3/8/216/real_time",758956,187.323,186.974,ns,,,"6x8x216",,,2,6,8,216,6,8,2,1,4
"dot/dot_fp32_6x8x2_1x4x2_avx2_fma3/8/324/real_time",514126,271.054,270.451,ns,,,"6x8x324",,,2,6,8,324,6,8,2,1,4
"dot/dot_fp32_6x8x2_1x4x2_avx2_fma3/8/434/real_time",385568,362.96,362.221,ns,,,"6x8x434",,,2,6,8,434,6,8,2,1,4
"dot/dot_fp32_6x8x2_1x4x2_avx2_fma3/16/2/real_time",6093199,21.4732,21.4232,ns,,,"6x16x2",,,2,6,8,2,6,16,2,1,4
"dot/dot_fp32_6x8x2_1x4x2_avx2_fma3/16/68/real_time",1184672,118.114,117.859,ns,,,"6x16x68",,,2,6,8,68,6,16,2,1,4
"dot/dot_fp32_6x8x2_1x4x2_avx2_fma3/16/136/real_time",611712,228.643,228.189,ns,,,"6x16x136",,,2,6,8,136,6,16,2,1,4
"dot/dot_fp32_6x8x2_1x4x2_avx2_fma3/16/204/real_time",412401,339.226,338.519,ns,,,"6x16x204",,,2,6,8,204,6,16,2,1,4
"dot/dot_fp32_6x8x2_1x4x2_avx2_fma3/16/274/real_time",309254,453.224,452.26,ns,,,"6x16x274",,,2,6,8,274,6,16,2,1,4
"dot/dot_fp32_6x8x2_1x4x2_avx2_fma3/32/2/real_time",4104462,34.1611,34.0817,ns,,,"6x32x2",,,2,6,8,2,6,32,2,1,4
"dot/dot_fp32_6x8x2_1x4x2_avx2_fma3/32/38/real_time",1066912,131.258,130.993,ns,,,"6x32x38",,,2,6,8,38,6,32,2,1,4
"dot/dot_fp32_6x8x2_1x4x2_avx2_fma3/32/78/real_time",535816,265.655,265.125,ns,,,"6x32x78",,,2,6,8,78,6,32,2,1,4
"dot/dot_fp32_6x8x2_1x4x2_avx2_fma3/32/116/real_time",363845,384.846,384.061,ns,,,"6x32x116",,,2,6,8,116,6,32,2,1,4
"dot/dot_fp32_6x8x2_1x4x2_avx2_fma3/32/156/real_time",269214,520.945,519.835,ns,,,"6x32x156",,,2,6,8,156,6,32,2,1,4
"dot/dot_fp32_6x8x2_1x4x2_avx2_fma3/64/2/real_time",2335658,59.9052,59.7725,ns,,,"6x64x2",,,2,6,8,2,6,64,2,1,4
"dot/dot_fp32_6x8x2_1x4x2_avx2_fma3/64/20/real_time",1000013,139.979,139.677,ns,,,"6x64x20",,,2,6,8,20,6,64,2,1,4
"dot/dot_fp32_6x8x2_1x4x2_avx2_fma3/64/40/real_time",522517,267.84,267.253,ns,,,"6x64x40",,,2,6,8,40,6,64,2,1,4
"dot/dot_fp32_6x8x2_1x4x2_avx2_fma3/64/60/real_time",347215,405.156,404.308,ns,,,"6x64x60",,,2,6,8,60,6,64,2,1,4
"dot/dot_fp32_6x8x2_1x4x2_avx2_fma3/64/82/real_time",255427,548.206,547.038,ns,,,"6x64x82",,,2,6,8,82,6,64,2,1,4
"dot/dot_fp32_4x4x2_1x4x2_avx2_fma3/4/2/real_time",12773594,10.9179,10.8942,ns,,,"4x4x2",,,2,4,4,2,4,4,2,1,4
"dot/dot_fp32_4x4x2_1x4x2_avx2_fma3/4/190/real_time",1420525,98.5539,98.3431,ns,,,"4x4x190",,,2,4,4,190,4,4,2,1,4
"dot/dot_fp32_4x4x2_1x4x2_avx2_fma3/4/382/real_time",691382,197.26,196.826,ns,,,"4x4x382",,,2,4,4,382,4,4,2,1,4
"dot/dot_fp32_4x4x2_1x4x2_avx2_fma3/4/574/real_time",466322,300.2,299.601,ns,,,"4x4x574",,,2,4,4,574,4,4,2,1,4
"dot/dot_fp32_4x4x2_1x4x2_avx2_fma3/4/766/real_time",334390,401.44,400.584,ns,,,"4x4x766",,,2,4,4,766,4,4,2,1,4
"dot/dot_fp32_4x4x2_1x4x2_avx2_fma3/8/2/real_time",9407264,14.8638,14.8337,ns,,,"4x8x2",,,2,4,4,2,4,8,2,1,4
"dot/dot_fp32_4x4x2_1x4x2_avx2_fma3/8/126/real_time",1186884,118.12,117.868,ns,,,"4x8x126",,,2,4,4,126,4,8,2,1,4
"dot/dot_fp32_4x4x2_1x4x2_avx2_fma3/8/254/real_time",554623,252.559,251.964,ns,,,"4x8x254",,,2,4,4,254,4,8,2,1,4
"dot/dot_fp32_4x4x2_1x4x2_avx2_fma3/8/380/real_time",363325,385.335,384.565,ns,,,"4x8x380",,,2,4,4,380,4,8,2,1,4
"dot/dot_fp32_4x4x2_1x4x2_avx2_fma3/8/508/real_time",264127,530.132,529.058,ns,,,"4x8x508",,,2,4,4,508,4,8,2,1,4
"dot/dot_fp32_4x4x2_1x4x2_avx2_fma3/16/2/real_time",6055417,23.1131,23.0663,ns,,,"4x16x2",,,2,4,4,2,4,16,2,1,4
"dot/dot_fp32_4x4x2_1x4x2_avx2_fma3/16/76/real_time",1015402,139.335,139.054,ns,,,"4x16x76",,,2,4,4,76,4,16,2,1,4
"dot/dot_fp32_4x4x2_1x4x2_avx2_fma3/16/152/real_time",485418,289.102,288.559,ns,,,"4x16x152",,,2,4,4,152,4,16,2,1,4
"dot/dot_fp32_4x4x2_1x4x2_avx2_fma3/16/228/real_time",311273,471.79,470.735,ns,,,"4x16x228",,,2,4,4,228,4,16,2,1,4
"dot/dot_fp32_4x4x2_1x4x2_avx2_fma3/16/304/real_time",226890,618.526,617.217,ns,,,"4x16x304",,,2,4,4,304,4,16,2,1,4
"dot/dot_fp32_4x4x2_1x4x2_avx2_fma3/32/2/real_time",3561419,39.3904,39.3056,ns,,,"4x32x2",,,2,4,4,2,4,32,2,1,4
"dot/dot_fp32_4x4x2_1x4x2_avx2_fma3/32/40/real_time",1034500,138.527,138.233,ns,,,"4x32x40",,,2,4,4,40,4,32,2,1,4
"dot/dot_fp32_4x4x2_1x4x2_avx2_fma3/32/82/real_time",461871,303.425,302.726,ns,,,"4x32x82",,,2,4,4,82,4,32,2,1,4
"dot/dot_fp32_4x4x2_1x4x2_avx2_fma3/32/124/real_time",303325,473.83,472.8,ns,,,"4x32x124",,,2,4,4,124,4,32,2,1,4
"dot/dot_fp32_4x4x2_1x4x2_avx2_fma3/32/166/real_time",217836,643.076,641.715,ns,,,"4x32x166",,,2,4,4,166,4,32,2,1,4
"dot/dot_fp32_5x4x2_1x4x2_avx2_fma3/4/2/real_time",11436489,12.2428,12.2159,ns,,,"5x4x2",,,2,5,4,2,5,4,2,1,4
"dot/dot_fp32_5x4x2_1x4x2_avx2_fma3/4/170/real_time",1481376,94.845,94.6546,ns,,,"5x4x170",,,2,5,4,170,5,4,2,1,4
"dot/dot_fp32_5x4x2_1x4x2_avx2_fma3/4/340/real_time",732236,192.723,192.352,ns,,,"5x4x340",,,2,5,4,340,5,4,2,1,4
"dot/dot_fp32_5x4x2_1x4x2_avx2_fma3/4/510/real_time",480794,291.051,290.455,ns,,,"5x4x510",,,2,5,4,510,5,4,2,1,4
"dot/dot_fp32_5x4x2_1x4x2_avx2_fma3/4/680/real_time",363209,383.558,382.776,ns,,,"5x4x680",,,2,5,4,680,5,4,2,1,4
"dot/dot_fp32_5x4x2_1x4x2_avx2_fma3/8/2/real_time",8132187,17.2369,17.1962,ns,,,"5x8x2",,,2,5,4,2,5,8,2,1,4
"dot/dot_fp32_5x4x2_1x4x2_avx2_fma3/8/116/real_time",1132674,123.215,122.961,ns,,,"5x8x116",,,2,5,4,116,5,8,2,1,4
"dot/dot_fp32_5x4x2_1x4x2_avx2_fma3/8/234/real_time",543835,256.237,255.747,ns,,,"5x8x234",,,2,5,4,234,5,8,2,1,4
"dot/dot_fp32_5x4x2_1x4x2_avx2_fma3/8/350/real_time",361477,387.972,387.191,ns,,,"5x8x350",,,2,5,4,350,5,8,2,1,4
"dot/dot_fp32_5x4x2_1x4x2_avx2_fma3/8/468/real_time",263124,528.762,527.675,ns,,,"5x8x468",,,2,5,4,468,5,8,2,1,4
"dot/dot_fp32_5x4x2_1x4x2_avx2_fma3/16/2/real_time",5163147,27.2125,27.156,ns,,,"5x16x2",,,2,5,4,2,5,16,2,1,4
"dot/dot_fp32_5x4x2_1x4x2_avx2_fma3/16/72/real_time",936449,149.494,149.203,ns,,,"5x16x72",,,2,5,4,72,5,16,2,1,4
"dot/dot_fp32_5x4x2_1x4x2_avx2_fma3/16/144/real_time",443409,313.336,312.702,ns,,,"5x16x144",,,2,5,4,144,5,16,2,1,4
"dot/dot_fp32_5x4x2_1x4x2_avx2_fma3/16/216/real_time",294342,476.01,475.116,ns,,,"5x16x216",,,2,5,4,216,5,16,2,1,4
"dot/dot_fp32_5x4x2_1x4x2_avx2_fma3/16/288/real_time",219901,635.549,634.357,ns,,,"5x16x288",,,2,5,4,288,5,16,2,1,4
"dot/dot_fp32_5x4x2_1x4x2_avx2_fma3/32/2/real_time",2991712,46.7377,46.6357,ns,,,"5x32x2",,,2,5,4,2,5,32,2,1,4
"dot/dot_fp32_5x4x2_1x4x2_avx2_fma3/32/40/real_time",888353,159.103,158.758,ns,,,"5x32x40",,,2,5,4,40,5,32,2,1,4
"dot/dot_fp32_5x4x2_1x4x2_avx2_fma3/32/80/real_time",384056,336.231,335.514,ns,,,"5x32x80",,,2,5,4,80,5,32,2,1,4
"dot/dot_fp32_5x4x2_1x4x2_avx2_fma3/32/120/real_time",277424,504.667,503.618,ns,,,"5x32x120",,,2,5,4,120,5,32,2,1,4
"dot/dot_fp32_5x4x2_1x4x2_avx2_fma3/32/160/real_time",204322,684.017,682.538,ns,,,"5x32x160",,,2,5,4,160,5,32,2,1,4
"dot/dot_fp32_6x4x2_1x4x2_avx2_fma3/4/2/real_time",10250763,13.6121,13.5808,ns,,,"6x4x2",,,2,6,4,2,6,4,2,1,4
"dot/dot_fp32_6x4x2_1x4x2_avx2_fma3/4/152/real_time",1527763,91.6418,91.4383,ns,,,"6x4x152",,,2,6,4,152,6,4,2,1,4
"dot/dot_fp32_6x4x2_1x4x2_avx2_fma3/4/306/real_time",788751,174.969,174.626,ns,,,"6x4x306",,,2,6,4,306,6,4,2,1,4
"dot/dot_fp32_6x4x2_1x4x2_avx2_fma3/4/458/real_time",526459,270.068,269.199,ns,,,"6x4x458",,,2,6,4,458,6,4,2,1,4
"dot/dot_fp32_6x4x2_1x4x2_avx2_fma3/4/612/real_time",378334,344.433,343.796,ns,,,"6x4x612",,,2,6,4,612,6,4,2,1,4
"dot/dot_fp32_6x4x2_1x4x2_avx2_fma3/8/2/real_time",6751876,18.7257,18.689,ns,,,"6x8x2",,,2,6,4,2,6,8,2,1,4
"dot/dot_fp32_6x4x2_1x4x2_avx2_fma3/8/108/real_time",1112187,125.714,125.269,ns,,,"6x8x108",,,2,6,4,108,6,8,2,1,4
"dot/dot_fp32_6x4x2_1x4x2_avx2_fma3/8/216/real_time",571671,237.87,237.414,ns,,,"6x8x216",,,2,6,4,216,6,8,2,1,4
"dot/dot_fp32_6x4x2_1x4x2_avx2_fma3/8/324/real_time",391077,362.116,361.371,ns,,,"6x8x324",,,2,6,4,324,6,8,2,1,4
"dot/dot_fp32_6x4x2_1x4x2_avx2_fma3/8/434/real_time",285694,489.003,487.545,ns,,,"6x8x434",,,2,6,4,434,6,8,2,1,4
"dot/dot_fp32_6x4x2_1x4x2_avx2_fma3/16/2/real_time",4700716,29.838,29.7765,ns,,,"6x16x2",,,2,6,4,2,6,16,2,1,4
"dot/dot_fp32_6x4x2_1x4x2_avx2_fma3/16/68/real_time",910353,153.792,153.5,ns,,,"6x16x68",,,2,6,4,68,6,16,2,1,4
"dot/dot_fp32_6x4x2_1x4x2_avx2_fma3/16/136/real_time",457413,305.735,305.097,ns,,,"6x16x136",,,2,6,4,136,6,16,2,1,4
"dot/dot_fp32_6x4x2_1x4x2_avx2_fma3/16/204/real_time",303837,460.399,459.506,ns,,,"6x16x204",,,2,6,4,204,6,16,2,1,4
"dot/dot_fp32_6x4x2_1x4x2_avx2_fma3/16/274/real_time",225917,619.581,618.345,ns,,,"6x16x274",,,2,6,4,274,6,16,2,1,4
"dot/dot_fp32_6x4x2_1x4x2_avx2_fma3/32/2/real_time",2630283,53.2074,53.0946,ns,,,"6x32x2",,,2,6,4,2,6,32,2,1,4
"dot/dot_fp32_6x4x2_1x4x2_avx2_fma3/32/38/real_time",822448,169.98,169.646,ns,,,"6x32x38",,,2,6,4,38,6,32,2,1,4
"dot/dot_fp32_6x4x2_1x4x2_avx2_fma3/32/78/real_time",396944,352.577,351.903,ns,,,"6x32x78",,,2,6,4,78,6,32,2,1,4
"dot/dot_fp32_6x4x2_1x4x2_avx2_fma3/32/116/real_time",273333,512.376,511.288,ns,,,"6x32x116",,,2,6,4,116,6,32,2,1,4
"dot/dot_fp32_6x4x2_1x4x2_avx2_fma3/32/156/real_time",196698,708.079,706.576,ns,,,"6x32x156",,,2,6,4,156,6,32,2,1,4
"dot/dot_fp32_8x4x2_1x4x2_avx2_fma3/4/2/real_time",9896041,14.1291,14.0991,ns,,,"8x4x2",,,2,8,4,2,8,4,2,1,4
"dot/dot_fp32_8x4x2_1x4x2_avx2_fma3/4/126/real_time",1524048,92.2315,92.0394,ns,,,"8x4x126",,,2,8,4,126,8,4,2,1,4
"dot/dot_fp32_8x4x2_1x4x2_avx2_fma3/4/254/real_time",772235,176.728,176.33,ns,,,"8x4x254",,,2,8,4,254,8,4,2,1,4
"dot/dot_fp32_8x4x2_1x4x2_avx2_fma3/4/380/real_time",532745,263.222,262.651,ns,,,"8x4x380",,,2,8,4,380,8,4,2,1,4
"dot/dot_fp32_8x4x2_1x4x2_avx2_fma3/4/508/real_time",394962,357.826,357.106,ns,,,"8x4x508",,,2,8,4,508,8,4,2,1,4
"dot/dot_fp32_8x4x2_1x4x2_avx2_fma3/8/2/real_time",7206438,19.33,19.2849,ns,,,"8x8x2",,,2,8,4,2,8,8,2,1,4
"dot/dot_fp32_8x4x2_1x4x2_avx2_fma3/8/94/real_time",1050691,132.601,132.29,ns,,,"8x8x94",,,2,8,4,94,8,8,2,1,4
"dot/dot_fp32_8x4x2_1x4x2_avx2_fma3/8/190/real_time",523031,258.384,257.855,ns,,,"8x8x190",,,2,8,4,190,8,8,2,1,4
"dot/dot_fp32_8x4x2_1x4x2_avx2_fma3/8/284/real_time",360116,386.122,385.312,ns,,,"8x8x284",,,2,8,4,284,8,8,2,1,4
"dot/dot_fp32_8x4x2_1x4x2_avx2_fma3/8/380/real_time",270583,577.291,575.876,ns,,,"8x8x380",,,2,8,4,380,8,8,2,1,4
"dot/dot_fp32_8x4x2_1x4x2_avx2_fma3/16/2/real_time",4674910,29.8906,29.828,ns,,,"8x16x2",,,2,8,4,2,8,16,2,1,4
"dot/dot_fp32_8x4x2_1x4x2_avx2_fma3/16/62/real_time",810589,171.575,171.24,ns,,,"8x16x62",,,2,8,4,62,8,16,2,1,4
"dot/dot_fp32_8x4x2_1x4x2_avx2_fma3/16/124/real_time",424635,332.898,332.166,ns,,,"8x16x124",,,2,8,4,124,8,16,2,1,4
"dot/dot_fp32_8x4x2_1x4x2_avx2_fma3/16/186/real_time",275625,517.408,516.404,ns,,,"8x16x186",,,2,8,4,186,8,16,2,1,4
"dot/dot_fp32_8x4x2_1x4x2_avx2_fma3/16/250/real_time",211695,664.112,662.764,ns,,,"8x16x250",,,2,8,4,250,8,16,2,1,4
"dot/dot_fp32_8x4x2_1x4x2_avx2_fma3/32/2/real_time",2664937,52.5718,52.4663,ns,,,"8x32x2",,,2,8,4,2,8,32,2,1,4
"dot/dot_fp32_8x4x2_1x4x2_avx2_fma3/32/36/real_time",677809,213.773,213.329,ns,,,"8x32x36",,,2,8,4,36,8,32,2,1,4
"dot/dot_fp32_8x4x2_1x4x2_avx2_fma3/32/72/real_time",362742,389.945,389.141,ns,,,"8x32x72",,,2,8,4,72,8,32,2,1,4
"dot/dot_fp32_8x4x2_1x4x2_avx2_fma3/32/108/real_time",240137,578.597,577.439,ns,,,"8x32x108",,,2,8,4,108,8,32,2,1,4
"dot/dot_fp32_8x4x2_1x4x2_avx2_fma3/32/146/real_time",178367,787.054,785.434,ns,,,"8x32x146",,,2,8,4,146,8,32,2,1,4
"dot/dot_int8_int8_int32_symmetric_b_1x32x4_1x8x4_avx2/32/4/real_time",16561278,8.61286,8.59475,ns,,,"1x32x4",,,4,1,32,4,1,32,4,1,8
"dot/dot_int8_int8_int32_symmetric_b_1x32x4_1x8x4_avx2/32/184/real_time",1657362,84.1789,84.0001,ns,,,"1x32x184",,,4,1,32,184,1,32,4,1,8
"dot/dot_int8_int8_int32_symmetric_b_1x32x4_1x8x4_avx2/32/368/real_time",857035,163.533,163.189,ns,,,"1x32x368",,,4,1,32,368,1,32,4,1,8
"dot/dot_int8_int8_int32_symmetric_b_1x32x4_1x8x4_avx2/32/552/real_time",575983,243.316,242.822,ns,,,"1x32x552",,,4,1,32,552,1,32,4,1,8
"dot/dot_int8_int8_int32_symmetric_b_1x32x4_1x8x4_avx2/32/740/real_time",431280,324.49,323.822,ns,,,"1x32x740",,,4,1,32,740,1,32,4,1,8
"dot/dot_int8_int8_int32_symmetric_b_1x32x4_1x8x4_avx2/64/4/real_time",12269666,11.4119,11.3881,ns,,,"1x64x4",,,4,1,32,4,1,64,4,1,8
"dot/dot_int8_int8_int32_symmetric_b_1x32x4_1x8x4_avx2/64/92/real_time",1652444,84.0932,83.9319,ns,,,"1x64x92",,,4,1,32,92,1,64,4,1,8
"dot/dot_int8_int8_int32_symmetric_b_1x32x4_1x8x4_avx2/64/184/real_time",858404,163.384,163.052,ns,,,"1x64x184",,,4,1,32,184,1,64,4,1,8
"dot/dot_int8_int8_int32_symmetric_b_1x32x4_1x8x4_avx2/64/276/real_time",577987,242.69,242.197,ns,,,"1x64x276",,,4,1,32,276,1,64,4,1,8
"dot/dot_int8_int8_int32_symmetric_b_1x32x4_1x8x4_avx2/64/372/real_time",429898,325.384,324.713,ns,,,"1x64x372",,,4,1,32,372,1,64,4,1,8
"dot/dot_int8_int8_int32_symmetric_b_1x32x4_1x8x4_avx2/128/4/real_time",7940950,17.615,17.5785,ns,,,"1x128x4",,,4,1,32,4,1,128,4,1,8
"dot/dot_int8_int8_int32_symmetric_b_1x32x4_1x8x4_avx2/128/44/real_time",1723250,80.9957,80.8452,ns,,,"1x128x44",,,4,1,32,44,1,128,4,1,8
"dot/dot_int8_int8_int32_symmetric_b_1x32x4_1x8x4_avx2/128/92/real_time",853772,163.664,163.33,ns,,,"1x128x92",,,4,1,32,92,1,128,4,1,8
"dot/dot_int8_int8_int32_symmetric_b_1x32x4_1x8x4_avx2/128/136/real_time",584662,239.429,238.914,ns,,,"1x128x136",,,4,1,32,136,1,128,4,1,8
"dot/dot_int8_int8_int32_symmetric_b_1x32x4_1x8x4_avx2/128/184/real_time",434089,322.128,321.46,ns,,,"1x128x184",,,4,1,32,184,1,128,4,1,8
"dot/dot_int8_int8_int32_symmetric_b_1x32x4_1x8x4_avx2/256/4/real_time",4628392,30.2308,30.1697,ns,,,"1x256x4",,,4,1,32,4,1,256,4,1,8
"dot/dot_int8_int8_int32_symmetric_b_1x32x4_1x8x4_avx2/256/20/real_time",1874722,74.2226,74.0728,ns,,,"1x256x20",,,4,1,32,20,1,256,4,1,8
"dot/dot_int8_int8_int32_symmetric_b_1x32x4_1x8x4_avx2/256/44/real_time",889640,157.583,157.279,ns,,,"1x256x44",,,4,1,32,44,1,256,4,1,8
"dot/dot_int8_int8_int32_symmetric_b_1x32x4_1x8x4_avx2/256/64/real_time",619280,226.426,225.953,ns,,,"1x256x64",,,4,1,32,64,1,256,4,1,8
"dot/dot_int8_int8_int32_symmetric_b_1x32x4_1x8x4_avx2/256/88/real_time",453251,308.62,307.965,ns,,,"1x256x88",,,4,1,32,88,1,256,4,1,8
"dot/dot_int8_int8_int32_symmetric_b_2x32x4_1x8x4_avx2/32/4/real_time",13177752,10.5773,10.5568,ns,,,"2x32x4",,,4,2,32,4,2,32,4,1,8
"dot/dot_int8_int8_int32_symmetric_b_2x32x4_1x8x4_avx2/32/176/real_time",904340,154.784,154.484,ns,,,"2x32x176",,,4,2,32,176,2,32,4,1,8
"dot/dot_int8_int8_int32_symmetric_b_2x32x4_1x8x4_avx2/32/356/real_time",452949,309.184,308.551,ns,,,"2x32x356",,,4,2,32,356,2,32,4,1,8
"dot/dot_int8_int8_int32_symmetric_b_2x32x4_1x8x4_avx2/32/532/real_time",290284,460.074,459.14,ns,,,"2x32x532",,,4,2,32,532,2,32,4,1,8
"dot/dot_int8_int8_int32_symmetric_b_2x32x4_1x8x4_avx2/32/712/real_time",227915,625.384,624.163,ns,,,"2x32x712",,,4,2,32,712,2,32,4,1,8
"dot/dot_int8_int8_int32_symmetric_b_2x32x4_1x8x4_avx2/64/4/real_time",9251150,15.1168,15.0884,ns,,,"2x64x4",,,4,2,32,4,2,64,4,1,8
"dot/dot_int8_int8_int32_symmetric_b_2x32x4_1x8x4_avx2/64/88/real_time",904510,154.748,154.447,ns,,,"2x64x88",,,4,2,32,88,2,64,4,1,8
"dot/dot_int8_int8_int32_symmetric_b_2x32x4_1x8x4_avx2/64/180/real_time",447853,316.471,315.835,ns,,,"2x64x180",,,4,2,32,180,2,64,4,1,8
"dot/dot_int8_int8_int32_symmetric_b_2x32x4_1x8x4_avx2/64/272/real_time",297623,470.459,469.528,ns,,,"2x64x272",,,4,2,32,272,2,64,4,1,8
"dot/dot_int8_int8_int32_symmetric_b_2x32x4_1x8x4_avx2/64/364/real_time",222910,628.035,626.849,ns,,,"2x64x364",,,4,2,32,364,2,64,4,1,8
"dot/dot_int8_int8_int32_symmetric_b_2x32x4_1x8x4_avx2/128/4/real_time",5731987,24.3933,24.3473,ns,,,"2x128x4",,,4,2,32,4,2,128,4,1,8
"dot/dot_int8_int8_int32_symmetric_b_2x32x4_1x8x4_avx2/128/44/real_time",902115,155.17,154.858,ns,,,"2x128x44",,,4,2,32,44,2,128,4,1,8
"dot/dot_int8_int8_int32_symmetric_b_2x32x4_1x8x4_avx2/128/88/real_time",457539,306.002,305.402,ns,,,"2x128x88",,,4,2,32,88,2,128,4,1,8
"dot/dot_int8_int8_int32_symmetric_b_2x32x4_1x8x4_avx2/128/132/real_time",306364,456.939,456.064,ns,,,"2x128x132",,,4,2,32,132,2,128,4,1,8
"dot/dot_int8_int8_int32_symmetric_b_2x32x4_1x8x4_avx2/128/180/real_time",225278,629.204,627.973,ns,,,"2x128x180",,,4,2,32,180,2,128,4,1,8
"dot/dot_int8_int8_int32_symmetric_b_2x32x4_1x8x4_avx2/256/4/real_time",3230317,43.6042,43.5132,ns,,,"2x256x4",,,4,2,32,4,2,256,4,1,8
"dot/dot_int8_int8_int32_symmetric_b_2x32x4_1x8x4_avx2/256/20/real_time",985397,142.176,141.896,ns,,,"2x256x20",,,4,2,32,20,2,256,4,1,8
"dot/dot_int8_int8_int32_symmetric_b_2x32x4_1x8x4_avx2/256/40/real_time",501831,279.138,278.567,ns,,,"2x256x40",,,4,2,32,40,2,256,4,1,8
"dot/dot_int8_int8_int32_symmetric_b_2x32x4_1x8x4_avx2/256/60/real_time",336352,416.306,415.549,ns,,,"2x256x60",,,4,2,32,60,2,256,4,1,8
"dot/dot_int8_int8_int32_symmetric_b_2x32x4_1x8x4_avx2/256/84/real_time",241019,581.019,579.907,ns,,,"2x256x84",,,4,2,32,84,2,256,4,1,8
"dot/dot_int8_int8_int32_symmetric_b_1x16x4_1x8x4_avx2/16/4/real_time",18180368,7.6989,7.68397,ns,,,"1x16x4",,,4,1,16,4,1,16,4,1,8
"dot/dot_int8_int8_int32_symmetric_b_1x16x4_1x8x4_avx2/16/360/real_time",1539504,102.872,102.64,ns,,,"1x16x360",,,4,1,16,360,1,16,4,1,8
"dot/dot_int8_int8_int32_symmetric_b_1x16x4_1x8x4_avx2/16/720/real_time",785992,184.515,184.111,ns,,,"1x16x720",,,4,1,16,720,1,16,4,1,8
"dot/dot_int8_int8_int32_symmetric_b_1x16x4_1x8x4_avx2/16/1080/real_time",540057,259.256,258.73,ns,,,"1x16x1080",,,4,1,16,1080,1,16,4,1,8
"dot/dot_int8_int8_int32_symmetric_b_1x16x4_1x8x4_avx2/16/1440/real_time",408717,347.56,346.904,ns,,,"1x16x1440",,,4,1,16,1440,1,16,4,1,8
"dot/dot_int8_int8_int32_symmetric_b_1x16x4_1x8x4_avx2/32/4/real_time",13889794,10.081,10.0606,ns,,,"1x32x4",,,4,1,16,4,1,32,4,1,8
"dot/dot_int8_int8_int32_symmetric_b_1x16x4_1x8x4_avx2/32/184/real_time",1553920,90.1501,89.9617,ns,,,"1x32x184",,,4,1,16,184,1,32,4,1,8
"dot/dot_int8_int8_int32_symmetric_b_1x16x4_1x8x4_avx2/32/368/real_time",799250,175.051,174.718,ns,,,"1x32x368",,,4,1,16,368,1,32,4,1,8
"dot/dot_int8_int8_int32_symmetric_b_1x16x4_1x8x4_avx2/32/552/real_time",538193,259.941,259.417,ns,,,"1x32x552",,,4,1,16,552,1,32,4,1,8
"dot/dot_int8_int8_int32_symmetric_b_1x16x4_1x8x4_avx2/32/740/real_time",401167,349.747,349.07,ns,,,"1x32x740",,,4,1,16,740,1,32,4,1,8
"dot/dot_int8_int8_int32_symmetric_b_1x16x4_1x8x4_avx2/64/4/real_time",9015468,15.4393,15.4091,ns,,,"1x64x4",,,4,1,16,4,1,64,4,1,8
"dot/dot_int8_int8_int32_symmetric_b_1x16x4_1x8x4_avx2/64/92/real_time",1549481,90.3977,90.223,ns,,,"1x64x92",,,4,1,16,92,1,64,4,1,8
"dot/dot_int8_int8_int32_symmetric_b_1x16x4_1x8x4_avx2/64/184/real_time",799080,175.214,174.88,ns,,,"1x64x184",,,4,1,16,184,1,64,4,1,8
"dot/dot_int8_int8_int32_symmetric_b_1x16x4_1x8x4_avx2/64/276/real_time",525863,265.197,264.68,ns,,,"1x64x276",,,4,1,16,276,1,64,4,1,8
"dot/dot_int8_int8_int32_symmetric_b_1x16x4_1x8x4_avx2/64/372/real_time",396499,354.093,353.403,ns,,,"1x64x372",,,4,1,16,372,1,64,4,1,8
"dot/dot_int8_int8_int32_symmetric_b_1x16x4_1x8x4_avx2/128/4/real_time",5455210,25.639,25.5891,ns,,,"1x128x4",,,4,1,16,4,1,128,4,1,8
"dot/dot_int8_int8_int32_symmetric_b_1x16x4_1x8x4_avx2/128/44/real_time",1610607,86.8442,86.6708,ns,,,"1x128x44",,,4,1,16,44,1,128,4,1,8
"dot/dot_int8_int8_int32_symmetric_b_1x16x4_1x8x4_avx2/128/92/real_time",794895,178.234,177.877,ns,,,"1x128x92",,,4,1,16,92,1,128,4,1,8
"dot/dot_int8_int8_int32_symmetric_b_1x16x4_1x8x4_avx2/128/136/real_time",532189,263.073,262.532,ns,,,"1x128x136",,,4,1,16,136,1,128,4,1,8
"dot/dot_int8_int8_int32_symmetric_b_1x16x4_1x8x4_avx2/128/184/real_time",398043,357.988,357.273,ns,,,"1x128x184",,,4,1,16,184,1,128,4,1,8
"dot/dot_int8_int8_int32_symmetric_b_2x16x4_1x8x4_avx2/16/4/real_time",14241352,9.5618,9.54272,ns,,,"2x16x4",,,4,2,16,4,2,16,4,1,8
"dot/dot_int8_int8_int32_symmetric_b_2x16x4_1x8x4_avx2/16/336/real_time",875868,160.003,159.686,ns,,,"2x16x336",,,4,2,16,336,2,16,4,1,8
"dot/dot_int8_int8_int32_symmetric_b_2x16x4_1x8x4_avx2/16/676/real_time",436574,320.246,319.643,ns,,,"2x16x676",,,4,2,16,676,2,16,4,1,8
"dot/dot_int8_int8_int32_symmetric_b_2x16x4_1x8x4_avx2/16/1016/real_time",293083,477.666,476.728,ns,,,"2x16x1016",,,4,2,16,1016,2,16,4,1,8
"dot/dot_int8_int8_int32_symmetric_b_2x16x4_1x8x4_avx2/16/1356/real_time",220716,634.777,633.357,ns,,,"2x16x1356",,,4,2,16,1356,2,16,4,1,8
"dot/dot_int8_int8_int32_symmetric_b_2x16x4_1x8x4_avx2/32/4/real_time",10735035,13.2685,13.2413,ns,,,"2x32x4",,,4,2,16,4,2,32,4,1,8
"dot/dot_int8_int8_int32_symmetric_b_2x16x4_1x8x4_avx2/32/176/real_time",838069,169.806,169.487,ns,,,"2x32x176",,,4,2,16,176,2,32,4,1,8
"dot/dot_int8_int8_int32_symmetric_b_2x16x4_1x8x4_avx2/32/356/real_time",420025,333.201,332.586,ns,,,"2x32x356",,,4,2,16,356,2,32,4,1,8
"dot/dot_int8_int8_int32_symmetric_b_2x16x4_1x8x4_avx2/32/532/real_time",282641,495.575,494.603,ns,,,"2x32x532",,,4,2,16,532,2,32,4,1,8
"dot/dot_int8_int8_int32_symmetric_b_2x16x4_1x8x4_avx2/32/712/real_time",209970,665.52,664.241,ns,,,"2x32x712",,,4,2,16,712,2,32,4,1,8
"dot/dot_int8_int8_int32_symmetric_b_2x16x4_1x8x4_avx2/64/4/real_time",6954828,20.1292,20.0893,ns,,,"2x64x4",,,4,2,16,4,2,64,4,1,8
"dot/dot_int8_int8_int32_symmetric_b_2x16x4_1x8x4_avx2/64/88/real_time",838794,167.139,166.819,ns,,,"2x64x88",,,4,2,16,88,2,64,4,1,8
"dot/dot_int8_int8_int32_symmetric_b_2x16x4_1x8x4_avx2/64/180/real_time",415614,336.909,336.243,ns,,,"2x64x180",,,4,2,16,180,2,64,4,1,8
"dot/dot_int8_int8_int32_symmetric_b_2x16x4_1x8x4_avx2/64/272/real_time",273567,511.241,510.317,ns,,,"2x64x272",,,4,2,16,272,2,64,4,1,8
"dot/dot_int8_int8_int32_symmetric_b_2x16x4_1x8x4_avx2/64/364/real_time",205381,680.799,679.395,ns,,,"2x64x364",,,4,2,16,364,2,64,4,1,8
"dot/dot_int8_int8_int32_symmetric_b_2x16x4_1x8x4_avx2/128/4/real_time",4089012,34.1907,34.1245,ns,,,"2x128x4",,,4,2,16,4,2,128,4,1,8
"dot/dot_int8_int8_int32_symmetric_b_2x16x4_1x8x4_avx2/128/44/real_time",837412,167.088,166.777,ns,,,"2x128x44",,,4,2,16,44,2,128,4,1,8
"dot/dot_int8_int8_int32_symmetric_b_2x16x4_1x8x4_avx2/128/88/real_time",424620,329.522,328.89,ns,,,"2x128x88",,,4,2,16,88,2,128,4,1,8
"dot/dot_int8_int8_int32_symmetric_b_2x16x4_1x8x4_avx2/128/132/real_time",280989,498.137,497.155,ns,,,"2x128x132",,,4,2,16,132,2,128,4,1,8
"dot/dot_int8_int8_int32_symmetric_b_2x16x4_1x8x4_avx2/128/180/real_time",207282,676.742,675.409,ns,,,"2x128x180",,,4,2,16,180,2,128,4,1,8
"dot/dot_int8_int8_int32_symmetric_b_3x16x4_1x8x4_avx2/16/4/real_time",12620074,11.0959,11.0734,ns,,,"3x16x4",,,4,3,16,4,3,16,4,1,8
"dot/dot_int8_int8_int32_symmetric_b_3x16x4_1x8x4_avx2/16/320/real_time",618668,226.398,225.926,ns,,,"3x16x320",,,4,3,16,320,3,16,4,1,8
"dot/dot_int8_int8_int32_symmetric_b_3x16x4_1x8x4_avx2/16/640/real_time",309912,450.892,450.028,ns,,,"3x16x640",,,4,3,16,640,3,16,4,1,8
"dot/dot_int8_int8_int32_symmetric_b_3x16x4_1x8x4_avx2/16/960/real_time",207768,673.785,672.41,ns,,,"3x16x960",,,4,3,16,960,3,16,4,1,8
"dot/dot_int8_int8_int32_symmetric_b_3x16x4_1x8x4_avx2/16/1280/real_time",156386,895.237,893.526,ns,,,"3x16x1280",,,4,3,16,1280,3,16,4,1,8
"dot/dot_int8_int8_int32_symmetric_b_3x16x4_1x8x4_avx2/32/4/real_time",8974976,15.912,15.8796,ns,,,"3x32x4",,,4,3,16,4,3,32,4,1,8
"dot/dot_int8_int8_int32_symmetric_b_3x16x4_1x8x4_avx2/32/172/real_time",575647,242.994,242.525,ns,,,"3x32x172",,,4,3,16,172,3,32,4,1,8
"dot/dot_int8_int8_int32_symmetric_b_3x16x4_1x8x4_avx2/32/344/real_time",290837,482.604,481.645,ns,,,"3x32x344",,,4,3,16,344,3,32,4,1,8
"dot/dot_int8_int8_int32_symmetric_b_3x16x4_1x8x4_avx2/32/516/real_time",189276,729.477,728.063,ns,,,"3x32x516",,,4,3,16,516,3,32,4,1,8
"dot/dot_int8_int8_int32_symmetric_b_3x16x4_1x8x4_avx2/32/688/real_time",145321,963.905,962.054,ns,,,"3x32x688",,,4,3,16,688,3,32,4,1,8
"dot/dot_int8_int8_int32_symmetric_b_3x16x4_1x8x4_avx2/64/4/real_time",5640271,24.8702,24.818,ns,,,"3x64x4",,,4,3,16,4,3,64,4,1,8
"dot/dot_int8_int8_int32_symmetric_b_3x16x4_1x8x4_avx2/64/88/real_time",562753,248.728,248.235,ns,,,"3x64x88",,,4,3,16,88,3,64,4,1,8
"dot/dot_int8_int8_int32_symmetric_b_3x16x4_1x8x4_avx2/64/176/real_time",284274,492.615,491.626,ns,,,"3x64x176",,,4,3,16,176,3,64,4,1,8
"dot/dot_int8_int8_int32_symmetric_b_3x16x4_1x8x4_avx2/64/264/real_time",188442,741.742,740.315,ns,,,"3x64x264",,,4,3,16,264,3,64,4,1,8
"dot/dot_int8_int8_int32_symmetric_b_3x16x4_1x8x4_avx2/64/352/real_time",140850,993.858,991.928,ns,,,"3x64x352",,,4,3,16,352,3,64,4,1,8
"dot/dot_int8_int8_int32_symmetric_b_3x16x4_1x8x4_avx2/128/4/real_time",3251917,43.7696,43.6705,ns,,,"3x128x4",,,4,3,16,4,3,128,4,1,8
"dot/dot_int8_int8_int32_symmetric_b_3x16x4_1x8x4_avx2/128/40/real_time",539959,226.907,226.468,ns,,,"3x128x40",,,4,3,16,40,3,128,4,1,8
"dot/dot_int8_int8_int32_symmetric_b_3x16x4_1x8x4_avx2/128/84/real_time",297503,470.547,469.622,ns,,,"3x128x84",,,4,3,16,84,3,128,4,1,8
"dot/dot_int8_int8_int32_symmetric_b_3x16x4_1x8x4_avx2/128/128/real_time",194645,719.516,718.092,ns,,,"3x128x128",,,4,3,16,128,3,128,4,1,8
"dot/dot_int8_int8_int32_symmetric_b_3x16x4_1x8x4_avx2/128/172/real_time",145076,964.962,963.102,ns,,,"3x128x172",,,4,3,16,172,3,128,4,1,8
"dot/dot_int8_int8_int32_symmetric_b_4x16x4_1x8x4_avx2/16/4/real_time",11000783,12.7048,12.6811,ns,,,"4x16x4",,,4,4,16,4,4,16,4,1,8
"dot/dot_int8_int8_int32_symmetric_b_4x16x4_1x8x4_avx2/16/304/real_time",489191,286.123,285.56,ns,,,"4x16x304",,,4,4,16,304,4,16,4,1,8
"dot/dot_int8_int8_int32_symmetric_b_4x16x4_1x8x4_avx2/16/608/real_time",245810,570.914,569.772,ns,,,"4x16x608",,,4,4,16,608,4,16,4,1,8
"dot/dot_int8_int8_int32_symmetric_b_4x16x4_1x8x4_avx2/16/912/real_time",164192,852.704,851.007,ns,,,"4x16x912",,,4,4,16,912,4,16,4,1,8
"dot/dot_int8_int8_int32_symmetric_b_4x16x4_1x8x4_avx2/16/1216/real_time",123494,1133.2,1131,ns,,,"4x16x1216",,,4,4,16,1216,4,16,4,1,8
"dot/dot_int8_int8_int32_symmetric_b_4x16x4_1x8x4_avx2/32/4/real_time",7668945,18.2711,18.2369,ns,,,"4x32x4",,,4,4,16,4,4,32,4,1,8
"dot/dot_int8_int8_int32_symmetric_b_4x16x4_1x8x4_avx2/32/164/real_time",453960,308.38,307.759,ns,,,"4x32x164",,,4,4,16,164,4,32,4,1,8
"dot/dot_int8_int8_int32_symmetric_b_4x16x4_1x8x4_avx2/32/332/real_time",226268,618.66,617.438,ns,,,"4x32x332",,,4,4,16,332,4,32,4,1,8
"dot/dot_int8_int8_int32_symmetric_b_4x16x4_1x8x4_avx2/32/500/real_time",147841,929.247,927.41,ns,,,"4x32x500",,,4,4,16,500,4,32,4,1,8
"dot/dot_int8_int8_int32_symmetric_b_4x16x4_1x8x4_avx2/32/668/real_time",112554,1244.09,1241.65,ns,,,"4x32x668",,,4,4,16,668,4,32,4,1,8
"dot/dot_int8_int8_int32_symmetric_b_4x16x4_1x8x4_avx2/64/4/real_time",4742669,29.5113,29.4546,ns,,,"4x64x4",,,4,4,16,4,4,64,4,1,8
"dot/dot_int8_int8_int32_symmetric_b_4x16x4_1x8x4_avx2/64/84/real_time",442818,320.604,319.952,ns,,,"4x64x84",,,4,4,16,84,4,64,4,1,8
"dot/dot_int8_int8_int32_symmetric_b_4x16x4_1x8x4_avx2/64/172/real_time",218373,641.113,639.819,ns,,,"4x64x172",,,4,4,16,172,4,64,4,1,8
"dot/dot_int8_int8_int32_symmetric_b_4x16x4_1x8x4_avx2/64/256/real_time",147140,956.097,954.287,ns,,,"4x64x256",,,4,4,16,256,4,64,4,1,8
"dot/dot_int8_int8_int32_symmetric_b_4x16x4_1x8x4_avx2/64/344/real_time",98961,1282.18,1279.83,ns,,,"4x64x344",,,4,4,16,344,4,64,4,1,8
"dot/dot_int8_int8_int32_symmetric_b_4x16x4_1x8x4_avx2/128/4/real_time",2679476,52.4145,52.3108,ns,,,"4x128x4",,,4,4,16,4,4,128,4,1,8
"dot/dot_int8_int8_int32_symmetric_b_4x16x4_1x8x4_avx2/128/40/real_time",463475,301.977,301.425,ns,,,"4x128x40",,,4,4,16,40,4,128,4,1,8
"dot/dot_int8_int8_int32_symmetric_b_4x16x4_1x8x4_avx2/128/84/real_time",223189,627.304,626.043,ns,,,"4x128x84",,,4,4,16,84,4,128,4,1,8
"dot/dot_int8_int8_int32_symmetric_b_4x16x4_1x8x4_avx2/128/124/real_time",150560,929.636,927.482,ns,,,"4x128x124",,,4,4,16,124,4,128,4,1,8
"dot/dot_int8_int8_int32_symmetric_b_4x16x4_1x8x4_avx2/128/168/real_time",111566,1255.41,1252.79,ns,,,"4x128x168",,,4,4,16,168,4,128,4,1,8
"dot/dot_int8_int8_int32_1x32x4_1x8x4_avx2/32/4/real_time",14299415,9.82096,9.80249,ns,,,"1x32x4",,,4,1,32,4,1,32,4,1,8
"dot/dot_int8_int8_int32_1x32x4_1x8x4_avx2/32/184/real_time",1115194,125.368,125.127,ns,,,"1x32x184",,,4,1,32,184,1,32,4,1,8
"dot/dot_int8_int8_int32_1x32x4_1x8x4_avx2/32/368/real_time",569708,245.54,245.067,ns,,,"1x32x368",,,4,1,32,368,1,32,4,1,8
"dot/dot_int8_int8_int32_1x32x4_1x8x4_avx2/32/552/real_time",383335,365.05,364.313,ns,,,"1x32x552",,,4,1,32,552,1,32,4,1,8
"dot/dot_int8_int8_int32_1x32x4_1x8x4_avx2/32/740/real_time",286768,487.42,486.474,ns,,,"1x32x740",,,4,1,32,740,1,32,4,1,8
"dot/dot_int8_int8_int32_1x32x4_1x8x4_avx2/64/4/real_time",9486331,14.75,14.7224,ns,,,"1x64x4",,,4,1,32,4,1,64,4,1,8
"dot/dot_int8_int8_int32_1x32x4_1x8x4_avx2/64/92/real_time",1101845,127.155,126.917,ns,,,"1x64x92",,,4,1,32,92,1,64,4,1,8
"dot/dot_int8_int8_int32_1x32x4_1x8x4_avx2/64/184/real_time",567180,247.078,246.585,ns,,,"1x64x184",,,4,1,32,184,1,64,4,1,8
"dot/dot_int8_int8_int32_1x32x4_1x8x4_avx2/64/276/real_time",382179,366.194,365.453,ns,,,"1x64x276",,,4,1,32,276,1,64,4,1,8
"dot/dot_int8_int8_int32_1x32x4_1x8x4_avx2/64/372/real_time",285446,498.576,497.59,ns,,,"1x64x372",,,4,1,32,372,1,64,4,1,8
"dot/dot_int8_int8_int32_1x32x4_1x8x4_avx2/128/4/real_time",6095544,23.0126,22.9665,ns,,,"1x128x4",,,4,1,32,4,1,128,4,1,8
"dot/dot_int8_int8_int32_1x32x4_1x8x4_avx2/128/44/real_time",1116055,125.199,124.939,ns,,,"1x128x44",,,4,1,32,44,1,128,4,1,8
"dot/dot_int8_int8_int32_1x32x4_1x8x4_avx2/128/92/real_time",560799,249.958,249.512,ns,,,"1x128x92",,,4,1,32,92,1,128,4,1,8
"dot/dot_int8_int8_int32_1x32x4_1x8x4_avx2/128/136/real_time",384108,364.342,363.626,ns,,,"1x128x136",,,4,1,32,136,1,128,4,1,8
"dot/dot_int8_int8_int32_1x32x4_1x8x4_avx2/128/184/real_time",286291,488.923,487.994,ns,,,"1x128x184",,,4,1,32,184,1,128,4,1,8
"dot/dot_int8_int8_int32_1x32x4_1x8x4_avx2/256/4/real_time",3416034,40.9686,40.8878,ns,,,"1x256x4",,,4,1,32,4,1,256,4,1,8
"dot/dot_int8_int8_int32_1x32x4_1x8x4_avx2/256/20/real_time",1142779,122.63,122.393,ns,,,"1x256x20",,,4,1,32,20,1,256,4,1,8
"dot/dot_int8_int8_int32_1x32x4_1x8x4_avx2/256/44/real_time",567823,246.218,245.722,ns,,,"1x256x44",,,4,1,32,44,1,256,4,1,8
"dot/dot_int8_int8_int32_1x32x4_1x8x4_avx2/256/64/real_time",398688,349.982,349.318,ns,,,"1x256x64",,,4,1,32,64,1,256,4,1,8
"dot/dot_int8_int8_int32_1x32x4_1x8x4_avx2/256/88/real_time",295397,476.176,475.259,ns,,,"1x256x88",,,4,1,32,88,1,256,4,1,8
"dot/dot_int8_int8_int32_1x16x4_1x8x4_avx2/16/4/real_time",16914574,8.27453,8.25807,ns,,,"1x16x4",,,4,1,16,4,1,16,4,1,8
"dot/dot_int8_int8_int32_1x16x4_1x8x4_avx2/16/360/real_time",1089040,129.761,129.506,ns,,,"1x16x360",,,4,1,16,360,1,16,4,1,8
"dot/dot_int8_int8_int32_1x16x4_1x8x4_avx2/16/720/real_time",557323,255.784,255.298,ns,,,"1x16x720",,,4,1,16,720,1,16,4,1,8
"dot/dot_int8_int8_int32_1x16x4_1x8x4_avx2/16/1080/real_time",371471,377.15,376.371,ns,,,"1x16x1080",,,4,1,16,1080,1,16,4,1,8
"dot/dot_int8_int8_int32_1x16x4_1x8x4_avx2/16/1440/real_time",280223,500.177,499.133,ns,,,"1x16x1440",,,4,1,16,1440,1,16,4,1,8
"dot/dot_int8_int8_int32_1x16x4_1x8x4_avx2/32/4/real_time",12269802,11.5613,11.5364,ns,,,"1x32x4",,,4,1,16,4,1,32,4,1,8
"dot/dot_int8_int8_int32_1x16x4_1x8x4_avx2/32/184/real_time",1063872,131.637,131.397,ns,,,"1x32x184",,,4,1,16,184,1,32,4,1,8
"dot/dot_int8_int8_int32_1x16x4_1x8x4_avx2/32/368/real_time",544335,257.18,256.704,ns,,,"1x32x368",,,4,1,16,368,1,32,4,1,8
"dot/dot_int8_int8_int32_1x16x4_1x8x4_avx2/32/552/real_time",366006,382.718,381.972,ns,,,"1x32x552",,,4,1,16,552,1,32,4,1,8
"dot/dot_int8_int8_int32_1x16x4_1x8x4_avx2/32/740/real_time",272211,513.721,512.735,ns,,,"1x32x740",,,4,1,16,740,1,32,4,1,8
"dot/dot_int8_int8_int32_1x16x4_1x8x4_avx2/64/4/real_time",7764739,18.0799,18.0459,ns,,,"1x64x4",,,4,1,16,4,1,64,4,1,8
"dot/dot_int8_int8_int32_1x16x4_1x8x4_avx2/64/92/real_time",1048275,133.651,133.38,ns,,,"1x64x92",,,4,1,16,92,1,64,4,1,8
"dot/dot_int8_int8_int32_1x16x4_1x8x4_avx2/64/184/real_time",540564,263.09,262.581,ns,,,"1x64x184",,,4,1,16,184,1,64,4,1,8
"dot/dot_int8_int8_int32_1x16x4_1x8x4_avx2/64/276/real_time",359203,388.477,387.709,ns,,,"1x64x276",,,4,1,16,276,1,64,4,1,8
"dot/dot_int8_int8_int32_1x16x4_1x8x4_avx2/64/372/real_time",268765,520.13,519.158,ns,,,"1x64x372",,,4,1,16,372,1,64,4,1,8
"dot/dot_int8_int8_int32_1x16x4_1x8x4_avx2/128/4/real_time",4482341,31.2063,31.1445,ns,,,"1x128x4",,,4,1,16,4,1,128,4,1,8
"dot/dot_int8_int8_int32_1x16x4_1x8x4_avx2/128/44/real_time",1056209,132.533,132.276,ns,,,"1x128x44",,,4,1,16,44,1,128,4,1,8
"dot/dot_int8_int8_int32_1x16x4_1x8x4_avx2/128/92/real_time",533089,263.107,262.546,ns,,,"1x128x92",,,4,1,16,92,1,128,4,1,8
"dot/dot_int8_int8_int32_1x16x4_1x8x4_avx2/128/136/real_time",360500,387.969,387.218,ns,,,"1x128x136",,,4,1,16,136,1,128,4,1,8
"dot/dot_int8_int8_int32_1x16x4_1x8x4_avx2/128/184/real_time",269619,519.054,518.043,ns,,,"1x128x184",,,4,1,16,184,1,128,4,1,8
"dot/dot_int8_int8_int32_2x16x4_1x8x4_avx2/16/4/real_time",12910722,10.8747,10.8532,ns,,,"2x16x4",,,4,2,16,4,2,16,4,1,8
"dot/dot_int8_int8_int32_2x16x4_1x8x4_avx2/16/336/real_time",760742,184.323,183.964,ns,,,"2x16x336",,,4,2,16,336,2,16,4,1,8
"dot/dot_int8_int8_int32_2x16x4_1x8x4_avx2/16/676/real_time",382520,364.742,364.076,ns,,,"2x16x676",,,4,2,16,676,2,16,4,1,8
"dot/dot_int8_int8_int32_2x16x4_1x8x4_avx2/16/1016/real_time",255333,548.385,547.307,ns,,,"2x16x1016",,,4,2,16,1016,2,16,4,1,8
"dot/dot_int8_int8_int32_2x16x4_1x8x4_avx2/16/1356/real_time",192125,728.49,727.047,ns,,,"2x16x1356",,,4,2,16,1356,2,16,4,1,8
"dot/dot_int8_int8_int32_2x16x4_1x8x4_avx2/32/4/real_time",8697422,16.0626,16.0317,ns,,,"2x32x4",,,4,2,16,4,2,32,4,1,8
"dot/dot_int8_int8_int32_2x16x4_1x8x4_avx2/32/176/real_time",720351,194.328,193.916,ns,,,"2x32x176",,,4,2,16,176,2,32,4,1,8
"dot/dot_int8_int8_int32_2x16x4_1x8x4_avx2/32/356/real_time",363530,385.288,384.496,ns,,,"2x32x356",,,4,2,16,356,2,32,4,1,8
"dot/dot_int8_int8_int32_2x16x4_1x8x4_avx2/32/532/real_time",244776,572.063,570.854,ns,,,"2x32x532",,,4,2,16,532,2,32,4,1,8
"dot/dot_int8_int8_int32_2x16x4_1x8x4_avx2/32/712/real_time",182640,766.125,764.679,ns,,,"2x32x712",,,4,2,16,712,2,32,4,1,8
"dot/dot_int8_int8_int32_2x16x4_1x8x4_avx2/64/4/real_time",5402202,24.7212,24.6732,ns,,,"2x64x4",,,4,2,16,4,2,64,4,1,8
"dot/dot_int8_int8_int32_2x16x4_1x8x4_avx2/64/88/real_time",706018,198.212,197.819,ns,,,"2x64x88",,,4,2,16,88,2,64,4,1,8
"dot/dot_int8_int8_int32_2x16x4_1x8x4_avx2/64/180/real_time",355941,393.314,392.54,ns,,,"2x64x180",,,4,2,16,180,2,64,4,1,8
"dot/dot_int8_int8_int32_2x16x4_1x8x4_avx2/64/272/real_time",236114,593.615,592.441,ns,,,"2x64x272",,,4,2,16,272,2,64,4,1,8
"dot/dot_int8_int8_int32_2x16x4_1x8x4_avx2/64/364/real_time",177623,801.554,799.785,ns,,,"2x64x364",,,4,2,16,364,2,64,4,1,8
"dot/dot_int8_int8_int32_2x16x4_1x8x4_avx2/128/4/real_time",3227583,43.3423,43.2643,ns,,,"2x128x4",,,4,2,16,4,2,128,4,1,8
"dot/dot_int8_int8_int32_2x16x4_1x8x4_avx2/128/44/real_time",681089,207.854,207.442,ns,,,"2x128x44",,,4,2,16,44,2,128,4,1,8
"dot/dot_int8_int8_int32_2x16x4_1x8x4_avx2/128/88/real_time",356967,392.536,391.809,ns,,,"2x128x88",,,4,2,16,88,2,128,4,1,8
"dot/dot_int8_int8_int32_2x16x4_1x8x4_avx2/128/132/real_time",239448,584.833,583.664,ns,,,"2x128x132",,,4,2,16,132,2,128,4,1,8
"dot/dot_int8_int8_int32_2x16x4_1x8x4_avx2/128/180/real_time",175021,799.575,798.069,ns,,,"2x128x180",,,4,2,16,180,2,128,4,1,8
"dot/dot_int8_int8_int32_1x8x4_1x8x4_avx2/8/4/real_time",18916507,7.40187,7.38853,ns,,,"1x8x4",,,4,1,8,4,1,8,4,1,8
"dot/dot_int8_int8_int32_1x8x4_1x8x4_avx2/8/680/real_time",989392,141.519,141.242,ns,,,"1x8x680",,,4,1,8,680,1,8,4,1,8
"dot/dot_int8_int8_int32_1x8x4_1x8x4_avx2/8/1360/real_time",500079,278.347,277.823,ns,,,"1x8x1360",,,4,1,8,1360,1,8,4,1,8
"dot/dot_int8_int8_int32_1x8x4_1x8x4_avx2/8/2040/real_time",339238,412.419,411.634,ns,,,"1x8x2040",,,4,1,8,2040,1,8,4,1,8
"dot/dot_int8_int8_int32_1x8x4_1x8x4_avx2/8/2724/real_time",255355,548.221,547.101,ns,,,"1x8x2724",,,4,1,8,2724,1,8,4,1,8
"dot/dot_int8_int8_int32_1x8x4_1x8x4_avx2/16/4/real_time",14327412,9.7805,9.76094,ns,,,"1x16x4",,,4,1,8,4,1,16,4,1,8
"dot/dot_int8_int8_int32_1x8x4_1x8x4_avx2/16/360/real_time",958648,148.402,148.113,ns,,,"1x16x360",,,4,1,8,360,1,16,4,1,8
"dot/dot_int8_int8_int32_1x8x4_1x8x4_avx2/16/720/real_time",433382,296.721,296.12,ns,,,"1x16x720",,,4,1,8,720,1,16,4,1,8
"dot/dot_int8_int8_int32_1x8x4_1x8x4_avx2/16/1080/real_time",313706,447.615,446.74,ns,,,"1x16x1080",,,4,1,8,1080,1,16,4,1,8
"dot/dot_int8_int8_int32_1x8x4_1x8x4_avx2/16/1440/real_time",238016,590.777,589.57,ns,,,"1x16x1440",,,4,1,8,1440,1,16,4,1,8
"dot/dot_int8_int8_int32_1x8x4_1x8x4_avx2/32/4/real_time",9554594,14.6046,14.5758,ns,,,"1x32x4",,,4,1,8,4,1,32,4,1,8
"dot/dot_int8_int8_int32_1x8x4_1x8x4_avx2/32/184/real_time",901305,151.711,151.42,ns,,,"1x32x184",,,4,1,8,184,1,32,4,1,8
"dot/dot_int8_int8_int32_1x8x4_1x8x4_avx2/32/368/real_time",464572,303.017,302.46,ns,,,"1x32x368",,,4,1,8,368,1,32,4,1,8
"dot/dot_int8_int8_int32_1x8x4_1x8x4_avx2/32/552/real_time",313133,461.881,460.954,ns,,,"1x32x552",,,4,1,8,552,1,32,4,1,8
"dot/dot_int8_int8_int32_1x8x4_1x8x4_avx2/32/740/real_time",232862,613.995,612.783,ns,,,"1x32x740",,,4,1,8,740,1,32,4,1,8
"dot/dot_int8_int8_int32_1x8x4_1x8x4_avx2/64/4/real_time",5734176,24.7821,24.7342,ns,,,"1x64x4",,,4,1,8,4,1,64,4,1,8
"dot/dot_int8_int8_int32_1x8x4_1x8x4_avx2/64/92/real_time",877475,159.278,158.965,ns,,,"1x64x92",,,4,1,8,92,1,64,4,1,8
"dot/dot_int8_int8_int32_1x8x4_1x8x4_avx2/64/184/real_time",460336,307.889,307.305,ns,,,"1x64x184",,,4,1,8,184,1,64,4,1,8
"dot/dot_int8_int8_int32_1x8x4_1x8x4_avx2/64/276/real_time",310032,452.842,452.01,ns,,,"1x64x276",,,4,1,8,276,1,64,4,1,8
"dot/dot_int8_int8_int32_1x8x4_1x8x4_avx2/64/372/real_time",230469,604.612,603.399,ns,,,"1x64x372",,,4,1,8,372,1,64,4,1,8
"dot/dot_int8_int8_int32_3x8x4_1x8x4_avx2/8/4/real_time",13575217,10.3424,10.3191,ns,,,"3x8x4",,,4,3,8,4,3,8,4,1,8
"dot/dot_int8_int8_int32_3x8x4_1x8x4_avx2/8/556/real_time",570555,245.683,245.176,ns,,,"3x8x556",,,4,3,8,556,3,8,4,1,8
"dot/dot_int8_int8_int32_3x8x4_1x8x4_avx2/8/1112/real_time",291227,480.474,479.566,ns,,,"3x8x1112",,,4,3,8,1112,3,8,4,1,8
"dot/dot_int8_int8_int32_3x8x4_1x8x4_avx2/8/1668/real_time",169192,796.52,794.835,ns,,,"3x8x1668",,,4,3,8,1668,3,8,4,1,8
"dot/dot_int8_int8_int32_3x8x4_1x8x4_avx2/8/2224/real_time",147179,950.553,948.815,ns,,,"3x8x2224",,,4,3,8,2224,3,8,4,1,8
"dot/dot_int8_int8_int32_3x8x4_1x8x4_avx2/16/4/real_time",9568697,14.5554,14.5265,ns,,,"3x16x4",,,4,3,8,4,3,16,4,1,8
"dot/dot_int8_int8_int32_3x8x4_1x8x4_avx2/16/320/real_time",503394,281.441,280.883,ns,,,"3x16x320",,,4,3,8,320,3,16,4,1,8
"dot/dot_int8_int8_int32_3x8x4_1x8x4_avx2/16/640/real_time",251121,555.841,554.78,ns,,,"3x16x640",,,4,3,8,640,3,16,4,1,8
"dot/dot_int8_int8_int32_3x8x4_1x8x4_avx2/16/960/real_time",167924,833.982,832.407,ns,,,"3x16x960",,,4,3,8,960,3,16,4,1,8
"dot/dot_int8_int8_int32_3x8x4_1x8x4_avx2/16/1280/real_time",126844,1104.76,1102.73,ns,,,"3x16x1280",,,4,3,8,1280,3,16,4,1,8
"dot/dot_int8_int8_int32_3x8x4_1x8x4_avx2/32/4/real_time",5987781,23.3836,23.3372,ns,,,"3x32x4",,,4,3,8,4,3,32,4,1,8
"dot/dot_int8_int8_int32_3x8x4_1x8x4_avx2/32/172/real_time",465841,300.696,300.151,ns,,,"3x32x172",,,4,3,8,172,3,32,4,1,8
"dot/dot_int8_int8_int32_3x8x4_1x8x4_avx2/32/344/real_time",234162,598.037,596.861,ns,,,"3x32x344",,,4,3,8,344,3,32,4,1,8
"dot/dot_int8_int8_int32_3x8x4_1x8x4_avx2/32/516/real_time",156959,891.488,889.679,ns,,,"3x32x516",,,4,3,8,516,3,32,4,1,8
"dot/dot_int8_int8_int32_3x8x4_1x8x4_avx2/32/688/real_time",117902,1192.24,1189.63,ns,,,"3x32x688",,,4,3,8,688,3,32,4,1,8
"dot/dot_int8_int8_int32_3x8x4_1x8x4_avx2/64/4/real_time",3377735,41.1085,41.0203,ns,,,"3x64x4",,,4,3,8,4,3,64,4,1,8
"dot/dot_int8_int8_int32_3x8x4_1x8x4_avx2/64/88/real_time",447311,312.841,312.199,ns,,,"3x64x88",,,4,3,8,88,3,64,4,1,8
"dot/dot_int8_int8_int32_3x8x4_1x8x4_avx2/64/176/real_time",216204,626.871,625.536,ns,,,"3x64x176",,,4,3,8,176,3,64,4,1,8
"dot/dot_int8_int8_int32_3x8x4_1x8x4_avx2/64/264/real_time",153242,914.449,912.506,ns,,,"3x64x264",,,4,3,8,264,3,64,4,1,8
"dot/dot_int8_int8_int32_3x8x4_1x8x4_avx2/64/352/real_time",113892,1229.32,1226.85,ns,,,"3x64x352",,,4,3,8,352,3,64,4,1,8
"dot/dot_int8_int8_int32_4x8x4_1x8x4_avx2/8/4/real_time",11743022,11.8726,11.8483,ns,,,"4x8x4",,,4,4,8,4,4,8,4,1,8
"dot/dot_int8_int8_int32_4x8x4_1x8x4_avx2/8/508/real_time",499684,279.83,279.293,ns,,,"4x8x508",,,4,4,8,508,4,8,4,1,8
"dot/dot_int8_int8_int32_4x8x4_1x8x4_avx2/8/1016/real_time",251248,557.018,555.931,ns,,,"4x8x1016",,,4,4,8,1016,4,8,4,1,8
"dot/dot_int8_int8_int32_4x8x4_1x8x4_avx2/8/1524/real_time",168598,830.142,828.513,ns,,,"4x8x1524",,,4,4,8,1524,4,8,4,1,8
"dot/dot_int8_int8_int32_4x8x4_1x8x4_avx2/8/2036/real_time",126627,1105.5,1103.43,ns,,,"4x8x2036",,,4,4,8,2036,4,8,4,1,8
"dot/dot_int8_int8_int32_4x8x4_1x8x4_avx2/16/4/real_time",7892132,16.7388,16.7018,ns,,,"4x16x4",,,4,4,8,4,4,16,4,1,8
"dot/dot_int8_int8_int32_4x8x4_1x8x4_avx2/16/304/real_time",417095,335.662,335.035,ns,,,"4x16x304",,,4,4,8,304,4,16,4,1,8
"dot/dot_int8_int8_int32_4x8x4_1x8x4_avx2/16/608/real_time",210161,666.527,665.2,ns,,,"4x16x608",,,4,4,8,608,4,16,4,1,8
"dot/dot_int8_int8_int32_4x8x4_1x8x4_avx2/16/912/real_time",139548,1002.47,1000.54,ns,,,"4x16x912",,,4,4,8,912,4,16,4,1,8
"dot/dot_int8_int8_int32_4x8x4_1x8x4_avx2/16/1216/real_time",105194,1329.98,1327.37,ns,,,"4x16x1216",,,4,4,8,1216,4,16,4,1,8
"dot/dot_int8_int8_int32_4x8x4_1x8x4_avx2/32/4/real_time",5176196,27.0219,26.9684,ns,,,"4x32x4",,,4,4,8,4,4,32,4,1,8
"dot/dot_int8_int8_int32_4x8x4_1x8x4_avx2/32/164/real_time",382287,370.58,369.897,ns,,,"4x32x164",,,4,4,8,164,4,32,4,1,8
"dot/dot_int8_int8_int32_4x8x4_1x8x4_avx2/32/332/real_time",190829,732.096,730.731,ns,,,"4x32x332",,,4,4,8,332,4,32,4,1,8
"dot/dot_int8_int8_int32_4x8x4_1x8x4_avx2/32/500/real_time",127706,1096.41,1094.38,ns,,,"4x32x500",,,4,4,8,500,4,32,4,1,8
"dot/dot_int8_int8_int32_4x8x4_1x8x4_avx2/32/668/real_time",95835,1493.11,1490.27,ns,,,"4x32x668",,,4,4,8,668,4,32,4,1,8
"dot/dot_int8_int8_int32_4x8x4_1x8x4_avx2/64/4/real_time",2961079,47.3241,47.235,ns,,,"4x64x4",,,4,4,8,4,4,64,4,1,8
"dot/dot_int8_int8_int32_4x8x4_1x8x4_avx2/64/84/real_time",364725,384.102,383.375,ns,,,"4x64x84",,,4,4,8,84,4,64,4,1,8
"dot/dot_int8_int8_int32_4x8x4_1x8x4_avx2/64/172/real_time",179302,768.977,767.51,ns,,,"4x64x172",,,4,4,8,172,4,64,4,1,8
"dot/dot_int8_int8_int32_4x8x4_1x8x4_avx2/64/256/real_time",123656,1132.31,1130.27,ns,,,"4x64x256",,,4,4,8,256,4,64,4,1,8
"dot/dot_int8_int8_int32_4x8x4_1x8x4_avx2/64/344/real_time",86326,1521.3,1518.15,ns,,,"4x64x344",,,4,4,8,344,4,64,4,1,8
"dot/dot_int8_int8_int32_6x8x4_1x8x4_avx2/8/4/real_time",9647506,14.5356,14.5081,ns,,,"6x8x4",,,4,6,8,4,6,8,4,1,8
"dot/dot_int8_int8_int32_6x8x4_1x8x4_avx2/8/432/real_time",412049,340.065,339.445,ns,,,"6x8x432",,,4,6,8,432,6,8,4,1,8
"dot/dot_int8_int8_int32_6x8x4_1x8x4_avx2/8/868/real_time",206270,679.245,677.933,ns,,,"6x8x868",,,4,6,8,868,6,8,4,1,8
"dot/dot_int8_int8_int32_6x8x4_1x8x4_avx2/8/1304/real_time",138174,1012.72,1010.83,ns,,,"6x8x1304",,,4,6,8,1304,6,8,4,1,8
"dot/dot_int8_int8_int32_6x8x4_1x8x4_avx2/8/1740/real_time",103870,1346.1,1343.69,ns,,,"6x8x1740",,,4,6,8,1740,6,8,4,1,8
"dot/dot_int8_int8_int32_6x8x4_1x8x4_avx2/16/4/real_time",6541172,21.3845,21.345,ns,,,"6x16x4",,,4,6,8,4,6,16,4,1,8
"dot/dot_int8_int8_int32_6x8x4_1x8x4_avx2/16/272/real_time",325789,429.536,428.762,ns,,,"6x16x272",,,4,6,8,272,6,16,4,1,8
"dot/dot_int8_int8_int32_6x8x4_1x8x4_avx2/16/548/real_time",164213,852.475,850.923,ns,,,"6x16x548",,,4,6,8,548,6,16,4,1,8
"dot/dot_int8_int8_int32_6x8x4_1x8x4_avx2/16/820/real_time",109199,1281.96,1279.4,ns,,,"6x16x820",,,4,6,8,820,6,16,4,1,8
"dot/dot_int8_int8_int32_6x8x4_1x8x4_avx2/16/1096/real_time",82003,1705.23,1702.1,ns,,,"6x16x1096",,,4,6,8,1096,6,16,4,1,8
"dot/dot_int8_int8_int32_6x8x4_1x8x4_avx2/32/4/real_time",3974533,35.099,35.0313,ns,,,"6x32x4",,,4,6,8,4,6,32,4,1,8
"dot/dot_int8_int8_int32_6x8x4_1x8x4_avx2/32/156/real_time",280528,505.837,504.91,ns,,,"6x32x156",,,4,6,8,156,6,32,4,1,8
"dot/dot_int8_int8_int32_6x8x4_1x8x4_avx2/32/312/real_time",142586,980.806,978.957,ns,,,"6x32x312",,,4,6,8,312,6,32,4,1,8
"dot/dot_int8_int8_int32_6x8x4_1x8x4_avx2/32/468/real_time",95737,1462.01,1459.14,ns,,,"6x32x468",,,4,6,8,468,6,32,4,1,8
"dot/dot_int8_int8_int32_6x8x4_1x8x4_avx2/32/624/real_time",71923,1946.88,1942.14,ns,,,"6x32x624",,,4,6,8,624,6,32,4,1,8
"dot/dot_int8_int8_int32_6x8x4_1x8x4_avx2/64/4/real_time",2215776,63.1699,63.0465,ns,,,"6x64x4",,,4,6,8,4,6,64,4,1,8
"dot/dot_int8_int8_int32_6x8x4_1x8x4_avx2/64/80/real_time",265234,528.018,527.059,ns,,,"6x64x80",,,4,6,8,80,6,64,4,1,8
"dot/dot_int8_int8_int32_6x8x4_1x8x4_avx2/64/164/real_time",133212,1049.8,1047.93,ns,,,"6x64x164",,,4,6,8,164,6,64,4,1,8
"dot/dot_int8_int8_int32_6x8x4_1x8x4_avx2/64/244/real_time",90895,1539.77,1536.51,ns,,,"6x64x244",,,4,6,8,244,6,64,4,1,8
"dot/dot_int8_int8_int32_6x8x4_1x8x4_avx2/64/328/real_time",68118,2054.8,2050.85,ns,,,"6x64x328",,,4,6,8,328,6,64,4,1,8
"dot/dot_int8_int8_int32_1x32x2_1x8x1_avx2/32/2/real_time",15589812,9.02929,9.01221,ns,,,"1x32x2",,,2,1,32,2,1,32,1,1,8
"dot/dot_int8_int8_int32_1x32x2_1x8x1_avx2/32/184/real_time",536229,265.789,265.256,ns,,,"1x32x184",,,2,1,32,184,1,32,1,1,8
"dot/dot_int8_int8_int32_1x32x2_1x8x1_avx2/32/370/real_time",268972,529.578,528.541,ns,,,"1x32x370",,,2,1,32,370,1,32,1,1,8
"dot/dot_int8_int8_int32_1x32x2_1x8x1_avx2/32/554/real_time",179332,780.428,778.939,ns,,,"1x32x554",,,2,1,32,554,1,32,1,1,8
"dot/dot_int8_int8_int32_1x32x2_1x8x1_avx2/32/740/real_time",134671,1037.68,1035.67,ns,,,"1x32x740",,,2,1,32,740,1,32,1,1,8
"dot/dot_int8_int8_int32_1x32x2_1x8x1_avx2/64/2/real_time",10852728,13.0462,13.0199,ns,,,"1x64x2",,,2,1,32,2,1,64,1,1,8
"dot/dot_int8_int8_int32_1x32x2_1x8x1_avx2/64/92/real_time",536138,261.409,260.877,ns,,,"1x64x92",,,2,1,32,92,1,64,1,1,8
"dot/dot_int8_int8_int32_1x32x2_1x8x1_avx2/64/186/real_time",267303,522.833,521.864,ns,,,"1x64x186",,,2,1,32,186,1,64,1,1,8
"dot/dot_int8_int8_int32_1x32x2_1x8x1_avx2/64/280/real_time",176639,785.199,783.745,ns,,,"1x64x280",,,2,1,32,280,1,64,1,1,8
"dot/dot_int8_int8_int32_1x32x2_1x8x1_avx2/64/374/real_time",132904,1048.99,1047.05,ns,,,"1x64x374",,,2,1,32,374,1,64,1,1,8
"dot/dot_int8_int8_int32_1x32x2_1x8x1_avx2/128/2/real_time",6788333,20.623,20.5847,ns,,,"1x128x2",,,2,1,32,2,1,128,1,1,8
"dot/dot_int8_int8_int32_1x32x2_1x8x1_avx2/128/46/real_time",535632,261.404,260.89,ns,,,"1x128x46",,,2,1,32,46,1,128,1,1,8
"dot/dot_int8_int8_int32_1x32x2_1x8x1_avx2/128/92/real_time",270936,517.445,516.515,ns,,,"1x128x92",,,2,1,32,92,1,128,1,1,8
"dot/dot_int8_int8_int32_1x32x2_1x8x1_avx2/128/138/real_time",179938,776.532,774.832,ns,,,"1x128x138",,,2,1,32,138,1,128,1,1,8
"dot/dot_int8_int8_int32_1x32x2_1x8x1_avx2/128/186/real_time",134055,1044.97,1042.95,ns,,,"1x128x186",,,2,1,32,186,1,128,1,1,8
"dot/dot_int8_int8_int32_1x32x2_1x8x1_avx2/256/2/real_time",3725496,37.319,37.2514,ns,,,"1x256x2",,,2,1,32,2,1,256,1,1,8
"dot/dot_int8_int8_int32_1x32x2_1x8x1_avx2/256/22/real_time",559341,250.858,250.396,ns,,,"1x256x22",,,2,1,32,22,1,256,1,1,8
"dot/dot_int8_int8_int32_1x32x2_1x8x1_avx2/256/44/real_time",267344,524.831,523.853,ns,,,"1x256x44",,,2,1,32,44,1,256,1,1,8
"dot/dot_int8_int8_int32_1x32x2_1x8x1_avx2/256/66/real_time",188175,744.944,743.469,ns,,,"1x256x66",,,2,1,32,66,1,256,1,1,8
"dot/dot_int8_int8_int32_1x32x2_1x8x1_avx2/256/90/real_time",137546,1018.04,1015.95,ns,,,"1x256x90",,,2,1,32,90,1,256,1,1,8
"dot/dot_int8_int8_int32_2x32x2_1x8x1_avx2/32/2/real_time",12205930,11.4582,11.4354,ns,,,"2x32x2",,,2,2,32,2,2,32,1,1,8
"dot/dot_int8_int8_int32_2x32x2_1x8x1_avx2/32/178/real_time",412427,339.55,338.9,ns,,,"2x32x178",,,2,2,32,178,2,32,1,1,8
"dot/dot_int8_int8_int32_2x32x2_1x8x1_avx2/32/356/real_time",207727,674.065,672.722,ns,,,"2x32x356",,,2,2,32,356,2,32,1,1,8
"dot/dot_int8_int8_int32_2x32x2_1x8x1_avx2/32/534/real_time",138099,1030.13,1028.13,ns,,,"2x32x534",,,2,2,32,534,2,32,1,1,8
"dot/dot_int8_int8_int32_2x32x2_1x8x1_avx2/32/714/real_time",103468,1352.21,1349.72,ns,,,"2x32x714",,,2,2,32,714,2,32,1,1,8
"dot/dot_int8_int8_int32_2x32x2_1x8x1_avx2/64/2/real_time",8179658,17.06,17.0259,ns,,,"2x64x2",,,2,2,32,2,2,64,1,1,8
"dot/dot_int8_int8_int32_2x32x2_1x8x1_avx2/64/90/real_time",407665,343.435,342.722,ns,,,"2x64x90",,,2,2,32,90,2,64,1,1,8
"dot/dot_int8_int8_int32_2x32x2_1x8x1_avx2/64/182/real_time",203167,689.41,687.781,ns,,,"2x64x182",,,2,2,32,182,2,64,1,1,8
"dot/dot_int8_int8_int32_2x32x2_1x8x1_avx2/64/272/real_time",136235,1027.3,1025.34,ns,,,"2x64x272",,,2,2,32,272,2,64,1,1,8
"dot/dot_int8_int8_int32_2x32x2_1x8x1_avx2/64/364/real_time",101927,1375.2,1372.55,ns,,,"2x64x364",,,2,2,32,364,2,64,1,1,8
"dot/dot_int8_int8_int32_2x32x2_1x8x1_avx2/128/2/real_time",4957173,28.2081,28.1525,ns,,,"2x128x2",,,2,2,32,2,2,128,1,1,8
"dot/dot_int8_int8_int32_2x32x2_1x8x1_avx2/128/44/real_time",416614,347.984,347.267,ns,,,"2x128x44",,,2,2,32,44,2,128,1,1,8
"dot/dot_int8_int8_int32_2x32x2_1x8x1_avx2/128/90/real_time",205349,681.596,680.413,ns,,,"2x128x90",,,2,2,32,90,2,128,1,1,8
"dot/dot_int8_int8_int32_2x32x2_1x8x1_avx2/128/134/real_time",136646,1022.84,1020.8,ns,,,"2x128x134",,,2,2,32,134,2,128,1,1,8
"dot/dot_int8_int8_int32_2x32x2_1x8x1_avx2/128/180/real_time",102693,1363.05,1360.27,ns,,,"2x128x180",,,2,2,32,180,2,128,1,1,8
"dot/dot_int8_int8_int32_2x32x2_1x8x1_avx2/256/2/real_time",2724982,51.3613,51.265,ns,,,"2x256x2",,,2,2,32,2,2,256,1,1,8
"dot/dot_int8_int8_int32_2x32x2_1x8x1_avx2/256/20/real_time",456864,306.48,305.833,ns,,,"2x256x20",,,2,2,32,20,2,256,1,1,8
"dot/dot_int8_int8_int32_2x32x2_1x8x1_avx2/256/42/real_time",211462,641.578,640.379,ns,,,"2x256x42",,,2,2,32,42,2,256,1,1,8
"dot/dot_int8_int8_int32_2x32x2_1x8x1_avx2/256/64/real_time",143739,974.073,972.219,ns,,,"2x256x64",,,2,2,32,64,2,256,1,1,8
"dot/dot_int8_int8_int32_2x32x2_1x8x1_avx2/256/86/real_time",107299,1304.67,1302.11,ns,,,"2x256x86",,,2,2,32,86,2,256,1,1,8
"dot/dot_int8_int8_int32_1x16x2_1x8x1_avx2/16/2/real_time",17093859,8.19687,8.18127,ns,,,"1x16x2",,,2,1,16,2,1,16,1,1,8
"dot/dot_int8_int8_int32_1x16x2_1x8x1_avx2/16/360/real_time",482922,289.972,289.42,ns,,,"1x16x360",,,2,1,16,360,1,16,1,1,8
"dot/dot_int8_int8_int32_1x16x2_1x8x1_avx2/16/720/real_time",240616,581.86,580.774,ns,,,"1x16x720",,,2,1,16,720,1,16,1,1,8
"dot/dot_int8_int8_int32_1x16x2_1x8x1_avx2/16/1080/real_time",161238,868.403,866.68,ns,,,"1x16x1080",,,2,1,16,1080,1,16,1,1,8
"dot/dot_int8_int8_int32_1x16x2_1x8x1_avx2/16/1440/real_time",121212,1167.51,1165.23,ns,,,"1x16x1440",,,2,1,16,1440,1,16,1,1,8
"dot/dot_int8_int8_int32_1x16x2_1x8x1_avx2/32/2/real_time",11946572,11.4122,11.3894,ns,,,"1x32x2",,,2,1,16,2,1,32,1,1,8
"dot/dot_int8_int8_int32_1x16x2_1x8x1_avx2/32/184/real_time",472526,300.591,300.02,ns,,,"1x32x184",,,2,1,16,184,1,32,1,1,8
"dot/dot_int8_int8_int32_1x16x2_1x8x1_avx2/32/370/real_time",236247,593.472,591.734,ns,,,"1x32x370",,,2,1,16,370,1,32,1,1,8
"dot/dot_int8_int8_int32_1x16x2_1x8x1_avx2/32/554/real_time",155634,899.819,898.151,ns,,,"1x32x554",,,2,1,16,554,1,32,1,1,8
"dot/dot_int8_int8_int32_1x16x2_1x8x1_avx2/32/740/real_time",117087,1195.58,1193.32,ns,,,"1x32x740",,,2,1,16,740,1,32,1,1,8
"dot/dot_int8_int8_int32_1x16x2_1x8x1_avx2/64/2/real_time",7896963,17.9025,17.8668,ns,,,"1x64x2",,,2,1,16,2,1,64,1,1,8
"dot/dot_int8_int8_int32_1x16x2_1x8x1_avx2/64/92/real_time",472313,297.132,296.568,ns,,,"1x64x92",,,2,1,16,92,1,64,1,1,8
"dot/dot_int8_int8_int32_1x16x2_1x8x1_avx2/64/186/real_time",232618,601.762,600.652,ns,,,"1x64x186",,,2,1,16,186,1,64,1,1,8
"dot/dot_int8_int8_int32_1x16x2_1x8x1_avx2/64/280/real_time",155104,904.197,902.397,ns,,,"1x64x280",,,2,1,16,280,1,64,1,1,8
"dot/dot_int8_int8_int32_1x16x2_1x8x1_avx2/64/374/real_time",116715,1200.03,1197.77,ns,,,"1x64x374",,,2,1,16,374,1,64,1,1,8
"dot/dot_int8_int8_int32_1x16x2_1x8x1_avx2/128/2/real_time",4614337,30.3122,30.257,ns,,,"1x128x2",,,2,1,16,2,1,128,1,1,8
"dot/dot_int8_int8_int32_1x16x2_1x8x1_avx2/128/46/real_time",466326,300.723,300.156,ns,,,"1x128x46",,,2,1,16,46,1,128,1,1,8
"dot/dot_int8_int8_int32_1x16x2_1x8x1_avx2/128/92/real_time",234879,595.906,594.74,ns,,,"1x128x92",,,2,1,16,92,1,128,1,1,8
"dot/dot_int8_int8_int32_1x16x2_1x8x1_avx2/128/138/real_time",157594,888.312,886.676,ns,,,"1x128x138",,,2,1,16,138,1,128,1,1,8
"dot/dot_int8_int8_int32_1x16x2_1x8x1_avx2/128/186/real_time",117254,1194.15,1191.83,ns,,,"1x128x186",,,2,1,16,186,1,128,1,1,8
"dot/dot_int8_int8_int32_3x16x2_1x8x1_avx2/16/2/real_time",12307494,11.4064,11.3857,ns,,,"3x16x2",,,2,3,16,2,3,16,1,1,8
"dot/dot_int8_int8_int32_3x16x2_1x8x1_avx2/16/320/real_time",303138,458,457.104,ns,,,"3x16x320",,,2,3,16,320,3,16,1,1,8
"dot/dot_int8_int8_int32_3x16x2_1x8x1_avx2/16/640/real_time",153137,914.221,912.561,ns,,,"3x16x640",,,2,3,16,640,3,16,1,1,8
"dot/dot_int8_int8_int32_3x16x2_1x8x1_avx2/16/960/real_time",102529,1390.39,1387.94,ns,,,"3x16x960",,,2,3,16,960,3,16,1,1,8
"dot/dot_int8_int8_int32_3x16x2_1x8x1_avx2/16/1282/real_time",76919,1820.46,1817.16,ns,,,"3x16x1282",,,2,3,16,1282,3,16,1,1,8
"dot/dot_int8_int8_int32_3x16x2_1x8x1_avx2/32/2/real_time",8549218,16.4115,16.3788,ns,,,"3x32x2",,,2,3,16,2,3,32,1,1,8
"dot/dot_int8_int8_int32_3x16x2_1x8x1_avx2/32/172/real_time",285149,507.354,506.413,ns,,,"3x32x172",,,2,3,16,172,3,32,1,1,8
"dot/dot_int8_int8_int32_3x16x2_1x8x1_avx2/32/344/real_time",142530,979.696,977.795,ns,,,"3x32x344",,,2,3,16,344,3,32,1,1,8
"dot/dot_int8_int8_int32_3x16x2_1x8x1_avx2/32/516/real_time",94799,1477.37,1474.56,ns,,,"3x32x516",,,2,3,16,516,3,32,1,1,8
"dot/dot_int8_int8_int32_3x16x2_1x8x1_avx2/32/690/real_time",71142,1968.31,1964.44,ns,,,"3x32x690",,,2,3,16,690,3,32,1,1,8
"dot/dot_int8_int8_int32_3x16x2_1x8x1_avx2/64/2/real_time",5249001,26.5537,26.5014,ns,,,"3x64x2",,,2,3,16,2,3,64,1,1,8
"dot/dot_int8_int8_int32_3x16x2_1x8x1_avx2/64/88/real_time",278478,502.67,501.71,ns,,,"3x64x88",,,2,3,16,88,3,64,1,1,8
"dot/dot_int8_int8_int32_3x16x2_1x8x1_avx2/64/176/real_time",139187,1004.74,1002.82,ns,,,"3x64x176",,,2,3,16,176,3,64,1,1,8
"dot/dot_int8_int8_int32_3x16x2_1x8x1_avx2/64/264/real_time",93156,1503.26,1500.19,ns,,,"3x64x264",,,2,3,16,264,3,64,1,1,8
"dot/dot_int8_int8_int32_3x16x2_1x8x1_avx2/64/354/real_time",69595,2020.64,2016.5,ns,,,"3x64x354",,,2,3,16,354,3,64,1,1,8
"dot/dot_int8_int8_int32_3x16x2_1x8x1_avx2/128/2/real_time",3004882,46.6199,46.5304,ns,,,"3x128x2",,,2,3,16,2,3,128,1,1,8
"dot/dot_int8_int8_int32_3x16x2_1x8x1_avx2/128/42/real_time",291259,480.629,479.688,ns,,,"3x128x42",,,2,3,16,42,3,128,1,1,8
"dot/dot_int8_int8_int32_3x16x2_1x8x1_avx2/128/86/real_time",142256,984.108,982.325,ns,,,"3x128x86",,,2,3,16,86,3,128,1,1,8
"dot/dot_int8_int8_int32_3x16x2_1x8x1_avx2/128/130/real_time",94500,1481.26,1478.44,ns,,,"3x128x130",,,2,3,16,130,3,128,1,1,8
"dot/dot_int8_int8_int32_3x16x2_1x8x1_avx2/128/174/real_time",70778,1977.87,1974.4,ns,,,"3x128x174",,,2,3,16,174,3,128,1,1,8
"dot/dot_int8_int8_int32_4x16x2_1x8x1_avx2/16/2/real_time",10580772,13.2279,13.2026,ns,,,"4x16x2",,,2,4,16,2,4,16,1,1,8
"dot/dot_int8_int8_int32_4x16x2_1x8x1_avx2/16/304/real_time",266461,526.352,525.405,ns,,,"4x16x304",,,2,4,16,304,4,16,1,1,8
"dot/dot_int8_int8_int32_4x16x2_1x8x1_avx2/16/608/real_time",134216,1043.46,1041.54,ns,,,"4x16x608",,,2,4,16,608,4,16,1,1,8
"dot/dot_int8_int8_int32_4x16x2_1x8x1_avx2/16/912/real_time",89786,1559.07,1556.05,ns,,,"4x16x912",,,2,4,16,912,4,16,1,1,8
"dot/dot_int8_int8_int32_4x16x2_1x8x1_avx2/16/1216/real_time",67477,2076.06,2071.84,ns,,,"4x16x1216",,,2,4,16,1216,4,16,1,1,8
"dot/dot_int8_int8_int32_4x16x2_1x8x1_avx2/32/2/real_time",7244354,19.3857,19.3474,ns,,,"4x32x2",,,2,4,16,2,4,32,1,1,8
"dot/dot_int8_int8_int32_4x16x2_1x8x1_avx2/32/166/real_time",245297,570.877,569.747,ns,,,"4x32x166",,,2,4,16,166,4,32,1,1,8
"dot/dot_int8_int8_int32_4x16x2_1x8x1_avx2/32/334/real_time",122258,1146.6,1144.3,ns,,,"4x32x334",,,2,4,16,334,4,32,1,1,8
"dot/dot_int8_int8_int32_4x16x2_1x8x1_avx2/32/500/real_time",81380,1720.44,1717.15,ns,,,"4x32x500",,,2,4,16,500,4,32,1,1,8
"dot/dot_int8_int8_int32_4x16x2_1x8x1_avx2/32/668/real_time",61132,2324.22,2319.81,ns,,,"4x32x668",,,2,4,16,668,4,32,1,1,8
"dot/dot_int8_int8_int32_4x16x2_1x8x1_avx2/64/2/real_time",4400909,31.7989,31.7399,ns,,,"4x64x2",,,2,4,16,2,4,64,1,1,8
"dot/dot_int8_int8_int32_4x16x2_1x8x1_avx2/64/86/real_time",236556,591.948,590.753,ns,,,"4x64x86",,,2,4,16,86,4,64,1,1,8
"dot/dot_int8_int8_int32_4x16x2_1x8x1_avx2/64/172/real_time",118423,1181.82,1179.58,ns,,,"4x64x172",,,2,4,16,172,4,64,1,1,8
"dot/dot_int8_int8_int32_4x16x2_1x8x1_avx2/64/258/real_time",79239,1779.72,1776.49,ns,,,"4x64x258",,,2,4,16,258,4,64,1,1,8
"dot/dot_int8_int8_int32_4x16x2_1x8x1_avx2/64/346/real_time",58894,2373.42,2368.72,ns,,,"4x64x346",,,2,4,16,346,4,64,1,1,8
"dot/dot_int8_int8_int32_4x16x2_1x8x1_avx2/128/2/real_time",2462379,56.9118,56.8088,ns,,,"4x128x2",,,2,4,16,2,4,128,1,1,8
"dot/dot_int8_int8_int32_4x16x2_1x8x1_avx2/128/42/real_time",235831,579.747,578.658,ns,,,"4x128x42",,,2,4,16,42,4,128,1,1,8
"dot/dot_int8_int8_int32_4x16x2_1x8x1_avx2/128/84/real_time",121027,1157.03,1154.85,ns,,,"4x128x84",,,2,4,16,84,4,128,1,1,8
"dot/dot_int8_int8_int32_4x16x2_1x8x1_avx2/128/126/real_time",81041,1729.08,1725.71,ns,,,"4x128x126",,,2,4,16,126,4,128,1,1,8
"dot/dot_int8_int8_int32_4x16x2_1x8x1_avx2/128/170/real_time",57595,2352.17,2347.8,ns,,,"4x128x170",,,2,4,16,170,4,128,1,1,8
"dot/dot_int8_int8_int32_5x16x2_1x8x1_avx2/16/2/real_time",9419535,14.8121,14.7838,ns,,,"5x16x2",,,2,5,16,2,5,16,1,1,8
"dot/dot_int8_int8_int32_5x16x2_1x8x1_avx2/16/288/real_time",238714,587.346,586.244,ns,,,"5x16x288",,,2,5,16,288,5,16,1,1,8
"dot/dot_int8_int8_int32_5x16x2_1x8x1_avx2/16/576/real_time",120334,1178.16,1176.03,ns,,,"5x16x576",,,2,5,16,576,5,16,1,1,8
"dot/dot_int8_int8_int32_5x16x2_1x8x1_avx2/16/864/real_time",80578,1737.47,1734.26,ns,,,"5x16x864",,,2,5,16,864,5,16,1,1,8
"dot/dot_int8_int8_int32_5x16x2_1x8x1_avx2/16/1154/real_time",60440,2316.57,2312.08,ns,,,"5x16x1154",,,2,5,16,1154,5,16,1,1,8
"dot/dot_int8_int8_int32_5x16x2_1x8x1_avx2/32/2/real_time",6384580,21.9441,21.9023,ns,,,"5x32x2",,,2,5,16,2,5,32,1,1,8
"dot/dot_int8_int8_int32_5x16x2_1x8x1_avx2/32/160/real_time",214721,651.887,650.652,ns,,,"5x32x160",,,2,5,16,160,5,32,1,1,8
"dot/dot_int8_int8_int32_5x16x2_1x8x1_avx2/32/322/real_time",107728,1299.88,1297.49,ns,,,"5x32x322",,,2,5,16,322,5,32,1,1,8
"dot/dot_int8_int8_int32_5x16x2_1x8x1_avx2/32/484/real_time",71499,2062.16,2057.78,ns,,,"5x32x484",,,2,5,16,484,5,32,1,1,8
"dot/dot_int8_int8_int32_5x16x2_1x8x1_avx2/32/646/real_time",46553,2961.85,2955.97,ns,,,"5x32x646",,,2,5,16,646,5,32,1,1,8
"dot/dot_int8_int8_int32_5x16x2_1x8x1_avx2/64/2/real_time",3672471,36.3504,36.2717,ns,,,"5x64x2",,,2,5,16,2,5,64,1,1,8
"dot/dot_int8_int8_int32_5x16x2_1x8x1_avx2/64/84/real_time",205741,680.255,678.856,ns,,,"5x64x84",,,2,5,16,84,5,64,1,1,8
"dot/dot_int8_int8_int32_5x16x2_1x8x1_avx2/64/168/real_time",102981,1379.83,1376.86,ns,,,"5x64x168",,,2,5,16,168,5,64,1,1,8
"dot/dot_int8_int8_int32_5x16x2_1x8x1_avx2/64/252/real_time",69018,2029.44,2025.32,ns,,,"5x64x252",,,2,5,16,252,5,64,1,1,8
"dot/dot_int8_int8_int32_5x16x2_1x8x1_avx2/64/336/real_time",51501,2716.94,2710.47,ns,,,"5x64x336",,,2,5,16,336,5,64,1,1,8
"dot/dot_int8_int8_int32_5x16x2_1x8x1_avx2/128/2/real_time",2151581,66.215,66.0633,ns,,,"5x128x2",,,2,5,16,2,5,128,1,1,8
"dot/dot_int8_int8_int32_5x16x2_1x8x1_avx2/128/40/real_time",200099,650.994,649.654,ns,,,"5x128x40",,,2,5,16,40,5,128,1,1,8
"dot/dot_int8_int8_int32_5x16x2_1x8x1_avx2/128/82/real_time",105268,1330.23,1327.44,ns,,,"5x128x82",,,2,5,16,82,5,128,1,1,8
"dot/dot_int8_int8_int32_5x16x2_1x8x1_avx2/128/122/real_time",71116,1968.31,1964.37,ns,,,"5x128x122",,,2,5,16,122,5,128,1,1,8
"dot/dot_int8_int8_int32_5x16x2_1x8x1_avx2/128/164/real_time",53049,2639.76,2634.07,ns,,,"5x128x164",,,2,5,16,164,5,128,1,1,8
"dot/dot_int8_int8_int32_8x8x2_1x8x1_avx2/8/2/real_time",8007786,17.6158,17.5781,ns,,,"8x8x2",,,2,8,8,2,8,8,1,1,8
"dot/dot_int8_int8_int32_8x8x2_1x8x1_avx2/8/380/real_time",153828,910.022,908.184,ns,,,"8x8x380",,,2,8,8,380,8,8,1,1,8
"dot/dot_int8_int8_int32_8x8x2_1x8x1_avx2/8/760/real_time",77056,1817.18,1813.13,ns,,,"8x8x760",,,2,8,8,760,8,8,1,1,8
"dot/dot_int8_int8_int32_8x8x2_1x8x1_avx2/8/1140/real_time",51490,2718.86,2713.45,ns,,,"8x8x1140",,,2,8,8,1140,8,8,1,1,8
"dot/dot_int8_int8_int32_8x8x2_1x8x1_avx2/8/1520/real_time",38658,3620.98,3613.74,ns,,,"8x8x1520",,,2,8,8,1520,8,8,1,1,8
"dot/dot_int8_int8_int32_8x8x2_1x8x1_avx2/16/2/real_time",5354629,26.1742,26.1217,ns,,,"8x16x2",,,2,8,8,2,8,16,1,1,8
"dot/dot_int8_int8_int32_8x8x2_1x8x1_avx2/16/250/real_time",117163,1195.54,1193.12,ns,,,"8x16x250",,,2,8,8,250,8,16,1,1,8
"dot/dot_int8_int8_int32_8x8x2_1x8x1_avx2/16/500/real_time",56445,2428.38,2423.27,ns,,,"8x16x500",,,2,8,8,500,8,16,1,1,8
"dot/dot_int8_int8_int32_8x8x2_1x8x1_avx2/16/750/real_time",39078,3581.77,3574.52,ns,,,"8x16x750",,,2,8,8,750,8,16,1,1,8
"dot/dot_int8_int8_int32_8x8x2_1x8x1_avx2/16/1002/real_time",29297,4778.13,4768.71,ns,,,"8x16x1002",,,2,8,8,1002,8,16,1,1,8
"dot/dot_int8_int8_int32_8x8x2_1x8x1_avx2/32/2/real_time",3362583,41.7431,41.6579,ns,,,"8x32x2",,,2,8,8,2,8,32,1,1,8
"dot/dot_int8_int8_int32_8x8x2_1x8x1_avx2/32/146/real_time",92948,1400.25,1397.19,ns,,,"8x32x146",,,2,8,8,146,8,32,1,1,8
"dot/dot_int8_int8_int32_8x8x2_1x8x1_avx2/32/294/real_time",49732,2812.53,2806.74,ns,,,"8x32x294",,,2,8,8,294,8,32,1,1,8
"dot/dot_int8_int8_int32_8x8x2_1x8x1_avx2/32/440/real_time",33299,4203.48,4195.17,ns,,,"8x32x440",,,2,8,8,440,8,32,1,1,8
"dot/dot_int8_int8_int32_8x8x2_1x8x1_avx2/32/588/real_time",24958,5686.19,5674,ns,,,"8x32x588",,,2,8,8,588,8,32,1,1,8
"dot/dot_int8_int8_int32_8x8x2_1x8x1_avx2/64/2/real_time",1896007,74.063,73.9066,ns,,,"8x64x2",,,2,8,8,2,8,64,1,1,8
"dot/dot_int8_int8_int32_8x8x2_1x8x1_avx2/64/78/real_time",93481,1497.13,1493.85,ns,,,"8x64x78",,,2,8,8,78,8,64,1,1,8
"dot/dot_int8_int8_int32_8x8x2_1x8x1_avx2/64/156/real_time",47001,2979.17,2973,ns,,,"8x64x156",,,2,8,8,156,8,64,1,1,8
"dot/dot_int8_int8_int32_8x8x2_1x8x1_avx2/64/234/real_time",31392,4461.01,4451.51,ns,,,"8x64x234",,,2,8,8,234,8,64,1,1,8
"dot/dot_int8_int8_int32_8x8x2_1x8x1_avx2/64/312/real_time",23516,5950.45,5937.09,ns,,,"8x64x312",,,2,8,8,312,8,64,1,1,8
"dot/dot_uint8_int2_int32_1x32x16_1x8x16_avx2/32/16/real_time",11916381,11.7578,11.7336,ns,,,"1x32x16",,,16,1,32,16,1,32,16,1,8
"dot/dot_uint8_int2_int32_1x32x16_1x8x16_avx2/32/672/real_time",535751,261.362,260.805,ns,,,"1x32x672",,,16,1,32,672,1,32,16,1,8
"dot/dot_uint8_int2_int32_1x32x16_1x8x16_avx2/32/1344/real_time",269736,519.185,518.087,ns,,,"1x32x1344",,,16,1,32,1344,1,32,16,1,8
"dot/dot_uint8_int2_int32_1x32x16_1x8x16_avx2/32/2016/real_time",179909,776.818,775.334,ns,,,"1x32x2016",,,16,1,32,2016,1,32,16,1,8
"dot/dot_uint8_int2_int32_1x32x16_1x8x16_avx2/32/2704/real_time",133774,1046.19,1043.98,ns,,,"1x32x2704",,,16,1,32,2704,1,32,16,1,8
"dot/dot_uint8_int2_int32_1x32x16_1x8x16_avx2/64/16/real_time",8078847,17.3616,17.326,ns,,,"1x64x16",,,16,1,32,16,1,64,16,1,8
"dot/dot_uint8_int2_int32_1x32x16_1x8x16_avx2/64/352/real_time",511204,273.786,273.251,ns,,,"1x64x352",,,16,1,32,352,1,64,16,1,8
"dot/dot_uint8_int2_int32_1x32x16_1x8x16_avx2/64/704/real_time",257344,543.807,542.73,ns,,,"1x64x704",,,16,1,32,704,1,64,16,1,8
"dot/dot_uint8_int2_int32_1x32x16_1x8x16_avx2/64/1056/real_time",172033,813.996,812.248,ns,,,"1x64x1056",,,16,1,32,1056,1,64,16,1,8
"dot/dot_uint8_int2_int32_1x32x16_1x8x16_avx2/64/1424/real_time",127735,1096.5,1094.22,ns,,,"1x64x1424",,,16,1,32,1424,1,64,16,1,8
"dot/dot_uint8_int2_int32_1x32x16_1x8x16_avx2/128/16/real_time",4758288,29.3805,29.3239,ns,,,"1x128x16",,,16,1,32,16,1,128,16,1,8
"dot/dot_uint8_int2_int32_1x32x16_1x8x16_avx2/128/176/real_time",511113,273.811,273.27,ns,,,"1x128x176",,,16,1,32,176,1,128,16,1,8
"dot/dot_uint8_int2_int32_1x32x16_1x8x16_avx2/128/352/real_time",257217,544.09,542.977,ns,,,"1x128x352",,,16,1,32,352,1,128,16,1,8
"dot/dot_uint8_int2_int32_1x32x16_1x8x16_avx2/128/528/real_time",171953,814.168,812.46,ns,,,"1x128x528",,,16,1,32,528,1,128,16,1,8
"dot/dot_uint8_int2_int32_1x32x16_1x8x16_avx2/128/720/real_time",126249,1108.67,1106.41,ns,,,"1x128x720",,,16,1,32,720,1,128,16,1,8
"dot/dot_uint8_int2_int32_1x32x16_1x8x16_avx2/256/16/real_time",2581159,54.2039,54.0907,ns,,,"1x256x16",,,16,1,32,16,1,256,16,1,8
"dot/dot_uint8_int2_int32_1x32x16_1x8x16_avx2/256/80/real_time",560542,254.518,253.978,ns,,,"1x256x80",,,16,1,32,80,1,256,16,1,8
"dot/dot_uint8_int2_int32_1x32x16_1x8x16_avx2/256/176/real_time",257198,551.522,550.372,ns,,,"1x256x176",,,16,1,32,176,1,256,16,1,8
"dot/dot_uint8_int2_int32_1x32x16_1x8x16_avx2/256/256/real_time",177196,807.336,805.524,ns,,,"1x256x256",,,16,1,32,256,1,256,16,1,8
"dot/dot_uint8_int2_int32_1x32x16_1x8x16_avx2/256/352/real_time",128928,1085.65,1083.48,ns,,,"1x256x352",,,16,1,32,352,1,256,16,1,8
"dot/dot_uint8_int2_int32_2x32x32_1x8x16_avx2/32/32/real_time",5316747,26.315,26.2571,ns,,,"2x32x32",,,32,2,32,32,2,32,16,1,8
"dot/dot_uint8_int2_int32_2x32x32_1x8x16_avx2/32/608/real_time",373674,375.552,374.586,ns,,,"2x32x608",,,32,2,32,608,2,32,16,1,8
"dot/dot_uint8_int2_int32_2x32x32_1x8x16_avx2/32/1216/real_time",188639,742.076,740.503,ns,,,"2x32x1216",,,32,2,32,1216,2,32,16,1,8
"dot/dot_uint8_int2_int32_2x32x32_1x8x16_avx2/32/1824/real_time",126167,1110.76,1108.28,ns,,,"2x32x1824",,,32,2,32,1824,2,32,16,1,8
"dot/dot_uint8_int2_int32_2x32x32_1x8x16_avx2/32/2432/real_time",94510,1483.6,1480.37,ns,,,"2x32x2432",,,32,2,32,2432,2,32,16,1,8
"dot/dot_uint8_int2_int32_2x32x32_1x8x16_avx2/64/32/real_time",3012512,46.4565,46.3594,ns,,,"2x64x32",,,32,2,32,32,2,64,16,1,8
"dot/dot_uint8_int2_int32_2x32x32_1x8x16_avx2/64/320/real_time",355001,394.271,393.495,ns,,,"2x64x320",,,32,2,32,320,2,64,16,1,8
"dot/dot_uint8_int2_int32_2x32x32_1x8x16_avx2/64/640/real_time",178646,781.377,779.841,ns,,,"2x64x640",,,32,2,32,640,2,64,16,1,8
"dot/dot_uint8_int2_int32_2x32x32_1x8x16_avx2/64/960/real_time",119636,1168.71,1166.19,ns,,,"2x64x960",,,32,2,32,960,2,64,16,1,8
"dot/dot_uint8_int2_int32_2x32x32_1x8x16_avx2/64/1312/real_time",87841,1594.93,1591.47,ns,,,"2x64x1312",,,32,2,32,1312,2,64,16,1,8
"dot/dot_uint8_int2_int32_2x32x32_1x8x16_avx2/128/32/real_time",1615355,86.6924,86.5135,ns,,,"2x128x32",,,32,2,32,32,2,128,16,1,8
"dot/dot_uint8_int2_int32_2x32x32_1x8x16_avx2/128/160/real_time",291507,431.491,430.575,ns,,,"2x128x160",,,32,2,32,160,2,128,16,1,8
"dot/dot_uint8_int2_int32_2x32x32_1x8x16_avx2/128/320/real_time",178788,782.762,781.226,ns,,,"2x128x320",,,32,2,32,320,2,128,16,1,8
"dot/dot_uint8_int2_int32_2x32x32_1x8x16_avx2/128/480/real_time",119569,1169.76,1167.5,ns,,,"2x128x480",,,32,2,32,480,2,128,16,1,8
"dot/dot_uint8_int2_int32_2x32x32_1x8x16_avx2/128/672/real_time",85656,1635.14,1631.45,ns,,,"2x128x672",,,32,2,32,672,2,128,16,1,8
"dot/dot_uint8_int2_int32_2x32x32_1x8x16_avx2/256/32/real_time",837405,167.182,166.828,ns,,,"2x256x32",,,32,2,32,32,2,256,16,1,8
"dot/dot_uint8_int2_int32_2x32x32_1x8x16_avx2/256/64/real_time",434966,322.088,321.386,ns,,,"2x256x64",,,32,2,32,64,2,256,16,1,8
"dot/dot_uint8_int2_int32_2x32x32_1x8x16_avx2/256/160/real_time",178108,786.166,784.547,ns,,,"2x256x160",,,32,2,32,160,2,256,16,1,8
"dot/dot_uint8_int2_int32_2x32x32_1x8x16_avx2/256/224/real_time",127863,1110.74,1108.47,ns,,,"2x256x224",,,32,2,32,224,2,256,16,1,8
"dot/dot_uint8_int2_int32_2x32x32_1x8x16_avx2/256/320/real_time",89726,1560.03,1556.87,ns,,,"2x256x320",,,32,2,32,320,2,256,16,1,8
"dot/dot_uint8_int2_int32_3x32x32_1x8x16_avx2/32/32/real_time",3893383,36.0246,35.9483,ns,,,"3x32x32",,,32,3,32,32,3,32,16,1,8
"dot/dot_uint8_int2_int32_3x32x32_1x8x16_avx2/32/544/real_time",295046,474.374,473.386,ns,,,"3x32x544",,,32,3,32,544,3,32,16,1,8
"dot/dot_uint8_int2_int32_3x32x32_1x8x16_avx2/32/1088/real_time",148747,941.038,939.055,ns,,,"3x32x1088",,,32,3,32,1088,3,32,16,1,8
"dot/dot_uint8_int2_int32_3x32x32_1x8x16_avx2/32/1632/real_time",99264,1411,1408.1,ns,,,"3x32x1632",,,32,3,32,1632,3,32,16,1,8
"dot/dot_uint8_int2_int32_3x32x32_1x8x16_avx2/32/2176/real_time",74475,1881.77,1877.86,ns,,,"3x32x2176",,,32,3,32,2176,3,32,16,1,8
"dot/dot_uint8_int2_int32_3x32x32_1x8x16_avx2/64/32/real_time",2158704,64.8236,64.6844,ns,,,"3x64x32",,,32,3,32,32,3,64,16,1,8
"dot/dot_uint8_int2_int32_3x32x32_1x8x16_avx2/64/288/real_time",277933,515.192,514.053,ns,,,"3x64x288",,,32,3,32,288,3,64,16,1,8
"dot/dot_uint8_int2_int32_3x32x32_1x8x16_avx2/64/608/real_time",133195,1051.7,1049.47,ns,,,"3x64x608",,,32,3,32,608,3,64,16,1,8
"dot/dot_uint8_int2_int32_3x32x32_1x8x16_avx2/64/928/real_time",87424,1601.24,1597.79,ns,,,"3x64x928",,,32,3,32,928,3,64,16,1,8
"dot/dot_uint8_int2_int32_3x32x32_1x8x16_avx2/64/1248/real_time",65134,2200.66,2196.13,ns,,,"3x64x1248",,,32,3,32,1248,3,64,16,1,8
"dot/dot_uint8_int2_int32_3x32x32_1x8x16_avx2/128/32/real_time",1139287,122.84,122.571,ns,,,"3x128x32",,,32,3,32,32,3,128,16,1,8
"dot/dot_uint8_int2_int32_3x32x32_1x8x16_avx2/128/160/real_time",246626,568.419,567.247,ns,,,"3x128x160",,,32,3,32,160,3,128,16,1,8
"dot/dot_uint8_int2_int32_3x32x32_1x8x16_avx2/128/320/real_time",126176,1109.27,1106.92,ns,,,"3x128x320",,,32,3,32,320,3,128,16,1,8
"dot/dot_uint8_int2_int32_3x32x32_1x8x16_avx2/128/480/real_time",84489,1657.81,1654.38,ns,,,"3x128x480",,,32,3,32,480,3,128,16,1,8
"dot/dot_uint8_int2_int32_3x32x32_1x8x16_avx2/128/640/real_time",63334,2210.89,2206.23,ns,,,"3x128x640",,,32,3,32,640,3,128,16,1,8
"dot/dot_uint8_int2_int32_3x32x32_1x8x16_avx2/256/32/real_time",586532,238.584,238.105,ns,,,"3x256x32",,,32,3,32,32,3,256,16,1,8
"dot/dot_uint8_int2_int32_3x32x32_1x8x16_avx2/256/64/real_time",305867,458.295,457.344,ns,,,"3x256x64",,,32,3,32,64,3,256,16,1,8
"dot/dot_uint8_int2_int32_3x32x32_1x8x16_avx2/256/160/real_time",125368,1116.33,1114.05,ns,,,"3x256x160",,,32,3,32,160,3,256,16,1,8
"dot/dot_uint8_int2_int32_3x32x32_1x8x16_avx2/256/224/real_time",89976,1554.76,1551.51,ns,,,"3x256x224",,,32,3,32,224,3,256,16,1,8
"dot/dot_uint8_int2_int32_3x32x32_1x8x16_avx2/256/320/real_time",63310,2213.38,2208.91,ns,,,"3x256x320",,,32,3,32,320,3,256,16,1,8
"dot/dot_uint8_int2_int32_4x32x32_1x8x16_avx2/32/32/real_time",3091260,45.2139,45.1209,ns,,,"4x32x32",,,32,4,32,32,4,32,16,1,8
"dot/dot_uint8_int2_int32_4x32x32_1x8x16_avx2/32/480/real_time",254030,527.902,526.814,ns,,,"4x32x480",,,32,4,32,480,4,32,16,1,8
"dot/dot_uint8_int2_int32_4x32x32_1x8x16_avx2/32/992/real_time",129935,1078.85,1076.69,ns,,,"4x32x992",,,32,4,32,992,4,32,16,1,8
"dot/dot_uint8_int2_int32_4x32x32_1x8x16_avx2/32/1472/real_time",87446,1603.9,1600.27,ns,,,"4x32x1472",,,32,4,32,1472,4,32,16,1,8
"dot/dot_uint8_int2_int32_4x32x32_1x8x16_avx2/32/1984/real_time",65034,2152.91,2148.25,ns,,,"4x32x1984",,,32,4,32,1984,4,32,16,1,8
"dot/dot_uint8_int2_int32_4x32x32_1x8x16_avx2/64/32/real_time",1676220,83.5405,83.3577,ns,,,"4x64x32",,,32,4,32,32,4,64,16,1,8
"dot/dot_uint8_int2_int32_4x32x32_1x8x16_avx2/64/288/real_time",220238,635.636,634.29,ns,,,"4x64x288",,,32,4,32,288,4,64,16,1,8
"dot/dot_uint8_int2_int32_4x32x32_1x8x16_avx2/64/576/real_time",111377,1257.32,1254.64,ns,,,"4x64x576",,,32,4,32,576,4,64,16,1,8
"dot/dot_uint8_int2_int32_4x32x32_1x8x16_avx2/64/864/real_time",74611,1878.77,1874.91,ns,,,"4x64x864",,,32,4,32,864,4,64,16,1,8
"dot/dot_uint8_int2_int32_4x32x32_1x8x16_avx2/64/1152/real_time",56187,2497.45,2492.26,ns,,,"4x64x1152",,,32,4,32,1152,4,64,16,1,8
"dot/dot_uint8_int2_int32_4x32x32_1x8x16_avx2/128/32/real_time",875566,160.001,159.681,ns,,,"4x128x32",,,32,4,32,32,4,128,16,1,8
"dot/dot_uint8_int2_int32_4x32x32_1x8x16_avx2/128/128/real_time",243767,574.18,572.959,ns,,,"4x128x128",,,32,4,32,128,4,128,16,1,8
"dot/dot_uint8_int2_int32_4x32x32_1x8x16_avx2/128/288/real_time",110444,1266.4,1263.68,ns,,,"4x128x288",,,32,4,32,288,4,128,16,1,8
"dot/dot_uint8_int2_int32_4x32x32_1x8x16_avx2/128/448/real_time",71658,1954.57,1950.56,ns,,,"4x128x448",,,32,4,32,448,4,128,16,1,8
"dot/dot_uint8_int2_int32_4x32x32_1x8x16_avx2/128/608/real_time",48792,2643.63,2638.45,ns,,,"4x128x608",,,32,4,32,608,4,128,16,1,8
"dot/dot_uint8_int2_int32_4x32x32_1x8x16_avx2/256/32/real_time",447627,312.788,312.122,ns,,,"4x256x32",,,32,4,32,32,4,256,16,1,8
"dot/dot_uint8_int2_int32_4x32x32_1x8x16_avx2/256/64/real_time",237396,594.617,593.5,ns,,,"4x256x64",,,32,4,32,64,4,256,16,1,8
"dot/dot_uint8_int2_int32_4x32x32_1x8x16_avx2/256/128/real_time",122666,1141.12,1138.82,ns,,,"4x256x128",,,32,4,32,128,4,256,16,1,8
"dot/dot_uint8_int2_int32_4x32x32_1x8x16_avx2/256/192/real_time",82683,1693.2,1689.83,ns,,,"4x256x192",,,32,4,32,192,4,256,16,1,8
"dot/dot_uint8_int2_int32_4x32x32_1x8x16_avx2/256/288/real_time",55458,2584.74,2579.14,ns,,,"4x256x288",,,32,4,32,288,4,256,16,1,8
"dot/dot_uint8_int4_int32_1x16x32_1x8x8_avx2/16/32/real_time",9560273,14.7729,14.741,ns,,,"1x16x32",,,32,1,16,32,1,16,8,1,8
"dot/dot_uint8_int4_int32_1x16x32_1x8x8_avx2/16/672/real_time",754214,185.745,185.342,ns,,,"1x16x672",,,32,1,16,672,1,16,8,1,8
"dot/dot_uint8_int4_int32_1x16x32_1x8x8_avx2/16/1344/real_time",382782,366.09,365.342,ns,,,"1x16x1344",,,32,1,16,1344,1,16,8,1,8
"dot/dot_uint8_int4_int32_1x16x32_1x8x8_avx2/16/2016/real_time",256423,546.589,545.484,ns,,,"1x16x2016",,,32,1,16,2016,1,16,8,1,8
"dot/dot_uint8_int4_int32_1x16x32_1x8x8_avx2/16/2720/real_time",169114,734.179,732.583,ns,,,"1x16x2720",,,32,1,16,2720,1,16,8,1,8
"dot/dot_uint8_int4_int32_1x16x32_1x8x8_avx2/32/32/real_time",5895655,23.7224,23.674,ns,,,"1x32x32",,,32,1,16,32,1,32,8,1,8
"dot/dot_uint8_int4_int32_1x16x32_1x8x8_avx2/32/352/real_time",716847,195.291,194.894,ns,,,"1x32x352",,,32,1,16,352,1,32,8,1,8
"dot/dot_uint8_int4_int32_1x16x32_1x8x8_avx2/32/704/real_time",364603,384.259,383.408,ns,,,"1x32x704",,,32,1,16,704,1,32,8,1,8
"dot/dot_uint8_int4_int32_1x16x32_1x8x8_avx2/32/1056/real_time",244440,572.568,571.32,ns,,,"1x32x1056",,,32,1,16,1056,1,32,8,1,8
"dot/dot_uint8_int4_int32_1x16x32_1x8x8_avx2/32/1408/real_time",183762,762.016,760.27,ns,,,"1x32x1408",,,32,1,16,1408,1,32,8,1,8
"dot/dot_uint8_int4_int32_1x16x32_1x8x8_avx2/64/32/real_time",3252566,43.1104,43.0182,ns,,,"1x64x32",,,32,1,16,32,1,64,8,1,8
"dot/dot_uint8_int4_int32_1x16x32_1x8x8_avx2/64/160/real_time",776136,180.17,179.818,ns,,,"1x64x160",,,32,1,16,160,1,64,8,1,8
"dot/dot_uint8_int4_int32_1x16x32_1x8x8_avx2/64/352/real_time",363029,386.281,385.459,ns,,,"1x64x352",,,32,1,16,352,1,64,8,1,8
"dot/dot_uint8_int4_int32_1x16x32_1x8x8_avx2/64/544/real_time",236382,592.925,591.568,ns,,,"1x64x544",,,32,1,16,544,1,64,8,1,8
"dot/dot_uint8_int4_int32_1x16x32_1x8x8_avx2/64/736/real_time",175378,798.771,797.112,ns,,,"1x64x736",,,32,1,16,736,1,64,8,1,8
"dot/dot_uint8_int4_int32_1x16x32_1x8x8_avx2/128/32/real_time",1715257,81.6928,81.529,ns,,,"1x128x32",,,32,1,16,32,1,128,8,1,8
"dot/dot_uint8_int4_int32_1x16x32_1x8x8_avx2/128/64/real_time",933135,150.211,149.89,ns,,,"1x128x64",,,32,1,16,64,1,128,8,1,8
"dot/dot_uint8_int4_int32_1x16x32_1x8x8_avx2/128/160/real_time",393111,356.242,355.475,ns,,,"1x128x160",,,32,1,16,160,1,128,8,1,8
"dot/dot_uint8_int4_int32_1x16x32_1x8x8_avx2/128/256/real_time",249110,561.998,560.876,ns,,,"1x128x256",,,32,1,16,256,1,128,8,1,8
"dot/dot_uint8_int4_int32_1x16x32_1x8x8_avx2/128/352/real_time",182233,768.595,766.955,ns,,,"1x128x352",,,32,1,16,352,1,128,8,1,8
"dot/dot_uint8_int4_int32_2x16x32_1x8x8_avx2/16/32/real_time",7187911,19.3807,19.3387,ns,,,"2x16x32",,,32,2,16,32,2,16,8,1,8
"dot/dot_uint8_int4_int32_2x16x32_1x8x8_avx2/16/608/real_time",585708,239.149,238.615,ns,,,"2x16x608",,,32,2,16,608,2,16,8,1,8
"dot/dot_uint8_int4_int32_2x16x32_1x8x8_avx2/16/1216/real_time",296888,471.563,470.479,ns,,,"2x16x1216",,,32,2,16,1216,2,16,8,1,8
"dot/dot_uint8_int4_int32_2x16x32_1x8x8_avx2/16/1824/real_time",198910,703.899,702.361,ns,,,"2x16x1824",,,32,2,16,1824,2,16,8,1,8
"dot/dot_uint8_int4_int32_2x16x32_1x8x8_avx2/16/2432/real_time",149622,951.864,949.666,ns,,,"2x16x2432",,,32,2,16,2432,2,16,8,1,8
"dot/dot_uint8_int4_int32_2x16x32_1x8x8_avx2/32/32/real_time",4219526,33.2259,33.1584,ns,,,"2x32x32",,,32,2,16,32,2,32,8,1,8
"dot/dot_uint8_int4_int32_2x16x32_1x8x8_avx2/32/320/real_time",553989,258.15,257.625,ns,,,"2x32x320",,,32,2,16,320,2,32,8,1,8
"dot/dot_uint8_int4_int32_2x16x32_1x8x8_avx2/32/672/real_time",268595,521.288,520.273,ns,,,"2x32x672",,,32,2,16,672,2,32,8,1,8
"dot/dot_uint8_int4_int32_2x16x32_1x8x8_avx2/32/992/real_time",182537,773.156,771.429,ns,,,"2x32x992",,,32,2,16,992,2,32,8,1,8
"dot/dot_uint8_int4_int32_2x16x32_1x8x8_avx2/32/1344/real_time",135271,1036.34,1033.75,ns,,,"2x32x1344",,,32,2,16,1344,2,32,8,1,8
"dot/dot_uint8_int4_int32_2x16x32_1x8x8_avx2/64/32/real_time",2264197,61.8249,61.7031,ns,,,"2x64x32",,,32,2,16,32,2,64,8,1,8
"dot/dot_uint8_int4_int32_2x16x32_1x8x8_avx2/64/160/real_time",544653,253.67,253.125,ns,,,"2x64x160",,,32,2,16,160,2,64,8,1,8
"dot/dot_uint8_int4_int32_2x16x32_1x8x8_avx2/64/352/real_time",261508,535.53,534.506,ns,,,"2x64x352",,,32,2,16,352,2,64,8,1,8
"dot/dot_uint8_int4_int32_2x16x32_1x8x8_avx2/64/512/real_time",180959,773.663,771.967,ns,,,"2x64x512",,,32,2,16,512,2,64,8,1,8
"dot/dot_uint8_int4_int32_2x16x32_1x8x8_avx2/64/704/real_time",132272,1058.5,1056.47,ns,,,"2x64x704",,,32,2,16,704,2,64,8,1,8
"dot/dot_uint8_int4_int32_2x16x32_1x8x8_avx2/128/32/real_time",1198849,116.856,116.61,ns,,,"2x128x32",,,32,2,16,32,2,128,8,1,8
"dot/dot_uint8_int4_int32_2x16x32_1x8x8_avx2/128/64/real_time",662609,211.328,210.909,ns,,,"2x128x64",,,32,2,16,64,2,128,8,1,8
"dot/dot_uint8_int4_int32_2x16x32_1x8x8_avx2/128/160/real_time",277883,528.815,527.81,ns,,,"2x128x160",,,32,2,16,160,2,128,8,1,8
"dot/dot_uint8_int4_int32_2x16x32_1x8x8_avx2/128/256/real_time",168262,832.2,830.436,ns,,,"2x128x256",,,32,2,16,256,2,128,8,1,8
"dot/dot_uint8_int4_int32_2x16x32_1x8x8_avx2/128/352/real_time",123369,1154.65,1152.23,ns,,,"2x128x352",,,32,2,16,352,2,128,8,1,8
"dot/dot_uint8_int4_int32_3x16x32_1x8x8_avx2/16/32/real_time",5901430,23.5832,23.5342,ns,,,"3x16x32",,,32,3,16,32,3,16,8,1,8
"dot/dot_uint8_int4_int32_3x16x32_1x8x8_avx2/16/544/real_time",507371,275.917,275.353,ns,,,"3x16x544",,,32,3,16,544,3,16,8,1,8
"dot/dot_uint8_int4_int32_3x16x32_1x8x8_avx2/16/1088/real_time",257055,544.338,543.471,ns,,,"3x16x1088",,,32,3,16,1088,3,16,8,1,8
"dot/dot_uint8_int4_int32_3x16x32_1x8x8_avx2/16/1632/real_time",172242,812.678,811.483,ns,,,"3x16x1632",,,32,3,16,1632,3,16,8,1,8
"dot/dot_uint8_int4_int32_3x16x32_1x8x8_avx2/16/2208/real_time",127454,1097.76,1095.89,ns,,,"3x16x2208",,,32,3,16,2208,3,16,8,1,8
"dot/dot_uint8_int4_int32_3x16x32_1x8x8_avx2/32/32/real_time",3373693,41.5073,41.4227,ns,,,"3x32x32",,,32,3,16,32,3,32,8,1,8
"dot/dot_uint8_int4_int32_3x16x32_1x8x8_avx2/32/288/real_time",476510,298.809,298.236,ns,,,"3x32x288",,,32,3,16,288,3,32,8,1,8
"dot/dot_uint8_int4_int32_3x16x32_1x8x8_avx2/32/608/real_time",229428,620.935,619.683,ns,,,"3x32x608",,,32,3,16,608,3,32,8,1,8
"dot/dot_uint8_int4_int32_3x16x32_1x8x8_avx2/32/928/real_time",151042,926.914,924.98,ns,,,"3x32x928",,,32,3,16,928,3,32,8,1,8
"dot/dot_uint8_int4_int32_3x16x32_1x8x8_avx2/32/1248/real_time",112569,1243.07,1240.51,ns,,,"3x32x1248",,,32,3,16,1248,3,32,8,1,8
"dot/dot_uint8_int4_int32_3x16x32_1x8x8_avx2/64/32/real_time",1808582,77.5479,77.3904,ns,,,"3x64x32",,,32,3,16,32,3,64,8,1,8
"dot/dot_uint8_int4_int32_3x16x32_1x8x8_avx2/64/160/real_time",424933,329.649,328.96,ns,,,"3x64x160",,,32,3,16,160,3,64,8,1,8
"dot/dot_uint8_int4_int32_3x16x32_1x8x8_avx2/64/320/real_time",216604,646.159,644.82,ns,,,"3x64x320",,,32,3,16,320,3,64,8,1,8
"dot/dot_uint8_int4_int32_3x16x32_1x8x8_avx2/64/480/real_time",100000,1073.01,1070.07,ns,,,"3x64x480",,,32,3,16,480,3,64,8,1,8
"dot/dot_uint8_int4_int32_3x16x32_1x8x8_avx2/64/672/real_time",85769,1591.23,1587.51,ns,,,"3x64x672",,,32,3,16,672,3,64,8,1,8
"dot/dot_uint8_int4_int32_3x16x32_1x8x8_avx2/128/32/real_time",937532,149.299,149.019,ns,,,"3x128x32",,,32,3,16,32,3,128,8,1,8
"dot/dot_uint8_int4_int32_3x16x32_1x8x8_avx2/128/64/real_time",508526,275.194,274.649,ns,,,"3x128x64",,,32,3,16,64,3,128,8,1,8
"dot/dot_uint8_int4_int32_3x16x32_1x8x8_avx2/128/160/real_time",213873,654.635,653.285,ns,,,"3x128x160",,,32,3,16,160,3,128,8,1,8
"dot/dot_uint8_int4_int32_3x16x32_1x8x8_avx2/128/224/real_time",154148,908.248,906.429,ns,,,"3x128x224",,,32,3,16,224,3,128,8,1,8
"dot/dot_uint8_int4_int32_3x16x32_1x8x8_avx2/128/320/real_time",108690,1319.98,1316.91,ns,,,"3x128x320",,,32,3,16,320,3,128,8,1,8
"dot/dot_uint8_int4_int32_1x8x32_1x8x8_avx2/8/32/real_time",13901167,10.0609,10.0389,ns,,,"1x8x32",,,32,1,8,32,1,8,8,1,8
"dot/dot_uint8_int4_int32_1x8x32_1x8x8_avx2/8/1216/real_time",829839,168.727,168.365,ns,,,"1x8x1216",,,32,1,8,1216,1,8,8,1,8
"dot/dot_uint8_int4_int32_1x8x32_1x8x8_avx2/8/2432/real_time",422925,331.814,331.088,ns,,,"1x8x2432",,,32,1,8,2432,1,8,8,1,8
"dot/dot_uint8_int4_int32_1x8x32_1x8x8_avx2/8/3648/real_time",290967,480.625,479.595,ns,,,"1x8x3648",,,32,1,8,3648,1,8,8,1,8
"dot/dot_uint8_int4_int32_1x8x32_1x8x8_avx2/8/4896/real_time",217459,644,642.728,ns,,,"1x8x4896",,,32,1,8,4896,1,8,8,1,8
"dot/dot_uint8_int4_int32_1x8x32_1x8x8_avx2/16/32/real_time",9535793,14.8868,14.8509,ns,,,"1x16x32",,,32,1,8,32,1,16,8,1,8
"dot/dot_uint8_int4_int32_1x8x32_1x8x8_avx2/16/672/real_time",772562,181.049,180.661,ns,,,"1x16x672",,,32,1,8,672,1,16,8,1,8
"dot/dot_uint8_int4_int32_1x8x32_1x8x8_avx2/16/1344/real_time",393381,355.906,355.151,ns,,,"1x16x1344",,,32,1,8,1344,1,16,8,1,8
"dot/dot_uint8_int4_int32_1x8x32_1x8x8_avx2/16/2016/real_time",260148,534.614,533.495,ns,,,"1x16x2016",,,32,1,8,2016,1,16,8,1,8
"dot/dot_uint8_int4_int32_1x8x32_1x8x8_avx2/16/2720/real_time",196208,713.932,712.495,ns,,,"1x16x2720",,,32,1,8,2720,1,16,8,1,8
"dot/dot_uint8_int4_int32_1x8x32_1x8x8_avx2/32/32/real_time",5748931,24.3483,24.2969,ns,,,"1x32x32",,,32,1,8,32,1,32,8,1,8
"dot/dot_uint8_int4_int32_1x8x32_1x8x8_avx2/32/352/real_time",734617,190.563,190.151,ns,,,"1x32x352",,,32,1,8,352,1,32,8,1,8
"dot/dot_uint8_int4_int32_1x8x32_1x8x8_avx2/32/704/real_time",375239,373.281,372.48,ns,,,"1x32x704",,,32,1,8,704,1,32,8,1,8
"dot/dot_uint8_int4_int32_1x8x32_1x8x8_avx2/32/1056/real_time",251399,556.553,555.231,ns,,,"1x32x1056",,,32,1,8,1056,1,32,8,1,8
"dot/dot_uint8_int4_int32_1x8x32_1x8x8_avx2/32/1408/real_time",189537,738.847,737.29,ns,,,"1x32x1408",,,32,1,8,1408,1,32,8,1,8
"dot/dot_uint8_int4_int32_1x8x32_1x8x8_avx2/64/32/real_time",3211314,43.595,43.4998,ns,,,"1x64x32",,,32,1,8,32,1,64,8,1,8
"dot/dot_uint8_int4_int32_1x8x32_1x8x8_avx2/64/160/real_time",793173,176.005,175.633,ns,,,"1x64x160",,,32,1,8,160,1,64,8,1,8
"dot/dot_uint8_int4_int32_1x8x32_1x8x8_avx2/64/352/real_time",373452,375.535,374.767,ns,,,"1x64x352",,,32,1,8,352,1,64,8,1,8
"dot/dot_uint8_int4_int32_1x8x32_1x8x8_avx2/64/544/real_time",243096,575.269,574.035,ns,,,"1x64x544",,,32,1,8,544,1,64,8,1,8
"dot/dot_uint8_int4_int32_1x8x32_1x8x8_avx2/64/736/real_time",179301,779.92,778.324,ns,,,"1x64x736",,,32,1,8,736,1,64,8,1,8
"dot/dot_uint8_int4_int32_3x8x32_1x8x8_avx2/8/32/real_time",9154741,15.2736,15.2399,ns,,,"3x8x32",,,32,3,8,32,3,8,8,1,8
"dot/dot_uint8_int4_int32_3x8x32_1x8x8_avx2/8/864/real_time",654746,214.089,213.592,ns,,,"3x8x864",,,32,3,8,864,3,8,8,1,8
"dot/dot_uint8_int4_int32_3x8x32_1x8x8_avx2/8/1728/real_time",332384,421.245,420.308,ns,,,"3x8x1728",,,32,3,8,1728,3,8,8,1,8
"dot/dot_uint8_int4_int32_3x8x32_1x8x8_avx2/8/2592/real_time",222759,628.517,627.159,ns,,,"3x8x2592",,,32,3,8,2592,3,8,8,1,8
"dot/dot_uint8_int4_int32_3x8x32_1x8x8_avx2/8/3488/real_time",165978,843.318,841.5,ns,,,"3x8x3488",,,32,3,8,3488,3,8,8,1,8
"dot/dot_uint8_int4_int32_3x8x32_1x8x8_avx2/16/32/real_time",5721752,24.4755,24.4232,ns,,,"3x16x32",,,32,3,8,32,3,16,8,1,8
"dot/dot_uint8_int4_int32_3x8x32_1x8x8_avx2/16/544/real_time",519388,269.547,268.983,ns,,,"3x16x544",,,32,3,8,544,3,16,8,1,8
"dot/dot_uint8_int4_int32_3x8x32_1x8x8_avx2/16/1088/real_time",251845,532.865,531.687,ns,,,"3x16x1088",,,32,3,8,1088,3,16,8,1,8
"dot/dot_uint8_int4_int32_3x8x32_1x8x8_avx2/16/1632/real_time",176875,791.864,790.099,ns,,,"3x16x1632",,,32,3,8,1632,3,16,8,1,8
"dot/dot_uint8_int4_int32_3x8x32_1x8x8_avx2/16/2208/real_time",131153,1105.3,1102.87,ns,,,"3x16x2208",,,32,3,8,2208,3,16,8,1,8
"dot/dot_uint8_int4_int32_3x8x32_1x8x8_avx2/32/32/real_time",3233043,43.2897,43.1951,ns,,,"3x32x32",,,32,3,8,32,3,32,8,1,8
"dot/dot_uint8_int4_int32_3x8x32_1x8x8_avx2/32/288/real_time",485566,288.373,287.74,ns,,,"3x32x288",,,32,3,8,288,3,32,8,1,8
"dot/dot_uint8_int4_int32_3x8x32_1x8x8_avx2/32/608/real_time",234734,596.04,594.676,ns,,,"3x32x608",,,32,3,8,608,3,32,8,1,8
"dot/dot_uint8_int4_int32_3x8x32_1x8x8_avx2/32/928/real_time",155106,902.659,900.792,ns,,,"3x32x928",,,32,3,8,928,3,32,8,1,8
"dot/dot_uint8_int4_int32_3x8x32_1x8x8_avx2/32/1248/real_time",115739,1209.82,1207.1,ns,,,"3x32x1248",,,32,3,8,1248,3,32,8,1,8
"dot/dot_uint8_int4_int32_3x8x32_1x8x8_avx2/64/32/real_time",1720739,81.3527,81.1648,ns,,,"3x64x32",,,32,3,8,32,3,64,8,1,8
"dot/dot_uint8_int4_int32_3x8x32_1x8x8_avx2/64/160/real_time",427809,327.393,326.684,ns,,,"3x64x160",,,32,3,8,160,3,64,8,1,8
"dot/dot_uint8_int4_int32_3x8x32_1x8x8_avx2/64/320/real_time",220982,633.508,632.134,ns,,,"3x64x320",,,32,3,8,320,3,64,8,1,8
"dot/dot_uint8_int4_int32_3x8x32_1x8x8_avx2/64/480/real_time",148908,940.641,938.469,ns,,,"3x64x480",,,32,3,8,480,3,64,8,1,8
"dot/dot_uint8_int4_int32_3x8x32_1x8x8_avx2/64/672/real_time",106876,1309.93,1307.12,ns,,,"3x64x672",,,32,3,8,672,3,64,8,1,8
"dot/dot_uint8_int4_int32_4x8x32_1x8x8_avx2/8/32/real_time",7838064,17.8707,17.8334,ns,,,"4x8x32",,,32,4,8,32,4,8,8,1,8
"dot/dot_uint8_int4_int32_4x8x32_1x8x8_avx2/8/736/real_time",578188,227.837,227.399,ns,,,"4x8x736",,,32,4,8,736,4,8,8,1,8
"dot/dot_uint8_int4_int32_4x8x32_1x8x8_avx2/8/1504/real_time",304886,459.407,458.449,ns,,,"4x8x1504",,,32,4,8,1504,4,8,8,1,8
"dot/dot_uint8_int4_int32_4x8x32_1x8x8_avx2/8/2272/real_time",200958,696.515,695.023,ns,,,"4x8x2272",,,32,4,8,2272,4,8,8,1,8
"dot/dot_uint8_int4_int32_4x8x32_1x8x8_avx2/8/3040/real_time",152728,916.744,914.922,ns,,,"4x8x3040",,,32,4,8,3040,4,8,8,1,8
"dot/dot_uint8_int4_int32_4x8x32_1x8x8_avx2/16/32/real_time",4835141,28.8969,28.839,ns,,,"4x16x32",,,32,4,8,32,4,16,8,1,8
"dot/dot_uint8_int4_int32_4x8x32_1x8x8_avx2/16/480/real_time",472627,296.177,295.592,ns,,,"4x16x480",,,32,4,8,480,4,16,8,1,8
"dot/dot_uint8_int4_int32_4x8x32_1x8x8_avx2/16/992/real_time",232451,602.508,601.197,ns,,,"4x16x992",,,32,4,8,992,4,16,8,1,8
"dot/dot_uint8_int4_int32_4x8x32_1x8x8_avx2/16/1504/real_time",153452,912.321,910.465,ns,,,"4x16x1504",,,32,4,8,1504,4,16,8,1,8
"dot/dot_uint8_int4_int32_4x8x32_1x8x8_avx2/16/2016/real_time",115317,1230.82,1228.1,ns,,,"4x16x2016",,,32,4,8,2016,4,16,8,1,8
"dot/dot_uint8_int4_int32_4x8x32_1x8x8_avx2/32/32/real_time",2710134,51.6191,51.52,ns,,,"4x32x32",,,32,4,8,32,4,32,8,1,8
"dot/dot_uint8_int4_int32_4x8x32_1x8x8_avx2/32/288/real_time",391646,357.36,356.655,ns,,,"4x32x288",,,32,4,8,288,4,32,8,1,8
"dot/dot_uint8_int4_int32_4x8x32_1x8x8_avx2/32/576/real_time",199445,701.979,700.62,ns,,,"4x32x576",,,32,4,8,576,4,32,8,1,8
"dot/dot_uint8_int4_int32_4x8x32_1x8x8_avx2/32/864/real_time",133892,1052.82,1050.66,ns,,,"4x32x864",,,32,4,8,864,4,32,8,1,8
"dot/dot_uint8_int4_int32_4x8x32_1x8x8_avx2/32/1184/real_time",97658,1430.54,1427.67,ns,,,"4x32x1184",,,32,4,8,1184,4,32,8,1,8
"dot/dot_uint8_int4_int32_4x8x32_1x8x8_avx2/64/32/real_time",1437480,97.3919,97.2106,ns,,,"4x64x32",,,32,4,8,32,4,64,8,1,8
"dot/dot_uint8_int4_int32_4x8x32_1x8x8_avx2/64/160/real_time",320567,403.213,402.398,ns,,,"4x64x160",,,32,4,8,160,4,64,8,1,8
"dot/dot_uint8_int4_int32_4x8x32_1x8x8_avx2/64/320/real_time",178138,786.063,784.488,ns,,,"4x64x320",,,32,4,8,320,4,64,8,1,8
"dot/dot_uint8_int4_int32_4x8x32_1x8x8_avx2/64/480/real_time",119698,1188.68,1186.37,ns,,,"4x64x480",,,32,4,8,480,4,64,8,1,8
"dot/dot_uint8_int4_int32_4x8x32_1x8x8_avx2/64/640/real_time",90186,1551.97,1548.8,ns,,,"4x64x640",,,32,4,8,640,4,64,8,1,8
"dot/dot_fp32_1x16x2_1x4x2_avx2/16/2/real_time",18110985,7.72005,7.7045,ns,,,"1x16x2",,,2,1,16,2,1,16,2,1,4
"dot/dot_fp32_1x16x2_1x4x2_avx2/16/90/real_time",3240517,43.5199,43.4247,ns,,,"1x16x90",,,2,1,16,90,1,16,2,1,4
"dot/dot_fp32_1x16x2_1x4x2_avx2/16/180/real_time",1779615,78.6527,78.4874,ns,,,"1x16x180",,,2,1,16,180,1,16,2,1,4
"dot/dot_fp32_1x16x2_1x4x2_avx2/16/270/real_time",1193802,117.208,116.973,ns,,,"1x16x270",,,2,1,16,270,1,16,2,1,4
"dot/dot_fp32_1x16x2_1x4x2_avx2/16/360/real_time",906888,154.463,154.129,ns,,,"1x16x360",,,2,1,16,360,1,16,2,1,4
"dot/dot_fp32_1x16x2_1x4x2_avx2/32/2/real_time",12875755,10.8738,10.8526,ns,,,"1x32x2",,,2,1,16,2,1,32,2,1,4
"dot/dot_fp32_1x16x2_1x4x2_avx2/32/46/real_time",3124071,45.0316,44.9323,ns,,,"1x32x46",,,2,1,16,46,1,32,2,1,4
"dot/dot_fp32_1x16x2_1x4x2_avx2/32/92/real_time",1676772,83.5167,83.3342,ns,,,"1x32x92",,,2,1,16,92,1,32,2,1,4
"dot/dot_fp32_1x16x2_1x4x2_avx2/32/138/real_time",1121454,124.768,124.515,ns,,,"1x32x138",,,2,1,16,138,1,32,2,1,4
"dot/dot_fp32_1x16x2_1x4x2_avx2/32/184/real_time",849630,164.005,163.665,ns,,,"1x32x184",,,2,1,16,184,1,32,2,1,4
"dot/dot_fp32_1x16x2_1x4x2_avx2/64/2/real_time",8375988,16.7053,16.665,ns,,,"1x64x2",,,2,1,16,2,1,64,2,1,4
"dot/dot_fp32_1x16x2_1x4x2_avx2/64/22/real_time",3030577,47.1554,47.0498,ns,,,"1x64x22",,,2,1,16,22,1,64,2,1,4
"dot/dot_fp32_1x16x2_1x4x2_avx2/64/46/real_time",1606701,89.1444,88.9397,ns,,,"1x64x46",,,2,1,16,46,1,64,2,1,4
"dot/dot_fp32_1x16x2_1x4x2_avx2/64/68/real_time",1105353,126.393,126.146,ns,,,"1x64x68",,,2,1,16,68,1,64,2,1,4
"dot/dot_fp32_1x16x2_1x4x2_avx2/64/92/real_time",815445,177.553,177.196,ns,,,"1x64x92",,,2,1,16,92,1,64,2,1,4
"dot/dot_fp32_1x16x2_1x4x2_avx2/128/2/real_time",3788183,32.7208,32.6315,ns,,,"1x128x2",,,2,1,16,2,1,128,2,1,4
"dot/dot_fp32_1x16x2_1x4x2_avx2/128/10/real_time",2249514,48.5606,48.4386,ns,,,"1x128x10",,,2,1,16,10,1,128,2,1,4
"dot/dot_fp32_1x16x2_1x4x2_avx2/128/22/real_time",1580633,88.1473,87.6997,ns,,,"1x128x22",,,2,1,16,22,1,128,2,1,4
"dot/dot_fp32_1x16x2_1x4x2_avx2/128/34/real_time",1046890,133.419,133.093,ns,,,"1x128x34",,,2,1,16,34,1,128,2,1,4
"dot/dot_fp32_1x16x2_1x4x2_avx2/128/46/real_time",786252,181.198,180.511,ns,,,"1x128x46",,,2,1,16,46,1,128,2,1,4
"dot/dot_fp32_2x16x2_1x4x2_avx2/16/2/real_time",13048011,10.9052,10.8812,ns,,,"2x16x2",,,2,2,16,2,2,16,2,1,4
"dot/dot_fp32_2x16x2_1x4x2_avx2/16/84/real_time",2027342,69.0548,68.9041,ns,,,"2x16x84",,,2,2,16,84,2,16,2,1,4
"dot/dot_fp32_2x16x2_1x4x2_avx2/16/168/real_time",1061711,131.953,131.652,ns,,,"2x16x168",,,2,2,16,168,2,16,2,1,4
"dot/dot_fp32_2x16x2_1x4x2_avx2/16/252/real_time",718464,194.697,194.229,ns,,,"2x16x252",,,2,2,16,252,2,16,2,1,4
"dot/dot_fp32_2x16x2_1x4x2_avx2/16/338/real_time",528296,264.081,263.448,ns,,,"2x16x338",,,2,2,16,338,2,16,2,1,4
"dot/dot_fp32_2x16x2_1x4x2_avx2/32/2/real_time",9168372,15.2732,15.238,ns,,,"2x32x2",,,2,2,16,2,2,32,2,1,4
"dot/dot_fp32_2x16x2_1x4x2_avx2/32/44/real_time",1905152,73.4878,73.3202,ns,,,"2x32x44",,,2,2,16,44,2,32,2,1,4
"dot/dot_fp32_2x16x2_1x4x2_avx2/32/88/real_time",1004714,140.073,139.78,ns,,,"2x32x88",,,2,2,16,88,2,32,2,1,4
"dot/dot_fp32_2x16x2_1x4x2_avx2/32/132/real_time",683875,205.174,204.765,ns,,,"2x32x132",,,2,2,16,132,2,32,2,1,4
"dot/dot_fp32_2x16x2_1x4x2_avx2/32/178/real_time",509379,274.418,273.748,ns,,,"2x32x178",,,2,2,16,178,2,32,2,1,4
"dot/dot_fp32_2x16x2_1x4x2_avx2/64/2/real_time",5697942,24.8841,24.8213,ns,,,"2x64x2",,,2,2,16,2,2,64,2,1,4
"dot/dot_fp32_2x16x2_1x4x2_avx2/64/22/real_time",1824574,76.6617,76.4879,ns,,,"2x64x22",,,2,2,16,22,2,64,2,1,4
"dot/dot_fp32_2x16x2_1x4x2_avx2/64/44/real_time",982036,142.315,141.998,ns,,,"2x64x44",,,2,2,16,44,2,64,2,1,4
"dot/dot_fp32_2x16x2_1x4x2_avx2/64/66/real_time",672935,208.567,208.096,ns,,,"2x64x66",,,2,2,16,66,2,64,2,1,4
"dot/dot_fp32_2x16x2_1x4x2_avx2/64/90/real_time",478295,282.988,282.02,ns,,,"2x64x90",,,2,2,16,90,2,64,2,1,4
"dot/dot_fp32_2x16x2_1x4x2_avx2/128/2/real_time",3293602,43.772,43.6724,ns,,,"2x128x2",,,2,2,16,2,2,128,2,1,4
"dot/dot_fp32_2x16x2_1x4x2_avx2/128/10/real_time",1746884,80.167,80.0056,ns,,,"2x128x10",,,2,2,16,10,2,128,2,1,4
"dot/dot_fp32_2x16x2_1x4x2_avx2/128/22/real_time",941212,148.79,148.475,ns,,,"2x128x22",,,2,2,16,22,2,128,2,1,4
"dot/dot_fp32_2x16x2_1x4x2_avx2/128/32/real_time",669961,209.279,208.825,ns,,,"2x128x32",,,2,2,16,32,2,128,2,1,4
"dot/dot_fp32_2x16x2_1x4x2_avx2/128/44/real_time",498432,282.746,282.154,ns,,,"2x128x44",,,2,2,16,44,2,128,2,1,4
"dot/dot_fp32_1x8x2_1x4x2_avx2/8/2/real_time",18119178,7.72096,7.70353,ns,,,"1x8x2",,,2,1,8,2,1,8,2,1,4
"dot/dot_fp32_1x8x2_1x4x2_avx2/8/170/real_time",2675031,52.5835,52.4652,ns,,,"1x8x170",,,2,1,8,170,1,8,2,1,4
"dot/dot_fp32_1x8x2_1x4x2_avx2/8/340/real_time",1265131,107.816,107.595,ns,,,"1x8x340",,,2,1,8,340,1,8,2,1,4
"dot/dot_fp32_1x8x2_1x4x2_avx2/8/510/real_time",916944,152.94,152.598,ns,,,"1x8x510",,,2,1,8,510,1,8,2,1,4
"dot/dot_fp32_1x8x2_1x4x2_avx2/8/680/real_time",708309,197.577,197.193,ns,,,"1x8x680",,,2,1,8,680,1,8,2,1,4
"dot/dot_fp32_1x8x2_1x4x2_avx2/16/2/real_time",14200986,9.83658,9.81419,ns,,,"1x16x2",,,2,1,8,2,1,16,2,1,4
"dot/dot_fp32_1x8x2_1x4x2_avx2/16/90/real_time",2180063,57.0456,56.9292,ns,,,"1x16x90",,,2,1,8,90,1,16,2,1,4
"dot/dot_fp32_1x8x2_1x4x2_avx2/16/180/real_time",1324590,105.728,105.495,ns,,,"1x16x180",,,2,1,8,180,1,16,2,1,4
"dot/dot_fp32_1x8x2_1x4x2_avx2/16/270/real_time",904135,154.57,154.227,ns,,,"1x16x270",,,2,1,8,270,1,16,2,1,4
"dot/dot_fp32_1x8x2_1x4x2_avx2/16/360/real_time",654816,213.499,213.072,ns,,,"1x16x360",,,2,1,8,360,1,16,2,1,4
"dot/dot_fp32_1x8x2_1x4x2_avx2/32/2/real_time",9415064,14.9995,14.9679,ns,,,"1x32x2",,,2,1,8,2,1,32,2,1,4
"dot/dot_fp32_1x8x2_1x4x2_avx2/32/46/real_time",2209670,60.9334,60.805,ns,,,"1x32x46",,,2,1,8,46,1,32,2,1,4
"dot/dot_fp32_1x8x2_1x4x2_avx2/32/92/real_time",1264757,110.786,110.558,ns,,,"1x32x92",,,2,1,8,92,1,32,2,1,4
"dot/dot_fp32_1x8x2_1x4x2_avx2/32/138/real_time",828483,171.054,170.691,ns,,,"1x32x138",,,2,1,8,138,1,32,2,1,4
"dot/dot_fp32_1x8x2_1x4x2_avx2/32/184/real_time",633229,219.426,218.968,ns,,,"1x32x184",,,2,1,8,184,1,32,2,1,4
"dot/dot_fp32_1x8x2_1x4x2_avx2/64/2/real_time",5640160,24.7007,24.6504,ns,,,"1x64x2",,,2,1,8,2,1,64,2,1,4
"dot/dot_fp32_1x8x2_1x4x2_avx2/64/22/real_time",2185933,65.1109,64.9808,ns,,,"1x64x22",,,2,1,8,22,1,64,2,1,4
"dot/dot_fp32_1x8x2_1x4x2_avx2/64/46/real_time",1208418,115.994,115.744,ns,,,"1x64x46",,,2,1,8,46,1,64,2,1,4
"dot/dot_fp32_1x8x2_1x4x2_avx2/64/68/real_time",809173,172.62,172.264,ns,,,"1x64x68",,,2,1,8,68,1,64,2,1,4
"dot/dot_fp32_1x8x2_1x4x2_avx2/64/92/real_time",622344,230.922,230.417,ns,,,"1x64x92",,,2,1,8,92,1,64,2,1,4
"dot/dot_fp32_3x8x2_1x4x2_avx2/8/2/real_time",12720945,10.9941,10.9722,ns,,,"3x8x2",,,2,3,8,2,3,8,2,1,4
"dot/dot_fp32_3x8x2_1x4x2_avx2/8/138/real_time",1642856,84.8785,84.7049,ns,,,"3x8x138",,,2,3,8,138,3,8,2,1,4
"dot/dot_fp32_3x8x2_1x4x2_avx2/8/278/real_time",856825,164.226,163.877,ns,,,"3x8x278",,,2,3,8,278,3,8,2,1,4
"dot/dot_fp32_3x8x2_1x4x2_avx2/8/416/real_time",570725,246.17,245.651,ns,,,"3x8x416",,,2,3,8,416,3,8,2,1,4
"dot/dot_fp32_3x8x2_1x4x2_avx2/8/556/real_time",433233,324.989,324.324,ns,,,"3x8x556",,,2,3,8,556,3,8,2,1,4
"dot/dot_fp32_3x8x2_1x4x2_avx2/16/2/real_time",9094236,15.357,15.3249,ns,,,"3x16x2",,,2,3,8,2,3,16,2,1,4
"dot/dot_fp32_3x8x2_1x4x2_avx2/16/80/real_time",1422264,98.3106,98.0804,ns,,,"3x16x80",,,2,3,8,80,3,16,2,1,4
"dot/dot_fp32_3x8x2_1x4x2_avx2/16/160/real_time",702462,189.661,189.271,ns,,,"3x16x160",,,2,3,8,160,3,16,2,1,4
"dot/dot_fp32_3x8x2_1x4x2_avx2/16/240/real_time",502294,278.703,278.105,ns,,,"3x16x240",,,2,3,8,240,3,16,2,1,4
"dot/dot_fp32_3x8x2_1x4x2_avx2/16/320/real_time",372527,375.027,374.263,ns,,,"3x16x320",,,2,3,8,320,3,16,2,1,4
"dot/dot_fp32_3x8x2_1x4x2_avx2/32/2/real_time",5789964,24.1779,24.129,ns,,,"3x32x2",,,2,3,8,2,3,32,2,1,4
"dot/dot_fp32_3x8x2_1x4x2_avx2/32/42/real_time",1333612,105.011,104.77,ns,,,"3x32x42",,,2,3,8,42,3,32,2,1,4
"dot/dot_fp32_3x8x2_1x4x2_avx2/32/86/real_time",686257,204.048,203.634,ns,,,"3x32x86",,,2,3,8,86,3,32,2,1,4
"dot/dot_fp32_3x8x2_1x4x2_avx2/32/128/real_time",461709,305.711,305.105,ns,,,"3x32x128",,,2,3,8,128,3,32,2,1,4
"dot/dot_fp32_3x8x2_1x4x2_avx2/32/172/real_time",346479,406.283,405.32,ns,,,"3x32x172",,,2,3,8,172,3,32,2,1,4
"dot/dot_fp32_3x8x2_1x4x2_avx2/64/2/real_time",3370603,41.6097,41.5153,ns,,,"3x64x2",,,2,3,8,2,3,64,2,1,4
"dot/dot_fp32_3x8x2_1x4x2_avx2/64/22/real_time",1189200,117.718,117.487,ns,,,"3x64x22",,,2,3,8,22,3,64,2,1,4
"dot/dot_fp32_3x8x2_1x4x2_avx2/64/44/real_time",645003,217.508,217.09,ns,,,"3x64x44",,,2,3,8,44,3,64,2,1,4
"dot/dot_fp32_3x8x2_1x4x2_avx2/64/66/real_time",437801,319.431,318.808,ns,,,"3x64x66",,,2,3,8,66,3,64,2,1,4
"dot/dot_fp32_3x8x2_1x4x2_avx2/64/88/real_time",334245,438.229,437.27,ns,,,"3x64x88",,,2,3,8,88,3,64,2,1,4
"dot/dot_fp32_4x8x2_1x4x2_avx2/8/2/real_time",11348761,12.3188,12.2928,ns,,,"4x8x2",,,2,4,8,2,4,8,2,1,4
"dot/dot_fp32_4x8x2_1x4x2_avx2/8/126/real_time",1378442,101.566,101.349,ns,,,"4x8x126",,,2,4,8,126,4,8,2,1,4
"dot/dot_fp32_4x8x2_1x4x2_avx2/8/254/real_time",710168,197.317,196.923,ns,,,"4x8x254",,,2,4,8,254,4,8,2,1,4
"dot/dot_fp32_4x8x2_1x4x2_avx2/8/380/real_time",480296,291.652,291.093,ns,,,"4x8x380",,,2,4,8,380,4,8,2,1,4
"dot/dot_fp32_4x8x2_1x4x2_avx2/8/508/real_time",355388,392.281,391.484,ns,,,"4x8x508",,,2,4,8,508,4,8,2,1,4
"dot/dot_fp32_4x8x2_1x4x2_avx2/16/2/real_time",7973863,17.5528,17.5136,ns,,,"4x16x2",,,2,4,8,2,4,16,2,1,4
"dot/dot_fp32_4x8x2_1x4x2_avx2/16/76/real_time",1146875,122.109,121.865,ns,,,"4x16x76",,,2,4,8,76,4,16,2,1,4
"dot/dot_fp32_4x8x2_1x4x2_avx2/16/152/real_time",593907,235.798,235.331,ns,,,"4x16x152",,,2,4,8,152,4,16,2,1,4
"dot/dot_fp32_4x8x2_1x4x2_avx2/16/228/real_time",394524,358.303,357.569,ns,,,"4x16x228",,,2,4,8,228,4,16,2,1,4
"dot/dot_fp32_4x8x2_1x4x2_avx2/16/304/real_time",276998,469.586,468.65,ns,,,"4x16x304",,,2,4,8,304,4,16,2,1,4
"dot/dot_fp32_4x8x2_1x4x2_avx2/32/2/real_time",4982895,27.94,27.8807,ns,,,"4x32x2",,,2,4,8,2,4,32,2,1,4
"dot/dot_fp32_4x8x2_1x4x2_avx2/32/40/real_time",1062403,131.785,131.522,ns,,,"4x32x40",,,2,4,8,40,4,32,2,1,4
"dot/dot_fp32_4x8x2_1x4x2_avx2/32/82/real_time",481064,257.053,256.525,ns,,,"4x32x82",,,2,4,8,82,4,32,2,1,4
"dot/dot_fp32_4x8x2_1x4x2_avx2/32/124/real_time",365674,389.807,388.965,ns,,,"4x32x124",,,2,4,8,124,4,32,2,1,4
"dot/dot_fp32_4x8x2_1x4x2_avx2/32/166/real_time",271893,516.355,515.349,ns,,,"4x32x166",,,2,4,8,166,4,32,2,1,4
"dot/dot_fp32_4x8x2_1x4x2_avx2/64/2/real_time",2881386,48.6077,48.5099,ns,,,"4x64x2",,,2,4,8,2,4,64,2,1,4
"dot/dot_fp32_4x8x2_1x4x2_avx2/64/20/real_time",1005135,139.142,138.845,ns,,,"4x64x20",,,2,4,8,20,4,64,2,1,4
"dot/dot_fp32_4x8x2_1x4x2_avx2/64/42/real_time",519297,269.97,269.371,ns,,,"4x64x42",,,2,4,8,42,4,64,2,1,4
"dot/dot_fp32_4x8x2_1x4x2_avx2/64/64/real_time",342050,409.591,408.735,ns,,,"4x64x64",,,2,4,8,64,4,64,2,1,4
"dot/dot_fp32_4x8x2_1x4x2_avx2/64/86/real_time",259224,648.826,647.051,ns,,,"4x64x86",,,2,4,8,86,4,64,2,1,4
"dot/dot_fp32_5x8x2_1x4x2_avx2/8/2/real_time",8496611,15.5154,15.4806,ns,,,"5x8x2",,,2,5,8,2,5,8,2,1,4
"dot/dot_fp32_5x8x2_1x4x2_avx2/8/116/real_time",1200531,116.689,116.452,ns,,,"5x8x116",,,2,5,8,116,5,8,2,1,4
"dot/dot_fp32_5x8x2_1x4x2_avx2/8/234/real_time",616068,231.651,231.196,ns,,,"5x8x234",,,2,5,8,234,5,8,2,1,4
"dot/dot_fp32_5x8x2_1x4x2_avx2/8/350/real_time",411407,337.159,336.487,ns,,,"5x8x350",,,2,5,8,350,5,8,2,1,4
"dot/dot_fp32_5x8x2_1x4x2_avx2/8/468/real_time",310609,450.406,449.518,ns,,,"5x8x468",,,2,5,8,468,5,8,2,1,4
"dot/dot_fp32_5x8x2_1x4x2_avx2/16/2/real_time",7041750,19.9691,19.9244,ns,,,"5x16x2",,,2,5,8,2,5,16,2,1,4
"dot/dot_fp32_5x8x2_1x4x2_avx2/16/72/real_time",962885,145.454,145.066,ns,,,"5x16x72",,,2,5,8,72,5,16,2,1,4
"dot/dot_fp32_5x8x2_1x4x2_avx2/16/144/real_time",499914,280.082,279.529,ns,,,"5x16x144",,,2,5,8,144,5,16,2,1,4
"dot/dot_fp32_5x8x2_1x4x2_avx2/16/216/real_time",337787,414.569,413.663,ns,,,"5x16x216",,,2,5,8,216,5,16,2,1,4
"dot/dot_fp32_5x8x2_1x4x2_avx2/16/288/real_time",238882,552.34,551.161,ns,,,"5x16x288",,,2,5,8,288,5,16,2,1,4
"dot/dot_fp32_5x8x2_1x4x2_avx2/32/2/real_time",4355064,32.1384,32.0707,ns,,,"5x32x2",,,2,5,8,2,5,32,2,1,4
"dot/dot_fp32_5x8x2_1x4x2_avx2/32/40/real_time",849816,164.82,164.475,ns,,,"5x32x40",,,2,5,8,40,5,32,2,1,4
"dot/dot_fp32_5x8x2_1x4x2_avx2/32/80/real_time",445096,314.465,313.845,ns,,,"5x32x80",,,2,5,8,80,5,32,2,1,4
"dot/dot_fp32_5x8x2_1x4x2_avx2/32/120/real_time",301880,463.768,462.911,ns,,,"5x32x120",,,2,5,8,120,5,32,2,1,4
"dot/dot_fp32_5x8x2_1x4x2_avx2/32/160/real_time",225721,621.216,620.011,ns,,,"5x32x160",,,2,5,8,160,5,32,2,1,4
"dot/dot_fp32_5x8x2_1x4x2_avx2/64/2/real_time",2483003,56.3781,56.2643,ns,,,"5x64x2",,,2,5,8,2,5,64,2,1,4
"dot/dot_fp32_5x8x2_1x4x2_avx2/64/20/real_time",807676,173.683,173.32,ns,,,"5x64x20",,,2,5,8,20,5,64,2,1,4
"dot/dot_fp32_5x8x2_1x4x2_avx2/64/42/real_time",413960,338.177,337.507,ns,,,"5x64x42",,,2,5,8,42,5,64,2,1,4
"dot/dot_fp32_5x8x2_1x4x2_avx2/64/62/real_time",282955,494.847,493.79,ns,,,"5x64x62",,,2,5,8,62,5,64,2,1,4
"dot/dot_fp32_5x8x2_1x4x2_avx2/64/84/real_time",212282,659.36,658.003,ns,,,"5x64x84",,,2,5,8,84,5,64,2,1,4
"dot/dot_fp32_6x8x2_1x4x2_avx2/8/2/real_time",9143753,15.67,15.6364,ns,,,"6x8x2",,,2,6,8,2,6,8,2,1,4
"dot/dot_fp32_6x8x2_1x4x2_avx2/8/108/real_time",1075754,130.158,129.888,ns,,,"6x8x108",,,2,6,8,108,6,8,2,1,4
"dot/dot_fp32_6x8x2_1x4x2_avx2/8/216/real_time",558183,251.054,250.574,ns,,,"6x8x216",,,2,6,8,216,6,8,2,1,4
"dot/dot_fp32_6x8x2_1x4x2_avx2/8/324/real_time",375242,378.458,377.684,ns,,,"6x8x324",,,2,6,8,324,6,8,2,1,4
"dot/dot_fp32_6x8x2_1x4x2_avx2/8/434/real_time",280846,498.765,497.767,ns,,,"6x8x434",,,2,6,8,434,6,8,2,1,4
"dot/dot_fp32_6x8x2_1x4x2_avx2/16/2/real_time",6122239,22.6463,22.5947,ns,,,"6x16x2",,,2,6,8,2,6,16,2,1,4
"dot/dot_fp32_6x8x2_1x4x2_avx2/16/68/real_time",847598,165.161,164.831,ns,,,"6x16x68",,,2,6,8,68,6,16,2,1,4
"dot/dot_fp32_6x8x2_1x4x2_avx2/16/136/real_time",430271,317.246,316.57,ns,,,"6x16x136",,,2,6,8,136,6,16,2,1,4
"dot/dot_fp32_6x8x2_1x4x2_avx2/16/204/real_time",298520,469.132,468.141,ns,,,"6x16x204",,,2,6,8,204,6,16,2,1,4
"dot/dot_fp32_6x8x2_1x4x2_avx2/16/274/real_time",223799,625.363,624.124,ns,,,"6x16x274",,,2,6,8,274,6,16,2,1,4
"dot/dot_fp32_6x8x2_1x4x2_avx2/32/2/real_time",3844784,36.392,36.3219,ns,,,"6x32x2",,,2,6,8,2,6,32,2,1,4
"dot/dot_fp32_6x8x2_1x4x2_avx2/32/38/real_time",736236,190.28,189.895,ns,,,"6x32x38",,,2,6,8,38,6,32,2,1,4
"dot/dot_fp32_6x8x2_1x4x2_avx2/32/78/real_time",379603,369.113,368.308,ns,,,"6x32x78",,,2,6,8,78,6,32,2,1,4
"dot/dot_fp32_6x8x2_1x4x2_avx2/32/116/real_time",259910,538.658,537.604,ns,,,"6x32x116",,,2,6,8,116,6,32,2,1,4
"dot/dot_fp32_6x8x2_1x4x2_avx2/32/156/real_time",193741,724.23,722.664,ns,,,"6x32x156",,,2,6,8,156,6,32,2,1,4
"dot/dot_fp32_6x8x2_1x4x2_avx2/64/2/real_time",2177349,64.2752,64.1489,ns,,,"6x64x2",,,2,6,8,2,6,64,2,1,4
"dot/dot_fp32_6x8x2_1x4x2_avx2/64/20/real_time",653205,214.309,213.876,ns,,,"6x64x20",,,2,6,8,20,6,64,2,1,4
"dot/dot_fp32_6x8x2_1x4x2_avx2/64/40/real_time",356519,392.759,391.96,ns,,,"6x64x40",,,2,6,8,40,6,64,2,1,4
"dot/dot_fp32_6x8x2_1x4x2_avx2/64/60/real_time",242687,576.709,575.518,ns,,,"6x64x60",,,2,6,8,60,6,64,2,1,4
"dot/dot_fp32_6x8x2_1x4x2_avx2/64/82/real_time",180732,774.526,772.924,ns,,,"6x64x82",,,2,6,8,82,6,64,2,1,4
"dot/dot_fp32_4x4x2_1x4x2_avx2/4/2/real_time",12437252,10.9745,10.9485,ns,,,"4x4x2",,,2,4,4,2,4,4,2,1,4
"dot/dot_fp32_4x4x2_1x4x2_avx2/4/190/real_time",1624938,85.9983,85.8288,ns,,,"4x4x190",,,2,4,4,190,4,4,2,1,4
"dot/dot_fp32_4x4x2_1x4x2_avx2/4/382/real_time",853969,164.062,163.72,ns,,,"4x4x382",,,2,4,4,382,4,4,2,1,4
"dot/dot_fp32_4x4x2_1x4x2_avx2/4/574/real_time",561681,248.589,248.051,ns,,,"4x4x574",,,2,4,4,574,4,4,2,1,4
"dot/dot_fp32_4x4x2_1x4x2_avx2/4/766/real_time",428862,326.817,326.152,ns,,,"4x4x766",,,2,4,4,766,4,4,2,1,4
"dot/dot_fp32_4x4x2_1x4x2_avx2/8/2/real_time",9002448,15.533,15.5002,ns,,,"4x8x2",,,2,4,4,2,4,8,2,1,4
"dot/dot_fp32_4x4x2_1x4x2_avx2/8/126/real_time",1230832,114.761,114.487,ns,,,"4x8x126",,,2,4,4,126,4,8,2,1,4
"dot/dot_fp32_4x4x2_1x4x2_avx2/8/254/real_time",608609,218.02,217.553,ns,,,"4x8x254",,,2,4,4,254,4,8,2,1,4
"dot/dot_fp32_4x4x2_1x4x2_avx2/8/380/real_time",435981,329.172,328.46,ns,,,"4x8x380",,,2,4,4,380,4,8,2,1,4
"dot/dot_fp32_4x4x2_1x4x2_avx2/8/508/real_time",315227,445.804,444.789,ns,,,"4x8x508",,,2,4,4,508,4,8,2,1,4
"dot/dot_fp32_4x4x2_1x4x2_avx2/16/2/real_time",5754884,24.4097,24.3475,ns,,,"4x16x2",,,2,4,4,2,4,16,2,1,4
"dot/dot_fp32_4x4x2_1x4x2_avx2/16/76/real_time",984232,140.563,140.242,ns,,,"4x16x76",,,2,4,4,76,4,16,2,1,4
"dot/dot_fp32_4x4x2_1x4x2_avx2/16/152/real_time",515890,272.765,272.195,ns,,,"4x16x152",,,2,4,4,152,4,16,2,1,4
"dot/dot_fp32_4x4x2_1x4x2_avx2/16/228/real_time",353069,396.983,396.127,ns,,,"4x16x228",,,2,4,4,228,4,16,2,1,4
"dot/dot_fp32_4x4x2_1x4x2_avx2/16/304/real_time",257154,549.384,548.209,ns,,,"4x16x304",,,2,4,4,304,4,16,2,1,4
"dot/dot_fp32_4x4x2_1x4x2_avx2/32/2/real_time",3354961,41.8227,41.7316,ns,,,"4x32x2",,,2,4,4,2,4,32,2,1,4
"dot/dot_fp32_4x4x2_1x4x2_avx2/32/40/real_time",878162,159.629,159.29,ns,,,"4x32x40",,,2,4,4,40,4,32,2,1,4
"dot/dot_fp32_4x4x2_1x4x2_avx2/32/82/real_time",461498,303.287,302.672,ns,,,"4x32x82",,,2,4,4,82,4,32,2,1,4
"dot/dot_fp32_4x4x2_1x4x2_avx2/32/124/real_time",317490,439.537,438.538,ns,,,"4x32x124",,,2,4,4,124,4,32,2,1,4
"dot/dot_fp32_4x4x2_1x4x2_avx2/32/166/real_time",242771,577.355,576.205,ns,,,"4x32x166",,,2,4,4,166,4,32,2,1,4
"dot/dot_fp32_5x4x2_1x4x2_avx2/4/2/real_time",11204286,12.5392,12.5117,ns,,,"5x4x2",,,2,5,4,2,5,4,2,1,4
"dot/dot_fp32_5x4x2_1x4x2_avx2/4/170/real_time",1556774,91.674,91.4938,ns,,,"5x4x170",,,2,5,4,170,5,4,2,1,4
"dot/dot_fp32_5x4x2_1x4x2_avx2/4/340/real_time",810368,174.138,173.773,ns,,,"5x4x340",,,2,5,4,340,5,4,2,1,4
"dot/dot_fp32_5x4x2_1x4x2_avx2/4/510/real_time",545723,255.274,254.754,ns,,,"5x4x510",,,2,5,4,510,5,4,2,1,4
"dot/dot_fp32_5x4x2_1x4x2_avx2/4/680/real_time",412594,337.21,336.494,ns,,,"5x4x680",,,2,5,4,680,5,4,2,1,4
"dot/dot_fp32_5x4x2_1x4x2_avx2/8/2/real_time",7870640,17.7279,17.6949,ns,,,"5x8x2",,,2,5,4,2,5,8,2,1,4
"dot/dot_fp32_5x4x2_1x4x2_avx2/8/116/real_time",1147910,123.839,123.564,ns,,,"5x8x116",,,2,5,4,116,5,8,2,1,4
"dot/dot_fp32_5x4x2_1x4x2_avx2/8/234/real_time",604778,231.707,231.226,ns,,,"5x8x234",,,2,5,4,234,5,8,2,1,4
"dot/dot_fp32_5x4x2_1x4x2_avx2/8/350/real_time",401001,355.958,355.213,ns,,,"5x8x350",,,2,5,4,350,5,8,2,1,4
"dot/dot_fp32_5x4x2_1x4x2_avx2/8/468/real_time",300669,495.508,494.45,ns,,,"5x8x468",,,2,5,4,468,5,8,2,1,4
"dot/dot_fp32_5x4x2_1x4x2_avx2/16/2/real_time",5018674,27.982,27.9212,ns,,,"5x16x2",,,2,5,4,2,5,16,2,1,4
"dot/dot_fp32_5x4x2_1x4x2_avx2/16/72/real_time",890868,156.203,155.888,ns,,,"5x16x72",,,2,5,4,72,5,16,2,1,4
"dot/dot_fp32_5x4x2_1x4x2_avx2/16/144/real_time",432551,308.804,308.153,ns,,,"5x16x144",,,2,5,4,144,5,16,2,1,4
"dot/dot_fp32_5x4x2_1x4x2_avx2/16/216/real_time",324233,439.176,438.238,ns,,,"5x16x216",,,2,5,4,216,5,16,2,1,4
"dot/dot_fp32_5x4x2_1x4x2_avx2/16/288/real_time",237775,590.804,589.547,ns,,,"5x16x288",,,2,5,4,288,5,16,2,1,4
"dot/dot_fp32_5x4x2_1x4x2_avx2/32/2/real_time",2877087,48.6289,48.5279,ns,,,"5x32x2",,,2,5,4,2,5,32,2,1,4
"dot/dot_fp32_5x4x2_1x4x2_avx2/32/40/real_time",746304,189.061,188.694,ns,,,"5x32x40",,,2,5,4,40,5,32,2,1,4
"dot/dot_fp32_5x4x2_1x4x2_avx2/32/80/real_time",390820,359.534,358.779,ns,,,"5x32x80",,,2,5,4,80,5,32,2,1,4
"dot/dot_fp32_5x4x2_1x4x2_avx2/32/120/real_time",284262,507.394,506.385,ns,,,"5x32x120",,,2,5,4,120,5,32,2,1,4
"dot/dot_fp32_5x4x2_1x4x2_avx2/32/160/real_time",204150,677.808,676.435,ns,,,"5x32x160",,,2,5,4,160,5,32,2,1,4
"dot/dot_fp32_6x4x2_1x4x2_avx2/4/2/real_time",10109295,13.8747,13.845,ns,,,"6x4x2",,,2,6,4,2,6,4,2,1,4
"dot/dot_fp32_6x4x2_1x4x2_avx2/4/152/real_time",1393095,100.617,100.42,ns,,,"6x4x152",,,2,6,4,152,6,4,2,1,4
"dot/dot_fp32_6x4x2_1x4x2_avx2/4/306/real_time",752932,185.628,185.214,ns,,,"6x4x306",,,2,6,4,306,6,4,2,1,4
"dot/dot_fp32_6x4x2_1x4x2_avx2/4/458/real_time",513553,279.513,278.893,ns,,,"6x4x458",,,2,6,4,458,6,4,2,1,4
"dot/dot_fp32_6x4x2_1x4x2_avx2/4/612/real_time",389352,359.577,358.836,ns,,,"6x4x612",,,2,6,4,612,6,4,2,1,4
"dot/dot_fp32_6x4x2_1x4x2_avx2/8/2/real_time",7103721,19.7025,19.6576,ns,,,"6x8x2",,,2,6,4,2,6,8,2,1,4
"dot/dot_fp32_6x4x2_1x4x2_avx2/8/108/real_time",1030109,137.096,136.807,ns,,,"6x8x108",,,2,6,4,108,6,8,2,1,4
"dot/dot_fp32_6x4x2_1x4x2_avx2/8/216/real_time",537438,257.03,256.495,ns,,,"6x8x216",,,2,6,4,216,6,8,2,1,4
"dot/dot_fp32_6x4x2_1x4x2_avx2/8/324/real_time",362324,385.389,384.592,ns,,,"6x8x324",,,2,6,4,324,6,8,2,1,4
"dot/dot_fp32_6x4x2_1x4x2_avx2/8/434/real_time",269771,517.831,516.68,ns,,,"6x8x434",,,2,6,4,434,6,8,2,1,4
"dot/dot_fp32_6x4x2_1x4x2_avx2/16/2/real_time",4430389,31.2146,31.1337,ns,,,"6x16x2",,,2,6,4,2,6,16,2,1,4
"dot/dot_fp32_6x4x2_1x4x2_avx2/16/68/real_time",801810,174.727,174.357,ns,,,"6x16x68",,,2,6,4,68,6,16,2,1,4
"dot/dot_fp32_6x4x2_1x4x2_avx2/16/136/real_time",421147,338.881,338.172,ns,,,"6x16x136",,,2,6,4,136,6,16,2,1,4
"dot/dot_fp32_6x4x2_1x4x2_avx2/16/204/real_time",287352,487.048,486.046,ns,,,"6x16x204",,,2,6,4,204,6,16,2,1,4
"dot/dot_fp32_6x4x2_1x4x2_avx2/16/274/real_time",217287,644.956,643.548,ns,,,"6x16x274",,,2,6,4,274,6,16,2,1,4
"dot/dot_fp32_6x4x2_1x4x2_avx2/32/2/real_time",2529334,55.2887,55.1784,ns,,,"6x32x2",,,2,6,4,2,6,32,2,1,4
"dot/dot_fp32_6x4x2_1x4x2_avx2/32/38/real_time",662893,211.425,210.981,ns,,,"6x32x38",,,2,6,4,38,6,32,2,1,4
"dot/dot_fp32_6x4x2_1x4x2_avx2/32/78/real_time",353713,395.802,394.987,ns,,,"6x32x78",,,2,6,4,78,6,32,2,1,4
"dot/dot_fp32_6x4x2_1x4x2_avx2/32/116/real_time",247894,564.827,563.627,ns,,,"6x32x116",,,2,6,4,116,6,32,2,1,4
"dot/dot_fp32_6x4x2_1x4x2_avx2/32/156/real_time",187963,744.714,743.187,ns,,,"6x32x156",,,2,6,4,156,6,32,2,1,4
"dot/dot_fp32_8x4x2_1x4x2_avx2/4/2/real_time",9717088,14.4533,14.4213,ns,,,"8x4x2",,,2,8,4,2,8,4,2,1,4
"dot/dot_fp32_8x4x2_1x4x2_avx2/4/126/real_time",1322835,105.973,105.739,ns,,,"8x4x126",,,2,8,4,126,8,4,2,1,4
"dot/dot_fp32_8x4x2_1x4x2_avx2/4/254/real_time",693374,202.04,201.63,ns,,,"8x4x254",,,2,8,4,254,8,4,2,1,4
"dot/dot_fp32_8x4x2_1x4x2_avx2/4/380/real_time",472463,296.619,296.008,ns,,,"8x4x380",,,2,8,4,380,8,4,2,1,4
"dot/dot_fp32_8x4x2_1x4x2_avx2/4/508/real_time",352881,400.923,400.041,ns,,,"8x4x508",,,2,8,4,508,8,4,2,1,4
"dot/dot_fp32_8x4x2_1x4x2_avx2/8/2/real_time",6963187,20.1026,20.0604,ns,,,"8x8x2",,,2,8,4,2,8,8,2,1,4
"dot/dot_fp32_8x4x2_1x4x2_avx2/8/94/real_time",894808,156.254,155.914,ns,,,"8x8x94",,,2,8,4,94,8,8,2,1,4
"dot/dot_fp32_8x4x2_1x4x2_avx2/8/190/real_time",455445,301.536,300.782,ns,,,"8x8x190",,,2,8,4,190,8,8,2,1,4
"dot/dot_fp32_8x4x2_1x4x2_avx2/8/284/real_time",315257,443.894,442.988,ns,,,"8x8x284",,,2,8,4,284,8,8,2,1,4
"dot/dot_fp32_8x4x2_1x4x2_avx2/8/380/real_time",238979,585.976,584.728,ns,,,"8x8x380",,,2,8,4,380,8,8,2,1,4
"dot/dot_fp32_8x4x2_1x4x2_avx2/16/2/real_time",4449132,31.3552,31.2787,ns,,,"8x16x2",,,2,8,4,2,8,16,2,1,4
"dot/dot_fp32_8x4x2_1x4x2_avx2/16/62/real_time",666707,209.981,209.554,ns,,,"8x16x62",,,2,8,4,62,8,16,2,1,4
"dot/dot_fp32_8x4x2_1x4x2_avx2/16/124/real_time",327887,395.316,394.471,ns,,,"8x16x124",,,2,8,4,124,8,16,2,1,4
"dot/dot_fp32_8x4x2_1x4x2_avx2/16/186/real_time",238264,587.265,586.093,ns,,,"8x16x186",,,2,8,4,186,8,16,2,1,4
"dot/dot_fp32_8x4x2_1x4x2_avx2/16/250/real_time",174729,800.593,798.902,ns,,,"8x16x250",,,2,8,4,250,8,16,2,1,4
"dot/dot_fp32_8x4x2_1x4x2_avx2/32/2/real_time",2545385,55.0351,54.9281,ns,,,"8x32x2",,,2,8,4,2,8,32,2,1,4
"dot/dot_fp32_8x4x2_1x4x2_avx2/32/36/real_time",533076,263.168,262.624,ns,,,"8x32x36",,,2,8,4,36,8,32,2,1,4
"dot/dot_fp32_8x4x2_1x4x2_avx2/32/72/real_time",292628,477.704,476.79,ns,,,"8x32x72",,,2,8,4,72,8,32,2,1,4
"dot/dot_fp32_8x4x2_1x4x2_avx2/32/108/real_time",201846,693.314,691.87,ns,,,"8x32x108",,,2,8,4,108,8,32,2,1,4
"dot/dot_fp32_8x4x2_1x4x2_avx2/32/146/real_time",151874,921.794,919.936,ns,,,"8x32x146",,,2,8,4,146,8,32,2,1,4
"dot/dot_fp32_1x32x1_1x8x1_avx/32/1/real_time",18351115,7.55648,7.5416,ns,,,"1x32x1",,,1,1,32,1,1,32,1,1,8
"dot/dot_fp32_1x32x1_1x8x1_avx/32/46/real_time",3222423,46.571,46.4654,ns,,,"1x32x46",,,1,1,32,46,1,32,1,1,8
"dot/dot_fp32_1x32x1_1x8x1_avx/32/92/real_time",1712111,81.6282,81.4644,ns,,,"1x32x92",,,1,1,32,92,1,32,1,1,8
"dot/dot_fp32_1x32x1_1x8x1_avx/32/138/real_time",1156235,121.151,120.901,ns,,,"1x32x138",,,1,1,32,138,1,32,1,1,8
"dot/dot_fp32_1x32x1_1x8x1_avx/32/185/real_time",865858,161.678,161.352,ns,,,"1x32x185",,,1,1,32,185,1,32,1,1,8
"dot/dot_fp32_1x32x1_1x8x1_avx/64/1/real_time",13954422,10.044,10.0237,ns,,,"1x64x1",,,1,1,32,1,1,64,1,1,8
"dot/dot_fp32_1x32x1_1x8x1_avx/64/23/real_time",3196583,44.9804,44.881,ns,,,"1x64x23",,,1,1,32,23,1,64,1,1,8
"dot/dot_fp32_1x32x1_1x8x1_avx/64/46/real_time",1254726,85.9032,85.7167,ns,,,"1x64x46",,,1,1,32,46,1,64,1,1,8
"dot/dot_fp32_1x32x1_1x8x1_avx/64/69/real_time",1133578,123.508,123.226,ns,,,"1x64x69",,,1,1,32,69,1,64,1,1,8
"dot/dot_fp32_1x32x1_1x8x1_avx/64/93/real_time",837512,166.895,166.558,ns,,,"1x64x93",,,1,1,32,93,1,64,1,1,8
"dot/dot_fp32_1x32x1_1x8x1_avx/128/1/real_time",8974948,15.5971,15.5633,ns,,,"1x128x1",,,1,1,32,1,1,128,1,1,8
"dot/dot_fp32_1x32x1_1x8x1_avx/128/11/real_time",3213760,43.5001,43.4072,ns,,,"1x128x11",,,1,1,32,11,1,128,1,1,8
"dot/dot_fp32_1x32x1_1x8x1_avx/128/23/real_time",1591046,87.908,87.7279,ns,,,"1x128x23",,,1,1,32,23,1,128,1,1,8
"dot/dot_fp32_1x32x1_1x8x1_avx/128/34/real_time",1139459,122.938,122.677,ns,,,"1x128x34",,,1,1,32,34,1,128,1,1,8
"dot/dot_fp32_1x32x1_1x8x1_avx/128/46/real_time",824700,169.871,169.49,ns,,,"1x128x46",,,1,1,32,46,1,128,1,1,8
"dot/dot_fp32_1x32x1_1x8x1_avx/256/1/real_time",5533083,25.3386,25.2855,ns,,,"1x256x1",,,1,1,32,1,1,256,1,1,8
"dot/dot_fp32_1x32x1_1x8x1_avx/256/5/real_time",3151346,44.1924,44.1036,ns,,,"1x256x5",,,1,1,32,5,1,256,1,1,8
"dot/dot_fp32_1x32x1_1x8x1_avx/256/11/real_time",1668533,83.9367,83.7614,ns,,,"1x256x11",,,1,1,32,11,1,256,1,1,8
"dot/dot_fp32_1x32x1_1x8x1_avx/256/16/real_time",1124137,124.713,124.462,ns,,,"1x256x16",,,1,1,32,16,1,256,1,1,8
"dot/dot_fp32_1x32x1_1x8x1_avx/256/22/real_time",842928,166.12,165.779,ns,,,"1x256x22",,,1,1,32,22,1,256,1,1,8
"dot/dot_fp32_2x32x1_1x8x1_avx/32/1/real_time",13842637,10.1149,10.0936,ns,,,"2x32x1",,,1,2,32,1,2,32,1,1,8
"dot/dot_fp32_2x32x1_1x8x1_avx/32/44/real_time",1944678,71.979,71.8305,ns,,,"2x32x44",,,1,2,32,44,2,32,1,1,8
"dot/dot_fp32_2x32x1_1x8x1_avx/32/89/real_time",1005436,143.053,142.757,ns,,,"2x32x89",,,1,2,32,89,2,32,1,1,8
"dot/dot_fp32_2x32x1_1x8x1_avx/32/133/real_time",681836,205.705,205.227,ns,,,"2x32x133",,,1,2,32,133,2,32,1,1,8
"dot/dot_fp32_2x32x1_1x8x1_avx/32/178/real_time",514063,272.493,271.93,ns,,,"2x32x178",,,1,2,32,178,2,32,1,1,8
"dot/dot_fp32_2x32x1_1x8x1_avx/64/1/real_time",10022508,14.1086,14.0814,ns,,,"2x64x1",,,1,2,32,1,2,64,1,1,8
"dot/dot_fp32_2x32x1_1x8x1_avx/64/22/real_time",1945746,71.9566,71.8055,ns,,,"2x64x22",,,1,2,32,22,2,64,1,1,8
"dot/dot_fp32_2x32x1_1x8x1_avx/64/45/real_time",993077,141.193,140.9,ns,,,"2x64x45",,,1,2,32,45,2,64,1,1,8
"dot/dot_fp32_2x32x1_1x8x1_avx/64/68/real_time",666373,210.066,209.634,ns,,,"2x64x68",,,1,2,32,68,2,64,1,1,8
"dot/dot_fp32_2x32x1_1x8x1_avx/64/91/real_time",501202,279.313,278.613,ns,,,"2x64x91",,,1,2,32,91,2,64,1,1,8
"dot/dot_fp32_2x32x1_1x8x1_avx/128/1/real_time",6332974,22.1024,22.0545,ns,,,"2x128x1",,,1,2,32,1,2,128,1,1,8
"dot/dot_fp32_2x32x1_1x8x1_avx/128/11/real_time",1941906,72.0671,71.9238,ns,,,"2x128x11",,,1,2,32,11,2,128,1,1,8
"dot/dot_fp32_2x32x1_1x8x1_avx/128/22/real_time",1006985,138.826,138.534,ns,,,"2x128x22",,,1,2,32,22,2,128,1,1,8
"dot/dot_fp32_2x32x1_1x8x1_avx/128/33/real_time",684856,204.587,204.144,ns,,,"2x128x33",,,1,2,32,33,2,128,1,1,8
"dot/dot_fp32_2x32x1_1x8x1_avx/128/45/real_time",492283,284.019,283.452,ns,,,"2x128x45",,,1,2,32,45,2,128,1,1,8
"dot/dot_fp32_2x32x1_1x8x1_avx/256/1/real_time",3651732,38.2867,38.2063,ns,,,"2x256x1",,,1,2,32,1,2,256,1,1,8
"dot/dot_fp32_2x32x1_1x8x1_avx/256/5/real_time",1841069,76.0573,75.8989,ns,,,"2x256x5",,,1,2,32,5,2,256,1,1,8
"dot/dot_fp32_2x32x1_1x8x1_avx/256/10/real_time",1105127,126.789,126.513,ns,,,"2x256x10",,,1,2,32,10,2,256,1,1,8
"dot/dot_fp32_2x32x1_1x8x1_avx/256/15/real_time",746688,191.113,190.686,ns,,,"2x256x15",,,1,2,32,15,2,256,1,1,8
"dot/dot_fp32_2x32x1_1x8x1_avx/256/21/real_time",504910,277.468,276.912,ns,,,"2x256x21",,,1,2,32,21,2,256,1,1,8
"dot/dot_fp32_1x16x1_1x8x1_avx/16/1/real_time",18836272,7.55487,7.53844,ns,,,"1x16x1",,,1,1,16,1,1,16,1,1,8
"dot/dot_fp32_1x16x1_1x8x1_avx/16/90/real_time",2540923,55.1338,55.0222,ns,,,"1x16x90",,,1,1,16,90,1,16,1,1,8
"dot/dot_fp32_1x16x1_1x8x1_avx/16/180/real_time",1349255,103.916,103.703,ns,,,"1x16x180",,,1,1,16,180,1,16,1,1,8
"dot/dot_fp32_1x16x1_1x8x1_avx/16/270/real_time",861657,161.261,160.941,ns,,,"1x16x270",,,1,1,16,270,1,16,1,1,8
"dot/dot_fp32_1x16x1_1x8x1_avx/16/360/real_time",663770,209.664,209.235,ns,,,"1x16x360",,,1,1,16,360,1,16,1,1,8
"dot/dot_fp32_1x16x1_1x8x1_avx/32/1/real_time",14731847,9.51596,9.49188,ns,,,"1x32x1",,,1,1,16,1,1,32,1,1,8
"dot/dot_fp32_1x16x1_1x8x1_avx/32/46/real_time",2018807,66.1546,66.0157,ns,,,"1x32x46",,,1,1,16,46,1,32,1,1,8
"dot/dot_fp32_1x16x1_1x8x1_avx/32/92/real_time",1071575,118.365,118.107,ns,,,"1x32x92",,,1,1,16,92,1,32,1,1,8
"dot/dot_fp32_1x16x1_1x8x1_avx/32/138/real_time",888171,157.79,157.471,ns,,,"1x32x138",,,1,1,16,138,1,32,1,1,8
"dot/dot_fp32_1x16x1_1x8x1_avx/32/185/real_time",640890,219.782,219.324,ns,,,"1x32x185",,,1,1,16,185,1,32,1,1,8
"dot/dot_fp32_1x16x1_1x8x1_avx/64/1/real_time",9838218,14.1768,14.1473,ns,,,"1x64x1",,,1,1,16,1,1,64,1,1,8
"dot/dot_fp32_1x16x1_1x8x1_avx/64/23/real_time",2310665,61.2203,61.0947,ns,,,"1x64x23",,,1,1,16,23,1,64,1,1,8
"dot/dot_fp32_1x16x1_1x8x1_avx/64/46/real_time",1266007,110.899,110.63,ns,,,"1x64x46",,,1,1,16,46,1,64,1,1,8
"dot/dot_fp32_1x16x1_1x8x1_avx/64/69/real_time",806980,172.766,172.429,ns,,,"1x64x69",,,1,1,16,69,1,64,1,1,8
"dot/dot_fp32_1x16x1_1x8x1_avx/64/93/real_time",625235,226.016,225.555,ns,,,"1x64x93",,,1,1,16,93,1,64,1,1,8
"dot/dot_fp32_1x16x1_1x8x1_avx/128/1/real_time",5927009,23.5316,23.4777,ns,,,"1x128x1",,,1,1,16,1,1,128,1,1,8
"dot/dot_fp32_1x16x1_1x8x1_avx/128/11/real_time",2156981,64.9791,64.8362,ns,,,"1x128x11",,,1,1,16,11,1,128,1,1,8
"dot/dot_fp32_1x16x1_1x8x1_avx/128/23/real_time",1186349,119.886,119.635,ns,,,"1x128x23",,,1,1,16,23,1,128,1,1,8
"dot/dot_fp32_1x16x1_1x8x1_avx/128/34/real_time",798216,180.911,180.514,ns,,,"1x128x34",,,1,1,16,34,1,128,1,1,8
"dot/dot_fp32_1x16x1_1x8x1_avx/128/46/real_time",605584,225.682,225.272,ns,,,"1x128x46",,,1,1,16,46,1,128,1,1,8
"dot/dot_fp32_2x16x1_1x8x1_avx/16/1/real_time",15533901,8.90736,8.88975,ns,,,"2x16x1",,,1,2,16,1,2,16,1,1,8
"dot/dot_fp32_2x16x1_1x8x1_avx/16/84/real_time",1880892,74.8557,74.6908,ns,,,"2x16x84",,,1,2,16,84,2,16,1,1,8
"dot/dot_fp32_2x16x1_1x8x1_avx/16/169/real_time",948169,146.506,146.194,ns,,,"2x16x169",,,1,2,16,169,2,16,1,1,8
"dot/dot_fp32_2x16x1_1x8x1_avx/16/254/real_time",649721,213.158,212.716,ns,,,"2x16x254",,,1,2,16,254,2,16,1,1,8
"dot/dot_fp32_2x16x1_1x8x1_avx/16/339/real_time",489373,273.47,272.925,ns,,,"2x16x339",,,1,2,16,339,2,16,1,1,8
"dot/dot_fp32_2x16x1_1x8x1_avx/32/1/real_time",11671273,11.9864,11.9612,ns,,,"2x32x1",,,1,2,16,1,2,32,1,1,8
"dot/dot_fp32_2x16x1_1x8x1_avx/32/44/real_time",1752991,79.2728,79.1175,ns,,,"2x32x44",,,1,2,16,44,2,32,1,1,8
"dot/dot_fp32_2x16x1_1x8x1_avx/32/89/real_time",918731,150.939,150.595,ns,,,"2x32x89",,,1,2,16,89,2,32,1,1,8
"dot/dot_fp32_2x16x1_1x8x1_avx/32/133/real_time",623641,222.729,222.187,ns,,,"2x32x133",,,1,2,16,133,2,32,1,1,8
"dot/dot_fp32_2x16x1_1x8x1_avx/32/178/real_time",472284,297.732,297.104,ns,,,"2x32x178",,,1,2,16,178,2,32,1,1,8
"dot/dot_fp32_2x16x1_1x8x1_avx/64/1/real_time",7471428,18.8383,18.8003,ns,,,"2x64x1",,,1,2,16,1,2,64,1,1,8
"dot/dot_fp32_2x16x1_1x8x1_avx/64/22/real_time",1710678,83.2698,83.1037,ns,,,"2x64x22",,,1,2,16,22,2,64,1,1,8
"dot/dot_fp32_2x16x1_1x8x1_avx/64/45/real_time",880962,158.412,158.079,ns,,,"2x64x45",,,1,2,16,45,2,64,1,1,8
"dot/dot_fp32_2x16x1_1x8x1_avx/64/68/real_time",595428,236.249,235.74,ns,,,"2x64x68",,,1,2,16,68,2,64,1,1,8
"dot/dot_fp32_2x16x1_1x8x1_avx/64/91/real_time",443163,314.602,313.985,ns,,,"2x64x91",,,1,2,16,91,2,64,1,1,8
"dot/dot_fp32_2x16x1_1x8x1_avx/128/1/real_time",4482344,31.3539,31.2937,ns,,,"2x128x1",,,1,2,16,1,2,128,1,1,8
"dot/dot_fp32_2x16x1_1x8x1_avx/128/11/real_time",1528574,91.7089,91.5159,ns,,,"2x128x11",,,1,2,16,11,2,128,1,1,8
"dot/dot_fp32_2x16x1_1x8x1_avx/128/22/real_time",854988,163.664,163.323,ns,,,"2x128x22",,,1,2,16,22,2,128,1,1,8
"dot/dot_fp32_2x16x1_1x8x1_avx/128/33/real_time",597680,241.548,241.019,ns,,,"2x128x33",,,1,2,16,33,2,128,1,1,8
"dot/dot_fp32_2x16x1_1x8x1_avx/128/45/real_time",409738,341.101,340.432,ns,,,"2x128x45",,,1,2,16,45,2,128,1,1,8
"dot/dot_fp32_3x16x1_1x8x1_avx/16/1/real_time",13184822,10.5922,10.5702,ns,,,"3x16x1",,,1,3,16,1,3,16,1,1,8
"dot/dot_fp32_3x16x1_1x8x1_avx/16/80/real_time",1447045,96.8009,96.6018,ns,,,"3x16x80",,,1,3,16,80,3,16,1,1,8
"dot/dot_fp32_3x16x1_1x8x1_avx/16/160/real_time",739456,197.308,196.902,ns,,,"3x16x160",,,1,3,16,160,3,16,1,1,8
"dot/dot_fp32_3x16x1_1x8x1_avx/16/240/real_time",495698,282.554,281.97,ns,,,"3x16x240",,,1,3,16,240,3,16,1,1,8
"dot/dot_fp32_3x16x1_1x8x1_avx/16/320/real_time",374757,372.711,371.911,ns,,,"3x16x320",,,1,3,16,320,3,16,1,1,8
"dot/dot_fp32_3x16x1_1x8x1_avx/32/1/real_time",9680246,14.4564,14.4267,ns,,,"3x32x1",,,1,3,16,1,3,32,1,1,8
"dot/dot_fp32_3x16x1_1x8x1_avx/32/43/real_time",1355946,103.383,103.126,ns,,,"3x32x43",,,1,3,16,43,3,32,1,1,8
"dot/dot_fp32_3x16x1_1x8x1_avx/32/86/real_time",697708,200.595,200.176,ns,,,"3x32x86",,,1,3,16,86,3,32,1,1,8
"dot/dot_fp32_3x16x1_1x8x1_avx/32/129/real_time",470000,302.655,301.988,ns,,,"3x32x129",,,1,3,16,129,3,32,1,1,8
"dot/dot_fp32_3x16x1_1x8x1_avx/32/172/real_time",345199,402.651,401.811,ns,,,"3x32x172",,,1,3,16,172,3,32,1,1,8
"dot/dot_fp32_3x16x1_1x8x1_avx/64/1/real_time",6190999,22.609,22.5613,ns,,,"3x64x1",,,1,3,16,1,3,64,1,1,8
"dot/dot_fp32_3x16x1_1x8x1_avx/64/22/real_time",1312395,106.963,106.756,ns,,,"3x64x22",,,1,3,16,22,3,64,1,1,8
"dot/dot_fp32_3x16x1_1x8x1_avx/64/44/real_time",681931,205.128,204.705,ns,,,"3x64x44",,,1,3,16,44,3,64,1,1,8
"dot/dot_fp32_3x16x1_1x8x1_avx/64/66/real_time",450397,311.556,310.882,ns,,,"3x64x66",,,1,3,16,66,3,64,1,1,8
"dot/dot_fp32_3x16x1_1x8x1_avx/64/88/real_time",332670,420.959,419.975,ns,,,"3x64x88",,,1,3,16,88,3,64,1,1,8
"dot/dot_fp32_3x16x1_1x8x1_avx/128/1/real_time",3632065,38.5264,38.4463,ns,,,"3x128x1",,,1,3,16,1,3,128,1,1,8
"dot/dot_fp32_3x16x1_1x8x1_avx/128/10/real_time",1307400,109.586,109.358,ns,,,"3x128x10",,,1,3,16,10,3,128,1,1,8
"dot/dot_fp32_3x16x1_1x8x1_avx/128/21/real_time",673230,208.223,207.803,ns,,,"3x128x21",,,1,3,16,21,3,128,1,1,8
"dot/dot_fp32_3x16x1_1x8x1_avx/128/32/real_time",434446,323.585,322.961,ns,,,"3x128x32",,,1,3,16,32,3,128,1,1,8
"dot/dot_fp32_3x16x1_1x8x1_avx/128/43/real_time",337520,413.894,413.03,ns,,,"3x128x43",,,1,3,16,43,3,128,1,1,8
"dot/dot_fp32_4x16x1_1x8x1_avx/16/1/real_time",11954049,11.7276,11.7028,ns,,,"4x16x1",,,1,4,16,1,4,16,1,1,8
"dot/dot_fp32_4x16x1_1x8x1_avx/16/76/real_time",1169195,120.072,119.827,ns,,,"4x16x76",,,1,4,16,76,4,16,1,1,8
"dot/dot_fp32_4x16x1_1x8x1_avx/16/152/real_time",585221,236.451,235.9,ns,,,"4x16x152",,,1,4,16,152,4,16,1,1,8
"dot/dot_fp32_4x16x1_1x8x1_avx/16/228/real_time",397307,351.462,350.787,ns,,,"4x16x228",,,1,4,16,228,4,16,1,1,8
"dot/dot_fp32_4x16x1_1x8x1_avx/16/304/real_time",301417,466.406,465.456,ns,,,"4x16x304",,,1,4,16,304,4,16,1,1,8
"dot/dot_fp32_4x16x1_1x8x1_avx/32/1/real_time",8563812,16.3458,16.3135,ns,,,"4x32x1",,,1,4,16,1,4,32,1,1,8
"dot/dot_fp32_4x16x1_1x8x1_avx/32/41/real_time",1085562,131.311,131.02,ns,,,"4x32x41",,,1,4,16,41,4,32,1,1,8
"dot/dot_fp32_4x16x1_1x8x1_avx/32/83/real_time",518816,259.555,259.054,ns,,,"4x32x83",,,1,4,16,83,4,32,1,1,8
"dot/dot_fp32_4x16x1_1x8x1_avx/32/125/real_time",369401,380.151,379.389,ns,,,"4x32x125",,,1,4,16,125,4,32,1,1,8
"dot/dot_fp32_4x16x1_1x8x1_avx/32/167/real_time",273132,512.898,511.838,ns,,,"4x32x167",,,1,4,16,167,4,32,1,1,8
"dot/dot_fp32_4x16x1_1x8x1_avx/64/1/real_time",5454761,25.7172,25.6647,ns,,,"4x64x1",,,1,4,16,1,4,64,1,1,8
"dot/dot_fp32_4x16x1_1x8x1_avx/64/21/real_time",1058045,132.302,132.024,ns,,,"4x64x21",,,1,4,16,21,4,64,1,1,8
"dot/dot_fp32_4x16x1_1x8x1_avx/64/43/real_time",531120,264.002,263.486,ns,,,"4x64x43",,,1,4,16,43,4,64,1,1,8
"dot/dot_fp32_4x16x1_1x8x1_avx/64/64/real_time",359765,389.281,388.472,ns,,,"4x64x64",,,1,4,16,64,4,64,1,1,8
"dot/dot_fp32_4x16x1_1x8x1_avx/64/86/real_time",264412,527.469,526.403,ns,,,"4x64x86",,,1,4,16,86,4,64,1,1,8
"dot/dot_fp32_4x16x1_1x8x1_avx/128/1/real_time",3170519,45.2495,45.143,ns,,,"4x128x1",,,1,4,16,1,4,128,1,1,8
"dot/dot_fp32_4x16x1_1x8x1_avx/128/10/real_time",1084345,129.237,128.965,ns,,,"4x128x10",,,1,4,16,10,4,128,1,1,8
"dot/dot_fp32_4x16x1_1x8x1_avx/128/21/real_time",540498,258.495,257.946,ns,,,"4x128x21",,,1,4,16,21,4,128,1,1,8
"dot/dot_fp32_4x16x1_1x8x1_avx/128/31/real_time",364316,395.025,394.245,ns,,,"4x128x31",,,1,4,16,31,4,128,1,1,8
"dot/dot_fp32_4x16x1_1x8x1_avx/128/42/real_time",269513,535.256,534.112,ns,,,"4x128x42",,,1,4,16,42,4,128,1,1,8
"dot/dot_fp32_4x8x1_1x8x1_avx/8/1/real_time",13088688,10.673,10.6507,ns,,,"4x8x1",,,1,4,8,1,4,8,1,1,8
"dot/dot_fp32_4x8x1_1x8x1_avx/8/127/real_time",1254868,111.793,111.571,ns,,,"4x8x127",,,1,4,8,127,4,8,1,1,8
"dot/dot_fp32_4x8x1_1x8x1_avx/8/254/real_time",630969,221.934,221.462,ns,,,"4x8x254",,,1,4,8,254,4,8,1,1,8
"dot/dot_fp32_4x8x1_1x8x1_avx/8/381/real_time",430484,325.619,324.954,ns,,,"4x8x381",,,1,4,8,381,4,8,1,1,8
"dot/dot_fp32_4x8x1_1x8x1_avx/8/509/real_time",326016,429.888,428.973,ns,,,"4x8x509",,,1,4,8,509,4,8,1,1,8
"dot/dot_fp32_4x8x1_1x8x1_avx/16/1/real_time",9822318,14.2215,14.1913,ns,,,"4x16x1",,,1,4,8,1,4,16,1,1,8
"dot/dot_fp32_4x8x1_1x8x1_avx/16/76/real_time",1041227,134.39,134.108,ns,,,"4x16x76",,,1,4,8,76,4,16,1,1,8
"dot/dot_fp32_4x8x1_1x8x1_avx/16/152/real_time",515071,271.708,271.154,ns,,,"4x16x152",,,1,4,8,152,4,16,1,1,8
"dot/dot_fp32_4x8x1_1x8x1_avx/16/228/real_time",348210,402.206,401.348,ns,,,"4x16x228",,,1,4,8,228,4,16,1,1,8
"dot/dot_fp32_4x8x1_1x8x1_avx/16/304/real_time",265009,533.894,532.824,ns,,,"4x16x304",,,1,4,8,304,4,16,1,1,8
"dot/dot_fp32_4x8x1_1x8x1_avx/32/1/real_time",6472365,21.657,21.612,ns,,,"4x32x1",,,1,4,8,1,4,32,1,1,8
"dot/dot_fp32_4x8x1_1x8x1_avx/32/41/real_time",938951,148.409,148.109,ns,,,"4x32x41",,,1,4,8,41,4,32,1,1,8
"dot/dot_fp32_4x8x1_1x8x1_avx/32/83/real_time",464864,299.669,299.075,ns,,,"4x32x83",,,1,4,8,83,4,32,1,1,8
"dot/dot_fp32_4x8x1_1x8x1_avx/32/125/real_time",324041,431.781,430.78,ns,,,"4x32x125",,,1,4,8,125,4,32,1,1,8
"dot/dot_fp32_4x8x1_1x8x1_avx/32/167/real_time",236142,592.74,591.505,ns,,,"4x32x167",,,1,4,8,167,4,32,1,1,8
"dot/dot_fp32_4x8x1_1x8x1_avx/64/1/real_time",3905892,35.1992,35.1314,ns,,,"4x64x1",,,1,4,8,1,4,64,1,1,8
"dot/dot_fp32_4x8x1_1x8x1_avx/64/21/real_time",869674,160.518,160.159,ns,,,"4x64x21",,,1,4,8,21,4,64,1,1,8
"dot/dot_fp32_4x8x1_1x8x1_avx/64/43/real_time",445429,313.447,312.774,ns,,,"4x64x43",,,1,4,8,43,4,64,1,1,8
"dot/dot_fp32_4x8x1_1x8x1_avx/64/64/real_time",300424,488.309,487.121,ns,,,"4x64x64",,,1,4,8,64,4,64,1,1,8
"dot/dot_fp32_4x8x1_1x8x1_avx/64/86/real_time",235657,593.827,592.498,ns,,,"4x64x86",,,1,4,8,86,4,64,1,1,8
"dot/dot_fp32_6x8x1_1x8x1_avx/8/1/real_time",10689609,13.4178,13.388,ns,,,"6x8x1",,,1,6,8,1,6,8,1,1,8
"dot/dot_fp32_6x8x1_1x8x1_avx/8/108/real_time",1071503,130.824,130.509,ns,,,"6x8x108",,,1,6,8,108,6,8,1,1,8
"dot/dot_fp32_6x8x1_1x8x1_avx/8/217/real_time",541380,258.468,257.91,ns,,,"6x8x217",,,1,6,8,217,6,8,1,1,8
"dot/dot_fp32_6x8x1_1x8x1_avx/8/326/real_time",367287,381.387,380.555,ns,,,"6x8x326",,,1,6,8,326,6,8,1,1,8
"dot/dot_fp32_6x8x1_1x8x1_avx/8/435/real_time",277851,503.889,502.911,ns,,,"6x8x435",,,1,6,8,435,6,8,1,1,8
"dot/dot_fp32_6x8x1_1x8x1_avx/16/1/real_time",7881569,17.7688,17.7307,ns,,,"6x16x1",,,1,6,8,1,6,16,1,1,8
"dot/dot_fp32_6x8x1_1x8x1_avx/16/68/real_time",858657,163.035,162.66,ns,,,"6x16x68",,,1,6,8,68,6,16,1,1,8
"dot/dot_fp32_6x8x1_1x8x1_avx/16/137/real_time",439483,326.336,325.581,ns,,,"6x16x137",,,1,6,8,137,6,16,1,1,8
"dot/dot_fp32_6x8x1_1x8x1_avx/16/205/real_time",274052,489.019,487.82,ns,,,"6x16x205",,,1,6,8,205,6,16,1,1,8
"dot/dot_fp32_6x8x1_1x8x1_avx/16/274/real_time",217625,643.722,642.381,ns,,,"6x16x274",,,1,6,8,274,6,16,1,1,8
"dot/dot_fp32_6x8x1_1x8x1_avx/32/1/real_time",5075934,27.9958,27.9359,ns,,,"6x32x1",,,1,6,8,1,6,32,1,1,8
"dot/dot_fp32_6x8x1_1x8x1_avx/32/39/real_time",712766,201.673,201.248,ns,,,"6x32x39",,,1,6,8,39,6,32,1,1,8
"dot/dot_fp32_6x8x1_1x8x1_avx/32/78/real_time",373871,372.976,372.179,ns,,,"6x32x78",,,1,6,8,78,6,32,1,1,8
"dot/dot_fp32_6x8x1_1x8x1_avx/32/117/real_time",256435,555.144,553.847,ns,,,"6x32x117",,,1,6,8,117,6,32,1,1,8
"dot/dot_fp32_6x8x1_1x8x1_avx/32/156/real_time",190253,737.747,736.033,ns,,,"6x32x156",,,1,6,8,156,6,32,1,1,8
"dot/dot_fp32_6x8x1_1x8x1_avx/64/1/real_time",2984974,46.8753,46.7693,ns,,,"6x64x1",,,1,6,8,1,6,64,1,1,8
"dot/dot_fp32_6x8x1_1x8x1_avx/64/20/real_time",679983,205.594,205.148,ns,,,"6x64x20",,,1,6,8,20,6,64,1,1,8
"dot/dot_fp32_6x8x1_1x8x1_avx/64/41/real_time",339362,412.73,411.81,ns,,,"6x64x41",,,1,6,8,41,6,64,1,1,8
"dot/dot_fp32_6x8x1_1x8x1_avx/64/61/real_time",237354,589.848,588.528,ns,,,"6x64x61",,,1,6,8,61,6,64,1,1,8
"dot/dot_fp32_6x8x1_1x8x1_avx/64/82/real_time",176441,793.072,791.235,ns,,,"6x64x82",,,1,6,8,82,6,64,1,1,8
"dot/dot_fp32_8x8x1_1x8x1_avx/8/1/real_time",10531378,13.3696,13.34,ns,,,"8x8x1",,,1,8,8,1,8,8,1,1,8
"dot/dot_fp32_8x8x1_1x8x1_avx/8/95/real_time",930032,150.678,150.328,ns,,,"8x8x95",,,1,8,8,95,8,8,1,1,8
"dot/dot_fp32_8x8x1_1x8x1_avx/8/190/real_time",475959,294.084,293.374,ns,,,"8x8x190",,,1,8,8,190,8,8,1,1,8
"dot/dot_fp32_8x8x1_1x8x1_avx/8/285/real_time",316699,442.186,441.226,ns,,,"8x8x285",,,1,8,8,285,8,8,1,1,8
"dot/dot_fp32_8x8x1_1x8x1_avx/8/380/real_time",239325,584.913,583.65,ns,,,"8x8x380",,,1,8,8,380,8,8,1,1,8
"dot/dot_fp32_8x8x1_1x8x1_avx/16/1/real_time",8004393,17.4509,17.4163,ns,,,"8x16x1",,,1,8,8,1,8,16,1,1,8
"dot/dot_fp32_8x8x1_1x8x1_avx/16/62/real_time",720293,194.433,194.043,ns,,,"8x16x62",,,1,8,8,62,8,16,1,1,8
"dot/dot_fp32_8x8x1_1x8x1_avx/16/125/real_time",364549,383.902,383.126,ns,,,"8x16x125",,,1,8,8,125,8,16,1,1,8
"dot/dot_fp32_8x8x1_1x8x1_avx/16/187/real_time",244007,573.914,572.686,ns,,,"8x16x187",,,1,8,8,187,8,16,1,1,8
"dot/dot_fp32_8x8x1_1x8x1_avx/16/250/real_time",180579,774.867,773.288,ns,,,"8x16x250",,,1,8,8,250,8,16,1,1,8
"dot/dot_fp32_8x8x1_1x8x1_avx/32/1/real_time",5394896,25.9921,25.9389,ns,,,"8x32x1",,,1,8,8,1,8,32,1,1,8
"dot/dot_fp32_8x8x1_1x8x1_avx/32/36/real_time",622866,225.172,224.708,ns,,,"8x32x36",,,1,8,8,36,8,32,1,1,8
"dot/dot_fp32_8x8x1_1x8x1_avx/32/73/real_time",308991,454.379,453.381,ns,,,"8x32x73",,,1,8,8,73,8,32,1,1,8
"dot/dot_fp32_8x8x1_1x8x1_avx/32/110/real_time",199420,677.382,676.021,ns,,,"8x32x110",,,1,8,8,110,8,32,1,1,8
"dot/dot_fp32_8x8x1_1x8x1_avx/32/147/real_time",153387,915.751,913.521,ns,,,"8x32x147",,,1,8,8,147,8,32,1,1,8
"dot/dot_fp32_8x8x1_1x8x1_avx/64/1/real_time",3303627,42.2907,42.201,ns,,,"8x64x1",,,1,8,8,1,8,64,1,1,8
"dot/dot_fp32_8x8x1_1x8x1_avx/64/19/real_time",589108,237.747,237.225,ns,,,"8x64x19",,,1,8,8,19,8,64,1,1,8
"dot/dot_fp32_8x8x1_1x8x1_avx/64/39/real_time",288415,485.452,484.446,ns,,,"8x64x39",,,1,8,8,39,8,64,1,1,8
"dot/dot_fp32_8x8x1_1x8x1_avx/64/58/real_time",196040,714.036,712.552,ns,,,"8x64x58",,,1,8,8,58,8,64,1,1,8
"dot/dot_fp32_8x8x1_1x8x1_avx/64/78/real_time",146692,975.529,973.4,ns,,,"8x64x78",,,1,8,8,78,8,64,1,1,8
"dot/dot_fp64_1x16x1_1x4x1_avx/16/1/real_time",17978920,7.77394,7.7579,ns,,,"1x16x1",,,1,1,16,1,1,16,1,1,4
"dot/dot_fp64_1x16x1_1x4x1_avx/16/44/real_time",3353555,41.7372,41.6457,ns,,,"1x16x44",,,1,1,16,44,1,16,1,1,4
"dot/dot_fp64_1x16x1_1x4x1_avx/16/89/real_time",1790700,78.1912,78.0293,ns,,,"1x16x89",,,1,1,16,89,1,16,1,1,4
"dot/dot_fp64_1x16x1_1x4x1_avx/16/134/real_time",1185984,118.067,117.818,ns,,,"1x16x134",,,1,1,16,134,1,16,1,1,4
"dot/dot_fp64_1x16x1_1x4x1_avx/16/179/real_time",892889,156.816,156.484,ns,,,"1x16x179",,,1,1,16,179,1,16,1,1,4
"dot/dot_fp64_1x16x1_1x4x1_avx/32/1/real_time",13949689,10.0519,10.0303,ns,,,"1x32x1",,,1,1,16,1,1,32,1,1,4
"dot/dot_fp64_1x16x1_1x4x1_avx/32/23/real_time",3204786,43.6541,43.5651,ns,,,"1x32x23",,,1,1,16,23,1,32,1,1,4
"dot/dot_fp64_1x16x1_1x4x1_avx/32/46/real_time",1640694,85.3167,85.1443,ns,,,"1x32x46",,,1,1,16,46,1,32,1,1,4
"dot/dot_fp64_1x16x1_1x4x1_avx/32/69/real_time",1135029,123.383,123.135,ns,,,"1x32x69",,,1,1,16,69,1,32,1,1,4
"dot/dot_fp64_1x16x1_1x4x1_avx/32/92/real_time",848299,164.941,164.601,ns,,,"1x32x92",,,1,1,16,92,1,32,1,1,4
"dot/dot_fp64_1x16x1_1x4x1_avx/64/1/real_time",8912251,15.7061,15.6735,ns,,,"1x64x1",,,1,1,16,1,1,64,1,1,4
"dot/dot_fp64_1x16x1_1x4x1_avx/64/11/real_time",3226974,43.3977,43.3128,ns,,,"1x64x11",,,1,1,16,11,1,64,1,1,4
"dot/dot_fp64_1x16x1_1x4x1_avx/64/23/real_time",1606630,87.1198,86.9387,ns,,,"1x64x23",,,1,1,16,23,1,64,1,1,4
"dot/dot_fp64_1x16x1_1x4x1_avx/64/34/real_time",1139079,122.833,122.57,ns,,,"1x64x34",,,1,1,16,34,1,64,1,1,4
"dot/dot_fp64_1x16x1_1x4x1_avx/64/46/real_time",703862,170.121,169.758,ns,,,"1x64x46",,,1,1,16,46,1,64,1,1,4
"dot/dot_fp64_1x16x1_1x4x1_avx/128/1/real_time",5446430,25.4213,25.3691,ns,,,"1x128x1",,,1,1,16,1,1,128,1,1,4
"dot/dot_fp64_1x16x1_1x4x1_avx/128/5/real_time",3171303,44.1287,44.0421,ns,,,"1x128x5",,,1,1,16,5,1,128,1,1,4
"dot/dot_fp64_1x16x1_1x4x1_avx/128/11/real_time",1673621,83.6249,83.4587,ns,,,"1x128x11",,,1,1,16,11,1,128,1,1,4
"dot/dot_fp64_1x16x1_1x4x1_avx/128/16/real_time",1131937,123.639,123.372,ns,,,"1x128x16",,,1,1,16,16,1,128,1,1,4
"dot/dot_fp64_1x16x1_1x4x1_avx/128/22/real_time",843664,165.885,165.553,ns,,,"1x128x22",,,1,1,16,22,1,128,1,1,4
"dot/dot_fp64_2x16x1_1x4x1_avx/16/1/real_time",13925849,10.0599,10.0381,ns,,,"2x16x1",,,1,2,16,1,2,16,1,1,4
"dot/dot_fp64_2x16x1_1x4x1_avx/16/42/real_time",2026292,69.0699,68.908,ns,,,"2x16x42",,,1,2,16,42,2,16,1,1,4
"dot/dot_fp64_2x16x1_1x4x1_avx/16/84/real_time",1060235,132.102,131.824,ns,,,"2x16x84",,,1,2,16,84,2,16,1,1,4
"dot/dot_fp64_2x16x1_1x4x1_avx/16/126/real_time",717219,195.458,195.039,ns,,,"2x16x126",,,1,2,16,126,2,16,1,1,4
"dot/dot_fp64_2x16x1_1x4x1_avx/16/168/real_time",532995,262.762,262.23,ns,,,"2x16x168",,,1,2,16,168,2,16,1,1,4
"dot/dot_fp64_2x16x1_1x4x1_avx/32/1/real_time",9976237,13.9995,13.9697,ns,,,"2x32x1",,,1,2,16,1,2,32,1,1,4
"dot/dot_fp64_2x16x1_1x4x1_avx/32/22/real_time",1944086,72.0135,71.865,ns,,,"2x32x22",,,1,2,16,22,2,32,1,1,4
"dot/dot_fp64_2x16x1_1x4x1_avx/32/44/real_time",1013940,140.346,140.045,ns,,,"2x32x44",,,1,2,16,44,2,32,1,1,4
"dot/dot_fp64_2x16x1_1x4x1_avx/32/66/real_time",684935,209.224,208.786,ns,,,"2x32x66",,,1,2,16,66,2,32,1,1,4
"dot/dot_fp64_2x16x1_1x4x1_avx/32/88/real_time",518070,270.516,269.948,ns,,,"2x32x88",,,1,2,16,88,2,32,1,1,4
"dot/dot_fp64_2x16x1_1x4x1_avx/64/1/real_time",6329287,22.0991,22.053,ns,,,"2x64x1",,,1,2,16,1,2,64,1,1,4
"dot/dot_fp64_2x16x1_1x4x1_avx/64/11/real_time",1941603,73.7874,73.6249,ns,,,"2x64x11",,,1,2,16,11,2,64,1,1,4
"dot/dot_fp64_2x16x1_1x4x1_avx/64/22/real_time",1011696,138.565,138.263,ns,,,"2x64x22",,,1,2,16,22,2,64,1,1,4
"dot/dot_fp64_2x16x1_1x4x1_avx/64/33/real_time",684096,231.79,231.123,ns,,,"2x64x33",,,1,2,16,33,2,64,1,1,4
"dot/dot_fp64_2x16x1_1x4x1_avx/64/44/real_time",391148,275.43,274.873,ns,,,"2x64x44",,,1,2,16,44,2,64,1,1,4
"dot/dot_fp64_2x16x1_1x4x1_avx/128/1/real_time",3658865,38.3058,38.2171,ns,,,"2x128x1",,,1,2,16,1,2,128,1,1,4
"dot/dot_fp64_2x16x1_1x4x1_avx/128/5/real_time",1840950,77.2552,77.0762,ns,,,"2x128x5",,,1,2,16,5,2,128,1,1,4
"dot/dot_fp64_2x16x1_1x4x1_avx/128/10/real_time",1103384,126.849,126.586,ns,,,"2x128x10",,,1,2,16,10,2,128,1,1,4
"dot/dot_fp64_2x16x1_1x4x1_avx/128/15/real_time",735355,190.105,189.686,ns,,,"2x128x15",,,1,2,16,15,2,128,1,1,4
"dot/dot_fp64_2x16x1_1x4x1_avx/128/21/real_time",506730,276.442,275.812,ns,,,"2x128x21",,,1,2,16,21,2,128,1,1,4
"dot/dot_fp64_1x8x1_1x4x1_avx/8/1/real_time",18926248,7.43828,7.42261,ns,,,"1x8x1",,,1,1,8,1,1,8,1,1,4
"dot/dot_fp64_1x8x1_1x4x1_avx/8/85/real_time",2688858,52.0875,51.9706,ns,,,"1x8x85",,,1,1,8,85,1,8,1,1,4
"dot/dot_fp64_1x8x1_1x4x1_avx/8/170/real_time",1336322,106.13,105.896,ns,,,"1x8x170",,,1,1,8,170,1,8,1,1,4
"dot/dot_fp64_1x8x1_1x4x1_avx/8/255/real_time",839822,152.297,151.961,ns,,,"1x8x255",,,1,1,8,255,1,8,1,1,4
"dot/dot_fp64_1x8x1_1x4x1_avx/8/340/real_time",706309,198.304,197.86,ns,,,"1x8x340",,,1,1,8,340,1,8,1,1,4
"dot/dot_fp64_1x8x1_1x4x1_avx/16/1/real_time",14740788,9.24563,9.22677,ns,,,"1x16x1",,,1,1,8,1,1,16,1,1,4
"dot/dot_fp64_1x8x1_1x4x1_avx/16/44/real_time",2528164,55.4028,55.2839,ns,,,"1x16x44",,,1,1,8,44,1,16,1,1,4
"dot/dot_fp64_1x8x1_1x4x1_avx/16/89/real_time",1322975,104.199,103.978,ns,,,"1x16x89",,,1,1,8,89,1,16,1,1,4
"dot/dot_fp64_1x8x1_1x4x1_avx/16/134/real_time",915768,152.96,152.646,ns,,,"1x16x134",,,1,1,8,134,1,16,1,1,4
"dot/dot_fp64_1x8x1_1x4x1_avx/16/179/real_time",662299,209.686,209.256,ns,,,"1x16x179",,,1,1,8,179,1,16,1,1,4
"dot/dot_fp64_1x8x1_1x4x1_avx/32/1/real_time",9871039,14.1915,14.1593,ns,,,"1x32x1",,,1,1,8,1,1,32,1,1,4
"dot/dot_fp64_1x8x1_1x4x1_avx/32/23/real_time",2309206,60.6567,60.5337,ns,,,"1x32x23",,,1,1,8,23,1,32,1,1,4
"dot/dot_fp64_1x8x1_1x4x1_avx/32/46/real_time",1271682,110.307,110.09,ns,,,"1x32x46",,,1,1,8,46,1,32,1,1,4
"dot/dot_fp64_1x8x1_1x4x1_avx/32/69/real_time",832195,169.343,169.003,ns,,,"1x32x69",,,1,1,8,69,1,32,1,1,4
"dot/dot_fp64_1x8x1_1x4x1_avx/32/92/real_time",643487,218.821,218.377,ns,,,"1x32x92",,,1,1,8,92,1,32,1,1,4
"dot/dot_fp64_1x8x1_1x4x1_avx/64/1/real_time",5991918,23.407,23.3565,ns,,,"1x64x1",,,1,1,8,1,1,64,1,1,4
"dot/dot_fp64_1x8x1_1x4x1_avx/64/11/real_time",2200970,64.2621,64.136,ns,,,"1x64x11",,,1,1,8,11,1,64,1,1,4
"dot/dot_fp64_1x8x1_1x4x1_avx/64/23/real_time",1206713,118.057,117.801,ns,,,"1x64x23",,,1,1,8,23,1,64,1,1,4
"dot/dot_fp64_1x8x1_1x4x1_avx/64/34/real_time",803874,172.725,172.381,ns,,,"1x64x34",,,1,1,8,34,1,64,1,1,4
"dot/dot_fp64_1x8x1_1x4x1_avx/64/46/real_time",619192,228.906,228.418,ns,,,"1x64x46",,,1,1,8,46,1,64,1,1,4
"dot/dot_fp64_2x8x1_1x4x1_avx/8/1/real_time",15471462,9.2639,9.24089,ns,,,"2x8x1",,,1,2,8,1,2,8,1,1,4
"dot/dot_fp64_2x8x1_1x4x1_avx/8/76/real_time",2064929,67.512,67.3708,ns,,,"2x8x76",,,1,2,8,76,2,8,1,1,4
"dot/dot_fp64_2x8x1_1x4x1_avx/8/152/real_time",1065322,132.783,132.472,ns,,,"2x8x152",,,1,2,8,152,2,8,1,1,4
"dot/dot_fp64_2x8x1_1x4x1_avx/8/228/real_time",721808,193.094,192.668,ns,,,"2x8x228",,,1,2,8,228,2,8,1,1,4
"dot/dot_fp64_2x8x1_1x4x1_avx/8/305/real_time",533229,252.451,251.893,ns,,,"2x8x305",,,1,2,8,305,2,8,1,1,4
"dot/dot_fp64_2x8x1_1x4x1_avx/16/1/real_time",11625059,11.9767,11.9495,ns,,,"2x16x1",,,1,2,8,1,2,16,1,1,4
"dot/dot_fp64_2x8x1_1x4x1_avx/16/42/real_time",1861654,76.084,75.9301,ns,,,"2x16x42",,,1,2,8,42,2,16,1,1,4
"dot/dot_fp64_2x8x1_1x4x1_avx/16/84/real_time",959592,142.64,142.318,ns,,,"2x16x84",,,1,2,8,84,2,16,1,1,4
"dot/dot_fp64_2x8x1_1x4x1_avx/16/126/real_time",668409,212.471,212.042,ns,,,"2x16x126",,,1,2,8,126,2,16,1,1,4
"dot/dot_fp64_2x8x1_1x4x1_avx/16/168/real_time",474280,289.41,288.81,ns,,,"2x16x168",,,1,2,8,168,2,16,1,1,4
"dot/dot_fp64_2x8x1_1x4x1_avx/32/1/real_time",7446934,18.8325,18.7913,ns,,,"2x32x1",,,1,2,8,1,2,32,1,1,4
"dot/dot_fp64_2x8x1_1x4x1_avx/32/22/real_time",1688442,82.4086,82.2258,ns,,,"2x32x22",,,1,2,8,22,2,32,1,1,4
"dot/dot_fp64_2x8x1_1x4x1_avx/32/44/real_time",903761,154.995,154.65,ns,,,"2x32x44",,,1,2,8,44,2,32,1,1,4
"dot/dot_fp64_2x8x1_1x4x1_avx/32/66/real_time",614796,231.836,231.323,ns,,,"2x32x66",,,1,2,8,66,2,32,1,1,4
"dot/dot_fp64_2x8x1_1x4x1_avx/32/88/real_time",438572,319.285,318.656,ns,,,"2x32x88",,,1,2,8,88,2,32,1,1,4
"dot/dot_fp64_2x8x1_1x4x1_avx/64/1/real_time",4473680,31.336,31.2689,ns,,,"2x64x1",,,1,2,8,1,2,64,1,1,4
"dot/dot_fp64_2x8x1_1x4x1_avx/64/11/real_time",1548789,90.3649,90.1724,ns,,,"2x64x11",,,1,2,8,11,2,64,1,1,4
"dot/dot_fp64_2x8x1_1x4x1_avx/64/22/real_time",847767,166.479,166.126,ns,,,"2x64x22",,,1,2,8,22,2,64,1,1,4
"dot/dot_fp64_2x8x1_1x4x1_avx/64/33/real_time",576864,237.182,236.601,ns,,,"2x64x33",,,1,2,8,33,2,64,1,1,4
"dot/dot_fp64_2x8x1_1x4x1_avx/64/44/real_time",412487,335.882,335.071,ns,,,"2x64x44",,,1,2,8,44,2,64,1,1,4
"dot/dot_fp64_3x8x1_1x4x1_avx/8/1/real_time",13505634,10.2256,10.2013,ns,,,"3x8x1",,,1,3,8,1,3,8,1,1,4
"dot/dot_fp64_3x8x1_1x4x1_avx/8/69/real_time",1677258,85.2466,85.0578,ns,,,"3x8x69",,,1,3,8,69,3,8,1,1,4
"dot/dot_fp64_3x8x1_1x4x1_avx/8/138/real_time",866210,161.776,161.267,ns,,,"3x8x138",,,1,3,8,138,3,8,1,1,4
"dot/dot_fp64_3x8x1_1x4x1_avx/8/207/real_time",573221,244.198,243.625,ns,,,"3x8x207",,,1,3,8,207,3,8,1,1,4
"dot/dot_fp64_3x8x1_1x4x1_avx/8/277/real_time",403304,323.168,322.427,ns,,,"3x8x277",,,1,3,8,277,3,8,1,1,4
"dot/dot_fp64_3x8x1_1x4x1_avx/16/1/real_time",9869143,14.1715,14.1414,ns,,,"3x16x1",,,1,3,8,1,3,16,1,1,4
"dot/dot_fp64_3x8x1_1x4x1_avx/16/39/real_time",1486428,94.1786,93.9778,ns,,,"3x16x39",,,1,3,8,39,3,16,1,1,4
"dot/dot_fp64_3x8x1_1x4x1_avx/16/79/real_time",760955,184.037,183.623,ns,,,"3x16x79",,,1,3,8,79,3,16,1,1,4
"dot/dot_fp64_3x8x1_1x4x1_avx/16/119/real_time",510163,274.39,273.812,ns,,,"3x16x119",,,1,3,8,119,3,16,1,1,4
"dot/dot_fp64_3x8x1_1x4x1_avx/16/159/real_time",343955,371.886,371.072,ns,,,"3x16x159",,,1,3,8,159,3,16,1,1,4
"dot/dot_fp64_3x8x1_1x4x1_avx/32/1/real_time",6350805,22.0491,22,ns,,,"3x32x1",,,1,3,8,1,3,32,1,1,4
"dot/dot_fp64_3x8x1_1x4x1_avx/32/21/real_time",1384753,102.146,101.891,ns,,,"3x32x21",,,1,3,8,21,3,32,1,1,4
"dot/dot_fp64_3x8x1_1x4x1_avx/32/42/real_time",714644,198.645,198.178,ns,,,"3x32x42",,,1,3,8,42,3,32,1,1,4
"dot/dot_fp64_3x8x1_1x4x1_avx/32/63/real_time",482199,290.185,289.525,ns,,,"3x32x63",,,1,3,8,63,3,32,1,1,4
"dot/dot_fp64_3x8x1_1x4x1_avx/32/85/real_time",353859,396.974,396.129,ns,,,"3x32x85",,,1,3,8,85,3,32,1,1,4
"dot/dot_fp64_3x8x1_1x4x1_avx/64/1/real_time",3737204,37.4683,37.3872,ns,,,"3x64x1",,,1,3,8,1,3,64,1,1,4
"dot/dot_fp64_3x8x1_1x4x1_avx/64/10/real_time",1313038,106.947,106.729,ns,,,"3x64x10",,,1,3,8,10,3,64,1,1,4
"dot/dot_fp64_3x8x1_1x4x1_avx/64/21/real_time",673673,207.49,207.052,ns,,,"3x64x21",,,1,3,8,21,3,64,1,1,4
"dot/dot_fp64_3x8x1_1x4x1_avx/64/31/real_time",469181,297.899,297.244,ns,,,"3x64x31",,,1,3,8,31,3,64,1,1,4
"dot/dot_fp64_3x8x1_1x4x1_avx/64/42/real_time",340532,411.288,410.448,ns,,,"3x64x42",,,1,3,8,42,3,64,1,1,4
"dot/dot_fp64_4x8x1_1x4x1_avx/8/1/real_time",11893617,11.7179,11.6922,ns,,,"4x8x1",,,1,4,8,1,4,8,1,1,4
"dot/dot_fp64_4x8x1_1x4x1_avx/8/63/real_time",1387546,100.595,100.363,ns,,,"4x8x63",,,1,4,8,63,4,8,1,1,4
"dot/dot_fp64_4x8x1_1x4x1_avx/8/126/real_time",720142,196.029,195.594,ns,,,"4x8x126",,,1,4,8,126,4,8,1,1,4
"dot/dot_fp64_4x8x1_1x4x1_avx/8/189/real_time",483416,289.654,289.037,ns,,,"4x8x189",,,1,4,8,189,4,8,1,1,4
"dot/dot_fp64_4x8x1_1x4x1_avx/8/253/real_time",359392,392.315,391.5,ns,,,"4x8x253",,,1,4,8,253,4,8,1,1,4
"dot/dot_fp64_4x8x1_1x4x1_avx/16/1/real_time",8569001,16.5926,16.5589,ns,,,"4x16x1",,,1,4,8,1,4,16,1,1,4
"dot/dot_fp64_4x8x1_1x4x1_avx/16/37/real_time",1192195,117.069,116.823,ns,,,"4x16x37",,,1,4,8,37,4,16,1,1,4
"dot/dot_fp64_4x8x1_1x4x1_avx/16/75/real_time",606267,231.739,231.228,ns,,,"4x16x75",,,1,4,8,75,4,16,1,1,4
"dot/dot_fp64_4x8x1_1x4x1_avx/16/112/real_time",408181,342.409,341.687,ns,,,"4x16x112",,,1,4,8,112,4,16,1,1,4
"dot/dot_fp64_4x8x1_1x4x1_avx/16/150/real_time",300806,463.763,462.828,ns,,,"4x16x150",,,1,4,8,150,4,16,1,1,4
"dot/dot_fp64_4x8x1_1x4x1_avx/32/1/real_time",5448353,25.6694,25.6128,ns,,,"4x32x1",,,1,4,8,1,4,32,1,1,4
"dot/dot_fp64_4x8x1_1x4x1_avx/32/20/real_time",1103355,126.613,126.336,ns,,,"4x32x20",,,1,4,8,20,4,32,1,1,4
"dot/dot_fp64_4x8x1_1x4x1_avx/32/40/real_time",566976,247.113,246.583,ns,,,"4x32x40",,,1,4,8,40,4,32,1,1,4
"dot/dot_fp64_4x8x1_1x4x1_avx/32/60/real_time",381534,366.322,365.486,ns,,,"4x32x60",,,1,4,8,60,4,32,1,1,4
"dot/dot_fp64_4x8x1_1x4x1_avx/32/81/real_time",273042,509.033,507.96,ns,,,"4x32x81",,,1,4,8,81,4,32,1,1,4
"dot/dot_fp64_4x8x1_1x4x1_avx/64/1/real_time",3166618,44.3424,44.2436,ns,,,"4x64x1",,,1,4,8,1,4,64,1,1,4
"dot/dot_fp64_4x8x1_1x4x1_avx/64/10/real_time",1066613,129.589,129.294,ns,,,"4x64x10",,,1,4,8,10,4,64,1,1,4
"dot/dot_fp64_4x8x1_1x4x1_avx/64/20/real_time",566226,247.145,246.573,ns,,,"4x64x20",,,1,4,8,20,4,64,1,1,4
"dot/dot_fp64_4x8x1_1x4x1_avx/64/30/real_time",372987,374.682,373.877,ns,,,"4x64x30",,,1,4,8,30,4,64,1,1,4
"dot/dot_fp64_4x8x1_1x4x1_avx/64/41/real_time",271371,506.912,505.807,ns,,,"4x64x41",,,1,4,8,41,4,64,1,1,4
"dot/dot_fp64_4x4x1_1x4x1_avx/4/1/real_time",13191425,10.6547,10.6318,ns,,,"4x4x1",,,1,4,4,1,4,4,1,1,4
"dot/dot_fp64_4x4x1_1x4x1_avx/4/95/real_time",1627546,85.9637,85.7751,ns,,,"4x4x95",,,1,4,4,95,4,4,1,1,4
"dot/dot_fp64_4x4x1_1x4x1_avx/4/191/real_time",818041,170.838,170.468,ns,,,"4x4x191",,,1,4,4,191,4,4,1,1,4
"dot/dot_fp64_4x4x1_1x4x1_avx/4/286/real_time",564205,248.152,247.626,ns,,,"4x4x286",,,1,4,4,286,4,4,1,1,4
"dot/dot_fp64_4x4x1_1x4x1_avx/4/382/real_time",428800,333.635,332.878,ns,,,"4x4x382",,,1,4,4,382,4,4,1,1,4
"dot/dot_fp64_4x4x1_1x4x1_avx/8/1/real_time",9839419,14.2279,14.1958,ns,,,"4x8x1",,,1,4,4,1,4,8,1,1,4
"dot/dot_fp64_4x4x1_1x4x1_avx/8/63/real_time",1237614,113.413,113.173,ns,,,"4x8x63",,,1,4,4,63,4,8,1,1,4
"dot/dot_fp64_4x4x1_1x4x1_avx/8/126/real_time",647865,215.837,215.365,ns,,,"4x8x126",,,1,4,4,126,4,8,1,1,4
"dot/dot_fp64_4x4x1_1x4x1_avx/8/189/real_time",430427,331.068,330.365,ns,,,"4x8x189",,,1,4,4,189,4,8,1,1,4
"dot/dot_fp64_4x4x1_1x4x1_avx/8/253/real_time",316198,442.772,441.776,ns,,,"4x8x253",,,1,4,4,253,4,8,1,1,4
"dot/dot_fp64_4x4x1_1x4x1_avx/16/1/real_time",6466828,21.5696,21.5209,ns,,,"4x16x1",,,1,4,4,1,4,16,1,1,4
"dot/dot_fp64_4x4x1_1x4x1_avx/16/37/real_time",1030811,135.587,135.307,ns,,,"4x16x37",,,1,4,4,37,4,16,1,1,4
"dot/dot_fp64_4x4x1_1x4x1_avx/16/75/real_time",521112,267.284,266.734,ns,,,"4x16x75",,,1,4,4,75,4,16,1,1,4
"dot/dot_fp64_4x4x1_1x4x1_avx/16/112/real_time",345689,404.903,404.037,ns,,,"4x16x112",,,1,4,4,112,4,16,1,1,4
"dot/dot_fp64_4x4x1_1x4x1_avx/16/150/real_time",260999,536.117,534.983,ns,,,"4x16x150",,,1,4,4,150,4,16,1,1,4
"dot/dot_fp64_4x4x1_1x4x1_avx/32/1/real_time",3873613,36.1751,36.0968,ns,,,"4x32x1",,,1,4,4,1,4,32,1,1,4
"dot/dot_fp64_4x4x1_1x4x1_avx/32/20/real_time",903519,154.566,154.229,ns,,,"4x32x20",,,1,4,4,20,4,32,1,1,4
"dot/dot_fp64_4x4x1_1x4x1_avx/32/40/real_time",472782,295.981,295.349,ns,,,"4x32x40",,,1,4,4,40,4,32,1,1,4
"dot/dot_fp64_4x4x1_1x4x1_avx/32/60/real_time",330173,424.407,423.49,ns,,,"4x32x60",,,1,4,4,60,4,32,1,1,4
"dot/dot_fp64_4x4x1_1x4x1_avx/32/81/real_time",234599,597.007,595.759,ns,,,"4x32x81",,,1,4,4,81,4,32,1,1,4
"dot/dot_fp64_6x4x1_1x4x1_avx/4/1/real_time",10712156,13.0644,13.034,ns,,,"6x4x1",,,1,6,4,1,6,4,1,1,4
"dot/dot_fp64_6x4x1_1x4x1_avx/4/76/real_time",1478042,96.2675,96.0684,ns,,,"6x4x76",,,1,6,4,76,6,4,1,1,4
"dot/dot_fp64_6x4x1_1x4x1_avx/4/152/real_time",757085,185.704,185.303,ns,,,"6x4x152",,,1,6,4,152,6,4,1,1,4
"dot/dot_fp64_6x4x1_1x4x1_avx/4/228/real_time",516172,271.183,270.489,ns,,,"6x4x228",,,1,6,4,228,6,4,1,1,4
"dot/dot_fp64_6x4x1_1x4x1_avx/4/304/real_time",374034,375.036,374.184,ns,,,"6x4x304",,,1,6,4,304,6,4,1,1,4
"dot/dot_fp64_6x4x1_1x4x1_avx/8/1/real_time",7880619,17.777,17.7324,ns,,,"6x8x1",,,1,6,4,1,6,8,1,1,4
"dot/dot_fp64_6x4x1_1x4x1_avx/8/54/real_time",1065374,131.364,131.07,ns,,,"6x8x54",,,1,6,4,54,6,8,1,1,4
"dot/dot_fp64_6x4x1_1x4x1_avx/8/108/real_time",552781,253.106,252.564,ns,,,"6x8x108",,,1,6,4,108,6,8,1,1,4
"dot/dot_fp64_6x4x1_1x4x1_avx/8/162/real_time",365332,383.451,382.456,ns,,,"6x8x162",,,1,6,4,162,6,8,1,1,4
"dot/dot_fp64_6x4x1_1x4x1_avx/8/216/real_time",269029,517.301,516.011,ns,,,"6x8x216",,,1,6,4,216,6,8,1,1,4
"dot/dot_fp64_6x4x1_1x4x1_avx/16/1/real_time",5083574,27.5257,27.4617,ns,,,"6x16x1",,,1,6,4,1,6,16,1,1,4
"dot/dot_fp64_6x4x1_1x4x1_avx/16/33/real_time",729938,164.454,164.027,ns,,,"6x16x33",,,1,6,4,33,6,16,1,1,4
"dot/dot_fp64_6x4x1_1x4x1_avx/16/67/real_time",431784,320.363,319.583,ns,,,"6x16x67",,,1,6,4,67,6,16,1,1,4
"dot/dot_fp64_6x4x1_1x4x1_avx/16/101/real_time",294483,475.118,473.786,ns,,,"6x16x101",,,1,6,4,101,6,16,1,1,4
"dot/dot_fp64_6x4x1_1x4x1_avx/16/135/real_time",211497,627.871,626.446,ns,,,"6x16x135",,,1,6,4,135,6,16,1,1,4
"dot/dot_fp64_6x4x1_1x4x1_avx/32/1/real_time",2984895,46.9293,46.8149,ns,,,"6x32x1",,,1,6,4,1,6,32,1,1,4
"dot/dot_fp64_6x4x1_1x4x1_avx/32/18/real_time",736161,193.204,192.718,ns,,,"6x32x18",,,1,6,4,18,6,32,1,1,4
"dot/dot_fp64_6x4x1_1x4x1_avx/32/37/real_time",372956,376.006,375.214,ns,,,"6x32x37",,,1,6,4,37,6,32,1,1,4
"dot/dot_fp64_6x4x1_1x4x1_avx/32/56/real_time",253664,552.912,551.751,ns,,,"6x32x56",,,1,6,4,56,6,32,1,1,4
"dot/dot_fp64_6x4x1_1x4x1_avx/32/75/real_time",197155,714.109,712.454,ns,,,"6x32x75",,,1,6,4,75,6,32,1,1,4
"dot/dot_fp64_8x4x1_1x4x1_avx/4/1/real_time",10524944,13.3462,13.3177,ns,,,"8x4x1",,,1,8,4,1,8,4,1,1,4
"dot/dot_fp64_8x4x1_1x4x1_avx/4/63/real_time",1357431,103.115,102.9,ns,,,"8x4x63",,,1,8,4,63,8,4,1,1,4
"dot/dot_fp64_8x4x1_1x4x1_avx/4/126/real_time",709287,197.384,196.956,ns,,,"8x4x126",,,1,8,4,126,8,4,1,1,4
"dot/dot_fp64_8x4x1_1x4x1_avx/4/189/real_time",478950,292.169,291.498,ns,,,"8x4x189",,,1,8,4,189,8,4,1,1,4
"dot/dot_fp64_8x4x1_1x4x1_avx/4/253/real_time",354972,394.195,393.317,ns,,,"8x4x253",,,1,8,4,253,8,4,1,1,4
"dot/dot_fp64_8x4x1_1x4x1_avx/8/1/real_time",8022726,17.4692,17.4274,ns,,,"8x8x1",,,1,8,4,1,8,8,1,1,4
"dot/dot_fp64_8x4x1_1x4x1_avx/8/47/real_time",936913,149.291,148.971,ns,,,"8x8x47",,,1,8,4,47,8,8,1,1,4
"dot/dot_fp64_8x4x1_1x4x1_avx/8/94/real_time",480570,291.269,290.616,ns,,,"8x8x94",,,1,8,4,94,8,8,1,1,4
"dot/dot_fp64_8x4x1_1x4x1_avx/8/141/real_time",321873,435.009,433.936,ns,,,"8x8x141",,,1,8,4,141,8,8,1,1,4
"dot/dot_fp64_8x4x1_1x4x1_avx/8/188/real_time",242776,576.266,574.919,ns,,,"8x8x188",,,1,8,4,188,8,8,1,1,4
"dot/dot_fp64_8x4x1_1x4x1_avx/16/1/real_time",5381092,25.8755,25.8207,ns,,,"8x16x1",,,1,8,4,1,8,16,1,1,4
"dot/dot_fp64_8x4x1_1x4x1_avx/16/30/real_time",741736,188.796,188.394,ns,,,"8x16x30",,,1,8,4,30,8,16,1,1,4
"dot/dot_fp64_8x4x1_1x4x1_avx/16/61/real_time",372765,375.314,374.42,ns,,,"8x16x61",,,1,8,4,61,8,16,1,1,4
"dot/dot_fp64_8x4x1_1x4x1_avx/16/91/real_time",249221,569.502,568.217,ns,,,"8x16x91",,,1,8,4,91,8,16,1,1,4
"dot/dot_fp64_8x4x1_1x4x1_avx/16/122/real_time",186677,749.949,748.303,ns,,,"8x16x122",,,1,8,4,122,8,16,1,1,4
"dot/dot_fp64_8x4x1_1x4x1_avx/32/1/real_time",3304190,42.3067,42.2167,ns,,,"8x32x1",,,1,8,4,1,8,32,1,1,4
"dot/dot_fp64_8x4x1_1x4x1_avx/32/17/real_time",611247,228.273,227.755,ns,,,"8x32x17",,,1,8,4,17,8,32,1,1,4
"dot/dot_fp64_8x4x1_1x4x1_avx/32/35/real_time",319984,437.62,436.61,ns,,,"8x32x35",,,1,8,4,35,8,32,1,1,4
"dot/dot_fp64_8x4x1_1x4x1_avx/32/52/real_time",217912,642.256,640.703,ns,,,"8x32x52",,,1,8,4,52,8,32,1,1,4
"dot/dot_fp64_8x4x1_1x4x1_avx/32/70/real_time",163080,858.794,856.824,ns,,,"8x32x70",,,1,8,4,70,8,32,1,1,4
"dot/dot_fp16_fp16_fp32_1x32x1_1x8x1_fma3/32/1/real_time",17460496,8.00922,7.98982,ns,,,"1x32x1",,,1,1,32,1,1,32,1,1,8
"dot/dot_fp16_fp16_fp32_1x32x1_1x8x1_fma3/32/92/real_time",1183966,119.279,119.014,ns,,,"1x32x92",,,1,1,32,92,1,32,1,1,8
"dot/dot_fp16_fp16_fp32_1x32x1_1x8x1_fma3/32/185/real_time",573127,237.953,237.445,ns,,,"1x32x185",,,1,1,32,185,1,32,1,1,8
"dot/dot_fp16_fp16_fp32_1x32x1_1x8x1_fma3/32/277/real_time",385773,362.963,362.177,ns,,,"1x32x277",,,1,1,32,277,1,32,1,1,8
"dot/dot_fp16_fp16_fp32_1x32x1_1x8x1_fma3/32/370/real_time",288321,495.437,494.434,ns,,,"1x32x370",,,1,1,32,370,1,32,1,1,8
"dot/dot_fp16_fp16_fp32_1x32x1_1x8x1_fma3/64/1/real_time",13596282,10.2993,10.279,ns,,,"1x64x1",,,1,1,32,1,1,64,1,1,8
"dot/dot_fp16_fp16_fp32_1x32x1_1x8x1_fma3/64/46/real_time",1245468,112.38,112.148,ns,,,"1x64x46",,,1,1,32,46,1,64,1,1,8
"dot/dot_fp16_fp16_fp32_1x32x1_1x8x1_fma3/64/93/real_time",611947,230.534,230.027,ns,,,"1x64x93",,,1,1,32,93,1,64,1,1,8
"dot/dot_fp16_fp16_fp32_1x32x1_1x8x1_fma3/64/140/real_time",398135,351.712,350.977,ns,,,"1x64x140",,,1,1,32,140,1,64,1,1,8
"dot/dot_fp16_fp16_fp32_1x32x1_1x8x1_fma3/64/187/real_time",292131,479.517,478.513,ns,,,"1x64x187",,,1,1,32,187,1,64,1,1,8
"dot/dot_fp16_fp16_fp32_1x32x1_1x8x1_fma3/128/1/real_time",8627770,16.2316,16.1982,ns,,,"1x128x1",,,1,1,32,1,1,128,1,1,8
"dot/dot_fp16_fp16_fp32_1x32x1_1x8x1_fma3/128/23/real_time",1250945,112.001,111.728,ns,,,"1x128x23",,,1,1,32,23,1,128,1,1,8
"dot/dot_fp16_fp16_fp32_1x32x1_1x8x1_fma3/128/46/real_time",631974,221.645,221.16,ns,,,"1x128x46",,,1,1,32,46,1,128,1,1,8
"dot/dot_fp16_fp16_fp32_1x32x1_1x8x1_fma3/128/69/real_time",413760,338.024,337.313,ns,,,"1x128x69",,,1,1,32,69,1,128,1,1,8
"dot/dot_fp16_fp16_fp32_1x32x1_1x8x1_fma3/128/93/real_time",305482,458.779,457.817,ns,,,"1x128x93",,,1,1,32,93,1,128,1,1,8
"dot/dot_fp16_fp16_fp32_1x32x1_1x8x1_fma3/256/1/real_time",5169552,27.5173,27.4568,ns,,,"1x256x1",,,1,1,32,1,1,256,1,1,8
"dot/dot_fp16_fp16_fp32_1x32x1_1x8x1_fma3/256/11/real_time",1296067,108.023,107.798,ns,,,"1x256x11",,,1,1,32,11,1,256,1,1,8
"dot/dot_fp16_fp16_fp32_1x32x1_1x8x1_fma3/256/22/real_time",660468,214.872,214.388,ns,,,"1x256x22",,,1,1,32,22,1,256,1,1,8
"dot/dot_fp16_fp16_fp32_1x32x1_1x8x1_fma3/256/33/real_time",435004,321.871,321.23,ns,,,"1x256x33",,,1,1,32,33,1,256,1,1,8
"dot/dot_fp16_fp16_fp32_1x32x1_1x8x1_fma3/256/45/real_time",320604,436.706,435.692,ns,,,"1x256x45",,,1,1,32,45,1,256,1,1,8
"dot/dot_fp16_fp16_fp32_2x32x1_1x8x1_fma3/32/1/real_time",14235175,9.82989,9.80943,ns,,,"2x32x1",,,1,2,32,1,2,32,1,1,8
"dot/dot_fp16_fp16_fp32_2x32x1_1x8x1_fma3/32/89/real_time",828519,168.935,168.596,ns,,,"2x32x89",,,1,2,32,89,2,32,1,1,8
"dot/dot_fp16_fp16_fp32_2x32x1_1x8x1_fma3/32/178/real_time",420225,333.447,332.709,ns,,,"2x32x178",,,1,2,32,178,2,32,1,1,8
"dot/dot_fp16_fp16_fp32_2x32x1_1x8x1_fma3/32/267/real_time",278905,540.863,539.549,ns,,,"2x32x267",,,1,2,32,267,2,32,1,1,8
"dot/dot_fp16_fp16_fp32_2x32x1_1x8x1_fma3/32/357/real_time",187525,721.629,719.872,ns,,,"2x32x357",,,1,2,32,357,2,32,1,1,8
"dot/dot_fp16_fp16_fp32_2x32x1_1x8x1_fma3/64/1/real_time",10059771,13.9726,13.9416,ns,,,"2x64x1",,,1,2,32,1,2,64,1,1,8
"dot/dot_fp16_fp16_fp32_2x32x1_1x8x1_fma3/64/45/real_time",820582,170.59,170.242,ns,,,"2x64x45",,,1,2,32,45,2,64,1,1,8
"dot/dot_fp16_fp16_fp32_2x32x1_1x8x1_fma3/64/91/real_time",411187,340.572,339.873,ns,,,"2x64x91",,,1,2,32,91,2,64,1,1,8
"dot/dot_fp16_fp16_fp32_2x32x1_1x8x1_fma3/64/136/real_time",276243,506.818,505.756,ns,,,"2x64x136",,,1,2,32,136,2,64,1,1,8
"dot/dot_fp16_fp16_fp32_2x32x1_1x8x1_fma3/64/182/real_time",205608,678.946,677.455,ns,,,"2x64x182",,,1,2,32,182,2,64,1,1,8
"dot/dot_fp16_fp16_fp32_2x32x1_1x8x1_fma3/128/1/real_time",6362990,22.0556,22.0074,ns,,,"2x128x1",,,1,2,32,1,2,128,1,1,8
"dot/dot_fp16_fp16_fp32_2x32x1_1x8x1_fma3/128/22/real_time",838200,167.015,166.658,ns,,,"2x128x22",,,1,2,32,22,2,128,1,1,8
"dot/dot_fp16_fp16_fp32_2x32x1_1x8x1_fma3/128/45/real_time",415693,339.463,338.758,ns,,,"2x128x45",,,1,2,32,45,2,128,1,1,8
"dot/dot_fp16_fp16_fp32_2x32x1_1x8x1_fma3/128/67/real_time",277182,515.347,514.249,ns,,,"2x128x67",,,1,2,32,67,2,128,1,1,8
"dot/dot_fp16_fp16_fp32_2x32x1_1x8x1_fma3/128/90/real_time",204803,683.102,681.734,ns,,,"2x128x90",,,1,2,32,90,2,128,1,1,8
"dot/dot_fp16_fp16_fp32_2x32x1_1x8x1_fma3/256/1/real_time",3676588,38.0758,37.993,ns,,,"2x256x1",,,1,2,32,1,2,256,1,1,8
"dot/dot_fp16_fp16_fp32_2x32x1_1x8x1_fma3/256/10/real_time",830854,155.92,155.601,ns,,,"2x256x10",,,1,2,32,10,2,256,1,1,8
"dot/dot_fp16_fp16_fp32_2x32x1_1x8x1_fma3/256/21/real_time",444781,318.722,318.08,ns,,,"2x256x21",,,1,2,32,21,2,256,1,1,8
"dot/dot_fp16_fp16_fp32_2x32x1_1x8x1_fma3/256/32/real_time",290424,481.494,480.453,ns,,,"2x256x32",,,1,2,32,32,2,256,1,1,8
"dot/dot_fp16_fp16_fp32_2x32x1_1x8x1_fma3/256/43/real_time",215197,645.567,644.164,ns,,,"2x256x43",,,1,2,32,43,2,256,1,1,8
"dot/dot_fp16_fp16_fp32_1x16x1_1x8x1_fma3/16/1/real_time",18439228,7.58908,7.57141,ns,,,"1x16x1",,,1,1,16,1,1,16,1,1,8
"dot/dot_fp16_fp16_fp32_1x16x1_1x8x1_fma3/16/180/real_time",663565,211.081,210.641,ns,,,"1x16x180",,,1,1,16,180,1,16,1,1,8
"dot/dot_fp16_fp16_fp32_1x16x1_1x8x1_fma3/16/360/real_time",307040,455.924,454.97,ns,,,"1x16x360",,,1,1,16,360,1,16,1,1,8
"dot/dot_fp16_fp16_fp32_1x16x1_1x8x1_fma3/16/540/real_time",201992,693.144,691.611,ns,,,"1x16x540",,,1,1,16,540,1,16,1,1,8
"dot/dot_fp16_fp16_fp32_1x16x1_1x8x1_fma3/16/720/real_time",150471,930.212,928.211,ns,,,"1x16x720",,,1,1,16,720,1,16,1,1,8
"dot/dot_fp16_fp16_fp32_1x16x1_1x8x1_fma3/32/1/real_time",14321300,9.78149,9.7614,ns,,,"1x32x1",,,1,1,16,1,1,32,1,1,8
"dot/dot_fp16_fp16_fp32_1x16x1_1x8x1_fma3/32/92/real_time",763793,183.638,183.244,ns,,,"1x32x92",,,1,1,16,92,1,32,1,1,8
"dot/dot_fp16_fp16_fp32_1x16x1_1x8x1_fma3/32/185/real_time",321365,435.71,434.798,ns,,,"1x32x185",,,1,1,16,185,1,32,1,1,8
"dot/dot_fp16_fp16_fp32_1x16x1_1x8x1_fma3/32/277/real_time",202714,690.987,689.28,ns,,,"1x32x277",,,1,1,16,277,1,32,1,1,8
"dot/dot_fp16_fp16_fp32_1x16x1_1x8x1_fma3/32/370/real_time",149019,939.181,937.421,ns,,,"1x32x370",,,1,1,16,370,1,32,1,1,8
"dot/dot_fp16_fp16_fp32_1x16x1_1x8x1_fma3/64/1/real_time",9447220,14.8662,14.8338,ns,,,"1x64x1",,,1,1,16,1,1,64,1,1,8
"dot/dot_fp16_fp16_fp32_1x16x1_1x8x1_fma3/64/46/real_time",806838,173.715,173.372,ns,,,"1x64x46",,,1,1,16,46,1,64,1,1,8
"dot/dot_fp16_fp16_fp32_1x16x1_1x8x1_fma3/64/93/real_time",363571,385.803,384.951,ns,,,"1x64x93",,,1,1,16,93,1,64,1,1,8
"dot/dot_fp16_fp16_fp32_1x16x1_1x8x1_fma3/64/140/real_time",218292,641.058,639.769,ns,,,"1x64x140",,,1,1,16,140,1,64,1,1,8
"dot/dot_fp16_fp16_fp32_1x16x1_1x8x1_fma3/64/187/real_time",157702,887.716,885.883,ns,,,"1x64x187",,,1,1,16,187,1,64,1,1,8
"dot/dot_fp16_fp16_fp32_1x16x1_1x8x1_fma3/128/1/real_time",5800163,24.1636,24.114,ns,,,"1x128x1",,,1,1,16,1,1,128,1,1,8
"dot/dot_fp16_fp16_fp32_1x16x1_1x8x1_fma3/128/23/real_time",911663,154.549,154.242,ns,,,"1x128x23",,,1,1,16,23,1,128,1,1,8
"dot/dot_fp16_fp16_fp32_1x16x1_1x8x1_fma3/128/46/real_time",390563,364.033,363.289,ns,,,"1x128x46",,,1,1,16,46,1,128,1,1,8
"dot/dot_fp16_fp16_fp32_1x16x1_1x8x1_fma3/128/69/real_time",253771,551.671,550.415,ns,,,"1x128x69",,,1,1,16,69,1,128,1,1,8
"dot/dot_fp16_fp16_fp32_1x16x1_1x8x1_fma3/128/93/real_time",180936,773.74,772.057,ns,,,"1x128x93",,,1,1,16,93,1,128,1,1,8
"dot/dot_fp16_fp16_fp32_2x16x1_1x8x1_fma3/16/1/real_time",15477634,9.12279,9.1035,ns,,,"2x16x1",,,1,2,16,1,2,16,1,1,8
"dot/dot_fp16_fp16_fp32_2x16x1_1x8x1_fma3/16/169/real_time",591347,236.687,236.209,ns,,,"2x16x169",,,1,2,16,169,2,16,1,1,8
"dot/dot_fp16_fp16_fp32_2x16x1_1x8x1_fma3/16/339/real_time",300061,466.205,465.292,ns,,,"2x16x339",,,1,2,16,339,2,16,1,1,8
"dot/dot_fp16_fp16_fp32_2x16x1_1x8x1_fma3/16/509/real_time",201421,695,693.595,ns,,,"2x16x509",,,1,2,16,509,2,16,1,1,8
"dot/dot_fp16_fp16_fp32_2x16x1_1x8x1_fma3/16/679/real_time",151454,943.755,941.791,ns,,,"2x16x679",,,1,2,16,679,2,16,1,1,8
"dot/dot_fp16_fp16_fp32_2x16x1_1x8x1_fma3/32/1/real_time",11502033,12.074,12.049,ns,,,"2x32x1",,,1,2,16,1,2,32,1,1,8
"dot/dot_fp16_fp16_fp32_2x16x1_1x8x1_fma3/32/89/real_time",574656,243.659,243.148,ns,,,"2x32x89",,,1,2,16,89,2,32,1,1,8
"dot/dot_fp16_fp16_fp32_2x16x1_1x8x1_fma3/32/178/real_time",287037,486.594,485.536,ns,,,"2x32x178",,,1,2,16,178,2,32,1,1,8
"dot/dot_fp16_fp16_fp32_2x16x1_1x8x1_fma3/32/267/real_time",189578,738.61,737.008,ns,,,"2x32x267",,,1,2,16,267,2,32,1,1,8
"dot/dot_fp16_fp16_fp32_2x16x1_1x8x1_fma3/32/357/real_time",142689,992.063,989.718,ns,,,"2x32x357",,,1,2,16,357,2,32,1,1,8
"dot/dot_fp16_fp16_fp32_2x16x1_1x8x1_fma3/64/1/real_time",7542072,18.6441,18.6046,ns,,,"2x64x1",,,1,2,16,1,2,64,1,1,8
"dot/dot_fp16_fp16_fp32_2x16x1_1x8x1_fma3/64/45/real_time",567780,246.606,246.097,ns,,,"2x64x45",,,1,2,16,45,2,64,1,1,8
"dot/dot_fp16_fp16_fp32_2x16x1_1x8x1_fma3/64/91/real_time",278973,501.42,500.197,ns,,,"2x64x91",,,1,2,16,91,2,64,1,1,8
"dot/dot_fp16_fp16_fp32_2x16x1_1x8x1_fma3/64/136/real_time",187989,744.686,743.142,ns,,,"2x64x136",,,1,2,16,136,2,64,1,1,8
"dot/dot_fp16_fp16_fp32_2x16x1_1x8x1_fma3/64/182/real_time",100000,1003.06,1000.85,ns,,,"2x64x182",,,1,2,16,182,2,64,1,1,8
"dot/dot_fp16_fp16_fp32_2x16x1_1x8x1_fma3/128/1/real_time",4502775,30.8961,30.8266,ns,,,"2x128x1",,,1,2,16,1,2,128,1,1,8
"dot/dot_fp16_fp16_fp32_2x16x1_1x8x1_fma3/128/22/real_time",568095,245.44,244.85,ns,,,"2x128x22",,,1,2,16,22,2,128,1,1,8
"dot/dot_fp16_fp16_fp32_2x16x1_1x8x1_fma3/128/45/real_time",281625,497.122,496.056,ns,,,"2x128x45",,,1,2,16,45,2,128,1,1,8
"dot/dot_fp16_fp16_fp32_2x16x1_1x8x1_fma3/128/67/real_time",184693,734.547,732.954,ns,,,"2x128x67",,,1,2,16,67,2,128,1,1,8
"dot/dot_fp16_fp16_fp32_2x16x1_1x8x1_fma3/128/90/real_time",139996,1000.34,998.177,ns,,,"2x128x90",,,1,2,16,90,2,128,1,1,8
"dot/dot_fp16_fp16_fp32_4x16x1_1x8x1_fma3/16/1/real_time",11731846,11.9463,11.9229,ns,,,"4x16x1",,,1,4,16,1,4,16,1,1,8
"dot/dot_fp16_fp16_fp32_4x16x1_1x8x1_fma3/16/152/real_time",353028,395.734,394.935,ns,,,"4x16x152",,,1,4,16,152,4,16,1,1,8
"dot/dot_fp16_fp16_fp32_4x16x1_1x8x1_fma3/16/304/real_time",177789,787.655,785.952,ns,,,"4x16x304",,,1,4,16,304,4,16,1,1,8
"dot/dot_fp16_fp16_fp32_4x16x1_1x8x1_fma3/16/456/real_time",119129,1175.84,1173.22,ns,,,"4x16x456",,,1,4,16,456,4,16,1,1,8
"dot/dot_fp16_fp16_fp32_4x16x1_1x8x1_fma3/16/608/real_time",89455,1564.37,1561.16,ns,,,"4x16x608",,,1,4,16,608,4,16,1,1,8
"dot/dot_fp16_fp16_fp32_4x16x1_1x8x1_fma3/32/1/real_time",8235482,16.9884,16.9551,ns,,,"4x32x1",,,1,4,16,1,4,32,1,1,8
"dot/dot_fp16_fp16_fp32_4x16x1_1x8x1_fma3/32/83/real_time",324891,430.878,429.975,ns,,,"4x32x83",,,1,4,16,83,4,32,1,1,8
"dot/dot_fp16_fp16_fp32_4x16x1_1x8x1_fma3/32/167/real_time",162034,866.224,864.277,ns,,,"4x32x167",,,1,4,16,167,4,32,1,1,8
"dot/dot_fp16_fp16_fp32_4x16x1_1x8x1_fma3/32/250/real_time",107733,1298.54,1295.66,ns,,,"4x32x250",,,1,4,16,250,4,32,1,1,8
"dot/dot_fp16_fp16_fp32_4x16x1_1x8x1_fma3/32/334/real_time",81075,1727.97,1724.2,ns,,,"4x32x334",,,1,4,16,334,4,32,1,1,8
"dot/dot_fp16_fp16_fp32_4x16x1_1x8x1_fma3/64/1/real_time",5163937,27.0568,27.0038,ns,,,"4x64x1",,,1,4,16,1,4,64,1,1,8
"dot/dot_fp16_fp16_fp32_4x16x1_1x8x1_fma3/64/43/real_time",313302,474.327,473.227,ns,,,"4x64x43",,,1,4,16,43,4,64,1,1,8
"dot/dot_fp16_fp16_fp32_4x16x1_1x8x1_fma3/64/86/real_time",154645,900.781,898.859,ns,,,"4x64x86",,,1,4,16,86,4,64,1,1,8
"dot/dot_fp16_fp16_fp32_4x16x1_1x8x1_fma3/64/129/real_time",104770,1335.18,1332.47,ns,,,"4x64x129",,,1,4,16,129,4,64,1,1,8
"dot/dot_fp16_fp16_fp32_4x16x1_1x8x1_fma3/64/173/real_time",78011,1794.06,1790.25,ns,,,"4x64x173",,,1,4,16,173,4,64,1,1,8
"dot/dot_fp16_fp16_fp32_4x16x1_1x8x1_fma3/128/1/real_time",2971276,47.8416,47.7432,ns,,,"4x128x1",,,1,4,16,1,4,128,1,1,8
"dot/dot_fp16_fp16_fp32_4x16x1_1x8x1_fma3/128/21/real_time",319716,437.891,436.959,ns,,,"4x128x21",,,1,4,16,21,4,128,1,1,8
"dot/dot_fp16_fp16_fp32_4x16x1_1x8x1_fma3/128/42/real_time",159882,875.831,873.892,ns,,,"4x128x42",,,1,4,16,42,4,128,1,1,8
"dot/dot_fp16_fp16_fp32_4x16x1_1x8x1_fma3/128/63/real_time",107125,1308.16,1305.34,ns,,,"4x128x63",,,1,4,16,63,4,128,1,1,8
"dot/dot_fp16_fp16_fp32_4x16x1_1x8x1_fma3/128/85/real_time",79484,1760.09,1756.1,ns,,,"4x128x85",,,1,4,16,85,4,128,1,1,8
"dot/dot_fp16_fp16_fp32_2x8x1_1x8x1_fma3/8/1/real_time",16388429,8.24235,8.22483,ns,,,"2x8x1",,,1,2,8,1,2,8,1,1,8
"dot/dot_fp16_fp16_fp32_2x8x1_1x8x1_fma3/8/306/real_time",351299,398.446,397.554,ns,,,"2x8x306",,,1,2,8,306,2,8,1,1,8
"dot/dot_fp16_fp16_fp32_2x8x1_1x8x1_fma3/8/612/real_time",168581,802.225,800.415,ns,,,"2x8x612",,,1,2,8,612,2,8,1,1,8
"dot/dot_fp16_fp16_fp32_2x8x1_1x8x1_fma3/8/918/real_time",116117,1205.85,1203.18,ns,,,"2x8x918",,,1,2,8,918,2,8,1,1,8
"dot/dot_fp16_fp16_fp32_2x8x1_1x8x1_fma3/8/1225/real_time",86910,1610.93,1607.34,ns,,,"2x8x1225",,,1,2,8,1225,2,8,1,1,8
"dot/dot_fp16_fp16_fp32_2x8x1_1x8x1_fma3/16/1/real_time",12924792,10.8461,10.8242,ns,,,"2x16x1",,,1,2,8,1,2,16,1,1,8
"dot/dot_fp16_fp16_fp32_2x8x1_1x8x1_fma3/16/169/real_time",327555,428.298,427.354,ns,,,"2x16x169",,,1,2,8,169,2,16,1,1,8
"dot/dot_fp16_fp16_fp32_2x8x1_1x8x1_fma3/16/339/real_time",158200,885.337,883.134,ns,,,"2x16x339",,,1,2,8,339,2,16,1,1,8
"dot/dot_fp16_fp16_fp32_2x8x1_1x8x1_fma3/16/509/real_time",104950,1333.61,1330.76,ns,,,"2x16x509",,,1,2,8,509,2,16,1,1,8
"dot/dot_fp16_fp16_fp32_2x8x1_1x8x1_fma3/16/679/real_time",78577,1819.35,1815.12,ns,,,"2x16x679",,,1,2,8,679,2,16,1,1,8
"dot/dot_fp16_fp16_fp32_2x8x1_1x8x1_fma3/32/1/real_time",8479666,16.6938,16.6599,ns,,,"2x32x1",,,1,2,8,1,2,32,1,1,8
"dot/dot_fp16_fp16_fp32_2x8x1_1x8x1_fma3/32/89/real_time",320677,439.956,439.033,ns,,,"2x32x89",,,1,2,8,89,2,32,1,1,8
"dot/dot_fp16_fp16_fp32_2x8x1_1x8x1_fma3/32/178/real_time",155492,900.031,898.261,ns,,,"2x32x178",,,1,2,8,178,2,32,1,1,8
"dot/dot_fp16_fp16_fp32_2x8x1_1x8x1_fma3/32/267/real_time",101701,1376.43,1373.6,ns,,,"2x32x267",,,1,2,8,267,2,32,1,1,8
"dot/dot_fp16_fp16_fp32_2x8x1_1x8x1_fma3/32/357/real_time",75633,1850.5,1846.74,ns,,,"2x32x357",,,1,2,8,357,2,32,1,1,8
"dot/dot_fp16_fp16_fp32_2x8x1_1x8x1_fma3/64/1/real_time",5116147,27.4056,27.349,ns,,,"2x64x1",,,1,2,8,1,2,64,1,1,8
"dot/dot_fp16_fp16_fp32_2x8x1_1x8x1_fma3/64/45/real_time",323751,432.939,432.026,ns,,,"2x64x45",,,1,2,8,45,2,64,1,1,8
"dot/dot_fp16_fp16_fp32_2x8x1_1x8x1_fma3/64/91/real_time",156792,894.679,892.857,ns,,,"2x64x91",,,1,2,8,91,2,64,1,1,8
"dot/dot_fp16_fp16_fp32_2x8x1_1x8x1_fma3/64/136/real_time",103303,1357.21,1354.42,ns,,,"2x64x136",,,1,2,8,136,2,64,1,1,8
"dot/dot_fp16_fp16_fp32_2x8x1_1x8x1_fma3/64/182/real_time",76542,1832.25,1828.69,ns,,,"2x64x182",,,1,2,8,182,2,64,1,1,8
"dot/dot_fp16_fp16_fp32_4x8x1_1x8x1_fma3/8/1/real_time",12898172,10.9803,10.9584,ns,,,"4x8x1",,,1,4,8,1,4,8,1,1,8
"dot/dot_fp16_fp16_fp32_4x8x1_1x8x1_fma3/8/254/real_time",247175,566.473,565.37,ns,,,"4x8x254",,,1,4,8,254,4,8,1,1,8
"dot/dot_fp16_fp16_fp32_4x8x1_1x8x1_fma3/8/509/real_time",124350,1145.28,1142.97,ns,,,"4x8x509",,,1,4,8,509,4,8,1,1,8
"dot/dot_fp16_fp16_fp32_4x8x1_1x8x1_fma3/8/763/real_time",83211,1712.81,1709.36,ns,,,"4x8x763",,,1,4,8,763,4,8,1,1,8
"dot/dot_fp16_fp16_fp32_4x8x1_1x8x1_fma3/8/1018/real_time",62436,2270.96,2266.23,ns,,,"4x8x1018",,,1,4,8,1018,4,8,1,1,8
"dot/dot_fp16_fp16_fp32_4x8x1_1x8x1_fma3/16/1/real_time",9277711,15.1804,15.1486,ns,,,"4x16x1",,,1,4,8,1,4,16,1,1,8
"dot/dot_fp16_fp16_fp32_4x8x1_1x8x1_fma3/16/152/real_time",206817,682.203,680.846,ns,,,"4x16x152",,,1,4,8,152,4,16,1,1,8
"dot/dot_fp16_fp16_fp32_4x8x1_1x8x1_fma3/16/304/real_time",103571,1351.69,1348.78,ns,,,"4x16x304",,,1,4,8,304,4,16,1,1,8
"dot/dot_fp16_fp16_fp32_4x8x1_1x8x1_fma3/16/456/real_time",69400,2018.7,2013.78,ns,,,"4x16x456",,,1,4,8,456,4,16,1,1,8
"dot/dot_fp16_fp16_fp32_4x8x1_1x8x1_fma3/16/608/real_time",52128,2685.84,2679.51,ns,,,"4x16x608",,,1,4,8,608,4,16,1,1,8
"dot/dot_fp16_fp16_fp32_4x8x1_1x8x1_fma3/32/1/real_time",5746829,24.2661,24.2108,ns,,,"4x32x1",,,1,4,8,1,4,32,1,1,8
"dot/dot_fp16_fp16_fp32_4x8x1_1x8x1_fma3/32/83/real_time",189521,740.734,739.038,ns,,,"4x32x83",,,1,4,8,83,4,32,1,1,8
"dot/dot_fp16_fp16_fp32_4x8x1_1x8x1_fma3/32/167/real_time",94100,1487.36,1483.85,ns,,,"4x32x167",,,1,4,8,167,4,32,1,1,8
"dot/dot_fp16_fp16_fp32_4x8x1_1x8x1_fma3/32/250/real_time",63156,2216.66,2211.83,ns,,,"4x32x250",,,1,4,8,250,4,32,1,1,8
"dot/dot_fp16_fp16_fp32_4x8x1_1x8x1_fma3/32/334/real_time",47366,2954.53,2947.12,ns,,,"4x32x334",,,1,4,8,334,4,32,1,1,8
"dot/dot_fp16_fp16_fp32_4x8x1_1x8x1_fma3/64/1/real_time",3301832,41.5131,41.4323,ns,,,"4x64x1",,,1,4,8,1,4,64,1,1,8
"dot/dot_fp16_fp16_fp32_4x8x1_1x8x1_fma3/64/43/real_time",182304,767.968,766.447,ns,,,"4x64x43",,,1,4,8,43,4,64,1,1,8
"dot/dot_fp16_fp16_fp32_4x8x1_1x8x1_fma3/64/86/real_time",91983,1522.7,1519.31,ns,,,"4x64x86",,,1,4,8,86,4,64,1,1,8
"dot/dot_fp16_fp16_fp32_4x8x1_1x8x1_fma3/64/129/real_time",61479,2276.59,2272.08,ns,,,"4x64x129",,,1,4,8,129,4,64,1,1,8
"dot/dot_fp16_fp16_fp32_4x8x1_1x8x1_fma3/64/173/real_time",45679,3066.24,3060.24,ns,,,"4x64x173",,,1,4,8,173,4,64,1,1,8
"dot/dot_fp16_fp16_fp32_8x8x1_1x8x1_fma3/8/1/real_time",10202372,13.7817,13.7534,ns,,,"8x8x1",,,1,8,8,1,8,8,1,1,8
"dot/dot_fp16_fp16_fp32_8x8x1_1x8x1_fma3/8/190/real_time",167735,834.687,832.977,ns,,,"8x8x190",,,1,8,8,190,8,8,1,1,8
"dot/dot_fp16_fp16_fp32_8x8x1_1x8x1_fma3/8/380/real_time",83908,1668.38,1665.01,ns,,,"8x8x380",,,1,8,8,380,8,8,1,1,8
"dot/dot_fp16_fp16_fp32_8x8x1_1x8x1_fma3/8/570/real_time",56057,2497.03,2492.12,ns,,,"8x8x570",,,1,8,8,570,8,8,1,1,8
"dot/dot_fp16_fp16_fp32_8x8x1_1x8x1_fma3/8/760/real_time",42107,3324.74,3317.98,ns,,,"8x8x760",,,1,8,8,760,8,8,1,1,8
"dot/dot_fp16_fp16_fp32_8x8x1_1x8x1_fma3/16/1/real_time",6492676,18.9394,18.8992,ns,,,"8x16x1",,,1,8,8,1,8,16,1,1,8
"dot/dot_fp16_fp16_fp32_8x8x1_1x8x1_fma3/16/125/real_time",127699,1096.68,1094.38,ns,,,"8x16x125",,,1,8,8,125,8,16,1,1,8
"dot/dot_fp16_fp16_fp32_8x8x1_1x8x1_fma3/16/250/real_time",63673,2298.39,2293.29,ns,,,"8x16x250",,,1,8,8,250,8,16,1,1,8
"dot/dot_fp16_fp16_fp32_8x8x1_1x8x1_fma3/16/375/real_time",32673,3290.3,3283.09,ns,,,"8x16x375",,,1,8,8,375,8,16,1,1,8
"dot/dot_fp16_fp16_fp32_8x8x1_1x8x1_fma3/16/501/real_time",31899,4388.04,4378.93,ns,,,"8x16x501",,,1,8,8,501,8,16,1,1,8
"dot/dot_fp16_fp16_fp32_8x8x1_1x8x1_fma3/32/1/real_time",4729315,29.6761,29.6198,ns,,,"8x32x1",,,1,8,8,1,8,32,1,1,8
"dot/dot_fp16_fp16_fp32_8x8x1_1x8x1_fma3/32/73/real_time",108703,1287.53,1284.74,ns,,,"8x32x73",,,1,8,8,73,8,32,1,1,8
"dot/dot_fp16_fp16_fp32_8x8x1_1x8x1_fma3/32/147/real_time",54158,2597.5,2592.33,ns,,,"8x32x147",,,1,8,8,147,8,32,1,1,8
"dot/dot_fp16_fp16_fp32_8x8x1_1x8x1_fma3/32/220/real_time",35901,3860.49,3852.6,ns,,,"8x32x220",,,1,8,8,220,8,32,1,1,8
"dot/dot_fp16_fp16_fp32_8x8x1_1x8x1_fma3/32/294/real_time",27179,5151.46,5140.37,ns,,,"8x32x294",,,1,8,8,294,8,32,1,1,8
"dot/dot_fp16_fp16_fp32_8x8x1_1x8x1_fma3/64/1/real_time",2781121,50.6608,50.5493,ns,,,"8x64x1",,,1,8,8,1,8,64,1,1,8
"dot/dot_fp16_fp16_fp32_8x8x1_1x8x1_fma3/64/39/real_time",101766,1376.23,1373.41,ns,,,"8x64x39",,,1,8,8,39,8,64,1,1,8
"dot/dot_fp16_fp16_fp32_8x8x1_1x8x1_fma3/64/78/real_time",51148,2736.9,2730.95,ns,,,"8x64x78",,,1,8,8,78,8,64,1,1,8
"dot/dot_fp16_fp16_fp32_8x8x1_1x8x1_fma3/64/117/real_time",34188,4098.94,4090.37,ns,,,"8x64x117",,,1,8,8,117,8,64,1,1,8
"dot/dot_fp16_fp16_fp32_8x8x1_1x8x1_fma3/64/156/real_time",25596,5469.3,5457.78,ns,,,"8x64x156",,,1,8,8,156,8,64,1,1,8
"dot/dot_fp16_fp16_fp32_1x32x1_1x8x1_f16c/32/1/real_time",17409037,8.06528,8.04794,ns,,,"1x32x1",,,1,1,32,1,1,32,1,1,8
"dot/dot_fp16_fp16_fp32_1x32x1_1x8x1_f16c/32/92/real_time",1033596,137.88,137.593,ns,,,"1x32x92",,,1,1,32,92,1,32,1,1,8
"dot/dot_fp16_fp16_fp32_1x32x1_1x8x1_f16c/32/185/real_time",522121,268.134,267.598,ns,,,"1x32x185",,,1,1,32,185,1,32,1,1,8
"dot/dot_fp16_fp16_fp32_1x32x1_1x8x1_f16c/32/277/real_time",345826,404.676,403.838,ns,,,"1x32x277",,,1,1,32,277,1,32,1,1,8
"dot/dot_fp16_fp16_fp32_1x32x1_1x8x1_f16c/32/370/real_time",260530,537.376,536.271,ns,,,"1x32x370",,,1,1,32,370,1,32,1,1,8
"dot/dot_fp16_fp16_fp32_1x32x1_1x8x1_f16c/64/1/real_time",12931949,10.8285,10.8076,ns,,,"1x64x1",,,1,1,32,1,1,64,1,1,8
"dot/dot_fp16_fp16_fp32_1x32x1_1x8x1_f16c/64/46/real_time",1031132,135.809,135.543,ns,,,"1x64x46",,,1,1,32,46,1,64,1,1,8
"dot/dot_fp16_fp16_fp32_1x32x1_1x8x1_f16c/64/93/real_time",518775,272.251,271.73,ns,,,"1x64x93",,,1,1,32,93,1,64,1,1,8
"dot/dot_fp16_fp16_fp32_1x32x1_1x8x1_f16c/64/140/real_time",344915,403.711,402.948,ns,,,"1x64x140",,,1,1,32,140,1,64,1,1,8
"dot/dot_fp16_fp16_fp32_1x32x1_1x8x1_f16c/64/187/real_time",257624,540.943,539.898,ns,,,"1x64x187",,,1,1,32,187,1,64,1,1,8
"dot/dot_fp16_fp16_fp32_1x32x1_1x8x1_f16c/128/1/real_time",8278550,16.9266,16.8951,ns,,,"1x128x1",,,1,1,32,1,1,128,1,1,8
"dot/dot_fp16_fp16_fp32_1x32x1_1x8x1_f16c/128/23/real_time",1025634,136.449,136.183,ns,,,"1x128x23",,,1,1,32,23,1,128,1,1,8
"dot/dot_fp16_fp16_fp32_1x32x1_1x8x1_f16c/128/46/real_time",523418,267.514,267.01,ns,,,"1x128x46",,,1,1,32,46,1,128,1,1,8
"dot/dot_fp16_fp16_fp32_1x32x1_1x8x1_f16c/128/69/real_time",345870,404.476,403.671,ns,,,"1x128x69",,,1,1,32,69,1,128,1,1,8
"dot/dot_fp16_fp16_fp32_1x32x1_1x8x1_f16c/128/93/real_time",258174,541.773,540.747,ns,,,"1x128x93",,,1,1,32,93,1,128,1,1,8
"dot/dot_fp16_fp16_fp32_1x32x1_1x8x1_f16c/256/1/real_time",4881015,28.7053,28.6466,ns,,,"1x256x1",,,1,1,32,1,1,256,1,1,8
"dot/dot_fp16_fp16_fp32_1x32x1_1x8x1_f16c/256/11/real_time",1066343,131.185,130.925,ns,,,"1x256x11",,,1,1,32,11,1,256,1,1,8
"dot/dot_fp16_fp16_fp32_1x32x1_1x8x1_f16c/256/22/real_time",543501,257.382,256.894,ns,,,"1x256x22",,,1,1,32,22,1,256,1,1,8
"dot/dot_fp16_fp16_fp32_1x32x1_1x8x1_f16c/256/33/real_time",359506,389.395,388.624,ns,,,"1x256x33",,,1,1,32,33,1,256,1,1,8
"dot/dot_fp16_fp16_fp32_1x32x1_1x8x1_f16c/256/45/real_time",257598,530.266,529.21,ns,,,"1x256x45",,,1,1,32,45,1,256,1,1,8
"dot/dot_fp16_fp16_fp32_2x32x1_1x8x1_f16c/32/1/real_time",13862525,10.1103,10.0899,ns,,,"2x32x1",,,1,2,32,1,2,32,1,1,8
"dot/dot_fp16_fp16_fp32_2x32x1_1x8x1_f16c/32/89/real_time",605172,233.422,232.974,ns,,,"2x32x89",,,1,2,32,89,2,32,1,1,8
"dot/dot_fp16_fp16_fp32_2x32x1_1x8x1_f16c/32/178/real_time",305788,457.464,456.656,ns,,,"2x32x178",,,1,2,32,178,2,32,1,1,8
"dot/dot_fp16_fp16_fp32_2x32x1_1x8x1_f16c/32/267/real_time",202529,691.449,690.058,ns,,,"2x32x267",,,1,2,32,267,2,32,1,1,8
"dot/dot_fp16_fp16_fp32_2x32x1_1x8x1_f16c/32/357/real_time",152272,919.397,917.56,ns,,,"2x32x357",,,1,2,32,357,2,32,1,1,8
"dot/dot_fp16_fp16_fp32_2x32x1_1x8x1_f16c/64/1/real_time",9584900,14.6152,14.5883,ns,,,"2x64x1",,,1,2,32,1,2,64,1,1,8
"dot/dot_fp16_fp16_fp32_2x32x1_1x8x1_f16c/64/45/real_time",591867,273.513,272.817,ns,,,"2x64x45",,,1,2,32,45,2,64,1,1,8
"dot/dot_fp16_fp16_fp32_2x32x1_1x8x1_f16c/64/91/real_time",276269,473.879,472.907,ns,,,"2x64x91",,,1,2,32,91,2,64,1,1,8
"dot/dot_fp16_fp16_fp32_2x32x1_1x8x1_f16c/64/136/real_time",198652,705.599,704.158,ns,,,"2x64x136",,,1,2,32,136,2,64,1,1,8
"dot/dot_fp16_fp16_fp32_2x32x1_1x8x1_f16c/64/182/real_time",147872,960.179,957.998,ns,,,"2x64x182",,,1,2,32,182,2,64,1,1,8
"dot/dot_fp16_fp16_fp32_2x32x1_1x8x1_f16c/128/1/real_time",6004488,23.3211,23.2615,ns,,,"2x128x1",,,1,2,32,1,2,128,1,1,8
"dot/dot_fp16_fp16_fp32_2x32x1_1x8x1_f16c/128/22/real_time",602992,232.656,232.165,ns,,,"2x128x22",,,1,2,32,22,2,128,1,1,8
"dot/dot_fp16_fp16_fp32_2x32x1_1x8x1_f16c/128/45/real_time",298046,469.777,468.861,ns,,,"2x128x45",,,1,2,32,45,2,128,1,1,8
"dot/dot_fp16_fp16_fp32_2x32x1_1x8x1_f16c/128/67/real_time",199667,701.641,700.177,ns,,,"2x128x67",,,1,2,32,67,2,128,1,1,8
"dot/dot_fp16_fp16_fp32_2x32x1_1x8x1_f16c/128/90/real_time",147475,948.943,946.891,ns,,,"2x128x90",,,1,2,32,90,2,128,1,1,8
"dot/dot_fp16_fp16_fp32_2x32x1_1x8x1_f16c/256/1/real_time",3435840,40.7349,40.6485,ns,,,"2x256x1",,,1,2,32,1,2,256,1,1,8
"dot/dot_fp16_fp16_fp32_2x32x1_1x8x1_f16c/256/10/real_time",654806,213.791,213.292,ns,,,"2x256x10",,,1,2,32,10,2,256,1,1,8
"dot/dot_fp16_fp16_fp32_2x32x1_1x8x1_f16c/256/21/real_time",304259,462.372,461.466,ns,,,"2x256x21",,,1,2,32,21,2,256,1,1,8
"dot/dot_fp16_fp16_fp32_2x32x1_1x8x1_f16c/256/32/real_time",198579,704.752,703.37,ns,,,"2x256x32",,,1,2,32,32,2,256,1,1,8
"dot/dot_fp16_fp16_fp32_2x32x1_1x8x1_f16c/256/43/real_time",153650,909.154,907.342,ns,,,"2x256x43",,,1,2,32,43,2,256,1,1,8
"dot/dot_fp16_fp16_fp32_1x16x1_1x8x1_f16c/16/1/real_time",18311609,7.56905,7.55367,ns,,,"1x16x1",,,1,1,16,1,1,16,1,1,8
"dot/dot_fp16_fp16_fp32_1x16x1_1x8x1_f16c/16/180/real_time",824531,169.641,169.298,ns,,,"1x16x180",,,1,1,16,180,1,16,1,1,8
"dot/dot_fp16_fp16_fp32_1x16x1_1x8x1_f16c/16/360/real_time",409733,342.151,341.45,ns,,,"1x16x360",,,1,1,16,360,1,16,1,1,8
"dot/dot_fp16_fp16_fp32_1x16x1_1x8x1_f16c/16/540/real_time",275274,508.176,507.204,ns,,,"1x16x540",,,1,1,16,540,1,16,1,1,8
"dot/dot_fp16_fp16_fp32_1x16x1_1x8x1_f16c/16/720/real_time",207491,675.094,673.774,ns,,,"1x16x720",,,1,1,16,720,1,16,1,1,8
"dot/dot_fp16_fp16_fp32_1x16x1_1x8x1_f16c/32/1/real_time",14197388,9.81472,9.79519,ns,,,"1x32x1",,,1,1,16,1,1,32,1,1,8
"dot/dot_fp16_fp16_fp32_1x16x1_1x8x1_f16c/32/92/real_time",807544,173.343,172.989,ns,,,"1x32x92",,,1,1,16,92,1,32,1,1,8
"dot/dot_fp16_fp16_fp32_1x16x1_1x8x1_f16c/32/185/real_time",402211,349.464,348.757,ns,,,"1x32x185",,,1,1,16,185,1,32,1,1,8
"dot/dot_fp16_fp16_fp32_1x16x1_1x8x1_f16c/32/277/real_time",262504,533.676,532.662,ns,,,"1x32x277",,,1,1,16,277,1,32,1,1,8
"dot/dot_fp16_fp16_fp32_1x16x1_1x8x1_f16c/32/370/real_time",198437,718.466,717.012,ns,,,"1x32x370",,,1,1,16,370,1,32,1,1,8
"dot/dot_fp16_fp16_fp32_1x16x1_1x8x1_f16c/64/1/real_time",9305121,14.9607,14.9313,ns,,,"1x64x1",,,1,1,16,1,1,64,1,1,8
"dot/dot_fp16_fp16_fp32_1x16x1_1x8x1_f16c/64/46/real_time",806466,173.56,173.207,ns,,,"1x64x46",,,1,1,16,46,1,64,1,1,8
"dot/dot_fp16_fp16_fp32_1x16x1_1x8x1_f16c/64/93/real_time",395878,359.126,358.412,ns,,,"1x64x93",,,1,1,16,93,1,64,1,1,8
"dot/dot_fp16_fp16_fp32_1x16x1_1x8x1_f16c/64/140/real_time",265107,528.154,527.122,ns,,,"1x64x140",,,1,1,16,140,1,64,1,1,8
"dot/dot_fp16_fp16_fp32_1x16x1_1x8x1_f16c/64/187/real_time",196931,707.644,706.184,ns,,,"1x64x187",,,1,1,16,187,1,64,1,1,8
"dot/dot_fp16_fp16_fp32_1x16x1_1x8x1_f16c/128/1/real_time",5635783,24.8258,24.7784,ns,,,"1x128x1",,,1,1,16,1,1,128,1,1,8
"dot/dot_fp16_fp16_fp32_1x16x1_1x8x1_f16c/128/23/real_time",804994,173.988,173.646,ns,,,"1x128x23",,,1,1,16,23,1,128,1,1,8
"dot/dot_fp16_fp16_fp32_1x16x1_1x8x1_f16c/128/46/real_time",398180,351.43,350.72,ns,,,"1x128x46",,,1,1,16,46,1,128,1,1,8
"dot/dot_fp16_fp16_fp32_1x16x1_1x8x1_f16c/128/69/real_time",268581,521.168,520.127,ns,,,"1x128x69",,,1,1,16,69,1,128,1,1,8
"dot/dot_fp16_fp16_fp32_1x16x1_1x8x1_f16c/128/93/real_time",200263,698.983,697.572,ns,,,"1x128x93",,,1,1,16,93,1,128,1,1,8
"dot/dot_fp16_fp16_fp32_2x16x1_1x8x1_f16c/16/1/real_time",15358414,9.10843,9.08988,ns,,,"2x16x1",,,1,2,16,1,2,16,1,1,8
"dot/dot_fp16_fp16_fp32_2x16x1_1x8x1_f16c/16/169/real_time",457311,305.959,305.377,ns,,,"2x16x169",,,1,2,16,169,2,16,1,1,8
"dot/dot_fp16_fp16_fp32_2x16x1_1x8x1_f16c/16/339/real_time",232178,605.39,604.191,ns,,,"2x16x339",,,1,2,16,339,2,16,1,1,8
"dot/dot_fp16_fp16_fp32_2x16x1_1x8x1_f16c/16/509/real_time",154632,904.092,902.283,ns,,,"2x16x509",,,1,2,16,509,2,16,1,1,8
"dot/dot_fp16_fp16_fp32_2x16x1_1x8x1_f16c/16/679/real_time",116304,1203.49,1201.15,ns,,,"2x16x679",,,1,2,16,679,2,16,1,1,8
"dot/dot_fp16_fp16_fp32_2x16x1_1x8x1_f16c/32/1/real_time",11224909,12.45,12.4236,ns,,,"2x32x1",,,1,2,16,1,2,32,1,1,8
"dot/dot_fp16_fp16_fp32_2x16x1_1x8x1_f16c/32/89/real_time",445427,314.251,313.625,ns,,,"2x32x89",,,1,2,16,89,2,32,1,1,8
"dot/dot_fp16_fp16_fp32_2x16x1_1x8x1_f16c/32/178/real_time",222758,629.497,628.228,ns,,,"2x32x178",,,1,2,16,178,2,32,1,1,8
"dot/dot_fp16_fp16_fp32_2x16x1_1x8x1_f16c/32/267/real_time",146447,958.037,955.894,ns,,,"2x32x267",,,1,2,16,267,2,32,1,1,8
"dot/dot_fp16_fp16_fp32_2x16x1_1x8x1_f16c/32/357/real_time",109334,1276.35,1273.71,ns,,,"2x32x357",,,1,2,16,357,2,32,1,1,8
"dot/dot_fp16_fp16_fp32_2x16x1_1x8x1_f16c/64/1/real_time",7294539,19.4863,19.4499,ns,,,"2x64x1",,,1,2,16,1,2,64,1,1,8
"dot/dot_fp16_fp16_fp32_2x16x1_1x8x1_f16c/64/45/real_time",438737,318.934,318.304,ns,,,"2x64x45",,,1,2,16,45,2,64,1,1,8
"dot/dot_fp16_fp16_fp32_2x16x1_1x8x1_f16c/64/91/real_time",216502,645.981,644.75,ns,,,"2x64x91",,,1,2,16,91,2,64,1,1,8
"dot/dot_fp16_fp16_fp32_2x16x1_1x8x1_f16c/64/136/real_time",142737,962.996,961.08,ns,,,"2x64x136",,,1,2,16,136,2,64,1,1,8
"dot/dot_fp16_fp16_fp32_2x16x1_1x8x1_f16c/64/182/real_time",108461,1292.22,1289.78,ns,,,"2x64x182",,,1,2,16,182,2,64,1,1,8
"dot/dot_fp16_fp16_fp32_2x16x1_1x8x1_f16c/128/1/real_time",4312447,32.4843,32.4204,ns,,,"2x128x1",,,1,2,16,1,2,128,1,1,8
"dot/dot_fp16_fp16_fp32_2x16x1_1x8x1_f16c/128/22/real_time",443851,317.779,317.203,ns,,,"2x128x22",,,1,2,16,22,2,128,1,1,8
"dot/dot_fp16_fp16_fp32_2x16x1_1x8x1_f16c/128/45/real_time",215756,643.445,642.244,ns,,,"2x128x45",,,1,2,16,45,2,128,1,1,8
"dot/dot_fp16_fp16_fp32_2x16x1_1x8x1_f16c/128/67/real_time",146818,952.72,950.91,ns,,,"2x128x67",,,1,2,16,67,2,128,1,1,8
"dot/dot_fp16_fp16_fp32_2x16x1_1x8x1_f16c/128/90/real_time",109074,1287.09,1284.43,ns,,,"2x128x90",,,1,2,16,90,2,128,1,1,8
"dot/dot_fp16_fp16_fp32_3x16x1_1x8x1_f16c/16/1/real_time",13209344,10.624,10.6028,ns,,,"3x16x1",,,1,3,16,1,3,16,1,1,8
"dot/dot_fp16_fp16_fp32_3x16x1_1x8x1_f16c/16/160/real_time",331994,418.046,417.193,ns,,,"3x16x160",,,1,3,16,160,3,16,1,1,8
"dot/dot_fp16_fp16_fp32_3x16x1_1x8x1_f16c/16/320/real_time",162051,835.568,833.862,ns,,,"3x16x320",,,1,3,16,320,3,16,1,1,8
"dot/dot_fp16_fp16_fp32_3x16x1_1x8x1_f16c/16/480/real_time",112036,1248.88,1246.31,ns,,,"3x16x480",,,1,3,16,480,3,16,1,1,8
"dot/dot_fp16_fp16_fp32_3x16x1_1x8x1_f16c/16/641/real_time",84101,1663.89,1660.59,ns,,,"3x16x641",,,1,3,16,641,3,16,1,1,8
"dot/dot_fp16_fp16_fp32_3x16x1_1x8x1_f16c/32/1/real_time",9262251,15.2884,15.2574,ns,,,"3x32x1",,,1,3,16,1,3,32,1,1,8
"dot/dot_fp16_fp16_fp32_3x16x1_1x8x1_f16c/32/86/real_time",313148,447.069,446.078,ns,,,"3x32x86",,,1,3,16,86,3,32,1,1,8
"dot/dot_fp16_fp16_fp32_3x16x1_1x8x1_f16c/32/172/real_time",155968,897.317,895.604,ns,,,"3x32x172",,,1,3,16,172,3,32,1,1,8
"dot/dot_fp16_fp16_fp32_3x16x1_1x8x1_f16c/32/258/real_time",103703,1349.68,1347.05,ns,,,"3x32x258",,,1,3,16,258,3,32,1,1,8
"dot/dot_fp16_fp16_fp32_3x16x1_1x8x1_f16c/32/345/real_time",77875,1794.48,1790.93,ns,,,"3x32x345",,,1,3,16,345,3,32,1,1,8
"dot/dot_fp16_fp16_fp32_3x16x1_1x8x1_f16c/64/1/real_time",5860463,23.8726,23.8262,ns,,,"3x64x1",,,1,3,16,1,3,64,1,1,8
"dot/dot_fp16_fp16_fp32_3x16x1_1x8x1_f16c/64/44/real_time",305530,458.132,457.237,ns,,,"3x64x44",,,1,3,16,44,3,64,1,1,8
"dot/dot_fp16_fp16_fp32_3x16x1_1x8x1_f16c/64/88/real_time",147581,925.738,923.939,ns,,,"3x64x88",,,1,3,16,88,3,64,1,1,8
"dot/dot_fp16_fp16_fp32_3x16x1_1x8x1_f16c/64/132/real_time",101894,1373.1,1370.44,ns,,,"3x64x132",,,1,3,16,132,3,64,1,1,8
"dot/dot_fp16_fp16_fp32_3x16x1_1x8x1_f16c/64/177/real_time",75956,1844.14,1840.44,ns,,,"3x64x177",,,1,3,16,177,3,64,1,1,8
"dot/dot_fp16_fp16_fp32_3x16x1_1x8x1_f16c/128/1/real_time",3382098,41.3274,41.2424,ns,,,"3x128x1",,,1,3,16,1,3,128,1,1,8
"dot/dot_fp16_fp16_fp32_3x16x1_1x8x1_f16c/128/21/real_time",318732,438.908,438.053,ns,,,"3x128x21",,,1,3,16,21,3,128,1,1,8
"dot/dot_fp16_fp16_fp32_3x16x1_1x8x1_f16c/128/43/real_time",155661,899.481,897.636,ns,,,"3x128x43",,,1,3,16,43,3,128,1,1,8
"dot/dot_fp16_fp16_fp32_3x16x1_1x8x1_f16c/128/65/real_time",103519,1352.96,1350.1,ns,,,"3x128x65",,,1,3,16,65,3,128,1,1,8
"dot/dot_fp16_fp16_fp32_3x16x1_1x8x1_f16c/128/87/real_time",77545,1805.87,1802.42,ns,,,"3x128x87",,,1,3,16,87,3,128,1,1,8
"dot/dot_fp16_fp16_fp32_4x16x1_1x8x1_f16c/16/1/real_time",11421774,12.2477,12.2229,ns,,,"4x16x1",,,1,4,16,1,4,16,1,1,8
"dot/dot_fp16_fp16_fp32_4x16x1_1x8x1_f16c/16/152/real_time",268766,520.829,519.895,ns,,,"4x16x152",,,1,4,16,152,4,16,1,1,8
"dot/dot_fp16_fp16_fp32_4x16x1_1x8x1_f16c/16/304/real_time",135759,1031.42,1029.28,ns,,,"4x16x304",,,1,4,16,304,4,16,1,1,8
"dot/dot_fp16_fp16_fp32_4x16x1_1x8x1_f16c/16/456/real_time",90838,1541.62,1538.73,ns,,,"4x16x456",,,1,4,16,456,4,16,1,1,8
"dot/dot_fp16_fp16_fp32_4x16x1_1x8x1_f16c/16/608/real_time",68211,2051.97,2047.97,ns,,,"4x16x608",,,1,4,16,608,4,16,1,1,8
"dot/dot_fp16_fp16_fp32_4x16x1_1x8x1_f16c/32/1/real_time",7892838,17.7226,17.6875,ns,,,"4x32x1",,,1,4,16,1,4,32,1,1,8
"dot/dot_fp16_fp16_fp32_4x16x1_1x8x1_f16c/32/83/real_time",247952,565.239,564.145,ns,,,"4x32x83",,,1,4,16,83,4,32,1,1,8
"dot/dot_fp16_fp16_fp32_4x16x1_1x8x1_f16c/32/167/real_time",123265,1134.3,1132.12,ns,,,"4x32x167",,,1,4,16,167,4,32,1,1,8
"dot/dot_fp16_fp16_fp32_4x16x1_1x8x1_f16c/32/250/real_time",82238,1702.13,1698.93,ns,,,"4x32x250",,,1,4,16,250,4,32,1,1,8
"dot/dot_fp16_fp16_fp32_4x16x1_1x8x1_f16c/32/334/real_time",61843,2267.65,2262.98,ns,,,"4x32x334",,,1,4,16,334,4,32,1,1,8
"dot/dot_fp16_fp16_fp32_4x16x1_1x8x1_f16c/64/1/real_time",4886573,28.6567,28.6035,ns,,,"4x64x1",,,1,4,16,1,4,64,1,1,8
"dot/dot_fp16_fp16_fp32_4x16x1_1x8x1_f16c/64/43/real_time",238802,596.338,595.106,ns,,,"4x64x43",,,1,4,16,43,4,64,1,1,8
"dot/dot_fp16_fp16_fp32_4x16x1_1x8x1_f16c/64/86/real_time",119530,1171.96,1169.72,ns,,,"4x64x86",,,1,4,16,86,4,64,1,1,8
"dot/dot_fp16_fp16_fp32_4x16x1_1x8x1_f16c/64/129/real_time",80003,1752.41,1749.07,ns,,,"4x64x129",,,1,4,16,129,4,64,1,1,8
"dot/dot_fp16_fp16_fp32_4x16x1_1x8x1_f16c/64/173/real_time",59565,2353.47,2348.82,ns,,,"4x64x173",,,1,4,16,173,4,64,1,1,8
"dot/dot_fp16_fp16_fp32_4x16x1_1x8x1_f16c/128/1/real_time",2800954,50.8906,50.7978,ns,,,"4x128x1",,,1,4,16,1,4,128,1,1,8
"dot/dot_fp16_fp16_fp32_4x16x1_1x8x1_f16c/128/21/real_time",243966,574.406,573.324,ns,,,"4x128x21",,,1,4,16,21,4,128,1,1,8
"dot/dot_fp16_fp16_fp32_4x16x1_1x8x1_f16c/128/42/real_time",112716,1153.32,1151.08,ns,,,"4x128x42",,,1,4,16,42,4,128,1,1,8
"dot/dot_fp16_fp16_fp32_4x16x1_1x8x1_f16c/128/63/real_time",81744,1713.72,1710.37,ns,,,"4x128x63",,,1,4,16,63,4,128,1,1,8
"dot/dot_fp16_fp16_fp32_4x16x1_1x8x1_f16c/128/85/real_time",60605,2306.8,2302.42,ns,,,"4x128x85",,,1,4,16,85,4,128,1,1,8
"dot/dot_fp16_fp16_fp32_4x8x1_1x8x1_f16c/8/1/real_time",12635007,11.1027,11.0815,ns,,,"4x8x1",,,1,4,8,1,4,8,1,1,8
"dot/dot_fp16_fp16_fp32_4x8x1_1x8x1_f16c/8/254/real_time",207079,676.064,674.76,ns,,,"4x8x254",,,1,4,8,254,4,8,1,1,8
"dot/dot_fp16_fp16_fp32_4x8x1_1x8x1_f16c/8/509/real_time",104077,1344.99,1342.48,ns,,,"4x8x509",,,1,4,8,509,4,8,1,1,8
"dot/dot_fp16_fp16_fp32_4x8x1_1x8x1_f16c/8/763/real_time",69571,2011.94,2008.01,ns,,,"4x8x763",,,1,4,8,763,4,8,1,1,8
"dot/dot_fp16_fp16_fp32_4x8x1_1x8x1_f16c/8/1018/real_time",52218,2681.15,2675.88,ns,,,"4x8x1018",,,1,4,8,1018,4,8,1,1,8
"dot/dot_fp16_fp16_fp32_4x8x1_1x8x1_f16c/16/1/real_time",8807433,15.9932,15.9614,ns,,,"4x16x1",,,1,4,8,1,4,16,1,1,8
"dot/dot_fp16_fp16_fp32_4x8x1_1x8x1_f16c/16/152/real_time",173319,806.537,804.995,ns,,,"4x16x152",,,1,4,8,152,4,16,1,1,8
"dot/dot_fp16_fp16_fp32_4x8x1_1x8x1_f16c/16/304/real_time",86729,1612.67,1609.59,ns,,,"4x16x304",,,1,4,8,304,4,16,1,1,8
"dot/dot_fp16_fp16_fp32_4x8x1_1x8x1_f16c/16/456/real_time",58076,2409.92,2405.32,ns,,,"4x16x456",,,1,4,8,456,4,16,1,1,8
"dot/dot_fp16_fp16_fp32_4x8x1_1x8x1_f16c/16/608/real_time",43661,3244.78,3238.5,ns,,,"4x16x608",,,1,4,8,608,4,16,1,1,8
"dot/dot_fp16_fp16_fp32_4x8x1_1x8x1_f16c/32/1/real_time",5518378,25.5085,25.4556,ns,,,"4x32x1",,,1,4,8,1,4,32,1,1,8
"dot/dot_fp16_fp16_fp32_4x8x1_1x8x1_f16c/32/83/real_time",158697,881.893,880.14,ns,,,"4x32x83",,,1,4,8,83,4,32,1,1,8
"dot/dot_fp16_fp16_fp32_4x8x1_1x8x1_f16c/32/167/real_time",78984,1770.21,1766.58,ns,,,"4x32x167",,,1,4,8,167,4,32,1,1,8
"dot/dot_fp16_fp16_fp32_4x8x1_1x8x1_f16c/32/250/real_time",52925,2645.49,2640.35,ns,,,"4x32x250",,,1,4,8,250,4,32,1,1,8
"dot/dot_fp16_fp16_fp32_4x8x1_1x8x1_f16c/32/334/real_time",39701,3526.48,3519.77,ns,,,"4x32x334",,,1,4,8,334,4,32,1,1,8
"dot/dot_fp16_fp16_fp32_4x8x1_1x8x1_f16c/64/1/real_time",3271019,41.8456,41.7637,ns,,,"4x64x1",,,1,4,8,1,4,64,1,1,8
"dot/dot_fp16_fp16_fp32_4x8x1_1x8x1_f16c/64/43/real_time",152934,915.376,913.692,ns,,,"4x64x43",,,1,4,8,43,4,64,1,1,8
"dot/dot_fp16_fp16_fp32_4x8x1_1x8x1_f16c/64/86/real_time",76928,1848.87,1845.23,ns,,,"4x64x86",,,1,4,8,86,4,64,1,1,8
"dot/dot_fp16_fp16_fp32_4x8x1_1x8x1_f16c/64/129/real_time",51487,2720.21,2715.11,ns,,,"4x64x129",,,1,4,8,129,4,64,1,1,8
"dot/dot_fp16_fp16_fp32_4x8x1_1x8x1_f16c/64/173/real_time",38356,3655.41,3647.8,ns,,,"4x64x173",,,1,4,8,173,4,64,1,1,8
"dot/dot_fp16_fp16_fp32_6x8x1_1x8x1_f16c/8/1/real_time",9989492,13.9865,13.9596,ns,,,"6x8x1",,,1,6,8,1,6,8,1,1,8
"dot/dot_fp16_fp16_fp32_6x8x1_1x8x1_f16c/8/217/real_time",164787,849.799,847.978,ns,,,"6x8x217",,,1,6,8,217,6,8,1,1,8
"dot/dot_fp16_fp16_fp32_6x8x1_1x8x1_f16c/8/435/real_time",82755,1691.6,1688.37,ns,,,"6x8x435",,,1,6,8,435,6,8,1,1,8
"dot/dot_fp16_fp16_fp32_6x8x1_1x8x1_f16c/8/652/real_time",55340,2530.48,2525.24,ns,,,"6x8x652",,,1,6,8,652,6,8,1,1,8
"dot/dot_fp16_fp16_fp32_6x8x1_1x8x1_f16c/8/870/real_time",41504,3372.34,3365.9,ns,,,"6x8x870",,,1,6,8,870,6,8,1,1,8
"dot/dot_fp16_fp16_fp32_6x8x1_1x8x1_f16c/16/1/real_time",7282037,19.0556,19.0198,ns,,,"6x16x1",,,1,6,8,1,6,16,1,1,8
"dot/dot_fp16_fp16_fp32_6x8x1_1x8x1_f16c/16/137/real_time",107802,1075.34,1073.21,ns,,,"6x16x137",,,1,6,8,137,6,16,1,1,8
"dot/dot_fp16_fp16_fp32_6x8x1_1x8x1_f16c/16/274/real_time",65508,2137.31,2133.04,ns,,,"6x16x274",,,1,6,8,274,6,16,1,1,8
"dot/dot_fp16_fp16_fp32_6x8x1_1x8x1_f16c/16/411/real_time",43795,3195.87,3189.44,ns,,,"6x16x411",,,1,6,8,411,6,16,1,1,8
"dot/dot_fp16_fp16_fp32_6x8x1_1x8x1_f16c/16/549/real_time",32842,4273.88,4265.72,ns,,,"6x16x549",,,1,6,8,549,6,16,1,1,8
"dot/dot_fp16_fp16_fp32_6x8x1_1x8x1_f16c/32/1/real_time",4562061,30.7216,30.6649,ns,,,"6x32x1",,,1,6,8,1,6,32,1,1,8
"dot/dot_fp16_fp16_fp32_6x8x1_1x8x1_f16c/32/78/real_time",114525,1220.94,1218.69,ns,,,"6x32x78",,,1,6,8,78,6,32,1,1,8
"dot/dot_fp16_fp16_fp32_6x8x1_1x8x1_f16c/32/156/real_time",57376,2431.82,2427.2,ns,,,"6x32x156",,,1,6,8,156,6,32,1,1,8
"dot/dot_fp16_fp16_fp32_6x8x1_1x8x1_f16c/32/234/real_time",38440,3643.66,3636.42,ns,,,"6x32x234",,,1,6,8,234,6,32,1,1,8
"dot/dot_fp16_fp16_fp32_6x8x1_1x8x1_f16c/32/313/real_time",28785,4862.92,4853.88,ns,,,"6x32x313",,,1,6,8,313,6,32,1,1,8
"dot/dot_fp16_fp16_fp32_6x8x1_1x8x1_f16c/64/1/real_time",2611969,53.5541,53.4534,ns,,,"6x64x1",,,1,6,8,1,6,64,1,1,8
"dot/dot_fp16_fp16_fp32_6x8x1_1x8x1_f16c/64/41/real_time",109106,1283.19,1280.64,ns,,,"6x64x41",,,1,6,8,41,6,64,1,1,8
"dot/dot_fp16_fp16_fp32_6x8x1_1x8x1_f16c/64/82/real_time",54876,2550.61,2545.64,ns,,,"6x64x82",,,1,6,8,82,6,64,1,1,8
"dot/dot_fp16_fp16_fp32_6x8x1_1x8x1_f16c/64/123/real_time",36657,3817.96,3810.41,ns,,,"6x64x123",,,1,6,8,123,6,64,1,1,8
"dot/dot_fp16_fp16_fp32_6x8x1_1x8x1_f16c/64/164/real_time",27483,5096.26,5085.72,ns,,,"6x64x164",,,1,6,8,164,6,64,1,1,8
"dot/dot_fp16_fp16_fp32_8x8x1_1x8x1_f16c/8/1/real_time",9892017,14.3752,14.3422,ns,,,"8x8x1",,,1,8,8,1,8,8,1,1,8
"dot/dot_fp16_fp16_fp32_8x8x1_1x8x1_f16c/8/190/real_time",140673,995.169,993.27,ns,,,"8x8x190",,,1,8,8,190,8,8,1,1,8
"dot/dot_fp16_fp16_fp32_8x8x1_1x8x1_f16c/8/380/real_time",70404,1988.92,1984.83,ns,,,"8x8x380",,,1,8,8,380,8,8,1,1,8
"dot/dot_fp16_fp16_fp32_8x8x1_1x8x1_f16c/8/570/real_time",47036,2977.95,2971.7,ns,,,"8x8x570",,,1,8,8,570,8,8,1,1,8
"dot/dot_fp16_fp16_fp32_8x8x1_1x8x1_f16c/8/760/real_time",35298,3966.14,3958.62,ns,,,"8x8x760",,,1,8,8,760,8,8,1,1,8
"dot/dot_fp16_fp16_fp32_8x8x1_1x8x1_f16c/16/1/real_time",6855959,19.6793,19.6414,ns,,,"8x16x1",,,1,8,8,1,8,16,1,1,8
"dot/dot_fp16_fp16_fp32_8x8x1_1x8x1_f16c/16/125/real_time",107103,1307.72,1304.88,ns,,,"8x16x125",,,1,8,8,125,8,16,1,1,8
"dot/dot_fp16_fp16_fp32_8x8x1_1x8x1_f16c/16/250/real_time",53389,2622.33,2617,ns,,,"8x16x250",,,1,8,8,250,8,16,1,1,8
"dot/dot_fp16_fp16_fp32_8x8x1_1x8x1_f16c/16/375/real_time",35688,3922.82,3914.64,ns,,,"8x16x375",,,1,8,8,375,8,16,1,1,8
"dot/dot_fp16_fp16_fp32_8x8x1_1x8x1_f16c/16/501/real_time",26744,5233.93,5223.53,ns,,,"8x16x501",,,1,8,8,501,8,16,1,1,8
"dot/dot_fp16_fp16_fp32_8x8x1_1x8x1_f16c/32/1/real_time",4534791,30.8881,30.825,ns,,,"8x32x1",,,1,8,8,1,8,32,1,1,8
"dot/dot_fp16_fp16_fp32_8x8x1_1x8x1_f16c/32/73/real_time",91271,1532.23,1529.18,ns,,,"8x32x73",,,1,8,8,73,8,32,1,1,8
"dot/dot_fp16_fp16_fp32_8x8x1_1x8x1_f16c/32/147/real_time",45416,3079.19,3072.93,ns,,,"8x32x147",,,1,8,8,147,8,32,1,1,8
"dot/dot_fp16_fp16_fp32_8x8x1_1x8x1_f16c/32/220/real_time",30412,4603.72,4594.76,ns,,,"8x32x220",,,1,8,8,220,8,32,1,1,8
"dot/dot_fp16_fp16_fp32_8x8x1_1x8x1_f16c/32/294/real_time",22787,6146.72,6134.62,ns,,,"8x32x294",,,1,8,8,294,8,32,1,1,8
"dot/dot_fp16_fp16_fp32_8x8x1_1x8x1_f16c/64/1/real_time",2586320,53.0548,52.9518,ns,,,"8x64x1",,,1,8,8,1,8,64,1,1,8
"dot/dot_fp16_fp16_fp32_8x8x1_1x8x1_f16c/64/39/real_time",85458,1638.38,1635.12,ns,,,"8x64x39",,,1,8,8,39,8,64,1,1,8
"dot/dot_fp16_fp16_fp32_8x8x1_1x8x1_f16c/64/78/real_time",42915,3318.59,3312.32,ns,,,"8x64x78",,,1,8,8,78,8,64,1,1,8
"dot/dot_fp16_fp16_fp32_8x8x1_1x8x1_f16c/64/117/real_time",28655,4884.96,4875.49,ns,,,"8x64x117",,,1,8,8,117,8,64,1,1,8
"dot/dot_fp16_fp16_fp32_8x8x1_1x8x1_f16c/64/156/real_time",21475,6521.13,6507.96,ns,,,"8x64x156",,,1,8,8,156,8,64,1,1,8
"dot/dot_fp32_1x16x1_1x4x1_sse2/16/1/real_time",18314202,7.66785,7.65224,ns,,,"1x16x1",,,1,1,16,1,1,16,1,1,4
"dot/dot_fp32_1x16x1_1x4x1_sse2/16/90/real_time",1775687,78.8367,78.6883,ns,,,"1x16x90",,,1,1,16,90,1,16,1,1,4
"dot/dot_fp32_1x16x1_1x4x1_sse2/16/180/real_time",912959,155.471,155.154,ns,,,"1x16x180",,,1,1,16,180,1,16,1,1,4
"dot/dot_fp32_1x16x1_1x4x1_sse2/16/270/real_time",602203,233.268,232.796,ns,,,"1x16x270",,,1,1,16,270,1,16,1,1,4
"dot/dot_fp32_1x16x1_1x4x1_sse2/16/360/real_time",458929,304.39,303.781,ns,,,"1x16x360",,,1,1,16,360,1,16,1,1,4
"dot/dot_fp32_1x16x1_1x4x1_sse2/32/1/real_time",12134258,10.09,10.0699,ns,,,"1x32x1",,,1,1,16,1,1,32,1,1,4
"dot/dot_fp32_1x16x1_1x4x1_sse2/32/46/real_time",1717936,81.3747,81.212,ns,,,"1x32x46",,,1,1,16,46,1,32,1,1,4
"dot/dot_fp32_1x16x1_1x4x1_sse2/32/92/real_time",795725,162.633,162.308,ns,,,"1x32x92",,,1,1,16,92,1,32,1,1,4
"dot/dot_fp32_1x16x1_1x4x1_sse2/32/138/real_time",584972,238.765,238.271,ns,,,"1x32x138",,,1,1,16,138,1,32,1,1,4
"dot/dot_fp32_1x16x1_1x4x1_sse2/32/185/real_time",433171,322.662,322.015,ns,,,"1x32x185",,,1,1,16,185,1,32,1,1,4
"dot/dot_fp32_1x16x1_1x4x1_sse2/64/1/real_time",7833496,18.6169,18.5765,ns,,,"1x64x1",,,1,1,16,1,1,64,1,1,4
"dot/dot_fp32_1x16x1_1x4x1_sse2/64/23/real_time",1465711,83.5075,83.3509,ns,,,"1x64x23",,,1,1,16,23,1,64,1,1,4
"dot/dot_fp32_1x16x1_1x4x1_sse2/64/46/real_time",827177,169.569,169.221,ns,,,"1x64x46",,,1,1,16,46,1,64,1,1,4
"dot/dot_fp32_1x16x1_1x4x1_sse2/64/69/real_time",535974,261.188,260.687,ns,,,"1x64x69",,,1,1,16,69,1,64,1,1,4
"dot/dot_fp32_1x16x1_1x4x1_sse2/64/93/real_time",404865,347.108,346.33,ns,,,"1x64x93",,,1,1,16,93,1,64,1,1,4
"dot/dot_fp32_1x16x1_1x4x1_sse2/128/1/real_time",5291159,26.4192,26.3277,ns,,,"1x128x1",,,1,1,16,1,1,128,1,1,4
"dot/dot_fp32_1x16x1_1x4x1_sse2/128/11/real_time",1612857,86.7912,86.6137,ns,,,"1x128x11",,,1,1,16,11,1,128,1,1,4
"dot/dot_fp32_1x16x1_1x4x1_sse2/128/23/real_time",768375,182.159,181.787,ns,,,"1x128x23",,,1,1,16,23,1,128,1,1,4
"dot/dot_fp32_1x16x1_1x4x1_sse2/128/34/real_time",544732,255.828,255.31,ns,,,"1x128x34",,,1,1,16,34,1,128,1,1,4
"dot/dot_fp32_1x16x1_1x4x1_sse2/128/46/real_time",378641,369.777,369.003,ns,,,"1x128x46",,,1,1,16,46,1,128,1,1,4
"dot/dot_fp32_2x16x1_1x4x1_sse2/16/1/real_time",14263500,9.80128,9.78132,ns,,,"2x16x1",,,1,2,16,1,2,16,1,1,4
"dot/dot_fp32_2x16x1_1x4x1_sse2/16/84/real_time",985419,142.002,141.707,ns,,,"2x16x84",,,1,2,16,84,2,16,1,1,4
"dot/dot_fp32_2x16x1_1x4x1_sse2/16/169/real_time",489650,285.44,284.83,ns,,,"2x16x169",,,1,2,16,169,2,16,1,1,4
"dot/dot_fp32_2x16x1_1x4x1_sse2/16/254/real_time",329834,424.376,423.476,ns,,,"2x16x254",,,1,2,16,254,2,16,1,1,4
"dot/dot_fp32_2x16x1_1x4x1_sse2/16/339/real_time",248741,571.362,570.114,ns,,,"2x16x339",,,1,2,16,339,2,16,1,1,4
"dot/dot_fp32_2x16x1_1x4x1_sse2/32/1/real_time",10070698,14.1667,14.1368,ns,,,"2x32x1",,,1,2,16,1,2,32,1,1,4
"dot/dot_fp32_2x16x1_1x4x1_sse2/32/44/real_time",941218,148.804,148.515,ns,,,"2x32x44",,,1,2,16,44,2,32,1,1,4
"dot/dot_fp32_2x16x1_1x4x1_sse2/32/89/real_time",473998,295.371,294.789,ns,,,"2x32x89",,,1,2,16,89,2,32,1,1,4
"dot/dot_fp32_2x16x1_1x4x1_sse2/32/133/real_time",319170,445.764,444.833,ns,,,"2x32x133",,,1,2,16,133,2,32,1,1,4
"dot/dot_fp32_2x16x1_1x4x1_sse2/32/178/real_time",238282,590.212,588.999,ns,,,"2x32x178",,,1,2,16,178,2,32,1,1,4
"dot/dot_fp32_2x16x1_1x4x1_sse2/64/1/real_time",6359931,22.0683,22.0237,ns,,,"2x64x1",,,1,2,16,1,2,64,1,1,4
"dot/dot_fp32_2x16x1_1x4x1_sse2/64/22/real_time",934320,149.817,149.507,ns,,,"2x64x22",,,1,2,16,22,2,64,1,1,4
"dot/dot_fp32_2x16x1_1x4x1_sse2/64/45/real_time",467076,299.558,298.949,ns,,,"2x64x45",,,1,2,16,45,2,64,1,1,4
"dot/dot_fp32_2x16x1_1x4x1_sse2/64/68/real_time",307421,455.248,454.353,ns,,,"2x64x68",,,1,2,16,68,2,64,1,1,4
"dot/dot_fp32_2x16x1_1x4x1_sse2/64/91/real_time",230791,606.122,604.932,ns,,,"2x64x91",,,1,2,16,91,2,64,1,1,4
"dot/dot_fp32_2x16x1_1x4x1_sse2/128/1/real_time",3647283,38.4451,38.3679,ns,,,"2x128x1",,,1,2,16,1,2,128,1,1,4
"dot/dot_fp32_2x16x1_1x4x1_sse2/128/11/real_time",920695,152.059,151.758,ns,,,"2x128x11",,,1,2,16,11,2,128,1,1,4
"dot/dot_fp32_2x16x1_1x4x1_sse2/128/22/real_time",472875,298.682,298.086,ns,,,"2x128x22",,,1,2,16,22,2,128,1,1,4
"dot/dot_fp32_2x16x1_1x4x1_sse2/128/33/real_time",314143,445.651,444.8,ns,,,"2x128x33",,,1,2,16,33,2,128,1,1,4
"dot/dot_fp32_2x16x1_1x4x1_sse2/128/45/real_time",232477,602.427,601.185,ns,,,"2x128x45",,,1,2,16,45,2,128,1,1,4
"dot/dot_fp32_3x16x1_1x4x1_sse2/16/1/real_time",11493325,12.2076,12.1834,ns,,,"3x16x1",,,1,3,16,1,3,16,1,1,4
"dot/dot_fp32_3x16x1_1x4x1_sse2/16/80/real_time",687579,203.317,202.907,ns,,,"3x16x80",,,1,3,16,80,3,16,1,1,4
"dot/dot_fp32_3x16x1_1x4x1_sse2/16/160/real_time",345970,402.649,401.828,ns,,,"3x16x160",,,1,3,16,160,3,16,1,1,4
"dot/dot_fp32_3x16x1_1x4x1_sse2/16/240/real_time",232778,600.809,599.61,ns,,,"3x16x240",,,1,3,16,240,3,16,1,1,4
"dot/dot_fp32_3x16x1_1x4x1_sse2/16/320/real_time",175752,796.943,795.377,ns,,,"3x16x320",,,1,3,16,320,3,16,1,1,4
"dot/dot_fp32_3x16x1_1x4x1_sse2/32/1/real_time",7647376,18.3021,18.2667,ns,,,"3x32x1",,,1,3,16,1,3,32,1,1,4
"dot/dot_fp32_3x16x1_1x4x1_sse2/32/43/real_time",637706,222.461,222.036,ns,,,"3x32x43",,,1,3,16,43,3,32,1,1,4
"dot/dot_fp32_3x16x1_1x4x1_sse2/32/86/real_time",325607,430.031,429.185,ns,,,"3x32x86",,,1,3,16,86,3,32,1,1,4
"dot/dot_fp32_3x16x1_1x4x1_sse2/32/129/real_time",218548,641.124,639.887,ns,,,"3x32x129",,,1,3,16,129,3,32,1,1,4
"dot/dot_fp32_3x16x1_1x4x1_sse2/32/172/real_time",162637,861.11,859.432,ns,,,"3x32x172",,,1,3,16,172,3,32,1,1,4
"dot/dot_fp32_3x16x1_1x4x1_sse2/64/1/real_time",4597498,30.5154,30.455,ns,,,"3x64x1",,,1,3,16,1,3,64,1,1,4
"dot/dot_fp32_3x16x1_1x4x1_sse2/64/22/real_time",616403,227.442,227.007,ns,,,"3x64x22",,,1,3,16,22,3,64,1,1,4
"dot/dot_fp32_3x16x1_1x4x1_sse2/64/44/real_time",316034,443.052,442.147,ns,,,"3x64x44",,,1,3,16,44,3,64,1,1,4
"dot/dot_fp32_3x16x1_1x4x1_sse2/64/66/real_time",210333,671.531,670.201,ns,,,"3x64x66",,,1,3,16,66,3,64,1,1,4
"dot/dot_fp32_3x16x1_1x4x1_sse2/64/88/real_time",156911,891.821,890.116,ns,,,"3x64x88",,,1,3,16,88,3,64,1,1,4
"dot/dot_fp32_3x16x1_1x4x1_sse2/128/1/real_time",2557656,54.7373,54.6278,ns,,,"3x128x1",,,1,3,16,1,3,128,1,1,4
"dot/dot_fp32_3x16x1_1x4x1_sse2/128/10/real_time",635809,220.284,219.839,ns,,,"3x128x10",,,1,3,16,10,3,128,1,1,4
"dot/dot_fp32_3x16x1_1x4x1_sse2/128/21/real_time",325570,429.583,428.707,ns,,,"3x128x21",,,1,3,16,21,3,128,1,1,4
"dot/dot_fp32_3x16x1_1x4x1_sse2/128/32/real_time",214523,659.597,658.336,ns,,,"3x128x32",,,1,3,16,32,3,128,1,1,4
"dot/dot_fp32_3x16x1_1x4x1_sse2/128/43/real_time",156961,869.117,867.468,ns,,,"3x128x43",,,1,3,16,43,3,128,1,1,4
"dot/dot_fp32_1x8x1_1x4x1_sse2/8/1/real_time",20037291,6.98383,6.97005,ns,,,"1x8x1",,,1,1,8,1,1,8,1,1,4
"dot/dot_fp32_1x8x1_1x4x1_sse2/8/170/real_time",1355256,102.992,102.795,ns,,,"1x8x170",,,1,1,8,170,1,8,1,1,4
"dot/dot_fp32_1x8x1_1x4x1_sse2/8/340/real_time",730119,191.67,191.298,ns,,,"1x8x340",,,1,1,8,340,1,8,1,1,4
"dot/dot_fp32_1x8x1_1x4x1_sse2/8/510/real_time",497393,281.34,280.804,ns,,,"1x8x510",,,1,1,8,510,1,8,1,1,4
"dot/dot_fp32_1x8x1_1x4x1_sse2/8/681/real_time",376935,371.593,370.875,ns,,,"1x8x681",,,1,1,8,681,1,8,1,1,4
"dot/dot_fp32_1x8x1_1x4x1_sse2/16/1/real_time",15112656,9.24029,9.22293,ns,,,"1x16x1",,,1,1,8,1,1,16,1,1,4
"dot/dot_fp32_1x8x1_1x4x1_sse2/16/90/real_time",1370545,102.177,101.971,ns,,,"1x16x90",,,1,1,8,90,1,16,1,1,4
"dot/dot_fp32_1x8x1_1x4x1_sse2/16/180/real_time",681246,208.607,208.197,ns,,,"1x16x180",,,1,1,8,180,1,16,1,1,4
"dot/dot_fp32_1x8x1_1x4x1_sse2/16/270/real_time",450340,310.643,310.043,ns,,,"1x16x270",,,1,1,8,270,1,16,1,1,4
"dot/dot_fp32_1x8x1_1x4x1_sse2/16/360/real_time",344792,405.723,404.95,ns,,,"1x16x360",,,1,1,8,360,1,16,1,1,4
"dot/dot_fp32_1x8x1_1x4x1_sse2/32/1/real_time",10241805,13.6481,13.6215,ns,,,"1x32x1",,,1,1,8,1,1,32,1,1,4
"dot/dot_fp32_1x8x1_1x4x1_sse2/32/46/real_time",1312848,106.981,106.785,ns,,,"1x32x46",,,1,1,8,46,1,32,1,1,4
"dot/dot_fp32_1x8x1_1x4x1_sse2/32/92/real_time",652813,214.173,213.779,ns,,,"1x32x92",,,1,1,8,92,1,32,1,1,4
"dot/dot_fp32_1x8x1_1x4x1_sse2/32/138/real_time",453197,308.56,308.006,ns,,,"1x32x138",,,1,1,8,138,1,32,1,1,4
"dot/dot_fp32_1x8x1_1x4x1_sse2/32/185/real_time",330408,427.535,426.746,ns,,,"1x32x185",,,1,1,8,185,1,32,1,1,4
"dot/dot_fp32_1x8x1_1x4x1_sse2/64/1/real_time",6136177,22.8216,22.7794,ns,,,"1x64x1",,,1,1,8,1,1,64,1,1,4
"dot/dot_fp32_1x8x1_1x4x1_sse2/64/23/real_time",1247517,112.275,112.069,ns,,,"1x64x23",,,1,1,8,23,1,64,1,1,4
"dot/dot_fp32_1x8x1_1x4x1_sse2/64/46/real_time",645326,217.026,216.592,ns,,,"1x64x46",,,1,1,8,46,1,64,1,1,4
"dot/dot_fp32_1x8x1_1x4x1_sse2/64/69/real_time",446068,314.058,313.478,ns,,,"1x64x69",,,1,1,8,69,1,64,1,1,4
"dot/dot_fp32_1x8x1_1x4x1_sse2/64/93/real_time",337117,415.024,414.273,ns,,,"1x64x93",,,1,1,8,93,1,64,1,1,4
"dot/dot_fp32_2x8x1_1x4x1_sse2/8/1/real_time",15914388,8.79251,8.77547,ns,,,"2x8x1",,,1,2,8,1,2,8,1,1,4
"dot/dot_fp32_2x8x1_1x4x1_sse2/8/153/real_time",933640,148.87,148.584,ns,,,"2x8x153",,,1,2,8,153,2,8,1,1,4
"dot/dot_fp32_2x8x1_1x4x1_sse2/8/306/real_time",484938,288.551,288.029,ns,,,"2x8x306",,,1,2,8,306,2,8,1,1,4
"dot/dot_fp32_2x8x1_1x4x1_sse2/8/459/real_time",327750,427.08,426.237,ns,,,"2x8x459",,,1,2,8,459,2,8,1,1,4
"dot/dot_fp32_2x8x1_1x4x1_sse2/8/612/real_time",247673,565.391,564.281,ns,,,"2x8x612",,,1,2,8,612,2,8,1,1,4
"dot/dot_fp32_2x8x1_1x4x1_sse2/16/1/real_time",12051604,11.666,11.6449,ns,,,"2x16x1",,,1,2,8,1,2,16,1,1,4
"dot/dot_fp32_2x8x1_1x4x1_sse2/16/84/real_time",889350,157.4,157.074,ns,,,"2x16x84",,,1,2,8,84,2,16,1,1,4
"dot/dot_fp32_2x8x1_1x4x1_sse2/16/169/real_time",436444,328.293,327.667,ns,,,"2x16x169",,,1,2,8,169,2,16,1,1,4
"dot/dot_fp32_2x8x1_1x4x1_sse2/16/254/real_time",289054,484.312,483.381,ns,,,"2x16x254",,,1,2,8,254,2,16,1,1,4
"dot/dot_fp32_2x8x1_1x4x1_sse2/16/339/real_time",219348,646.672,645.469,ns,,,"2x16x339",,,1,2,8,339,2,16,1,1,4
"dot/dot_fp32_2x8x1_1x4x1_sse2/32/1/real_time",7480023,18.4473,18.4123,ns,,,"2x32x1",,,1,2,8,1,2,32,1,1,4
"dot/dot_fp32_2x8x1_1x4x1_sse2/32/44/real_time",847861,165.091,164.776,ns,,,"2x32x44",,,1,2,8,44,2,32,1,1,4
"dot/dot_fp32_2x8x1_1x4x1_sse2/32/89/real_time",417534,335.662,335,ns,,,"2x32x89",,,1,2,8,89,2,32,1,1,4
"dot/dot_fp32_2x8x1_1x4x1_sse2/32/133/real_time",282792,495.062,493.987,ns,,,"2x32x133",,,1,2,8,133,2,32,1,1,4
"dot/dot_fp32_2x8x1_1x4x1_sse2/32/178/real_time",202338,708.327,706.812,ns,,,"2x32x178",,,1,2,8,178,2,32,1,1,4
"dot/dot_fp32_2x8x1_1x4x1_sse2/64/1/real_time",4568029,30.6575,30.5929,ns,,,"2x64x1",,,1,2,8,1,2,64,1,1,4
"dot/dot_fp32_2x8x1_1x4x1_sse2/64/22/real_time",796800,177.01,176.683,ns,,,"2x64x22",,,1,2,8,22,2,64,1,1,4
"dot/dot_fp32_2x8x1_1x4x1_sse2/64/45/real_time",410972,340.562,339.884,ns,,,"2x64x45",,,1,2,8,45,2,64,1,1,4
"dot/dot_fp32_2x8x1_1x4x1_sse2/64/68/real_time",275646,506.766,505.656,ns,,,"2x64x68",,,1,2,8,68,2,64,1,1,4
"dot/dot_fp32_2x8x1_1x4x1_sse2/64/91/real_time",208027,673.033,671.614,ns,,,"2x64x91",,,1,2,8,91,2,64,1,1,4
"dot/dot_fp32_3x8x1_1x4x1_sse2/8/1/real_time",13603322,10.6865,10.6653,ns,,,"3x8x1",,,1,3,8,1,3,8,1,1,4
"dot/dot_fp32_3x8x1_1x4x1_sse2/8/139/real_time",720023,193.913,193.528,ns,,,"3x8x139",,,1,3,8,139,3,8,1,1,4
"dot/dot_fp32_3x8x1_1x4x1_sse2/8/278/real_time",361066,387.681,386.939,ns,,,"3x8x278",,,1,3,8,278,3,8,1,1,4
"dot/dot_fp32_3x8x1_1x4x1_sse2/8/417/real_time",242634,575.168,574.055,ns,,,"3x8x417",,,1,3,8,417,3,8,1,1,4
"dot/dot_fp32_3x8x1_1x4x1_sse2/8/556/real_time",182997,764.341,762.673,ns,,,"3x8x556",,,1,3,8,556,3,8,1,1,4
"dot/dot_fp32_3x8x1_1x4x1_sse2/16/1/real_time",9812530,14.3208,14.2821,ns,,,"3x16x1",,,1,3,8,1,3,16,1,1,4
"dot/dot_fp32_3x8x1_1x4x1_sse2/16/80/real_time",626560,222.532,222.098,ns,,,"3x16x80",,,1,3,8,80,3,16,1,1,4
"dot/dot_fp32_3x8x1_1x4x1_sse2/16/160/real_time",313904,447.966,447.125,ns,,,"3x16x160",,,1,3,8,160,3,16,1,1,4
"dot/dot_fp32_3x8x1_1x4x1_sse2/16/240/real_time",207869,669.803,668.588,ns,,,"3x16x240",,,1,3,8,240,3,16,1,1,4
"dot/dot_fp32_3x8x1_1x4x1_sse2/16/320/real_time",157091,888.656,886.973,ns,,,"3x16x320",,,1,3,8,320,3,16,1,1,4
"dot/dot_fp32_3x8x1_1x4x1_sse2/32/1/real_time",6167488,22.391,22.3487,ns,,,"3x32x1",,,1,3,8,1,3,32,1,1,4
"dot/dot_fp32_3x8x1_1x4x1_sse2/32/43/real_time",585135,244.128,243.667,ns,,,"3x32x43",,,1,3,8,43,3,32,1,1,4
"dot/dot_fp32_3x8x1_1x4x1_sse2/32/86/real_time",291457,476.815,476.002,ns,,,"3x32x86",,,1,3,8,86,3,32,1,1,4
"dot/dot_fp32_3x8x1_1x4x1_sse2/32/129/real_time",195903,713.652,712.309,ns,,,"3x32x129",,,1,3,8,129,3,32,1,1,4
"dot/dot_fp32_3x8x1_1x4x1_sse2/32/172/real_time",143722,970.134,968.271,ns,,,"3x32x172",,,1,3,8,172,3,32,1,1,4
"dot/dot_fp32_3x8x1_1x4x1_sse2/64/1/real_time",3670264,38.1458,38.0757,ns,,,"3x64x1",,,1,3,8,1,3,64,1,1,4
"dot/dot_fp32_3x8x1_1x4x1_sse2/64/22/real_time",563896,247.948,247.481,ns,,,"3x64x22",,,1,3,8,22,3,64,1,1,4
"dot/dot_fp32_3x8x1_1x4x1_sse2/64/44/real_time",255895,510.027,509.024,ns,,,"3x64x44",,,1,3,8,44,3,64,1,1,4
"dot/dot_fp32_3x8x1_1x4x1_sse2/64/66/real_time",191418,729.459,728.102,ns,,,"3x64x66",,,1,3,8,66,3,64,1,1,4
"dot/dot_fp32_3x8x1_1x4x1_sse2/64/88/real_time",141623,987.063,985.206,ns,,,"3x64x88",,,1,3,8,88,3,64,1,1,4
"dot/dot_fp32_4x8x1_1x4x1_sse2/8/1/real_time",11930766,11.7167,11.6933,ns,,,"4x8x1",,,1,4,8,1,4,8,1,1,4
"dot/dot_fp32_4x8x1_1x4x1_sse2/8/127/real_time",597609,234.422,233.976,ns,,,"4x8x127",,,1,4,8,127,4,8,1,1,4
"dot/dot_fp32_4x8x1_1x4x1_sse2/8/254/real_time",299055,468.516,467.653,ns,,,"4x8x254",,,1,4,8,254,4,8,1,1,4
"dot/dot_fp32_4x8x1_1x4x1_sse2/8/381/real_time",201090,696.566,695.187,ns,,,"4x8x381",,,1,4,8,381,4,8,1,1,4
"dot/dot_fp32_4x8x1_1x4x1_sse2/8/509/real_time",151150,925.989,924.246,ns,,,"4x8x509",,,1,4,8,509,4,8,1,1,4
"dot/dot_fp32_4x8x1_1x4x1_sse2/16/1/real_time",8439838,16.5685,16.5387,ns,,,"4x16x1",,,1,4,8,1,4,16,1,1,4
"dot/dot_fp32_4x8x1_1x4x1_sse2/16/76/real_time",501041,279.391,278.868,ns,,,"4x16x76",,,1,4,8,76,4,16,1,1,4
"dot/dot_fp32_4x8x1_1x4x1_sse2/16/152/real_time",250433,559.771,558.713,ns,,,"4x16x152",,,1,4,8,152,4,16,1,1,4
"dot/dot_fp32_4x8x1_1x4x1_sse2/16/228/real_time",166329,841.774,840.14,ns,,,"4x16x228",,,1,4,8,228,4,16,1,1,4
"dot/dot_fp32_4x8x1_1x4x1_sse2/16/304/real_time",125476,1115.63,1113.65,ns,,,"4x16x304",,,1,4,8,304,4,16,1,1,4
"dot/dot_fp32_4x8x1_1x4x1_sse2/32/1/real_time",5298020,26.3697,26.3216,ns,,,"4x32x1",,,1,4,8,1,4,32,1,1,4
"dot/dot_fp32_4x8x1_1x4x1_sse2/32/41/real_time",459007,305.083,304.474,ns,,,"4x32x41",,,1,4,8,41,4,32,1,1,4
"dot/dot_fp32_4x8x1_1x4x1_sse2/32/83/real_time",221279,610.621,609.45,ns,,,"4x32x83",,,1,4,8,83,4,32,1,1,4
"dot/dot_fp32_4x8x1_1x4x1_sse2/32/125/real_time",153184,913.723,911.916,ns,,,"4x32x125",,,1,4,8,125,4,32,1,1,4
"dot/dot_fp32_4x8x1_1x4x1_sse2/32/167/real_time",113814,1228.78,1226.5,ns,,,"4x32x167",,,1,4,8,167,4,32,1,1,4
"dot/dot_fp32_4x8x1_1x4x1_sse2/64/1/real_time",3034723,46.0476,45.9588,ns,,,"4x64x1",,,1,4,8,1,4,64,1,1,4
"dot/dot_fp32_4x8x1_1x4x1_sse2/64/21/real_time",450712,310.429,309.867,ns,,,"4x64x21",,,1,4,8,21,4,64,1,1,4
"dot/dot_fp32_4x8x1_1x4x1_sse2/64/43/real_time",220628,634.083,632.842,ns,,,"4x64x43",,,1,4,8,43,4,64,1,1,4
"dot/dot_fp32_4x8x1_1x4x1_sse2/64/64/real_time",149163,938.566,936.743,ns,,,"4x64x64",,,1,4,8,64,4,64,1,1,4
"dot/dot_fp32_4x8x1_1x4x1_sse2/64/86/real_time",111746,1252.2,1249.82,ns,,,"4x64x86",,,1,4,8,86,4,64,1,1,4
"dot/dot_fp32_4x4x1_1x4x1_sse2/4/1/real_time",13932082,10.1041,10.0851,ns,,,"4x4x1",,,1,4,4,1,4,4,1,1,4
"dot/dot_fp32_4x4x1_1x4x1_sse2/4/191/real_time",644032,217.445,217.034,ns,,,"4x4x191",,,1,4,4,191,4,4,1,1,4
"dot/dot_fp32_4x4x1_1x4x1_sse2/4/383/real_time",320971,436.213,435.36,ns,,,"4x4x383",,,1,4,4,383,4,4,1,1,4
"dot/dot_fp32_4x4x1_1x4x1_sse2/4/574/real_time",215938,659.979,658.698,ns,,,"4x4x574",,,1,4,4,574,4,4,1,1,4
"dot/dot_fp32_4x4x1_1x4x1_sse2/4/766/real_time",162446,861.745,860.149,ns,,,"4x4x766",,,1,4,4,766,4,4,1,1,4
"dot/dot_fp32_4x4x1_1x4x1_sse2/8/1/real_time",10168027,13.8564,13.8313,ns,,,"4x8x1",,,1,4,4,1,4,8,1,1,4
"dot/dot_fp32_4x4x1_1x4x1_sse2/8/127/real_time",486918,292.261,291.693,ns,,,"4x8x127",,,1,4,4,127,4,8,1,1,4
"dot/dot_fp32_4x4x1_1x4x1_sse2/8/254/real_time",238692,586.324,585.194,ns,,,"4x8x254",,,1,4,4,254,4,8,1,1,4
"dot/dot_fp32_4x4x1_1x4x1_sse2/8/381/real_time",161088,868.761,867.15,ns,,,"4x8x381",,,1,4,4,381,4,8,1,1,4
"dot/dot_fp32_4x4x1_1x4x1_sse2/8/509/real_time",121567,1153.01,1150.76,ns,,,"4x8x509",,,1,4,4,509,4,8,1,1,4
"dot/dot_fp32_4x4x1_1x4x1_sse2/16/1/real_time",6472709,21.6039,21.5644,ns,,,"4x16x1",,,1,4,4,1,4,16,1,1,4
"dot/dot_fp32_4x4x1_1x4x1_sse2/16/76/real_time",399506,348.717,348.06,ns,,,"4x16x76",,,1,4,4,76,4,16,1,1,4
"dot/dot_fp32_4x4x1_1x4x1_sse2/16/152/real_time",199807,699.609,698.408,ns,,,"4x16x152",,,1,4,4,152,4,16,1,1,4
"dot/dot_fp32_4x4x1_1x4x1_sse2/16/228/real_time",133962,1059.48,1057.5,ns,,,"4x16x228",,,1,4,4,228,4,16,1,1,4
"dot/dot_fp32_4x4x1_1x4x1_sse2/16/304/real_time",101233,1381.86,1379.39,ns,,,"4x16x304",,,1,4,4,304,4,16,1,1,4
"dot/dot_fp32_4x4x1_1x4x1_sse2/32/1/real_time",3838257,36.4629,36.3973,ns,,,"4x32x1",,,1,4,4,1,4,32,1,1,4
"dot/dot_fp32_4x4x1_1x4x1_sse2/32/41/real_time",356280,393.385,392.658,ns,,,"4x32x41",,,1,4,4,41,4,32,1,1,4
"dot/dot_fp32_4x4x1_1x4x1_sse2/32/83/real_time",185410,750.565,749.202,ns,,,"4x32x83",,,1,4,4,83,4,32,1,1,4
"dot/dot_fp32_4x4x1_1x4x1_sse2/32/125/real_time",124681,1122.97,1121.03,ns,,,"4x32x125",,,1,4,4,125,4,32,1,1,4
"dot/dot_fp32_4x4x1_1x4x1_sse2/32/167/real_time",92312,1518.75,1516.02,ns,,,"4x32x167",,,1,4,4,167,4,32,1,1,4
"dot/dot_fp32_6x4x1_1x4x1_sse2/4/1/real_time",11233451,12.5092,12.4855,ns,,,"6x4x1",,,1,6,4,1,6,4,1,1,4
"dot/dot_fp32_6x4x1_1x4x1_sse2/4/153/real_time",529043,264.149,263.637,ns,,,"6x4x153",,,1,6,4,153,6,4,1,1,4
"dot/dot_fp32_6x4x1_1x4x1_sse2/4/306/real_time",270774,517.131,516.161,ns,,,"6x4x306",,,1,6,4,306,6,4,1,1,4
"dot/dot_fp32_6x4x1_1x4x1_sse2/4/459/real_time",181966,769.399,767.981,ns,,,"6x4x459",,,1,6,4,459,6,4,1,1,4
"dot/dot_fp32_6x4x1_1x4x1_sse2/4/612/real_time",136989,1021.81,1019.94,ns,,,"6x4x612",,,1,6,4,612,6,4,1,1,4
"dot/dot_fp32_6x4x1_1x4x1_sse2/8/1/real_time",8078571,17.3285,17.2923,ns,,,"6x8x1",,,1,6,4,1,6,8,1,1,4
"dot/dot_fp32_6x4x1_1x4x1_sse2/8/108/real_time",385401,363.318,362.592,ns,,,"6x8x108",,,1,6,4,108,6,8,1,1,4
"dot/dot_fp32_6x4x1_1x4x1_sse2/8/217/real_time",185930,738.532,737.184,ns,,,"6x8x217",,,1,6,4,217,6,8,1,1,4
"dot/dot_fp32_6x4x1_1x4x1_sse2/8/326/real_time",127508,1098.45,1096.5,ns,,,"6x8x326",,,1,6,4,326,6,8,1,1,4
"dot/dot_fp32_6x4x1_1x4x1_sse2/8/435/real_time",96009,1458.04,1455.18,ns,,,"6x8x435",,,1,6,4,435,6,8,1,1,4
"dot/dot_fp32_6x4x1_1x4x1_sse2/16/1/real_time",5117205,27.3986,27.3501,ns,,,"6x16x1",,,1,6,4,1,6,16,1,1,4
"dot/dot_fp32_6x4x1_1x4x1_sse2/16/68/real_time",302779,464.206,463.291,ns,,,"6x16x68",,,1,6,4,68,6,16,1,1,4
"dot/dot_fp32_6x4x1_1x4x1_sse2/16/137/real_time",100000,1000.88,998.592,ns,,,"6x16x137",,,1,6,4,137,6,16,1,1,4
"dot/dot_fp32_6x4x1_1x4x1_sse2/16/205/real_time",82421,1557.5,1554.25,ns,,,"6x16x205",,,1,6,4,205,6,16,1,1,4
"dot/dot_fp32_6x4x1_1x4x1_sse2/16/274/real_time",67567,1964.08,1960.37,ns,,,"6x16x274",,,1,6,4,274,6,16,1,1,4
"dot/dot_fp32_6x4x1_1x4x1_sse2/32/1/real_time",2891328,48.316,48.2224,ns,,,"6x32x1",,,1,6,4,1,6,32,1,1,4
"dot/dot_fp32_6x4x1_1x4x1_sse2/32/39/real_time",263259,539.458,538.466,ns,,,"6x32x39",,,1,6,4,39,6,32,1,1,4
"dot/dot_fp32_6x4x1_1x4x1_sse2/32/78/real_time",133854,1046.32,1044.27,ns,,,"6x32x78",,,1,6,4,78,6,32,1,1,4
"dot/dot_fp32_6x4x1_1x4x1_sse2/32/117/real_time",89685,1580.4,1576.5,ns,,,"6x32x117",,,1,6,4,117,6,32,1,1,4
"dot/dot_fp32_6x4x1_1x4x1_sse2/32/156/real_time",64483,2111.7,2106.86,ns,,,"6x32x156",,,1,6,4,156,6,32,1,1,4
"dot/dot_fp32_8x4x1_1x4x1_sse2/4/1/real_time",11049524,12.6947,12.6687,ns,,,"8x4x1",,,1,8,4,1,8,4,1,1,4
"dot/dot_fp32_8x4x1_1x4x1_sse2/4/127/real_time",486066,288.104,287.491,ns,,,"8x4x127",,,1,8,4,127,8,4,1,1,4
"dot/dot_fp32_8x4x1_1x4x1_sse2/4/254/real_time",243301,575.711,574.502,ns,,,"8x4x254",,,1,8,4,254,8,4,1,1,4
"dot/dot_fp32_8x4x1_1x4x1_sse2/4/381/real_time",163354,857.117,855.33,ns,,,"8x4x381",,,1,8,4,381,8,4,1,1,4
"dot/dot_fp32_8x4x1_1x4x1_sse2/4/509/real_time",122593,1140.99,1138.76,ns,,,"8x4x509",,,1,8,4,509,8,4,1,1,4
"dot/dot_fp32_8x4x1_1x4x1_sse2/8/1/real_time",8220930,17.0022,16.97,ns,,,"8x8x1",,,1,8,4,1,8,8,1,1,4
"dot/dot_fp32_8x4x1_1x4x1_sse2/8/95/real_time",327235,427.904,427.007,ns,,,"8x8x95",,,1,8,4,95,8,8,1,1,4
"dot/dot_fp32_8x4x1_1x4x1_sse2/8/190/real_time",164860,849.237,847.682,ns,,,"8x8x190",,,1,8,4,190,8,8,1,1,4
"dot/dot_fp32_8x4x1_1x4x1_sse2/8/285/real_time",108847,1286.36,1283.48,ns,,,"8x8x285",,,1,8,4,285,8,8,1,1,4
"dot/dot_fp32_8x4x1_1x4x1_sse2/8/380/real_time",81968,1707.92,1703.8,ns,,,"8x8x380",,,1,8,4,380,8,8,1,1,4
"dot/dot_fp32_8x4x1_1x4x1_sse2/16/1/real_time",5221723,26.7787,26.7176,ns,,,"8x16x1",,,1,8,4,1,8,16,1,1,4
"dot/dot_fp32_8x4x1_1x4x1_sse2/16/62/real_time",251424,556.811,555.575,ns,,,"8x16x62",,,1,8,4,62,8,16,1,1,4
"dot/dot_fp32_8x4x1_1x4x1_sse2/16/125/real_time",124590,1123.24,1121.17,ns,,,"8x16x125",,,1,8,4,125,8,16,1,1,4
"dot/dot_fp32_8x4x1_1x4x1_sse2/16/187/real_time",83558,1676.16,1672.95,ns,,,"8x16x187",,,1,8,4,187,8,16,1,1,4
"dot/dot_fp32_8x4x1_1x4x1_sse2/16/250/real_time",62344,2339.78,2334.99,ns,,,"8x16x250",,,1,8,4,250,8,16,1,1,4
"dot/dot_fp32_8x4x1_1x4x1_sse2/32/1/real_time",3089029,43.2448,43.1583,ns,,,"8x32x1",,,1,8,4,1,8,32,1,1,4
"dot/dot_fp32_8x4x1_1x4x1_sse2/32/36/real_time",214333,653.221,651.987,ns,,,"8x32x36",,,1,8,4,36,8,32,1,1,4
"dot/dot_fp32_8x4x1_1x4x1_sse2/32/73/real_time",106948,1309.95,1307.38,ns,,,"8x32x73",,,1,8,4,73,8,32,1,1,4
"dot/dot_fp32_8x4x1_1x4x1_sse2/32/110/real_time",71190,1966.68,1962.72,ns,,,"8x32x110",,,1,8,4,110,8,32,1,1,4
"dot/dot_fp32_8x4x1_1x4x1_sse2/32/147/real_time",50191,2650.84,2645.66,ns,,,"8x32x147",,,1,8,4,147,8,32,1,1,4
"dot/dot_fp32_1xNx1_1x1x1/32/1/real_time",6679787,21.3886,21.347,ns,,,"1x32x1",,,,,,1,1,32,,,
"dot/dot_fp32_1xNx1_1x1x1/32/46/real_time",587874,238.241,237.745,ns,,,"1x32x46",,,,,,46,1,32,,,
"dot/dot_fp32_1xNx1_1x1x1/32/92/real_time",318342,441.917,441.061,ns,,,"1x32x92",,,,,,92,1,32,,,
"dot/dot_fp32_1xNx1_1x1x1/32/138/real_time",207730,660.999,659.749,ns,,,"1x32x138",,,,,,138,1,32,,,
"dot/dot_fp32_1xNx1_1x1x1/32/185/real_time",157462,877.443,875.663,ns,,,"1x32x185",,,,,,185,1,32,,,
"dot/dot_fp32_1xNx1_1x1x1/64/1/real_time",4752409,30.0442,29.9854,ns,,,"1x64x1",,,,,,1,1,64,,,
"dot/dot_fp32_1xNx1_1x1x1/64/23/real_time",601405,233.434,232.948,ns,,,"1x64x23",,,,,,23,1,64,,,
"dot/dot_fp32_1xNx1_1x1x1/64/46/real_time",325644,388.218,387.461,ns,,,"1x64x46",,,,,,46,1,64,,,
"dot/dot_fp32_1xNx1_1x1x1/64/69/real_time",249930,563.929,562.829,ns,,,"1x64x69",,,,,,69,1,64,,,
"dot/dot_fp32_1xNx1_1x1x1/64/93/real_time",188214,757.724,756.245,ns,,,"1x64x93",,,,,,93,1,64,,,
"dot/dot_fp32_1xNx1_1x1x1/128/1/real_time",3518143,39.8351,39.7564,ns,,,"1x128x1",,,,,,1,1,128,,,
"dot/dot_fp32_1xNx1_1x1x1/128/11/real_time",642174,219.563,219.116,ns,,,"1x128x11",,,,,,11,1,128,,,
"dot/dot_fp32_1xNx1_1x1x1/128/23/real_time",327236,424.27,423.454,ns,,,"1x128x23",,,,,,23,1,128,,,
"dot/dot_fp32_1xNx1_1x1x1/128/34/real_time",256982,538.462,537.39,ns,,,"1x128x34",,,,,,34,1,128,,,
"dot/dot_fp32_1xNx1_1x1x1/128/46/real_time",181945,703.007,701.54,ns,,,"1x128x46",,,,,,46,1,128,,,
"dot/dot_fp32_1xNx1_1x1x1/256/1/real_time",2207504,63.2762,63.1572,ns,,,"1x256x1",,,,,,1,1,256,,,
"dot/dot_fp32_1xNx1_1x1x1/256/5/real_time",679375,205.722,205.307,ns,,,"1x256x5",,,,,,5,1,256,,,
"dot/dot_fp32_1xNx1_1x1x1/256/11/real_time",339572,412.277,411.458,ns,,,"1x256x11",,,,,,11,1,256,,,
"dot/dot_fp32_1xNx1_1x1x1/256/16/real_time",239455,583.846,582.745,ns,,,"1x256x16",,,,,,16,1,256,,,
"dot/dot_fp32_1xNx1_1x1x1/256/22/real_time",177299,788.777,787.236,ns,,,"1x256x22",,,,,,22,1,256,,,
"dot/dot_fp64_1xNx1_1x1x1/32/1/real_time",4278646,30.5559,30.4963,ns,,,"1x32x1",,,,,,1,1,32,,,
"dot/dot_fp64_1xNx1_1x1x1/32/23/real_time",574188,237.675,237.21,ns,,,"1x32x23",,,,,,23,1,32,,,
"dot/dot_fp64_1xNx1_1x1x1/32/46/real_time",335666,356.226,355.51,ns,,,"1x32x46",,,,,,46,1,32,,,
"dot/dot_fp64_1xNx1_1x1x1/32/69/real_time",229618,517.703,516.7,ns,,,"1x32x69",,,,,,69,1,32,,,
"dot/dot_fp64_1xNx1_1x1x1/32/92/real_time",188175,676.536,675.219,ns,,,"1x32x92",,,,,,92,1,32,,,
"dot/dot_fp64_1xNx1_1x1x1/64/1/real_time",3434814,40.232,40.1548,ns,,,"1x64x1",,,,,,1,1,64,,,
"dot/dot_fp64_1xNx1_1x1x1/64/11/real_time",637243,220.388,219.938,ns,,,"1x64x11",,,,,,11,1,64,,,
"dot/dot_fp64_1xNx1_1x1x1/64/23/real_time",394906,380.904,380.224,ns,,,"1x64x23",,,,,,23,1,64,,,
"dot/dot_fp64_1xNx1_1x1x1/64/34/real_time",304521,462.609,461.731,ns,,,"1x64x34",,,,,,34,1,64,,,
"dot/dot_fp64_1xNx1_1x1x1/64/46/real_time",236607,668.252,666.903,ns,,,"1x64x46",,,,,,46,1,64,,,
"dot/dot_fp64_1xNx1_1x1x1/128/1/real_time",2195738,64.5662,64.4397,ns,,,"1x128x1",,,,,,1,1,128,,,
"dot/dot_fp64_1xNx1_1x1x1/128/5/real_time",679764,206.251,205.819,ns,,,"1x128x5",,,,,,5,1,128,,,
"dot/dot_fp64_1xNx1_1x1x1/128/11/real_time",353765,408.874,408.078,ns,,,"1x128x11",,,,,,11,1,128,,,
"dot/dot_fp64_1xNx1_1x1x1/128/16/real_time",239298,556.304,555.169,ns,,,"1x128x16",,,,,,16,1,128,,,
"dot/dot_fp64_1xNx1_1x1x1/128/22/real_time",180143,783.279,781.747,ns,,,"1x128x22",,,,,,22,1,128,,,
"dot/dot_fp64_1xNx1_1x1x1/256/1/real_time",1311885,107.58,107.353,ns,,,"1x256x1",,,,,,1,1,256,,,
"dot/dot_fp64_1xNx1_1x1x1/256/2/real_time",794821,178.244,177.887,ns,,,"1x256x2",,,,,,2,1,256,,,
"dot/dot_fp64_1xNx1_1x1x1/256/5/real_time",365807,382.862,382.1,ns,,,"1x256x5",,,,,,5,1,256,,,
"dot/dot_fp64_1xNx1_1x1x1/256/7/real_time",271023,519.188,518.147,ns,,,"1x256x7",,,,,,7,1,256,,,
"dot/dot_fp64_1xNx1_1x1x1/256/10/real_time",194656,715.559,714.16,ns,,,"1x256x10",,,,,,10,1,256,,,
"dot/dot_fp16_fp16_fp32_1xNx1_1x1x1/32/1/real_time",5042363,27.8199,27.7601,ns,,,"1x32x1",,,,,,1,1,32,,,
"dot/dot_fp16_fp16_fp32_1xNx1_1x1x1/32/92/real_time",108742,1308.85,1306.32,ns,,,"1x32x92",,,,,,92,1,32,,,
"dot/dot_fp16_fp16_fp32_1xNx1_1x1x1/32/185/real_time",54386,2577.67,2572.27,ns,,,"1x32x185",,,,,,185,1,32,,,
"dot/dot_fp16_fp16_fp32_1xNx1_1x1x1/32/277/real_time",36411,3843.82,3836.64,ns,,,"1x32x277",,,,,,277,1,32,,,
"dot/dot_fp16_fp16_fp32_1xNx1_1x1x1/32/370/real_time",27294,5128.98,5118.41,ns,,,"1x32x370",,,,,,370,1,32,,,
"dot/dot_fp16_fp16_fp32_1xNx1_1x1x1/64/1/real_time",3365827,41.6193,41.5387,ns,,,"1x64x1",,,,,,1,1,64,,,
"dot/dot_fp16_fp16_fp32_1xNx1_1x1x1/64/46/real_time",111974,1249.48,1246.99,ns,,,"1x64x46",,,,,,46,1,64,,,
"dot/dot_fp16_fp16_fp32_1xNx1_1x1x1/64/93/real_time",55878,2504.2,2499.63,ns,,,"1x64x93",,,,,,93,1,64,,,
"dot/dot_fp16_fp16_fp32_1xNx1_1x1x1/64/140/real_time",37222,3843.94,3836.4,ns,,,"1x64x140",,,,,,140,1,64,,,
"dot/dot_fp16_fp16_fp32_1xNx1_1x1x1/64/187/real_time",24246,5014.99,5005.49,ns,,,"1x64x187",,,,,,187,1,64,,,
"dot/dot_fp16_fp16_fp32_1xNx1_1x1x1/128/1/real_time",2103331,66.5678,66.439,ns,,,"1x128x1",,,,,,1,1,128,,,
"dot/dot_fp16_fp16_fp32_1xNx1_1x1x1/128/23/real_time",114323,1225.31,1222.88,ns,,,"1x128x23",,,,,,23,1,128,,,
"dot/dot_fp16_fp16_fp32_1xNx1_1x1x1/128/46/real_time",57664,2428.97,2423.14,ns,,,"1x128x46",,,,,,46,1,128,,,
"dot/dot_fp16_fp16_fp32_1xNx1_1x1x1/128/69/real_time",38550,3631.07,3623.99,ns,,,"1x128x69",,,,,,69,1,128,,,
"dot/dot_fp16_fp16_fp32_1xNx1_1x1x1/128/93/real_time",28655,4883.72,4874.66,ns,,,"1x128x93",,,,,,93,1,128,,,
"dot/dot_fp16_fp16_fp32_1xNx1_1x1x1/256/1/real_time",1130730,123.142,122.901,ns,,,"1x256x1",,,,,,1,1,256,,,
"dot/dot_fp16_fp16_fp32_1xNx1_1x1x1/256/11/real_time",120173,1165.18,1162.95,ns,,,"1x256x11",,,,,,11,1,256,,,
"dot/dot_fp16_fp16_fp32_1xNx1_1x1x1/256/22/real_time",60819,2301.27,2296.87,ns,,,"1x256x22",,,,,,22,1,256,,,
"dot/dot_fp16_fp16_fp32_1xNx1_1x1x1/256/33/real_time",40753,3436.51,3430,ns,,,"1x256x33",,,,,,33,1,256,,,
"dot/dot_fp16_fp16_fp32_1xNx1_1x1x1/256/45/real_time",29935,4676.52,4667.37,ns,,,"1x256x45",,,,,,45,1,256,,,
"dot/dot_bf16_bf16_fp32_1xNx1_1x1x1/32/1/real_time",6394252,21.8994,21.8573,ns,,,"1x32x1",,,,,,1,1,32,,,
"dot/dot_bf16_bf16_fp32_1xNx1_1x1x1/32/92/real_time",306046,458.733,457.867,ns,,,"1x32x92",,,,,,92,1,32,,,
"dot/dot_bf16_bf16_fp32_1xNx1_1x1x1/32/185/real_time",155515,900.251,898.471,ns,,,"1x32x185",,,,,,185,1,32,,,
"dot/dot_bf16_bf16_fp32_1xNx1_1x1x1/32/277/real_time",104808,1342.99,1340.38,ns,,,"1x32x277",,,,,,277,1,32,,,
"dot/dot_bf16_bf16_fp32_1xNx1_1x1x1/32/370/real_time",74753,1778.67,1775.07,ns,,,"1x32x370",,,,,,370,1,32,,,
"dot/dot_bf16_bf16_fp32_1xNx1_1x1x1/64/1/real_time",5331507,26.8489,26.7982,ns,,,"1x64x1",,,,,,1,1,64,,,
"dot/dot_bf16_bf16_fp32_1xNx1_1x1x1/64/46/real_time",319819,437.302,436.481,ns,,,"1x64x46",,,,,,46,1,64,,,
"dot/dot_bf16_bf16_fp32_1xNx1_1x1x1/64/93/real_time",162780,865.655,863.87,ns,,,"1x64x93",,,,,,93,1,64,,,
"dot/dot_bf16_bf16_fp32_1xNx1_1x1x1/64/140/real_time",102593,1281.17,1278.73,ns,,,"1x64x140",,,,,,140,1,64,,,
"dot/dot_bf16_bf16_fp32_1xNx1_1x1x1/64/187/real_time",82173,1703.03,1699.58,ns,,,"1x64x187",,,,,,187,1,64,,,
"dot/dot_bf16_bf16_fp32_1xNx1_1x1x1/128/1/real_time",4018687,34.8233,34.7586,ns,,,"1x128x1",,,,,,1,1,128,,,
"dot/dot_bf16_bf16_fp32_1xNx1_1x1x1/128/23/real_time",328076,426.494,425.732,ns,,,"1x128x23",,,,,,23,1,128,,,
"dot/dot_bf16_bf16_fp32_1xNx1_1x1x1/128/46/real_time",169384,826.72,825.175,ns,,,"1x128x46",,,,,,46,1,128,,,
"dot/dot_bf16_bf16_fp32_1xNx1_1x1x1/128/69/real_time",114125,1227.56,1225.06,ns,,,"1x128x69",,,,,,69,1,128,,,
"dot/dot_bf16_bf16_fp32_1xNx1_1x1x1/128/93/real_time",85076,1644.79,1641.87,ns,,,"1x128x93",,,,,,93,1,128,,,
"dot/dot_bf16_bf16_fp32_1xNx1_1x1x1/256/1/real_time",2470765,56.4857,56.3765,ns,,,"1x256x1",,,,,,1,1,256,,,
"dot/dot_bf16_bf16_fp32_1xNx1_1x1x1/256/11/real_time",342119,409.564,408.775,ns,,,"1x256x11",,,,,,11,1,256,,,
"dot/dot_bf16_bf16_fp32_1xNx1_1x1x1/256/22/real_time",177956,796.354,794.822,ns,,,"1x256x22",,,,,,22,1,256,,,
"dot/dot_bf16_bf16_fp32_1xNx1_1x1x1/256/33/real_time",120193,1164.09,1161.64,ns,,,"1x256x33",,,,,,33,1,256,,,
"dot/dot_bf16_bf16_fp32_1xNx1_1x1x1/256/45/real_time",88715,1575.68,1572.62,ns,,,"1x256x45",,,,,,45,1,256,,,
"dot/dot_int8_int8_int32_1xNx1_1x1x1/32/1/real_time",6157305,22.7399,22.6963,ns,,,"1x32x1",,,,,,1,1,32,,,
"dot/dot_int8_int8_int32_1xNx1_1x1x1/32/185/real_time",154922,904.895,903.037,ns,,,"1x32x185",,,,,,185,1,32,,,
"dot/dot_int8_int8_int32_1xNx1_1x1x1/32/370/real_time",78605,1781.08,1777.86,ns,,,"1x32x370",,,,,,370,1,32,,,
"dot/dot_int8_int8_int32_1xNx1_1x1x1/32/555/real_time",52501,2665.89,2660.96,ns,,,"1x32x555",,,,,,555,1,32,,,
"dot/dot_int8_int8_int32_1xNx1_1x1x1/32/740/real_time",39459,3547.64,3540.6,ns,,,"1x32x740",,,,,,740,1,32,,,
"dot/dot_int8_int8_int32_1xNx1_1x1x1/64/1/real_time",5150113,28.1768,28.1233,ns,,,"1x64x1",,,,,,1,1,64,,,
"dot/dot_int8_int8_int32_1xNx1_1x1x1/64/93/real_time",158769,861.793,860.16,ns,,,"1x64x93",,,,,,93,1,64,,,
"dot/dot_int8_int8_int32_1xNx1_1x1x1/64/187/real_time",82137,1703.16,1699.93,ns,,,"1x64x187",,,,,,187,1,64,,,
"dot/dot_int8_int8_int32_1xNx1_1x1x1/64/280/real_time",55012,2545.91,2541.27,ns,,,"1x64x280",,,,,,280,1,64,,,
"dot/dot_int8_int8_int32_1xNx1_1x1x1/64/374/real_time",41306,3390.06,3383.62,ns,,,"1x64x374",,,,,,374,1,64,,,
"dot/dot_int8_int8_int32_1xNx1_1x1x1/128/1/real_time",4022918,34.647,34.5838,ns,,,"1x128x1",,,,,,1,1,128,,,
"dot/dot_int8_int8_int32_1xNx1_1x1x1/128/46/real_time",168970,829.425,827.842,ns,,,"1x128x46",,,,,,46,1,128,,,
"dot/dot_int8_int8_int32_1xNx1_1x1x1/128/93/real_time",84939,1648.16,1645.03,ns,,,"1x128x93",,,,,,93,1,128,,,
"dot/dot_int8_int8_int32_1xNx1_1x1x1/128/139/real_time",57233,2461.75,2457.26,ns,,,"1x128x139",,,,,,139,1,128,,,
"dot/dot_int8_int8_int32_1xNx1_1x1x1/128/186/real_time",42854,3266.83,3260.9,ns,,,"1x128x186",,,,,,186,1,128,,,
"dot/dot_int8_int8_int32_1xNx1_1x1x1/256/1/real_time",2498508,56.1459,56.0326,ns,,,"1x256x1",,,,,,1,1,256,,,
"dot/dot_int8_int8_int32_1xNx1_1x1x1/256/22/real_time",177412,790.26,788.713,ns,,,"1x256x22",,,,,,22,1,256,,,
"dot/dot_int8_int8_int32_1xNx1_1x1x1/256/45/real_time",88730,1578.58,1575.56,ns,,,"1x256x45",,,,,,45,1,256,,,
"dot/dot_int8_int8_int32_1xNx1_1x1x1/256/68/real_time",59202,2402.34,2397.69,ns,,,"1x256x68",,,,,,68,1,256,,,
"dot/dot_int8_int8_int32_1xNx1_1x1x1/256/91/real_time",44385,3154.94,3148.96,ns,,,"1x256x91",,,,,,91,1,256,,,
"dot/dot_uint8_int8_int32_1xNx1_1x1x1/32/1/real_time",6551483,21.4165,21.3771,ns,,,"1x32x1",,,,,,1,1,32,,,
"dot/dot_uint8_int8_int32_1xNx1_1x1x1/32/185/real_time",197730,707.157,705.797,ns,,,"1x32x185",,,,,,185,1,32,,,
"dot/dot_uint8_int8_int32_1xNx1_1x1x1/32/370/real_time",100684,1390.87,1388.11,ns,,,"1x32x370",,,,,,370,1,32,,,
"dot/dot_uint8_int8_int32_1xNx1_1x1x1/32/555/real_time",67398,2079.13,2075,ns,,,"1x32x555",,,,,,555,1,32,,,
"dot/dot_uint8_int8_int32_1xNx1_1x1x1/32/740/real_time",50671,2763.36,2758.15,ns,,,"1x32x740",,,,,,740,1,32,,,
"dot/dot_uint8_int8_int32_1xNx1_1x1x1/64/1/real_time",4885370,28.8147,28.7611,ns,,,"1x64x1",,,,,,1,1,64,,,
"dot/dot_uint8_int8_int32_1xNx1_1x1x1/64/93/real_time",195679,716.35,714.954,ns,,,"1x64x93",,,,,,93,1,64,,,
"dot/dot_uint8_int8_int32_1xNx1_1x1x1/64/187/real_time",99158,1411.55,1408.7,ns,,,"1x64x187",,,,,,187,1,64,,,
"dot/dot_uint8_int8_int32_1xNx1_1x1x1/64/280/real_time",61423,2107.23,2102.48,ns,,,"1x64x280",,,,,,280,1,64,,,
"dot/dot_uint8_int8_int32_1xNx1_1x1x1/64/374/real_time",49987,2797.32,2791.93,ns,,,"1x64x374",,,,,,374,1,64,,,
"dot/dot_uint8_int8_int32_1xNx1_1x1x1/128/1/real_time",4248097,32.8457,32.7848,ns,,,"1x128x1",,,,,,1,1,128,,,
"dot/dot_uint8_int8_int32_1xNx1_1x1x1/128/46/real_time",220316,635.858,634.608,ns,,,"1x128x46",,,,,,46,1,128,,,
"dot/dot_uint8_int8_int32_1xNx1_1x1x1/128/93/real_time",111516,1255.16,1252.8,ns,,,"1x128x93",,,,,,93,1,128,,,
"dot/dot_uint8_int8_int32_1xNx1_1x1x1/128/139/real_time",75224,1861.02,1857.52,ns,,,"1x128x139",,,,,,139,1,128,,,
"dot/dot_uint8_int8_int32_1xNx1_1x1x1/128/186/real_time",56345,2484.41,2479.6,ns,,,"1x128x186",,,,,,186,1,128,,,
"dot/dot_uint8_int8_int32_1xNx1_1x1x1/256/1/real_time",2928084,47.9908,47.8924,ns,,,"1x256x1",,,,,,1,1,256,,,
"dot/dot_uint8_int8_int32_1xNx1_1x1x1/256/22/real_time",232154,605.287,604.092,ns,,,"1x256x22",,,,,,22,1,256,,,
"dot/dot_uint8_int8_int32_1xNx1_1x1x1/256/45/real_time",116820,1198.94,1196.76,ns,,,"1x256x45",,,,,,45,1,256,,,
"dot/dot_uint8_int8_int32_1xNx1_1x1x1/256/68/real_time",78148,1791.75,1788.12,ns,,,"1x256x68",,,,,,68,1,256,,,
"dot/dot_uint8_int8_int32_1xNx1_1x1x1/256/91/real_time",58595,2391.08,2386.63,ns,,,"1x256x91",,,,,,91,1,256,,,
"dot/dot_int8_int4_int32_1xNx2_1x1x2/32/2/real_time",5117100,27.2906,27.2394,ns,,,"1x32x2",,,,,,2,1,32,,,
"dot/dot_int8_int4_int32_1xNx2_1x1x2/32/358/real_time",60097,2329.55,2325.13,ns,,,"1x32x358",,,,,,358,1,32,,,
"dot/dot_int8_int4_int32_1xNx2_1x1x2/32/718/real_time",30092,4655.42,4645.47,ns,,,"1x32x718",,,,,,718,1,32,,,
"dot/dot_int8_int4_int32_1xNx2_1x1x2/32/1078/real_time",20058,6973.21,6960.25,ns,,,"1x32x1078",,,,,,1078,1,32,,,
"dot/dot_int8_int4_int32_1xNx2_1x1x2/32/1438/real_time",15061,9298.66,9279.23,ns,,,"1x32x1438",,,,,,1438,1,32,,,
"dot/dot_int8_int4_int32_1xNx2_1x1x2/64/2/real_time",3416179,41.0077,40.9278,ns,,,"1x64x2",,,,,,2,1,64,,,
"dot/dot_int8_int4_int32_1xNx2_1x1x2/64/184/real_time",59283,2360.32,2355.73,ns,,,"1x64x184",,,,,,184,1,64,,,
"dot/dot_int8_int4_int32_1xNx2_1x1x2/64/368/real_time",29812,4781.72,4772.14,ns,,,"1x64x368",,,,,,368,1,64,,,
"dot/dot_int8_int4_int32_1xNx2_1x1x2/64/552/real_time",19917,7028.93,7016.3,ns,,,"1x64x552",,,,,,552,1,64,,,
"dot/dot_int8_int4_int32_1xNx2_1x1x2/64/736/real_time",14950,9582.97,9564.24,ns,,,"1x64x736",,,,,,736,1,64,,,
"dot/dot_int8_int4_int32_1xNx2_1x1x2/128/2/real_time",2126153,65.83,65.7048,ns,,,"1x128x2",,,,,,2,1,128,,,
"dot/dot_int8_int4_int32_1xNx2_1x1x2/128/92/real_time",59699,2344.91,2340.59,ns,,,"1x128x92",,,,,,92,1,128,,,
"dot/dot_int8_int4_int32_1xNx2_1x1x2/128/184/real_time",30025,4722.6,4714.22,ns,,,"1x128x184",,,,,,184,1,128,,,
"dot/dot_int8_int4_int32_1xNx2_1x1x2/128/276/real_time",20048,6981.8,6969.08,ns,,,"1x128x276",,,,,,276,1,128,,,
"dot/dot_int8_int4_int32_1xNx2_1x1x2/128/370/real_time",14966,9351.51,9333.3,ns,,,"1x128x370",,,,,,370,1,128,,,
"dot/dot_int8_int4_int32_1xNx2_1x1x2/256/2/real_time",1167993,120.041,119.811,ns,,,"1x256x2",,,,,,2,1,256,,,
"dot/dot_int8_int4_int32_1xNx2_1x1x2/256/44/real_time",62407,2452.96,2447.58,ns,,,"1x256x44",,,,,,44,1,256,,,
"dot/dot_int8_int4_int32_1xNx2_1x1x2/256/90/real_time",26820,4959.23,4948.72,ns,,,"1x256x90",,,,,,90,1,256,,,
"dot/dot_int8_int4_int32_1xNx2_1x1x2/256/136/real_time",20397,6863.07,6849.79,ns,,,"1x256x136",,,,,,136,1,256,,,
"dot/dot_int8_int4_int32_1xNx2_1x1x2/256/182/real_time",15259,9170.99,9155.31,ns,,,"1x256x182",,,,,,182,1,256,,,
"dot/dot_int8_int2_int32_1xNx4_1x1x4/32/4/real_time",3526036,39.6942,39.6161,ns,,,"1x32x4",,,,,,4,1,32,,,
"dot/dot_int8_int2_int32_1xNx4_1x1x4/32/676/real_time",31198,4487.3,4478.66,ns,,,"1x32x676",,,,,,676,1,32,,,
"dot/dot_int8_int2_int32_1xNx4_1x1x4/32/1356/real_time",15573,8989.61,8972.72,ns,,,"1x32x1356",,,,,,1356,1,32,,,
"dot/dot_int8_int2_int32_1xNx4_1x1x4/32/2036/real_time",10384,13484.3,13456.9,ns,,,"1x32x2036",,,,,,2036,1,32,,,
"dot/dot_int8_int2_int32_1xNx4_1x1x4/32/2716/real_time",7787,17975.7,17941.1,ns,,,"1x32x2716",,,,,,2716,1,32,,,
"dot/dot_int8_int2_int32_1xNx4_1x1x4/64/4/real_time",2115846,66.1753,66.0511,ns,,,"1x64x4",,,,,,4,1,64,,,
"dot/dot_int8_int2_int32_1xNx4_1x1x4/64/356/real_time",29949,4675.16,4666.21,ns,,,"1x64x356",,,,,,356,1,64,,,
"dot/dot_int8_int2_int32_1xNx4_1x1x4/64/712/real_time",15009,9330.14,9311.57,ns,,,"1x64x712",,,,,,712,1,64,,,
"dot/dot_int8_int2_int32_1xNx4_1x1x4/64/1068/real_time",10015,13977.3,13950.5,ns,,,"1x64x1068",,,,,,1068,1,64,,,
"dot/dot_int8_int2_int32_1xNx4_1x1x4/64/1428/real_time",7495,18678.3,18644.5,ns,,,"1x64x1428",,,,,,1428,1,64,,,
"dot/dot_int8_int2_int32_1xNx4_1x1x4/128/4/real_time",1179822,120.853,120.633,ns,,,"1x128x4",,,,,,4,1,128,,,
"dot/dot_int8_int2_int32_1xNx4_1x1x4/128/180/real_time",29779,4701.5,4691.79,ns,,,"1x128x180",,,,,,180,1,128,,,
"dot/dot_int8_int2_int32_1xNx4_1x1x4/128/364/real_time",14756,9491.6,9471.41,ns,,,"1x128x364",,,,,,364,1,128,,,
"dot/dot_int8_int2_int32_1xNx4_1x1x4/128/544/real_time",9884,14170.2,14142.2,ns,,,"1x128x544",,,,,,544,1,128,,,
"dot/dot_int8_int2_int32_1xNx4_1x1x4/128/728/real_time",7393,18939.1,18903.3,ns,,,"1x128x728",,,,,,728,1,128,,,
"dot/dot_int8_int2_int32_1xNx4_1x1x4/256/4/real_time",618729,226.28,225.829,ns,,,"1x256x4",,,,,,4,1,256,,,
"dot/dot_int8_int2_int32_1xNx4_1x1x4/256/88/real_time",30523,4669.45,4659.62,ns,,,"1x256x88",,,,,,88,1,256,,,
"dot/dot_int8_int2_int32_1xNx4_1x1x4/256/180/real_time",14966,9355.57,9337.18,ns,,,"1x256x180",,,,,,180,1,256,,,
"dot/dot_int8_int2_int32_1xNx4_1x1x4/256/268/real_time",10061,13913.6,13883.4,ns,,,"1x256x268",,,,,,268,1,256,,,
"dot/dot_int8_int2_int32_1xNx4_1x1x4/256/360/real_time",7495,18676.5,18637.1,ns,,,"1x256x360",,,,,,360,1,256,,,
