name,iterations,real_time,cpu_time,time_unit,bytes_per_second,items_per_second,label,error_occurred,error_message
"dot/dot_fp32_sme2/0/0/real_time",,,,,,,,false,"Unsupported hardware"
"dot/dot_bf16_bf16_fp32_sme2/0/0/real_time",,,,,,,,false,"Unsupported hardware"
"dot/dot_fp16_fp16_fp32_sme2/0/0/real_time",,,,,,,,false,"Unsupported hardware"
"dot/dot_int8_int8_int32_sme2/0/0/real_time",,,,,,,,false,"Unsupported hardware"
"dot/dot_fp32_sme/0/0/real_time",,,,,,,,false,"Unsupported hardware"
"dot/dot_bf16_bf16_fp32_sme/0/0/real_time",,,,,,,,false,"Unsupported hardware"
"dot/dot_fp16_fp16_fp32_sme/0/0/real_time",,,,,,,,false,"Unsupported hardware"
"dot/dot_int8_int8_int32_sme/0/0/real_time",,,,,,,,false,"Unsupported hardware"
"dot/dot_int8_int4_int32_sme/0/0/real_time",,,,,,,,false,"Unsupported hardware"
"dot/dot_int8_int2_int32_sme/0/0/real_time",,,,,,,,false,"Unsupported hardware"
"dot/dot_fp8_e5m2_fp8_e5m2_fp32_1x64x8_1x4x4_neonfp8dot4/64/8/real_time",,,,,,,,false,"Unsupported hardware"
"dot/dot_fp8_e5m2_fp8_e5m2_fp32_1x64x8_1x4x4_neonfp8dot4/64/88/real_time",,,,,,,,false,"Unsupported hardware"
"dot/dot_fp8_e5m2_fp8_e5m2_fp32_1x64x8_1x4x4_neonfp8dot4/64/184/real_time",,,,,,,,false,"Unsupported hardware"
"dot/dot_fp8_e5m2_fp8_e5m2_fp32_1x64x8_1x4x4_neonfp8dot4/64/272/real_time",,,,,,,,false,"Unsupported hardware"
"dot/dot_fp8_e5m2_fp8_e5m2_fp32_1x64x8_1x4x4_neonfp8dot4/64/368/real_time",,,,,,,,false,"Unsupported hardware"
"dot/dot_fp8_e5m2_fp8_e5m2_fp32_1x64x8_1x4x4_neonfp8dot4/128/8/real_time",,,,,,,,false,"Unsupported hardware"
"dot/dot_fp8_e5m2_fp8_e5m2_fp32_1x64x8_1x4x4_neonfp8dot4/128/40/real_time",,,,,,,,false,"Unsupported hardware"
"dot/dot_fp8_e5m2_fp8_e5m2_fp32_1x64x8_1x4x4_neonfp8dot4/128/88/real_time",,,,,,,,false,"Unsupported hardware"
"dot/dot_fp8_e5m2_fp8_e5m2_fp32_1x64x8_1x4x4_neonfp8dot4/128/136/real_time",,,,,,,,false,"Unsupported hardware"
"dot/dot_fp8_e5m2_fp8_e5m2_fp32_1x64x8_1x4x4_neonfp8dot4/128/184/real_time",,,,,,,,false,"Unsupported hardware"
"dot/dot_fp8_e5m2_fp8_e5m2_fp32_1x64x8_1x4x4_neonfp8dot4/256/8/real_time",,,,,,,,false,"Unsupported hardware"
"dot/dot_fp8_e5m2_fp8_e5m2_fp32_1x64x8_1x4x4_neonfp8dot4/256/16/real_time",,,,,,,,false,"Unsupported hardware"
"dot/dot_fp8_e5m2_fp8_e5m2_fp32_1x64x8_1x4x4_neonfp8dot4/256/40/real_time",,,,,,,,false,"Unsupported hardware"
"dot/dot_fp8_e5m2_fp8_e5m2_fp32_1x64x8_1x4x4_neonfp8dot4/256/64/real_time",,,,,,,,false,"Unsupported hardware"
"dot/dot_fp8_e5m2_fp8_e5m2_fp32_1x64x8_1x4x4_neonfp8dot4/256/88/real_time",,,,,,,,false,"Unsupported hardware"
"dot/dot_fp8_e5m2_fp8_e5m2_fp32_1x64x8_1x4x4_neonfp8dot4/512/8/real_time",,,,,,,,false,"Unsupported hardware"
"dot/dot_fp8_e5m2_fp8_e5m2_fp32_1x64x8_1x4x4_neonfp8dot4/512/16/real_time",,,,,,,,false,"Unsupported hardware"
"dot/dot_fp8_e5m2_fp8_e5m2_fp32_1x64x8_1x4x4_neonfp8dot4/512/24/real_time",,,,,,,,false,"Unsupported hardware"
"dot/dot_fp8_e5m2_fp8_e5m2_fp32_1x64x8_1x4x4_neonfp8dot4/512/40/real_time",,,,,,,,false,"Unsupported hardware"
"dot/dot_fp8_e5m2_fp8_e5m2_fp32_1x32x8_1x4x4_neonfp8dot4/32/8/real_time",,,,,,,,false,"Unsupported hardware"
"dot/dot_fp8_e5m2_fp8_e5m2_fp32_1x32x8_1x4x4_neonfp8dot4/32/184/real_time",,,,,,,,false,"Unsupported hardware"
"dot/dot_fp8_e5m2_fp8_e5m2_fp32_1x32x8_1x4x4_neonfp8dot4/32/368/real_time",,,,,,,,false,"Unsupported hardware"
"dot/dot_fp8_e5m2_fp8_e5m2_fp32_1x32x8_1x4x4_neonfp8dot4/32/552/real_time",,,,,,,,false,"Unsupported hardware"
"dot/dot_fp8_e5m2_fp8_e5m2_fp32_1x32x8_1x4x4_neonfp8dot4/32/736/real_time",,,,,,,,false,"Unsupported hardware"
"dot/dot_fp8_e5m2_fp8_e5m2_fp32_1x32x8_1x4x4_neonfp8dot4/64/8/real_time",,,,,,,,false,"Unsupported hardware"
"dot/dot_fp8_e5m2_fp8_e5m2_fp32_1x32x8_1x4x4_neonfp8dot4/64/88/real_time",,,,,,,,false,"Unsupported hardware"
"dot/dot_fp8_e5m2_fp8_e5m2_fp32_1x32x8_1x4x4_neonfp8dot4/64/184/real_time",,,,,,,,false,"Unsupported hardware"
"dot/dot_fp8_e5m2_fp8_e5m2_fp32_1x32x8_1x4x4_neonfp8dot4/64/272/real_time",,,,,,,,false,"Unsupported hardware"
"dot/dot_fp8_e5m2_fp8_e5m2_fp32_1x32x8_1x4x4_neonfp8dot4/64/368/real_time",,,,,,,,false,"Unsupported hardware"
"dot/dot_fp8_e5m2_fp8_e5m2_fp32_1x32x8_1x4x4_neonfp8dot4/128/8/real_time",,,,,,,,false,"Unsupported hardware"
"dot/dot_fp8_e5m2_fp8_e5m2_fp32_1x32x8_1x4x4_neonfp8dot4/128/40/real_time",,,,,,,,false,"Unsupported hardware"
"dot/dot_fp8_e5m2_fp8_e5m2_fp32_1x32x8_1x4x4_neonfp8dot4/128/88/real_time",,,,,,,,false,"Unsupported hardware"
"dot/dot_fp8_e5m2_fp8_e5m2_fp32_1x32x8_1x4x4_neonfp8dot4/128/136/real_time",,,,,,,,false,"Unsupported hardware"
"dot/dot_fp8_e5m2_fp8_e5m2_fp32_1x32x8_1x4x4_neonfp8dot4/128/184/real_time",,,,,,,,false,"Unsupported hardware"
"dot/dot_fp8_e5m2_fp8_e5m2_fp32_1x32x8_1x4x4_neonfp8dot4/256/8/real_time",,,,,,,,false,"Unsupported hardware"
"dot/dot_fp8_e5m2_fp8_e5m2_fp32_1x32x8_1x4x4_neonfp8dot4/256/16/real_time",,,,,,,,false,"Unsupported hardware"
"dot/dot_fp8_e5m2_fp8_e5m2_fp32_1x32x8_1x4x4_neonfp8dot4/256/40/real_time",,,,,,,,false,"Unsupported hardware"
"dot/dot_fp8_e5m2_fp8_e5m2_fp32_1x32x8_1x4x4_neonfp8dot4/256/64/real_time",,,,,,,,false,"Unsupported hardware"
"dot/dot_fp8_e5m2_fp8_e5m2_fp32_1x32x8_1x4x4_neonfp8dot4/256/88/real_time",,,,,,,,false,"Unsupported hardware"
"dot/dot_fp8_e5m2_fp8_e5m2_fp32_2x32x8_1x4x4_neonfp8dot4/32/8/real_time",,,,,,,,false,"Unsupported hardware"
"dot/dot_fp8_e5m2_fp8_e5m2_fp32_2x32x8_1x4x4_neonfp8dot4/32/176/real_time",,,,,,,,false,"Unsupported hardware"
"dot/dot_fp8_e5m2_fp8_e5m2_fp32_2x32x8_1x4x4_neonfp8dot4/32/352/real_time",,,,,,,,false,"Unsupported hardware"
"dot/dot_fp8_e5m2_fp8_e5m2_fp32_2x32x8_1x4x4_neonfp8dot4/32/528/real_time",,,,,,,,false,"Unsupported hardware"
"dot/dot_fp8_e5m2_fp8_e5m2_fp32_2x32x8_1x4x4_neonfp8dot4/32/712/real_time",,,,,,,,false,"Unsupported hardware"
"dot/dot_fp8_e5m2_fp8_e5m2_fp32_2x32x8_1x4x4_neonfp8dot4/64/8/real_time",,,,,,,,false,"Unsupported hardware"
"dot/dot_fp8_e5m2_fp8_e5m2_fp32_2x32x8_1x4x4_neonfp8dot4/64/88/real_time",,,,,,,,false,"Unsupported hardware"
"dot/dot_fp8_e5m2_fp8_e5m2_fp32_2x32x8_1x4x4_neonfp8dot4/64/176/real_time",,,,,,,,false,"Unsupported hardware"
"dot/dot_fp8_e5m2_fp8_e5m2_fp32_2x32x8_1x4x4_neonfp8dot4/64/264/real_time",,,,,,,,false,"Unsupported hardware"
"dot/dot_fp8_e5m2_fp8_e5m2_fp32_2x32x8_1x4x4_neonfp8dot4/64/360/real_time",,,,,,,,false,"Unsupported hardware"
"dot/dot_fp8_e5m2_fp8_e5m2_fp32_2x32x8_1x4x4_neonfp8dot4/128/8/real_time",,,,,,,,false,"Unsupported hardware"
"dot/dot_fp8_e5m2_fp8_e5m2_fp32_2x32x8_1x4x4_neonfp8dot4/128/40/real_time",,,,,,,,false,"Unsupported hardware"
"dot/dot_fp8_e5m2_fp8_e5m2_fp32_2x32x8_1x4x4_neonfp8dot4/128/88/real_time",,,,,,,,false,"Unsupported hardware"
"dot/dot_fp8_e5m2_fp8_e5m2_fp32_2x32x8_1x4x4_neonfp8dot4/128/128/real_time",,,,,,,,false,"Unsupported hardware"
"dot/dot_fp8_e5m2_fp8_e5m2_fp32_2x32x8_1x4x4_neonfp8dot4/128/176/real_time",,,,,,,,false,"Unsupported hardware"
"dot/dot_fp8_e5m2_fp8_e5m2_fp32_2x32x8_1x4x4_neonfp8dot4/256/8/real_time",,,,,,,,false,"Unsupported hardware"
"dot/dot_fp8_e5m2_fp8_e5m2_fp32_2x32x8_1x4x4_neonfp8dot4/256/16/real_time",,,,,,,,false,"Unsupported hardware"
"dot/dot_fp8_e5m2_fp8_e5m2_fp32_2x32x8_1x4x4_neonfp8dot4/256/40/real_time",,,,,,,,false,"Unsupported hardware"
"dot/dot_fp8_e5m2_fp8_e5m2_fp32_2x32x8_1x4x4_neonfp8dot4/256/56/real_time",,,,,,,,false,"Unsupported hardware"
"dot/dot_fp8_e5m2_fp8_e5m2_fp32_2x32x8_1x4x4_neonfp8dot4/256/80/real_time",,,,,,,,false,"Unsupported hardware"
"dot/dot_fp8_e5m2_fp8_e5m2_fp32_3x32x8_1x4x4_neonfp8dot4/32/8/real_time",,,,,,,,false,"Unsupported hardware"
"dot/dot_fp8_e5m2_fp8_e5m2_fp32_3x32x8_1x4x4_neonfp8dot4/32/168/real_time",,,,,,,,false,"Unsupported hardware"
"dot/dot_fp8_e5m2_fp8_e5m2_fp32_3x32x8_1x4x4_neonfp8dot4/32/344/real_time",,,,,,,,false,"Unsupported hardware"
"dot/dot_fp8_e5m2_fp8_e5m2_fp32_3x32x8_1x4x4_neonfp8dot4/32/512/real_time",,,,,,,,false,"Unsupported hardware"
"dot/dot_fp8_e5m2_fp8_e5m2_fp32_3x32x8_1x4x4_neonfp8dot4/32/688/real_time",,,,,,,,false,"Unsupported hardware"
"dot/dot_fp8_e5m2_fp8_e5m2_fp32_3x32x8_1x4x4_neonfp8dot4/64/8/real_time",,,,,,,,false,"Unsupported hardware"
"dot/dot_fp8_e5m2_fp8_e5m2_fp32_3x32x8_1x4x4_neonfp8dot4/64/88/real_time",,,,,,,,false,"Unsupported hardware"
"dot/dot_fp8_e5m2_fp8_e5m2_fp32_3x32x8_1x4x4_neonfp8dot4/64/176/real_time",,,,,,,,false,"Unsupported hardware"
"dot/dot_fp8_e5m2_fp8_e5m2_fp32_3x32x8_1x4x4_neonfp8dot4/64/264/real_time",,,,,,,,false,"Unsupported hardware"
"dot/dot_fp8_e5m2_fp8_e5m2_fp32_3x32x8_1x4x4_neonfp8dot4/64/352/real_time",,,,,,,,false,"Unsupported hardware"
"dot/dot_fp8_e5m2_fp8_e5m2_fp32_3x32x8_1x4x4_neonfp8dot4/128/8/real_time",,,,,,,,false,"Unsupported hardware"
"dot/dot_fp8_e5m2_fp8_e5m2_fp32_3x32x8_1x4x4_neonfp8dot4/128/40/real_time",,,,,,,,false,"Unsupported hardware"
"dot/dot_fp8_e5m2_fp8_e5m2_fp32_3x32x8_1x4x4_neonfp8dot4/128/80/real_time",,,,,,,,false,"Unsupported hardware"
"dot/dot_fp8_e5m2_fp8_e5m2_fp32_3x32x8_1x4x4_neonfp8dot4/128/120/real_time",,,,,,,,false,"Unsupported hardware"
"dot/dot_fp8_e5m2_fp8_e5m2_fp32_3x32x8_1x4x4_neonfp8dot4/128/168/real_time",,,,,,,,false,"Unsupported hardware"
"dot/dot_fp8_e5m2_fp8_e5m2_fp32_3x32x8_1x4x4_neonfp8dot4/256/8/real_time",,,,,,,,false,"Unsupported hardware"
"dot/dot_fp8_e5m2_fp8_e5m2_fp32_3x32x8_1x4x4_neonfp8dot4/256/16/real_time",,,,,,,,false,"Unsupported hardware"
"dot/dot_fp8_e5m2_fp8_e5m2_fp32_3x32x8_1x4x4_neonfp8dot4/256/40/real_time",,,,,,,,false,"Unsupported hardware"
"dot/dot_fp8_e5m2_fp8_e5m2_fp32_3x32x8_1x4x4_neonfp8dot4/256/56/real_time",,,,,,,,false,"Unsupported hardware"
"dot/dot_fp8_e5m2_fp8_e5m2_fp32_3x32x8_1x4x4_neonfp8dot4/256/80/real_time",,,,,,,,false,"Unsupported hardware"
"dot/dot_fp8_e5m2_fp8_e5m2_fp32_1x16x8_1x4x4_neonfp8dot4/16/8/real_time",,,,,,,,false,"Unsupported hardware"
"dot/dot_fp8_e5m2_fp8_e5m2_fp32_1x16x8_1x4x4_neonfp8dot4/16/360/real_time",,,,,,,,false,"Unsupported hardware"
"dot/dot_fp8_e5m2_fp8_e5m2_fp32_1x16x8_1x4x4_neonfp8dot4/16/720/real_time",,,,,,,,false,"Unsupported hardware"
"dot/dot_fp8_e5m2_fp8_e5m2_fp32_1x16x8_1x4x4_neonfp8dot4/16/1080/real_time",,,,,,,,false,"Unsupported hardware"
"dot/dot_fp8_e5m2_fp8_e5m2_fp32_1x16x8_1x4x4_neonfp8dot4/16/1440/real_time",,,,,,,,false,"Unsupported hardware"
"dot/dot_fp8_e5m2_fp8_e5m2_fp32_1x16x8_1x4x4_neonfp8dot4/32/8/real_time",,,,,,,,false,"Unsupported hardware"
"dot/dot_fp8_e5m2_fp8_e5m2_fp32_1x16x8_1x4x4_neonfp8dot4/32/184/real_time",,,,,,,,false,"Unsupported hardware"
"dot/dot_fp8_e5m2_fp8_e5m2_fp32_1x16x8_1x4x4_neonfp8dot4/32/368/real_time",,,,,,,,false,"Unsupported hardware"
"dot/dot_fp8_e5m2_fp8_e5m2_fp32_1x16x8_1x4x4_neonfp8dot4/32/552/real_time",,,,,,,,false,"Unsupported hardware"
"dot/dot_fp8_e5m2_fp8_e5m2_fp32_1x16x8_1x4x4_neonfp8dot4/32/736/real_time",,,,,,,,false,"Unsupported hardware"
"dot/dot_fp8_e5m2_fp8_e5m2_fp32_1x16x8_1x4x4_neonfp8dot4/64/8/real_time",,,,,,,,false,"Unsupported hardware"
"dot/dot_fp8_e5m2_fp8_e5m2_fp32_1x16x8_1x4x4_neonfp8dot4/64/88/real_time",,,,,,,,false,"Unsupported hardware"
"dot/dot_fp8_e5m2_fp8_e5m2_fp32_1x16x8_1x4x4_neonfp8dot4/64/184/real_time",,,,,,,,false,"Unsupported hardware"
"dot/dot_fp8_e5m2_fp8_e5m2_fp32_1x16x8_1x4x4_neonfp8dot4/64/272/real_time",,,,,,,,false,"Unsupported hardware"
"dot/dot_fp8_e5m2_fp8_e5m2_fp32_1x16x8_1x4x4_neonfp8dot4/64/368/real_time",,,,,,,,false,"Unsupported hardware"
"dot/dot_fp8_e5m2_fp8_e5m2_fp32_1x16x8_1x4x4_neonfp8dot4/128/8/real_time",,,,,,,,false,"Unsupported hardware"
"dot/dot_fp8_e5m2_fp8_e5m2_fp32_1x16x8_1x4x4_neonfp8dot4/128/40/real_time",,,,,,,,false,"Unsupported hardware"
"dot/dot_fp8_e5m2_fp8_e5m2_fp32_1x16x8_1x4x4_neonfp8dot4/128/88/real_time",,,,,,,,false,"Unsupported hardware"
"dot/dot_fp8_e5m2_fp8_e5m2_fp32_1x16x8_1x4x4_neonfp8dot4/128/136/real_time",,,,,,,,false,"Unsupported hardware"
"dot/dot_fp8_e5m2_fp8_e5m2_fp32_1x16x8_1x4x4_neonfp8dot4/128/184/real_time",,,,,,,,false,"Unsupported hardware"
"dot/dot_fp8_e5m2_fp8_e5m2_fp32_2x16x8_1x4x4_neonfp8dot4/16/8/real_time",,,,,,,,false,"Unsupported hardware"
"dot/dot_fp8_e5m2_fp8_e5m2_fp32_2x16x8_1x4x4_neonfp8dot4/16/336/real_time",,,,,,,,false,"Unsupported hardware"
"dot/dot_fp8_e5m2_fp8_e5m2_fp32_2x16x8_1x4x4_neonfp8dot4/16/672/real_time",,,,,,,,false,"Unsupported hardware"
"dot/dot_fp8_e5m2_fp8_e5m2_fp32_2x16x8_1x4x4_neonfp8dot4/16/1008/real_time",,,,,,,,false,"Unsupported hardware"
"dot/dot_fp8_e5m2_fp8_e5m2_fp32_2x16x8_1x4x4_neonfp8dot4/16/1352/real_time",,,,,,,,false,"Unsupported hardware"
"dot/dot_fp8_e5m2_fp8_e5m2_fp32_2x16x8_1x4x4_neonfp8dot4/32/8/real_time",,,,,,,,false,"Unsupported hardware"
"dot/dot_fp8_e5m2_fp8_e5m2_fp32_2x16x8_1x4x4_neonfp8dot4/32/176/real_time",,,,,,,,false,"Unsupported hardware"
"dot/dot_fp8_e5m2_fp8_e5m2_fp32_2x16x8_1x4x4_neonfp8dot4/32/352/real_time",,,,,,,,false,"Unsupported hardware"
"dot/dot_fp8_e5m2_fp8_e5m2_fp32_2x16x8_1x4x4_neonfp8dot4/32/528/real_time",,,,,,,,false,"Unsupported hardware"
"dot/dot_fp8_e5m2_fp8_e5m2_fp32_2x16x8_1x4x4_neonfp8dot4/32/712/real_time",,,,,,,,false,"Unsupported hardware"
"dot/dot_fp8_e5m2_fp8_e5m2_fp32_2x16x8_1x4x4_neonfp8dot4/64/8/real_time",,,,,,,,false,"Unsupported hardware"
"dot/dot_fp8_e5m2_fp8_e5m2_fp32_2x16x8_1x4x4_neonfp8dot4/64/88/real_time",,,,,,,,false,"Unsupported hardware"
"dot/dot_fp8_e5m2_fp8_e5m2_fp32_2x16x8_1x4x4_neonfp8dot4/64/176/real_time",,,,,,,,false,"Unsupported hardware"
"dot/dot_fp8_e5m2_fp8_e5m2_fp32_2x16x8_1x4x4_neonfp8dot4/64/264/real_time",,,,,,,,false,"Unsupported hardware"
"dot/dot_fp8_e5m2_fp8_e5m2_fp32_2x16x8_1x4x4_neonfp8dot4/64/360/real_time",,,,,,,,false,"Unsupported hardware"
"dot/dot_fp8_e5m2_fp8_e5m2_fp32_2x16x8_1x4x4_neonfp8dot4/128/8/real_time",,,,,,,,false,"Unsupported hardware"
"dot/dot_fp8_e5m2_fp8_e5m2_fp32_2x16x8_1x4x4_neonfp8dot4/128/40/real_time",,,,,,,,false,"Unsupported hardware"
"dot/dot_fp8_e5m2_fp8_e5m2_fp32_2x16x8_1x4x4_neonfp8dot4/128/88/real_time",,,,,,,,false,"Unsupported hardware"
"dot/dot_fp8_e5m2_fp8_e5m2_fp32_2x16x8_1x4x4_neonfp8dot4/128/128/real_time",,,,,,,,false,"Unsupported hardware"
"dot/dot_fp8_e5m2_fp8_e5m2_fp32_2x16x8_1x4x4_neonfp8dot4/128/176/real_time",,,,,,,,false,"Unsupported hardware"
"dot/dot_fp8_e5m2_fp8_e5m2_fp32_3x16x8_1x4x4_neonfp8dot4/16/8/real_time",,,,,,,,false,"Unsupported hardware"
"dot/dot_fp8_e5m2_fp8_e5m2_fp32_3x16x8_1x4x4_neonfp8dot4/16/320/real_time",,,,,,,,false,"Unsupported hardware"
"dot/dot_fp8_e5m2_fp8_e5m2_fp32_3x16x8_1x4x4_neonfp8dot4/16/640/real_time",,,,,,,,false,"Unsupported hardware"
"dot/dot_fp8_e5m2_fp8_e5m2_fp32_3x16x8_1x4x4_neonfp8dot4/16/960/real_time",,,,,,,,false,"Unsupported hardware"
"dot/dot_fp8_e5m2_fp8_e5m2_fp32_3x16x8_1x4x4_neonfp8dot4/16/1280/real_time",,,,,,,,false,"Unsupported hardware"
"dot/dot_fp8_e5m2_fp8_e5m2_fp32_3x16x8_1x4x4_neonfp8dot4/32/8/real_time",,,,,,,,false,"Unsupported hardware"
"dot/dot_fp8_e5m2_fp8_e5m2_fp32_3x16x8_1x4x4_neonfp8dot4/32/168/real_time",,,,,,,,false,"Unsupported hardware"
"dot/dot_fp8_e5m2_fp8_e5m2_fp32_3x16x8_1x4x4_neonfp8dot4/32/344/real_time",,,,,,,,false,"Unsupported hardware"
"dot/dot_fp8_e5m2_fp8_e5m2_fp32_3x16x8_1x4x4_neonfp8dot4/32/512/real_time",,,,,,,,false,"Unsupported hardware"
"dot/dot_fp8_e5m2_fp8_e5m2_fp32_3x16x8_1x4x4_neonfp8dot4/32/688/real_time",,,,,,,,false,"Unsupported hardware"
"dot/dot_fp8_e5m2_fp8_e5m2_fp32_3x16x8_1x4x4_neonfp8dot4/64/8/real_time",,,,,,,,false,"Unsupported hardware"
"dot/dot_fp8_e5m2_fp8_e5m2_fp32_3x16x8_1x4x4_neonfp8dot4/64/88/real_time",,,,,,,,false,"Unsupported hardware"
"dot/dot_fp8_e5m2_fp8_e5m2_fp32_3x16x8_1x4x4_neonfp8dot4/64/176/real_time",,,,,,,,false,"Unsupported hardware"
"dot/dot_fp8_e5m2_fp8_e5m2_fp32_3x16x8_1x4x4_neonfp8dot4/64/264/real_time",,,,,,,,false,"Unsupported hardware"
"dot/dot_fp8_e5m2_fp8_e5m2_fp32_3x16x8_1x4x4_neonfp8dot4/64/352/real_time",,,,,,,,false,"Unsupported hardware"
"dot/dot_fp8_e5m2_fp8_e5m2_fp32_3x16x8_1x4x4_neonfp8dot4/128/8/real_time",,,,,,,,false,"Unsupported hardware"
"dot/dot_fp8_e5m2_fp8_e5m2_fp32_3x16x8_1x4x4_neonfp8dot4/128/40/real_time",,,,,,,,false,"Unsupported hardware"
"dot/dot_fp8_e5m2_fp8_e5m2_fp32_3x16x8_1x4x4_neonfp8dot4/128/80/real_time",,,,,,,,false,"Unsupported hardware"
"dot/dot_fp8_e5m2_fp8_e5m2_fp32_3x16x8_1x4x4_neonfp8dot4/128/120/real_time",,,,,,,,false,"Unsupported hardware"
"dot/dot_fp8_e5m2_fp8_e5m2_fp32_3x16x8_1x4x4_neonfp8dot4/128/168/real_time",,,,,,,,false,"Unsupported hardware"
"dot/dot_fp8_e5m2_fp8_e5m2_fp32_4x16x8_1x4x4_neonfp8dot4/16/8/real_time",,,,,,,,false,"Unsupported hardware"
"dot/dot_fp8_e5m2_fp8_e5m2_fp32_4x16x8_1x4x4_neonfp8dot4/16/304/real_time",,,,,,,,false,"Unsupported hardware"
"dot/dot_fp8_e5m2_fp8_e5m2_fp32_4x16x8_1x4x4_neonfp8dot4/16/608/real_time",,,,,,,,false,"Unsupported hardware"
"dot/dot_fp8_e5m2_fp8_e5m2_fp32_4x16x8_1x4x4_neonfp8dot4/16/912/real_time",,,,,,,,false,"Unsupported hardware"
"dot/dot_fp8_e5m2_fp8_e5m2_fp32_4x16x8_1x4x4_neonfp8dot4/16/1216/real_time",,,,,,,,false,"Unsupported hardware"
"dot/dot_fp8_e5m2_fp8_e5m2_fp32_4x16x8_1x4x4_neonfp8dot4/32/8/real_time",,,,,,,,false,"Unsupported hardware"
"dot/dot_fp8_e5m2_fp8_e5m2_fp32_4x16x8_1x4x4_neonfp8dot4/32/160/real_time",,,,,,,,false,"Unsupported hardware"
"dot/dot_fp8_e5m2_fp8_e5m2_fp32_4x16x8_1x4x4_neonfp8dot4/32/328/real_time",,,,,,,,false,"Unsupported hardware"
"dot/dot_fp8_e5m2_fp8_e5m2_fp32_4x16x8_1x4x4_neonfp8dot4/32/496/real_time",,,,,,,,false,"Unsupported hardware"
"dot/dot_fp8_e5m2_fp8_e5m2_fp32_4x16x8_1x4x4_neonfp8dot4/32/664/real_time",,,,,,,,false,"Unsupported hardware"
"dot/dot_fp8_e5m2_fp8_e5m2_fp32_4x16x8_1x4x4_neonfp8dot4/64/8/real_time",,,,,,,,false,"Unsupported hardware"
"dot/dot_fp8_e5m2_fp8_e5m2_fp32_4x16x8_1x4x4_neonfp8dot4/64/80/real_time",,,,,,,,false,"Unsupported hardware"
"dot/dot_fp8_e5m2_fp8_e5m2_fp32_4x16x8_1x4x4_neonfp8dot4/64/168/real_time",,,,,,,,false,"Unsupported hardware"
"dot/dot_fp8_e5m2_fp8_e5m2_fp32_4x16x8_1x4x4_neonfp8dot4/64/256/real_time",,,,,,,,false,"Unsupported hardware"
"dot/dot_fp8_e5m2_fp8_e5m2_fp32_4x16x8_1x4x4_neonfp8dot4/64/344/real_time",,,,,,,,false,"Unsupported hardware"
"dot/dot_fp8_e5m2_fp8_e5m2_fp32_4x16x8_1x4x4_neonfp8dot4/128/8/real_time",,,,,,,,false,"Unsupported hardware"
"dot/dot_fp8_e5m2_fp8_e5m2_fp32_4x16x8_1x4x4_neonfp8dot4/128/40/real_time",,,,,,,,false,"Unsupported hardware"
"dot/dot_fp8_e5m2_fp8_e5m2_fp32_4x16x8_1x4x4_neonfp8dot4/128/80/real_time",,,,,,,,false,"Unsupported hardware"
"dot/dot_fp8_e5m2_fp8_e5m2_fp32_4x16x8_1x4x4_neonfp8dot4/128/120/real_time",,,,,,,,false,"Unsupported hardware"
"dot/dot_fp8_e5m2_fp8_e5m2_fp32_4x16x8_1x4x4_neonfp8dot4/128/168/real_time",,,,,,,,false,"Unsupported hardware"
"dot/dot_fp8_e5m2_fp8_e5m2_fp32_5x16x8_1x4x4_neonfp8dot4/16/8/real_time",,,,,,,,false,"Unsupported hardware"
"dot/dot_fp8_e5m2_fp8_e5m2_fp32_5x16x8_1x4x4_neonfp8dot4/16/288/real_time",,,,,,,,false,"Unsupported hardware"
"dot/dot_fp8_e5m2_fp8_e5m2_fp32_5x16x8_1x4x4_neonfp8dot4/16/576/real_time",,,,,,,,false,"Unsupported hardware"
"dot/dot_fp8_e5m2_fp8_e5m2_fp32_5x16x8_1x4x4_neonfp8dot4/16/864/real_time",,,,,,,,false,"Unsupported hardware"
"dot/dot_fp8_e5m2_fp8_e5m2_fp32_5x16x8_1x4x4_neonfp8dot4/16/1152/real_time",,,,,,,,false,"Unsupported hardware"
"dot/dot_fp8_e5m2_fp8_e5m2_fp32_5x16x8_1x4x4_neonfp8dot4/32/8/real_time",,,,,,,,false,"Unsupported hardware"
"dot/dot_fp8_e5m2_fp8_e5m2_fp32_5x16x8_1x4x4_neonfp8dot4/32/160/real_time",,,,,,,,false,"Unsupported hardware"
"dot/dot_fp8_e5m2_fp8_e5m2_fp32_5x16x8_1x4x4_neonfp8dot4/32/320/real_time",,,,,,,,false,"Unsupported hardware"
"dot/dot_fp8_e5m2_fp8_e5m2_fp32_5x16x8_1x4x4_neonfp8dot4/32/480/real_time",,,,,,,,false,"Unsupported hardware"
"dot/dot_fp8_e5m2_fp8_e5m2_fp32_5x16x8_1x4x4_neonfp8dot4/32/640/real_time",,,,,,,,false,"Unsupported hardware"
"dot/dot_fp8_e5m2_fp8_e5m2_fp32_5x16x8_1x4x4_neonfp8dot4/64/8/real_time",,,,,,,,false,"Unsupported hardware"
"dot/dot_fp8_e5m2_fp8_e5m2_fp32_5x16x8_1x4x4_neonfp8dot4/64/80/real_time",,,,,,,,false,"Unsupported hardware"
"dot/dot_fp8_e5m2_fp8_e5m2_fp32_5x16x8_1x4x4_neonfp8dot4/64/168/real_time",,,,,,,,false,"Unsupported hardware"
"dot/dot_fp8_e5m2_fp8_e5m2_fp32_5x16x8_1x4x4_neonfp8dot4/64/248/real_time",,,,,,,,false,"Unsupported hardware"
"dot/dot_fp8_e5m2_fp8_e5m2_fp32_5x16x8_1x4x4_neonfp8dot4/64/336/real_time",,,,,,,,false,"Unsupported hardware"
"dot/dot_fp8_e5m2_fp8_e5m2_fp32_5x16x8_1x4x4_neonfp8dot4/128/8/real_time",,,,,,,,false,"Unsupported hardware"
"dot/dot_fp8_e5m2_fp8_e5m2_fp32_5x16x8_1x4x4_neonfp8dot4/128/40/real_time",,,,,,,,false,"Unsupported hardware"
"dot/dot_fp8_e5m2_fp8_e5m2_fp32_5x16x8_1x4x4_neonfp8dot4/128/80/real_time",,,,,,,,false,"Unsupported hardware"
"dot/dot_fp8_e5m2_fp8_e5m2_fp32_5x16x8_1x4x4_neonfp8dot4/128/120/real_time",,,,,,,,false,"Unsupported hardware"
"dot/dot_fp8_e5m2_fp8_e5m2_fp32_5x16x8_1x4x4_neonfp8dot4/128/160/real_time",,,,,,,,false,"Unsupported hardware"
"dot/dot_fp8_e5m2_fp8_e5m2_fp32_1x8x8_1x4x4_neonfp8dot4/8/8/real_time",,,,,,,,false,"Unsupported hardware"
"dot/dot_fp8_e5m2_fp8_e5m2_fp32_1x8x8_1x4x4_neonfp8dot4/8/680/real_time",,,,,,,,false,"Unsupported hardware"
"dot/dot_fp8_e5m2_fp8_e5m2_fp32_1x8x8_1x4x4_neonfp8dot4/8/1360/real_time",,,,,,,,false,"Unsupported hardware"
"dot/dot_fp8_e5m2_fp8_e5m2_fp32_1x8x8_1x4x4_neonfp8dot4/8/2040/real_time",,,,,,,,false,"Unsupported hardware"
"dot/dot_fp8_e5m2_fp8_e5m2_fp32_1x8x8_1x4x4_neonfp8dot4/8/2720/real_time",,,,,,,,false,"Unsupported hardware"
"dot/dot_fp8_e5m2_fp8_e5m2_fp32_1x8x8_1x4x4_neonfp8dot4/16/8/real_time",,,,,,,,false,"Unsupported hardware"
"dot/dot_fp8_e5m2_fp8_e5m2_fp32_1x8x8_1x4x4_neonfp8dot4/16/360/real_time",,,,,,,,false,"Unsupported hardware"
"dot/dot_fp8_e5m2_fp8_e5m2_fp32_1x8x8_1x4x4_neonfp8dot4/16/720/real_time",,,,,,,,false,"Unsupported hardware"
"dot/dot_fp8_e5m2_fp8_e5m2_fp32_1x8x8_1x4x4_neonfp8dot4/16/1080/real_time",,,,,,,,false,"Unsupported hardware"
"dot/dot_fp8_e5m2_fp8_e5m2_fp32_1x8x8_1x4x4_neonfp8dot4/16/1440/real_time",,,,,,,,false,"Unsupported hardware"
"dot/dot_fp8_e5m2_fp8_e5m2_fp32_1x8x8_1x4x4_neonfp8dot4/32/8/real_time",,,,,,,,false,"Unsupported hardware"
"dot/dot_fp8_e5m2_fp8_e5m2_fp32_1x8x8_1x4x4_neonfp8dot4/32/184/real_time",,,,,,,,false,"Unsupported hardware"
"dot/dot_fp8_e5m2_fp8_e5m2_fp32_1x8x8_1x4x4_neonfp8dot4/32/368/real_time",,,,,,,,false,"Unsupported hardware"
"dot/dot_fp8_e5m2_fp8_e5m2_fp32_1x8x8_1x4x4_neonfp8dot4/32/552/real_time",,,,,,,,false,"Unsupported hardware"
"dot/dot_fp8_e5m2_fp8_e5m2_fp32_1x8x8_1x4x4_neonfp8dot4/32/736/real_time",,,,,,,,false,"Unsupported hardware"
"dot/dot_fp8_e5m2_fp8_e5m2_fp32_1x8x8_1x4x4_neonfp8dot4/64/8/real_time",,,,,,,,false,"Unsupported hardware"
"dot/dot_fp8_e5m2_fp8_e5m2_fp32_1x8x8_1x4x4_neonfp8dot4/64/88/real_time",,,,,,,,false,"Unsupported hardware"
"dot/dot_fp8_e5m2_fp8_e5m2_fp32_1x8x8_1x4x4_neonfp8dot4/64/184/real_time",,,,,,,,false,"Unsupported hardware"
"dot/dot_fp8_e5m2_fp8_e5m2_fp32_1x8x8_1x4x4_neonfp8dot4/64/272/real_time",,,,,,,,false,"Unsupported hardware"
"dot/dot_fp8_e5m2_fp8_e5m2_fp32_1x8x8_1x4x4_neonfp8dot4/64/368/real_time",,,,,,,,false,"Unsupported hardware"
"dot/dot_fp8_e5m2_fp8_e5m2_fp32_8x8x8_1x4x4_neonfp8dot4/8/8/real_time",,,,,,,,false,"Unsupported hardware"
"dot/dot_fp8_e5m2_fp8_e5m2_fp32_8x8x8_1x4x4_neonfp8dot4/8/376/real_time",,,,,,,,false,"Unsupported hardware"
"dot/dot_fp8_e5m2_fp8_e5m2_fp32_8x8x8_1x4x4_neonfp8dot4/8/760/real_time",,,,,,,,false,"Unsupported hardware"
"dot/dot_fp8_e5m2_fp8_e5m2_fp32_8x8x8_1x4x4_neonfp8dot4/8/1136/real_time",,,,,,,,false,"Unsupported hardware"
"dot/dot_fp8_e5m2_fp8_e5m2_fp32_8x8x8_1x4x4_neonfp8dot4/8/1520/real_time",,,,,,,,false,"Unsupported hardware"
"dot/dot_fp8_e5m2_fp8_e5m2_fp32_8x8x8_1x4x4_neonfp8dot4/16/8/real_time",,,,,,,,false,"Unsupported hardware"
"dot/dot_fp8_e5m2_fp8_e5m2_fp32_8x8x8_1x4x4_neonfp8dot4/16/248/real_time",,,,,,,,false,"Unsupported hardware"
"dot/dot_fp8_e5m2_fp8_e5m2_fp32_8x8x8_1x4x4_neonfp8dot4/16/496/real_time",,,,,,,,false,"Unsupported hardware"
"dot/dot_fp8_e5m2_fp8_e5m2_fp32_8x8x8_1x4x4_neonfp8dot4/16/744/real_time",,,,,,,,false,"Unsupported hardware"
"dot/dot_fp8_e5m2_fp8_e5m2_fp32_8x8x8_1x4x4_neonfp8dot4/16/1000/real_time",,,,,,,,false,"Unsupported hardware"
"dot/dot_fp8_e5m2_fp8_e5m2_fp32_8x8x8_1x4x4_neonfp8dot4/32/8/real_time",,,,,,,,false,"Unsupported hardware"
"dot/dot_fp8_e5m2_fp8_e5m2_fp32_8x8x8_1x4x4_neonfp8dot4/32/144/real_time",,,,,,,,false,"Unsupported hardware"
"dot/dot_fp8_e5m2_fp8_e5m2_fp32_8x8x8_1x4x4_neonfp8dot4/32/288/real_time",,,,,,,,false,"Unsupported hardware"
"dot/dot_fp8_e5m2_fp8_e5m2_fp32_8x8x8_1x4x4_neonfp8dot4/32/432/real_time",,,,,,,,false,"Unsupported hardware"
"dot/dot_fp8_e5m2_fp8_e5m2_fp32_8x8x8_1x4x4_neonfp8dot4/32/584/real_time",,,,,,,,false,"Unsupported hardware"
"dot/dot_fp8_e5m2_fp8_e5m2_fp32_8x8x8_1x4x4_neonfp8dot4/64/8/real_time",,,,,,,,false,"Unsupported hardware"
"dot/dot_fp8_e5m2_fp8_e5m2_fp32_8x8x8_1x4x4_neonfp8dot4/64/72/real_time",,,,,,,,false,"Unsupported hardware"
"dot/dot_fp8_e5m2_fp8_e5m2_fp32_8x8x8_1x4x4_neonfp8dot4/64/152/real_time",,,,,,,,false,"Unsupported hardware"
"dot/dot_fp8_e5m2_fp8_e5m2_fp32_8x8x8_1x4x4_neonfp8dot4/64/232/real_time",,,,,,,,false,"Unsupported hardware"
"dot/dot_fp8_e5m2_fp8_e5m2_fp32_8x8x8_1x4x4_neonfp8dot4/64/312/real_time",,,,,,,,false,"Unsupported hardware"
"dot/dot_fp8_e5m2_fp8_e5m2_fp32_10x8x8_1x4x4_neonfp8dot4/8/8/real_time",,,,,,,,false,"Unsupported hardware"
"dot/dot_fp8_e5m2_fp8_e5m2_fp32_10x8x8_1x4x4_neonfp8dot4/8/336/real_time",,,,,,,,false,"Unsupported hardware"
"dot/dot_fp8_e5m2_fp8_e5m2_fp32_10x8x8_1x4x4_neonfp8dot4/8/672/real_time",,,,,,,,false,"Unsupported hardware"
"dot/dot_fp8_e5m2_fp8_e5m2_fp32_10x8x8_1x4x4_neonfp8dot4/8/1008/real_time",,,,,,,,false,"Unsupported hardware"
"dot/dot_fp8_e5m2_fp8_e5m2_fp32_10x8x8_1x4x4_neonfp8dot4/8/1344/real_time",,,,,,,,false,"Unsupported hardware"
"dot/dot_fp8_e5m2_fp8_e5m2_fp32_10x8x8_1x4x4_neonfp8dot4/16/8/real_time",,,,,,,,false,"Unsupported hardware"
"dot/dot_fp8_e5m2_fp8_e5m2_fp32_10x8x8_1x4x4_neonfp8dot4/16/224/real_time",,,,,,,,false,"Unsupported hardware"
"dot/dot_fp8_e5m2_fp8_e5m2_fp32_10x8x8_1x4x4_neonfp8dot4/16/456/real_time",,,,,,,,false,"Unsupported hardware"
"dot/dot_fp8_e5m2_fp8_e5m2_fp32_10x8x8_1x4x4_neonfp8dot4/16/688/real_time",,,,,,,,false,"Unsupported hardware"
"dot/dot_fp8_e5m2_fp8_e5m2_fp32_10x8x8_1x4x4_neonfp8dot4/16/920/real_time",,,,,,,,false,"Unsupported hardware"
"dot/dot_fp8_e5m2_fp8_e5m2_fp32_10x8x8_1x4x4_neonfp8dot4/32/8/real_time",,,,,,,,false,"Unsupported hardware"
"dot/dot_fp8_e5m2_fp8_e5m2_fp32_10x8x8_1x4x4_neonfp8dot4/32/136/real_time",,,,,,,,false,"Unsupported hardware"
"dot/dot_fp8_e5m2_fp8_e5m2_fp32_10x8x8_1x4x4_neonfp8dot4/32/272/real_time",,,,,,,,false,"Unsupported hardware"
"dot/dot_fp8_e5m2_fp8_e5m2_fp32_10x8x8_1x4x4_neonfp8dot4/32/408/real_time",,,,,,,,false,"Unsupported hardware"
"dot/dot_fp8_e5m2_fp8_e5m2_fp32_10x8x8_1x4x4_neonfp8dot4/32/552/real_time",,,,,,,,false,"Unsupported hardware"
"dot/dot_fp8_e5m2_fp8_e5m2_fp32_10x8x8_1x4x4_neonfp8dot4/64/8/real_time",,,,,,,,false,"Unsupported hardware"
"dot/dot_fp8_e5m2_fp8_e5m2_fp32_10x8x8_1x4x4_neonfp8dot4/64/72/real_time",,,,,,,,false,"Unsupported hardware"
"dot/dot_fp8_e5m2_fp8_e5m2_fp32_10x8x8_1x4x4_neonfp8dot4/64/144/real_time",,,,,,,,false,"Unsupported hardware"
"dot/dot_fp8_e5m2_fp8_e5m2_fp32_10x8x8_1x4x4_neonfp8dot4/64/216/real_time",,,,,,,,false,"Unsupported hardware"
"dot/dot_fp8_e5m2_fp8_e5m2_fp32_10x8x8_1x4x4_neonfp8dot4/64/296/real_time",,,,,,,,false,"Unsupported hardware"
"dot/dot_fp8_e5m2_fp8_e5m2_fp32_8x4x8_1x4x4_neonfp8dot4/4/8/real_time",,,,,,,,false,"Unsupported hardware"
"dot/dot_fp8_e5m2_fp8_e5m2_fp32_8x4x8_1x4x4_neonfp8dot4/4/504/real_time",,,,,,,,false,"Unsupported hardware"
"dot/dot_fp8_e5m2_fp8_e5m2_fp32_8x4x8_1x4x4_neonfp8dot4/4/1016/real_time",,,,,,,,false,"Unsupported hardware"
"dot/dot_fp8_e5m2_fp8_e5m2_fp32_8x4x8_1x4x4_neonfp8dot4/4/1520/real_time",,,,,,,,false,"Unsupported hardware"
"dot/dot_fp8_e5m2_fp8_e5m2_fp32_8x4x8_1x4x4_neonfp8dot4/4/2032/real_time",,,,,,,,false,"Unsupported hardware"
"dot/dot_fp8_e5m2_fp8_e5m2_fp32_8x4x8_1x4x4_neonfp8dot4/8/8/real_time",,,,,,,,false,"Unsupported hardware"
"dot/dot_fp8_e5m2_fp8_e5m2_fp32_8x4x8_1x4x4_neonfp8dot4/8/376/real_time",,,,,,,,false,"Unsupported hardware"
"dot/dot_fp8_e5m2_fp8_e5m2_fp32_8x4x8_1x4x4_neonfp8dot4/8/760/real_time",,,,,,,,false,"Unsupported hardware"
"dot/dot_fp8_e5m2_fp8_e5m2_fp32_8x4x8_1x4x4_neonfp8dot4/8/1136/real_time",,,,,,,,false,"Unsupported hardware"
"dot/dot_fp8_e5m2_fp8_e5m2_fp32_8x4x8_1x4x4_neonfp8dot4/8/1520/real_time",,,,,,,,false,"Unsupported hardware"
"dot/dot_fp8_e5m2_fp8_e5m2_fp32_8x4x8_1x4x4_neonfp8dot4/16/8/real_time",,,,,,,,false,"Unsupported hardware"
"dot/dot_fp8_e5m2_fp8_e5m2_fp32_8x4x8_1x4x4_neonfp8dot4/16/248/real_time",,,,,,,,false,"Unsupported hardware"
"dot/dot_fp8_e5m2_fp8_e5m2_fp32_8x4x8_1x4x4_neonfp8dot4/16/496/real_time",,,,,,,,false,"Unsupported hardware"
"dot/dot_fp8_e5m2_fp8_e5m2_fp32_8x4x8_1x4x4_neonfp8dot4/16/744/real_time",,,,,,,,false,"Unsupported hardware"
"dot/dot_fp8_e5m2_fp8_e5m2_fp32_8x4x8_1x4x4_neonfp8dot4/16/1000/real_time",,,,,,,,false,"Unsupported hardware"
"dot/dot_fp8_e5m2_fp8_e5m2_fp32_8x4x8_1x4x4_neonfp8dot4/32/8/real_time",,,,,,,,false,"Unsupported hardware"
"dot/dot_fp8_e5m2_fp8_e5m2_fp32_8x4x8_1x4x4_neonfp8dot4/32/144/real_time",,,,,,,,false,"Unsupported hardware"
"dot/dot_fp8_e5m2_fp8_e5m2_fp32_8x4x8_1x4x4_neonfp8dot4/32/288/real_time",,,,,,,,false,"Unsupported hardware"
"dot/dot_fp8_e5m2_fp8_e5m2_fp32_8x4x8_1x4x4_neonfp8dot4/32/432/real_time",,,,,,,,false,"Unsupported hardware"
"dot/dot_fp8_e5m2_fp8_e5m2_fp32_8x4x8_1x4x4_neonfp8dot4/32/584/real_time",,,,,,,,false,"Unsupported hardware"
"dot/dot_fp8_e4m3_fp8_e4m3_fp32_1x64x8_1x4x4_neonfp8dot4/64/8/real_time",,,,,,,,false,"Unsupported hardware"
"dot/dot_fp8_e4m3_fp8_e4m3_fp32_1x64x8_1x4x4_neonfp8dot4/64/88/real_time",,,,,,,,false,"Unsupported hardware"
"dot/dot_fp8_e4m3_fp8_e4m3_fp32_1x64x8_1x4x4_neonfp8dot4/64/184/real_time",,,,,,,,false,"Unsupported hardware"
"dot/dot_fp8_e4m3_fp8_e4m3_fp32_1x64x8_1x4x4_neonfp8dot4/64/272/real_time",,,,,,,,false,"Unsupported hardware"
"dot/dot_fp8_e4m3_fp8_e4m3_fp32_1x64x8_1x4x4_neonfp8dot4/64/368/real_time",,,,,,,,false,"Unsupported hardware"
"dot/dot_fp8_e4m3_fp8_e4m3_fp32_1x64x8_1x4x4_neonfp8dot4/128/8/real_time",,,,,,,,false,"Unsupported hardware"
"dot/dot_fp8_e4m3_fp8_e4m3_fp32_1x64x8_1x4x4_neonfp8dot4/128/40/real_time",,,,,,,,false,"Unsupported hardware"
"dot/dot_fp8_e4m3_fp8_e4m3_fp32_1x64x8_1x4x4_neonfp8dot4/128/88/real_time",,,,,,,,false,"Unsupported hardware"
"dot/dot_fp8_e4m3_fp8_e4m3_fp32_1x64x8_1x4x4_neonfp8dot4/128/136/real_time",,,,,,,,false,"Unsupported hardware"
"dot/dot_fp8_e4m3_fp8_e4m3_fp32_1x64x8_1x4x4_neonfp8dot4/128/184/real_time",,,,,,,,false,"Unsupported hardware"
"dot/dot_fp8_e4m3_fp8_e4m3_fp32_1x64x8_1x4x4_neonfp8dot4/256/8/real_time",,,,,,,,false,"Unsupported hardware"
"dot/dot_fp8_e4m3_fp8_e4m3_fp32_1x64x8_1x4x4_neonfp8dot4/256/16/real_time",,,,,,,,false,"Unsupported hardware"
"dot/dot_fp8_e4m3_fp8_e4m3_fp32_1x64x8_1x4x4_neonfp8dot4/256/40/real_time",,,,,,,,false,"Unsupported hardware"
"dot/dot_fp8_e4m3_fp8_e4m3_fp32_1x64x8_1x4x4_neonfp8dot4/256/64/real_time",,,,,,,,false,"Unsupported hardware"
"dot/dot_fp8_e4m3_fp8_e4m3_fp32_1x64x8_1x4x4_neonfp8dot4/256/88/real_time",,,,,,,,false,"Unsupported hardware"
"dot/dot_fp8_e4m3_fp8_e4m3_fp32_1x64x8_1x4x4_neonfp8dot4/512/8/real_time",,,,,,,,false,"Unsupported hardware"
"dot/dot_fp8_e4m3_fp8_e4m3_fp32_1x64x8_1x4x4_neonfp8dot4/512/16/real_time",,,,,,,,false,"Unsupported hardware"
"dot/dot_fp8_e4m3_fp8_e4m3_fp32_1x64x8_1x4x4_neonfp8dot4/512/24/real_time",,,,,,,,false,"Unsupported hardware"
"dot/dot_fp8_e4m3_fp8_e4m3_fp32_1x64x8_1x4x4_neonfp8dot4/512/40/real_time",,,,,,,,false,"Unsupported hardware"
"dot/dot_fp8_e4m3_fp8_e4m3_fp32_1x32x8_1x4x4_neonfp8dot4/32/8/real_time",,,,,,,,false,"Unsupported hardware"
"dot/dot_fp8_e4m3_fp8_e4m3_fp32_1x32x8_1x4x4_neonfp8dot4/32/184/real_time",,,,,,,,false,"Unsupported hardware"
"dot/dot_fp8_e4m3_fp8_e4m3_fp32_1x32x8_1x4x4_neonfp8dot4/32/368/real_time",,,,,,,,false,"Unsupported hardware"
"dot/dot_fp8_e4m3_fp8_e4m3_fp32_1x32x8_1x4x4_neonfp8dot4/32/552/real_time",,,,,,,,false,"Unsupported hardware"
"dot/dot_fp8_e4m3_fp8_e4m3_fp32_1x32x8_1x4x4_neonfp8dot4/32/736/real_time",,,,,,,,false,"Unsupported hardware"
"dot/dot_fp8_e4m3_fp8_e4m3_fp32_1x32x8_1x4x4_neonfp8dot4/64/8/real_time",,,,,,,,false,"Unsupported hardware"
"dot/dot_fp8_e4m3_fp8_e4m3_fp32_1x32x8_1x4x4_neonfp8dot4/64/88/real_time",,,,,,,,false,"Unsupported hardware"
"dot/dot_fp8_e4m3_fp8_e4m3_fp32_1x32x8_1x4x4_neonfp8dot4/64/184/real_time",,,,,,,,false,"Unsupported hardware"
"dot/dot_fp8_e4m3_fp8_e4m3_fp32_1x32x8_1x4x4_neonfp8dot4/64/272/real_time",,,,,,,,false,"Unsupported hardware"
"dot/dot_fp8_e4m3_fp8_e4m3_fp32_1x32x8_1x4x4_neonfp8dot4/64/368/real_time",,,,,,,,false,"Unsupported hardware"
"dot/dot_fp8_e4m3_fp8_e4m3_fp32_1x32x8_1x4x4_neonfp8dot4/128/8/real_time",,,,,,,,false,"Unsupported hardware"
"dot/dot_fp8_e4m3_fp8_e4m3_fp32_1x32x8_1x4x4_neonfp8dot4/128/40/real_time",,,,,,,,false,"Unsupported hardware"
"dot/dot_fp8_e4m3_fp8_e4m3_fp32_1x32x8_1x4x4_neonfp8dot4/128/88/real_time",,,,,,,,false,"Unsupported hardware"
"dot/dot_fp8_e4m3_fp8_e4m3_fp32_1x32x8_1x4x4_neonfp8dot4/128/136/real_time",,,,,,,,false,"Unsupported hardware"
"dot/dot_fp8_e4m3_fp8_e4m3_fp32_1x32x8_1x4x4_neonfp8dot4/128/184/real_time",,,,,,,,false,"Unsupported hardware"
"dot/dot_fp8_e4m3_fp8_e4m3_fp32_1x32x8_1x4x4_neonfp8dot4/256/8/real_time",,,,,,,,false,"Unsupported hardware"
"dot/dot_fp8_e4m3_fp8_e4m3_fp32_1x32x8_1x4x4_neonfp8dot4/256/16/real_time",,,,,,,,false,"Unsupported hardware"
"dot/dot_fp8_e4m3_fp8_e4m3_fp32_1x32x8_1x4x4_neonfp8dot4/256/40/real_time",,,,,,,,false,"Unsupported hardware"
"dot/dot_fp8_e4m3_fp8_e4m3_fp32_1x32x8_1x4x4_neonfp8dot4/256/64/real_time",,,,,,,,false,"Unsupported hardware"
"dot/dot_fp8_e4m3_fp8_e4m3_fp32_1x32x8_1x4x4_neonfp8dot4/256/88/real_time",,,,,,,,false,"Unsupported hardware"
"dot/dot_fp8_e4m3_fp8_e4m3_fp32_2x32x8_1x4x4_neonfp8dot4/32/8/real_time",,,,,,,,false,"Unsupported hardware"
"dot/dot_fp8_e4m3_fp8_e4m3_fp32_2x32x8_1x4x4_neonfp8dot4/32/176/real_time",,,,,,,,false,"Unsupported hardware"
"dot/dot_fp8_e4m3_fp8_e4m3_fp32_2x32x8_1x4x4_neonfp8dot4/32/352/real_time",,,,,,,,false,"Unsupported hardware"
"dot/dot_fp8_e4m3_fp8_e4m3_fp32_2x32x8_1x4x4_neonfp8dot4/32/528/real_time",,,,,,,,false,"Unsupported hardware"
"dot/dot_fp8_e4m3_fp8_e4m3_fp32_2x32x8_1x4x4_neonfp8dot4/32/712/real_time",,,,,,,,false,"Unsupported hardware"
"dot/dot_fp8_e4m3_fp8_e4m3_fp32_2x32x8_1x4x4_neonfp8dot4/64/8/real_time",,,,,,,,false,"Unsupported hardware"
"dot/dot_fp8_e4m3_fp8_e4m3_fp32_2x32x8_1x4x4_neonfp8dot4/64/88/real_time",,,,,,,,false,"Unsupported hardware"
"dot/dot_fp8_e4m3_fp8_e4m3_fp32_2x32x8_1x4x4_neonfp8dot4/64/176/real_time",,,,,,,,false,"Unsupported hardware"
"dot/dot_fp8_e4m3_fp8_e4m3_fp32_2x32x8_1x4x4_neonfp8dot4/64/264/real_time",,,,,,,,false,"Unsupported hardware"
"dot/dot_fp8_e4m3_fp8_e4m3_fp32_2x32x8_1x4x4_neonfp8dot4/64/360/real_time",,,,,,,,false,"Unsupported hardware"
"dot/dot_fp8_e4m3_fp8_e4m3_fp32_2x32x8_1x4x4_neonfp8dot4/128/8/real_time",,,,,,,,false,"Unsupported hardware"
"dot/dot_fp8_e4m3_fp8_e4m3_fp32_2x32x8_1x4x4_neonfp8dot4/128/40/real_time",,,,,,,,false,"Unsupported hardware"
"dot/dot_fp8_e4m3_fp8_e4m3_fp32_2x32x8_1x4x4_neonfp8dot4/128/88/real_time",,,,,,,,false,"Unsupported hardware"
"dot/dot_fp8_e4m3_fp8_e4m3_fp32_2x32x8_1x4x4_neonfp8dot4/128/128/real_time",,,,,,,,false,"Unsupported hardware"
"dot/dot_fp8_e4m3_fp8_e4m3_fp32_2x32x8_1x4x4_neonfp8dot4/128/176/real_time",,,,,,,,false,"Unsupported hardware"
"dot/dot_fp8_e4m3_fp8_e4m3_fp32_2x32x8_1x4x4_neonfp8dot4/256/8/real_time",,,,,,,,false,"Unsupported hardware"
"dot/dot_fp8_e4m3_fp8_e4m3_fp32_2x32x8_1x4x4_neonfp8dot4/256/16/real_time",,,,,,,,false,"Unsupported hardware"
"dot/dot_fp8_e4m3_fp8_e4m3_fp32_2x32x8_1x4x4_neonfp8dot4/256/40/real_time",,,,,,,,false,"Unsupported hardware"
"dot/dot_fp8_e4m3_fp8_e4m3_fp32_2x32x8_1x4x4_neonfp8dot4/256/56/real_time",,,,,,,,false,"Unsupported hardware"
"dot/dot_fp8_e4m3_fp8_e4m3_fp32_2x32x8_1x4x4_neonfp8dot4/256/80/real_time",,,,,,,,false,"Unsupported hardware"
"dot/dot_fp8_e4m3_fp8_e4m3_fp32_3x32x8_1x4x4_neonfp8dot4/32/8/real_time",,,,,,,,false,"Unsupported hardware"
"dot/dot_fp8_e4m3_fp8_e4m3_fp32_3x32x8_1x4x4_neonfp8dot4/32/168/real_time",,,,,,,,false,"Unsupported hardware"
"dot/dot_fp8_e4m3_fp8_e4m3_fp32_3x32x8_1x4x4_neonfp8dot4/32/344/real_time",,,,,,,,false,"Unsupported hardware"
"dot/dot_fp8_e4m3_fp8_e4m3_fp32_3x32x8_1x4x4_neonfp8dot4/32/512/real_time",,,,,,,,false,"Unsupported hardware"
"dot/dot_fp8_e4m3_fp8_e4m3_fp32_3x32x8_1x4x4_neonfp8dot4/32/688/real_time",,,,,,,,false,"Unsupported hardware"
"dot/dot_fp8_e4m3_fp8_e4m3_fp32_3x32x8_1x4x4_neonfp8dot4/64/8/real_time",,,,,,,,false,"Unsupported hardware"
"dot/dot_fp8_e4m3_fp8_e4m3_fp32_3x32x8_1x4x4_neonfp8dot4/64/88/real_time",,,,,,,,false,"Unsupported hardware"
"dot/dot_fp8_e4m3_fp8_e4m3_fp32_3x32x8_1x4x4_neonfp8dot4/64/176/real_time",,,,,,,,false,"Unsupported hardware"
"dot/dot_fp8_e4m3_fp8_e4m3_fp32_3x32x8_1x4x4_neonfp8dot4/64/264/real_time",,,,,,,,false,"Unsupported hardware"
"dot/dot_fp8_e4m3_fp8_e4m3_fp32_3x32x8_1x4x4_neonfp8dot4/64/352/real_time",,,,,,,,false,"Unsupported hardware"
"dot/dot_fp8_e4m3_fp8_e4m3_fp32_3x32x8_1x4x4_neonfp8dot4/128/8/real_time",,,,,,,,false,"Unsupported hardware"
"dot/dot_fp8_e4m3_fp8_e4m3_fp32_3x32x8_1x4x4_neonfp8dot4/128/40/real_time",,,,,,,,false,"Unsupported hardware"
"dot/dot_fp8_e4m3_fp8_e4m3_fp32_3x32x8_1x4x4_neonfp8dot4/128/80/real_time",,,,,,,,false,"Unsupported hardware"
"dot/dot_fp8_e4m3_fp8_e4m3_fp32_3x32x8_1x4x4_neonfp8dot4/128/120/real_time",,,,,,,,false,"Unsupported hardware"
"dot/dot_fp8_e4m3_fp8_e4m3_fp32_3x32x8_1x4x4_neonfp8dot4/128/168/real_time",,,,,,,,false,"Unsupported hardware"
"dot/dot_fp8_e4m3_fp8_e4m3_fp32_3x32x8_1x4x4_neonfp8dot4/256/8/real_time",,,,,,,,false,"Unsupported hardware"
"dot/dot_fp8_e4m3_fp8_e4m3_fp32_3x32x8_1x4x4_neonfp8dot4/256/16/real_time",,,,,,,,false,"Unsupported hardware"
"dot/dot_fp8_e4m3_fp8_e4m3_fp32_3x32x8_1x4x4_neonfp8dot4/256/40/real_time",,,,,,,,false,"Unsupported hardware"
"dot/dot_fp8_e4m3_fp8_e4m3_fp32_3x32x8_1x4x4_neonfp8dot4/256/56/real_time",,,,,,,,false,"Unsupported hardware"
"dot/dot_fp8_e4m3_fp8_e4m3_fp32_3x32x8_1x4x4_neonfp8dot4/256/80/real_time",,,,,,,,false,"Unsupported hardware"
"dot/dot_fp8_e4m3_fp8_e4m3_fp32_1x16x8_1x4x4_neonfp8dot4/16/8/real_time",,,,,,,,false,"Unsupported hardware"
"dot/dot_fp8_e4m3_fp8_e4m3_fp32_1x16x8_1x4x4_neonfp8dot4/16/360/real_time",,,,,,,,false,"Unsupported hardware"
"dot/dot_fp8_e4m3_fp8_e4m3_fp32_1x16x8_1x4x4_neonfp8dot4/16/720/real_time",,,,,,,,false,"Unsupported hardware"
"dot/dot_fp8_e4m3_fp8_e4m3_fp32_1x16x8_1x4x4_neonfp8dot4/16/1080/real_time",,,,,,,,false,"Unsupported hardware"
"dot/dot_fp8_e4m3_fp8_e4m3_fp32_1x16x8_1x4x4_neonfp8dot4/16/1440/real_time",,,,,,,,false,"Unsupported hardware"
"dot/dot_fp8_e4m3_fp8_e4m3_fp32_1x16x8_1x4x4_neonfp8dot4/32/8/real_time",,,,,,,,false,"Unsupported hardware"
"dot/dot_fp8_e4m3_fp8_e4m3_fp32_1x16x8_1x4x4_neonfp8dot4/32/184/real_time",,,,,,,,false,"Unsupported hardware"
"dot/dot_fp8_e4m3_fp8_e4m3_fp32_1x16x8_1x4x4_neonfp8dot4/32/368/real_time",,,,,,,,false,"Unsupported hardware"
"dot/dot_fp8_e4m3_fp8_e4m3_fp32_1x16x8_1x4x4_neonfp8dot4/32/552/real_time",,,,,,,,false,"Unsupported hardware"
"dot/dot_fp8_e4m3_fp8_e4m3_fp32_1x16x8_1x4x4_neonfp8dot4/32/736/real_time",,,,,,,,false,"Unsupported hardware"
"dot/dot_fp8_e4m3_fp8_e4m3_fp32_1x16x8_1x4x4_neonfp8dot4/64/8/real_time",,,,,,,,false,"Unsupported hardware"
"dot/dot_fp8_e4m3_fp8_e4m3_fp32_1x16x8_1x4x4_neonfp8dot4/64/88/real_time",,,,,,,,false,"Unsupported hardware"
"dot/dot_fp8_e4m3_fp8_e4m3_fp32_1x16x8_1x4x4_neonfp8dot4/64/184/real_time",,,,,,,,false,"Unsupported hardware"
"dot/dot_fp8_e4m3_fp8_e4m3_fp32_1x16x8_1x4x4_neonfp8dot4/64/272/real_time",,,,,,,,false,"Unsupported hardware"
"dot/dot_fp8_e4m3_fp8_e4m3_fp32_1x16x8_1x4x4_neonfp8dot4/64/368/real_time",,,,,,,,false,"Unsupported hardware"
"dot/dot_fp8_e4m3_fp8_e4m3_fp32_1x16x8_1x4x4_neonfp8dot4/128/8/real_time",,,,,,,,false,"Unsupported hardware"
"dot/dot_fp8_e4m3_fp8_e4m3_fp32_1x16x8_1x4x4_neonfp8dot4/128/40/real_time",,,,,,,,false,"Unsupported hardware"
"dot/dot_fp8_e4m3_fp8_e4m3_fp32_1x16x8_1x4x4_neonfp8dot4/128/88/real_time",,,,,,,,false,"Unsupported hardware"
"dot/dot_fp8_e4m3_fp8_e4m3_fp32_1x16x8_1x4x4_neonfp8dot4/128/136/real_time",,,,,,,,false,"Unsupported hardware"
"dot/dot_fp8_e4m3_fp8_e4m3_fp32_1x16x8_1x4x4_neonfp8dot4/128/184/real_time",,,,,,,,false,"Unsupported hardware"
"dot/dot_fp8_e4m3_fp8_e4m3_fp32_2x16x8_1x4x4_neonfp8dot4/16/8/real_time",,,,,,,,false,"Unsupported hardware"
"dot/dot_fp8_e4m3_fp8_e4m3_fp32_2x16x8_1x4x4_neonfp8dot4/16/336/real_time",,,,,,,,false,"Unsupported hardware"
"dot/dot_fp8_e4m3_fp8_e4m3_fp32_2x16x8_1x4x4_neonfp8dot4/16/672/real_time",,,,,,,,false,"Unsupported hardware"
"dot/dot_fp8_e4m3_fp8_e4m3_fp32_2x16x8_1x4x4_neonfp8dot4/16/1008/real_time",,,,,,,,false,"Unsupported hardware"
"dot/dot_fp8_e4m3_fp8_e4m3_fp32_2x16x8_1x4x4_neonfp8dot4/16/1352/real_time",,,,,,,,false,"Unsupported hardware"
"dot/dot_fp8_e4m3_fp8_e4m3_fp32_2x16x8_1x4x4_neonfp8dot4/32/8/real_time",,,,,,,,false,"Unsupported hardware"
"dot/dot_fp8_e4m3_fp8_e4m3_fp32_2x16x8_1x4x4_neonfp8dot4/32/176/real_time",,,,,,,,false,"Unsupported hardware"
"dot/dot_fp8_e4m3_fp8_e4m3_fp32_2x16x8_1x4x4_neonfp8dot4/32/352/real_time",,,,,,,,false,"Unsupported hardware"
"dot/dot_fp8_e4m3_fp8_e4m3_fp32_2x16x8_1x4x4_neonfp8dot4/32/528/real_time",,,,,,,,false,"Unsupported hardware"
"dot/dot_fp8_e4m3_fp8_e4m3_fp32_2x16x8_1x4x4_neonfp8dot4/32/712/real_time",,,,,,,,false,"Unsupported hardware"
"dot/dot_fp8_e4m3_fp8_e4m3_fp32_2x16x8_1x4x4_neonfp8dot4/64/8/real_time",,,,,,,,false,"Unsupported hardware"
"dot/dot_fp8_e4m3_fp8_e4m3_fp32_2x16x8_1x4x4_neonfp8dot4/64/88/real_time",,,,,,,,false,"Unsupported hardware"
"dot/dot_fp8_e4m3_fp8_e4m3_fp32_2x16x8_1x4x4_neonfp8dot4/64/176/real_time",,,,,,,,false,"Unsupported hardware"
"dot/dot_fp8_e4m3_fp8_e4m3_fp32_2x16x8_1x4x4_neonfp8dot4/64/264/real_time",,,,,,,,false,"Unsupported hardware"
"dot/dot_fp8_e4m3_fp8_e4m3_fp32_2x16x8_1x4x4_neonfp8dot4/64/360/real_time",,,,,,,,false,"Unsupported hardware"
"dot/dot_fp8_e4m3_fp8_e4m3_fp32_2x16x8_1x4x4_neonfp8dot4/128/8/real_time",,,,,,,,false,"Unsupported hardware"
"dot/dot_fp8_e4m3_fp8_e4m3_fp32_2x16x8_1x4x4_neonfp8dot4/128/40/real_time",,,,,,,,false,"Unsupported hardware"
"dot/dot_fp8_e4m3_fp8_e4m3_fp32_2x16x8_1x4x4_neonfp8dot4/128/88/real_time",,,,,,,,false,"Unsupported hardware"
"dot/dot_fp8_e4m3_fp8_e4m3_fp32_2x16x8_1x4x4_neonfp8dot4/128/128/real_time",,,,,,,,false,"Unsupported hardware"
"dot/dot_fp8_e4m3_fp8_e4m3_fp32_2x16x8_1x4x4_neonfp8dot4/128/176/real_time",,,,,,,,false,"Unsupported hardware"
"dot/dot_fp8_e4m3_fp8_e4m3_fp32_3x16x8_1x4x4_neonfp8dot4/16/8/real_time",,,,,,,,false,"Unsupported hardware"
"dot/dot_fp8_e4m3_fp8_e4m3_fp32_3x16x8_1x4x4_neonfp8dot4/16/320/real_time",,,,,,,,false,"Unsupported hardware"
"dot/dot_fp8_e4m3_fp8_e4m3_fp32_3x16x8_1x4x4_neonfp8dot4/16/640/real_time",,,,,,,,false,"Unsupported hardware"
"dot/dot_fp8_e4m3_fp8_e4m3_fp32_3x16x8_1x4x4_neonfp8dot4/16/960/real_time",,,,,,,,false,"Unsupported hardware"
"dot/dot_fp8_e4m3_fp8_e4m3_fp32_3x16x8_1x4x4_neonfp8dot4/16/1280/real_time",,,,,,,,false,"Unsupported hardware"
"dot/dot_fp8_e4m3_fp8_e4m3_fp32_3x16x8_1x4x4_neonfp8dot4/32/8/real_time",,,,,,,,false,"Unsupported hardware"
"dot/dot_fp8_e4m3_fp8_e4m3_fp32_3x16x8_1x4x4_neonfp8dot4/32/168/real_time",,,,,,,,false,"Unsupported hardware"
"dot/dot_fp8_e4m3_fp8_e4m3_fp32_3x16x8_1x4x4_neonfp8dot4/32/344/real_time",,,,,,,,false,"Unsupported hardware"
"dot/dot_fp8_e4m3_fp8_e4m3_fp32_3x16x8_1x4x4_neonfp8dot4/32/512/real_time",,,,,,,,false,"Unsupported hardware"
"dot/dot_fp8_e4m3_fp8_e4m3_fp32_3x16x8_1x4x4_neonfp8dot4/32/688/real_time",,,,,,,,false,"Unsupported hardware"
"dot/dot_fp8_e4m3_fp8_e4m3_fp32_3x16x8_1x4x4_neonfp8dot4/64/8/real_time",,,,,,,,false,"Unsupported hardware"
"dot/dot_fp8_e4m3_fp8_e4m3_fp32_3x16x8_1x4x4_neonfp8dot4/64/88/real_time",,,,,,,,false,"Unsupported hardware"
"dot/dot_fp8_e4m3_fp8_e4m3_fp32_3x16x8_1x4x4_neonfp8dot4/64/176/real_time",,,,,,,,false,"Unsupported hardware"
"dot/dot_fp8_e4m3_fp8_e4m3_fp32_3x16x8_1x4x4_neonfp8dot4/64/264/real_time",,,,,,,,false,"Unsupported hardware"
"dot/dot_fp8_e4m3_fp8_e4m3_fp32_3x16x8_1x4x4_neonfp8dot4/64/352/real_time",,,,,,,,false,"Unsupported hardware"
"dot/dot_fp8_e4m3_fp8_e4m3_fp32_3x16x8_1x4x4_neonfp8dot4/128/8/real_time",,,,,,,,false,"Unsupported hardware"
"dot/dot_fp8_e4m3_fp8_e4m3_fp32_3x16x8_1x4x4_neonfp8dot4/128/40/real_time",,,,,,,,false,"Unsupported hardware"
"dot/dot_fp8_e4m3_fp8_e4m3_fp32_3x16x8_1x4x4_neonfp8dot4/128/80/real_time",,,,,,,,false,"Unsupported hardware"
"dot/dot_fp8_e4m3_fp8_e4m3_fp32_3x16x8_1x4x4_neonfp8dot4/128/120/real_time",,,,,,,,false,"Unsupported hardware"
"dot/dot_fp8_e4m3_fp8_e4m3_fp32_3x16x8_1x4x4_neonfp8dot4/128/168/real_time",,,,,,,,false,"Unsupported hardware"
"dot/dot_fp8_e4m3_fp8_e4m3_fp32_4x16x8_1x4x4_neonfp8dot4/16/8/real_time",,,,,,,,false,"Unsupported hardware"
"dot/dot_fp8_e4m3_fp8_e4m3_fp32_4x16x8_1x4x4_neonfp8dot4/16/304/real_time",,,,,,,,false,"Unsupported hardware"
"dot/dot_fp8_e4m3_fp8_e4m3_fp32_4x16x8_1x4x4_neonfp8dot4/16/608/real_time",,,,,,,,false,"Unsupported hardware"
"dot/dot_fp8_e4m3_fp8_e4m3_fp32_4x16x8_1x4x4_neonfp8dot4/16/912/real_time",,,,,,,,false,"Unsupported hardware"
"dot/dot_fp8_e4m3_fp8_e4m3_fp32_4x16x8_1x4x4_neonfp8dot4/16/1216/real_time",,,,,,,,false,"Unsupported hardware"
"dot/dot_fp8_e4m3_fp8_e4m3_fp32_4x16x8_1x4x4_neonfp8dot4/32/8/real_time",,,,,,,,false,"Unsupported hardware"
"dot/dot_fp8_e4m3_fp8_e4m3_fp32_4x16x8_1x4x4_neonfp8dot4/32/160/real_time",,,,,,,,false,"Unsupported hardware"
"dot/dot_fp8_e4m3_fp8_e4m3_fp32_4x16x8_1x4x4_neonfp8dot4/32/328/real_time",,,,,,,,false,"Unsupported hardware"
"dot/dot_fp8_e4m3_fp8_e4m3_fp32_4x16x8_1x4x4_neonfp8dot4/32/496/real_time",,,,,,,,false,"Unsupported hardware"
"dot/dot_fp8_e4m3_fp8_e4m3_fp32_4x16x8_1x4x4_neonfp8dot4/32/664/real_time",,,,,,,,false,"Unsupported hardware"
"dot/dot_fp8_e4m3_fp8_e4m3_fp32_4x16x8_1x4x4_neonfp8dot4/64/8/real_time",,,,,,,,false,"Unsupported hardware"
"dot/dot_fp8_e4m3_fp8_e4m3_fp32_4x16x8_1x4x4_neonfp8dot4/64/80/real_time",,,,,,,,false,"Unsupported hardware"
"dot/dot_fp8_e4m3_fp8_e4m3_fp32_4x16x8_1x4x4_neonfp8dot4/64/168/real_time",,,,,,,,false,"Unsupported hardware"
"dot/dot_fp8_e4m3_fp8_e4m3_fp32_4x16x8_1x4x4_neonfp8dot4/64/256/real_time",,,,,,,,false,"Unsupported hardware"
"dot/dot_fp8_e4m3_fp8_e4m3_fp32_4x16x8_1x4x4_neonfp8dot4/64/344/real_time",,,,,,,,false,"Unsupported hardware"
"dot/dot_fp8_e4m3_fp8_e4m3_fp32_4x16x8_1x4x4_neonfp8dot4/128/8/real_time",,,,,,,,false,"Unsupported hardware"
"dot/dot_fp8_e4m3_fp8_e4m3_fp32_4x16x8_1x4x4_neonfp8dot4/128/40/real_time",,,,,,,,false,"Unsupported hardware"
"dot/dot_fp8_e4m3_fp8_e4m3_fp32_4x16x8_1x4x4_neonfp8dot4/128/80/real_time",,,,,,,,false,"Unsupported hardware"
"dot/dot_fp8_e4m3_fp8_e4m3_fp32_4x16x8_1x4x4_neonfp8dot4/128/120/real_time",,,,,,,,false,"Unsupported hardware"
"dot/dot_fp8_e4m3_fp8_e4m3_fp32_4x16x8_1x4x4_neonfp8dot4/128/168/real_time",,,,,,,,false,"Unsupported hardware"
"dot/dot_fp8_e4m3_fp8_e4m3_fp32_5x16x8_1x4x4_neonfp8dot4/16/8/real_time",,,,,,,,false,"Unsupported hardware"
"dot/dot_fp8_e4m3_fp8_e4m3_fp32_5x16x8_1x4x4_neonfp8dot4/16/288/real_time",,,,,,,,false,"Unsupported hardware"
"dot/dot_fp8_e4m3_fp8_e4m3_fp32_5x16x8_1x4x4_neonfp8dot4/16/576/real_time",,,,,,,,false,"Unsupported hardware"
"dot/dot_fp8_e4m3_fp8_e4m3_fp32_5x16x8_1x4x4_neonfp8dot4/16/864/real_time",,,,,,,,false,"Unsupported hardware"
"dot/dot_fp8_e4m3_fp8_e4m3_fp32_5x16x8_1x4x4_neonfp8dot4/16/1152/real_time",,,,,,,,false,"Unsupported hardware"
"dot/dot_fp8_e4m3_fp8_e4m3_fp32_5x16x8_1x4x4_neonfp8dot4/32/8/real_time",,,,,,,,false,"Unsupported hardware"
"dot/dot_fp8_e4m3_fp8_e4m3_fp32_5x16x8_1x4x4_neonfp8dot4/32/160/real_time",,,,,,,,false,"Unsupported hardware"
"dot/dot_fp8_e4m3_fp8_e4m3_fp32_5x16x8_1x4x4_neonfp8dot4/32/320/real_time",,,,,,,,false,"Unsupported hardware"
"dot/dot_fp8_e4m3_fp8_e4m3_fp32_5x16x8_1x4x4_neonfp8dot4/32/480/real_time",,,,,,,,false,"Unsupported hardware"
"dot/dot_fp8_e4m3_fp8_e4m3_fp32_5x16x8_1x4x4_neonfp8dot4/32/640/real_time",,,,,,,,false,"Unsupported hardware"
"dot/dot_fp8_e4m3_fp8_e4m3_fp32_5x16x8_1x4x4_neonfp8dot4/64/8/real_time",,,,,,,,false,"Unsupported hardware"
"dot/dot_fp8_e4m3_fp8_e4m3_fp32_5x16x8_1x4x4_neonfp8dot4/64/80/real_time",,,,,,,,false,"Unsupported hardware"
"dot/dot_fp8_e4m3_fp8_e4m3_fp32_5x16x8_1x4x4_neonfp8dot4/64/168/real_time",,,,,,,,false,"Unsupported hardware"
"dot/dot_fp8_e4m3_fp8_e4m3_fp32_5x16x8_1x4x4_neonfp8dot4/64/248/real_time",,,,,,,,false,"Unsupported hardware"
"dot/dot_fp8_e4m3_fp8_e4m3_fp32_5x16x8_1x4x4_neonfp8dot4/64/336/real_time",,,,,,,,false,"Unsupported hardware"
"dot/dot_fp8_e4m3_fp8_e4m3_fp32_5x16x8_1x4x4_neonfp8dot4/128/8/real_time",,,,,,,,false,"Unsupported hardware"
"dot/dot_fp8_e4m3_fp8_e4m3_fp32_5x16x8_1x4x4_neonfp8dot4/128/40/real_time",,,,,,,,false,"Unsupported hardware"
"dot/dot_fp8_e4m3_fp8_e4m3_fp32_5x16x8_1x4x4_neonfp8dot4/128/80/real_time",,,,,,,,false,"Unsupported hardware"
"dot/dot_fp8_e4m3_fp8_e4m3_fp32_5x16x8_1x4x4_neonfp8dot4/128/120/real_time",,,,,,,,false,"Unsupported hardware"
"dot/dot_fp8_e4m3_fp8_e4m3_fp32_5x16x8_1x4x4_neonfp8dot4/128/160/real_time",,,,,,,,false,"Unsupported hardware"
"dot/dot_fp8_e4m3_fp8_e4m3_fp32_1x8x8_1x4x4_neonfp8dot4/8/8/real_time",,,,,,,,false,"Unsupported hardware"
"dot/dot_fp8_e4m3_fp8_e4m3_fp32_1x8x8_1x4x4_neonfp8dot4/8/680/real_time",,,,,,,,false,"Unsupported hardware"
"dot/dot_fp8_e4m3_fp8_e4m3_fp32_1x8x8_1x4x4_neonfp8dot4/8/1360/real_time",,,,,,,,false,"Unsupported hardware"
"dot/dot_fp8_e4m3_fp8_e4m3_fp32_1x8x8_1x4x4_neonfp8dot4/8/2040/real_time",,,,,,,,false,"Unsupported hardware"
"dot/dot_fp8_e4m3_fp8_e4m3_fp32_1x8x8_1x4x4_neonfp8dot4/8/2720/real_time",,,,,,,,false,"Unsupported hardware"
"dot/dot_fp8_e4m3_fp8_e4m3_fp32_1x8x8_1x4x4_neonfp8dot4/16/8/real_time",,,,,,,,false,"Unsupported hardware"
"dot/dot_fp8_e4m3_fp8_e4m3_fp32_1x8x8_1x4x4_neonfp8dot4/16/360/real_time",,,,,,,,false,"Unsupported hardware"
"dot/dot_fp8_e4m3_fp8_e4m3_fp32_1x8x8_1x4x4_neonfp8dot4/16/720/real_time",,,,,,,,false,"Unsupported hardware"
"dot/dot_fp8_e4m3_fp8_e4m3_fp32_1x8x8_1x4x4_neonfp8dot4/16/1080/real_time",,,,,,,,false,"Unsupported hardware"
"dot/dot_fp8_e4m3_fp8_e4m3_fp32_1x8x8_1x4x4_neonfp8dot4/16/1440/real_time",,,,,,,,false,"Unsupported hardware"
"dot/dot_fp8_e4m3_fp8_e4m3_fp32_1x8x8_1x4x4_neonfp8dot4/32/8/real_time",,,,,,,,false,"Unsupported hardware"
"dot/dot_fp8_e4m3_fp8_e4m3_fp32_1x8x8_1x4x4_neonfp8dot4/32/184/real_time",,,,,,,,false,"Unsupported hardware"
"dot/dot_fp8_e4m3_fp8_e4m3_fp32_1x8x8_1x4x4_neonfp8dot4/32/368/real_time",,,,,,,,false,"Unsupported hardware"
"dot/dot_fp8_e4m3_fp8_e4m3_fp32_1x8x8_1x4x4_neonfp8dot4/32/552/real_time",,,,,,,,false,"Unsupported hardware"
"dot/dot_fp8_e4m3_fp8_e4m3_fp32_1x8x8_1x4x4_neonfp8dot4/32/736/real_time",,,,,,,,false,"Unsupported hardware"
"dot/dot_fp8_e4m3_fp8_e4m3_fp32_1x8x8_1x4x4_neonfp8dot4/64/8/real_time",,,,,,,,false,"Unsupported hardware"
"dot/dot_fp8_e4m3_fp8_e4m3_fp32_1x8x8_1x4x4_neonfp8dot4/64/88/real_time",,,,,,,,false,"Unsupported hardware"
"dot/dot_fp8_e4m3_fp8_e4m3_fp32_1x8x8_1x4x4_neonfp8dot4/64/184/real_time",,,,,,,,false,"Unsupported hardware"
"dot/dot_fp8_e4m3_fp8_e4m3_fp32_1x8x8_1x4x4_neonfp8dot4/64/272/real_time",,,,,,,,false,"Unsupported hardware"
"dot/dot_fp8_e4m3_fp8_e4m3_fp32_1x8x8_1x4x4_neonfp8dot4/64/368/real_time",,,,,,,,false,"Unsupported hardware"
"dot/dot_fp8_e4m3_fp8_e4m3_fp32_8x8x8_1x4x4_neonfp8dot4/8/8/real_time",,,,,,,,false,"Unsupported hardware"
"dot/dot_fp8_e4m3_fp8_e4m3_fp32_8x8x8_1x4x4_neonfp8dot4/8/376/real_time",,,,,,,,false,"Unsupported hardware"
"dot/dot_fp8_e4m3_fp8_e4m3_fp32_8x8x8_1x4x4_neonfp8dot4/8/760/real_time",,,,,,,,false,"Unsupported hardware"
"dot/dot_fp8_e4m3_fp8_e4m3_fp32_8x8x8_1x4x4_neonfp8dot4/8/1136/real_time",,,,,,,,false,"Unsupported hardware"
"dot/dot_fp8_e4m3_fp8_e4m3_fp32_8x8x8_1x4x4_neonfp8dot4/8/1520/real_time",,,,,,,,false,"Unsupported hardware"
"dot/dot_fp8_e4m3_fp8_e4m3_fp32_8x8x8_1x4x4_neonfp8dot4/16/8/real_time",,,,,,,,false,"Unsupported hardware"
"dot/dot_fp8_e4m3_fp8_e4m3_fp32_8x8x8_1x4x4_neonfp8dot4/16/248/real_time",,,,,,,,false,"Unsupported hardware"
"dot/dot_fp8_e4m3_fp8_e4m3_fp32_8x8x8_1x4x4_neonfp8dot4/16/496/real_time",,,,,,,,false,"Unsupported hardware"
"dot/dot_fp8_e4m3_fp8_e4m3_fp32_8x8x8_1x4x4_neonfp8dot4/16/744/real_time",,,,,,,,false,"Unsupported hardware"
"dot/dot_fp8_e4m3_fp8_e4m3_fp32_8x8x8_1x4x4_neonfp8dot4/16/1000/real_time",,,,,,,,false,"Unsupported hardware"
"dot/dot_fp8_e4m3_fp8_e4m3_fp32_8x8x8_1x4x4_neonfp8dot4/32/8/real_time",,,,,,,,false,"Unsupported hardware"
"dot/dot_fp8_e4m3_fp8_e4m3_fp32_8x8x8_1x4x4_neonfp8dot4/32/144/real_time",,,,,,,,false,"Unsupported hardware"
"dot/dot_fp8_e4m3_fp8_e4m3_fp32_8x8x8_1x4x4_neonfp8dot4/32/288/real_time",,,,,,,,false,"Unsupported hardware"
"dot/dot_fp8_e4m3_fp8_e4m3_fp32_8x8x8_1x4x4_neonfp8dot4/32/432/real_time",,,,,,,,false,"Unsupported hardware"
"dot/dot_fp8_e4m3_fp8_e4m3_fp32_8x8x8_1x4x4_neonfp8dot4/32/584/real_time",,,,,,,,false,"Unsupported hardware"
"dot/dot_fp8_e4m3_fp8_e4m3_fp32_8x8x8_1x4x4_neonfp8dot4/64/8/real_time",,,,,,,,false,"Unsupported hardware"
"dot/dot_fp8_e4m3_fp8_e4m3_fp32_8x8x8_1x4x4_neonfp8dot4/64/72/real_time",,,,,,,,false,"Unsupported hardware"
"dot/dot_fp8_e4m3_fp8_e4m3_fp32_8x8x8_1x4x4_neonfp8dot4/64/152/real_time",,,,,,,,false,"Unsupported hardware"
"dot/dot_fp8_e4m3_fp8_e4m3_fp32_8x8x8_1x4x4_neonfp8dot4/64/232/real_time",,,,,,,,false,"Unsupported hardware"
"dot/dot_fp8_e4m3_fp8_e4m3_fp32_8x8x8_1x4x4_neonfp8dot4/64/312/real_time",,,,,,,,false,"Unsupported hardware"
"dot/dot_fp8_e4m3_fp8_e4m3_fp32_10x8x8_1x4x4_neonfp8dot4/8/8/real_time",,,,,,,,false,"Unsupported hardware"
"dot/dot_fp8_e4m3_fp8_e4m3_fp32_10x8x8_1x4x4_neonfp8dot4/8/336/real_time",,,,,,,,false,"Unsupported hardware"
"dot/dot_fp8_e4m3_fp8_e4m3_fp32_10x8x8_1x4x4_neonfp8dot4/8/672/real_time",,,,,,,,false,"Unsupported hardware"
"dot/dot_fp8_e4m3_fp8_e4m3_fp32_10x8x8_1x4x4_neonfp8dot4/8/1008/real_time",,,,,,,,false,"Unsupported hardware"
"dot/dot_fp8_e4m3_fp8_e4m3_fp32_10x8x8_1x4x4_neonfp8dot4/8/1344/real_time",,,,,,,,false,"Unsupported hardware"
"dot/dot_fp8_e4m3_fp8_e4m3_fp32_10x8x8_1x4x4_neonfp8dot4/16/8/real_time",,,,,,,,false,"Unsupported hardware"
"dot/dot_fp8_e4m3_fp8_e4m3_fp32_10x8x8_1x4x4_neonfp8dot4/16/224/real_time",,,,,,,,false,"Unsupported hardware"
"dot/dot_fp8_e4m3_fp8_e4m3_fp32_10x8x8_1x4x4_neonfp8dot4/16/456/real_time",,,,,,,,false,"Unsupported hardware"
"dot/dot_fp8_e4m3_fp8_e4m3_fp32_10x8x8_1x4x4_neonfp8dot4/16/688/real_time",,,,,,,,false,"Unsupported hardware"
"dot/dot_fp8_e4m3_fp8_e4m3_fp32_10x8x8_1x4x4_neonfp8dot4/16/920/real_time",,,,,,,,false,"Unsupported hardware"
"dot/dot_fp8_e4m3_fp8_e4m3_fp32_10x8x8_1x4x4_neonfp8dot4/32/8/real_time",,,,,,,,false,"Unsupported hardware"
"dot/dot_fp8_e4m3_fp8_e4m3_fp32_10x8x8_1x4x4_neonfp8dot4/32/136/real_time",,,,,,,,false,"Unsupported hardware"
"dot/dot_fp8_e4m3_fp8_e4m3_fp32_10x8x8_1x4x4_neonfp8dot4/32/272/real_time",,,,,,,,false,"Unsupported hardware"
"dot/dot_fp8_e4m3_fp8_e4m3_fp32_10x8x8_1x4x4_neonfp8dot4/32/408/real_time",,,,,,,,false,"Unsupported hardware"
"dot/dot_fp8_e4m3_fp8_e4m3_fp32_10x8x8_1x4x4_neonfp8dot4/32/552/real_time",,,,,,,,false,"Unsupported hardware"
"dot/dot_fp8_e4m3_fp8_e4m3_fp32_10x8x8_1x4x4_neonfp8dot4/64/8/real_time",,,,,,,,false,"Unsupported hardware"
"dot/dot_fp8_e4m3_fp8_e4m3_fp32_10x8x8_1x4x4_neonfp8dot4/64/72/real_time",,,,,,,,false,"Unsupported hardware"
"dot/dot_fp8_e4m3_fp8_e4m3_fp32_10x8x8_1x4x4_neonfp8dot4/64/144/real_time",,,,,,,,false,"Unsupported hardware"
"dot/dot_fp8_e4m3_fp8_e4m3_fp32_10x8x8_1x4x4_neonfp8dot4/64/216/real_time",,,,,,,,false,"Unsupported hardware"
"dot/dot_fp8_e4m3_fp8_e4m3_fp32_10x8x8_1x4x4_neonfp8dot4/64/296/real_time",,,,,,,,false,"Unsupported hardware"
"dot/dot_fp8_e4m3_fp8_e4m3_fp32_8x4x8_1x4x4_neonfp8dot4/4/8/real_time",,,,,,,,false,"Unsupported hardware"
"dot/dot_fp8_e4m3_fp8_e4m3_fp32_8x4x8_1x4x4_neonfp8dot4/4/504/real_time",,,,,,,,false,"Unsupported hardware"
"dot/dot_fp8_e4m3_fp8_e4m3_fp32_8x4x8_1x4x4_neonfp8dot4/4/1016/real_time",,,,,,,,false,"Unsupported hardware"
"dot/dot_fp8_e4m3_fp8_e4m3_fp32_8x4x8_1x4x4_neonfp8dot4/4/1520/real_time",,,,,,,,false,"Unsupported hardware"
"dot/dot_fp8_e4m3_fp8_e4m3_fp32_8x4x8_1x4x4_neonfp8dot4/4/2032/real_time",,,,,,,,false,"Unsupported hardware"
"dot/dot_fp8_e4m3_fp8_e4m3_fp32_8x4x8_1x4x4_neonfp8dot4/8/8/real_time",,,,,,,,false,"Unsupported hardware"
"dot/dot_fp8_e4m3_fp8_e4m3_fp32_8x4x8_1x4x4_neonfp8dot4/8/376/real_time",,,,,,,,false,"Unsupported hardware"
"dot/dot_fp8_e4m3_fp8_e4m3_fp32_8x4x8_1x4x4_neonfp8dot4/8/760/real_time",,,,,,,,false,"Unsupported hardware"
"dot/dot_fp8_e4m3_fp8_e4m3_fp32_8x4x8_1x4x4_neonfp8dot4/8/1136/real_time",,,,,,,,false,"Unsupported hardware"
"dot/dot_fp8_e4m3_fp8_e4m3_fp32_8x4x8_1x4x4_neonfp8dot4/8/1520/real_time",,,,,,,,false,"Unsupported hardware"
"dot/dot_fp8_e4m3_fp8_e4m3_fp32_8x4x8_1x4x4_neonfp8dot4/16/8/real_time",,,,,,,,false,"Unsupported hardware"
"dot/dot_fp8_e4m3_fp8_e4m3_fp32_8x4x8_1x4x4_neonfp8dot4/16/248/real_time",,,,,,,,false,"Unsupported hardware"
"dot/dot_fp8_e4m3_fp8_e4m3_fp32_8x4x8_1x4x4_neonfp8dot4/16/496/real_time",,,,,,,,false,"Unsupported hardware"
"dot/dot_fp8_e4m3_fp8_e4m3_fp32_8x4x8_1x4x4_neonfp8dot4/16/744/real_time",,,,,,,,false,"Unsupported hardware"
"dot/dot_fp8_e4m3_fp8_e4m3_fp32_8x4x8_1x4x4_neonfp8dot4/16/1000/real_time",,,,,,,,false,"Unsupported hardware"
"dot/dot_fp8_e4m3_fp8_e4m3_fp32_8x4x8_1x4x4_neonfp8dot4/32/8/real_time",,,,,,,,false,"Unsupported hardware"
"dot/dot_fp8_e4m3_fp8_e4m3_fp32_8x4x8_1x4x4_neonfp8dot4/32/144/real_time",,,,,,,,false,"Unsupported hardware"
"dot/dot_fp8_e4m3_fp8_e4m3_fp32_8x4x8_1x4x4_neonfp8dot4/32/288/real_time",,,,,,,,false,"Unsupported hardware"
"dot/dot_fp8_e4m3_fp8_e4m3_fp32_8x4x8_1x4x4_neonfp8dot4/32/432/real_time",,,,,,,,false,"Unsupported hardware"
"dot/dot_fp8_e4m3_fp8_e4m3_fp32_8x4x8_1x4x4_neonfp8dot4/32/584/real_time",,,,,,,,false,"Unsupported hardware"
"dot/dot_int8_int2_int32_2x32x8_2x4x8_neoni8mm/32/8/real_time",5047944,22.359,22.1645,ns,,,"2x32x8",,
"dot/dot_int8_int2_int32_2x32x8_2x4x8_neoni8mm/32/608/real_time",160362,872.147,865.417,ns,,,"2x32x608",,
"dot/dot_int8_int2_int32_2x32x8_2x4x8_neoni8mm/32/1216/real_time",81244,1739.94,1720.24,ns,,,"2x32x1216",,
"dot/dot_int8_int2_int32_2x32x8_2x4x8_neoni8mm/32/1824/real_time",54177,2592.12,2576.01,ns,,,"2x32x1824",,
"dot/dot_int8_int2_int32_2x32x8_2x4x8_neoni8mm/32/2432/real_time",39145,3455.53,3431.18,ns,,,"2x32x2432",,
"dot/dot_int8_int2_int32_2x32x8_2x4x8_neoni8mm/64/8/real_time",3730152,37.8052,37.4031,ns,,,"2x64x8",,
"dot/dot_int8_int2_int32_2x32x8_2x4x8_neoni8mm/64/328/real_time",147418,945.133,937.815,ns,,,"2x64x328",,
"dot/dot_int8_int2_int32_2x32x8_2x4x8_neoni8mm/64/664/real_time",74221,1910.05,1882.74,ns,,,"2x64x664",,
"dot/dot_int8_int2_int32_2x32x8_2x4x8_neoni8mm/64/1000/real_time",49408,2854.03,2827.46,ns,,,"2x64x1000",,
"dot/dot_int8_int2_int32_2x32x8_2x4x8_neoni8mm/64/1336/real_time",36288,3797.43,3772.17,ns,,,"2x64x1336",,
"dot/dot_int8_int2_int32_2x32x8_2x4x8_neoni8mm/128/8/real_time",2002593,69.6205,69.0334,ns,,,"2x128x8",,
"dot/dot_int8_int2_int32_2x32x8_2x4x8_neoni8mm/128/168/real_time",142207,981.842,969.135,ns,,,"2x128x168",,
"dot/dot_int8_int2_int32_2x32x8_2x4x8_neoni8mm/128/344/real_time",71338,1973.04,1958.87,ns,,,"2x128x344",,
"dot/dot_int8_int2_int32_2x32x8_2x4x8_neoni8mm/128/512/real_time",46537,2926.04,2903.82,ns,,,"2x128x512",,
"dot/dot_int8_int2_int32_2x32x8_2x4x8_neoni8mm/128/688/real_time",34842,3946.24,3897.49,ns,,,"2x128x688",,
"dot/dot_int8_int2_int32_2x32x8_2x4x8_neoni8mm/256/8/real_time",1061033,132.231,131.415,ns,,,"2x256x8",,
"dot/dot_int8_int2_int32_2x32x8_2x4x8_neoni8mm/256/80/real_time",147362,952.557,941.267,ns,,,"2x256x80",,
"dot/dot_int8_int2_int32_2x32x8_2x4x8_neoni8mm/256/168/real_time",72212,1946.45,1932.2,ns,,,"2x256x168",,
"dot/dot_int8_int2_int32_2x32x8_2x4x8_neoni8mm/256/248/real_time",48125,2872.29,2838.27,ns,,,"2x256x248",,
"dot/dot_int8_int2_int32_2x32x8_2x4x8_neoni8mm/256/336/real_time",36506,3874.49,3827.7,ns,,,"2x256x336",,
"dot/dot_int8_int2_int32_4x16x8_2x4x8_neoni8mm/16/8/real_time",7870396,17.8939,17.7597,ns,,,"4x16x8",,
"dot/dot_int8_int2_int32_4x16x8_2x4x8_neoni8mm/16/760/real_time",219658,635.618,630.43,ns,,,"4x16x760",,
"dot/dot_int8_int2_int32_4x16x8_2x4x8_neoni8mm/16/1520/real_time",105653,1263.53,1248.72,ns,,,"4x16x1520",,
"dot/dot_int8_int2_int32_4x16x8_2x4x8_neoni8mm/16/2280/real_time",74771,1880.81,1868.57,ns,,,"4x16x2280",,
"dot/dot_int8_int2_int32_4x16x8_2x4x8_neoni8mm/16/3040/real_time",55233,2507.84,2487.95,ns,,,"4x16x3040",,
"dot/dot_int8_int2_int32_4x16x8_2x4x8_neoni8mm/32/8/real_time",4917192,28.8502,28.4172,ns,,,"4x32x8",,
"dot/dot_int8_int2_int32_4x16x8_2x4x8_neoni8mm/32/496/real_time",168688,829.198,823.135,ns,,,"4x32x496",,
"dot/dot_int8_int2_int32_4x16x8_2x4x8_neoni8mm/32/1000/real_time",85008,1663.25,1643.55,ns,,,"4x32x1000",,
"dot/dot_int8_int2_int32_4x16x8_2x4x8_neoni8mm/32/1496/real_time",56960,2469.23,2452.86,ns,,,"4x32x1496",,
"dot/dot_int8_int2_int32_4x16x8_2x4x8_neoni8mm/32/2000/real_time",41491,3298.49,3278.14,ns,,,"4x32x2000",,
"dot/dot_int8_int2_int32_4x16x8_2x4x8_neoni8mm/64/8/real_time",2735375,51.1114,50.6181,ns,,,"4x64x8",,
"dot/dot_int8_int2_int32_4x16x8_2x4x8_neoni8mm/64/288/real_time",100000,1028.63,963.033,ns,,,"4x64x288",,
"dot/dot_int8_int2_int32_4x16x8_2x4x8_neoni8mm/64/584/real_time",72409,1945.78,1928.31,ns,,,"4x64x584",,
"dot/dot_int8_int2_int32_4x16x8_2x4x8_neoni8mm/64/880/real_time",48207,2911.19,2892.38,ns,,,"4x64x880",,
"dot/dot_int8_int2_int32_4x16x8_2x4x8_neoni8mm/64/1176/real_time",35774,3894.46,3857.24,ns,,,"4x64x1176",,
"dot/dot_int8_int2_int32_4x16x8_2x4x8_neoni8mm/128/8/real_time",1458451,95.9808,95.3441,ns,,,"4x128x8",,
"dot/dot_int8_int2_int32_4x16x8_2x4x8_neoni8mm/128/152/real_time",129310,1035.07,1032.77,ns,,,"4x128x152",,
"dot/dot_int8_int2_int32_4x16x8_2x4x8_neoni8mm/128/312/real_time",67285,2099.31,2077.35,ns,,,"4x128x312",,
"dot/dot_int8_int2_int32_4x16x8_2x4x8_neoni8mm/128/464/real_time",45515,3088.79,3068.84,ns,,,"4x128x464",,
"dot/dot_int8_int2_int32_4x16x8_2x4x8_neoni8mm/128/624/real_time",33703,4130.43,4108.93,ns,,,"4x128x624",,
"dot/dot_int8_int2_int32_4x8x8_2x4x8_neoni8mm/8/8/real_time",11795372,11.9407,11.8389,ns,,,"4x8x8",,
"dot/dot_int8_int2_int32_4x8x8_2x4x8_neoni8mm/8/1016/real_time",362814,389.474,385.275,ns,,,"4x8x1016",,
"dot/dot_int8_int2_int32_4x8x8_2x4x8_neoni8mm/8/2032/real_time",181831,772.123,764.71,ns,,,"4x8x2032",,
"dot/dot_int8_int2_int32_4x8x8_2x4x8_neoni8mm/8/3048/real_time",122209,1152.82,1141.59,ns,,,"4x8x3048",,
"dot/dot_int8_int2_int32_4x8x8_2x4x8_neoni8mm/8/4072/real_time",91882,1542.75,1520.12,ns,,,"4x8x4072",,
"dot/dot_int8_int2_int32_4x8x8_2x4x8_neoni8mm/16/8/real_time",7867114,17.8821,17.7578,ns,,,"4x16x8",,
"dot/dot_int8_int2_int32_4x8x8_2x4x8_neoni8mm/16/760/real_time",241736,577.99,574.707,ns,,,"4x16x760",,
"dot/dot_int8_int2_int32_4x8x8_2x4x8_neoni8mm/16/1520/real_time",122224,1153.47,1140.12,ns,,,"4x16x1520",,
"dot/dot_int8_int2_int32_4x8x8_2x4x8_neoni8mm/16/2280/real_time",81751,1781.48,1709.29,ns,,,"4x16x2280",,
"dot/dot_int8_int2_int32_4x8x8_2x4x8_neoni8mm/16/3040/real_time",60346,2286.31,2270.64,ns,,,"4x16x3040",,
"dot/dot_int8_int2_int32_4x8x8_2x4x8_neoni8mm/32/8/real_time",4900571,28.8734,28.5885,ns,,,"4x32x8",,
"dot/dot_int8_int2_int32_4x8x8_2x4x8_neoni8mm/32/496/real_time",185743,760.872,751.538,ns,,,"4x32x496",,
"dot/dot_int8_int2_int32_4x8x8_2x4x8_neoni8mm/32/1000/real_time",93014,1512.18,1502.34,ns,,,"4x32x1000",,
"dot/dot_int8_int2_int32_4x8x8_2x4x8_neoni8mm/32/1496/real_time",60671,2260.08,2244.42,ns,,,"4x32x1496",,
"dot/dot_int8_int2_int32_4x8x8_2x4x8_neoni8mm/32/2000/real_time",46725,3031.58,2992,ns,,,"4x32x2000",,
"dot/dot_int8_int2_int32_4x8x8_2x4x8_neoni8mm/64/8/real_time",2713721,51.9239,51.5004,ns,,,"4x64x8",,
"dot/dot_int8_int2_int32_4x8x8_2x4x8_neoni8mm/64/288/real_time",156757,894.419,885.754,ns,,,"4x64x288",,
"dot/dot_int8_int2_int32_4x8x8_2x4x8_neoni8mm/64/584/real_time",79352,1781.23,1761.81,ns,,,"4x64x584",,
"dot/dot_int8_int2_int32_4x8x8_2x4x8_neoni8mm/64/880/real_time",52956,2658.3,2637.48,ns,,,"4x64x880",,
"dot/dot_int8_int2_int32_4x8x8_2x4x8_neoni8mm/64/1176/real_time",39137,3552.41,3515.83,ns,,,"4x64x1176",,
"dot/dot_int8_int2_int32_6x8x8_2x4x8_neoni8mm/8/8/real_time",9605815,14.6415,14.5436,ns,,,"6x8x8",,
"dot/dot_int8_int2_int32_6x8x8_2x4x8_neoni8mm/8/760/real_time",398962,352.165,348.705,ns,,,"6x8x760",,
"dot/dot_int8_int2_int32_6x8x8_2x4x8_neoni8mm/8/1520/real_time",201046,697.452,686.788,ns,,,"6x8x1520",,
"dot/dot_int8_int2_int32_6x8x8_2x4x8_neoni8mm/8/2280/real_time",131619,1039.04,1027.3,ns,,,"6x8x2280",,
"dot/dot_int8_int2_int32_6x8x8_2x4x8_neoni8mm/8/3048/real_time",101940,1377.04,1368.6,ns,,,"6x8x3048",,
"dot/dot_int8_int2_int32_6x8x8_2x4x8_neoni8mm/16/8/real_time",6121748,22.8519,21.7575,ns,,,"6x16x8",,
"dot/dot_int8_int2_int32_6x8x8_2x4x8_neoni8mm/16/600/real_time",252802,553.865,548.127,ns,,,"6x16x600",,
"dot/dot_int8_int2_int32_6x8x8_2x4x8_neoni8mm/16/1208/real_time",127834,1097.65,1090.73,ns,,,"6x16x1208",,
"dot/dot_int8_int2_int32_6x8x8_2x4x8_neoni8mm/16/1808/real_time",84751,1647.36,1629,ns,,,"6x16x1808",,
"dot/dot_int8_int2_int32_6x8x8_2x4x8_neoni8mm/16/2416/real_time",64294,2194.91,2170.14,ns,,,"6x16x2416",,
"dot/dot_int8_int2_int32_6x8x8_2x4x8_neoni8mm/32/8/real_time",3935547,35.7981,35.5173,ns,,,"6x32x8",,
"dot/dot_int8_int2_int32_6x8x8_2x4x8_neoni8mm/32/424/real_time",177865,785.911,776.007,ns,,,"6x32x424",,
"dot/dot_int8_int2_int32_6x8x8_2x4x8_neoni8mm/32/848/real_time",91174,1547.42,1532.49,ns,,,"6x32x848",,
"dot/dot_int8_int2_int32_6x8x8_2x4x8_neoni8mm/32/1272/real_time",60956,2323.46,2292.8,ns,,,"6x32x1272",,
"dot/dot_int8_int2_int32_6x8x8_2x4x8_neoni8mm/32/1696/real_time",45877,3063.63,3046.61,ns,,,"6x32x1696",,
"dot/dot_int8_int2_int32_6x8x8_2x4x8_neoni8mm/64/8/real_time",2129826,65.9727,65.2623,ns,,,"6x64x8",,
"dot/dot_int8_int2_int32_6x8x8_2x4x8_neoni8mm/64/256/real_time",143966,961.317,951.701,ns,,,"6x64x256",,
"dot/dot_int8_int2_int32_6x8x8_2x4x8_neoni8mm/64/520/real_time",73971,1918.97,1889.8,ns,,,"6x64x520",,
"dot/dot_int8_int2_int32_6x8x8_2x4x8_neoni8mm/64/776/real_time",49840,2828.52,2798.34,ns,,,"6x64x776",,
"dot/dot_int8_int2_int32_6x8x8_2x4x8_neoni8mm/64/1040/real_time",36996,3761.76,3735.62,ns,,,"6x64x1040",,
"dot/dot_int8_int2_int32_8x8x8_2x4x8_neoni8mm/8/8/real_time",7729569,18.1937,18.055,ns,,,"8x8x8",,
"dot/dot_int8_int2_int32_8x8x8_2x4x8_neoni8mm/8/608/real_time",423782,329.471,327.754,ns,,,"8x8x608",,
"dot/dot_int8_int2_int32_8x8x8_2x4x8_neoni8mm/8/1216/real_time",214648,676.233,643.776,ns,,,"8x8x1216",,
"dot/dot_int8_int2_int32_8x8x8_2x4x8_neoni8mm/8/1824/real_time",138805,968.457,960.7,ns,,,"8x8x1824",,
"dot/dot_int8_int2_int32_8x8x8_2x4x8_neoni8mm/8/2432/real_time",109394,1280.9,1274.98,ns,,,"8x8x2432",,
"dot/dot_int8_int2_int32_8x8x8_2x4x8_neoni8mm/16/8/real_time",4949944,27.1028,26.8772,ns,,,"8x16x8",,
"dot/dot_int8_int2_int32_8x8x8_2x4x8_neoni8mm/16/496/real_time",259136,538.057,532.582,ns,,,"8x16x496",,
"dot/dot_int8_int2_int32_8x8x8_2x4x8_neoni8mm/16/1000/real_time",132320,1062.59,1054.9,ns,,,"8x16x1000",,
"dot/dot_int8_int2_int32_8x8x8_2x4x8_neoni8mm/16/1496/real_time",84083,1585.89,1571.46,ns,,,"8x16x1496",,
"dot/dot_int8_int2_int32_8x8x8_2x4x8_neoni8mm/16/2000/real_time",66573,2124.72,2097.97,ns,,,"8x16x2000",,
"dot/dot_int8_int2_int32_8x8x8_2x4x8_neoni8mm/32/8/real_time",2536002,55.8592,55.1355,ns,,,"8x32x8",,
"dot/dot_int8_int2_int32_8x8x8_2x4x8_neoni8mm/32/368/real_time",173796,813.703,802.732,ns,,,"8x32x368",,
"dot/dot_int8_int2_int32_8x8x8_2x4x8_neoni8mm/32/736/real_time",89574,1572.08,1559.82,ns,,,"8x32x736",,
"dot/dot_int8_int2_int32_8x8x8_2x4x8_neoni8mm/32/1104/real_time",56622,2334.44,2322.43,ns,,,"8x32x1104",,
"dot/dot_int8_int2_int32_8x8x8_2x4x8_neoni8mm/32/1472/real_time",45245,3132,3089.05,ns,,,"8x32x1472",,
"dot/dot_int8_int2_int32_8x8x8_2x4x8_neoni8mm/64/8/real_time",1511246,92.323,91.7166,ns,,,"8x64x8",,
"dot/dot_int8_int2_int32_8x8x8_2x4x8_neoni8mm/64/232/real_time",137095,1031.76,1017.48,ns,,,"8x64x232",,
"dot/dot_int8_int2_int32_8x8x8_2x4x8_neoni8mm/64/464/real_time",69643,1991.49,1980.3,ns,,,"8x64x464",,
"dot/dot_int8_int2_int32_8x8x8_2x4x8_neoni8mm/64/696/real_time",47416,2975.46,2942.64,ns,,,"8x64x696",,
"dot/dot_int8_int2_int32_8x8x8_2x4x8_neoni8mm/64/936/real_time",35461,4182.36,3939.36,ns,,,"8x64x936",,
"dot/dot_int8_int2_int32_10x8x8_2x4x8_neoni8mm/8/8/real_time",6712901,21.0052,20.8838,ns,,,"10x8x8",,
"dot/dot_int8_int2_int32_10x8x8_2x4x8_neoni8mm/8/504/real_time",432844,316.103,313.587,ns,,,"10x8x504",,
"dot/dot_int8_int2_int32_10x8x8_2x4x8_neoni8mm/8/1008/real_time",225126,615.8,612.042,ns,,,"10x8x1008",,
"dot/dot_int8_int2_int32_10x8x8_2x4x8_neoni8mm/8/1512/real_time",152217,917.957,910.988,ns,,,"10x8x1512",,
"dot/dot_int8_int2_int32_10x8x8_2x4x8_neoni8mm/8/2016/real_time",114862,1224.62,1212.44,ns,,,"10x8x2016",,
"dot/dot_int8_int2_int32_10x8x8_2x4x8_neoni8mm/16/8/real_time",4310086,32.451,31.9674,ns,,,"10x16x8",,
"dot/dot_int8_int2_int32_10x8x8_2x4x8_neoni8mm/16/424/real_time",266469,531.278,523.9,ns,,,"10x16x424",,
"dot/dot_int8_int2_int32_10x8x8_2x4x8_neoni8mm/16/848/real_time",136263,1037.95,1026.47,ns,,,"10x16x848",,
"dot/dot_int8_int2_int32_10x8x8_2x4x8_neoni8mm/16/1272/real_time",91355,1548.87,1530.17,ns,,,"10x16x1272",,
"dot/dot_int8_int2_int32_10x8x8_2x4x8_neoni8mm/16/1704/real_time",68219,2060.61,2046.06,ns,,,"10x16x1704",,
"dot/dot_int8_int2_int32_10x8x8_2x4x8_neoni8mm/32/8/real_time",2178176,63.9864,63.5181,ns,,,"10x32x8",,
"dot/dot_int8_int2_int32_10x8x8_2x4x8_neoni8mm/32/320/real_time",174569,800.08,792.924,ns,,,"10x32x320",,
"dot/dot_int8_int2_int32_10x8x8_2x4x8_neoni8mm/32/640/real_time",87315,1565.22,1554.02,ns,,,"10x32x640",,
"dot/dot_int8_int2_int32_10x8x8_2x4x8_neoni8mm/32/960/real_time",60352,2344.07,2314.05,ns,,,"10x32x960",,
"dot/dot_int8_int2_int32_10x8x8_2x4x8_neoni8mm/32/1288/real_time",45165,3118.52,3093.53,ns,,,"10x32x1288",,
"dot/dot_int8_int2_int32_10x8x8_2x4x8_neoni8mm/64/8/real_time",1254272,109.166,108.091,ns,,,"10x64x8",,
"dot/dot_int8_int2_int32_10x8x8_2x4x8_neoni8mm/64/208/real_time",133548,1065.4,1046.03,ns,,,"10x64x208",,
"dot/dot_int8_int2_int32_10x8x8_2x4x8_neoni8mm/64/416/real_time",66807,2056.45,2036.92,ns,,,"10x64x416",,
"dot/dot_int8_int2_int32_10x8x8_2x4x8_neoni8mm/64/624/real_time",46196,3063.15,3022.69,ns,,,"10x64x624",,
"dot/dot_int8_int2_int32_10x8x8_2x4x8_neoni8mm/64/840/real_time",34509,4073.58,4045.45,ns,,,"10x64x840",,
"dot/dot_int8_int2_int32_16x4x8_2x4x8_neoni8mm/4/8/real_time",6521739,21.1643,21.014,ns,,,"16x4x8",,
"dot/dot_int8_int2_int32_16x4x8_2x4x8_neoni8mm/4/352/real_time",796019,177.599,174.732,ns,,,"16x4x352",,
"dot/dot_int8_int2_int32_16x4x8_2x4x8_neoni8mm/4/712/real_time",411854,342.346,338.422,ns,,,"16x4x712",,
"dot/dot_int8_int2_int32_16x4x8_2x4x8_neoni8mm/4/1064/real_time",276078,499.603,496.386,ns,,,"16x4x1064",,
"dot/dot_int8_int2_int32_16x4x8_2x4x8_neoni8mm/4/1424/real_time",211637,657.694,652.605,ns,,,"16x4x1424",,
"dot/dot_int8_int2_int32_16x4x8_2x4x8_neoni8mm/8/8/real_time",4646142,29.6473,29.4003,ns,,,"16x8x8",,
"dot/dot_int8_int2_int32_16x4x8_2x4x8_neoni8mm/8/328/real_time",440792,321.02,317.011,ns,,,"16x8x328",,
"dot/dot_int8_int2_int32_16x4x8_2x4x8_neoni8mm/8/664/real_time",222921,633.76,626.118,ns,,,"16x8x664",,
"dot/dot_int8_int2_int32_16x4x8_2x4x8_neoni8mm/8/1000/real_time",149226,941.207,927.408,ns,,,"16x8x1000",,
"dot/dot_int8_int2_int32_16x4x8_2x4x8_neoni8mm/8/1336/real_time",111950,1265.7,1246.59,ns,,,"16x8x1336",,
"dot/dot_int8_int2_int32_16x4x8_2x4x8_neoni8mm/16/8/real_time",2976191,47.504,46.9311,ns,,,"16x16x8",,
"dot/dot_int8_int2_int32_16x4x8_2x4x8_neoni8mm/16/288/real_time",250479,565.56,557.926,ns,,,"16x16x288",,
"dot/dot_int8_int2_int32_16x4x8_2x4x8_neoni8mm/16/584/real_time",127348,1101.85,1093.72,ns,,,"16x16x584",,
"dot/dot_int8_int2_int32_16x4x8_2x4x8_neoni8mm/16/880/real_time",84765,1725.3,1647.59,ns,,,"16x16x880",,
"dot/dot_int8_int2_int32_16x4x8_2x4x8_neoni8mm/16/1176/real_time",63886,2202.48,2185.73,ns,,,"16x16x1176",,
"dot/dot_int8_int2_int32_16x4x8_2x4x8_neoni8mm/32/8/real_time",1655515,84.7381,83.7754,ns,,,"16x32x8",,
"dot/dot_int8_int2_int32_16x4x8_2x4x8_neoni8mm/32/232/real_time",153206,909.691,900.95,ns,,,"16x32x232",,
"dot/dot_int8_int2_int32_16x4x8_2x4x8_neoni8mm/32/464/real_time",78890,1792.52,1771.26,ns,,,"16x32x464",,
"dot/dot_int8_int2_int32_16x4x8_2x4x8_neoni8mm/32/696/real_time",54062,2601.23,2582.13,ns,,,"16x32x696",,
"dot/dot_int8_int2_int32_16x4x8_2x4x8_neoni8mm/32/936/real_time",39066,3511.44,3453.01,ns,,,"16x32x936",,
"dot/dot_int8_int4_int32_2x32x8_2x4x8_neoni8mm/32/8/real_time",7354128,19.2045,19.0824,ns,,,"2x32x8",,
"dot/dot_int8_int4_int32_2x32x8_2x4x8_neoni8mm/32/336/real_time",375730,361.832,359.163,ns,,,"2x32x336",,
"dot/dot_int8_int4_int32_2x32x8_2x4x8_neoni8mm/32/672/real_time",196008,711.274,707.278,ns,,,"2x32x672",,
"dot/dot_int8_int4_int32_2x32x8_2x4x8_neoni8mm/32/1008/real_time",132167,1071.97,1055.43,ns,,,"2x32x1008",,
"dot/dot_int8_int4_int32_2x32x8_2x4x8_neoni8mm/32/1344/real_time",99594,1413.4,1402.9,ns,,,"2x32x1344",,
"dot/dot_int8_int4_int32_2x32x8_2x4x8_neoni8mm/64/8/real_time",4235202,32.2447,31.9675,ns,,,"2x64x8",,
"dot/dot_int8_int4_int32_2x32x8_2x4x8_neoni8mm/64/176/real_time",351146,384.364,380.043,ns,,,"2x64x176",,
"dot/dot_int8_int4_int32_2x32x8_2x4x8_neoni8mm/64/352/real_time",185928,750.705,744.725,ns,,,"2x64x352",,
"dot/dot_int8_int4_int32_2x32x8_2x4x8_neoni8mm/64/528/real_time",125717,1122.97,1109.36,ns,,,"2x64x528",,
"dot/dot_int8_int4_int32_2x32x8_2x4x8_neoni8mm/64/704/real_time",94608,1486.18,1474.01,ns,,,"2x64x704",,
"dot/dot_int8_int4_int32_2x32x8_2x4x8_neoni8mm/128/8/real_time",2360004,61.5552,57.7343,ns,,,"2x128x8",,
"dot/dot_int8_int4_int32_2x32x8_2x4x8_neoni8mm/128/88/real_time",349117,391.847,388.908,ns,,,"2x128x88",,
"dot/dot_int8_int4_int32_2x32x8_2x4x8_neoni8mm/128/176/real_time",182127,758.826,753.796,ns,,,"2x128x176",,
"dot/dot_int8_int4_int32_2x32x8_2x4x8_neoni8mm/128/264/real_time",124947,1133.37,1118.87,ns,,,"2x128x264",,
"dot/dot_int8_int4_int32_2x32x8_2x4x8_neoni8mm/128/352/real_time",92948,1492.95,1483.23,ns,,,"2x128x352",,
"dot/dot_int8_int4_int32_2x32x8_2x4x8_neoni8mm/256/8/real_time",1267397,111.343,110.113,ns,,,"2x256x8",,
"dot/dot_int8_int4_int32_2x32x8_2x4x8_neoni8mm/256/40/real_time",372081,380.306,375.215,ns,,,"2x256x40",,
"dot/dot_int8_int4_int32_2x32x8_2x4x8_neoni8mm/256/80/real_time",194675,713.63,706.792,ns,,,"2x256x80",,
"dot/dot_int8_int4_int32_2x32x8_2x4x8_neoni8mm/256/120/real_time",130656,1047.29,1038.01,ns,,,"2x256x120",,
"dot/dot_int8_int4_int32_2x32x8_2x4x8_neoni8mm/256/168/real_time",97280,1453.17,1436.01,ns,,,"2x256x168",,
"dot/dot_int8_int4_int32_4x16x8_2x4x8_neoni8mm/16/8/real_time",8401221,16.6653,16.5501,ns,,,"4x16x8",,
"dot/dot_int8_int4_int32_4x16x8_2x4x8_neoni8mm/16/504/real_time",401343,351.011,346.63,ns,,,"4x16x504",,
"dot/dot_int8_int4_int32_4x16x8_2x4x8_neoni8mm/16/1008/real_time",201805,689.06,681.941,ns,,,"4x16x1008",,
"dot/dot_int8_int4_int32_4x16x8_2x4x8_neoni8mm/16/1512/real_time",137320,1023.28,1017.78,ns,,,"4x16x1512",,
"dot/dot_int8_int4_int32_4x16x8_2x4x8_neoni8mm/16/2024/real_time",94673,1373.89,1360.35,ns,,,"4x16x2024",,
"dot/dot_int8_int4_int32_4x16x8_2x4x8_neoni8mm/32/8/real_time",5323078,26.5045,26.11,ns,,,"4x32x8",,
"dot/dot_int8_int4_int32_4x16x8_2x4x8_neoni8mm/32/296/real_time",340776,413.687,409.45,ns,,,"4x32x296",,
"dot/dot_int8_int4_int32_4x16x8_2x4x8_neoni8mm/32/600/real_time",170347,861.594,814.766,ns,,,"4x32x600",,
"dot/dot_int8_int4_int32_4x16x8_2x4x8_neoni8mm/32/896/real_time",115388,1221.22,1209.41,ns,,,"4x32x896",,
"dot/dot_int8_int4_int32_4x16x8_2x4x8_neoni8mm/32/1200/real_time",86572,1631.46,1613.81,ns,,,"4x32x1200",,
"dot/dot_int8_int4_int32_4x16x8_2x4x8_neoni8mm/64/8/real_time",3024050,46.6971,46.1772,ns,,,"4x64x8",,
"dot/dot_int8_int4_int32_4x16x8_2x4x8_neoni8mm/64/160/real_time",309484,457.399,451.076,ns,,,"4x64x160",,
"dot/dot_int8_int4_int32_4x16x8_2x4x8_neoni8mm/64/320/real_time",158884,890.914,877.396,ns,,,"4x64x320",,
"dot/dot_int8_int4_int32_4x16x8_2x4x8_neoni8mm/64/480/real_time",106903,1312.11,1303.44,ns,,,"4x64x480",,
"dot/dot_int8_int4_int32_4x16x8_2x4x8_neoni8mm/64/648/real_time",75759,1771.19,1756.96,ns,,,"4x64x648",,
"dot/dot_int8_int4_int32_4x16x8_2x4x8_neoni8mm/128/8/real_time",1597970,87.0469,86.5253,ns,,,"4x128x8",,
"dot/dot_int8_int4_int32_4x16x8_2x4x8_neoni8mm/128/80/real_time",290238,475.487,470.187,ns,,,"4x128x80",,
"dot/dot_int8_int4_int32_4x16x8_2x4x8_neoni8mm/128/160/real_time",154536,901.298,896.032,ns,,,"4x128x160",,
"dot/dot_int8_int4_int32_4x16x8_2x4x8_neoni8mm/128/240/real_time",103439,1344.34,1326.52,ns,,,"4x128x240",,
"dot/dot_int8_int4_int32_4x16x8_2x4x8_neoni8mm/128/328/real_time",77833,1806.03,1795.15,ns,,,"4x128x328",,
"dot/dot_int8_int4_int32_6x16x8_2x4x8_neoni8mm/16/8/real_time",6437853,21.4744,21.3122,ns,,,"6x16x8",,
"dot/dot_int8_int4_int32_6x16x8_2x4x8_neoni8mm/16/432/real_time",281106,494.496,491.595,ns,,,"6x16x432",,
"dot/dot_int8_int4_int32_6x16x8_2x4x8_neoni8mm/16/864/real_time",142532,976.649,971.016,ns,,,"6x16x864",,
"dot/dot_int8_int4_int32_6x16x8_2x4x8_neoni8mm/16/1296/real_time",91980,1487.8,1450.81,ns,,,"6x16x1296",,
"dot/dot_int8_int4_int32_6x16x8_2x4x8_neoni8mm/16/1728/real_time",72306,1957.32,1932.23,ns,,,"6x16x1728",,
"dot/dot_int8_int4_int32_6x16x8_2x4x8_neoni8mm/32/8/real_time",3725027,37.9632,37.6475,ns,,,"6x32x8",,
"dot/dot_int8_int4_int32_6x16x8_2x4x8_neoni8mm/32/264/real_time",228611,614.594,605.973,ns,,,"6x32x264",,
"dot/dot_int8_int4_int32_6x16x8_2x4x8_neoni8mm/32/536/real_time",115295,1237.93,1209.85,ns,,,"6x32x536",,
"dot/dot_int8_int4_int32_6x16x8_2x4x8_neoni8mm/32/808/real_time",76979,1824.03,1813.21,ns,,,"6x32x808",,
"dot/dot_int8_int4_int32_6x16x8_2x4x8_neoni8mm/32/1080/real_time",56215,2435.26,2416.88,ns,,,"6x32x1080",,
"dot/dot_int8_int4_int32_6x16x8_2x4x8_neoni8mm/64/8/real_time",1986503,69.9795,69.2619,ns,,,"6x64x8",,
"dot/dot_int8_int4_int32_6x16x8_2x4x8_neoni8mm/64/144/real_time",205347,678.356,673.204,ns,,,"6x64x144",,
"dot/dot_int8_int4_int32_6x16x8_2x4x8_neoni8mm/64/296/real_time",103641,1372.6,1348.56,ns,,,"6x64x296",,
"dot/dot_int8_int4_int32_6x16x8_2x4x8_neoni8mm/64/448/real_time",69025,2038.74,2022.85,ns,,,"6x64x448",,
"dot/dot_int8_int4_int32_6x16x8_2x4x8_neoni8mm/64/600/real_time",50594,2726.45,2700.42,ns,,,"6x64x600",,
"dot/dot_int8_int4_int32_6x16x8_2x4x8_neoni8mm/128/8/real_time",1033554,136.877,134.969,ns,,,"6x128x8",,
"dot/dot_int8_int4_int32_6x16x8_2x4x8_neoni8mm/128/72/real_time",198544,713.02,703.369,ns,,,"6x128x72",,
"dot/dot_int8_int4_int32_6x16x8_2x4x8_neoni8mm/128/152/real_time",98690,1423.93,1413.56,ns,,,"6x128x152",,
"dot/dot_int8_int4_int32_6x16x8_2x4x8_neoni8mm/128/224/real_time",68054,2088.61,2053.28,ns,,,"6x128x224",,
"dot/dot_int8_int4_int32_6x16x8_2x4x8_neoni8mm/128/304/real_time",50443,2796.62,2767.72,ns,,,"6x128x304",,
"dot/dot_int8_int4_int32_6x8x8_2x4x8_neoni8mm/8/8/real_time",9690486,14.0077,13.9108,ns,,,"6x8x8",,
"dot/dot_int8_int4_int32_6x8x8_2x4x8_neoni8mm/8/608/real_time",536837,262.474,257.264,ns,,,"6x8x608",,
"dot/dot_int8_int4_int32_6x8x8_2x4x8_neoni8mm/8/1216/real_time",276666,510.185,504.416,ns,,,"6x8x1216",,
"dot/dot_int8_int4_int32_6x8x8_2x4x8_neoni8mm/8/1824/real_time",184604,766.757,756.616,ns,,,"6x8x1824",,
"dot/dot_int8_int4_int32_6x8x8_2x4x8_neoni8mm/8/2432/real_time",139168,1015.44,1002.97,ns,,,"6x8x2432",,
"dot/dot_int8_int4_int32_6x8x8_2x4x8_neoni8mm/16/8/real_time",6603831,21.7766,21.5763,ns,,,"6x16x8",,
"dot/dot_int8_int4_int32_6x8x8_2x4x8_neoni8mm/16/432/real_time",382338,370.887,365.388,ns,,,"6x16x432",,
"dot/dot_int8_int4_int32_6x8x8_2x4x8_neoni8mm/16/864/real_time",194381,726.137,717.47,ns,,,"6x16x864",,
"dot/dot_int8_int4_int32_6x8x8_2x4x8_neoni8mm/16/1296/real_time",130487,1075.22,1070.11,ns,,,"6x16x1296",,
"dot/dot_int8_int4_int32_6x8x8_2x4x8_neoni8mm/16/1728/real_time",93834,1449.78,1429.93,ns,,,"6x16x1728",,
"dot/dot_int8_int4_int32_6x8x8_2x4x8_neoni8mm/32/8/real_time",3909076,36.9819,36.0159,ns,,,"6x32x8",,
"dot/dot_int8_int4_int32_6x8x8_2x4x8_neoni8mm/32/264/real_time",308715,461.346,452.031,ns,,,"6x32x264",,
"dot/dot_int8_int4_int32_6x8x8_2x4x8_neoni8mm/32/536/real_time",153838,913.697,897.162,ns,,,"6x32x536",,
"dot/dot_int8_int4_int32_6x8x8_2x4x8_neoni8mm/32/808/real_time",104025,1357.63,1343.05,ns,,,"6x32x808",,
"dot/dot_int8_int4_int32_6x8x8_2x4x8_neoni8mm/32/1080/real_time",74517,1810.3,1785.06,ns,,,"6x32x1080",,
"dot/dot_int8_int4_int32_6x8x8_2x4x8_neoni8mm/64/8/real_time",2122412,66.1345,65.557,ns,,,"6x64x8",,
"dot/dot_int8_int4_int32_6x8x8_2x4x8_neoni8mm/64/144/real_time",269997,511.996,507.909,ns,,,"6x64x144",,
"dot/dot_int8_int4_int32_6x8x8_2x4x8_neoni8mm/64/296/real_time",138638,1056.37,1007.11,ns,,,"6x64x296",,
"dot/dot_int8_int4_int32_6x8x8_2x4x8_neoni8mm/64/448/real_time",91428,1512.78,1501.62,ns,,,"6x64x448",,
"dot/dot_int8_int4_int32_6x8x8_2x4x8_neoni8mm/64/600/real_time",70000,2027.38,1996.55,ns,,,"6x64x600",,
"dot/dot_int8_int4_int32_8x8x8_2x4x8_neoni8mm/8/8/real_time",8361537,16.8067,16.5973,ns,,,"8x8x8",,
"dot/dot_int8_int4_int32_8x8x8_2x4x8_neoni8mm/8/504/real_time",548215,258.847,254.409,ns,,,"8x8x504",,
"dot/dot_int8_int4_int32_8x8x8_2x4x8_neoni8mm/8/1008/real_time",281520,501.83,496.097,ns,,,"8x8x1008",,
"dot/dot_int8_int4_int32_8x8x8_2x4x8_neoni8mm/8/1512/real_time",186366,748.234,742.293,ns,,,"8x8x1512",,
"dot/dot_int8_int4_int32_8x8x8_2x4x8_neoni8mm/8/2024/real_time",100000,1002.38,989.871,ns,,,"8x8x2024",,
"dot/dot_int8_int4_int32_8x8x8_2x4x8_neoni8mm/16/8/real_time",5616205,25.1564,24.8655,ns,,,"8x16x8",,
"dot/dot_int8_int4_int32_8x8x8_2x4x8_neoni8mm/16/376/real_time",368641,381.819,378.845,ns,,,"8x16x376",,
"dot/dot_int8_int4_int32_8x8x8_2x4x8_neoni8mm/16/752/real_time",187603,748.389,740.664,ns,,,"8x16x752",,
"dot/dot_int8_int4_int32_8x8x8_2x4x8_neoni8mm/16/1128/real_time",123554,1108.11,1102.72,ns,,,"8x16x1128",,
"dot/dot_int8_int4_int32_8x8x8_2x4x8_neoni8mm/16/1504/real_time",95360,1485.78,1469.35,ns,,,"8x16x1504",,
"dot/dot_int8_int4_int32_8x8x8_2x4x8_neoni8mm/32/8/real_time",3230200,43.3556,42.9013,ns,,,"8x32x8",,
"dot/dot_int8_int4_int32_8x8x8_2x4x8_neoni8mm/32/240/real_time",285338,492.98,488.987,ns,,,"8x32x240",,
"dot/dot_int8_int4_int32_8x8x8_2x4x8_neoni8mm/32/488/real_time",139553,978.217,966.716,ns,,,"8x32x488",,
"dot/dot_int8_int4_int32_8x8x8_2x4x8_neoni8mm/32/728/real_time",97280,1442.71,1434.61,ns,,,"8x32x728",,
"dot/dot_int8_int4_int32_8x8x8_2x4x8_neoni8mm/32/976/real_time",68797,1926.08,1909.84,ns,,,"8x32x976",,
"dot/dot_int8_int4_int32_8x8x8_2x4x8_neoni8mm/64/8/real_time",1707214,84.2191,80.3483,ns,,,"8x64x8",,
"dot/dot_int8_int4_int32_8x8x8_2x4x8_neoni8mm/64/136/real_time",242014,577.579,572.958,ns,,,"8x64x136",,
"dot/dot_int8_int4_int32_8x8x8_2x4x8_neoni8mm/64/280/real_time",123652,1144.57,1131.36,ns,,,"8x64x280",,
"dot/dot_int8_int4_int32_8x8x8_2x4x8_neoni8mm/64/416/real_time",84398,1671.79,1655.06,ns,,,"8x64x416",,
"dot/dot_int8_int4_int32_8x8x8_2x4x8_neoni8mm/64/560/real_time",63279,2243.05,2208.48,ns,,,"8x64x560",,
"dot/dot_int8_int4_int32_10x8x8_2x4x8_neoni8mm/8/8/real_time",7133938,19.7087,19.5367,ns,,,"10x8x8",,
"dot/dot_int8_int4_int32_10x8x8_2x4x8_neoni8mm/8/432/real_time",542351,256.988,254.441,ns,,,"10x8x432",,
"dot/dot_int8_int4_int32_10x8x8_2x4x8_neoni8mm/8/864/real_time",278678,498.952,494.828,ns,,,"10x8x864",,
"dot/dot_int8_int4_int32_10x8x8_2x4x8_neoni8mm/8/1296/real_time",186956,736.836,734.794,ns,,,"10x8x1296",,
"dot/dot_int8_int4_int32_10x8x8_2x4x8_neoni8mm/8/1728/real_time",142168,988.937,976.873,ns,,,"10x8x1728",,
"dot/dot_int8_int4_int32_10x8x8_2x4x8_neoni8mm/16/8/real_time",4641473,30.5306,30.239,ns,,,"10x16x8",,
"dot/dot_int8_int4_int32_10x8x8_2x4x8_neoni8mm/16/328/real_time",353629,388.881,385.387,ns,,,"10x16x328",,
"dot/dot_int8_int4_int32_10x8x8_2x4x8_neoni8mm/16/664/real_time",182539,765.26,759.472,ns,,,"10x16x664",,
"dot/dot_int8_int4_int32_10x8x8_2x4x8_neoni8mm/16/992/real_time",124255,1150.42,1122.77,ns,,,"10x16x992",,
"dot/dot_int8_int4_int32_10x8x8_2x4x8_neoni8mm/16/1328/real_time",93207,1506.37,1497.52,ns,,,"10x16x1328",,
"dot/dot_int8_int4_int32_10x8x8_2x4x8_neoni8mm/32/8/real_time",2640644,52.9568,52.4171,ns,,,"10x32x8",,
"dot/dot_int8_int4_int32_10x8x8_2x4x8_neoni8mm/32/224/real_time",258748,548.448,532.863,ns,,,"10x32x224",,
"dot/dot_int8_int4_int32_10x8x8_2x4x8_neoni8mm/32/448/real_time",135485,1041.51,1029.62,ns,,,"10x32x448",,
"dot/dot_int8_int4_int32_10x8x8_2x4x8_neoni8mm/32/672/real_time",91337,1542.39,1531.2,ns,,,"10x32x672",,
"dot/dot_int8_int4_int32_10x8x8_2x4x8_neoni8mm/32/896/real_time",67094,2048.26,2029.21,ns,,,"10x32x896",,
"dot/dot_int8_int4_int32_10x8x8_2x4x8_neoni8mm/64/8/real_time",1448278,96.6353,95.9536,ns,,,"10x64x8",,
"dot/dot_int8_int4_int32_10x8x8_2x4x8_neoni8mm/64/128/real_time",219684,635.584,631.006,ns,,,"10x64x128",,
"dot/dot_int8_int4_int32_10x8x8_2x4x8_neoni8mm/64/256/real_time",116031,1221.75,1202.75,ns,,,"10x64x256",,
"dot/dot_int8_int4_int32_10x8x8_2x4x8_neoni8mm/64/384/real_time",78834,1784.3,1772.16,ns,,,"10x64x384",,
"dot/dot_int8_int4_int32_10x8x8_2x4x8_neoni8mm/64/520/real_time",57748,2396.16,2376.17,ns,,,"10x64x520",,
"dot/dot_int8_int4_int32_16x4x8_2x4x8_neoni8mm/4/8/real_time",6835321,20.6215,20.423,ns,,,"16x4x8",,
"dot/dot_int8_int4_int32_16x4x8_2x4x8_neoni8mm/4/336/real_time",872557,161.391,160.136,ns,,,"16x4x336",,
"dot/dot_int8_int4_int32_16x4x8_2x4x8_neoni8mm/4/672/real_time",457114,310.22,305.736,ns,,,"16x4x672",,
"dot/dot_int8_int4_int32_16x4x8_2x4x8_neoni8mm/4/1008/real_time",310018,455,450.822,ns,,,"16x4x1008",,
"dot/dot_int8_int4_int32_16x4x8_2x4x8_neoni8mm/4/1344/real_time",236013,601.052,591.862,ns,,,"16x4x1344",,
"dot/dot_int8_int4_int32_16x4x8_2x4x8_neoni8mm/8/8/real_time",4913834,28.6362,28.4184,ns,,,"16x8x8",,
"dot/dot_int8_int4_int32_16x4x8_2x4x8_neoni8mm/8/296/real_time",500810,276.229,274.23,ns,,,"16x8x296",,
"dot/dot_int8_int4_int32_16x4x8_2x4x8_neoni8mm/8/600/real_time",255219,550.501,542.933,ns,,,"16x8x600",,
"dot/dot_int8_int4_int32_16x4x8_2x4x8_neoni8mm/8/896/real_time",174013,811.987,797.168,ns,,,"16x8x896",,
"dot/dot_int8_int4_int32_16x4x8_2x4x8_neoni8mm/8/1200/real_time",134030,1057.19,1042.7,ns,,,"16x8x1200",,
"dot/dot_int8_int4_int32_16x4x8_2x4x8_neoni8mm/16/8/real_time",3024131,46.6911,46.1745,ns,,,"16x16x8",,
"dot/dot_int8_int4_int32_16x4x8_2x4x8_neoni8mm/16/240/real_time",312872,452.549,446.354,ns,,,"16x16x240",,
"dot/dot_int8_int4_int32_16x4x8_2x4x8_neoni8mm/16/488/real_time",156666,890.616,883.694,ns,,,"16x16x488",,
"dot/dot_int8_int4_int32_16x4x8_2x4x8_neoni8mm/16/728/real_time",106745,1316.46,1303.77,ns,,,"16x16x728",,
"dot/dot_int8_int4_int32_16x4x8_2x4x8_neoni8mm/16/976/real_time",78726,1744.78,1730.48,ns,,,"16x16x976",,
"dot/dot_int8_int4_int32_16x4x8_2x4x8_neoni8mm/32/8/real_time",1663420,83.4137,82.855,ns,,,"16x32x8",,
"dot/dot_int8_int4_int32_16x4x8_2x4x8_neoni8mm/32/176/real_time",207532,672.015,667.618,ns,,,"16x32x176",,
"dot/dot_int8_int4_int32_16x4x8_2x4x8_neoni8mm/32/352/real_time",108188,1280.61,1271.22,ns,,,"16x32x352",,
"dot/dot_int8_int4_int32_16x4x8_2x4x8_neoni8mm/32/528/real_time",73053,1927.13,1910.08,ns,,,"16x32x528",,
"dot/dot_int8_int4_int32_16x4x8_2x4x8_neoni8mm/32/704/real_time",54492,2527.82,2510.94,ns,,,"16x32x704",,
"dot/dot_int8_int8_int32_2x32x8_2x4x8_neoni8mm/32/8/real_time",11234827,12.4702,12.344,ns,,,"2x32x8",,
"dot/dot_int8_int8_int32_2x32x8_2x4x8_neoni8mm/32/176/real_time",2124091,66.5148,65.7143,ns,,,"2x32x176",,
"dot/dot_int8_int8_int32_2x32x8_2x4x8_neoni8mm/32/352/real_time",1157356,121.67,120.794,ns,,,"2x32x352",,
"dot/dot_int8_int8_int32_2x32x8_2x4x8_neoni8mm/32/528/real_time",793834,177.471,175.873,ns,,,"2x32x528",,
"dot/dot_int8_int8_int32_2x32x8_2x4x8_neoni8mm/32/712/real_time",597914,234.924,233.318,ns,,,"2x32x712",,
"dot/dot_int8_int8_int32_2x32x8_2x4x8_neoni8mm/64/8/real_time",6519504,20.7424,20.427,ns,,,"2x64x8",,
"dot/dot_int8_int8_int32_2x32x8_2x4x8_neoni8mm/64/88/real_time",1967496,70.7442,70.3066,ns,,,"2x64x88",,
"dot/dot_int8_int8_int32_2x32x8_2x4x8_neoni8mm/64/176/real_time",1117147,126.227,125.112,ns,,,"2x64x176",,
"dot/dot_int8_int8_int32_2x32x8_2x4x8_neoni8mm/64/264/real_time",773055,182.596,180.522,ns,,,"2x64x264",,
"dot/dot_int8_int8_int32_2x32x8_2x4x8_neoni8mm/64/360/real_time",580783,243.711,240.502,ns,,,"2x64x360",,
"dot/dot_int8_int8_int32_2x32x8_2x4x8_neoni8mm/128/8/real_time",4031932,35.0197,34.6335,ns,,,"2x128x8",,
"dot/dot_int8_int8_int32_2x32x8_2x4x8_neoni8mm/128/40/real_time",1891016,74.9144,73.8716,ns,,,"2x128x40",,
"dot/dot_int8_int8_int32_2x32x8_2x4x8_neoni8mm/128/88/real_time",1045731,134.437,133.725,ns,,,"2x128x88",,
"dot/dot_int8_int8_int32_2x32x8_2x4x8_neoni8mm/128/128/real_time",761766,185.244,183.431,ns,,,"2x128x128",,
"dot/dot_int8_int8_int32_2x32x8_2x4x8_neoni8mm/128/176/real_time",573026,245.07,243.559,ns,,,"2x128x176",,
"dot/dot_int8_int8_int32_2x32x8_2x4x8_neoni8mm/256/8/real_time",2238862,62.7633,62.1648,ns,,,"2x256x8",,
"dot/dot_int8_int8_int32_2x32x8_2x4x8_neoni8mm/256/16/real_time",1710568,82.3515,81.5996,ns,,,"2x256x16",,
"dot/dot_int8_int8_int32_2x32x8_2x4x8_neoni8mm/256/40/real_time",994677,142.113,140.366,ns,,,"2x256x40",,
"dot/dot_int8_int8_int32_2x32x8_2x4x8_neoni8mm/256/56/real_time",748473,182.311,180.808,ns,,,"2x256x56",,
"dot/dot_int8_int8_int32_2x32x8_2x4x8_neoni8mm/256/80/real_time",582793,241.439,239.691,ns,,,"2x256x80",,
"dot/dot_int8_int8_int32_4x16x8_2x4x8_neoni8mm/16/8/real_time",10562757,12.915,12.7489,ns,,,"4x16x8",,
"dot/dot_int8_int8_int32_4x16x8_2x4x8_neoni8mm/16/304/real_time",1393642,101.272,100.307,ns,,,"4x16x304",,
"dot/dot_int8_int8_int32_4x16x8_2x4x8_neoni8mm/16/608/real_time",717505,194.402,190.256,ns,,,"4x16x608",,
"dot/dot_int8_int8_int32_4x16x8_2x4x8_neoni8mm/16/912/real_time",431385,288.325,280.167,ns,,,"4x16x912",,
"dot/dot_int8_int8_int32_4x16x8_2x4x8_neoni8mm/16/1216/real_time",376915,373.913,370.847,ns,,,"4x16x1216",,
"dot/dot_int8_int8_int32_4x16x8_2x4x8_neoni8mm/32/8/real_time",6731772,19.9728,19.824,ns,,,"4x32x8",,
"dot/dot_int8_int8_int32_4x16x8_2x4x8_neoni8mm/32/160/real_time",1277276,109.919,109.175,ns,,,"4x32x160",,
"dot/dot_int8_int8_int32_4x16x8_2x4x8_neoni8mm/32/328/real_time",657450,209.74,208.47,ns,,,"4x32x328",,
"dot/dot_int8_int8_int32_4x16x8_2x4x8_neoni8mm/32/496/real_time",453158,312.825,308.111,ns,,,"4x32x496",,
"dot/dot_int8_int8_int32_4x16x8_2x4x8_neoni8mm/32/664/real_time",342658,412.224,407.864,ns,,,"4x32x664",,
"dot/dot_int8_int8_int32_4x16x8_2x4x8_neoni8mm/64/8/real_time",4053498,34.607,34.3242,ns,,,"4x64x8",,
"dot/dot_int8_int8_int32_4x16x8_2x4x8_neoni8mm/64/80/real_time",1176875,120.805,118.744,ns,,,"4x64x80",,
"dot/dot_int8_int8_int32_4x16x8_2x4x8_neoni8mm/64/168/real_time",626143,225.505,223.171,ns,,,"4x64x168",,
"dot/dot_int8_int8_int32_4x16x8_2x4x8_neoni8mm/64/256/real_time",418715,328.71,327.066,ns,,,"4x64x256",,
"dot/dot_int8_int8_int32_4x16x8_2x4x8_neoni8mm/64/344/real_time",317089,435.893,431.135,ns,,,"4x64x344",,
"dot/dot_int8_int8_int32_4x16x8_2x4x8_neoni8mm/128/8/real_time",2211487,62.8352,62.5207,ns,,,"4x128x8",,
"dot/dot_int8_int8_int32_4x16x8_2x4x8_neoni8mm/128/40/real_time",1004693,140.845,139.135,ns,,,"4x128x40",,
"dot/dot_int8_int8_int32_4x16x8_2x4x8_neoni8mm/128/80/real_time",600546,236.2,233.654,ns,,,"4x128x80",,
"dot/dot_int8_int8_int32_4x16x8_2x4x8_neoni8mm/128/120/real_time",422282,330.221,326.944,ns,,,"4x128x120",,
"dot/dot_int8_int8_int32_4x16x8_2x4x8_neoni8mm/128/168/real_time",316965,448.728,440.979,ns,,,"4x128x168",,
"dot/dot_int8_int8_int32_6x16x8_2x4x8_neoni8mm/16/8/real_time",7869475,17.9945,17.7611,ns,,,"6x16x8",,
"dot/dot_int8_int8_int32_6x16x8_2x4x8_neoni8mm/16/272/real_time",1001867,136.46,134.892,ns,,,"6x16x272",,
"dot/dot_int8_int8_int32_6x16x8_2x4x8_neoni8mm/16/544/real_time",546162,258.925,255.73,ns,,,"6x16x544",,
"dot/dot_int8_int8_int32_6x16x8_2x4x8_neoni8mm/16/816/real_time",364035,378.942,376.492,ns,,,"6x16x816",,
"dot/dot_int8_int8_int32_6x16x8_2x4x8_neoni8mm/16/1096/real_time",274470,506.952,500.86,ns,,,"6x16x1096",,
"dot/dot_int8_int8_int32_6x16x8_2x4x8_neoni8mm/32/8/real_time",4908092,28.7174,28.4083,ns,,,"6x32x8",,
"dot/dot_int8_int8_int32_6x16x8_2x4x8_neoni8mm/32/152/real_time",896191,157.23,155.981,ns,,,"6x32x152",,
"dot/dot_int8_int8_int32_6x16x8_2x4x8_neoni8mm/32/312/real_time",458517,300.975,298.07,ns,,,"6x32x312",,
"dot/dot_int8_int8_int32_6x16x8_2x4x8_neoni8mm/32/464/real_time",318063,436.405,433.218,ns,,,"6x32x464",,
"dot/dot_int8_int8_int32_6x16x8_2x4x8_neoni8mm/32/624/real_time",240653,580.819,575.399,ns,,,"6x32x624",,
"dot/dot_int8_int8_int32_6x16x8_2x4x8_neoni8mm/64/8/real_time",2818194,50.6402,49.5475,ns,,,"6x64x8",,
"dot/dot_int8_int8_int32_6x16x8_2x4x8_neoni8mm/64/80/real_time",783969,178.893,177.578,ns,,,"6x64x80",,
"dot/dot_int8_int8_int32_6x16x8_2x4x8_neoni8mm/64/160/real_time",427872,322.376,319.36,ns,,,"6x64x160",,
"dot/dot_int8_int8_int32_6x16x8_2x4x8_neoni8mm/64/240/real_time",299007,464.897,461.487,ns,,,"6x64x240",,
"dot/dot_int8_int8_int32_6x16x8_2x4x8_neoni8mm/64/328/real_time",223106,623.195,617.236,ns,,,"6x64x328",,
"dot/dot_int8_int8_int32_6x16x8_2x4x8_neoni8mm/128/8/real_time",1496678,93.045,92.3019,ns,,,"6x128x8",,
"dot/dot_int8_int8_int32_6x16x8_2x4x8_neoni8mm/128/40/real_time",656662,207.637,206.003,ns,,,"6x128x40",,
"dot/dot_int8_int8_int32_6x16x8_2x4x8_neoni8mm/128/80/real_time",401341,357.961,348.158,ns,,,"6x128x80",,
"dot/dot_int8_int8_int32_6x16x8_2x4x8_neoni8mm/128/120/real_time",284880,496.447,490.166,ns,,,"6x128x120",,
"dot/dot_int8_int8_int32_6x16x8_2x4x8_neoni8mm/128/160/real_time",220937,641.246,632.105,ns,,,"6x128x160",,
"dot/dot_int8_int8_int32_6x8x8_2x4x8_neoni8mm/8/8/real_time",10498175,13.4027,13.3185,ns,,,"6x8x8",,
"dot/dot_int8_int8_int32_6x8x8_2x4x8_neoni8mm/8/432/real_time",1318850,106.804,105.763,ns,,,"6x8x432",,
"dot/dot_int8_int8_int32_6x8x8_2x4x8_neoni8mm/8/864/real_time",692460,202.884,201.797,ns,,,"6x8x864",,
"dot/dot_int8_int8_int32_6x8x8_2x4x8_neoni8mm/8/1296/real_time",448199,302.723,300.916,ns,,,"6x8x1296",,
"dot/dot_int8_int8_int32_6x8x8_2x4x8_neoni8mm/8/1736/real_time",350067,402.828,398.284,ns,,,"6x8x1736",,
"dot/dot_int8_int8_int32_6x8x8_2x4x8_neoni8mm/16/8/real_time",7154902,19.7465,19.5358,ns,,,"6x16x8",,
"dot/dot_int8_int8_int32_6x8x8_2x4x8_neoni8mm/16/272/real_time",1002136,135.393,134.088,ns,,,"6x16x272",,
"dot/dot_int8_int8_int32_6x8x8_2x4x8_neoni8mm/16/544/real_time",547778,256.855,254.913,ns,,,"6x16x544",,
"dot/dot_int8_int8_int32_6x8x8_2x4x8_neoni8mm/16/816/real_time",370179,379.084,375.806,ns,,,"6x16x816",,
"dot/dot_int8_int8_int32_6x8x8_2x4x8_neoni8mm/16/1096/real_time",274767,506.139,500.535,ns,,,"6x16x1096",,
"dot/dot_int8_int8_int32_6x8x8_2x4x8_neoni8mm/32/8/real_time",4260068,32.4961,32.268,ns,,,"6x32x8",,
"dot/dot_int8_int8_int32_6x8x8_2x4x8_neoni8mm/32/152/real_time",899299,156.502,155.565,ns,,,"6x32x152",,
"dot/dot_int8_int8_int32_6x8x8_2x4x8_neoni8mm/32/312/real_time",465828,299.9,297.767,ns,,,"6x32x312",,
"dot/dot_int8_int8_int32_6x8x8_2x4x8_neoni8mm/32/464/real_time",317037,436.486,433.032,ns,,,"6x32x464",,
"dot/dot_int8_int8_int32_6x8x8_2x4x8_neoni8mm/32/624/real_time",237103,588.826,582.1,ns,,,"6x32x624",,
"dot/dot_int8_int8_int32_6x8x8_2x4x8_neoni8mm/64/8/real_time",2354190,58.0146,57.7134,ns,,,"6x64x8",,
"dot/dot_int8_int8_int32_6x8x8_2x4x8_neoni8mm/64/80/real_time",787706,179.143,177.53,ns,,,"6x64x80",,
"dot/dot_int8_int8_int32_6x8x8_2x4x8_neoni8mm/64/160/real_time",437062,323.691,319.189,ns,,,"6x64x160",,
"dot/dot_int8_int8_int32_6x8x8_2x4x8_neoni8mm/64/240/real_time",296209,468.096,464.084,ns,,,"6x64x240",,
"dot/dot_int8_int8_int32_6x8x8_2x4x8_neoni8mm/64/328/real_time",220050,625.919,620.903,ns,,,"6x64x328",,
"dot/dot_int8_int8_int32_8x8x8_2x4x8_neoni8mm/8/8/real_time",8792431,16.0765,15.8364,ns,,,"8x8x8",,
"dot/dot_int8_int8_int32_8x8x8_2x4x8_neoni8mm/8/376/real_time",1137718,123.598,122.592,ns,,,"8x8x376",,
"dot/dot_int8_int8_int32_8x8x8_2x4x8_neoni8mm/8/760/real_time",578073,241.596,236.467,ns,,,"8x8x760",,
"dot/dot_int8_int8_int32_8x8x8_2x4x8_neoni8mm/8/1136/real_time",401911,350.789,347.294,ns,,,"8x8x1136",,
"dot/dot_int8_int8_int32_8x8x8_2x4x8_neoni8mm/8/1520/real_time",302738,465.077,461.257,ns,,,"8x8x1520",,
"dot/dot_int8_int8_int32_8x8x8_2x4x8_neoni8mm/16/8/real_time",5736548,23.9064,23.6938,ns,,,"8x16x8",,
"dot/dot_int8_int8_int32_8x8x8_2x4x8_neoni8mm/16/248/real_time",805106,173.706,170.749,ns,,,"8x16x248",,
"dot/dot_int8_int8_int32_8x8x8_2x4x8_neoni8mm/16/496/real_time",438281,317.959,316.03,ns,,,"8x16x496",,
"dot/dot_int8_int8_int32_8x8x8_2x4x8_neoni8mm/16/744/real_time",295039,466.029,462.185,ns,,,"8x16x744",,
"dot/dot_int8_int8_int32_8x8x8_2x4x8_neoni8mm/16/1000/real_time",223348,618.311,614.064,ns,,,"8x16x1000",,
"dot/dot_int8_int8_int32_8x8x8_2x4x8_neoni8mm/32/8/real_time",3121081,47.251,46.8252,ns,,,"8x32x8",,
"dot/dot_int8_int8_int32_8x8x8_2x4x8_neoni8mm/32/144/real_time",678331,210.014,205.864,ns,,,"8x32x144",,
"dot/dot_int8_int8_int32_8x8x8_2x4x8_neoni8mm/32/288/real_time",363762,382.089,376.508,ns,,,"8x32x288",,
"dot/dot_int8_int8_int32_8x8x8_2x4x8_neoni8mm/32/432/real_time",255375,555.378,546.939,ns,,,"8x32x432",,
"dot/dot_int8_int8_int32_8x8x8_2x4x8_neoni8mm/32/584/real_time",191772,730.717,723.429,ns,,,"8x32x584",,
"dot/dot_int8_int8_int32_8x8x8_2x4x8_neoni8mm/64/8/real_time",1753853,82.4002,81.624,ns,,,"8x64x8",,
"dot/dot_int8_int8_int32_8x8x8_2x4x8_neoni8mm/64/72/real_time",619161,228.524,225.611,ns,,,"8x64x72",,
"dot/dot_int8_int8_int32_8x8x8_2x4x8_neoni8mm/64/152/real_time",335966,418.55,415.201,ns,,,"8x64x152",,
"dot/dot_int8_int8_int32_8x8x8_2x4x8_neoni8mm/64/232/real_time",230287,607.407,603.47,ns,,,"8x64x232",,
"dot/dot_int8_int8_int32_8x8x8_2x4x8_neoni8mm/64/312/real_time",177104,797.143,788.01,ns,,,"8x64x312",,
"dot/dot_int8_int8_int32_10x8x8_2x4x8_neoni8mm/8/8/real_time",7435428,18.9213,18.795,ns,,,"10x8x8",,
"dot/dot_int8_int8_int32_10x8x8_2x4x8_neoni8mm/8/336/real_time",1007109,140.629,138.336,ns,,,"10x8x336",,
"dot/dot_int8_int8_int32_10x8x8_2x4x8_neoni8mm/8/672/real_time",531510,265.362,262.777,ns,,,"10x8x672",,
"dot/dot_int8_int8_int32_10x8x8_2x4x8_neoni8mm/8/1008/real_time",360551,389.749,387.061,ns,,,"10x8x1008",,
"dot/dot_int8_int8_int32_10x8x8_2x4x8_neoni8mm/8/1344/real_time",267357,514.842,511.234,ns,,,"10x8x1344",,
"dot/dot_int8_int8_int32_10x8x8_2x4x8_neoni8mm/16/8/real_time",4855386,28.6463,28.3819,ns,,,"10x16x8",,
"dot/dot_int8_int8_int32_10x8x8_2x4x8_neoni8mm/16/224/real_time",752997,186.916,185.652,ns,,,"10x16x224",,
"dot/dot_int8_int8_int32_10x8x8_2x4x8_neoni8mm/16/456/real_time",385626,361.044,357.664,ns,,,"10x16x456",,
"dot/dot_int8_int8_int32_10x8x8_2x4x8_neoni8mm/16/688/real_time",255796,533.794,529.121,ns,,,"10x16x688",,
"dot/dot_int8_int8_int32_10x8x8_2x4x8_neoni8mm/16/920/real_time",197378,707.454,701.225,ns,,,"10x16x920",,
"dot/dot_int8_int8_int32_10x8x8_2x4x8_neoni8mm/32/8/real_time",2942604,47.3879,46.7942,ns,,,"10x32x8",,
"dot/dot_int8_int8_int32_10x8x8_2x4x8_neoni8mm/32/136/real_time",598004,237.849,233.726,ns,,,"10x32x136",,
"dot/dot_int8_int8_int32_10x8x8_2x4x8_neoni8mm/32/272/real_time",321532,440.62,434.249,ns,,,"10x32x272",,
"dot/dot_int8_int8_int32_10x8x8_2x4x8_neoni8mm/32/408/real_time",219579,643.092,635.687,ns,,,"10x32x408",,
"dot/dot_int8_int8_int32_10x8x8_2x4x8_neoni8mm/32/552/real_time",162514,858.111,851.765,ns,,,"10x32x552",,
"dot/dot_int8_int8_int32_10x8x8_2x4x8_neoni8mm/64/8/real_time",1652578,84.5936,84.0567,ns,,,"10x64x8",,
"dot/dot_int8_int8_int32_10x8x8_2x4x8_neoni8mm/64/72/real_time",503617,271.378,269.005,ns,,,"10x64x72",,
"dot/dot_int8_int8_int32_10x8x8_2x4x8_neoni8mm/64/144/real_time",288417,489.549,481.963,ns,,,"10x64x144",,
"dot/dot_int8_int8_int32_10x8x8_2x4x8_neoni8mm/64/216/real_time",199061,702.137,695.16,ns,,,"10x64x216",,
"dot/dot_int8_int8_int32_10x8x8_2x4x8_neoni8mm/64/296/real_time",148188,942.901,935.434,ns,,,"10x64x296",,
"dot/dot_int8_int8_int32_16x4x8_2x4x8_neoni8mm/4/8/real_time",6811168,20.0348,19.8305,ns,,,"16x4x8",,
"dot/dot_int8_int8_int32_16x4x8_2x4x8_neoni8mm/4/304/real_time",1335722,105.191,104.47,ns,,,"16x4x304",,
"dot/dot_int8_int8_int32_16x4x8_2x4x8_neoni8mm/4/608/real_time",697170,196.674,194.718,ns,,,"16x4x608",,
"dot/dot_int8_int8_int32_16x4x8_2x4x8_neoni8mm/4/912/real_time",490429,291.383,284.619,ns,,,"16x4x912",,
"dot/dot_int8_int8_int32_16x4x8_2x4x8_neoni8mm/4/1216/real_time",368043,380.892,377.818,ns,,,"16x4x1216",,
"dot/dot_int8_int8_int32_16x4x8_2x4x8_neoni8mm/8/8/real_time",5051388,27.5176,27.2319,ns,,,"16x8x8",,
"dot/dot_int8_int8_int32_16x4x8_2x4x8_neoni8mm/8/248/real_time",842111,168.097,166.065,ns,,,"16x8x248",,
"dot/dot_int8_int8_int32_16x4x8_2x4x8_neoni8mm/8/496/real_time",446710,314.695,312.792,ns,,,"16x8x496",,
"dot/dot_int8_int8_int32_16x4x8_2x4x8_neoni8mm/8/744/real_time",301173,463.302,459.64,ns,,,"16x8x744",,
"dot/dot_int8_int8_int32_16x4x8_2x4x8_neoni8mm/8/1000/real_time",225388,616.33,611.468,ns,,,"16x8x1000",,
"dot/dot_int8_int8_int32_16x4x8_2x4x8_neoni8mm/16/8/real_time",3284540,42.4538,42.031,ns,,,"16x16x8",,
"dot/dot_int8_int8_int32_16x4x8_2x4x8_neoni8mm/16/184/real_time",566057,249.901,246.675,ns,,,"16x16x184",,
"dot/dot_int8_int8_int32_16x4x8_2x4x8_neoni8mm/16/368/real_time",300871,470.361,464.562,ns,,,"16x16x368",,
"dot/dot_int8_int8_int32_16x4x8_2x4x8_neoni8mm/16/552/real_time",204183,693.315,685.851,ns,,,"16x16x552",,
"dot/dot_int8_int8_int32_16x4x8_2x4x8_neoni8mm/16/736/real_time",151599,909.614,902.853,ns,,,"16x16x736",,
"dot/dot_int8_int8_int32_16x4x8_2x4x8_neoni8mm/32/8/real_time",1932636,72.1512,71.6235,ns,,,"16x32x8",,
"dot/dot_int8_int8_int32_16x4x8_2x4x8_neoni8mm/32/112/real_time",434893,316.448,312.999,ns,,,"16x32x112",,
"dot/dot_int8_int8_int32_16x4x8_2x4x8_neoni8mm/32/232/real_time",228485,605.103,600.788,ns,,,"16x32x232",,
"dot/dot_int8_int8_int32_16x4x8_2x4x8_neoni8mm/32/344/real_time",160057,874.412,866.07,ns,,,"16x32x344",,
"dot/dot_int8_int8_int32_16x4x8_2x4x8_neoni8mm/32/464/real_time",121232,1195.04,1150.72,ns,,,"16x32x464",,
"dot/dot_bf16_bf16_fp32_2x32x4_2x4x4_neonbf16/32/4/real_time",11255339,12.519,12.4194,ns,,,"2x32x4",,
"dot/dot_bf16_bf16_fp32_2x32x4_2x4x4_neonbf16/32/88/real_time",2075972,66.6758,66.0077,ns,,,"2x32x88",,
"dot/dot_bf16_bf16_fp32_2x32x4_2x4x4_neonbf16/32/176/real_time",1092519,122.199,121.16,ns,,,"2x32x176",,
"dot/dot_bf16_bf16_fp32_2x32x4_2x4x4_neonbf16/32/264/real_time",791550,177.916,176.418,ns,,,"2x32x264",,
"dot/dot_bf16_bf16_fp32_2x32x4_2x4x4_neonbf16/32/356/real_time",585073,235.741,233.874,ns,,,"2x32x356",,
"dot/dot_bf16_bf16_fp32_2x32x4_2x4x4_neonbf16/64/4/real_time",6600352,21.378,21.0679,ns,,,"2x64x4",,
"dot/dot_bf16_bf16_fp32_2x32x4_2x4x4_neonbf16/64/44/real_time",1980574,71.7422,70.3896,ns,,,"2x64x44",,
"dot/dot_bf16_bf16_fp32_2x32x4_2x4x4_neonbf16/64/88/real_time",1114879,126.439,125.51,ns,,,"2x64x88",,
"dot/dot_bf16_bf16_fp32_2x32x4_2x4x4_neonbf16/64/132/real_time",745899,182.474,180.75,ns,,,"2x64x132",,
"dot/dot_bf16_bf16_fp32_2x32x4_2x4x4_neonbf16/64/180/real_time",568468,247.225,245.514,ns,,,"2x64x180",,
"dot/dot_bf16_bf16_fp32_2x32x4_2x4x4_neonbf16/128/4/real_time",4102530,34.015,33.7592,ns,,,"2x128x4",,
"dot/dot_bf16_bf16_fp32_2x32x4_2x4x4_neonbf16/128/20/real_time",1869183,74.7191,74.1226,ns,,,"2x128x20",,
"dot/dot_bf16_bf16_fp32_2x32x4_2x4x4_neonbf16/128/44/real_time",996986,134.757,133.891,ns,,,"2x128x44",,
"dot/dot_bf16_bf16_fp32_2x32x4_2x4x4_neonbf16/128/64/real_time",760109,185.366,183.78,ns,,,"2x128x64",,
"dot/dot_bf16_bf16_fp32_2x32x4_2x4x4_neonbf16/128/88/real_time",566428,245.874,244.039,ns,,,"2x128x88",,
"dot/dot_bf16_bf16_fp32_2x32x4_2x4x4_neonbf16/256/4/real_time",2228176,62.77,62.1682,ns,,,"2x256x4",,
"dot/dot_bf16_bf16_fp32_2x32x4_2x4x4_neonbf16/256/8/real_time",1699640,84.0023,81.7108,ns,,,"2x256x8",,
"dot/dot_bf16_bf16_fp32_2x32x4_2x4x4_neonbf16/256/20/real_time",955994,141.611,140.662,ns,,,"2x256x20",,
"dot/dot_bf16_bf16_fp32_2x32x4_2x4x4_neonbf16/256/28/real_time",769841,183.575,181.183,ns,,,"2x256x28",,
"dot/dot_bf16_bf16_fp32_2x32x4_2x4x4_neonbf16/256/40/real_time",580029,242.577,240.081,ns,,,"2x256x40",,
"dot/dot_bf16_bf16_fp32_4x16x4_2x4x4_neonbf16/16/4/real_time",10848180,13.0239,12.8771,ns,,,"4x16x4",,
"dot/dot_bf16_bf16_fp32_4x16x4_2x4x4_neonbf16/16/152/real_time",1000000,101.245,99.8114,ns,,,"4x16x152",,
"dot/dot_bf16_bf16_fp32_4x16x4_2x4x4_neonbf16/16/304/real_time",736247,191.333,189.579,ns,,,"4x16x304",,
"dot/dot_bf16_bf16_fp32_4x16x4_2x4x4_neonbf16/16/456/real_time",487531,281.692,279.584,ns,,,"4x16x456",,
"dot/dot_bf16_bf16_fp32_4x16x4_2x4x4_neonbf16/16/608/real_time",373287,378.697,373.308,ns,,,"4x16x608",,
"dot/dot_bf16_bf16_fp32_4x16x4_2x4x4_neonbf16/32/4/real_time",6852825,20.5927,20.4528,ns,,,"4x32x4",,
"dot/dot_bf16_bf16_fp32_4x16x4_2x4x4_neonbf16/32/80/real_time",1245875,109.865,108.974,ns,,,"4x32x80",,
"dot/dot_bf16_bf16_fp32_4x16x4_2x4x4_neonbf16/32/164/real_time",669671,210.05,208.548,ns,,,"4x32x164",,
"dot/dot_bf16_bf16_fp32_4x16x4_2x4x4_neonbf16/32/248/real_time",449659,309.692,307.964,ns,,,"4x32x248",,
"dot/dot_bf16_bf16_fp32_4x16x4_2x4x4_neonbf16/32/332/real_time",337648,410.058,407.341,ns,,,"4x32x332",,
"dot/dot_bf16_bf16_fp32_4x16x4_2x4x4_neonbf16/64/4/real_time",4016957,34.9368,34.6874,ns,,,"4x64x4",,
"dot/dot_bf16_bf16_fp32_4x16x4_2x4x4_neonbf16/64/40/real_time",1176558,119.718,118.706,ns,,,"4x64x40",,
"dot/dot_bf16_bf16_fp32_4x16x4_2x4x4_neonbf16/64/84/real_time",626982,225.573,222.849,ns,,,"4x64x84",,
"dot/dot_bf16_bf16_fp32_4x16x4_2x4x4_neonbf16/64/128/real_time",427588,330.5,326.819,ns,,,"4x64x128",,
"dot/dot_bf16_bf16_fp32_4x16x4_2x4x4_neonbf16/64/172/real_time",323717,433.559,431.045,ns,,,"4x64x172",,
"dot/dot_bf16_bf16_fp32_4x16x4_2x4x4_neonbf16/128/4/real_time",2167671,64.4941,63.1779,ns,,,"4x128x4",,
"dot/dot_bf16_bf16_fp32_4x16x4_2x4x4_neonbf16/128/20/real_time",993346,138.374,137.57,ns,,,"4x128x20",,
"dot/dot_bf16_bf16_fp32_4x16x4_2x4x4_neonbf16/128/40/real_time",600664,235.611,232.441,ns,,,"4x128x40",,
"dot/dot_bf16_bf16_fp32_4x16x4_2x4x4_neonbf16/128/60/real_time",427224,329.098,326.925,ns,,,"4x128x60",,
"dot/dot_bf16_bf16_fp32_4x16x4_2x4x4_neonbf16/128/84/real_time",312233,444.402,440.421,ns,,,"4x128x84",,
"dot/dot_bf16_bf16_fp32_6x16x4_2x4x4_neonbf16/16/4/real_time",7857697,17.9648,17.76,ns,,,"6x16x4",,
"dot/dot_bf16_bf16_fp32_6x16x4_2x4x4_neonbf16/16/136/real_time",1042586,134.798,133.909,ns,,,"6x16x136",,
"dot/dot_bf16_bf16_fp32_6x16x4_2x4x4_neonbf16/16/272/real_time",537887,256.44,255.029,ns,,,"6x16x272",,
"dot/dot_bf16_bf16_fp32_6x16x4_2x4x4_neonbf16/16/408/real_time",371655,380.242,375.754,ns,,,"6x16x408",,
"dot/dot_bf16_bf16_fp32_6x16x4_2x4x4_neonbf16/16/548/real_time",279229,506.792,500.147,ns,,,"6x16x548",,
"dot/dot_bf16_bf16_fp32_6x16x4_2x4x4_neonbf16/32/4/real_time",4996854,28.2939,28.0689,ns,,,"6x32x4",,
"dot/dot_bf16_bf16_fp32_6x16x4_2x4x4_neonbf16/32/76/real_time",888734,157.366,155.648,ns,,,"6x32x76",,
"dot/dot_bf16_bf16_fp32_6x16x4_2x4x4_neonbf16/32/156/real_time",469577,300.786,297.828,ns,,,"6x32x156",,
"dot/dot_bf16_bf16_fp32_6x16x4_2x4x4_neonbf16/32/232/real_time",322825,435.347,432.161,ns,,,"6x32x232",,
"dot/dot_bf16_bf16_fp32_6x16x4_2x4x4_neonbf16/32/312/real_time",241784,578.497,574.542,ns,,,"6x32x312",,
"dot/dot_bf16_bf16_fp32_6x16x4_2x4x4_neonbf16/64/4/real_time",2836050,49.2348,48.9257,ns,,,"6x64x4",,
"dot/dot_bf16_bf16_fp32_6x16x4_2x4x4_neonbf16/64/40/real_time",762731,178.329,176.53,ns,,,"6x64x40",,
"dot/dot_bf16_bf16_fp32_6x16x4_2x4x4_neonbf16/64/80/real_time",437934,331.977,319.035,ns,,,"6x64x80",,
"dot/dot_bf16_bf16_fp32_6x16x4_2x4x4_neonbf16/64/120/real_time",303102,464.414,461.018,ns,,,"6x64x120",,
"dot/dot_bf16_bf16_fp32_6x16x4_2x4x4_neonbf16/64/164/real_time",225618,623.436,617.282,ns,,,"6x64x164",,
"dot/dot_bf16_bf16_fp32_6x16x4_2x4x4_neonbf16/128/4/real_time",1513211,92.5914,91.7836,ns,,,"6x128x4",,
"dot/dot_bf16_bf16_fp32_6x16x4_2x4x4_neonbf16/128/20/real_time",681035,207.58,205.085,ns,,,"6x128x20",,
"dot/dot_bf16_bf16_fp32_6x16x4_2x4x4_neonbf16/128/40/real_time",400500,349.556,347.163,ns,,,"6x128x40",,
"dot/dot_bf16_bf16_fp32_6x16x4_2x4x4_neonbf16/128/60/real_time",282100,494.871,490.164,ns,,,"6x128x60",,
"dot/dot_bf16_bf16_fp32_6x16x4_2x4x4_neonbf16/128/80/real_time",219140,637.59,631.583,ns,,,"6x128x80",,
"dot/dot_bf16_bf16_fp32_6x8x8_2x4x4_neonbf16/8/8/real_time",8907712,15.8315,15.6872,ns,,,"6x8x8",,
"dot/dot_bf16_bf16_fp32_6x8x8_2x4x4_neonbf16/8/216/real_time",1314255,106.89,106.109,ns,,,"6x8x216",,
"dot/dot_bf16_bf16_fp32_6x8x8_2x4x4_neonbf16/8/432/real_time",684153,204.266,202.652,ns,,,"6x8x432",,
"dot/dot_bf16_bf16_fp32_6x8x8_2x4x4_neonbf16/8/648/real_time",468039,302.423,298.159,ns,,,"6x8x648",,
"dot/dot_bf16_bf16_fp32_6x8x8_2x4x4_neonbf16/8/864/real_time",353824,397.362,394.309,ns,,,"6x8x864",,
"dot/dot_bf16_bf16_fp32_6x8x8_2x4x4_neonbf16/16/8/real_time",5650359,24.1626,23.9733,ns,,,"6x16x8",,
"dot/dot_bf16_bf16_fp32_6x8x8_2x4x4_neonbf16/16/136/real_time",1039390,136.134,134.57,ns,,,"6x16x136",,
"dot/dot_bf16_bf16_fp32_6x8x8_2x4x4_neonbf16/16/272/real_time",539708,258.313,255.908,ns,,,"6x16x272",,
"dot/dot_bf16_bf16_fp32_6x8x8_2x4x4_neonbf16/16/408/real_time",365791,379.679,376.318,ns,,,"6x16x408",,
"dot/dot_bf16_bf16_fp32_6x8x8_2x4x4_neonbf16/16/544/real_time",280375,510.99,497.441,ns,,,"6x16x544",,
"dot/dot_bf16_bf16_fp32_6x8x8_2x4x4_neonbf16/32/8/real_time",3444440,41.0287,40.5554,ns,,,"6x32x8",,
"dot/dot_bf16_bf16_fp32_6x8x8_2x4x4_neonbf16/32/72/real_time",938492,149.68,148.805,ns,,,"6x32x72",,
"dot/dot_bf16_bf16_fp32_6x8x8_2x4x4_neonbf16/32/152/real_time",466799,293.56,291.184,ns,,,"6x32x152",,
"dot/dot_bf16_bf16_fp32_6x8x8_2x4x4_neonbf16/32/232/real_time",322561,439.659,433.193,ns,,,"6x32x232",,
"dot/dot_bf16_bf16_fp32_6x8x8_2x4x4_neonbf16/32/312/real_time",242606,584.623,575.063,ns,,,"6x32x312",,
"dot/dot_bf16_bf16_fp32_6x8x8_2x4x4_neonbf16/64/8/real_time",1882487,74.3584,73.6995,ns,,,"6x64x8",,
"dot/dot_bf16_bf16_fp32_6x8x8_2x4x4_neonbf16/64/40/real_time",785813,178.629,177.323,ns,,,"6x64x40",,
"dot/dot_bf16_bf16_fp32_6x8x8_2x4x4_neonbf16/64/80/real_time",433004,323.339,319.909,ns,,,"6x64x80",,
"dot/dot_bf16_bf16_fp32_6x8x8_2x4x4_neonbf16/64/120/real_time",299078,465.469,461.544,ns,,,"6x64x120",,
"dot/dot_bf16_bf16_fp32_6x8x8_2x4x4_neonbf16/64/160/real_time",227565,608.324,603.842,ns,,,"6x64x160",,
"dot/dot_bf16_bf16_fp32_8x8x8_2x4x4_neonbf16/8/8/real_time",7255785,19.5087,19.2392,ns,,,"8x8x8",,
"dot/dot_bf16_bf16_fp32_8x8x8_2x4x4_neonbf16/8/184/real_time",1149923,122.238,121.519,ns,,,"8x8x184",,
"dot/dot_bf16_bf16_fp32_8x8x8_2x4x4_neonbf16/8/376/real_time",594171,237.655,235.207,ns,,,"8x8x376",,
"dot/dot_bf16_bf16_fp32_8x8x8_2x4x4_neonbf16/8/568/real_time",400519,354.209,349.174,ns,,,"8x8x568",,
"dot/dot_bf16_bf16_fp32_8x8x8_2x4x4_neonbf16/8/760/real_time",301562,466.917,462.708,ns,,,"8x8x760",,
"dot/dot_bf16_bf16_fp32_8x8x8_2x4x4_neonbf16/16/8/real_time",4714851,29.4967,29.3011,ns,,,"8x16x8",,
"dot/dot_bf16_bf16_fp32_8x8x8_2x4x4_neonbf16/16/120/real_time",874432,162.944,159.571,ns,,,"8x16x120",,
"dot/dot_bf16_bf16_fp32_8x8x8_2x4x4_neonbf16/16/248/real_time",449065,312.934,310.786,ns,,,"8x16x248",,
"dot/dot_bf16_bf16_fp32_8x8x8_2x4x4_neonbf16/16/368/real_time",306534,455.307,452.89,ns,,,"8x16x368",,
"dot/dot_bf16_bf16_fp32_8x8x8_2x4x4_neonbf16/16/496/real_time",228060,610.527,604.808,ns,,,"8x16x496",,
"dot/dot_bf16_bf16_fp32_8x8x8_2x4x4_neonbf16/32/8/real_time",2777279,49.9539,49.7216,ns,,,"8x32x8",,
"dot/dot_bf16_bf16_fp32_8x8x8_2x4x4_neonbf16/32/72/real_time",707013,199.142,197.262,ns,,,"8x32x72",,
"dot/dot_bf16_bf16_fp32_8x8x8_2x4x4_neonbf16/32/144/real_time",380003,372.972,367.652,ns,,,"8x32x144",,
"dot/dot_bf16_bf16_fp32_8x8x8_2x4x4_neonbf16/32/216/real_time",259211,542.34,538.2,ns,,,"8x32x216",,
"dot/dot_bf16_bf16_fp32_8x8x8_2x4x4_neonbf16/32/288/real_time",194707,716.541,708.776,ns,,,"8x32x288",,
"dot/dot_bf16_bf16_fp32_8x8x8_2x4x4_neonbf16/64/8/real_time",1547826,90.185,89.6787,ns,,,"8x64x8",,
"dot/dot_bf16_bf16_fp32_8x8x8_2x4x4_neonbf16/64/32/real_time",685533,206.022,203.252,ns,,,"8x64x32",,
"dot/dot_bf16_bf16_fp32_8x8x8_2x4x4_neonbf16/64/72/real_time",358541,391.899,389.364,ns,,,"8x64x72",,
"dot/dot_bf16_bf16_fp32_8x8x8_2x4x4_neonbf16/64/112/real_time",241057,580.464,576.264,ns,,,"8x64x112",,
"dot/dot_bf16_bf16_fp32_8x8x8_2x4x4_neonbf16/64/152/real_time",180410,781.545,773.685,ns,,,"8x64x152",,
"dot/dot_bf16_bf16_fp32_10x8x8_2x4x4_neonbf16/8/8/real_time",6257857,22.4595,22.3354,ns,,,"10x8x8",,
"dot/dot_bf16_bf16_fp32_10x8x8_2x4x4_neonbf16/8/168/real_time",1002002,141.978,139.51,ns,,,"10x8x168",,
"dot/dot_bf16_bf16_fp32_10x8x8_2x4x4_neonbf16/8/336/real_time",529289,270.759,263.742,ns,,,"10x8x336",,
"dot/dot_bf16_bf16_fp32_10x8x8_2x4x4_neonbf16/8/504/real_time",359056,390.592,388.169,ns,,,"10x8x504",,
"dot/dot_bf16_bf16_fp32_10x8x8_2x4x4_neonbf16/8/672/real_time",270060,514.557,512.325,ns,,,"10x8x672",,
"dot/dot_bf16_bf16_fp32_10x8x8_2x4x4_neonbf16/16/8/real_time",3973416,34.905,34.609,ns,,,"10x16x8",,
"dot/dot_bf16_bf16_fp32_10x8x8_2x4x4_neonbf16/16/112/real_time",746805,189.269,187.087,ns,,,"10x16x112",,
"dot/dot_bf16_bf16_fp32_10x8x8_2x4x4_neonbf16/16/224/real_time",395995,354.77,352.841,ns,,,"10x16x224",,
"dot/dot_bf16_bf16_fp32_10x8x8_2x4x4_neonbf16/16/336/real_time",266538,525.177,518.599,ns,,,"10x16x336",,
"dot/dot_bf16_bf16_fp32_10x8x8_2x4x4_neonbf16/16/456/real_time",198727,700.687,696.074,ns,,,"10x16x456",,
"dot/dot_bf16_bf16_fp32_10x8x8_2x4x4_neonbf16/32/8/real_time",2343199,59.2452,58.8206,ns,,,"10x32x8",,
"dot/dot_bf16_bf16_fp32_10x8x8_2x4x4_neonbf16/32/64/real_time",599047,224.722,222.815,ns,,,"10x32x64",,
"dot/dot_bf16_bf16_fp32_10x8x8_2x4x4_neonbf16/32/136/real_time",320587,440.09,435.449,ns,,,"10x32x136",,
"dot/dot_bf16_bf16_fp32_10x8x8_2x4x4_neonbf16/32/200/real_time",222773,629.703,625.151,ns,,,"10x32x200",,
"dot/dot_bf16_bf16_fp32_10x8x8_2x4x4_neonbf16/32/272/real_time",165322,842.642,838.439,ns,,,"10x32x272",,
"dot/dot_bf16_bf16_fp32_10x8x8_2x4x4_neonbf16/64/8/real_time",1301112,109.063,107.454,ns,,,"10x64x8",,
"dot/dot_bf16_bf16_fp32_10x8x8_2x4x4_neonbf16/64/32/real_time",566060,248.883,246.444,ns,,,"10x64x32",,
"dot/dot_bf16_bf16_fp32_10x8x8_2x4x4_neonbf16/64/72/real_time",284133,487.585,483.114,ns,,,"10x64x72",,
"dot/dot_bf16_bf16_fp32_10x8x8_2x4x4_neonbf16/64/104/real_time",205632,688.136,672.344,ns,,,"10x64x104",,
"dot/dot_bf16_bf16_fp32_10x8x8_2x4x4_neonbf16/64/144/real_time",151994,923.259,909.317,ns,,,"10x64x144",,
"dot/dot_bf16_bf16_fp32_16x4x8_2x4x4_neonbf16/4/8/real_time",5544846,25.3213,25.1567,ns,,,"16x4x8",,
"dot/dot_bf16_bf16_fp32_16x4x8_2x4x4_neonbf16/4/152/real_time",1297789,109.181,107.749,ns,,,"16x4x152",,
"dot/dot_bf16_bf16_fp32_16x4x8_2x4x4_neonbf16/4/304/real_time",706446,199.944,197.65,ns,,,"16x4x304",,
"dot/dot_bf16_bf16_fp32_16x4x8_2x4x4_neonbf16/4/456/real_time",473846,289.411,287.697,ns,,,"16x4x456",,
"dot/dot_bf16_bf16_fp32_16x4x8_2x4x4_neonbf16/4/608/real_time",367871,381.675,377.636,ns,,,"16x4x608",,
"dot/dot_bf16_bf16_fp32_16x4x8_2x4x4_neonbf16/8/8/real_time",3835740,36.9041,36.4088,ns,,,"16x8x8",,
"dot/dot_bf16_bf16_fp32_16x4x8_2x4x4_neonbf16/8/120/real_time",848848,166.051,164.626,ns,,,"16x8x120",,
"dot/dot_bf16_bf16_fp32_16x4x8_2x4x4_neonbf16/8/248/real_time",435339,319.583,316.656,ns,,,"16x8x248",,
"dot/dot_bf16_bf16_fp32_16x4x8_2x4x4_neonbf16/8/368/real_time",304510,463.804,458.753,ns,,,"16x8x368",,
"dot/dot_bf16_bf16_fp32_16x4x8_2x4x4_neonbf16/8/496/real_time",229126,615.52,609.822,ns,,,"16x8x496",,
"dot/dot_bf16_bf16_fp32_16x4x8_2x4x4_neonbf16/16/8/real_time",2370671,59.7618,58.9104,ns,,,"16x16x8",,
"dot/dot_bf16_bf16_fp32_16x4x8_2x4x4_neonbf16/16/88/real_time",581040,243.419,240.727,ns,,,"16x16x88",,
"dot/dot_bf16_bf16_fp32_16x4x8_2x4x4_neonbf16/16/184/real_time",298481,470.768,467.719,ns,,,"16x16x184",,
"dot/dot_bf16_bf16_fp32_16x4x8_2x4x4_neonbf16/16/272/real_time",203789,682.539,676.671,ns,,,"16x16x272",,
"dot/dot_bf16_bf16_fp32_16x4x8_2x4x4_neonbf16/16/368/real_time",154475,933.504,904.083,ns,,,"16x16x368",,
"dot/dot_bf16_bf16_fp32_16x4x8_2x4x4_neonbf16/32/8/real_time",1344138,104.435,103.891,ns,,,"16x32x8",,
"dot/dot_bf16_bf16_fp32_16x4x8_2x4x4_neonbf16/32/56/real_time",430845,319.084,316.837,ns,,,"16x32x56",,
"dot/dot_bf16_bf16_fp32_16x4x8_2x4x4_neonbf16/32/112/real_time",238869,584.642,581.365,ns,,,"16x32x112",,
"dot/dot_bf16_bf16_fp32_16x4x8_2x4x4_neonbf16/32/168/real_time",164375,852.386,846.676,ns,,,"16x32x168",,
"dot/dot_bf16_bf16_fp32_16x4x8_2x4x4_neonbf16/32/232/real_time",119326,1170.01,1155.31,ns,,,"16x32x232",,
"dot/dot_bf16_bf16_fp32_1x64x4_1x4x2_neonbf16/64/4/real_time",10489818,13.4018,13.3156,ns,,,"1x64x4",,
"dot/dot_bf16_bf16_fp32_1x64x4_1x4x2_neonbf16/64/44/real_time",1864799,75.0131,74.336,ns,,,"1x64x44",,
"dot/dot_bf16_bf16_fp32_1x64x4_1x4x2_neonbf16/64/92/real_time",928645,150.595,149.813,ns,,,"1x64x92",,
"dot/dot_bf16_bf16_fp32_1x64x4_1x4x2_neonbf16/64/136/real_time",643768,221.623,217.441,ns,,,"1x64x136",,
"dot/dot_bf16_bf16_fp32_1x64x4_1x4x2_neonbf16/64/184/real_time",481553,292.455,290.331,ns,,,"1x64x184",,
"dot/dot_bf16_bf16_fp32_1x64x4_1x4x2_neonbf16/128/4/real_time",6677406,20.5822,20.4292,ns,,,"1x128x4",,
"dot/dot_bf16_bf16_fp32_1x64x4_1x4x2_neonbf16/128/20/real_time",2040574,68.7737,68.1167,ns,,,"1x128x20",,
"dot/dot_bf16_bf16_fp32_1x64x4_1x4x2_neonbf16/128/44/real_time",981749,143.855,142.242,ns,,,"1x128x44",,
"dot/dot_bf16_bf16_fp32_1x64x4_1x4x2_neonbf16/128/68/real_time",645465,217.414,216.099,ns,,,"1x128x68",,
"dot/dot_bf16_bf16_fp32_1x64x4_1x4x2_neonbf16/128/92/real_time",475263,292.923,290.088,ns,,,"1x128x92",,
"dot/dot_bf16_bf16_fp32_1x64x4_1x4x2_neonbf16/256/4/real_time",3949993,35.8372,35.4305,ns,,,"1x256x4",,
"dot/dot_bf16_bf16_fp32_1x64x4_1x4x2_neonbf16/256/8/real_time",2465449,58.1319,56.7126,ns,,,"1x256x8",,
"dot/dot_bf16_bf16_fp32_1x64x4_1x4x2_neonbf16/256/20/real_time",1074723,130.787,129.889,ns,,,"1x256x20",,
"dot/dot_bf16_bf16_fp32_1x64x4_1x4x2_neonbf16/256/32/real_time",684937,206.119,203.985,ns,,,"1x256x32",,
"dot/dot_bf16_bf16_fp32_1x64x4_1x4x2_neonbf16/256/44/real_time",502841,281.432,277.856,ns,,,"1x256x44",,
"dot/dot_bf16_bf16_fp32_1x64x4_1x4x2_neonbf16/512/4/real_time",2142526,65.9712,65.1463,ns,,,"1x512x4",,
"dot/dot_bf16_bf16_fp32_1x64x4_1x4x2_neonbf16/512/8/real_time",1303842,107.959,107.227,ns,,,"1x512x8",,
"dot/dot_bf16_bf16_fp32_1x64x4_1x4x2_neonbf16/512/12/real_time",898085,157.858,155.666,ns,,,"1x512x12",,
"dot/dot_bf16_bf16_fp32_1x64x4_1x4x2_neonbf16/512/20/real_time",551525,254.714,252.915,ns,,,"1x512x20",,
"dot/dot_bf16_bf16_fp32_1x32x4_1x4x2_neonbf16/32/4/real_time",14229378,9.8709,9.76749,ns,,,"1x32x4",,
"dot/dot_bf16_bf16_fp32_1x32x4_1x4x2_neonbf16/32/92/real_time",1778380,78.1213,77.6993,ns,,,"1x32x92",,
"dot/dot_bf16_bf16_fp32_1x32x4_1x4x2_neonbf16/32/184/real_time",909411,154.355,153.617,ns,,,"1x32x184",,
"dot/dot_bf16_bf16_fp32_1x32x4_1x4x2_neonbf16/32/276/real_time",624015,222.938,221.677,ns,,,"1x32x276",,
"dot/dot_bf16_bf16_fp32_1x32x4_1x4x2_neonbf16/32/368/real_time",476862,295.435,293.501,ns,,,"1x32x368",,
"dot/dot_bf16_bf16_fp32_1x32x4_1x4x2_neonbf16/64/4/real_time",9246440,15.2838,15.0986,ns,,,"1x64x4",,
"dot/dot_bf16_bf16_fp32_1x32x4_1x4x2_neonbf16/64/44/real_time",1823056,76.9616,75.9752,ns,,,"1x64x44",,
"dot/dot_bf16_bf16_fp32_1x32x4_1x4x2_neonbf16/64/92/real_time",909694,152.029,151.076,ns,,,"1x64x92",,
"dot/dot_bf16_bf16_fp32_1x32x4_1x4x2_neonbf16/64/136/real_time",645805,219.213,216.495,ns,,,"1x64x136",,
"dot/dot_bf16_bf16_fp32_1x32x4_1x4x2_neonbf16/64/184/real_time",482203,294.381,289.399,ns,,,"1x64x184",,
"dot/dot_bf16_bf16_fp32_1x32x4_1x4x2_neonbf16/128/4/real_time",5394511,25.6238,25.4558,ns,,,"1x128x4",,
"dot/dot_bf16_bf16_fp32_1x32x4_1x4x2_neonbf16/128/20/real_time",1883136,73.1927,72.7934,ns,,,"1x128x20",,
"dot/dot_bf16_bf16_fp32_1x32x4_1x4x2_neonbf16/128/44/real_time",958309,147.05,145.714,ns,,,"1x128x44",,
"dot/dot_bf16_bf16_fp32_1x32x4_1x4x2_neonbf16/128/68/real_time",636498,221.003,219.491,ns,,,"1x128x68",,
"dot/dot_bf16_bf16_fp32_1x32x4_1x4x2_neonbf16/128/92/real_time",469691,294.365,292.582,ns,,,"1x128x92",,
"dot/dot_bf16_bf16_fp32_1x32x4_1x4x2_neonbf16/256/4/real_time",3016898,46.8967,46.1862,ns,,,"1x256x4",,
"dot/dot_bf16_bf16_fp32_1x32x4_1x4x2_neonbf16/256/8/real_time",2127677,65.5935,65.1533,ns,,,"1x256x8",,
"dot/dot_bf16_bf16_fp32_1x32x4_1x4x2_neonbf16/256/20/real_time",1002618,140.096,139.021,ns,,,"1x256x20",,
"dot/dot_bf16_bf16_fp32_1x32x4_1x4x2_neonbf16/256/32/real_time",641231,214.183,212.823,ns,,,"1x256x32",,
"dot/dot_bf16_bf16_fp32_1x32x4_1x4x2_neonbf16/256/44/real_time",488042,289.031,286.264,ns,,,"1x256x44",,
"dot/dot_bf16_bf16_fp32_2x32x4_1x4x2_neonbf16/32/4/real_time",10971048,12.8052,12.7265,ns,,,"2x32x4",,
"dot/dot_bf16_bf16_fp32_2x32x4_1x4x2_neonbf16/32/88/real_time",1047375,135.193,133.374,ns,,,"2x32x88",,
"dot/dot_bf16_bf16_fp32_2x32x4_1x4x2_neonbf16/32/176/real_time",535399,262.519,260.918,ns,,,"2x32x176",,
"dot/dot_bf16_bf16_fp32_2x32x4_1x4x2_neonbf16/32/264/real_time",356144,391.058,387.963,ns,,,"2x32x264",,
"dot/dot_bf16_bf16_fp32_2x32x4_1x4x2_neonbf16/32/356/real_time",265523,523.983,521.06,ns,,,"2x32x356",,
"dot/dot_bf16_bf16_fp32_2x32x4_1x4x2_neonbf16/64/4/real_time",6936658,20.341,20.1281,ns,,,"2x64x4",,
"dot/dot_bf16_bf16_fp32_2x32x4_1x4x2_neonbf16/64/44/real_time",1039779,135.295,134.376,ns,,,"2x64x44",,
"dot/dot_bf16_bf16_fp32_2x32x4_1x4x2_neonbf16/64/88/real_time",520162,267.704,262.846,ns,,,"2x64x88",,
"dot/dot_bf16_bf16_fp32_2x32x4_1x4x2_neonbf16/64/132/real_time",358610,395.649,389.677,ns,,,"2x64x132",,
"dot/dot_bf16_bf16_fp32_2x32x4_1x4x2_neonbf16/64/180/real_time",264414,533.668,528.541,ns,,,"2x64x180",,
"dot/dot_bf16_bf16_fp32_2x32x4_1x4x2_neonbf16/128/4/real_time",3993843,35.1881,34.9334,ns,,,"2x128x4",,
"dot/dot_bf16_bf16_fp32_2x32x4_1x4x2_neonbf16/128/20/real_time",985791,137.497,136.44,ns,,,"2x128x20",,
"dot/dot_bf16_bf16_fp32_2x32x4_1x4x2_neonbf16/128/44/real_time",502212,284.479,277.613,ns,,,"2x128x44",,
"dot/dot_bf16_bf16_fp32_2x32x4_1x4x2_neonbf16/128/64/real_time",340974,410.333,407.488,ns,,,"2x128x64",,
"dot/dot_bf16_bf16_fp32_2x32x4_1x4x2_neonbf16/128/88/real_time",258842,539.798,536.328,ns,,,"2x128x88",,
"dot/dot_bf16_bf16_fp32_2x32x4_1x4x2_neonbf16/256/4/real_time",2141824,64.9032,64.5208,ns,,,"2x256x4",,
"dot/dot_bf16_bf16_fp32_2x32x4_1x4x2_neonbf16/256/8/real_time",1167531,116.83,116.275,ns,,,"2x256x8",,
"dot/dot_bf16_bf16_fp32_2x32x4_1x4x2_neonbf16/256/20/real_time",543757,259.63,256.924,ns,,,"2x256x20",,
"dot/dot_bf16_bf16_fp32_2x32x4_1x4x2_neonbf16/256/28/real_time",400784,351.263,348.065,ns,,,"2x256x28",,
"dot/dot_bf16_bf16_fp32_2x32x4_1x4x2_neonbf16/256/40/real_time",283605,491.999,489.019,ns,,,"2x256x40",,
"dot/dot_bf16_bf16_fp32_1x16x4_1x4x2_neonbf16/16/4/real_time",16144910,8.65387,8.58361,ns,,,"1x16x4",,
"dot/dot_bf16_bf16_fp32_1x16x4_1x4x2_neonbf16/16/180/real_time",1699522,82.9739,82.1053,ns,,,"1x16x180",,
"dot/dot_bf16_bf16_fp32_1x16x4_1x4x2_neonbf16/16/360/real_time",893027,157.271,156.217,ns,,,"1x16x360",,
"dot/dot_bf16_bf16_fp32_1x16x4_1x4x2_neonbf16/16/540/real_time",576207,241.07,237.202,ns,,,"1x16x540",,
"dot/dot_bf16_bf16_fp32_1x16x4_1x4x2_neonbf16/16/720/real_time",446533,317.789,313.349,ns,,,"1x16x720",,
"dot/dot_bf16_bf16_fp32_1x16x4_1x4x2_neonbf16/32/4/real_time",11223593,12.5296,12.4312,ns,,,"1x32x4",,
"dot/dot_bf16_bf16_fp32_1x16x4_1x4x2_neonbf16/32/92/real_time",1624917,86.0946,85.4357,ns,,,"1x32x92",,
"dot/dot_bf16_bf16_fp32_1x16x4_1x4x2_neonbf16/32/184/real_time",855780,162.876,161.969,ns,,,"1x32x184",,
"dot/dot_bf16_bf16_fp32_1x16x4_1x4x2_neonbf16/32/276/real_time",587223,241.403,237.834,ns,,,"1x32x276",,
"dot/dot_bf16_bf16_fp32_1x16x4_1x4x2_neonbf16/32/368/real_time",445461,315.573,313.388,ns,,,"1x32x368",,
"dot/dot_bf16_bf16_fp32_1x16x4_1x4x2_neonbf16/64/4/real_time",6667105,20.6529,20.1325,ns,,,"1x64x4",,
"dot/dot_bf16_bf16_fp32_1x16x4_1x4x2_neonbf16/64/44/real_time",1631000,85.5491,85.1848,ns,,,"1x64x44",,
"dot/dot_bf16_bf16_fp32_1x16x4_1x4x2_neonbf16/64/92/real_time",832622,169.36,167.715,ns,,,"1x64x92",,
"dot/dot_bf16_bf16_fp32_1x16x4_1x4x2_neonbf16/64/136/real_time",590237,237.929,236.589,ns,,,"1x64x136",,
"dot/dot_bf16_bf16_fp32_1x16x4_1x4x2_neonbf16/64/184/real_time",437274,319.417,316.073,ns,,,"1x64x184",,
"dot/dot_bf16_bf16_fp32_1x16x4_1x4x2_neonbf16/128/4/real_time",3902241,35.7628,35.5198,ns,,,"1x128x4",,
"dot/dot_bf16_bf16_fp32_1x16x4_1x4x2_neonbf16/128/20/real_time",1712818,81.1783,80.6816,ns,,,"1x128x20",,
"dot/dot_bf16_bf16_fp32_1x16x4_1x4x2_neonbf16/128/44/real_time",852843,165.441,163.685,ns,,,"1x128x44",,
"dot/dot_bf16_bf16_fp32_1x16x4_1x4x2_neonbf16/128/68/real_time",573785,245.065,243.713,ns,,,"1x128x68",,
"dot/dot_bf16_bf16_fp32_1x16x4_1x4x2_neonbf16/128/92/real_time",423847,325.072,322.938,ns,,,"1x128x92",,
"dot/dot_bf16_bf16_fp32_2x16x4_1x4x2_neonbf16/16/4/real_time",13451468,10.4828,10.3605,ns,,,"2x16x4",,
"dot/dot_bf16_bf16_fp32_2x16x4_1x4x2_neonbf16/16/168/real_time",989168,137.642,136.59,ns,,,"2x16x168",,
"dot/dot_bf16_bf16_fp32_2x16x4_1x4x2_neonbf16/16/336/real_time",523344,270.985,267.005,ns,,,"2x16x336",,
"dot/dot_bf16_bf16_fp32_2x16x4_1x4x2_neonbf16/16/504/real_time",352036,400.762,396.868,ns,,,"2x16x504",,
"dot/dot_bf16_bf16_fp32_2x16x4_1x4x2_neonbf16/16/676/real_time",262567,536.099,532.168,ns,,,"2x16x676",,
"dot/dot_bf16_bf16_fp32_2x16x4_1x4x2_neonbf16/32/4/real_time",8661552,15.7931,15.6867,ns,,,"2x32x4",,
"dot/dot_bf16_bf16_fp32_2x16x4_1x4x2_neonbf16/32/88/real_time",977497,143.933,142.736,ns,,,"2x32x88",,
"dot/dot_bf16_bf16_fp32_2x16x4_1x4x2_neonbf16/32/176/real_time",492543,281.778,280.411,ns,,,"2x32x176",,
"dot/dot_bf16_bf16_fp32_2x16x4_1x4x2_neonbf16/32/264/real_time",331593,418.962,415.797,ns,,,"2x32x264",,
"dot/dot_bf16_bf16_fp32_2x16x4_1x4x2_neonbf16/32/356/real_time",246875,561.976,559.021,ns,,,"2x32x356",,
"dot/dot_bf16_bf16_fp32_2x16x4_1x4x2_neonbf16/64/4/real_time",5364802,26.3048,26.0474,ns,,,"2x64x4",,
"dot/dot_bf16_bf16_fp32_2x16x4_1x4x2_neonbf16/64/44/real_time",969353,144.774,143.856,ns,,,"2x64x44",,
"dot/dot_bf16_bf16_fp32_2x16x4_1x4x2_neonbf16/64/88/real_time",496540,283.368,280.358,ns,,,"2x64x88",,
"dot/dot_bf16_bf16_fp32_2x16x4_1x4x2_neonbf16/64/132/real_time",334069,421.482,416.893,ns,,,"2x64x132",,
"dot/dot_bf16_bf16_fp32_2x16x4_1x4x2_neonbf16/64/180/real_time",246909,571.135,566.086,ns,,,"2x64x180",,
"dot/dot_bf16_bf16_fp32_2x16x4_1x4x2_neonbf16/128/4/real_time",2989218,47.0267,46.7634,ns,,,"2x128x4",,
"dot/dot_bf16_bf16_fp32_2x16x4_1x4x2_neonbf16/128/20/real_time",1002886,137.127,136.274,ns,,,"2x128x20",,
"dot/dot_bf16_bf16_fp32_2x16x4_1x4x2_neonbf16/128/44/real_time",490472,288.192,285.032,ns,,,"2x128x44",,
"dot/dot_bf16_bf16_fp32_2x16x4_1x4x2_neonbf16/128/64/real_time",344734,416.067,405.373,ns,,,"2x128x64",,
"dot/dot_bf16_bf16_fp32_2x16x4_1x4x2_neonbf16/128/88/real_time",252067,559.313,554.473,ns,,,"2x128x88",,
"dot/dot_bf16_bf16_fp32_3x16x4_1x4x2_neonbf16/16/4/real_time",10509635,13.0895,13.0222,ns,,,"3x16x4",,
"dot/dot_bf16_bf16_fp32_3x16x4_1x4x2_neonbf16/16/160/real_time",751720,187.079,185.832,ns,,,"3x16x160",,
"dot/dot_bf16_bf16_fp32_3x16x4_1x4x2_neonbf16/16/320/real_time",383740,365.785,363.489,ns,,,"3x16x320",,
"dot/dot_bf16_bf16_fp32_3x16x4_1x4x2_neonbf16/16/480/real_time",256253,545.329,541.082,ns,,,"3x16x480",,
"dot/dot_bf16_bf16_fp32_3x16x4_1x4x2_neonbf16/16/640/real_time",191509,727.722,720.703,ns,,,"3x16x640",,
"dot/dot_bf16_bf16_fp32_3x16x4_1x4x2_neonbf16/32/4/real_time",6935021,20.2152,20.1286,ns,,,"3x32x4",,
"dot/dot_bf16_bf16_fp32_3x16x4_1x4x2_neonbf16/32/84/real_time",715140,196.9,195.355,ns,,,"3x32x84",,
"dot/dot_bf16_bf16_fp32_3x16x4_1x4x2_neonbf16/32/172/real_time",356906,393.51,390.694,ns,,,"3x32x172",,
"dot/dot_bf16_bf16_fp32_3x16x4_1x4x2_neonbf16/32/256/real_time",241179,584.526,577.891,ns,,,"3x32x256",,
"dot/dot_bf16_bf16_fp32_3x16x4_1x4x2_neonbf16/32/344/real_time",180511,779.627,773.332,ns,,,"3x32x344",,
"dot/dot_bf16_bf16_fp32_3x16x4_1x4x2_neonbf16/64/4/real_time",4072709,34.546,34.336,ns,,,"3x64x4",,
"dot/dot_bf16_bf16_fp32_3x16x4_1x4x2_neonbf16/64/44/real_time",670463,207.629,206.003,ns,,,"3x64x44",,
"dot/dot_bf16_bf16_fp32_3x16x4_1x4x2_neonbf16/64/88/real_time",344198,405.952,403.113,ns,,,"3x64x88",,
"dot/dot_bf16_bf16_fp32_3x16x4_1x4x2_neonbf16/64/132/real_time",232463,601.577,596.945,ns,,,"3x64x132",,
"dot/dot_bf16_bf16_fp32_3x16x4_1x4x2_neonbf16/64/176/real_time",174751,809.025,794.079,ns,,,"3x64x176",,
"dot/dot_bf16_bf16_fp32_3x16x4_1x4x2_neonbf16/128/4/real_time",2201896,63.0736,62.7472,ns,,,"3x128x4",,
"dot/dot_bf16_bf16_fp32_3x16x4_1x4x2_neonbf16/128/20/real_time",727430,193.484,191.802,ns,,,"3x128x20",,
"dot/dot_bf16_bf16_fp32_3x16x4_1x4x2_neonbf16/128/40/real_time",373577,377.63,373.683,ns,,,"3x128x40",,
"dot/dot_bf16_bf16_fp32_3x16x4_1x4x2_neonbf16/128/60/real_time",255273,554.257,547.043,ns,,,"3x128x60",,
"dot/dot_bf16_bf16_fp32_3x16x4_1x4x2_neonbf16/128/84/real_time",183796,768.37,760.106,ns,,,"3x128x84",,
"dot/dot_bf16_bf16_fp32_4x16x4_1x4x2_neonbf16/16/4/real_time",9077576,15.5008,15.3922,ns,,,"4x16x4",,
"dot/dot_bf16_bf16_fp32_4x16x4_1x4x2_neonbf16/16/152/real_time",577116,239.192,237.957,ns,,,"4x16x152",,
"dot/dot_bf16_bf16_fp32_4x16x4_1x4x2_neonbf16/16/304/real_time",296317,477.083,471.36,ns,,,"4x16x304",,
"dot/dot_bf16_bf16_fp32_4x16x4_1x4x2_neonbf16/16/456/real_time",197144,708.93,704.664,ns,,,"4x16x456",,
"dot/dot_bf16_bf16_fp32_4x16x4_1x4x2_neonbf16/16/608/real_time",147916,945.679,940.183,ns,,,"4x16x608",,
"dot/dot_bf16_bf16_fp32_4x16x4_1x4x2_neonbf16/32/4/real_time",5730666,23.8068,23.6771,ns,,,"4x32x4",,
"dot/dot_bf16_bf16_fp32_4x16x4_1x4x2_neonbf16/32/80/real_time",524750,266.354,263.4,ns,,,"4x32x80",,
"dot/dot_bf16_bf16_fp32_4x16x4_1x4x2_neonbf16/32/164/real_time",269775,521.279,517.535,ns,,,"4x32x164",,
"dot/dot_bf16_bf16_fp32_4x16x4_1x4x2_neonbf16/32/248/real_time",177366,795.46,787.064,ns,,,"4x32x248",,
"dot/dot_bf16_bf16_fp32_4x16x4_1x4x2_neonbf16/32/332/real_time",133493,1053.78,1042.91,ns,,,"4x32x332",,
"dot/dot_bf16_bf16_fp32_4x16x4_1x4x2_neonbf16/64/4/real_time",3395098,42.5744,40.5552,ns,,,"4x64x4",,
"dot/dot_bf16_bf16_fp32_4x16x4_1x4x2_neonbf16/64/40/real_time",546725,257.461,255.765,ns,,,"4x64x40",,
"dot/dot_bf16_bf16_fp32_4x16x4_1x4x2_neonbf16/64/84/real_time",264113,535.829,529.197,ns,,,"4x64x84",,
"dot/dot_bf16_bf16_fp32_4x16x4_1x4x2_neonbf16/64/128/real_time",171471,810.31,806.26,ns,,,"4x64x128",,
"dot/dot_bf16_bf16_fp32_4x16x4_1x4x2_neonbf16/64/172/real_time",130347,1077.53,1072.6,ns,,,"4x64x172",,
"dot/dot_bf16_bf16_fp32_4x16x4_1x4x2_neonbf16/128/4/real_time",1878910,74.9682,74.2909,ns,,,"4x128x4",,
"dot/dot_bf16_bf16_fp32_4x16x4_1x4x2_neonbf16/128/20/real_time",529466,265.392,264.006,ns,,,"4x128x20",,
"dot/dot_bf16_bf16_fp32_4x16x4_1x4x2_neonbf16/128/40/real_time",272022,513.864,510.125,ns,,,"4x128x40",,
"dot/dot_bf16_bf16_fp32_4x16x4_1x4x2_neonbf16/128/60/real_time",183356,758.892,755.05,ns,,,"4x128x60",,
"dot/dot_bf16_bf16_fp32_4x16x4_1x4x2_neonbf16/128/84/real_time",127535,1060.87,1054.72,ns,,,"4x128x84",,
"dot/dot_bf16_bf16_fp32_1x8x4_1x4x2_neonbf16/8/4/real_time",18011529,7.75689,7.69549,ns,,,"1x8x4",,
"dot/dot_bf16_bf16_fp32_1x8x4_1x4x2_neonbf16/8/340/real_time",1313603,107.028,106.177,ns,,,"1x8x340",,
"dot/dot_bf16_bf16_fp32_1x8x4_1x4x2_neonbf16/8/680/real_time",671929,209.442,207.798,ns,,,"1x8x680",,
"dot/dot_bf16_bf16_fp32_1x8x4_1x4x2_neonbf16/8/1020/real_time",444230,315.243,312.457,ns,,,"1x8x1020",,
"dot/dot_bf16_bf16_fp32_1x8x4_1x4x2_neonbf16/8/1360/real_time",338429,416.77,413.127,ns,,,"1x8x1360",,
"dot/dot_bf16_bf16_fp32_1x8x4_1x4x2_neonbf16/16/4/real_time",12735321,11.0476,10.9522,ns,,,"1x16x4",,
"dot/dot_bf16_bf16_fp32_1x8x4_1x4x2_neonbf16/16/180/real_time",1254200,112.551,111.462,ns,,,"1x16x180",,
"dot/dot_bf16_bf16_fp32_1x8x4_1x4x2_neonbf16/16/360/real_time",563725,222.212,218.128,ns,,,"1x16x360",,
"dot/dot_bf16_bf16_fp32_1x8x4_1x4x2_neonbf16/16/540/real_time",425712,326.584,324.681,ns,,,"1x16x540",,
"dot/dot_bf16_bf16_fp32_1x8x4_1x4x2_neonbf16/16/720/real_time",317969,444.633,439.499,ns,,,"1x16x720",,
"dot/dot_bf16_bf16_fp32_1x8x4_1x4x2_neonbf16/32/4/real_time",8006661,17.588,17.4633,ns,,,"1x32x4",,
"dot/dot_bf16_bf16_fp32_1x8x4_1x4x2_neonbf16/32/92/real_time",1246039,113.5,112.263,ns,,,"1x32x92",,
"dot/dot_bf16_bf16_fp32_1x8x4_1x4x2_neonbf16/32/184/real_time",614096,228.797,227.277,ns,,,"1x32x184",,
"dot/dot_bf16_bf16_fp32_1x8x4_1x4x2_neonbf16/32/276/real_time",410441,337.592,335.671,ns,,,"1x32x276",,
"dot/dot_bf16_bf16_fp32_1x8x4_1x4x2_neonbf16/32/368/real_time",309138,447.48,445.15,ns,,,"1x32x368",,
"dot/dot_bf16_bf16_fp32_1x8x4_1x4x2_neonbf16/64/4/real_time",4585063,30.841,30.4864,ns,,,"1x64x4",,
"dot/dot_bf16_bf16_fp32_1x8x4_1x4x2_neonbf16/64/44/real_time",1269029,110.966,110.2,ns,,,"1x64x44",,
"dot/dot_bf16_bf16_fp32_1x8x4_1x4x2_neonbf16/64/92/real_time",612343,230.494,228.115,ns,,,"1x64x92",,
"dot/dot_bf16_bf16_fp32_1x8x4_1x4x2_neonbf16/64/136/real_time",425626,332.143,328.354,ns,,,"1x64x136",,
"dot/dot_bf16_bf16_fp32_1x8x4_1x4x2_neonbf16/64/184/real_time",315450,446.38,442.699,ns,,,"1x64x184",,
"dot/dot_bf16_bf16_fp32_4x8x4_1x4x2_neonbf16/8/4/real_time",10733453,12.5393,12.432,ns,,,"4x8x4",,
"dot/dot_bf16_bf16_fp32_4x8x4_1x4x2_neonbf16/8/252/real_time",607292,232.125,229.983,ns,,,"4x8x252",,
"dot/dot_bf16_bf16_fp32_4x8x4_1x4x2_neonbf16/8/508/real_time",305352,462.084,457.315,ns,,,"4x8x508",,
"dot/dot_bf16_bf16_fp32_4x8x4_1x4x2_neonbf16/8/760/real_time",203296,689.158,681.203,ns,,,"4x8x760",,
"dot/dot_bf16_bf16_fp32_4x8x4_1x4x2_neonbf16/8/1016/real_time",152477,942.528,913.281,ns,,,"4x8x1016",,
"dot/dot_bf16_bf16_fp32_4x8x4_1x4x2_neonbf16/16/4/real_time",7500230,18.7531,18.6458,ns,,,"4x16x4",,
"dot/dot_bf16_bf16_fp32_4x8x4_1x4x2_neonbf16/16/152/real_time",500368,279.188,277.043,ns,,,"4x16x152",,
"dot/dot_bf16_bf16_fp32_4x8x4_1x4x2_neonbf16/16/304/real_time",253181,549.882,546.951,ns,,,"4x16x304",,
"dot/dot_bf16_bf16_fp32_4x8x4_1x4x2_neonbf16/16/456/real_time",170083,821.631,816.943,ns,,,"4x16x456",,
"dot/dot_bf16_bf16_fp32_4x8x4_1x4x2_neonbf16/16/608/real_time",125356,1096.48,1088.85,ns,,,"4x16x608",,
"dot/dot_bf16_bf16_fp32_4x8x4_1x4x2_neonbf16/32/4/real_time",4499796,31.3548,31.0803,ns,,,"4x32x4",,
"dot/dot_bf16_bf16_fp32_4x8x4_1x4x2_neonbf16/32/80/real_time",476616,295.408,293.51,ns,,,"4x32x80",,
"dot/dot_bf16_bf16_fp32_4x8x4_1x4x2_neonbf16/32/164/real_time",233803,595.352,590.968,ns,,,"4x32x164",,
"dot/dot_bf16_bf16_fp32_4x8x4_1x4x2_neonbf16/32/248/real_time",155066,905.031,896.467,ns,,,"4x32x248",,
"dot/dot_bf16_bf16_fp32_4x8x4_1x4x2_neonbf16/32/332/real_time",117443,1197.03,1191.74,ns,,,"4x32x332",,
"dot/dot_bf16_bf16_fp32_4x8x4_1x4x2_neonbf16/64/4/real_time",2472756,56.2731,55.9378,ns,,,"4x64x4",,
"dot/dot_bf16_bf16_fp32_4x8x4_1x4x2_neonbf16/64/40/real_time",470332,299.533,296.73,ns,,,"4x64x40",,
"dot/dot_bf16_bf16_fp32_4x8x4_1x4x2_neonbf16/64/84/real_time",229571,615.583,608.328,ns,,,"4x64x84",,
"dot/dot_bf16_bf16_fp32_4x8x4_1x4x2_neonbf16/64/128/real_time",150157,932.343,925.656,ns,,,"4x64x128",,
"dot/dot_bf16_bf16_fp32_4x8x4_1x4x2_neonbf16/64/172/real_time",112789,1250.91,1237.67,ns,,,"4x64x172",,
"dot/dot_bf16_bf16_fp32_6x8x4_1x4x2_neonbf16/8/4/real_time",8827143,16.0894,15.8361,ns,,,"6x8x4",,
"dot/dot_bf16_bf16_fp32_6x8x4_1x4x2_neonbf16/8/216/real_time",461683,297.934,295.974,ns,,,"6x8x216",,
"dot/dot_bf16_bf16_fp32_6x8x4_1x4x2_neonbf16/8/432/real_time",236711,588.384,583.655,ns,,,"6x8x432",,
"dot/dot_bf16_bf16_fp32_6x8x4_1x4x2_neonbf16/8/648/real_time",159569,879.029,871.28,ns,,,"6x8x648",,
"dot/dot_bf16_bf16_fp32_6x8x4_1x4x2_neonbf16/8/868/real_time",119665,1185.27,1168.66,ns,,,"6x8x868",,
"dot/dot_bf16_bf16_fp32_6x8x4_1x4x2_neonbf16/16/4/real_time",5822782,24.0852,23.9732,ns,,,"6x16x4",,
"dot/dot_bf16_bf16_fp32_6x8x4_1x4x2_neonbf16/16/136/real_time",371377,373.156,371.726,ns,,,"6x16x136",,
"dot/dot_bf16_bf16_fp32_6x8x4_1x4x2_neonbf16/16/272/real_time",189432,739.538,734.31,ns,,,"6x16x272",,
"dot/dot_bf16_bf16_fp32_6x8x4_1x4x2_neonbf16/16/408/real_time",124455,1117.67,1104.52,ns,,,"6x16x408",,
"dot/dot_bf16_bf16_fp32_6x8x4_1x4x2_neonbf16/16/548/real_time",94972,1478.15,1469.09,ns,,,"6x16x548",,
"dot/dot_bf16_bf16_fp32_6x8x4_1x4x2_neonbf16/32/4/real_time",3406611,40.5641,40.2517,ns,,,"6x32x4",,
"dot/dot_bf16_bf16_fp32_6x8x4_1x4x2_neonbf16/32/76/real_time",330999,419.962,416.459,ns,,,"6x32x76",,
"dot/dot_bf16_bf16_fp32_6x8x4_1x4x2_neonbf16/32/156/real_time",164122,847.662,842.794,ns,,,"6x32x156",,
"dot/dot_bf16_bf16_fp32_6x8x4_1x4x2_neonbf16/32/232/real_time",112043,1260.95,1247.62,ns,,,"6x32x232",,
"dot/dot_bf16_bf16_fp32_6x8x4_1x4x2_neonbf16/32/312/real_time",83296,1688.98,1678.48,ns,,,"6x32x312",,
"dot/dot_bf16_bf16_fp32_6x8x4_1x4x2_neonbf16/64/4/real_time",1896426,73.403,72.8133,ns,,,"6x64x4",,
"dot/dot_bf16_bf16_fp32_6x8x4_1x4x2_neonbf16/64/40/real_time",314976,447.956,443.653,ns,,,"6x64x40",,
"dot/dot_bf16_bf16_fp32_6x8x4_1x4x2_neonbf16/64/80/real_time",158227,876.679,868.361,ns,,,"6x64x80",,
"dot/dot_bf16_bf16_fp32_6x8x4_1x4x2_neonbf16/64/120/real_time",107339,1310.27,1299.91,ns,,,"6x64x120",,
"dot/dot_bf16_bf16_fp32_6x8x4_1x4x2_neonbf16/64/164/real_time",78907,1784.31,1768.74,ns,,,"6x64x164",,
"dot/dot_bf16_bf16_fp32_8x4x4_1x4x2_neonbf16/4/4/real_time",8748349,16.1152,15.9827,ns,,,"8x4x4",,
"dot/dot_bf16_bf16_fp32_8x4x4_1x4x2_neonbf16/4/252/real_time",448270,310.428,308.011,ns,,,"8x4x252",,
"dot/dot_bf16_bf16_fp32_8x4x4_1x4x2_neonbf16/4/508/real_time",225282,615.205,610.896,ns,,,"8x4x508",,
"dot/dot_bf16_bf16_fp32_8x4x4_1x4x2_neonbf16/4/760/real_time",152554,915.249,909.212,ns,,,"8x4x760",,
"dot/dot_bf16_bf16_fp32_8x4x4_1x4x2_neonbf16/4/1016/real_time",110642,1223.22,1216.09,ns,,,"8x4x1016",,
"dot/dot_bf16_bf16_fp32_8x4x4_1x4x2_neonbf16/8/4/real_time",5902769,23.8875,23.678,ns,,,"8x8x4",,
"dot/dot_bf16_bf16_fp32_8x4x4_1x4x2_neonbf16/8/188/real_time",305755,459.615,456.385,ns,,,"8x8x188",,
"dot/dot_bf16_bf16_fp32_8x4x4_1x4x2_neonbf16/8/380/real_time",152753,919.185,911.02,ns,,,"8x8x380",,
"dot/dot_bf16_bf16_fp32_8x4x4_1x4x2_neonbf16/8/568/real_time",103127,1369.44,1356.22,ns,,,"8x8x568",,
"dot/dot_bf16_bf16_fp32_8x4x4_1x4x2_neonbf16/8/760/real_time",76719,1830.38,1810.8,ns,,,"8x8x760",,
"dot/dot_bf16_bf16_fp32_8x4x4_1x4x2_neonbf16/16/4/real_time",3576392,39.7005,39.0728,ns,,,"8x16x4",,
"dot/dot_bf16_bf16_fp32_8x4x4_1x4x2_neonbf16/16/124/real_time",232244,606.988,601.427,ns,,,"8x16x124",,
"dot/dot_bf16_bf16_fp32_8x4x4_1x4x2_neonbf16/16/248/real_time",117087,1198.98,1192.3,ns,,,"8x16x248",,
"dot/dot_bf16_bf16_fp32_8x4x4_1x4x2_neonbf16/16/372/real_time",78472,1859.44,1779.6,ns,,,"8x16x372",,
"dot/dot_bf16_bf16_fp32_8x4x4_1x4x2_neonbf16/16/500/real_time",58508,2404,2386.73,ns,,,"8x16x500",,
"dot/dot_bf16_bf16_fp32_8x4x4_1x4x2_neonbf16/32/4/real_time",1995271,70.4673,69.8483,ns,,,"8x32x4",,
"dot/dot_bf16_bf16_fp32_8x4x4_1x4x2_neonbf16/32/72/real_time",198829,707.997,702.147,ns,,,"8x32x72",,
"dot/dot_bf16_bf16_fp32_8x4x4_1x4x2_neonbf16/32/144/real_time",100566,1394.99,1388.44,ns,,,"8x32x144",,
"dot/dot_bf16_bf16_fp32_8x4x4_1x4x2_neonbf16/32/216/real_time",67409,2091.75,2070.36,ns,,,"8x32x216",,
"dot/dot_bf16_bf16_fp32_8x4x4_1x4x2_neonbf16/32/292/real_time",50094,2817.95,2789.97,ns,,,"8x32x292",,
"dot/dot_fp32_1x64x4_1x4x1_neon/64/4/real_time",7276921,19.1326,19.0024,ns,,,"1x64x4",,
"dot/dot_fp32_1x64x4_1x4x1_neon/64/20/real_time",2363787,58.9895,58.6562,ns,,,"1x64x20",,
"dot/dot_fp32_1x64x4_1x4x1_neon/64/44/real_time",1198686,117.714,116.298,ns,,,"1x64x44",,
"dot/dot_fp32_1x64x4_1x4x1_neon/64/68/real_time",779836,180.549,179.464,ns,,,"1x64x68",,
"dot/dot_fp32_1x64x4_1x4x1_neon/64/92/real_time",589890,239.113,236.718,ns,,,"1x64x92",,
"dot/dot_fp32_1x64x4_1x4x1_neon/128/4/real_time",4409026,31.9893,31.7409,ns,,,"1x128x4",,
"dot/dot_fp32_1x64x4_1x4x1_neon/128/8/real_time",2667168,52.8705,52.4198,ns,,,"1x128x8",,
"dot/dot_fp32_1x64x4_1x4x1_neon/128/20/real_time",1239129,110.493,109.909,ns,,,"1x128x20",,
"dot/dot_fp32_1x64x4_1x4x1_neon/128/32/real_time",815395,172.582,171.309,ns,,,"1x128x32",,
"dot/dot_fp32_1x64x4_1x4x1_neon/128/44/real_time",578715,234.531,233.066,ns,,,"1x128x44",,
"dot/dot_fp32_1x64x4_1x4x1_neon/256/4/real_time",2429441,57.0729,56.6929,ns,,,"1x256x4",,
"dot/dot_fp32_1x64x4_1x4x1_neon/256/8/real_time",1376845,104.348,98.4904,ns,,,"1x256x8",,
"dot/dot_fp32_1x64x4_1x4x1_neon/256/12/real_time",1007323,138.085,137.446,ns,,,"1x256x12",,
"dot/dot_fp32_1x64x4_1x4x1_neon/256/20/real_time",644276,219.96,217.155,ns,,,"1x256x20",,
"dot/dot_fp32_1x64x4_1x4x1_neon/512/4/real_time",1274905,110.271,109.538,ns,,,"1x512x4",,
"dot/dot_fp32_1x64x4_1x4x1_neon/512/8/real_time",724816,194.478,192.637,ns,,,"1x512x8",,
"dot/dot_fp32_1x32x4_1x4x1_neon/32/4/real_time",10230140,13.7122,13.6332,ns,,,"1x32x4",,
"dot/dot_fp32_1x32x4_1x4x1_neon/32/44/real_time",2166873,64.6437,63.9737,ns,,,"1x32x44",,
"dot/dot_fp32_1x32x4_1x4x1_neon/32/92/real_time",1114199,126.585,125.424,ns,,,"1x32x92",,
"dot/dot_fp32_1x32x4_1x4x1_neon/32/136/real_time",771839,182.263,181.071,ns,,,"1x32x136",,
"dot/dot_fp32_1x32x4_1x4x1_neon/32/184/real_time",571091,241.142,239.896,ns,,,"1x32x184",,
"dot/dot_fp32_1x32x4_1x4x1_neon/64/4/real_time",6780901,20.9226,20.6252,ns,,,"1x64x4",,
"dot/dot_fp32_1x32x4_1x4x1_neon/64/20/real_time",2260031,62.2075,61.7394,ns,,,"1x64x20",,
"dot/dot_fp32_1x32x4_1x4x1_neon/64/44/real_time",1161462,121.467,120.47,ns,,,"1x64x44",,
"dot/dot_fp32_1x32x4_1x4x1_neon/64/68/real_time",767199,184.268,182.112,ns,,,"1x64x68",,
"dot/dot_fp32_1x32x4_1x4x1_neon/64/92/real_time",576084,244.656,242.357,ns,,,"1x64x92",,
"dot/dot_fp32_1x32x4_1x4x1_neon/128/4/real_time",3910717,35.6746,35.4551,ns,,,"1x128x4",,
"dot/dot_fp32_1x32x4_1x4x1_neon/128/8/real_time",2391460,58.2662,57.8616,ns,,,"1x128x8",,
"dot/dot_fp32_1x32x4_1x4x1_neon/128/20/real_time",1202031,117.531,116.177,ns,,,"1x128x20",,
"dot/dot_fp32_1x32x4_1x4x1_neon/128/32/real_time",781767,186.198,178.562,ns,,,"1x128x32",,
"dot/dot_fp32_1x32x4_1x4x1_neon/128/44/real_time",569238,238.752,237.261,ns,,,"1x128x44",,
"dot/dot_fp32_1x32x4_1x4x1_neon/256/4/real_time",2135242,65.5254,64.8175,ns,,,"1x256x4",,
"dot/dot_fp32_1x32x4_1x4x1_neon/256/8/real_time",1289292,110.079,108.449,ns,,,"1x256x8",,
"dot/dot_fp32_1x32x4_1x4x1_neon/256/12/real_time",929912,150.638,149.686,ns,,,"1x256x12",,
"dot/dot_fp32_1x32x4_1x4x1_neon/256/20/real_time",613830,229.526,227.507,ns,,,"1x256x20",,
"dot/dot_fp32_2x32x4_1x4x1_neon/32/4/real_time",7568004,18.632,18.5264,ns,,,"2x32x4",,
"dot/dot_fp32_2x32x4_1x4x1_neon/32/44/real_time",1234129,114.269,113.297,ns,,,"2x32x44",,
"dot/dot_fp32_2x32x4_1x4x1_neon/32/88/real_time",642740,218.586,217.266,ns,,,"2x32x88",,
"dot/dot_fp32_2x32x4_1x4x1_neon/32/132/real_time",413258,325.521,321.86,ns,,,"2x32x132",,
"dot/dot_fp32_2x32x4_1x4x1_neon/32/176/real_time",325728,428.434,425.743,ns,,,"2x32x176",,
"dot/dot_fp32_2x32x4_1x4x1_neon/64/4/real_time",4746232,29.6939,29.4066,ns,,,"2x64x4",,
"dot/dot_fp32_2x32x4_1x4x1_neon/64/20/real_time",1341481,104.769,104.157,ns,,,"2x64x20",,
"dot/dot_fp32_2x32x4_1x4x1_neon/64/44/real_time",641769,221.336,217.851,ns,,,"2x64x44",,
"dot/dot_fp32_2x32x4_1x4x1_neon/64/64/real_time",445892,315.114,313.339,ns,,,"2x64x64",,
"dot/dot_fp32_2x32x4_1x4x1_neon/64/88/real_time",323048,428.494,426.247,ns,,,"2x64x88",,
"dot/dot_fp32_2x32x4_1x4x1_neon/128/4/real_time",2636647,52.847,52.3568,ns,,,"2x128x4",,
"dot/dot_fp32_2x32x4_1x4x1_neon/128/8/real_time",1566053,91.5697,88.6289,ns,,,"2x128x8",,
"dot/dot_fp32_2x32x4_1x4x1_neon/128/20/real_time",692506,202.586,201.489,ns,,,"2x128x20",,
"dot/dot_fp32_2x32x4_1x4x1_neon/128/32/real_time",442662,318.983,315.78,ns,,,"2x128x32",,
"dot/dot_fp32_2x32x4_1x4x1_neon/128/44/real_time",325460,432.826,429.04,ns,,,"2x128x44",,
"dot/dot_fp32_2x32x4_1x4x1_neon/256/4/real_time",1000000,100.268,99.4477,ns,,,"2x256x4",,
"dot/dot_fp32_2x32x4_1x4x1_neon/256/8/real_time",826736,170.065,168.939,ns,,,"2x256x8",,
"dot/dot_fp32_2x32x4_1x4x1_neon/256/12/real_time",559742,246.597,244.743,ns,,,"2x256x12",,
"dot/dot_fp32_2x32x4_1x4x1_neon/256/20/real_time",352388,401.066,396.071,ns,,,"2x256x20",,
"dot/dot_fp32_3x32x4_1x4x1_neon/32/4/real_time",5740223,24.5181,24.3601,ns,,,"3x32x4",,
"dot/dot_fp32_3x32x4_1x4x1_neon/32/40/real_time",899582,154.644,153.617,ns,,,"3x32x40",,
"dot/dot_fp32_3x32x4_1x4x1_neon/32/84/real_time",448385,314.544,311.425,ns,,,"3x32x84",,
"dot/dot_fp32_3x32x4_1x4x1_neon/32/128/real_time",294899,478.965,474.149,ns,,,"3x32x128",,
"dot/dot_fp32_3x32x4_1x4x1_neon/32/172/real_time",220612,635.525,631.035,ns,,,"3x32x172",,
"dot/dot_fp32_3x32x4_1x4x1_neon/64/4/real_time",2799168,49.2635,48.986,ns,,,"3x64x4",,
"dot/dot_fp32_3x32x4_1x4x1_neon/64/20/real_time",827523,162.774,161.836,ns,,,"3x64x20",,
"dot/dot_fp32_3x32x4_1x4x1_neon/64/44/real_time",427143,330.417,326.763,ns,,,"3x64x44",,
"dot/dot_fp32_3x32x4_1x4x1_neon/64/64/real_time",294142,477.919,475.913,ns,,,"3x64x64",,
"dot/dot_fp32_3x32x4_1x4x1_neon/64/88/real_time",216705,650.085,643.618,ns,,,"3x64x88",,
"dot/dot_fp32_3x32x4_1x4x1_neon/128/4/real_time",1606570,82.4985,81.8394,ns,,,"3x128x4",,
"dot/dot_fp32_3x32x4_1x4x1_neon/128/8/real_time",1067272,131.55,130.962,ns,,,"3x128x8",,
"dot/dot_fp32_3x32x4_1x4x1_neon/128/20/real_time",445699,314.113,311.965,ns,,,"3x128x20",,
"dot/dot_fp32_3x32x4_1x4x1_neon/128/28/real_time",332622,419.965,417.548,ns,,,"3x128x28",,
"dot/dot_fp32_3x32x4_1x4x1_neon/128/40/real_time",235684,595.091,590.282,ns,,,"3x128x40",,
"dot/dot_fp32_3x32x4_1x4x1_neon/256/4/real_time",952919,147.205,146.197,ns,,,"3x256x4",,
"dot/dot_fp32_3x32x4_1x4x1_neon/256/8/real_time",538479,257.037,255.529,ns,,,"3x256x8",,
"dot/dot_fp32_3x32x4_1x4x1_neon/256/12/real_time",376580,369.852,368.216,ns,,,"3x256x12",,
"dot/dot_fp32_3x32x4_1x4x1_neon/256/20/real_time",228867,611.948,606.911,ns,,,"3x256x20",,
"dot/dot_fp32_1x16x4_1x4x1_neon/16/4/real_time",13114532,10.7397,10.6571,ns,,,"1x16x4",,
"dot/dot_fp32_1x16x4_1x4x1_neon/16/88/real_time",2044644,68.3356,67.912,ns,,,"1x16x88",,
"dot/dot_fp32_1x16x4_1x4x1_neon/16/180/real_time",1050807,131.346,130.603,ns,,,"1x16x180",,
"dot/dot_fp32_1x16x4_1x4x1_neon/16/268/real_time",726712,193.932,192.337,ns,,,"1x16x268",,
"dot/dot_fp32_1x16x4_1x4x1_neon/16/360/real_time",547342,257.656,255.031,ns,,,"1x16x360",,
"dot/dot_fp32_1x16x4_1x4x1_neon/32/4/real_time",8742984,16.1236,15.9838,ns,,,"1x32x4",,
"dot/dot_fp32_1x16x4_1x4x1_neon/32/44/real_time",1998890,69.6991,69.2107,ns,,,"1x32x44",,
"dot/dot_fp32_1x16x4_1x4x1_neon/32/92/real_time",1019595,137.689,137.064,ns,,,"1x32x92",,
"dot/dot_fp32_1x16x4_1x4x1_neon/32/136/real_time",521908,199.851,195.937,ns,,,"1x32x136",,
"dot/dot_fp32_1x16x4_1x4x1_neon/32/184/real_time",530944,264.499,262.733,ns,,,"1x32x184",,
"dot/dot_fp32_1x16x4_1x4x1_neon/64/4/real_time",5204597,26.7953,26.6386,ns,,,"1x64x4",,
"dot/dot_fp32_1x16x4_1x4x1_neon/64/20/real_time",2034361,68.6735,68.1583,ns,,,"1x64x20",,
"dot/dot_fp32_1x16x4_1x4x1_neon/64/44/real_time",1066174,132.278,130.9,ns,,,"1x64x44",,
"dot/dot_fp32_1x16x4_1x4x1_neon/64/68/real_time",704011,199.587,198.399,ns,,,"1x64x68",,
"dot/dot_fp32_1x16x4_1x4x1_neon/64/92/real_time",525399,267.536,265.041,ns,,,"1x64x92",,
"dot/dot_fp32_1x16x4_1x4x1_neon/128/4/real_time",2914469,48.5038,47.953,ns,,,"1x128x4",,
"dot/dot_fp32_1x16x4_1x4x1_neon/128/8/real_time",2122805,66.4155,65.6838,ns,,,"1x128x8",,
"dot/dot_fp32_1x16x4_1x4x1_neon/128/20/real_time",1089636,128.716,128.002,ns,,,"1x128x20",,
"dot/dot_fp32_1x16x4_1x4x1_neon/128/32/real_time",703971,193.433,192.45,ns,,,"1x128x32",,
"dot/dot_fp32_1x16x4_1x4x1_neon/128/44/real_time",543019,259.205,257.143,ns,,,"1x128x44",,
"dot/dot_fp32_2x16x4_1x4x1_neon/16/4/real_time",10270636,13.6747,13.615,ns,,,"2x16x4",,
"dot/dot_fp32_2x16x4_1x4x1_neon/16/84/real_time",1302477,108.125,107.096,ns,,,"2x16x84",,
"dot/dot_fp32_2x16x4_1x4x1_neon/16/168/real_time",675488,208.581,206.795,ns,,,"2x16x168",,
"dot/dot_fp32_2x16x4_1x4x1_neon/16/252/real_time",447203,308.036,306.284,ns,,,"2x16x252",,
"dot/dot_fp32_2x16x4_1x4x1_neon/16/336/real_time",344355,409.176,405.651,ns,,,"2x16x336",,
"dot/dot_fp32_2x16x4_1x4x1_neon/32/4/real_time",6470077,21.7646,21.6057,ns,,,"2x32x4",,
"dot/dot_fp32_2x16x4_1x4x1_neon/32/44/real_time",985301,120.297,113.503,ns,,,"2x32x44",,
"dot/dot_fp32_2x16x4_1x4x1_neon/32/88/real_time",641765,219.245,217.611,ns,,,"2x32x88",,
"dot/dot_fp32_2x16x4_1x4x1_neon/32/132/real_time",428037,323.318,321.707,ns,,,"2x32x132",,
"dot/dot_fp32_2x16x4_1x4x1_neon/32/176/real_time",328456,429.489,425.797,ns,,,"2x32x176",,
"dot/dot_fp32_2x16x4_1x4x1_neon/64/4/real_time",3715309,38.0026,37.5904,ns,,,"2x64x4",,
"dot/dot_fp32_2x16x4_1x4x1_neon/64/20/real_time",1322015,106.265,105.745,ns,,,"2x64x20",,
"dot/dot_fp32_2x16x4_1x4x1_neon/64/44/real_time",637352,220.616,219.243,ns,,,"2x64x44",,
"dot/dot_fp32_2x16x4_1x4x1_neon/64/64/real_time",444291,316.872,314.126,ns,,,"2x64x64",,
"dot/dot_fp32_2x16x4_1x4x1_neon/64/88/real_time",320922,431.981,428.36,ns,,,"2x64x88",,
"dot/dot_fp32_2x16x4_1x4x1_neon/128/4/real_time",1991868,69.9203,69.552,ns,,,"2x128x4",,
"dot/dot_fp32_2x16x4_1x4x1_neon/128/8/real_time",1400947,99.882,98.7997,ns,,,"2x128x8",,
"dot/dot_fp32_2x16x4_1x4x1_neon/128/20/real_time",684234,206.322,204.135,ns,,,"2x128x20",,
"dot/dot_fp32_2x16x4_1x4x1_neon/128/32/real_time",432626,320.102,317.966,ns,,,"2x128x32",,
"dot/dot_fp32_2x16x4_1x4x1_neon/128/44/real_time",318352,434.727,431.725,ns,,,"2x128x44",,
"dot/dot_fp32_3x16x4_1x4x1_neon/16/4/real_time",8740739,16.2368,15.9826,ns,,,"3x16x4",,
"dot/dot_fp32_3x16x4_1x4x1_neon/16/80/real_time",896916,151.775,150.949,ns,,,"3x16x80",,
"dot/dot_fp32_3x16x4_1x4x1_neon/16/160/real_time",477050,295.346,292.939,ns,,,"3x16x160",,
"dot/dot_fp32_3x16x4_1x4x1_neon/16/240/real_time",321370,442.51,435.181,ns,,,"3x16x240",,
"dot/dot_fp32_3x16x4_1x4x1_neon/16/320/real_time",242050,582.345,576.826,ns,,,"3x16x320",,
"dot/dot_fp32_3x16x4_1x4x1_neon/32/4/real_time",5364670,26.1669,26.0458,ns,,,"3x32x4",,
"dot/dot_fp32_3x16x4_1x4x1_neon/32/40/real_time",916358,153.369,151.795,ns,,,"3x32x40",,
"dot/dot_fp32_3x16x4_1x4x1_neon/32/84/real_time",453428,311.908,308.084,ns,,,"3x32x84",,
"dot/dot_fp32_3x16x4_1x4x1_neon/32/128/real_time",300176,467.517,464.688,ns,,,"3x32x128",,
"dot/dot_fp32_3x16x4_1x4x1_neon/32/172/real_time",223300,625.31,620.868,ns,,,"3x32x172",,
"dot/dot_fp32_3x16x4_1x4x1_neon/64/4/real_time",3023309,46.4772,46.1713,ns,,,"3x64x4",,
"dot/dot_fp32_3x16x4_1x4x1_neon/64/20/real_time",891044,155.893,154.478,ns,,,"3x64x20",,
"dot/dot_fp32_3x16x4_1x4x1_neon/64/44/real_time",429730,328.574,325.095,ns,,,"3x64x44",,
"dot/dot_fp32_3x16x4_1x4x1_neon/64/64/real_time",298549,470.148,467.551,ns,,,"3x64x64",,
"dot/dot_fp32_3x16x4_1x4x1_neon/64/88/real_time",218923,643.85,637.435,ns,,,"3x64x88",,
"dot/dot_fp32_3x16x4_1x4x1_neon/128/4/real_time",1610059,87.0043,86.4252,ns,,,"3x128x4",,
"dot/dot_fp32_3x16x4_1x4x1_neon/128/8/real_time",1068867,131.373,130.688,ns,,,"3x128x8",,
"dot/dot_fp32_3x16x4_1x4x1_neon/128/20/real_time",449343,303.439,301.2,ns,,,"3x128x20",,
"dot/dot_fp32_3x16x4_1x4x1_neon/128/28/real_time",333179,418.339,415.534,ns,,,"3x128x28",,
"dot/dot_fp32_3x16x4_1x4x1_neon/128/40/real_time",235179,611.259,586.293,ns,,,"3x128x40",,
"dot/dot_fp32_4x16x4_1x4x1_neon/16/4/real_time",7146655,19.6742,19.5253,ns,,,"4x16x4",,
"dot/dot_fp32_4x16x4_1x4x1_neon/16/76/real_time",734283,190.868,190.126,ns,,,"4x16x76",,
"dot/dot_fp32_4x16x4_1x4x1_neon/16/152/real_time",374586,372.191,369.371,ns,,,"4x16x152",,
"dot/dot_fp32_4x16x4_1x4x1_neon/16/228/real_time",253732,555.802,550.441,ns,,,"4x16x228",,
"dot/dot_fp32_4x16x4_1x4x1_neon/16/304/real_time",190193,733.872,729.373,ns,,,"4x16x304",,
"dot/dot_fp32_4x16x4_1x4x1_neon/32/4/real_time",4369852,32.2397,31.9659,ns,,,"4x32x4",,
"dot/dot_fp32_4x16x4_1x4x1_neon/32/40/real_time",695927,201.556,200.664,ns,,,"4x32x40",,
"dot/dot_fp32_4x16x4_1x4x1_neon/32/80/real_time",354809,392.625,390.713,ns,,,"4x32x80",,
"dot/dot_fp32_4x16x4_1x4x1_neon/32/120/real_time",239183,583.322,580.385,ns,,,"4x32x120",,
"dot/dot_fp32_4x16x4_1x4x1_neon/32/164/real_time",175563,794.496,788.451,ns,,,"4x32x164",,
"dot/dot_fp32_4x16x4_1x4x1_neon/64/4/real_time",2487529,57.0766,56.8178,ns,,,"4x64x4",,
"dot/dot_fp32_4x16x4_1x4x1_neon/64/20/real_time",664193,207.165,205.951,ns,,,"4x64x20",,
"dot/dot_fp32_4x16x4_1x4x1_neon/64/40/real_time",353473,401.065,395.301,ns,,,"4x64x40",,
"dot/dot_fp32_4x16x4_1x4x1_neon/64/60/real_time",238217,592.473,586.036,ns,,,"4x64x60",,
"dot/dot_fp32_4x16x4_1x4x1_neon/64/84/real_time",171291,815.166,811.248,ns,,,"4x64x84",,
"dot/dot_fp32_4x16x4_1x4x1_neon/128/4/real_time",1338709,107.698,104.823,ns,,,"4x128x4",,
"dot/dot_fp32_4x16x4_1x4x1_neon/128/8/real_time",786237,178.517,177.576,ns,,,"4x128x8",,
"dot/dot_fp32_4x16x4_1x4x1_neon/128/20/real_time",343797,406.078,402.795,ns,,,"4x128x20",,
"dot/dot_fp32_4x16x4_1x4x1_neon/128/28/real_time",250670,560.517,555.849,ns,,,"4x128x28",,
"dot/dot_fp32_4x16x4_1x4x1_neon/128/40/real_time",176556,786.352,782.607,ns,,,"4x128x40",,
"dot/dot_fp32_5x16x4_1x4x1_neon/16/4/real_time",6046326,23.2599,23.0837,ns,,,"5x16x4",,
"dot/dot_fp32_5x16x4_1x4x1_neon/16/72/real_time",622746,225.4,224.298,ns,,,"5x16x72",,
"dot/dot_fp32_5x16x4_1x4x1_neon/16/144/real_time",313576,440.284,437.12,ns,,,"5x16x144",,
"dot/dot_fp32_5x16x4_1x4x1_neon/16/216/real_time",213572,653.661,650.245,ns,,,"5x16x216",,
"dot/dot_fp32_5x16x4_1x4x1_neon/16/288/real_time",160912,870.442,863.432,ns,,,"5x16x288",,
"dot/dot_fp32_5x16x4_1x4x1_neon/32/4/real_time",3737658,37.6091,37.3723,ns,,,"5x32x4",,
"dot/dot_fp32_5x16x4_1x4x1_neon/32/40/real_time",543593,253.359,250.4,ns,,,"5x32x40",,
"dot/dot_fp32_5x16x4_1x4x1_neon/32/80/real_time",285822,491.346,487.584,ns,,,"5x32x80",,
"dot/dot_fp32_5x16x4_1x4x1_neon/32/120/real_time",191826,728.218,724.097,ns,,,"5x32x120",,
"dot/dot_fp32_5x16x4_1x4x1_neon/32/160/real_time",144023,964.79,960.822,ns,,,"5x32x160",,
"dot/dot_fp32_5x16x4_1x4x1_neon/64/4/real_time",2035135,68.5541,68.0598,ns,,,"5x64x4",,
"dot/dot_fp32_5x16x4_1x4x1_neon/64/20/real_time",538180,266.236,257.346,ns,,,"5x64x20",,
"dot/dot_fp32_5x16x4_1x4x1_neon/64/40/real_time",280419,497.786,494.145,ns,,,"5x64x40",,
"dot/dot_fp32_5x16x4_1x4x1_neon/64/60/real_time",189968,734.55,729.728,ns,,,"5x64x60",,
"dot/dot_fp32_5x16x4_1x4x1_neon/64/84/real_time",137771,1023.87,1013.76,ns,,,"5x64x84",,
"dot/dot_fp32_5x16x4_1x4x1_neon/128/4/real_time",1112525,126.204,125.478,ns,,,"5x128x4",,
"dot/dot_fp32_5x16x4_1x4x1_neon/128/8/real_time",620987,224.771,223.083,ns,,,"5x128x8",,
"dot/dot_fp32_5x16x4_1x4x1_neon/128/20/real_time",275659,513.097,506.631,ns,,,"5x128x20",,
"dot/dot_fp32_5x16x4_1x4x1_neon/128/28/real_time",199143,699.341,695.651,ns,,,"5x128x28",,
"dot/dot_fp32_5x16x4_1x4x1_neon/128/40/real_time",142419,984.775,978.43,ns,,,"5x128x40",,
"dot/dot_fp32_1x8x4_1x4x1_neon/8/4/real_time",14653322,9.61173,9.4773,ns,,,"1x8x4",,
"dot/dot_fp32_1x8x4_1x4x1_neon/8/168/real_time",1366621,103.61,102.333,ns,,,"1x8x168",,
"dot/dot_fp32_1x8x4_1x4x1_neon/8/340/real_time",679864,205.605,204.036,ns,,,"1x8x340",,
"dot/dot_fp32_1x8x4_1x4x1_neon/8/508/real_time",460239,306.115,303.308,ns,,,"1x8x508",,
"dot/dot_fp32_1x8x4_1x4x1_neon/8/680/real_time",341944,413.221,409.942,ns,,,"1x8x680",,
"dot/dot_fp32_1x8x4_1x4x1_neon/16/4/real_time",9606708,13.9985,13.912,ns,,,"1x16x4",,
"dot/dot_fp32_1x8x4_1x4x1_neon/16/88/real_time",1358873,103.32,102.906,ns,,,"1x16x88",,
"dot/dot_fp32_1x8x4_1x4x1_neon/16/180/real_time",649918,217.494,211.376,ns,,,"1x16x180",,
"dot/dot_fp32_1x8x4_1x4x1_neon/16/268/real_time",441388,318.658,315.626,ns,,,"1x16x268",,
"dot/dot_fp32_1x8x4_1x4x1_neon/16/360/real_time",328600,430.251,425.02,ns,,,"1x16x360",,
"dot/dot_fp32_1x8x4_1x4x1_neon/32/4/real_time",6119083,22.8984,22.7906,ns,,,"1x32x4",,
"dot/dot_fp32_1x8x4_1x4x1_neon/32/44/real_time",1427026,98.2762,97.4121,ns,,,"1x32x44",,
"dot/dot_fp32_1x8x4_1x4x1_neon/32/92/real_time",646612,217.167,216.063,ns,,,"1x32x92",,
"dot/dot_fp32_1x8x4_1x4x1_neon/32/136/real_time",441566,315.784,312.541,ns,,,"1x32x136",,
"dot/dot_fp32_1x8x4_1x4x1_neon/32/184/real_time",327145,430.739,426.603,ns,,,"1x32x184",,
"dot/dot_fp32_1x8x4_1x4x1_neon/64/4/real_time",3443384,41.5448,40.559,ns,,,"1x64x4",,
"dot/dot_fp32_1x8x4_1x4x1_neon/64/20/real_time",1583370,88.25,87.3953,ns,,,"1x64x20",,
"dot/dot_fp32_1x8x4_1x4x1_neon/64/44/real_time",740221,189.683,188.805,ns,,,"1x64x44",,
"dot/dot_fp32_1x8x4_1x4x1_neon/64/68/real_time",466242,297.118,295.877,ns,,,"1x64x68",,
"dot/dot_fp32_1x8x4_1x4x1_neon/64/92/real_time",333895,414.8,412.267,ns,,,"1x64x92",,
"dot/dot_fp32_4x8x4_1x4x1_neon/8/4/real_time",9262722,15.2472,15.0951,ns,,,"4x8x4",,
"dot/dot_fp32_4x8x4_1x4x1_neon/8/124/real_time",875467,157.428,156.318,ns,,,"4x8x124",,
"dot/dot_fp32_4x8x4_1x4x1_neon/8/252/real_time",452350,312.012,307.763,ns,,,"4x8x252",,
"dot/dot_fp32_4x8x4_1x4x1_neon/8/380/real_time",305069,463.385,458.188,ns,,,"4x8x380",,
"dot/dot_fp32_4x8x4_1x4x1_neon/8/508/real_time",228646,633.229,610.999,ns,,,"4x8x508",,
"dot/dot_fp32_4x8x4_1x4x1_neon/16/4/real_time",5901920,23.783,23.6765,ns,,,"4x16x4",,
"dot/dot_fp32_4x8x4_1x4x1_neon/16/76/real_time",717205,192.28,190.385,ns,,,"4x16x76",,
"dot/dot_fp32_4x8x4_1x4x1_neon/16/152/real_time",376820,376.458,370.886,ns,,,"4x16x152",,
"dot/dot_fp32_4x8x4_1x4x1_neon/16/228/real_time",253843,556.659,550.522,ns,,,"4x16x228",,
"dot/dot_fp32_4x8x4_1x4x1_neon/16/304/real_time",191491,737.886,729.959,ns,,,"4x16x304",,
"dot/dot_fp32_4x8x4_1x4x1_neon/32/4/real_time",3422918,41.311,40.8517,ns,,,"4x32x4",,
"dot/dot_fp32_4x8x4_1x4x1_neon/32/40/real_time",687350,204.083,202.961,ns,,,"4x32x40",,
"dot/dot_fp32_4x8x4_1x4x1_neon/32/80/real_time",351646,394.584,392.354,ns,,,"4x32x80",,
"dot/dot_fp32_4x8x4_1x4x1_neon/32/120/real_time",237734,588.234,582.256,ns,,,"4x32x120",,
"dot/dot_fp32_4x8x4_1x4x1_neon/32/164/real_time",176023,794.876,789.829,ns,,,"4x32x164",,
"dot/dot_fp32_4x8x4_1x4x1_neon/64/4/real_time",1842200,75.6666,75.1761,ns,,,"4x64x4",,
"dot/dot_fp32_4x8x4_1x4x1_neon/64/20/real_time",656366,209.04,207.881,ns,,,"4x64x20",,
"dot/dot_fp32_4x8x4_1x4x1_neon/64/40/real_time",351396,403.43,397.651,ns,,,"4x64x40",,
"dot/dot_fp32_4x8x4_1x4x1_neon/64/60/real_time",237788,592.722,586.809,ns,,,"4x64x60",,
"dot/dot_fp32_4x8x4_1x4x1_neon/64/84/real_time",170919,818.465,814.062,ns,,,"4x64x84",,
"dot/dot_fp32_6x8x4_1x4x1_neon/8/4/real_time",7204407,18.621,17.7646,ns,,,"6x8x4",,
"dot/dot_fp32_6x8x4_1x4x1_neon/8/108/real_time",689286,203.73,202.329,ns,,,"6x8x108",,
"dot/dot_fp32_6x8x4_1x4x1_neon/8/216/real_time",348853,396.661,394.217,ns,,,"6x8x216",,
"dot/dot_fp32_6x8x4_1x4x1_neon/8/324/real_time",237070,588.927,585.792,ns,,,"6x8x324",,
"dot/dot_fp32_6x8x4_1x4x1_neon/8/432/real_time",177824,780.731,776.961,ns,,,"6x8x432",,
"dot/dot_fp32_6x8x4_1x4x1_neon/16/4/real_time",4964273,27.9689,27.8206,ns,,,"6x16x4",,
"dot/dot_fp32_6x8x4_1x4x1_neon/16/68/real_time",552443,254.44,252.437,ns,,,"6x16x68",,
"dot/dot_fp32_6x8x4_1x4x1_neon/16/136/real_time",282712,496.306,493.979,ns,,,"6x16x136",,
"dot/dot_fp32_6x8x4_1x4x1_neon/16/204/real_time",188974,742.869,735.791,ns,,,"6x16x204",,
"dot/dot_fp32_6x8x4_1x4x1_neon/16/272/real_time",142097,982.308,977.414,ns,,,"6x16x272",,
"dot/dot_fp32_6x8x4_1x4x1_neon/32/4/real_time",2892685,48.2547,47.9473,ns,,,"6x32x4",,
"dot/dot_fp32_6x8x4_1x4x1_neon/32/36/real_time",516813,272.708,269.943,ns,,,"6x32x36",,
"dot/dot_fp32_6x8x4_1x4x1_neon/32/76/real_time",252003,558.596,554.09,ns,,,"6x32x76",,
"dot/dot_fp32_6x8x4_1x4x1_neon/32/116/real_time",166251,843.968,838.265,ns,,,"6x32x116",,
"dot/dot_fp32_6x8x4_1x4x1_neon/32/156/real_time",124417,1127.28,1122.31,ns,,,"6x32x156",,
"dot/dot_fp32_6x8x4_1x4x1_neon/64/4/real_time",1580555,89.9721,88.2226,ns,,,"6x64x4",,
"dot/dot_fp32_6x8x4_1x4x1_neon/64/20/real_time",457340,307.01,305.428,ns,,,"6x64x20",,
"dot/dot_fp32_6x8x4_1x4x1_neon/64/40/real_time",235680,593.035,589.517,ns,,,"6x64x40",,
"dot/dot_fp32_6x8x4_1x4x1_neon/64/60/real_time",159785,882.544,873.735,ns,,,"6x64x60",,
"dot/dot_fp32_6x8x4_1x4x1_neon/64/80/real_time",120731,1163.29,1157.09,ns,,,"6x64x80",,
"dot/dot_fp32_8x8x4_1x4x1_neon/8/4/real_time",5889590,22.3485,22.1985,ns,,,"8x8x4",,
"dot/dot_fp32_8x8x4_1x4x1_neon/8/92/real_time",605543,231.839,230.649,ns,,,"8x8x92",,
"dot/dot_fp32_8x8x4_1x4x1_neon/8/188/real_time",303496,459.866,457.47,ns,,,"8x8x188",,
"dot/dot_fp32_8x8x4_1x4x1_neon/8/284/real_time",202422,689.401,684.716,ns,,,"8x8x284",,
"dot/dot_fp32_8x8x4_1x4x1_neon/8/380/real_time",152664,924.617,912.64,ns,,,"8x8x380",,
"dot/dot_fp32_8x8x4_1x4x1_neon/16/4/real_time",3933473,36.1394,35.526,ns,,,"8x16x4",,
"dot/dot_fp32_8x8x4_1x4x1_neon/16/60/real_time",468293,300.625,298.365,ns,,,"8x16x60",,
"dot/dot_fp32_8x8x4_1x4x1_neon/16/124/real_time",228373,606.38,602.512,ns,,,"8x16x124",,
"dot/dot_fp32_8x8x4_1x4x1_neon/16/184/real_time",156503,894.283,885.951,ns,,,"8x16x184",,
"dot/dot_fp32_8x8x4_1x4x1_neon/16/248/real_time",117477,1194.96,1189.73,ns,,,"8x16x248",,
"dot/dot_fp32_8x8x4_1x4x1_neon/32/4/real_time",2332633,59.9666,59.5113,ns,,,"8x32x4",,
"dot/dot_fp32_8x8x4_1x4x1_neon/32/36/real_time",383141,375.019,360.84,ns,,,"8x32x36",,
"dot/dot_fp32_8x8x4_1x4x1_neon/32/72/real_time",198259,704.682,701.885,ns,,,"8x32x72",,
"dot/dot_fp32_8x8x4_1x4x1_neon/32/108/real_time",133312,1057.79,1047.81,ns,,,"8x32x108",,
"dot/dot_fp32_8x8x4_1x4x1_neon/32/144/real_time",100739,1389.16,1383.49,ns,,,"8x32x144",,
"dot/dot_fp32_8x8x4_1x4x1_neon/64/4/real_time",1123668,124.336,123.047,ns,,,"8x64x4",,
"dot/dot_fp32_8x8x4_1x4x1_neon/64/16/real_time",418176,335.616,333.838,ns,,,"8x64x16",,
"dot/dot_fp32_8x8x4_1x4x1_neon/64/36/real_time",194266,719.4,713.929,ns,,,"8x64x36",,
"dot/dot_fp32_8x8x4_1x4x1_neon/64/56/real_time",123633,1102.28,1091.71,ns,,,"8x64x56",,
"dot/dot_fp32_8x8x4_1x4x1_neon/64/76/real_time",94915,1484.37,1471.63,ns,,,"8x64x76",,
"dot/dot_fp32_8x4x4_1x4x1_neon/4/4/real_time",8277366,16.3856,16.2801,ns,,,"8x4x4",,
"dot/dot_fp32_8x4x4_1x4x1_neon/4/124/real_time",883115,159.243,158.084,ns,,,"8x4x124",,
"dot/dot_fp32_8x4x4_1x4x1_neon/4/252/real_time",449759,312.395,310.769,ns,,,"8x4x252",,
"dot/dot_fp32_8x4x4_1x4x1_neon/4/380/real_time",299187,467.581,461.754,ns,,,"8x4x380",,
"dot/dot_fp32_8x4x4_1x4x1_neon/4/508/real_time",226366,617.13,612.69,ns,,,"8x4x508",,
"dot/dot_fp32_8x4x4_1x4x1_neon/8/4/real_time",5687992,24.8011,24.5669,ns,,,"8x8x4",,
"dot/dot_fp32_8x4x4_1x4x1_neon/8/92/real_time",607230,231.211,229.817,ns,,,"8x8x92",,
"dot/dot_fp32_8x4x4_1x4x1_neon/8/188/real_time",303637,460.468,457.079,ns,,,"8x8x188",,
"dot/dot_fp32_8x4x4_1x4x1_neon/8/284/real_time",203228,697.008,682.967,ns,,,"8x8x284",,
"dot/dot_fp32_8x4x4_1x4x1_neon/8/380/real_time",152742,918.003,911.322,ns,,,"8x8x380",,
"dot/dot_fp32_8x4x4_1x4x1_neon/16/4/real_time",3396049,41.604,41.1438,ns,,,"8x16x4",,
"dot/dot_fp32_8x4x4_1x4x1_neon/16/60/real_time",467073,300.98,298.679,ns,,,"8x16x60",,
"dot/dot_fp32_8x4x4_1x4x1_neon/16/124/real_time",230102,608.2,603.748,ns,,,"8x16x124",,
"dot/dot_fp32_8x4x4_1x4x1_neon/16/184/real_time",157456,896.78,885.306,ns,,,"8x16x184",,
"dot/dot_fp32_8x4x4_1x4x1_neon/16/248/real_time",116910,1202.79,1193.56,ns,,,"8x16x248",,
"dot/dot_fp32_8x4x4_1x4x1_neon/32/4/real_time",1829594,74.7484,74.2931,ns,,,"8x32x4",,
"dot/dot_fp32_8x4x4_1x4x1_neon/32/36/real_time",381532,363.259,360.54,ns,,,"8x32x36",,
"dot/dot_fp32_8x4x4_1x4x1_neon/32/72/real_time",197226,707.187,703.206,ns,,,"8x32x72",,
"dot/dot_fp32_8x4x4_1x4x1_neon/32/108/real_time",133472,1061.32,1047.67,ns,,,"8x32x108",,
"dot/dot_fp32_8x4x4_1x4x1_neon/32/144/real_time",100662,1395.24,1388.8,ns,,,"8x32x144",,
"dot/dot_fp64_1x16x2_1x2x1_neon/16/2/real_time",14251049,9.84379,9.76804,ns,,,"1x16x2",,
"dot/dot_fp64_1x16x2_1x2x1_neon/16/44/real_time",2156589,65.2929,64.5097,ns,,,"1x16x44",,
"dot/dot_fp64_1x16x2_1x2x1_neon/16/88/real_time",1167485,120.948,119.997,ns,,,"1x16x88",,
"dot/dot_fp64_1x16x2_1x2x1_neon/16/132/real_time",784306,179.453,178.265,ns,,,"1x16x132",,
"dot/dot_fp64_1x16x2_1x2x1_neon/16/178/real_time",586431,247.499,237.733,ns,,,"1x16x178",,
"dot/dot_fp64_1x16x2_1x2x1_neon/32/2/real_time",9228424,14.8834,14.7992,ns,,,"1x32x2",,
"dot/dot_fp64_1x16x2_1x2x1_neon/32/22/real_time",2083850,67.1021,66.5592,ns,,,"1x32x22",,
"dot/dot_fp64_1x16x2_1x2x1_neon/32/46/real_time",1078328,129.897,129.063,ns,,,"1x32x46",,
"dot/dot_fp64_1x16x2_1x2x1_neon/32/68/real_time",752917,188.126,185.433,ns,,,"1x32x68",,
"dot/dot_fp64_1x16x2_1x2x1_neon/32/92/real_time",564693,249.61,247.263,ns,,,"1x32x92",,
"dot/dot_fp64_1x16x2_1x2x1_neon/64/2/real_time",5620292,25.0295,24.8615,ns,,,"1x64x2",,
"dot/dot_fp64_1x16x2_1x2x1_neon/64/10/real_time",2174644,65.3168,64.8013,ns,,,"1x64x10",,
"dot/dot_fp64_1x16x2_1x2x1_neon/64/22/real_time",1109854,126.262,125.669,ns,,,"1x64x22",,
"dot/dot_fp64_1x16x2_1x2x1_neon/64/34/real_time",736391,191.123,189.069,ns,,,"1x64x34",,
"dot/dot_fp64_1x16x2_1x2x1_neon/64/46/real_time",558188,252.106,250.781,ns,,,"1x64x46",,
"dot/dot_fp64_1x16x2_1x2x1_neon/128/2/real_time",3061673,45.2571,44.9901,ns,,,"1x128x2",,
"dot/dot_fp64_1x16x2_1x2x1_neon/128/4/real_time",2233630,62.4921,62.0288,ns,,,"1x128x4",,
"dot/dot_fp64_1x16x2_1x2x1_neon/128/10/real_time",1143014,123.962,122.281,ns,,,"1x128x10",,
"dot/dot_fp64_1x16x2_1x2x1_neon/128/16/real_time",752694,186.785,185.498,ns,,,"1x128x16",,
"dot/dot_fp64_1x16x2_1x2x1_neon/128/22/real_time",563684,248.502,245.462,ns,,,"1x128x22",,
"dot/dot_fp64_2x16x2_1x2x1_neon/16/2/real_time",11220008,12.523,12.4309,ns,,,"2x16x2",,
"dot/dot_fp64_2x16x2_1x2x1_neon/16/42/real_time",1275266,108.612,106.984,ns,,,"2x16x42",,
"dot/dot_fp64_2x16x2_1x2x1_neon/16/84/real_time",676531,215.094,206.593,ns,,,"2x16x84",,
"dot/dot_fp64_2x16x2_1x2x1_neon/16/126/real_time",455048,307.996,306.028,ns,,,"2x16x126",,
"dot/dot_fp64_2x16x2_1x2x1_neon/16/168/real_time",337849,408.288,405.33,ns,,,"2x16x168",,
"dot/dot_fp64_2x16x2_1x2x1_neon/32/2/real_time",6941226,20.34,20.1296,ns,,,"2x32x2",,
"dot/dot_fp64_2x16x2_1x2x1_neon/32/22/real_time",1232634,113.737,113.207,ns,,,"2x32x22",,
"dot/dot_fp64_2x16x2_1x2x1_neon/32/44/real_time",641331,218.963,217.378,ns,,,"2x32x44",,
"dot/dot_fp64_2x16x2_1x2x1_neon/32/66/real_time",434877,323.825,321.52,ns,,,"2x32x66",,
"dot/dot_fp64_2x16x2_1x2x1_neon/32/88/real_time",322273,428.026,425.403,ns,,,"2x32x88",,
"dot/dot_fp64_2x16x2_1x2x1_neon/64/2/real_time",4013344,34.5356,34.3324,ns,,,"2x64x2",,
"dot/dot_fp64_2x16x2_1x2x1_neon/64/10/real_time",1324490,106.373,105.57,ns,,,"2x64x10",,
"dot/dot_fp64_2x16x2_1x2x1_neon/64/22/real_time",634848,221.097,219.379,ns,,,"2x64x22",,
"dot/dot_fp64_2x16x2_1x2x1_neon/64/32/real_time",444040,318.121,314.645,ns,,,"2x64x32",,
"dot/dot_fp64_2x16x2_1x2x1_neon/64/44/real_time",326264,432.651,428.081,ns,,,"2x64x44",,
"dot/dot_fp64_2x16x2_1x2x1_neon/128/2/real_time",2226016,63.6545,62.7565,ns,,,"2x128x2",,
"dot/dot_fp64_2x16x2_1x2x1_neon/128/4/real_time",1502835,93.3852,92.361,ns,,,"2x128x4",,
"dot/dot_fp64_2x16x2_1x2x1_neon/128/10/real_time",680238,207.522,205.121,ns,,,"2x128x10",,
"dot/dot_fp64_2x16x2_1x2x1_neon/128/14/real_time",496107,283.31,281.256,ns,,,"2x128x14",,
"dot/dot_fp64_2x16x2_1x2x1_neon/128/20/real_time",349454,417.336,395.275,ns,,,"2x128x20",,
"dot/dot_fp64_3x16x2_1x2x1_neon/16/2/real_time",6690570,20.6445,20.4691,ns,,,"3x16x2",,
"dot/dot_fp64_3x16x2_1x2x1_neon/16/38/real_time",955659,147.182,146.259,ns,,,"3x16x38",,
"dot/dot_fp64_3x16x2_1x2x1_neon/16/78/real_time",477134,288.353,286.532,ns,,,"3x16x78",,
"dot/dot_fp64_3x16x2_1x2x1_neon/16/118/real_time",318359,436.863,433.27,ns,,,"3x16x118",,
"dot/dot_fp64_3x16x2_1x2x1_neon/16/158/real_time",244271,576.249,571.774,ns,,,"3x16x158",,
"dot/dot_fp64_3x16x2_1x2x1_neon/32/2/real_time",5242331,27.0734,26.7447,ns,,,"3x32x2",,
"dot/dot_fp64_3x16x2_1x2x1_neon/32/20/real_time",869602,158.99,158.163,ns,,,"3x32x20",,
"dot/dot_fp64_3x16x2_1x2x1_neon/32/42/real_time",450824,311.786,310.105,ns,,,"3x32x42",,
"dot/dot_fp64_3x16x2_1x2x1_neon/32/62/real_time",303835,462.907,458.191,ns,,,"3x32x62",,
"dot/dot_fp64_3x16x2_1x2x1_neon/32/84/real_time",228430,616.847,611.564,ns,,,"3x32x84",,
"dot/dot_fp64_3x16x2_1x2x1_neon/64/2/real_time",3017155,46.7304,46.3631,ns,,,"3x64x2",,
"dot/dot_fp64_3x16x2_1x2x1_neon/64/10/real_time",846281,165.317,164.188,ns,,,"3x64x10",,
"dot/dot_fp64_3x16x2_1x2x1_neon/64/20/real_time",452949,308.886,306.795,ns,,,"3x64x20",,
"dot/dot_fp64_3x16x2_1x2x1_neon/64/30/real_time",317121,445.978,440.68,ns,,,"3x64x30",,
"dot/dot_fp64_3x16x2_1x2x1_neon/64/42/real_time",226702,622.446,616.823,ns,,,"3x64x42",,
"dot/dot_fp64_3x16x2_1x2x1_neon/128/2/real_time",1606539,87.1595,86.647,ns,,,"3x128x2",,
"dot/dot_fp64_3x16x2_1x2x1_neon/128/4/real_time",964951,145.35,139.69,ns,,,"3x128x4",,
"dot/dot_fp64_3x16x2_1x2x1_neon/128/10/real_time",435510,319.98,317.512,ns,,,"3x128x10",,
"dot/dot_fp64_3x16x2_1x2x1_neon/128/14/real_time",322622,430.026,427.886,ns,,,"3x128x14",,
"dot/dot_fp64_3x16x2_1x2x1_neon/128/20/real_time",229973,601.813,599.141,ns,,,"3x128x20",,
"dot/dot_fp64_1x8x2_1x2x1_neon/8/2/real_time",16729647,8.34667,8.29229,ns,,,"1x8x2",,
"dot/dot_fp64_1x8x2_1x2x1_neon/8/84/real_time",2086092,67.186,66.5996,ns,,,"1x8x84",,
"dot/dot_fp64_1x8x2_1x2x1_neon/8/170/real_time",1071397,128.151,127.195,ns,,,"1x8x170",,
"dot/dot_fp64_1x8x2_1x2x1_neon/8/254/real_time",744382,188.733,187.819,ns,,,"1x8x254",,
"dot/dot_fp64_1x8x2_1x2x1_neon/8/340/real_time",546614,256.318,254.799,ns,,,"1x8x340",,
"dot/dot_fp64_1x8x2_1x2x1_neon/16/2/real_time",11515624,12.2499,12.1362,ns,,,"1x16x2",,
"dot/dot_fp64_1x8x2_1x2x1_neon/16/44/real_time",1982240,71.2047,70.4555,ns,,,"1x16x44",,
"dot/dot_fp64_1x8x2_1x2x1_neon/16/88/real_time",1057930,132.411,131.823,ns,,,"1x16x88",,
"dot/dot_fp64_1x8x2_1x2x1_neon/16/132/real_time",702664,197.03,196.037,ns,,,"1x16x132",,
"dot/dot_fp64_1x8x2_1x2x1_neon/16/178/real_time",531281,264.588,262.924,ns,,,"1x16x178",,
"dot/dot_fp64_1x8x2_1x2x1_neon/32/2/real_time",7063572,19.6467,19.5342,ns,,,"1x32x2",,
"dot/dot_fp64_1x8x2_1x2x1_neon/32/22/real_time",1873030,74.2755,73.7671,ns,,,"1x32x22",,
"dot/dot_fp64_1x8x2_1x2x1_neon/32/46/real_time",952742,145.052,143.733,ns,,,"1x32x46",,
"dot/dot_fp64_1x8x2_1x2x1_neon/32/68/real_time",613926,206.217,202.89,ns,,,"1x32x68",,
"dot/dot_fp64_1x8x2_1x2x1_neon/32/92/real_time",506091,276.12,273.275,ns,,,"1x32x92",,
"dot/dot_fp64_1x8x2_1x2x1_neon/64/2/real_time",4070855,34.7304,34.3359,ns,,,"1x64x2",,
"dot/dot_fp64_1x8x2_1x2x1_neon/64/10/real_time",1863719,75.1428,74.6708,ns,,,"1x64x10",,
"dot/dot_fp64_1x8x2_1x2x1_neon/64/22/real_time",995111,141.271,140.311,ns,,,"1x64x22",,
"dot/dot_fp64_1x8x2_1x2x1_neon/64/34/real_time",661681,211.743,207.313,ns,,,"1x64x34",,
"dot/dot_fp64_1x8x2_1x2x1_neon/64/46/real_time",508071,286.665,274.713,ns,,,"1x64x46",,
"dot/dot_fp64_2x8x2_1x2x1_neon/8/2/real_time",13391056,10.4965,10.2332,ns,,,"2x8x2",,
"dot/dot_fp64_2x8x2_1x2x1_neon/8/76/real_time",1000000,101.251,98.1983,ns,,,"2x8x76",,
"dot/dot_fp64_2x8x2_1x2x1_neon/8/152/real_time",710329,193.256,188.263,ns,,,"2x8x152",,
"dot/dot_fp64_2x8x2_1x2x1_neon/8/228/real_time",500850,281.557,278.148,ns,,,"2x8x228",,
"dot/dot_fp64_2x8x2_1x2x1_neon/8/304/real_time",369652,372.367,369.552,ns,,,"2x8x304",,
"dot/dot_fp64_2x8x2_1x2x1_neon/16/2/real_time",8801990,15.2539,15.097,ns,,,"2x16x2",,
"dot/dot_fp64_2x8x2_1x2x1_neon/16/42/real_time",1286404,109.652,108.501,ns,,,"2x16x42",,
"dot/dot_fp64_2x8x2_1x2x1_neon/16/84/real_time",668299,209.566,207.886,ns,,,"2x16x84",,
"dot/dot_fp64_2x8x2_1x2x1_neon/16/126/real_time",454070,309.901,307.297,ns,,,"2x16x126",,
"dot/dot_fp64_2x8x2_1x2x1_neon/16/168/real_time",343309,408.519,406.714,ns,,,"2x16x168",,
"dot/dot_fp64_2x8x2_1x2x1_neon/32/2/real_time",5446345,25.1933,24.927,ns,,,"2x32x2",,
"dot/dot_fp64_2x8x2_1x2x1_neon/32/22/real_time",1221025,117.984,114.437,ns,,,"2x32x22",,
"dot/dot_fp64_2x8x2_1x2x1_neon/32/44/real_time",638748,220.384,218.553,ns,,,"2x32x44",,
"dot/dot_fp64_2x8x2_1x2x1_neon/32/66/real_time",427969,325.284,322.91,ns,,,"2x32x66",,
"dot/dot_fp64_2x8x2_1x2x1_neon/32/88/real_time",326991,431.18,426.982,ns,,,"2x32x88",,
"dot/dot_fp64_2x8x2_1x2x1_neon/64/2/real_time",3126763,45.0563,44.6929,ns,,,"2x64x2",,
"dot/dot_fp64_2x8x2_1x2x1_neon/64/10/real_time",1248796,110.136,109.59,ns,,,"2x64x10",,
"dot/dot_fp64_2x8x2_1x2x1_neon/64/22/real_time",629369,222.925,221.247,ns,,,"2x64x22",,
"dot/dot_fp64_2x8x2_1x2x1_neon/64/32/real_time",441395,318.162,316.3,ns,,,"2x64x32",,
"dot/dot_fp64_2x8x2_1x2x1_neon/64/44/real_time",319139,432.404,429.789,ns,,,"2x64x44",,
"dot/dot_fp64_3x8x2_1x2x1_neon/8/2/real_time",10965364,12.8329,12.7271,ns,,,"3x8x2",,
"dot/dot_fp64_3x8x2_1x2x1_neon/8/68/real_time",1086350,129.424,128.684,ns,,,"3x8x68",,
"dot/dot_fp64_3x8x2_1x2x1_neon/8/138/real_time",551106,255.279,252.834,ns,,,"3x8x138",,
"dot/dot_fp64_3x8x2_1x2x1_neon/8/206/real_time",373784,379.425,373.677,ns,,,"3x8x206",,
"dot/dot_fp64_3x8x2_1x2x1_neon/8/276/real_time",280400,502.493,498.013,ns,,,"3x8x276",,
"dot/dot_fp64_3x8x2_1x2x1_neon/16/2/real_time",7150363,19.6499,19.534,ns,,,"3x16x2",,
"dot/dot_fp64_3x8x2_1x2x1_neon/16/38/real_time",972577,144.494,143.574,ns,,,"3x16x38",,
"dot/dot_fp64_3x8x2_1x2x1_neon/16/78/real_time",488525,286.893,285.691,ns,,,"3x16x78",,
"dot/dot_fp64_3x8x2_1x2x1_neon/16/118/real_time",324929,429.954,427.768,ns,,,"3x16x118",,
"dot/dot_fp64_3x8x2_1x2x1_neon/16/158/real_time",228617,573.211,570.02,ns,,,"3x16x158",,
"dot/dot_fp64_3x8x2_1x2x1_neon/32/2/real_time",4176939,33.3254,33.1501,ns,,,"3x32x2",,
"dot/dot_fp64_3x8x2_1x2x1_neon/32/20/real_time",913216,154.161,152.731,ns,,,"3x32x20",,
"dot/dot_fp64_3x8x2_1x2x1_neon/32/42/real_time",451141,311.065,308.948,ns,,,"3x32x42",,
"dot/dot_fp64_3x8x2_1x2x1_neon/32/62/real_time",306903,454.853,450.934,ns,,,"3x32x62",,
"dot/dot_fp64_3x8x2_1x2x1_neon/32/84/real_time",228747,611.726,607.295,ns,,,"3x32x84",,
"dot/dot_fp64_3x8x2_1x2x1_neon/64/2/real_time",2295637,60.6928,60.3793,ns,,,"3x64x2",,
"dot/dot_fp64_3x8x2_1x2x1_neon/64/10/real_time",892285,157.661,156.24,ns,,,"3x64x10",,
"dot/dot_fp64_3x8x2_1x2x1_neon/64/20/real_time",468163,300.086,298.259,ns,,,"3x64x20",,
"dot/dot_fp64_3x8x2_1x2x1_neon/64/30/real_time",311598,442.625,440.316,ns,,,"3x64x30",,
"dot/dot_fp64_3x8x2_1x2x1_neon/64/42/real_time",228641,614.54,610.78,ns,,,"3x64x42",,
"dot/dot_fp64_4x8x2_1x2x1_neon/8/2/real_time",9818676,14.3213,14.2068,ns,,,"4x8x2",,
"dot/dot_fp64_4x8x2_1x2x1_neon/8/62/real_time",903762,155.576,154.518,ns,,,"4x8x62",,
"dot/dot_fp64_4x8x2_1x2x1_neon/8/126/real_time",446565,308.549,305.495,ns,,,"4x8x126",,
"dot/dot_fp64_4x8x2_1x2x1_neon/8/188/real_time",308557,456.316,452.835,ns,,,"4x8x188",,
"dot/dot_fp64_4x8x2_1x2x1_neon/8/252/real_time",231594,610.029,603.932,ns,,,"4x8x252",,
"dot/dot_fp64_4x8x2_1x2x1_neon/16/2/real_time",6383206,22.2855,21.9033,ns,,,"4x16x2",,
"dot/dot_fp64_4x8x2_1x2x1_neon/16/36/real_time",708970,181.246,179.373,ns,,,"4x16x36",,
"dot/dot_fp64_4x8x2_1x2x1_neon/16/74/real_time",387426,364.756,360.46,ns,,,"4x16x74",,
"dot/dot_fp64_4x8x2_1x2x1_neon/16/112/real_time",258713,543.702,539.852,ns,,,"4x16x112",,
"dot/dot_fp64_4x8x2_1x2x1_neon/16/150/real_time",193913,727.101,720.146,ns,,,"4x16x150",,
"dot/dot_fp64_4x8x2_1x2x1_neon/32/2/real_time",3746322,37.6945,37.3008,ns,,,"4x32x2",,
"dot/dot_fp64_4x8x2_1x2x1_neon/32/20/real_time",690342,203.586,202.439,ns,,,"4x32x20",,
"dot/dot_fp64_4x8x2_1x2x1_neon/32/40/real_time",350587,393.587,391.487,ns,,,"4x32x40",,
"dot/dot_fp64_4x8x2_1x2x1_neon/32/60/real_time",238261,584.263,580.125,ns,,,"4x32x60",,
"dot/dot_fp64_4x8x2_1x2x1_neon/32/80/real_time",179843,776.906,772.413,ns,,,"4x32x80",,
"dot/dot_fp64_4x8x2_1x2x1_neon/64/2/real_time",2032390,68.4499,68.0723,ns,,,"4x64x2",,
"dot/dot_fp64_4x8x2_1x2x1_neon/64/10/real_time",646089,207.23,206.002,ns,,,"4x64x10",,
"dot/dot_fp64_4x8x2_1x2x1_neon/64/20/real_time",352946,398.543,395.596,ns,,,"4x64x20",,
"dot/dot_fp64_4x8x2_1x2x1_neon/64/30/real_time",238562,591.393,585.142,ns,,,"4x64x30",,
"dot/dot_fp64_4x8x2_1x2x1_neon/64/40/real_time",177083,782.511,778.845,ns,,,"4x64x40",,
"dot/dot_fp64_5x8x2_1x2x1_neon/8/2/real_time",8008617,17.5627,17.4609,ns,,,"5x8x2",,
"dot/dot_fp64_5x8x2_1x2x1_neon/8/58/real_time",752513,182.302,181.127,ns,,,"5x8x58",,
"dot/dot_fp64_5x8x2_1x2x1_neon/8/116/real_time",383442,358.088,353.405,ns,,,"5x8x116",,
"dot/dot_fp64_5x8x2_1x2x1_neon/8/174/real_time",266069,530.323,524.51,ns,,,"5x8x174",,
"dot/dot_fp64_5x8x2_1x2x1_neon/8/232/real_time",199595,704.735,699.378,ns,,,"5x8x232",,
"dot/dot_fp64_5x8x2_1x2x1_neon/16/2/real_time",5279646,25.6292,25.4919,ns,,,"5x16x2",,
"dot/dot_fp64_5x8x2_1x2x1_neon/16/34/real_time",629496,220.673,219.579,ns,,,"5x16x34",,
"dot/dot_fp64_5x8x2_1x2x1_neon/16/70/real_time",320759,435.781,433.237,ns,,,"5x16x70",,
"dot/dot_fp64_5x8x2_1x2x1_neon/16/106/real_time",215653,644.746,641.584,ns,,,"5x16x106",,
"dot/dot_fp64_5x8x2_1x2x1_neon/16/142/real_time",162607,857.412,852.438,ns,,,"5x16x142",,
"dot/dot_fp64_5x8x2_1x2x1_neon/32/2/real_time",3161747,44.0511,43.803,ns,,,"5x32x2",,
"dot/dot_fp64_5x8x2_1x2x1_neon/32/18/real_time",612594,230.118,227.332,ns,,,"5x32x18",,
"dot/dot_fp64_5x8x2_1x2x1_neon/32/38/real_time",294967,477.957,474.053,ns,,,"5x32x38",,
"dot/dot_fp64_5x8x2_1x2x1_neon/32/58/real_time",199050,706.652,701.297,ns,,,"5x32x58",,
"dot/dot_fp64_5x8x2_1x2x1_neon/32/78/real_time",148069,943.7,937.617,ns,,,"5x32x78",,
"dot/dot_fp64_5x8x2_1x2x1_neon/64/2/real_time",1723671,81.0086,80.5102,ns,,,"5x64x2",,
"dot/dot_fp64_5x8x2_1x2x1_neon/64/8/real_time",643821,212.444,211.314,ns,,,"5x64x8",,
"dot/dot_fp64_5x8x2_1x2x1_neon/64/18/real_time",312521,455.221,446.436,ns,,,"5x64x18",,
"dot/dot_fp64_5x8x2_1x2x1_neon/64/28/real_time",202590,690.779,687.175,ns,,,"5x64x28",,
"dot/dot_fp64_5x8x2_1x2x1_neon/64/38/real_time",150700,927.787,921.715,ns,,,"5x64x38",,
"dot/dot_fp64_1x4x2_1x2x1_neon/4/2/real_time",18022427,7.77401,7.69651,ns,,,"1x4x2",,
"dot/dot_fp64_1x4x2_1x2x1_neon/4/152/real_time",1392029,98.6591,98.0648,ns,,,"1x4x152",,
"dot/dot_fp64_1x4x2_1x2x1_neon/4/306/real_time",760934,185.378,183.694,ns,,,"1x4x306",,
"dot/dot_fp64_1x4x2_1x2x1_neon/4/458/real_time",499728,281.165,279.456,ns,,,"1x4x458",,
"dot/dot_fp64_1x4x2_1x2x1_neon/4/612/real_time",375016,374.03,370.551,ns,,,"1x4x612",,
"dot/dot_fp64_1x4x2_1x2x1_neon/8/2/real_time",13095521,10.7479,10.6553,ns,,,"1x8x2",,
"dot/dot_fp64_1x4x2_1x2x1_neon/8/84/real_time",1426061,99.34,97.9306,ns,,,"1x8x84",,
"dot/dot_fp64_1x4x2_1x2x1_neon/8/170/real_time",699922,201.498,199.376,ns,,,"1x8x170",,
"dot/dot_fp64_1x4x2_1x2x1_neon/8/254/real_time",466147,301.522,299.722,ns,,,"1x8x254",,
"dot/dot_fp64_1x4x2_1x2x1_neon/8/340/real_time",343286,403.581,400.975,ns,,,"1x8x340",,
"dot/dot_fp64_1x4x2_1x2x1_neon/16/2/real_time",8423626,16.7266,16.5748,ns,,,"1x16x2",,
"dot/dot_fp64_1x4x2_1x2x1_neon/16/44/real_time",1419386,98.872,98.0014,ns,,,"1x16x44",,
"dot/dot_fp64_1x4x2_1x2x1_neon/16/88/real_time",704477,200.228,198.194,ns,,,"1x16x88",,
"dot/dot_fp64_1x4x2_1x2x1_neon/16/132/real_time",452491,319.061,307.747,ns,,,"1x16x132",,
"dot/dot_fp64_1x4x2_1x2x1_neon/16/178/real_time",331299,420.216,417.823,ns,,,"1x16x178",,
"dot/dot_fp64_1x4x2_1x2x1_neon/32/2/real_time",4845946,28.642,28.4137,ns,,,"1x32x2",,
"dot/dot_fp64_1x4x2_1x2x1_neon/32/22/real_time",1422236,98.505,97.9104,ns,,,"1x32x22",,
"dot/dot_fp64_1x4x2_1x2x1_neon/32/46/real_time",663257,206.125,204.818,ns,,,"1x32x46",,
"dot/dot_fp64_1x4x2_1x2x1_neon/32/68/real_time",462336,305.596,303.134,ns,,,"1x32x68",,
"dot/dot_fp64_1x4x2_1x2x1_neon/32/92/real_time",333982,421.959,418.525,ns,,,"1x32x92",,
"dot/dot_fp64_4x4x2_1x2x1_neon/4/2/real_time",11034166,12.229,12.1359,ns,,,"4x4x2",,
"dot/dot_fp64_4x4x2_1x2x1_neon/4/94/real_time",1172959,119.872,119.027,ns,,,"4x4x94",,
"dot/dot_fp64_4x4x2_1x2x1_neon/4/190/real_time",588007,234.712,232.668,ns,,,"4x4x190",,
"dot/dot_fp64_4x4x2_1x2x1_neon/4/286/real_time",403101,351.294,346.375,ns,,,"4x4x286",,
"dot/dot_fp64_4x4x2_1x2x1_neon/4/382/real_time",303270,463.626,460.042,ns,,,"4x4x382",,
"dot/dot_fp64_4x4x2_1x2x1_neon/8/2/real_time",7861217,17.8608,17.7601,ns,,,"4x8x2",,
"dot/dot_fp64_4x4x2_1x2x1_neon/8/62/real_time",901085,156.574,154.98,ns,,,"4x8x62",,
"dot/dot_fp64_4x4x2_1x2x1_neon/8/126/real_time",455474,308.342,306.732,ns,,,"4x8x126",,
"dot/dot_fp64_4x4x2_1x2x1_neon/8/188/real_time",301657,457.753,454.658,ns,,,"4x8x188",,
"dot/dot_fp64_4x4x2_1x2x1_neon/8/252/real_time",228898,609.106,605.182,ns,,,"4x8x252",,
"dot/dot_fp64_4x4x2_1x2x1_neon/16/2/real_time",4757501,29.6093,29.0067,ns,,,"4x16x2",,
"dot/dot_fp64_4x4x2_1x2x1_neon/16/36/real_time",745685,181.854,180.158,ns,,,"4x16x36",,
"dot/dot_fp64_4x4x2_1x2x1_neon/16/74/real_time",387552,361.991,360.157,ns,,,"4x16x74",,
"dot/dot_fp64_4x4x2_1x2x1_neon/16/112/real_time",257320,544.025,540.162,ns,,,"4x16x112",,
"dot/dot_fp64_4x4x2_1x2x1_neon/16/150/real_time",191922,730.12,724.537,ns,,,"4x16x150",,
"dot/dot_fp64_4x4x2_1x2x1_neon/32/2/real_time",2697384,51.7395,51.5022,ns,,,"4x32x2",,
"dot/dot_fp64_4x4x2_1x2x1_neon/32/20/real_time",667787,202.146,201.346,ns,,,"4x32x20",,
"dot/dot_fp64_4x4x2_1x2x1_neon/32/40/real_time",356455,395.116,391.503,ns,,,"4x32x40",,
"dot/dot_fp64_4x4x2_1x2x1_neon/32/60/real_time",236126,595.613,591.61,ns,,,"4x32x60",,
"dot/dot_fp64_4x4x2_1x2x1_neon/32/80/real_time",178328,778.776,774.385,ns,,,"4x32x80",,
"dot/dot_fp64_6x4x2_1x2x1_neon/4/2/real_time",9632527,14.5655,14.5021,ns,,,"6x4x2",,
"dot/dot_fp64_6x4x2_1x2x1_neon/4/76/real_time",947876,144.976,143.892,ns,,,"6x4x76",,
"dot/dot_fp64_6x4x2_1x2x1_neon/4/152/real_time",495247,283.499,281.443,ns,,,"6x4x152",,
"dot/dot_fp64_6x4x2_1x2x1_neon/4/228/real_time",336649,418.413,415.77,ns,,,"6x4x228",,
"dot/dot_fp64_6x4x2_1x2x1_neon/4/304/real_time",251927,556.888,552.445,ns,,,"6x4x304",,
"dot/dot_fp64_6x4x2_1x2x1_neon/8/2/real_time",6326597,21.7305,21.6086,ns,,,"6x8x2",,
"dot/dot_fp64_6x4x2_1x2x1_neon/8/54/real_time",691517,203.543,202.039,ns,,,"6x8x54",,
"dot/dot_fp64_6x4x2_1x2x1_neon/8/108/real_time",354617,426.757,393.939,ns,,,"6x8x108",,
"dot/dot_fp64_6x4x2_1x2x1_neon/8/162/real_time",238686,591.875,585.859,ns,,,"6x8x162",,
"dot/dot_fp64_6x4x2_1x2x1_neon/8/216/real_time",178457,790.869,778.282,ns,,,"6x8x216",,
"dot/dot_fp64_6x4x2_1x2x1_neon/16/2/real_time",3868191,36.35,36.1099,ns,,,"6x16x2",,
"dot/dot_fp64_6x4x2_1x2x1_neon/16/32/real_time",584168,240.513,239.034,ns,,,"6x16x32",,
"dot/dot_fp64_6x4x2_1x2x1_neon/16/66/real_time",286381,483.386,480.422,ns,,,"6x16x66",,
"dot/dot_fp64_6x4x2_1x2x1_neon/16/100/real_time",191132,730.951,726.33,ns,,,"6x16x100",,
"dot/dot_fp64_6x4x2_1x2x1_neon/16/134/real_time",143698,977.916,968.953,ns,,,"6x16x134",,
"dot/dot_fp64_6x4x2_1x2x1_neon/32/2/real_time",2144026,65.6998,65.1272,ns,,,"6x32x2",,
"dot/dot_fp64_6x4x2_1x2x1_neon/32/18/real_time",513147,273.524,271.493,ns,,,"6x32x18",,
"dot/dot_fp64_6x4x2_1x2x1_neon/32/36/real_time",262281,530.123,527.301,ns,,,"6x32x36",,
"dot/dot_fp64_6x4x2_1x2x1_neon/32/54/real_time",174971,799.567,794.5,ns,,,"6x32x54",,
"dot/dot_fp64_6x4x2_1x2x1_neon/32/74/real_time",126227,1075.99,1072.1,ns,,,"6x32x74",,
"dot/dot_fp64_8x4x2_1x2x1_neon/4/2/real_time",7861914,17.8709,17.7579,ns,,,"8x4x2",,
"dot/dot_fp64_8x4x2_1x2x1_neon/4/62/real_time",861417,158.744,157.816,ns,,,"8x4x62",,
"dot/dot_fp64_8x4x2_1x2x1_neon/4/126/real_time",451683,311.495,309.046,ns,,,"8x4x126",,
"dot/dot_fp64_8x4x2_1x2x1_neon/4/188/real_time",306272,471.911,456.415,ns,,,"8x4x188",,
"dot/dot_fp64_8x4x2_1x2x1_neon/4/252/real_time",229802,612.439,607.684,ns,,,"8x4x252",,
"dot/dot_fp64_8x4x2_1x2x1_neon/8/2/real_time",5242587,26.8927,26.6409,ns,,,"8x8x2",,
"dot/dot_fp64_8x4x2_1x2x1_neon/8/46/real_time",598183,230.9,229.786,ns,,,"8x8x46",,
"dot/dot_fp64_8x4x2_1x2x1_neon/8/94/real_time",305872,460.051,456.57,ns,,,"8x8x94",,
"dot/dot_fp64_8x4x2_1x2x1_neon/8/140/real_time",205453,678.698,674.884,ns,,,"8x8x140",,
"dot/dot_fp64_8x4x2_1x2x1_neon/8/188/real_time",154053,907.879,903.259,ns,,,"8x8x188",,
"dot/dot_fp64_8x4x2_1x2x1_neon/16/2/real_time",3133002,44.5299,44.1004,ns,,,"8x16x2",,
"dot/dot_fp64_8x4x2_1x2x1_neon/16/30/real_time",467012,301.249,298.364,ns,,,"8x16x30",,
"dot/dot_fp64_8x4x2_1x2x1_neon/16/60/real_time",239087,591.902,584.262,ns,,,"8x16x60",,
"dot/dot_fp64_8x4x2_1x2x1_neon/16/90/real_time",160042,873.21,866.739,ns,,,"8x16x90",,
"dot/dot_fp64_8x4x2_1x2x1_neon/16/122/real_time",119176,1181.06,1169.97,ns,,,"8x16x122",,
"dot/dot_fp64_8x4x2_1x2x1_neon/32/2/real_time",1760417,79.4205,79.0287,ns,,,"8x32x2",,
"dot/dot_fp64_8x4x2_1x2x1_neon/32/16/real_time",425857,330.248,327.606,ns,,,"8x32x16",,
"dot/dot_fp64_8x4x2_1x2x1_neon/32/34/real_time",209929,671.519,666.023,ns,,,"8x32x34",,
"dot/dot_fp64_8x4x2_1x2x1_neon/32/52/real_time",136787,1029,1022.11,ns,,,"8x32x52",,
"dot/dot_fp64_8x4x2_1x2x1_neon/32/70/real_time",99605,1380.64,1353.09,ns,,,"8x32x70",,
"dot/dot_fp64_8x2x2_1x2x1_neon/2/2/real_time",9630145,14.5808,14.5028,ns,,,"8x2x2",,
"dot/dot_fp64_8x2x2_1x2x1_neon/2/76/real_time",1373970,102.588,101.411,ns,,,"8x2x76",,
"dot/dot_fp64_8x2x2_1x2x1_neon/2/152/real_time",727609,192.623,191.537,ns,,,"8x2x152",,
"dot/dot_fp64_8x2x2_1x2x1_neon/2/228/real_time",490107,282.697,280.875,ns,,,"8x2x228",,
"dot/dot_fp64_8x2x2_1x2x1_neon/2/304/real_time",373698,377.791,373.765,ns,,,"8x2x304",,
"dot/dot_fp64_8x2x2_1x2x1_neon/4/2/real_time",6744824,20.801,20.7173,ns,,,"8x4x2",,
"dot/dot_fp64_8x2x2_1x2x1_neon/4/62/real_time",843422,160.436,159.41,ns,,,"8x4x62",,
"dot/dot_fp64_8x2x2_1x2x1_neon/4/126/real_time",448081,314.226,311.516,ns,,,"8x4x126",,
"dot/dot_fp64_8x2x2_1x2x1_neon/4/188/real_time",305155,460.673,458.037,ns,,,"8x4x188",,
"dot/dot_fp64_8x2x2_1x2x1_neon/4/252/real_time",228724,625.264,610.482,ns,,,"8x4x252",,
"dot/dot_fp64_8x2x2_1x2x1_neon/8/2/real_time",4139126,33.9061,33.7401,ns,,,"8x8x2",,
"dot/dot_fp64_8x2x2_1x2x1_neon/8/46/real_time",589137,235.072,234.047,ns,,,"8x8x46",,
"dot/dot_fp64_8x2x2_1x2x1_neon/8/94/real_time",302705,465.299,461.356,ns,,,"8x8x94",,
"dot/dot_fp64_8x2x2_1x2x1_neon/8/140/real_time",204495,689.061,684.249,ns,,,"8x8x140",,
"dot/dot_fp64_8x2x2_1x2x1_neon/8/188/real_time",152500,920.088,911.318,ns,,,"8x8x188",,
"dot/dot_fp64_8x2x2_1x2x1_neon/16/2/real_time",2320716,61.1583,59.7899,ns,,,"8x16x2",,
"dot/dot_fp64_8x2x2_1x2x1_neon/16/30/real_time",435607,312.213,310.161,ns,,,"8x16x30",,
"dot/dot_fp64_8x2x2_1x2x1_neon/16/60/real_time",231665,602.162,598.721,ns,,,"8x16x60",,
"dot/dot_fp64_8x2x2_1x2x1_neon/16/90/real_time",157003,885.468,880.619,ns,,,"8x16x90",,
"dot/dot_fp64_8x2x2_1x2x1_neon/16/122/real_time",118096,1194.47,1183.34,ns,,,"8x16x122",,
"dot/dot_bf16_bf16_fp32_1x64x4_1x4x1_neon/64/4/real_time",5261360,26.7357,26.5795,ns,,,"1x64x4",,
"dot/dot_bf16_bf16_fp32_1x64x4_1x4x1_neon/64/44/real_time",635103,217.966,216.648,ns,,,"1x64x44",,
"dot/dot_bf16_bf16_fp32_1x64x4_1x4x1_neon/64/92/real_time",310647,449.705,446.174,ns,,,"1x64x92",,
"dot/dot_bf16_bf16_fp32_1x64x4_1x4x1_neon/64/136/real_time",211555,661.972,656.891,ns,,,"1x64x136",,
"dot/dot_bf16_bf16_fp32_1x64x4_1x4x1_neon/64/184/real_time",156966,889.371,885.485,ns,,,"1x64x184",,
"dot/dot_bf16_bf16_fp32_1x64x4_1x4x1_neon/128/4/real_time",3006641,46.5172,46.1738,ns,,,"1x128x4",,
"dot/dot_bf16_bf16_fp32_1x64x4_1x4x1_neon/128/20/real_time",701855,200.708,198.926,ns,,,"1x128x20",,
"dot/dot_bf16_bf16_fp32_1x64x4_1x4x1_neon/128/44/real_time",326325,431.198,427.991,ns,,,"1x128x44",,
"dot/dot_bf16_bf16_fp32_1x64x4_1x4x1_neon/128/68/real_time",212453,663.623,657.269,ns,,,"1x128x68",,
"dot/dot_bf16_bf16_fp32_1x64x4_1x4x1_neon/128/92/real_time",156713,891.58,886.113,ns,,,"1x128x92",,
"dot/dot_bf16_bf16_fp32_1x64x4_1x4x1_neon/256/4/real_time",1598577,87.7339,86.894,ns,,,"1x256x4",,
"dot/dot_bf16_bf16_fp32_1x64x4_1x4x1_neon/256/8/real_time",834362,167.904,163.41,ns,,,"1x256x8",,
"dot/dot_bf16_bf16_fp32_1x64x4_1x4x1_neon/256/20/real_time",355498,395.408,392.707,ns,,,"1x256x20",,
"dot/dot_bf16_bf16_fp32_1x64x4_1x4x1_neon/256/32/real_time",224682,627.724,621.517,ns,,,"1x256x32",,
"dot/dot_bf16_bf16_fp32_1x64x4_1x4x1_neon/256/44/real_time",163341,855.247,850.613,ns,,,"1x256x44",,
"dot/dot_bf16_bf16_fp32_1x64x4_1x4x1_neon/512/4/real_time",831022,171.491,168.184,ns,,,"1x512x4",,
"dot/dot_bf16_bf16_fp32_1x64x4_1x4x1_neon/512/8/real_time",434439,323.528,321.429,ns,,,"1x512x8",,
"dot/dot_bf16_bf16_fp32_1x64x4_1x4x1_neon/512/12/real_time",291730,475.682,473.544,ns,,,"1x512x12",,
"dot/dot_bf16_bf16_fp32_1x64x4_1x4x1_neon/512/20/real_time",178152,785.733,780.668,ns,,,"1x512x20",,
"dot/dot_bf16_bf16_fp32_1x32x4_1x4x1_neon/32/4/real_time",7908674,17.9116,17.7513,ns,,,"1x32x4",,
"dot/dot_bf16_bf16_fp32_1x32x4_1x4x1_neon/32/92/real_time",611836,230.259,228.575,ns,,,"1x32x92",,
"dot/dot_bf16_bf16_fp32_1x32x4_1x4x1_neon/32/184/real_time",310353,452.946,449.448,ns,,,"1x32x184",,
"dot/dot_bf16_bf16_fp32_1x32x4_1x4x1_neon/32/276/real_time",207184,680.362,674.815,ns,,,"1x32x276",,
"dot/dot_bf16_bf16_fp32_1x32x4_1x4x1_neon/32/368/real_time",155899,906.457,892.355,ns,,,"1x32x368",,
"dot/dot_bf16_bf16_fp32_1x32x4_1x4x1_neon/64/4/real_time",5084087,27.7027,27.4753,ns,,,"1x64x4",,
"dot/dot_bf16_bf16_fp32_1x32x4_1x4x1_neon/64/44/real_time",634284,221.768,220.218,ns,,,"1x64x44",,
"dot/dot_bf16_bf16_fp32_1x32x4_1x4x1_neon/64/92/real_time",307428,453.757,451.046,ns,,,"1x64x92",,
"dot/dot_bf16_bf16_fp32_1x32x4_1x4x1_neon/64/136/real_time",195776,672.077,662.429,ns,,,"1x64x136",,
"dot/dot_bf16_bf16_fp32_1x32x4_1x4x1_neon/64/184/real_time",155192,902.931,893.262,ns,,,"1x64x184",,
"dot/dot_bf16_bf16_fp32_1x32x4_1x4x1_neon/128/4/real_time",2817609,49.9229,49.6135,ns,,,"1x128x4",,
"dot/dot_bf16_bf16_fp32_1x32x4_1x4x1_neon/128/20/real_time",681586,204.032,202.45,ns,,,"1x128x20",,
"dot/dot_bf16_bf16_fp32_1x32x4_1x4x1_neon/128/44/real_time",321563,437.53,433.041,ns,,,"1x128x44",,
"dot/dot_bf16_bf16_fp32_1x32x4_1x4x1_neon/128/68/real_time",208889,668.757,664.167,ns,,,"1x128x68",,
"dot/dot_bf16_bf16_fp32_1x32x4_1x4x1_neon/128/92/real_time",155249,899.602,894.819,ns,,,"1x128x92",,
"dot/dot_bf16_bf16_fp32_1x32x4_1x4x1_neon/256/4/real_time",1538954,91.2444,90.2725,ns,,,"1x256x4",,
"dot/dot_bf16_bf16_fp32_1x32x4_1x4x1_neon/256/8/real_time",836443,167.806,166.921,ns,,,"1x256x8",,
"dot/dot_bf16_bf16_fp32_1x32x4_1x4x1_neon/256/20/real_time",347840,397.972,395.897,ns,,,"1x256x20",,
"dot/dot_bf16_bf16_fp32_1x32x4_1x4x1_neon/256/32/real_time",221079,629.868,626.58,ns,,,"1x256x32",,
"dot/dot_bf16_bf16_fp32_1x32x4_1x4x1_neon/256/44/real_time",161619,863.643,858.594,ns,,,"1x256x44",,
"dot/dot_bf16_bf16_fp32_2x32x4_1x4x1_neon/32/4/real_time",6046986,23.3386,23.1937,ns,,,"2x32x4",,
"dot/dot_bf16_bf16_fp32_2x32x4_1x4x1_neon/32/88/real_time",425601,331.637,328.299,ns,,,"2x32x88",,
"dot/dot_bf16_bf16_fp32_2x32x4_1x4x1_neon/32/176/real_time",215084,653.479,647.543,ns,,,"2x32x176",,
"dot/dot_bf16_bf16_fp32_2x32x4_1x4x1_neon/32/264/real_time",142133,974.631,966.215,ns,,,"2x32x264",,
"dot/dot_bf16_bf16_fp32_2x32x4_1x4x1_neon/32/356/real_time",107427,1311.78,1299.88,ns,,,"2x32x356",,
"dot/dot_bf16_bf16_fp32_2x32x4_1x4x1_neon/64/4/real_time",3577662,39.5048,39.07,ns,,,"2x64x4",,
"dot/dot_bf16_bf16_fp32_2x32x4_1x4x1_neon/64/44/real_time",422622,333.894,332.004,ns,,,"2x64x44",,
"dot/dot_bf16_bf16_fp32_2x32x4_1x4x1_neon/64/88/real_time",213259,652.891,649.171,ns,,,"2x64x88",,
"dot/dot_bf16_bf16_fp32_2x32x4_1x4x1_neon/64/132/real_time",131999,980.37,972.083,ns,,,"2x64x132",,
"dot/dot_bf16_bf16_fp32_2x32x4_1x4x1_neon/64/180/real_time",105629,1328.04,1319.17,ns,,,"2x64x180",,
"dot/dot_bf16_bf16_fp32_2x32x4_1x4x1_neon/128/4/real_time",1948888,71.4629,71.0442,ns,,,"2x128x4",,
"dot/dot_bf16_bf16_fp32_2x32x4_1x4x1_neon/128/20/real_time",452855,307.441,306.015,ns,,,"2x128x20",,
"dot/dot_bf16_bf16_fp32_2x32x4_1x4x1_neon/128/44/real_time",210300,659.158,655.16,ns,,,"2x128x44",,
"dot/dot_bf16_bf16_fp32_2x32x4_1x4x1_neon/128/64/real_time",147547,948.292,940.726,ns,,,"2x128x64",,
"dot/dot_bf16_bf16_fp32_2x32x4_1x4x1_neon/128/88/real_time",108266,1297.44,1289.15,ns,,,"2x128x88",,
"dot/dot_bf16_bf16_fp32_2x32x4_1x4x1_neon/256/4/real_time",980696,143.294,142.254,ns,,,"2x256x4",,
"dot/dot_bf16_bf16_fp32_2x32x4_1x4x1_neon/256/8/real_time",557253,252.283,250.412,ns,,,"2x256x8",,
"dot/dot_bf16_bf16_fp32_2x32x4_1x4x1_neon/256/20/real_time",231228,603.149,599.083,ns,,,"2x256x20",,
"dot/dot_bf16_bf16_fp32_2x32x4_1x4x1_neon/256/28/real_time",166016,843.259,835.917,ns,,,"2x256x28",,
"dot/dot_bf16_bf16_fp32_2x32x4_1x4x1_neon/256/40/real_time",118665,1198.05,1178.33,ns,,,"2x256x40",,
"dot/dot_bf16_bf16_fp32_3x32x4_1x4x1_neon/32/4/real_time",3701939,37.2893,36.9812,ns,,,"3x32x4",,
"dot/dot_bf16_bf16_fp32_3x32x4_1x4x1_neon/32/84/real_time",319930,441.199,436.644,ns,,,"3x32x84",,
"dot/dot_bf16_bf16_fp32_3x32x4_1x4x1_neon/32/172/real_time",159223,873.573,869.33,ns,,,"3x32x172",,
"dot/dot_bf16_bf16_fp32_3x32x4_1x4x1_neon/32/256/real_time",108145,1305.46,1293.07,ns,,,"3x32x256",,
"dot/dot_bf16_bf16_fp32_3x32x4_1x4x1_neon/32/344/real_time",80783,1746.13,1730.39,ns,,,"3x32x344",,
"dot/dot_bf16_bf16_fp32_3x32x4_1x4x1_neon/64/4/real_time",2409184,58.049,57.7132,ns,,,"3x64x4",,
"dot/dot_bf16_bf16_fp32_3x32x4_1x4x1_neon/64/44/real_time",304439,455.097,452.924,ns,,,"3x64x44",,
"dot/dot_bf16_bf16_fp32_3x32x4_1x4x1_neon/64/88/real_time",155010,899.616,891.621,ns,,,"3x64x88",,
"dot/dot_bf16_bf16_fp32_3x32x4_1x4x1_neon/64/132/real_time",102280,1350.58,1340.79,ns,,,"3x64x132",,
"dot/dot_bf16_bf16_fp32_3x32x4_1x4x1_neon/64/176/real_time",78473,1790.23,1778.79,ns,,,"3x64x176",,
"dot/dot_bf16_bf16_fp32_3x32x4_1x4x1_neon/128/4/real_time",1447009,97.458,95.944,ns,,,"3x128x4",,
"dot/dot_bf16_bf16_fp32_3x32x4_1x4x1_neon/128/20/real_time",332012,425,420.577,ns,,,"3x128x20",,
"dot/dot_bf16_bf16_fp32_3x32x4_1x4x1_neon/128/40/real_time",170025,822.766,817.445,ns,,,"3x128x40",,
"dot/dot_bf16_bf16_fp32_3x32x4_1x4x1_neon/128/60/real_time",114838,1230.97,1216.47,ns,,,"3x128x60",,
"dot/dot_bf16_bf16_fp32_3x32x4_1x4x1_neon/128/84/real_time",80332,1712.55,1699.05,ns,,,"3x128x84",,
"dot/dot_bf16_bf16_fp32_3x32x4_1x4x1_neon/256/4/real_time",716289,199.422,194.968,ns,,,"3x256x4",,
"dot/dot_bf16_bf16_fp32_3x32x4_1x4x1_neon/256/8/real_time",400188,350.059,348.358,ns,,,"3x256x8",,
"dot/dot_bf16_bf16_fp32_3x32x4_1x4x1_neon/256/20/real_time",166348,843.345,834.164,ns,,,"3x256x20",,
"dot/dot_bf16_bf16_fp32_3x32x4_1x4x1_neon/256/28/real_time",122034,1151.13,1145.17,ns,,,"3x256x28",,
"dot/dot_bf16_bf16_fp32_3x32x4_1x4x1_neon/256/40/real_time",85782,1644.54,1628.52,ns,,,"3x256x40",,
"dot/dot_bf16_bf16_fp32_1x16x4_1x4x1_neon/16/4/real_time",12045791,11.6613,11.6098,ns,,,"1x16x4",,
"dot/dot_bf16_bf16_fp32_1x16x4_1x4x1_neon/16/180/real_time",613978,229.247,227.307,ns,,,"1x16x180",,
"dot/dot_bf16_bf16_fp32_1x16x4_1x4x1_neon/16/360/real_time",312580,452.462,447.576,ns,,,"1x16x360",,
"dot/dot_bf16_bf16_fp32_1x16x4_1x4x1_neon/16/540/real_time",209456,674.657,666.897,ns,,,"1x16x540",,
"dot/dot_bf16_bf16_fp32_1x16x4_1x4x1_neon/16/720/real_time",156901,893.199,887.133,ns,,,"1x16x720",,
"dot/dot_bf16_bf16_fp32_1x16x4_1x4x1_neon/32/4/real_time",7703297,18.3135,18.1126,ns,,,"1x32x4",,
"dot/dot_bf16_bf16_fp32_1x16x4_1x4x1_neon/32/92/real_time",601753,233.223,232.175,ns,,,"1x32x92",,
"dot/dot_bf16_bf16_fp32_1x16x4_1x4x1_neon/32/184/real_time",301957,459.484,456.835,ns,,,"1x32x184",,
"dot/dot_bf16_bf16_fp32_1x16x4_1x4x1_neon/32/276/real_time",203176,687.064,681.91,ns,,,"1x32x276",,
"dot/dot_bf16_bf16_fp32_1x16x4_1x4x1_neon/32/368/real_time",153848,913.879,906.221,ns,,,"1x32x368",,
"dot/dot_bf16_bf16_fp32_1x16x4_1x4x1_neon/64/4/real_time",4498173,31.3244,31.0766,ns,,,"1x64x4",,
"dot/dot_bf16_bf16_fp32_1x16x4_1x4x1_neon/64/44/real_time",608492,224.069,222.933,ns,,,"1x64x44",,
"dot/dot_bf16_bf16_fp32_1x16x4_1x4x1_neon/64/92/real_time",279910,460.397,457.463,ns,,,"1x64x92",,
"dot/dot_bf16_bf16_fp32_1x16x4_1x4x1_neon/64/136/real_time",207535,677.321,672.271,ns,,,"1x64x136",,
"dot/dot_bf16_bf16_fp32_1x16x4_1x4x1_neon/64/184/real_time",153157,916.373,906.755,ns,,,"1x64x184",,
"dot/dot_bf16_bf16_fp32_1x16x4_1x4x1_neon/128/4/real_time",2419194,57.5619,57.169,ns,,,"1x128x4",,
"dot/dot_bf16_bf16_fp32_1x16x4_1x4x1_neon/128/20/real_time",682227,206.529,204.72,ns,,,"1x128x20",,
"dot/dot_bf16_bf16_fp32_1x16x4_1x4x1_neon/128/44/real_time",318014,444.307,439.164,ns,,,"1x128x44",,
"dot/dot_bf16_bf16_fp32_1x16x4_1x4x1_neon/128/68/real_time",207470,679.921,673.32,ns,,,"1x128x68",,
"dot/dot_bf16_bf16_fp32_1x16x4_1x4x1_neon/128/92/real_time",153246,911.894,907.835,ns,,,"1x128x92",,
"dot/dot_bf16_bf16_fp32_2x16x4_1x4x1_neon/16/4/real_time",9627455,14.6471,14.5034,ns,,,"2x16x4",,
"dot/dot_bf16_bf16_fp32_2x16x4_1x4x1_neon/16/168/real_time",438630,321.235,318.649,ns,,,"2x16x168",,
"dot/dot_bf16_bf16_fp32_2x16x4_1x4x1_neon/16/336/real_time",219472,633.649,629.326,ns,,,"2x16x336",,
"dot/dot_bf16_bf16_fp32_2x16x4_1x4x1_neon/16/504/real_time",148433,950.423,939.979,ns,,,"2x16x504",,
"dot/dot_bf16_bf16_fp32_2x16x4_1x4x1_neon/16/676/real_time",110877,1267.33,1259.21,ns,,,"2x16x676",,
"dot/dot_bf16_bf16_fp32_2x16x4_1x4x1_neon/32/4/real_time",5829582,23.7276,23.5598,ns,,,"2x32x4",,
"dot/dot_bf16_bf16_fp32_2x16x4_1x4x1_neon/32/88/real_time",418610,340.221,333.894,ns,,,"2x32x88",,
"dot/dot_bf16_bf16_fp32_2x16x4_1x4x1_neon/32/176/real_time",211435,687.811,660.735,ns,,,"2x32x176",,
"dot/dot_bf16_bf16_fp32_2x16x4_1x4x1_neon/32/264/real_time",140677,992.042,985.551,ns,,,"2x32x264",,
"dot/dot_bf16_bf16_fp32_2x16x4_1x4x1_neon/32/356/real_time",105338,1342.24,1326.15,ns,,,"2x32x356",,
"dot/dot_bf16_bf16_fp32_2x16x4_1x4x1_neon/64/4/real_time",3376246,41.6277,41.3118,ns,,,"2x64x4",,
"dot/dot_bf16_bf16_fp32_2x16x4_1x4x1_neon/64/44/real_time",414807,339.588,337.404,ns,,,"2x64x44",,
"dot/dot_bf16_bf16_fp32_2x16x4_1x4x1_neon/64/88/real_time",209271,667.799,662.848,ns,,,"2x64x88",,
"dot/dot_bf16_bf16_fp32_2x16x4_1x4x1_neon/64/132/real_time",134261,996.585,988.409,ns,,,"2x64x132",,
"dot/dot_bf16_bf16_fp32_2x16x4_1x4x1_neon/64/180/real_time",103863,1359.11,1343.79,ns,,,"2x64x180",,
"dot/dot_bf16_bf16_fp32_2x16x4_1x4x1_neon/128/4/real_time",1813806,77.855,77.0539,ns,,,"2x128x4",,
"dot/dot_bf16_bf16_fp32_2x16x4_1x4x1_neon/128/20/real_time",447920,314.226,311.629,ns,,,"2x128x20",,
"dot/dot_bf16_bf16_fp32_2x16x4_1x4x1_neon/128/44/real_time",208044,672.07,667.711,ns,,,"2x128x44",,
"dot/dot_bf16_bf16_fp32_2x16x4_1x4x1_neon/128/64/real_time",144197,973.397,964.703,ns,,,"2x128x64",,
"dot/dot_bf16_bf16_fp32_2x16x4_1x4x1_neon/128/88/real_time",105886,1333.34,1317.98,ns,,,"2x128x88",,
"dot/dot_bf16_bf16_fp32_3x16x4_1x4x1_neon/16/4/real_time",7254424,18.6553,18.5743,ns,,,"3x16x4",,
"dot/dot_bf16_bf16_fp32_3x16x4_1x4x1_neon/16/160/real_time",343824,411.957,406.658,ns,,,"3x16x160",,
"dot/dot_bf16_bf16_fp32_3x16x4_1x4x1_neon/16/320/real_time",172459,806.655,802.802,ns,,,"3x16x320",,
"dot/dot_bf16_bf16_fp32_3x16x4_1x4x1_neon/16/480/real_time",116337,1244.82,1200.92,ns,,,"3x16x480",,
"dot/dot_bf16_bf16_fp32_3x16x4_1x4x1_neon/16/640/real_time",87156,1612.09,1599.05,ns,,,"3x16x640",,
"dot/dot_bf16_bf16_fp32_3x16x4_1x4x1_neon/32/4/real_time",4655037,30.2963,30.0054,ns,,,"3x32x4",,
"dot/dot_bf16_bf16_fp32_3x16x4_1x4x1_neon/32/84/real_time",325557,433.478,428.587,ns,,,"3x32x84",,
"dot/dot_bf16_bf16_fp32_3x16x4_1x4x1_neon/32/172/real_time",160489,869.333,864.792,ns,,,"3x32x172",,
"dot/dot_bf16_bf16_fp32_3x16x4_1x4x1_neon/32/256/real_time",109007,1292.96,1282.65,ns,,,"3x32x256",,
"dot/dot_bf16_bf16_fp32_3x16x4_1x4x1_neon/32/344/real_time",80655,1732.39,1719.85,ns,,,"3x32x344",,
"dot/dot_bf16_bf16_fp32_3x16x4_1x4x1_neon/64/4/real_time",2598222,53.6977,53.2778,ns,,,"3x64x4",,
"dot/dot_bf16_bf16_fp32_3x16x4_1x4x1_neon/64/44/real_time",307400,456.796,453.337,ns,,,"3x64x44",,
"dot/dot_bf16_bf16_fp32_3x16x4_1x4x1_neon/64/88/real_time",156378,896.237,888.83,ns,,,"3x64x88",,
"dot/dot_bf16_bf16_fp32_3x16x4_1x4x1_neon/64/132/real_time",105380,1341.69,1326.93,ns,,,"3x64x132",,
"dot/dot_bf16_bf16_fp32_3x16x4_1x4x1_neon/64/176/real_time",79126,1777.49,1763.43,ns,,,"3x64x176",,
"dot/dot_bf16_bf16_fp32_3x16x4_1x4x1_neon/128/4/real_time",1000000,100.813,99.6524,ns,,,"3x128x4",,
"dot/dot_bf16_bf16_fp32_3x16x4_1x4x1_neon/128/20/real_time",328336,423.33,420.931,ns,,,"3x128x20",,
"dot/dot_bf16_bf16_fp32_3x16x4_1x4x1_neon/128/40/real_time",168315,822.596,816.865,ns,,,"3x128x40",,
"dot/dot_bf16_bf16_fp32_3x16x4_1x4x1_neon/128/60/real_time",110283,1227.05,1217.64,ns,,,"3x128x60",,
"dot/dot_bf16_bf16_fp32_3x16x4_1x4x1_neon/128/84/real_time",82460,1704.91,1694.19,ns,,,"3x128x84",,
"dot/dot_bf16_bf16_fp32_4x16x4_1x4x1_neon/16/4/real_time",6346613,22.2498,21.8983,ns,,,"4x16x4",,
"dot/dot_bf16_bf16_fp32_4x16x4_1x4x1_neon/16/152/real_time",261977,528.646,524.853,ns,,,"4x16x152",,
"dot/dot_bf16_bf16_fp32_4x16x4_1x4x1_neon/16/304/real_time",138788,1015.62,1006.97,ns,,,"4x16x304",,
"dot/dot_bf16_bf16_fp32_4x16x4_1x4x1_neon/16/456/real_time",91856,1510.55,1498.21,ns,,,"4x16x456",,
"dot/dot_bf16_bf16_fp32_4x16x4_1x4x1_neon/16/608/real_time",68347,2058.76,2042.44,ns,,,"4x16x608",,
"dot/dot_bf16_bf16_fp32_4x16x4_1x4x1_neon/32/4/real_time",3743738,37.6178,37.2977,ns,,,"4x32x4",,
"dot/dot_bf16_bf16_fp32_4x16x4_1x4x1_neon/32/80/real_time",261819,528.736,525.639,ns,,,"4x32x80",,
"dot/dot_bf16_bf16_fp32_4x16x4_1x4x1_neon/32/164/real_time",131223,1072.08,1060.31,ns,,,"4x32x164",,
"dot/dot_bf16_bf16_fp32_4x16x4_1x4x1_neon/32/248/real_time",86998,1613.88,1605,ns,,,"4x32x248",,
"dot/dot_bf16_bf16_fp32_4x16x4_1x4x1_neon/32/332/real_time",62825,2149.09,2136.05,ns,,,"4x32x332",,
"dot/dot_bf16_bf16_fp32_4x16x4_1x4x1_neon/64/4/real_time",2078019,67.1966,66.7635,ns,,,"4x64x4",,
"dot/dot_bf16_bf16_fp32_4x16x4_1x4x1_neon/64/40/real_time",255826,543.089,538.847,ns,,,"4x64x40",,
"dot/dot_bf16_bf16_fp32_4x16x4_1x4x1_neon/64/84/real_time",126726,1111.32,1102.71,ns,,,"4x64x84",,
"dot/dot_bf16_bf16_fp32_4x16x4_1x4x1_neon/64/128/real_time",81093,1699.73,1685.63,ns,,,"4x64x128",,
"dot/dot_bf16_bf16_fp32_4x16x4_1x4x1_neon/64/172/real_time",62424,2258.92,2236.03,ns,,,"4x64x172",,
"dot/dot_bf16_bf16_fp32_4x16x4_1x4x1_neon/128/4/real_time",1107520,127.969,126.968,ns,,,"4x128x4",,
"dot/dot_bf16_bf16_fp32_4x16x4_1x4x1_neon/128/20/real_time",255776,543.271,540.286,ns,,,"4x128x20",,
"dot/dot_bf16_bf16_fp32_4x16x4_1x4x1_neon/128/40/real_time",130500,1089.43,1070.68,ns,,,"4x128x40",,
"dot/dot_bf16_bf16_fp32_4x16x4_1x4x1_neon/128/60/real_time",88142,1608.14,1582.49,ns,,,"4x128x60",,
"dot/dot_bf16_bf16_fp32_4x16x4_1x4x1_neon/128/84/real_time",64161,2198.51,2178.27,ns,,,"4x128x84",,
"dot/dot_bf16_bf16_fp32_5x16x4_1x4x1_neon/16/4/real_time",5360898,26.2228,26.0475,ns,,,"5x16x4",,
"dot/dot_bf16_bf16_fp32_5x16x4_1x4x1_neon/16/144/real_time",251432,554.629,551.199,ns,,,"5x16x144",,
"dot/dot_bf16_bf16_fp32_5x16x4_1x4x1_neon/16/288/real_time",119544,1095.83,1088.13,ns,,,"5x16x288",,
"dot/dot_bf16_bf16_fp32_5x16x4_1x4x1_neon/16/432/real_time",85992,1635.07,1626.05,ns,,,"5x16x432",,
"dot/dot_bf16_bf16_fp32_5x16x4_1x4x1_neon/16/576/real_time",63318,2183.1,2166.63,ns,,,"5x16x576",,
"dot/dot_bf16_bf16_fp32_5x16x4_1x4x1_neon/32/4/real_time",3158997,44.6665,44.1558,ns,,,"5x32x4",,
"dot/dot_bf16_bf16_fp32_5x16x4_1x4x1_neon/32/80/real_time",226881,618.898,613.032,ns,,,"5x32x80",,
"dot/dot_bf16_bf16_fp32_5x16x4_1x4x1_neon/32/160/real_time",115071,1222.22,1212.71,ns,,,"5x32x160",,
"dot/dot_bf16_bf16_fp32_5x16x4_1x4x1_neon/32/240/real_time",74907,1822.33,1808.08,ns,,,"5x32x240",,
"dot/dot_bf16_bf16_fp32_5x16x4_1x4x1_neon/32/320/real_time",57943,2444.29,2411.77,ns,,,"5x32x320",,
"dot/dot_bf16_bf16_fp32_5x16x4_1x4x1_neon/64/4/real_time",1737749,81.2958,80.3806,ns,,,"5x64x4",,
"dot/dot_bf16_bf16_fp32_5x16x4_1x4x1_neon/64/40/real_time",225936,622.9,617.502,ns,,,"5x64x40",,
"dot/dot_bf16_bf16_fp32_5x16x4_1x4x1_neon/64/84/real_time",108901,1292.83,1281.61,ns,,,"5x64x84",,
"dot/dot_bf16_bf16_fp32_5x16x4_1x4x1_neon/64/124/real_time",72033,1889.2,1879.13,ns,,,"5x64x124",,
"dot/dot_bf16_bf16_fp32_5x16x4_1x4x1_neon/64/168/real_time",54983,2558.43,2537.49,ns,,,"5x64x168",,
"dot/dot_bf16_bf16_fp32_5x16x4_1x4x1_neon/128/4/real_time",903744,154.848,153.845,ns,,,"5x128x4",,
"dot/dot_bf16_bf16_fp32_5x16x4_1x4x1_neon/128/20/real_time",209300,637.737,634.111,ns,,,"5x128x20",,
"dot/dot_bf16_bf16_fp32_5x16x4_1x4x1_neon/128/40/real_time",113231,1242.18,1229.62,ns,,,"5x128x40",,
"dot/dot_bf16_bf16_fp32_5x16x4_1x4x1_neon/128/60/real_time",76329,1846.14,1831.39,ns,,,"5x128x60",,
"dot/dot_bf16_bf16_fp32_5x16x4_1x4x1_neon/128/80/real_time",57149,2456.11,2433.85,ns,,,"5x128x80",,
"dot/dot_bf16_bf16_fp32_1x8x4_1x4x1_neon/8/4/real_time",10000000,10.0008,9.91621,ns,,,"1x8x4",,
"dot/dot_bf16_bf16_fp32_1x8x4_1x4x1_neon/8/340/real_time",632114,222.877,220.956,ns,,,"1x8x340",,
"dot/dot_bf16_bf16_fp32_1x8x4_1x4x1_neon/8/680/real_time",316979,447.102,440.541,ns,,,"1x8x680",,
"dot/dot_bf16_bf16_fp32_1x8x4_1x4x1_neon/8/1020/real_time",212876,660.778,653.979,ns,,,"1x8x1020",,
"dot/dot_bf16_bf16_fp32_1x8x4_1x4x1_neon/8/1360/real_time",161185,874.419,866.752,ns,,,"1x8x1360",,
"dot/dot_bf16_bf16_fp32_1x8x4_1x4x1_neon/16/4/real_time",9437192,14.9022,14.7982,ns,,,"1x16x4",,
"dot/dot_bf16_bf16_fp32_1x8x4_1x4x1_neon/16/180/real_time",587434,235.176,233.883,ns,,,"1x16x180",,
"dot/dot_bf16_bf16_fp32_1x8x4_1x4x1_neon/16/360/real_time",302682,464.744,460.206,ns,,,"1x16x360",,
"dot/dot_bf16_bf16_fp32_1x8x4_1x4x1_neon/16/540/real_time",201550,692.343,686.543,ns,,,"1x16x540",,
"dot/dot_bf16_bf16_fp32_1x8x4_1x4x1_neon/16/720/real_time",150060,925.718,920.835,ns,,,"1x16x720",,
"dot/dot_bf16_bf16_fp32_1x8x4_1x4x1_neon/32/4/real_time",5621857,24.5619,24.4169,ns,,,"1x32x4",,
"dot/dot_bf16_bf16_fp32_1x8x4_1x4x1_neon/32/92/real_time",584347,241.324,239.087,ns,,,"1x32x92",,
"dot/dot_bf16_bf16_fp32_1x8x4_1x4x1_neon/32/184/real_time",296872,481.68,470.73,ns,,,"1x32x184",,
"dot/dot_bf16_bf16_fp32_1x8x4_1x4x1_neon/32/276/real_time",197640,714.618,707.056,ns,,,"1x32x276",,
"dot/dot_bf16_bf16_fp32_1x8x4_1x4x1_neon/32/368/real_time",147947,943.689,937.922,ns,,,"1x32x368",,
"dot/dot_bf16_bf16_fp32_1x8x4_1x4x1_neon/64/4/real_time",3160384,44.2504,43.8042,ns,,,"1x64x4",,
"dot/dot_bf16_bf16_fp32_1x8x4_1x4x1_neon/64/44/real_time",607121,232.051,229.835,ns,,,"1x64x44",,
"dot/dot_bf16_bf16_fp32_1x8x4_1x4x1_neon/64/92/real_time",296444,475.771,471.133,ns,,,"1x64x92",,
"dot/dot_bf16_bf16_fp32_1x8x4_1x4x1_neon/64/136/real_time",199884,705.145,697.016,ns,,,"1x64x136",,
"dot/dot_bf16_bf16_fp32_1x8x4_1x4x1_neon/64/184/real_time",147849,944.313,938.211,ns,,,"1x64x184",,
"dot/dot_bf16_bf16_fp32_4x8x4_1x4x1_neon/8/4/real_time",8909690,15.7847,15.6862,ns,,,"4x8x4",,
"dot/dot_bf16_bf16_fp32_4x8x4_1x4x1_neon/8/252/real_time",316637,441.151,437.804,ns,,,"4x8x252",,
"dot/dot_bf16_bf16_fp32_4x8x4_1x4x1_neon/8/508/real_time",159225,881.374,869.991,ns,,,"4x8x508",,
"dot/dot_bf16_bf16_fp32_4x8x4_1x4x1_neon/8/760/real_time",107415,1303.83,1298.7,ns,,,"4x8x760",,
"dot/dot_bf16_bf16_fp32_4x8x4_1x4x1_neon/8/1016/real_time",81370,1718.96,1699.68,ns,,,"4x8x1016",,
"dot/dot_bf16_bf16_fp32_4x8x4_1x4x1_neon/16/4/real_time",5614915,24.9907,24.8609,ns,,,"4x16x4",,
"dot/dot_bf16_bf16_fp32_4x8x4_1x4x1_neon/16/152/real_time",261785,529.68,526.607,ns,,,"4x16x152",,
"dot/dot_bf16_bf16_fp32_4x8x4_1x4x1_neon/16/304/real_time",133812,1057.53,1044.23,ns,,,"4x16x304",,
"dot/dot_bf16_bf16_fp32_4x8x4_1x4x1_neon/16/456/real_time",89492,1605.68,1561.76,ns,,,"4x16x456",,
"dot/dot_bf16_bf16_fp32_4x8x4_1x4x1_neon/16/608/real_time",65853,2098.17,2080.24,ns,,,"4x16x608",,
"dot/dot_bf16_bf16_fp32_4x8x4_1x4x1_neon/32/4/real_time",3228350,43.7704,43.2148,ns,,,"4x32x4",,
"dot/dot_bf16_bf16_fp32_4x8x4_1x4x1_neon/32/80/real_time",251280,562.16,555.82,ns,,,"4x32x80",,
"dot/dot_bf16_bf16_fp32_4x8x4_1x4x1_neon/32/164/real_time",123888,1134.78,1127.65,ns,,,"4x32x164",,
"dot/dot_bf16_bf16_fp32_4x8x4_1x4x1_neon/32/248/real_time",82014,1727.59,1704.13,ns,,,"4x32x248",,
"dot/dot_bf16_bf16_fp32_4x8x4_1x4x1_neon/32/332/real_time",61685,2288.78,2273.41,ns,,,"4x32x332",,
"dot/dot_bf16_bf16_fp32_4x8x4_1x4x1_neon/64/4/real_time",1746611,80.7714,79.9169,ns,,,"4x64x4",,
"dot/dot_bf16_bf16_fp32_4x8x4_1x4x1_neon/64/40/real_time",249388,565.711,559.963,ns,,,"4x64x40",,
"dot/dot_bf16_bf16_fp32_4x8x4_1x4x1_neon/64/84/real_time",120705,1164.81,1157.95,ns,,,"4x64x84",,
"dot/dot_bf16_bf16_fp32_4x8x4_1x4x1_neon/64/128/real_time",79276,1779.67,1762.17,ns,,,"4x64x128",,
"dot/dot_bf16_bf16_fp32_4x8x4_1x4x1_neon/64/172/real_time",59091,2381.44,2363.43,ns,,,"4x64x172",,
"dot/dot_bf16_bf16_fp32_6x8x4_1x4x1_neon/8/4/real_time",7091010,19.0854,18.9271,ns,,,"6x8x4",,
"dot/dot_bf16_bf16_fp32_6x8x4_1x4x1_neon/8/216/real_time",270407,516.332,512.954,ns,,,"6x8x216",,
"dot/dot_bf16_bf16_fp32_6x8x4_1x4x1_neon/8/432/real_time",137149,1021.91,1015.79,ns,,,"6x8x432",,
"dot/dot_bf16_bf16_fp32_6x8x4_1x4x1_neon/8/648/real_time",89992,1530.52,1520.62,ns,,,"6x8x648",,
"dot/dot_bf16_bf16_fp32_6x8x4_1x4x1_neon/8/868/real_time",68636,2048.51,2035.07,ns,,,"6x8x868",,
"dot/dot_bf16_bf16_fp32_6x8x4_1x4x1_neon/16/4/real_time",4347292,31.8992,31.6285,ns,,,"6x16x4",,
"dot/dot_bf16_bf16_fp32_6x8x4_1x4x1_neon/16/136/real_time",207709,667.591,646.539,ns,,,"6x16x136",,
"dot/dot_bf16_bf16_fp32_6x8x4_1x4x1_neon/16/272/real_time",109249,1290.54,1278.73,ns,,,"6x16x272",,
"dot/dot_bf16_bf16_fp32_6x8x4_1x4x1_neon/16/408/real_time",72981,1926.86,1913.58,ns,,,"6x16x408",,
"dot/dot_bf16_bf16_fp32_6x8x4_1x4x1_neon/16/548/real_time",53817,2581.81,2566.66,ns,,,"6x16x548",,
"dot/dot_bf16_bf16_fp32_6x8x4_1x4x1_neon/32/4/real_time",2592061,53.5556,53.2775,ns,,,"6x32x4",,
"dot/dot_bf16_bf16_fp32_6x8x4_1x4x1_neon/32/76/real_time",191657,728.086,724.578,ns,,,"6x32x76",,
"dot/dot_bf16_bf16_fp32_6x8x4_1x4x1_neon/32/156/real_time",94862,1479.81,1468.83,ns,,,"6x32x156",,
"dot/dot_bf16_bf16_fp32_6x8x4_1x4x1_neon/32/232/real_time",64113,2188.82,2178.99,ns,,,"6x32x232",,
"dot/dot_bf16_bf16_fp32_6x8x4_1x4x1_neon/32/312/real_time",46909,2943.89,2928.25,ns,,,"6x32x312",,
"dot/dot_bf16_bf16_fp32_6x8x4_1x4x1_neon/64/4/real_time",1000000,100.072,99.453,ns,,,"6x64x4",,
"dot/dot_bf16_bf16_fp32_6x8x4_1x4x1_neon/64/40/real_time",180041,771.872,767.155,ns,,,"6x64x40",,
"dot/dot_bf16_bf16_fp32_6x8x4_1x4x1_neon/64/80/real_time",92212,1528.2,1514.02,ns,,,"6x64x80",,
"dot/dot_bf16_bf16_fp32_6x8x4_1x4x1_neon/64/120/real_time",61643,2274.48,2263.61,ns,,,"6x64x120",,
"dot/dot_bf16_bf16_fp32_6x8x4_1x4x1_neon/64/164/real_time",44542,3094.65,3082.69,ns,,,"6x64x164",,
"dot/dot_bf16_bf16_fp32_8x8x4_1x4x1_neon/8/4/real_time",6034036,23.4936,23.3055,ns,,,"8x8x4",,
"dot/dot_bf16_bf16_fp32_8x8x4_1x4x1_neon/8/188/real_time",239851,589.048,582.472,ns,,,"8x8x188",,
"dot/dot_bf16_bf16_fp32_8x8x4_1x4x1_neon/8/380/real_time",119817,1170.53,1164.93,ns,,,"8x8x380",,
"dot/dot_bf16_bf16_fp32_8x8x4_1x4x1_neon/8/568/real_time",80474,1771.43,1735.1,ns,,,"8x8x568",,
"dot/dot_bf16_bf16_fp32_8x8x4_1x4x1_neon/8/760/real_time",58107,2330.98,2317.4,ns,,,"8x8x760",,
"dot/dot_bf16_bf16_fp32_8x8x4_1x4x1_neon/16/4/real_time",3638980,37.8465,37.6881,ns,,,"8x16x4",,
"dot/dot_bf16_bf16_fp32_8x8x4_1x4x1_neon/16/124/real_time",180438,768.445,765.349,ns,,,"8x16x124",,
"dot/dot_bf16_bf16_fp32_8x8x4_1x4x1_neon/16/248/real_time",90387,1529.48,1518.15,ns,,,"8x16x248",,
"dot/dot_bf16_bf16_fp32_8x8x4_1x4x1_neon/16/372/real_time",61327,2281.91,2270.34,ns,,,"8x16x372",,
"dot/dot_bf16_bf16_fp32_8x8x4_1x4x1_neon/16/500/real_time",45185,3061.63,3047.52,ns,,,"8x16x500",,
"dot/dot_bf16_bf16_fp32_8x8x4_1x4x1_neon/32/4/real_time",2095282,66.1434,65.7707,ns,,,"8x32x4",,
"dot/dot_bf16_bf16_fp32_8x8x4_1x4x1_neon/32/72/real_time",155467,897.674,891.449,ns,,,"8x32x72",,
"dot/dot_bf16_bf16_fp32_8x8x4_1x4x1_neon/32/144/real_time",79020,1775.11,1765.19,ns,,,"8x32x144",,
"dot/dot_bf16_bf16_fp32_8x8x4_1x4x1_neon/32/216/real_time",52984,2657.09,2638.06,ns,,,"8x32x216",,
"dot/dot_bf16_bf16_fp32_8x8x4_1x4x1_neon/32/292/real_time",39246,3584.36,3560.93,ns,,,"8x32x292",,
"dot/dot_bf16_bf16_fp32_8x8x4_1x4x1_neon/64/4/real_time",1125096,130.002,129.203,ns,,,"8x64x4",,
"dot/dot_bf16_bf16_fp32_8x8x4_1x4x1_neon/64/36/real_time",154104,904.766,899.705,ns,,,"8x64x36",,
"dot/dot_bf16_bf16_fp32_8x8x4_1x4x1_neon/64/76/real_time",72637,1890.76,1880.61,ns,,,"8x64x76",,
"dot/dot_bf16_bf16_fp32_8x8x4_1x4x1_neon/64/116/real_time",49080,2868.17,2844.88,ns,,,"8x64x116",,
"dot/dot_bf16_bf16_fp32_8x8x4_1x4x1_neon/64/156/real_time",36637,3832.69,3812.67,ns,,,"8x64x156",,
"dot/dot_bf16_bf16_fp32_8x4x4_1x4x1_neon/4/4/real_time",8054041,17.4473,16.8716,ns,,,"8x4x4",,
"dot/dot_bf16_bf16_fp32_8x4x4_1x4x1_neon/4/252/real_time",295946,463.814,460.828,ns,,,"8x4x252",,
"dot/dot_bf16_bf16_fp32_8x4x4_1x4x1_neon/4/508/real_time",152968,914.202,909.451,ns,,,"8x4x508",,
"dot/dot_bf16_bf16_fp32_8x4x4_1x4x1_neon/4/760/real_time",100908,1371.44,1357.16,ns,,,"8x4x760",,
"dot/dot_bf16_bf16_fp32_8x4x4_1x4x1_neon/4/1016/real_time",76309,1829.12,1818.53,ns,,,"8x4x1016",,
"dot/dot_bf16_bf16_fp32_8x4x4_1x4x1_neon/8/4/real_time",5353233,25.8897,25.7508,ns,,,"8x8x4",,
"dot/dot_bf16_bf16_fp32_8x4x4_1x4x1_neon/8/188/real_time",200070,695.895,684.523,ns,,,"8x8x188",,
"dot/dot_bf16_bf16_fp32_8x4x4_1x4x1_neon/8/380/real_time",100574,1385.65,1374.92,ns,,,"8x8x380",,
"dot/dot_bf16_bf16_fp32_8x4x4_1x4x1_neon/8/568/real_time",68032,2043.92,2032.73,ns,,,"8x8x568",,
"dot/dot_bf16_bf16_fp32_8x4x4_1x4x1_neon/8/760/real_time",51049,2759.06,2730.19,ns,,,"8x8x760",,
"dot/dot_bf16_bf16_fp32_8x4x4_1x4x1_neon/16/4/real_time",3202951,43.995,43.5279,ns,,,"8x16x4",,
"dot/dot_bf16_bf16_fp32_8x4x4_1x4x1_neon/16/124/real_time",154186,902.626,896.819,ns,,,"8x16x124",,
"dot/dot_bf16_bf16_fp32_8x4x4_1x4x1_neon/16/248/real_time",71207,1798.79,1779.01,ns,,,"8x16x248",,
"dot/dot_bf16_bf16_fp32_8x4x4_1x4x1_neon/16/372/real_time",52373,2676.97,2658.06,ns,,,"8x16x372",,
"dot/dot_bf16_bf16_fp32_8x4x4_1x4x1_neon/16/500/real_time",38536,3581.93,3565.75,ns,,,"8x16x500",,
"dot/dot_bf16_bf16_fp32_8x4x4_1x4x1_neon/32/4/real_time",1743927,79.5955,79.0221,ns,,,"8x32x4",,
"dot/dot_bf16_bf16_fp32_8x4x4_1x4x1_neon/32/72/real_time",134434,1048.39,1038.13,ns,,,"8x32x72",,
"dot/dot_bf16_bf16_fp32_8x4x4_1x4x1_neon/32/144/real_time",67644,2098.61,2062.23,ns,,,"8x32x144",,
"dot/dot_bf16_bf16_fp32_8x4x4_1x4x1_neon/32/216/real_time",44609,3099.31,3084.97,ns,,,"8x32x216",,
"dot/dot_bf16_bf16_fp32_8x4x4_1x4x1_neon/32/292/real_time",33541,4217.67,4166.02,ns,,,"8x32x292",,
"dot/dot_int8_int2_int32_1x32x16_1x4x16_neondot/32/16/real_time",7155588,19.6475,19.5333,ns,,,"1x32x16",,
"dot/dot_int8_int2_int32_1x32x16_1x4x16_neondot/32/672/real_time",266873,520.378,516.818,ns,,,"1x32x672",,
"dot/dot_int8_int2_int32_1x32x16_1x4x16_neondot/32/1344/real_time",135979,1037.23,1026.66,ns,,,"1x32x1344",,
"dot/dot_int8_int2_int32_1x32x16_1x4x16_neondot/32/2016/real_time",90945,1544.93,1536.23,ns,,,"1x32x2016",,
"dot/dot_int8_int2_int32_1x32x16_1x4x16_neondot/32/2704/real_time",67461,2067.79,2057.34,ns,,,"1x32x2704",,
"dot/dot_int8_int2_int32_1x32x16_1x4x16_neondot/64/16/real_time",4367508,31.4442,31.1361,ns,,,"1x64x16",,
"dot/dot_int8_int2_int32_1x32x16_1x4x16_neondot/64/352/real_time",257952,546.559,541.646,ns,,,"1x64x352",,
"dot/dot_int8_int2_int32_1x32x16_1x4x16_neondot/64/704/real_time",129919,1083.71,1075.73,ns,,,"1x64x704",,
"dot/dot_int8_int2_int32_1x32x16_1x4x16_neondot/64/1056/real_time",86686,1625.62,1609.87,ns,,,"1x64x1056",,
"dot/dot_int8_int2_int32_1x32x16_1x4x16_neondot/64/1424/real_time",64357,2181.18,2167.9,ns,,,"1x64x1424",,
"dot/dot_int8_int2_int32_1x32x16_1x4x16_neondot/128/16/real_time",2407796,57.0798,56.8306,ns,,,"1x128x16",,
"dot/dot_int8_int2_int32_1x32x16_1x4x16_neondot/128/176/real_time",255327,546.511,542.906,ns,,,"1x128x176",,
"dot/dot_int8_int2_int32_1x32x16_1x4x16_neondot/128/352/real_time",129831,1086.64,1076.51,ns,,,"1x128x352",,
"dot/dot_int8_int2_int32_1x32x16_1x4x16_neondot/128/528/real_time",86725,1616.96,1610.25,ns,,,"1x128x528",,
"dot/dot_int8_int2_int32_1x32x16_1x4x16_neondot/128/720/real_time",62964,2209.51,2192.84,ns,,,"1x128x720",,
"dot/dot_int8_int2_int32_1x32x16_1x4x16_neondot/256/16/real_time",1294960,114.054,108.353,ns,,,"1x256x16",,
"dot/dot_int8_int2_int32_1x32x16_1x4x16_neondot/256/80/real_time",279319,498.932,496.614,ns,,,"1x256x80",,
"dot/dot_int8_int2_int32_1x32x16_1x4x16_neondot/256/176/real_time",129404,1090.88,1079.22,ns,,,"1x256x176",,
"dot/dot_int8_int2_int32_1x32x16_1x4x16_neondot/256/256/real_time",89190,1577.56,1564.38,ns,,,"1x256x256",,
"dot/dot_int8_int2_int32_1x32x16_1x4x16_neondot/256/352/real_time",63161,2160.4,2146.65,ns,,,"1x256x352",,
"dot/dot_int8_int2_int32_1x16x16_1x4x16_neondot/16/16/real_time",13292553,10.5669,10.4949,ns,,,"1x16x16",,
"dot/dot_int8_int2_int32_1x16x16_1x4x16_neondot/16/1216/real_time",298384,469.712,467.03,ns,,,"1x16x1216",,
"dot/dot_int8_int2_int32_1x16x16_1x4x16_neondot/16/2448/real_time",148867,945.973,934.114,ns,,,"1x16x2448",,
"dot/dot_int8_int2_int32_1x16x16_1x4x16_neondot/16/3664/real_time",99950,1406.85,1399.39,ns,,,"1x16x3664",,
"dot/dot_int8_int2_int32_1x16x16_1x4x16_neondot/16/4896/real_time",73091,1879.67,1867.71,ns,,,"1x16x4896",,
"dot/dot_int8_int2_int32_1x16x16_1x4x16_neondot/32/16/real_time",7838213,17.8697,17.7856,ns,,,"1x32x16",,
"dot/dot_int8_int2_int32_1x16x16_1x4x16_neondot/32/672/real_time",269874,519.519,515.195,ns,,,"1x32x672",,
"dot/dot_int8_int2_int32_1x16x16_1x4x16_neondot/32/1344/real_time",131076,1031.61,1025.58,ns,,,"1x32x1344",,
"dot/dot_int8_int2_int32_1x16x16_1x4x16_neondot/32/2016/real_time",91049,1545.99,1534.3,ns,,,"1x32x2016",,
"dot/dot_int8_int2_int32_1x16x16_1x4x16_neondot/32/2704/real_time",65859,2069.61,2056.78,ns,,,"1x32x2704",,
"dot/dot_int8_int2_int32_1x16x16_1x4x16_neondot/64/16/real_time",4494427,31.423,31.0803,ns,,,"1x64x16",,
"dot/dot_int8_int2_int32_1x16x16_1x4x16_neondot/64/352/real_time",258224,550.597,540.826,ns,,,"1x64x352",,
"dot/dot_int8_int2_int32_1x16x16_1x4x16_neondot/64/704/real_time",130095,1098.05,1074.85,ns,,,"1x64x704",,
"dot/dot_int8_int2_int32_1x16x16_1x4x16_neondot/64/1056/real_time",76530,1627.12,1608.68,ns,,,"1x64x1056",,
"dot/dot_int8_int2_int32_1x16x16_1x4x16_neondot/64/1424/real_time",64392,2181.74,2169.3,ns,,,"1x64x1424",,
"dot/dot_int8_int2_int32_1x16x16_1x4x16_neondot/128/16/real_time",2458625,56.7395,56.3928,ns,,,"1x128x16",,
"dot/dot_int8_int2_int32_1x16x16_1x4x16_neondot/128/176/real_time",253463,545.93,541.958,ns,,,"1x128x176",,
"dot/dot_int8_int2_int32_1x16x16_1x4x16_neondot/128/352/real_time",129817,1085.47,1076.3,ns,,,"1x128x352",,
"dot/dot_int8_int2_int32_1x16x16_1x4x16_neondot/128/528/real_time",86620,1620.5,1612.39,ns,,,"1x128x528",,
"dot/dot_int8_int2_int32_1x16x16_1x4x16_neondot/128/720/real_time",63552,2222.19,2196.28,ns,,,"1x128x720",,
"dot/dot_int8_int2_int32_2x16x16_1x4x16_neondot/16/16/real_time",9140199,15.3764,15.3025,ns,,,"2x16x16",,
"dot/dot_int8_int2_int32_2x16x16_1x4x16_neondot/16/1008/real_time",253607,550.109,546.953,ns,,,"2x16x1008",,
"dot/dot_int8_int2_int32_2x16x16_1x4x16_neondot/16/2032/real_time",126022,1109.13,1096.69,ns,,,"2x16x2032",,
"dot/dot_int8_int2_int32_2x16x16_1x4x16_neondot/16/3040/real_time",85341,1647.23,1637.4,ns,,,"2x16x3040",,
"dot/dot_int8_int2_int32_2x16x16_1x4x16_neondot/16/4064/real_time",62633,2217,2191.48,ns,,,"2x16x4064",,
"dot/dot_int8_int2_int32_2x16x16_1x4x16_neondot/32/16/real_time",5749917,24.8113,24.2018,ns,,,"2x32x16",,
"dot/dot_int8_int2_int32_2x16x16_1x4x16_neondot/32/608/real_time",211820,665.769,659.775,ns,,,"2x32x608",,
"dot/dot_int8_int2_int32_2x16x16_1x4x16_neondot/32/1216/real_time",106348,1321.85,1311.8,ns,,,"2x32x1216",,
"dot/dot_int8_int2_int32_2x16x16_1x4x16_neondot/32/1824/real_time",70556,1983.67,1964.05,ns,,,"2x32x1824",,
"dot/dot_int8_int2_int32_2x16x16_1x4x16_neondot/32/2432/real_time",53324,2637.98,2616.51,ns,,,"2x32x2432",,
"dot/dot_int8_int2_int32_2x16x16_1x4x16_neondot/64/16/real_time",3276530,43.9049,42.6326,ns,,,"2x64x16",,
"dot/dot_int8_int2_int32_2x16x16_1x4x16_neondot/64/320/real_time",200877,700.322,694.938,ns,,,"2x64x320",,
"dot/dot_int8_int2_int32_2x16x16_1x4x16_neondot/64/656/real_time",98665,1428.79,1416.02,ns,,,"2x64x656",,
"dot/dot_int8_int2_int32_2x16x16_1x4x16_neondot/64/992/real_time",65362,2156.17,2137.41,ns,,,"2x64x992",,
"dot/dot_int8_int2_int32_2x16x16_1x4x16_neondot/64/1328/real_time",48854,2882.54,2861.52,ns,,,"2x64x1328",,
"dot/dot_int8_int2_int32_2x16x16_1x4x16_neondot/128/16/real_time",1756019,80.1556,79.1955,ns,,,"2x128x16",,
"dot/dot_int8_int2_int32_2x16x16_1x4x16_neondot/128/160/real_time",200268,707.37,697.865,ns,,,"2x128x160",,
"dot/dot_int8_int2_int32_2x16x16_1x4x16_neondot/128/336/real_time",96086,1461.07,1452.72,ns,,,"2x128x336",,
"dot/dot_int8_int2_int32_2x16x16_1x4x16_neondot/128/512/real_time",61847,2223.3,2211.87,ns,,,"2x128x512",,
"dot/dot_int8_int2_int32_2x16x16_1x4x16_neondot/128/688/real_time",47097,3005.01,2968.3,ns,,,"2x128x688",,
"dot/dot_int8_int2_int32_1x8x16_1x4x16_neondot/8/16/real_time",16775068,8.33339,8.28705,ns,,,"1x8x16",,
"dot/dot_int8_int2_int32_1x8x16_1x4x16_neondot/8/2032/real_time",348445,405.431,401.011,ns,,,"1x8x2032",,
"dot/dot_int8_int2_int32_1x8x16_1x4x16_neondot/8/4080/real_time",172782,806.46,802.067,ns,,,"1x8x4080",,
"dot/dot_int8_int2_int32_1x8x16_1x4x16_neondot/8/6128/real_time",116475,1223.06,1199.86,ns,,,"1x8x6128",,
"dot/dot_int8_int2_int32_1x8x16_1x4x16_neondot/8/8176/real_time",87260,1615.56,1598.58,ns,,,"1x8x8176",,
"dot/dot_int8_int2_int32_1x8x16_1x4x16_neondot/16/16/real_time",11802882,12.0642,11.8418,ns,,,"1x16x16",,
"dot/dot_int8_int2_int32_1x8x16_1x4x16_neondot/16/1216/real_time",291908,486.51,478.43,ns,,,"1x16x1216",,
"dot/dot_int8_int2_int32_1x8x16_1x4x16_neondot/16/2448/real_time",138942,983.72,959.63,ns,,,"1x16x2448",,
"dot/dot_int8_int2_int32_1x8x16_1x4x16_neondot/16/3664/real_time",97014,1457.53,1438.11,ns,,,"1x16x3664",,
"dot/dot_int8_int2_int32_1x8x16_1x4x16_neondot/16/4896/real_time",72856,1941.44,1921.41,ns,,,"1x16x4896",,
"dot/dot_int8_int2_int32_1x8x16_1x4x16_neondot/32/16/real_time",7231074,19.1257,18.944,ns,,,"1x32x16",,
"dot/dot_int8_int2_int32_1x8x16_1x4x16_neondot/32/672/real_time",264704,533.927,527.823,ns,,,"1x32x672",,
"dot/dot_int8_int2_int32_1x8x16_1x4x16_neondot/32/1344/real_time",132387,1060.94,1054.77,ns,,,"1x32x1344",,
"dot/dot_int8_int2_int32_1x8x16_1x4x16_neondot/32/2016/real_time",87315,1588.23,1577.59,ns,,,"1x32x2016",,
"dot/dot_int8_int2_int32_1x8x16_1x4x16_neondot/32/2704/real_time",66110,2126.77,2112.64,ns,,,"1x32x2704",,
"dot/dot_int8_int2_int32_1x8x16_1x4x16_neondot/64/16/real_time",4207850,33.3582,33.1496,ns,,,"1x64x16",,
"dot/dot_int8_int2_int32_1x8x16_1x4x16_neondot/64/352/real_time",250708,558.561,553.23,ns,,,"1x64x352",,
"dot/dot_int8_int2_int32_1x8x16_1x4x16_neondot/64/704/real_time",126355,1117.13,1105.51,ns,,,"1x64x704",,
"dot/dot_int8_int2_int32_1x8x16_1x4x16_neondot/64/1056/real_time",84499,1660.76,1651.65,ns,,,"1x64x1056",,
"dot/dot_int8_int2_int32_1x8x16_1x4x16_neondot/64/1424/real_time",62183,2236.78,2223.6,ns,,,"1x64x1424",,
"dot/dot_int8_int2_int32_2x8x16_1x4x16_neondot/8/16/real_time",13307490,10.5916,10.5072,ns,,,"2x8x16",,
"dot/dot_int8_int2_int32_2x8x16_1x4x16_neondot/8/1520/real_time",314323,429.836,427.644,ns,,,"2x8x1520",,
"dot/dot_int8_int2_int32_2x8x16_1x4x16_neondot/8/3056/real_time",162907,859.986,853.841,ns,,,"2x8x3056",,
"dot/dot_int8_int2_int32_2x8x16_1x4x16_neondot/8/4592/real_time",108452,1290.17,1283.66,ns,,,"2x8x4592",,
"dot/dot_int8_int2_int32_2x8x16_1x4x16_neondot/8/6128/real_time",81693,1730.23,1710.1,ns,,,"2x8x6128",,
"dot/dot_int8_int2_int32_2x8x16_1x4x16_neondot/16/16/real_time",8357118,16.0198,15.8765,ns,,,"2x16x16",,
"dot/dot_int8_int2_int32_2x8x16_1x4x16_neondot/16/1008/real_time",245576,568.856,565.531,ns,,,"2x16x1008",,
"dot/dot_int8_int2_int32_2x8x16_1x4x16_neondot/16/2032/real_time",122987,1142.8,1133.85,ns,,,"2x16x2032",,
"dot/dot_int8_int2_int32_2x8x16_1x4x16_neondot/16/3040/real_time",82185,1704.02,1694.72,ns,,,"2x16x3040",,
"dot/dot_int8_int2_int32_2x8x16_1x4x16_neondot/16/4064/real_time",61239,2286.73,2270.95,ns,,,"2x16x4064",,
"dot/dot_int8_int2_int32_2x8x16_1x4x16_neondot/32/16/real_time",5442028,25.8161,25.6904,ns,,,"2x32x16",,
"dot/dot_int8_int2_int32_2x8x16_1x4x16_neondot/32/608/real_time",204613,687.885,681.94,ns,,,"2x32x608",,
"dot/dot_int8_int2_int32_2x8x16_1x4x16_neondot/32/1216/real_time",102841,1364.98,1360.11,ns,,,"2x32x1216",,
"dot/dot_int8_int2_int32_2x8x16_1x4x16_neondot/32/1824/real_time",68671,2054.83,2035.51,ns,,,"2x32x1824",,
"dot/dot_int8_int2_int32_2x8x16_1x4x16_neondot/32/2432/real_time",51495,2727.48,2711.38,ns,,,"2x32x2432",,
"dot/dot_int8_int2_int32_2x8x16_1x4x16_neondot/64/16/real_time",3067469,45.5285,45.3206,ns,,,"2x64x16",,
"dot/dot_int8_int2_int32_2x8x16_1x4x16_neondot/64/320/real_time",192749,722.128,718.348,ns,,,"2x64x320",,
"dot/dot_int8_int2_int32_2x8x16_1x4x16_neondot/64/656/real_time",92587,1478.17,1469.77,ns,,,"2x64x656",,
"dot/dot_int8_int2_int32_2x8x16_1x4x16_neondot/64/992/real_time",63062,2234.01,2214.22,ns,,,"2x64x992",,
"dot/dot_int8_int2_int32_2x8x16_1x4x16_neondot/64/1328/real_time",47177,2989.56,2962.02,ns,,,"2x64x1328",,
"dot/dot_int8_int2_int32_3x8x16_1x4x16_neondot/8/16/real_time",11232293,12.5213,12.4305,ns,,,"3x8x16",,
"dot/dot_int8_int2_int32_3x8x16_1x4x16_neondot/8/1216/real_time",313725,449.386,445.034,ns,,,"3x8x1216",,
"dot/dot_int8_int2_int32_3x8x16_1x4x16_neondot/8/2448/real_time",149332,896.663,889.693,ns,,,"3x8x2448",,
"dot/dot_int8_int2_int32_3x8x16_1x4x16_neondot/8/3664/real_time",104967,1343.74,1332.61,ns,,,"3x8x3664",,
"dot/dot_int8_int2_int32_3x8x16_1x4x16_neondot/8/4896/real_time",78587,1785.73,1775.84,ns,,,"3x8x4896",,
"dot/dot_int8_int2_int32_3x8x16_1x4x16_neondot/16/16/real_time",7468627,18.9249,18.7184,ns,,,"3x16x16",,
"dot/dot_int8_int2_int32_3x8x16_1x4x16_neondot/16/864/real_time",221869,634.418,629.93,ns,,,"3x16x864",,
"dot/dot_int8_int2_int32_3x8x16_1x4x16_neondot/16/1728/real_time",111542,1261.18,1253.71,ns,,,"3x16x1728",,
"dot/dot_int8_int2_int32_3x8x16_1x4x16_neondot/16/2592/real_time",73027,1885.41,1876.65,ns,,,"3x16x2592",,
"dot/dot_int8_int2_int32_3x8x16_1x4x16_neondot/16/3472/real_time",55444,2543.36,2521.46,ns,,,"3x16x3472",,
"dot/dot_int8_int2_int32_3x8x16_1x4x16_neondot/32/16/real_time",4470311,31.4226,31.2193,ns,,,"3x32x16",,
"dot/dot_int8_int2_int32_3x8x16_1x4x16_neondot/32/544/real_time",175027,798.308,792.295,ns,,,"3x32x544",,
"dot/dot_int8_int2_int32_3x8x16_1x4x16_neondot/32/1088/real_time",88190,1590.07,1581.1,ns,,,"3x32x1088",,
"dot/dot_int8_int2_int32_3x8x16_1x4x16_neondot/32/1632/real_time",58960,2387.78,2367.11,ns,,,"3x32x1632",,
"dot/dot_int8_int2_int32_3x8x16_1x4x16_neondot/32/2192/real_time",43992,3191.86,3175.51,ns,,,"3x32x2192",,
"dot/dot_int8_int2_int32_3x8x16_1x4x16_neondot/64/16/real_time",2474033,56.6026,56.1384,ns,,,"3x64x16",,
"dot/dot_int8_int2_int32_3x8x16_1x4x16_neondot/64/304/real_time",157348,895.433,886.853,ns,,,"3x64x304",,
"dot/dot_int8_int2_int32_3x8x16_1x4x16_neondot/64/624/real_time",76987,1824.11,1814.61,ns,,,"3x64x624",,
"dot/dot_int8_int2_int32_3x8x16_1x4x16_neondot/64/928/real_time",51110,2705.64,2691.68,ns,,,"3x64x928",,
"dot/dot_int8_int2_int32_3x8x16_1x4x16_neondot/64/1248/real_time",37483,3654.26,3615.39,ns,,,"3x64x1248",,
"dot/dot_int8_int2_int32_4x8x16_1x4x16_neondot/8/16/real_time",9526341,14.7465,14.6528,ns,,,"4x8x16",,
"dot/dot_int8_int2_int32_4x8x16_1x4x16_neondot/8/1008/real_time",304186,456.233,454.613,ns,,,"4x8x1008",,
"dot/dot_int8_int2_int32_4x8x16_1x4x16_neondot/8/2032/real_time",152856,916.288,909.223,ns,,,"4x8x2032",,
"dot/dot_int8_int2_int32_4x8x16_1x4x16_neondot/8/3040/real_time",102821,1366.61,1357.26,ns,,,"4x8x3040",,
"dot/dot_int8_int2_int32_4x8x16_1x4x16_neondot/8/4064/real_time",76888,1837.13,1816.12,ns,,,"4x8x4064",,
"dot/dot_int8_int2_int32_4x8x16_1x4x16_neondot/16/16/real_time",6206433,22.7481,22.6289,ns,,,"4x16x16",,
"dot/dot_int8_int2_int32_4x8x16_1x4x16_neondot/16/752/real_time",205489,681.671,676.383,ns,,,"4x16x752",,
"dot/dot_int8_int2_int32_4x8x16_1x4x16_neondot/16/1520/real_time",98543,1365.62,1358.18,ns,,,"4x16x1520",,
"dot/dot_int8_int2_int32_4x8x16_1x4x16_neondot/16/2272/real_time",69022,2038.81,2025.4,ns,,,"4x16x2272",,
"dot/dot_int8_int2_int32_4x8x16_1x4x16_neondot/16/3040/real_time",51461,2731.16,2709.15,ns,,,"4x16x3040",,
"dot/dot_int8_int2_int32_4x8x16_1x4x16_neondot/32/16/real_time",3631323,38.2453,37.9691,ns,,,"4x32x16",,
"dot/dot_int8_int2_int32_4x8x16_1x4x16_neondot/32/496/real_time",156362,896.111,890.53,ns,,,"4x32x496",,
"dot/dot_int8_int2_int32_4x8x16_1x4x16_neondot/32/992/real_time",78956,1783.52,1770.55,ns,,,"4x32x992",,
"dot/dot_int8_int2_int32_4x8x16_1x4x16_neondot/32/1488/real_time",52560,2668.36,2656.33,ns,,,"4x32x1488",,
"dot/dot_int8_int2_int32_4x8x16_1x4x16_neondot/32/2000/real_time",39019,3591.48,3564.65,ns,,,"4x32x2000",,
"dot/dot_int8_int2_int32_4x8x16_1x4x16_neondot/64/16/real_time",2048681,71.2446,68.6796,ns,,,"4x64x16",,
"dot/dot_int8_int2_int32_4x8x16_1x4x16_neondot/64/288/real_time",131661,1043.68,1034.77,ns,,,"4x64x288",,
"dot/dot_int8_int2_int32_4x8x16_1x4x16_neondot/64/576/real_time",67736,2079.49,2060.61,ns,,,"4x64x576",,
"dot/dot_int8_int2_int32_4x8x16_1x4x16_neondot/64/864/real_time",45226,3108.6,3083.4,ns,,,"4x64x864",,
"dot/dot_int8_int2_int32_4x8x16_1x4x16_neondot/64/1168/real_time",33219,4185.56,4163.83,ns,,,"4x64x1168",,
"dot/dot_int8_int2_int32_8x8x16_1x4x16_neondot/8/16/real_time",6067802,23.2344,23.0428,ns,,,"8x8x16",,
"dot/dot_int8_int2_int32_8x8x16_1x4x16_neondot/8/608/real_time",283001,497.54,493.693,ns,,,"8x8x608",,
"dot/dot_int8_int2_int32_8x8x16_1x4x16_neondot/8/1216/real_time",141988,983.369,976.785,ns,,,"8x8x1216",,
"dot/dot_int8_int2_int32_8x8x16_1x4x16_neondot/8/1824/real_time",95714,1471.6,1461.25,ns,,,"8x8x1824",,
"dot/dot_int8_int2_int32_8x8x16_1x4x16_neondot/8/2432/real_time",71714,1958.5,1945.23,ns,,,"8x8x2432",,
"dot/dot_int8_int2_int32_8x8x16_1x4x16_neondot/16/16/real_time",3702788,37.4736,37.2565,ns,,,"8x16x16",,
"dot/dot_int8_int2_int32_8x8x16_1x4x16_neondot/16/496/real_time",172910,804.967,800.368,ns,,,"8x16x496",,
"dot/dot_int8_int2_int32_8x8x16_1x4x16_neondot/16/992/real_time",87763,1605.67,1589.47,ns,,,"8x16x992",,
"dot/dot_int8_int2_int32_8x8x16_1x4x16_neondot/16/1488/real_time",58728,2391.91,2379.09,ns,,,"8x16x1488",,
"dot/dot_int8_int2_int32_8x8x16_1x4x16_neondot/16/2000/real_time",43190,3208.06,3193.26,ns,,,"8x16x2000",,
"dot/dot_int8_int2_int32_8x8x16_1x4x16_neondot/32/16/real_time",2119197,65.518,65.0654,ns,,,"8x32x16",,
"dot/dot_int8_int2_int32_8x8x16_1x4x16_neondot/32/368/real_time",117993,1192.28,1184.89,ns,,,"8x32x368",,
"dot/dot_int8_int2_int32_8x8x16_1x4x16_neondot/32/736/real_time",59329,2437.12,2356.25,ns,,,"8x32x736",,
"dot/dot_int8_int2_int32_8x8x16_1x4x16_neondot/32/1104/real_time",39181,3552.16,3529.81,ns,,,"8x32x1104",,
"dot/dot_int8_int2_int32_8x8x16_1x4x16_neondot/32/1472/real_time",29397,4725.1,4700.78,ns,,,"8x32x1472",,
"dot/dot_int8_int2_int32_8x8x16_1x4x16_neondot/64/16/real_time",1137905,123.327,122.522,ns,,,"8x64x16",,
"dot/dot_int8_int2_int32_8x8x16_1x4x16_neondot/64/224/real_time",96625,1454.99,1443.79,ns,,,"8x64x224",,
"dot/dot_int8_int2_int32_8x8x16_1x4x16_neondot/64/464/real_time",46972,3001.8,2975.01,ns,,,"8x64x464",,
"dot/dot_int8_int2_int32_8x8x16_1x4x16_neondot/64/688/real_time",31767,4442.07,4400.27,ns,,,"8x64x688",,
"dot/dot_int8_int2_int32_8x8x16_1x4x16_neondot/64/928/real_time",23549,5988.85,5928.52,ns,,,"8x64x928",,
"dot/dot_int8_int2_int32_8x4x16_1x4x16_neondot/4/16/real_time",8898438,15.7787,15.6873,ns,,,"8x4x16",,
"dot/dot_int8_int2_int32_8x4x16_1x4x16_neondot/4/672/real_time",462662,294.695,293.034,ns,,,"8x4x672",,
"dot/dot_int8_int2_int32_8x4x16_1x4x16_neondot/4/1344/real_time",237452,590.078,584.431,ns,,,"8x4x1344",,
"dot/dot_int8_int2_int32_8x4x16_1x4x16_neondot/4/2016/real_time",160860,870.973,864.82,ns,,,"8x4x2016",,
"dot/dot_int8_int2_int32_8x4x16_1x4x16_neondot/4/2704/real_time",120533,1172.96,1159.33,ns,,,"8x4x2704",,
"dot/dot_int8_int2_int32_8x4x16_1x4x16_neondot/8/16/real_time",5869419,23.7889,23.6318,ns,,,"8x8x16",,
"dot/dot_int8_int2_int32_8x4x16_1x4x16_neondot/8/608/real_time",263205,528.461,525.897,ns,,,"8x8x608",,
"dot/dot_int8_int2_int32_8x4x16_1x4x16_neondot/8/1216/real_time",133920,1055.85,1043.33,ns,,,"8x8x1216",,
"dot/dot_int8_int2_int32_8x4x16_1x4x16_neondot/8/1824/real_time",89632,1569.89,1561.34,ns,,,"8x8x1824",,
"dot/dot_int8_int2_int32_8x4x16_1x4x16_neondot/8/2432/real_time",64743,2146.16,2081.74,ns,,,"8x8x2432",,
"dot/dot_int8_int2_int32_8x4x16_1x4x16_neondot/16/16/real_time",3677673,38.204,37.9203,ns,,,"8x16x16",,
"dot/dot_int8_int2_int32_8x4x16_1x4x16_neondot/16/496/real_time",160931,858.729,855.463,ns,,,"8x16x496",,
"dot/dot_int8_int2_int32_8x4x16_1x4x16_neondot/16/992/real_time",82285,1712,1699.22,ns,,,"8x16x992",,
"dot/dot_int8_int2_int32_8x4x16_1x4x16_neondot/16/1488/real_time",54808,2564.45,2548.98,ns,,,"8x16x1488",,
"dot/dot_int8_int2_int32_8x4x16_1x4x16_neondot/16/2000/real_time",39930,3440.43,3420.15,ns,,,"8x16x2000",,
"dot/dot_int8_int2_int32_8x4x16_1x4x16_neondot/32/16/real_time",1988673,70.1726,69.849,ns,,,"8x32x16",,
"dot/dot_int8_int2_int32_8x4x16_1x4x16_neondot/32/368/real_time",109995,1277.97,1268.21,ns,,,"8x32x368",,
"dot/dot_int8_int2_int32_8x4x16_1x4x16_neondot/32/736/real_time",55228,2542.14,2527.23,ns,,,"8x32x736",,
"dot/dot_int8_int2_int32_8x4x16_1x4x16_neondot/32/1104/real_time",36446,3805.35,3778.79,ns,,,"8x32x1104",,
"dot/dot_int8_int2_int32_8x4x16_1x4x16_neondot/32/1472/real_time",27650,5062.22,5032.5,ns,,,"8x32x1472",,
"dot/dot_int8_int4_int32_1x32x8_1x4x8_neondot/32/8/real_time",13008256,10.8507,10.7797,ns,,,"1x32x8",,
"dot/dot_int8_int4_int32_1x32x8_1x4x8_neondot/32/352/real_time",495770,281.695,280.005,ns,,,"1x32x352",,
"dot/dot_int8_int4_int32_1x32x8_1x4x8_neondot/32/712/real_time",245700,562.977,559.725,ns,,,"1x32x712",,
"dot/dot_int8_int4_int32_1x32x8_1x4x8_neondot/32/1072/real_time",164194,844.303,839.357,ns,,,"1x32x1072",,
"dot/dot_int8_int4_int32_1x32x8_1x4x8_neondot/32/1432/real_time",121323,1129.79,1121.91,ns,,,"1x32x1432",,
"dot/dot_int8_int4_int32_1x32x8_1x4x8_neondot/64/8/real_time",7146304,19.6491,19.534,ns,,,"1x64x8",,
"dot/dot_int8_int4_int32_1x32x8_1x4x8_neondot/64/184/real_time",472509,306.058,293.196,ns,,,"1x64x184",,
"dot/dot_int8_int4_int32_1x32x8_1x4x8_neondot/64/368/real_time",239371,582.3,578.927,ns,,,"1x64x368",,
"dot/dot_int8_int4_int32_1x32x8_1x4x8_neondot/64/552/real_time",160667,872.406,864.854,ns,,,"1x64x552",,
"dot/dot_int8_int4_int32_1x32x8_1x4x8_neondot/64/736/real_time",119898,1162.69,1150.76,ns,,,"1x64x736",,
"dot/dot_int8_int4_int32_1x32x8_1x4x8_neondot/128/8/real_time",4213219,33.4024,33.1489,ns,,,"1x128x8",,
"dot/dot_int8_int4_int32_1x32x8_1x4x8_neondot/128/88/real_time",495423,283.303,281.783,ns,,,"1x128x88",,
"dot/dot_int8_int4_int32_1x32x8_1x4x8_neondot/128/184/real_time",238882,583.938,580.129,ns,,,"1x128x184",,
"dot/dot_int8_int4_int32_1x32x8_1x4x8_neondot/128/272/real_time",163298,863.086,853.648,ns,,,"1x128x272",,
"dot/dot_int8_int4_int32_1x32x8_1x4x8_neondot/128/368/real_time",121162,1159.31,1151.92,ns,,,"1x128x368",,
"dot/dot_int8_int4_int32_1x32x8_1x4x8_neondot/256/8/real_time",2301861,60.7212,60.3774,ns,,,"1x256x8",,
"dot/dot_int8_int4_int32_1x32x8_1x4x8_neondot/256/40/real_time",527461,261.673,259.276,ns,,,"1x256x40",,
"dot/dot_int8_int4_int32_1x32x8_1x4x8_neondot/256/88/real_time",250430,564.818,557.697,ns,,,"1x256x88",,
"dot/dot_int8_int4_int32_1x32x8_1x4x8_neondot/256/128/real_time",171896,811.73,806.262,ns,,,"1x256x128",,
"dot/dot_int8_int4_int32_1x32x8_1x4x8_neondot/256/176/real_time",126329,1114.33,1104.59,ns,,,"1x256x176",,
"dot/dot_int8_int4_int32_2x32x8_1x4x8_neondot/32/8/real_time",8354650,16.8427,16.7363,ns,,,"2x32x8",,
"dot/dot_int8_int4_int32_2x32x8_1x4x8_neondot/32/336/real_time",364945,384.668,380.537,ns,,,"2x32x336",,
"dot/dot_int8_int4_int32_2x32x8_1x4x8_neondot/32/672/real_time",183540,768.619,753.475,ns,,,"2x32x672",,
"dot/dot_int8_int4_int32_2x32x8_1x4x8_neondot/32/1008/real_time",124118,1135.83,1126.36,ns,,,"2x32x1008",,
"dot/dot_int8_int4_int32_2x32x8_1x4x8_neondot/32/1344/real_time",93321,1510.48,1499.07,ns,,,"2x32x1344",,
"dot/dot_int8_int4_int32_2x32x8_1x4x8_neondot/64/8/real_time",5217604,26.4539,26.2643,ns,,,"2x64x8",,
"dot/dot_int8_int4_int32_2x32x8_1x4x8_neondot/64/176/real_time",349987,405.362,399.155,ns,,,"2x64x176",,
"dot/dot_int8_int4_int32_2x32x8_1x4x8_neondot/64/352/real_time",175658,794.785,789.814,ns,,,"2x64x352",,
"dot/dot_int8_int4_int32_2x32x8_1x4x8_neondot/64/528/real_time",118394,1188.58,1180.51,ns,,,"2x64x528",,
"dot/dot_int8_int4_int32_2x32x8_1x4x8_neondot/64/704/real_time",85412,1582.5,1571.23,ns,,,"2x64x704",,
"dot/dot_int8_int4_int32_2x32x8_1x4x8_neondot/128/8/real_time",3024081,46.7363,46.1786,ns,,,"2x128x8",,
"dot/dot_int8_int4_int32_2x32x8_1x4x8_neondot/128/88/real_time",347933,405.917,401.381,ns,,,"2x128x88",,
"dot/dot_int8_int4_int32_2x32x8_1x4x8_neondot/128/176/real_time",176258,800.914,792.182,ns,,,"2x128x176",,
"dot/dot_int8_int4_int32_2x32x8_1x4x8_neondot/128/264/real_time",118165,1192.78,1182.76,ns,,,"2x128x264",,
"dot/dot_int8_int4_int32_2x32x8_1x4x8_neondot/128/352/real_time",87029,1588.39,1573.5,ns,,,"2x128x352",,
"dot/dot_int8_int4_int32_2x32x8_1x4x8_neondot/256/8/real_time",1599103,87.3266,86.7299,ns,,,"2x256x8",,
"dot/dot_int8_int4_int32_2x32x8_1x4x8_neondot/256/40/real_time",372407,372.857,370.701,ns,,,"2x256x40",,
"dot/dot_int8_int4_int32_2x32x8_1x4x8_neondot/256/80/real_time",190722,731.531,726.616,ns,,,"2x256x80",,
"dot/dot_int8_int4_int32_2x32x8_1x4x8_neondot/256/120/real_time",128912,1093.51,1081.15,ns,,,"2x256x120",,
"dot/dot_int8_int4_int32_2x32x8_1x4x8_neondot/256/168/real_time",92565,1528.02,1507.28,ns,,,"2x256x168",,
"dot/dot_int8_int4_int32_3x32x8_1x4x8_neondot/32/8/real_time",6694460,21.0549,20.8909,ns,,,"3x32x8",,
"dot/dot_int8_int4_int32_3x32x8_1x4x8_neondot/32/312/real_time",293359,479.713,476,ns,,,"3x32x312",,
"dot/dot_int8_int4_int32_3x32x8_1x4x8_neondot/32/632/real_time",145453,964.673,955.666,ns,,,"3x32x632",,
"dot/dot_int8_int4_int32_3x32x8_1x4x8_neondot/32/952/real_time",97303,1449.31,1435.11,ns,,,"3x32x952",,
"dot/dot_int8_int4_int32_3x32x8_1x4x8_neondot/32/1272/real_time",73029,1930.38,1914.77,ns,,,"3x32x1272",,
"dot/dot_int8_int4_int32_3x32x8_1x4x8_neondot/64/8/real_time",3996476,34.8215,34.6259,ns,,,"3x64x8",,
"dot/dot_int8_int4_int32_3x32x8_1x4x8_neondot/64/168/real_time",271355,519.458,514.045,ns,,,"3x64x168",,
"dot/dot_int8_int4_int32_3x32x8_1x4x8_neondot/64/336/real_time",137122,1027.2,1017.28,ns,,,"3x64x336",,
"dot/dot_int8_int4_int32_3x32x8_1x4x8_neondot/64/504/real_time",90473,1533.14,1520.8,ns,,,"3x64x504",,
"dot/dot_int8_int4_int32_3x32x8_1x4x8_neondot/64/680/real_time",68165,2060.61,2048.34,ns,,,"3x64x680",,
"dot/dot_int8_int4_int32_3x32x8_1x4x8_neondot/128/8/real_time",2226582,62.5885,62.1532,ns,,,"3x128x8",,
"dot/dot_int8_int4_int32_3x32x8_1x4x8_neondot/128/80/real_time",282944,497.367,493.497,ns,,,"3x128x80",,
"dot/dot_int8_int4_int32_3x32x8_1x4x8_neondot/128/168/real_time",131256,1028.5,1021.15,ns,,,"3x128x168",,
"dot/dot_int8_int4_int32_3x32x8_1x4x8_neondot/128/248/real_time",93090,1510.09,1500.54,ns,,,"3x128x248",,
"dot/dot_int8_int4_int32_3x32x8_1x4x8_neondot/128/336/real_time",67429,2042.12,2027.92,ns,,,"3x128x336",,
"dot/dot_int8_int4_int32_3x32x8_1x4x8_neondot/256/8/real_time",1191883,117.884,117.213,ns,,,"3x256x8",,
"dot/dot_int8_int4_int32_3x32x8_1x4x8_neondot/256/40/real_time",276584,507.469,500.805,ns,,,"3x256x40",,
"dot/dot_int8_int4_int32_3x32x8_1x4x8_neondot/256/80/real_time",138189,989.111,980.318,ns,,,"3x256x80",,
"dot/dot_int8_int4_int32_3x32x8_1x4x8_neondot/256/120/real_time",95644,1468.31,1459.68,ns,,,"3x256x120",,
"dot/dot_int8_int4_int32_3x32x8_1x4x8_neondot/256/160/real_time",68878,1954.25,1939.22,ns,,,"3x256x160",,
"dot/dot_int8_int4_int32_1x16x8_1x4x8_neondot/16/8/real_time",16748441,8.34169,8.28748,ns,,,"1x16x8",,
"dot/dot_int8_int4_int32_1x16x8_1x4x8_neondot/16/680/real_time",494207,284.365,282.238,ns,,,"1x16x680",,
"dot/dot_int8_int4_int32_1x16x8_1x4x8_neondot/16/1360/real_time",249889,564.97,560.534,ns,,,"1x16x1360",,
"dot/dot_int8_int4_int32_1x16x8_1x4x8_neondot/16/2040/real_time",164693,844.758,840.185,ns,,,"1x16x2040",,
"dot/dot_int8_int4_int32_1x16x8_1x4x8_neondot/16/2720/real_time",125256,1122.95,1115.21,ns,,,"1x16x2720",,
"dot/dot_int8_int4_int32_1x16x8_1x4x8_neondot/32/8/real_time",11790663,11.9165,11.8387,ns,,,"1x32x8",,
"dot/dot_int8_int4_int32_1x16x8_1x4x8_neondot/32/352/real_time",479458,293.555,291.443,ns,,,"1x32x352",,
"dot/dot_int8_int4_int32_1x16x8_1x4x8_neondot/32/712/real_time",238696,591.108,585.416,ns,,,"1x32x712",,
"dot/dot_int8_int4_int32_1x16x8_1x4x8_neondot/32/1072/real_time",158705,884.987,877.522,ns,,,"1x32x1072",,
"dot/dot_int8_int4_int32_1x16x8_1x4x8_neondot/32/1432/real_time",119067,1180.05,1171.73,ns,,,"1x32x1432",,
"dot/dot_int8_int4_int32_1x16x8_1x4x8_neondot/64/8/real_time",7141909,19.6582,19.5342,ns,,,"1x64x8",,
"dot/dot_int8_int4_int32_1x16x8_1x4x8_neondot/64/184/real_time",449681,308.125,305.441,ns,,,"1x64x184",,
"dot/dot_int8_int4_int32_1x16x8_1x4x8_neondot/64/368/real_time",229298,620.092,604.869,ns,,,"1x64x368",,
"dot/dot_int8_int4_int32_1x16x8_1x4x8_neondot/64/552/real_time",146582,940.513,908.813,ns,,,"1x64x552",,
"dot/dot_int8_int4_int32_1x16x8_1x4x8_neondot/64/736/real_time",113839,1230.09,1207.9,ns,,,"1x64x736",,
"dot/dot_int8_int4_int32_1x16x8_1x4x8_neondot/128/8/real_time",4022158,34.7471,34.1935,ns,,,"1x128x8",,
"dot/dot_int8_int4_int32_1x16x8_1x4x8_neondot/128/88/real_time",475394,295.744,293.884,ns,,,"1x128x88",,
"dot/dot_int8_int4_int32_1x16x8_1x4x8_neondot/128/184/real_time",229055,611.731,606.453,ns,,,"1x128x184",,
"dot/dot_int8_int4_int32_1x16x8_1x4x8_neondot/128/272/real_time",150403,929.37,897.339,ns,,,"1x128x272",,
"dot/dot_int8_int4_int32_1x16x8_1x4x8_neondot/128/368/real_time",106604,1227.35,1209.46,ns,,,"1x128x368",,
"dot/dot_int8_int4_int32_2x16x8_1x4x8_neondot/16/8/real_time",13270601,10.6165,10.5074,ns,,,"2x16x8",,
"dot/dot_int8_int4_int32_2x16x8_1x4x8_neondot/16/608/real_time",382352,367.947,365.608,ns,,,"2x16x608",,
"dot/dot_int8_int4_int32_2x16x8_1x4x8_neondot/16/1216/real_time",190644,734.146,725.782,ns,,,"2x16x1216",,
"dot/dot_int8_int4_int32_2x16x8_1x4x8_neondot/16/1824/real_time",121832,1125.29,1089.02,ns,,,"2x16x1824",,
"dot/dot_int8_int4_int32_2x16x8_1x4x8_neondot/16/2440/real_time",96094,1483.22,1454.53,ns,,,"2x16x2440",,
"dot/dot_int8_int4_int32_2x16x8_1x4x8_neondot/32/8/real_time",8386320,16.444,16.3363,ns,,,"2x32x8",,
"dot/dot_int8_int4_int32_2x16x8_1x4x8_neondot/32/336/real_time",341102,407.817,404.445,ns,,,"2x32x336",,
"dot/dot_int8_int4_int32_2x16x8_1x4x8_neondot/32/672/real_time",172916,807.741,802.184,ns,,,"2x32x672",,
"dot/dot_int8_int4_int32_2x16x8_1x4x8_neondot/32/1008/real_time",116367,1210.82,1200.06,ns,,,"2x32x1008",,
"dot/dot_int8_int4_int32_2x16x8_1x4x8_neondot/32/1344/real_time",87298,1607.47,1598.24,ns,,,"2x32x1344",,
"dot/dot_int8_int4_int32_2x16x8_1x4x8_neondot/64/8/real_time",5094334,28.1605,27.2771,ns,,,"2x64x8",,
"dot/dot_int8_int4_int32_2x16x8_1x4x8_neondot/64/176/real_time",328285,428.799,425.23,ns,,,"2x64x176",,
"dot/dot_int8_int4_int32_2x16x8_1x4x8_neondot/64/352/real_time",163933,847.012,841.753,ns,,,"2x64x352",,
"dot/dot_int8_int4_int32_2x16x8_1x4x8_neondot/64/528/real_time",110896,1267.53,1258.84,ns,,,"2x64x528",,
"dot/dot_int8_int4_int32_2x16x8_1x4x8_neondot/64/704/real_time",82860,1694.74,1684.7,ns,,,"2x64x704",,
"dot/dot_int8_int4_int32_2x16x8_1x4x8_neondot/128/8/real_time",2795233,49.7258,49.4397,ns,,,"2x128x8",,
"dot/dot_int8_int4_int32_2x16x8_1x4x8_neondot/128/88/real_time",325432,432.868,428.794,ns,,,"2x128x88",,
"dot/dot_int8_int4_int32_2x16x8_1x4x8_neondot/128/176/real_time",164388,850.318,845.28,ns,,,"2x128x176",,
"dot/dot_int8_int4_int32_2x16x8_1x4x8_neondot/128/264/real_time",110325,1275.23,1266.26,ns,,,"2x128x264",,
"dot/dot_int8_int4_int32_2x16x8_1x4x8_neondot/128/352/real_time",82779,1697.16,1683.43,ns,,,"2x128x352",,
"dot/dot_int8_int4_int32_3x16x8_1x4x8_neondot/16/8/real_time",10945362,12.9008,12.729,ns,,,"3x16x8",,
"dot/dot_int8_int4_int32_3x16x8_1x4x8_neondot/16/552/real_time",319963,439.907,435.891,ns,,,"3x16x552",,
"dot/dot_int8_int4_int32_3x16x8_1x4x8_neondot/16/1104/real_time",161165,872.198,864.846,ns,,,"3x16x1104",,
"dot/dot_int8_int4_int32_3x16x8_1x4x8_neondot/16/1656/real_time",107502,1306.86,1298.76,ns,,,"3x16x1656",,
"dot/dot_int8_int4_int32_3x16x8_1x4x8_neondot/16/2216/real_time",77350,1745.07,1733.32,ns,,,"3x16x2216",,
"dot/dot_int8_int4_int32_3x16x8_1x4x8_neondot/32/8/real_time",6943315,20.269,20.1304,ns,,,"3x32x8",,
"dot/dot_int8_int4_int32_3x16x8_1x4x8_neondot/32/312/real_time",282973,496.456,493.012,ns,,,"3x32x312",,
"dot/dot_int8_int4_int32_3x16x8_1x4x8_neondot/32/632/real_time",135820,1022.18,992.76,ns,,,"3x32x632",,
"dot/dot_int8_int4_int32_3x16x8_1x4x8_neondot/32/952/real_time",93599,1499.35,1491.69,ns,,,"3x32x952",,
"dot/dot_int8_int4_int32_3x16x8_1x4x8_neondot/32/1272/real_time",68721,2002.85,1987.83,ns,,,"3x32x1272",,
"dot/dot_int8_int4_int32_3x16x8_1x4x8_neondot/64/8/real_time",4143187,34.0692,33.7446,ns,,,"3x64x8",,
"dot/dot_int8_int4_int32_3x16x8_1x4x8_neondot/64/168/real_time",262325,539.138,532.804,ns,,,"3x64x168",,
"dot/dot_int8_int4_int32_3x16x8_1x4x8_neondot/64/336/real_time",131995,1066.91,1060.19,ns,,,"3x64x336",,
"dot/dot_int8_int4_int32_3x16x8_1x4x8_neondot/64/504/real_time",88246,1593.91,1580.55,ns,,,"3x64x504",,
"dot/dot_int8_int4_int32_3x16x8_1x4x8_neondot/64/680/real_time",65565,2142.73,2131.07,ns,,,"3x64x680",,
"dot/dot_int8_int4_int32_3x16x8_1x4x8_neondot/128/8/real_time",2234247,62.5388,62.1538,ns,,,"3x128x8",,
"dot/dot_int8_int4_int32_3x16x8_1x4x8_neondot/128/80/real_time",269276,518.165,514.23,ns,,,"3x128x80",,
"dot/dot_int8_int4_int32_3x16x8_1x4x8_neondot/128/168/real_time",131922,1069.37,1058.45,ns,,,"3x128x168",,
"dot/dot_int8_int4_int32_3x16x8_1x4x8_neondot/128/248/real_time",89318,1574.5,1561.6,ns,,,"3x128x248",,
"dot/dot_int8_int4_int32_3x16x8_1x4x8_neondot/128/336/real_time",63816,2133.81,2120.52,ns,,,"3x128x336",,
"dot/dot_int8_int4_int32_4x16x8_1x4x8_neondot/16/8/real_time",8723563,16.0801,15.9847,ns,,,"4x16x8",,
"dot/dot_int8_int4_int32_4x16x8_1x4x8_neondot/16/504/real_time",280753,496.33,493.618,ns,,,"4x16x504",,
"dot/dot_int8_int4_int32_4x16x8_1x4x8_neondot/16/1008/real_time",142239,986.595,978.145,ns,,,"4x16x1008",,
"dot/dot_int8_int4_int32_4x16x8_1x4x8_neondot/16/1512/real_time",95430,1476.64,1463.34,ns,,,"4x16x1512",,
"dot/dot_int8_int4_int32_4x16x8_1x4x8_neondot/16/2024/real_time",68027,1995.74,1959.18,ns,,,"4x16x2024",,
"dot/dot_int8_int4_int32_4x16x8_1x4x8_neondot/32/8/real_time",5553341,25.3694,25.1385,ns,,,"4x32x8",,
"dot/dot_int8_int4_int32_4x16x8_1x4x8_neondot/32/296/real_time",241284,585.28,579.5,ns,,,"4x32x296",,
"dot/dot_int8_int4_int32_4x16x8_1x4x8_neondot/32/600/real_time",119451,1174.3,1164.56,ns,,,"4x32x600",,
"dot/dot_int8_int4_int32_4x16x8_1x4x8_neondot/32/896/real_time",80599,1750.85,1733.81,ns,,,"4x32x896",,
"dot/dot_int8_int4_int32_4x16x8_1x4x8_neondot/32/1200/real_time",60226,2331.24,2319.19,ns,,,"4x32x1200",,
"dot/dot_int8_int4_int32_4x16x8_1x4x8_neondot/64/8/real_time",3195745,43.8172,43.39,ns,,,"4x64x8",,
"dot/dot_int8_int4_int32_4x16x8_1x4x8_neondot/64/160/real_time",220354,632.019,628.624,ns,,,"4x64x160",,
"dot/dot_int8_int4_int32_4x16x8_1x4x8_neondot/64/320/real_time",112356,1257.52,1244.03,ns,,,"4x64x320",,
"dot/dot_int8_int4_int32_4x16x8_1x4x8_neondot/64/480/real_time",74982,1876.37,1862.94,ns,,,"4x64x480",,
"dot/dot_int8_int4_int32_4x16x8_1x4x8_neondot/64/648/real_time",54891,2529.78,2508.54,ns,,,"4x64x648",,
"dot/dot_int8_int4_int32_4x16x8_1x4x8_neondot/128/8/real_time",1731673,80.5324,79.8561,ns,,,"4x128x8",,
"dot/dot_int8_int4_int32_4x16x8_1x4x8_neondot/128/80/real_time",219156,638.341,633.069,ns,,,"4x128x80",,
"dot/dot_int8_int4_int32_4x16x8_1x4x8_neondot/128/160/real_time",111818,1268.33,1250.27,ns,,,"4x128x160",,
"dot/dot_int8_int4_int32_4x16x8_1x4x8_neondot/128/240/real_time",74847,1881.35,1868.12,ns,,,"4x128x240",,
"dot/dot_int8_int4_int32_4x16x8_1x4x8_neondot/128/328/real_time",53980,2564.58,2546.45,ns,,,"4x128x328",,
"dot/dot_int8_int4_int32_5x16x8_1x4x8_neondot/16/8/real_time",6275045,20.9786,20.8335,ns,,,"5x16x8",,
"dot/dot_int8_int4_int32_5x16x8_1x4x8_neondot/16/464/real_time",248206,578.109,558.836,ns,,,"5x16x464",,
"dot/dot_int8_int4_int32_5x16x8_1x4x8_neondot/16/928/real_time",117026,1130.22,1116.88,ns,,,"5x16x928",,
"dot/dot_int8_int4_int32_5x16x8_1x4x8_neondot/16/1392/real_time",83869,1678.26,1662.88,ns,,,"5x16x1392",,
"dot/dot_int8_int4_int32_5x16x8_1x4x8_neondot/16/1864/real_time",61321,2233.64,2219.25,ns,,,"5x16x1864",,
"dot/dot_int8_int4_int32_5x16x8_1x4x8_neondot/32/8/real_time",4628275,30.5514,30.2135,ns,,,"5x32x8",,
"dot/dot_int8_int4_int32_5x16x8_1x4x8_neondot/32/280/real_time",206285,682.235,677.223,ns,,,"5x32x280",,
"dot/dot_int8_int4_int32_5x16x8_1x4x8_neondot/32/568/real_time",102762,1365.7,1357.17,ns,,,"5x32x568",,
"dot/dot_int8_int4_int32_5x16x8_1x4x8_neondot/32/848/real_time",66981,2040.78,2028.14,ns,,,"5x32x848",,
"dot/dot_int8_int4_int32_5x16x8_1x4x8_neondot/32/1136/real_time",51550,2748.47,2711.07,ns,,,"5x32x1136",,
"dot/dot_int8_int4_int32_5x16x8_1x4x8_neondot/64/8/real_time",2405003,58.6295,58.0837,ns,,,"5x64x8",,
"dot/dot_int8_int4_int32_5x16x8_1x4x8_neondot/64/152/real_time",190388,741.88,733.686,ns,,,"5x64x152",,
"dot/dot_int8_int4_int32_5x16x8_1x4x8_neondot/64/312/real_time",93576,1504.34,1491.86,ns,,,"5x64x312",,
"dot/dot_int8_int4_int32_5x16x8_1x4x8_neondot/64/464/real_time",62118,2238.62,2221.99,ns,,,"5x64x464",,
"dot/dot_int8_int4_int32_5x16x8_1x4x8_neondot/64/624/real_time",47013,3007.8,2980.36,ns,,,"5x64x624",,
"dot/dot_int8_int4_int32_5x16x8_1x4x8_neondot/128/8/real_time",1391031,100.836,100.02,ns,,,"5x128x8",,
"dot/dot_int8_int4_int32_5x16x8_1x4x8_neondot/128/72/real_time",196656,712.095,705.125,ns,,,"5x128x72",,
"dot/dot_int8_int4_int32_5x16x8_1x4x8_neondot/128/152/real_time",95750,1477.27,1459.92,ns,,,"5x128x152",,
"dot/dot_int8_int4_int32_5x16x8_1x4x8_neondot/128/232/real_time",62955,2234.57,2219.89,ns,,,"5x128x232",,
"dot/dot_int8_int4_int32_5x16x8_1x4x8_neondot/128/312/real_time",45944,3060.07,2978.68,ns,,,"5x128x312",,
"dot/dot_int8_int4_int32_1x8x8_1x4x8_neondot/8/8/real_time",18972125,7.29787,7.2514,ns,,,"1x8x8",,
"dot/dot_int8_int4_int32_1x8x8_1x4x8_neondot/8/1224/real_time",496365,277.933,276.679,ns,,,"1x8x1224",,
"dot/dot_int8_int4_int32_1x8x8_1x4x8_neondot/8/2448/real_time",251004,557.262,552.637,ns,,,"1x8x2448",,
"dot/dot_int8_int4_int32_1x8x8_1x4x8_neondot/8/3672/real_time",168808,830.353,823.223,ns,,,"1x8x3672",,
"dot/dot_int8_int4_int32_1x8x8_1x4x8_neondot/8/4904/real_time",127149,1111.09,1096.45,ns,,,"1x8x4904",,
"dot/dot_int8_int4_int32_1x8x8_1x4x8_neondot/16/8/real_time",13897075,10.1302,10.0631,ns,,,"1x16x8",,
"dot/dot_int8_int4_int32_1x8x8_1x4x8_neondot/16/680/real_time",447660,315.738,311.373,ns,,,"1x16x680",,
"dot/dot_int8_int4_int32_1x8x8_1x4x8_neondot/16/1360/real_time",225697,619.372,614.074,ns,,,"1x16x1360",,
"dot/dot_int8_int4_int32_1x8x8_1x4x8_neondot/16/2040/real_time",150895,924.273,920.065,ns,,,"1x16x2040",,
"dot/dot_int8_int4_int32_1x8x8_1x4x8_neondot/16/2720/real_time",114402,1238.14,1222.41,ns,,,"1x16x2720",,
"dot/dot_int8_int4_int32_1x8x8_1x4x8_neondot/32/8/real_time",8902107,15.7967,15.6866,ns,,,"1x32x8",,
"dot/dot_int8_int4_int32_1x8x8_1x4x8_neondot/32/352/real_time",422925,321.187,317.292,ns,,,"1x32x352",,
"dot/dot_int8_int4_int32_1x8x8_1x4x8_neondot/32/712/real_time",216020,644.038,639.686,ns,,,"1x32x712",,
"dot/dot_int8_int4_int32_1x8x8_1x4x8_neondot/32/1072/real_time",144434,969.053,961.841,ns,,,"1x32x1072",,
"dot/dot_int8_int4_int32_1x8x8_1x4x8_neondot/32/1432/real_time",108639,1291.4,1281.98,ns,,,"1x32x1432",,
"dot/dot_int8_int4_int32_1x8x8_1x4x8_neondot/64/8/real_time",5183477,27.8084,26.9572,ns,,,"1x64x8",,
"dot/dot_int8_int4_int32_1x8x8_1x4x8_neondot/64/184/real_time",420326,336.833,332.115,ns,,,"1x64x184",,
"dot/dot_int8_int4_int32_1x8x8_1x4x8_neondot/64/368/real_time",209355,671.189,664.188,ns,,,"1x64x368",,
"dot/dot_int8_int4_int32_1x8x8_1x4x8_neondot/64/552/real_time",140136,999.375,991.123,ns,,,"1x64x552",,
"dot/dot_int8_int4_int32_1x8x8_1x4x8_neondot/64/736/real_time",106096,1329.91,1317.71,ns,,,"1x64x736",,
"dot/dot_int8_int4_int32_8x8x8_1x4x8_neondot/8/8/real_time",8268734,17.0461,16.8724,ns,,,"8x8x8",,
"dot/dot_int8_int4_int32_8x8x8_1x4x8_neondot/8/504/real_time",290753,486.376,476.028,ns,,,"8x8x504",,
"dot/dot_int8_int4_int32_8x8x8_1x4x8_neondot/8/1008/real_time",147579,949.607,941.663,ns,,,"8x8x1008",,
"dot/dot_int8_int4_int32_8x8x8_1x4x8_neondot/8/1512/real_time",92297,1426.08,1408.52,ns,,,"8x8x1512",,
"dot/dot_int8_int4_int32_8x8x8_1x4x8_neondot/8/2024/real_time",74149,1933.58,1885.9,ns,,,"8x8x2024",,
"dot/dot_int8_int4_int32_8x8x8_1x4x8_neondot/16/8/real_time",5165560,25.1482,24.8659,ns,,,"8x16x8",,
"dot/dot_int8_int4_int32_8x8x8_1x4x8_neondot/16/376/real_time",196095,712.488,706.782,ns,,,"8x16x376",,
"dot/dot_int8_int4_int32_8x8x8_1x4x8_neondot/16/752/real_time",99490,1419.21,1401.8,ns,,,"8x16x752",,
"dot/dot_int8_int4_int32_8x8x8_1x4x8_neondot/16/1128/real_time",66425,2113.75,2099.02,ns,,,"8x16x1128",,
"dot/dot_int8_int4_int32_8x8x8_1x4x8_neondot/16/1504/real_time",49219,2812.68,2795.96,ns,,,"8x16x1504",,
"dot/dot_int8_int4_int32_8x8x8_1x4x8_neondot/32/8/real_time",3257753,43.3363,42.8182,ns,,,"8x32x8",,
"dot/dot_int8_int4_int32_8x8x8_1x4x8_neondot/32/240/real_time",153234,940.105,899.958,ns,,,"8x32x240",,
"dot/dot_int8_int4_int32_8x8x8_1x4x8_neondot/32/488/real_time",76511,1841.62,1818.55,ns,,,"8x32x488",,
"dot/dot_int8_int4_int32_8x8x8_1x4x8_neondot/32/728/real_time",51532,2734.64,2709.48,ns,,,"8x32x728",,
"dot/dot_int8_int4_int32_8x8x8_1x4x8_neondot/32/976/real_time",38177,3650.16,3627.94,ns,,,"8x32x976",,
"dot/dot_int8_int4_int32_8x8x8_1x4x8_neondot/64/8/real_time",1770264,78.6346,78.1356,ns,,,"8x64x8",,
"dot/dot_int8_int4_int32_8x8x8_1x4x8_neondot/64/136/real_time",129306,1034.18,1024.66,ns,,,"8x64x136",,
"dot/dot_int8_int4_int32_8x8x8_1x4x8_neondot/64/280/real_time",66741,2107.27,2093.66,ns,,,"8x64x280",,
"dot/dot_int8_int4_int32_8x8x8_1x4x8_neondot/64/416/real_time",44830,3128.41,3102.44,ns,,,"8x64x416",,
"dot/dot_int8_int4_int32_8x8x8_1x4x8_neondot/64/560/real_time",33007,4200.36,4168.04,ns,,,"8x64x560",,
"dot/dot_int8_int4_int32_8x4x8_1x4x8_neondot/4/8/real_time",10256496,13.7557,13.6166,ns,,,"8x4x8",,
"dot/dot_int8_int4_int32_8x4x8_1x4x8_neondot/4/608/real_time",478818,293.551,291.229,ns,,,"8x4x608",,
"dot/dot_int8_int4_int32_8x4x8_1x4x8_neondot/4/1216/real_time",241472,576.978,573.434,ns,,,"8x4x1216",,
"dot/dot_int8_int4_int32_8x4x8_1x4x8_neondot/4/1824/real_time",161255,866.354,857.155,ns,,,"8x4x1824",,
"dot/dot_int8_int4_int32_8x4x8_1x4x8_neondot/4/2440/real_time",119493,1147.87,1140.15,ns,,,"8x4x2440",,
"dot/dot_int8_int4_int32_8x4x8_1x4x8_neondot/8/8/real_time",7151847,20.0263,19.5372,ns,,,"8x8x8",,
"dot/dot_int8_int4_int32_8x4x8_1x4x8_neondot/8/504/real_time",289655,486.718,481.929,ns,,,"8x8x504",,
"dot/dot_int8_int4_int32_8x4x8_1x4x8_neondot/8/1008/real_time",147689,949.565,943.067,ns,,,"8x8x1008",,
"dot/dot_int8_int4_int32_8x4x8_1x4x8_neondot/8/1512/real_time",98393,1459.58,1415.82,ns,,,"8x8x1512",,
"dot/dot_int8_int4_int32_8x4x8_1x4x8_neondot/8/2024/real_time",71827,1902.25,1892.3,ns,,,"8x8x2024",,
"dot/dot_int8_int4_int32_8x4x8_1x4x8_neondot/16/8/real_time",4649807,30.6312,30.1929,ns,,,"8x16x8",,
"dot/dot_int8_int4_int32_8x4x8_1x4x8_neondot/16/376/real_time",194080,721.784,717.136,ns,,,"8x16x376",,
"dot/dot_int8_int4_int32_8x4x8_1x4x8_neondot/16/752/real_time",98410,1427.42,1416.9,ns,,,"8x16x752",,
"dot/dot_int8_int4_int32_8x4x8_1x4x8_neondot/16/1128/real_time",63923,2144.51,2126.88,ns,,,"8x16x1128",,
"dot/dot_int8_int4_int32_8x4x8_1x4x8_neondot/16/1504/real_time",49567,2839.66,2816.08,ns,,,"8x16x1504",,
"dot/dot_int8_int4_int32_8x4x8_1x4x8_neondot/32/8/real_time",2706098,52.053,51.6435,ns,,,"8x32x8",,
"dot/dot_int8_int4_int32_8x4x8_1x4x8_neondot/32/240/real_time",152823,937.89,909.479,ns,,,"8x32x240",,
"dot/dot_int8_int4_int32_8x4x8_1x4x8_neondot/32/488/real_time",74948,1881.33,1859.7,ns,,,"8x32x488",,
"dot/dot_int8_int4_int32_8x4x8_1x4x8_neondot/32/728/real_time",50773,2762.81,2749.04,ns,,,"8x32x728",,
"dot/dot_int8_int4_int32_8x4x8_1x4x8_neondot/32/976/real_time",37912,3676.02,3658.5,ns,,,"8x32x976",,
"dot/dot_int8_int8_int32_1x64x8_1x4x4_neondot/64/8/real_time",10612027,13.3277,13.2047,ns,,,"1x64x8",,
"dot/dot_int8_int8_int32_1x64x8_1x4x4_neondot/64/88/real_time",2235321,63.6535,62.9572,ns,,,"1x64x88",,
"dot/dot_int8_int8_int32_1x64x8_1x4x4_neondot/64/184/real_time",1049893,134.046,132.987,ns,,,"1x64x184",,
"dot/dot_int8_int8_int32_1x64x8_1x4x4_neondot/64/272/real_time",747507,188.631,186.899,ns,,,"1x64x272",,
"dot/dot_int8_int8_int32_1x64x8_1x4x4_neondot/64/368/real_time",568717,247.027,245.466,ns,,,"1x64x368",,
"dot/dot_int8_int8_int32_1x64x8_1x4x4_neondot/128/8/real_time",6377890,21.1759,20.2258,ns,,,"1x128x8",,
"dot/dot_int8_int8_int32_1x64x8_1x4x4_neondot/128/40/real_time",2282684,61.3494,60.8813,ns,,,"1x128x40",,
"dot/dot_int8_int8_int32_1x64x8_1x4x4_neondot/128/88/real_time",1168608,120.299,119.415,ns,,,"1x128x88",,
"dot/dot_int8_int8_int32_1x64x8_1x4x4_neondot/128/136/real_time",728332,187.11,185.464,ns,,,"1x128x136",,
"dot/dot_int8_int8_int32_1x64x8_1x4x4_neondot/128/184/real_time",567783,249.061,246.106,ns,,,"1x128x184",,
"dot/dot_int8_int8_int32_1x64x8_1x4x4_neondot/256/8/real_time",3987509,35.2284,35.002,ns,,,"1x256x8",,
"dot/dot_int8_int8_int32_1x64x8_1x4x4_neondot/256/16/real_time",2544198,54.6901,54.1938,ns,,,"1x256x16",,
"dot/dot_int8_int8_int32_1x64x8_1x4x4_neondot/256/40/real_time",1221432,115.959,114.424,ns,,,"1x256x40",,
"dot/dot_int8_int8_int32_1x64x8_1x4x4_neondot/256/64/real_time",803155,174.494,173.451,ns,,,"1x256x64",,
"dot/dot_int8_int8_int32_1x64x8_1x4x4_neondot/256/88/real_time",582305,237.825,235.691,ns,,,"1x256x88",,
"dot/dot_int8_int8_int32_1x64x8_1x4x4_neondot/512/8/real_time",2126026,65.2913,64.5846,ns,,,"1x512x8",,
"dot/dot_int8_int8_int32_1x64x8_1x4x4_neondot/512/16/real_time",1347210,105.417,103.832,ns,,,"1x512x16",,
"dot/dot_int8_int8_int32_1x64x8_1x4x4_neondot/512/24/real_time",969674,145.205,144.188,ns,,,"1x512x24",,
"dot/dot_int8_int8_int32_1x64x8_1x4x4_neondot/512/40/real_time",619156,227.994,225.723,ns,,,"1x512x40",,
"dot/dot_int8_int8_int32_1x32x8_1x4x4_neondot/32/8/real_time",14203346,9.85248,9.76878,ns,,,"1x32x8",,
"dot/dot_int8_int8_int32_1x32x8_1x4x4_neondot/32/184/real_time",2078516,67.1165,66.5374,ns,,,"1x32x184",,
"dot/dot_int8_int8_int32_1x32x8_1x4x4_neondot/32/368/real_time",1022710,138.66,136.457,ns,,,"1x32x368",,
"dot/dot_int8_int8_int32_1x32x8_1x4x4_neondot/32/552/real_time",719324,195.905,194.262,ns,,,"1x32x552",,
"dot/dot_int8_int8_int32_1x32x8_1x4x4_neondot/32/736/real_time",531188,253.278,251.381,ns,,,"1x32x736",,
"dot/dot_int8_int8_int32_1x32x8_1x4x4_neondot/64/8/real_time",9430735,14.9518,14.799,ns,,,"1x64x8",,
"dot/dot_int8_int8_int32_1x32x8_1x4x4_neondot/64/88/real_time",2129138,66.5029,65.5925,ns,,,"1x64x88",,
"dot/dot_int8_int8_int32_1x32x8_1x4x4_neondot/64/184/real_time",1033008,136.034,135.195,ns,,,"1x64x184",,
"dot/dot_int8_int8_int32_1x32x8_1x4x4_neondot/64/272/real_time",731259,193.03,191.323,ns,,,"1x64x272",,
"dot/dot_int8_int8_int32_1x32x8_1x4x4_neondot/64/368/real_time",555161,253.917,251.523,ns,,,"1x64x368",,
"dot/dot_int8_int8_int32_1x32x8_1x4x4_neondot/128/8/real_time",5442072,25.0532,24.8621,ns,,,"1x128x8",,
"dot/dot_int8_int8_int32_1x32x8_1x4x4_neondot/128/40/real_time",2177058,64.0424,63.7762,ns,,,"1x128x40",,
"dot/dot_int8_int8_int32_1x32x8_1x4x4_neondot/128/88/real_time",1128546,124.883,123.656,ns,,,"1x128x88",,
"dot/dot_int8_int8_int32_1x32x8_1x4x4_neondot/128/136/real_time",760390,184.755,183.693,ns,,,"1x128x136",,
"dot/dot_int8_int8_int32_1x32x8_1x4x4_neondot/128/184/real_time",563175,251.45,248.087,ns,,,"1x128x184",,
"dot/dot_int8_int8_int32_1x32x8_1x4x4_neondot/256/8/real_time",3105185,45.5,44.991,ns,,,"1x256x8",,
"dot/dot_int8_int8_int32_1x32x8_1x4x4_neondot/256/16/real_time",2259787,62.4937,61.9162,ns,,,"1x256x16",,
"dot/dot_int8_int8_int32_1x32x8_1x4x4_neondot/256/40/real_time",1161241,121.406,120.379,ns,,,"1x256x40",,
"dot/dot_int8_int8_int32_1x32x8_1x4x4_neondot/256/64/real_time",770585,183.29,181.321,ns,,,"1x256x64",,
"dot/dot_int8_int8_int32_1x32x8_1x4x4_neondot/256/88/real_time",563037,249.159,248.21,ns,,,"1x256x88",,
"dot/dot_int8_int8_int32_2x32x8_1x4x4_neondot/32/8/real_time",10435796,12.968,12.9023,ns,,,"2x32x8",,
"dot/dot_int8_int8_int32_2x32x8_1x4x4_neondot/32/176/real_time",1217094,118.886,114.713,ns,,,"2x32x176",,
"dot/dot_int8_int8_int32_2x32x8_1x4x4_neondot/32/352/real_time",630484,219.664,218.404,ns,,,"2x32x352",,
"dot/dot_int8_int8_int32_2x32x8_1x4x4_neondot/32/528/real_time",427868,330.206,326.519,ns,,,"2x32x528",,
"dot/dot_int8_int8_int32_2x32x8_1x4x4_neondot/32/712/real_time",318618,442.111,438.461,ns,,,"2x32x712",,
"dot/dot_int8_int8_int32_2x32x8_1x4x4_neondot/64/8/real_time",6622044,20.7717,20.6687,ns,,,"2x64x8",,
"dot/dot_int8_int8_int32_2x32x8_1x4x4_neondot/64/88/real_time",1197601,117.835,116.4,ns,,,"2x64x88",,
"dot/dot_int8_int8_int32_2x32x8_1x4x4_neondot/64/176/real_time",630085,218.992,217.214,ns,,,"2x64x176",,
"dot/dot_int8_int8_int32_2x32x8_1x4x4_neondot/64/264/real_time",427464,325.431,323.345,ns,,,"2x64x264",,
"dot/dot_int8_int8_int32_2x32x8_1x4x4_neondot/64/360/real_time",314399,448.533,442.854,ns,,,"2x64x360",,
"dot/dot_int8_int8_int32_2x32x8_1x4x4_neondot/128/8/real_time",3920565,35.9204,35.5905,ns,,,"2x128x8",,
"dot/dot_int8_int8_int32_2x32x8_1x4x4_neondot/128/40/real_time",1273195,110.004,109.186,ns,,,"2x128x40",,
"dot/dot_int8_int8_int32_2x32x8_1x4x4_neondot/128/88/real_time",625746,225.528,223.228,ns,,,"2x128x88",,
"dot/dot_int8_int8_int32_2x32x8_1x4x4_neondot/128/128/real_time",441865,318.59,316.817,ns,,,"2x128x128",,
"dot/dot_int8_int8_int32_2x32x8_1x4x4_neondot/128/176/real_time",322408,431.294,428.947,ns,,,"2x128x176",,
"dot/dot_int8_int8_int32_2x32x8_1x4x4_neondot/256/8/real_time",2109549,66.3569,65.726,ns,,,"2x256x8",,
"dot/dot_int8_int8_int32_2x32x8_1x4x4_neondot/256/16/real_time",1477260,95.0171,94.2568,ns,,,"2x256x16",,
"dot/dot_int8_int8_int32_2x32x8_1x4x4_neondot/256/40/real_time",667552,209.597,208.534,ns,,,"2x256x40",,
"dot/dot_int8_int8_int32_2x32x8_1x4x4_neondot/256/56/real_time",485358,296.77,284.823,ns,,,"2x256x56",,
"dot/dot_int8_int8_int32_2x32x8_1x4x4_neondot/256/80/real_time",303923,401.184,397.598,ns,,,"2x256x80",,
"dot/dot_int8_int8_int32_3x32x8_1x4x4_neondot/32/8/real_time",6937678,20.2131,20.1258,ns,,,"3x32x8",,
"dot/dot_int8_int8_int32_3x32x8_1x4x4_neondot/32/168/real_time",840550,164.624,163.747,ns,,,"3x32x168",,
"dot/dot_int8_int8_int32_3x32x8_1x4x4_neondot/32/344/real_time",440359,320.491,317.788,ns,,,"3x32x344",,
"dot/dot_int8_int8_int32_3x32x8_1x4x4_neondot/32/512/real_time",296550,475.134,471.011,ns,,,"3x32x512",,
"dot/dot_int8_int8_int32_3x32x8_1x4x4_neondot/32/688/real_time",222756,632.682,626.507,ns,,,"3x32x688",,
"dot/dot_int8_int8_int32_3x32x8_1x4x4_neondot/64/8/real_time",5321213,26.4184,26.2227,ns,,,"3x64x8",,
"dot/dot_int8_int8_int32_3x32x8_1x4x4_neondot/64/88/real_time",787236,173.585,172.084,ns,,,"3x64x88",,
"dot/dot_int8_int8_int32_3x32x8_1x4x4_neondot/64/176/real_time",420472,336.254,333.005,ns,,,"3x64x176",,
"dot/dot_int8_int8_int32_3x32x8_1x4x4_neondot/64/264/real_time",287326,489.628,485.959,ns,,,"3x64x264",,
"dot/dot_int8_int8_int32_3x32x8_1x4x4_neondot/64/352/real_time",216286,646.94,641.976,ns,,,"3x64x352",,
"dot/dot_int8_int8_int32_3x32x8_1x4x4_neondot/128/8/real_time",3000244,46.7543,46.3933,ns,,,"3x128x8",,
"dot/dot_int8_int8_int32_3x32x8_1x4x4_neondot/128/40/real_time",805445,163.03,161.912,ns,,,"3x128x40",,
"dot/dot_int8_int8_int32_3x32x8_1x4x4_neondot/128/80/real_time",457332,309.547,306.412,ns,,,"3x128x80",,
"dot/dot_int8_int8_int32_3x32x8_1x4x4_neondot/128/120/real_time",309875,453.418,450.837,ns,,,"3x128x120",,
"dot/dot_int8_int8_int32_3x32x8_1x4x4_neondot/128/168/real_time",224422,619.725,616.231,ns,,,"3x128x168",,
"dot/dot_int8_int8_int32_3x32x8_1x4x4_neondot/256/8/real_time",1611758,89.4374,86.6759,ns,,,"3x256x8",,
"dot/dot_int8_int8_int32_3x32x8_1x4x4_neondot/256/16/real_time",996144,145.43,144.715,ns,,,"3x256x16",,
"dot/dot_int8_int8_int32_3x32x8_1x4x4_neondot/256/40/real_time",416734,322.928,313.069,ns,,,"3x256x40",,
"dot/dot_int8_int8_int32_3x32x8_1x4x4_neondot/256/56/real_time",327022,425.231,420.713,ns,,,"3x256x56",,
"dot/dot_int8_int8_int32_3x32x8_1x4x4_neondot/256/80/real_time",234612,598.591,593.884,ns,,,"3x256x80",,
"dot/dot_int8_int8_int32_1x16x8_1x4x4_neondot/16/8/real_time",16722937,8.36407,8.28761,ns,,,"1x16x8",,
"dot/dot_int8_int8_int32_1x16x8_1x4x4_neondot/16/360/real_time",2018791,69.163,68.7151,ns,,,"1x16x360",,
"dot/dot_int8_int8_int32_1x16x8_1x4x4_neondot/16/720/real_time",1042446,135.282,133.852,ns,,,"1x16x720",,
"dot/dot_int8_int8_int32_1x16x8_1x4x4_neondot/16/1080/real_time",717738,195.911,194.462,ns,,,"1x16x1080",,
"dot/dot_int8_int8_int32_1x16x8_1x4x4_neondot/16/1440/real_time",525662,261.351,259.954,ns,,,"1x16x1440",,
"dot/dot_int8_int8_int32_1x16x8_1x4x4_neondot/32/8/real_time",11515231,12.2268,12.1348,ns,,,"1x32x8",,
"dot/dot_int8_int8_int32_1x16x8_1x4x4_neondot/32/184/real_time",1957180,72.1368,71.3617,ns,,,"1x32x184",,
"dot/dot_int8_int8_int32_1x16x8_1x4x4_neondot/32/368/real_time",972673,144.486,143.414,ns,,,"1x32x368",,
"dot/dot_int8_int8_int32_1x16x8_1x4x4_neondot/32/552/real_time",684804,206.065,203.558,ns,,,"1x32x552",,
"dot/dot_int8_int8_int32_1x16x8_1x4x4_neondot/32/736/real_time",524934,268.101,266.286,ns,,,"1x32x736",,
"dot/dot_int8_int8_int32_1x16x8_1x4x4_neondot/64/8/real_time",6797328,19.8946,19.8295,ns,,,"1x64x8",,
"dot/dot_int8_int8_int32_1x16x8_1x4x4_neondot/64/88/real_time",1906055,73.2357,72.8082,ns,,,"1x64x88",,
"dot/dot_int8_int8_int32_1x16x8_1x4x4_neondot/64/184/real_time",991247,144.654,140.894,ns,,,"1x64x184",,
"dot/dot_int8_int8_int32_1x16x8_1x4x4_neondot/64/272/real_time",711470,197.272,196.275,ns,,,"1x64x272",,
"dot/dot_int8_int8_int32_1x16x8_1x4x4_neondot/64/368/real_time",512812,266.175,264.269,ns,,,"1x64x368",,
"dot/dot_int8_int8_int32_1x16x8_1x4x4_neondot/128/8/real_time",3965178,35.6446,35.2243,ns,,,"1x128x8",,
"dot/dot_int8_int8_int32_1x16x8_1x4x4_neondot/128/40/real_time",1887039,74.0508,73.6007,ns,,,"1x128x40",,
"dot/dot_int8_int8_int32_1x16x8_1x4x4_neondot/128/88/real_time",1005775,139.927,139.214,ns,,,"1x128x88",,
"dot/dot_int8_int8_int32_1x16x8_1x4x4_neondot/128/136/real_time",669335,205.44,204.272,ns,,,"1x128x136",,
"dot/dot_int8_int8_int32_1x16x8_1x4x4_neondot/128/184/real_time",512893,275.869,272.678,ns,,,"1x128x184",,
"dot/dot_int8_int8_int32_2x16x8_1x4x4_neondot/16/8/real_time",13304514,10.5647,10.5067,ns,,,"2x16x8",,
"dot/dot_int8_int8_int32_2x16x8_1x4x4_neondot/16/336/real_time",1299279,108.958,107.435,ns,,,"2x16x336",,
"dot/dot_int8_int8_int32_2x16x8_1x4x4_neondot/16/672/real_time",673493,209.033,207.414,ns,,,"2x16x672",,
"dot/dot_int8_int8_int32_2x16x8_1x4x4_neondot/16/1008/real_time",447216,308.794,306.429,ns,,,"2x16x1008",,
"dot/dot_int8_int8_int32_2x16x8_1x4x4_neondot/16/1352/real_time",341008,414.001,409.494,ns,,,"2x16x1352",,
"dot/dot_int8_int8_int32_2x16x8_1x4x4_neondot/32/8/real_time",8902844,15.777,15.6872,ns,,,"2x32x8",,
"dot/dot_int8_int8_int32_2x16x8_1x4x4_neondot/32/176/real_time",1232592,113.512,112.58,ns,,,"2x32x176",,
"dot/dot_int8_int8_int32_2x16x8_1x4x4_neondot/32/352/real_time",644056,218.221,216.887,ns,,,"2x32x352",,
"dot/dot_int8_int8_int32_2x16x8_1x4x4_neondot/32/528/real_time",423644,325.428,322.261,ns,,,"2x32x528",,
"dot/dot_int8_int8_int32_2x16x8_1x4x4_neondot/32/712/real_time",319072,435.71,432.188,ns,,,"2x32x712",,
"dot/dot_int8_int8_int32_2x16x8_1x4x4_neondot/64/8/real_time",5304919,26.9986,26.3449,ns,,,"2x64x8",,
"dot/dot_int8_int8_int32_2x16x8_1x4x4_neondot/64/88/real_time",1223155,114.862,114.052,ns,,,"2x64x88",,
"dot/dot_int8_int8_int32_2x16x8_1x4x4_neondot/64/176/real_time",640530,220.575,218.029,ns,,,"2x64x176",,
"dot/dot_int8_int8_int32_2x16x8_1x4x4_neondot/64/264/real_time",433177,325.392,322.473,ns,,,"2x64x264",,
"dot/dot_int8_int8_int32_2x16x8_1x4x4_neondot/64/360/real_time",319914,439.249,436.023,ns,,,"2x64x360",,
"dot/dot_int8_int8_int32_2x16x8_1x4x4_neondot/128/8/real_time",2868614,48.0186,47.655,ns,,,"2x128x8",,
"dot/dot_int8_int8_int32_2x16x8_1x4x4_neondot/128/40/real_time",1248885,112.537,112.015,ns,,,"2x128x40",,
"dot/dot_int8_int8_int32_2x16x8_1x4x4_neondot/128/88/real_time",633416,222.295,220.832,ns,,,"2x128x88",,
"dot/dot_int8_int8_int32_2x16x8_1x4x4_neondot/128/128/real_time",436489,317.231,315.36,ns,,,"2x128x128",,
"dot/dot_int8_int8_int32_2x16x8_1x4x4_neondot/128/176/real_time",325536,434.211,428.966,ns,,,"2x128x176",,
"dot/dot_int8_int8_int32_3x16x8_1x4x4_neondot/16/8/real_time",11228796,12.5359,12.4306,ns,,,"3x16x8",,
"dot/dot_int8_int8_int32_3x16x8_1x4x4_neondot/16/320/real_time",928561,150.852,149.437,ns,,,"3x16x320",,
"dot/dot_int8_int8_int32_3x16x8_1x4x4_neondot/16/640/real_time",479136,293.793,291.297,ns,,,"3x16x640",,
"dot/dot_int8_int8_int32_3x16x8_1x4x4_neondot/16/960/real_time",322053,437.657,433.415,ns,,,"3x16x960",,
"dot/dot_int8_int8_int32_3x16x8_1x4x4_neondot/16/1280/real_time",242262,579.786,575.481,ns,,,"3x16x1280",,
"dot/dot_int8_int8_int32_3x16x8_1x4x4_neondot/32/8/real_time",7232372,19.3644,19.2386,ns,,,"3x32x8",,
"dot/dot_int8_int8_int32_3x16x8_1x4x4_neondot/32/168/real_time",884615,159.887,157.997,ns,,,"3x32x168",,
"dot/dot_int8_int8_int32_3x16x8_1x4x4_neondot/32/344/real_time",444664,317.491,313.905,ns,,,"3x32x344",,
"dot/dot_int8_int8_int32_3x16x8_1x4x4_neondot/32/512/real_time",291235,468.086,464.897,ns,,,"3x32x512",,
"dot/dot_int8_int8_int32_3x16x8_1x4x4_neondot/32/688/real_time",223490,625.544,619.76,ns,,,"3x32x688",,
"dot/dot_int8_int8_int32_3x16x8_1x4x4_neondot/64/8/real_time",4186000,33.1274,32.8531,ns,,,"3x64x8",,
"dot/dot_int8_int8_int32_3x16x8_1x4x4_neondot/64/88/real_time",837895,168.3,166.468,ns,,,"3x64x88",,
"dot/dot_int8_int8_int32_3x16x8_1x4x4_neondot/64/176/real_time",431936,325.595,323.212,ns,,,"3x64x176",,
"dot/dot_int8_int8_int32_3x16x8_1x4x4_neondot/64/264/real_time",286713,482.141,479.495,ns,,,"3x64x264",,
"dot/dot_int8_int8_int32_3x16x8_1x4x4_neondot/64/352/real_time",217099,639.568,635.456,ns,,,"3x64x352",,
"dot/dot_int8_int8_int32_3x16x8_1x4x4_neondot/128/8/real_time",2308088,60.5746,60.0846,ns,,,"3x128x8",,
"dot/dot_int8_int8_int32_3x16x8_1x4x4_neondot/128/40/real_time",895313,157.762,156.109,ns,,,"3x128x40",,
"dot/dot_int8_int8_int32_3x16x8_1x4x4_neondot/128/80/real_time",467843,300.932,298.526,ns,,,"3x128x80",,
"dot/dot_int8_int8_int32_3x16x8_1x4x4_neondot/128/120/real_time",316003,442.276,439.91,ns,,,"3x128x120",,
"dot/dot_int8_int8_int32_3x16x8_1x4x4_neondot/128/168/real_time",227125,615.066,610.842,ns,,,"3x128x168",,
"dot/dot_int8_int8_int32_4x16x8_1x4x4_neondot/16/8/real_time",9458611,14.6535,14.5043,ns,,,"4x16x8",,
"dot/dot_int8_int8_int32_4x16x8_1x4x4_neondot/16/304/real_time",741446,189.773,188.247,ns,,,"4x16x304",,
"dot/dot_int8_int8_int32_4x16x8_1x4x4_neondot/16/608/real_time",374779,369.84,367.976,ns,,,"4x16x608",,
"dot/dot_int8_int8_int32_4x16x8_1x4x4_neondot/16/912/real_time",252359,551.309,548.386,ns,,,"4x16x912",,
"dot/dot_int8_int8_int32_4x16x8_1x4x4_neondot/16/1216/real_time",189313,748.325,728.48,ns,,,"4x16x1216",,
"dot/dot_int8_int8_int32_4x16x8_1x4x4_neondot/32/8/real_time",5933087,23.219,23.0854,ns,,,"4x32x8",,
"dot/dot_int8_int8_int32_4x16x8_1x4x4_neondot/32/160/real_time",701506,201.014,198.934,ns,,,"4x32x160",,
"dot/dot_int8_int8_int32_4x16x8_1x4x4_neondot/32/328/real_time",345817,399.413,397.764,ns,,,"4x32x328",,
"dot/dot_int8_int8_int32_4x16x8_1x4x4_neondot/32/496/real_time",231996,600.575,596.69,ns,,,"4x32x496",,
"dot/dot_int8_int8_int32_4x16x8_1x4x4_neondot/32/664/real_time",174337,802.879,795.631,ns,,,"4x32x664",,
"dot/dot_int8_int8_int32_4x16x8_1x4x4_neondot/64/8/real_time",3466667,40.6146,40.2603,ns,,,"4x64x8",,
"dot/dot_int8_int8_int32_4x16x8_1x4x4_neondot/64/80/real_time",668452,202.538,201.552,ns,,,"4x64x80",,
"dot/dot_int8_int8_int32_4x16x8_1x4x4_neondot/64/168/real_time",341125,413.161,409.423,ns,,,"4x64x168",,
"dot/dot_int8_int8_int32_4x16x8_1x4x4_neondot/64/256/real_time",225887,624.983,618.075,ns,,,"4x64x256",,
"dot/dot_int8_int8_int32_4x16x8_1x4x4_neondot/64/344/real_time",168025,833.765,827.55,ns,,,"4x64x344",,
"dot/dot_int8_int8_int32_4x16x8_1x4x4_neondot/128/8/real_time",1862721,75.3165,74.5883,ns,,,"4x128x8",,
"dot/dot_int8_int8_int32_4x16x8_1x4x4_neondot/128/40/real_time",671008,207.176,205.992,ns,,,"4x128x40",,
"dot/dot_int8_int8_int32_4x16x8_1x4x4_neondot/128/80/real_time",352601,399.717,395.144,ns,,,"4x128x80",,
"dot/dot_int8_int8_int32_4x16x8_1x4x4_neondot/128/120/real_time",238953,590.553,585.194,ns,,,"4x128x120",,
"dot/dot_int8_int8_int32_4x16x8_1x4x4_neondot/128/168/real_time",170494,818.442,813.264,ns,,,"4x128x168",,
"dot/dot_int8_int8_int32_5x16x8_1x4x4_neondot/16/8/real_time",7849110,17.3857,17.1685,ns,,,"5x16x8",,
"dot/dot_int8_int8_int32_5x16x8_1x4x4_neondot/16/288/real_time",620987,225.028,223.085,ns,,,"5x16x288",,
"dot/dot_int8_int8_int32_5x16x8_1x4x4_neondot/16/576/real_time",315485,440.742,436.694,ns,,,"5x16x576",,
"dot/dot_int8_int8_int32_5x16x8_1x4x4_neondot/16/864/real_time",213181,653.875,649.247,ns,,,"5x16x864",,
"dot/dot_int8_int8_int32_5x16x8_1x4x4_neondot/16/1152/real_time",161140,871.761,863.008,ns,,,"5x16x1152",,
"dot/dot_int8_int8_int32_5x16x8_1x4x4_neondot/32/8/real_time",4988822,27.4294,27.2343,ns,,,"5x32x8",,
"dot/dot_int8_int8_int32_5x16x8_1x4x4_neondot/32/160/real_time",561688,251.405,248.655,ns,,,"5x32x160",,
"dot/dot_int8_int8_int32_5x16x8_1x4x4_neondot/32/320/real_time",288216,490.653,484.832,ns,,,"5x32x320",,
"dot/dot_int8_int8_int32_5x16x8_1x4x4_neondot/32/480/real_time",193223,731.417,724.205,ns,,,"5x32x480",,
"dot/dot_int8_int8_int32_5x16x8_1x4x4_neondot/32/640/real_time",145011,965.5,958.927,ns,,,"5x32x640",,
"dot/dot_int8_int8_int32_5x16x8_1x4x4_neondot/64/8/real_time",2906562,47.7153,47.3611,ns,,,"5x64x8",,
"dot/dot_int8_int8_int32_5x16x8_1x4x4_neondot/64/80/real_time",554182,255.61,252.065,ns,,,"5x64x80",,
"dot/dot_int8_int8_int32_5x16x8_1x4x4_neondot/64/168/real_time",272416,517.789,512.638,ns,,,"5x64x168",,
"dot/dot_int8_int8_int32_5x16x8_1x4x4_neondot/64/248/real_time",186209,756.356,749.432,ns,,,"5x64x248",,
"dot/dot_int8_int8_int32_5x16x8_1x4x4_neondot/64/336/real_time",138332,1018.13,1008.75,ns,,,"5x64x336",,
"dot/dot_int8_int8_int32_5x16x8_1x4x4_neondot/128/8/real_time",1587354,91.3139,87.6264,ns,,,"5x128x8",,
"dot/dot_int8_int8_int32_5x16x8_1x4x4_neondot/128/40/real_time",538035,260.621,259.264,ns,,,"5x128x40",,
"dot/dot_int8_int8_int32_5x16x8_1x4x4_neondot/128/80/real_time",277412,500,495.458,ns,,,"5x128x80",,
"dot/dot_int8_int8_int32_5x16x8_1x4x4_neondot/128/120/real_time",188504,740.206,735.278,ns,,,"5x128x120",,
"dot/dot_int8_int8_int32_5x16x8_1x4x4_neondot/128/160/real_time",143211,979.146,969.771,ns,,,"5x128x160",,
"dot/dot_int8_int8_int32_1x8x8_1x4x4_neondot/8/8/real_time",18654438,7.45633,7.40612,ns,,,"1x8x8",,
"dot/dot_int8_int8_int32_1x8x8_1x4x4_neondot/8/680/real_time",1790658,77.9532,77.4266,ns,,,"1x8x680",,
"dot/dot_int8_int8_int32_1x8x8_1x4x4_neondot/8/1360/real_time",927744,152.805,151.038,ns,,,"1x8x1360",,
"dot/dot_int8_int8_int32_1x8x8_1x4x4_neondot/8/2040/real_time",634028,221.899,220.428,ns,,,"1x8x2040",,
"dot/dot_int8_int8_int32_1x8x8_1x4x4_neondot/8/2720/real_time",467547,292.468,290.71,ns,,,"1x8x2720",,
"dot/dot_int8_int8_int32_1x8x8_1x4x4_neondot/16/8/real_time",13101332,10.7096,10.6553,ns,,,"1x16x8",,
"dot/dot_int8_int8_int32_1x8x8_1x4x4_neondot/16/360/real_time",1683212,83.9062,83.212,ns,,,"1x16x360",,
"dot/dot_int8_int8_int32_1x8x8_1x4x4_neondot/16/720/real_time",886221,158.761,157.646,ns,,,"1x16x720",,
"dot/dot_int8_int8_int32_1x8x8_1x4x4_neondot/16/1080/real_time",587779,231.787,230.225,ns,,,"1x16x1080",,
"dot/dot_int8_int8_int32_1x8x8_1x4x4_neondot/16/1440/real_time",446025,316.098,312.975,ns,,,"1x16x1440",,
"dot/dot_int8_int8_int32_1x8x8_1x4x4_neondot/32/8/real_time",8289095,16.9709,16.8701,ns,,,"1x32x8",,
"dot/dot_int8_int8_int32_1x8x8_1x4x4_neondot/32/184/real_time",1556097,91.2828,89.2337,ns,,,"1x32x184",,
"dot/dot_int8_int8_int32_1x8x8_1x4x4_neondot/32/368/real_time",835966,167.984,166.871,ns,,,"1x32x368",,
"dot/dot_int8_int8_int32_1x8x8_1x4x4_neondot/32/552/real_time",569671,248.769,246.063,ns,,,"1x32x552",,
"dot/dot_int8_int8_int32_1x8x8_1x4x4_neondot/32/736/real_time",433590,323.472,321.519,ns,,,"1x32x736",,
"dot/dot_int8_int8_int32_1x8x8_1x4x4_neondot/64/8/real_time",4697482,29.5274,29.3012,ns,,,"1x64x8",,
"dot/dot_int8_int8_int32_1x8x8_1x4x4_neondot/64/88/real_time",1467351,95.6985,94.4238,ns,,,"1x64x88",,
"dot/dot_int8_int8_int32_1x8x8_1x4x4_neondot/64/184/real_time",776083,178.366,176.481,ns,,,"1x64x184",,
"dot/dot_int8_int8_int32_1x8x8_1x4x4_neondot/64/272/real_time",558261,252.5,249.098,ns,,,"1x64x272",,
"dot/dot_int8_int8_int32_1x8x8_1x4x4_neondot/64/368/real_time",421573,335.338,331.492,ns,,,"1x64x368",,
"dot/dot_int8_int8_int32_8x8x8_1x4x4_neondot/8/8/real_time",7167217,18.7592,18.6462,ns,,,"8x8x8",,
"dot/dot_int8_int8_int32_8x8x8_1x4x4_neondot/8/376/real_time",594880,237.115,234.421,ns,,,"8x8x376",,
"dot/dot_int8_int8_int32_8x8x8_1x4x4_neondot/8/760/real_time",302394,466.402,461.747,ns,,,"8x8x760",,
"dot/dot_int8_int8_int32_8x8x8_1x4x4_neondot/8/1136/real_time",204216,690.621,683.725,ns,,,"8x8x1136",,
"dot/dot_int8_int8_int32_8x8x8_1x4x4_neondot/8/1520/real_time",152577,921.226,911.117,ns,,,"8x8x1520",,
"dot/dot_int8_int8_int32_8x8x8_1x4x4_neondot/16/8/real_time",4812849,29.4803,29.0081,ns,,,"8x16x8",,
"dot/dot_int8_int8_int32_8x8x8_1x4x4_neondot/16/248/real_time",453312,309.728,308.042,ns,,,"8x16x248",,
"dot/dot_int8_int8_int32_8x8x8_1x4x4_neondot/16/496/real_time",229968,606.843,602.033,ns,,,"8x16x496",,
"dot/dot_int8_int8_int32_8x8x8_1x4x4_neondot/16/744/real_time",154505,909.738,895.142,ns,,,"8x16x744",,
"dot/dot_int8_int8_int32_8x8x8_1x4x4_neondot/16/1000/real_time",116569,1209.1,1198.63,ns,,,"8x16x1000",,
"dot/dot_int8_int8_int32_8x8x8_1x4x4_neondot/32/8/real_time",2783050,50.0789,49.7269,ns,,,"8x32x8",,
"dot/dot_int8_int8_int32_8x8x8_1x4x4_neondot/32/144/real_time",380483,364.634,362.239,ns,,,"8x32x144",,
"dot/dot_int8_int8_int32_8x8x8_1x4x4_neondot/32/288/real_time",197290,706.742,702.52,ns,,,"8x32x288",,
"dot/dot_int8_int8_int32_8x8x8_1x4x4_neondot/32/432/real_time",133411,1058.92,1046.79,ns,,,"8x32x432",,
"dot/dot_int8_int8_int32_8x8x8_1x4x4_neondot/32/584/real_time",99122,1416.82,1409.12,ns,,,"8x32x584",,
"dot/dot_int8_int8_int32_8x8x8_1x4x4_neondot/64/8/real_time",1522210,92.3309,91.1719,ns,,,"8x64x8",,
"dot/dot_int8_int8_int32_8x8x8_1x4x4_neondot/64/72/real_time",372933,377.051,374.275,ns,,,"8x64x72",,
"dot/dot_int8_int8_int32_8x8x8_1x4x4_neondot/64/152/real_time",183264,769.862,753.08,ns,,,"8x64x152",,
"dot/dot_int8_int8_int32_8x8x8_1x4x4_neondot/64/232/real_time",112439,1179.26,1136.21,ns,,,"8x64x232",,
"dot/dot_int8_int8_int32_8x8x8_1x4x4_neondot/64/312/real_time",92372,1534.64,1513.44,ns,,,"8x64x312",,
"dot/dot_int8_int8_int32_10x8x8_1x4x4_neondot/8/8/real_time",5994327,23.0339,22.7927,ns,,,"10x8x8",,
"dot/dot_int8_int8_int32_10x8x8_1x4x4_neondot/8/336/real_time",527145,267.614,264.837,ns,,,"10x8x336",,
"dot/dot_int8_int8_int32_10x8x8_1x4x4_neondot/8/672/real_time",272049,518.462,513.518,ns,,,"10x8x672",,
"dot/dot_int8_int8_int32_10x8x8_1x4x4_neondot/8/1008/real_time",182220,793.437,762.398,ns,,,"10x8x1008",,
"dot/dot_int8_int8_int32_10x8x8_1x4x4_neondot/8/1344/real_time",138017,1064.32,1010.89,ns,,,"10x8x1344",,
"dot/dot_int8_int8_int32_10x8x8_1x4x4_neondot/16/8/real_time",3662218,38.6298,37.9054,ns,,,"10x16x8",,
"dot/dot_int8_int8_int32_10x8x8_1x4x4_neondot/16/224/real_time",384282,354.254,351.619,ns,,,"10x16x224",,
"dot/dot_int8_int8_int32_10x8x8_1x4x4_neondot/16/456/real_time",199565,701.892,698.065,ns,,,"10x16x456",,
"dot/dot_int8_int8_int32_10x8x8_1x4x4_neondot/16/688/real_time",134484,1058.41,1039.76,ns,,,"10x16x688",,
"dot/dot_int8_int8_int32_10x8x8_1x4x4_neondot/16/920/real_time",95169,1424.33,1383.05,ns,,,"10x16x920",,
"dot/dot_int8_int8_int32_10x8x8_1x4x4_neondot/32/8/real_time",2166349,62.5397,62.0499,ns,,,"10x32x8",,
"dot/dot_int8_int8_int32_10x8x8_1x4x4_neondot/32/136/real_time",317501,442.733,437.324,ns,,,"10x32x136",,
"dot/dot_int8_int8_int32_10x8x8_1x4x4_neondot/32/272/real_time",166792,837.189,832.501,ns,,,"10x32x272",,
"dot/dot_int8_int8_int32_10x8x8_1x4x4_neondot/32/408/real_time",112412,1252.66,1240.63,ns,,,"10x32x408",,
"dot/dot_int8_int8_int32_10x8x8_1x4x4_neondot/32/552/real_time",83742,1681.58,1667.77,ns,,,"10x32x552",,
"dot/dot_int8_int8_int32_10x8x8_1x4x4_neondot/64/8/real_time",1247008,112.86,111.895,ns,,,"10x64x8",,
"dot/dot_int8_int8_int32_10x8x8_1x4x4_neondot/64/72/real_time",295007,476.806,472.233,ns,,,"10x64x72",,
"dot/dot_int8_int8_int32_10x8x8_1x4x4_neondot/64/144/real_time",153387,905.07,900.855,ns,,,"10x64x144",,
"dot/dot_int8_int8_int32_10x8x8_1x4x4_neondot/64/216/real_time",104338,1351.61,1339.07,ns,,,"10x64x216",,
"dot/dot_int8_int8_int32_10x8x8_1x4x4_neondot/64/296/real_time",77441,1816.8,1802.19,ns,,,"10x64x296",,
"dot/dot_int8_int8_int32_8x4x8_1x4x4_neondot/4/8/real_time",8579062,16.4413,16.2857,ns,,,"8x4x8",,
"dot/dot_int8_int8_int32_8x4x8_1x4x4_neondot/4/504/real_time",868448,168.259,160.962,ns,,,"8x4x504",,
"dot/dot_int8_int8_int32_8x4x8_1x4x4_neondot/4/1016/real_time",440962,317.582,312.792,ns,,,"8x4x1016",,
"dot/dot_int8_int8_int32_8x4x8_1x4x4_neondot/4/1520/real_time",299555,463.853,461.619,ns,,,"8x4x1520",,
"dot/dot_int8_int8_int32_8x4x8_1x4x4_neondot/4/2032/real_time",224362,622.066,617.956,ns,,,"8x4x2032",,
"dot/dot_int8_int8_int32_8x4x8_1x4x4_neondot/8/8/real_time",5615349,25.114,24.8658,ns,,,"8x8x8",,
"dot/dot_int8_int8_int32_8x4x8_1x4x4_neondot/8/376/real_time",589053,240.509,237.057,ns,,,"8x8x376",,
"dot/dot_int8_int8_int32_8x4x8_1x4x4_neondot/8/760/real_time",297271,467.191,464.195,ns,,,"8x8x760",,
"dot/dot_int8_int8_int32_8x4x8_1x4x4_neondot/8/1136/real_time",201198,690.287,686.489,ns,,,"8x8x1136",,
"dot/dot_int8_int8_int32_8x4x8_1x4x4_neondot/8/1520/real_time",151939,927.564,916.763,ns,,,"8x8x1520",,
"dot/dot_int8_int8_int32_8x4x8_1x4x4_neondot/16/8/real_time",3323060,42.5643,42.0603,ns,,,"8x16x8",,
"dot/dot_int8_int8_int32_8x4x8_1x4x4_neondot/16/248/real_time",438763,315.534,313.476,ns,,,"8x16x248",,
"dot/dot_int8_int8_int32_8x4x8_1x4x4_neondot/16/496/real_time",225887,613.441,611.659,ns,,,"8x16x496",,
"dot/dot_int8_int8_int32_8x4x8_1x4x4_neondot/16/744/real_time",153862,912.817,905.296,ns,,,"8x16x744",,
"dot/dot_int8_int8_int32_8x4x8_1x4x4_neondot/16/1000/real_time",112981,1213.91,1207.04,ns,,,"8x16x1000",,
"dot/dot_int8_int8_int32_8x4x8_1x4x4_neondot/32/8/real_time",1811632,76.851,76.3683,ns,,,"8x32x8",,
"dot/dot_int8_int8_int32_8x4x8_1x4x4_neondot/32/144/real_time",367631,382.578,380.146,ns,,,"8x32x144",,
"dot/dot_int8_int8_int32_8x4x8_1x4x4_neondot/32/288/real_time",189573,720.837,717.001,ns,,,"8x32x288",,
"dot/dot_int8_int8_int32_8x4x8_1x4x4_neondot/32/432/real_time",131728,1071.56,1059.3,ns,,,"8x32x432",,
"dot/dot_int8_int8_int32_8x4x8_1x4x4_neondot/32/584/real_time",98743,1424.1,1415.4,ns,,,"8x32x584",,
"dot/dot_int8_int8_int32_1x16x8_1x4x1_neon/16/8/real_time",7395455,19.0831,18.8653,ns,,,"1x16x8",,
"dot/dot_int8_int8_int32_1x16x8_1x4x1_neon/16/360/real_time",217019,648.073,644.016,ns,,,"1x16x360",,
"dot/dot_int8_int8_int32_1x16x8_1x4x1_neon/16/720/real_time",108686,1291.01,1283.27,ns,,,"1x16x720",,
"dot/dot_int8_int8_int32_1x16x8_1x4x1_neon/16/1080/real_time",72178,1941.12,1922.64,ns,,,"1x16x1080",,
"dot/dot_int8_int8_int32_1x16x8_1x4x1_neon/16/1440/real_time",54577,2578.02,2562.4,ns,,,"1x16x1440",,
"dot/dot_int8_int8_int32_1x16x8_1x4x1_neon/32/8/real_time",4208173,33.3745,33.1567,ns,,,"1x32x8",,
"dot/dot_int8_int8_int32_1x16x8_1x4x1_neon/32/184/real_time",210321,662.738,658.13,ns,,,"1x32x184",,
"dot/dot_int8_int8_int32_1x16x8_1x4x1_neon/32/368/real_time",106466,1336.38,1311.9,ns,,,"1x32x368",,
"dot/dot_int8_int8_int32_1x16x8_1x4x1_neon/32/552/real_time",71057,1980.33,1964.9,ns,,,"1x32x552",,
"dot/dot_int8_int8_int32_1x16x8_1x4x1_neon/32/736/real_time",53021,2640.14,2618.44,ns,,,"1x32x736",,
"dot/dot_int8_int8_int32_1x16x8_1x4x1_neon/64/8/real_time",2290540,60.8604,60.5321,ns,,,"1x64x8",,
"dot/dot_int8_int8_int32_1x16x8_1x4x1_neon/64/88/real_time",220739,632.68,628.905,ns,,,"1x64x88",,
"dot/dot_int8_int8_int32_1x16x8_1x4x1_neon/64/184/real_time",106489,1327.16,1311.08,ns,,,"1x64x184",,
"dot/dot_int8_int8_int32_1x16x8_1x4x1_neon/64/272/real_time",72185,1947.61,1935.99,ns,,,"1x64x272",,
"dot/dot_int8_int8_int32_1x16x8_1x4x1_neon/64/368/real_time",51722,2721.31,2619.43,ns,,,"1x64x368",,
"dot/dot_int8_int8_int32_1x16x8_1x4x1_neon/128/8/real_time",1199780,118.631,116.799,ns,,,"1x128x8",,
"dot/dot_int8_int8_int32_1x16x8_1x4x1_neon/128/40/real_time",235776,575.331,570.831,ns,,,"1x128x40",,
"dot/dot_int8_int8_int32_1x16x8_1x4x1_neon/128/88/real_time",106510,1260.02,1252.53,ns,,,"1x128x88",,
"dot/dot_int8_int8_int32_1x16x8_1x4x1_neon/128/136/real_time",72119,1956.5,1935.77,ns,,,"1x128x136",,
"dot/dot_int8_int8_int32_1x16x8_1x4x1_neon/128/184/real_time",52929,2634.97,2616.28,ns,,,"1x128x184",,
"dot/dot_int8_int8_int32_2x16x8_1x4x1_neon/16/8/real_time",5045040,28.0552,27.6874,ns,,,"2x16x8",,
"dot/dot_int8_int8_int32_2x16x8_1x4x1_neon/16/336/real_time",144461,967.945,962.205,ns,,,"2x16x336",,
"dot/dot_int8_int8_int32_2x16x8_1x4x1_neon/16/672/real_time",72695,1938.55,1919.38,ns,,,"2x16x672",,
"dot/dot_int8_int8_int32_2x16x8_1x4x1_neon/16/1008/real_time",48583,2897.5,2876.37,ns,,,"2x16x1008",,
"dot/dot_int8_int8_int32_2x16x8_1x4x1_neon/16/1352/real_time",36161,3884.17,3856.82,ns,,,"2x16x1352",,
"dot/dot_int8_int8_int32_2x16x8_1x4x1_neon/32/8/real_time",2723163,51.2123,50.8112,ns,,,"2x32x8",,
"dot/dot_int8_int8_int32_2x16x8_1x4x1_neon/32/176/real_time",138488,1019.49,1008.69,ns,,,"2x32x176",,
"dot/dot_int8_int8_int32_2x16x8_1x4x1_neon/32/352/real_time",69403,2025.85,2011.2,ns,,,"2x32x352",,
"dot/dot_int8_int8_int32_2x16x8_1x4x1_neon/32/528/real_time",45665,3034.78,3014.4,ns,,,"2x32x528",,
"dot/dot_int8_int8_int32_2x16x8_1x4x1_neon/32/712/real_time",34389,4108.38,4063.4,ns,,,"2x32x712",,
"dot/dot_int8_int8_int32_2x16x8_1x4x1_neon/64/8/real_time",1423836,98.2481,97.4644,ns,,,"2x64x8",,
"dot/dot_int8_int8_int32_2x16x8_1x4x1_neon/64/88/real_time",138443,1056.19,1009.31,ns,,,"2x64x88",,
"dot/dot_int8_int8_int32_2x16x8_1x4x1_neon/64/176/real_time",69423,2022.33,2011.57,ns,,,"2x64x176",,
"dot/dot_int8_int8_int32_2x16x8_1x4x1_neon/64/264/real_time",45414,3029.41,3014.74,ns,,,"2x64x264",,
"dot/dot_int8_int8_int32_2x16x8_1x4x1_neon/64/360/real_time",34008,4152.77,4109.55,ns,,,"2x64x360",,
"dot/dot_int8_int8_int32_2x16x8_1x4x1_neon/128/8/real_time",734474,191.888,190.02,ns,,,"2x128x8",,
"dot/dot_int8_int8_int32_2x16x8_1x4x1_neon/128/40/real_time",151050,932.025,919.017,ns,,,"2x128x40",,
"dot/dot_int8_int8_int32_2x16x8_1x4x1_neon/128/88/real_time",69394,2024.6,2013.19,ns,,,"2x128x88",,
"dot/dot_int8_int8_int32_2x16x8_1x4x1_neon/128/128/real_time",47262,2942.31,2924.57,ns,,,"2x128x128",,
"dot/dot_int8_int8_int32_2x16x8_1x4x1_neon/128/176/real_time",34233,4040.54,4018.7,ns,,,"2x128x176",,
"dot/dot_int8_int8_int32_3x16x8_1x4x1_neon/16/8/real_time",3658830,38.0756,37.6489,ns,,,"3x16x8",,
"dot/dot_int8_int8_int32_3x16x8_1x4x1_neon/16/320/real_time",109778,1281.02,1272.97,ns,,,"3x16x320",,
"dot/dot_int8_int8_int32_3x16x8_1x4x1_neon/16/640/real_time",55012,2565.57,2539.66,ns,,,"3x16x640",,
"dot/dot_int8_int8_int32_3x16x8_1x4x1_neon/16/960/real_time",36657,3843.52,3806.67,ns,,,"3x16x960",,
"dot/dot_int8_int8_int32_3x16x8_1x4x1_neon/16/1280/real_time",27512,5144.93,5073.77,ns,,,"3x16x1280",,
"dot/dot_int8_int8_int32_3x16x8_1x4x1_neon/32/8/real_time",1986867,70.9548,70.2914,ns,,,"3x32x8",,
"dot/dot_int8_int8_int32_3x16x8_1x4x1_neon/32/168/real_time",104522,1351.85,1338.17,ns,,,"3x32x168",,
"dot/dot_int8_int8_int32_3x16x8_1x4x1_neon/32/344/real_time",50598,2747.38,2730.07,ns,,,"3x32x344",,
"dot/dot_int8_int8_int32_3x16x8_1x4x1_neon/32/512/real_time",34412,4198.54,4061.86,ns,,,"3x32x512",,
"dot/dot_int8_int8_int32_3x16x8_1x4x1_neon/32/688/real_time",25617,5524.9,5455.5,ns,,,"3x32x688",,
"dot/dot_int8_int8_int32_3x16x8_1x4x1_neon/64/8/real_time",1041291,134.797,133.991,ns,,,"3x64x8",,
"dot/dot_int8_int8_int32_3x16x8_1x4x1_neon/64/88/real_time",99582,1414.67,1402.47,ns,,,"3x64x88",,
"dot/dot_int8_int8_int32_3x16x8_1x4x1_neon/64/176/real_time",49917,2812.89,2794.91,ns,,,"3x64x176",,
"dot/dot_int8_int8_int32_3x16x8_1x4x1_neon/64/264/real_time",33250,4229.71,4188.19,ns,,,"3x64x264",,
"dot/dot_int8_int8_int32_3x16x8_1x4x1_neon/64/352/real_time",24820,5620.6,5582.23,ns,,,"3x64x352",,
"dot/dot_int8_int8_int32_3x16x8_1x4x1_neon/128/8/real_time",525907,264.845,263.019,ns,,,"3x128x8",,
"dot/dot_int8_int8_int32_3x16x8_1x4x1_neon/128/40/real_time",109536,1283.65,1276.58,ns,,,"3x128x40",,
"dot/dot_int8_int8_int32_3x16x8_1x4x1_neon/128/80/real_time",53981,2564.13,2543.68,ns,,,"3x128x80",,
"dot/dot_int8_int8_int32_3x16x8_1x4x1_neon/128/120/real_time",36668,3862.11,3811.54,ns,,,"3x128x120",,
"dot/dot_int8_int8_int32_3x16x8_1x4x1_neon/128/168/real_time",26150,5383.36,5331.25,ns,,,"3x128x168",,
"dot/dot_int8_int8_int32_4x16x8_1x4x1_neon/16/8/real_time",2845510,49.4667,49.0024,ns,,,"4x16x8",,
"dot/dot_int8_int8_int32_4x16x8_1x4x1_neon/16/304/real_time",93434,1504.5,1495.03,ns,,,"4x16x304",,
"dot/dot_int8_int8_int32_4x16x8_1x4x1_neon/16/608/real_time",46497,3009.75,2980,ns,,,"4x16x608",,
"dot/dot_int8_int8_int32_4x16x8_1x4x1_neon/16/912/real_time",31218,4495.09,4464.27,ns,,,"4x16x912",,
"dot/dot_int8_int8_int32_4x16x8_1x4x1_neon/16/1216/real_time",22690,6033.28,5948.99,ns,,,"4x16x1216",,
"dot/dot_int8_int8_int32_4x16x8_1x4x1_neon/32/8/real_time",1524437,89.7131,88.7964,ns,,,"4x32x8",,
"dot/dot_int8_int8_int32_4x16x8_1x4x1_neon/32/160/real_time",88746,1591.85,1573.6,ns,,,"4x32x160",,
"dot/dot_int8_int8_int32_4x16x8_1x4x1_neon/32/328/real_time",43452,3233.45,3214.27,ns,,,"4x32x328",,
"dot/dot_int8_int8_int32_4x16x8_1x4x1_neon/32/496/real_time",28427,4892.07,4855.69,ns,,,"4x32x496",,
"dot/dot_int8_int8_int32_4x16x8_1x4x1_neon/32/664/real_time",21311,6545.98,6496.4,ns,,,"4x32x664",,
"dot/dot_int8_int8_int32_4x16x8_1x4x1_neon/64/8/real_time",800216,170.369,169.525,ns,,,"4x64x8",,
"dot/dot_int8_int8_int32_4x16x8_1x4x1_neon/64/80/real_time",88670,1584.53,1576.25,ns,,,"4x64x80",,
"dot/dot_int8_int8_int32_4x16x8_1x4x1_neon/64/168/real_time",40750,3321.86,3295.1,ns,,,"4x64x168",,
"dot/dot_int8_int8_int32_4x16x8_1x4x1_neon/64/256/real_time",27562,5050.08,5014.31,ns,,,"4x64x256",,
"dot/dot_int8_int8_int32_4x16x8_1x4x1_neon/64/344/real_time",20606,6776.46,6732.95,ns,,,"4x64x344",,
"dot/dot_int8_int8_int32_4x16x8_1x4x1_neon/128/8/real_time",420771,334.024,329.509,ns,,,"4x128x8",,
"dot/dot_int8_int8_int32_4x16x8_1x4x1_neon/128/40/real_time",88334,1593.79,1579.82,ns,,,"4x128x40",,
"dot/dot_int8_int8_int32_4x16x8_1x4x1_neon/128/80/real_time",44212,3157.58,3142.31,ns,,,"4x128x80",,
"dot/dot_int8_int8_int32_4x16x8_1x4x1_neon/128/120/real_time",29482,4745.2,4706.09,ns,,,"4x128x120",,
"dot/dot_int8_int8_int32_4x16x8_1x4x1_neon/128/168/real_time",21091,6617.64,6580.77,ns,,,"4x128x168",,
"dot/dot_int8_int8_int32_1x8x8_1x4x1_neon/8/8/real_time",9578159,14.7456,14.6346,ns,,,"1x8x8",,
"dot/dot_int8_int8_int32_1x8x8_1x4x1_neon/8/680/real_time",134417,1057.27,1039.94,ns,,,"1x8x680",,
"dot/dot_int8_int8_int32_1x8x8_1x4x1_neon/8/1360/real_time",64710,2125.13,2079.85,ns,,,"1x8x1360",,
"dot/dot_int8_int8_int32_1x8x8_1x4x1_neon/8/2040/real_time",44784,3141.1,3121.13,ns,,,"1x8x2040",,
"dot/dot_int8_int8_int32_1x8x8_1x4x1_neon/8/2720/real_time",33530,4194.17,4159.32,ns,,,"1x8x2720",,
"dot/dot_int8_int8_int32_1x8x8_1x4x1_neon/16/8/real_time",5294763,26.3952,26.2243,ns,,,"1x16x8",,
"dot/dot_int8_int8_int32_1x8x8_1x4x1_neon/16/360/real_time",126974,1109.8,1101.03,ns,,,"1x16x360",,
"dot/dot_int8_int8_int32_1x8x8_1x4x1_neon/16/720/real_time",61552,2210.94,2199.54,ns,,,"1x16x720",,
"dot/dot_int8_int8_int32_1x8x8_1x4x1_neon/16/1080/real_time",42337,3334.31,3300.24,ns,,,"1x16x1080",,
"dot/dot_int8_int8_int32_1x8x8_1x4x1_neon/16/1440/real_time",31742,4430.87,4401.47,ns,,,"1x16x1440",,
"dot/dot_int8_int8_int32_1x8x8_1x4x1_neon/32/8/real_time",2911251,48.3282,47.9469,ns,,,"1x32x8",,
"dot/dot_int8_int8_int32_1x8x8_1x4x1_neon/32/184/real_time",111891,1130.03,1124.1,ns,,,"1x32x184",,
"dot/dot_int8_int8_int32_1x8x8_1x4x1_neon/32/368/real_time",62154,2262.72,2246.76,ns,,,"1x32x368",,
"dot/dot_int8_int8_int32_1x8x8_1x4x1_neon/32/552/real_time",41328,3385.13,3370.8,ns,,,"1x32x552",,
"dot/dot_int8_int8_int32_1x8x8_1x4x1_neon/32/736/real_time",30840,4529.32,4495.06,ns,,,"1x32x736",,
"dot/dot_int8_int8_int32_1x8x8_1x4x1_neon/64/8/real_time",1537098,91.3993,90.5799,ns,,,"1x64x8",,
"dot/dot_int8_int8_int32_1x8x8_1x4x1_neon/64/88/real_time",124882,1073.55,1070.76,ns,,,"1x64x88",,
"dot/dot_int8_int8_int32_1x8x8_1x4x1_neon/64/184/real_time",62292,2257.38,2243.11,ns,,,"1x64x184",,
"dot/dot_int8_int8_int32_1x8x8_1x4x1_neon/64/272/real_time",41517,3340.24,3319.18,ns,,,"1x64x272",,
"dot/dot_int8_int8_int32_1x8x8_1x4x1_neon/64/368/real_time",30402,4611.02,4492.84,ns,,,"1x64x368",,
"dot/dot_int8_int8_int32_2x8x8_1x4x1_neon/8/8/real_time",7866251,17.997,17.7609,ns,,,"2x8x8",,
"dot/dot_int8_int8_int32_2x8x8_1x4x1_neon/8/608/real_time",127667,1098.25,1088.69,ns,,,"2x8x608",,
"dot/dot_int8_int8_int32_2x8x8_1x4x1_neon/8/1224/real_time",64087,2201.16,2178.94,ns,,,"2x8x1224",,
"dot/dot_int8_int8_int32_2x8x8_1x4x1_neon/8/1832/real_time",42778,3284.61,3262.2,ns,,,"2x8x1832",,
"dot/dot_int8_int8_int32_2x8x8_1x4x1_neon/8/2448/real_time",32059,4383.21,4356.46,ns,,,"2x8x2448",,
"dot/dot_int8_int8_int32_2x8x8_1x4x1_neon/16/8/real_time",4162835,32.6248,32.4492,ns,,,"2x16x8",,
"dot/dot_int8_int8_int32_2x8x8_1x4x1_neon/16/336/real_time",116565,1209.13,1197.87,ns,,,"2x16x336",,
"dot/dot_int8_int8_int32_2x8x8_1x4x1_neon/16/672/real_time",58332,2409.82,2391.54,ns,,,"2x16x672",,
"dot/dot_int8_int8_int32_2x8x8_1x4x1_neon/16/1008/real_time",38228,3612.57,3584.88,ns,,,"2x16x1008",,
"dot/dot_int8_int8_int32_2x8x8_1x4x1_neon/16/1352/real_time",29078,4854.76,4806.42,ns,,,"2x16x1352",,
"dot/dot_int8_int8_int32_2x8x8_1x4x1_neon/32/8/real_time",2346048,60.1093,59.4921,ns,,,"2x32x8",,
"dot/dot_int8_int8_int32_2x8x8_1x4x1_neon/32/176/real_time",111334,1258.43,1252.9,ns,,,"2x32x176",,
"dot/dot_int8_int8_int32_2x8x8_1x4x1_neon/32/352/real_time",54549,2514.61,2502.97,ns,,,"2x32x352",,
"dot/dot_int8_int8_int32_2x8x8_1x4x1_neon/32/528/real_time",37191,3828.32,3755.62,ns,,,"2x32x528",,
"dot/dot_int8_int8_int32_2x8x8_1x4x1_neon/32/712/real_time",27578,5107.95,5064,ns,,,"2x32x712",,
"dot/dot_int8_int8_int32_2x8x8_1x4x1_neon/64/8/real_time",1239107,113.413,112.769,ns,,,"2x64x8",,
"dot/dot_int8_int8_int32_2x8x8_1x4x1_neon/64/88/real_time",111720,1260.37,1249.35,ns,,,"2x64x88",,
"dot/dot_int8_int8_int32_2x8x8_1x4x1_neon/64/176/real_time",54071,2538.1,2500.48,ns,,,"2x64x176",,
"dot/dot_int8_int8_int32_2x8x8_1x4x1_neon/64/264/real_time",36812,3774.72,3753.11,ns,,,"2x64x264",,
"dot/dot_int8_int8_int32_2x8x8_1x4x1_neon/64/360/real_time",27004,5153.95,5117.14,ns,,,"2x64x360",,
"dot/dot_int8_int8_int32_3x8x8_1x4x1_neon/8/8/real_time",6737399,20.7808,20.5402,ns,,,"3x8x8",,
"dot/dot_int8_int8_int32_3x8x8_1x4x1_neon/8/552/real_time",130110,1078.87,1071.15,ns,,,"3x8x552",,
"dot/dot_int8_int8_int32_3x8x8_1x4x1_neon/8/1112/real_time",65105,2163.49,2144.8,ns,,,"3x8x1112",,
"dot/dot_int8_int8_int32_3x8x8_1x4x1_neon/8/1664/real_time",43513,3227.86,3210.91,ns,,,"3x8x1664",,
"dot/dot_int8_int8_int32_3x8x8_1x4x1_neon/8/2224/real_time",32348,4316.11,4288.15,ns,,,"3x8x2224",,
"dot/dot_int8_int8_int32_3x8x8_1x4x1_neon/16/8/real_time",3824816,36.5188,36.1409,ns,,,"3x16x8",,
"dot/dot_int8_int8_int32_3x8x8_1x4x1_neon/16/320/real_time",112848,1257.94,1237.21,ns,,,"3x16x320",,
"dot/dot_int8_int8_int32_3x8x8_1x4x1_neon/16/640/real_time",56525,2512.39,2469.23,ns,,,"3x16x640",,
"dot/dot_int8_int8_int32_3x8x8_1x4x1_neon/16/960/real_time",36152,3762.59,3699.97,ns,,,"3x16x960",,
"dot/dot_int8_int8_int32_3x8x8_1x4x1_neon/16/1280/real_time",28030,4955.4,4929.89,ns,,,"3x16x1280",,
"dot/dot_int8_int8_int32_3x8x8_1x4x1_neon/32/8/real_time",2059871,68.1077,67.4909,ns,,,"3x32x8",,
"dot/dot_int8_int8_int32_3x8x8_1x4x1_neon/32/168/real_time",107439,1310.41,1298.9,ns,,,"3x32x168",,
"dot/dot_int8_int8_int32_3x8x8_1x4x1_neon/32/344/real_time",51493,2665.33,2652.97,ns,,,"3x32x344",,
"dot/dot_int8_int8_int32_3x8x8_1x4x1_neon/32/512/real_time",35104,3997.21,3951.36,ns,,,"3x32x512",,
"dot/dot_int8_int8_int32_3x8x8_1x4x1_neon/32/688/real_time",25960,5401.26,5303.55,ns,,,"3x32x688",,
"dot/dot_int8_int8_int32_3x8x8_1x4x1_neon/64/8/real_time",1069225,131.332,130.292,ns,,,"3x64x8",,
"dot/dot_int8_int8_int32_3x8x8_1x4x1_neon/64/88/real_time",100199,1369.37,1361.77,ns,,,"3x64x88",,
"dot/dot_int8_int8_int32_3x8x8_1x4x1_neon/64/176/real_time",51419,2748.16,2715.99,ns,,,"3x64x176",,
"dot/dot_int8_int8_int32_3x8x8_1x4x1_neon/64/264/real_time",34265,4092.51,4073.81,ns,,,"3x64x264",,
"dot/dot_int8_int8_int32_3x8x8_1x4x1_neon/64/352/real_time",25474,5465.24,5428.97,ns,,,"3x64x352",,
"dot/dot_int8_int8_int32_4x8x8_1x4x1_neon/8/8/real_time",4637461,29.1268,28.9601,ns,,,"4x8x8",,
"dot/dot_int8_int8_int32_4x8x8_1x4x1_neon/8/504/real_time",106552,1320.76,1312.37,ns,,,"4x8x504",,
"dot/dot_int8_int8_int32_4x8x8_1x4x1_neon/8/1016/real_time",52831,2657.09,2639.18,ns,,,"4x8x1016",,
"dot/dot_int8_int8_int32_4x8x8_1x4x1_neon/8/1520/real_time",35091,3978.97,3948.83,ns,,,"4x8x1520",,
"dot/dot_int8_int8_int32_4x8x8_1x4x1_neon/8/2032/real_time",26444,5330.02,5273.06,ns,,,"4x8x2032",,
"dot/dot_int8_int8_int32_4x8x8_1x4x1_neon/16/8/real_time",2571225,54.202,53.8792,ns,,,"4x16x8",,
"dot/dot_int8_int8_int32_4x8x8_1x4x1_neon/16/304/real_time",87954,1595.64,1587.43,ns,,,"4x16x304",,
"dot/dot_int8_int8_int32_4x8x8_1x4x1_neon/16/608/real_time",43270,3182.13,3162.22,ns,,,"4x16x608",,
"dot/dot_int8_int8_int32_4x8x8_1x4x1_neon/16/912/real_time",28917,4771.12,4733.39,ns,,,"4x16x912",,
"dot/dot_int8_int8_int32_4x8x8_1x4x1_neon/16/1216/real_time",21997,6352.37,6307.91,ns,,,"4x16x1216",,
"dot/dot_int8_int8_int32_4x8x8_1x4x1_neon/32/8/real_time",1449144,96.6147,95.8962,ns,,,"4x32x8",,
"dot/dot_int8_int8_int32_4x8x8_1x4x1_neon/32/160/real_time",63789,1680.4,1667.08,ns,,,"4x32x160",,
"dot/dot_int8_int8_int32_4x8x8_1x4x1_neon/32/328/real_time",40978,3437.94,3408.4,ns,,,"4x32x328",,
"dot/dot_int8_int8_int32_4x8x8_1x4x1_neon/32/496/real_time",27103,5183.69,5151.35,ns,,,"4x32x496",,
"dot/dot_int8_int8_int32_4x8x8_1x4x1_neon/32/664/real_time",20129,6964.29,6891.5,ns,,,"4x32x664",,
"dot/dot_int8_int8_int32_4x8x8_1x4x1_neon/64/8/real_time",756904,185.654,184.68,ns,,,"4x64x8",,
"dot/dot_int8_int8_int32_4x8x8_1x4x1_neon/64/80/real_time",83216,1689.4,1676.66,ns,,,"4x64x80",,
"dot/dot_int8_int8_int32_4x8x8_1x4x1_neon/64/168/real_time",39919,3518.46,3500.39,ns,,,"4x64x168",,
"dot/dot_int8_int8_int32_4x8x8_1x4x1_neon/64/256/real_time",25967,5345.75,5316.44,ns,,,"4x64x256",,
"dot/dot_int8_int8_int32_4x8x8_1x4x1_neon/64/344/real_time",19466,7197.86,7140.17,ns,,,"4x64x344",,
"dot/dot_int8_int8_int32_5x8x8_1x4x1_neon/8/8/real_time",4021276,34.3711,34.1638,ns,,,"5x8x8",,
"dot/dot_int8_int8_int32_5x8x8_1x4x1_neon/8/464/real_time",91890,1534.82,1518.63,ns,,,"5x8x464",,
"dot/dot_int8_int8_int32_5x8x8_1x4x1_neon/8/936/real_time",45742,3079.37,3055.11,ns,,,"5x8x936",,
"dot/dot_int8_int8_int32_5x8x8_1x4x1_neon/8/1400/real_time",30574,4591.59,4566.14,ns,,,"5x8x1400",,
"dot/dot_int8_int8_int32_5x8x8_1x4x1_neon/8/1872/real_time",22629,6138.49,6105.91,ns,,,"5x8x1872",,
"dot/dot_int8_int8_int32_5x8x8_1x4x1_neon/16/8/real_time",2288208,60.6464,60.3779,ns,,,"5x16x8",,
"dot/dot_int8_int8_int32_5x8x8_1x4x1_neon/16/288/real_time",72465,1892.9,1883.25,ns,,,"5x16x288",,
"dot/dot_int8_int8_int32_5x8x8_1x4x1_neon/16/576/real_time",37156,3885.29,3759.27,ns,,,"5x16x576",,
"dot/dot_int8_int8_int32_5x8x8_1x4x1_neon/16/864/real_time",24802,5687.08,5635.23,ns,,,"5x16x864",,
"dot/dot_int8_int8_int32_5x8x8_1x4x1_neon/16/1152/real_time",18554,7570.05,7508.87,ns,,,"5x16x1152",,
"dot/dot_int8_int8_int32_5x8x8_1x4x1_neon/32/8/real_time",1226871,115.723,114.93,ns,,,"5x32x8",,
"dot/dot_int8_int8_int32_5x8x8_1x4x1_neon/32/160/real_time",66624,2106.72,2091.92,ns,,,"5x32x160",,
"dot/dot_int8_int8_int32_5x8x8_1x4x1_neon/32/320/real_time",33181,4199.4,4175.36,ns,,,"5x32x320",,
"dot/dot_int8_int8_int32_5x8x8_1x4x1_neon/32/480/real_time",21982,6289.26,6259.93,ns,,,"5x32x480",,
"dot/dot_int8_int8_int32_5x8x8_1x4x1_neon/32/640/real_time",16605,8383.37,8345.38,ns,,,"5x32x640",,
"dot/dot_int8_int8_int32_5x8x8_1x4x1_neon/64/8/real_time",601123,231.203,229.182,ns,,,"5x64x8",,
"dot/dot_int8_int8_int32_5x8x8_1x4x1_neon/64/80/real_time",66752,2100.11,2091.79,ns,,,"5x64x80",,
"dot/dot_int8_int8_int32_5x8x8_1x4x1_neon/64/168/real_time",31689,4414.01,4383.39,ns,,,"5x64x168",,
"dot/dot_int8_int8_int32_5x8x8_1x4x1_neon/64/248/real_time",21466,6506.57,6471.07,ns,,,"5x64x248",,
"dot/dot_int8_int8_int32_5x8x8_1x4x1_neon/64/336/real_time",15845,8836.8,8763.29,ns,,,"5x64x336",,
"dot/dot_int8_int8_int32_6x8x8_1x4x1_neon/8/8/real_time",3474063,40.5518,40.2142,ns,,,"6x8x8",,
"dot/dot_int8_int8_int32_6x8x8_1x4x1_neon/8/432/real_time",82333,1699.32,1687.01,ns,,,"6x8x432",,
"dot/dot_int8_int8_int32_6x8x8_1x4x1_neon/8/864/real_time",41526,3397.39,3365.49,ns,,,"6x8x864",,
"dot/dot_int8_int8_int32_6x8x8_1x4x1_neon/8/1296/real_time",27682,5279.02,5046.02,ns,,,"6x8x1296",,
"dot/dot_int8_int8_int32_6x8x8_1x4x1_neon/8/1736/real_time",20605,6790.64,6755.59,ns,,,"6x8x1736",,
"dot/dot_int8_int8_int32_6x8x8_1x4x1_neon/16/8/real_time",1908451,73.4561,72.8298,ns,,,"6x16x8",,
"dot/dot_int8_int8_int32_6x8x8_1x4x1_neon/16/272/real_time",65700,2140.99,2124.68,ns,,,"6x16x272",,
"dot/dot_int8_int8_int32_6x8x8_1x4x1_neon/16/544/real_time",32960,4262.92,4237.4,ns,,,"6x16x544",,
"dot/dot_int8_int8_int32_6x8x8_1x4x1_neon/16/816/real_time",21961,6394.76,6351.23,ns,,,"6x16x816",,
"dot/dot_int8_int8_int32_6x8x8_1x4x1_neon/16/1096/real_time",16312,8609.9,8528.46,ns,,,"6x16x1096",,
"dot/dot_int8_int8_int32_6x8x8_1x4x1_neon/32/8/real_time",1000333,140.792,139.737,ns,,,"6x32x8",,
"dot/dot_int8_int8_int32_6x8x8_1x4x1_neon/32/152/real_time",58001,2387.59,2377.25,ns,,,"6x32x152",,
"dot/dot_int8_int8_int32_6x8x8_1x4x1_neon/32/312/real_time",28334,4877.23,4863.15,ns,,,"6x32x312",,
"dot/dot_int8_int8_int32_6x8x8_1x4x1_neon/32/464/real_time",19204,7278.53,7225.98,ns,,,"6x32x464",,
"dot/dot_int8_int8_int32_6x8x8_1x4x1_neon/32/624/real_time",14314,9773.62,9716.41,ns,,,"6x32x624",,
"dot/dot_int8_int8_int32_6x8x8_1x4x1_neon/64/8/real_time",510442,273.889,271.75,ns,,,"6x64x8",,
"dot/dot_int8_int8_int32_6x8x8_1x4x1_neon/64/80/real_time",55665,2532.24,2509.89,ns,,,"6x64x80",,
"dot/dot_int8_int8_int32_6x8x8_1x4x1_neon/64/160/real_time",27946,5049.79,4996.29,ns,,,"6x64x160",,
"dot/dot_int8_int8_int32_6x8x8_1x4x1_neon/64/240/real_time",18602,7565.69,7487.42,ns,,,"6x64x240",,
"dot/dot_int8_int8_int32_6x8x8_1x4x1_neon/64/328/real_time",13073,10482.1,10223,ns,,,"6x64x328",,
"dot/dot_int8_int8_int32_8x8x8_1x4x1_neon/8/8/real_time",2675426,51.8543,51.5317,ns,,,"8x8x8",,
"dot/dot_int8_int8_int32_8x8x8_1x4x1_neon/8/376/real_time",70828,1972.21,1957.6,ns,,,"8x8x376",,
"dot/dot_int8_int8_int32_8x8x8_1x4x1_neon/8/760/real_time",35427,3976.91,3946.37,ns,,,"8x8x760",,
"dot/dot_int8_int8_int32_8x8x8_1x4x1_neon/8/1136/real_time",23697,5951.69,5895.09,ns,,,"8x8x1136",,
"dot/dot_int8_int8_int32_8x8x8_1x4x1_neon/8/1520/real_time",17605,7942.29,7884.41,ns,,,"8x8x1520",,
"dot/dot_int8_int8_int32_8x8x8_1x4x1_neon/16/8/real_time",1468277,94.7287,94.2651,ns,,,"8x16x8",,
"dot/dot_int8_int8_int32_8x8x8_1x4x1_neon/16/248/real_time",53005,2593.6,2579.96,ns,,,"8x16x248",,
"dot/dot_int8_int8_int32_8x8x8_1x4x1_neon/16/496/real_time",26957,5187.92,5149.76,ns,,,"8x16x496",,
"dot/dot_int8_int8_int32_8x8x8_1x4x1_neon/16/744/real_time",17996,7776.4,7718.08,ns,,,"8x16x744",,
"dot/dot_int8_int8_int32_8x8x8_1x4x1_neon/16/1000/real_time",13472,10467.4,10371.9,ns,,,"8x16x1000",,
"dot/dot_int8_int8_int32_8x8x8_1x4x1_neon/32/8/real_time",747498,186.292,185.244,ns,,,"8x32x8",,
"dot/dot_int8_int8_int32_8x8x8_1x4x1_neon/32/144/real_time",46512,3031.75,3002.44,ns,,,"8x32x144",,
"dot/dot_int8_int8_int32_8x8x8_1x4x1_neon/32/288/real_time",23243,6026.54,5982.57,ns,,,"8x32x288",,
"dot/dot_int8_int8_int32_8x8x8_1x4x1_neon/32/432/real_time",15432,9017.25,8970.47,ns,,,"8x32x432",,
"dot/dot_int8_int8_int32_8x8x8_1x4x1_neon/32/584/real_time",11530,12588.7,12123.5,ns,,,"8x32x584",,
"dot/dot_int8_int8_int32_8x8x8_1x4x1_neon/64/8/real_time",375110,365.859,362.904,ns,,,"8x64x8",,
"dot/dot_int8_int8_int32_8x8x8_1x4x1_neon/64/72/real_time",46291,3034.98,3014.63,ns,,,"8x64x72",,
"dot/dot_int8_int8_int32_8x8x8_1x4x1_neon/64/152/real_time",21908,6364.71,6329.54,ns,,,"8x64x152",,
"dot/dot_int8_int8_int32_8x8x8_1x4x1_neon/64/232/real_time",14433,9743.97,9637.92,ns,,,"8x64x232",,
"dot/dot_int8_int8_int32_8x8x8_1x4x1_neon/64/312/real_time",10793,13018.7,12951.1,ns,,,"8x64x312",,
"dot/dot_int8_int8_int32_8x4x8_1x4x1_neon/4/8/real_time",4541699,30.4136,30.2316,ns,,,"8x4x8",,
"dot/dot_int8_int8_int32_8x4x8_1x4x1_neon/4/504/real_time",116011,1214.44,1204.46,ns,,,"8x4x504",,
"dot/dot_int8_int8_int32_8x4x8_1x4x1_neon/4/1016/real_time",55257,2433.72,2417.08,ns,,,"8x4x1016",,
"dot/dot_int8_int8_int32_8x4x8_1x4x1_neon/4/1520/real_time",38648,3646.45,3610.93,ns,,,"8x4x1520",,
"dot/dot_int8_int8_int32_8x4x8_1x4x1_neon/4/2032/real_time",28956,4867.22,4823.48,ns,,,"8x4x2032",,
"dot/dot_int8_int8_int32_8x4x8_1x4x1_neon/8/8/real_time",2216564,63.0362,62.4383,ns,,,"8x8x8",,
"dot/dot_int8_int8_int32_8x4x8_1x4x1_neon/8/376/real_time",77655,1811.39,1798.62,ns,,,"8x8x376",,
"dot/dot_int8_int8_int32_8x4x8_1x4x1_neon/8/760/real_time",38039,3637.65,3616.52,ns,,,"8x8x760",,
"dot/dot_int8_int8_int32_8x4x8_1x4x1_neon/8/1136/real_time",25730,5435.68,5397.95,ns,,,"8x8x1136",,
"dot/dot_int8_int8_int32_8x4x8_1x4x1_neon/8/1520/real_time",19270,7270.46,7215.4,ns,,,"8x8x1520",,
"dot/dot_int8_int8_int32_8x4x8_1x4x1_neon/16/8/real_time",1355884,105.348,103.673,ns,,,"8x16x8",,
"dot/dot_int8_int8_int32_8x4x8_1x4x1_neon/16/248/real_time",58687,2415.66,2378.66,ns,,,"8x16x248",,
"dot/dot_int8_int8_int32_8x4x8_1x4x1_neon/16/496/real_time",29301,4745.31,4723.97,ns,,,"8x16x496",,
"dot/dot_int8_int8_int32_8x4x8_1x4x1_neon/16/744/real_time",19658,7108.21,7067.73,ns,,,"8x16x744",,
"dot/dot_int8_int8_int32_8x4x8_1x4x1_neon/16/1000/real_time",14632,9563.91,9492.39,ns,,,"8x16x1000",,
"dot/dot_int8_int8_int32_8x4x8_1x4x1_neon/32/8/real_time",742320,189.267,188.241,ns,,,"8x32x8",,
"dot/dot_int8_int8_int32_8x4x8_1x4x1_neon/32/144/real_time",49289,2783.38,2765.14,ns,,,"8x32x144",,
"dot/dot_int8_int8_int32_8x4x8_1x4x1_neon/32/288/real_time",25320,5515.49,5483.91,ns,,,"8x32x288",,
"dot/dot_int8_int8_int32_8x4x8_1x4x1_neon/32/432/real_time",16890,8269.58,8212.32,ns,,,"8x32x432",,
"dot/dot_int8_int8_int32_8x4x8_1x4x1_neon/32/584/real_time",12589,11202,11092.3,ns,,,"8x32x584",,
"dot/dot_fp32_1xNx1_1x1x1/32/1/real_time",6952752,20.1751,20.0698,ns,,,"1x32x1",,
"dot/dot_fp32_1xNx1_1x1x1/32/46/real_time",625329,221.856,220.2,ns,,,"1x32x46",,
"dot/dot_fp32_1xNx1_1x1x1/32/92/real_time",328461,428.47,424.449,ns,,,"1x32x92",,
"dot/dot_fp32_1xNx1_1x1x1/32/138/real_time",220929,637.723,632.338,ns,,,"1x32x138",,
"dot/dot_fp32_1xNx1_1x1x1/32/185/real_time",164234,847.069,841.798,ns,,,"1x32x185",,
"dot/dot_fp32_1xNx1_1x1x1/64/1/real_time",5916470,23.8116,23.6198,ns,,,"1x64x1",,
"dot/dot_fp32_1xNx1_1x1x1/64/23/real_time",648710,215.983,215.101,ns,,,"1x64x23",,
"dot/dot_fp32_1xNx1_1x1x1/64/46/real_time",340361,409.61,404.189,ns,,,"1x64x46",,
"dot/dot_fp32_1xNx1_1x1x1/64/69/real_time",231560,602.623,597.58,ns,,,"1x64x69",,
"dot/dot_fp32_1xNx1_1x1x1/64/93/real_time",173283,806.573,800.903,ns,,,"1x64x93",,
"dot/dot_fp32_1xNx1_1x1x1/128/1/real_time",4019238,34.4903,34.2413,ns,,,"1x128x1",,
"dot/dot_fp32_1xNx1_1x1x1/128/11/real_time",692043,203.747,201.802,ns,,,"1x128x11",,
"dot/dot_fp32_1xNx1_1x1x1/128/23/real_time",353573,398.206,395.539,ns,,,"1x128x23",,
"dot/dot_fp32_1xNx1_1x1x1/128/34/real_time",241072,577.586,573.741,ns,,,"1x128x34",,
"dot/dot_fp32_1xNx1_1x1x1/128/46/real_time",181792,775.281,768.036,ns,,,"1x128x46",,
"dot/dot_fp32_1xNx1_1x1x1/256/1/real_time",2506006,56.148,55.685,ns,,,"1x256x1",,
"dot/dot_fp32_1xNx1_1x1x1/256/5/real_time",740290,190.574,188.364,ns,,,"1x256x5",,
"dot/dot_fp32_1xNx1_1x1x1/256/11/real_time",364525,381.834,379.294,ns,,,"1x256x11",,
"dot/dot_fp32_1xNx1_1x1x1/256/16/real_time",256007,542.387,539.264,ns,,,"1x256x16",,
"dot/dot_fp32_1xNx1_1x1x1/256/22/real_time",189897,736.377,730.927,ns,,,"1x256x22",,
"dot/dot_fp64_1xNx1_1x1x1/32/1/real_time",5907244,23.9384,23.6749,ns,,,"1x32x1",,
"dot/dot_fp64_1xNx1_1x1x1/32/23/real_time",652137,216.293,214.63,ns,,,"1x32x23",,
"dot/dot_fp64_1xNx1_1x1x1/32/46/real_time",339449,407.654,405.348,ns,,,"1x32x46",,
"dot/dot_fp64_1xNx1_1x1x1/32/69/real_time",231096,618.38,597.919,ns,,,"1x32x69",,
"dot/dot_fp64_1xNx1_1x1x1/32/92/real_time",174456,797.832,793.844,ns,,,"1x32x92",,
"dot/dot_fp64_1xNx1_1x1x1/64/1/real_time",4014817,34.4651,34.2726,ns,,,"1x64x1",,
"dot/dot_fp64_1xNx1_1x1x1/64/11/real_time",685502,204.925,203.338,ns,,,"1x64x11",,
"dot/dot_fp64_1xNx1_1x1x1/64/23/real_time",350294,402.436,399.213,ns,,,"1x64x23",,
"dot/dot_fp64_1xNx1_1x1x1/64/34/real_time",241139,587.076,579.205,ns,,,"1x64x34",,
"dot/dot_fp64_1xNx1_1x1x1/64/46/real_time",180125,783.613,776.218,ns,,,"1x64x46",,
"dot/dot_fp64_1xNx1_1x1x1/128/1/real_time",2496478,56.3708,55.923,ns,,,"1x128x1",,
"dot/dot_fp64_1xNx1_1x1x1/128/5/real_time",738229,189.836,188.89,ns,,,"1x128x5",,
"dot/dot_fp64_1xNx1_1x1x1/128/11/real_time",364028,382.537,380.702,ns,,,"1x128x11",,
"dot/dot_fp64_1xNx1_1x1x1/128/16/real_time",255648,543.344,539.871,ns,,,"1x128x16",,
"dot/dot_fp64_1xNx1_1x1x1/128/22/real_time",188484,738.632,734.668,ns,,,"1x128x22",,
"dot/dot_fp64_1xNx1_1x1x1/256/1/real_time",1000000,100.552,99.4874,ns,,,"1x256x1",,
"dot/dot_fp64_1xNx1_1x1x1/256/2/real_time",856238,163.922,162.979,ns,,,"1x256x2",,
"dot/dot_fp64_1xNx1_1x1x1/256/5/real_time",390934,359.579,357.023,ns,,,"1x256x5",,
"dot/dot_fp64_1xNx1_1x1x1/256/7/real_time",288688,489.789,484.473,ns,,,"1x256x7",,
"dot/dot_fp64_1xNx1_1x1x1/256/10/real_time",207087,685.09,673.966,ns,,,"1x256x10",,
"dot/dot_fp16_fp16_fp32_1xNx1_1x1x1/32/1/real_time",3743303,37.3062,36.9919,ns,,,"1x32x1",,
"dot/dot_fp16_fp16_fp32_1xNx1_1x1x1/32/92/real_time",74165,1890.89,1883.43,ns,,,"1x32x92",,
"dot/dot_fp16_fp16_fp32_1xNx1_1x1x1/32/185/real_time",36685,3793.4,3769.85,ns,,,"1x32x185",,
"dot/dot_fp16_fp16_fp32_1xNx1_1x1x1/32/277/real_time",24782,5891.55,5636.31,ns,,,"1x32x277",,
"dot/dot_fp16_fp16_fp32_1xNx1_1x1x1/32/370/real_time",18507,7561.35,7516.93,ns,,,"1x32x370",,
"dot/dot_fp16_fp16_fp32_1xNx1_1x1x1/64/1/real_time",2497931,55.5934,55.2417,ns,,,"1x64x1",,
"dot/dot_fp16_fp16_fp32_1xNx1_1x1x1/64/46/real_time",76751,1834.92,1820.85,ns,,,"1x64x46",,
"dot/dot_fp16_fp16_fp32_1xNx1_1x1x1/64/93/real_time",38159,3681.65,3663.18,ns,,,"1x64x93",,
"dot/dot_fp16_fp16_fp32_1xNx1_1x1x1/64/140/real_time",25207,5541.13,5504.08,ns,,,"1x64x140",,
"dot/dot_fp16_fp16_fp32_1xNx1_1x1x1/64/187/real_time",18872,7424.14,7346.82,ns,,,"1x64x187",,
"dot/dot_fp16_fp16_fp32_1xNx1_1x1x1/128/1/real_time",1454518,96.0508,95.5973,ns,,,"1x128x1",,
"dot/dot_fp16_fp16_fp32_1xNx1_1x1x1/128/23/real_time",77588,1803.56,1793.62,ns,,,"1x128x23",,
"dot/dot_fp16_fp16_fp32_1xNx1_1x1x1/128/46/real_time",39176,3590.23,3565.11,ns,,,"1x128x46",,
"dot/dot_fp16_fp16_fp32_1xNx1_1x1x1/128/69/real_time",25888,5366.89,5338.45,ns,,,"1x128x69",,
"dot/dot_fp16_fp16_fp32_1xNx1_1x1x1/128/93/real_time",19269,7229.98,7186.26,ns,,,"1x128x93",,
"dot/dot_fp16_fp16_fp32_1xNx1_1x1x1/256/1/real_time",759452,184.848,179.966,ns,,,"1x256x1",,
"dot/dot_fp16_fp16_fp32_1xNx1_1x1x1/256/11/real_time",81737,1718.15,1708.68,ns,,,"1x256x11",,
"dot/dot_fp16_fp16_fp32_1xNx1_1x1x1/256/22/real_time",40272,3407.84,3388.98,ns,,,"1x256x22",,
"dot/dot_fp16_fp16_fp32_1xNx1_1x1x1/256/33/real_time",27278,5091.8,5069.38,ns,,,"1x256x33",,
"dot/dot_fp16_fp16_fp32_1xNx1_1x1x1/256/45/real_time",20142,6941.5,6903.15,ns,,,"1x256x45",,
"dot/dot_bf16_bf16_fp32_1xNx1_1x1x1/32/1/real_time",6465759,21.8104,21.5935,ns,,,"1x32x1",,
"dot/dot_bf16_bf16_fp32_1xNx1_1x1x1/32/92/real_time",335973,420.902,415.963,ns,,,"1x32x92",,
"dot/dot_bf16_bf16_fp32_1xNx1_1x1x1/32/185/real_time",170356,824.579,818.917,ns,,,"1x32x185",,
"dot/dot_bf16_bf16_fp32_1xNx1_1x1x1/32/277/real_time",114715,1222.65,1217.97,ns,,,"1x32x277",,
"dot/dot_bf16_bf16_fp32_1xNx1_1x1x1/32/370/real_time",85215,1633.44,1620.83,ns,,,"1x32x370",,
"dot/dot_bf16_bf16_fp32_1xNx1_1x1x1/64/1/real_time",5827554,24.3789,24.0515,ns,,,"1x64x1",,
"dot/dot_bf16_bf16_fp32_1xNx1_1x1x1/64/46/real_time",343780,410.102,406.215,ns,,,"1x64x46",,
"dot/dot_bf16_bf16_fp32_1xNx1_1x1x1/64/93/real_time",173803,808.334,800.519,ns,,,"1x64x93",,
"dot/dot_bf16_bf16_fp32_1xNx1_1x1x1/64/140/real_time",116967,1202.12,1193.71,ns,,,"1x64x140",,
"dot/dot_bf16_bf16_fp32_1xNx1_1x1x1/64/187/real_time",87806,1598.07,1586.37,ns,,,"1x64x187",,
"dot/dot_bf16_bf16_fp32_1xNx1_1x1x1/128/1/real_time",4022092,35.1412,34.7223,ns,,,"1x128x1",,
"dot/dot_bf16_bf16_fp32_1xNx1_1x1x1/128/23/real_time",345047,405.865,404.829,ns,,,"1x128x23",,
"dot/dot_bf16_bf16_fp32_1xNx1_1x1x1/128/46/real_time",175174,793.752,786.673,ns,,,"1x128x46",,
"dot/dot_bf16_bf16_fp32_1xNx1_1x1x1/128/69/real_time",119547,1173.42,1168.85,ns,,,"1x128x69",,
"dot/dot_bf16_bf16_fp32_1xNx1_1x1x1/128/93/real_time",89181,1584.29,1566.59,ns,,,"1x128x93",,
"dot/dot_bf16_bf16_fp32_1xNx1_1x1x1/256/1/real_time",2398511,58.7318,58.2108,ns,,,"1x256x1",,
"dot/dot_bf16_bf16_fp32_1xNx1_1x1x1/256/11/real_time",354466,396.817,393.858,ns,,,"1x256x11",,
"dot/dot_bf16_bf16_fp32_1xNx1_1x1x1/256/22/real_time",182796,763.64,759.054,ns,,,"1x256x22",,
"dot/dot_bf16_bf16_fp32_1xNx1_1x1x1/256/33/real_time",121387,1130.43,1124.12,ns,,,"1x256x33",,
"dot/dot_bf16_bf16_fp32_1xNx1_1x1x1/256/45/real_time",91601,1540.84,1522.89,ns,,,"1x256x45",,
"dot/dot_int8_int8_int32_1xNx1_1x1x1/32/1/real_time",7585154,18.5126,18.4349,ns,,,"1x32x1",,
"dot/dot_int8_int8_int32_1xNx1_1x1x1/32/185/real_time",166381,839.603,835.554,ns,,,"1x32x185",,
"dot/dot_int8_int8_int32_1xNx1_1x1x1/32/370/real_time",82139,1667.77,1656.82,ns,,,"1x32x370",,
"dot/dot_int8_int8_int32_1xNx1_1x1x1/32/555/real_time",56268,2500.23,2479.08,ns,,,"1x32x555",,
"dot/dot_int8_int8_int32_1xNx1_1x1x1/32/740/real_time",42194,3322.8,3299.34,ns,,,"1x32x740",,
"dot/dot_int8_int8_int32_1xNx1_1x1x1/64/1/real_time",5773459,23.8037,23.7416,ns,,,"1x64x1",,
"dot/dot_int8_int8_int32_1xNx1_1x1x1/64/93/real_time",292455,477.852,474.747,ns,,,"1x64x93",,
"dot/dot_int8_int8_int32_1xNx1_1x1x1/64/187/real_time",148733,940.422,934.589,ns,,,"1x64x187",,
"dot/dot_int8_int8_int32_1xNx1_1x1x1/64/280/real_time",100432,1413.81,1388.39,ns,,,"1x64x280",,
"dot/dot_int8_int8_int32_1xNx1_1x1x1/64/374/real_time",75578,1851.66,1846.74,ns,,,"1x64x374",,
"dot/dot_int8_int8_int32_1xNx1_1x1x1/128/1/real_time",4218790,32.87,32.6824,ns,,,"1x128x1",,
"dot/dot_int8_int8_int32_1xNx1_1x1x1/128/46/real_time",298087,467.721,465.004,ns,,,"1x128x46",,
"dot/dot_int8_int8_int32_1xNx1_1x1x1/128/93/real_time",151300,922.885,917.179,ns,,,"1x128x93",,
"dot/dot_int8_int8_int32_1xNx1_1x1x1/128/139/real_time",102569,1377.03,1360.06,ns,,,"1x128x139",,
"dot/dot_int8_int8_int32_1xNx1_1x1x1/128/186/real_time",76997,1822.67,1811.9,ns,,,"1x128x186",,
"dot/dot_int8_int8_int32_1xNx1_1x1x1/256/1/real_time",3091843,45.1414,44.9238,ns,,,"1x256x1",,
"dot/dot_int8_int8_int32_1xNx1_1x1x1/256/22/real_time",307262,452.057,449.375,ns,,,"1x256x22",,
"dot/dot_int8_int8_int32_1xNx1_1x1x1/256/45/real_time",156474,895.466,888.831,ns,,,"1x256x45",,
"dot/dot_int8_int8_int32_1xNx1_1x1x1/256/68/real_time",94055,1336.66,1327.88,ns,,,"1x256x68",,
"dot/dot_int8_int8_int32_1xNx1_1x1x1/256/91/real_time",79004,1778.88,1767.5,ns,,,"1x256x91",,
"dot/dot_uint8_int8_int32_1xNx1_1x1x1/32/1/real_time",6987199,19.6801,19.5211,ns,,,"1x32x1",,
"dot/dot_uint8_int8_int32_1xNx1_1x1x1/32/185/real_time",146992,951.169,945.952,ns,,,"1x32x185",,
"dot/dot_uint8_int8_int32_1xNx1_1x1x1/32/370/real_time",71490,1885.92,1876.27,ns,,,"1x32x370",,
"dot/dot_uint8_int8_int32_1xNx1_1x1x1/32/555/real_time",49729,2821.95,2807.74,ns,,,"1x32x555",,
"dot/dot_uint8_int8_int32_1xNx1_1x1x1/32/740/real_time",36998,3753.66,3738.71,ns,,,"1x32x740",,
"dot/dot_uint8_int8_int32_1xNx1_1x1x1/64/1/real_time",4813017,26.2868,23.9119,ns,,,"1x64x1",,
"dot/dot_uint8_int8_int32_1xNx1_1x1x1/64/93/real_time",149950,930.772,926.512,ns,,,"1x64x93",,
"dot/dot_uint8_int8_int32_1xNx1_1x1x1/64/187/real_time",75644,1882.1,1844.94,ns,,,"1x64x187",,
"dot/dot_uint8_int8_int32_1xNx1_1x1x1/64/280/real_time",50824,2770.25,2749.46,ns,,,"1x64x280",,
"dot/dot_uint8_int8_int32_1xNx1_1x1x1/64/374/real_time",38232,3681.61,3655.88,ns,,,"1x64x374",,
"dot/dot_uint8_int8_int32_1xNx1_1x1x1/128/1/real_time",3696985,37.1444,36.8446,ns,,,"1x128x1",,
"dot/dot_uint8_int8_int32_1xNx1_1x1x1/128/46/real_time",153739,911.356,905.047,ns,,,"1x128x46",,
"dot/dot_uint8_int8_int32_1xNx1_1x1x1/128/93/real_time",75662,1820.14,1808.13,ns,,,"1x128x93",,
"dot/dot_uint8_int8_int32_1xNx1_1x1x1/128/139/real_time",51776,2714.54,2694.75,ns,,,"1x128x139",,
"dot/dot_uint8_int8_int32_1xNx1_1x1x1/128/186/real_time",38834,3621.71,3598.62,ns,,,"1x128x186",,
"dot/dot_uint8_int8_int32_1xNx1_1x1x1/256/1/real_time",2230519,62.1725,61.7958,ns,,,"1x256x1",,
"dot/dot_uint8_int8_int32_1xNx1_1x1x1/256/22/real_time",160777,873.998,866.447,ns,,,"1x256x22",,
"dot/dot_uint8_int8_int32_1xNx1_1x1x1/256/45/real_time",80179,1754.52,1743.84,ns,,,"1x256x45",,
"dot/dot_uint8_int8_int32_1xNx1_1x1x1/256/68/real_time",52333,2638.38,2622.44,ns,,,"1x256x68",,
"dot/dot_uint8_int8_int32_1xNx1_1x1x1/256/91/real_time",39879,3553.08,3502.27,ns,,,"1x256x91",,
"dot/dot_int8_int4_int32_1xNx2_1x1x2/32/2/real_time",6446855,21.7674,21.6507,ns,,,"1x32x2",,
"dot/dot_int8_int4_int32_1xNx2_1x1x2/32/358/real_time",108140,1314.86,1296.94,ns,,,"1x32x358",,
"dot/dot_int8_int4_int32_1xNx2_1x1x2/32/718/real_time",52036,2627.09,2591.78,ns,,,"1x32x718",,
"dot/dot_int8_int4_int32_1xNx2_1x1x2/32/1078/real_time",35560,3919.14,3884.84,ns,,,"1x32x1078",,
"dot/dot_int8_int4_int32_1xNx2_1x1x2/32/1438/real_time",26817,5200.18,5173.06,ns,,,"1x32x1438",,
"dot/dot_int8_int4_int32_1xNx2_1x1x2/64/2/real_time",4817969,28.9245,28.7086,ns,,,"1x64x2",,
"dot/dot_int8_int4_int32_1xNx2_1x1x2/64/184/real_time",109168,1285.32,1278.58,ns,,,"1x64x184",,
"dot/dot_int8_int4_int32_1xNx2_1x1x2/64/368/real_time",54000,2567.51,2544.55,ns,,,"1x64x368",,
"dot/dot_int8_int4_int32_1xNx2_1x1x2/64/552/real_time",36634,3852.42,3815.27,ns,,,"1x64x552",,
"dot/dot_int8_int4_int32_1xNx2_1x1x2/64/736/real_time",27474,5152.62,5092.15,ns,,,"1x64x736",,
"dot/dot_int8_int4_int32_1xNx2_1x1x2/128/2/real_time",3115650,45.3325,44.8078,ns,,,"1x128x2",,
"dot/dot_int8_int4_int32_1xNx2_1x1x2/128/92/real_time",109171,1289.7,1280.43,ns,,,"1x128x92",,
"dot/dot_int8_int4_int32_1xNx2_1x1x2/128/184/real_time",54960,2574.96,2540.48,ns,,,"1x128x184",,
"dot/dot_int8_int4_int32_1xNx2_1x1x2/128/276/real_time",36797,3836.41,3799.91,ns,,,"1x128x276",,
"dot/dot_int8_int4_int32_1xNx2_1x1x2/128/370/real_time",27266,5129.92,5085.14,ns,,,"1x128x370",,
"dot/dot_int8_int4_int32_1xNx2_1x1x2/256/2/real_time",1747324,80.7059,79.5162,ns,,,"1x256x2",,
"dot/dot_int8_int4_int32_1xNx2_1x1x2/256/44/real_time",113683,1236.78,1228.49,ns,,,"1x256x44",,
"dot/dot_int8_int4_int32_1xNx2_1x1x2/256/90/real_time",55277,2496.56,2484.73,ns,,,"1x256x90",,
"dot/dot_int8_int4_int32_1xNx2_1x1x2/256/136/real_time",37307,3823.38,3741.37,ns,,,"1x256x136",,
"dot/dot_int8_int4_int32_1xNx2_1x1x2/256/182/real_time",27334,5031.71,4997.47,ns,,,"1x256x182",,
"dot/dot_int8_int2_int32_1xNx4_1x1x4/32/4/real_time",5012602,27.6921,27.5286,ns,,,"1x32x4",,
"dot/dot_int8_int2_int32_1xNx4_1x1x4/32/676/real_time",49679,2790.06,2765.27,ns,,,"1x32x676",,
"dot/dot_int8_int2_int32_1xNx4_1x1x4/32/1356/real_time",25192,5603.46,5538.97,ns,,,"1x32x1356",,
"dot/dot_int8_int2_int32_1xNx4_1x1x4/32/2036/real_time",16686,8339.24,8304.89,ns,,,"1x32x2036",,
"dot/dot_int8_int2_int32_1xNx4_1x1x4/32/2716/real_time",12592,11190,11074,ns,,,"1x32x2716",,
"dot/dot_int8_int2_int32_1xNx4_1x1x4/64/4/real_time",3269844,42.9919,42.7966,ns,,,"1x64x4",,
"dot/dot_int8_int2_int32_1xNx4_1x1x4/64/356/real_time",50343,2692.17,2678,ns,,,"1x64x356",,
"dot/dot_int8_int2_int32_1xNx4_1x1x4/64/712/real_time",26012,5366.34,5338.27,ns,,,"1x64x712",,
"dot/dot_int8_int2_int32_1xNx4_1x1x4/64/1068/real_time",17382,8054.06,7998.3,ns,,,"1x64x1068",,
"dot/dot_int8_int2_int32_1xNx4_1x1x4/64/1428/real_time",12797,10777.7,10688.9,ns,,,"1x64x1428",,
"dot/dot_int8_int2_int32_1xNx4_1x1x4/128/4/real_time",1924203,72.782,72.2368,ns,,,"1x128x4",,
"dot/dot_int8_int2_int32_1xNx4_1x1x4/128/180/real_time",53906,2614.07,2589.1,ns,,,"1x128x180",,
"dot/dot_int8_int2_int32_1xNx4_1x1x4/128/364/real_time",26782,5261.93,5217.12,ns,,,"1x128x364",,
"dot/dot_int8_int2_int32_1xNx4_1x1x4/128/544/real_time",17922,7866.75,7788.1,ns,,,"1x128x544",,
"dot/dot_int8_int2_int32_1xNx4_1x1x4/128/728/real_time",13420,10491.7,10414.9,ns,,,"1x128x728",,
"dot/dot_int8_int2_int32_1xNx4_1x1x4/256/4/real_time",919237,138.585,135.336,ns,,,"1x256x4",,
"dot/dot_int8_int2_int32_1xNx4_1x1x4/256/88/real_time",56317,2533.91,2480.02,ns,,,"1x256x88",,
"dot/dot_int8_int2_int32_1xNx4_1x1x4/256/180/real_time",27408,5079.41,5045.84,ns,,,"1x256x180",,
"dot/dot_int8_int2_int32_1xNx4_1x1x4/256/268/real_time",18537,7579.68,7501.94,ns,,,"1x256x268",,
"dot/dot_int8_int2_int32_1xNx4_1x1x4/256/360/real_time",13853,10113.7,10068.1,ns,,,"1x256x360",,
