name,iterations,real_time,cpu_time,time_unit,bytes_per_second,items_per_second,label,error_occurred,error_message,"block_k","block_m","block_n","k","m","n","tile_k","tile_m","tile_n"
"dot/dot_fp32_sme2/0/0/real_time",,,,,,,,false,"Unsupported hardware",,,,,,,,,
"dot/dot_bf16_bf16_fp32_sme2/0/0/real_time",,,,,,,,false,"Unsupported hardware",,,,,,,,,
"dot/dot_fp16_fp16_fp32_sme2/0/0/real_time",,,,,,,,false,"Unsupported hardware",,,,,,,,,
"dot/dot_int8_int8_int32_sme2/0/0/real_time",,,,,,,,false,"Unsupported hardware",,,,,,,,,
"dot/dot_fp32_sme/0/0/real_time",,,,,,,,false,"Unsupported hardware",,,,,,,,,
"dot/dot_bf16_bf16_fp32_sme/0/0/real_time",,,,,,,,false,"Unsupported hardware",,,,,,,,,
"dot/dot_fp16_fp16_fp32_sme/0/0/real_time",,,,,,,,false,"Unsupported hardware",,,,,,,,,
"dot/dot_int8_int8_int32_sme/0/0/real_time",,,,,,,,false,"Unsupported hardware",,,,,,,,,
"dot/dot_int8_int4_int32_sme/0/0/real_time",,,,,,,,false,"Unsupported hardware",,,,,,,,,
"dot/dot_int8_int2_int32_sme/0/0/real_time",,,,,,,,false,"Unsupported hardware",,,,,,,,,
"dot/dot_fp8_e5m2_fp8_e5m2_fp32_1x64x8_1x4x4_neonfp8dot4/64/8/real_time",,,,,,,,false,"Unsupported hardware",8,1,64,,,,4,1,4
"dot/dot_fp8_e5m2_fp8_e5m2_fp32_1x64x8_1x4x4_neonfp8dot4/64/88/real_time",,,,,,,,false,"Unsupported hardware",8,1,64,,,,4,1,4
"dot/dot_fp8_e5m2_fp8_e5m2_fp32_1x64x8_1x4x4_neonfp8dot4/64/184/real_time",,,,,,,,false,"Unsupported hardware",8,1,64,,,,4,1,4
"dot/dot_fp8_e5m2_fp8_e5m2_fp32_1x64x8_1x4x4_neonfp8dot4/64/272/real_time",,,,,,,,false,"Unsupported hardware",8,1,64,,,,4,1,4
"dot/dot_fp8_e5m2_fp8_e5m2_fp32_1x64x8_1x4x4_neonfp8dot4/64/368/real_time",,,,,,,,false,"Unsupported hardware",8,1,64,,,,4,1,4
"dot/dot_fp8_e5m2_fp8_e5m2_fp32_1x64x8_1x4x4_neonfp8dot4/128/8/real_time",,,,,,,,false,"Unsupported hardware",8,1,64,,,,4,1,4
"dot/dot_fp8_e5m2_fp8_e5m2_fp32_1x64x8_1x4x4_neonfp8dot4/128/40/real_time",,,,,,,,false,"Unsupported hardware",8,1,64,,,,4,1,4
"dot/dot_fp8_e5m2_fp8_e5m2_fp32_1x64x8_1x4x4_neonfp8dot4/128/88/real_time",,,,,,,,false,"Unsupported hardware",8,1,64,,,,4,1,4
"dot/dot_fp8_e5m2_fp8_e5m2_fp32_1x64x8_1x4x4_neonfp8dot4/128/136/real_time",,,,,,,,false,"Unsupported hardware",8,1,64,,,,4,1,4
"dot/dot_fp8_e5m2_fp8_e5m2_fp32_1x64x8_1x4x4_neonfp8dot4/128/184/real_time",,,,,,,,false,"Unsupported hardware",8,1,64,,,,4,1,4
"dot/dot_fp8_e5m2_fp8_e5m2_fp32_1x64x8_1x4x4_neonfp8dot4/256/8/real_time",,,,,,,,false,"Unsupported hardware",8,1,64,,,,4,1,4
"dot/dot_fp8_e5m2_fp8_e5m2_fp32_1x64x8_1x4x4_neonfp8dot4/256/16/real_time",,,,,,,,false,"Unsupported hardware",8,1,64,,,,4,1,4
"dot/dot_fp8_e5m2_fp8_e5m2_fp32_1x64x8_1x4x4_neonfp8dot4/256/40/real_time",,,,,,,,false,"Unsupported hardware",8,1,64,,,,4,1,4
"dot/dot_fp8_e5m2_fp8_e5m2_fp32_1x64x8_1x4x4_neonfp8dot4/256/64/real_time",,,,,,,,false,"Unsupported hardware",8,1,64,,,,4,1,4
"dot/dot_fp8_e5m2_fp8_e5m2_fp32_1x64x8_1x4x4_neonfp8dot4/256/88/real_time",,,,,,,,false,"Unsupported hardware",8,1,64,,,,4,1,4
"dot/dot_fp8_e5m2_fp8_e5m2_fp32_1x64x8_1x4x4_neonfp8dot4/512/8/real_time",,,,,,,,false,"Unsupported hardware",8,1,64,,,,4,1,4
"dot/dot_fp8_e5m2_fp8_e5m2_fp32_1x64x8_1x4x4_neonfp8dot4/512/16/real_time",,,,,,,,false,"Unsupported hardware",8,1,64,,,,4,1,4
"dot/dot_fp8_e5m2_fp8_e5m2_fp32_1x64x8_1x4x4_neonfp8dot4/512/24/real_time",,,,,,,,false,"Unsupported hardware",8,1,64,,,,4,1,4
"dot/dot_fp8_e5m2_fp8_e5m2_fp32_1x64x8_1x4x4_neonfp8dot4/512/40/real_time",,,,,,,,false,"Unsupported hardware",8,1,64,,,,4,1,4
"dot/dot_fp8_e5m2_fp8_e5m2_fp32_1x32x8_1x4x4_neonfp8dot4/32/8/real_time",,,,,,,,false,"Unsupported hardware",8,1,32,,,,4,1,4
"dot/dot_fp8_e5m2_fp8_e5m2_fp32_1x32x8_1x4x4_neonfp8dot4/32/184/real_time",,,,,,,,false,"Unsupported hardware",8,1,32,,,,4,1,4
"dot/dot_fp8_e5m2_fp8_e5m2_fp32_1x32x8_1x4x4_neonfp8dot4/32/368/real_time",,,,,,,,false,"Unsupported hardware",8,1,32,,,,4,1,4
"dot/dot_fp8_e5m2_fp8_e5m2_fp32_1x32x8_1x4x4_neonfp8dot4/32/552/real_time",,,,,,,,false,"Unsupported hardware",8,1,32,,,,4,1,4
"dot/dot_fp8_e5m2_fp8_e5m2_fp32_1x32x8_1x4x4_neonfp8dot4/32/736/real_time",,,,,,,,false,"Unsupported hardware",8,1,32,,,,4,1,4
"dot/dot_fp8_e5m2_fp8_e5m2_fp32_1x32x8_1x4x4_neonfp8dot4/64/8/real_time",,,,,,,,false,"Unsupported hardware",8,1,32,,,,4,1,4
"dot/dot_fp8_e5m2_fp8_e5m2_fp32_1x32x8_1x4x4_neonfp8dot4/64/88/real_time",,,,,,,,false,"Unsupported hardware",8,1,32,,,,4,1,4
"dot/dot_fp8_e5m2_fp8_e5m2_fp32_1x32x8_1x4x4_neonfp8dot4/64/184/real_time",,,,,,,,false,"Unsupported hardware",8,1,32,,,,4,1,4
"dot/dot_fp8_e5m2_fp8_e5m2_fp32_1x32x8_1x4x4_neonfp8dot4/64/272/real_time",,,,,,,,false,"Unsupported hardware",8,1,32,,,,4,1,4
"dot/dot_fp8_e5m2_fp8_e5m2_fp32_1x32x8_1x4x4_neonfp8dot4/64/368/real_time",,,,,,,,false,"Unsupported hardware",8,1,32,,,,4,1,4
"dot/dot_fp8_e5m2_fp8_e5m2_fp32_1x32x8_1x4x4_neonfp8dot4/128/8/real_time",,,,,,,,false,"Unsupported hardware",8,1,32,,,,4,1,4
"dot/dot_fp8_e5m2_fp8_e5m2_fp32_1x32x8_1x4x4_neonfp8dot4/128/40/real_time",,,,,,,,false,"Unsupported hardware",8,1,32,,,,4,1,4
"dot/dot_fp8_e5m2_fp8_e5m2_fp32_1x32x8_1x4x4_neonfp8dot4/128/88/real_time",,,,,,,,false,"Unsupported hardware",8,1,32,,,,4,1,4
"dot/dot_fp8_e5m2_fp8_e5m2_fp32_1x32x8_1x4x4_neonfp8dot4/128/136/real_time",,,,,,,,false,"Unsupported hardware",8,1,32,,,,4,1,4
"dot/dot_fp8_e5m2_fp8_e5m2_fp32_1x32x8_1x4x4_neonfp8dot4/128/184/real_time",,,,,,,,false,"Unsupported hardware",8,1,32,,,,4,1,4
"dot/dot_fp8_e5m2_fp8_e5m2_fp32_1x32x8_1x4x4_neonfp8dot4/256/8/real_time",,,,,,,,false,"Unsupported hardware",8,1,32,,,,4,1,4
"dot/dot_fp8_e5m2_fp8_e5m2_fp32_1x32x8_1x4x4_neonfp8dot4/256/16/real_time",,,,,,,,false,"Unsupported hardware",8,1,32,,,,4,1,4
"dot/dot_fp8_e5m2_fp8_e5m2_fp32_1x32x8_1x4x4_neonfp8dot4/256/40/real_time",,,,,,,,false,"Unsupported hardware",8,1,32,,,,4,1,4
"dot/dot_fp8_e5m2_fp8_e5m2_fp32_1x32x8_1x4x4_neonfp8dot4/256/64/real_time",,,,,,,,false,"Unsupported hardware",8,1,32,,,,4,1,4
"dot/dot_fp8_e5m2_fp8_e5m2_fp32_1x32x8_1x4x4_neonfp8dot4/256/88/real_time",,,,,,,,false,"Unsupported hardware",8,1,32,,,,4,1,4
"dot/dot_fp8_e5m2_fp8_e5m2_fp32_2x32x8_1x4x4_neonfp8dot4/32/8/real_time",,,,,,,,false,"Unsupported hardware",8,2,32,,,,4,1,4
"dot/dot_fp8_e5m2_fp8_e5m2_fp32_2x32x8_1x4x4_neonfp8dot4/32/176/real_time",,,,,,,,false,"Unsupported hardware",8,2,32,,,,4,1,4
"dot/dot_fp8_e5m2_fp8_e5m2_fp32_2x32x8_1x4x4_neonfp8dot4/32/352/real_time",,,,,,,,false,"Unsupported hardware",8,2,32,,,,4,1,4
"dot/dot_fp8_e5m2_fp8_e5m2_fp32_2x32x8_1x4x4_neonfp8dot4/32/528/real_time",,,,,,,,false,"Unsupported hardware",8,2,32,,,,4,1,4
"dot/dot_fp8_e5m2_fp8_e5m2_fp32_2x32x8_1x4x4_neonfp8dot4/32/712/real_time",,,,,,,,false,"Unsupported hardware",8,2,32,,,,4,1,4
"dot/dot_fp8_e5m2_fp8_e5m2_fp32_2x32x8_1x4x4_neonfp8dot4/64/8/real_time",,,,,,,,false,"Unsupported hardware",8,2,32,,,,4,1,4
"dot/dot_fp8_e5m2_fp8_e5m2_fp32_2x32x8_1x4x4_neonfp8dot4/64/88/real_time",,,,,,,,false,"Unsupported hardware",8,2,32,,,,4,1,4
"dot/dot_fp8_e5m2_fp8_e5m2_fp32_2x32x8_1x4x4_neonfp8dot4/64/176/real_time",,,,,,,,false,"Unsupported hardware",8,2,32,,,,4,1,4
"dot/dot_fp8_e5m2_fp8_e5m2_fp32_2x32x8_1x4x4_neonfp8dot4/64/264/real_time",,,,,,,,false,"Unsupported hardware",8,2,32,,,,4,1,4
"dot/dot_fp8_e5m2_fp8_e5m2_fp32_2x32x8_1x4x4_neonfp8dot4/64/360/real_time",,,,,,,,false,"Unsupported hardware",8,2,32,,,,4,1,4
"dot/dot_fp8_e5m2_fp8_e5m2_fp32_2x32x8_1x4x4_neonfp8dot4/128/8/real_time",,,,,,,,false,"Unsupported hardware",8,2,32,,,,4,1,4
"dot/dot_fp8_e5m2_fp8_e5m2_fp32_2x32x8_1x4x4_neonfp8dot4/128/40/real_time",,,,,,,,false,"Unsupported hardware",8,2,32,,,,4,1,4
"dot/dot_fp8_e5m2_fp8_e5m2_fp32_2x32x8_1x4x4_neonfp8dot4/128/88/real_time",,,,,,,,false,"Unsupported hardware",8,2,32,,,,4,1,4
"dot/dot_fp8_e5m2_fp8_e5m2_fp32_2x32x8_1x4x4_neonfp8dot4/128/128/real_time",,,,,,,,false,"Unsupported hardware",8,2,32,,,,4,1,4
"dot/dot_fp8_e5m2_fp8_e5m2_fp32_2x32x8_1x4x4_neonfp8dot4/128/176/real_time",,,,,,,,false,"Unsupported hardware",8,2,32,,,,4,1,4
"dot/dot_fp8_e5m2_fp8_e5m2_fp32_2x32x8_1x4x4_neonfp8dot4/256/8/real_time",,,,,,,,false,"Unsupported hardware",8,2,32,,,,4,1,4
"dot/dot_fp8_e5m2_fp8_e5m2_fp32_2x32x8_1x4x4_neonfp8dot4/256/16/real_time",,,,,,,,false,"Unsupported hardware",8,2,32,,,,4,1,4
"dot/dot_fp8_e5m2_fp8_e5m2_fp32_2x32x8_1x4x4_neonfp8dot4/256/40/real_time",,,,,,,,false,"Unsupported hardware",8,2,32,,,,4,1,4
"dot/dot_fp8_e5m2_fp8_e5m2_fp32_2x32x8_1x4x4_neonfp8dot4/256/56/real_time",,,,,,,,false,"Unsupported hardware",8,2,32,,,,4,1,4
"dot/dot_fp8_e5m2_fp8_e5m2_fp32_2x32x8_1x4x4_neonfp8dot4/256/80/real_time",,,,,,,,false,"Unsupported hardware",8,2,32,,,,4,1,4
"dot/dot_fp8_e5m2_fp8_e5m2_fp32_3x32x8_1x4x4_neonfp8dot4/32/8/real_time",,,,,,,,false,"Unsupported hardware",8,3,32,,,,4,1,4
"dot/dot_fp8_e5m2_fp8_e5m2_fp32_3x32x8_1x4x4_neonfp8dot4/32/168/real_time",,,,,,,,false,"Unsupported hardware",8,3,32,,,,4,1,4
"dot/dot_fp8_e5m2_fp8_e5m2_fp32_3x32x8_1x4x4_neonfp8dot4/32/344/real_time",,,,,,,,false,"Unsupported hardware",8,3,32,,,,4,1,4
"dot/dot_fp8_e5m2_fp8_e5m2_fp32_3x32x8_1x4x4_neonfp8dot4/32/512/real_time",,,,,,,,false,"Unsupported hardware",8,3,32,,,,4,1,4
"dot/dot_fp8_e5m2_fp8_e5m2_fp32_3x32x8_1x4x4_neonfp8dot4/32/688/real_time",,,,,,,,false,"Unsupported hardware",8,3,32,,,,4,1,4
"dot/dot_fp8_e5m2_fp8_e5m2_fp32_3x32x8_1x4x4_neonfp8dot4/64/8/real_time",,,,,,,,false,"Unsupported hardware",8,3,32,,,,4,1,4
"dot/dot_fp8_e5m2_fp8_e5m2_fp32_3x32x8_1x4x4_neonfp8dot4/64/88/real_time",,,,,,,,false,"Unsupported hardware",8,3,32,,,,4,1,4
"dot/dot_fp8_e5m2_fp8_e5m2_fp32_3x32x8_1x4x4_neonfp8dot4/64/176/real_time",,,,,,,,false,"Unsupported hardware",8,3,32,,,,4,1,4
"dot/dot_fp8_e5m2_fp8_e5m2_fp32_3x32x8_1x4x4_neonfp8dot4/64/264/real_time",,,,,,,,false,"Unsupported hardware",8,3,32,,,,4,1,4
"dot/dot_fp8_e5m2_fp8_e5m2_fp32_3x32x8_1x4x4_neonfp8dot4/64/352/real_time",,,,,,,,false,"Unsupported hardware",8,3,32,,,,4,1,4
"dot/dot_fp8_e5m2_fp8_e5m2_fp32_3x32x8_1x4x4_neonfp8dot4/128/8/real_time",,,,,,,,false,"Unsupported hardware",8,3,32,,,,4,1,4
"dot/dot_fp8_e5m2_fp8_e5m2_fp32_3x32x8_1x4x4_neonfp8dot4/128/40/real_time",,,,,,,,false,"Unsupported hardware",8,3,32,,,,4,1,4
"dot/dot_fp8_e5m2_fp8_e5m2_fp32_3x32x8_1x4x4_neonfp8dot4/128/80/real_time",,,,,,,,false,"Unsupported hardware",8,3,32,,,,4,1,4
"dot/dot_fp8_e5m2_fp8_e5m2_fp32_3x32x8_1x4x4_neonfp8dot4/128/120/real_time",,,,,,,,false,"Unsupported hardware",8,3,32,,,,4,1,4
"dot/dot_fp8_e5m2_fp8_e5m2_fp32_3x32x8_1x4x4_neonfp8dot4/128/168/real_time",,,,,,,,false,"Unsupported hardware",8,3,32,,,,4,1,4
"dot/dot_fp8_e5m2_fp8_e5m2_fp32_3x32x8_1x4x4_neonfp8dot4/256/8/real_time",,,,,,,,false,"Unsupported hardware",8,3,32,,,,4,1,4
"dot/dot_fp8_e5m2_fp8_e5m2_fp32_3x32x8_1x4x4_neonfp8dot4/256/16/real_time",,,,,,,,false,"Unsupported hardware",8,3,32,,,,4,1,4
"dot/dot_fp8_e5m2_fp8_e5m2_fp32_3x32x8_1x4x4_neonfp8dot4/256/40/real_time",,,,,,,,false,"Unsupported hardware",8,3,32,,,,4,1,4
"dot/dot_fp8_e5m2_fp8_e5m2_fp32_3x32x8_1x4x4_neonfp8dot4/256/56/real_time",,,,,,,,false,"Unsupported hardware",8,3,32,,,,4,1,4
"dot/dot_fp8_e5m2_fp8_e5m2_fp32_3x32x8_1x4x4_neonfp8dot4/256/80/real_time",,,,,,,,false,"Unsupported hardware",8,3,32,,,,4,1,4
"dot/dot_fp8_e5m2_fp8_e5m2_fp32_1x16x8_1x4x4_neonfp8dot4/16/8/real_time",,,,,,,,false,"Unsupported hardware",8,1,16,,,,4,1,4
"dot/dot_fp8_e5m2_fp8_e5m2_fp32_1x16x8_1x4x4_neonfp8dot4/16/360/real_time",,,,,,,,false,"Unsupported hardware",8,1,16,,,,4,1,4
"dot/dot_fp8_e5m2_fp8_e5m2_fp32_1x16x8_1x4x4_neonfp8dot4/16/720/real_time",,,,,,,,false,"Unsupported hardware",8,1,16,,,,4,1,4
"dot/dot_fp8_e5m2_fp8_e5m2_fp32_1x16x8_1x4x4_neonfp8dot4/16/1080/real_time",,,,,,,,false,"Unsupported hardware",8,1,16,,,,4,1,4
"dot/dot_fp8_e5m2_fp8_e5m2_fp32_1x16x8_1x4x4_neonfp8dot4/16/1440/real_time",,,,,,,,false,"Unsupported hardware",8,1,16,,,,4,1,4
"dot/dot_fp8_e5m2_fp8_e5m2_fp32_1x16x8_1x4x4_neonfp8dot4/32/8/real_time",,,,,,,,false,"Unsupported hardware",8,1,16,,,,4,1,4
"dot/dot_fp8_e5m2_fp8_e5m2_fp32_1x16x8_1x4x4_neonfp8dot4/32/184/real_time",,,,,,,,false,"Unsupported hardware",8,1,16,,,,4,1,4
"dot/dot_fp8_e5m2_fp8_e5m2_fp32_1x16x8_1x4x4_neonfp8dot4/32/368/real_time",,,,,,,,false,"Unsupported hardware",8,1,16,,,,4,1,4
"dot/dot_fp8_e5m2_fp8_e5m2_fp32_1x16x8_1x4x4_neonfp8dot4/32/552/real_time",,,,,,,,false,"Unsupported hardware",8,1,16,,,,4,1,4
"dot/dot_fp8_e5m2_fp8_e5m2_fp32_1x16x8_1x4x4_neonfp8dot4/32/736/real_time",,,,,,,,false,"Unsupported hardware",8,1,16,,,,4,1,4
"dot/dot_fp8_e5m2_fp8_e5m2_fp32_1x16x8_1x4x4_neonfp8dot4/64/8/real_time",,,,,,,,false,"Unsupported hardware",8,1,16,,,,4,1,4
"dot/dot_fp8_e5m2_fp8_e5m2_fp32_1x16x8_1x4x4_neonfp8dot4/64/88/real_time",,,,,,,,false,"Unsupported hardware",8,1,16,,,,4,1,4
"dot/dot_fp8_e5m2_fp8_e5m2_fp32_1x16x8_1x4x4_neonfp8dot4/64/184/real_time",,,,,,,,false,"Unsupported hardware",8,1,16,,,,4,1,4
"dot/dot_fp8_e5m2_fp8_e5m2_fp32_1x16x8_1x4x4_neonfp8dot4/64/272/real_time",,,,,,,,false,"Unsupported hardware",8,1,16,,,,4,1,4
"dot/dot_fp8_e5m2_fp8_e5m2_fp32_1x16x8_1x4x4_neonfp8dot4/64/368/real_time",,,,,,,,false,"Unsupported hardware",8,1,16,,,,4,1,4
"dot/dot_fp8_e5m2_fp8_e5m2_fp32_1x16x8_1x4x4_neonfp8dot4/128/8/real_time",,,,,,,,false,"Unsupported hardware",8,1,16,,,,4,1,4
"dot/dot_fp8_e5m2_fp8_e5m2_fp32_1x16x8_1x4x4_neonfp8dot4/128/40/real_time",,,,,,,,false,"Unsupported hardware",8,1,16,,,,4,1,4
"dot/dot_fp8_e5m2_fp8_e5m2_fp32_1x16x8_1x4x4_neonfp8dot4/128/88/real_time",,,,,,,,false,"Unsupported hardware",8,1,16,,,,4,1,4
"dot/dot_fp8_e5m2_fp8_e5m2_fp32_1x16x8_1x4x4_neonfp8dot4/128/136/real_time",,,,,,,,false,"Unsupported hardware",8,1,16,,,,4,1,4
"dot/dot_fp8_e5m2_fp8_e5m2_fp32_1x16x8_1x4x4_neonfp8dot4/128/184/real_time",,,,,,,,false,"Unsupported hardware",8,1,16,,,,4,1,4
"dot/dot_fp8_e5m2_fp8_e5m2_fp32_2x16x8_1x4x4_neonfp8dot4/16/8/real_time",,,,,,,,false,"Unsupported hardware",8,2,16,,,,4,1,4
"dot/dot_fp8_e5m2_fp8_e5m2_fp32_2x16x8_1x4x4_neonfp8dot4/16/336/real_time",,,,,,,,false,"Unsupported hardware",8,2,16,,,,4,1,4
"dot/dot_fp8_e5m2_fp8_e5m2_fp32_2x16x8_1x4x4_neonfp8dot4/16/672/real_time",,,,,,,,false,"Unsupported hardware",8,2,16,,,,4,1,4
"dot/dot_fp8_e5m2_fp8_e5m2_fp32_2x16x8_1x4x4_neonfp8dot4/16/1008/real_time",,,,,,,,false,"Unsupported hardware",8,2,16,,,,4,1,4
"dot/dot_fp8_e5m2_fp8_e5m2_fp32_2x16x8_1x4x4_neonfp8dot4/16/1352/real_time",,,,,,,,false,"Unsupported hardware",8,2,16,,,,4,1,4
"dot/dot_fp8_e5m2_fp8_e5m2_fp32_2x16x8_1x4x4_neonfp8dot4/32/8/real_time",,,,,,,,false,"Unsupported hardware",8,2,16,,,,4,1,4
"dot/dot_fp8_e5m2_fp8_e5m2_fp32_2x16x8_1x4x4_neonfp8dot4/32/176/real_time",,,,,,,,false,"Unsupported hardware",8,2,16,,,,4,1,4
"dot/dot_fp8_e5m2_fp8_e5m2_fp32_2x16x8_1x4x4_neonfp8dot4/32/352/real_time",,,,,,,,false,"Unsupported hardware",8,2,16,,,,4,1,4
"dot/dot_fp8_e5m2_fp8_e5m2_fp32_2x16x8_1x4x4_neonfp8dot4/32/528/real_time",,,,,,,,false,"Unsupported hardware",8,2,16,,,,4,1,4
"dot/dot_fp8_e5m2_fp8_e5m2_fp32_2x16x8_1x4x4_neonfp8dot4/32/712/real_time",,,,,,,,false,"Unsupported hardware",8,2,16,,,,4,1,4
"dot/dot_fp8_e5m2_fp8_e5m2_fp32_2x16x8_1x4x4_neonfp8dot4/64/8/real_time",,,,,,,,false,"Unsupported hardware",8,2,16,,,,4,1,4
"dot/dot_fp8_e5m2_fp8_e5m2_fp32_2x16x8_1x4x4_neonfp8dot4/64/88/real_time",,,,,,,,false,"Unsupported hardware",8,2,16,,,,4,1,4
"dot/dot_fp8_e5m2_fp8_e5m2_fp32_2x16x8_1x4x4_neonfp8dot4/64/176/real_time",,,,,,,,false,"Unsupported hardware",8,2,16,,,,4,1,4
"dot/dot_fp8_e5m2_fp8_e5m2_fp32_2x16x8_1x4x4_neonfp8dot4/64/264/real_time",,,,,,,,false,"Unsupported hardware",8,2,16,,,,4,1,4
"dot/dot_fp8_e5m2_fp8_e5m2_fp32_2x16x8_1x4x4_neonfp8dot4/64/360/real_time",,,,,,,,false,"Unsupported hardware",8,2,16,,,,4,1,4
"dot/dot_fp8_e5m2_fp8_e5m2_fp32_2x16x8_1x4x4_neonfp8dot4/128/8/real_time",,,,,,,,false,"Unsupported hardware",8,2,16,,,,4,1,4
"dot/dot_fp8_e5m2_fp8_e5m2_fp32_2x16x8_1x4x4_neonfp8dot4/128/40/real_time",,,,,,,,false,"Unsupported hardware",8,2,16,,,,4,1,4
"dot/dot_fp8_e5m2_fp8_e5m2_fp32_2x16x8_1x4x4_neonfp8dot4/128/88/real_time",,,,,,,,false,"Unsupported hardware",8,2,16,,,,4,1,4
"dot/dot_fp8_e5m2_fp8_e5m2_fp32_2x16x8_1x4x4_neonfp8dot4/128/128/real_time",,,,,,,,false,"Unsupported hardware",8,2,16,,,,4,1,4
"dot/dot_fp8_e5m2_fp8_e5m2_fp32_2x16x8_1x4x4_neonfp8dot4/128/176/real_time",,,,,,,,false,"Unsupported hardware",8,2,16,,,,4,1,4
"dot/dot_fp8_e5m2_fp8_e5m2_fp32_3x16x8_1x4x4_neonfp8dot4/16/8/real_time",,,,,,,,false,"Unsupported hardware",8,3,16,,,,4,1,4
"dot/dot_fp8_e5m2_fp8_e5m2_fp32_3x16x8_1x4x4_neonfp8dot4/16/320/real_time",,,,,,,,false,"Unsupported hardware",8,3,16,,,,4,1,4
"dot/dot_fp8_e5m2_fp8_e5m2_fp32_3x16x8_1x4x4_neonfp8dot4/16/640/real_time",,,,,,,,false,"Unsupported hardware",8,3,16,,,,4,1,4
"dot/dot_fp8_e5m2_fp8_e5m2_fp32_3x16x8_1x4x4_neonfp8dot4/16/960/real_time",,,,,,,,false,"Unsupported hardware",8,3,16,,,,4,1,4
"dot/dot_fp8_e5m2_fp8_e5m2_fp32_3x16x8_1x4x4_neonfp8dot4/16/1280/real_time",,,,,,,,false,"Unsupported hardware",8,3,16,,,,4,1,4
"dot/dot_fp8_e5m2_fp8_e5m2_fp32_3x16x8_1x4x4_neonfp8dot4/32/8/real_time",,,,,,,,false,"Unsupported hardware",8,3,16,,,,4,1,4
"dot/dot_fp8_e5m2_fp8_e5m2_fp32_3x16x8_1x4x4_neonfp8dot4/32/168/real_time",,,,,,,,false,"Unsupported hardware",8,3,16,,,,4,1,4
"dot/dot_fp8_e5m2_fp8_e5m2_fp32_3x16x8_1x4x4_neonfp8dot4/32/344/real_time",,,,,,,,false,"Unsupported hardware",8,3,16,,,,4,1,4
"dot/dot_fp8_e5m2_fp8_e5m2_fp32_3x16x8_1x4x4_neonfp8dot4/32/512/real_time",,,,,,,,false,"Unsupported hardware",8,3,16,,,,4,1,4
"dot/dot_fp8_e5m2_fp8_e5m2_fp32_3x16x8_1x4x4_neonfp8dot4/32/688/real_time",,,,,,,,false,"Unsupported hardware",8,3,16,,,,4,1,4
"dot/dot_fp8_e5m2_fp8_e5m2_fp32_3x16x8_1x4x4_neonfp8dot4/64/8/real_time",,,,,,,,false,"Unsupported hardware",8,3,16,,,,4,1,4
"dot/dot_fp8_e5m2_fp8_e5m2_fp32_3x16x8_1x4x4_neonfp8dot4/64/88/real_time",,,,,,,,false,"Unsupported hardware",8,3,16,,,,4,1,4
"dot/dot_fp8_e5m2_fp8_e5m2_fp32_3x16x8_1x4x4_neonfp8dot4/64/176/real_time",,,,,,,,false,"Unsupported hardware",8,3,16,,,,4,1,4
"dot/dot_fp8_e5m2_fp8_e5m2_fp32_3x16x8_1x4x4_neonfp8dot4/64/264/real_time",,,,,,,,false,"Unsupported hardware",8,3,16,,,,4,1,4
"dot/dot_fp8_e5m2_fp8_e5m2_fp32_3x16x8_1x4x4_neonfp8dot4/64/352/real_time",,,,,,,,false,"Unsupported hardware",8,3,16,,,,4,1,4
"dot/dot_fp8_e5m2_fp8_e5m2_fp32_3x16x8_1x4x4_neonfp8dot4/128/8/real_time",,,,,,,,false,"Unsupported hardware",8,3,16,,,,4,1,4
"dot/dot_fp8_e5m2_fp8_e5m2_fp32_3x16x8_1x4x4_neonfp8dot4/128/40/real_time",,,,,,,,false,"Unsupported hardware",8,3,16,,,,4,1,4
"dot/dot_fp8_e5m2_fp8_e5m2_fp32_3x16x8_1x4x4_neonfp8dot4/128/80/real_time",,,,,,,,false,"Unsupported hardware",8,3,16,,,,4,1,4
"dot/dot_fp8_e5m2_fp8_e5m2_fp32_3x16x8_1x4x4_neonfp8dot4/128/120/real_time",,,,,,,,false,"Unsupported hardware",8,3,16,,,,4,1,4
"dot/dot_fp8_e5m2_fp8_e5m2_fp32_3x16x8_1x4x4_neonfp8dot4/128/168/real_time",,,,,,,,false,"Unsupported hardware",8,3,16,,,,4,1,4
"dot/dot_fp8_e5m2_fp8_e5m2_fp32_4x16x8_1x4x4_neonfp8dot4/16/8/real_time",,,,,,,,false,"Unsupported hardware",8,4,16,,,,4,1,4
"dot/dot_fp8_e5m2_fp8_e5m2_fp32_4x16x8_1x4x4_neonfp8dot4/16/304/real_time",,,,,,,,false,"Unsupported hardware",8,4,16,,,,4,1,4
"dot/dot_fp8_e5m2_fp8_e5m2_fp32_4x16x8_1x4x4_neonfp8dot4/16/608/real_time",,,,,,,,false,"Unsupported hardware",8,4,16,,,,4,1,4
"dot/dot_fp8_e5m2_fp8_e5m2_fp32_4x16x8_1x4x4_neonfp8dot4/16/912/real_time",,,,,,,,false,"Unsupported hardware",8,4,16,,,,4,1,4
"dot/dot_fp8_e5m2_fp8_e5m2_fp32_4x16x8_1x4x4_neonfp8dot4/16/1216/real_time",,,,,,,,false,"Unsupported hardware",8,4,16,,,,4,1,4
"dot/dot_fp8_e5m2_fp8_e5m2_fp32_4x16x8_1x4x4_neonfp8dot4/32/8/real_time",,,,,,,,false,"Unsupported hardware",8,4,16,,,,4,1,4
"dot/dot_fp8_e5m2_fp8_e5m2_fp32_4x16x8_1x4x4_neonfp8dot4/32/160/real_time",,,,,,,,false,"Unsupported hardware",8,4,16,,,,4,1,4
"dot/dot_fp8_e5m2_fp8_e5m2_fp32_4x16x8_1x4x4_neonfp8dot4/32/328/real_time",,,,,,,,false,"Unsupported hardware",8,4,16,,,,4,1,4
"dot/dot_fp8_e5m2_fp8_e5m2_fp32_4x16x8_1x4x4_neonfp8dot4/32/496/real_time",,,,,,,,false,"Unsupported hardware",8,4,16,,,,4,1,4
"dot/dot_fp8_e5m2_fp8_e5m2_fp32_4x16x8_1x4x4_neonfp8dot4/32/664/real_time",,,,,,,,false,"Unsupported hardware",8,4,16,,,,4,1,4
"dot/dot_fp8_e5m2_fp8_e5m2_fp32_4x16x8_1x4x4_neonfp8dot4/64/8/real_time",,,,,,,,false,"Unsupported hardware",8,4,16,,,,4,1,4
"dot/dot_fp8_e5m2_fp8_e5m2_fp32_4x16x8_1x4x4_neonfp8dot4/64/80/real_time",,,,,,,,false,"Unsupported hardware",8,4,16,,,,4,1,4
"dot/dot_fp8_e5m2_fp8_e5m2_fp32_4x16x8_1x4x4_neonfp8dot4/64/168/real_time",,,,,,,,false,"Unsupported hardware",8,4,16,,,,4,1,4
"dot/dot_fp8_e5m2_fp8_e5m2_fp32_4x16x8_1x4x4_neonfp8dot4/64/256/real_time",,,,,,,,false,"Unsupported hardware",8,4,16,,,,4,1,4
"dot/dot_fp8_e5m2_fp8_e5m2_fp32_4x16x8_1x4x4_neonfp8dot4/64/344/real_time",,,,,,,,false,"Unsupported hardware",8,4,16,,,,4,1,4
"dot/dot_fp8_e5m2_fp8_e5m2_fp32_4x16x8_1x4x4_neonfp8dot4/128/8/real_time",,,,,,,,false,"Unsupported hardware",8,4,16,,,,4,1,4
"dot/dot_fp8_e5m2_fp8_e5m2_fp32_4x16x8_1x4x4_neonfp8dot4/128/40/real_time",,,,,,,,false,"Unsupported hardware",8,4,16,,,,4,1,4
"dot/dot_fp8_e5m2_fp8_e5m2_fp32_4x16x8_1x4x4_neonfp8dot4/128/80/real_time",,,,,,,,false,"Unsupported hardware",8,4,16,,,,4,1,4
"dot/dot_fp8_e5m2_fp8_e5m2_fp32_4x16x8_1x4x4_neonfp8dot4/128/120/real_time",,,,,,,,false,"Unsupported hardware",8,4,16,,,,4,1,4
"dot/dot_fp8_e5m2_fp8_e5m2_fp32_4x16x8_1x4x4_neonfp8dot4/128/168/real_time",,,,,,,,false,"Unsupported hardware",8,4,16,,,,4,1,4
"dot/dot_fp8_e5m2_fp8_e5m2_fp32_5x16x8_1x4x4_neonfp8dot4/16/8/real_time",,,,,,,,false,"Unsupported hardware",8,5,16,,,,4,1,4
"dot/dot_fp8_e5m2_fp8_e5m2_fp32_5x16x8_1x4x4_neonfp8dot4/16/288/real_time",,,,,,,,false,"Unsupported hardware",8,5,16,,,,4,1,4
"dot/dot_fp8_e5m2_fp8_e5m2_fp32_5x16x8_1x4x4_neonfp8dot4/16/576/real_time",,,,,,,,false,"Unsupported hardware",8,5,16,,,,4,1,4
"dot/dot_fp8_e5m2_fp8_e5m2_fp32_5x16x8_1x4x4_neonfp8dot4/16/864/real_time",,,,,,,,false,"Unsupported hardware",8,5,16,,,,4,1,4
"dot/dot_fp8_e5m2_fp8_e5m2_fp32_5x16x8_1x4x4_neonfp8dot4/16/1152/real_time",,,,,,,,false,"Unsupported hardware",8,5,16,,,,4,1,4
"dot/dot_fp8_e5m2_fp8_e5m2_fp32_5x16x8_1x4x4_neonfp8dot4/32/8/real_time",,,,,,,,false,"Unsupported hardware",8,5,16,,,,4,1,4
"dot/dot_fp8_e5m2_fp8_e5m2_fp32_5x16x8_1x4x4_neonfp8dot4/32/160/real_time",,,,,,,,false,"Unsupported hardware",8,5,16,,,,4,1,4
"dot/dot_fp8_e5m2_fp8_e5m2_fp32_5x16x8_1x4x4_neonfp8dot4/32/320/real_time",,,,,,,,false,"Unsupported hardware",8,5,16,,,,4,1,4
"dot/dot_fp8_e5m2_fp8_e5m2_fp32_5x16x8_1x4x4_neonfp8dot4/32/480/real_time",,,,,,,,false,"Unsupported hardware",8,5,16,,,,4,1,4
"dot/dot_fp8_e5m2_fp8_e5m2_fp32_5x16x8_1x4x4_neonfp8dot4/32/640/real_time",,,,,,,,false,"Unsupported hardware",8,5,16,,,,4,1,4
"dot/dot_fp8_e5m2_fp8_e5m2_fp32_5x16x8_1x4x4_neonfp8dot4/64/8/real_time",,,,,,,,false,"Unsupported hardware",8,5,16,,,,4,1,4
"dot/dot_fp8_e5m2_fp8_e5m2_fp32_5x16x8_1x4x4_neonfp8dot4/64/80/real_time",,,,,,,,false,"Unsupported hardware",8,5,16,,,,4,1,4
"dot/dot_fp8_e5m2_fp8_e5m2_fp32_5x16x8_1x4x4_neonfp8dot4/64/168/real_time",,,,,,,,false,"Unsupported hardware",8,5,16,,,,4,1,4
"dot/dot_fp8_e5m2_fp8_e5m2_fp32_5x16x8_1x4x4_neonfp8dot4/64/248/real_time",,,,,,,,false,"Unsupported hardware",8,5,16,,,,4,1,4
"dot/dot_fp8_e5m2_fp8_e5m2_fp32_5x16x8_1x4x4_neonfp8dot4/64/336/real_time",,,,,,,,false,"Unsupported hardware",8,5,16,,,,4,1,4
"dot/dot_fp8_e5m2_fp8_e5m2_fp32_5x16x8_1x4x4_neonfp8dot4/128/8/real_time",,,,,,,,false,"Unsupported hardware",8,5,16,,,,4,1,4
"dot/dot_fp8_e5m2_fp8_e5m2_fp32_5x16x8_1x4x4_neonfp8dot4/128/40/real_time",,,,,,,,false,"Unsupported hardware",8,5,16,,,,4,1,4
"dot/dot_fp8_e5m2_fp8_e5m2_fp32_5x16x8_1x4x4_neonfp8dot4/128/80/real_time",,,,,,,,false,"Unsupported hardware",8,5,16,,,,4,1,4
"dot/dot_fp8_e5m2_fp8_e5m2_fp32_5x16x8_1x4x4_neonfp8dot4/128/120/real_time",,,,,,,,false,"Unsupported hardware",8,5,16,,,,4,1,4
"dot/dot_fp8_e5m2_fp8_e5m2_fp32_5x16x8_1x4x4_neonfp8dot4/128/160/real_time",,,,,,,,false,"Unsupported hardware",8,5,16,,,,4,1,4
"dot/dot_fp8_e5m2_fp8_e5m2_fp32_1x8x8_1x4x4_neonfp8dot4/8/8/real_time",,,,,,,,false,"Unsupported hardware",8,1,8,,,,4,1,4
"dot/dot_fp8_e5m2_fp8_e5m2_fp32_1x8x8_1x4x4_neonfp8dot4/8/680/real_time",,,,,,,,false,"Unsupported hardware",8,1,8,,,,4,1,4
"dot/dot_fp8_e5m2_fp8_e5m2_fp32_1x8x8_1x4x4_neonfp8dot4/8/1360/real_time",,,,,,,,false,"Unsupported hardware",8,1,8,,,,4,1,4
"dot/dot_fp8_e5m2_fp8_e5m2_fp32_1x8x8_1x4x4_neonfp8dot4/8/2040/real_time",,,,,,,,false,"Unsupported hardware",8,1,8,,,,4,1,4
"dot/dot_fp8_e5m2_fp8_e5m2_fp32_1x8x8_1x4x4_neonfp8dot4/8/2720/real_time",,,,,,,,false,"Unsupported hardware",8,1,8,,,,4,1,4
"dot/dot_fp8_e5m2_fp8_e5m2_fp32_1x8x8_1x4x4_neonfp8dot4/16/8/real_time",,,,,,,,false,"Unsupported hardware",8,1,8,,,,4,1,4
"dot/dot_fp8_e5m2_fp8_e5m2_fp32_1x8x8_1x4x4_neonfp8dot4/16/360/real_time",,,,,,,,false,"Unsupported hardware",8,1,8,,,,4,1,4
"dot/dot_fp8_e5m2_fp8_e5m2_fp32_1x8x8_1x4x4_neonfp8dot4/16/720/real_time",,,,,,,,false,"Unsupported hardware",8,1,8,,,,4,1,4
"dot/dot_fp8_e5m2_fp8_e5m2_fp32_1x8x8_1x4x4_neonfp8dot4/16/1080/real_time",,,,,,,,false,"Unsupported hardware",8,1,8,,,,4,1,4
"dot/dot_fp8_e5m2_fp8_e5m2_fp32_1x8x8_1x4x4_neonfp8dot4/16/1440/real_time",,,,,,,,false,"Unsupported hardware",8,1,8,,,,4,1,4
"dot/dot_fp8_e5m2_fp8_e5m2_fp32_1x8x8_1x4x4_neonfp8dot4/32/8/real_time",,,,,,,,false,"Unsupported hardware",8,1,8,,,,4,1,4
"dot/dot_fp8_e5m2_fp8_e5m2_fp32_1x8x8_1x4x4_neonfp8dot4/32/184/real_time",,,,,,,,false,"Unsupported hardware",8,1,8,,,,4,1,4
"dot/dot_fp8_e5m2_fp8_e5m2_fp32_1x8x8_1x4x4_neonfp8dot4/32/368/real_time",,,,,,,,false,"Unsupported hardware",8,1,8,,,,4,1,4
"dot/dot_fp8_e5m2_fp8_e5m2_fp32_1x8x8_1x4x4_neonfp8dot4/32/552/real_time",,,,,,,,false,"Unsupported hardware",8,1,8,,,,4,1,4
"dot/dot_fp8_e5m2_fp8_e5m2_fp32_1x8x8_1x4x4_neonfp8dot4/32/736/real_time",,,,,,,,false,"Unsupported hardware",8,1,8,,,,4,1,4
"dot/dot_fp8_e5m2_fp8_e5m2_fp32_1x8x8_1x4x4_neonfp8dot4/64/8/real_time",,,,,,,,false,"Unsupported hardware",8,1,8,,,,4,1,4
"dot/dot_fp8_e5m2_fp8_e5m2_fp32_1x8x8_1x4x4_neonfp8dot4/64/88/real_time",,,,,,,,false,"Unsupported hardware",8,1,8,,,,4,1,4
"dot/dot_fp8_e5m2_fp8_e5m2_fp32_1x8x8_1x4x4_neonfp8dot4/64/184/real_time",,,,,,,,false,"Unsupported hardware",8,1,8,,,,4,1,4
"dot/dot_fp8_e5m2_fp8_e5m2_fp32_1x8x8_1x4x4_neonfp8dot4/64/272/real_time",,,,,,,,false,"Unsupported hardware",8,1,8,,,,4,1,4
"dot/dot_fp8_e5m2_fp8_e5m2_fp32_1x8x8_1x4x4_neonfp8dot4/64/368/real_time",,,,,,,,false,"Unsupported hardware",8,1,8,,,,4,1,4
"dot/dot_fp8_e5m2_fp8_e5m2_fp32_8x8x8_1x4x4_neonfp8dot4/8/8/real_time",,,,,,,,false,"Unsupported hardware",8,8,8,,,,4,1,4
"dot/dot_fp8_e5m2_fp8_e5m2_fp32_8x8x8_1x4x4_neonfp8dot4/8/376/real_time",,,,,,,,false,"Unsupported hardware",8,8,8,,,,4,1,4
"dot/dot_fp8_e5m2_fp8_e5m2_fp32_8x8x8_1x4x4_neonfp8dot4/8/760/real_time",,,,,,,,false,"Unsupported hardware",8,8,8,,,,4,1,4
"dot/dot_fp8_e5m2_fp8_e5m2_fp32_8x8x8_1x4x4_neonfp8dot4/8/1136/real_time",,,,,,,,false,"Unsupported hardware",8,8,8,,,,4,1,4
"dot/dot_fp8_e5m2_fp8_e5m2_fp32_8x8x8_1x4x4_neonfp8dot4/8/1520/real_time",,,,,,,,false,"Unsupported hardware",8,8,8,,,,4,1,4
"dot/dot_fp8_e5m2_fp8_e5m2_fp32_8x8x8_1x4x4_neonfp8dot4/16/8/real_time",,,,,,,,false,"Unsupported hardware",8,8,8,,,,4,1,4
"dot/dot_fp8_e5m2_fp8_e5m2_fp32_8x8x8_1x4x4_neonfp8dot4/16/248/real_time",,,,,,,,false,"Unsupported hardware",8,8,8,,,,4,1,4
"dot/dot_fp8_e5m2_fp8_e5m2_fp32_8x8x8_1x4x4_neonfp8dot4/16/496/real_time",,,,,,,,false,"Unsupported hardware",8,8,8,,,,4,1,4
"dot/dot_fp8_e5m2_fp8_e5m2_fp32_8x8x8_1x4x4_neonfp8dot4/16/744/real_time",,,,,,,,false,"Unsupported hardware",8,8,8,,,,4,1,4
"dot/dot_fp8_e5m2_fp8_e5m2_fp32_8x8x8_1x4x4_neonfp8dot4/16/1000/real_time",,,,,,,,false,"Unsupported hardware",8,8,8,,,,4,1,4
"dot/dot_fp8_e5m2_fp8_e5m2_fp32_8x8x8_1x4x4_neonfp8dot4/32/8/real_time",,,,,,,,false,"Unsupported hardware",8,8,8,,,,4,1,4
"dot/dot_fp8_e5m2_fp8_e5m2_fp32_8x8x8_1x4x4_neonfp8dot4/32/144/real_time",,,,,,,,false,"Unsupported hardware",8,8,8,,,,4,1,4
"dot/dot_fp8_e5m2_fp8_e5m2_fp32_8x8x8_1x4x4_neonfp8dot4/32/288/real_time",,,,,,,,false,"Unsupported hardware",8,8,8,,,,4,1,4
"dot/dot_fp8_e5m2_fp8_e5m2_fp32_8x8x8_1x4x4_neonfp8dot4/32/432/real_time",,,,,,,,false,"Unsupported hardware",8,8,8,,,,4,1,4
"dot/dot_fp8_e5m2_fp8_e5m2_fp32_8x8x8_1x4x4_neonfp8dot4/32/584/real_time",,,,,,,,false,"Unsupported hardware",8,8,8,,,,4,1,4
"dot/dot_fp8_e5m2_fp8_e5m2_fp32_8x8x8_1x4x4_neonfp8dot4/64/8/real_time",,,,,,,,false,"Unsupported hardware",8,8,8,,,,4,1,4
"dot/dot_fp8_e5m2_fp8_e5m2_fp32_8x8x8_1x4x4_neonfp8dot4/64/72/real_time",,,,,,,,false,"Unsupported hardware",8,8,8,,,,4,1,4
"dot/dot_fp8_e5m2_fp8_e5m2_fp32_8x8x8_1x4x4_neonfp8dot4/64/152/real_time",,,,,,,,false,"Unsupported hardware",8,8,8,,,,4,1,4
"dot/dot_fp8_e5m2_fp8_e5m2_fp32_8x8x8_1x4x4_neonfp8dot4/64/232/real_time",,,,,,,,false,"Unsupported hardware",8,8,8,,,,4,1,4
"dot/dot_fp8_e5m2_fp8_e5m2_fp32_8x8x8_1x4x4_neonfp8dot4/64/312/real_time",,,,,,,,false,"Unsupported hardware",8,8,8,,,,4,1,4
"dot/dot_fp8_e5m2_fp8_e5m2_fp32_10x8x8_1x4x4_neonfp8dot4/8/8/real_time",,,,,,,,false,"Unsupported hardware",8,10,8,,,,4,1,4
"dot/dot_fp8_e5m2_fp8_e5m2_fp32_10x8x8_1x4x4_neonfp8dot4/8/336/real_time",,,,,,,,false,"Unsupported hardware",8,10,8,,,,4,1,4
"dot/dot_fp8_e5m2_fp8_e5m2_fp32_10x8x8_1x4x4_neonfp8dot4/8/672/real_time",,,,,,,,false,"Unsupported hardware",8,10,8,,,,4,1,4
"dot/dot_fp8_e5m2_fp8_e5m2_fp32_10x8x8_1x4x4_neonfp8dot4/8/1008/real_time",,,,,,,,false,"Unsupported hardware",8,10,8,,,,4,1,4
"dot/dot_fp8_e5m2_fp8_e5m2_fp32_10x8x8_1x4x4_neonfp8dot4/8/1344/real_time",,,,,,,,false,"Unsupported hardware",8,10,8,,,,4,1,4
"dot/dot_fp8_e5m2_fp8_e5m2_fp32_10x8x8_1x4x4_neonfp8dot4/16/8/real_time",,,,,,,,false,"Unsupported hardware",8,10,8,,,,4,1,4
"dot/dot_fp8_e5m2_fp8_e5m2_fp32_10x8x8_1x4x4_neonfp8dot4/16/224/real_time",,,,,,,,false,"Unsupported hardware",8,10,8,,,,4,1,4
"dot/dot_fp8_e5m2_fp8_e5m2_fp32_10x8x8_1x4x4_neonfp8dot4/16/456/real_time",,,,,,,,false,"Unsupported hardware",8,10,8,,,,4,1,4
"dot/dot_fp8_e5m2_fp8_e5m2_fp32_10x8x8_1x4x4_neonfp8dot4/16/688/real_time",,,,,,,,false,"Unsupported hardware",8,10,8,,,,4,1,4
"dot/dot_fp8_e5m2_fp8_e5m2_fp32_10x8x8_1x4x4_neonfp8dot4/16/920/real_time",,,,,,,,false,"Unsupported hardware",8,10,8,,,,4,1,4
"dot/dot_fp8_e5m2_fp8_e5m2_fp32_10x8x8_1x4x4_neonfp8dot4/32/8/real_time",,,,,,,,false,"Unsupported hardware",8,10,8,,,,4,1,4
"dot/dot_fp8_e5m2_fp8_e5m2_fp32_10x8x8_1x4x4_neonfp8dot4/32/136/real_time",,,,,,,,false,"Unsupported hardware",8,10,8,,,,4,1,4
"dot/dot_fp8_e5m2_fp8_e5m2_fp32_10x8x8_1x4x4_neonfp8dot4/32/272/real_time",,,,,,,,false,"Unsupported hardware",8,10,8,,,,4,1,4
"dot/dot_fp8_e5m2_fp8_e5m2_fp32_10x8x8_1x4x4_neonfp8dot4/32/408/real_time",,,,,,,,false,"Unsupported hardware",8,10,8,,,,4,1,4
"dot/dot_fp8_e5m2_fp8_e5m2_fp32_10x8x8_1x4x4_neonfp8dot4/32/552/real_time",,,,,,,,false,"Unsupported hardware",8,10,8,,,,4,1,4
"dot/dot_fp8_e5m2_fp8_e5m2_fp32_10x8x8_1x4x4_neonfp8dot4/64/8/real_time",,,,,,,,false,"Unsupported hardware",8,10,8,,,,4,1,4
"dot/dot_fp8_e5m2_fp8_e5m2_fp32_10x8x8_1x4x4_neonfp8dot4/64/72/real_time",,,,,,,,false,"Unsupported hardware",8,10,8,,,,4,1,4
"dot/dot_fp8_e5m2_fp8_e5m2_fp32_10x8x8_1x4x4_neonfp8dot4/64/144/real_time",,,,,,,,false,"Unsupported hardware",8,10,8,,,,4,1,4
"dot/dot_fp8_e5m2_fp8_e5m2_fp32_10x8x8_1x4x4_neonfp8dot4/64/216/real_time",,,,,,,,false,"Unsupported hardware",8,10,8,,,,4,1,4
"dot/dot_fp8_e5m2_fp8_e5m2_fp32_10x8x8_1x4x4_neonfp8dot4/64/296/real_time",,,,,,,,false,"Unsupported hardware",8,10,8,,,,4,1,4
"dot/dot_fp8_e5m2_fp8_e5m2_fp32_8x4x8_1x4x4_neonfp8dot4/4/8/real_time",,,,,,,,false,"Unsupported hardware",8,8,4,,,,4,1,4
"dot/dot_fp8_e5m2_fp8_e5m2_fp32_8x4x8_1x4x4_neonfp8dot4/4/504/real_time",,,,,,,,false,"Unsupported hardware",8,8,4,,,,4,1,4
"dot/dot_fp8_e5m2_fp8_e5m2_fp32_8x4x8_1x4x4_neonfp8dot4/4/1016/real_time",,,,,,,,false,"Unsupported hardware",8,8,4,,,,4,1,4
"dot/dot_fp8_e5m2_fp8_e5m2_fp32_8x4x8_1x4x4_neonfp8dot4/4/1520/real_time",,,,,,,,false,"Unsupported hardware",8,8,4,,,,4,1,4
"dot/dot_fp8_e5m2_fp8_e5m2_fp32_8x4x8_1x4x4_neonfp8dot4/4/2032/real_time",,,,,,,,false,"Unsupported hardware",8,8,4,,,,4,1,4
"dot/dot_fp8_e5m2_fp8_e5m2_fp32_8x4x8_1x4x4_neonfp8dot4/8/8/real_time",,,,,,,,false,"Unsupported hardware",8,8,4,,,,4,1,4
"dot/dot_fp8_e5m2_fp8_e5m2_fp32_8x4x8_1x4x4_neonfp8dot4/8/376/real_time",,,,,,,,false,"Unsupported hardware",8,8,4,,,,4,1,4
"dot/dot_fp8_e5m2_fp8_e5m2_fp32_8x4x8_1x4x4_neonfp8dot4/8/760/real_time",,,,,,,,false,"Unsupported hardware",8,8,4,,,,4,1,4
"dot/dot_fp8_e5m2_fp8_e5m2_fp32_8x4x8_1x4x4_neonfp8dot4/8/1136/real_time",,,,,,,,false,"Unsupported hardware",8,8,4,,,,4,1,4
"dot/dot_fp8_e5m2_fp8_e5m2_fp32_8x4x8_1x4x4_neonfp8dot4/8/1520/real_time",,,,,,,,false,"Unsupported hardware",8,8,4,,,,4,1,4
"dot/dot_fp8_e5m2_fp8_e5m2_fp32_8x4x8_1x4x4_neonfp8dot4/16/8/real_time",,,,,,,,false,"Unsupported hardware",8,8,4,,,,4,1,4
"dot/dot_fp8_e5m2_fp8_e5m2_fp32_8x4x8_1x4x4_neonfp8dot4/16/248/real_time",,,,,,,,false,"Unsupported hardware",8,8,4,,,,4,1,4
"dot/dot_fp8_e5m2_fp8_e5m2_fp32_8x4x8_1x4x4_neonfp8dot4/16/496/real_time",,,,,,,,false,"Unsupported hardware",8,8,4,,,,4,1,4
"dot/dot_fp8_e5m2_fp8_e5m2_fp32_8x4x8_1x4x4_neonfp8dot4/16/744/real_time",,,,,,,,false,"Unsupported hardware",8,8,4,,,,4,1,4
"dot/dot_fp8_e5m2_fp8_e5m2_fp32_8x4x8_1x4x4_neonfp8dot4/16/1000/real_time",,,,,,,,false,"Unsupported hardware",8,8,4,,,,4,1,4
"dot/dot_fp8_e5m2_fp8_e5m2_fp32_8x4x8_1x4x4_neonfp8dot4/32/8/real_time",,,,,,,,false,"Unsupported hardware",8,8,4,,,,4,1,4
"dot/dot_fp8_e5m2_fp8_e5m2_fp32_8x4x8_1x4x4_neonfp8dot4/32/144/real_time",,,,,,,,false,"Unsupported hardware",8,8,4,,,,4,1,4
"dot/dot_fp8_e5m2_fp8_e5m2_fp32_8x4x8_1x4x4_neonfp8dot4/32/288/real_time",,,,,,,,false,"Unsupported hardware",8,8,4,,,,4,1,4
"dot/dot_fp8_e5m2_fp8_e5m2_fp32_8x4x8_1x4x4_neonfp8dot4/32/432/real_time",,,,,,,,false,"Unsupported hardware",8,8,4,,,,4,1,4
"dot/dot_fp8_e5m2_fp8_e5m2_fp32_8x4x8_1x4x4_neonfp8dot4/32/584/real_time",,,,,,,,false,"Unsupported hardware",8,8,4,,,,4,1,4
"dot/dot_fp8_e4m3_fp8_e4m3_fp32_1x64x8_1x4x4_neonfp8dot4/64/8/real_time",,,,,,,,false,"Unsupported hardware",8,1,64,,,,4,1,4
"dot/dot_fp8_e4m3_fp8_e4m3_fp32_1x64x8_1x4x4_neonfp8dot4/64/88/real_time",,,,,,,,false,"Unsupported hardware",8,1,64,,,,4,1,4
"dot/dot_fp8_e4m3_fp8_e4m3_fp32_1x64x8_1x4x4_neonfp8dot4/64/184/real_time",,,,,,,,false,"Unsupported hardware",8,1,64,,,,4,1,4
"dot/dot_fp8_e4m3_fp8_e4m3_fp32_1x64x8_1x4x4_neonfp8dot4/64/272/real_time",,,,,,,,false,"Unsupported hardware",8,1,64,,,,4,1,4
"dot/dot_fp8_e4m3_fp8_e4m3_fp32_1x64x8_1x4x4_neonfp8dot4/64/368/real_time",,,,,,,,false,"Unsupported hardware",8,1,64,,,,4,1,4
"dot/dot_fp8_e4m3_fp8_e4m3_fp32_1x64x8_1x4x4_neonfp8dot4/128/8/real_time",,,,,,,,false,"Unsupported hardware",8,1,64,,,,4,1,4
"dot/dot_fp8_e4m3_fp8_e4m3_fp32_1x64x8_1x4x4_neonfp8dot4/128/40/real_time",,,,,,,,false,"Unsupported hardware",8,1,64,,,,4,1,4
"dot/dot_fp8_e4m3_fp8_e4m3_fp32_1x64x8_1x4x4_neonfp8dot4/128/88/real_time",,,,,,,,false,"Unsupported hardware",8,1,64,,,,4,1,4
"dot/dot_fp8_e4m3_fp8_e4m3_fp32_1x64x8_1x4x4_neonfp8dot4/128/136/real_time",,,,,,,,false,"Unsupported hardware",8,1,64,,,,4,1,4
"dot/dot_fp8_e4m3_fp8_e4m3_fp32_1x64x8_1x4x4_neonfp8dot4/128/184/real_time",,,,,,,,false,"Unsupported hardware",8,1,64,,,,4,1,4
"dot/dot_fp8_e4m3_fp8_e4m3_fp32_1x64x8_1x4x4_neonfp8dot4/256/8/real_time",,,,,,,,false,"Unsupported hardware",8,1,64,,,,4,1,4
"dot/dot_fp8_e4m3_fp8_e4m3_fp32_1x64x8_1x4x4_neonfp8dot4/256/16/real_time",,,,,,,,false,"Unsupported hardware",8,1,64,,,,4,1,4
"dot/dot_fp8_e4m3_fp8_e4m3_fp32_1x64x8_1x4x4_neonfp8dot4/256/40/real_time",,,,,,,,false,"Unsupported hardware",8,1,64,,,,4,1,4
"dot/dot_fp8_e4m3_fp8_e4m3_fp32_1x64x8_1x4x4_neonfp8dot4/256/64/real_time",,,,,,,,false,"Unsupported hardware",8,1,64,,,,4,1,4
"dot/dot_fp8_e4m3_fp8_e4m3_fp32_1x64x8_1x4x4_neonfp8dot4/256/88/real_time",,,,,,,,false,"Unsupported hardware",8,1,64,,,,4,1,4
"dot/dot_fp8_e4m3_fp8_e4m3_fp32_1x64x8_1x4x4_neonfp8dot4/512/8/real_time",,,,,,,,false,"Unsupported hardware",8,1,64,,,,4,1,4
"dot/dot_fp8_e4m3_fp8_e4m3_fp32_1x64x8_1x4x4_neonfp8dot4/512/16/real_time",,,,,,,,false,"Unsupported hardware",8,1,64,,,,4,1,4
"dot/dot_fp8_e4m3_fp8_e4m3_fp32_1x64x8_1x4x4_neonfp8dot4/512/24/real_time",,,,,,,,false,"Unsupported hardware",8,1,64,,,,4,1,4
"dot/dot_fp8_e4m3_fp8_e4m3_fp32_1x64x8_1x4x4_neonfp8dot4/512/40/real_time",,,,,,,,false,"Unsupported hardware",8,1,64,,,,4,1,4
"dot/dot_fp8_e4m3_fp8_e4m3_fp32_1x32x8_1x4x4_neonfp8dot4/32/8/real_time",,,,,,,,false,"Unsupported hardware",8,1,32,,,,4,1,4
"dot/dot_fp8_e4m3_fp8_e4m3_fp32_1x32x8_1x4x4_neonfp8dot4/32/184/real_time",,,,,,,,false,"Unsupported hardware",8,1,32,,,,4,1,4
"dot/dot_fp8_e4m3_fp8_e4m3_fp32_1x32x8_1x4x4_neonfp8dot4/32/368/real_time",,,,,,,,false,"Unsupported hardware",8,1,32,,,,4,1,4
"dot/dot_fp8_e4m3_fp8_e4m3_fp32_1x32x8_1x4x4_neonfp8dot4/32/552/real_time",,,,,,,,false,"Unsupported hardware",8,1,32,,,,4,1,4
"dot/dot_fp8_e4m3_fp8_e4m3_fp32_1x32x8_1x4x4_neonfp8dot4/32/736/real_time",,,,,,,,false,"Unsupported hardware",8,1,32,,,,4,1,4
"dot/dot_fp8_e4m3_fp8_e4m3_fp32_1x32x8_1x4x4_neonfp8dot4/64/8/real_time",,,,,,,,false,"Unsupported hardware",8,1,32,,,,4,1,4
"dot/dot_fp8_e4m3_fp8_e4m3_fp32_1x32x8_1x4x4_neonfp8dot4/64/88/real_time",,,,,,,,false,"Unsupported hardware",8,1,32,,,,4,1,4
"dot/dot_fp8_e4m3_fp8_e4m3_fp32_1x32x8_1x4x4_neonfp8dot4/64/184/real_time",,,,,,,,false,"Unsupported hardware",8,1,32,,,,4,1,4
"dot/dot_fp8_e4m3_fp8_e4m3_fp32_1x32x8_1x4x4_neonfp8dot4/64/272/real_time",,,,,,,,false,"Unsupported hardware",8,1,32,,,,4,1,4
"dot/dot_fp8_e4m3_fp8_e4m3_fp32_1x32x8_1x4x4_neonfp8dot4/64/368/real_time",,,,,,,,false,"Unsupported hardware",8,1,32,,,,4,1,4
"dot/dot_fp8_e4m3_fp8_e4m3_fp32_1x32x8_1x4x4_neonfp8dot4/128/8/real_time",,,,,,,,false,"Unsupported hardware",8,1,32,,,,4,1,4
"dot/dot_fp8_e4m3_fp8_e4m3_fp32_1x32x8_1x4x4_neonfp8dot4/128/40/real_time",,,,,,,,false,"Unsupported hardware",8,1,32,,,,4,1,4
"dot/dot_fp8_e4m3_fp8_e4m3_fp32_1x32x8_1x4x4_neonfp8dot4/128/88/real_time",,,,,,,,false,"Unsupported hardware",8,1,32,,,,4,1,4
"dot/dot_fp8_e4m3_fp8_e4m3_fp32_1x32x8_1x4x4_neonfp8dot4/128/136/real_time",,,,,,,,false,"Unsupported hardware",8,1,32,,,,4,1,4
"dot/dot_fp8_e4m3_fp8_e4m3_fp32_1x32x8_1x4x4_neonfp8dot4/128/184/real_time",,,,,,,,false,"Unsupported hardware",8,1,32,,,,4,1,4
"dot/dot_fp8_e4m3_fp8_e4m3_fp32_1x32x8_1x4x4_neonfp8dot4/256/8/real_time",,,,,,,,false,"Unsupported hardware",8,1,32,,,,4,1,4
"dot/dot_fp8_e4m3_fp8_e4m3_fp32_1x32x8_1x4x4_neonfp8dot4/256/16/real_time",,,,,,,,false,"Unsupported hardware",8,1,32,,,,4,1,4
"dot/dot_fp8_e4m3_fp8_e4m3_fp32_1x32x8_1x4x4_neonfp8dot4/256/40/real_time",,,,,,,,false,"Unsupported hardware",8,1,32,,,,4,1,4
"dot/dot_fp8_e4m3_fp8_e4m3_fp32_1x32x8_1x4x4_neonfp8dot4/256/64/real_time",,,,,,,,false,"Unsupported hardware",8,1,32,,,,4,1,4
"dot/dot_fp8_e4m3_fp8_e4m3_fp32_1x32x8_1x4x4_neonfp8dot4/256/88/real_time",,,,,,,,false,"Unsupported hardware",8,1,32,,,,4,1,4
"dot/dot_fp8_e4m3_fp8_e4m3_fp32_2x32x8_1x4x4_neonfp8dot4/32/8/real_time",,,,,,,,false,"Unsupported hardware",8,2,32,,,,4,1,4
"dot/dot_fp8_e4m3_fp8_e4m3_fp32_2x32x8_1x4x4_neonfp8dot4/32/176/real_time",,,,,,,,false,"Unsupported hardware",8,2,32,,,,4,1,4
"dot/dot_fp8_e4m3_fp8_e4m3_fp32_2x32x8_1x4x4_neonfp8dot4/32/352/real_time",,,,,,,,false,"Unsupported hardware",8,2,32,,,,4,1,4
"dot/dot_fp8_e4m3_fp8_e4m3_fp32_2x32x8_1x4x4_neonfp8dot4/32/528/real_time",,,,,,,,false,"Unsupported hardware",8,2,32,,,,4,1,4
"dot/dot_fp8_e4m3_fp8_e4m3_fp32_2x32x8_1x4x4_neonfp8dot4/32/712/real_time",,,,,,,,false,"Unsupported hardware",8,2,32,,,,4,1,4
"dot/dot_fp8_e4m3_fp8_e4m3_fp32_2x32x8_1x4x4_neonfp8dot4/64/8/real_time",,,,,,,,false,"Unsupported hardware",8,2,32,,,,4,1,4
"dot/dot_fp8_e4m3_fp8_e4m3_fp32_2x32x8_1x4x4_neonfp8dot4/64/88/real_time",,,,,,,,false,"Unsupported hardware",8,2,32,,,,4,1,4
"dot/dot_fp8_e4m3_fp8_e4m3_fp32_2x32x8_1x4x4_neonfp8dot4/64/176/real_time",,,,,,,,false,"Unsupported hardware",8,2,32,,,,4,1,4
"dot/dot_fp8_e4m3_fp8_e4m3_fp32_2x32x8_1x4x4_neonfp8dot4/64/264/real_time",,,,,,,,false,"Unsupported hardware",8,2,32,,,,4,1,4
"dot/dot_fp8_e4m3_fp8_e4m3_fp32_2x32x8_1x4x4_neonfp8dot4/64/360/real_time",,,,,,,,false,"Unsupported hardware",8,2,32,,,,4,1,4
"dot/dot_fp8_e4m3_fp8_e4m3_fp32_2x32x8_1x4x4_neonfp8dot4/128/8/real_time",,,,,,,,false,"Unsupported hardware",8,2,32,,,,4,1,4
"dot/dot_fp8_e4m3_fp8_e4m3_fp32_2x32x8_1x4x4_neonfp8dot4/128/40/real_time",,,,,,,,false,"Unsupported hardware",8,2,32,,,,4,1,4
"dot/dot_fp8_e4m3_fp8_e4m3_fp32_2x32x8_1x4x4_neonfp8dot4/128/88/real_time",,,,,,,,false,"Unsupported hardware",8,2,32,,,,4,1,4
"dot/dot_fp8_e4m3_fp8_e4m3_fp32_2x32x8_1x4x4_neonfp8dot4/128/128/real_time",,,,,,,,false,"Unsupported hardware",8,2,32,,,,4,1,4
"dot/dot_fp8_e4m3_fp8_e4m3_fp32_2x32x8_1x4x4_neonfp8dot4/128/176/real_time",,,,,,,,false,"Unsupported hardware",8,2,32,,,,4,1,4
"dot/dot_fp8_e4m3_fp8_e4m3_fp32_2x32x8_1x4x4_neonfp8dot4/256/8/real_time",,,,,,,,false,"Unsupported hardware",8,2,32,,,,4,1,4
"dot/dot_fp8_e4m3_fp8_e4m3_fp32_2x32x8_1x4x4_neonfp8dot4/256/16/real_time",,,,,,,,false,"Unsupported hardware",8,2,32,,,,4,1,4
"dot/dot_fp8_e4m3_fp8_e4m3_fp32_2x32x8_1x4x4_neonfp8dot4/256/40/real_time",,,,,,,,false,"Unsupported hardware",8,2,32,,,,4,1,4
"dot/dot_fp8_e4m3_fp8_e4m3_fp32_2x32x8_1x4x4_neonfp8dot4/256/56/real_time",,,,,,,,false,"Unsupported hardware",8,2,32,,,,4,1,4
"dot/dot_fp8_e4m3_fp8_e4m3_fp32_2x32x8_1x4x4_neonfp8dot4/256/80/real_time",,,,,,,,false,"Unsupported hardware",8,2,32,,,,4,1,4
"dot/dot_fp8_e4m3_fp8_e4m3_fp32_3x32x8_1x4x4_neonfp8dot4/32/8/real_time",,,,,,,,false,"Unsupported hardware",8,3,32,,,,4,1,4
"dot/dot_fp8_e4m3_fp8_e4m3_fp32_3x32x8_1x4x4_neonfp8dot4/32/168/real_time",,,,,,,,false,"Unsupported hardware",8,3,32,,,,4,1,4
"dot/dot_fp8_e4m3_fp8_e4m3_fp32_3x32x8_1x4x4_neonfp8dot4/32/344/real_time",,,,,,,,false,"Unsupported hardware",8,3,32,,,,4,1,4
"dot/dot_fp8_e4m3_fp8_e4m3_fp32_3x32x8_1x4x4_neonfp8dot4/32/512/real_time",,,,,,,,false,"Unsupported hardware",8,3,32,,,,4,1,4
"dot/dot_fp8_e4m3_fp8_e4m3_fp32_3x32x8_1x4x4_neonfp8dot4/32/688/real_time",,,,,,,,false,"Unsupported hardware",8,3,32,,,,4,1,4
"dot/dot_fp8_e4m3_fp8_e4m3_fp32_3x32x8_1x4x4_neonfp8dot4/64/8/real_time",,,,,,,,false,"Unsupported hardware",8,3,32,,,,4,1,4
"dot/dot_fp8_e4m3_fp8_e4m3_fp32_3x32x8_1x4x4_neonfp8dot4/64/88/real_time",,,,,,,,false,"Unsupported hardware",8,3,32,,,,4,1,4
"dot/dot_fp8_e4m3_fp8_e4m3_fp32_3x32x8_1x4x4_neonfp8dot4/64/176/real_time",,,,,,,,false,"Unsupported hardware",8,3,32,,,,4,1,4
"dot/dot_fp8_e4m3_fp8_e4m3_fp32_3x32x8_1x4x4_neonfp8dot4/64/264/real_time",,,,,,,,false,"Unsupported hardware",8,3,32,,,,4,1,4
"dot/dot_fp8_e4m3_fp8_e4m3_fp32_3x32x8_1x4x4_neonfp8dot4/64/352/real_time",,,,,,,,false,"Unsupported hardware",8,3,32,,,,4,1,4
"dot/dot_fp8_e4m3_fp8_e4m3_fp32_3x32x8_1x4x4_neonfp8dot4/128/8/real_time",,,,,,,,false,"Unsupported hardware",8,3,32,,,,4,1,4
"dot/dot_fp8_e4m3_fp8_e4m3_fp32_3x32x8_1x4x4_neonfp8dot4/128/40/real_time",,,,,,,,false,"Unsupported hardware",8,3,32,,,,4,1,4
"dot/dot_fp8_e4m3_fp8_e4m3_fp32_3x32x8_1x4x4_neonfp8dot4/128/80/real_time",,,,,,,,false,"Unsupported hardware",8,3,32,,,,4,1,4
"dot/dot_fp8_e4m3_fp8_e4m3_fp32_3x32x8_1x4x4_neonfp8dot4/128/120/real_time",,,,,,,,false,"Unsupported hardware",8,3,32,,,,4,1,4
"dot/dot_fp8_e4m3_fp8_e4m3_fp32_3x32x8_1x4x4_neonfp8dot4/128/168/real_time",,,,,,,,false,"Unsupported hardware",8,3,32,,,,4,1,4
"dot/dot_fp8_e4m3_fp8_e4m3_fp32_3x32x8_1x4x4_neonfp8dot4/256/8/real_time",,,,,,,,false,"Unsupported hardware",8,3,32,,,,4,1,4
"dot/dot_fp8_e4m3_fp8_e4m3_fp32_3x32x8_1x4x4_neonfp8dot4/256/16/real_time",,,,,,,,false,"Unsupported hardware",8,3,32,,,,4,1,4
"dot/dot_fp8_e4m3_fp8_e4m3_fp32_3x32x8_1x4x4_neonfp8dot4/256/40/real_time",,,,,,,,false,"Unsupported hardware",8,3,32,,,,4,1,4
"dot/dot_fp8_e4m3_fp8_e4m3_fp32_3x32x8_1x4x4_neonfp8dot4/256/56/real_time",,,,,,,,false,"Unsupported hardware",8,3,32,,,,4,1,4
"dot/dot_fp8_e4m3_fp8_e4m3_fp32_3x32x8_1x4x4_neonfp8dot4/256/80/real_time",,,,,,,,false,"Unsupported hardware",8,3,32,,,,4,1,4
"dot/dot_fp8_e4m3_fp8_e4m3_fp32_1x16x8_1x4x4_neonfp8dot4/16/8/real_time",,,,,,,,false,"Unsupported hardware",8,1,16,,,,4,1,4
"dot/dot_fp8_e4m3_fp8_e4m3_fp32_1x16x8_1x4x4_neonfp8dot4/16/360/real_time",,,,,,,,false,"Unsupported hardware",8,1,16,,,,4,1,4
"dot/dot_fp8_e4m3_fp8_e4m3_fp32_1x16x8_1x4x4_neonfp8dot4/16/720/real_time",,,,,,,,false,"Unsupported hardware",8,1,16,,,,4,1,4
"dot/dot_fp8_e4m3_fp8_e4m3_fp32_1x16x8_1x4x4_neonfp8dot4/16/1080/real_time",,,,,,,,false,"Unsupported hardware",8,1,16,,,,4,1,4
"dot/dot_fp8_e4m3_fp8_e4m3_fp32_1x16x8_1x4x4_neonfp8dot4/16/1440/real_time",,,,,,,,false,"Unsupported hardware",8,1,16,,,,4,1,4
"dot/dot_fp8_e4m3_fp8_e4m3_fp32_1x16x8_1x4x4_neonfp8dot4/32/8/real_time",,,,,,,,false,"Unsupported hardware",8,1,16,,,,4,1,4
"dot/dot_fp8_e4m3_fp8_e4m3_fp32_1x16x8_1x4x4_neonfp8dot4/32/184/real_time",,,,,,,,false,"Unsupported hardware",8,1,16,,,,4,1,4
"dot/dot_fp8_e4m3_fp8_e4m3_fp32_1x16x8_1x4x4_neonfp8dot4/32/368/real_time",,,,,,,,false,"Unsupported hardware",8,1,16,,,,4,1,4
"dot/dot_fp8_e4m3_fp8_e4m3_fp32_1x16x8_1x4x4_neonfp8dot4/32/552/real_time",,,,,,,,false,"Unsupported hardware",8,1,16,,,,4,1,4
"dot/dot_fp8_e4m3_fp8_e4m3_fp32_1x16x8_1x4x4_neonfp8dot4/32/736/real_time",,,,,,,,false,"Unsupported hardware",8,1,16,,,,4,1,4
"dot/dot_fp8_e4m3_fp8_e4m3_fp32_1x16x8_1x4x4_neonfp8dot4/64/8/real_time",,,,,,,,false,"Unsupported hardware",8,1,16,,,,4,1,4
"dot/dot_fp8_e4m3_fp8_e4m3_fp32_1x16x8_1x4x4_neonfp8dot4/64/88/real_time",,,,,,,,false,"Unsupported hardware",8,1,16,,,,4,1,4
"dot/dot_fp8_e4m3_fp8_e4m3_fp32_1x16x8_1x4x4_neonfp8dot4/64/184/real_time",,,,,,,,false,"Unsupported hardware",8,1,16,,,,4,1,4
"dot/dot_fp8_e4m3_fp8_e4m3_fp32_1x16x8_1x4x4_neonfp8dot4/64/272/real_time",,,,,,,,false,"Unsupported hardware",8,1,16,,,,4,1,4
"dot/dot_fp8_e4m3_fp8_e4m3_fp32_1x16x8_1x4x4_neonfp8dot4/64/368/real_time",,,,,,,,false,"Unsupported hardware",8,1,16,,,,4,1,4
"dot/dot_fp8_e4m3_fp8_e4m3_fp32_1x16x8_1x4x4_neonfp8dot4/128/8/real_time",,,,,,,,false,"Unsupported hardware",8,1,16,,,,4,1,4
"dot/dot_fp8_e4m3_fp8_e4m3_fp32_1x16x8_1x4x4_neonfp8dot4/128/40/real_time",,,,,,,,false,"Unsupported hardware",8,1,16,,,,4,1,4
"dot/dot_fp8_e4m3_fp8_e4m3_fp32_1x16x8_1x4x4_neonfp8dot4/128/88/real_time",,,,,,,,false,"Unsupported hardware",8,1,16,,,,4,1,4
"dot/dot_fp8_e4m3_fp8_e4m3_fp32_1x16x8_1x4x4_neonfp8dot4/128/136/real_time",,,,,,,,false,"Unsupported hardware",8,1,16,,,,4,1,4
"dot/dot_fp8_e4m3_fp8_e4m3_fp32_1x16x8_1x4x4_neonfp8dot4/128/184/real_time",,,,,,,,false,"Unsupported hardware",8,1,16,,,,4,1,4
"dot/dot_fp8_e4m3_fp8_e4m3_fp32_2x16x8_1x4x4_neonfp8dot4/16/8/real_time",,,,,,,,false,"Unsupported hardware",8,2,16,,,,4,1,4
"dot/dot_fp8_e4m3_fp8_e4m3_fp32_2x16x8_1x4x4_neonfp8dot4/16/336/real_time",,,,,,,,false,"Unsupported hardware",8,2,16,,,,4,1,4
"dot/dot_fp8_e4m3_fp8_e4m3_fp32_2x16x8_1x4x4_neonfp8dot4/16/672/real_time",,,,,,,,false,"Unsupported hardware",8,2,16,,,,4,1,4
"dot/dot_fp8_e4m3_fp8_e4m3_fp32_2x16x8_1x4x4_neonfp8dot4/16/1008/real_time",,,,,,,,false,"Unsupported hardware",8,2,16,,,,4,1,4
"dot/dot_fp8_e4m3_fp8_e4m3_fp32_2x16x8_1x4x4_neonfp8dot4/16/1352/real_time",,,,,,,,false,"Unsupported hardware",8,2,16,,,,4,1,4
"dot/dot_fp8_e4m3_fp8_e4m3_fp32_2x16x8_1x4x4_neonfp8dot4/32/8/real_time",,,,,,,,false,"Unsupported hardware",8,2,16,,,,4,1,4
"dot/dot_fp8_e4m3_fp8_e4m3_fp32_2x16x8_1x4x4_neonfp8dot4/32/176/real_time",,,,,,,,false,"Unsupported hardware",8,2,16,,,,4,1,4
"dot/dot_fp8_e4m3_fp8_e4m3_fp32_2x16x8_1x4x4_neonfp8dot4/32/352/real_time",,,,,,,,false,"Unsupported hardware",8,2,16,,,,4,1,4
"dot/dot_fp8_e4m3_fp8_e4m3_fp32_2x16x8_1x4x4_neonfp8dot4/32/528/real_time",,,,,,,,false,"Unsupported hardware",8,2,16,,,,4,1,4
"dot/dot_fp8_e4m3_fp8_e4m3_fp32_2x16x8_1x4x4_neonfp8dot4/32/712/real_time",,,,,,,,false,"Unsupported hardware",8,2,16,,,,4,1,4
"dot/dot_fp8_e4m3_fp8_e4m3_fp32_2x16x8_1x4x4_neonfp8dot4/64/8/real_time",,,,,,,,false,"Unsupported hardware",8,2,16,,,,4,1,4
"dot/dot_fp8_e4m3_fp8_e4m3_fp32_2x16x8_1x4x4_neonfp8dot4/64/88/real_time",,,,,,,,false,"Unsupported hardware",8,2,16,,,,4,1,4
"dot/dot_fp8_e4m3_fp8_e4m3_fp32_2x16x8_1x4x4_neonfp8dot4/64/176/real_time",,,,,,,,false,"Unsupported hardware",8,2,16,,,,4,1,4
"dot/dot_fp8_e4m3_fp8_e4m3_fp32_2x16x8_1x4x4_neonfp8dot4/64/264/real_time",,,,,,,,false,"Unsupported hardware",8,2,16,,,,4,1,4
"dot/dot_fp8_e4m3_fp8_e4m3_fp32_2x16x8_1x4x4_neonfp8dot4/64/360/real_time",,,,,,,,false,"Unsupported hardware",8,2,16,,,,4,1,4
"dot/dot_fp8_e4m3_fp8_e4m3_fp32_2x16x8_1x4x4_neonfp8dot4/128/8/real_time",,,,,,,,false,"Unsupported hardware",8,2,16,,,,4,1,4
"dot/dot_fp8_e4m3_fp8_e4m3_fp32_2x16x8_1x4x4_neonfp8dot4/128/40/real_time",,,,,,,,false,"Unsupported hardware",8,2,16,,,,4,1,4
"dot/dot_fp8_e4m3_fp8_e4m3_fp32_2x16x8_1x4x4_neonfp8dot4/128/88/real_time",,,,,,,,false,"Unsupported hardware",8,2,16,,,,4,1,4
"dot/dot_fp8_e4m3_fp8_e4m3_fp32_2x16x8_1x4x4_neonfp8dot4/128/128/real_time",,,,,,,,false,"Unsupported hardware",8,2,16,,,,4,1,4
"dot/dot_fp8_e4m3_fp8_e4m3_fp32_2x16x8_1x4x4_neonfp8dot4/128/176/real_time",,,,,,,,false,"Unsupported hardware",8,2,16,,,,4,1,4
"dot/dot_fp8_e4m3_fp8_e4m3_fp32_3x16x8_1x4x4_neonfp8dot4/16/8/real_time",,,,,,,,false,"Unsupported hardware",8,3,16,,,,4,1,4
"dot/dot_fp8_e4m3_fp8_e4m3_fp32_3x16x8_1x4x4_neonfp8dot4/16/320/real_time",,,,,,,,false,"Unsupported hardware",8,3,16,,,,4,1,4
"dot/dot_fp8_e4m3_fp8_e4m3_fp32_3x16x8_1x4x4_neonfp8dot4/16/640/real_time",,,,,,,,false,"Unsupported hardware",8,3,16,,,,4,1,4
"dot/dot_fp8_e4m3_fp8_e4m3_fp32_3x16x8_1x4x4_neonfp8dot4/16/960/real_time",,,,,,,,false,"Unsupported hardware",8,3,16,,,,4,1,4
"dot/dot_fp8_e4m3_fp8_e4m3_fp32_3x16x8_1x4x4_neonfp8dot4/16/1280/real_time",,,,,,,,false,"Unsupported hardware",8,3,16,,,,4,1,4
"dot/dot_fp8_e4m3_fp8_e4m3_fp32_3x16x8_1x4x4_neonfp8dot4/32/8/real_time",,,,,,,,false,"Unsupported hardware",8,3,16,,,,4,1,4
"dot/dot_fp8_e4m3_fp8_e4m3_fp32_3x16x8_1x4x4_neonfp8dot4/32/168/real_time",,,,,,,,false,"Unsupported hardware",8,3,16,,,,4,1,4
"dot/dot_fp8_e4m3_fp8_e4m3_fp32_3x16x8_1x4x4_neonfp8dot4/32/344/real_time",,,,,,,,false,"Unsupported hardware",8,3,16,,,,4,1,4
"dot/dot_fp8_e4m3_fp8_e4m3_fp32_3x16x8_1x4x4_neonfp8dot4/32/512/real_time",,,,,,,,false,"Unsupported hardware",8,3,16,,,,4,1,4
"dot/dot_fp8_e4m3_fp8_e4m3_fp32_3x16x8_1x4x4_neonfp8dot4/32/688/real_time",,,,,,,,false,"Unsupported hardware",8,3,16,,,,4,1,4
"dot/dot_fp8_e4m3_fp8_e4m3_fp32_3x16x8_1x4x4_neonfp8dot4/64/8/real_time",,,,,,,,false,"Unsupported hardware",8,3,16,,,,4,1,4
"dot/dot_fp8_e4m3_fp8_e4m3_fp32_3x16x8_1x4x4_neonfp8dot4/64/88/real_time",,,,,,,,false,"Unsupported hardware",8,3,16,,,,4,1,4
"dot/dot_fp8_e4m3_fp8_e4m3_fp32_3x16x8_1x4x4_neonfp8dot4/64/176/real_time",,,,,,,,false,"Unsupported hardware",8,3,16,,,,4,1,4
"dot/dot_fp8_e4m3_fp8_e4m3_fp32_3x16x8_1x4x4_neonfp8dot4/64/264/real_time",,,,,,,,false,"Unsupported hardware",8,3,16,,,,4,1,4
"dot/dot_fp8_e4m3_fp8_e4m3_fp32_3x16x8_1x4x4_neonfp8dot4/64/352/real_time",,,,,,,,false,"Unsupported hardware",8,3,16,,,,4,1,4
"dot/dot_fp8_e4m3_fp8_e4m3_fp32_3x16x8_1x4x4_neonfp8dot4/128/8/real_time",,,,,,,,false,"Unsupported hardware",8,3,16,,,,4,1,4
"dot/dot_fp8_e4m3_fp8_e4m3_fp32_3x16x8_1x4x4_neonfp8dot4/128/40/real_time",,,,,,,,false,"Unsupported hardware",8,3,16,,,,4,1,4
"dot/dot_fp8_e4m3_fp8_e4m3_fp32_3x16x8_1x4x4_neonfp8dot4/128/80/real_time",,,,,,,,false,"Unsupported hardware",8,3,16,,,,4,1,4
"dot/dot_fp8_e4m3_fp8_e4m3_fp32_3x16x8_1x4x4_neonfp8dot4/128/120/real_time",,,,,,,,false,"Unsupported hardware",8,3,16,,,,4,1,4
"dot/dot_fp8_e4m3_fp8_e4m3_fp32_3x16x8_1x4x4_neonfp8dot4/128/168/real_time",,,,,,,,false,"Unsupported hardware",8,3,16,,,,4,1,4
"dot/dot_fp8_e4m3_fp8_e4m3_fp32_4x16x8_1x4x4_neonfp8dot4/16/8/real_time",,,,,,,,false,"Unsupported hardware",8,4,16,,,,4,1,4
"dot/dot_fp8_e4m3_fp8_e4m3_fp32_4x16x8_1x4x4_neonfp8dot4/16/304/real_time",,,,,,,,false,"Unsupported hardware",8,4,16,,,,4,1,4
"dot/dot_fp8_e4m3_fp8_e4m3_fp32_4x16x8_1x4x4_neonfp8dot4/16/608/real_time",,,,,,,,false,"Unsupported hardware",8,4,16,,,,4,1,4
"dot/dot_fp8_e4m3_fp8_e4m3_fp32_4x16x8_1x4x4_neonfp8dot4/16/912/real_time",,,,,,,,false,"Unsupported hardware",8,4,16,,,,4,1,4
"dot/dot_fp8_e4m3_fp8_e4m3_fp32_4x16x8_1x4x4_neonfp8dot4/16/1216/real_time",,,,,,,,false,"Unsupported hardware",8,4,16,,,,4,1,4
"dot/dot_fp8_e4m3_fp8_e4m3_fp32_4x16x8_1x4x4_neonfp8dot4/32/8/real_time",,,,,,,,false,"Unsupported hardware",8,4,16,,,,4,1,4
"dot/dot_fp8_e4m3_fp8_e4m3_fp32_4x16x8_1x4x4_neonfp8dot4/32/160/real_time",,,,,,,,false,"Unsupported hardware",8,4,16,,,,4,1,4
"dot/dot_fp8_e4m3_fp8_e4m3_fp32_4x16x8_1x4x4_neonfp8dot4/32/328/real_time",,,,,,,,false,"Unsupported hardware",8,4,16,,,,4,1,4
"dot/dot_fp8_e4m3_fp8_e4m3_fp32_4x16x8_1x4x4_neonfp8dot4/32/496/real_time",,,,,,,,false,"Unsupported hardware",8,4,16,,,,4,1,4
"dot/dot_fp8_e4m3_fp8_e4m3_fp32_4x16x8_1x4x4_neonfp8dot4/32/664/real_time",,,,,,,,false,"Unsupported hardware",8,4,16,,,,4,1,4
"dot/dot_fp8_e4m3_fp8_e4m3_fp32_4x16x8_1x4x4_neonfp8dot4/64/8/real_time",,,,,,,,false,"Unsupported hardware",8,4,16,,,,4,1,4
"dot/dot_fp8_e4m3_fp8_e4m3_fp32_4x16x8_1x4x4_neonfp8dot4/64/80/real_time",,,,,,,,false,"Unsupported hardware",8,4,16,,,,4,1,4
"dot/dot_fp8_e4m3_fp8_e4m3_fp32_4x16x8_1x4x4_neonfp8dot4/64/168/real_time",,,,,,,,false,"Unsupported hardware",8,4,16,,,,4,1,4
"dot/dot_fp8_e4m3_fp8_e4m3_fp32_4x16x8_1x4x4_neonfp8dot4/64/256/real_time",,,,,,,,false,"Unsupported hardware",8,4,16,,,,4,1,4
"dot/dot_fp8_e4m3_fp8_e4m3_fp32_4x16x8_1x4x4_neonfp8dot4/64/344/real_time",,,,,,,,false,"Unsupported hardware",8,4,16,,,,4,1,4
"dot/dot_fp8_e4m3_fp8_e4m3_fp32_4x16x8_1x4x4_neonfp8dot4/128/8/real_time",,,,,,,,false,"Unsupported hardware",8,4,16,,,,4,1,4
"dot/dot_fp8_e4m3_fp8_e4m3_fp32_4x16x8_1x4x4_neonfp8dot4/128/40/real_time",,,,,,,,false,"Unsupported hardware",8,4,16,,,,4,1,4
"dot/dot_fp8_e4m3_fp8_e4m3_fp32_4x16x8_1x4x4_neonfp8dot4/128/80/real_time",,,,,,,,false,"Unsupported hardware",8,4,16,,,,4,1,4
"dot/dot_fp8_e4m3_fp8_e4m3_fp32_4x16x8_1x4x4_neonfp8dot4/128/120/real_time",,,,,,,,false,"Unsupported hardware",8,4,16,,,,4,1,4
"dot/dot_fp8_e4m3_fp8_e4m3_fp32_4x16x8_1x4x4_neonfp8dot4/128/168/real_time",,,,,,,,false,"Unsupported hardware",8,4,16,,,,4,1,4
"dot/dot_fp8_e4m3_fp8_e4m3_fp32_5x16x8_1x4x4_neonfp8dot4/16/8/real_time",,,,,,,,false,"Unsupported hardware",8,5,16,,,,4,1,4
"dot/dot_fp8_e4m3_fp8_e4m3_fp32_5x16x8_1x4x4_neonfp8dot4/16/288/real_time",,,,,,,,false,"Unsupported hardware",8,5,16,,,,4,1,4
"dot/dot_fp8_e4m3_fp8_e4m3_fp32_5x16x8_1x4x4_neonfp8dot4/16/576/real_time",,,,,,,,false,"Unsupported hardware",8,5,16,,,,4,1,4
"dot/dot_fp8_e4m3_fp8_e4m3_fp32_5x16x8_1x4x4_neonfp8dot4/16/864/real_time",,,,,,,,false,"Unsupported hardware",8,5,16,,,,4,1,4
"dot/dot_fp8_e4m3_fp8_e4m3_fp32_5x16x8_1x4x4_neonfp8dot4/16/1152/real_time",,,,,,,,false,"Unsupported hardware",8,5,16,,,,4,1,4
"dot/dot_fp8_e4m3_fp8_e4m3_fp32_5x16x8_1x4x4_neonfp8dot4/32/8/real_time",,,,,,,,false,"Unsupported hardware",8,5,16,,,,4,1,4
"dot/dot_fp8_e4m3_fp8_e4m3_fp32_5x16x8_1x4x4_neonfp8dot4/32/160/real_time",,,,,,,,false,"Unsupported hardware",8,5,16,,,,4,1,4
"dot/dot_fp8_e4m3_fp8_e4m3_fp32_5x16x8_1x4x4_neonfp8dot4/32/320/real_time",,,,,,,,false,"Unsupported hardware",8,5,16,,,,4,1,4
"dot/dot_fp8_e4m3_fp8_e4m3_fp32_5x16x8_1x4x4_neonfp8dot4/32/480/real_time",,,,,,,,false,"Unsupported hardware",8,5,16,,,,4,1,4
"dot/dot_fp8_e4m3_fp8_e4m3_fp32_5x16x8_1x4x4_neonfp8dot4/32/640/real_time",,,,,,,,false,"Unsupported hardware",8,5,16,,,,4,1,4
"dot/dot_fp8_e4m3_fp8_e4m3_fp32_5x16x8_1x4x4_neonfp8dot4/64/8/real_time",,,,,,,,false,"Unsupported hardware",8,5,16,,,,4,1,4
"dot/dot_fp8_e4m3_fp8_e4m3_fp32_5x16x8_1x4x4_neonfp8dot4/64/80/real_time",,,,,,,,false,"Unsupported hardware",8,5,16,,,,4,1,4
"dot/dot_fp8_e4m3_fp8_e4m3_fp32_5x16x8_1x4x4_neonfp8dot4/64/168/real_time",,,,,,,,false,"Unsupported hardware",8,5,16,,,,4,1,4
"dot/dot_fp8_e4m3_fp8_e4m3_fp32_5x16x8_1x4x4_neonfp8dot4/64/248/real_time",,,,,,,,false,"Unsupported hardware",8,5,16,,,,4,1,4
"dot/dot_fp8_e4m3_fp8_e4m3_fp32_5x16x8_1x4x4_neonfp8dot4/64/336/real_time",,,,,,,,false,"Unsupported hardware",8,5,16,,,,4,1,4
"dot/dot_fp8_e4m3_fp8_e4m3_fp32_5x16x8_1x4x4_neonfp8dot4/128/8/real_time",,,,,,,,false,"Unsupported hardware",8,5,16,,,,4,1,4
"dot/dot_fp8_e4m3_fp8_e4m3_fp32_5x16x8_1x4x4_neonfp8dot4/128/40/real_time",,,,,,,,false,"Unsupported hardware",8,5,16,,,,4,1,4
"dot/dot_fp8_e4m3_fp8_e4m3_fp32_5x16x8_1x4x4_neonfp8dot4/128/80/real_time",,,,,,,,false,"Unsupported hardware",8,5,16,,,,4,1,4
"dot/dot_fp8_e4m3_fp8_e4m3_fp32_5x16x8_1x4x4_neonfp8dot4/128/120/real_time",,,,,,,,false,"Unsupported hardware",8,5,16,,,,4,1,4
"dot/dot_fp8_e4m3_fp8_e4m3_fp32_5x16x8_1x4x4_neonfp8dot4/128/160/real_time",,,,,,,,false,"Unsupported hardware",8,5,16,,,,4,1,4
"dot/dot_fp8_e4m3_fp8_e4m3_fp32_1x8x8_1x4x4_neonfp8dot4/8/8/real_time",,,,,,,,false,"Unsupported hardware",8,1,8,,,,4,1,4
"dot/dot_fp8_e4m3_fp8_e4m3_fp32_1x8x8_1x4x4_neonfp8dot4/8/680/real_time",,,,,,,,false,"Unsupported hardware",8,1,8,,,,4,1,4
"dot/dot_fp8_e4m3_fp8_e4m3_fp32_1x8x8_1x4x4_neonfp8dot4/8/1360/real_time",,,,,,,,false,"Unsupported hardware",8,1,8,,,,4,1,4
"dot/dot_fp8_e4m3_fp8_e4m3_fp32_1x8x8_1x4x4_neonfp8dot4/8/2040/real_time",,,,,,,,false,"Unsupported hardware",8,1,8,,,,4,1,4
"dot/dot_fp8_e4m3_fp8_e4m3_fp32_1x8x8_1x4x4_neonfp8dot4/8/2720/real_time",,,,,,,,false,"Unsupported hardware",8,1,8,,,,4,1,4
"dot/dot_fp8_e4m3_fp8_e4m3_fp32_1x8x8_1x4x4_neonfp8dot4/16/8/real_time",,,,,,,,false,"Unsupported hardware",8,1,8,,,,4,1,4
"dot/dot_fp8_e4m3_fp8_e4m3_fp32_1x8x8_1x4x4_neonfp8dot4/16/360/real_time",,,,,,,,false,"Unsupported hardware",8,1,8,,,,4,1,4
"dot/dot_fp8_e4m3_fp8_e4m3_fp32_1x8x8_1x4x4_neonfp8dot4/16/720/real_time",,,,,,,,false,"Unsupported hardware",8,1,8,,,,4,1,4
"dot/dot_fp8_e4m3_fp8_e4m3_fp32_1x8x8_1x4x4_neonfp8dot4/16/1080/real_time",,,,,,,,false,"Unsupported hardware",8,1,8,,,,4,1,4
"dot/dot_fp8_e4m3_fp8_e4m3_fp32_1x8x8_1x4x4_neonfp8dot4/16/1440/real_time",,,,,,,,false,"Unsupported hardware",8,1,8,,,,4,1,4
"dot/dot_fp8_e4m3_fp8_e4m3_fp32_1x8x8_1x4x4_neonfp8dot4/32/8/real_time",,,,,,,,false,"Unsupported hardware",8,1,8,,,,4,1,4
"dot/dot_fp8_e4m3_fp8_e4m3_fp32_1x8x8_1x4x4_neonfp8dot4/32/184/real_time",,,,,,,,false,"Unsupported hardware",8,1,8,,,,4,1,4
"dot/dot_fp8_e4m3_fp8_e4m3_fp32_1x8x8_1x4x4_neonfp8dot4/32/368/real_time",,,,,,,,false,"Unsupported hardware",8,1,8,,,,4,1,4
"dot/dot_fp8_e4m3_fp8_e4m3_fp32_1x8x8_1x4x4_neonfp8dot4/32/552/real_time",,,,,,,,false,"Unsupported hardware",8,1,8,,,,4,1,4
"dot/dot_fp8_e4m3_fp8_e4m3_fp32_1x8x8_1x4x4_neonfp8dot4/32/736/real_time",,,,,,,,false,"Unsupported hardware",8,1,8,,,,4,1,4
"dot/dot_fp8_e4m3_fp8_e4m3_fp32_1x8x8_1x4x4_neonfp8dot4/64/8/real_time",,,,,,,,false,"Unsupported hardware",8,1,8,,,,4,1,4
"dot/dot_fp8_e4m3_fp8_e4m3_fp32_1x8x8_1x4x4_neonfp8dot4/64/88/real_time",,,,,,,,false,"Unsupported hardware",8,1,8,,,,4,1,4
"dot/dot_fp8_e4m3_fp8_e4m3_fp32_1x8x8_1x4x4_neonfp8dot4/64/184/real_time",,,,,,,,false,"Unsupported hardware",8,1,8,,,,4,1,4
"dot/dot_fp8_e4m3_fp8_e4m3_fp32_1x8x8_1x4x4_neonfp8dot4/64/272/real_time",,,,,,,,false,"Unsupported hardware",8,1,8,,,,4,1,4
"dot/dot_fp8_e4m3_fp8_e4m3_fp32_1x8x8_1x4x4_neonfp8dot4/64/368/real_time",,,,,,,,false,"Unsupported hardware",8,1,8,,,,4,1,4
"dot/dot_fp8_e4m3_fp8_e4m3_fp32_8x8x8_1x4x4_neonfp8dot4/8/8/real_time",,,,,,,,false,"Unsupported hardware",8,8,8,,,,4,1,4
"dot/dot_fp8_e4m3_fp8_e4m3_fp32_8x8x8_1x4x4_neonfp8dot4/8/376/real_time",,,,,,,,false,"Unsupported hardware",8,8,8,,,,4,1,4
"dot/dot_fp8_e4m3_fp8_e4m3_fp32_8x8x8_1x4x4_neonfp8dot4/8/760/real_time",,,,,,,,false,"Unsupported hardware",8,8,8,,,,4,1,4
"dot/dot_fp8_e4m3_fp8_e4m3_fp32_8x8x8_1x4x4_neonfp8dot4/8/1136/real_time",,,,,,,,false,"Unsupported hardware",8,8,8,,,,4,1,4
"dot/dot_fp8_e4m3_fp8_e4m3_fp32_8x8x8_1x4x4_neonfp8dot4/8/1520/real_time",,,,,,,,false,"Unsupported hardware",8,8,8,,,,4,1,4
"dot/dot_fp8_e4m3_fp8_e4m3_fp32_8x8x8_1x4x4_neonfp8dot4/16/8/real_time",,,,,,,,false,"Unsupported hardware",8,8,8,,,,4,1,4
"dot/dot_fp8_e4m3_fp8_e4m3_fp32_8x8x8_1x4x4_neonfp8dot4/16/248/real_time",,,,,,,,false,"Unsupported hardware",8,8,8,,,,4,1,4
"dot/dot_fp8_e4m3_fp8_e4m3_fp32_8x8x8_1x4x4_neonfp8dot4/16/496/real_time",,,,,,,,false,"Unsupported hardware",8,8,8,,,,4,1,4
"dot/dot_fp8_e4m3_fp8_e4m3_fp32_8x8x8_1x4x4_neonfp8dot4/16/744/real_time",,,,,,,,false,"Unsupported hardware",8,8,8,,,,4,1,4
"dot/dot_fp8_e4m3_fp8_e4m3_fp32_8x8x8_1x4x4_neonfp8dot4/16/1000/real_time",,,,,,,,false,"Unsupported hardware",8,8,8,,,,4,1,4
"dot/dot_fp8_e4m3_fp8_e4m3_fp32_8x8x8_1x4x4_neonfp8dot4/32/8/real_time",,,,,,,,false,"Unsupported hardware",8,8,8,,,,4,1,4
"dot/dot_fp8_e4m3_fp8_e4m3_fp32_8x8x8_1x4x4_neonfp8dot4/32/144/real_time",,,,,,,,false,"Unsupported hardware",8,8,8,,,,4,1,4
"dot/dot_fp8_e4m3_fp8_e4m3_fp32_8x8x8_1x4x4_neonfp8dot4/32/288/real_time",,,,,,,,false,"Unsupported hardware",8,8,8,,,,4,1,4
"dot/dot_fp8_e4m3_fp8_e4m3_fp32_8x8x8_1x4x4_neonfp8dot4/32/432/real_time",,,,,,,,false,"Unsupported hardware",8,8,8,,,,4,1,4
"dot/dot_fp8_e4m3_fp8_e4m3_fp32_8x8x8_1x4x4_neonfp8dot4/32/584/real_time",,,,,,,,false,"Unsupported hardware",8,8,8,,,,4,1,4
"dot/dot_fp8_e4m3_fp8_e4m3_fp32_8x8x8_1x4x4_neonfp8dot4/64/8/real_time",,,,,,,,false,"Unsupported hardware",8,8,8,,,,4,1,4
"dot/dot_fp8_e4m3_fp8_e4m3_fp32_8x8x8_1x4x4_neonfp8dot4/64/72/real_time",,,,,,,,false,"Unsupported hardware",8,8,8,,,,4,1,4
"dot/dot_fp8_e4m3_fp8_e4m3_fp32_8x8x8_1x4x4_neonfp8dot4/64/152/real_time",,,,,,,,false,"Unsupported hardware",8,8,8,,,,4,1,4
"dot/dot_fp8_e4m3_fp8_e4m3_fp32_8x8x8_1x4x4_neonfp8dot4/64/232/real_time",,,,,,,,false,"Unsupported hardware",8,8,8,,,,4,1,4
"dot/dot_fp8_e4m3_fp8_e4m3_fp32_8x8x8_1x4x4_neonfp8dot4/64/312/real_time",,,,,,,,false,"Unsupported hardware",8,8,8,,,,4,1,4
"dot/dot_fp8_e4m3_fp8_e4m3_fp32_10x8x8_1x4x4_neonfp8dot4/8/8/real_time",,,,,,,,false,"Unsupported hardware",8,10,8,,,,4,1,4
"dot/dot_fp8_e4m3_fp8_e4m3_fp32_10x8x8_1x4x4_neonfp8dot4/8/336/real_time",,,,,,,,false,"Unsupported hardware",8,10,8,,,,4,1,4
"dot/dot_fp8_e4m3_fp8_e4m3_fp32_10x8x8_1x4x4_neonfp8dot4/8/672/real_time",,,,,,,,false,"Unsupported hardware",8,10,8,,,,4,1,4
"dot/dot_fp8_e4m3_fp8_e4m3_fp32_10x8x8_1x4x4_neonfp8dot4/8/1008/real_time",,,,,,,,false,"Unsupported hardware",8,10,8,,,,4,1,4
"dot/dot_fp8_e4m3_fp8_e4m3_fp32_10x8x8_1x4x4_neonfp8dot4/8/1344/real_time",,,,,,,,false,"Unsupported hardware",8,10,8,,,,4,1,4
"dot/dot_fp8_e4m3_fp8_e4m3_fp32_10x8x8_1x4x4_neonfp8dot4/16/8/real_time",,,,,,,,false,"Unsupported hardware",8,10,8,,,,4,1,4
"dot/dot_fp8_e4m3_fp8_e4m3_fp32_10x8x8_1x4x4_neonfp8dot4/16/224/real_time",,,,,,,,false,"Unsupported hardware",8,10,8,,,,4,1,4
"dot/dot_fp8_e4m3_fp8_e4m3_fp32_10x8x8_1x4x4_neonfp8dot4/16/456/real_time",,,,,,,,false,"Unsupported hardware",8,10,8,,,,4,1,4
"dot/dot_fp8_e4m3_fp8_e4m3_fp32_10x8x8_1x4x4_neonfp8dot4/16/688/real_time",,,,,,,,false,"Unsupported hardware",8,10,8,,,,4,1,4
"dot/dot_fp8_e4m3_fp8_e4m3_fp32_10x8x8_1x4x4_neonfp8dot4/16/920/real_time",,,,,,,,false,"Unsupported hardware",8,10,8,,,,4,1,4
"dot/dot_fp8_e4m3_fp8_e4m3_fp32_10x8x8_1x4x4_neonfp8dot4/32/8/real_time",,,,,,,,false,"Unsupported hardware",8,10,8,,,,4,1,4
"dot/dot_fp8_e4m3_fp8_e4m3_fp32_10x8x8_1x4x4_neonfp8dot4/32/136/real_time",,,,,,,,false,"Unsupported hardware",8,10,8,,,,4,1,4
"dot/dot_fp8_e4m3_fp8_e4m3_fp32_10x8x8_1x4x4_neonfp8dot4/32/272/real_time",,,,,,,,false,"Unsupported hardware",8,10,8,,,,4,1,4
"dot/dot_fp8_e4m3_fp8_e4m3_fp32_10x8x8_1x4x4_neonfp8dot4/32/408/real_time",,,,,,,,false,"Unsupported hardware",8,10,8,,,,4,1,4
"dot/dot_fp8_e4m3_fp8_e4m3_fp32_10x8x8_1x4x4_neonfp8dot4/32/552/real_time",,,,,,,,false,"Unsupported hardware",8,10,8,,,,4,1,4
"dot/dot_fp8_e4m3_fp8_e4m3_fp32_10x8x8_1x4x4_neonfp8dot4/64/8/real_time",,,,,,,,false,"Unsupported hardware",8,10,8,,,,4,1,4
"dot/dot_fp8_e4m3_fp8_e4m3_fp32_10x8x8_1x4x4_neonfp8dot4/64/72/real_time",,,,,,,,false,"Unsupported hardware",8,10,8,,,,4,1,4
"dot/dot_fp8_e4m3_fp8_e4m3_fp32_10x8x8_1x4x4_neonfp8dot4/64/144/real_time",,,,,,,,false,"Unsupported hardware",8,10,8,,,,4,1,4
"dot/dot_fp8_e4m3_fp8_e4m3_fp32_10x8x8_1x4x4_neonfp8dot4/64/216/real_time",,,,,,,,false,"Unsupported hardware",8,10,8,,,,4,1,4
"dot/dot_fp8_e4m3_fp8_e4m3_fp32_10x8x8_1x4x4_neonfp8dot4/64/296/real_time",,,,,,,,false,"Unsupported hardware",8,10,8,,,,4,1,4
"dot/dot_fp8_e4m3_fp8_e4m3_fp32_8x4x8_1x4x4_neonfp8dot4/4/8/real_time",,,,,,,,false,"Unsupported hardware",8,8,4,,,,4,1,4
"dot/dot_fp8_e4m3_fp8_e4m3_fp32_8x4x8_1x4x4_neonfp8dot4/4/504/real_time",,,,,,,,false,"Unsupported hardware",8,8,4,,,,4,1,4
"dot/dot_fp8_e4m3_fp8_e4m3_fp32_8x4x8_1x4x4_neonfp8dot4/4/1016/real_time",,,,,,,,false,"Unsupported hardware",8,8,4,,,,4,1,4
"dot/dot_fp8_e4m3_fp8_e4m3_fp32_8x4x8_1x4x4_neonfp8dot4/4/1520/real_time",,,,,,,,false,"Unsupported hardware",8,8,4,,,,4,1,4
"dot/dot_fp8_e4m3_fp8_e4m3_fp32_8x4x8_1x4x4_neonfp8dot4/4/2032/real_time",,,,,,,,false,"Unsupported hardware",8,8,4,,,,4,1,4
"dot/dot_fp8_e4m3_fp8_e4m3_fp32_8x4x8_1x4x4_neonfp8dot4/8/8/real_time",,,,,,,,false,"Unsupported hardware",8,8,4,,,,4,1,4
"dot/dot_fp8_e4m3_fp8_e4m3_fp32_8x4x8_1x4x4_neonfp8dot4/8/376/real_time",,,,,,,,false,"Unsupported hardware",8,8,4,,,,4,1,4
"dot/dot_fp8_e4m3_fp8_e4m3_fp32_8x4x8_1x4x4_neonfp8dot4/8/760/real_time",,,,,,,,false,"Unsupported hardware",8,8,4,,,,4,1,4
"dot/dot_fp8_e4m3_fp8_e4m3_fp32_8x4x8_1x4x4_neonfp8dot4/8/1136/real_time",,,,,,,,false,"Unsupported hardware",8,8,4,,,,4,1,4
"dot/dot_fp8_e4m3_fp8_e4m3_fp32_8x4x8_1x4x4_neonfp8dot4/8/1520/real_time",,,,,,,,false,"Unsupported hardware",8,8,4,,,,4,1,4
"dot/dot_fp8_e4m3_fp8_e4m3_fp32_8x4x8_1x4x4_neonfp8dot4/16/8/real_time",,,,,,,,false,"Unsupported hardware",8,8,4,,,,4,1,4
"dot/dot_fp8_e4m3_fp8_e4m3_fp32_8x4x8_1x4x4_neonfp8dot4/16/248/real_time",,,,,,,,false,"Unsupported hardware",8,8,4,,,,4,1,4
"dot/dot_fp8_e4m3_fp8_e4m3_fp32_8x4x8_1x4x4_neonfp8dot4/16/496/real_time",,,,,,,,false,"Unsupported hardware",8,8,4,,,,4,1,4
"dot/dot_fp8_e4m3_fp8_e4m3_fp32_8x4x8_1x4x4_neonfp8dot4/16/744/real_time",,,,,,,,false,"Unsupported hardware",8,8,4,,,,4,1,4
"dot/dot_fp8_e4m3_fp8_e4m3_fp32_8x4x8_1x4x4_neonfp8dot4/16/1000/real_time",,,,,,,,false,"Unsupported hardware",8,8,4,,,,4,1,4
"dot/dot_fp8_e4m3_fp8_e4m3_fp32_8x4x8_1x4x4_neonfp8dot4/32/8/real_time",,,,,,,,false,"Unsupported hardware",8,8,4,,,,4,1,4
"dot/dot_fp8_e4m3_fp8_e4m3_fp32_8x4x8_1x4x4_neonfp8dot4/32/144/real_time",,,,,,,,false,"Unsupported hardware",8,8,4,,,,4,1,4
"dot/dot_fp8_e4m3_fp8_e4m3_fp32_8x4x8_1x4x4_neonfp8dot4/32/288/real_time",,,,,,,,false,"Unsupported hardware",8,8,4,,,,4,1,4
"dot/dot_fp8_e4m3_fp8_e4m3_fp32_8x4x8_1x4x4_neonfp8dot4/32/432/real_time",,,,,,,,false,"Unsupported hardware",8,8,4,,,,4,1,4
"dot/dot_fp8_e4m3_fp8_e4m3_fp32_8x4x8_1x4x4_neonfp8dot4/32/584/real_time",,,,,,,,false,"Unsupported hardware",8,8,4,,,,4,1,4
"dot/dot_int8_int2_int32_2x32x8_2x4x8_neoni8mm/32/8/real_time",,,,,,,,false,"Unsupported hardware",8,2,32,,,,8,2,4
"dot/dot_int8_int2_int32_2x32x8_2x4x8_neoni8mm/32/608/real_time",,,,,,,,false,"Unsupported hardware",8,2,32,,,,8,2,4
"dot/dot_int8_int2_int32_2x32x8_2x4x8_neoni8mm/32/1216/real_time",,,,,,,,false,"Unsupported hardware",8,2,32,,,,8,2,4
"dot/dot_int8_int2_int32_2x32x8_2x4x8_neoni8mm/32/1824/real_time",,,,,,,,false,"Unsupported hardware",8,2,32,,,,8,2,4
"dot/dot_int8_int2_int32_2x32x8_2x4x8_neoni8mm/32/2432/real_time",,,,,,,,false,"Unsupported hardware",8,2,32,,,,8,2,4
"dot/dot_int8_int2_int32_2x32x8_2x4x8_neoni8mm/64/8/real_time",,,,,,,,false,"Unsupported hardware",8,2,32,,,,8,2,4
"dot/dot_int8_int2_int32_2x32x8_2x4x8_neoni8mm/64/328/real_time",,,,,,,,false,"Unsupported hardware",8,2,32,,,,8,2,4
"dot/dot_int8_int2_int32_2x32x8_2x4x8_neoni8mm/64/664/real_time",,,,,,,,false,"Unsupported hardware",8,2,32,,,,8,2,4
"dot/dot_int8_int2_int32_2x32x8_2x4x8_neoni8mm/64/1000/real_time",,,,,,,,false,"Unsupported hardware",8,2,32,,,,8,2,4
"dot/dot_int8_int2_int32_2x32x8_2x4x8_neoni8mm/64/1336/real_time",,,,,,,,false,"Unsupported hardware",8,2,32,,,,8,2,4
"dot/dot_int8_int2_int32_2x32x8_2x4x8_neoni8mm/128/8/real_time",,,,,,,,false,"Unsupported hardware",8,2,32,,,,8,2,4
"dot/dot_int8_int2_int32_2x32x8_2x4x8_neoni8mm/128/168/real_time",,,,,,,,false,"Unsupported hardware",8,2,32,,,,8,2,4
"dot/dot_int8_int2_int32_2x32x8_2x4x8_neoni8mm/128/344/real_time",,,,,,,,false,"Unsupported hardware",8,2,32,,,,8,2,4
"dot/dot_int8_int2_int32_2x32x8_2x4x8_neoni8mm/128/512/real_time",,,,,,,,false,"Unsupported hardware",8,2,32,,,,8,2,4
"dot/dot_int8_int2_int32_2x32x8_2x4x8_neoni8mm/128/688/real_time",,,,,,,,false,"Unsupported hardware",8,2,32,,,,8,2,4
"dot/dot_int8_int2_int32_2x32x8_2x4x8_neoni8mm/256/8/real_time",,,,,,,,false,"Unsupported hardware",8,2,32,,,,8,2,4
"dot/dot_int8_int2_int32_2x32x8_2x4x8_neoni8mm/256/80/real_time",,,,,,,,false,"Unsupported hardware",8,2,32,,,,8,2,4
"dot/dot_int8_int2_int32_2x32x8_2x4x8_neoni8mm/256/168/real_time",,,,,,,,false,"Unsupported hardware",8,2,32,,,,8,2,4
"dot/dot_int8_int2_int32_2x32x8_2x4x8_neoni8mm/256/248/real_time",,,,,,,,false,"Unsupported hardware",8,2,32,,,,8,2,4
"dot/dot_int8_int2_int32_2x32x8_2x4x8_neoni8mm/256/336/real_time",,,,,,,,false,"Unsupported hardware",8,2,32,,,,8,2,4
"dot/dot_int8_int2_int32_4x16x8_2x4x8_neoni8mm/16/8/real_time",,,,,,,,false,"Unsupported hardware",8,4,16,,,,8,2,4
"dot/dot_int8_int2_int32_4x16x8_2x4x8_neoni8mm/16/760/real_time",,,,,,,,false,"Unsupported hardware",8,4,16,,,,8,2,4
"dot/dot_int8_int2_int32_4x16x8_2x4x8_neoni8mm/16/1520/real_time",,,,,,,,false,"Unsupported hardware",8,4,16,,,,8,2,4
"dot/dot_int8_int2_int32_4x16x8_2x4x8_neoni8mm/16/2280/real_time",,,,,,,,false,"Unsupported hardware",8,4,16,,,,8,2,4
"dot/dot_int8_int2_int32_4x16x8_2x4x8_neoni8mm/16/3040/real_time",,,,,,,,false,"Unsupported hardware",8,4,16,,,,8,2,4
"dot/dot_int8_int2_int32_4x16x8_2x4x8_neoni8mm/32/8/real_time",,,,,,,,false,"Unsupported hardware",8,4,16,,,,8,2,4
"dot/dot_int8_int2_int32_4x16x8_2x4x8_neoni8mm/32/496/real_time",,,,,,,,false,"Unsupported hardware",8,4,16,,,,8,2,4
"dot/dot_int8_int2_int32_4x16x8_2x4x8_neoni8mm/32/1000/real_time",,,,,,,,false,"Unsupported hardware",8,4,16,,,,8,2,4
"dot/dot_int8_int2_int32_4x16x8_2x4x8_neoni8mm/32/1496/real_time",,,,,,,,false,"Unsupported hardware",8,4,16,,,,8,2,4
"dot/dot_int8_int2_int32_4x16x8_2x4x8_neoni8mm/32/2000/real_time",,,,,,,,false,"Unsupported hardware",8,4,16,,,,8,2,4
"dot/dot_int8_int2_int32_4x16x8_2x4x8_neoni8mm/64/8/real_time",,,,,,,,false,"Unsupported hardware",8,4,16,,,,8,2,4
"dot/dot_int8_int2_int32_4x16x8_2x4x8_neoni8mm/64/288/real_time",,,,,,,,false,"Unsupported hardware",8,4,16,,,,8,2,4
"dot/dot_int8_int2_int32_4x16x8_2x4x8_neoni8mm/64/584/real_time",,,,,,,,false,"Unsupported hardware",8,4,16,,,,8,2,4
"dot/dot_int8_int2_int32_4x16x8_2x4x8_neoni8mm/64/880/real_time",,,,,,,,false,"Unsupported hardware",8,4,16,,,,8,2,4
"dot/dot_int8_int2_int32_4x16x8_2x4x8_neoni8mm/64/1176/real_time",,,,,,,,false,"Unsupported hardware",8,4,16,,,,8,2,4
"dot/dot_int8_int2_int32_4x16x8_2x4x8_neoni8mm/128/8/real_time",,,,,,,,false,"Unsupported hardware",8,4,16,,,,8,2,4
"dot/dot_int8_int2_int32_4x16x8_2x4x8_neoni8mm/128/152/real_time",,,,,,,,false,"Unsupported hardware",8,4,16,,,,8,2,4
"dot/dot_int8_int2_int32_4x16x8_2x4x8_neoni8mm/128/312/real_time",,,,,,,,false,"Unsupported hardware",8,4,16,,,,8,2,4
"dot/dot_int8_int2_int32_4x16x8_2x4x8_neoni8mm/128/464/real_time",,,,,,,,false,"Unsupported hardware",8,4,16,,,,8,2,4
"dot/dot_int8_int2_int32_4x16x8_2x4x8_neoni8mm/128/624/real_time",,,,,,,,false,"Unsupported hardware",8,4,16,,,,8,2,4
"dot/dot_int8_int2_int32_4x8x8_2x4x8_neoni8mm/8/8/real_time",,,,,,,,false,"Unsupported hardware",8,4,8,,,,8,2,4
"dot/dot_int8_int2_int32_4x8x8_2x4x8_neoni8mm/8/1016/real_time",,,,,,,,false,"Unsupported hardware",8,4,8,,,,8,2,4
"dot/dot_int8_int2_int32_4x8x8_2x4x8_neoni8mm/8/2032/real_time",,,,,,,,false,"Unsupported hardware",8,4,8,,,,8,2,4
"dot/dot_int8_int2_int32_4x8x8_2x4x8_neoni8mm/8/3048/real_time",,,,,,,,false,"Unsupported hardware",8,4,8,,,,8,2,4
"dot/dot_int8_int2_int32_4x8x8_2x4x8_neoni8mm/8/4072/real_time",,,,,,,,false,"Unsupported hardware",8,4,8,,,,8,2,4
"dot/dot_int8_int2_int32_4x8x8_2x4x8_neoni8mm/16/8/real_time",,,,,,,,false,"Unsupported hardware",8,4,8,,,,8,2,4
"dot/dot_int8_int2_int32_4x8x8_2x4x8_neoni8mm/16/760/real_time",,,,,,,,false,"Unsupported hardware",8,4,8,,,,8,2,4
"dot/dot_int8_int2_int32_4x8x8_2x4x8_neoni8mm/16/1520/real_time",,,,,,,,false,"Unsupported hardware",8,4,8,,,,8,2,4
"dot/dot_int8_int2_int32_4x8x8_2x4x8_neoni8mm/16/2280/real_time",,,,,,,,false,"Unsupported hardware",8,4,8,,,,8,2,4
"dot/dot_int8_int2_int32_4x8x8_2x4x8_neoni8mm/16/3040/real_time",,,,,,,,false,"Unsupported hardware",8,4,8,,,,8,2,4
"dot/dot_int8_int2_int32_4x8x8_2x4x8_neoni8mm/32/8/real_time",,,,,,,,false,"Unsupported hardware",8,4,8,,,,8,2,4
"dot/dot_int8_int2_int32_4x8x8_2x4x8_neoni8mm/32/496/real_time",,,,,,,,false,"Unsupported hardware",8,4,8,,,,8,2,4
"dot/dot_int8_int2_int32_4x8x8_2x4x8_neoni8mm/32/1000/real_time",,,,,,,,false,"Unsupported hardware",8,4,8,,,,8,2,4
"dot/dot_int8_int2_int32_4x8x8_2x4x8_neoni8mm/32/1496/real_time",,,,,,,,false,"Unsupported hardware",8,4,8,,,,8,2,4
"dot/dot_int8_int2_int32_4x8x8_2x4x8_neoni8mm/32/2000/real_time",,,,,,,,false,"Unsupported hardware",8,4,8,,,,8,2,4
"dot/dot_int8_int2_int32_4x8x8_2x4x8_neoni8mm/64/8/real_time",,,,,,,,false,"Unsupported hardware",8,4,8,,,,8,2,4
"dot/dot_int8_int2_int32_4x8x8_2x4x8_neoni8mm/64/288/real_time",,,,,,,,false,"Unsupported hardware",8,4,8,,,,8,2,4
"dot/dot_int8_int2_int32_4x8x8_2x4x8_neoni8mm/64/584/real_time",,,,,,,,false,"Unsupported hardware",8,4,8,,,,8,2,4
"dot/dot_int8_int2_int32_4x8x8_2x4x8_neoni8mm/64/880/real_time",,,,,,,,false,"Unsupported hardware",8,4,8,,,,8,2,4
"dot/dot_int8_int2_int32_4x8x8_2x4x8_neoni8mm/64/1176/real_time",,,,,,,,false,"Unsupported hardware",8,4,8,,,,8,2,4
"dot/dot_int8_int2_int32_6x8x8_2x4x8_neoni8mm/8/8/real_time",,,,,,,,false,"Unsupported hardware",8,6,8,,,,8,2,4
"dot/dot_int8_int2_int32_6x8x8_2x4x8_neoni8mm/8/760/real_time",,,,,,,,false,"Unsupported hardware",8,6,8,,,,8,2,4
"dot/dot_int8_int2_int32_6x8x8_2x4x8_neoni8mm/8/1520/real_time",,,,,,,,false,"Unsupported hardware",8,6,8,,,,8,2,4
"dot/dot_int8_int2_int32_6x8x8_2x4x8_neoni8mm/8/2280/real_time",,,,,,,,false,"Unsupported hardware",8,6,8,,,,8,2,4
"dot/dot_int8_int2_int32_6x8x8_2x4x8_neoni8mm/8/3048/real_time",,,,,,,,false,"Unsupported hardware",8,6,8,,,,8,2,4
"dot/dot_int8_int2_int32_6x8x8_2x4x8_neoni8mm/16/8/real_time",,,,,,,,false,"Unsupported hardware",8,6,8,,,,8,2,4
"dot/dot_int8_int2_int32_6x8x8_2x4x8_neoni8mm/16/600/real_time",,,,,,,,false,"Unsupported hardware",8,6,8,,,,8,2,4
"dot/dot_int8_int2_int32_6x8x8_2x4x8_neoni8mm/16/1208/real_time",,,,,,,,false,"Unsupported hardware",8,6,8,,,,8,2,4
"dot/dot_int8_int2_int32_6x8x8_2x4x8_neoni8mm/16/1808/real_time",,,,,,,,false,"Unsupported hardware",8,6,8,,,,8,2,4
"dot/dot_int8_int2_int32_6x8x8_2x4x8_neoni8mm/16/2416/real_time",,,,,,,,false,"Unsupported hardware",8,6,8,,,,8,2,4
"dot/dot_int8_int2_int32_6x8x8_2x4x8_neoni8mm/32/8/real_time",,,,,,,,false,"Unsupported hardware",8,6,8,,,,8,2,4
"dot/dot_int8_int2_int32_6x8x8_2x4x8_neoni8mm/32/424/real_time",,,,,,,,false,"Unsupported hardware",8,6,8,,,,8,2,4
"dot/dot_int8_int2_int32_6x8x8_2x4x8_neoni8mm/32/848/real_time",,,,,,,,false,"Unsupported hardware",8,6,8,,,,8,2,4
"dot/dot_int8_int2_int32_6x8x8_2x4x8_neoni8mm/32/1272/real_time",,,,,,,,false,"Unsupported hardware",8,6,8,,,,8,2,4
"dot/dot_int8_int2_int32_6x8x8_2x4x8_neoni8mm/32/1696/real_time",,,,,,,,false,"Unsupported hardware",8,6,8,,,,8,2,4
"dot/dot_int8_int2_int32_6x8x8_2x4x8_neoni8mm/64/8/real_time",,,,,,,,false,"Unsupported hardware",8,6,8,,,,8,2,4
"dot/dot_int8_int2_int32_6x8x8_2x4x8_neoni8mm/64/256/real_time",,,,,,,,false,"Unsupported hardware",8,6,8,,,,8,2,4
"dot/dot_int8_int2_int32_6x8x8_2x4x8_neoni8mm/64/520/real_time",,,,,,,,false,"Unsupported hardware",8,6,8,,,,8,2,4
"dot/dot_int8_int2_int32_6x8x8_2x4x8_neoni8mm/64/776/real_time",,,,,,,,false,"Unsupported hardware",8,6,8,,,,8,2,4
"dot/dot_int8_int2_int32_6x8x8_2x4x8_neoni8mm/64/1040/real_time",,,,,,,,false,"Unsupported hardware",8,6,8,,,,8,2,4
"dot/dot_int8_int2_int32_8x8x8_2x4x8_neoni8mm/8/8/real_time",,,,,,,,false,"Unsupported hardware",8,8,8,,,,8,2,4
"dot/dot_int8_int2_int32_8x8x8_2x4x8_neoni8mm/8/608/real_time",,,,,,,,false,"Unsupported hardware",8,8,8,,,,8,2,4
"dot/dot_int8_int2_int32_8x8x8_2x4x8_neoni8mm/8/1216/real_time",,,,,,,,false,"Unsupported hardware",8,8,8,,,,8,2,4
"dot/dot_int8_int2_int32_8x8x8_2x4x8_neoni8mm/8/1824/real_time",,,,,,,,false,"Unsupported hardware",8,8,8,,,,8,2,4
"dot/dot_int8_int2_int32_8x8x8_2x4x8_neoni8mm/8/2432/real_time",,,,,,,,false,"Unsupported hardware",8,8,8,,,,8,2,4
"dot/dot_int8_int2_int32_8x8x8_2x4x8_neoni8mm/16/8/real_time",,,,,,,,false,"Unsupported hardware",8,8,8,,,,8,2,4
"dot/dot_int8_int2_int32_8x8x8_2x4x8_neoni8mm/16/496/real_time",,,,,,,,false,"Unsupported hardware",8,8,8,,,,8,2,4
"dot/dot_int8_int2_int32_8x8x8_2x4x8_neoni8mm/16/1000/real_time",,,,,,,,false,"Unsupported hardware",8,8,8,,,,8,2,4
"dot/dot_int8_int2_int32_8x8x8_2x4x8_neoni8mm/16/1496/real_time",,,,,,,,false,"Unsupported hardware",8,8,8,,,,8,2,4
"dot/dot_int8_int2_int32_8x8x8_2x4x8_neoni8mm/16/2000/real_time",,,,,,,,false,"Unsupported hardware",8,8,8,,,,8,2,4
"dot/dot_int8_int2_int32_8x8x8_2x4x8_neoni8mm/32/8/real_time",,,,,,,,false,"Unsupported hardware",8,8,8,,,,8,2,4
"dot/dot_int8_int2_int32_8x8x8_2x4x8_neoni8mm/32/368/real_time",,,,,,,,false,"Unsupported hardware",8,8,8,,,,8,2,4
"dot/dot_int8_int2_int32_8x8x8_2x4x8_neoni8mm/32/736/real_time",,,,,,,,false,"Unsupported hardware",8,8,8,,,,8,2,4
"dot/dot_int8_int2_int32_8x8x8_2x4x8_neoni8mm/32/1104/real_time",,,,,,,,false,"Unsupported hardware",8,8,8,,,,8,2,4
"dot/dot_int8_int2_int32_8x8x8_2x4x8_neoni8mm/32/1472/real_time",,,,,,,,false,"Unsupported hardware",8,8,8,,,,8,2,4
"dot/dot_int8_int2_int32_8x8x8_2x4x8_neoni8mm/64/8/real_time",,,,,,,,false,"Unsupported hardware",8,8,8,,,,8,2,4
"dot/dot_int8_int2_int32_8x8x8_2x4x8_neoni8mm/64/232/real_time",,,,,,,,false,"Unsupported hardware",8,8,8,,,,8,2,4
"dot/dot_int8_int2_int32_8x8x8_2x4x8_neoni8mm/64/464/real_time",,,,,,,,false,"Unsupported hardware",8,8,8,,,,8,2,4
"dot/dot_int8_int2_int32_8x8x8_2x4x8_neoni8mm/64/696/real_time",,,,,,,,false,"Unsupported hardware",8,8,8,,,,8,2,4
"dot/dot_int8_int2_int32_8x8x8_2x4x8_neoni8mm/64/936/real_time",,,,,,,,false,"Unsupported hardware",8,8,8,,,,8,2,4
"dot/dot_int8_int2_int32_10x8x8_2x4x8_neoni8mm/8/8/real_time",,,,,,,,false,"Unsupported hardware",8,10,8,,,,8,2,4
"dot/dot_int8_int2_int32_10x8x8_2x4x8_neoni8mm/8/504/real_time",,,,,,,,false,"Unsupported hardware",8,10,8,,,,8,2,4
"dot/dot_int8_int2_int32_10x8x8_2x4x8_neoni8mm/8/1008/real_time",,,,,,,,false,"Unsupported hardware",8,10,8,,,,8,2,4
"dot/dot_int8_int2_int32_10x8x8_2x4x8_neoni8mm/8/1512/real_time",,,,,,,,false,"Unsupported hardware",8,10,8,,,,8,2,4
"dot/dot_int8_int2_int32_10x8x8_2x4x8_neoni8mm/8/2016/real_time",,,,,,,,false,"Unsupported hardware",8,10,8,,,,8,2,4
"dot/dot_int8_int2_int32_10x8x8_2x4x8_neoni8mm/16/8/real_time",,,,,,,,false,"Unsupported hardware",8,10,8,,,,8,2,4
"dot/dot_int8_int2_int32_10x8x8_2x4x8_neoni8mm/16/424/real_time",,,,,,,,false,"Unsupported hardware",8,10,8,,,,8,2,4
"dot/dot_int8_int2_int32_10x8x8_2x4x8_neoni8mm/16/848/real_time",,,,,,,,false,"Unsupported hardware",8,10,8,,,,8,2,4
"dot/dot_int8_int2_int32_10x8x8_2x4x8_neoni8mm/16/1272/real_time",,,,,,,,false,"Unsupported hardware",8,10,8,,,,8,2,4
"dot/dot_int8_int2_int32_10x8x8_2x4x8_neoni8mm/16/1704/real_time",,,,,,,,false,"Unsupported hardware",8,10,8,,,,8,2,4
"dot/dot_int8_int2_int32_10x8x8_2x4x8_neoni8mm/32/8/real_time",,,,,,,,false,"Unsupported hardware",8,10,8,,,,8,2,4
"dot/dot_int8_int2_int32_10x8x8_2x4x8_neoni8mm/32/320/real_time",,,,,,,,false,"Unsupported hardware",8,10,8,,,,8,2,4
"dot/dot_int8_int2_int32_10x8x8_2x4x8_neoni8mm/32/640/real_time",,,,,,,,false,"Unsupported hardware",8,10,8,,,,8,2,4
"dot/dot_int8_int2_int32_10x8x8_2x4x8_neoni8mm/32/960/real_time",,,,,,,,false,"Unsupported hardware",8,10,8,,,,8,2,4
"dot/dot_int8_int2_int32_10x8x8_2x4x8_neoni8mm/32/1288/real_time",,,,,,,,false,"Unsupported hardware",8,10,8,,,,8,2,4
"dot/dot_int8_int2_int32_10x8x8_2x4x8_neoni8mm/64/8/real_time",,,,,,,,false,"Unsupported hardware",8,10,8,,,,8,2,4
"dot/dot_int8_int2_int32_10x8x8_2x4x8_neoni8mm/64/208/real_time",,,,,,,,false,"Unsupported hardware",8,10,8,,,,8,2,4
"dot/dot_int8_int2_int32_10x8x8_2x4x8_neoni8mm/64/416/real_time",,,,,,,,false,"Unsupported hardware",8,10,8,,,,8,2,4
"dot/dot_int8_int2_int32_10x8x8_2x4x8_neoni8mm/64/624/real_time",,,,,,,,false,"Unsupported hardware",8,10,8,,,,8,2,4
"dot/dot_int8_int2_int32_10x8x8_2x4x8_neoni8mm/64/840/real_time",,,,,,,,false,"Unsupported hardware",8,10,8,,,,8,2,4
"dot/dot_int8_int2_int32_16x4x8_2x4x8_neoni8mm/4/8/real_time",,,,,,,,false,"Unsupported hardware",8,16,4,,,,8,2,4
"dot/dot_int8_int2_int32_16x4x8_2x4x8_neoni8mm/4/352/real_time",,,,,,,,false,"Unsupported hardware",8,16,4,,,,8,2,4
"dot/dot_int8_int2_int32_16x4x8_2x4x8_neoni8mm/4/712/real_time",,,,,,,,false,"Unsupported hardware",8,16,4,,,,8,2,4
"dot/dot_int8_int2_int32_16x4x8_2x4x8_neoni8mm/4/1064/real_time",,,,,,,,false,"Unsupported hardware",8,16,4,,,,8,2,4
"dot/dot_int8_int2_int32_16x4x8_2x4x8_neoni8mm/4/1424/real_time",,,,,,,,false,"Unsupported hardware",8,16,4,,,,8,2,4
"dot/dot_int8_int2_int32_16x4x8_2x4x8_neoni8mm/8/8/real_time",,,,,,,,false,"Unsupported hardware",8,16,4,,,,8,2,4
"dot/dot_int8_int2_int32_16x4x8_2x4x8_neoni8mm/8/328/real_time",,,,,,,,false,"Unsupported hardware",8,16,4,,,,8,2,4
"dot/dot_int8_int2_int32_16x4x8_2x4x8_neoni8mm/8/664/real_time",,,,,,,,false,"Unsupported hardware",8,16,4,,,,8,2,4
"dot/dot_int8_int2_int32_16x4x8_2x4x8_neoni8mm/8/1000/real_time",,,,,,,,false,"Unsupported hardware",8,16,4,,,,8,2,4
"dot/dot_int8_int2_int32_16x4x8_2x4x8_neoni8mm/8/1336/real_time",,,,,,,,false,"Unsupported hardware",8,16,4,,,,8,2,4
"dot/dot_int8_int2_int32_16x4x8_2x4x8_neoni8mm/16/8/real_time",,,,,,,,false,"Unsupported hardware",8,16,4,,,,8,2,4
"dot/dot_int8_int2_int32_16x4x8_2x4x8_neoni8mm/16/288/real_time",,,,,,,,false,"Unsupported hardware",8,16,4,,,,8,2,4
"dot/dot_int8_int2_int32_16x4x8_2x4x8_neoni8mm/16/584/real_time",,,,,,,,false,"Unsupported hardware",8,16,4,,,,8,2,4
"dot/dot_int8_int2_int32_16x4x8_2x4x8_neoni8mm/16/880/real_time",,,,,,,,false,"Unsupported hardware",8,16,4,,,,8,2,4
"dot/dot_int8_int2_int32_16x4x8_2x4x8_neoni8mm/16/1176/real_time",,,,,,,,false,"Unsupported hardware",8,16,4,,,,8,2,4
"dot/dot_int8_int2_int32_16x4x8_2x4x8_neoni8mm/32/8/real_time",,,,,,,,false,"Unsupported hardware",8,16,4,,,,8,2,4
"dot/dot_int8_int2_int32_16x4x8_2x4x8_neoni8mm/32/232/real_time",,,,,,,,false,"Unsupported hardware",8,16,4,,,,8,2,4
"dot/dot_int8_int2_int32_16x4x8_2x4x8_neoni8mm/32/464/real_time",,,,,,,,false,"Unsupported hardware",8,16,4,,,,8,2,4
"dot/dot_int8_int2_int32_16x4x8_2x4x8_neoni8mm/32/696/real_time",,,,,,,,false,"Unsupported hardware",8,16,4,,,,8,2,4
"dot/dot_int8_int2_int32_16x4x8_2x4x8_neoni8mm/32/936/real_time",,,,,,,,false,"Unsupported hardware",8,16,4,,,,8,2,4
"dot/dot_int8_int4_int32_2x32x8_2x4x8_neoni8mm/32/8/real_time",,,,,,,,false,"Unsupported hardware",8,2,32,,,,8,2,4
"dot/dot_int8_int4_int32_2x32x8_2x4x8_neoni8mm/32/336/real_time",,,,,,,,false,"Unsupported hardware",8,2,32,,,,8,2,4
"dot/dot_int8_int4_int32_2x32x8_2x4x8_neoni8mm/32/672/real_time",,,,,,,,false,"Unsupported hardware",8,2,32,,,,8,2,4
"dot/dot_int8_int4_int32_2x32x8_2x4x8_neoni8mm/32/1008/real_time",,,,,,,,false,"Unsupported hardware",8,2,32,,,,8,2,4
"dot/dot_int8_int4_int32_2x32x8_2x4x8_neoni8mm/32/1344/real_time",,,,,,,,false,"Unsupported hardware",8,2,32,,,,8,2,4
"dot/dot_int8_int4_int32_2x32x8_2x4x8_neoni8mm/64/8/real_time",,,,,,,,false,"Unsupported hardware",8,2,32,,,,8,2,4
"dot/dot_int8_int4_int32_2x32x8_2x4x8_neoni8mm/64/176/real_time",,,,,,,,false,"Unsupported hardware",8,2,32,,,,8,2,4
"dot/dot_int8_int4_int32_2x32x8_2x4x8_neoni8mm/64/352/real_time",,,,,,,,false,"Unsupported hardware",8,2,32,,,,8,2,4
"dot/dot_int8_int4_int32_2x32x8_2x4x8_neoni8mm/64/528/real_time",,,,,,,,false,"Unsupported hardware",8,2,32,,,,8,2,4
"dot/dot_int8_int4_int32_2x32x8_2x4x8_neoni8mm/64/704/real_time",,,,,,,,false,"Unsupported hardware",8,2,32,,,,8,2,4
"dot/dot_int8_int4_int32_2x32x8_2x4x8_neoni8mm/128/8/real_time",,,,,,,,false,"Unsupported hardware",8,2,32,,,,8,2,4
"dot/dot_int8_int4_int32_2x32x8_2x4x8_neoni8mm/128/88/real_time",,,,,,,,false,"Unsupported hardware",8,2,32,,,,8,2,4
"dot/dot_int8_int4_int32_2x32x8_2x4x8_neoni8mm/128/176/real_time",,,,,,,,false,"Unsupported hardware",8,2,32,,,,8,2,4
"dot/dot_int8_int4_int32_2x32x8_2x4x8_neoni8mm/128/264/real_time",,,,,,,,false,"Unsupported hardware",8,2,32,,,,8,2,4
"dot/dot_int8_int4_int32_2x32x8_2x4x8_neoni8mm/128/352/real_time",,,,,,,,false,"Unsupported hardware",8,2,32,,,,8,2,4
"dot/dot_int8_int4_int32_2x32x8_2x4x8_neoni8mm/256/8/real_time",,,,,,,,false,"Unsupported hardware",8,2,32,,,,8,2,4
"dot/dot_int8_int4_int32_2x32x8_2x4x8_neoni8mm/256/40/real_time",,,,,,,,false,"Unsupported hardware",8,2,32,,,,8,2,4
"dot/dot_int8_int4_int32_2x32x8_2x4x8_neoni8mm/256/80/real_time",,,,,,,,false,"Unsupported hardware",8,2,32,,,,8,2,4
"dot/dot_int8_int4_int32_2x32x8_2x4x8_neoni8mm/256/120/real_time",,,,,,,,false,"Unsupported hardware",8,2,32,,,,8,2,4
"dot/dot_int8_int4_int32_2x32x8_2x4x8_neoni8mm/256/168/real_time",,,,,,,,false,"Unsupported hardware",8,2,32,,,,8,2,4
"dot/dot_int8_int4_int32_4x16x8_2x4x8_neoni8mm/16/8/real_time",,,,,,,,false,"Unsupported hardware",8,4,16,,,,8,2,4
"dot/dot_int8_int4_int32_4x16x8_2x4x8_neoni8mm/16/504/real_time",,,,,,,,false,"Unsupported hardware",8,4,16,,,,8,2,4
"dot/dot_int8_int4_int32_4x16x8_2x4x8_neoni8mm/16/1008/real_time",,,,,,,,false,"Unsupported hardware",8,4,16,,,,8,2,4
"dot/dot_int8_int4_int32_4x16x8_2x4x8_neoni8mm/16/1512/real_time",,,,,,,,false,"Unsupported hardware",8,4,16,,,,8,2,4
"dot/dot_int8_int4_int32_4x16x8_2x4x8_neoni8mm/16/2024/real_time",,,,,,,,false,"Unsupported hardware",8,4,16,,,,8,2,4
"dot/dot_int8_int4_int32_4x16x8_2x4x8_neoni8mm/32/8/real_time",,,,,,,,false,"Unsupported hardware",8,4,16,,,,8,2,4
"dot/dot_int8_int4_int32_4x16x8_2x4x8_neoni8mm/32/296/real_time",,,,,,,,false,"Unsupported hardware",8,4,16,,,,8,2,4
"dot/dot_int8_int4_int32_4x16x8_2x4x8_neoni8mm/32/600/real_time",,,,,,,,false,"Unsupported hardware",8,4,16,,,,8,2,4
"dot/dot_int8_int4_int32_4x16x8_2x4x8_neoni8mm/32/896/real_time",,,,,,,,false,"Unsupported hardware",8,4,16,,,,8,2,4
"dot/dot_int8_int4_int32_4x16x8_2x4x8_neoni8mm/32/1200/real_time",,,,,,,,false,"Unsupported hardware",8,4,16,,,,8,2,4
"dot/dot_int8_int4_int32_4x16x8_2x4x8_neoni8mm/64/8/real_time",,,,,,,,false,"Unsupported hardware",8,4,16,,,,8,2,4
"dot/dot_int8_int4_int32_4x16x8_2x4x8_neoni8mm/64/160/real_time",,,,,,,,false,"Unsupported hardware",8,4,16,,,,8,2,4
"dot/dot_int8_int4_int32_4x16x8_2x4x8_neoni8mm/64/320/real_time",,,,,,,,false,"Unsupported hardware",8,4,16,,,,8,2,4
"dot/dot_int8_int4_int32_4x16x8_2x4x8_neoni8mm/64/480/real_time",,,,,,,,false,"Unsupported hardware",8,4,16,,,,8,2,4
"dot/dot_int8_int4_int32_4x16x8_2x4x8_neoni8mm/64/648/real_time",,,,,,,,false,"Unsupported hardware",8,4,16,,,,8,2,4
"dot/dot_int8_int4_int32_4x16x8_2x4x8_neoni8mm/128/8/real_time",,,,,,,,false,"Unsupported hardware",8,4,16,,,,8,2,4
"dot/dot_int8_int4_int32_4x16x8_2x4x8_neoni8mm/128/80/real_time",,,,,,,,false,"Unsupported hardware",8,4,16,,,,8,2,4
"dot/dot_int8_int4_int32_4x16x8_2x4x8_neoni8mm/128/160/real_time",,,,,,,,false,"Unsupported hardware",8,4,16,,,,8,2,4
"dot/dot_int8_int4_int32_4x16x8_2x4x8_neoni8mm/128/240/real_time",,,,,,,,false,"Unsupported hardware",8,4,16,,,,8,2,4
"dot/dot_int8_int4_int32_4x16x8_2x4x8_neoni8mm/128/328/real_time",,,,,,,,false,"Unsupported hardware",8,4,16,,,,8,2,4
"dot/dot_int8_int4_int32_6x16x8_2x4x8_neoni8mm/16/8/real_time",,,,,,,,false,"Unsupported hardware",8,6,16,,,,8,2,4
"dot/dot_int8_int4_int32_6x16x8_2x4x8_neoni8mm/16/432/real_time",,,,,,,,false,"Unsupported hardware",8,6,16,,,,8,2,4
"dot/dot_int8_int4_int32_6x16x8_2x4x8_neoni8mm/16/864/real_time",,,,,,,,false,"Unsupported hardware",8,6,16,,,,8,2,4
"dot/dot_int8_int4_int32_6x16x8_2x4x8_neoni8mm/16/1296/real_time",,,,,,,,false,"Unsupported hardware",8,6,16,,,,8,2,4
"dot/dot_int8_int4_int32_6x16x8_2x4x8_neoni8mm/16/1728/real_time",,,,,,,,false,"Unsupported hardware",8,6,16,,,,8,2,4
"dot/dot_int8_int4_int32_6x16x8_2x4x8_neoni8mm/32/8/real_time",,,,,,,,false,"Unsupported hardware",8,6,16,,,,8,2,4
"dot/dot_int8_int4_int32_6x16x8_2x4x8_neoni8mm/32/264/real_time",,,,,,,,false,"Unsupported hardware",8,6,16,,,,8,2,4
"dot/dot_int8_int4_int32_6x16x8_2x4x8_neoni8mm/32/536/real_time",,,,,,,,false,"Unsupported hardware",8,6,16,,,,8,2,4
"dot/dot_int8_int4_int32_6x16x8_2x4x8_neoni8mm/32/808/real_time",,,,,,,,false,"Unsupported hardware",8,6,16,,,,8,2,4
"dot/dot_int8_int4_int32_6x16x8_2x4x8_neoni8mm/32/1080/real_time",,,,,,,,false,"Unsupported hardware",8,6,16,,,,8,2,4
"dot/dot_int8_int4_int32_6x16x8_2x4x8_neoni8mm/64/8/real_time",,,,,,,,false,"Unsupported hardware",8,6,16,,,,8,2,4
"dot/dot_int8_int4_int32_6x16x8_2x4x8_neoni8mm/64/144/real_time",,,,,,,,false,"Unsupported hardware",8,6,16,,,,8,2,4
"dot/dot_int8_int4_int32_6x16x8_2x4x8_neoni8mm/64/296/real_time",,,,,,,,false,"Unsupported hardware",8,6,16,,,,8,2,4
"dot/dot_int8_int4_int32_6x16x8_2x4x8_neoni8mm/64/448/real_time",,,,,,,,false,"Unsupported hardware",8,6,16,,,,8,2,4
"dot/dot_int8_int4_int32_6x16x8_2x4x8_neoni8mm/64/600/real_time",,,,,,,,false,"Unsupported hardware",8,6,16,,,,8,2,4
"dot/dot_int8_int4_int32_6x16x8_2x4x8_neoni8mm/128/8/real_time",,,,,,,,false,"Unsupported hardware",8,6,16,,,,8,2,4
"dot/dot_int8_int4_int32_6x16x8_2x4x8_neoni8mm/128/72/real_time",,,,,,,,false,"Unsupported hardware",8,6,16,,,,8,2,4
"dot/dot_int8_int4_int32_6x16x8_2x4x8_neoni8mm/128/152/real_time",,,,,,,,false,"Unsupported hardware",8,6,16,,,,8,2,4
"dot/dot_int8_int4_int32_6x16x8_2x4x8_neoni8mm/128/224/real_time",,,,,,,,false,"Unsupported hardware",8,6,16,,,,8,2,4
"dot/dot_int8_int4_int32_6x16x8_2x4x8_neoni8mm/128/304/real_time",,,,,,,,false,"Unsupported hardware",8,6,16,,,,8,2,4
"dot/dot_int8_int4_int32_6x8x8_2x4x8_neoni8mm/8/8/real_time",,,,,,,,false,"Unsupported hardware",8,6,8,,,,8,2,4
"dot/dot_int8_int4_int32_6x8x8_2x4x8_neoni8mm/8/608/real_time",,,,,,,,false,"Unsupported hardware",8,6,8,,,,8,2,4
"dot/dot_int8_int4_int32_6x8x8_2x4x8_neoni8mm/8/1216/real_time",,,,,,,,false,"Unsupported hardware",8,6,8,,,,8,2,4
"dot/dot_int8_int4_int32_6x8x8_2x4x8_neoni8mm/8/1824/real_time",,,,,,,,false,"Unsupported hardware",8,6,8,,,,8,2,4
"dot/dot_int8_int4_int32_6x8x8_2x4x8_neoni8mm/8/2432/real_time",,,,,,,,false,"Unsupported hardware",8,6,8,,,,8,2,4
"dot/dot_int8_int4_int32_6x8x8_2x4x8_neoni8mm/16/8/real_time",,,,,,,,false,"Unsupported hardware",8,6,8,,,,8,2,4
"dot/dot_int8_int4_int32_6x8x8_2x4x8_neoni8mm/16/432/real_time",,,,,,,,false,"Unsupported hardware",8,6,8,,,,8,2,4
"dot/dot_int8_int4_int32_6x8x8_2x4x8_neoni8mm/16/864/real_time",,,,,,,,false,"Unsupported hardware",8,6,8,,,,8,2,4
"dot/dot_int8_int4_int32_6x8x8_2x4x8_neoni8mm/16/1296/real_time",,,,,,,,false,"Unsupported hardware",8,6,8,,,,8,2,4
"dot/dot_int8_int4_int32_6x8x8_2x4x8_neoni8mm/16/1728/real_time",,,,,,,,false,"Unsupported hardware",8,6,8,,,,8,2,4
"dot/dot_int8_int4_int32_6x8x8_2x4x8_neoni8mm/32/8/real_time",,,,,,,,false,"Unsupported hardware",8,6,8,,,,8,2,4
"dot/dot_int8_int4_int32_6x8x8_2x4x8_neoni8mm/32/264/real_time",,,,,,,,false,"Unsupported hardware",8,6,8,,,,8,2,4
"dot/dot_int8_int4_int32_6x8x8_2x4x8_neoni8mm/32/536/real_time",,,,,,,,false,"Unsupported hardware",8,6,8,,,,8,2,4
"dot/dot_int8_int4_int32_6x8x8_2x4x8_neoni8mm/32/808/real_time",,,,,,,,false,"Unsupported hardware",8,6,8,,,,8,2,4
"dot/dot_int8_int4_int32_6x8x8_2x4x8_neoni8mm/32/1080/real_time",,,,,,,,false,"Unsupported hardware",8,6,8,,,,8,2,4
"dot/dot_int8_int4_int32_6x8x8_2x4x8_neoni8mm/64/8/real_time",,,,,,,,false,"Unsupported hardware",8,6,8,,,,8,2,4
"dot/dot_int8_int4_int32_6x8x8_2x4x8_neoni8mm/64/144/real_time",,,,,,,,false,"Unsupported hardware",8,6,8,,,,8,2,4
"dot/dot_int8_int4_int32_6x8x8_2x4x8_neoni8mm/64/296/real_time",,,,,,,,false,"Unsupported hardware",8,6,8,,,,8,2,4
"dot/dot_int8_int4_int32_6x8x8_2x4x8_neoni8mm/64/448/real_time",,,,,,,,false,"Unsupported hardware",8,6,8,,,,8,2,4
"dot/dot_int8_int4_int32_6x8x8_2x4x8_neoni8mm/64/600/real_time",,,,,,,,false,"Unsupported hardware",8,6,8,,,,8,2,4
"dot/dot_int8_int4_int32_8x8x8_2x4x8_neoni8mm/8/8/real_time",,,,,,,,false,"Unsupported hardware",8,8,8,,,,8,2,4
"dot/dot_int8_int4_int32_8x8x8_2x4x8_neoni8mm/8/504/real_time",,,,,,,,false,"Unsupported hardware",8,8,8,,,,8,2,4
"dot/dot_int8_int4_int32_8x8x8_2x4x8_neoni8mm/8/1008/real_time",,,,,,,,false,"Unsupported hardware",8,8,8,,,,8,2,4
"dot/dot_int8_int4_int32_8x8x8_2x4x8_neoni8mm/8/1512/real_time",,,,,,,,false,"Unsupported hardware",8,8,8,,,,8,2,4
"dot/dot_int8_int4_int32_8x8x8_2x4x8_neoni8mm/8/2024/real_time",,,,,,,,false,"Unsupported hardware",8,8,8,,,,8,2,4
"dot/dot_int8_int4_int32_8x8x8_2x4x8_neoni8mm/16/8/real_time",,,,,,,,false,"Unsupported hardware",8,8,8,,,,8,2,4
"dot/dot_int8_int4_int32_8x8x8_2x4x8_neoni8mm/16/376/real_time",,,,,,,,false,"Unsupported hardware",8,8,8,,,,8,2,4
"dot/dot_int8_int4_int32_8x8x8_2x4x8_neoni8mm/16/752/real_time",,,,,,,,false,"Unsupported hardware",8,8,8,,,,8,2,4
"dot/dot_int8_int4_int32_8x8x8_2x4x8_neoni8mm/16/1128/real_time",,,,,,,,false,"Unsupported hardware",8,8,8,,,,8,2,4
"dot/dot_int8_int4_int32_8x8x8_2x4x8_neoni8mm/16/1504/real_time",,,,,,,,false,"Unsupported hardware",8,8,8,,,,8,2,4
"dot/dot_int8_int4_int32_8x8x8_2x4x8_neoni8mm/32/8/real_time",,,,,,,,false,"Unsupported hardware",8,8,8,,,,8,2,4
"dot/dot_int8_int4_int32_8x8x8_2x4x8_neoni8mm/32/240/real_time",,,,,,,,false,"Unsupported hardware",8,8,8,,,,8,2,4
"dot/dot_int8_int4_int32_8x8x8_2x4x8_neoni8mm/32/488/real_time",,,,,,,,false,"Unsupported hardware",8,8,8,,,,8,2,4
"dot/dot_int8_int4_int32_8x8x8_2x4x8_neoni8mm/32/728/real_time",,,,,,,,false,"Unsupported hardware",8,8,8,,,,8,2,4
"dot/dot_int8_int4_int32_8x8x8_2x4x8_neoni8mm/32/976/real_time",,,,,,,,false,"Unsupported hardware",8,8,8,,,,8,2,4
"dot/dot_int8_int4_int32_8x8x8_2x4x8_neoni8mm/64/8/real_time",,,,,,,,false,"Unsupported hardware",8,8,8,,,,8,2,4
"dot/dot_int8_int4_int32_8x8x8_2x4x8_neoni8mm/64/136/real_time",,,,,,,,false,"Unsupported hardware",8,8,8,,,,8,2,4
"dot/dot_int8_int4_int32_8x8x8_2x4x8_neoni8mm/64/280/real_time",,,,,,,,false,"Unsupported hardware",8,8,8,,,,8,2,4
"dot/dot_int8_int4_int32_8x8x8_2x4x8_neoni8mm/64/416/real_time",,,,,,,,false,"Unsupported hardware",8,8,8,,,,8,2,4
"dot/dot_int8_int4_int32_8x8x8_2x4x8_neoni8mm/64/560/real_time",,,,,,,,false,"Unsupported hardware",8,8,8,,,,8,2,4
"dot/dot_int8_int4_int32_10x8x8_2x4x8_neoni8mm/8/8/real_time",,,,,,,,false,"Unsupported hardware",8,10,8,,,,8,2,4
"dot/dot_int8_int4_int32_10x8x8_2x4x8_neoni8mm/8/432/real_time",,,,,,,,false,"Unsupported hardware",8,10,8,,,,8,2,4
"dot/dot_int8_int4_int32_10x8x8_2x4x8_neoni8mm/8/864/real_time",,,,,,,,false,"Unsupported hardware",8,10,8,,,,8,2,4
"dot/dot_int8_int4_int32_10x8x8_2x4x8_neoni8mm/8/1296/real_time",,,,,,,,false,"Unsupported hardware",8,10,8,,,,8,2,4
"dot/dot_int8_int4_int32_10x8x8_2x4x8_neoni8mm/8/1728/real_time",,,,,,,,false,"Unsupported hardware",8,10,8,,,,8,2,4
"dot/dot_int8_int4_int32_10x8x8_2x4x8_neoni8mm/16/8/real_time",,,,,,,,false,"Unsupported hardware",8,10,8,,,,8,2,4
"dot/dot_int8_int4_int32_10x8x8_2x4x8_neoni8mm/16/328/real_time",,,,,,,,false,"Unsupported hardware",8,10,8,,,,8,2,4
"dot/dot_int8_int4_int32_10x8x8_2x4x8_neoni8mm/16/664/real_time",,,,,,,,false,"Unsupported hardware",8,10,8,,,,8,2,4
"dot/dot_int8_int4_int32_10x8x8_2x4x8_neoni8mm/16/992/real_time",,,,,,,,false,"Unsupported hardware",8,10,8,,,,8,2,4
"dot/dot_int8_int4_int32_10x8x8_2x4x8_neoni8mm/16/1328/real_time",,,,,,,,false,"Unsupported hardware",8,10,8,,,,8,2,4
"dot/dot_int8_int4_int32_10x8x8_2x4x8_neoni8mm/32/8/real_time",,,,,,,,false,"Unsupported hardware",8,10,8,,,,8,2,4
"dot/dot_int8_int4_int32_10x8x8_2x4x8_neoni8mm/32/224/real_time",,,,,,,,false,"Unsupported hardware",8,10,8,,,,8,2,4
"dot/dot_int8_int4_int32_10x8x8_2x4x8_neoni8mm/32/448/real_time",,,,,,,,false,"Unsupported hardware",8,10,8,,,,8,2,4
"dot/dot_int8_int4_int32_10x8x8_2x4x8_neoni8mm/32/672/real_time",,,,,,,,false,"Unsupported hardware",8,10,8,,,,8,2,4
"dot/dot_int8_int4_int32_10x8x8_2x4x8_neoni8mm/32/896/real_time",,,,,,,,false,"Unsupported hardware",8,10,8,,,,8,2,4
"dot/dot_int8_int4_int32_10x8x8_2x4x8_neoni8mm/64/8/real_time",,,,,,,,false,"Unsupported hardware",8,10,8,,,,8,2,4
"dot/dot_int8_int4_int32_10x8x8_2x4x8_neoni8mm/64/128/real_time",,,,,,,,false,"Unsupported hardware",8,10,8,,,,8,2,4
"dot/dot_int8_int4_int32_10x8x8_2x4x8_neoni8mm/64/256/real_time",,,,,,,,false,"Unsupported hardware",8,10,8,,,,8,2,4
"dot/dot_int8_int4_int32_10x8x8_2x4x8_neoni8mm/64/384/real_time",,,,,,,,false,"Unsupported hardware",8,10,8,,,,8,2,4
"dot/dot_int8_int4_int32_10x8x8_2x4x8_neoni8mm/64/520/real_time",,,,,,,,false,"Unsupported hardware",8,10,8,,,,8,2,4
"dot/dot_int8_int4_int32_16x4x8_2x4x8_neoni8mm/4/8/real_time",,,,,,,,false,"Unsupported hardware",8,16,4,,,,8,2,4
"dot/dot_int8_int4_int32_16x4x8_2x4x8_neoni8mm/4/336/real_time",,,,,,,,false,"Unsupported hardware",8,16,4,,,,8,2,4
"dot/dot_int8_int4_int32_16x4x8_2x4x8_neoni8mm/4/672/real_time",,,,,,,,false,"Unsupported hardware",8,16,4,,,,8,2,4
"dot/dot_int8_int4_int32_16x4x8_2x4x8_neoni8mm/4/1008/real_time",,,,,,,,false,"Unsupported hardware",8,16,4,,,,8,2,4
"dot/dot_int8_int4_int32_16x4x8_2x4x8_neoni8mm/4/1344/real_time",,,,,,,,false,"Unsupported hardware",8,16,4,,,,8,2,4
"dot/dot_int8_int4_int32_16x4x8_2x4x8_neoni8mm/8/8/real_time",,,,,,,,false,"Unsupported hardware",8,16,4,,,,8,2,4
"dot/dot_int8_int4_int32_16x4x8_2x4x8_neoni8mm/8/296/real_time",,,,,,,,false,"Unsupported hardware",8,16,4,,,,8,2,4
"dot/dot_int8_int4_int32_16x4x8_2x4x8_neoni8mm/8/600/real_time",,,,,,,,false,"Unsupported hardware",8,16,4,,,,8,2,4
"dot/dot_int8_int4_int32_16x4x8_2x4x8_neoni8mm/8/896/real_time",,,,,,,,false,"Unsupported hardware",8,16,4,,,,8,2,4
"dot/dot_int8_int4_int32_16x4x8_2x4x8_neoni8mm/8/1200/real_time",,,,,,,,false,"Unsupported hardware",8,16,4,,,,8,2,4
"dot/dot_int8_int4_int32_16x4x8_2x4x8_neoni8mm/16/8/real_time",,,,,,,,false,"Unsupported hardware",8,16,4,,,,8,2,4
"dot/dot_int8_int4_int32_16x4x8_2x4x8_neoni8mm/16/240/real_time",,,,,,,,false,"Unsupported hardware",8,16,4,,,,8,2,4
"dot/dot_int8_int4_int32_16x4x8_2x4x8_neoni8mm/16/488/real_time",,,,,,,,false,"Unsupported hardware",8,16,4,,,,8,2,4
"dot/dot_int8_int4_int32_16x4x8_2x4x8_neoni8mm/16/728/real_time",,,,,,,,false,"Unsupported hardware",8,16,4,,,,8,2,4
"dot/dot_int8_int4_int32_16x4x8_2x4x8_neoni8mm/16/976/real_time",,,,,,,,false,"Unsupported hardware",8,16,4,,,,8,2,4
"dot/dot_int8_int4_int32_16x4x8_2x4x8_neoni8mm/32/8/real_time",,,,,,,,false,"Unsupported hardware",8,16,4,,,,8,2,4
"dot/dot_int8_int4_int32_16x4x8_2x4x8_neoni8mm/32/176/real_time",,,,,,,,false,"Unsupported hardware",8,16,4,,,,8,2,4
"dot/dot_int8_int4_int32_16x4x8_2x4x8_neoni8mm/32/352/real_time",,,,,,,,false,"Unsupported hardware",8,16,4,,,,8,2,4
"dot/dot_int8_int4_int32_16x4x8_2x4x8_neoni8mm/32/528/real_time",,,,,,,,false,"Unsupported hardware",8,16,4,,,,8,2,4
"dot/dot_int8_int4_int32_16x4x8_2x4x8_neoni8mm/32/704/real_time",,,,,,,,false,"Unsupported hardware",8,16,4,,,,8,2,4
"dot/dot_int8_int8_int32_2x32x8_2x4x8_neoni8mm/32/8/real_time",,,,,,,,false,"Unsupported hardware",8,2,32,,,,8,2,4
"dot/dot_int8_int8_int32_2x32x8_2x4x8_neoni8mm/32/176/real_time",,,,,,,,false,"Unsupported hardware",8,2,32,,,,8,2,4
"dot/dot_int8_int8_int32_2x32x8_2x4x8_neoni8mm/32/352/real_time",,,,,,,,false,"Unsupported hardware",8,2,32,,,,8,2,4
"dot/dot_int8_int8_int32_2x32x8_2x4x8_neoni8mm/32/528/real_time",,,,,,,,false,"Unsupported hardware",8,2,32,,,,8,2,4
"dot/dot_int8_int8_int32_2x32x8_2x4x8_neoni8mm/32/712/real_time",,,,,,,,false,"Unsupported hardware",8,2,32,,,,8,2,4
"dot/dot_int8_int8_int32_2x32x8_2x4x8_neoni8mm/64/8/real_time",,,,,,,,false,"Unsupported hardware",8,2,32,,,,8,2,4
"dot/dot_int8_int8_int32_2x32x8_2x4x8_neoni8mm/64/88/real_time",,,,,,,,false,"Unsupported hardware",8,2,32,,,,8,2,4
"dot/dot_int8_int8_int32_2x32x8_2x4x8_neoni8mm/64/176/real_time",,,,,,,,false,"Unsupported hardware",8,2,32,,,,8,2,4
"dot/dot_int8_int8_int32_2x32x8_2x4x8_neoni8mm/64/264/real_time",,,,,,,,false,"Unsupported hardware",8,2,32,,,,8,2,4
"dot/dot_int8_int8_int32_2x32x8_2x4x8_neoni8mm/64/360/real_time",,,,,,,,false,"Unsupported hardware",8,2,32,,,,8,2,4
"dot/dot_int8_int8_int32_2x32x8_2x4x8_neoni8mm/128/8/real_time",,,,,,,,false,"Unsupported hardware",8,2,32,,,,8,2,4
"dot/dot_int8_int8_int32_2x32x8_2x4x8_neoni8mm/128/40/real_time",,,,,,,,false,"Unsupported hardware",8,2,32,,,,8,2,4
"dot/dot_int8_int8_int32_2x32x8_2x4x8_neoni8mm/128/88/real_time",,,,,,,,false,"Unsupported hardware",8,2,32,,,,8,2,4
"dot/dot_int8_int8_int32_2x32x8_2x4x8_neoni8mm/128/128/real_time",,,,,,,,false,"Unsupported hardware",8,2,32,,,,8,2,4
"dot/dot_int8_int8_int32_2x32x8_2x4x8_neoni8mm/128/176/real_time",,,,,,,,false,"Unsupported hardware",8,2,32,,,,8,2,4
"dot/dot_int8_int8_int32_2x32x8_2x4x8_neoni8mm/256/8/real_time",,,,,,,,false,"Unsupported hardware",8,2,32,,,,8,2,4
"dot/dot_int8_int8_int32_2x32x8_2x4x8_neoni8mm/256/16/real_time",,,,,,,,false,"Unsupported hardware",8,2,32,,,,8,2,4
"dot/dot_int8_int8_int32_2x32x8_2x4x8_neoni8mm/256/40/real_time",,,,,,,,false,"Unsupported hardware",8,2,32,,,,8,2,4
"dot/dot_int8_int8_int32_2x32x8_2x4x8_neoni8mm/256/56/real_time",,,,,,,,false,"Unsupported hardware",8,2,32,,,,8,2,4
"dot/dot_int8_int8_int32_2x32x8_2x4x8_neoni8mm/256/80/real_time",,,,,,,,false,"Unsupported hardware",8,2,32,,,,8,2,4
"dot/dot_int8_int8_int32_4x16x8_2x4x8_neoni8mm/16/8/real_time",,,,,,,,false,"Unsupported hardware",8,4,16,,,,8,2,4
"dot/dot_int8_int8_int32_4x16x8_2x4x8_neoni8mm/16/304/real_time",,,,,,,,false,"Unsupported hardware",8,4,16,,,,8,2,4
"dot/dot_int8_int8_int32_4x16x8_2x4x8_neoni8mm/16/608/real_time",,,,,,,,false,"Unsupported hardware",8,4,16,,,,8,2,4
"dot/dot_int8_int8_int32_4x16x8_2x4x8_neoni8mm/16/912/real_time",,,,,,,,false,"Unsupported hardware",8,4,16,,,,8,2,4
"dot/dot_int8_int8_int32_4x16x8_2x4x8_neoni8mm/16/1216/real_time",,,,,,,,false,"Unsupported hardware",8,4,16,,,,8,2,4
"dot/dot_int8_int8_int32_4x16x8_2x4x8_neoni8mm/32/8/real_time",,,,,,,,false,"Unsupported hardware",8,4,16,,,,8,2,4
"dot/dot_int8_int8_int32_4x16x8_2x4x8_neoni8mm/32/160/real_time",,,,,,,,false,"Unsupported hardware",8,4,16,,,,8,2,4
"dot/dot_int8_int8_int32_4x16x8_2x4x8_neoni8mm/32/328/real_time",,,,,,,,false,"Unsupported hardware",8,4,16,,,,8,2,4
"dot/dot_int8_int8_int32_4x16x8_2x4x8_neoni8mm/32/496/real_time",,,,,,,,false,"Unsupported hardware",8,4,16,,,,8,2,4
"dot/dot_int8_int8_int32_4x16x8_2x4x8_neoni8mm/32/664/real_time",,,,,,,,false,"Unsupported hardware",8,4,16,,,,8,2,4
"dot/dot_int8_int8_int32_4x16x8_2x4x8_neoni8mm/64/8/real_time",,,,,,,,false,"Unsupported hardware",8,4,16,,,,8,2,4
"dot/dot_int8_int8_int32_4x16x8_2x4x8_neoni8mm/64/80/real_time",,,,,,,,false,"Unsupported hardware",8,4,16,,,,8,2,4
"dot/dot_int8_int8_int32_4x16x8_2x4x8_neoni8mm/64/168/real_time",,,,,,,,false,"Unsupported hardware",8,4,16,,,,8,2,4
"dot/dot_int8_int8_int32_4x16x8_2x4x8_neoni8mm/64/256/real_time",,,,,,,,false,"Unsupported hardware",8,4,16,,,,8,2,4
"dot/dot_int8_int8_int32_4x16x8_2x4x8_neoni8mm/64/344/real_time",,,,,,,,false,"Unsupported hardware",8,4,16,,,,8,2,4
"dot/dot_int8_int8_int32_4x16x8_2x4x8_neoni8mm/128/8/real_time",,,,,,,,false,"Unsupported hardware",8,4,16,,,,8,2,4
"dot/dot_int8_int8_int32_4x16x8_2x4x8_neoni8mm/128/40/real_time",,,,,,,,false,"Unsupported hardware",8,4,16,,,,8,2,4
"dot/dot_int8_int8_int32_4x16x8_2x4x8_neoni8mm/128/80/real_time",,,,,,,,false,"Unsupported hardware",8,4,16,,,,8,2,4
"dot/dot_int8_int8_int32_4x16x8_2x4x8_neoni8mm/128/120/real_time",,,,,,,,false,"Unsupported hardware",8,4,16,,,,8,2,4
"dot/dot_int8_int8_int32_4x16x8_2x4x8_neoni8mm/128/168/real_time",,,,,,,,false,"Unsupported hardware",8,4,16,,,,8,2,4
"dot/dot_int8_int8_int32_6x16x8_2x4x8_neoni8mm/16/8/real_time",,,,,,,,false,"Unsupported hardware",8,6,16,,,,8,2,4
"dot/dot_int8_int8_int32_6x16x8_2x4x8_neoni8mm/16/272/real_time",,,,,,,,false,"Unsupported hardware",8,6,16,,,,8,2,4
"dot/dot_int8_int8_int32_6x16x8_2x4x8_neoni8mm/16/544/real_time",,,,,,,,false,"Unsupported hardware",8,6,16,,,,8,2,4
"dot/dot_int8_int8_int32_6x16x8_2x4x8_neoni8mm/16/816/real_time",,,,,,,,false,"Unsupported hardware",8,6,16,,,,8,2,4
"dot/dot_int8_int8_int32_6x16x8_2x4x8_neoni8mm/16/1096/real_time",,,,,,,,false,"Unsupported hardware",8,6,16,,,,8,2,4
"dot/dot_int8_int8_int32_6x16x8_2x4x8_neoni8mm/32/8/real_time",,,,,,,,false,"Unsupported hardware",8,6,16,,,,8,2,4
"dot/dot_int8_int8_int32_6x16x8_2x4x8_neoni8mm/32/152/real_time",,,,,,,,false,"Unsupported hardware",8,6,16,,,,8,2,4
"dot/dot_int8_int8_int32_6x16x8_2x4x8_neoni8mm/32/312/real_time",,,,,,,,false,"Unsupported hardware",8,6,16,,,,8,2,4
"dot/dot_int8_int8_int32_6x16x8_2x4x8_neoni8mm/32/464/real_time",,,,,,,,false,"Unsupported hardware",8,6,16,,,,8,2,4
"dot/dot_int8_int8_int32_6x16x8_2x4x8_neoni8mm/32/624/real_time",,,,,,,,false,"Unsupported hardware",8,6,16,,,,8,2,4
"dot/dot_int8_int8_int32_6x16x8_2x4x8_neoni8mm/64/8/real_time",,,,,,,,false,"Unsupported hardware",8,6,16,,,,8,2,4
"dot/dot_int8_int8_int32_6x16x8_2x4x8_neoni8mm/64/80/real_time",,,,,,,,false,"Unsupported hardware",8,6,16,,,,8,2,4
"dot/dot_int8_int8_int32_6x16x8_2x4x8_neoni8mm/64/160/real_time",,,,,,,,false,"Unsupported hardware",8,6,16,,,,8,2,4
"dot/dot_int8_int8_int32_6x16x8_2x4x8_neoni8mm/64/240/real_time",,,,,,,,false,"Unsupported hardware",8,6,16,,,,8,2,4
"dot/dot_int8_int8_int32_6x16x8_2x4x8_neoni8mm/64/328/real_time",,,,,,,,false,"Unsupported hardware",8,6,16,,,,8,2,4
"dot/dot_int8_int8_int32_6x16x8_2x4x8_neoni8mm/128/8/real_time",,,,,,,,false,"Unsupported hardware",8,6,16,,,,8,2,4
"dot/dot_int8_int8_int32_6x16x8_2x4x8_neoni8mm/128/40/real_time",,,,,,,,false,"Unsupported hardware",8,6,16,,,,8,2,4
"dot/dot_int8_int8_int32_6x16x8_2x4x8_neoni8mm/128/80/real_time",,,,,,,,false,"Unsupported hardware",8,6,16,,,,8,2,4
"dot/dot_int8_int8_int32_6x16x8_2x4x8_neoni8mm/128/120/real_time",,,,,,,,false,"Unsupported hardware",8,6,16,,,,8,2,4
"dot/dot_int8_int8_int32_6x16x8_2x4x8_neoni8mm/128/160/real_time",,,,,,,,false,"Unsupported hardware",8,6,16,,,,8,2,4
"dot/dot_int8_int8_int32_6x8x8_2x4x8_neoni8mm/8/8/real_time",,,,,,,,false,"Unsupported hardware",8,6,8,,,,8,2,4
"dot/dot_int8_int8_int32_6x8x8_2x4x8_neoni8mm/8/432/real_time",,,,,,,,false,"Unsupported hardware",8,6,8,,,,8,2,4
"dot/dot_int8_int8_int32_6x8x8_2x4x8_neoni8mm/8/864/real_time",,,,,,,,false,"Unsupported hardware",8,6,8,,,,8,2,4
"dot/dot_int8_int8_int32_6x8x8_2x4x8_neoni8mm/8/1296/real_time",,,,,,,,false,"Unsupported hardware",8,6,8,,,,8,2,4
"dot/dot_int8_int8_int32_6x8x8_2x4x8_neoni8mm/8/1736/real_time",,,,,,,,false,"Unsupported hardware",8,6,8,,,,8,2,4
"dot/dot_int8_int8_int32_6x8x8_2x4x8_neoni8mm/16/8/real_time",,,,,,,,false,"Unsupported hardware",8,6,8,,,,8,2,4
"dot/dot_int8_int8_int32_6x8x8_2x4x8_neoni8mm/16/272/real_time",,,,,,,,false,"Unsupported hardware",8,6,8,,,,8,2,4
"dot/dot_int8_int8_int32_6x8x8_2x4x8_neoni8mm/16/544/real_time",,,,,,,,false,"Unsupported hardware",8,6,8,,,,8,2,4
"dot/dot_int8_int8_int32_6x8x8_2x4x8_neoni8mm/16/816/real_time",,,,,,,,false,"Unsupported hardware",8,6,8,,,,8,2,4
"dot/dot_int8_int8_int32_6x8x8_2x4x8_neoni8mm/16/1096/real_time",,,,,,,,false,"Unsupported hardware",8,6,8,,,,8,2,4
"dot/dot_int8_int8_int32_6x8x8_2x4x8_neoni8mm/32/8/real_time",,,,,,,,false,"Unsupported hardware",8,6,8,,,,8,2,4
"dot/dot_int8_int8_int32_6x8x8_2x4x8_neoni8mm/32/152/real_time",,,,,,,,false,"Unsupported hardware",8,6,8,,,,8,2,4
"dot/dot_int8_int8_int32_6x8x8_2x4x8_neoni8mm/32/312/real_time",,,,,,,,false,"Unsupported hardware",8,6,8,,,,8,2,4
"dot/dot_int8_int8_int32_6x8x8_2x4x8_neoni8mm/32/464/real_time",,,,,,,,false,"Unsupported hardware",8,6,8,,,,8,2,4
"dot/dot_int8_int8_int32_6x8x8_2x4x8_neoni8mm/32/624/real_time",,,,,,,,false,"Unsupported hardware",8,6,8,,,,8,2,4
"dot/dot_int8_int8_int32_6x8x8_2x4x8_neoni8mm/64/8/real_time",,,,,,,,false,"Unsupported hardware",8,6,8,,,,8,2,4
"dot/dot_int8_int8_int32_6x8x8_2x4x8_neoni8mm/64/80/real_time",,,,,,,,false,"Unsupported hardware",8,6,8,,,,8,2,4
"dot/dot_int8_int8_int32_6x8x8_2x4x8_neoni8mm/64/160/real_time",,,,,,,,false,"Unsupported hardware",8,6,8,,,,8,2,4
"dot/dot_int8_int8_int32_6x8x8_2x4x8_neoni8mm/64/240/real_time",,,,,,,,false,"Unsupported hardware",8,6,8,,,,8,2,4
"dot/dot_int8_int8_int32_6x8x8_2x4x8_neoni8mm/64/328/real_time",,,,,,,,false,"Unsupported hardware",8,6,8,,,,8,2,4
"dot/dot_int8_int8_int32_8x8x8_2x4x8_neoni8mm/8/8/real_time",,,,,,,,false,"Unsupported hardware",8,8,8,,,,8,2,4
"dot/dot_int8_int8_int32_8x8x8_2x4x8_neoni8mm/8/376/real_time",,,,,,,,false,"Unsupported hardware",8,8,8,,,,8,2,4
"dot/dot_int8_int8_int32_8x8x8_2x4x8_neoni8mm/8/760/real_time",,,,,,,,false,"Unsupported hardware",8,8,8,,,,8,2,4
"dot/dot_int8_int8_int32_8x8x8_2x4x8_neoni8mm/8/1136/real_time",,,,,,,,false,"Unsupported hardware",8,8,8,,,,8,2,4
"dot/dot_int8_int8_int32_8x8x8_2x4x8_neoni8mm/8/1520/real_time",,,,,,,,false,"Unsupported hardware",8,8,8,,,,8,2,4
"dot/dot_int8_int8_int32_8x8x8_2x4x8_neoni8mm/16/8/real_time",,,,,,,,false,"Unsupported hardware",8,8,8,,,,8,2,4
"dot/dot_int8_int8_int32_8x8x8_2x4x8_neoni8mm/16/248/real_time",,,,,,,,false,"Unsupported hardware",8,8,8,,,,8,2,4
"dot/dot_int8_int8_int32_8x8x8_2x4x8_neoni8mm/16/496/real_time",,,,,,,,false,"Unsupported hardware",8,8,8,,,,8,2,4
"dot/dot_int8_int8_int32_8x8x8_2x4x8_neoni8mm/16/744/real_time",,,,,,,,false,"Unsupported hardware",8,8,8,,,,8,2,4
"dot/dot_int8_int8_int32_8x8x8_2x4x8_neoni8mm/16/1000/real_time",,,,,,,,false,"Unsupported hardware",8,8,8,,,,8,2,4
"dot/dot_int8_int8_int32_8x8x8_2x4x8_neoni8mm/32/8/real_time",,,,,,,,false,"Unsupported hardware",8,8,8,,,,8,2,4
"dot/dot_int8_int8_int32_8x8x8_2x4x8_neoni8mm/32/144/real_time",,,,,,,,false,"Unsupported hardware",8,8,8,,,,8,2,4
"dot/dot_int8_int8_int32_8x8x8_2x4x8_neoni8mm/32/288/real_time",,,,,,,,false,"Unsupported hardware",8,8,8,,,,8,2,4
"dot/dot_int8_int8_int32_8x8x8_2x4x8_neoni8mm/32/432/real_time",,,,,,,,false,"Unsupported hardware",8,8,8,,,,8,2,4
"dot/dot_int8_int8_int32_8x8x8_2x4x8_neoni8mm/32/584/real_time",,,,,,,,false,"Unsupported hardware",8,8,8,,,,8,2,4
"dot/dot_int8_int8_int32_8x8x8_2x4x8_neoni8mm/64/8/real_time",,,,,,,,false,"Unsupported hardware",8,8,8,,,,8,2,4
"dot/dot_int8_int8_int32_8x8x8_2x4x8_neoni8mm/64/72/real_time",,,,,,,,false,"Unsupported hardware",8,8,8,,,,8,2,4
"dot/dot_int8_int8_int32_8x8x8_2x4x8_neoni8mm/64/152/real_time",,,,,,,,false,"Unsupported hardware",8,8,8,,,,8,2,4
"dot/dot_int8_int8_int32_8x8x8_2x4x8_neoni8mm/64/232/real_time",,,,,,,,false,"Unsupported hardware",8,8,8,,,,8,2,4
"dot/dot_int8_int8_int32_8x8x8_2x4x8_neoni8mm/64/312/real_time",,,,,,,,false,"Unsupported hardware",8,8,8,,,,8,2,4
"dot/dot_int8_int8_int32_10x8x8_2x4x8_neoni8mm/8/8/real_time",,,,,,,,false,"Unsupported hardware",8,10,8,,,,8,2,4
"dot/dot_int8_int8_int32_10x8x8_2x4x8_neoni8mm/8/336/real_time",,,,,,,,false,"Unsupported hardware",8,10,8,,,,8,2,4
"dot/dot_int8_int8_int32_10x8x8_2x4x8_neoni8mm/8/672/real_time",,,,,,,,false,"Unsupported hardware",8,10,8,,,,8,2,4
"dot/dot_int8_int8_int32_10x8x8_2x4x8_neoni8mm/8/1008/real_time",,,,,,,,false,"Unsupported hardware",8,10,8,,,,8,2,4
"dot/dot_int8_int8_int32_10x8x8_2x4x8_neoni8mm/8/1344/real_time",,,,,,,,false,"Unsupported hardware",8,10,8,,,,8,2,4
"dot/dot_int8_int8_int32_10x8x8_2x4x8_neoni8mm/16/8/real_time",,,,,,,,false,"Unsupported hardware",8,10,8,,,,8,2,4
"dot/dot_int8_int8_int32_10x8x8_2x4x8_neoni8mm/16/224/real_time",,,,,,,,false,"Unsupported hardware",8,10,8,,,,8,2,4
"dot/dot_int8_int8_int32_10x8x8_2x4x8_neoni8mm/16/456/real_time",,,,,,,,false,"Unsupported hardware",8,10,8,,,,8,2,4
"dot/dot_int8_int8_int32_10x8x8_2x4x8_neoni8mm/16/688/real_time",,,,,,,,false,"Unsupported hardware",8,10,8,,,,8,2,4
"dot/dot_int8_int8_int32_10x8x8_2x4x8_neoni8mm/16/920/real_time",,,,,,,,false,"Unsupported hardware",8,10,8,,,,8,2,4
"dot/dot_int8_int8_int32_10x8x8_2x4x8_neoni8mm/32/8/real_time",,,,,,,,false,"Unsupported hardware",8,10,8,,,,8,2,4
"dot/dot_int8_int8_int32_10x8x8_2x4x8_neoni8mm/32/136/real_time",,,,,,,,false,"Unsupported hardware",8,10,8,,,,8,2,4
"dot/dot_int8_int8_int32_10x8x8_2x4x8_neoni8mm/32/272/real_time",,,,,,,,false,"Unsupported hardware",8,10,8,,,,8,2,4
"dot/dot_int8_int8_int32_10x8x8_2x4x8_neoni8mm/32/408/real_time",,,,,,,,false,"Unsupported hardware",8,10,8,,,,8,2,4
"dot/dot_int8_int8_int32_10x8x8_2x4x8_neoni8mm/32/552/real_time",,,,,,,,false,"Unsupported hardware",8,10,8,,,,8,2,4
"dot/dot_int8_int8_int32_10x8x8_2x4x8_neoni8mm/64/8/real_time",,,,,,,,false,"Unsupported hardware",8,10,8,,,,8,2,4
"dot/dot_int8_int8_int32_10x8x8_2x4x8_neoni8mm/64/72/real_time",,,,,,,,false,"Unsupported hardware",8,10,8,,,,8,2,4
"dot/dot_int8_int8_int32_10x8x8_2x4x8_neoni8mm/64/144/real_time",,,,,,,,false,"Unsupported hardware",8,10,8,,,,8,2,4
"dot/dot_int8_int8_int32_10x8x8_2x4x8_neoni8mm/64/216/real_time",,,,,,,,false,"Unsupported hardware",8,10,8,,,,8,2,4
"dot/dot_int8_int8_int32_10x8x8_2x4x8_neoni8mm/64/296/real_time",,,,,,,,false,"Unsupported hardware",8,10,8,,,,8,2,4
"dot/dot_int8_int8_int32_16x4x8_2x4x8_neoni8mm/4/8/real_time",,,,,,,,false,"Unsupported hardware",8,16,4,,,,8,2,4
"dot/dot_int8_int8_int32_16x4x8_2x4x8_neoni8mm/4/304/real_time",,,,,,,,false,"Unsupported hardware",8,16,4,,,,8,2,4
"dot/dot_int8_int8_int32_16x4x8_2x4x8_neoni8mm/4/608/real_time",,,,,,,,false,"Unsupported hardware",8,16,4,,,,8,2,4
"dot/dot_int8_int8_int32_16x4x8_2x4x8_neoni8mm/4/912/real_time",,,,,,,,false,"Unsupported hardware",8,16,4,,,,8,2,4
"dot/dot_int8_int8_int32_16x4x8_2x4x8_neoni8mm/4/1216/real_time",,,,,,,,false,"Unsupported hardware",8,16,4,,,,8,2,4
"dot/dot_int8_int8_int32_16x4x8_2x4x8_neoni8mm/8/8/real_time",,,,,,,,false,"Unsupported hardware",8,16,4,,,,8,2,4
"dot/dot_int8_int8_int32_16x4x8_2x4x8_neoni8mm/8/248/real_time",,,,,,,,false,"Unsupported hardware",8,16,4,,,,8,2,4
"dot/dot_int8_int8_int32_16x4x8_2x4x8_neoni8mm/8/496/real_time",,,,,,,,false,"Unsupported hardware",8,16,4,,,,8,2,4
"dot/dot_int8_int8_int32_16x4x8_2x4x8_neoni8mm/8/744/real_time",,,,,,,,false,"Unsupported hardware",8,16,4,,,,8,2,4
"dot/dot_int8_int8_int32_16x4x8_2x4x8_neoni8mm/8/1000/real_time",,,,,,,,false,"Unsupported hardware",8,16,4,,,,8,2,4
"dot/dot_int8_int8_int32_16x4x8_2x4x8_neoni8mm/16/8/real_time",,,,,,,,false,"Unsupported hardware",8,16,4,,,,8,2,4
"dot/dot_int8_int8_int32_16x4x8_2x4x8_neoni8mm/16/184/real_time",,,,,,,,false,"Unsupported hardware",8,16,4,,,,8,2,4
"dot/dot_int8_int8_int32_16x4x8_2x4x8_neoni8mm/16/368/real_time",,,,,,,,false,"Unsupported hardware",8,16,4,,,,8,2,4
"dot/dot_int8_int8_int32_16x4x8_2x4x8_neoni8mm/16/552/real_time",,,,,,,,false,"Unsupported hardware",8,16,4,,,,8,2,4
"dot/dot_int8_int8_int32_16x4x8_2x4x8_neoni8mm/16/736/real_time",,,,,,,,false,"Unsupported hardware",8,16,4,,,,8,2,4
"dot/dot_int8_int8_int32_16x4x8_2x4x8_neoni8mm/32/8/real_time",,,,,,,,false,"Unsupported hardware",8,16,4,,,,8,2,4
"dot/dot_int8_int8_int32_16x4x8_2x4x8_neoni8mm/32/112/real_time",,,,,,,,false,"Unsupported hardware",8,16,4,,,,8,2,4
"dot/dot_int8_int8_int32_16x4x8_2x4x8_neoni8mm/32/232/real_time",,,,,,,,false,"Unsupported hardware",8,16,4,,,,8,2,4
"dot/dot_int8_int8_int32_16x4x8_2x4x8_neoni8mm/32/344/real_time",,,,,,,,false,"Unsupported hardware",8,16,4,,,,8,2,4
"dot/dot_int8_int8_int32_16x4x8_2x4x8_neoni8mm/32/464/real_time",,,,,,,,false,"Unsupported hardware",8,16,4,,,,8,2,4
"dot/dot_bf16_bf16_fp32_2x32x4_2x4x4_neonbf16/32/4/real_time",,,,,,,,false,"Unsupported hardware",4,2,32,,,,4,2,4
"dot/dot_bf16_bf16_fp32_2x32x4_2x4x4_neonbf16/32/88/real_time",,,,,,,,false,"Unsupported hardware",4,2,32,,,,4,2,4
"dot/dot_bf16_bf16_fp32_2x32x4_2x4x4_neonbf16/32/176/real_time",,,,,,,,false,"Unsupported hardware",4,2,32,,,,4,2,4
"dot/dot_bf16_bf16_fp32_2x32x4_2x4x4_neonbf16/32/264/real_time",,,,,,,,false,"Unsupported hardware",4,2,32,,,,4,2,4
"dot/dot_bf16_bf16_fp32_2x32x4_2x4x4_neonbf16/32/356/real_time",,,,,,,,false,"Unsupported hardware",4,2,32,,,,4,2,4
"dot/dot_bf16_bf16_fp32_2x32x4_2x4x4_neonbf16/64/4/real_time",,,,,,,,false,"Unsupported hardware",4,2,32,,,,4,2,4
"dot/dot_bf16_bf16_fp32_2x32x4_2x4x4_neonbf16/64/44/real_time",,,,,,,,false,"Unsupported hardware",4,2,32,,,,4,2,4
"dot/dot_bf16_bf16_fp32_2x32x4_2x4x4_neonbf16/64/88/real_time",,,,,,,,false,"Unsupported hardware",4,2,32,,,,4,2,4
"dot/dot_bf16_bf16_fp32_2x32x4_2x4x4_neonbf16/64/132/real_time",,,,,,,,false,"Unsupported hardware",4,2,32,,,,4,2,4
"dot/dot_bf16_bf16_fp32_2x32x4_2x4x4_neonbf16/64/180/real_time",,,,,,,,false,"Unsupported hardware",4,2,32,,,,4,2,4
"dot/dot_bf16_bf16_fp32_2x32x4_2x4x4_neonbf16/128/4/real_time",,,,,,,,false,"Unsupported hardware",4,2,32,,,,4,2,4
"dot/dot_bf16_bf16_fp32_2x32x4_2x4x4_neonbf16/128/20/real_time",,,,,,,,false,"Unsupported hardware",4,2,32,,,,4,2,4
"dot/dot_bf16_bf16_fp32_2x32x4_2x4x4_neonbf16/128/44/real_time",,,,,,,,false,"Unsupported hardware",4,2,32,,,,4,2,4
"dot/dot_bf16_bf16_fp32_2x32x4_2x4x4_neonbf16/128/64/real_time",,,,,,,,false,"Unsupported hardware",4,2,32,,,,4,2,4
"dot/dot_bf16_bf16_fp32_2x32x4_2x4x4_neonbf16/128/88/real_time",,,,,,,,false,"Unsupported hardware",4,2,32,,,,4,2,4
"dot/dot_bf16_bf16_fp32_2x32x4_2x4x4_neonbf16/256/4/real_time",,,,,,,,false,"Unsupported hardware",4,2,32,,,,4,2,4
"dot/dot_bf16_bf16_fp32_2x32x4_2x4x4_neonbf16/256/8/real_time",,,,,,,,false,"Unsupported hardware",4,2,32,,,,4,2,4
"dot/dot_bf16_bf16_fp32_2x32x4_2x4x4_neonbf16/256/20/real_time",,,,,,,,false,"Unsupported hardware",4,2,32,,,,4,2,4
"dot/dot_bf16_bf16_fp32_2x32x4_2x4x4_neonbf16/256/28/real_time",,,,,,,,false,"Unsupported hardware",4,2,32,,,,4,2,4
"dot/dot_bf16_bf16_fp32_2x32x4_2x4x4_neonbf16/256/40/real_time",,,,,,,,false,"Unsupported hardware",4,2,32,,,,4,2,4
"dot/dot_bf16_bf16_fp32_4x16x4_2x4x4_neonbf16/16/4/real_time",,,,,,,,false,"Unsupported hardware",4,4,16,,,,4,2,4
"dot/dot_bf16_bf16_fp32_4x16x4_2x4x4_neonbf16/16/152/real_time",,,,,,,,false,"Unsupported hardware",4,4,16,,,,4,2,4
"dot/dot_bf16_bf16_fp32_4x16x4_2x4x4_neonbf16/16/304/real_time",,,,,,,,false,"Unsupported hardware",4,4,16,,,,4,2,4
"dot/dot_bf16_bf16_fp32_4x16x4_2x4x4_neonbf16/16/456/real_time",,,,,,,,false,"Unsupported hardware",4,4,16,,,,4,2,4
"dot/dot_bf16_bf16_fp32_4x16x4_2x4x4_neonbf16/16/608/real_time",,,,,,,,false,"Unsupported hardware",4,4,16,,,,4,2,4
"dot/dot_bf16_bf16_fp32_4x16x4_2x4x4_neonbf16/32/4/real_time",,,,,,,,false,"Unsupported hardware",4,4,16,,,,4,2,4
"dot/dot_bf16_bf16_fp32_4x16x4_2x4x4_neonbf16/32/80/real_time",,,,,,,,false,"Unsupported hardware",4,4,16,,,,4,2,4
"dot/dot_bf16_bf16_fp32_4x16x4_2x4x4_neonbf16/32/164/real_time",,,,,,,,false,"Unsupported hardware",4,4,16,,,,4,2,4
"dot/dot_bf16_bf16_fp32_4x16x4_2x4x4_neonbf16/32/248/real_time",,,,,,,,false,"Unsupported hardware",4,4,16,,,,4,2,4
"dot/dot_bf16_bf16_fp32_4x16x4_2x4x4_neonbf16/32/332/real_time",,,,,,,,false,"Unsupported hardware",4,4,16,,,,4,2,4
"dot/dot_bf16_bf16_fp32_4x16x4_2x4x4_neonbf16/64/4/real_time",,,,,,,,false,"Unsupported hardware",4,4,16,,,,4,2,4
"dot/dot_bf16_bf16_fp32_4x16x4_2x4x4_neonbf16/64/40/real_time",,,,,,,,false,"Unsupported hardware",4,4,16,,,,4,2,4
"dot/dot_bf16_bf16_fp32_4x16x4_2x4x4_neonbf16/64/84/real_time",,,,,,,,false,"Unsupported hardware",4,4,16,,,,4,2,4
"dot/dot_bf16_bf16_fp32_4x16x4_2x4x4_neonbf16/64/128/real_time",,,,,,,,false,"Unsupported hardware",4,4,16,,,,4,2,4
"dot/dot_bf16_bf16_fp32_4x16x4_2x4x4_neonbf16/64/172/real_time",,,,,,,,false,"Unsupported hardware",4,4,16,,,,4,2,4
"dot/dot_bf16_bf16_fp32_4x16x4_2x4x4_neonbf16/128/4/real_time",,,,,,,,false,"Unsupported hardware",4,4,16,,,,4,2,4
"dot/dot_bf16_bf16_fp32_4x16x4_2x4x4_neonbf16/128/20/real_time",,,,,,,,false,"Unsupported hardware",4,4,16,,,,4,2,4
"dot/dot_bf16_bf16_fp32_4x16x4_2x4x4_neonbf16/128/40/real_time",,,,,,,,false,"Unsupported hardware",4,4,16,,,,4,2,4
"dot/dot_bf16_bf16_fp32_4x16x4_2x4x4_neonbf16/128/60/real_time",,,,,,,,false,"Unsupported hardware",4,4,16,,,,4,2,4
"dot/dot_bf16_bf16_fp32_4x16x4_2x4x4_neonbf16/128/84/real_time",,,,,,,,false,"Unsupported hardware",4,4,16,,,,4,2,4
"dot/dot_bf16_bf16_fp32_6x16x4_2x4x4_neonbf16/16/4/real_time",,,,,,,,false,"Unsupported hardware",4,6,16,,,,4,2,4
"dot/dot_bf16_bf16_fp32_6x16x4_2x4x4_neonbf16/16/136/real_time",,,,,,,,false,"Unsupported hardware",4,6,16,,,,4,2,4
"dot/dot_bf16_bf16_fp32_6x16x4_2x4x4_neonbf16/16/272/real_time",,,,,,,,false,"Unsupported hardware",4,6,16,,,,4,2,4
"dot/dot_bf16_bf16_fp32_6x16x4_2x4x4_neonbf16/16/408/real_time",,,,,,,,false,"Unsupported hardware",4,6,16,,,,4,2,4
"dot/dot_bf16_bf16_fp32_6x16x4_2x4x4_neonbf16/16/548/real_time",,,,,,,,false,"Unsupported hardware",4,6,16,,,,4,2,4
"dot/dot_bf16_bf16_fp32_6x16x4_2x4x4_neonbf16/32/4/real_time",,,,,,,,false,"Unsupported hardware",4,6,16,,,,4,2,4
"dot/dot_bf16_bf16_fp32_6x16x4_2x4x4_neonbf16/32/76/real_time",,,,,,,,false,"Unsupported hardware",4,6,16,,,,4,2,4
"dot/dot_bf16_bf16_fp32_6x16x4_2x4x4_neonbf16/32/156/real_time",,,,,,,,false,"Unsupported hardware",4,6,16,,,,4,2,4
"dot/dot_bf16_bf16_fp32_6x16x4_2x4x4_neonbf16/32/232/real_time",,,,,,,,false,"Unsupported hardware",4,6,16,,,,4,2,4
"dot/dot_bf16_bf16_fp32_6x16x4_2x4x4_neonbf16/32/312/real_time",,,,,,,,false,"Unsupported hardware",4,6,16,,,,4,2,4
"dot/dot_bf16_bf16_fp32_6x16x4_2x4x4_neonbf16/64/4/real_time",,,,,,,,false,"Unsupported hardware",4,6,16,,,,4,2,4
"dot/dot_bf16_bf16_fp32_6x16x4_2x4x4_neonbf16/64/40/real_time",,,,,,,,false,"Unsupported hardware",4,6,16,,,,4,2,4
"dot/dot_bf16_bf16_fp32_6x16x4_2x4x4_neonbf16/64/80/real_time",,,,,,,,false,"Unsupported hardware",4,6,16,,,,4,2,4
"dot/dot_bf16_bf16_fp32_6x16x4_2x4x4_neonbf16/64/120/real_time",,,,,,,,false,"Unsupported hardware",4,6,16,,,,4,2,4
"dot/dot_bf16_bf16_fp32_6x16x4_2x4x4_neonbf16/64/164/real_time",,,,,,,,false,"Unsupported hardware",4,6,16,,,,4,2,4
"dot/dot_bf16_bf16_fp32_6x16x4_2x4x4_neonbf16/128/4/real_time",,,,,,,,false,"Unsupported hardware",4,6,16,,,,4,2,4
"dot/dot_bf16_bf16_fp32_6x16x4_2x4x4_neonbf16/128/20/real_time",,,,,,,,false,"Unsupported hardware",4,6,16,,,,4,2,4
"dot/dot_bf16_bf16_fp32_6x16x4_2x4x4_neonbf16/128/40/real_time",,,,,,,,false,"Unsupported hardware",4,6,16,,,,4,2,4
"dot/dot_bf16_bf16_fp32_6x16x4_2x4x4_neonbf16/128/60/real_time",,,,,,,,false,"Unsupported hardware",4,6,16,,,,4,2,4
"dot/dot_bf16_bf16_fp32_6x16x4_2x4x4_neonbf16/128/80/real_time",,,,,,,,false,"Unsupported hardware",4,6,16,,,,4,2,4
"dot/dot_bf16_bf16_fp32_6x8x8_2x4x4_neonbf16/8/8/real_time",,,,,,,,false,"Unsupported hardware",8,6,8,,,,4,2,4
"dot/dot_bf16_bf16_fp32_6x8x8_2x4x4_neonbf16/8/216/real_time",,,,,,,,false,"Unsupported hardware",8,6,8,,,,4,2,4
"dot/dot_bf16_bf16_fp32_6x8x8_2x4x4_neonbf16/8/432/real_time",,,,,,,,false,"Unsupported hardware",8,6,8,,,,4,2,4
"dot/dot_bf16_bf16_fp32_6x8x8_2x4x4_neonbf16/8/648/real_time",,,,,,,,false,"Unsupported hardware",8,6,8,,,,4,2,4
"dot/dot_bf16_bf16_fp32_6x8x8_2x4x4_neonbf16/8/864/real_time",,,,,,,,false,"Unsupported hardware",8,6,8,,,,4,2,4
"dot/dot_bf16_bf16_fp32_6x8x8_2x4x4_neonbf16/16/8/real_time",,,,,,,,false,"Unsupported hardware",8,6,8,,,,4,2,4
"dot/dot_bf16_bf16_fp32_6x8x8_2x4x4_neonbf16/16/136/real_time",,,,,,,,false,"Unsupported hardware",8,6,8,,,,4,2,4
"dot/dot_bf16_bf16_fp32_6x8x8_2x4x4_neonbf16/16/272/real_time",,,,,,,,false,"Unsupported hardware",8,6,8,,,,4,2,4
"dot/dot_bf16_bf16_fp32_6x8x8_2x4x4_neonbf16/16/408/real_time",,,,,,,,false,"Unsupported hardware",8,6,8,,,,4,2,4
"dot/dot_bf16_bf16_fp32_6x8x8_2x4x4_neonbf16/16/544/real_time",,,,,,,,false,"Unsupported hardware",8,6,8,,,,4,2,4
"dot/dot_bf16_bf16_fp32_6x8x8_2x4x4_neonbf16/32/8/real_time",,,,,,,,false,"Unsupported hardware",8,6,8,,,,4,2,4
"dot/dot_bf16_bf16_fp32_6x8x8_2x4x4_neonbf16/32/72/real_time",,,,,,,,false,"Unsupported hardware",8,6,8,,,,4,2,4
"dot/dot_bf16_bf16_fp32_6x8x8_2x4x4_neonbf16/32/152/real_time",,,,,,,,false,"Unsupported hardware",8,6,8,,,,4,2,4
"dot/dot_bf16_bf16_fp32_6x8x8_2x4x4_neonbf16/32/232/real_time",,,,,,,,false,"Unsupported hardware",8,6,8,,,,4,2,4
"dot/dot_bf16_bf16_fp32_6x8x8_2x4x4_neonbf16/32/312/real_time",,,,,,,,false,"Unsupported hardware",8,6,8,,,,4,2,4
"dot/dot_bf16_bf16_fp32_6x8x8_2x4x4_neonbf16/64/8/real_time",,,,,,,,false,"Unsupported hardware",8,6,8,,,,4,2,4
"dot/dot_bf16_bf16_fp32_6x8x8_2x4x4_neonbf16/64/40/real_time",,,,,,,,false,"Unsupported hardware",8,6,8,,,,4,2,4
"dot/dot_bf16_bf16_fp32_6x8x8_2x4x4_neonbf16/64/80/real_time",,,,,,,,false,"Unsupported hardware",8,6,8,,,,4,2,4
"dot/dot_bf16_bf16_fp32_6x8x8_2x4x4_neonbf16/64/120/real_time",,,,,,,,false,"Unsupported hardware",8,6,8,,,,4,2,4
"dot/dot_bf16_bf16_fp32_6x8x8_2x4x4_neonbf16/64/160/real_time",,,,,,,,false,"Unsupported hardware",8,6,8,,,,4,2,4
"dot/dot_bf16_bf16_fp32_8x8x8_2x4x4_neonbf16/8/8/real_time",,,,,,,,false,"Unsupported hardware",8,8,8,,,,4,2,4
"dot/dot_bf16_bf16_fp32_8x8x8_2x4x4_neonbf16/8/184/real_time",,,,,,,,false,"Unsupported hardware",8,8,8,,,,4,2,4
"dot/dot_bf16_bf16_fp32_8x8x8_2x4x4_neonbf16/8/376/real_time",,,,,,,,false,"Unsupported hardware",8,8,8,,,,4,2,4
"dot/dot_bf16_bf16_fp32_8x8x8_2x4x4_neonbf16/8/568/real_time",,,,,,,,false,"Unsupported hardware",8,8,8,,,,4,2,4
"dot/dot_bf16_bf16_fp32_8x8x8_2x4x4_neonbf16/8/760/real_time",,,,,,,,false,"Unsupported hardware",8,8,8,,,,4,2,4
"dot/dot_bf16_bf16_fp32_8x8x8_2x4x4_neonbf16/16/8/real_time",,,,,,,,false,"Unsupported hardware",8,8,8,,,,4,2,4
"dot/dot_bf16_bf16_fp32_8x8x8_2x4x4_neonbf16/16/120/real_time",,,,,,,,false,"Unsupported hardware",8,8,8,,,,4,2,4
"dot/dot_bf16_bf16_fp32_8x8x8_2x4x4_neonbf16/16/248/real_time",,,,,,,,false,"Unsupported hardware",8,8,8,,,,4,2,4
"dot/dot_bf16_bf16_fp32_8x8x8_2x4x4_neonbf16/16/368/real_time",,,,,,,,false,"Unsupported hardware",8,8,8,,,,4,2,4
"dot/dot_bf16_bf16_fp32_8x8x8_2x4x4_neonbf16/16/496/real_time",,,,,,,,false,"Unsupported hardware",8,8,8,,,,4,2,4
"dot/dot_bf16_bf16_fp32_8x8x8_2x4x4_neonbf16/32/8/real_time",,,,,,,,false,"Unsupported hardware",8,8,8,,,,4,2,4
"dot/dot_bf16_bf16_fp32_8x8x8_2x4x4_neonbf16/32/72/real_time",,,,,,,,false,"Unsupported hardware",8,8,8,,,,4,2,4
"dot/dot_bf16_bf16_fp32_8x8x8_2x4x4_neonbf16/32/144/real_time",,,,,,,,false,"Unsupported hardware",8,8,8,,,,4,2,4
"dot/dot_bf16_bf16_fp32_8x8x8_2x4x4_neonbf16/32/216/real_time",,,,,,,,false,"Unsupported hardware",8,8,8,,,,4,2,4
"dot/dot_bf16_bf16_fp32_8x8x8_2x4x4_neonbf16/32/288/real_time",,,,,,,,false,"Unsupported hardware",8,8,8,,,,4,2,4
"dot/dot_bf16_bf16_fp32_8x8x8_2x4x4_neonbf16/64/8/real_time",,,,,,,,false,"Unsupported hardware",8,8,8,,,,4,2,4
"dot/dot_bf16_bf16_fp32_8x8x8_2x4x4_neonbf16/64/32/real_time",,,,,,,,false,"Unsupported hardware",8,8,8,,,,4,2,4
"dot/dot_bf16_bf16_fp32_8x8x8_2x4x4_neonbf16/64/72/real_time",,,,,,,,false,"Unsupported hardware",8,8,8,,,,4,2,4
"dot/dot_bf16_bf16_fp32_8x8x8_2x4x4_neonbf16/64/112/real_time",,,,,,,,false,"Unsupported hardware",8,8,8,,,,4,2,4
"dot/dot_bf16_bf16_fp32_8x8x8_2x4x4_neonbf16/64/152/real_time",,,,,,,,false,"Unsupported hardware",8,8,8,,,,4,2,4
"dot/dot_bf16_bf16_fp32_10x8x8_2x4x4_neonbf16/8/8/real_time",,,,,,,,false,"Unsupported hardware",8,10,8,,,,4,2,4
"dot/dot_bf16_bf16_fp32_10x8x8_2x4x4_neonbf16/8/168/real_time",,,,,,,,false,"Unsupported hardware",8,10,8,,,,4,2,4
"dot/dot_bf16_bf16_fp32_10x8x8_2x4x4_neonbf16/8/336/real_time",,,,,,,,false,"Unsupported hardware",8,10,8,,,,4,2,4
"dot/dot_bf16_bf16_fp32_10x8x8_2x4x4_neonbf16/8/504/real_time",,,,,,,,false,"Unsupported hardware",8,10,8,,,,4,2,4
"dot/dot_bf16_bf16_fp32_10x8x8_2x4x4_neonbf16/8/672/real_time",,,,,,,,false,"Unsupported hardware",8,10,8,,,,4,2,4
"dot/dot_bf16_bf16_fp32_10x8x8_2x4x4_neonbf16/16/8/real_time",,,,,,,,false,"Unsupported hardware",8,10,8,,,,4,2,4
"dot/dot_bf16_bf16_fp32_10x8x8_2x4x4_neonbf16/16/112/real_time",,,,,,,,false,"Unsupported hardware",8,10,8,,,,4,2,4
"dot/dot_bf16_bf16_fp32_10x8x8_2x4x4_neonbf16/16/224/real_time",,,,,,,,false,"Unsupported hardware",8,10,8,,,,4,2,4
"dot/dot_bf16_bf16_fp32_10x8x8_2x4x4_neonbf16/16/336/real_time",,,,,,,,false,"Unsupported hardware",8,10,8,,,,4,2,4
"dot/dot_bf16_bf16_fp32_10x8x8_2x4x4_neonbf16/16/456/real_time",,,,,,,,false,"Unsupported hardware",8,10,8,,,,4,2,4
"dot/dot_bf16_bf16_fp32_10x8x8_2x4x4_neonbf16/32/8/real_time",,,,,,,,false,"Unsupported hardware",8,10,8,,,,4,2,4
"dot/dot_bf16_bf16_fp32_10x8x8_2x4x4_neonbf16/32/64/real_time",,,,,,,,false,"Unsupported hardware",8,10,8,,,,4,2,4
"dot/dot_bf16_bf16_fp32_10x8x8_2x4x4_neonbf16/32/136/real_time",,,,,,,,false,"Unsupported hardware",8,10,8,,,,4,2,4
"dot/dot_bf16_bf16_fp32_10x8x8_2x4x4_neonbf16/32/200/real_time",,,,,,,,false,"Unsupported hardware",8,10,8,,,,4,2,4
"dot/dot_bf16_bf16_fp32_10x8x8_2x4x4_neonbf16/32/272/real_time",,,,,,,,false,"Unsupported hardware",8,10,8,,,,4,2,4
"dot/dot_bf16_bf16_fp32_10x8x8_2x4x4_neonbf16/64/8/real_time",,,,,,,,false,"Unsupported hardware",8,10,8,,,,4,2,4
"dot/dot_bf16_bf16_fp32_10x8x8_2x4x4_neonbf16/64/32/real_time",,,,,,,,false,"Unsupported hardware",8,10,8,,,,4,2,4
"dot/dot_bf16_bf16_fp32_10x8x8_2x4x4_neonbf16/64/72/real_time",,,,,,,,false,"Unsupported hardware",8,10,8,,,,4,2,4
"dot/dot_bf16_bf16_fp32_10x8x8_2x4x4_neonbf16/64/104/real_time",,,,,,,,false,"Unsupported hardware",8,10,8,,,,4,2,4
"dot/dot_bf16_bf16_fp32_10x8x8_2x4x4_neonbf16/64/144/real_time",,,,,,,,false,"Unsupported hardware",8,10,8,,,,4,2,4
"dot/dot_bf16_bf16_fp32_16x4x8_2x4x4_neonbf16/4/8/real_time",,,,,,,,false,"Unsupported hardware",8,16,4,,,,4,2,4
"dot/dot_bf16_bf16_fp32_16x4x8_2x4x4_neonbf16/4/152/real_time",,,,,,,,false,"Unsupported hardware",8,16,4,,,,4,2,4
"dot/dot_bf16_bf16_fp32_16x4x8_2x4x4_neonbf16/4/304/real_time",,,,,,,,false,"Unsupported hardware",8,16,4,,,,4,2,4
"dot/dot_bf16_bf16_fp32_16x4x8_2x4x4_neonbf16/4/456/real_time",,,,,,,,false,"Unsupported hardware",8,16,4,,,,4,2,4
"dot/dot_bf16_bf16_fp32_16x4x8_2x4x4_neonbf16/4/608/real_time",,,,,,,,false,"Unsupported hardware",8,16,4,,,,4,2,4
"dot/dot_bf16_bf16_fp32_16x4x8_2x4x4_neonbf16/8/8/real_time",,,,,,,,false,"Unsupported hardware",8,16,4,,,,4,2,4
"dot/dot_bf16_bf16_fp32_16x4x8_2x4x4_neonbf16/8/120/real_time",,,,,,,,false,"Unsupported hardware",8,16,4,,,,4,2,4
"dot/dot_bf16_bf16_fp32_16x4x8_2x4x4_neonbf16/8/248/real_time",,,,,,,,false,"Unsupported hardware",8,16,4,,,,4,2,4
"dot/dot_bf16_bf16_fp32_16x4x8_2x4x4_neonbf16/8/368/real_time",,,,,,,,false,"Unsupported hardware",8,16,4,,,,4,2,4
"dot/dot_bf16_bf16_fp32_16x4x8_2x4x4_neonbf16/8/496/real_time",,,,,,,,false,"Unsupported hardware",8,16,4,,,,4,2,4
"dot/dot_bf16_bf16_fp32_16x4x8_2x4x4_neonbf16/16/8/real_time",,,,,,,,false,"Unsupported hardware",8,16,4,,,,4,2,4
"dot/dot_bf16_bf16_fp32_16x4x8_2x4x4_neonbf16/16/88/real_time",,,,,,,,false,"Unsupported hardware",8,16,4,,,,4,2,4
"dot/dot_bf16_bf16_fp32_16x4x8_2x4x4_neonbf16/16/184/real_time",,,,,,,,false,"Unsupported hardware",8,16,4,,,,4,2,4
"dot/dot_bf16_bf16_fp32_16x4x8_2x4x4_neonbf16/16/272/real_time",,,,,,,,false,"Unsupported hardware",8,16,4,,,,4,2,4
"dot/dot_bf16_bf16_fp32_16x4x8_2x4x4_neonbf16/16/368/real_time",,,,,,,,false,"Unsupported hardware",8,16,4,,,,4,2,4
"dot/dot_bf16_bf16_fp32_16x4x8_2x4x4_neonbf16/32/8/real_time",,,,,,,,false,"Unsupported hardware",8,16,4,,,,4,2,4
"dot/dot_bf16_bf16_fp32_16x4x8_2x4x4_neonbf16/32/56/real_time",,,,,,,,false,"Unsupported hardware",8,16,4,,,,4,2,4
"dot/dot_bf16_bf16_fp32_16x4x8_2x4x4_neonbf16/32/112/real_time",,,,,,,,false,"Unsupported hardware",8,16,4,,,,4,2,4
"dot/dot_bf16_bf16_fp32_16x4x8_2x4x4_neonbf16/32/168/real_time",,,,,,,,false,"Unsupported hardware",8,16,4,,,,4,2,4
"dot/dot_bf16_bf16_fp32_16x4x8_2x4x4_neonbf16/32/232/real_time",,,,,,,,false,"Unsupported hardware",8,16,4,,,,4,2,4
"dot/dot_bf16_bf16_fp32_1x64x4_1x4x2_neonbf16/64/4/real_time",,,,,,,,false,"Unsupported hardware",4,1,64,,,,2,1,4
"dot/dot_bf16_bf16_fp32_1x64x4_1x4x2_neonbf16/64/44/real_time",,,,,,,,false,"Unsupported hardware",4,1,64,,,,2,1,4
"dot/dot_bf16_bf16_fp32_1x64x4_1x4x2_neonbf16/64/92/real_time",,,,,,,,false,"Unsupported hardware",4,1,64,,,,2,1,4
"dot/dot_bf16_bf16_fp32_1x64x4_1x4x2_neonbf16/64/136/real_time",,,,,,,,false,"Unsupported hardware",4,1,64,,,,2,1,4
"dot/dot_bf16_bf16_fp32_1x64x4_1x4x2_neonbf16/64/184/real_time",,,,,,,,false,"Unsupported hardware",4,1,64,,,,2,1,4
"dot/dot_bf16_bf16_fp32_1x64x4_1x4x2_neonbf16/128/4/real_time",,,,,,,,false,"Unsupported hardware",4,1,64,,,,2,1,4
"dot/dot_bf16_bf16_fp32_1x64x4_1x4x2_neonbf16/128/20/real_time",,,,,,,,false,"Unsupported hardware",4,1,64,,,,2,1,4
"dot/dot_bf16_bf16_fp32_1x64x4_1x4x2_neonbf16/128/44/real_time",,,,,,,,false,"Unsupported hardware",4,1,64,,,,2,1,4
"dot/dot_bf16_bf16_fp32_1x64x4_1x4x2_neonbf16/128/68/real_time",,,,,,,,false,"Unsupported hardware",4,1,64,,,,2,1,4
"dot/dot_bf16_bf16_fp32_1x64x4_1x4x2_neonbf16/128/92/real_time",,,,,,,,false,"Unsupported hardware",4,1,64,,,,2,1,4
"dot/dot_bf16_bf16_fp32_1x64x4_1x4x2_neonbf16/256/4/real_time",,,,,,,,false,"Unsupported hardware",4,1,64,,,,2,1,4
"dot/dot_bf16_bf16_fp32_1x64x4_1x4x2_neonbf16/256/8/real_time",,,,,,,,false,"Unsupported hardware",4,1,64,,,,2,1,4
"dot/dot_bf16_bf16_fp32_1x64x4_1x4x2_neonbf16/256/20/real_time",,,,,,,,false,"Unsupported hardware",4,1,64,,,,2,1,4
"dot/dot_bf16_bf16_fp32_1x64x4_1x4x2_neonbf16/256/32/real_time",,,,,,,,false,"Unsupported hardware",4,1,64,,,,2,1,4
"dot/dot_bf16_bf16_fp32_1x64x4_1x4x2_neonbf16/256/44/real_time",,,,,,,,false,"Unsupported hardware",4,1,64,,,,2,1,4
"dot/dot_bf16_bf16_fp32_1x64x4_1x4x2_neonbf16/512/4/real_time",,,,,,,,false,"Unsupported hardware",4,1,64,,,,2,1,4
"dot/dot_bf16_bf16_fp32_1x64x4_1x4x2_neonbf16/512/8/real_time",,,,,,,,false,"Unsupported hardware",4,1,64,,,,2,1,4
"dot/dot_bf16_bf16_fp32_1x64x4_1x4x2_neonbf16/512/12/real_time",,,,,,,,false,"Unsupported hardware",4,1,64,,,,2,1,4
"dot/dot_bf16_bf16_fp32_1x64x4_1x4x2_neonbf16/512/20/real_time",,,,,,,,false,"Unsupported hardware",4,1,64,,,,2,1,4
"dot/dot_bf16_bf16_fp32_1x32x4_1x4x2_neonbf16/32/4/real_time",,,,,,,,false,"Unsupported hardware",4,1,32,,,,2,1,4
"dot/dot_bf16_bf16_fp32_1x32x4_1x4x2_neonbf16/32/92/real_time",,,,,,,,false,"Unsupported hardware",4,1,32,,,,2,1,4
"dot/dot_bf16_bf16_fp32_1x32x4_1x4x2_neonbf16/32/184/real_time",,,,,,,,false,"Unsupported hardware",4,1,32,,,,2,1,4
"dot/dot_bf16_bf16_fp32_1x32x4_1x4x2_neonbf16/32/276/real_time",,,,,,,,false,"Unsupported hardware",4,1,32,,,,2,1,4
"dot/dot_bf16_bf16_fp32_1x32x4_1x4x2_neonbf16/32/368/real_time",,,,,,,,false,"Unsupported hardware",4,1,32,,,,2,1,4
"dot/dot_bf16_bf16_fp32_1x32x4_1x4x2_neonbf16/64/4/real_time",,,,,,,,false,"Unsupported hardware",4,1,32,,,,2,1,4
"dot/dot_bf16_bf16_fp32_1x32x4_1x4x2_neonbf16/64/44/real_time",,,,,,,,false,"Unsupported hardware",4,1,32,,,,2,1,4
"dot/dot_bf16_bf16_fp32_1x32x4_1x4x2_neonbf16/64/92/real_time",,,,,,,,false,"Unsupported hardware",4,1,32,,,,2,1,4
"dot/dot_bf16_bf16_fp32_1x32x4_1x4x2_neonbf16/64/136/real_time",,,,,,,,false,"Unsupported hardware",4,1,32,,,,2,1,4
"dot/dot_bf16_bf16_fp32_1x32x4_1x4x2_neonbf16/64/184/real_time",,,,,,,,false,"Unsupported hardware",4,1,32,,,,2,1,4
"dot/dot_bf16_bf16_fp32_1x32x4_1x4x2_neonbf16/128/4/real_time",,,,,,,,false,"Unsupported hardware",4,1,32,,,,2,1,4
"dot/dot_bf16_bf16_fp32_1x32x4_1x4x2_neonbf16/128/20/real_time",,,,,,,,false,"Unsupported hardware",4,1,32,,,,2,1,4
"dot/dot_bf16_bf16_fp32_1x32x4_1x4x2_neonbf16/128/44/real_time",,,,,,,,false,"Unsupported hardware",4,1,32,,,,2,1,4
"dot/dot_bf16_bf16_fp32_1x32x4_1x4x2_neonbf16/128/68/real_time",,,,,,,,false,"Unsupported hardware",4,1,32,,,,2,1,4
"dot/dot_bf16_bf16_fp32_1x32x4_1x4x2_neonbf16/128/92/real_time",,,,,,,,false,"Unsupported hardware",4,1,32,,,,2,1,4
"dot/dot_bf16_bf16_fp32_1x32x4_1x4x2_neonbf16/256/4/real_time",,,,,,,,false,"Unsupported hardware",4,1,32,,,,2,1,4
"dot/dot_bf16_bf16_fp32_1x32x4_1x4x2_neonbf16/256/8/real_time",,,,,,,,false,"Unsupported hardware",4,1,32,,,,2,1,4
"dot/dot_bf16_bf16_fp32_1x32x4_1x4x2_neonbf16/256/20/real_time",,,,,,,,false,"Unsupported hardware",4,1,32,,,,2,1,4
"dot/dot_bf16_bf16_fp32_1x32x4_1x4x2_neonbf16/256/32/real_time",,,,,,,,false,"Unsupported hardware",4,1,32,,,,2,1,4
"dot/dot_bf16_bf16_fp32_1x32x4_1x4x2_neonbf16/256/44/real_time",,,,,,,,false,"Unsupported hardware",4,1,32,,,,2,1,4
"dot/dot_bf16_bf16_fp32_2x32x4_1x4x2_neonbf16/32/4/real_time",,,,,,,,false,"Unsupported hardware",4,2,32,,,,2,1,4
"dot/dot_bf16_bf16_fp32_2x32x4_1x4x2_neonbf16/32/88/real_time",,,,,,,,false,"Unsupported hardware",4,2,32,,,,2,1,4
"dot/dot_bf16_bf16_fp32_2x32x4_1x4x2_neonbf16/32/176/real_time",,,,,,,,false,"Unsupported hardware",4,2,32,,,,2,1,4
"dot/dot_bf16_bf16_fp32_2x32x4_1x4x2_neonbf16/32/264/real_time",,,,,,,,false,"Unsupported hardware",4,2,32,,,,2,1,4
"dot/dot_bf16_bf16_fp32_2x32x4_1x4x2_neonbf16/32/356/real_time",,,,,,,,false,"Unsupported hardware",4,2,32,,,,2,1,4
"dot/dot_bf16_bf16_fp32_2x32x4_1x4x2_neonbf16/64/4/real_time",,,,,,,,false,"Unsupported hardware",4,2,32,,,,2,1,4
"dot/dot_bf16_bf16_fp32_2x32x4_1x4x2_neonbf16/64/44/real_time",,,,,,,,false,"Unsupported hardware",4,2,32,,,,2,1,4
"dot/dot_bf16_bf16_fp32_2x32x4_1x4x2_neonbf16/64/88/real_time",,,,,,,,false,"Unsupported hardware",4,2,32,,,,2,1,4
"dot/dot_bf16_bf16_fp32_2x32x4_1x4x2_neonbf16/64/132/real_time",,,,,,,,false,"Unsupported hardware",4,2,32,,,,2,1,4
"dot/dot_bf16_bf16_fp32_2x32x4_1x4x2_neonbf16/64/180/real_time",,,,,,,,false,"Unsupported hardware",4,2,32,,,,2,1,4
"dot/dot_bf16_bf16_fp32_2x32x4_1x4x2_neonbf16/128/4/real_time",,,,,,,,false,"Unsupported hardware",4,2,32,,,,2,1,4
"dot/dot_bf16_bf16_fp32_2x32x4_1x4x2_neonbf16/128/20/real_time",,,,,,,,false,"Unsupported hardware",4,2,32,,,,2,1,4
"dot/dot_bf16_bf16_fp32_2x32x4_1x4x2_neonbf16/128/44/real_time",,,,,,,,false,"Unsupported hardware",4,2,32,,,,2,1,4
"dot/dot_bf16_bf16_fp32_2x32x4_1x4x2_neonbf16/128/64/real_time",,,,,,,,false,"Unsupported hardware",4,2,32,,,,2,1,4
"dot/dot_bf16_bf16_fp32_2x32x4_1x4x2_neonbf16/128/88/real_time",,,,,,,,false,"Unsupported hardware",4,2,32,,,,2,1,4
"dot/dot_bf16_bf16_fp32_2x32x4_1x4x2_neonbf16/256/4/real_time",,,,,,,,false,"Unsupported hardware",4,2,32,,,,2,1,4
"dot/dot_bf16_bf16_fp32_2x32x4_1x4x2_neonbf16/256/8/real_time",,,,,,,,false,"Unsupported hardware",4,2,32,,,,2,1,4
"dot/dot_bf16_bf16_fp32_2x32x4_1x4x2_neonbf16/256/20/real_time",,,,,,,,false,"Unsupported hardware",4,2,32,,,,2,1,4
"dot/dot_bf16_bf16_fp32_2x32x4_1x4x2_neonbf16/256/28/real_time",,,,,,,,false,"Unsupported hardware",4,2,32,,,,2,1,4
"dot/dot_bf16_bf16_fp32_2x32x4_1x4x2_neonbf16/256/40/real_time",,,,,,,,false,"Unsupported hardware",4,2,32,,,,2,1,4
"dot/dot_bf16_bf16_fp32_1x16x4_1x4x2_neonbf16/16/4/real_time",,,,,,,,false,"Unsupported hardware",4,1,16,,,,2,1,4
"dot/dot_bf16_bf16_fp32_1x16x4_1x4x2_neonbf16/16/180/real_time",,,,,,,,false,"Unsupported hardware",4,1,16,,,,2,1,4
"dot/dot_bf16_bf16_fp32_1x16x4_1x4x2_neonbf16/16/360/real_time",,,,,,,,false,"Unsupported hardware",4,1,16,,,,2,1,4
"dot/dot_bf16_bf16_fp32_1x16x4_1x4x2_neonbf16/16/540/real_time",,,,,,,,false,"Unsupported hardware",4,1,16,,,,2,1,4
"dot/dot_bf16_bf16_fp32_1x16x4_1x4x2_neonbf16/16/720/real_time",,,,,,,,false,"Unsupported hardware",4,1,16,,,,2,1,4
"dot/dot_bf16_bf16_fp32_1x16x4_1x4x2_neonbf16/32/4/real_time",,,,,,,,false,"Unsupported hardware",4,1,16,,,,2,1,4
"dot/dot_bf16_bf16_fp32_1x16x4_1x4x2_neonbf16/32/92/real_time",,,,,,,,false,"Unsupported hardware",4,1,16,,,,2,1,4
"dot/dot_bf16_bf16_fp32_1x16x4_1x4x2_neonbf16/32/184/real_time",,,,,,,,false,"Unsupported hardware",4,1,16,,,,2,1,4
"dot/dot_bf16_bf16_fp32_1x16x4_1x4x2_neonbf16/32/276/real_time",,,,,,,,false,"Unsupported hardware",4,1,16,,,,2,1,4
"dot/dot_bf16_bf16_fp32_1x16x4_1x4x2_neonbf16/32/368/real_time",,,,,,,,false,"Unsupported hardware",4,1,16,,,,2,1,4
"dot/dot_bf16_bf16_fp32_1x16x4_1x4x2_neonbf16/64/4/real_time",,,,,,,,false,"Unsupported hardware",4,1,16,,,,2,1,4
"dot/dot_bf16_bf16_fp32_1x16x4_1x4x2_neonbf16/64/44/real_time",,,,,,,,false,"Unsupported hardware",4,1,16,,,,2,1,4
"dot/dot_bf16_bf16_fp32_1x16x4_1x4x2_neonbf16/64/92/real_time",,,,,,,,false,"Unsupported hardware",4,1,16,,,,2,1,4
"dot/dot_bf16_bf16_fp32_1x16x4_1x4x2_neonbf16/64/136/real_time",,,,,,,,false,"Unsupported hardware",4,1,16,,,,2,1,4
"dot/dot_bf16_bf16_fp32_1x16x4_1x4x2_neonbf16/64/184/real_time",,,,,,,,false,"Unsupported hardware",4,1,16,,,,2,1,4
"dot/dot_bf16_bf16_fp32_1x16x4_1x4x2_neonbf16/128/4/real_time",,,,,,,,false,"Unsupported hardware",4,1,16,,,,2,1,4
"dot/dot_bf16_bf16_fp32_1x16x4_1x4x2_neonbf16/128/20/real_time",,,,,,,,false,"Unsupported hardware",4,1,16,,,,2,1,4
"dot/dot_bf16_bf16_fp32_1x16x4_1x4x2_neonbf16/128/44/real_time",,,,,,,,false,"Unsupported hardware",4,1,16,,,,2,1,4
"dot/dot_bf16_bf16_fp32_1x16x4_1x4x2_neonbf16/128/68/real_time",,,,,,,,false,"Unsupported hardware",4,1,16,,,,2,1,4
"dot/dot_bf16_bf16_fp32_1x16x4_1x4x2_neonbf16/128/92/real_time",,,,,,,,false,"Unsupported hardware",4,1,16,,,,2,1,4
"dot/dot_bf16_bf16_fp32_2x16x4_1x4x2_neonbf16/16/4/real_time",,,,,,,,false,"Unsupported hardware",4,2,16,,,,2,1,4
"dot/dot_bf16_bf16_fp32_2x16x4_1x4x2_neonbf16/16/168/real_time",,,,,,,,false,"Unsupported hardware",4,2,16,,,,2,1,4
"dot/dot_bf16_bf16_fp32_2x16x4_1x4x2_neonbf16/16/336/real_time",,,,,,,,false,"Unsupported hardware",4,2,16,,,,2,1,4
"dot/dot_bf16_bf16_fp32_2x16x4_1x4x2_neonbf16/16/504/real_time",,,,,,,,false,"Unsupported hardware",4,2,16,,,,2,1,4
"dot/dot_bf16_bf16_fp32_2x16x4_1x4x2_neonbf16/16/676/real_time",,,,,,,,false,"Unsupported hardware",4,2,16,,,,2,1,4
"dot/dot_bf16_bf16_fp32_2x16x4_1x4x2_neonbf16/32/4/real_time",,,,,,,,false,"Unsupported hardware",4,2,16,,,,2,1,4
"dot/dot_bf16_bf16_fp32_2x16x4_1x4x2_neonbf16/32/88/real_time",,,,,,,,false,"Unsupported hardware",4,2,16,,,,2,1,4
"dot/dot_bf16_bf16_fp32_2x16x4_1x4x2_neonbf16/32/176/real_time",,,,,,,,false,"Unsupported hardware",4,2,16,,,,2,1,4
"dot/dot_bf16_bf16_fp32_2x16x4_1x4x2_neonbf16/32/264/real_time",,,,,,,,false,"Unsupported hardware",4,2,16,,,,2,1,4
"dot/dot_bf16_bf16_fp32_2x16x4_1x4x2_neonbf16/32/356/real_time",,,,,,,,false,"Unsupported hardware",4,2,16,,,,2,1,4
"dot/dot_bf16_bf16_fp32_2x16x4_1x4x2_neonbf16/64/4/real_time",,,,,,,,false,"Unsupported hardware",4,2,16,,,,2,1,4
"dot/dot_bf16_bf16_fp32_2x16x4_1x4x2_neonbf16/64/44/real_time",,,,,,,,false,"Unsupported hardware",4,2,16,,,,2,1,4
"dot/dot_bf16_bf16_fp32_2x16x4_1x4x2_neonbf16/64/88/real_time",,,,,,,,false,"Unsupported hardware",4,2,16,,,,2,1,4
"dot/dot_bf16_bf16_fp32_2x16x4_1x4x2_neonbf16/64/132/real_time",,,,,,,,false,"Unsupported hardware",4,2,16,,,,2,1,4
"dot/dot_bf16_bf16_fp32_2x16x4_1x4x2_neonbf16/64/180/real_time",,,,,,,,false,"Unsupported hardware",4,2,16,,,,2,1,4
"dot/dot_bf16_bf16_fp32_2x16x4_1x4x2_neonbf16/128/4/real_time",,,,,,,,false,"Unsupported hardware",4,2,16,,,,2,1,4
"dot/dot_bf16_bf16_fp32_2x16x4_1x4x2_neonbf16/128/20/real_time",,,,,,,,false,"Unsupported hardware",4,2,16,,,,2,1,4
"dot/dot_bf16_bf16_fp32_2x16x4_1x4x2_neonbf16/128/44/real_time",,,,,,,,false,"Unsupported hardware",4,2,16,,,,2,1,4
"dot/dot_bf16_bf16_fp32_2x16x4_1x4x2_neonbf16/128/64/real_time",,,,,,,,false,"Unsupported hardware",4,2,16,,,,2,1,4
"dot/dot_bf16_bf16_fp32_2x16x4_1x4x2_neonbf16/128/88/real_time",,,,,,,,false,"Unsupported hardware",4,2,16,,,,2,1,4
"dot/dot_bf16_bf16_fp32_3x16x4_1x4x2_neonbf16/16/4/real_time",,,,,,,,false,"Unsupported hardware",4,3,16,,,,2,1,4
"dot/dot_bf16_bf16_fp32_3x16x4_1x4x2_neonbf16/16/160/real_time",,,,,,,,false,"Unsupported hardware",4,3,16,,,,2,1,4
"dot/dot_bf16_bf16_fp32_3x16x4_1x4x2_neonbf16/16/320/real_time",,,,,,,,false,"Unsupported hardware",4,3,16,,,,2,1,4
"dot/dot_bf16_bf16_fp32_3x16x4_1x4x2_neonbf16/16/480/real_time",,,,,,,,false,"Unsupported hardware",4,3,16,,,,2,1,4
"dot/dot_bf16_bf16_fp32_3x16x4_1x4x2_neonbf16/16/640/real_time",,,,,,,,false,"Unsupported hardware",4,3,16,,,,2,1,4
"dot/dot_bf16_bf16_fp32_3x16x4_1x4x2_neonbf16/32/4/real_time",,,,,,,,false,"Unsupported hardware",4,3,16,,,,2,1,4
"dot/dot_bf16_bf16_fp32_3x16x4_1x4x2_neonbf16/32/84/real_time",,,,,,,,false,"Unsupported hardware",4,3,16,,,,2,1,4
"dot/dot_bf16_bf16_fp32_3x16x4_1x4x2_neonbf16/32/172/real_time",,,,,,,,false,"Unsupported hardware",4,3,16,,,,2,1,4
"dot/dot_bf16_bf16_fp32_3x16x4_1x4x2_neonbf16/32/256/real_time",,,,,,,,false,"Unsupported hardware",4,3,16,,,,2,1,4
"dot/dot_bf16_bf16_fp32_3x16x4_1x4x2_neonbf16/32/344/real_time",,,,,,,,false,"Unsupported hardware",4,3,16,,,,2,1,4
"dot/dot_bf16_bf16_fp32_3x16x4_1x4x2_neonbf16/64/4/real_time",,,,,,,,false,"Unsupported hardware",4,3,16,,,,2,1,4
"dot/dot_bf16_bf16_fp32_3x16x4_1x4x2_neonbf16/64/44/real_time",,,,,,,,false,"Unsupported hardware",4,3,16,,,,2,1,4
"dot/dot_bf16_bf16_fp32_3x16x4_1x4x2_neonbf16/64/88/real_time",,,,,,,,false,"Unsupported hardware",4,3,16,,,,2,1,4
"dot/dot_bf16_bf16_fp32_3x16x4_1x4x2_neonbf16/64/132/real_time",,,,,,,,false,"Unsupported hardware",4,3,16,,,,2,1,4
"dot/dot_bf16_bf16_fp32_3x16x4_1x4x2_neonbf16/64/176/real_time",,,,,,,,false,"Unsupported hardware",4,3,16,,,,2,1,4
"dot/dot_bf16_bf16_fp32_3x16x4_1x4x2_neonbf16/128/4/real_time",,,,,,,,false,"Unsupported hardware",4,3,16,,,,2,1,4
"dot/dot_bf16_bf16_fp32_3x16x4_1x4x2_neonbf16/128/20/real_time",,,,,,,,false,"Unsupported hardware",4,3,16,,,,2,1,4
"dot/dot_bf16_bf16_fp32_3x16x4_1x4x2_neonbf16/128/40/real_time",,,,,,,,false,"Unsupported hardware",4,3,16,,,,2,1,4
"dot/dot_bf16_bf16_fp32_3x16x4_1x4x2_neonbf16/128/60/real_time",,,,,,,,false,"Unsupported hardware",4,3,16,,,,2,1,4
"dot/dot_bf16_bf16_fp32_3x16x4_1x4x2_neonbf16/128/84/real_time",,,,,,,,false,"Unsupported hardware",4,3,16,,,,2,1,4
"dot/dot_bf16_bf16_fp32_4x16x4_1x4x2_neonbf16/16/4/real_time",,,,,,,,false,"Unsupported hardware",4,4,16,,,,2,1,4
"dot/dot_bf16_bf16_fp32_4x16x4_1x4x2_neonbf16/16/152/real_time",,,,,,,,false,"Unsupported hardware",4,4,16,,,,2,1,4
"dot/dot_bf16_bf16_fp32_4x16x4_1x4x2_neonbf16/16/304/real_time",,,,,,,,false,"Unsupported hardware",4,4,16,,,,2,1,4
"dot/dot_bf16_bf16_fp32_4x16x4_1x4x2_neonbf16/16/456/real_time",,,,,,,,false,"Unsupported hardware",4,4,16,,,,2,1,4
"dot/dot_bf16_bf16_fp32_4x16x4_1x4x2_neonbf16/16/608/real_time",,,,,,,,false,"Unsupported hardware",4,4,16,,,,2,1,4
"dot/dot_bf16_bf16_fp32_4x16x4_1x4x2_neonbf16/32/4/real_time",,,,,,,,false,"Unsupported hardware",4,4,16,,,,2,1,4
"dot/dot_bf16_bf16_fp32_4x16x4_1x4x2_neonbf16/32/80/real_time",,,,,,,,false,"Unsupported hardware",4,4,16,,,,2,1,4
"dot/dot_bf16_bf16_fp32_4x16x4_1x4x2_neonbf16/32/164/real_time",,,,,,,,false,"Unsupported hardware",4,4,16,,,,2,1,4
"dot/dot_bf16_bf16_fp32_4x16x4_1x4x2_neonbf16/32/248/real_time",,,,,,,,false,"Unsupported hardware",4,4,16,,,,2,1,4
"dot/dot_bf16_bf16_fp32_4x16x4_1x4x2_neonbf16/32/332/real_time",,,,,,,,false,"Unsupported hardware",4,4,16,,,,2,1,4
"dot/dot_bf16_bf16_fp32_4x16x4_1x4x2_neonbf16/64/4/real_time",,,,,,,,false,"Unsupported hardware",4,4,16,,,,2,1,4
"dot/dot_bf16_bf16_fp32_4x16x4_1x4x2_neonbf16/64/40/real_time",,,,,,,,false,"Unsupported hardware",4,4,16,,,,2,1,4
"dot/dot_bf16_bf16_fp32_4x16x4_1x4x2_neonbf16/64/84/real_time",,,,,,,,false,"Unsupported hardware",4,4,16,,,,2,1,4
"dot/dot_bf16_bf16_fp32_4x16x4_1x4x2_neonbf16/64/128/real_time",,,,,,,,false,"Unsupported hardware",4,4,16,,,,2,1,4
"dot/dot_bf16_bf16_fp32_4x16x4_1x4x2_neonbf16/64/172/real_time",,,,,,,,false,"Unsupported hardware",4,4,16,,,,2,1,4
"dot/dot_bf16_bf16_fp32_4x16x4_1x4x2_neonbf16/128/4/real_time",,,,,,,,false,"Unsupported hardware",4,4,16,,,,2,1,4
"dot/dot_bf16_bf16_fp32_4x16x4_1x4x2_neonbf16/128/20/real_time",,,,,,,,false,"Unsupported hardware",4,4,16,,,,2,1,4
"dot/dot_bf16_bf16_fp32_4x16x4_1x4x2_neonbf16/128/40/real_time",,,,,,,,false,"Unsupported hardware",4,4,16,,,,2,1,4
"dot/dot_bf16_bf16_fp32_4x16x4_1x4x2_neonbf16/128/60/real_time",,,,,,,,false,"Unsupported hardware",4,4,16,,,,2,1,4
"dot/dot_bf16_bf16_fp32_4x16x4_1x4x2_neonbf16/128/84/real_time",,,,,,,,false,"Unsupported hardware",4,4,16,,,,2,1,4
"dot/dot_bf16_bf16_fp32_1x8x4_1x4x2_neonbf16/8/4/real_time",,,,,,,,false,"Unsupported hardware",4,1,8,,,,2,1,4
"dot/dot_bf16_bf16_fp32_1x8x4_1x4x2_neonbf16/8/340/real_time",,,,,,,,false,"Unsupported hardware",4,1,8,,,,2,1,4
"dot/dot_bf16_bf16_fp32_1x8x4_1x4x2_neonbf16/8/680/real_time",,,,,,,,false,"Unsupported hardware",4,1,8,,,,2,1,4
"dot/dot_bf16_bf16_fp32_1x8x4_1x4x2_neonbf16/8/1020/real_time",,,,,,,,false,"Unsupported hardware",4,1,8,,,,2,1,4
"dot/dot_bf16_bf16_fp32_1x8x4_1x4x2_neonbf16/8/1360/real_time",,,,,,,,false,"Unsupported hardware",4,1,8,,,,2,1,4
"dot/dot_bf16_bf16_fp32_1x8x4_1x4x2_neonbf16/16/4/real_time",,,,,,,,false,"Unsupported hardware",4,1,8,,,,2,1,4
"dot/dot_bf16_bf16_fp32_1x8x4_1x4x2_neonbf16/16/180/real_time",,,,,,,,false,"Unsupported hardware",4,1,8,,,,2,1,4
"dot/dot_bf16_bf16_fp32_1x8x4_1x4x2_neonbf16/16/360/real_time",,,,,,,,false,"Unsupported hardware",4,1,8,,,,2,1,4
"dot/dot_bf16_bf16_fp32_1x8x4_1x4x2_neonbf16/16/540/real_time",,,,,,,,false,"Unsupported hardware",4,1,8,,,,2,1,4
"dot/dot_bf16_bf16_fp32_1x8x4_1x4x2_neonbf16/16/720/real_time",,,,,,,,false,"Unsupported hardware",4,1,8,,,,2,1,4
"dot/dot_bf16_bf16_fp32_1x8x4_1x4x2_neonbf16/32/4/real_time",,,,,,,,false,"Unsupported hardware",4,1,8,,,,2,1,4
"dot/dot_bf16_bf16_fp32_1x8x4_1x4x2_neonbf16/32/92/real_time",,,,,,,,false,"Unsupported hardware",4,1,8,,,,2,1,4
"dot/dot_bf16_bf16_fp32_1x8x4_1x4x2_neonbf16/32/184/real_time",,,,,,,,false,"Unsupported hardware",4,1,8,,,,2,1,4
"dot/dot_bf16_bf16_fp32_1x8x4_1x4x2_neonbf16/32/276/real_time",,,,,,,,false,"Unsupported hardware",4,1,8,,,,2,1,4
"dot/dot_bf16_bf16_fp32_1x8x4_1x4x2_neonbf16/32/368/real_time",,,,,,,,false,"Unsupported hardware",4,1,8,,,,2,1,4
"dot/dot_bf16_bf16_fp32_1x8x4_1x4x2_neonbf16/64/4/real_time",,,,,,,,false,"Unsupported hardware",4,1,8,,,,2,1,4
"dot/dot_bf16_bf16_fp32_1x8x4_1x4x2_neonbf16/64/44/real_time",,,,,,,,false,"Unsupported hardware",4,1,8,,,,2,1,4
"dot/dot_bf16_bf16_fp32_1x8x4_1x4x2_neonbf16/64/92/real_time",,,,,,,,false,"Unsupported hardware",4,1,8,,,,2,1,4
"dot/dot_bf16_bf16_fp32_1x8x4_1x4x2_neonbf16/64/136/real_time",,,,,,,,false,"Unsupported hardware",4,1,8,,,,2,1,4
"dot/dot_bf16_bf16_fp32_1x8x4_1x4x2_neonbf16/64/184/real_time",,,,,,,,false,"Unsupported hardware",4,1,8,,,,2,1,4
"dot/dot_bf16_bf16_fp32_4x8x4_1x4x2_neonbf16/8/4/real_time",,,,,,,,false,"Unsupported hardware",4,4,8,,,,2,1,4
"dot/dot_bf16_bf16_fp32_4x8x4_1x4x2_neonbf16/8/252/real_time",,,,,,,,false,"Unsupported hardware",4,4,8,,,,2,1,4
"dot/dot_bf16_bf16_fp32_4x8x4_1x4x2_neonbf16/8/508/real_time",,,,,,,,false,"Unsupported hardware",4,4,8,,,,2,1,4
"dot/dot_bf16_bf16_fp32_4x8x4_1x4x2_neonbf16/8/760/real_time",,,,,,,,false,"Unsupported hardware",4,4,8,,,,2,1,4
"dot/dot_bf16_bf16_fp32_4x8x4_1x4x2_neonbf16/8/1016/real_time",,,,,,,,false,"Unsupported hardware",4,4,8,,,,2,1,4
"dot/dot_bf16_bf16_fp32_4x8x4_1x4x2_neonbf16/16/4/real_time",,,,,,,,false,"Unsupported hardware",4,4,8,,,,2,1,4
"dot/dot_bf16_bf16_fp32_4x8x4_1x4x2_neonbf16/16/152/real_time",,,,,,,,false,"Unsupported hardware",4,4,8,,,,2,1,4
"dot/dot_bf16_bf16_fp32_4x8x4_1x4x2_neonbf16/16/304/real_time",,,,,,,,false,"Unsupported hardware",4,4,8,,,,2,1,4
"dot/dot_bf16_bf16_fp32_4x8x4_1x4x2_neonbf16/16/456/real_time",,,,,,,,false,"Unsupported hardware",4,4,8,,,,2,1,4
"dot/dot_bf16_bf16_fp32_4x8x4_1x4x2_neonbf16/16/608/real_time",,,,,,,,false,"Unsupported hardware",4,4,8,,,,2,1,4
"dot/dot_bf16_bf16_fp32_4x8x4_1x4x2_neonbf16/32/4/real_time",,,,,,,,false,"Unsupported hardware",4,4,8,,,,2,1,4
"dot/dot_bf16_bf16_fp32_4x8x4_1x4x2_neonbf16/32/80/real_time",,,,,,,,false,"Unsupported hardware",4,4,8,,,,2,1,4
"dot/dot_bf16_bf16_fp32_4x8x4_1x4x2_neonbf16/32/164/real_time",,,,,,,,false,"Unsupported hardware",4,4,8,,,,2,1,4
"dot/dot_bf16_bf16_fp32_4x8x4_1x4x2_neonbf16/32/248/real_time",,,,,,,,false,"Unsupported hardware",4,4,8,,,,2,1,4
"dot/dot_bf16_bf16_fp32_4x8x4_1x4x2_neonbf16/32/332/real_time",,,,,,,,false,"Unsupported hardware",4,4,8,,,,2,1,4
"dot/dot_bf16_bf16_fp32_4x8x4_1x4x2_neonbf16/64/4/real_time",,,,,,,,false,"Unsupported hardware",4,4,8,,,,2,1,4
"dot/dot_bf16_bf16_fp32_4x8x4_1x4x2_neonbf16/64/40/real_time",,,,,,,,false,"Unsupported hardware",4,4,8,,,,2,1,4
"dot/dot_bf16_bf16_fp32_4x8x4_1x4x2_neonbf16/64/84/real_time",,,,,,,,false,"Unsupported hardware",4,4,8,,,,2,1,4
"dot/dot_bf16_bf16_fp32_4x8x4_1x4x2_neonbf16/64/128/real_time",,,,,,,,false,"Unsupported hardware",4,4,8,,,,2,1,4
"dot/dot_bf16_bf16_fp32_4x8x4_1x4x2_neonbf16/64/172/real_time",,,,,,,,false,"Unsupported hardware",4,4,8,,,,2,1,4
"dot/dot_bf16_bf16_fp32_6x8x4_1x4x2_neonbf16/8/4/real_time",,,,,,,,false,"Unsupported hardware",4,6,8,,,,2,1,4
"dot/dot_bf16_bf16_fp32_6x8x4_1x4x2_neonbf16/8/216/real_time",,,,,,,,false,"Unsupported hardware",4,6,8,,,,2,1,4
"dot/dot_bf16_bf16_fp32_6x8x4_1x4x2_neonbf16/8/432/real_time",,,,,,,,false,"Unsupported hardware",4,6,8,,,,2,1,4
"dot/dot_bf16_bf16_fp32_6x8x4_1x4x2_neonbf16/8/648/real_time",,,,,,,,false,"Unsupported hardware",4,6,8,,,,2,1,4
"dot/dot_bf16_bf16_fp32_6x8x4_1x4x2_neonbf16/8/868/real_time",,,,,,,,false,"Unsupported hardware",4,6,8,,,,2,1,4
"dot/dot_bf16_bf16_fp32_6x8x4_1x4x2_neonbf16/16/4/real_time",,,,,,,,false,"Unsupported hardware",4,6,8,,,,2,1,4
"dot/dot_bf16_bf16_fp32_6x8x4_1x4x2_neonbf16/16/136/real_time",,,,,,,,false,"Unsupported hardware",4,6,8,,,,2,1,4
"dot/dot_bf16_bf16_fp32_6x8x4_1x4x2_neonbf16/16/272/real_time",,,,,,,,false,"Unsupported hardware",4,6,8,,,,2,1,4
"dot/dot_bf16_bf16_fp32_6x8x4_1x4x2_neonbf16/16/408/real_time",,,,,,,,false,"Unsupported hardware",4,6,8,,,,2,1,4
"dot/dot_bf16_bf16_fp32_6x8x4_1x4x2_neonbf16/16/548/real_time",,,,,,,,false,"Unsupported hardware",4,6,8,,,,2,1,4
"dot/dot_bf16_bf16_fp32_6x8x4_1x4x2_neonbf16/32/4/real_time",,,,,,,,false,"Unsupported hardware",4,6,8,,,,2,1,4
"dot/dot_bf16_bf16_fp32_6x8x4_1x4x2_neonbf16/32/76/real_time",,,,,,,,false,"Unsupported hardware",4,6,8,,,,2,1,4
"dot/dot_bf16_bf16_fp32_6x8x4_1x4x2_neonbf16/32/156/real_time",,,,,,,,false,"Unsupported hardware",4,6,8,,,,2,1,4
"dot/dot_bf16_bf16_fp32_6x8x4_1x4x2_neonbf16/32/232/real_time",,,,,,,,false,"Unsupported hardware",4,6,8,,,,2,1,4
"dot/dot_bf16_bf16_fp32_6x8x4_1x4x2_neonbf16/32/312/real_time",,,,,,,,false,"Unsupported hardware",4,6,8,,,,2,1,4
"dot/dot_bf16_bf16_fp32_6x8x4_1x4x2_neonbf16/64/4/real_time",,,,,,,,false,"Unsupported hardware",4,6,8,,,,2,1,4
"dot/dot_bf16_bf16_fp32_6x8x4_1x4x2_neonbf16/64/40/real_time",,,,,,,,false,"Unsupported hardware",4,6,8,,,,2,1,4
"dot/dot_bf16_bf16_fp32_6x8x4_1x4x2_neonbf16/64/80/real_time",,,,,,,,false,"Unsupported hardware",4,6,8,,,,2,1,4
"dot/dot_bf16_bf16_fp32_6x8x4_1x4x2_neonbf16/64/120/real_time",,,,,,,,false,"Unsupported hardware",4,6,8,,,,2,1,4
"dot/dot_bf16_bf16_fp32_6x8x4_1x4x2_neonbf16/64/164/real_time",,,,,,,,false,"Unsupported hardware",4,6,8,,,,2,1,4
"dot/dot_bf16_bf16_fp32_8x4x4_1x4x2_neonbf16/4/4/real_time",,,,,,,,false,"Unsupported hardware",4,8,4,,,,2,1,4
"dot/dot_bf16_bf16_fp32_8x4x4_1x4x2_neonbf16/4/252/real_time",,,,,,,,false,"Unsupported hardware",4,8,4,,,,2,1,4
"dot/dot_bf16_bf16_fp32_8x4x4_1x4x2_neonbf16/4/508/real_time",,,,,,,,false,"Unsupported hardware",4,8,4,,,,2,1,4
"dot/dot_bf16_bf16_fp32_8x4x4_1x4x2_neonbf16/4/760/real_time",,,,,,,,false,"Unsupported hardware",4,8,4,,,,2,1,4
"dot/dot_bf16_bf16_fp32_8x4x4_1x4x2_neonbf16/4/1016/real_time",,,,,,,,false,"Unsupported hardware",4,8,4,,,,2,1,4
"dot/dot_bf16_bf16_fp32_8x4x4_1x4x2_neonbf16/8/4/real_time",,,,,,,,false,"Unsupported hardware",4,8,4,,,,2,1,4
"dot/dot_bf16_bf16_fp32_8x4x4_1x4x2_neonbf16/8/188/real_time",,,,,,,,false,"Unsupported hardware",4,8,4,,,,2,1,4
"dot/dot_bf16_bf16_fp32_8x4x4_1x4x2_neonbf16/8/380/real_time",,,,,,,,false,"Unsupported hardware",4,8,4,,,,2,1,4
"dot/dot_bf16_bf16_fp32_8x4x4_1x4x2_neonbf16/8/568/real_time",,,,,,,,false,"Unsupported hardware",4,8,4,,,,2,1,4
"dot/dot_bf16_bf16_fp32_8x4x4_1x4x2_neonbf16/8/760/real_time",,,,,,,,false,"Unsupported hardware",4,8,4,,,,2,1,4
"dot/dot_bf16_bf16_fp32_8x4x4_1x4x2_neonbf16/16/4/real_time",,,,,,,,false,"Unsupported hardware",4,8,4,,,,2,1,4
"dot/dot_bf16_bf16_fp32_8x4x4_1x4x2_neonbf16/16/124/real_time",,,,,,,,false,"Unsupported hardware",4,8,4,,,,2,1,4
"dot/dot_bf16_bf16_fp32_8x4x4_1x4x2_neonbf16/16/248/real_time",,,,,,,,false,"Unsupported hardware",4,8,4,,,,2,1,4
"dot/dot_bf16_bf16_fp32_8x4x4_1x4x2_neonbf16/16/372/real_time",,,,,,,,false,"Unsupported hardware",4,8,4,,,,2,1,4
"dot/dot_bf16_bf16_fp32_8x4x4_1x4x2_neonbf16/16/500/real_time",,,,,,,,false,"Unsupported hardware",4,8,4,,,,2,1,4
"dot/dot_bf16_bf16_fp32_8x4x4_1x4x2_neonbf16/32/4/real_time",,,,,,,,false,"Unsupported hardware",4,8,4,,,,2,1,4
"dot/dot_bf16_bf16_fp32_8x4x4_1x4x2_neonbf16/32/72/real_time",,,,,,,,false,"Unsupported hardware",4,8,4,,,,2,1,4
"dot/dot_bf16_bf16_fp32_8x4x4_1x4x2_neonbf16/32/144/real_time",,,,,,,,false,"Unsupported hardware",4,8,4,,,,2,1,4
"dot/dot_bf16_bf16_fp32_8x4x4_1x4x2_neonbf16/32/216/real_time",,,,,,,,false,"Unsupported hardware",4,8,4,,,,2,1,4
"dot/dot_bf16_bf16_fp32_8x4x4_1x4x2_neonbf16/32/292/real_time",,,,,,,,false,"Unsupported hardware",4,8,4,,,,2,1,4
"dot/dot_fp32_1x64x4_1x4x1_neon/64/4/real_time",4751568,29.4778,29.4083,ns,,,"1x64x4",,,4,1,64,4,1,64,1,1,4
"dot/dot_fp32_1x64x4_1x4x1_neon/64/20/real_time",1827207,77.2151,77.0394,ns,,,"1x64x20",,,4,1,64,20,1,64,1,1,4
"dot/dot_fp32_1x64x4_1x4x1_neon/64/44/real_time",862375,162.447,162.11,ns,,,"1x64x44",,,4,1,64,44,1,64,1,1,4
"dot/dot_fp32_1x64x4_1x4x1_neon/64/68/real_time",574857,244.091,243.547,ns,,,"1x64x68",,,4,1,64,68,1,64,1,1,4
"dot/dot_fp32_1x64x4_1x4x1_neon/64/92/real_time",429204,325.444,324.658,ns,,,"1x64x92",,,4,1,64,92,1,64,1,1,4
"dot/dot_fp32_1x64x4_1x4x1_neon/128/4/real_time",2849648,49.5994,49.4999,ns,,,"1x128x4",,,4,1,64,4,1,128,1,1,4
"dot/dot_fp32_1x64x4_1x4x1_neon/128/8/real_time",1921116,72.1707,72.0223,ns,,,"1x128x8",,,4,1,64,8,1,128,1,1,4
"dot/dot_fp32_1x64x4_1x4x1_neon/128/20/real_time",933575,149.629,149.311,ns,,,"1x128x20",,,4,1,64,20,1,128,1,1,4
"dot/dot_fp32_1x64x4_1x4x1_neon/128/32/real_time",600896,233.713,233.249,ns,,,"1x128x32",,,4,1,64,32,1,128,1,1,4
"dot/dot_fp32_1x64x4_1x4x1_neon/128/44/real_time",440877,317.967,317.321,ns,,,"1x128x44",,,4,1,64,44,1,128,1,1,4
"dot/dot_fp32_1x64x4_1x4x1_neon/256/4/real_time",1546334,89.5209,89.3456,ns,,,"1x256x4",,,4,1,64,4,1,256,1,1,4
"dot/dot_fp32_1x64x4_1x4x1_neon/256/8/real_time",1026628,136.989,136.723,ns,,,"1x256x8",,,4,1,64,8,1,256,1,1,4
"dot/dot_fp32_1x64x4_1x4x1_neon/256/12/real_time",757845,184.327,183.942,ns,,,"1x256x12",,,4,1,64,12,1,256,1,1,4
"dot/dot_fp32_1x64x4_1x4x1_neon/256/20/real_time",478127,292.62,291.908,ns,,,"1x256x20",,,4,1,64,20,1,256,1,1,4
"dot/dot_fp32_1x64x4_1x4x1_neon/512/4/real_time",835247,168.764,168.443,ns,,,"1x512x4",,,4,1,64,4,1,512,1,1,4
"dot/dot_fp32_1x64x4_1x4x1_neon/512/8/real_time",523546,266.666,266.108,ns,,,"1x512x8",,,4,1,64,8,1,512,1,1,4
"dot/dot_fp32_1x32x4_1x4x1_neon/32/4/real_time",5985547,23.388,23.3387,ns,,,"1x32x4",,,4,1,32,4,1,32,1,1,4
"dot/dot_fp32_1x32x4_1x4x1_neon/32/44/real_time",1644902,84.9188,84.7687,ns,,,"1x32x44",,,4,1,32,44,1,32,1,1,4
"dot/dot_fp32_1x32x4_1x4x1_neon/32/92/real_time",817686,171.132,170.791,ns,,,"1x32x92",,,4,1,32,92,1,32,1,1,4
"dot/dot_fp32_1x32x4_1x4x1_neon/32/136/real_time",568466,246.178,245.706,ns,,,"1x32x136",,,4,1,32,136,1,32,1,1,4
"dot/dot_fp32_1x32x4_1x4x1_neon/32/184/real_time",422823,331.078,330.399,ns,,,"1x32x184",,,4,1,32,184,1,32,1,1,4
"dot/dot_fp32_1x32x4_1x4x1_neon/64/4/real_time",4016410,34.9086,34.8399,ns,,,"1x64x4",,,4,1,32,4,1,64,1,1,4
"dot/dot_fp32_1x32x4_1x4x1_neon/64/20/real_time",1672251,84.1678,84.0056,ns,,,"1x64x20",,,4,1,32,20,1,64,1,1,4
"dot/dot_fp32_1x32x4_1x4x1_neon/64/44/real_time",853405,163.747,163.405,ns,,,"1x64x44",,,4,1,32,44,1,64,1,1,4
"dot/dot_fp32_1x32x4_1x4x1_neon/64/68/real_time",561431,249.07,248.526,ns,,,"1x64x68",,,4,1,32,68,1,64,1,1,4
"dot/dot_fp32_1x32x4_1x4x1_neon/64/92/real_time",418534,334.658,334.029,ns,,,"1x64x92",,,4,1,32,92,1,64,1,1,4
"dot/dot_fp32_1x32x4_1x4x1_neon/128/4/real_time",2373730,58.9717,58.8499,ns,,,"1x128x4",,,4,1,32,4,1,128,1,1,4
"dot/dot_fp32_1x32x4_1x4x1_neon/128/8/real_time",1649905,81.7881,81.6107,ns,,,"1x128x8",,,4,1,32,8,1,128,1,1,4
"dot/dot_fp32_1x32x4_1x4x1_neon/128/20/real_time",870656,158.607,158.302,ns,,,"1x128x20",,,4,1,32,20,1,128,1,1,4
"dot/dot_fp32_1x32x4_1x4x1_neon/128/32/real_time",588717,236.921,236.409,ns,,,"1x128x32",,,4,1,32,32,1,128,1,1,4
"dot/dot_fp32_1x32x4_1x4x1_neon/128/44/real_time",436793,320.981,320.223,ns,,,"1x128x44",,,4,1,32,44,1,128,1,1,4
"dot/dot_fp32_1x32x4_1x4x1_neon/256/4/real_time",1312218,106.746,106.53,ns,,,"1x256x4",,,4,1,32,4,1,256,1,1,4
"dot/dot_fp32_1x32x4_1x4x1_neon/256/8/real_time",865698,161.828,161.484,ns,,,"1x256x8",,,4,1,32,8,1,256,1,1,4
"dot/dot_fp32_1x32x4_1x4x1_neon/256/12/real_time",651461,214.442,214.023,ns,,,"1x256x12",,,4,1,32,12,1,256,1,1,4
"dot/dot_fp32_1x32x4_1x4x1_neon/256/20/real_time",450697,315.37,314.764,ns,,,"1x256x20",,,4,1,32,20,1,256,1,1,4
"dot/dot_fp32_2x32x4_1x4x1_neon/32/4/real_time",4654843,30.0677,30.0076,ns,,,"2x32x4",,,4,2,32,4,2,32,1,1,4
"dot/dot_fp32_2x32x4_1x4x1_neon/32/44/real_time",985544,141.171,140.881,ns,,,"2x32x44",,,4,2,32,44,2,32,1,1,4
"dot/dot_fp32_2x32x4_1x4x1_neon/32/88/real_time",532849,263.384,262.894,ns,,,"2x32x88",,,4,2,32,88,2,32,1,1,4
"dot/dot_fp32_2x32x4_1x4x1_neon/32/132/real_time",361693,387.97,387.157,ns,,,"2x32x132",,,4,2,32,132,2,32,1,1,4
"dot/dot_fp32_2x32x4_1x4x1_neon/32/176/real_time",269293,520.661,519.591,ns,,,"2x32x176",,,4,2,32,176,2,32,1,1,4
"dot/dot_fp32_2x32x4_1x4x1_neon/64/4/real_time",2831175,49.4386,49.3453,ns,,,"2x64x4",,,4,2,32,4,2,64,1,1,4
"dot/dot_fp32_2x32x4_1x4x1_neon/64/20/real_time",1007151,138.953,138.694,ns,,,"2x64x20",,,4,2,32,20,2,64,1,1,4
"dot/dot_fp32_2x32x4_1x4x1_neon/64/44/real_time",518848,269.828,269.253,ns,,,"2x64x44",,,4,2,32,44,2,64,1,1,4
"dot/dot_fp32_2x32x4_1x4x1_neon/64/64/real_time",367192,381.07,380.384,ns,,,"2x64x64",,,4,2,32,64,2,64,1,1,4
"dot/dot_fp32_2x32x4_1x4x1_neon/64/88/real_time",271493,519.48,518.498,ns,,,"2x64x88",,,4,2,32,88,2,64,1,1,4
"dot/dot_fp32_2x32x4_1x4x1_neon/128/4/real_time",1618573,86.4657,86.3023,ns,,,"2x128x4",,,4,2,32,4,2,128,1,1,4
"dot/dot_fp32_2x32x4_1x4x1_neon/128/8/real_time",1072084,130.614,130.379,ns,,,"2x128x8",,,4,2,32,8,2,128,1,1,4
"dot/dot_fp32_2x32x4_1x4x1_neon/128/20/real_time",535511,261.411,260.91,ns,,,"2x128x20",,,4,2,32,20,2,128,1,1,4
"dot/dot_fp32_2x32x4_1x4x1_neon/128/32/real_time",353697,395.816,395.035,ns,,,"2x128x32",,,4,2,32,32,2,128,1,1,4
"dot/dot_fp32_2x32x4_1x4x1_neon/128/44/real_time",265020,528.391,527.265,ns,,,"2x128x44",,,4,2,32,44,2,128,1,1,4
"dot/dot_fp32_2x32x4_1x4x1_neon/256/4/real_time",871377,160.68,160.373,ns,,,"2x256x4",,,4,2,32,4,2,256,1,1,4
"dot/dot_fp32_2x32x4_1x4x1_neon/256/8/real_time",552132,254.065,253.584,ns,,,"2x256x8",,,4,2,32,8,2,256,1,1,4
"dot/dot_fp32_2x32x4_1x4x1_neon/256/12/real_time",415439,337.164,336.491,ns,,,"2x256x12",,,4,2,32,12,2,256,1,1,4
"dot/dot_fp32_2x32x4_1x4x1_neon/256/20/real_time",272322,514.255,513.153,ns,,,"2x256x20",,,4,2,32,20,2,256,1,1,4
"dot/dot_fp32_3x32x4_1x4x1_neon/32/4/real_time",3345278,41.8284,41.7501,ns,,,"3x32x4",,,4,3,32,4,3,32,1,1,4
"dot/dot_fp32_3x32x4_1x4x1_neon/32/40/real_time",751067,186.288,185.879,ns,,,"3x32x40",,,4,3,32,40,3,32,1,1,4
"dot/dot_fp32_3x32x4_1x4x1_neon/32/84/real_time",385201,363.504,362.744,ns,,,"3x32x84",,,4,3,32,84,3,32,1,1,4
"dot/dot_fp32_3x32x4_1x4x1_neon/32/128/real_time",259421,539.65,538.627,ns,,,"3x32x128",,,4,3,32,128,3,32,1,1,4
"dot/dot_fp32_3x32x4_1x4x1_neon/32/172/real_time",195475,716.112,714.703,ns,,,"3x32x172",,,4,3,32,172,3,32,1,1,4
"dot/dot_fp32_3x32x4_1x4x1_neon/64/4/real_time",2005082,69.8352,69.6879,ns,,,"3x64x4",,,4,3,32,4,3,64,1,1,4
"dot/dot_fp32_3x32x4_1x4x1_neon/64/20/real_time",706570,198.039,197.624,ns,,,"3x64x20",,,4,3,32,20,3,64,1,1,4
"dot/dot_fp32_3x32x4_1x4x1_neon/64/44/real_time",358057,390.957,390.213,ns,,,"3x64x44",,,4,3,32,44,3,64,1,1,4
"dot/dot_fp32_3x32x4_1x4x1_neon/64/64/real_time",253269,553.295,552.328,ns,,,"3x64x64",,,4,3,32,64,3,64,1,1,4
"dot/dot_fp32_3x32x4_1x4x1_neon/64/88/real_time",187559,746.244,744.921,ns,,,"3x64x88",,,4,3,32,88,3,64,1,1,4
"dot/dot_fp32_3x32x4_1x4x1_neon/128/4/real_time",1110364,126.127,125.866,ns,,,"3x128x4",,,4,3,32,4,3,128,1,1,4
"dot/dot_fp32_3x32x4_1x4x1_neon/128/8/real_time",719854,194.433,194.049,ns,,,"3x128x8",,,4,3,32,8,3,128,1,1,4
"dot/dot_fp32_3x32x4_1x4x1_neon/128/20/real_time",361415,386.521,385.759,ns,,,"3x128x20",,,4,3,32,20,3,128,1,1,4
"dot/dot_fp32_3x32x4_1x4x1_neon/128/28/real_time",266368,535.983,534.957,ns,,,"3x128x28",,,4,3,32,28,3,128,1,1,4
"dot/dot_fp32_3x32x4_1x4x1_neon/128/40/real_time",195295,716.177,714.735,ns,,,"3x128x40",,,4,3,32,40,3,128,1,1,4
"dot/dot_fp32_3x32x4_1x4x1_neon/256/4/real_time",587771,238.151,237.726,ns,,,"3x256x4",,,4,3,32,4,3,256,1,1,4
"dot/dot_fp32_3x32x4_1x4x1_neon/256/8/real_time",367135,383.081,382.309,ns,,,"3x256x8",,,4,3,32,8,3,256,1,1,4
"dot/dot_fp32_3x32x4_1x4x1_neon/256/12/real_time",262418,533.584,532.514,ns,,,"3x256x12",,,4,3,32,12,3,256,1,1,4
"dot/dot_fp32_3x32x4_1x4x1_neon/256/20/real_time",173003,809.222,807.678,ns,,,"3x256x20",,,4,3,32,20,3,256,1,1,4
"dot/dot_fp32_1x16x4_1x4x1_neon/16/4/real_time",7973411,17.5333,17.5003,ns,,,"1x16x4",,,4,1,16,4,1,16,1,1,4
"dot/dot_fp32_1x16x4_1x4x1_neon/16/88/real_time",1603016,87.1115,86.9526,ns,,,"1x16x88",,,4,1,16,88,1,16,1,1,4
"dot/dot_fp32_1x16x4_1x4x1_neon/16/180/real_time",821355,170.084,169.733,ns,,,"1x16x180",,,4,1,16,180,1,16,1,1,4
"dot/dot_fp32_1x16x4_1x4x1_neon/16/268/real_time",538833,258.521,258.037,ns,,,"1x16x268",,,4,1,16,268,1,16,1,1,4
"dot/dot_fp32_1x16x4_1x4x1_neon/16/360/real_time",412371,339.529,338.868,ns,,,"1x16x360",,,4,1,16,360,1,16,1,1,4
"dot/dot_fp32_1x16x4_1x4x1_neon/32/4/real_time",5770664,24.2909,24.2399,ns,,,"1x32x4",,,4,1,16,4,1,32,1,1,4
"dot/dot_fp32_1x16x4_1x4x1_neon/32/44/real_time",1519537,91.965,91.7821,ns,,,"1x32x44",,,4,1,16,44,1,32,1,1,4
"dot/dot_fp32_1x16x4_1x4x1_neon/32/92/real_time",815552,172.093,171.648,ns,,,"1x32x92",,,4,1,16,92,1,32,1,1,4
"dot/dot_fp32_1x16x4_1x4x1_neon/32/136/real_time",522037,267.95,267.331,ns,,,"1x32x136",,,4,1,16,136,1,32,1,1,4
"dot/dot_fp32_1x16x4_1x4x1_neon/32/184/real_time",409217,342.076,341.332,ns,,,"1x32x184",,,4,1,16,184,1,32,1,1,4
"dot/dot_fp32_1x16x4_1x4x1_neon/64/4/real_time",3509835,39.9051,39.8073,ns,,,"1x64x4",,,4,1,16,4,1,64,1,1,4
"dot/dot_fp32_1x16x4_1x4x1_neon/64/20/real_time",1475578,95.1509,94.9378,ns,,,"1x64x20",,,4,1,16,20,1,64,1,1,4
"dot/dot_fp32_1x16x4_1x4x1_neon/64/44/real_time",808568,174.001,173.561,ns,,,"1x64x44",,,4,1,16,44,1,64,1,1,4
"dot/dot_fp32_1x16x4_1x4x1_neon/64/68/real_time",512364,274.351,273.77,ns,,,"1x64x68",,,4,1,16,68,1,64,1,1,4
"dot/dot_fp32_1x16x4_1x4x1_neon/64/92/real_time",407458,343.359,342.601,ns,,,"1x64x92",,,4,1,16,92,1,64,1,1,4
"dot/dot_fp32_1x16x4_1x4x1_neon/128/4/real_time",1962886,71.4214,71.2444,ns,,,"1x128x4",,,4,1,16,4,1,128,1,1,4
"dot/dot_fp32_1x16x4_1x4x1_neon/128/8/real_time",1387469,102.901,102.685,ns,,,"1x128x8",,,4,1,16,8,1,128,1,1,4
"dot/dot_fp32_1x16x4_1x4x1_neon/128/20/real_time",769659,183.939,183.523,ns,,,"1x128x20",,,4,1,16,20,1,128,1,1,4
"dot/dot_fp32_1x16x4_1x4x1_neon/128/32/real_time",531288,263.504,262.924,ns,,,"1x128x32",,,4,1,16,32,1,128,1,1,4
"dot/dot_fp32_1x16x4_1x4x1_neon/128/44/real_time",387358,360.167,359.434,ns,,,"1x128x44",,,4,1,16,44,1,128,1,1,4
"dot/dot_fp32_2x16x4_1x4x1_neon/16/4/real_time",6074829,22.9858,22.9371,ns,,,"2x16x4",,,4,2,16,4,2,16,1,1,4
"dot/dot_fp32_2x16x4_1x4x1_neon/16/84/real_time",1019457,139.548,139.241,ns,,,"2x16x84",,,4,2,16,84,2,16,1,1,4
"dot/dot_fp32_2x16x4_1x4x1_neon/16/168/real_time",528911,264.757,264.157,ns,,,"2x16x168",,,4,2,16,168,2,16,1,1,4
"dot/dot_fp32_2x16x4_1x4x1_neon/16/252/real_time",361673,387.063,386.203,ns,,,"2x16x252",,,4,2,16,252,2,16,1,1,4
"dot/dot_fp32_2x16x4_1x4x1_neon/16/336/real_time",273591,511.605,510.471,ns,,,"2x16x336",,,4,2,16,336,2,16,1,1,4
"dot/dot_fp32_2x16x4_1x4x1_neon/32/4/real_time",3910475,35.4711,35.3973,ns,,,"2x32x4",,,4,2,16,4,2,32,1,1,4
"dot/dot_fp32_2x16x4_1x4x1_neon/32/44/real_time",917085,152.361,152.059,ns,,,"2x32x44",,,4,2,16,44,2,32,1,1,4
"dot/dot_fp32_2x16x4_1x4x1_neon/32/88/real_time",494791,282.113,281.521,ns,,,"2x32x88",,,4,2,16,88,2,32,1,1,4
"dot/dot_fp32_2x16x4_1x4x1_neon/32/132/real_time",340214,412.068,411.303,ns,,,"2x32x132",,,4,2,16,132,2,32,1,1,4
"dot/dot_fp32_2x16x4_1x4x1_neon/32/176/real_time",255160,554.065,552.996,ns,,,"2x32x176",,,4,2,16,176,2,32,1,1,4
"dot/dot_fp32_2x16x4_1x4x1_neon/64/4/real_time",2379806,58.5915,58.4684,ns,,,"2x64x4",,,4,2,16,4,2,64,1,1,4
"dot/dot_fp32_2x16x4_1x4x1_neon/64/20/real_time",919574,152.787,152.444,ns,,,"2x64x20",,,4,2,16,20,2,64,1,1,4
"dot/dot_fp32_2x16x4_1x4x1_neon/64/44/real_time",477554,292.118,291.496,ns,,,"2x64x44",,,4,2,16,44,2,64,1,1,4
"dot/dot_fp32_2x16x4_1x4x1_neon/64/64/real_time",340896,410.89,410.04,ns,,,"2x64x64",,,4,2,16,64,2,64,1,1,4
"dot/dot_fp32_2x16x4_1x4x1_neon/64/88/real_time",254741,549.581,548.518,ns,,,"2x64x88",,,4,2,16,88,2,64,1,1,4
"dot/dot_fp32_2x16x4_1x4x1_neon/128/4/real_time",1332831,105.107,104.889,ns,,,"2x128x4",,,4,2,16,4,2,128,1,1,4
"dot/dot_fp32_2x16x4_1x4x1_neon/128/8/real_time",885068,158.039,157.707,ns,,,"2x128x8",,,4,2,16,8,2,128,1,1,4
"dot/dot_fp32_2x16x4_1x4x1_neon/128/20/real_time",470764,297.581,296.916,ns,,,"2x128x20",,,4,2,16,20,2,128,1,1,4
"dot/dot_fp32_2x16x4_1x4x1_neon/128/32/real_time",316528,439.24,438.173,ns,,,"2x128x32",,,4,2,16,32,2,128,1,1,4
"dot/dot_fp32_2x16x4_1x4x1_neon/128/44/real_time",241641,579.468,577.888,ns,,,"2x128x44",,,4,2,16,44,2,128,1,1,4
"dot/dot_fp32_3x16x4_1x4x1_neon/16/4/real_time",4883419,28.6326,28.5677,ns,,,"3x16x4",,,4,3,16,4,3,16,1,1,4
"dot/dot_fp32_3x16x4_1x4x1_neon/16/80/real_time",741312,189.091,188.671,ns,,,"3x16x80",,,4,3,16,80,3,16,1,1,4
"dot/dot_fp32_3x16x4_1x4x1_neon/16/160/real_time",389891,359.194,358.435,ns,,,"3x16x160",,,4,3,16,160,3,16,1,1,4
"dot/dot_fp32_3x16x4_1x4x1_neon/16/240/real_time",264538,526.343,525.247,ns,,,"3x16x240",,,4,3,16,240,3,16,1,1,4
"dot/dot_fp32_3x16x4_1x4x1_neon/16/320/real_time",200293,698.877,697.299,ns,,,"3x16x320",,,4,3,16,320,3,16,1,1,4
"dot/dot_fp32_3x16x4_1x4x1_neon/32/4/real_time",3044969,45.7269,45.6391,ns,,,"3x32x4",,,4,3,16,4,3,32,1,1,4
"dot/dot_fp32_3x16x4_1x4x1_neon/32/40/real_time",714483,195.949,195.582,ns,,,"3x32x40",,,4,3,16,40,3,32,1,1,4
"dot/dot_fp32_3x16x4_1x4x1_neon/32/84/real_time",365721,382.714,381.877,ns,,,"3x32x84",,,4,3,16,84,3,32,1,1,4
"dot/dot_fp32_3x16x4_1x4x1_neon/32/128/real_time",246401,567.946,566.831,ns,,,"3x32x128",,,4,3,16,128,3,32,1,1,4
"dot/dot_fp32_3x16x4_1x4x1_neon/32/172/real_time",185661,754.268,752.741,ns,,,"3x32x172",,,4,3,16,172,3,32,1,1,4
"dot/dot_fp32_3x16x4_1x4x1_neon/64/4/real_time",1818487,77.0486,76.8824,ns,,,"3x64x4",,,4,3,16,4,3,64,1,1,4
"dot/dot_fp32_3x16x4_1x4x1_neon/64/20/real_time",658394,212.407,212.003,ns,,,"3x64x20",,,4,3,16,20,3,64,1,1,4
"dot/dot_fp32_3x16x4_1x4x1_neon/64/44/real_time",337908,414.259,413.36,ns,,,"3x64x44",,,4,3,16,44,3,64,1,1,4
"dot/dot_fp32_3x16x4_1x4x1_neon/64/64/real_time",240548,581.903,580.703,ns,,,"3x64x64",,,4,3,16,64,3,64,1,1,4
"dot/dot_fp32_3x16x4_1x4x1_neon/64/88/real_time",178514,784.357,782.638,ns,,,"3x64x88",,,4,3,16,88,3,64,1,1,4
"dot/dot_fp32_3x16x4_1x4x1_neon/128/4/real_time",983668,142.072,141.797,ns,,,"3x128x4",,,4,3,16,4,3,128,1,1,4
"dot/dot_fp32_3x16x4_1x4x1_neon/128/8/real_time",662978,212.59,212.159,ns,,,"3x128x8",,,4,3,16,8,3,128,1,1,4
"dot/dot_fp32_3x16x4_1x4x1_neon/128/20/real_time",337264,413.03,412.077,ns,,,"3x128x20",,,4,3,16,20,3,128,1,1,4
"dot/dot_fp32_3x16x4_1x4x1_neon/128/28/real_time",253840,547.995,546.92,ns,,,"3x128x28",,,4,3,16,28,3,128,1,1,4
"dot/dot_fp32_3x16x4_1x4x1_neon/128/40/real_time",187655,747.619,746.002,ns,,,"3x128x40",,,4,3,16,40,3,128,1,1,4
"dot/dot_fp32_4x16x4_1x4x1_neon/16/4/real_time",4189680,33.4171,33.3419,ns,,,"4x16x4",,,4,4,16,4,4,16,1,1,4
"dot/dot_fp32_4x16x4_1x4x1_neon/16/76/real_time",602875,232.133,231.685,ns,,,"4x16x76",,,4,4,16,76,4,16,1,1,4
"dot/dot_fp32_4x16x4_1x4x1_neon/16/152/real_time",315211,444.229,443.327,ns,,,"4x16x152",,,4,4,16,152,4,16,1,1,4
"dot/dot_fp32_4x16x4_1x4x1_neon/16/228/real_time",214093,653.696,652.292,ns,,,"4x16x228",,,4,4,16,228,4,16,1,1,4
"dot/dot_fp32_4x16x4_1x4x1_neon/16/304/real_time",162259,862.996,861.105,ns,,,"4x16x304",,,4,4,16,304,4,16,1,1,4
"dot/dot_fp32_4x16x4_1x4x1_neon/32/4/real_time",2572072,54.5698,54.4648,ns,,,"4x32x4",,,4,4,16,4,4,32,1,1,4
"dot/dot_fp32_4x16x4_1x4x1_neon/32/40/real_time",553305,252.913,252.426,ns,,,"4x32x40",,,4,4,16,40,4,32,1,1,4
"dot/dot_fp32_4x16x4_1x4x1_neon/32/80/real_time",294302,475.775,474.827,ns,,,"4x32x80",,,4,4,16,80,4,32,1,1,4
"dot/dot_fp32_4x16x4_1x4x1_neon/32/120/real_time",199904,700.092,698.649,ns,,,"4x32x120",,,4,4,16,120,4,32,1,1,4
"dot/dot_fp32_4x16x4_1x4x1_neon/32/164/real_time",148452,943.072,941.037,ns,,,"4x32x164",,,4,4,16,164,4,32,1,1,4
"dot/dot_fp32_4x16x4_1x4x1_neon/64/4/real_time",1452148,96.516,96.317,ns,,,"4x64x4",,,4,4,16,4,4,64,1,1,4
"dot/dot_fp32_4x16x4_1x4x1_neon/64/20/real_time",512321,273.265,272.74,ns,,,"4x64x20",,,4,4,16,20,4,64,1,1,4
"dot/dot_fp32_4x16x4_1x4x1_neon/64/40/real_time",282859,494.636,493.637,ns,,,"4x64x40",,,4,4,16,40,4,64,1,1,4
"dot/dot_fp32_4x16x4_1x4x1_neon/64/60/real_time",196206,713.596,712.067,ns,,,"4x64x60",,,4,4,16,60,4,64,1,1,4
"dot/dot_fp32_4x16x4_1x4x1_neon/64/84/real_time",141936,986.656,984.507,ns,,,"4x64x84",,,4,4,16,84,4,64,1,1,4
"dot/dot_fp32_4x16x4_1x4x1_neon/128/4/real_time",772996,180.918,180.562,ns,,,"4x128x4",,,4,4,16,4,4,128,1,1,4
"dot/dot_fp32_4x16x4_1x4x1_neon/128/8/real_time",504130,277.004,276.41,ns,,,"4x128x8",,,4,4,16,8,4,128,1,1,4
"dot/dot_fp32_4x16x4_1x4x1_neon/128/20/real_time",260159,537.974,536.849,ns,,,"4x128x20",,,4,4,16,20,4,128,1,1,4
"dot/dot_fp32_4x16x4_1x4x1_neon/128/28/real_time",196789,711.348,709.877,ns,,,"4x128x28",,,4,4,16,28,4,128,1,1,4
"dot/dot_fp32_4x16x4_1x4x1_neon/128/40/real_time",142321,984.126,981.962,ns,,,"4x128x40",,,4,4,16,40,4,128,1,1,4
"dot/dot_fp32_5x16x4_1x4x1_neon/16/4/real_time",3604224,38.8321,38.759,ns,,,"5x16x4",,,4,5,16,4,5,16,1,1,4
"dot/dot_fp32_5x16x4_1x4x1_neon/16/72/real_time",512693,269.417,268.86,ns,,,"5x16x72",,,4,5,16,72,5,16,1,1,4
"dot/dot_fp32_5x16x4_1x4x1_neon/16/144/real_time",271664,524.887,523.777,ns,,,"5x16x144",,,4,5,16,144,5,16,1,1,4
"dot/dot_fp32_5x16x4_1x4x1_neon/16/216/real_time",180790,755.04,753.488,ns,,,"5x16x216",,,4,5,16,216,5,16,1,1,4
"dot/dot_fp32_5x16x4_1x4x1_neon/16/288/real_time",136790,1023.33,1021.3,ns,,,"5x16x288",,,4,5,16,288,5,16,1,1,4
"dot/dot_fp32_5x16x4_1x4x1_neon/32/4/real_time",2154883,64.344,64.2122,ns,,,"5x32x4",,,4,5,16,4,5,32,1,1,4
"dot/dot_fp32_5x16x4_1x4x1_neon/32/40/real_time",453745,313.923,313.22,ns,,,"5x32x40",,,4,5,16,40,5,32,1,1,4
"dot/dot_fp32_5x16x4_1x4x1_neon/32/80/real_time",236739,588.097,586.957,ns,,,"5x32x80",,,4,5,16,80,5,32,1,1,4
"dot/dot_fp32_5x16x4_1x4x1_neon/32/120/real_time",164115,861.712,859.938,ns,,,"5x32x120",,,4,5,16,120,5,32,1,1,4
"dot/dot_fp32_5x16x4_1x4x1_neon/32/160/real_time",125936,1118.66,1116.17,ns,,,"5x32x160",,,4,5,16,160,5,32,1,1,4
"dot/dot_fp32_5x16x4_1x4x1_neon/64/4/real_time",1189796,116.223,115.973,ns,,,"5x64x4",,,4,5,16,4,5,64,1,1,4
"dot/dot_fp32_5x16x4_1x4x1_neon/64/20/real_time",413362,337.646,336.96,ns,,,"5x64x20",,,4,5,16,20,5,64,1,1,4
"dot/dot_fp32_5x16x4_1x4x1_neon/64/40/real_time",226998,617.59,616.289,ns,,,"5x64x40",,,4,5,16,40,5,64,1,1,4
"dot/dot_fp32_5x16x4_1x4x1_neon/64/60/real_time",156621,868.493,866.702,ns,,,"5x64x60",,,4,5,16,60,5,64,1,1,4
"dot/dot_fp32_5x16x4_1x4x1_neon/64/84/real_time",114222,1218.19,1215.67,ns,,,"5x64x84",,,4,5,16,84,5,64,1,1,4
"dot/dot_fp32_5x16x4_1x4x1_neon/128/4/real_time",651742,214.456,214.009,ns,,,"5x128x4",,,4,5,16,4,5,128,1,1,4
"dot/dot_fp32_5x16x4_1x4x1_neon/128/8/real_time",426909,335.853,335.158,ns,,,"5x128x8",,,4,5,16,8,5,128,1,1,4
"dot/dot_fp32_5x16x4_1x4x1_neon/128/20/real_time",206481,675.009,673.552,ns,,,"5x128x20",,,4,5,16,20,5,128,1,1,4
"dot/dot_fp32_5x16x4_1x4x1_neon/128/28/real_time",153975,908.885,906.994,ns,,,"5x128x28",,,4,5,16,28,5,128,1,1,4
"dot/dot_fp32_5x16x4_1x4x1_neon/128/40/real_time",111704,1253.06,1250.34,ns,,,"5x128x40",,,4,5,16,40,5,128,1,1,4
"dot/dot_fp32_1x8x4_1x4x1_neon/8/4/real_time",8590201,16.2908,16.2582,ns,,,"1x8x4",,,4,1,8,4,1,8,1,1,4
"dot/dot_fp32_1x8x4_1x4x1_neon/8/168/real_time",1113717,125.777,125.524,ns,,,"1x8x168",,,4,1,8,168,1,8,1,1,4
"dot/dot_fp32_1x8x4_1x4x1_neon/8/340/real_time",584454,239.73,239.245,ns,,,"1x8x340",,,4,1,8,340,1,8,1,1,4
"dot/dot_fp32_1x8x4_1x4x1_neon/8/508/real_time",395897,353.2,352.453,ns,,,"1x8x508",,,4,1,8,508,1,8,1,1,4
"dot/dot_fp32_1x8x4_1x4x1_neon/8/680/real_time",298749,468.358,467.423,ns,,,"1x8x680",,,4,1,8,680,1,8,1,1,4
"dot/dot_fp32_1x8x4_1x4x1_neon/16/4/real_time",6314202,22.1592,22.115,ns,,,"1x16x4",,,4,1,8,4,1,16,1,1,4
"dot/dot_fp32_1x8x4_1x4x1_neon/16/88/real_time",1062602,131.402,131.14,ns,,,"1x16x88",,,4,1,8,88,1,16,1,1,4
"dot/dot_fp32_1x8x4_1x4x1_neon/16/180/real_time",546077,255.815,255.321,ns,,,"1x16x180",,,4,1,8,180,1,16,1,1,4
"dot/dot_fp32_1x8x4_1x4x1_neon/16/268/real_time",373573,374.723,373.896,ns,,,"1x16x268",,,4,1,8,268,1,16,1,1,4
"dot/dot_fp32_1x8x4_1x4x1_neon/16/360/real_time",280983,498.399,497.333,ns,,,"1x16x360",,,4,1,8,360,1,16,1,1,4
"dot/dot_fp32_1x8x4_1x4x1_neon/32/4/real_time",3900782,35.7342,35.659,ns,,,"1x32x4",,,4,1,8,4,1,32,1,1,4
"dot/dot_fp32_1x8x4_1x4x1_neon/32/44/real_time",1046673,133.495,133.237,ns,,,"1x32x44",,,4,1,8,44,1,32,1,1,4
"dot/dot_fp32_1x8x4_1x4x1_neon/32/92/real_time",532048,263.758,263.216,ns,,,"1x32x92",,,4,1,8,92,1,32,1,1,4
"dot/dot_fp32_1x8x4_1x4x1_neon/32/136/real_time",366442,382.133,381.311,ns,,,"1x32x136",,,4,1,8,136,1,32,1,1,4
"dot/dot_fp32_1x8x4_1x4x1_neon/32/184/real_time",274087,510.976,509.93,ns,,,"1x32x184",,,4,1,8,184,1,32,1,1,4
"dot/dot_fp32_1x8x4_1x4x1_neon/64/4/real_time",2216995,63.1755,63.0526,ns,,,"1x64x4",,,4,1,8,4,1,64,1,1,4
"dot/dot_fp32_1x8x4_1x4x1_neon/64/20/real_time",1040725,134.093,133.839,ns,,,"1x64x20",,,4,1,8,20,1,64,1,1,4
"dot/dot_fp32_1x8x4_1x4x1_neon/64/44/real_time",534429,261.709,261.156,ns,,,"1x64x44",,,4,1,8,44,1,64,1,1,4
"dot/dot_fp32_1x8x4_1x4x1_neon/64/68/real_time",359491,389.201,388.503,ns,,,"1x64x68",,,4,1,8,68,1,64,1,1,4
"dot/dot_fp32_1x8x4_1x4x1_neon/64/92/real_time",266411,525.63,524.495,ns,,,"1x64x92",,,4,1,8,92,1,64,1,1,4
"dot/dot_fp32_4x8x4_1x4x1_neon/8/4/real_time",4928815,28.4019,28.3396,ns,,,"4x8x4",,,4,4,8,4,4,8,1,1,4
"dot/dot_fp32_4x8x4_1x4x1_neon/8/124/real_time",728114,193.13,192.705,ns,,,"4x8x124",,,4,4,8,124,4,8,1,1,4
"dot/dot_fp32_4x8x4_1x4x1_neon/8/252/real_time",378708,369.616,368.872,ns,,,"4x8x252",,,4,4,8,252,4,8,1,1,4
"dot/dot_fp32_4x8x4_1x4x1_neon/8/380/real_time",256054,546.365,545.213,ns,,,"4x8x380",,,4,4,8,380,4,8,1,1,4
"dot/dot_fp32_4x8x4_1x4x1_neon/8/508/real_time",193774,722.547,721.134,ns,,,"4x8x508",,,4,4,8,508,4,8,1,1,4
"dot/dot_fp32_4x8x4_1x4x1_neon/16/4/real_time",3551987,39.4282,39.3437,ns,,,"4x16x4",,,4,4,8,4,4,16,1,1,4
"dot/dot_fp32_4x8x4_1x4x1_neon/16/76/real_time",587439,237.968,237.54,ns,,,"4x16x76",,,4,4,8,76,4,16,1,1,4
"dot/dot_fp32_4x8x4_1x4x1_neon/16/152/real_time",311373,449.561,448.656,ns,,,"4x16x152",,,4,4,8,152,4,16,1,1,4
"dot/dot_fp32_4x8x4_1x4x1_neon/16/228/real_time",211555,661.023,659.791,ns,,,"4x16x228",,,4,4,8,228,4,16,1,1,4
"dot/dot_fp32_4x8x4_1x4x1_neon/16/304/real_time",160660,871.336,869.502,ns,,,"4x16x304",,,4,4,8,304,4,16,1,1,4
"dot/dot_fp32_4x8x4_1x4x1_neon/32/4/real_time",2073740,67.5083,67.3526,ns,,,"4x32x4",,,4,4,8,4,4,32,1,1,4
"dot/dot_fp32_4x8x4_1x4x1_neon/32/40/real_time",525131,265.371,264.882,ns,,,"4x32x40",,,4,4,8,40,4,32,1,1,4
"dot/dot_fp32_4x8x4_1x4x1_neon/32/80/real_time",287028,486.673,485.676,ns,,,"4x32x80",,,4,4,8,80,4,32,1,1,4
"dot/dot_fp32_4x8x4_1x4x1_neon/32/120/real_time",197706,707.937,706.508,ns,,,"4x32x120",,,4,4,8,120,4,32,1,1,4
"dot/dot_fp32_4x8x4_1x4x1_neon/32/164/real_time",147050,952.63,950.722,ns,,,"4x32x164",,,4,4,8,164,4,32,1,1,4
"dot/dot_fp32_4x8x4_1x4x1_neon/64/4/real_time",1150612,121.612,121.364,ns,,,"4x64x4",,,4,4,8,4,4,64,1,1,4
"dot/dot_fp32_4x8x4_1x4x1_neon/64/20/real_time",463228,302.394,301.836,ns,,,"4x64x20",,,4,4,8,20,4,64,1,1,4
"dot/dot_fp32_4x8x4_1x4x1_neon/64/40/real_time",268410,521.787,520.701,ns,,,"4x64x40",,,4,4,8,40,4,64,1,1,4
"dot/dot_fp32_4x8x4_1x4x1_neon/64/60/real_time",189195,740.699,739.231,ns,,,"4x64x60",,,4,4,8,60,4,64,1,1,4
"dot/dot_fp32_4x8x4_1x4x1_neon/64/84/real_time",137226,1018.18,1016.2,ns,,,"4x64x84",,,4,4,8,84,4,64,1,1,4
"dot/dot_fp32_6x8x4_1x4x1_neon/8/4/real_time",4404190,31.7469,31.6778,ns,,,"6x8x4",,,4,6,8,4,6,8,1,1,4
"dot/dot_fp32_6x8x4_1x4x1_neon/8/108/real_time",545767,254.419,253.862,ns,,,"6x8x108",,,4,6,8,108,6,8,1,1,4
"dot/dot_fp32_6x8x4_1x4x1_neon/8/216/real_time",288098,485.818,484.813,ns,,,"6x8x216",,,4,6,8,216,6,8,1,1,4
"dot/dot_fp32_6x8x4_1x4x1_neon/8/324/real_time",195744,715.302,713.877,ns,,,"6x8x324",,,4,6,8,324,6,8,1,1,4
"dot/dot_fp32_6x8x4_1x4x1_neon/8/432/real_time",147785,946.612,944.701,ns,,,"6x8x432",,,4,6,8,432,6,8,1,1,4
"dot/dot_fp32_6x8x4_1x4x1_neon/16/4/real_time",2831816,49.4426,49.3457,ns,,,"6x16x4",,,4,6,8,4,6,16,1,1,4
"dot/dot_fp32_6x8x4_1x4x1_neon/16/68/real_time",433616,323.456,322.761,ns,,,"6x16x68",,,4,6,8,68,6,16,1,1,4
"dot/dot_fp32_6x8x4_1x4x1_neon/16/136/real_time",227355,615.734,614.565,ns,,,"6x16x136",,,4,6,8,136,6,16,1,1,4
"dot/dot_fp32_6x8x4_1x4x1_neon/16/204/real_time",154407,906.654,904.802,ns,,,"6x16x204",,,4,6,8,204,6,16,1,1,4
"dot/dot_fp32_6x8x4_1x4x1_neon/16/272/real_time",116827,1199.21,1196.56,ns,,,"6x16x272",,,4,6,8,272,6,16,1,1,4
"dot/dot_fp32_6x8x4_1x4x1_neon/32/4/real_time",1624100,86.1944,86.0221,ns,,,"6x32x4",,,4,6,8,4,6,32,1,1,4
"dot/dot_fp32_6x8x4_1x4x1_neon/32/36/real_time",389419,359.203,358.438,ns,,,"6x32x36",,,4,6,8,36,6,32,1,1,4
"dot/dot_fp32_6x8x4_1x4x1_neon/32/76/real_time",200249,699.345,697.896,ns,,,"6x32x76",,,4,6,8,76,6,32,1,1,4
"dot/dot_fp32_6x8x4_1x4x1_neon/32/116/real_time",134240,1044.03,1041.98,ns,,,"6x32x116",,,4,6,8,116,6,32,1,1,4
"dot/dot_fp32_6x8x4_1x4x1_neon/32/156/real_time",100677,1390.3,1387.33,ns,,,"6x32x156",,,4,6,8,156,6,32,1,1,4
"dot/dot_fp32_6x8x4_1x4x1_neon/64/4/real_time",876938,159.681,159.375,ns,,,"6x64x4",,,4,6,8,4,6,64,1,1,4
"dot/dot_fp32_6x8x4_1x4x1_neon/64/20/real_time",321797,434.877,434.117,ns,,,"6x64x20",,,4,6,8,20,6,64,1,1,4
"dot/dot_fp32_6x8x4_1x4x1_neon/64/40/real_time",181115,773.096,771.518,ns,,,"6x64x40",,,4,6,8,40,6,64,1,1,4
"dot/dot_fp32_6x8x4_1x4x1_neon/64/60/real_time",125200,1118.75,1116.57,ns,,,"6x64x60",,,4,6,8,60,6,64,1,1,4
"dot/dot_fp32_6x8x4_1x4x1_neon/64/80/real_time",95738,1463.05,1460.02,ns,,,"6x64x80",,,4,6,8,80,6,64,1,1,4
"dot/dot_fp32_8x8x4_1x4x1_neon/8/4/real_time",3301747,42.3394,42.2458,ns,,,"8x8x4",,,4,8,8,4,8,8,1,1,4
"dot/dot_fp32_8x8x4_1x4x1_neon/8/92/real_time",471872,296.707,296.112,ns,,,"8x8x92",,,4,8,8,92,8,8,1,1,4
"dot/dot_fp32_8x8x4_1x4x1_neon/8/188/real_time",243736,574.589,573.406,ns,,,"8x8x188",,,4,8,8,188,8,8,1,1,4
"dot/dot_fp32_8x8x4_1x4x1_neon/8/284/real_time",164395,851.309,849.815,ns,,,"8x8x284",,,4,8,8,284,8,8,1,1,4
"dot/dot_fp32_8x8x4_1x4x1_neon/8/380/real_time",124176,1127.95,1125.81,ns,,,"8x8x380",,,4,8,8,380,8,8,1,1,4
"dot/dot_fp32_8x8x4_1x4x1_neon/16/4/real_time",2205955,66.1638,66.0246,ns,,,"8x16x4",,,4,8,8,4,8,16,1,1,4
"dot/dot_fp32_8x8x4_1x4x1_neon/16/60/real_time",360934,387.999,387.186,ns,,,"8x16x60",,,4,8,8,60,8,16,1,1,4
"dot/dot_fp32_8x8x4_1x4x1_neon/16/124/real_time",183749,761.694,760.128,ns,,,"8x16x124",,,4,8,8,124,8,16,1,1,4
"dot/dot_fp32_8x8x4_1x4x1_neon/16/184/real_time",126397,1107.88,1105.65,ns,,,"8x16x184",,,4,8,8,184,8,16,1,1,4
"dot/dot_fp32_8x8x4_1x4x1_neon/16/248/real_time",94767,1477.36,1474.56,ns,,,"8x16x248",,,4,8,8,248,8,16,1,1,4
"dot/dot_fp32_8x8x4_1x4x1_neon/32/4/real_time",1269611,110.264,110.027,ns,,,"8x32x4",,,4,8,8,4,8,32,1,1,4
"dot/dot_fp32_8x8x4_1x4x1_neon/32/36/real_time",293146,480.258,479.23,ns,,,"8x32x36",,,4,8,8,36,8,32,1,1,4
"dot/dot_fp32_8x8x4_1x4x1_neon/32/72/real_time",156075,897.651,895.835,ns,,,"8x32x72",,,4,8,8,72,8,32,1,1,4
"dot/dot_fp32_8x8x4_1x4x1_neon/32/108/real_time",106245,1316.79,1314.07,ns,,,"8x32x108",,,4,8,8,108,8,32,1,1,4
"dot/dot_fp32_8x8x4_1x4x1_neon/32/144/real_time",79414,1750.69,1747.12,ns,,,"8x32x144",,,4,8,8,144,8,32,1,1,4
"dot/dot_fp32_8x8x4_1x4x1_neon/64/4/real_time",691537,202.404,202.023,ns,,,"8x64x4",,,4,8,8,4,8,64,1,1,4
"dot/dot_fp32_8x8x4_1x4x1_neon/64/16/real_time",290237,482.421,481.452,ns,,,"8x64x16",,,4,8,8,16,8,64,1,1,4
"dot/dot_fp32_8x8x4_1x4x1_neon/64/36/real_time",148937,939.934,938.243,ns,,,"8x64x36",,,4,8,8,36,8,64,1,1,4
"dot/dot_fp32_8x8x4_1x4x1_neon/64/56/real_time",99420,1405.73,1402.99,ns,,,"8x64x56",,,4,8,8,56,8,64,1,1,4
"dot/dot_fp32_8x8x4_1x4x1_neon/64/76/real_time",74773,1871,1867.36,ns,,,"8x64x76",,,4,8,8,76,8,64,1,1,4
"dot/dot_fp32_8x4x4_1x4x1_neon/4/4/real_time",4260287,32.917,32.8584,ns,,,"8x4x4",,,4,8,4,4,8,4,1,1,4
"dot/dot_fp32_8x4x4_1x4x1_neon/4/124/real_time",708433,197.732,197.352,ns,,,"8x4x124",,,4,8,4,124,8,4,1,1,4
"dot/dot_fp32_8x4x4_1x4x1_neon/4/252/real_time",371210,377.231,376.529,ns,,,"8x4x252",,,4,8,4,252,8,4,1,1,4
"dot/dot_fp32_8x4x4_1x4x1_neon/4/380/real_time",254173,550.929,549.908,ns,,,"8x4x380",,,4,8,4,380,8,4,1,1,4
"dot/dot_fp32_8x4x4_1x4x1_neon/4/508/real_time",192363,726.981,725.58,ns,,,"8x4x508",,,4,8,4,508,8,4,1,1,4
"dot/dot_fp32_8x4x4_1x4x1_neon/8/4/real_time",3057877,45.7606,45.6775,ns,,,"8x8x4",,,4,8,4,4,8,8,1,1,4
"dot/dot_fp32_8x4x4_1x4x1_neon/8/92/real_time",492727,284.237,283.708,ns,,,"8x8x92",,,4,8,4,92,8,8,1,1,4
"dot/dot_fp32_8x4x4_1x4x1_neon/8/188/real_time",255061,550.215,549.073,ns,,,"8x8x188",,,4,8,4,188,8,8,1,1,4
"dot/dot_fp32_8x4x4_1x4x1_neon/8/284/real_time",172355,809.863,808.349,ns,,,"8x8x284",,,4,8,4,284,8,8,1,1,4
"dot/dot_fp32_8x4x4_1x4x1_neon/8/380/real_time",130921,1069.96,1067.87,ns,,,"8x8x380",,,4,8,4,380,8,8,1,1,4
"dot/dot_fp32_8x4x4_1x4x1_neon/16/4/real_time",2008794,69.649,69.5192,ns,,,"8x16x4",,,4,8,4,4,8,16,1,1,4
"dot/dot_fp32_8x4x4_1x4x1_neon/16/60/real_time",375928,372.682,371.978,ns,,,"8x16x60",,,4,8,4,60,8,16,1,1,4
"dot/dot_fp32_8x4x4_1x4x1_neon/16/124/real_time",189778,739.425,737.909,ns,,,"8x16x124",,,4,8,4,124,8,16,1,1,4
"dot/dot_fp32_8x4x4_1x4x1_neon/16/184/real_time",129219,1082.76,1080.71,ns,,,"8x16x184",,,4,8,4,184,8,16,1,1,4
"dot/dot_fp32_8x4x4_1x4x1_neon/16/248/real_time",97035,1443.78,1440.86,ns,,,"8x16x248",,,4,8,4,248,8,16,1,1,4
"dot/dot_fp32_8x4x4_1x4x1_neon/32/4/real_time",1198992,116.751,116.529,ns,,,"8x32x4",,,4,8,4,4,8,32,1,1,4
"dot/dot_fp32_8x4x4_1x4x1_neon/32/36/real_time",298098,469.844,468.921,ns,,,"8x32x36",,,4,8,4,36,8,32,1,1,4
"dot/dot_fp32_8x4x4_1x4x1_neon/32/72/real_time",163684,855.406,853.572,ns,,,"8x32x72",,,4,8,4,72,8,32,1,1,4
"dot/dot_fp32_8x4x4_1x4x1_neon/32/108/real_time",109363,1278.99,1276.46,ns,,,"8x32x108",,,4,8,4,108,8,32,1,1,4
"dot/dot_fp32_8x4x4_1x4x1_neon/32/144/real_time",75280,1857.13,1853.55,ns,,,"8x32x144",,,4,8,4,144,8,32,1,1,4
"dot/dot_fp64_1x16x2_1x2x1_neon/16/2/real_time",8552502,16.5078,16.4749,ns,,,"1x16x2",,,2,1,16,2,1,16,1,1,2
"dot/dot_fp64_1x16x2_1x2x1_neon/16/44/real_time",1641091,85.1293,84.9492,ns,,,"1x16x44",,,2,1,16,44,1,16,1,1,2
"dot/dot_fp64_1x16x2_1x2x1_neon/16/88/real_time",833500,167.859,167.539,ns,,,"1x16x88",,,2,1,16,88,1,16,1,1,2
"dot/dot_fp64_1x16x2_1x2x1_neon/16/132/real_time",564937,247.69,247.158,ns,,,"1x16x132",,,2,1,16,132,1,16,1,1,2
"dot/dot_fp64_1x16x2_1x2x1_neon/16/178/real_time",425506,329.39,328.749,ns,,,"1x16x178",,,2,1,16,178,1,16,1,1,2
"dot/dot_fp64_1x16x2_1x2x1_neon/32/2/real_time",6055427,23.1031,23.0635,ns,,,"1x32x2",,,2,1,16,2,1,32,1,1,2
"dot/dot_fp64_1x16x2_1x2x1_neon/32/22/real_time",1572610,88.9625,88.795,ns,,,"1x32x22",,,2,1,16,22,1,32,1,1,2
"dot/dot_fp64_1x16x2_1x2x1_neon/32/46/real_time",803493,174.535,174.203,ns,,,"1x32x46",,,2,1,16,46,1,32,1,1,2
"dot/dot_fp64_1x16x2_1x2x1_neon/32/68/real_time",543203,257.344,256.828,ns,,,"1x32x68",,,2,1,16,68,1,32,1,1,2
"dot/dot_fp64_1x16x2_1x2x1_neon/32/92/real_time",410864,340.294,339.601,ns,,,"1x32x92",,,2,1,16,92,1,32,1,1,2
"dot/dot_fp64_1x16x2_1x2x1_neon/64/2/real_time",3684859,38.1258,38.0515,ns,,,"1x64x2",,,2,1,16,2,1,64,1,1,2
"dot/dot_fp64_1x16x2_1x2x1_neon/64/10/real_time",1538095,91.2692,91.091,ns,,,"1x64x10",,,2,1,16,10,1,64,1,1,2
"dot/dot_fp64_1x16x2_1x2x1_neon/64/22/real_time",835000,167.457,167.122,ns,,,"1x64x22",,,2,1,16,22,1,64,1,1,2
"dot/dot_fp64_1x16x2_1x2x1_neon/64/34/real_time",540749,259.703,259.222,ns,,,"1x64x34",,,2,1,16,34,1,64,1,1,2
"dot/dot_fp64_1x16x2_1x2x1_neon/64/46/real_time",409196,342.178,341.528,ns,,,"1x64x46",,,2,1,16,46,1,64,1,1,2
"dot/dot_fp64_1x16x2_1x2x1_neon/128/2/real_time",2051876,68.5326,68.401,ns,,,"1x128x2",,,2,1,16,2,1,128,1,1,2
"dot/dot_fp64_1x16x2_1x2x1_neon/128/4/real_time",1363321,99.8081,99.6297,ns,,,"1x128x4",,,2,1,16,4,1,128,1,1,2
"dot/dot_fp64_1x16x2_1x2x1_neon/128/10/real_time",795715,176.097,175.739,ns,,,"1x128x10",,,2,1,16,10,1,128,1,1,2
"dot/dot_fp64_1x16x2_1x2x1_neon/128/16/real_time",554010,253.653,253.11,ns,,,"1x128x16",,,2,1,16,16,1,128,1,1,2
"dot/dot_fp64_1x16x2_1x2x1_neon/128/22/real_time",410855,344.447,343.819,ns,,,"1x128x22",,,2,1,16,22,1,128,1,1,2
"dot/dot_fp64_2x16x2_1x2x1_neon/16/2/real_time",6151738,22.7558,22.7121,ns,,,"2x16x2",,,2,2,16,2,2,16,1,1,2
"dot/dot_fp64_2x16x2_1x2x1_neon/16/42/real_time",1033708,135.433,135.152,ns,,,"2x16x42",,,2,2,16,42,2,16,1,1,2
"dot/dot_fp64_2x16x2_1x2x1_neon/16/84/real_time",547268,255.816,255.343,ns,,,"2x16x84",,,2,2,16,84,2,16,1,1,2
"dot/dot_fp64_2x16x2_1x2x1_neon/16/126/real_time",374950,374.948,374.224,ns,,,"2x16x126",,,2,2,16,126,2,16,1,1,2
"dot/dot_fp64_2x16x2_1x2x1_neon/16/168/real_time",283904,493.756,492.713,ns,,,"2x16x168",,,2,2,16,168,2,16,1,1,2
"dot/dot_fp64_2x16x2_1x2x1_neon/32/2/real_time",3999987,35.4965,35.4269,ns,,,"2x32x2",,,2,2,16,2,2,32,1,1,2
"dot/dot_fp64_2x16x2_1x2x1_neon/32/22/real_time",954755,146.657,146.372,ns,,,"2x32x22",,,2,2,16,22,2,32,1,1,2
"dot/dot_fp64_2x16x2_1x2x1_neon/32/44/real_time",514542,272.086,271.522,ns,,,"2x32x44",,,2,2,16,44,2,32,1,1,2
"dot/dot_fp64_2x16x2_1x2x1_neon/32/66/real_time",352810,397.018,396.249,ns,,,"2x32x66",,,2,2,16,66,2,32,1,1,2
"dot/dot_fp64_2x16x2_1x2x1_neon/32/88/real_time",267717,522.395,521.352,ns,,,"2x32x88",,,2,2,16,88,2,32,1,1,2
"dot/dot_fp64_2x16x2_1x2x1_neon/64/2/real_time",2391365,58.3155,58.2014,ns,,,"2x64x2",,,2,2,16,2,2,64,1,1,2
"dot/dot_fp64_2x16x2_1x2x1_neon/64/10/real_time",935329,149.66,149.358,ns,,,"2x64x10",,,2,2,16,10,2,64,1,1,2
"dot/dot_fp64_2x16x2_1x2x1_neon/64/22/real_time",491008,285.048,284.489,ns,,,"2x64x22",,,2,2,16,22,2,64,1,1,2
"dot/dot_fp64_2x16x2_1x2x1_neon/64/32/real_time",351873,397.904,397.093,ns,,,"2x64x32",,,2,2,16,32,2,64,1,1,2
"dot/dot_fp64_2x16x2_1x2x1_neon/64/44/real_time",263393,531.201,530.13,ns,,,"2x64x44",,,2,2,16,44,2,64,1,1,2
"dot/dot_fp64_2x16x2_1x2x1_neon/128/2/real_time",1323297,106.19,105.991,ns,,,"2x128x2",,,2,2,16,2,2,128,1,1,2
"dot/dot_fp64_2x16x2_1x2x1_neon/128/4/real_time",936137,149.491,149.214,ns,,,"2x128x4",,,2,2,16,4,2,128,1,1,2
"dot/dot_fp64_2x16x2_1x2x1_neon/128/10/real_time",481566,290.768,290.214,ns,,,"2x128x10",,,2,2,16,10,2,128,1,1,2
"dot/dot_fp64_2x16x2_1x2x1_neon/128/14/real_time",365729,382.747,382.069,ns,,,"2x128x14",,,2,2,16,14,2,128,1,1,2
"dot/dot_fp64_2x16x2_1x2x1_neon/128/20/real_time",272815,513.136,512.154,ns,,,"2x128x20",,,2,2,16,20,2,128,1,1,2
"dot/dot_fp64_3x16x2_1x2x1_neon/16/2/real_time",4645157,30.5489,30.4876,ns,,,"3x16x2",,,2,3,16,2,3,16,1,1,2
"dot/dot_fp64_3x16x2_1x2x1_neon/16/38/real_time",782055,181.923,181.595,ns,,,"3x16x38",,,2,3,16,38,3,16,1,1,2
"dot/dot_fp64_3x16x2_1x2x1_neon/16/78/real_time",409881,342.008,341.383,ns,,,"3x16x78",,,2,3,16,78,3,16,1,1,2
"dot/dot_fp64_3x16x2_1x2x1_neon/16/118/real_time",272824,512.165,511.147,ns,,,"3x16x118",,,2,3,16,118,3,16,1,1,2
"dot/dot_fp64_3x16x2_1x2x1_neon/16/158/real_time",207137,675.429,674.15,ns,,,"3x16x158",,,2,3,16,158,3,16,1,1,2
"dot/dot_fp64_3x16x2_1x2x1_neon/32/2/real_time",2897068,48.3135,48.2295,ns,,,"3x32x2",,,2,3,16,2,3,32,1,1,2
"dot/dot_fp64_3x16x2_1x2x1_neon/32/20/real_time",705153,197.737,197.376,ns,,,"3x32x20",,,2,3,16,20,3,32,1,1,2
"dot/dot_fp64_3x16x2_1x2x1_neon/32/42/real_time",369147,379.806,379.079,ns,,,"3x32x42",,,2,3,16,42,3,32,1,1,2
"dot/dot_fp64_3x16x2_1x2x1_neon/32/62/real_time",255792,546.98,545.955,ns,,,"3x32x62",,,2,3,16,62,3,32,1,1,2
"dot/dot_fp64_3x16x2_1x2x1_neon/32/84/real_time",192494,725.48,724.139,ns,,,"3x32x84",,,2,3,16,84,3,32,1,1,2
"dot/dot_fp64_3x16x2_1x2x1_neon/64/2/real_time",1646792,84.9631,84.8064,ns,,,"3x64x2",,,2,3,16,2,3,64,1,1,2
"dot/dot_fp64_3x16x2_1x2x1_neon/64/10/real_time",649888,217.271,216.847,ns,,,"3x64x10",,,2,3,16,10,3,64,1,1,2
"dot/dot_fp64_3x16x2_1x2x1_neon/64/20/real_time",363704,383.038,382.317,ns,,,"3x64x20",,,2,3,16,20,3,64,1,1,2
"dot/dot_fp64_3x16x2_1x2x1_neon/64/30/real_time",259710,539.55,538.543,ns,,,"3x64x30",,,2,3,16,30,3,64,1,1,2
"dot/dot_fp64_3x16x2_1x2x1_neon/64/42/real_time",188005,744.735,743.168,ns,,,"3x64x42",,,2,3,16,42,3,64,1,1,2
"dot/dot_fp64_3x16x2_1x2x1_neon/128/2/real_time",884929,158.492,158.172,ns,,,"3x128x2",,,2,3,16,2,3,128,1,1,2
"dot/dot_fp64_3x16x2_1x2x1_neon/128/4/real_time",614606,226.478,225.948,ns,,,"3x128x4",,,2,3,16,4,3,128,1,1,2
"dot/dot_fp64_3x16x2_1x2x1_neon/128/10/real_time",330832,423.017,422.117,ns,,,"3x128x10",,,2,3,16,10,3,128,1,1,2
"dot/dot_fp64_3x16x2_1x2x1_neon/128/14/real_time",253928,551.144,550.067,ns,,,"3x128x14",,,2,3,16,14,3,128,1,1,2
"dot/dot_fp64_3x16x2_1x2x1_neon/128/20/real_time",188333,746.678,744.986,ns,,,"3x128x20",,,2,3,16,20,3,128,1,1,2
"dot/dot_fp64_1x8x2_1x2x1_neon/8/2/real_time",9825666,14.2733,14.2425,ns,,,"1x8x2",,,2,1,8,2,1,8,1,1,2
"dot/dot_fp64_1x8x2_1x2x1_neon/8/84/real_time",1604424,87.0648,86.9107,ns,,,"1x8x84",,,2,1,8,84,1,8,1,1,2
"dot/dot_fp64_1x8x2_1x2x1_neon/8/170/real_time",859890,163.313,162.985,ns,,,"1x8x170",,,2,1,8,170,1,8,1,1,2
"dot/dot_fp64_1x8x2_1x2x1_neon/8/254/real_time",554663,252.606,252.098,ns,,,"1x8x254",,,2,1,8,254,1,8,1,1,2
"dot/dot_fp64_1x8x2_1x2x1_neon/8/340/real_time",395985,346.69,346.1,ns,,,"1x8x340",,,2,1,8,340,1,8,1,1,2
"dot/dot_fp64_1x8x2_1x2x1_neon/16/2/real_time",7742799,18.0771,18.0385,ns,,,"1x16x2",,,2,1,8,2,1,16,1,1,2
"dot/dot_fp64_1x8x2_1x2x1_neon/16/44/real_time",1485202,94.2263,94.0381,ns,,,"1x16x44",,,2,1,8,44,1,16,1,1,2
"dot/dot_fp64_1x8x2_1x2x1_neon/16/88/real_time",821668,170.776,170.463,ns,,,"1x16x88",,,2,1,8,88,1,16,1,1,2
"dot/dot_fp64_1x8x2_1x2x1_neon/16/132/real_time",510177,275.116,274.605,ns,,,"1x16x132",,,2,1,8,132,1,16,1,1,2
"dot/dot_fp64_1x8x2_1x2x1_neon/16/178/real_time",393007,354.921,354.266,ns,,,"1x16x178",,,2,1,8,178,1,16,1,1,2
"dot/dot_fp64_1x8x2_1x2x1_neon/32/2/real_time",4875399,28.7243,28.674,ns,,,"1x32x2",,,2,1,8,2,1,32,1,1,2
"dot/dot_fp64_1x8x2_1x2x1_neon/32/22/real_time",1378034,100.025,99.8312,ns,,,"1x32x22",,,2,1,8,22,1,32,1,1,2
"dot/dot_fp64_1x8x2_1x2x1_neon/32/46/real_time",756544,185.105,184.759,ns,,,"1x32x46",,,2,1,8,46,1,32,1,1,2
"dot/dot_fp64_1x8x2_1x2x1_neon/32/68/real_time",482273,288.661,288.091,ns,,,"1x32x68",,,2,1,8,68,1,32,1,1,2
"dot/dot_fp64_1x8x2_1x2x1_neon/32/92/real_time",407669,348.224,347.599,ns,,,"1x32x92",,,2,1,8,92,1,32,1,1,2
"dot/dot_fp64_1x8x2_1x2x1_neon/64/2/real_time",2793263,50.1095,50.0125,ns,,,"1x64x2",,,2,1,8,2,1,64,1,1,2
"dot/dot_fp64_1x8x2_1x2x1_neon/64/10/real_time",1250621,112.672,112.451,ns,,,"1x64x10",,,2,1,8,10,1,64,1,1,2
"dot/dot_fp64_1x8x2_1x2x1_neon/64/22/real_time",713836,195.882,195.469,ns,,,"1x64x22",,,2,1,8,22,1,64,1,1,2
"dot/dot_fp64_1x8x2_1x2x1_neon/64/34/real_time",467740,298.925,298.377,ns,,,"1x64x34",,,2,1,8,34,1,64,1,1,2
"dot/dot_fp64_1x8x2_1x2x1_neon/64/46/real_time",386160,362.729,362.046,ns,,,"1x64x46",,,2,1,8,46,1,64,1,1,2
"dot/dot_fp64_2x8x2_1x2x1_neon/8/2/real_time",8608245,16.2966,16.2663,ns,,,"2x8x2",,,2,2,8,2,2,8,1,1,2
"dot/dot_fp64_2x8x2_1x2x1_neon/8/76/real_time",1109523,126.101,125.868,ns,,,"2x8x76",,,2,2,8,76,2,8,1,1,2
"dot/dot_fp64_2x8x2_1x2x1_neon/8/152/real_time",597465,234.334,233.903,ns,,,"2x8x152",,,2,2,8,152,2,8,1,1,2
"dot/dot_fp64_2x8x2_1x2x1_neon/8/228/real_time",404651,346.918,346.232,ns,,,"2x8x228",,,2,2,8,228,2,8,1,1,2
"dot/dot_fp64_2x8x2_1x2x1_neon/8/304/real_time",306930,456.685,455.897,ns,,,"2x8x304",,,2,2,8,304,2,8,1,1,2
"dot/dot_fp64_2x8x2_1x2x1_neon/16/2/real_time",5987226,23.3838,23.3397,ns,,,"2x16x2",,,2,2,8,2,2,16,1,1,2
"dot/dot_fp64_2x8x2_1x2x1_neon/16/42/real_time",1007621,138.949,138.704,ns,,,"2x16x42",,,2,2,8,42,2,16,1,1,2
"dot/dot_fp64_2x8x2_1x2x1_neon/16/84/real_time",533617,262.185,261.738,ns,,,"2x16x84",,,2,2,8,84,2,16,1,1,2
"dot/dot_fp64_2x8x2_1x2x1_neon/16/126/real_time",359998,389.23,388.512,ns,,,"2x16x126",,,2,2,8,126,2,16,1,1,2
"dot/dot_fp64_2x8x2_1x2x1_neon/16/168/real_time",273142,512.342,511.349,ns,,,"2x16x168",,,2,2,8,168,2,16,1,1,2
"dot/dot_fp64_2x8x2_1x2x1_neon/32/2/real_time",3676494,38.0812,38.0101,ns,,,"2x32x2",,,2,2,8,2,2,32,1,1,2
"dot/dot_fp64_2x8x2_1x2x1_neon/32/22/real_time",915069,152.987,152.709,ns,,,"2x32x22",,,2,2,8,22,2,32,1,1,2
"dot/dot_fp64_2x8x2_1x2x1_neon/32/44/real_time",495488,282.61,282.074,ns,,,"2x32x44",,,2,2,8,44,2,32,1,1,2
"dot/dot_fp64_2x8x2_1x2x1_neon/32/66/real_time",346220,404.787,404.039,ns,,,"2x32x66",,,2,2,8,66,2,32,1,1,2
"dot/dot_fp64_2x8x2_1x2x1_neon/32/88/real_time",254563,548.435,547.316,ns,,,"2x32x88",,,2,2,8,88,2,32,1,1,2
"dot/dot_fp64_2x8x2_1x2x1_neon/64/2/real_time",2073931,67.4761,67.3504,ns,,,"2x64x2",,,2,2,8,2,2,64,1,1,2
"dot/dot_fp64_2x8x2_1x2x1_neon/64/10/real_time",819876,170.662,170.358,ns,,,"2x64x10",,,2,2,8,10,2,64,1,1,2
"dot/dot_fp64_2x8x2_1x2x1_neon/64/22/real_time",467618,299.302,298.75,ns,,,"2x64x22",,,2,2,8,22,2,64,1,1,2
"dot/dot_fp64_2x8x2_1x2x1_neon/64/32/real_time",329413,424.912,424.117,ns,,,"2x64x32",,,2,2,8,32,2,64,1,1,2
"dot/dot_fp64_2x8x2_1x2x1_neon/64/44/real_time",249505,561.286,560.213,ns,,,"2x64x44",,,2,2,8,44,2,64,1,1,2
"dot/dot_fp64_3x8x2_1x2x1_neon/8/2/real_time",6783433,20.5641,20.5228,ns,,,"3x8x2",,,2,3,8,2,3,8,1,1,2
"dot/dot_fp64_3x8x2_1x2x1_neon/8/68/real_time",862301,163.285,162.975,ns,,,"3x8x68",,,2,3,8,68,3,8,1,1,2
"dot/dot_fp64_3x8x2_1x2x1_neon/8/138/real_time",448967,311.944,311.352,ns,,,"3x8x138",,,2,3,8,138,3,8,1,1,2
"dot/dot_fp64_3x8x2_1x2x1_neon/8/206/real_time",306662,456.947,456.016,ns,,,"3x8x206",,,2,3,8,206,3,8,1,1,2
"dot/dot_fp64_3x8x2_1x2x1_neon/8/276/real_time",230899,606.384,605.227,ns,,,"3x8x276",,,2,3,8,276,3,8,1,1,2
"dot/dot_fp64_3x8x2_1x2x1_neon/16/2/real_time",4539618,30.8127,30.7477,ns,,,"3x16x2",,,2,3,8,2,3,16,1,1,2
"dot/dot_fp64_3x8x2_1x2x1_neon/16/38/real_time",756047,184.924,184.537,ns,,,"3x16x38",,,2,3,8,38,3,16,1,1,2
"dot/dot_fp64_3x8x2_1x2x1_neon/16/78/real_time",392652,356.416,355.755,ns,,,"3x16x78",,,2,3,8,78,3,16,1,1,2
"dot/dot_fp64_3x8x2_1x2x1_neon/16/118/real_time",265975,526.237,525.275,ns,,,"3x16x118",,,2,3,8,118,3,16,1,1,2
"dot/dot_fp64_3x8x2_1x2x1_neon/16/158/real_time",200933,696.849,695.494,ns,,,"3x16x158",,,2,3,8,158,3,16,1,1,2
"dot/dot_fp64_3x8x2_1x2x1_neon/32/2/real_time",2765784,50.6556,50.554,ns,,,"3x32x2",,,2,3,8,2,3,32,1,1,2
"dot/dot_fp64_3x8x2_1x2x1_neon/32/20/real_time",676295,206.968,206.539,ns,,,"3x32x20",,,2,3,8,20,3,32,1,1,2
"dot/dot_fp64_3x8x2_1x2x1_neon/32/42/real_time",355450,393.845,393.033,ns,,,"3x32x42",,,2,3,8,42,3,32,1,1,2
"dot/dot_fp64_3x8x2_1x2x1_neon/32/62/real_time",248479,563.426,562.351,ns,,,"3x32x62",,,2,3,8,62,3,32,1,1,2
"dot/dot_fp64_3x8x2_1x2x1_neon/32/84/real_time",185999,752.868,751.325,ns,,,"3x32x84",,,2,3,8,84,3,32,1,1,2
"dot/dot_fp64_3x8x2_1x2x1_neon/64/2/real_time",1557989,89.8851,89.7146,ns,,,"3x64x2",,,2,3,8,2,3,64,1,1,2
"dot/dot_fp64_3x8x2_1x2x1_neon/64/10/real_time",597279,234.345,233.935,ns,,,"3x64x10",,,2,3,8,10,3,64,1,1,2
"dot/dot_fp64_3x8x2_1x2x1_neon/64/20/real_time",342971,407.873,407.081,ns,,,"3x64x20",,,2,3,8,20,3,64,1,1,2
"dot/dot_fp64_3x8x2_1x2x1_neon/64/30/real_time",243506,575.153,573.945,ns,,,"3x64x30",,,2,3,8,30,3,64,1,1,2
"dot/dot_fp64_3x8x2_1x2x1_neon/64/42/real_time",179475,780.245,778.602,ns,,,"3x64x42",,,2,3,8,42,3,64,1,1,2
"dot/dot_fp64_4x8x2_1x2x1_neon/8/2/real_time",5446624,25.7227,25.6769,ns,,,"4x8x2",,,2,4,8,2,4,8,1,1,2
"dot/dot_fp64_4x8x2_1x2x1_neon/8/62/real_time",710371,197.179,196.746,ns,,,"4x8x62",,,2,4,8,62,4,8,1,1,2
"dot/dot_fp64_4x8x2_1x2x1_neon/8/126/real_time",370359,377.995,377.229,ns,,,"4x8x126",,,2,4,8,126,4,8,1,1,2
"dot/dot_fp64_4x8x2_1x2x1_neon/8/188/real_time",252306,555.077,554.081,ns,,,"4x8x188",,,2,4,8,188,4,8,1,1,2
"dot/dot_fp64_4x8x2_1x2x1_neon/8/252/real_time",189930,737.092,735.52,ns,,,"4x8x252",,,2,4,8,252,4,8,1,1,2
"dot/dot_fp64_4x8x2_1x2x1_neon/16/2/real_time",3565884,39.498,39.4243,ns,,,"4x16x2",,,2,4,8,2,4,16,1,1,2
"dot/dot_fp64_4x8x2_1x2x1_neon/16/36/real_time",601573,232.687,232.228,ns,,,"4x16x36",,,2,4,8,36,4,16,1,1,2
"dot/dot_fp64_4x8x2_1x2x1_neon/16/74/real_time",312173,449.605,448.725,ns,,,"4x16x74",,,2,4,8,74,4,16,1,1,2
"dot/dot_fp64_4x8x2_1x2x1_neon/16/112/real_time",210565,664.335,662.943,ns,,,"4x16x112",,,2,4,8,112,4,16,1,1,2
"dot/dot_fp64_4x8x2_1x2x1_neon/16/150/real_time",159005,880.641,878.687,ns,,,"4x16x150",,,2,4,8,150,4,16,1,1,2
"dot/dot_fp64_4x8x2_1x2x1_neon/32/2/real_time",2092196,67.5576,67.4041,ns,,,"4x32x2",,,2,4,8,2,4,32,1,1,2
"dot/dot_fp64_4x8x2_1x2x1_neon/32/20/real_time",513869,272.364,271.737,ns,,,"4x32x20",,,2,4,8,20,4,32,1,1,2
"dot/dot_fp64_4x8x2_1x2x1_neon/32/40/real_time",281385,497.853,496.678,ns,,,"4x32x40",,,2,4,8,40,4,32,1,1,2
"dot/dot_fp64_4x8x2_1x2x1_neon/32/60/real_time",192300,726.516,724.951,ns,,,"4x32x60",,,2,4,8,60,4,32,1,1,2
"dot/dot_fp64_4x8x2_1x2x1_neon/32/80/real_time",146780,953.494,951.512,ns,,,"4x32x80",,,2,4,8,80,4,32,1,1,2
"dot/dot_fp64_4x8x2_1x2x1_neon/64/2/real_time",1166088,122.864,122.564,ns,,,"4x64x2",,,2,4,8,2,4,64,1,1,2
"dot/dot_fp64_4x8x2_1x2x1_neon/64/10/real_time",460736,305.578,304.968,ns,,,"4x64x10",,,2,4,8,10,4,64,1,1,2
"dot/dot_fp64_4x8x2_1x2x1_neon/64/20/real_time",262367,533.251,532.142,ns,,,"4x64x20",,,2,4,8,20,4,64,1,1,2
"dot/dot_fp64_4x8x2_1x2x1_neon/64/30/real_time",184229,759.974,758.233,ns,,,"4x64x30",,,2,4,8,30,4,64,1,1,2
"dot/dot_fp64_4x8x2_1x2x1_neon/64/40/real_time",141579,989.276,987.137,ns,,,"4x64x40",,,2,4,8,40,4,64,1,1,2
"dot/dot_fp64_5x8x2_1x2x1_neon/8/2/real_time",4786541,29.2355,29.1741,ns,,,"5x8x2",,,2,5,8,2,5,8,1,1,2
"dot/dot_fp64_5x8x2_1x2x1_neon/8/58/real_time",591719,236.641,236.155,ns,,,"5x8x58",,,2,5,8,58,5,8,1,1,2
"dot/dot_fp64_5x8x2_1x2x1_neon/8/116/real_time",311177,449.786,448.893,ns,,,"5x8x116",,,2,5,8,116,5,8,1,1,2
"dot/dot_fp64_5x8x2_1x2x1_neon/8/174/real_time",210244,665.868,664.468,ns,,,"5x8x174",,,2,5,8,174,5,8,1,1,2
"dot/dot_fp64_5x8x2_1x2x1_neon/8/232/real_time",165205,847.542,845.663,ns,,,"5x8x232",,,2,5,8,232,5,8,1,1,2
"dot/dot_fp64_5x8x2_1x2x1_neon/16/2/real_time",2995483,46.6872,46.583,ns,,,"5x16x2",,,2,5,8,2,5,16,1,1,2
"dot/dot_fp64_5x8x2_1x2x1_neon/16/34/real_time",495116,282.761,282.168,ns,,,"5x16x34",,,2,5,8,34,5,16,1,1,2
"dot/dot_fp64_5x8x2_1x2x1_neon/16/70/real_time",246479,567.883,566.853,ns,,,"5x16x70",,,2,5,8,70,5,16,1,1,2
"dot/dot_fp64_5x8x2_1x2x1_neon/16/106/real_time",171578,815.816,814.167,ns,,,"5x16x106",,,2,5,8,106,5,16,1,1,2
"dot/dot_fp64_5x8x2_1x2x1_neon/16/142/real_time",125996,1111.75,1109.42,ns,,,"5x16x142",,,2,5,8,142,5,16,1,1,2
"dot/dot_fp64_5x8x2_1x2x1_neon/32/2/real_time",1748299,79.9516,79.7888,ns,,,"5x32x2",,,2,5,8,2,5,32,1,1,2
"dot/dot_fp64_5x8x2_1x2x1_neon/32/18/real_time",415338,337.017,336.418,ns,,,"5x32x18",,,2,5,8,18,5,32,1,1,2
"dot/dot_fp64_5x8x2_1x2x1_neon/32/38/real_time",228859,611.731,610.535,ns,,,"5x32x38",,,2,5,8,38,5,32,1,1,2
"dot/dot_fp64_5x8x2_1x2x1_neon/32/58/real_time",153871,909.53,907.761,ns,,,"5x32x58",,,2,5,8,58,5,32,1,1,2
"dot/dot_fp64_5x8x2_1x2x1_neon/32/78/real_time",116679,1199.34,1197.05,ns,,,"5x32x78",,,2,5,8,78,5,32,1,1,2
"dot/dot_fp64_5x8x2_1x2x1_neon/64/2/real_time",945458,147.975,147.676,ns,,,"5x64x2",,,2,5,8,2,5,64,1,1,2
"dot/dot_fp64_5x8x2_1x2x1_neon/64/8/real_time",407543,343.498,342.755,ns,,,"5x64x8",,,2,5,8,8,5,64,1,1,2
"dot/dot_fp64_5x8x2_1x2x1_neon/64/18/real_time",210402,665.511,664.163,ns,,,"5x64x18",,,2,5,8,18,5,64,1,1,2
"dot/dot_fp64_5x8x2_1x2x1_neon/64/28/real_time",152566,917.888,915.91,ns,,,"5x64x28",,,2,5,8,28,5,64,1,1,2
"dot/dot_fp64_5x8x2_1x2x1_neon/64/38/real_time",115119,1214.49,1211.89,ns,,,"5x64x38",,,2,5,8,38,5,64,1,1,2
"dot/dot_fp64_1x4x2_1x2x1_neon/4/2/real_time",10641631,13.1581,13.1286,ns,,,"1x4x2",,,2,1,4,2,1,4,1,1,2
"dot/dot_fp64_1x4x2_1x2x1_neon/4/152/real_time",1256940,111.164,110.935,ns,,,"1x4x152",,,2,1,4,152,1,4,1,1,2
"dot/dot_fp64_1x4x2_1x2x1_neon/4/306/real_time",654590,213.866,213.438,ns,,,"1x4x306",,,2,1,4,306,1,4,1,1,2
"dot/dot_fp64_1x4x2_1x2x1_neon/4/458/real_time",441593,317.167,316.504,ns,,,"1x4x458",,,2,1,4,458,1,4,1,1,2
"dot/dot_fp64_1x4x2_1x2x1_neon/4/612/real_time",333343,419.986,419.141,ns,,,"1x4x612",,,2,1,4,612,1,4,1,1,2
"dot/dot_fp64_1x4x2_1x2x1_neon/8/2/real_time",8056461,17.3737,17.3347,ns,,,"1x8x2",,,2,1,4,2,1,8,1,1,2
"dot/dot_fp64_1x4x2_1x2x1_neon/8/84/real_time",1152195,121.254,121.008,ns,,,"1x8x84",,,2,1,4,84,1,8,1,1,2
"dot/dot_fp64_1x4x2_1x2x1_neon/8/170/real_time",588923,237.629,237.204,ns,,,"1x8x170",,,2,1,4,170,1,8,1,1,2
"dot/dot_fp64_1x4x2_1x2x1_neon/8/254/real_time",399322,350.805,350.057,ns,,,"1x8x254",,,2,1,4,254,1,8,1,1,2
"dot/dot_fp64_1x4x2_1x2x1_neon/8/340/real_time",299943,466.778,465.838,ns,,,"1x8x340",,,2,1,4,340,1,8,1,1,2
"dot/dot_fp64_1x4x2_1x2x1_neon/16/2/real_time",5110519,27.3953,27.3404,ns,,,"1x16x2",,,2,1,4,2,1,16,1,1,2
"dot/dot_fp64_1x4x2_1x2x1_neon/16/44/real_time",1095280,128.355,128.092,ns,,,"1x16x44",,,2,1,4,44,1,16,1,1,2
"dot/dot_fp64_1x4x2_1x2x1_neon/16/88/real_time",572813,244.414,243.886,ns,,,"1x16x88",,,2,1,4,88,1,16,1,1,2
"dot/dot_fp64_1x4x2_1x2x1_neon/16/132/real_time",383842,365.244,364.466,ns,,,"1x16x132",,,2,1,4,132,1,16,1,1,2
"dot/dot_fp64_1x4x2_1x2x1_neon/16/178/real_time",281593,495.637,494.726,ns,,,"1x16x178",,,2,1,4,178,1,16,1,1,2
"dot/dot_fp64_1x4x2_1x2x1_neon/32/2/real_time",2951412,47.6601,47.5682,ns,,,"1x32x2",,,2,1,4,2,1,32,1,1,2
"dot/dot_fp64_1x4x2_1x2x1_neon/32/22/real_time",954526,146.698,146.371,ns,,,"1x32x22",,,2,1,4,22,1,32,1,1,2
"dot/dot_fp64_1x4x2_1x2x1_neon/32/46/real_time",531530,263.251,262.71,ns,,,"1x32x46",,,2,1,4,46,1,32,1,1,2
"dot/dot_fp64_1x4x2_1x2x1_neon/32/68/real_time",365472,383.299,382.54,ns,,,"1x32x68",,,2,1,4,68,1,32,1,1,2
"dot/dot_fp64_1x4x2_1x2x1_neon/32/92/real_time",248634,552.381,551.187,ns,,,"1x32x92",,,2,1,4,92,1,32,1,1,2
"dot/dot_fp64_4x4x2_1x2x1_neon/4/2/real_time",7226045,19.3746,19.3377,ns,,,"4x4x2",,,2,4,4,2,4,4,1,1,2
"dot/dot_fp64_4x4x2_1x2x1_neon/4/94/real_time",899433,155.536,155.245,ns,,,"4x4x94",,,2,4,4,94,4,4,1,1,2
"dot/dot_fp64_4x4x2_1x2x1_neon/4/190/real_time",467754,299.341,298.714,ns,,,"4x4x190",,,2,4,4,190,4,4,1,1,2
"dot/dot_fp64_4x4x2_1x2x1_neon/4/286/real_time",316963,439.985,439.142,ns,,,"4x4x286",,,2,4,4,286,4,4,1,1,2
"dot/dot_fp64_4x4x2_1x2x1_neon/4/382/real_time",240130,583.022,581.819,ns,,,"4x4x382",,,2,4,4,382,4,4,1,1,2
"dot/dot_fp64_4x4x2_1x2x1_neon/8/2/real_time",5049019,27.7264,27.6735,ns,,,"4x8x2",,,2,4,4,2,4,8,1,1,2
"dot/dot_fp64_4x4x2_1x2x1_neon/8/62/real_time",679444,206.286,205.887,ns,,,"4x8x62",,,2,4,4,62,4,8,1,1,2
"dot/dot_fp64_4x4x2_1x2x1_neon/8/126/real_time",352677,394.959,394.171,ns,,,"4x8x126",,,2,4,4,126,4,8,1,1,2
"dot/dot_fp64_4x4x2_1x2x1_neon/8/188/real_time",242213,578.199,576.988,ns,,,"4x8x188",,,2,4,4,188,4,8,1,1,2
"dot/dot_fp64_4x4x2_1x2x1_neon/8/252/real_time",182022,768.779,767.348,ns,,,"4x8x252",,,2,4,4,252,4,8,1,1,2
"dot/dot_fp64_4x4x2_1x2x1_neon/16/2/real_time",3150550,44.442,44.3456,ns,,,"4x16x2",,,2,4,4,2,4,16,1,1,2
"dot/dot_fp64_4x4x2_1x2x1_neon/16/36/real_time",562038,249.109,248.607,ns,,,"4x16x36",,,2,4,4,36,4,16,1,1,2
"dot/dot_fp64_4x4x2_1x2x1_neon/16/74/real_time",293861,476.47,475.477,ns,,,"4x16x74",,,2,4,4,74,4,16,1,1,2
"dot/dot_fp64_4x4x2_1x2x1_neon/16/112/real_time",200362,698.852,697.439,ns,,,"4x16x112",,,2,4,4,112,4,16,1,1,2
"dot/dot_fp64_4x4x2_1x2x1_neon/16/150/real_time",150034,932.996,931.026,ns,,,"4x16x150",,,2,4,4,150,4,16,1,1,2
"dot/dot_fp64_4x4x2_1x2x1_neon/32/2/real_time",1798058,77.8462,77.6865,ns,,,"4x32x2",,,2,4,4,2,4,32,1,1,2
"dot/dot_fp64_4x4x2_1x2x1_neon/32/20/real_time",455072,307.775,307.23,ns,,,"4x32x20",,,2,4,4,20,4,32,1,1,2
"dot/dot_fp64_4x4x2_1x2x1_neon/32/40/real_time",258135,542.218,541.065,ns,,,"4x32x40",,,2,4,4,40,4,32,1,1,2
"dot/dot_fp64_4x4x2_1x2x1_neon/32/60/real_time",180514,775.37,773.865,ns,,,"4x32x60",,,2,4,4,60,4,32,1,1,2
"dot/dot_fp64_4x4x2_1x2x1_neon/32/80/real_time",137984,1015.51,1013.23,ns,,,"4x32x80",,,2,4,4,80,4,32,1,1,2
"dot/dot_fp64_6x4x2_1x2x1_neon/4/2/real_time",5055516,27.5209,27.4654,ns,,,"6x4x2",,,2,6,4,2,6,4,1,1,2
"dot/dot_fp64_6x4x2_1x2x1_neon/4/76/real_time",722367,193.424,193.02,ns,,,"6x4x76",,,2,6,4,76,6,4,1,1,2
"dot/dot_fp64_6x4x2_1x2x1_neon/4/152/real_time",382065,366.387,365.644,ns,,,"6x4x152",,,2,6,4,152,6,4,1,1,2
"dot/dot_fp64_6x4x2_1x2x1_neon/4/228/real_time",259951,539.076,537.916,ns,,,"6x4x228",,,2,6,4,228,6,4,1,1,2
"dot/dot_fp64_6x4x2_1x2x1_neon/4/304/real_time",197324,709.556,708.136,ns,,,"6x4x304",,,2,6,4,304,6,4,1,1,2
"dot/dot_fp64_6x4x2_1x2x1_neon/8/2/real_time",3267102,42.8162,42.7234,ns,,,"6x8x2",,,2,6,4,2,6,8,1,1,2
"dot/dot_fp64_6x4x2_1x2x1_neon/8/54/real_time",516192,271.597,271.019,ns,,,"6x8x54",,,2,6,4,54,6,8,1,1,2
"dot/dot_fp64_6x4x2_1x2x1_neon/8/108/real_time",270683,517.536,516.541,ns,,,"6x8x108",,,2,6,4,108,6,8,1,1,2
"dot/dot_fp64_6x4x2_1x2x1_neon/8/162/real_time",183447,762.495,760.997,ns,,,"6x8x162",,,2,6,4,162,6,8,1,1,2
"dot/dot_fp64_6x4x2_1x2x1_neon/8/216/real_time",138885,1005.72,1003.71,ns,,,"6x8x216",,,2,6,4,216,6,8,1,1,2
"dot/dot_fp64_6x4x2_1x2x1_neon/16/2/real_time",2211316,63.3222,63.1925,ns,,,"6x16x2",,,2,6,4,2,6,16,1,1,2
"dot/dot_fp64_6x4x2_1x2x1_neon/16/32/real_time",426844,328.057,327.416,ns,,,"6x16x32",,,2,6,4,32,6,16,1,1,2
"dot/dot_fp64_6x4x2_1x2x1_neon/16/66/real_time",220821,633.201,631.941,ns,,,"6x16x66",,,2,6,4,66,6,16,1,1,2
"dot/dot_fp64_6x4x2_1x2x1_neon/16/100/real_time",147845,949.707,947.717,ns,,,"6x16x100",,,2,6,4,100,6,16,1,1,2
"dot/dot_fp64_6x4x2_1x2x1_neon/16/134/real_time",110698,1262.71,1260.35,ns,,,"6x16x134",,,2,6,4,134,6,16,1,1,2
"dot/dot_fp64_6x4x2_1x2x1_neon/32/2/real_time",1338570,104.563,104.36,ns,,,"6x32x2",,,2,6,4,2,6,32,1,1,2
"dot/dot_fp64_6x4x2_1x2x1_neon/32/18/real_time",361203,387.566,386.774,ns,,,"6x32x18",,,2,6,4,18,6,32,1,1,2
"dot/dot_fp64_6x4x2_1x2x1_neon/32/36/real_time",193246,724.726,723.211,ns,,,"6x32x36",,,2,6,4,36,6,32,1,1,2
"dot/dot_fp64_6x4x2_1x2x1_neon/32/54/real_time",132605,1045.64,1043.57,ns,,,"6x32x54",,,2,6,4,54,6,32,1,1,2
"dot/dot_fp64_6x4x2_1x2x1_neon/32/74/real_time",99910,1400.51,1397.76,ns,,,"6x32x74",,,2,6,4,74,6,32,1,1,2
"dot/dot_fp64_8x4x2_1x2x1_neon/4/2/real_time",3710296,37.1529,37.0751,ns,,,"8x4x2",,,2,8,4,2,8,4,1,1,2
"dot/dot_fp64_8x4x2_1x2x1_neon/4/62/real_time",586881,238.37,237.881,ns,,,"8x4x62",,,2,8,4,62,8,4,1,1,2
"dot/dot_fp64_8x4x2_1x2x1_neon/4/126/real_time",300027,466.781,465.793,ns,,,"8x4x126",,,2,8,4,126,8,4,1,1,2
"dot/dot_fp64_8x4x2_1x2x1_neon/4/188/real_time",204581,689.08,687.69,ns,,,"8x4x188",,,2,8,4,188,8,4,1,1,2
"dot/dot_fp64_8x4x2_1x2x1_neon/4/252/real_time",153450,890.017,888.075,ns,,,"8x4x252",,,2,8,4,252,8,4,1,1,2
"dot/dot_fp64_8x4x2_1x2x1_neon/8/2/real_time",2571199,54.2682,54.1637,ns,,,"8x8x2",,,2,8,4,2,8,8,1,1,2
"dot/dot_fp64_8x4x2_1x2x1_neon/8/46/real_time",404087,346.357,345.665,ns,,,"8x8x46",,,2,8,4,46,8,8,1,1,2
"dot/dot_fp64_8x4x2_1x2x1_neon/8/94/real_time",205174,679.267,677.871,ns,,,"8x8x94",,,2,8,4,94,8,8,1,1,2
"dot/dot_fp64_8x4x2_1x2x1_neon/8/140/real_time",137575,998.552,996.592,ns,,,"8x8x140",,,2,8,4,140,8,8,1,1,2
"dot/dot_fp64_8x4x2_1x2x1_neon/8/188/real_time",106795,1360.99,1358.12,ns,,,"8x8x188",,,2,8,4,188,8,8,1,1,2
"dot/dot_fp64_8x4x2_1x2x1_neon/16/2/real_time",1643510,85.152,84.9818,ns,,,"8x16x2",,,2,8,4,2,8,16,1,1,2
"dot/dot_fp64_8x4x2_1x2x1_neon/16/30/real_time",304493,462.609,461.664,ns,,,"8x16x30",,,2,8,4,30,8,16,1,1,2
"dot/dot_fp64_8x4x2_1x2x1_neon/16/60/real_time",160747,870.923,869.096,ns,,,"8x16x60",,,2,8,4,60,8,16,1,1,2
"dot/dot_fp64_8x4x2_1x2x1_neon/16/90/real_time",109614,1287.1,1284.49,ns,,,"8x16x90",,,2,8,4,90,8,16,1,1,2
"dot/dot_fp64_8x4x2_1x2x1_neon/16/122/real_time",79217,1710.65,1707.29,ns,,,"8x16x122",,,2,8,4,122,8,16,1,1,2
"dot/dot_fp64_8x4x2_1x2x1_neon/32/2/real_time",954836,146.651,146.356,ns,,,"8x32x2",,,2,8,4,2,8,32,1,1,2
"dot/dot_fp64_8x4x2_1x2x1_neon/32/16/real_time",264928,528.171,527.169,ns,,,"8x32x16",,,2,8,4,16,8,32,1,1,2
"dot/dot_fp64_8x4x2_1x2x1_neon/32/34/real_time",135977,1044.29,1041.97,ns,,,"8x32x34",,,2,8,4,34,8,32,1,1,2
"dot/dot_fp64_8x4x2_1x2x1_neon/32/52/real_time",88980,1569.4,1566.27,ns,,,"8x32x52",,,2,8,4,52,8,32,1,1,2
"dot/dot_fp64_8x4x2_1x2x1_neon/32/70/real_time",69811,2042.72,2038.51,ns,,,"8x32x70",,,2,8,4,70,8,32,1,1,2
"dot/dot_fp64_8x2x2_1x2x1_neon/2/2/real_time",4474519,31.2109,31.1482,ns,,,"8x2x2",,,2,8,2,2,8,2,1,1,2
"dot/dot_fp64_8x2x2_1x2x1_neon/2/76/real_time",1059919,132.143,131.861,ns,,,"8x2x76",,,2,8,2,76,8,2,1,1,2
"dot/dot_fp64_8x2x2_1x2x1_neon/2/152/real_time",486616,287.602,287.067,ns,,,"8x2x152",,,2,8,2,152,8,2,1,1,2
"dot/dot_fp64_8x2x2_1x2x1_neon/2/228/real_time",385669,362.539,361.772,ns,,,"8x2x228",,,2,8,2,228,8,2,1,1,2
"dot/dot_fp64_8x2x2_1x2x1_neon/2/304/real_time",255114,548.635,547.527,ns,,,"8x2x304",,,2,8,2,304,8,2,1,1,2
"dot/dot_fp64_8x2x2_1x2x1_neon/4/2/real_time",3411370,41.0614,40.9869,ns,,,"8x4x2",,,2,8,2,2,8,4,1,1,2
"dot/dot_fp64_8x2x2_1x2x1_neon/4/62/real_time",656402,213.552,213.122,ns,,,"8x4x62",,,2,8,2,62,8,4,1,1,2
"dot/dot_fp64_8x2x2_1x2x1_neon/4/126/real_time",342863,408.785,407.843,ns,,,"8x4x126",,,2,8,2,126,8,4,1,1,2
"dot/dot_fp64_8x2x2_1x2x1_neon/4/188/real_time",232926,600.908,599.712,ns,,,"8x4x188",,,2,8,2,188,8,4,1,1,2
"dot/dot_fp64_8x2x2_1x2x1_neon/4/252/real_time",174403,803.098,801.473,ns,,,"8x4x252",,,2,8,2,252,8,4,1,1,2
"dot/dot_fp64_8x2x2_1x2x1_neon/8/2/real_time",2358391,59.4281,59.3065,ns,,,"8x8x2",,,2,8,2,2,8,8,1,1,2
"dot/dot_fp64_8x2x2_1x2x1_neon/8/46/real_time",436139,320.956,320.288,ns,,,"8x8x46",,,2,8,2,46,8,8,1,1,2
"dot/dot_fp64_8x2x2_1x2x1_neon/8/94/real_time",230746,607.17,605.862,ns,,,"8x8x94",,,2,8,2,94,8,8,1,1,2
"dot/dot_fp64_8x2x2_1x2x1_neon/8/140/real_time",155300,903.277,901.543,ns,,,"8x8x140",,,2,8,2,140,8,8,1,1,2
"dot/dot_fp64_8x2x2_1x2x1_neon/8/188/real_time",116141,1203.04,1200.44,ns,,,"8x8x188",,,2,8,2,188,8,8,1,1,2
"dot/dot_fp64_8x2x2_1x2x1_neon/16/2/real_time",1446122,96.9175,96.7005,ns,,,"8x16x2",,,2,8,2,2,8,16,1,1,2
"dot/dot_fp64_8x2x2_1x2x1_neon/16/30/real_time",325783,430.581,429.729,ns,,,"8x16x30",,,2,8,2,30,8,16,1,1,2
"dot/dot_fp64_8x2x2_1x2x1_neon/16/60/real_time",177419,789.809,788.169,ns,,,"8x16x60",,,2,8,2,60,8,16,1,1,2
"dot/dot_fp64_8x2x2_1x2x1_neon/16/90/real_time",121195,1153.2,1150.83,ns,,,"8x16x90",,,2,8,2,90,8,16,1,1,2
"dot/dot_fp64_8x2x2_1x2x1_neon/16/122/real_time",90822,1541.84,1538.75,ns,,,"8x16x122",,,2,8,2,122,8,16,1,1,2
"dot/dot_bf16_bf16_fp32_1x64x4_1x4x1_neon/64/4/real_time",3369406,41.4259,41.3425,ns,,,"1x64x4",,,4,1,64,4,1,64,1,1,4
"dot/dot_bf16_bf16_fp32_1x64x4_1x4x1_neon/64/44/real_time",479475,291.733,291.157,ns,,,"1x64x44",,,4,1,64,44,1,64,1,1,4
"dot/dot_bf16_bf16_fp32_1x64x4_1x4x1_neon/64/92/real_time",235534,594.973,593.802,ns,,,"1x64x92",,,4,1,64,92,1,64,1,1,4
"dot/dot_bf16_bf16_fp32_1x64x4_1x4x1_neon/64/136/real_time",161079,869.458,867.495,ns,,,"1x64x136",,,4,1,64,136,1,64,1,1,4
"dot/dot_bf16_bf16_fp32_1x64x4_1x4x1_neon/64/184/real_time",119613,1174.36,1172.09,ns,,,"1x64x184",,,4,1,64,184,1,64,1,1,4
"dot/dot_bf16_bf16_fp32_1x64x4_1x4x1_neon/128/4/real_time",1933904,72.3996,72.2517,ns,,,"1x128x4",,,4,1,64,4,1,128,1,1,4
"dot/dot_bf16_bf16_fp32_1x64x4_1x4x1_neon/128/20/real_time",510571,274.009,273.487,ns,,,"1x128x20",,,4,1,64,20,1,128,1,1,4
"dot/dot_bf16_bf16_fp32_1x64x4_1x4x1_neon/128/44/real_time",242937,576.476,575.327,ns,,,"1x128x44",,,4,1,64,44,1,128,1,1,4
"dot/dot_bf16_bf16_fp32_1x64x4_1x4x1_neon/128/68/real_time",159790,876.272,874.33,ns,,,"1x128x68",,,4,1,64,68,1,128,1,1,4
"dot/dot_bf16_bf16_fp32_1x64x4_1x4x1_neon/128/92/real_time",118794,1177.5,1175.18,ns,,,"1x128x92",,,4,1,64,92,1,128,1,1,4
"dot/dot_bf16_bf16_fp32_1x64x4_1x4x1_neon/256/4/real_time",1038517,134.965,134.674,ns,,,"1x256x4",,,4,1,64,4,1,256,1,1,4
"dot/dot_bf16_bf16_fp32_1x64x4_1x4x1_neon/256/8/real_time",594290,235.588,235.146,ns,,,"1x256x8",,,4,1,64,8,1,256,1,1,4
"dot/dot_bf16_bf16_fp32_1x64x4_1x4x1_neon/256/20/real_time",261192,535.778,534.745,ns,,,"1x256x20",,,4,1,64,20,1,256,1,1,4
"dot/dot_bf16_bf16_fp32_1x64x4_1x4x1_neon/256/32/real_time",167158,837.047,835.384,ns,,,"1x256x32",,,4,1,64,32,1,256,1,1,4
"dot/dot_bf16_bf16_fp32_1x64x4_1x4x1_neon/256/44/real_time",122871,1139.66,1137.36,ns,,,"1x256x44",,,4,1,64,44,1,256,1,1,4
"dot/dot_bf16_bf16_fp32_1x64x4_1x4x1_neon/512/4/real_time",540286,259.251,258.733,ns,,,"1x512x4",,,4,1,64,4,1,512,1,1,4
"dot/dot_bf16_bf16_fp32_1x64x4_1x4x1_neon/512/8/real_time",298282,465.353,464.404,ns,,,"1x512x8",,,4,1,64,8,1,512,1,1,4
"dot/dot_bf16_bf16_fp32_1x64x4_1x4x1_neon/512/12/real_time",210601,663.43,662.068,ns,,,"1x512x12",,,4,1,64,12,1,512,1,1,4
"dot/dot_bf16_bf16_fp32_1x64x4_1x4x1_neon/512/20/real_time",131818,1061.43,1059.39,ns,,,"1x512x20",,,4,1,64,20,1,512,1,1,4
"dot/dot_bf16_bf16_fp32_1x32x4_1x4x1_neon/32/4/real_time",4958203,28.2272,28.1735,ns,,,"1x32x4",,,4,1,32,4,1,32,1,1,4
"dot/dot_bf16_bf16_fp32_1x32x4_1x4x1_neon/32/92/real_time",449588,311.419,310.781,ns,,,"1x32x92",,,4,1,32,92,1,32,1,1,4
"dot/dot_bf16_bf16_fp32_1x32x4_1x4x1_neon/32/184/real_time",230600,607.332,606.016,ns,,,"1x32x184",,,4,1,32,184,1,32,1,1,4
"dot/dot_bf16_bf16_fp32_1x32x4_1x4x1_neon/32/276/real_time",154989,903.258,901.364,ns,,,"1x32x276",,,4,1,32,276,1,32,1,1,4
"dot/dot_bf16_bf16_fp32_1x32x4_1x4x1_neon/32/368/real_time",116724,1198.5,1196.28,ns,,,"1x32x368",,,4,1,32,368,1,32,1,1,4
"dot/dot_bf16_bf16_fp32_1x32x4_1x4x1_neon/64/4/real_time",3103360,45.1898,45.0998,ns,,,"1x64x4",,,4,1,32,4,1,64,1,1,4
"dot/dot_bf16_bf16_fp32_1x32x4_1x4x1_neon/64/44/real_time",463879,302.713,302.023,ns,,,"1x64x44",,,4,1,32,44,1,64,1,1,4
"dot/dot_bf16_bf16_fp32_1x32x4_1x4x1_neon/64/92/real_time",228865,611.673,610.541,ns,,,"1x64x92",,,4,1,32,92,1,64,1,1,4
"dot/dot_bf16_bf16_fp32_1x32x4_1x4x1_neon/64/136/real_time",156327,895.737,893.962,ns,,,"1x64x136",,,4,1,32,136,1,64,1,1,4
"dot/dot_bf16_bf16_fp32_1x32x4_1x4x1_neon/64/184/real_time",116287,1204.51,1201.98,ns,,,"1x64x184",,,4,1,32,184,1,64,1,1,4
"dot/dot_bf16_bf16_fp32_1x32x4_1x4x1_neon/128/4/real_time",1724334,81.2018,81.0158,ns,,,"1x128x4",,,4,1,32,4,1,128,1,1,4
"dot/dot_bf16_bf16_fp32_1x32x4_1x4x1_neon/128/20/real_time",490909,285.153,284.515,ns,,,"1x128x20",,,4,1,32,20,1,128,1,1,4
"dot/dot_bf16_bf16_fp32_1x32x4_1x4x1_neon/128/44/real_time",235285,594.802,593.613,ns,,,"1x128x44",,,4,1,32,44,1,128,1,1,4
"dot/dot_bf16_bf16_fp32_1x32x4_1x4x1_neon/128/68/real_time",154824,906.392,904.348,ns,,,"1x128x68",,,4,1,32,68,1,128,1,1,4
"dot/dot_bf16_bf16_fp32_1x32x4_1x4x1_neon/128/92/real_time",115338,1214.21,1211.36,ns,,,"1x128x92",,,4,1,32,92,1,128,1,1,4
"dot/dot_bf16_bf16_fp32_1x32x4_1x4x1_neon/256/4/real_time",925914,151.72,151.433,ns,,,"1x256x4",,,4,1,32,4,1,256,1,1,4
"dot/dot_bf16_bf16_fp32_1x32x4_1x4x1_neon/256/8/real_time",540582,258.284,257.792,ns,,,"1x256x8",,,4,1,32,8,1,256,1,1,4
"dot/dot_bf16_bf16_fp32_1x32x4_1x4x1_neon/256/20/real_time",247465,565.672,564.387,ns,,,"1x256x20",,,4,1,32,20,1,256,1,1,4
"dot/dot_bf16_bf16_fp32_1x32x4_1x4x1_neon/256/32/real_time",159557,877.789,875.955,ns,,,"1x256x32",,,4,1,32,32,1,256,1,1,4
"dot/dot_bf16_bf16_fp32_1x32x4_1x4x1_neon/256/44/real_time",118359,1183.12,1180.67,ns,,,"1x256x44",,,4,1,32,44,1,256,1,1,4
"dot/dot_bf16_bf16_fp32_2x32x4_1x4x1_neon/32/4/real_time",3722636,37.6283,37.5568,ns,,,"2x32x4",,,4,2,32,4,2,32,1,1,4
"dot/dot_bf16_bf16_fp32_2x32x4_1x4x1_neon/32/88/real_time",304154,460.457,459.494,ns,,,"2x32x88",,,4,2,32,88,2,32,1,1,4
"dot/dot_bf16_bf16_fp32_2x32x4_1x4x1_neon/32/176/real_time",154628,904.004,902.215,ns,,,"2x32x176",,,4,2,32,176,2,32,1,1,4
"dot/dot_bf16_bf16_fp32_2x32x4_1x4x1_neon/32/264/real_time",103805,1349.68,1347.05,ns,,,"2x32x264",,,4,2,32,264,2,32,1,1,4
"dot/dot_bf16_bf16_fp32_2x32x4_1x4x1_neon/32/356/real_time",77079,1815.7,1811.94,ns,,,"2x32x356",,,4,2,32,356,2,32,1,1,4
"dot/dot_bf16_bf16_fp32_2x32x4_1x4x1_neon/64/4/real_time",2207922,63.609,63.4812,ns,,,"2x64x4",,,4,2,32,4,2,64,1,1,4
"dot/dot_bf16_bf16_fp32_2x32x4_1x4x1_neon/64/44/real_time",299746,467.02,466.071,ns,,,"2x64x44",,,4,2,32,44,2,64,1,1,4
"dot/dot_bf16_bf16_fp32_2x32x4_1x4x1_neon/64/88/real_time",153795,910.706,908.58,ns,,,"2x64x88",,,4,2,32,88,2,64,1,1,4
"dot/dot_bf16_bf16_fp32_2x32x4_1x4x1_neon/64/132/real_time",103299,1355.07,1352.38,ns,,,"2x64x132",,,4,2,32,132,2,64,1,1,4
"dot/dot_bf16_bf16_fp32_2x32x4_1x4x1_neon/64/180/real_time",75937,1843.87,1840.01,ns,,,"2x64x180",,,4,2,32,180,2,64,1,1,4
"dot/dot_bf16_bf16_fp32_2x32x4_1x4x1_neon/128/4/real_time",1213832,115.579,115.334,ns,,,"2x128x4",,,4,2,32,4,2,128,1,1,4
"dot/dot_bf16_bf16_fp32_2x32x4_1x4x1_neon/128/20/real_time",319687,437.477,436.606,ns,,,"2x128x20",,,4,2,32,20,2,128,1,1,4
"dot/dot_bf16_bf16_fp32_2x32x4_1x4x1_neon/128/44/real_time",151497,924.162,922.278,ns,,,"2x128x44",,,4,2,32,44,2,128,1,1,4
"dot/dot_bf16_bf16_fp32_2x32x4_1x4x1_neon/128/64/real_time",105711,1326.35,1323.69,ns,,,"2x128x64",,,4,2,32,64,2,128,1,1,4
"dot/dot_bf16_bf16_fp32_2x32x4_1x4x1_neon/128/88/real_time",77316,1811.96,1808.14,ns,,,"2x128x88",,,4,2,32,88,2,128,1,1,4
"dot/dot_bf16_bf16_fp32_2x32x4_1x4x1_neon/256/4/real_time",637149,220.361,219.931,ns,,,"2x256x4",,,4,2,32,4,2,256,1,1,4
"dot/dot_bf16_bf16_fp32_2x32x4_1x4x1_neon/256/8/real_time",355110,390.208,389.425,ns,,,"2x256x8",,,4,2,32,8,2,256,1,1,4
"dot/dot_bf16_bf16_fp32_2x32x4_1x4x1_neon/256/20/real_time",160793,870.624,868.928,ns,,,"2x256x20",,,4,2,32,20,2,256,1,1,4
"dot/dot_bf16_bf16_fp32_2x32x4_1x4x1_neon/256/28/real_time",117532,1191.77,1189.06,ns,,,"2x256x28",,,4,2,32,28,2,256,1,1,4
"dot/dot_bf16_bf16_fp32_2x32x4_1x4x1_neon/256/40/real_time",84044,1666.24,1662.8,ns,,,"2x256x40",,,4,2,32,40,2,256,1,1,4
"dot/dot_bf16_bf16_fp32_3x32x4_1x4x1_neon/32/4/real_time",2770270,50.6242,50.5127,ns,,,"3x32x4",,,4,3,32,4,3,32,1,1,4
"dot/dot_bf16_bf16_fp32_3x32x4_1x4x1_neon/32/84/real_time",233734,599.117,597.903,ns,,,"3x32x84",,,4,3,32,84,3,32,1,1,4
"dot/dot_bf16_bf16_fp32_3x32x4_1x4x1_neon/32/172/real_time",116959,1196.36,1194.06,ns,,,"3x32x172",,,4,3,32,172,3,32,1,1,4
"dot/dot_bf16_bf16_fp32_3x32x4_1x4x1_neon/32/256/real_time",79310,1763.29,1759.65,ns,,,"3x32x256",,,4,3,32,256,3,32,1,1,4
"dot/dot_bf16_bf16_fp32_3x32x4_1x4x1_neon/32/344/real_time",59319,2359.6,2354.74,ns,,,"3x32x344",,,4,3,32,344,3,32,1,1,4
"dot/dot_bf16_bf16_fp32_3x32x4_1x4x1_neon/64/4/real_time",1598967,87.5346,87.3769,ns,,,"3x64x4",,,4,3,32,4,3,64,1,1,4
"dot/dot_bf16_bf16_fp32_3x32x4_1x4x1_neon/64/44/real_time",219711,637.27,635.897,ns,,,"3x64x44",,,4,3,32,44,3,64,1,1,4
"dot/dot_bf16_bf16_fp32_3x32x4_1x4x1_neon/64/88/real_time",113187,1238.75,1236.16,ns,,,"3x64x88",,,4,3,32,88,3,64,1,1,4
"dot/dot_bf16_bf16_fp32_3x32x4_1x4x1_neon/64/132/real_time",76439,1831.39,1827.92,ns,,,"3x64x132",,,4,3,32,132,3,64,1,1,4
"dot/dot_bf16_bf16_fp32_3x32x4_1x4x1_neon/64/176/real_time",57615,2428.98,2424.21,ns,,,"3x64x176",,,4,3,32,176,3,64,1,1,4
"dot/dot_bf16_bf16_fp32_3x32x4_1x4x1_neon/128/4/real_time",863413,161.965,161.635,ns,,,"3x128x4",,,4,3,32,4,3,128,1,1,4
"dot/dot_bf16_bf16_fp32_3x32x4_1x4x1_neon/128/20/real_time",232897,601.186,600.015,ns,,,"3x128x20",,,4,3,32,20,3,128,1,1,4
"dot/dot_bf16_bf16_fp32_3x32x4_1x4x1_neon/128/40/real_time",121456,1146.92,1144.36,ns,,,"3x128x40",,,4,3,32,40,3,128,1,1,4
"dot/dot_bf16_bf16_fp32_3x32x4_1x4x1_neon/128/60/real_time",82452,1697.5,1693.78,ns,,,"3x128x60",,,4,3,32,60,3,128,1,1,4
"dot/dot_bf16_bf16_fp32_3x32x4_1x4x1_neon/128/84/real_time",59530,2351.39,2346.58,ns,,,"3x128x84",,,4,3,32,84,3,128,1,1,4
"dot/dot_bf16_bf16_fp32_3x32x4_1x4x1_neon/256/4/real_time",451466,307.567,306.976,ns,,,"3x256x4",,,4,3,32,4,3,256,1,1,4
"dot/dot_bf16_bf16_fp32_3x32x4_1x4x1_neon/256/8/real_time",264695,531.124,529.984,ns,,,"3x256x8",,,4,3,32,8,3,256,1,1,4
"dot/dot_bf16_bf16_fp32_3x32x4_1x4x1_neon/256/20/real_time",117834,1187.56,1185.33,ns,,,"3x256x20",,,4,3,32,20,3,256,1,1,4
"dot/dot_bf16_bf16_fp32_3x32x4_1x4x1_neon/256/28/real_time",85923,1625.83,1622.54,ns,,,"3x256x28",,,4,3,32,28,3,256,1,1,4
"dot/dot_bf16_bf16_fp32_3x32x4_1x4x1_neon/256/40/real_time",61400,2280.93,2276.12,ns,,,"3x256x40",,,4,3,32,40,3,256,1,1,4
"dot/dot_bf16_bf16_fp32_1x16x4_1x4x1_neon/16/4/real_time",6274942,22.2887,22.2451,ns,,,"1x16x4",,,4,1,16,4,1,16,1,1,4
"dot/dot_bf16_bf16_fp32_1x16x4_1x4x1_neon/16/180/real_time",443887,315.522,314.884,ns,,,"1x16x180",,,4,1,16,180,1,16,1,1,4
"dot/dot_bf16_bf16_fp32_1x16x4_1x4x1_neon/16/360/real_time",226143,619.399,617.925,ns,,,"1x16x360",,,4,1,16,360,1,16,1,1,4
"dot/dot_bf16_bf16_fp32_1x16x4_1x4x1_neon/16/540/real_time",153713,909.839,908.105,ns,,,"1x16x540",,,4,1,16,540,1,16,1,1,4
"dot/dot_bf16_bf16_fp32_1x16x4_1x4x1_neon/16/720/real_time",114977,1221.43,1218.81,ns,,,"1x16x720",,,4,1,16,720,1,16,1,1,4
"dot/dot_bf16_bf16_fp32_1x16x4_1x4x1_neon/32/4/real_time",4190323,33.4089,33.3417,ns,,,"1x32x4",,,4,1,16,4,1,32,1,1,4
"dot/dot_bf16_bf16_fp32_1x16x4_1x4x1_neon/32/92/real_time",429831,325.792,325.104,ns,,,"1x32x92",,,4,1,16,92,1,32,1,1,4
"dot/dot_bf16_bf16_fp32_1x16x4_1x4x1_neon/32/184/real_time",221169,634.693,633.396,ns,,,"1x32x184",,,4,1,16,184,1,32,1,1,4
"dot/dot_bf16_bf16_fp32_1x16x4_1x4x1_neon/32/276/real_time",148727,942.197,940.449,ns,,,"1x32x276",,,4,1,16,276,1,32,1,1,4
"dot/dot_bf16_bf16_fp32_1x16x4_1x4x1_neon/32/368/real_time",112712,1246.04,1243.5,ns,,,"1x32x368",,,4,1,16,368,1,32,1,1,4
"dot/dot_bf16_bf16_fp32_1x16x4_1x4x1_neon/64/4/real_time",2523989,55.4649,55.3471,ns,,,"1x64x4",,,4,1,16,4,1,64,1,1,4
"dot/dot_bf16_bf16_fp32_1x16x4_1x4x1_neon/64/44/real_time",438372,319.406,318.755,ns,,,"1x64x44",,,4,1,16,44,1,64,1,1,4
"dot/dot_bf16_bf16_fp32_1x16x4_1x4x1_neon/64/92/real_time",219149,639.291,637.95,ns,,,"1x64x92",,,4,1,16,92,1,64,1,1,4
"dot/dot_bf16_bf16_fp32_1x16x4_1x4x1_neon/64/136/real_time",150904,928.469,926.709,ns,,,"1x64x136",,,4,1,16,136,1,64,1,1,4
"dot/dot_bf16_bf16_fp32_1x16x4_1x4x1_neon/64/184/real_time",111897,1254.2,1251.71,ns,,,"1x64x184",,,4,1,16,184,1,64,1,1,4
"dot/dot_bf16_bf16_fp32_1x16x4_1x4x1_neon/128/4/real_time",1406017,99.5501,99.3581,ns,,,"1x128x4",,,4,1,16,4,1,128,1,1,4
"dot/dot_bf16_bf16_fp32_1x16x4_1x4x1_neon/128/20/real_time",450068,311,310.375,ns,,,"1x128x20",,,4,1,16,20,1,128,1,1,4
"dot/dot_bf16_bf16_fp32_1x16x4_1x4x1_neon/128/44/real_time",221509,632.101,630.82,ns,,,"1x128x44",,,4,1,16,44,1,128,1,1,4
"dot/dot_bf16_bf16_fp32_1x16x4_1x4x1_neon/128/68/real_time",146915,952.847,950.925,ns,,,"1x128x68",,,4,1,16,68,1,128,1,1,4
"dot/dot_bf16_bf16_fp32_1x16x4_1x4x1_neon/128/92/real_time",109902,1273.57,1271.01,ns,,,"1x128x92",,,4,1,16,92,1,128,1,1,4
"dot/dot_bf16_bf16_fp32_2x16x4_1x4x1_neon/16/4/real_time",5393445,26.0602,26.0064,ns,,,"2x16x4",,,4,2,16,4,2,16,1,1,4
"dot/dot_bf16_bf16_fp32_2x16x4_1x4x1_neon/16/168/real_time",322705,433.771,432.951,ns,,,"2x16x168",,,4,2,16,168,2,16,1,1,4
"dot/dot_bf16_bf16_fp32_2x16x4_1x4x1_neon/16/336/real_time",165240,847.13,845.402,ns,,,"2x16x336",,,4,2,16,336,2,16,1,1,4
"dot/dot_bf16_bf16_fp32_2x16x4_1x4x1_neon/16/504/real_time",110755,1263.11,1260.48,ns,,,"2x16x504",,,4,2,16,504,2,16,1,1,4
"dot/dot_bf16_bf16_fp32_2x16x4_1x4x1_neon/16/676/real_time",83033,1686.06,1682.83,ns,,,"2x16x676",,,4,2,16,676,2,16,1,1,4
"dot/dot_bf16_bf16_fp32_2x16x4_1x4x1_neon/32/4/real_time",3456781,40.5514,40.469,ns,,,"2x32x4",,,4,2,16,4,2,32,1,1,4
"dot/dot_bf16_bf16_fp32_2x16x4_1x4x1_neon/32/88/real_time",303647,461.053,460.093,ns,,,"2x32x88",,,4,2,16,88,2,32,1,1,4
"dot/dot_bf16_bf16_fp32_2x16x4_1x4x1_neon/32/176/real_time",156505,894.551,892.764,ns,,,"2x32x176",,,4,2,16,176,2,32,1,1,4
"dot/dot_bf16_bf16_fp32_2x16x4_1x4x1_neon/32/264/real_time",105369,1328.59,1325.67,ns,,,"2x32x264",,,4,2,16,264,2,32,1,1,4
"dot/dot_bf16_bf16_fp32_2x16x4_1x4x1_neon/32/356/real_time",78578,1781.8,1778.45,ns,,,"2x32x356",,,4,2,16,356,2,32,1,1,4
"dot/dot_bf16_bf16_fp32_2x16x4_1x4x1_neon/64/4/real_time",2009048,69.327,69.2,ns,,,"2x64x4",,,4,2,16,4,2,64,1,1,4
"dot/dot_bf16_bf16_fp32_2x16x4_1x4x1_neon/64/44/real_time",297198,471.762,470.635,ns,,,"2x64x44",,,4,2,16,44,2,64,1,1,4
"dot/dot_bf16_bf16_fp32_2x16x4_1x4x1_neon/64/88/real_time",154313,906.83,905.072,ns,,,"2x64x88",,,4,2,16,88,2,64,1,1,4
"dot/dot_bf16_bf16_fp32_2x16x4_1x4x1_neon/64/132/real_time",104333,1340.89,1338.09,ns,,,"2x64x132",,,4,2,16,132,2,64,1,1,4
"dot/dot_bf16_bf16_fp32_2x16x4_1x4x1_neon/64/180/real_time",77222,1812.68,1808.91,ns,,,"2x64x180",,,4,2,16,180,2,64,1,1,4
"dot/dot_bf16_bf16_fp32_2x16x4_1x4x1_neon/128/4/real_time",1131781,123.729,123.473,ns,,,"2x128x4",,,4,2,16,4,2,128,1,1,4
"dot/dot_bf16_bf16_fp32_2x16x4_1x4x1_neon/128/20/real_time",309039,453.111,452.172,ns,,,"2x128x20",,,4,2,16,20,2,128,1,1,4
"dot/dot_bf16_bf16_fp32_2x16x4_1x4x1_neon/128/44/real_time",148795,940.954,939.028,ns,,,"2x128x44",,,4,2,16,44,2,128,1,1,4
"dot/dot_bf16_bf16_fp32_2x16x4_1x4x1_neon/128/64/real_time",104727,1337.32,1334.5,ns,,,"2x128x64",,,4,2,16,64,2,128,1,1,4
"dot/dot_bf16_bf16_fp32_2x16x4_1x4x1_neon/128/88/real_time",76957,1819.91,1816.11,ns,,,"2x128x88",,,4,2,16,88,2,128,1,1,4
"dot/dot_bf16_bf16_fp32_3x16x4_1x4x1_neon/16/4/real_time",4492710,31.1561,31.0914,ns,,,"3x16x4",,,4,3,16,4,3,16,1,1,4
"dot/dot_bf16_bf16_fp32_3x16x4_1x4x1_neon/16/160/real_time",242421,577.554,576.396,ns,,,"3x16x160",,,4,3,16,160,3,16,1,1,4
"dot/dot_bf16_bf16_fp32_3x16x4_1x4x1_neon/16/320/real_time",123510,1135.47,1133.33,ns,,,"3x16x320",,,4,3,16,320,3,16,1,1,4
"dot/dot_bf16_bf16_fp32_3x16x4_1x4x1_neon/16/480/real_time",82697,1693.15,1689.73,ns,,,"3x16x480",,,4,3,16,480,3,16,1,1,4
"dot/dot_bf16_bf16_fp32_3x16x4_1x4x1_neon/16/640/real_time",62183,2251.72,2247.05,ns,,,"3x16x640",,,4,3,16,640,3,16,1,1,4
"dot/dot_bf16_bf16_fp32_3x16x4_1x4x1_neon/32/4/real_time",2760092,50.7403,50.6322,ns,,,"3x32x4",,,4,3,16,4,3,32,1,1,4
"dot/dot_bf16_bf16_fp32_3x16x4_1x4x1_neon/32/84/real_time",228568,612.505,611.212,ns,,,"3x32x84",,,4,3,16,84,3,32,1,1,4
"dot/dot_bf16_bf16_fp32_3x16x4_1x4x1_neon/32/172/real_time",113977,1227.22,1224.74,ns,,,"3x32x172",,,4,3,16,172,3,32,1,1,4
"dot/dot_bf16_bf16_fp32_3x16x4_1x4x1_neon/32/256/real_time",77276,1812.28,1808.08,ns,,,"3x32x256",,,4,3,16,256,3,32,1,1,4
"dot/dot_bf16_bf16_fp32_3x16x4_1x4x1_neon/32/344/real_time",57689,2427.01,2421.32,ns,,,"3x32x344",,,4,3,16,344,3,32,1,1,4
"dot/dot_bf16_bf16_fp32_3x16x4_1x4x1_neon/64/4/real_time",1567271,89.1642,88.9624,ns,,,"3x64x4",,,4,3,16,4,3,64,1,1,4
"dot/dot_bf16_bf16_fp32_3x16x4_1x4x1_neon/64/44/real_time",215498,649.743,648.299,ns,,,"3x64x44",,,4,3,16,44,3,64,1,1,4
"dot/dot_bf16_bf16_fp32_3x16x4_1x4x1_neon/64/88/real_time",110172,1271.53,1268.69,ns,,,"3x64x88",,,4,3,16,88,3,64,1,1,4
"dot/dot_bf16_bf16_fp32_3x16x4_1x4x1_neon/64/132/real_time",74344,1882.36,1878.7,ns,,,"3x64x132",,,4,3,16,132,3,64,1,1,4
"dot/dot_bf16_bf16_fp32_3x16x4_1x4x1_neon/64/176/real_time",56019,2497.74,2492.46,ns,,,"3x64x176",,,4,3,16,176,3,64,1,1,4
"dot/dot_bf16_bf16_fp32_3x16x4_1x4x1_neon/128/4/real_time",842886,166.163,165.842,ns,,,"3x128x4",,,4,3,16,4,3,128,1,1,4
"dot/dot_bf16_bf16_fp32_3x16x4_1x4x1_neon/128/20/real_time",224539,623.49,622.161,ns,,,"3x128x20",,,4,3,16,20,3,128,1,1,4
"dot/dot_bf16_bf16_fp32_3x16x4_1x4x1_neon/128/40/real_time",118274,1183.47,1180.98,ns,,,"3x128x40",,,4,3,16,40,3,128,1,1,4
"dot/dot_bf16_bf16_fp32_3x16x4_1x4x1_neon/128/60/real_time",80435,1740.89,1737.27,ns,,,"3x128x60",,,4,3,16,60,3,128,1,1,4
"dot/dot_bf16_bf16_fp32_3x16x4_1x4x1_neon/128/84/real_time",57941,2415.94,2411.33,ns,,,"3x128x84",,,4,3,16,84,3,128,1,1,4
"dot/dot_bf16_bf16_fp32_4x16x4_1x4x1_neon/16/4/real_time",3709321,37.7538,37.6761,ns,,,"4x16x4",,,4,4,16,4,4,16,1,1,4
"dot/dot_bf16_bf16_fp32_4x16x4_1x4x1_neon/16/152/real_time",200117,699.602,698.156,ns,,,"4x16x152",,,4,4,16,152,4,16,1,1,4
"dot/dot_bf16_bf16_fp32_4x16x4_1x4x1_neon/16/304/real_time",101618,1377.81,1374.99,ns,,,"4x16x304",,,4,4,16,304,4,16,1,1,4
"dot/dot_bf16_bf16_fp32_4x16x4_1x4x1_neon/16/456/real_time",68222,2053.41,2048.92,ns,,,"4x16x456",,,4,4,16,456,4,16,1,1,4
"dot/dot_bf16_bf16_fp32_4x16x4_1x4x1_neon/16/608/real_time",51234,2732.86,2727.28,ns,,,"4x16x608",,,4,4,16,608,4,16,1,1,4
"dot/dot_bf16_bf16_fp32_4x16x4_1x4x1_neon/32/4/real_time",2204935,63.3613,63.2409,ns,,,"4x32x4",,,4,4,16,4,4,32,1,1,4
"dot/dot_bf16_bf16_fp32_4x16x4_1x4x1_neon/32/80/real_time",187680,746.024,744.566,ns,,,"4x32x80",,,4,4,16,80,4,32,1,1,4
"dot/dot_bf16_bf16_fp32_4x16x4_1x4x1_neon/32/164/real_time",93641,1495.23,1491.87,ns,,,"4x32x164",,,4,4,16,164,4,32,1,1,4
"dot/dot_bf16_bf16_fp32_4x16x4_1x4x1_neon/32/248/real_time",62284,2245.21,2240.08,ns,,,"4x32x248",,,4,4,16,248,4,32,1,1,4
"dot/dot_bf16_bf16_fp32_4x16x4_1x4x1_neon/32/332/real_time",46744,2993.62,2986.98,ns,,,"4x32x332",,,4,4,16,332,4,32,1,1,4
"dot/dot_bf16_bf16_fp32_4x16x4_1x4x1_neon/64/4/real_time",1234956,114.157,113.888,ns,,,"4x64x4",,,4,4,16,4,4,64,1,1,4
"dot/dot_bf16_bf16_fp32_4x16x4_1x4x1_neon/64/40/real_time",184780,755.895,754.176,ns,,,"4x64x40",,,4,4,16,40,4,64,1,1,4
"dot/dot_bf16_bf16_fp32_4x16x4_1x4x1_neon/64/84/real_time",90249,1551.23,1547.67,ns,,,"4x64x84",,,4,4,16,84,4,64,1,1,4
"dot/dot_bf16_bf16_fp32_4x16x4_1x4x1_neon/64/128/real_time",59891,2336.94,2332.44,ns,,,"4x64x128",,,4,4,16,128,4,64,1,1,4
"dot/dot_bf16_bf16_fp32_4x16x4_1x4x1_neon/64/172/real_time",44940,3115.4,3109.25,ns,,,"4x64x172",,,4,4,16,172,4,64,1,1,4
"dot/dot_bf16_bf16_fp32_4x16x4_1x4x1_neon/128/4/real_time",645838,215.813,215.323,ns,,,"4x128x4",,,4,4,16,4,4,128,1,1,4
"dot/dot_bf16_bf16_fp32_4x16x4_1x4x1_neon/128/20/real_time",178470,784.233,782.513,ns,,,"4x128x20",,,4,4,16,20,4,128,1,1,4
"dot/dot_bf16_bf16_fp32_4x16x4_1x4x1_neon/128/40/real_time",93024,1504.8,1501.31,ns,,,"4x128x40",,,4,4,16,40,4,128,1,1,4
"dot/dot_bf16_bf16_fp32_4x16x4_1x4x1_neon/128/60/real_time",62946,2224.66,2219.58,ns,,,"4x128x60",,,4,4,16,60,4,128,1,1,4
"dot/dot_bf16_bf16_fp32_4x16x4_1x4x1_neon/128/84/real_time",45210,3094.47,3088.68,ns,,,"4x128x84",,,4,4,16,84,4,128,1,1,4
"dot/dot_bf16_bf16_fp32_5x16x4_1x4x1_neon/16/4/real_time",3149949,44.4742,44.3778,ns,,,"5x16x4",,,4,5,16,4,5,16,1,1,4
"dot/dot_bf16_bf16_fp32_5x16x4_1x4x1_neon/16/144/real_time",177456,788.492,786.867,ns,,,"5x16x144",,,4,5,16,144,5,16,1,1,4
"dot/dot_bf16_bf16_fp32_5x16x4_1x4x1_neon/16/288/real_time",90134,1553.07,1549.95,ns,,,"5x16x288",,,4,5,16,288,5,16,1,1,4
"dot/dot_bf16_bf16_fp32_5x16x4_1x4x1_neon/16/432/real_time",60438,2315.62,2311.4,ns,,,"5x16x432",,,4,5,16,432,5,16,1,1,4
"dot/dot_bf16_bf16_fp32_5x16x4_1x4x1_neon/16/576/real_time",45470,3080.02,3073.5,ns,,,"5x16x576",,,4,5,16,576,5,16,1,1,4
"dot/dot_bf16_bf16_fp32_5x16x4_1x4x1_neon/32/4/real_time",1868956,74.9094,74.7462,ns,,,"5x32x4",,,4,5,16,4,5,32,1,1,4
"dot/dot_bf16_bf16_fp32_5x16x4_1x4x1_neon/32/80/real_time",158431,883.845,882.106,ns,,,"5x32x80",,,4,5,16,80,5,32,1,1,4
"dot/dot_bf16_bf16_fp32_5x16x4_1x4x1_neon/32/160/real_time",80815,1732.99,1729.48,ns,,,"5x32x160",,,4,5,16,160,5,32,1,1,4
"dot/dot_bf16_bf16_fp32_5x16x4_1x4x1_neon/32/240/real_time",54199,2584.63,2578.42,ns,,,"5x32x240",,,4,5,16,240,5,32,1,1,4
"dot/dot_bf16_bf16_fp32_5x16x4_1x4x1_neon/32/320/real_time",40811,3429.5,3422.75,ns,,,"5x32x320",,,4,5,16,320,5,32,1,1,4
"dot/dot_bf16_bf16_fp32_5x16x4_1x4x1_neon/64/4/real_time",1029621,135.887,135.607,ns,,,"5x64x4",,,4,5,16,4,5,64,1,1,4
"dot/dot_bf16_bf16_fp32_5x16x4_1x4x1_neon/64/40/real_time",155056,902.784,901.072,ns,,,"5x64x40",,,4,5,16,40,5,64,1,1,4
"dot/dot_bf16_bf16_fp32_5x16x4_1x4x1_neon/64/84/real_time",76060,1839.11,1835.54,ns,,,"5x64x84",,,4,5,16,84,5,64,1,1,4
"dot/dot_bf16_bf16_fp32_5x16x4_1x4x1_neon/64/124/real_time",52066,2688.02,2682.98,ns,,,"5x64x124",,,4,5,16,124,5,64,1,1,4
"dot/dot_bf16_bf16_fp32_5x16x4_1x4x1_neon/64/168/real_time",38663,3622.09,3614.63,ns,,,"5x64x168",,,4,5,16,168,5,64,1,1,4
"dot/dot_bf16_bf16_fp32_5x16x4_1x4x1_neon/128/4/real_time",542364,257.837,257.365,ns,,,"5x128x4",,,4,5,16,4,5,128,1,1,4
"dot/dot_bf16_bf16_fp32_5x16x4_1x4x1_neon/128/20/real_time",147998,946.41,944.482,ns,,,"5x128x20",,,4,5,16,20,5,128,1,1,4
"dot/dot_bf16_bf16_fp32_5x16x4_1x4x1_neon/128/40/real_time",77973,1794.98,1791.77,ns,,,"5x128x40",,,4,5,16,40,5,128,1,1,4
"dot/dot_bf16_bf16_fp32_5x16x4_1x4x1_neon/128/60/real_time",52817,2650.62,2645.42,ns,,,"5x128x60",,,4,5,16,60,5,128,1,1,4
"dot/dot_bf16_bf16_fp32_5x16x4_1x4x1_neon/128/80/real_time",39971,3504.67,3496.46,ns,,,"5x128x80",,,4,5,16,80,5,128,1,1,4
"dot/dot_bf16_bf16_fp32_1x8x4_1x4x1_neon/8/4/real_time",8952162,15.9139,15.8841,ns,,,"1x8x4",,,4,1,8,4,1,8,1,1,4
"dot/dot_bf16_bf16_fp32_1x8x4_1x4x1_neon/8/340/real_time",469708,298.124,297.54,ns,,,"1x8x340",,,4,1,8,340,1,8,1,1,4
"dot/dot_bf16_bf16_fp32_1x8x4_1x4x1_neon/8/680/real_time",240353,582.654,581.497,ns,,,"1x8x680",,,4,1,8,680,1,8,1,1,4
"dot/dot_bf16_bf16_fp32_1x8x4_1x4x1_neon/8/1020/real_time",161647,865.946,864.27,ns,,,"1x8x1020",,,4,1,8,1020,1,8,1,1,4
"dot/dot_bf16_bf16_fp32_1x8x4_1x4x1_neon/8/1360/real_time",121679,1150.59,1148.36,ns,,,"1x8x1360",,,4,1,8,1360,1,8,1,1,4
"dot/dot_bf16_bf16_fp32_1x8x4_1x4x1_neon/16/4/real_time",5895174,23.7579,23.7096,ns,,,"1x16x4",,,4,1,8,4,1,16,1,1,4
"dot/dot_bf16_bf16_fp32_1x8x4_1x4x1_neon/16/180/real_time",437248,320.173,319.58,ns,,,"1x16x180",,,4,1,8,180,1,16,1,1,4
"dot/dot_bf16_bf16_fp32_1x8x4_1x4x1_neon/16/360/real_time",225447,620.953,619.749,ns,,,"1x16x360",,,4,1,8,360,1,16,1,1,4
"dot/dot_bf16_bf16_fp32_1x8x4_1x4x1_neon/16/540/real_time",151861,922.971,920.952,ns,,,"1x16x540",,,4,1,8,540,1,16,1,1,4
"dot/dot_bf16_bf16_fp32_1x8x4_1x4x1_neon/16/720/real_time",114077,1227.78,1225.31,ns,,,"1x16x720",,,4,1,8,720,1,16,1,1,4
"dot/dot_bf16_bf16_fp32_1x8x4_1x4x1_neon/32/4/real_time",3517253,39.7875,39.7067,ns,,,"1x32x4",,,4,1,8,4,1,32,1,1,4
"dot/dot_bf16_bf16_fp32_1x8x4_1x4x1_neon/32/92/real_time",418570,334.418,333.669,ns,,,"1x32x92",,,4,1,8,92,1,32,1,1,4
"dot/dot_bf16_bf16_fp32_1x8x4_1x4x1_neon/32/184/real_time",217739,643.048,641.652,ns,,,"1x32x184",,,4,1,8,184,1,32,1,1,4
"dot/dot_bf16_bf16_fp32_1x8x4_1x4x1_neon/32/276/real_time",146409,956.579,954.474,ns,,,"1x32x276",,,4,1,8,276,1,32,1,1,4
"dot/dot_bf16_bf16_fp32_1x8x4_1x4x1_neon/32/368/real_time",110838,1264.05,1260.95,ns,,,"1x32x368",,,4,1,8,368,1,32,1,1,4
"dot/dot_bf16_bf16_fp32_1x8x4_1x4x1_neon/64/4/real_time",1942980,72.0389,71.8756,ns,,,"1x64x4",,,4,1,8,4,1,64,1,1,4
"dot/dot_bf16_bf16_fp32_1x8x4_1x4x1_neon/64/44/real_time",409293,342.149,341.438,ns,,,"1x64x44",,,4,1,8,44,1,64,1,1,4
"dot/dot_bf16_bf16_fp32_1x8x4_1x4x1_neon/64/92/real_time",210375,664.218,662.726,ns,,,"1x64x92",,,4,1,8,92,1,64,1,1,4
"dot/dot_bf16_bf16_fp32_1x8x4_1x4x1_neon/64/136/real_time",146378,956.057,953.981,ns,,,"1x64x136",,,4,1,8,136,1,64,1,1,4
"dot/dot_bf16_bf16_fp32_1x8x4_1x4x1_neon/64/184/real_time",109677,1276.35,1273.8,ns,,,"1x64x184",,,4,1,8,184,1,64,1,1,4
"dot/dot_bf16_bf16_fp32_4x8x4_1x4x1_neon/8/4/real_time",5170586,27.0624,27.0072,ns,,,"4x8x4",,,4,4,8,4,4,8,1,1,4
"dot/dot_bf16_bf16_fp32_4x8x4_1x4x1_neon/8/252/real_time",235696,593.977,592.818,ns,,,"4x8x252",,,4,4,8,252,4,8,1,1,4
"dot/dot_bf16_bf16_fp32_4x8x4_1x4x1_neon/8/508/real_time",118944,1176.39,1174.07,ns,,,"4x8x508",,,4,4,8,508,4,8,1,1,4
"dot/dot_bf16_bf16_fp32_4x8x4_1x4x1_neon/8/760/real_time",79971,1749.07,1745.65,ns,,,"4x8x760",,,4,4,8,760,4,8,1,1,4
"dot/dot_bf16_bf16_fp32_4x8x4_1x4x1_neon/8/1016/real_time",60038,2332.53,2327.33,ns,,,"4x8x1016",,,4,4,8,1016,4,8,1,1,4
"dot/dot_bf16_bf16_fp32_4x8x4_1x4x1_neon/16/4/real_time",3337230,41.8451,41.751,ns,,,"4x16x4",,,4,4,8,4,4,16,1,1,4
"dot/dot_bf16_bf16_fp32_4x8x4_1x4x1_neon/16/152/real_time",194894,718.325,716.991,ns,,,"4x16x152",,,4,4,8,152,4,16,1,1,4
"dot/dot_bf16_bf16_fp32_4x8x4_1x4x1_neon/16/304/real_time",99185,1411.24,1408.36,ns,,,"4x16x304",,,4,4,8,304,4,16,1,1,4
"dot/dot_bf16_bf16_fp32_4x8x4_1x4x1_neon/16/456/real_time",66592,2103.61,2098.65,ns,,,"4x16x456",,,4,4,8,456,4,16,1,1,4
"dot/dot_bf16_bf16_fp32_4x8x4_1x4x1_neon/16/608/real_time",50089,2793.71,2788.39,ns,,,"4x16x608",,,4,4,8,608,4,16,1,1,4
"dot/dot_bf16_bf16_fp32_4x8x4_1x4x1_neon/32/4/real_time",1953477,71.5424,71.3947,ns,,,"4x32x4",,,4,4,8,4,4,32,1,1,4
"dot/dot_bf16_bf16_fp32_4x8x4_1x4x1_neon/32/80/real_time",183033,764.607,763.203,ns,,,"4x32x80",,,4,4,8,80,4,32,1,1,4
"dot/dot_bf16_bf16_fp32_4x8x4_1x4x1_neon/32/164/real_time",91226,1535.11,1532.27,ns,,,"4x32x164",,,4,4,8,164,4,32,1,1,4
"dot/dot_bf16_bf16_fp32_4x8x4_1x4x1_neon/32/248/real_time",60889,2299.9,2295.51,ns,,,"4x32x248",,,4,4,8,248,4,32,1,1,4
"dot/dot_bf16_bf16_fp32_4x8x4_1x4x1_neon/32/332/real_time",45572,3071.59,3065.97,ns,,,"4x32x332",,,4,4,8,332,4,32,1,1,4
"dot/dot_bf16_bf16_fp32_4x8x4_1x4x1_neon/64/4/real_time",1067369,131.123,130.866,ns,,,"4x64x4",,,4,4,8,4,4,64,1,1,4
"dot/dot_bf16_bf16_fp32_4x8x4_1x4x1_neon/64/40/real_time",176113,795.06,793.544,ns,,,"4x64x40",,,4,4,8,40,4,64,1,1,4
"dot/dot_bf16_bf16_fp32_4x8x4_1x4x1_neon/64/84/real_time",87618,1597.65,1594.66,ns,,,"4x64x84",,,4,4,8,84,4,64,1,1,4
"dot/dot_bf16_bf16_fp32_4x8x4_1x4x1_neon/64/128/real_time",58246,2403.6,2398.93,ns,,,"4x64x128",,,4,4,8,128,4,64,1,1,4
"dot/dot_bf16_bf16_fp32_4x8x4_1x4x1_neon/64/172/real_time",43498,3219.65,3213.3,ns,,,"4x64x172",,,4,4,8,172,4,64,1,1,4
"dot/dot_bf16_bf16_fp32_6x8x4_1x4x1_neon/8/4/real_time",4085903,33.4077,33.3421,ns,,,"6x8x4",,,4,6,8,4,6,8,1,1,4
"dot/dot_bf16_bf16_fp32_6x8x4_1x4x1_neon/8/216/real_time",190494,734.767,733.283,ns,,,"6x8x216",,,4,6,8,216,6,8,1,1,4
"dot/dot_bf16_bf16_fp32_6x8x4_1x4x1_neon/8/432/real_time",96723,1446.85,1443.93,ns,,,"6x8x432",,,4,6,8,432,6,8,1,1,4
"dot/dot_bf16_bf16_fp32_6x8x4_1x4x1_neon/8/648/real_time",64812,2158.92,2155.17,ns,,,"6x8x648",,,4,6,8,648,6,8,1,1,4
"dot/dot_bf16_bf16_fp32_6x8x4_1x4x1_neon/8/868/real_time",48522,2885.52,2879.83,ns,,,"6x8x868",,,4,6,8,868,6,8,1,1,4
"dot/dot_bf16_bf16_fp32_6x8x4_1x4x1_neon/16/4/real_time",2634027,53.1638,53.0451,ns,,,"6x16x4",,,4,6,8,4,6,16,1,1,4
"dot/dot_bf16_bf16_fp32_6x8x4_1x4x1_neon/16/136/real_time",151724,922.217,920.423,ns,,,"6x16x136",,,4,6,8,136,6,16,1,1,4
"dot/dot_bf16_bf16_fp32_6x8x4_1x4x1_neon/16/272/real_time",76835,1822.05,1818.54,ns,,,"6x16x272",,,4,6,8,272,6,16,1,1,4
"dot/dot_bf16_bf16_fp32_6x8x4_1x4x1_neon/16/408/real_time",51606,2712.33,2707.44,ns,,,"6x16x408",,,4,6,8,408,6,16,1,1,4
"dot/dot_bf16_bf16_fp32_6x8x4_1x4x1_neon/16/548/real_time",38470,3638.18,3631.39,ns,,,"6x16x548",,,4,6,8,548,6,16,1,1,4
"dot/dot_bf16_bf16_fp32_6x8x4_1x4x1_neon/32/4/real_time",1486075,94.2104,94.0276,ns,,,"6x32x4",,,4,6,8,4,6,32,1,1,4
"dot/dot_bf16_bf16_fp32_6x8x4_1x4x1_neon/32/76/real_time",134417,1041.2,1038.79,ns,,,"6x32x76",,,4,6,8,76,6,32,1,1,4
"dot/dot_bf16_bf16_fp32_6x8x4_1x4x1_neon/32/156/real_time",66768,2095.92,2091.58,ns,,,"6x32x156",,,4,6,8,156,6,32,1,1,4
"dot/dot_bf16_bf16_fp32_6x8x4_1x4x1_neon/32/232/real_time",45220,3094.8,3088.88,ns,,,"6x32x232",,,4,6,8,232,6,32,1,1,4
"dot/dot_bf16_bf16_fp32_6x8x4_1x4x1_neon/32/312/real_time",33694,4155.33,4147.31,ns,,,"6x32x312",,,4,6,8,312,6,32,1,1,4
"dot/dot_bf16_bf16_fp32_6x8x4_1x4x1_neon/64/4/real_time",802811,174.408,174.05,ns,,,"6x64x4",,,4,6,8,4,6,64,1,1,4
"dot/dot_bf16_bf16_fp32_6x8x4_1x4x1_neon/64/40/real_time",125554,1115.11,1112.45,ns,,,"6x64x40",,,4,6,8,40,6,64,1,1,4
"dot/dot_bf16_bf16_fp32_6x8x4_1x4x1_neon/64/80/real_time",64222,2180.01,2175.47,ns,,,"6x64x80",,,4,6,8,80,6,64,1,1,4
"dot/dot_bf16_bf16_fp32_6x8x4_1x4x1_neon/64/120/real_time",43299,3233.79,3227,ns,,,"6x64x120",,,4,6,8,120,6,64,1,1,4
"dot/dot_bf16_bf16_fp32_6x8x4_1x4x1_neon/64/164/real_time",31806,4402.08,4394.2,ns,,,"6x64x164",,,4,6,8,164,6,64,1,1,4
"dot/dot_bf16_bf16_fp32_8x8x4_1x4x1_neon/8/4/real_time",3214859,43.5352,43.4563,ns,,,"8x8x4",,,4,8,8,4,8,8,1,1,4
"dot/dot_bf16_bf16_fp32_8x8x4_1x4x1_neon/8/188/real_time",178076,786.259,784.791,ns,,,"8x8x188",,,4,8,8,188,8,8,1,1,4
"dot/dot_bf16_bf16_fp32_8x8x4_1x4x1_neon/8/380/real_time",89783,1559.88,1556.66,ns,,,"8x8x380",,,4,8,8,380,8,8,1,1,4
"dot/dot_bf16_bf16_fp32_8x8x4_1x4x1_neon/8/568/real_time",60371,2319.11,2314.56,ns,,,"8x8x568",,,4,8,8,568,8,8,1,1,4
"dot/dot_bf16_bf16_fp32_8x8x4_1x4x1_neon/8/760/real_time",45256,3093.08,3087.02,ns,,,"8x8x760",,,4,8,8,760,8,8,1,1,4
"dot/dot_bf16_bf16_fp32_8x8x4_1x4x1_neon/16/4/real_time",2020868,69.2355,69.105,ns,,,"8x16x4",,,4,8,8,4,8,16,1,1,4
"dot/dot_bf16_bf16_fp32_8x8x4_1x4x1_neon/16/124/real_time",134977,1037.59,1035.65,ns,,,"8x16x124",,,4,8,8,124,8,16,1,1,4
"dot/dot_bf16_bf16_fp32_8x8x4_1x4x1_neon/16/248/real_time",68615,2039.51,2035.74,ns,,,"8x16x248",,,4,8,8,248,8,16,1,1,4
"dot/dot_bf16_bf16_fp32_8x8x4_1x4x1_neon/16/372/real_time",46087,3038.01,3032.21,ns,,,"8x16x372",,,4,8,8,372,8,16,1,1,4
"dot/dot_bf16_bf16_fp32_8x8x4_1x4x1_neon/16/500/real_time",34390,4070.25,4062.04,ns,,,"8x16x500",,,4,8,8,500,8,16,1,1,4
"dot/dot_bf16_bf16_fp32_8x8x4_1x4x1_neon/32/4/real_time",1189109,117.99,117.772,ns,,,"8x32x4",,,4,8,8,4,8,32,1,1,4
"dot/dot_bf16_bf16_fp32_8x8x4_1x4x1_neon/32/72/real_time",114928,1218.7,1216.34,ns,,,"8x32x72",,,4,8,8,72,8,32,1,1,4
"dot/dot_bf16_bf16_fp32_8x8x4_1x4x1_neon/32/144/real_time",58686,2385.22,2380.64,ns,,,"8x32x144",,,4,8,8,144,8,32,1,1,4
"dot/dot_bf16_bf16_fp32_8x8x4_1x4x1_neon/32/216/real_time",39512,3544.21,3536.98,ns,,,"8x32x216",,,4,8,8,216,8,32,1,1,4
"dot/dot_bf16_bf16_fp32_8x8x4_1x4x1_neon/32/292/real_time",29311,4776.69,4765.52,ns,,,"8x32x292",,,4,8,8,292,8,32,1,1,4
"dot/dot_bf16_bf16_fp32_8x8x4_1x4x1_neon/64/4/real_time",650103,215.348,214.811,ns,,,"8x64x4",,,4,8,8,4,8,64,1,1,4
"dot/dot_bf16_bf16_fp32_8x8x4_1x4x1_neon/64/36/real_time",111704,1253.14,1250.3,ns,,,"8x64x36",,,4,8,8,36,8,64,1,1,4
"dot/dot_bf16_bf16_fp32_8x8x4_1x4x1_neon/64/76/real_time",54812,2555.25,2549.43,ns,,,"8x64x76",,,4,8,8,76,8,64,1,1,4
"dot/dot_bf16_bf16_fp32_8x8x4_1x4x1_neon/64/116/real_time",36362,3848.68,3841.08,ns,,,"8x64x116",,,4,8,8,116,8,64,1,1,4
"dot/dot_bf16_bf16_fp32_8x8x4_1x4x1_neon/64/156/real_time",27248,5136.08,5126.96,ns,,,"8x64x156",,,4,8,8,156,8,64,1,1,4
"dot/dot_bf16_bf16_fp32_8x4x4_1x4x1_neon/4/4/real_time",4114067,34.0836,34.0188,ns,,,"8x4x4",,,4,8,4,4,8,4,1,1,4
"dot/dot_bf16_bf16_fp32_8x4x4_1x4x1_neon/4/252/real_time",236532,591.964,590.745,ns,,,"8x4x252",,,4,8,4,252,8,4,1,1,4
"dot/dot_bf16_bf16_fp32_8x4x4_1x4x1_neon/4/508/real_time",119616,1164.63,1162.49,ns,,,"8x4x508",,,4,8,4,508,8,4,1,1,4
"dot/dot_bf16_bf16_fp32_8x4x4_1x4x1_neon/4/760/real_time",80273,1744.21,1740.5,ns,,,"8x4x760",,,4,8,4,760,8,4,1,1,4
"dot/dot_bf16_bf16_fp32_8x4x4_1x4x1_neon/4/1016/real_time",60344,2305.49,2300.76,ns,,,"8x4x1016",,,4,8,4,1016,8,4,1,1,4
"dot/dot_bf16_bf16_fp32_8x4x4_1x4x1_neon/8/4/real_time",2943863,47.5554,47.4631,ns,,,"8x8x4",,,4,8,4,4,8,8,1,1,4
"dot/dot_bf16_bf16_fp32_8x4x4_1x4x1_neon/8/188/real_time",158865,881.157,879.469,ns,,,"8x8x188",,,4,8,4,188,8,8,1,1,4
"dot/dot_bf16_bf16_fp32_8x4x4_1x4x1_neon/8/380/real_time",80118,1747.09,1743.54,ns,,,"8x8x380",,,4,8,4,380,8,8,1,1,4
"dot/dot_bf16_bf16_fp32_8x4x4_1x4x1_neon/8/568/real_time",53985,2593.64,2588.23,ns,,,"8x8x568",,,4,8,4,568,8,8,1,1,4
"dot/dot_bf16_bf16_fp32_8x4x4_1x4x1_neon/8/760/real_time",40491,3458.82,3451.82,ns,,,"8x8x760",,,4,8,4,760,8,8,1,1,4
"dot/dot_bf16_bf16_fp32_8x4x4_1x4x1_neon/16/4/real_time",1874476,74.6441,74.5094,ns,,,"8x16x4",,,4,8,4,4,8,16,1,1,4
"dot/dot_bf16_bf16_fp32_8x4x4_1x4x1_neon/16/124/real_time",120367,1163.2,1160.84,ns,,,"8x16x124",,,4,8,4,124,8,16,1,1,4
"dot/dot_bf16_bf16_fp32_8x4x4_1x4x1_neon/16/248/real_time",61154,2289.44,2284.7,ns,,,"8x16x248",,,4,8,4,248,8,16,1,1,4
"dot/dot_bf16_bf16_fp32_8x4x4_1x4x1_neon/16/372/real_time",40971,3415.12,3408.02,ns,,,"8x16x372",,,4,8,4,372,8,16,1,1,4
"dot/dot_bf16_bf16_fp32_8x4x4_1x4x1_neon/16/500/real_time",30629,4573.55,4564.31,ns,,,"8x16x500",,,4,8,4,500,8,16,1,1,4
"dot/dot_bf16_bf16_fp32_8x4x4_1x4x1_neon/32/4/real_time",1091979,128.265,127.997,ns,,,"8x32x4",,,4,8,4,4,8,32,1,1,4
"dot/dot_bf16_bf16_fp32_8x4x4_1x4x1_neon/32/72/real_time",103506,1351.28,1348.88,ns,,,"8x32x72",,,4,8,4,72,8,32,1,1,4
"dot/dot_bf16_bf16_fp32_8x4x4_1x4x1_neon/32/144/real_time",52235,2678.15,2672.42,ns,,,"8x32x144",,,4,8,4,144,8,32,1,1,4
"dot/dot_bf16_bf16_fp32_8x4x4_1x4x1_neon/32/216/real_time",35386,3979.64,3971.33,ns,,,"8x32x216",,,4,8,4,216,8,32,1,1,4
"dot/dot_bf16_bf16_fp32_8x4x4_1x4x1_neon/32/292/real_time",26156,5350.46,5339.79,ns,,,"8x32x292",,,4,8,4,292,8,32,1,1,4
"dot/dot_int8_int2_int32_1x32x16_1x4x16_neondot/32/16/real_time",5283801,26.7233,26.6708,ns,,,"1x32x16",,,16,1,32,16,1,32,16,1,4
"dot/dot_int8_int2_int32_1x32x16_1x4x16_neondot/32/672/real_time",232477,602.409,601.094,ns,,,"1x32x672",,,16,1,32,672,1,32,16,1,4
"dot/dot_int8_int2_int32_1x32x16_1x4x16_neondot/32/1344/real_time",117863,1190.86,1188.64,ns,,,"1x32x1344",,,16,1,32,1344,1,32,16,1,4
"dot/dot_int8_int2_int32_1x32x16_1x4x16_neondot/32/2016/real_time",78642,1780.66,1777.12,ns,,,"1x32x2016",,,16,1,32,2016,1,32,16,1,4
"dot/dot_int8_int2_int32_1x32x16_1x4x16_neondot/32/2704/real_time",58715,2383.4,2378.56,ns,,,"1x32x2704",,,16,1,32,2704,1,32,16,1,4
"dot/dot_int8_int2_int32_1x32x16_1x4x16_neondot/64/16/real_time",3235056,43.5129,43.427,ns,,,"1x64x16",,,16,1,32,16,1,64,16,1,4
"dot/dot_int8_int2_int32_1x32x16_1x4x16_neondot/64/352/real_time",222507,629.198,627.958,ns,,,"1x64x352",,,16,1,32,352,1,64,16,1,4
"dot/dot_int8_int2_int32_1x32x16_1x4x16_neondot/64/704/real_time",112635,1243.21,1240.71,ns,,,"1x64x704",,,16,1,32,704,1,64,16,1,4
"dot/dot_int8_int2_int32_1x32x16_1x4x16_neondot/64/1056/real_time",75414,1856.34,1852.89,ns,,,"1x64x1056",,,16,1,32,1056,1,64,16,1,4
"dot/dot_int8_int2_int32_1x32x16_1x4x16_neondot/64/1424/real_time",56041,2498.65,2493.24,ns,,,"1x64x1424",,,16,1,32,1424,1,64,16,1,4
"dot/dot_int8_int2_int32_1x32x16_1x4x16_neondot/128/16/real_time",1828167,76.6656,76.5188,ns,,,"1x128x16",,,16,1,32,16,1,128,16,1,4
"dot/dot_int8_int2_int32_1x32x16_1x4x16_neondot/128/176/real_time",220752,634.259,633.051,ns,,,"1x128x176",,,16,1,32,176,1,128,16,1,4
"dot/dot_int8_int2_int32_1x32x16_1x4x16_neondot/128/352/real_time",112218,1247.98,1245.34,ns,,,"1x128x352",,,16,1,32,352,1,128,16,1,4
"dot/dot_int8_int2_int32_1x32x16_1x4x16_neondot/128/528/real_time",75192,1861.25,1857.91,ns,,,"1x128x528",,,16,1,32,528,1,128,16,1,4
"dot/dot_int8_int2_int32_1x32x16_1x4x16_neondot/128/720/real_time",55312,2531.18,2526.12,ns,,,"1x128x720",,,16,1,32,720,1,128,16,1,4
"dot/dot_int8_int2_int32_1x32x16_1x4x16_neondot/256/16/real_time",979174,142.974,142.702,ns,,,"1x256x16",,,16,1,32,16,1,256,16,1,4
"dot/dot_int8_int2_int32_1x32x16_1x4x16_neondot/256/80/real_time",237245,590.207,588.96,ns,,,"1x256x80",,,16,1,32,80,1,256,16,1,4
"dot/dot_int8_int2_int32_1x32x16_1x4x16_neondot/256/176/real_time",111236,1258.48,1255.95,ns,,,"1x256x176",,,16,1,32,176,1,256,16,1,4
"dot/dot_int8_int2_int32_1x32x16_1x4x16_neondot/256/256/real_time",77083,1815.87,1812.65,ns,,,"1x256x256",,,16,1,32,256,1,256,16,1,4
"dot/dot_int8_int2_int32_1x32x16_1x4x16_neondot/256/352/real_time",56321,2485.02,2480.1,ns,,,"1x256x352",,,16,1,32,352,1,256,16,1,4
"dot/dot_int8_int2_int32_1x16x16_1x4x16_neondot/16/16/real_time",7755168,18.0432,18.0066,ns,,,"1x16x16",,,16,1,16,16,1,16,16,1,4
"dot/dot_int8_int2_int32_1x16x16_1x4x16_neondot/16/1216/real_time",253879,551.294,550.053,ns,,,"1x16x1216",,,16,1,16,1216,1,16,16,1,4
"dot/dot_int8_int2_int32_1x16x16_1x4x16_neondot/16/2448/real_time",127811,1095.8,1093.61,ns,,,"1x16x2448",,,16,1,16,2448,1,16,16,1,4
"dot/dot_int8_int2_int32_1x16x16_1x4x16_neondot/16/3664/real_time",85765,1632.31,1629.17,ns,,,"1x16x3664",,,16,1,16,3664,1,16,16,1,4
"dot/dot_int8_int2_int32_1x16x16_1x4x16_neondot/16/4896/real_time",64240,2176.91,2172.47,ns,,,"1x16x4896",,,16,1,16,4896,1,16,16,1,4
"dot/dot_int8_int2_int32_1x16x16_1x4x16_neondot/32/16/real_time",5122689,27.4511,27.3913,ns,,,"1x32x16",,,16,1,16,16,1,32,16,1,4
"dot/dot_int8_int2_int32_1x16x16_1x4x16_neondot/32/672/real_time",229712,609.74,608.453,ns,,,"1x32x672",,,16,1,16,672,1,32,16,1,4
"dot/dot_int8_int2_int32_1x16x16_1x4x16_neondot/32/1344/real_time",116361,1202.9,1200.7,ns,,,"1x32x1344",,,16,1,16,1344,1,32,16,1,4
"dot/dot_int8_int2_int32_1x16x16_1x4x16_neondot/32/2016/real_time",77951,1796.15,1792.53,ns,,,"1x32x2016",,,16,1,16,2016,1,32,16,1,4
"dot/dot_int8_int2_int32_1x16x16_1x4x16_neondot/32/2704/real_time",58205,2405.93,2401.08,ns,,,"1x32x2704",,,16,1,16,2704,1,32,16,1,4
"dot/dot_int8_int2_int32_1x16x16_1x4x16_neondot/64/16/real_time",3138558,44.4436,44.3649,ns,,,"1x64x16",,,16,1,16,16,1,64,16,1,4
"dot/dot_int8_int2_int32_1x16x16_1x4x16_neondot/64/352/real_time",218566,641.168,639.989,ns,,,"1x64x352",,,16,1,16,352,1,64,16,1,4
"dot/dot_int8_int2_int32_1x16x16_1x4x16_neondot/64/704/real_time",110954,1262.31,1259.92,ns,,,"1x64x704",,,16,1,16,704,1,64,16,1,4
"dot/dot_int8_int2_int32_1x16x16_1x4x16_neondot/64/1056/real_time",74319,1884.63,1880.46,ns,,,"1x64x1056",,,16,1,16,1056,1,64,16,1,4
"dot/dot_int8_int2_int32_1x16x16_1x4x16_neondot/64/1424/real_time",55251,2533.45,2528.46,ns,,,"1x64x1424",,,16,1,16,1424,1,64,16,1,4
"dot/dot_int8_int2_int32_1x16x16_1x4x16_neondot/128/16/real_time",1783537,78.5511,78.3874,ns,,,"1x128x16",,,16,1,16,16,1,128,16,1,4
"dot/dot_int8_int2_int32_1x16x16_1x4x16_neondot/128/176/real_time",216137,647.29,646.012,ns,,,"1x128x176",,,16,1,16,176,1,128,16,1,4
"dot/dot_int8_int2_int32_1x16x16_1x4x16_neondot/128/352/real_time",110255,1269.07,1266.86,ns,,,"1x128x352",,,16,1,16,352,1,128,16,1,4
"dot/dot_int8_int2_int32_1x16x16_1x4x16_neondot/128/528/real_time",73955,1892.08,1888.43,ns,,,"1x128x528",,,16,1,16,528,1,128,16,1,4
"dot/dot_int8_int2_int32_1x16x16_1x4x16_neondot/128/720/real_time",54379,2575.23,2569.99,ns,,,"1x128x720",,,16,1,16,720,1,128,16,1,4
"dot/dot_int8_int2_int32_2x16x16_1x4x16_neondot/16/16/real_time",6006347,23.3854,23.3391,ns,,,"2x16x16",,,16,2,16,16,2,16,16,1,4
"dot/dot_int8_int2_int32_2x16x16_1x4x16_neondot/16/1008/real_time",216174,646.986,645.6,ns,,,"2x16x1008",,,16,2,16,1008,2,16,16,1,4
"dot/dot_int8_int2_int32_2x16x16_1x4x16_neondot/16/2032/real_time",108488,1284.53,1281.92,ns,,,"2x16x2032",,,16,2,16,2032,2,16,16,1,4
"dot/dot_int8_int2_int32_2x16x16_1x4x16_neondot/16/3040/real_time",72993,1916.79,1913.41,ns,,,"2x16x3040",,,16,2,16,3040,2,16,16,1,4
"dot/dot_int8_int2_int32_2x16x16_1x4x16_neondot/16/4064/real_time",54725,2558.01,2553.01,ns,,,"2x16x4064",,,16,2,16,4064,2,16,16,1,4
"dot/dot_int8_int2_int32_2x16x16_1x4x16_neondot/32/16/real_time",3685227,37.9955,37.9169,ns,,,"2x32x16",,,16,2,16,16,2,32,16,1,4
"dot/dot_int8_int2_int32_2x16x16_1x4x16_neondot/32/608/real_time",179394,779.678,778.086,ns,,,"2x32x608",,,16,2,16,608,2,32,16,1,4
"dot/dot_int8_int2_int32_2x16x16_1x4x16_neondot/32/1216/real_time",90187,1549.23,1546.02,ns,,,"2x32x1216",,,16,2,16,1216,2,32,16,1,4
"dot/dot_int8_int2_int32_2x16x16_1x4x16_neondot/32/1824/real_time",60855,2302.04,2297.34,ns,,,"2x32x1824",,,16,2,16,1824,2,32,16,1,4
"dot/dot_int8_int2_int32_2x16x16_1x4x16_neondot/32/2432/real_time",45430,3080.4,3074.53,ns,,,"2x32x2432",,,16,2,16,2432,2,32,16,1,4
"dot/dot_int8_int2_int32_2x16x16_1x4x16_neondot/64/16/real_time",2086856,67.0674,66.928,ns,,,"2x64x16",,,16,2,16,16,2,64,16,1,4
"dot/dot_int8_int2_int32_2x16x16_1x4x16_neondot/64/320/real_time",167837,833.785,832.219,ns,,,"2x64x320",,,16,2,16,320,2,64,16,1,4
"dot/dot_int8_int2_int32_2x16x16_1x4x16_neondot/64/656/real_time",83292,1681.8,1678.09,ns,,,"2x64x656",,,16,2,16,656,2,64,16,1,4
"dot/dot_int8_int2_int32_2x16x16_1x4x16_neondot/64/992/real_time",55992,2501.16,2496.13,ns,,,"2x64x992",,,16,2,16,992,2,64,16,1,4
"dot/dot_int8_int2_int32_2x16x16_1x4x16_neondot/64/1328/real_time",41576,3366.6,3360.05,ns,,,"2x64x1328",,,16,2,16,1328,2,64,16,1,4
"dot/dot_int8_int2_int32_2x16x16_1x4x16_neondot/128/16/real_time",1116257,125.643,125.354,ns,,,"2x128x16",,,16,2,16,16,2,128,16,1,4
"dot/dot_int8_int2_int32_2x16x16_1x4x16_neondot/128/160/real_time",164857,848.516,846.808,ns,,,"2x128x160",,,16,2,16,160,2,128,16,1,4
"dot/dot_int8_int2_int32_2x16x16_1x4x16_neondot/128/336/real_time",80545,1738.7,1735.46,ns,,,"2x128x336",,,16,2,16,336,2,128,16,1,4
"dot/dot_int8_int2_int32_2x16x16_1x4x16_neondot/128/512/real_time",53322,2626.2,2620.89,ns,,,"2x128x512",,,16,2,16,512,2,128,16,1,4
"dot/dot_int8_int2_int32_2x16x16_1x4x16_neondot/128/688/real_time",39858,3512.69,3506.27,ns,,,"2x128x688",,,16,2,16,688,2,128,16,1,4
"dot/dot_int8_int2_int32_1x8x16_1x4x16_neondot/8/16/real_time",10450851,13.2167,13.1892,ns,,,"1x8x16",,,16,1,8,16,1,8,16,1,4
"dot/dot_int8_int2_int32_1x8x16_1x4x16_neondot/8/2032/real_time",300555,465.651,464.672,ns,,,"1x8x2032",,,16,1,8,2032,1,8,16,1,4
"dot/dot_int8_int2_int32_1x8x16_1x4x16_neondot/8/4080/real_time",151857,921.688,919.898,ns,,,"1x8x4080",,,16,1,8,4080,1,8,16,1,4
"dot/dot_int8_int2_int32_1x8x16_1x4x16_neondot/8/6128/real_time",101604,1383.38,1380.84,ns,,,"1x8x6128",,,16,1,8,6128,1,8,16,1,4
"dot/dot_int8_int2_int32_1x8x16_1x4x16_neondot/8/8176/real_time",76122,1838.42,1834.68,ns,,,"1x8x8176",,,16,1,8,8176,1,8,16,1,4
"dot/dot_int8_int2_int32_1x8x16_1x4x16_neondot/16/16/real_time",7526591,18.5665,18.5302,ns,,,"1x16x16",,,16,1,8,16,1,16,16,1,4
"dot/dot_int8_int2_int32_1x8x16_1x4x16_neondot/16/1216/real_time",251266,556.98,555.888,ns,,,"1x16x1216",,,16,1,8,1216,1,16,16,1,4
"dot/dot_int8_int2_int32_1x8x16_1x4x16_neondot/16/2448/real_time",126435,1108.3,1106.32,ns,,,"1x16x2448",,,16,1,8,2448,1,16,16,1,4
"dot/dot_int8_int2_int32_1x8x16_1x4x16_neondot/16/3664/real_time",84692,1652.65,1649.45,ns,,,"1x16x3664",,,16,1,8,3664,1,16,16,1,4
"dot/dot_int8_int2_int32_1x8x16_1x4x16_neondot/16/4896/real_time",63060,2220.28,2215.83,ns,,,"1x16x4896",,,16,1,8,4896,1,16,16,1,4
"dot/dot_int8_int2_int32_1x8x16_1x4x16_neondot/32/16/real_time",4896941,27.8511,27.7983,ns,,,"1x32x16",,,16,1,8,16,1,32,16,1,4
"dot/dot_int8_int2_int32_1x8x16_1x4x16_neondot/32/672/real_time",225071,622,620.753,ns,,,"1x32x672",,,16,1,8,672,1,32,16,1,4
"dot/dot_int8_int2_int32_1x8x16_1x4x16_neondot/32/1344/real_time",115165,1214.13,1211.77,ns,,,"1x32x1344",,,16,1,8,1344,1,32,16,1,4
"dot/dot_int8_int2_int32_1x8x16_1x4x16_neondot/32/2016/real_time",76906,1818.03,1814.57,ns,,,"1x32x2016",,,16,1,8,2016,1,32,16,1,4
"dot/dot_int8_int2_int32_1x8x16_1x4x16_neondot/32/2704/real_time",57698,2426.42,2421.72,ns,,,"1x32x2704",,,16,1,8,2704,1,32,16,1,4
"dot/dot_int8_int2_int32_1x8x16_1x4x16_neondot/64/16/real_time",2918408,47.5425,47.4443,ns,,,"1x64x16",,,16,1,8,16,1,64,16,1,4
"dot/dot_int8_int2_int32_1x8x16_1x4x16_neondot/64/352/real_time",215413,650.08,648.719,ns,,,"1x64x352",,,16,1,8,352,1,64,16,1,4
"dot/dot_int8_int2_int32_1x8x16_1x4x16_neondot/64/704/real_time",108861,1285.99,1283.53,ns,,,"1x64x704",,,16,1,8,704,1,64,16,1,4
"dot/dot_int8_int2_int32_1x8x16_1x4x16_neondot/64/1056/real_time",72168,1934.05,1930.04,ns,,,"1x64x1056",,,16,1,8,1056,1,64,16,1,4
"dot/dot_int8_int2_int32_1x8x16_1x4x16_neondot/64/1424/real_time",54803,2555.44,2550.33,ns,,,"1x64x1424",,,16,1,8,1424,1,64,16,1,4
"dot/dot_int8_int2_int32_2x8x16_1x4x16_neondot/8/16/real_time",7909213,17.7059,17.6712,ns,,,"2x8x16",,,16,2,8,16,2,8,16,1,4
"dot/dot_int8_int2_int32_2x8x16_1x4x16_neondot/8/1520/real_time",284583,492.126,490.962,ns,,,"2x8x1520",,,16,2,8,1520,2,8,16,1,4
"dot/dot_int8_int2_int32_2x8x16_1x4x16_neondot/8/3056/real_time",143874,973.265,971.088,ns,,,"2x8x3056",,,16,2,8,3056,2,8,16,1,4
"dot/dot_int8_int2_int32_2x8x16_1x4x16_neondot/8/4592/real_time",96175,1454.94,1451.98,ns,,,"2x8x4592",,,16,2,8,4592,2,8,16,1,4
"dot/dot_int8_int2_int32_2x8x16_1x4x16_neondot/8/6128/real_time",72170,1939.66,1935.96,ns,,,"2x8x6128",,,16,2,8,6128,2,8,16,1,4
"dot/dot_int8_int2_int32_2x8x16_1x4x16_neondot/16/16/real_time",5230939,26.7271,26.6736,ns,,,"2x16x16",,,16,2,8,16,2,16,16,1,4
"dot/dot_int8_int2_int32_2x8x16_1x4x16_neondot/16/1008/real_time",215204,650.634,649.399,ns,,,"2x16x1008",,,16,2,8,1008,2,16,16,1,4
"dot/dot_int8_int2_int32_2x8x16_1x4x16_neondot/16/2032/real_time",108236,1291.91,1289.42,ns,,,"2x16x2032",,,16,2,8,2032,2,16,16,1,4
"dot/dot_int8_int2_int32_2x8x16_1x4x16_neondot/16/3040/real_time",72697,1925.63,1922.05,ns,,,"2x16x3040",,,16,2,8,3040,2,16,16,1,4
"dot/dot_int8_int2_int32_2x8x16_1x4x16_neondot/16/4064/real_time",54542,2567.46,2562.68,ns,,,"2x16x4064",,,16,2,8,4064,2,16,16,1,4
"dot/dot_int8_int2_int32_2x8x16_1x4x16_neondot/32/16/real_time",3199477,43.7671,43.6788,ns,,,"2x32x16",,,16,2,8,16,2,32,16,1,4
"dot/dot_int8_int2_int32_2x8x16_1x4x16_neondot/32/608/real_time",177003,791.125,789.546,ns,,,"2x32x608",,,16,2,8,608,2,32,16,1,4
"dot/dot_int8_int2_int32_2x8x16_1x4x16_neondot/32/1216/real_time",89933,1557.29,1554.39,ns,,,"2x32x1216",,,16,2,8,1216,2,32,16,1,4
"dot/dot_int8_int2_int32_2x8x16_1x4x16_neondot/32/1824/real_time",60329,2317.77,2313.46,ns,,,"2x32x1824",,,16,2,8,1824,2,32,16,1,4
"dot/dot_int8_int2_int32_2x8x16_1x4x16_neondot/32/2432/real_time",45447,3083.17,3076.88,ns,,,"2x32x2432",,,16,2,8,2432,2,32,16,1,4
"dot/dot_int8_int2_int32_2x8x16_1x4x16_neondot/64/16/real_time",1783198,78.5146,78.353,ns,,,"2x64x16",,,16,2,8,16,2,64,16,1,4
"dot/dot_int8_int2_int32_2x8x16_1x4x16_neondot/64/320/real_time",163717,853.444,851.644,ns,,,"2x64x320",,,16,2,8,320,2,64,16,1,4
"dot/dot_int8_int2_int32_2x8x16_1x4x16_neondot/64/656/real_time",82977,1688.63,1685.74,ns,,,"2x64x656",,,16,2,8,656,2,64,16,1,4
"dot/dot_int8_int2_int32_2x8x16_1x4x16_neondot/64/992/real_time",55276,2532.26,2527.3,ns,,,"2x64x992",,,16,2,8,992,2,64,16,1,4
"dot/dot_int8_int2_int32_2x8x16_1x4x16_neondot/64/1328/real_time",41482,3373.43,3367.33,ns,,,"2x64x1328",,,16,2,8,1328,2,64,16,1,4
"dot/dot_int8_int2_int32_3x8x16_1x4x16_neondot/8/16/real_time",6702670,20.8754,20.8382,ns,,,"3x8x16",,,16,3,8,16,3,8,16,1,4
"dot/dot_int8_int2_int32_3x8x16_1x4x16_neondot/8/1216/real_time",259734,538.915,537.934,ns,,,"3x8x1216",,,16,3,8,1216,3,8,16,1,4
"dot/dot_int8_int2_int32_3x8x16_1x4x16_neondot/8/2448/real_time",126035,1111.05,1108.8,ns,,,"3x8x2448",,,16,3,8,2448,3,8,16,1,4
"dot/dot_int8_int2_int32_3x8x16_1x4x16_neondot/8/3664/real_time",87574,1598.99,1596.3,ns,,,"3x8x3664",,,16,3,8,3664,3,8,16,1,4
"dot/dot_int8_int2_int32_3x8x16_1x4x16_neondot/8/4896/real_time",65773,2128.97,2124.76,ns,,,"3x8x4896",,,16,3,8,4896,3,8,16,1,4
"dot/dot_int8_int2_int32_3x8x16_1x4x16_neondot/16/16/real_time",4528963,30.9024,30.8418,ns,,,"3x16x16",,,16,3,8,16,3,16,16,1,4
"dot/dot_int8_int2_int32_3x8x16_1x4x16_neondot/16/864/real_time",186074,752.461,751.156,ns,,,"3x16x864",,,16,3,8,864,3,16,16,1,4
"dot/dot_int8_int2_int32_3x8x16_1x4x16_neondot/16/1728/real_time",93873,1491.82,1488.78,ns,,,"3x16x1728",,,16,3,8,1728,3,16,16,1,4
"dot/dot_int8_int2_int32_3x8x16_1x4x16_neondot/16/2592/real_time",62988,2223.69,2219.19,ns,,,"3x16x2592",,,16,3,8,2592,3,16,16,1,4
"dot/dot_int8_int2_int32_3x8x16_1x4x16_neondot/16/3472/real_time",47044,2976.82,2970.88,ns,,,"3x16x3472",,,16,3,8,3472,3,16,16,1,4
"dot/dot_int8_int2_int32_3x8x16_1x4x16_neondot/32/16/real_time",2747837,50.9404,50.8468,ns,,,"3x32x16",,,16,3,8,16,3,32,16,1,4
"dot/dot_int8_int2_int32_3x8x16_1x4x16_neondot/32/544/real_time",148131,945.03,943.181,ns,,,"3x32x544",,,16,3,8,544,3,32,16,1,4
"dot/dot_int8_int2_int32_3x8x16_1x4x16_neondot/32/1088/real_time",74470,1880.65,1877.11,ns,,,"3x32x1088",,,16,3,8,1088,3,32,16,1,4
"dot/dot_int8_int2_int32_3x8x16_1x4x16_neondot/32/1632/real_time",50299,2783.26,2777.88,ns,,,"3x32x1632",,,16,3,8,1632,3,32,16,1,4
"dot/dot_int8_int2_int32_3x8x16_1x4x16_neondot/32/2192/real_time",37293,3755.26,3748.13,ns,,,"3x32x2192",,,16,3,8,2192,3,32,16,1,4
"dot/dot_int8_int2_int32_3x8x16_1x4x16_neondot/64/16/real_time",1543521,90.6951,90.5246,ns,,,"3x64x16",,,16,3,8,16,3,64,16,1,4
"dot/dot_int8_int2_int32_3x8x16_1x4x16_neondot/64/304/real_time",130951,1068.71,1066.58,ns,,,"3x64x304",,,16,3,8,304,3,64,16,1,4
"dot/dot_int8_int2_int32_3x8x16_1x4x16_neondot/64/624/real_time",65302,2144.71,2140.83,ns,,,"3x64x624",,,16,3,8,624,3,64,16,1,4
"dot/dot_int8_int2_int32_3x8x16_1x4x16_neondot/64/928/real_time",43973,3183.46,3177.27,ns,,,"3x64x928",,,16,3,8,928,3,64,16,1,4
"dot/dot_int8_int2_int32_3x8x16_1x4x16_neondot/64/1248/real_time",32815,4266.21,4257.35,ns,,,"3x64x1248",,,16,3,8,1248,3,64,16,1,4
"dot/dot_int8_int2_int32_4x8x16_1x4x16_neondot/8/16/real_time",5442262,25.7094,25.6598,ns,,,"4x8x16",,,16,4,8,16,4,8,16,1,4
"dot/dot_int8_int2_int32_4x8x16_1x4x16_neondot/8/1008/real_time",250429,559.142,558.038,ns,,,"4x8x1008",,,16,4,8,1008,4,8,16,1,4
"dot/dot_int8_int2_int32_4x8x16_1x4x16_neondot/8/2032/real_time",126198,1109.52,1107.43,ns,,,"4x8x2032",,,16,4,8,2032,4,8,16,1,4
"dot/dot_int8_int2_int32_4x8x16_1x4x16_neondot/8/3040/real_time",84847,1650.23,1647.26,ns,,,"4x8x3040",,,16,4,8,3040,4,8,16,1,4
"dot/dot_int8_int2_int32_4x8x16_1x4x16_neondot/8/4064/real_time",63556,2202.88,2198.23,ns,,,"4x8x4064",,,16,4,8,4064,4,8,16,1,4
"dot/dot_int8_int2_int32_4x8x16_1x4x16_neondot/16/16/real_time",3685534,38.03,37.9545,ns,,,"4x16x16",,,16,4,8,16,4,16,16,1,4
"dot/dot_int8_int2_int32_4x8x16_1x4x16_neondot/16/752/real_time",168765,829.579,827.953,ns,,,"4x16x752",,,16,4,8,752,4,16,16,1,4
"dot/dot_int8_int2_int32_4x8x16_1x4x16_neondot/16/1520/real_time",84603,1655.04,1652.16,ns,,,"4x16x1520",,,16,4,8,1520,4,16,16,1,4
"dot/dot_int8_int2_int32_4x8x16_1x4x16_neondot/16/2272/real_time",56616,2471.33,2466.66,ns,,,"4x16x2272",,,16,4,8,2272,4,16,16,1,4
"dot/dot_int8_int2_int32_4x8x16_1x4x16_neondot/16/3040/real_time",42285,3313.62,3307.27,ns,,,"4x16x3040",,,16,4,8,3040,4,16,16,1,4
"dot/dot_int8_int2_int32_4x8x16_1x4x16_neondot/32/16/real_time",2222875,63.0058,62.8841,ns,,,"4x32x16",,,16,4,8,16,4,32,16,1,4
"dot/dot_int8_int2_int32_4x8x16_1x4x16_neondot/32/496/real_time",127875,1094.58,1092.57,ns,,,"4x32x496",,,16,4,8,496,4,32,16,1,4
"dot/dot_int8_int2_int32_4x8x16_1x4x16_neondot/32/992/real_time",64568,2168.28,2164.33,ns,,,"4x32x992",,,16,4,8,992,4,32,16,1,4
"dot/dot_int8_int2_int32_4x8x16_1x4x16_neondot/32/1488/real_time",43356,3228.98,3222.12,ns,,,"4x32x1488",,,16,4,8,1488,4,32,16,1,4
"dot/dot_int8_int2_int32_4x8x16_1x4x16_neondot/32/2000/real_time",32256,4341.16,4332.13,ns,,,"4x32x2000",,,16,4,8,2000,4,32,16,1,4
"dot/dot_int8_int2_int32_4x8x16_1x4x16_neondot/64/16/real_time",1239785,112.976,112.755,ns,,,"4x64x16",,,16,4,8,16,4,64,16,1,4
"dot/dot_int8_int2_int32_4x8x16_1x4x16_neondot/64/288/real_time",109021,1284.26,1281.59,ns,,,"4x64x288",,,16,4,8,288,4,64,16,1,4
"dot/dot_int8_int2_int32_4x8x16_1x4x16_neondot/64/576/real_time",55437,2515.69,2510.7,ns,,,"4x64x576",,,16,4,8,576,4,64,16,1,4
"dot/dot_int8_int2_int32_4x8x16_1x4x16_neondot/64/864/real_time",37186,3765.53,3758.27,ns,,,"4x64x864",,,16,4,8,864,4,64,16,1,4
"dot/dot_int8_int2_int32_4x8x16_1x4x16_neondot/64/1168/real_time",27615,5070.96,5060.76,ns,,,"4x64x1168",,,16,4,8,1168,4,64,16,1,4
"dot/dot_int8_int2_int32_8x8x16_1x4x16_neondot/8/16/real_time",3519806,39.755,39.6785,ns,,,"8x8x16",,,16,8,8,16,8,8,16,1,4
"dot/dot_int8_int2_int32_8x8x16_1x4x16_neondot/8/608/real_time",244041,573.641,572.614,ns,,,"8x8x608",,,16,8,8,608,8,8,16,1,4
"dot/dot_int8_int2_int32_8x8x16_1x4x16_neondot/8/1216/real_time",122328,1143.44,1141.05,ns,,,"8x8x1216",,,16,8,8,1216,8,8,16,1,4
"dot/dot_int8_int2_int32_8x8x16_1x4x16_neondot/8/1824/real_time",84002,1665.39,1662.24,ns,,,"8x8x1824",,,16,8,8,1824,8,8,16,1,4
"dot/dot_int8_int2_int32_8x8x16_1x4x16_neondot/8/2432/real_time",61948,2260.26,2255.96,ns,,,"8x8x2432",,,16,8,8,2432,8,8,16,1,4
"dot/dot_int8_int2_int32_8x8x16_1x4x16_neondot/16/16/real_time",2328060,60.1326,60.0149,ns,,,"8x16x16",,,16,8,8,16,8,16,16,1,4
"dot/dot_int8_int2_int32_8x8x16_1x4x16_neondot/16/496/real_time",151429,924.492,922.77,ns,,,"8x16x496",,,16,8,8,496,8,16,16,1,4
"dot/dot_int8_int2_int32_8x8x16_1x4x16_neondot/16/992/real_time",77095,1814.79,1811.39,ns,,,"8x16x992",,,16,8,8,992,8,16,16,1,4
"dot/dot_int8_int2_int32_8x8x16_1x4x16_neondot/16/1488/real_time",51739,2706.33,2700.91,ns,,,"8x16x1488",,,16,8,8,1488,8,16,16,1,4
"dot/dot_int8_int2_int32_8x8x16_1x4x16_neondot/16/2000/real_time",38615,3624.76,3618.39,ns,,,"8x16x2000",,,16,8,8,2000,8,16,16,1,4
"dot/dot_int8_int2_int32_8x8x16_1x4x16_neondot/32/16/real_time",1395746,100.21,100.024,ns,,,"8x32x16",,,16,8,8,16,8,32,16,1,4
"dot/dot_int8_int2_int32_8x8x16_1x4x16_neondot/32/368/real_time",102400,1367.47,1364.85,ns,,,"8x32x368",,,16,8,8,368,8,32,16,1,4
"dot/dot_int8_int2_int32_8x8x16_1x4x16_neondot/32/736/real_time",52089,2687.61,2682.7,ns,,,"8x32x736",,,16,8,8,736,8,32,16,1,4
"dot/dot_int8_int2_int32_8x8x16_1x4x16_neondot/32/1104/real_time",34913,4010.1,4002.26,ns,,,"8x32x1104",,,16,8,8,1104,8,32,16,1,4
"dot/dot_int8_int2_int32_8x8x16_1x4x16_neondot/32/1472/real_time",25692,5449.44,5439.76,ns,,,"8x32x1472",,,16,8,8,1472,8,32,16,1,4
"dot/dot_int8_int2_int32_8x8x16_1x4x16_neondot/64/16/real_time",776027,180.377,180.044,ns,,,"8x64x16",,,16,8,8,16,8,64,16,1,4
"dot/dot_int8_int2_int32_8x8x16_1x4x16_neondot/64/224/real_time",83434,1677.1,1674.17,ns,,,"8x64x224",,,16,8,8,224,8,64,16,1,4
"dot/dot_int8_int2_int32_8x8x16_1x4x16_neondot/64/464/real_time",41161,3400.14,3394.16,ns,,,"8x64x464",,,16,8,8,464,8,64,16,1,4
"dot/dot_int8_int2_int32_8x8x16_1x4x16_neondot/64/688/real_time",27900,5017.99,5008.3,ns,,,"8x64x688",,,16,8,8,688,8,64,16,1,4
"dot/dot_int8_int2_int32_8x8x16_1x4x16_neondot/64/928/real_time",20782,6737.65,6725.17,ns,,,"8x64x928",,,16,8,8,928,8,64,16,1,4
"dot/dot_int8_int2_int32_8x4x16_1x4x16_neondot/4/16/real_time",4785880,29.1972,29.1459,ns,,,"8x4x16",,,16,8,4,16,8,4,16,1,4
"dot/dot_int8_int2_int32_8x4x16_1x4x16_neondot/4/672/real_time",386676,361.98,361.297,ns,,,"8x4x672",,,16,8,4,672,8,4,16,1,4
"dot/dot_int8_int2_int32_8x4x16_1x4x16_neondot/4/1344/real_time",199620,701.615,700.26,ns,,,"8x4x1344",,,16,8,4,1344,8,4,16,1,4
"dot/dot_int8_int2_int32_8x4x16_1x4x16_neondot/4/2016/real_time",134088,1039.68,1037.85,ns,,,"8x4x2016",,,16,8,4,2016,8,4,16,1,4
"dot/dot_int8_int2_int32_8x4x16_1x4x16_neondot/4/2704/real_time",100780,1390.44,1387.81,ns,,,"8x4x2704",,,16,8,4,2704,8,4,16,1,4
"dot/dot_int8_int2_int32_8x4x16_1x4x16_neondot/8/16/real_time",3373185,41.4057,41.3277,ns,,,"8x8x16",,,16,8,4,16,8,8,16,1,4
"dot/dot_int8_int2_int32_8x4x16_1x4x16_neondot/8/608/real_time",219027,638.909,637.713,ns,,,"8x8x608",,,16,8,4,608,8,8,16,1,4
"dot/dot_int8_int2_int32_8x4x16_1x4x16_neondot/8/1216/real_time",111627,1254.47,1251.99,ns,,,"8x8x1216",,,16,8,4,1216,8,8,16,1,4
"dot/dot_int8_int2_int32_8x4x16_1x4x16_neondot/8/1824/real_time",74915,1869.37,1865.63,ns,,,"8x8x1824",,,16,8,4,1824,8,8,16,1,4
"dot/dot_int8_int2_int32_8x4x16_1x4x16_neondot/8/2432/real_time",56344,2485.22,2480.49,ns,,,"8x8x2432",,,16,8,4,2432,8,8,16,1,4
"dot/dot_int8_int2_int32_8x4x16_1x4x16_neondot/16/16/real_time",2223140,62.8053,62.6823,ns,,,"8x16x16",,,16,8,4,16,8,16,16,1,4
"dot/dot_int8_int2_int32_8x4x16_1x4x16_neondot/16/496/real_time",135448,1033.41,1031.44,ns,,,"8x16x496",,,16,8,4,496,8,16,16,1,4
"dot/dot_int8_int2_int32_8x4x16_1x4x16_neondot/16/992/real_time",68726,2037.27,2033.36,ns,,,"8x16x992",,,16,8,4,992,8,16,16,1,4
"dot/dot_int8_int2_int32_8x4x16_1x4x16_neondot/16/1488/real_time",46047,3040.99,3035.2,ns,,,"8x16x1488",,,16,8,4,1488,8,16,16,1,4
"dot/dot_int8_int2_int32_8x4x16_1x4x16_neondot/16/2000/real_time",34313,4084.61,4076.86,ns,,,"8x16x2000",,,16,8,4,2000,8,16,16,1,4
"dot/dot_int8_int2_int32_8x4x16_1x4x16_neondot/32/16/real_time",1305157,107.315,107.11,ns,,,"8x32x16",,,16,8,4,16,8,32,16,1,4
"dot/dot_int8_int2_int32_8x4x16_1x4x16_neondot/32/368/real_time",91432,1531.1,1528.08,ns,,,"8x32x368",,,16,8,4,368,8,32,16,1,4
"dot/dot_int8_int2_int32_8x4x16_1x4x16_neondot/32/736/real_time",46273,3025.21,3019.17,ns,,,"8x32x736",,,16,8,4,736,8,32,16,1,4
"dot/dot_int8_int2_int32_8x4x16_1x4x16_neondot/32/1104/real_time",31017,4514.43,4506.31,ns,,,"8x32x1104",,,16,8,4,1104,8,32,16,1,4
"dot/dot_int8_int2_int32_8x4x16_1x4x16_neondot/32/1472/real_time",23326,6001.1,5989.48,ns,,,"8x32x1472",,,16,8,4,1472,8,32,16,1,4
"dot/dot_int8_int4_int32_1x32x8_1x4x8_neondot/32/8/real_time",6626568,21.1267,21.0885,ns,,,"1x32x8",,,8,1,32,8,1,32,8,1,4
"dot/dot_int8_int4_int32_1x32x8_1x4x8_neondot/32/352/real_time",353434,395.864,395.071,ns,,,"1x32x352",,,8,1,32,352,1,32,8,1,4
"dot/dot_int8_int4_int32_1x32x8_1x4x8_neondot/32/712/real_time",177947,786.756,785.256,ns,,,"1x32x712",,,8,1,32,712,1,32,8,1,4
"dot/dot_int8_int4_int32_1x32x8_1x4x8_neondot/32/1072/real_time",118820,1177.62,1175.3,ns,,,"1x32x1072",,,8,1,32,1072,1,32,8,1,4
"dot/dot_int8_int4_int32_1x32x8_1x4x8_neondot/32/1432/real_time",89266,1568.58,1565.4,ns,,,"1x32x1432",,,8,1,32,1432,1,32,8,1,4
"dot/dot_int8_int4_int32_1x32x8_1x4x8_neondot/64/8/real_time",4284459,32.9205,32.8576,ns,,,"1x64x8",,,8,1,32,8,1,64,8,1,4
"dot/dot_int8_int4_int32_1x32x8_1x4x8_neondot/64/184/real_time",336431,416.197,415.387,ns,,,"1x64x184",,,8,1,32,184,1,64,8,1,4
"dot/dot_int8_int4_int32_1x32x8_1x4x8_neondot/64/368/real_time",171665,816.104,814.525,ns,,,"1x64x368",,,8,1,32,368,1,64,8,1,4
"dot/dot_int8_int4_int32_1x32x8_1x4x8_neondot/64/552/real_time",115230,1215.8,1213.44,ns,,,"1x64x552",,,8,1,32,552,1,64,8,1,4
"dot/dot_int8_int4_int32_1x32x8_1x4x8_neondot/64/736/real_time",86702,1614.69,1611.74,ns,,,"1x64x736",,,8,1,32,736,1,64,8,1,4
"dot/dot_int8_int4_int32_1x32x8_1x4x8_neondot/128/8/real_time",2488936,56.1565,56.0497,ns,,,"1x128x8",,,8,1,32,8,1,128,8,1,4
"dot/dot_int8_int4_int32_1x32x8_1x4x8_neondot/128/88/real_time",345981,405.089,404.269,ns,,,"1x128x88",,,8,1,32,88,1,128,8,1,4
"dot/dot_int8_int4_int32_1x32x8_1x4x8_neondot/128/184/real_time",170271,822.292,820.314,ns,,,"1x128x184",,,8,1,32,184,1,128,8,1,4
"dot/dot_int8_int4_int32_1x32x8_1x4x8_neondot/128/272/real_time",116031,1204.62,1201.82,ns,,,"1x128x272",,,8,1,32,272,1,128,8,1,4
"dot/dot_int8_int4_int32_1x32x8_1x4x8_neondot/128/368/real_time",86311,1621.37,1617.82,ns,,,"1x128x368",,,8,1,32,368,1,128,8,1,4
"dot/dot_int8_int4_int32_1x32x8_1x4x8_neondot/256/8/real_time",1369799,102.212,101.988,ns,,,"1x256x8",,,8,1,32,8,1,256,8,1,4
"dot/dot_int8_int4_int32_1x32x8_1x4x8_neondot/256/40/real_time",366549,381.602,380.856,ns,,,"1x256x40",,,8,1,32,40,1,256,8,1,4
"dot/dot_int8_int4_int32_1x32x8_1x4x8_neondot/256/88/real_time",175104,799.219,797.612,ns,,,"1x256x88",,,8,1,32,88,1,256,8,1,4
"dot/dot_int8_int4_int32_1x32x8_1x4x8_neondot/256/128/real_time",122278,1144.24,1141.95,ns,,,"1x256x128",,,8,1,32,128,1,256,8,1,4
"dot/dot_int8_int4_int32_1x32x8_1x4x8_neondot/256/176/real_time",89434,1564.71,1561.59,ns,,,"1x256x176",,,8,1,32,176,1,256,8,1,4
"dot/dot_int8_int4_int32_2x32x8_1x4x8_neondot/32/8/real_time",5243886,26.7329,26.6798,ns,,,"2x32x8",,,8,2,32,8,2,32,8,1,4
"dot/dot_int8_int4_int32_2x32x8_1x4x8_neondot/32/336/real_time",274359,510.293,509.283,ns,,,"2x32x336",,,8,2,32,336,2,32,8,1,4
"dot/dot_int8_int4_int32_2x32x8_1x4x8_neondot/32/672/real_time",139313,1004.81,1002.92,ns,,,"2x32x672",,,8,2,32,672,2,32,8,1,4
"dot/dot_int8_int4_int32_2x32x8_1x4x8_neondot/32/1008/real_time",93357,1499.6,1496.82,ns,,,"2x32x1008",,,8,2,32,1008,2,32,8,1,4
"dot/dot_int8_int4_int32_2x32x8_1x4x8_neondot/32/1344/real_time",70202,1994.13,1990.09,ns,,,"2x32x1344",,,8,2,32,1344,2,32,8,1,4
"dot/dot_int8_int4_int32_2x32x8_1x4x8_neondot/64/8/real_time",3225396,43.4378,43.3448,ns,,,"2x64x8",,,8,2,32,8,2,64,8,1,4
"dot/dot_int8_int4_int32_2x32x8_1x4x8_neondot/64/176/real_time",260105,538.272,537.242,ns,,,"2x64x176",,,8,2,32,176,2,64,8,1,4
"dot/dot_int8_int4_int32_2x32x8_1x4x8_neondot/64/352/real_time",132578,1056.03,1054,ns,,,"2x64x352",,,8,2,32,352,2,64,8,1,4
"dot/dot_int8_int4_int32_2x32x8_1x4x8_neondot/64/528/real_time",88913,1573.95,1571.1,ns,,,"2x64x528",,,8,2,32,528,2,64,8,1,4
"dot/dot_int8_int4_int32_2x32x8_1x4x8_neondot/64/704/real_time",66923,2092.61,2088.56,ns,,,"2x64x704",,,8,2,32,704,2,64,8,1,4
"dot/dot_int8_int4_int32_2x32x8_1x4x8_neondot/128/8/real_time",1820282,76.6459,76.4907,ns,,,"2x128x8",,,8,2,32,8,2,128,8,1,4
"dot/dot_int8_int4_int32_2x32x8_1x4x8_neondot/128/88/real_time",256323,546.203,545.116,ns,,,"2x128x88",,,8,2,32,88,2,128,8,1,4
"dot/dot_int8_int4_int32_2x32x8_1x4x8_neondot/128/176/real_time",130218,1073.81,1071.86,ns,,,"2x128x176",,,8,2,32,176,2,128,8,1,4
"dot/dot_int8_int4_int32_2x32x8_1x4x8_neondot/128/264/real_time",88479,1582.08,1579.15,ns,,,"2x128x264",,,8,2,32,264,2,128,8,1,4
"dot/dot_int8_int4_int32_2x32x8_1x4x8_neondot/128/352/real_time",66648,2101.55,2097.61,ns,,,"2x128x352",,,8,2,32,352,2,128,8,1,4
"dot/dot_int8_int4_int32_2x32x8_1x4x8_neondot/256/8/real_time",972014,143.985,143.704,ns,,,"2x256x8",,,8,2,32,8,2,256,8,1,4
"dot/dot_int8_int4_int32_2x32x8_1x4x8_neondot/256/40/real_time",271687,515.32,514.242,ns,,,"2x256x40",,,8,2,32,40,2,256,8,1,4
"dot/dot_int8_int4_int32_2x32x8_1x4x8_neondot/256/80/real_time",142306,983.506,981.684,ns,,,"2x256x80",,,8,2,32,80,2,256,8,1,4
"dot/dot_int8_int4_int32_2x32x8_1x4x8_neondot/256/120/real_time",95930,1457.85,1455.22,ns,,,"2x256x120",,,8,2,32,120,2,256,8,1,4
"dot/dot_int8_int4_int32_2x32x8_1x4x8_neondot/256/168/real_time",69190,2024.13,2020.12,ns,,,"2x256x168",,,8,2,32,168,2,256,8,1,4
"dot/dot_int8_int4_int32_3x32x8_1x4x8_neondot/32/8/real_time",4038744,34.6608,34.5935,ns,,,"3x32x8",,,8,3,32,8,3,32,8,1,4
"dot/dot_int8_int4_int32_3x32x8_1x4x8_neondot/32/312/real_time",230427,607.598,606.391,ns,,,"3x32x312",,,8,3,32,312,3,32,8,1,4
"dot/dot_int8_int4_int32_3x32x8_1x4x8_neondot/32/632/real_time",115820,1209.15,1206.08,ns,,,"3x32x632",,,8,3,32,632,3,32,8,1,4
"dot/dot_int8_int4_int32_3x32x8_1x4x8_neondot/32/952/real_time",77445,1808.79,1805.25,ns,,,"3x32x952",,,8,3,32,952,3,32,8,1,4
"dot/dot_int8_int4_int32_3x32x8_1x4x8_neondot/32/1272/real_time",58100,2408.61,2404.08,ns,,,"3x32x1272",,,8,3,32,1272,3,32,8,1,4
"dot/dot_int8_int4_int32_3x32x8_1x4x8_neondot/64/8/real_time",2397651,58.1481,58.0412,ns,,,"3x64x8",,,8,3,32,8,3,64,8,1,4
"dot/dot_int8_int4_int32_3x32x8_1x4x8_neondot/64/168/real_time",211794,662.144,660.859,ns,,,"3x64x168",,,8,3,32,168,3,64,8,1,4
"dot/dot_int8_int4_int32_3x32x8_1x4x8_neondot/64/336/real_time",108318,1292.55,1290.1,ns,,,"3x64x336",,,8,3,32,336,3,64,8,1,4
"dot/dot_int8_int4_int32_3x32x8_1x4x8_neondot/64/504/real_time",72861,1924.05,1919.95,ns,,,"3x64x504",,,8,3,32,504,3,64,8,1,4
"dot/dot_int8_int4_int32_3x32x8_1x4x8_neondot/64/680/real_time",54222,2582.62,2577.16,ns,,,"3x64x680",,,8,3,32,680,3,64,8,1,4
"dot/dot_int8_int4_int32_3x32x8_1x4x8_neondot/128/8/real_time",1355796,102.993,102.808,ns,,,"3x128x8",,,8,3,32,8,3,128,8,1,4
"dot/dot_int8_int4_int32_3x32x8_1x4x8_neondot/128/80/real_time",216150,647.471,646.255,ns,,,"3x128x80",,,8,3,32,80,3,128,8,1,4
"dot/dot_int8_int4_int32_3x32x8_1x4x8_neondot/128/168/real_time",106941,1309.31,1306.58,ns,,,"3x128x168",,,8,3,32,168,3,128,8,1,4
"dot/dot_int8_int4_int32_3x32x8_1x4x8_neondot/128/248/real_time",73276,1909.96,1906.22,ns,,,"3x128x248",,,8,3,32,248,3,128,8,1,4
"dot/dot_int8_int4_int32_3x32x8_1x4x8_neondot/128/336/real_time",54459,2569.94,2564.96,ns,,,"3x128x336",,,8,3,32,336,3,128,8,1,4
"dot/dot_int8_int4_int32_3x32x8_1x4x8_neondot/256/8/real_time",716283,195.514,195.119,ns,,,"3x256x8",,,8,3,32,8,3,256,8,1,4
"dot/dot_int8_int4_int32_3x32x8_1x4x8_neondot/256/40/real_time",205425,681.419,680.185,ns,,,"3x256x40",,,8,3,32,40,3,256,8,1,4
"dot/dot_int8_int4_int32_3x32x8_1x4x8_neondot/256/80/real_time",109149,1282.8,1280.29,ns,,,"3x256x80",,,8,3,32,80,3,256,8,1,4
"dot/dot_int8_int4_int32_3x32x8_1x4x8_neondot/256/120/real_time",74346,1881.64,1878.03,ns,,,"3x256x120",,,8,3,32,120,3,256,8,1,4
"dot/dot_int8_int4_int32_3x32x8_1x4x8_neondot/256/160/real_time",56341,2484.43,2479.58,ns,,,"3x256x160",,,8,3,32,160,3,256,8,1,4
"dot/dot_int8_int4_int32_1x16x8_1x4x8_neondot/16/8/real_time",9973898,14.7289,14.7,ns,,,"1x16x8",,,8,1,16,8,1,16,8,1,4
"dot/dot_int8_int4_int32_1x16x8_1x4x8_neondot/16/680/real_time",366588,381.921,381.199,ns,,,"1x16x680",,,8,1,16,680,1,16,8,1,4
"dot/dot_int8_int4_int32_1x16x8_1x4x8_neondot/16/1360/real_time",186487,750.724,749.219,ns,,,"1x16x1360",,,8,1,16,1360,1,16,8,1,4
"dot/dot_int8_int4_int32_1x16x8_1x4x8_neondot/16/2040/real_time",124884,1121.26,1118.99,ns,,,"1x16x2040",,,8,1,16,2040,1,16,8,1,4
"dot/dot_int8_int4_int32_1x16x8_1x4x8_neondot/16/2720/real_time",93959,1490.21,1487.39,ns,,,"1x16x2720",,,8,1,16,2720,1,16,8,1,4
"dot/dot_int8_int4_int32_1x16x8_1x4x8_neondot/32/8/real_time",6703106,21.0376,21.0015,ns,,,"1x32x8",,,8,1,16,8,1,32,8,1,4
"dot/dot_int8_int4_int32_1x16x8_1x4x8_neondot/32/352/real_time",351557,398.678,397.797,ns,,,"1x32x352",,,8,1,16,352,1,32,8,1,4
"dot/dot_int8_int4_int32_1x16x8_1x4x8_neondot/32/712/real_time",177617,787.956,786.49,ns,,,"1x32x712",,,8,1,16,712,1,32,8,1,4
"dot/dot_int8_int4_int32_1x16x8_1x4x8_neondot/32/1072/real_time",118875,1178.68,1176.17,ns,,,"1x32x1072",,,8,1,16,1072,1,32,8,1,4
"dot/dot_int8_int4_int32_1x16x8_1x4x8_neondot/32/1432/real_time",89143,1570.02,1566.98,ns,,,"1x32x1432",,,8,1,16,1432,1,32,8,1,4
"dot/dot_int8_int4_int32_1x16x8_1x4x8_neondot/64/8/real_time",3914394,35.7532,35.685,ns,,,"1x64x8",,,8,1,16,8,1,64,8,1,4
"dot/dot_int8_int4_int32_1x16x8_1x4x8_neondot/64/184/real_time",333318,420.022,419.169,ns,,,"1x64x184",,,8,1,16,184,1,64,8,1,4
"dot/dot_int8_int4_int32_1x16x8_1x4x8_neondot/64/368/real_time",170483,820.98,819.396,ns,,,"1x64x368",,,8,1,16,368,1,64,8,1,4
"dot/dot_int8_int4_int32_1x16x8_1x4x8_neondot/64/552/real_time",114840,1219.49,1217.02,ns,,,"1x64x552",,,8,1,16,552,1,64,8,1,4
"dot/dot_int8_int4_int32_1x16x8_1x4x8_neondot/64/736/real_time",86423,1620.07,1616.76,ns,,,"1x64x736",,,8,1,16,736,1,64,8,1,4
"dot/dot_int8_int4_int32_1x16x8_1x4x8_neondot/128/8/real_time",2194051,63.8357,63.6936,ns,,,"1x128x8",,,8,1,16,8,1,128,8,1,4
"dot/dot_int8_int4_int32_1x16x8_1x4x8_neondot/128/88/real_time",338033,414.193,413.294,ns,,,"1x128x88",,,8,1,16,88,1,128,8,1,4
"dot/dot_int8_int4_int32_1x16x8_1x4x8_neondot/128/184/real_time",168487,831.054,829.207,ns,,,"1x128x184",,,8,1,16,184,1,128,8,1,4
"dot/dot_int8_int4_int32_1x16x8_1x4x8_neondot/128/272/real_time",115107,1215.78,1213.24,ns,,,"1x128x272",,,8,1,16,272,1,128,8,1,4
"dot/dot_int8_int4_int32_1x16x8_1x4x8_neondot/128/368/real_time",85482,1637.52,1634.03,ns,,,"1x128x368",,,8,1,16,368,1,128,8,1,4
"dot/dot_int8_int4_int32_2x16x8_1x4x8_neondot/16/8/real_time",7200402,19.7769,19.7343,ns,,,"2x16x8",,,8,2,16,8,2,16,8,1,4
"dot/dot_int8_int4_int32_2x16x8_1x4x8_neondot/16/608/real_time",291099,481.155,480.085,ns,,,"2x16x608",,,8,2,16,608,2,16,8,1,4
"dot/dot_int8_int4_int32_2x16x8_1x4x8_neondot/16/1216/real_time",146905,953.32,951.118,ns,,,"2x16x1216",,,8,2,16,1216,2,16,8,1,4
"dot/dot_int8_int4_int32_2x16x8_1x4x8_neondot/16/1824/real_time",99172,1410.92,1408.16,ns,,,"2x16x1824",,,8,2,16,1824,2,16,8,1,4
"dot/dot_int8_int4_int32_2x16x8_1x4x8_neondot/16/2440/real_time",74187,1886.95,1883.26,ns,,,"2x16x2440",,,8,2,16,2440,2,16,8,1,4
"dot/dot_int8_int4_int32_2x16x8_1x4x8_neondot/32/8/real_time",4656831,30.158,30.0918,ns,,,"2x32x8",,,8,2,16,8,2,32,8,1,4
"dot/dot_int8_int4_int32_2x16x8_1x4x8_neondot/32/336/real_time",262329,533.106,532.054,ns,,,"2x32x336",,,8,2,16,336,2,32,8,1,4
"dot/dot_int8_int4_int32_2x16x8_1x4x8_neondot/32/672/real_time",133537,1047.63,1045.6,ns,,,"2x32x672",,,8,2,16,672,2,32,8,1,4
"dot/dot_int8_int4_int32_2x16x8_1x4x8_neondot/32/1008/real_time",89749,1560.07,1556.51,ns,,,"2x32x1008",,,8,2,16,1008,2,32,8,1,4
"dot/dot_int8_int4_int32_2x16x8_1x4x8_neondot/32/1344/real_time",66842,2094.02,2089.77,ns,,,"2x32x1344",,,8,2,16,1344,2,32,8,1,4
"dot/dot_int8_int4_int32_2x16x8_1x4x8_neondot/64/8/real_time",2789552,49.5225,49.4289,ns,,,"2x64x8",,,8,2,16,8,2,64,8,1,4
"dot/dot_int8_int4_int32_2x16x8_1x4x8_neondot/64/176/real_time",247754,564.996,563.945,ns,,,"2x64x176",,,8,2,16,176,2,64,8,1,4
"dot/dot_int8_int4_int32_2x16x8_1x4x8_neondot/64/352/real_time",126706,1104.85,1102.74,ns,,,"2x64x352",,,8,2,16,352,2,64,8,1,4
"dot/dot_int8_int4_int32_2x16x8_1x4x8_neondot/64/528/real_time",85331,1639.87,1636.9,ns,,,"2x64x528",,,8,2,16,528,2,64,8,1,4
"dot/dot_int8_int4_int32_2x16x8_1x4x8_neondot/64/704/real_time",63614,2199.57,2195.47,ns,,,"2x64x704",,,8,2,16,704,2,64,8,1,4
"dot/dot_int8_int4_int32_2x16x8_1x4x8_neondot/128/8/real_time",1549040,90.2874,90.1086,ns,,,"2x128x8",,,8,2,16,8,2,128,8,1,4
"dot/dot_int8_int4_int32_2x16x8_1x4x8_neondot/128/88/real_time",240693,581.542,580.463,ns,,,"2x128x88",,,8,2,16,88,2,128,8,1,4
"dot/dot_int8_int4_int32_2x16x8_1x4x8_neondot/128/176/real_time",123909,1130.3,1127.92,ns,,,"2x128x176",,,8,2,16,176,2,128,8,1,4
"dot/dot_int8_int4_int32_2x16x8_1x4x8_neondot/128/264/real_time",84371,1659.38,1656.08,ns,,,"2x128x264",,,8,2,16,264,2,128,8,1,4
"dot/dot_int8_int4_int32_2x16x8_1x4x8_neondot/128/352/real_time",63409,2203.89,2199.65,ns,,,"2x128x352",,,8,2,16,352,2,128,8,1,4
"dot/dot_int8_int4_int32_3x16x8_1x4x8_neondot/16/8/real_time",6085116,22.8443,22.8003,ns,,,"3x16x8",,,8,3,16,8,3,16,8,1,4
"dot/dot_int8_int4_int32_3x16x8_1x4x8_neondot/16/552/real_time",256178,546.866,545.829,ns,,,"3x16x552",,,8,3,16,552,3,16,8,1,4
"dot/dot_int8_int4_int32_3x16x8_1x4x8_neondot/16/1104/real_time",128641,1078.71,1076.66,ns,,,"3x16x1104",,,8,3,16,1104,3,16,8,1,4
"dot/dot_int8_int4_int32_3x16x8_1x4x8_neondot/16/1656/real_time",86710,1607.32,1604.1,ns,,,"3x16x1656",,,8,3,16,1656,3,16,8,1,4
"dot/dot_int8_int4_int32_3x16x8_1x4x8_neondot/16/2216/real_time",63236,2192.38,2188.1,ns,,,"3x16x2216",,,8,3,16,2216,3,16,8,1,4
"dot/dot_int8_int4_int32_3x16x8_1x4x8_neondot/32/8/real_time",3951815,35.405,35.3406,ns,,,"3x32x8",,,8,3,16,8,3,32,8,1,4
"dot/dot_int8_int4_int32_3x16x8_1x4x8_neondot/32/312/real_time",216582,646.836,645.509,ns,,,"3x32x312",,,8,3,16,312,3,32,8,1,4
"dot/dot_int8_int4_int32_3x16x8_1x4x8_neondot/32/632/real_time",108375,1291.24,1288.88,ns,,,"3x32x632",,,8,3,16,632,3,32,8,1,4
"dot/dot_int8_int4_int32_3x16x8_1x4x8_neondot/32/952/real_time",72280,1936.85,1932.72,ns,,,"3x32x952",,,8,3,16,952,3,32,8,1,4
"dot/dot_int8_int4_int32_3x16x8_1x4x8_neondot/32/1272/real_time",54265,2580.65,2576.01,ns,,,"3x32x1272",,,8,3,16,1272,3,32,8,1,4
"dot/dot_int8_int4_int32_3x16x8_1x4x8_neondot/64/8/real_time",2387917,58.6222,58.5149,ns,,,"3x64x8",,,8,3,16,8,3,64,8,1,4
"dot/dot_int8_int4_int32_3x16x8_1x4x8_neondot/64/168/real_time",197845,707.785,706.362,ns,,,"3x64x168",,,8,3,16,168,3,64,8,1,4
"dot/dot_int8_int4_int32_3x16x8_1x4x8_neondot/64/336/real_time",100863,1387.96,1385.19,ns,,,"3x64x336",,,8,3,16,336,3,64,8,1,4
"dot/dot_int8_int4_int32_3x16x8_1x4x8_neondot/64/504/real_time",67883,2062.14,2058.39,ns,,,"3x64x504",,,8,3,16,504,3,64,8,1,4
"dot/dot_int8_int4_int32_3x16x8_1x4x8_neondot/64/680/real_time",50332,2781.01,2776.19,ns,,,"3x64x680",,,8,3,16,680,3,64,8,1,4
"dot/dot_int8_int4_int32_3x16x8_1x4x8_neondot/128/8/real_time",1320391,106.073,105.86,ns,,,"3x128x8",,,8,3,16,8,3,128,8,1,4
"dot/dot_int8_int4_int32_3x16x8_1x4x8_neondot/128/80/real_time",202405,691.647,690.341,ns,,,"3x128x80",,,8,3,16,80,3,128,8,1,4
"dot/dot_int8_int4_int32_3x16x8_1x4x8_neondot/128/168/real_time",99575,1405.94,1403.22,ns,,,"3x128x168",,,8,3,16,168,3,128,8,1,4
"dot/dot_int8_int4_int32_3x16x8_1x4x8_neondot/128/248/real_time",68262,2048.73,2045.02,ns,,,"3x128x248",,,8,3,16,248,3,128,8,1,4
"dot/dot_int8_int4_int32_3x16x8_1x4x8_neondot/128/336/real_time",50170,2801.54,2796.06,ns,,,"3x128x336",,,8,3,16,336,3,128,8,1,4
"dot/dot_int8_int4_int32_4x16x8_1x4x8_neondot/16/8/real_time",4862942,28.7868,28.7272,ns,,,"4x16x8",,,8,4,16,8,4,16,8,1,4
"dot/dot_int8_int4_int32_4x16x8_1x4x8_neondot/16/504/real_time",213998,654.491,653.245,ns,,,"4x16x504",,,8,4,16,504,4,16,8,1,4
"dot/dot_int8_int4_int32_4x16x8_1x4x8_neondot/16/1008/real_time",108415,1291.68,1289.28,ns,,,"4x16x1008",,,8,4,16,1008,4,16,8,1,4
"dot/dot_int8_int4_int32_4x16x8_1x4x8_neondot/16/1512/real_time",72576,1928.69,1924.69,ns,,,"4x16x1512",,,8,4,16,1512,4,16,8,1,4
"dot/dot_int8_int4_int32_4x16x8_1x4x8_neondot/16/2024/real_time",54359,2575.4,2570.14,ns,,,"4x16x2024",,,8,4,16,2024,4,16,8,1,4
"dot/dot_int8_int4_int32_4x16x8_1x4x8_neondot/32/8/real_time",3099779,45.0723,44.9802,ns,,,"4x32x8",,,8,4,16,8,4,32,8,1,4
"dot/dot_int8_int4_int32_4x16x8_1x4x8_neondot/32/296/real_time",181225,772.571,770.993,ns,,,"4x32x296",,,8,4,16,296,4,32,8,1,4
"dot/dot_int8_int4_int32_4x16x8_1x4x8_neondot/32/600/real_time",90941,1539.54,1536.61,ns,,,"4x32x600",,,8,4,16,600,4,32,8,1,4
"dot/dot_int8_int4_int32_4x16x8_1x4x8_neondot/32/896/real_time",60757,2305.45,2301.12,ns,,,"4x32x896",,,8,4,16,896,4,32,8,1,4
"dot/dot_int8_int4_int32_4x16x8_1x4x8_neondot/32/1200/real_time",45819,3055.18,3049.11,ns,,,"4x32x1200",,,8,4,16,1200,4,32,8,1,4
"dot/dot_int8_int4_int32_4x16x8_1x4x8_neondot/64/8/real_time",1846065,75.84,75.6908,ns,,,"4x64x8",,,8,4,16,8,4,64,8,1,4
"dot/dot_int8_int4_int32_4x16x8_1x4x8_neondot/64/160/real_time",166168,842.973,841.431,ns,,,"4x64x160",,,8,4,16,160,4,64,8,1,4
"dot/dot_int8_int4_int32_4x16x8_1x4x8_neondot/64/320/real_time",84132,1663.65,1660.5,ns,,,"4x64x320",,,8,4,16,320,4,64,8,1,4
"dot/dot_int8_int4_int32_4x16x8_1x4x8_neondot/64/480/real_time",56987,2457.68,2453.1,ns,,,"4x64x480",,,8,4,16,480,4,64,8,1,4
"dot/dot_int8_int4_int32_4x16x8_1x4x8_neondot/64/648/real_time",42325,3308.23,3301.49,ns,,,"4x64x648",,,8,4,16,648,4,64,8,1,4
"dot/dot_int8_int4_int32_4x16x8_1x4x8_neondot/128/8/real_time",1008913,138.891,138.619,ns,,,"4x128x8",,,8,4,16,8,4,128,8,1,4
"dot/dot_int8_int4_int32_4x16x8_1x4x8_neondot/128/80/real_time",162402,862.033,860.38,ns,,,"4x128x80",,,8,4,16,80,4,128,8,1,4
"dot/dot_int8_int4_int32_4x16x8_1x4x8_neondot/128/160/real_time",83690,1672.8,1669.46,ns,,,"4x128x160",,,8,4,16,160,4,128,8,1,4
"dot/dot_int8_int4_int32_4x16x8_1x4x8_neondot/128/240/real_time",56562,2476.01,2470.98,ns,,,"4x128x240",,,8,4,16,240,4,128,8,1,4
"dot/dot_int8_int4_int32_4x16x8_1x4x8_neondot/128/328/real_time",41433,3373.64,3366.95,ns,,,"4x128x328",,,8,4,16,328,4,128,8,1,4
"dot/dot_int8_int4_int32_5x16x8_1x4x8_neondot/16/8/real_time",3985575,34.7927,34.7207,ns,,,"5x16x8",,,8,5,16,8,5,16,8,1,4
"dot/dot_int8_int4_int32_5x16x8_1x4x8_neondot/16/464/real_time",200391,698.562,697.165,ns,,,"5x16x464",,,8,5,16,464,5,16,8,1,4
"dot/dot_int8_int4_int32_5x16x8_1x4x8_neondot/16/928/real_time",102008,1371.53,1369.18,ns,,,"5x16x928",,,8,5,16,928,5,16,8,1,4
"dot/dot_int8_int4_int32_5x16x8_1x4x8_neondot/16/1392/real_time",68481,2044.23,2040.1,ns,,,"5x16x1392",,,8,5,16,1392,5,16,8,1,4
"dot/dot_int8_int4_int32_5x16x8_1x4x8_neondot/16/1864/real_time",51282,2730.3,2724.85,ns,,,"5x16x1864",,,8,5,16,1864,5,16,8,1,4
"dot/dot_int8_int4_int32_5x16x8_1x4x8_neondot/32/8/real_time",2477219,56.5783,56.4746,ns,,,"5x32x8",,,8,5,16,8,5,32,8,1,4
"dot/dot_int8_int4_int32_5x16x8_1x4x8_neondot/32/280/real_time",165204,847.704,845.941,ns,,,"5x32x280",,,8,5,16,280,5,32,8,1,4
"dot/dot_int8_int4_int32_5x16x8_1x4x8_neondot/32/568/real_time",83160,1683.53,1680.05,ns,,,"5x32x568",,,8,5,16,568,5,32,8,1,4
"dot/dot_int8_int4_int32_5x16x8_1x4x8_neondot/32/848/real_time",56113,2495.53,2490.58,ns,,,"5x32x848",,,8,5,16,848,5,32,8,1,4
"dot/dot_int8_int4_int32_5x16x8_1x4x8_neondot/32/1136/real_time",42038,3329.61,3323.39,ns,,,"5x32x1136",,,8,5,16,1136,5,32,8,1,4
"dot/dot_int8_int4_int32_5x16x8_1x4x8_neondot/64/8/real_time",1437602,97.2492,97.0606,ns,,,"5x64x8",,,8,5,16,8,5,64,8,1,4
"dot/dot_int8_int4_int32_5x16x8_1x4x8_neondot/64/152/real_time",149646,935.946,934.253,ns,,,"5x64x152",,,8,5,16,152,5,64,8,1,4
"dot/dot_int8_int4_int32_5x16x8_1x4x8_neondot/64/312/real_time",75051,1865.03,1861.38,ns,,,"5x64x312",,,8,5,16,312,5,64,8,1,4
"dot/dot_int8_int4_int32_5x16x8_1x4x8_neondot/64/464/real_time",50965,2746.87,2742.1,ns,,,"5x64x464",,,8,5,16,464,5,64,8,1,4
"dot/dot_int8_int4_int32_5x16x8_1x4x8_neondot/64/624/real_time",38107,3672.87,3666.97,ns,,,"5x64x624",,,8,5,16,624,5,64,8,1,4
"dot/dot_int8_int4_int32_5x16x8_1x4x8_neondot/128/8/real_time",770052,182.044,181.777,ns,,,"5x128x8",,,8,5,16,8,5,128,8,1,4
"dot/dot_int8_int4_int32_5x16x8_1x4x8_neondot/128/72/real_time",150510,929.671,927.805,ns,,,"5x128x72",,,8,5,16,72,5,128,8,1,4
"dot/dot_int8_int4_int32_5x16x8_1x4x8_neondot/128/152/real_time",75479,1856.35,1852.81,ns,,,"5x128x152",,,8,5,16,152,5,128,8,1,4
"dot/dot_int8_int4_int32_5x16x8_1x4x8_neondot/128/232/real_time",50267,2786.01,2781.34,ns,,,"5x128x232",,,8,5,16,232,5,128,8,1,4
"dot/dot_int8_int4_int32_5x16x8_1x4x8_neondot/128/312/real_time",37679,3713.51,3706.56,ns,,,"5x128x312",,,8,5,16,312,5,128,8,1,4
"dot/dot_int8_int4_int32_1x8x8_1x4x8_neondot/8/8/real_time",12129026,11.3444,11.3238,ns,,,"1x8x8",,,8,1,8,8,1,8,8,1,4
"dot/dot_int8_int4_int32_1x8x8_1x4x8_neondot/8/1224/real_time",381358,367.154,366.52,ns,,,"1x8x1224",,,8,1,8,1224,1,8,8,1,4
"dot/dot_int8_int4_int32_1x8x8_1x4x8_neondot/8/2448/real_time",193867,722.104,720.789,ns,,,"1x8x2448",,,8,1,8,2448,1,8,8,1,4
"dot/dot_int8_int4_int32_1x8x8_1x4x8_neondot/8/3672/real_time",129743,1079.29,1077.6,ns,,,"1x8x3672",,,8,1,8,3672,1,8,8,1,4
"dot/dot_int8_int4_int32_1x8x8_1x4x8_neondot/8/4904/real_time",97530,1435.67,1433.15,ns,,,"1x8x4904",,,8,1,8,4904,1,8,8,1,4
"dot/dot_int8_int4_int32_1x8x8_1x4x8_neondot/16/8/real_time",8660494,16.2007,16.1594,ns,,,"1x16x8",,,8,1,8,8,1,16,8,1,4
"dot/dot_int8_int4_int32_1x8x8_1x4x8_neondot/16/680/real_time",341103,410.549,409.717,ns,,,"1x16x680",,,8,1,8,680,1,16,8,1,4
"dot/dot_int8_int4_int32_1x8x8_1x4x8_neondot/16/1360/real_time",173572,806.697,805.187,ns,,,"1x16x1360",,,8,1,8,1360,1,16,8,1,4
"dot/dot_int8_int4_int32_1x8x8_1x4x8_neondot/16/2040/real_time",116574,1201.59,1199.18,ns,,,"1x16x2040",,,8,1,8,2040,1,16,8,1,4
"dot/dot_int8_int4_int32_1x8x8_1x4x8_neondot/16/2720/real_time",87634,1597.52,1594.45,ns,,,"1x16x2720",,,8,1,8,2720,1,16,8,1,4
"dot/dot_int8_int4_int32_1x8x8_1x4x8_neondot/32/8/real_time",5820742,24.0516,24.0058,ns,,,"1x32x8",,,8,1,8,8,1,32,8,1,4
"dot/dot_int8_int4_int32_1x8x8_1x4x8_neondot/32/352/real_time",324791,431,430.188,ns,,,"1x32x352",,,8,1,8,352,1,32,8,1,4
"dot/dot_int8_int4_int32_1x8x8_1x4x8_neondot/32/712/real_time",165462,846.054,844.573,ns,,,"1x32x712",,,8,1,8,712,1,32,8,1,4
"dot/dot_int8_int4_int32_1x8x8_1x4x8_neondot/32/1072/real_time",109633,1278.44,1275.72,ns,,,"1x32x1072",,,8,1,8,1072,1,32,8,1,4
"dot/dot_int8_int4_int32_1x8x8_1x4x8_neondot/32/1432/real_time",82949,1687.72,1684.38,ns,,,"1x32x1432",,,8,1,8,1432,1,32,8,1,4
"dot/dot_int8_int4_int32_1x8x8_1x4x8_neondot/64/8/real_time",3435101,40.752,40.6772,ns,,,"1x64x8",,,8,1,8,8,1,64,8,1,4
"dot/dot_int8_int4_int32_1x8x8_1x4x8_neondot/64/184/real_time",307495,455.191,454.377,ns,,,"1x64x184",,,8,1,8,184,1,64,8,1,4
"dot/dot_int8_int4_int32_1x8x8_1x4x8_neondot/64/368/real_time",156520,894.338,892.661,ns,,,"1x64x368",,,8,1,8,368,1,64,8,1,4
"dot/dot_int8_int4_int32_1x8x8_1x4x8_neondot/64/552/real_time",106631,1313,1310.73,ns,,,"1x64x552",,,8,1,8,552,1,64,8,1,4
"dot/dot_int8_int4_int32_1x8x8_1x4x8_neondot/64/736/real_time",80085,1748.3,1745.09,ns,,,"1x64x736",,,8,1,8,736,1,64,8,1,4
"dot/dot_int8_int4_int32_8x8x8_1x4x8_neondot/8/8/real_time",4159304,33.7155,33.6421,ns,,,"8x8x8",,,8,8,8,8,8,8,8,1,4
"dot/dot_int8_int4_int32_8x8x8_1x4x8_neondot/8/504/real_time",216724,645.843,644.656,ns,,,"8x8x504",,,8,8,8,504,8,8,8,1,4
"dot/dot_int8_int4_int32_8x8x8_1x4x8_neondot/8/1008/real_time",110429,1267.11,1264.31,ns,,,"8x8x1008",,,8,8,8,1008,8,8,8,1,4
"dot/dot_int8_int4_int32_8x8x8_1x4x8_neondot/8/1512/real_time",74157,1887.69,1883.86,ns,,,"8x8x1512",,,8,8,8,1512,8,8,8,1,4
"dot/dot_int8_int4_int32_8x8x8_1x4x8_neondot/8/2024/real_time",55623,2518.01,2513.18,ns,,,"8x8x2024",,,8,8,8,2024,8,8,8,1,4
"dot/dot_int8_int4_int32_8x8x8_1x4x8_neondot/16/8/real_time",2888430,48.4534,48.3458,ns,,,"8x16x8",,,8,8,8,8,8,16,8,1,4
"dot/dot_int8_int4_int32_8x8x8_1x4x8_neondot/16/376/real_time",148778,941.038,938.973,ns,,,"8x16x376",,,8,8,8,376,8,16,8,1,4
"dot/dot_int8_int4_int32_8x8x8_1x4x8_neondot/16/752/real_time",75639,1851.26,1847.77,ns,,,"8x16x752",,,8,8,8,752,8,16,8,1,4
"dot/dot_int8_int4_int32_8x8x8_1x4x8_neondot/16/1128/real_time",50712,2761.46,2756.23,ns,,,"8x16x1128",,,8,8,8,1128,8,16,8,1,4
"dot/dot_int8_int4_int32_8x8x8_1x4x8_neondot/16/1504/real_time",38114,3672.19,3665.49,ns,,,"8x16x1504",,,8,8,8,1504,8,16,8,1,4
"dot/dot_int8_int4_int32_8x8x8_1x4x8_neondot/32/8/real_time",1790878,78.1689,78.0203,ns,,,"8x32x8",,,8,8,8,8,8,32,8,1,4
"dot/dot_int8_int4_int32_8x8x8_1x4x8_neondot/32/240/real_time",111991,1250.07,1247.75,ns,,,"8x32x240",,,8,8,8,240,8,32,8,1,4
"dot/dot_int8_int4_int32_8x8x8_1x4x8_neondot/32/488/real_time",55959,2502.13,2497.73,ns,,,"8x32x488",,,8,8,8,488,8,32,8,1,4
"dot/dot_int8_int4_int32_8x8x8_1x4x8_neondot/32/728/real_time",37688,3714.63,3707.38,ns,,,"8x32x728",,,8,8,8,728,8,32,8,1,4
"dot/dot_int8_int4_int32_8x8x8_1x4x8_neondot/32/976/real_time",28140,4986.13,4975.88,ns,,,"8x32x976",,,8,8,8,976,8,32,8,1,4
"dot/dot_int8_int4_int32_8x8x8_1x4x8_neondot/64/8/real_time",1007571,138.933,138.703,ns,,,"8x64x8",,,8,8,8,8,8,64,8,1,4
"dot/dot_int8_int4_int32_8x8x8_1x4x8_neondot/64/136/real_time",96141,1456.02,1453.34,ns,,,"8x64x136",,,8,8,8,136,8,64,8,1,4
"dot/dot_int8_int4_int32_8x8x8_1x4x8_neondot/64/280/real_time",47658,2955.29,2949.86,ns,,,"8x64x280",,,8,8,8,280,8,64,8,1,4
"dot/dot_int8_int4_int32_8x8x8_1x4x8_neondot/64/416/real_time",32199,4347.35,4340.14,ns,,,"8x64x416",,,8,8,8,416,8,64,8,1,4
"dot/dot_int8_int4_int32_8x8x8_1x4x8_neondot/64/560/real_time",23991,5833.42,5822.49,ns,,,"8x64x560",,,8,8,8,560,8,64,8,1,4
"dot/dot_int8_int4_int32_8x4x8_1x4x8_neondot/4/8/real_time",4903307,28.5635,28.5077,ns,,,"8x4x8",,,8,8,4,8,8,4,8,1,4
"dot/dot_int8_int4_int32_8x4x8_1x4x8_neondot/4/608/real_time",330166,424.064,423.214,ns,,,"8x4x608",,,8,8,4,608,8,4,8,1,4
"dot/dot_int8_int4_int32_8x4x8_1x4x8_neondot/4/1216/real_time",169158,825.25,823.803,ns,,,"8x4x1216",,,8,8,4,1216,8,4,8,1,4
"dot/dot_int8_int4_int32_8x4x8_1x4x8_neondot/4/1824/real_time",114015,1227.8,1225.45,ns,,,"8x4x1824",,,8,8,4,1824,8,4,8,1,4
"dot/dot_int8_int4_int32_8x4x8_1x4x8_neondot/4/2440/real_time",85802,1632.18,1628.82,ns,,,"8x4x2440",,,8,8,4,2440,8,4,8,1,4
"dot/dot_int8_int4_int32_8x4x8_1x4x8_neondot/8/8/real_time",3905418,35.8694,35.8061,ns,,,"8x8x8",,,8,8,4,8,8,8,8,1,4
"dot/dot_int8_int4_int32_8x4x8_1x4x8_neondot/8/504/real_time",202178,692.084,690.74,ns,,,"8x8x504",,,8,8,4,504,8,8,8,1,4
"dot/dot_int8_int4_int32_8x4x8_1x4x8_neondot/8/1008/real_time",103496,1351.92,1349.27,ns,,,"8x8x1008",,,8,8,4,1008,8,8,8,1,4
"dot/dot_int8_int4_int32_8x4x8_1x4x8_neondot/8/1512/real_time",69200,2022.77,2018.74,ns,,,"8x8x1512",,,8,8,4,1512,8,8,8,1,4
"dot/dot_int8_int4_int32_8x4x8_1x4x8_neondot/8/2024/real_time",51846,2699.08,2694.23,ns,,,"8x8x2024",,,8,8,4,2024,8,8,8,1,4
"dot/dot_int8_int4_int32_8x4x8_1x4x8_neondot/16/8/real_time",2719317,52.0366,51.8948,ns,,,"8x16x8",,,8,8,4,8,8,16,8,1,4
"dot/dot_int8_int4_int32_8x4x8_1x4x8_neondot/16/376/real_time",135622,1029.46,1027.13,ns,,,"8x16x376",,,8,8,4,376,8,16,8,1,4
"dot/dot_int8_int4_int32_8x4x8_1x4x8_neondot/16/752/real_time",69513,2013.1,2009.29,ns,,,"8x16x752",,,8,8,4,752,8,16,8,1,4
"dot/dot_int8_int4_int32_8x4x8_1x4x8_neondot/16/1128/real_time",46373,3014.47,3008.1,ns,,,"8x16x1128",,,8,8,4,1128,8,16,8,1,4
"dot/dot_int8_int4_int32_8x4x8_1x4x8_neondot/16/1504/real_time",34971,4002.97,3995.56,ns,,,"8x16x1504",,,8,8,4,1504,8,16,8,1,4
"dot/dot_int8_int4_int32_8x4x8_1x4x8_neondot/32/8/real_time",1668882,83.6485,83.4579,ns,,,"8x32x8",,,8,8,4,8,8,32,8,1,4
"dot/dot_int8_int4_int32_8x4x8_1x4x8_neondot/32/240/real_time",107327,1304.33,1301.67,ns,,,"8x32x240",,,8,8,4,240,8,32,8,1,4
"dot/dot_int8_int4_int32_8x4x8_1x4x8_neondot/32/488/real_time",53413,2620.27,2615.02,ns,,,"8x32x488",,,8,8,4,488,8,32,8,1,4
"dot/dot_int8_int4_int32_8x4x8_1x4x8_neondot/32/728/real_time",36017,3887.89,3880.27,ns,,,"8x32x728",,,8,8,4,728,8,32,8,1,4
"dot/dot_int8_int4_int32_8x4x8_1x4x8_neondot/32/976/real_time",26984,5186.64,5176,ns,,,"8x32x976",,,8,8,4,976,8,32,8,1,4
"dot/dot_int8_int8_int32_1x64x8_1x4x4_neondot/64/8/real_time",6075651,23.053,23.0062,ns,,,"1x64x8",,,8,1,64,8,1,64,4,1,4
"dot/dot_int8_int8_int32_1x64x8_1x4x4_neondot/64/88/real_time",1681057,83.6471,83.472,ns,,,"1x64x88",,,8,1,64,88,1,64,4,1,4
"dot/dot_int8_int8_int32_1x64x8_1x4x4_neondot/64/184/real_time",897869,155.498,155.165,ns,,,"1x64x184",,,8,1,64,184,1,64,4,1,4
"dot/dot_int8_int8_int32_1x64x8_1x4x4_neondot/64/272/real_time",634299,220.437,219.984,ns,,,"1x64x272",,,8,1,64,272,1,64,4,1,4
"dot/dot_int8_int8_int32_1x64x8_1x4x4_neondot/64/368/real_time",478995,292.101,291.472,ns,,,"1x64x368",,,8,1,64,368,1,64,4,1,4
"dot/dot_int8_int8_int32_1x64x8_1x4x4_neondot/128/8/real_time",4234203,33.075,33.0091,ns,,,"1x128x8",,,8,1,64,8,1,128,4,1,4
"dot/dot_int8_int8_int32_1x64x8_1x4x4_neondot/128/40/real_time",1698539,81.1376,80.977,ns,,,"1x128x40",,,8,1,64,40,1,128,4,1,4
"dot/dot_int8_int8_int32_1x64x8_1x4x4_neondot/128/88/real_time",920053,154.343,154.008,ns,,,"1x128x88",,,8,1,64,88,1,128,4,1,4
"dot/dot_int8_int8_int32_1x64x8_1x4x4_neondot/128/136/real_time",621459,226.963,226.53,ns,,,"1x128x136",,,8,1,64,136,1,128,4,1,4
"dot/dot_int8_int8_int32_1x64x8_1x4x4_neondot/128/184/real_time",466423,298.054,297.478,ns,,,"1x128x184",,,8,1,64,184,1,128,4,1,4
"dot/dot_int8_int8_int32_1x64x8_1x4x4_neondot/256/8/real_time",2421057,57.822,57.6849,ns,,,"1x256x8",,,8,1,64,8,1,256,4,1,4
"dot/dot_int8_int8_int32_1x64x8_1x4x4_neondot/256/16/real_time",1699080,81.6923,81.5285,ns,,,"1x256x16",,,8,1,64,16,1,256,4,1,4
"dot/dot_int8_int8_int32_1x64x8_1x4x4_neondot/256/40/real_time",919096,153.708,153.42,ns,,,"1x256x40",,,8,1,64,40,1,256,4,1,4
"dot/dot_int8_int8_int32_1x64x8_1x4x4_neondot/256/64/real_time",622240,226.089,225.61,ns,,,"1x256x64",,,8,1,64,64,1,256,4,1,4
"dot/dot_int8_int8_int32_1x64x8_1x4x4_neondot/256/88/real_time",473228,296.991,296.357,ns,,,"1x256x88",,,8,1,64,88,1,256,4,1,4
"dot/dot_int8_int8_int32_1x64x8_1x4x4_neondot/512/8/real_time",1329212,105.271,105.029,ns,,,"1x512x8",,,8,1,64,8,1,512,4,1,4
"dot/dot_int8_int8_int32_1x64x8_1x4x4_neondot/512/16/real_time",885908,158.073,157.699,ns,,,"1x512x16",,,8,1,64,16,1,512,4,1,4
"dot/dot_int8_int8_int32_1x64x8_1x4x4_neondot/512/24/real_time",694545,201.746,201.297,ns,,,"1x512x24",,,8,1,64,24,1,512,4,1,4
"dot/dot_int8_int8_int32_1x64x8_1x4x4_neondot/512/40/real_time",464417,303.433,302.803,ns,,,"1x512x40",,,8,1,64,40,1,512,4,1,4
"dot/dot_int8_int8_int32_1x32x8_1x4x4_neondot/32/8/real_time",8444825,15.9845,15.952,ns,,,"1x32x8",,,8,1,32,8,1,32,4,1,4
"dot/dot_int8_int8_int32_1x32x8_1x4x4_neondot/32/184/real_time",1610774,86.7651,86.591,ns,,,"1x32x184",,,8,1,32,184,1,32,4,1,4
"dot/dot_int8_int8_int32_1x32x8_1x4x4_neondot/32/368/real_time",880082,158.224,157.884,ns,,,"1x32x368",,,8,1,32,368,1,32,4,1,4
"dot/dot_int8_int8_int32_1x32x8_1x4x4_neondot/32/552/real_time",608040,230.76,230.293,ns,,,"1x32x552",,,8,1,32,552,1,32,4,1,4
"dot/dot_int8_int8_int32_1x32x8_1x4x4_neondot/32/736/real_time",462560,302.6,301.989,ns,,,"1x32x736",,,8,1,32,736,1,32,4,1,4
"dot/dot_int8_int8_int32_1x32x8_1x4x4_neondot/64/8/real_time",6007780,23.0721,23.0269,ns,,,"1x64x8",,,8,1,32,8,1,64,4,1,4
"dot/dot_int8_int8_int32_1x32x8_1x4x4_neondot/64/88/real_time",1600179,87.4057,87.2193,ns,,,"1x64x88",,,8,1,32,88,1,64,4,1,4
"dot/dot_int8_int8_int32_1x32x8_1x4x4_neondot/64/184/real_time",857213,163.656,163.315,ns,,,"1x64x184",,,8,1,32,184,1,64,4,1,4
"dot/dot_int8_int8_int32_1x32x8_1x4x4_neondot/64/272/real_time",605411,233.487,232.999,ns,,,"1x64x272",,,8,1,32,272,1,64,4,1,4
"dot/dot_int8_int8_int32_1x32x8_1x4x4_neondot/64/368/real_time",455540,308.039,307.418,ns,,,"1x64x368",,,8,1,32,368,1,64,4,1,4
"dot/dot_int8_int8_int32_1x32x8_1x4x4_neondot/128/8/real_time",3642946,38.412,38.3429,ns,,,"1x128x8",,,8,1,32,8,1,128,4,1,4
"dot/dot_int8_int8_int32_1x32x8_1x4x4_neondot/128/40/real_time",1546508,90.3795,90.1995,ns,,,"1x128x40",,,8,1,32,40,1,128,4,1,4
"dot/dot_int8_int8_int32_1x32x8_1x4x4_neondot/128/88/real_time",846351,165.423,165.089,ns,,,"1x128x88",,,8,1,32,88,1,128,4,1,4
"dot/dot_int8_int8_int32_1x32x8_1x4x4_neondot/128/136/real_time",581274,239.938,239.407,ns,,,"1x128x136",,,8,1,32,136,1,128,4,1,4
"dot/dot_int8_int8_int32_1x32x8_1x4x4_neondot/128/184/real_time",440337,317.876,317.141,ns,,,"1x128x184",,,8,1,32,184,1,128,4,1,4
"dot/dot_int8_int8_int32_1x32x8_1x4x4_neondot/256/8/real_time",2003717,69.4157,69.2622,ns,,,"1x256x8",,,8,1,32,8,1,256,4,1,4
"dot/dot_int8_int8_int32_1x32x8_1x4x4_neondot/256/16/real_time",1374215,98.5661,98.3566,ns,,,"1x256x16",,,8,1,32,16,1,256,4,1,4
"dot/dot_int8_int8_int32_1x32x8_1x4x4_neondot/256/40/real_time",787726,177.172,176.826,ns,,,"1x256x40",,,8,1,32,40,1,256,4,1,4
"dot/dot_int8_int8_int32_1x32x8_1x4x4_neondot/256/64/real_time",552213,253.268,252.744,ns,,,"1x256x64",,,8,1,32,64,1,256,4,1,4
"dot/dot_int8_int8_int32_1x32x8_1x4x4_neondot/256/88/real_time",431694,329.123,328.36,ns,,,"1x256x88",,,8,1,32,88,1,256,4,1,4
"dot/dot_int8_int8_int32_2x32x8_1x4x4_neondot/32/8/real_time",5993357,23.1013,23.0529,ns,,,"2x32x8",,,8,2,32,8,2,32,4,1,4
"dot/dot_int8_int8_int32_2x32x8_1x4x4_neondot/32/176/real_time",968598,143.377,143.029,ns,,,"2x32x176",,,8,2,32,176,2,32,4,1,4
"dot/dot_int8_int8_int32_2x32x8_1x4x4_neondot/32/352/real_time",540652,264.964,264.372,ns,,,"2x32x352",,,8,2,32,352,2,32,4,1,4
"dot/dot_int8_int8_int32_2x32x8_1x4x4_neondot/32/528/real_time",361585,391.397,390.522,ns,,,"2x32x528",,,8,2,32,528,2,32,4,1,4
"dot/dot_int8_int8_int32_2x32x8_1x4x4_neondot/32/712/real_time",264473,526.763,525.638,ns,,,"2x32x712",,,8,2,32,712,2,32,4,1,4
"dot/dot_int8_int8_int32_2x32x8_1x4x4_neondot/64/8/real_time",3922707,35.3433,35.2744,ns,,,"2x64x8",,,8,2,32,8,2,64,4,1,4
"dot/dot_int8_int8_int32_2x32x8_1x4x4_neondot/64/88/real_time",923490,151.226,150.941,ns,,,"2x64x88",,,8,2,32,88,2,64,4,1,4
"dot/dot_int8_int8_int32_2x32x8_1x4x4_neondot/64/176/real_time",493060,285.276,284.696,ns,,,"2x64x176",,,8,2,32,176,2,64,4,1,4
"dot/dot_int8_int8_int32_2x32x8_1x4x4_neondot/64/264/real_time",347153,402.066,401.259,ns,,,"2x64x264",,,8,2,32,264,2,64,4,1,4
"dot/dot_int8_int8_int32_2x32x8_1x4x4_neondot/64/360/real_time",258649,536.428,535.326,ns,,,"2x64x360",,,8,2,32,360,2,64,4,1,4
"dot/dot_int8_int8_int32_2x32x8_1x4x4_neondot/128/8/real_time",2407406,58.129,58.0151,ns,,,"2x128x8",,,8,2,32,8,2,128,4,1,4
"dot/dot_int8_int8_int32_2x32x8_1x4x4_neondot/128/40/real_time",930502,152.432,152.117,ns,,,"2x128x40",,,8,2,32,40,2,128,4,1,4
"dot/dot_int8_int8_int32_2x32x8_1x4x4_neondot/128/88/real_time",480128,291.003,290.395,ns,,,"2x128x88",,,8,2,32,88,2,128,4,1,4
"dot/dot_int8_int8_int32_2x32x8_1x4x4_neondot/128/128/real_time",346590,402.935,402.098,ns,,,"2x128x128",,,8,2,32,128,2,128,4,1,4
"dot/dot_int8_int8_int32_2x32x8_1x4x4_neondot/128/176/real_time",258388,541.357,540.299,ns,,,"2x128x176",,,8,2,32,176,2,128,4,1,4
"dot/dot_int8_int8_int32_2x32x8_1x4x4_neondot/256/8/real_time",1311348,106.327,106.113,ns,,,"2x256x8",,,8,2,32,8,2,256,4,1,4
"dot/dot_int8_int8_int32_2x32x8_1x4x4_neondot/256/16/real_time",893131,156.842,156.529,ns,,,"2x256x16",,,8,2,32,16,2,256,4,1,4
"dot/dot_int8_int8_int32_2x32x8_1x4x4_neondot/256/40/real_time",478273,296.936,296.358,ns,,,"2x256x40",,,8,2,32,40,2,256,4,1,4
"dot/dot_int8_int8_int32_2x32x8_1x4x4_neondot/256/56/real_time",358759,390.862,390.04,ns,,,"2x256x56",,,8,2,32,56,2,256,4,1,4
"dot/dot_int8_int8_int32_2x32x8_1x4x4_neondot/256/80/real_time",266099,527.498,526.392,ns,,,"2x256x80",,,8,2,32,80,2,256,4,1,4
"dot/dot_int8_int8_int32_3x32x8_1x4x4_neondot/32/8/real_time",4674956,30.1301,30.0691,ns,,,"3x32x8",,,8,3,32,8,3,32,4,1,4
"dot/dot_int8_int8_int32_3x32x8_1x4x4_neondot/32/168/real_time",723804,193.179,192.762,ns,,,"3x32x168",,,8,3,32,168,3,32,4,1,4
"dot/dot_int8_int8_int32_3x32x8_1x4x4_neondot/32/344/real_time",372839,375.388,374.481,ns,,,"3x32x344",,,8,3,32,344,3,32,4,1,4
"dot/dot_int8_int8_int32_3x32x8_1x4x4_neondot/32/512/real_time",255619,547.575,546.296,ns,,,"3x32x512",,,8,3,32,512,3,32,4,1,4
"dot/dot_int8_int8_int32_3x32x8_1x4x4_neondot/32/688/real_time",192533,727.191,725.566,ns,,,"3x32x688",,,8,3,32,688,3,32,4,1,4
"dot/dot_int8_int8_int32_3x32x8_1x4x4_neondot/64/8/real_time",2848338,49.1321,49.037,ns,,,"3x64x8",,,8,3,32,8,3,64,4,1,4
"dot/dot_int8_int8_int32_3x32x8_1x4x4_neondot/64/88/real_time",661406,211.754,211.318,ns,,,"3x64x88",,,8,3,32,88,3,64,4,1,4
"dot/dot_int8_int8_int32_3x32x8_1x4x4_neondot/64/176/real_time",357415,393.39,392.622,ns,,,"3x64x176",,,8,3,32,176,3,64,4,1,4
"dot/dot_int8_int8_int32_3x32x8_1x4x4_neondot/64/264/real_time",244246,573.215,572.111,ns,,,"3x64x264",,,8,3,32,264,3,64,4,1,4
"dot/dot_int8_int8_int32_3x32x8_1x4x4_neondot/64/352/real_time",185087,756.319,754.735,ns,,,"3x64x352",,,8,3,32,352,3,64,4,1,4
"dot/dot_int8_int8_int32_3x32x8_1x4x4_neondot/128/8/real_time",1623147,86.0399,85.8603,ns,,,"3x128x8",,,8,3,32,8,3,128,4,1,4
"dot/dot_int8_int8_int32_3x32x8_1x4x4_neondot/128/40/real_time",640208,218.505,218.007,ns,,,"3x128x40",,,8,3,32,40,3,128,4,1,4
"dot/dot_int8_int8_int32_3x32x8_1x4x4_neondot/128/80/real_time",371918,376.434,375.59,ns,,,"3x128x80",,,8,3,32,80,3,128,4,1,4
"dot/dot_int8_int8_int32_3x32x8_1x4x4_neondot/128/120/real_time",258416,541.823,540.617,ns,,,"3x128x120",,,8,3,32,120,3,128,4,1,4
"dot/dot_int8_int8_int32_3x32x8_1x4x4_neondot/128/168/real_time",188189,743.752,742.132,ns,,,"3x128x168",,,8,3,32,168,3,128,4,1,4
"dot/dot_int8_int8_int32_3x32x8_1x4x4_neondot/256/8/real_time",878016,159.601,159.291,ns,,,"3x256x8",,,8,3,32,8,3,256,4,1,4
"dot/dot_int8_int8_int32_3x32x8_1x4x4_neondot/256/16/real_time",633288,222.01,221.587,ns,,,"3x256x16",,,8,3,32,16,3,256,4,1,4
"dot/dot_int8_int8_int32_3x32x8_1x4x4_neondot/256/40/real_time",324551,431.118,430.089,ns,,,"3x256x40",,,8,3,32,40,3,256,4,1,4
"dot/dot_int8_int8_int32_3x32x8_1x4x4_neondot/256/56/real_time",252680,554.005,552.809,ns,,,"3x256x56",,,8,3,32,56,3,256,4,1,4
"dot/dot_int8_int8_int32_3x32x8_1x4x4_neondot/256/80/real_time",188595,743.869,742.007,ns,,,"3x256x80",,,8,3,32,80,3,256,4,1,4
"dot/dot_int8_int8_int32_1x16x8_1x4x4_neondot/16/8/real_time",10204648,14.4649,14.4346,ns,,,"1x16x8",,,8,1,16,8,1,16,4,1,4
"dot/dot_int8_int8_int32_1x16x8_1x4x4_neondot/16/360/real_time",1520721,92.1639,91.9814,ns,,,"1x16x360",,,8,1,16,360,1,16,4,1,4
"dot/dot_int8_int8_int32_1x16x8_1x4x4_neondot/16/720/real_time",831291,170.252,169.871,ns,,,"1x16x720",,,8,1,16,720,1,16,4,1,4
"dot/dot_int8_int8_int32_1x16x8_1x4x4_neondot/16/1080/real_time",558195,250.959,250.482,ns,,,"1x16x1080",,,8,1,16,1080,1,16,4,1,4
"dot/dot_int8_int8_int32_1x16x8_1x4x4_neondot/16/1440/real_time",425129,328.914,328.236,ns,,,"1x16x1440",,,8,1,16,1440,1,16,4,1,4
"dot/dot_int8_int8_int32_1x16x8_1x4x4_neondot/32/8/real_time",7620077,18.3768,18.3378,ns,,,"1x32x8",,,8,1,16,8,1,32,4,1,4
"dot/dot_int8_int8_int32_1x16x8_1x4x4_neondot/32/184/real_time",1440858,97.3528,97.1543,ns,,,"1x32x184",,,8,1,16,184,1,32,4,1,4
"dot/dot_int8_int8_int32_1x16x8_1x4x4_neondot/32/368/real_time",797477,178.356,178.014,ns,,,"1x32x368",,,8,1,16,368,1,32,4,1,4
"dot/dot_int8_int8_int32_1x16x8_1x4x4_neondot/32/552/real_time",545431,256.7,256.161,ns,,,"1x32x552",,,8,1,16,552,1,32,4,1,4
"dot/dot_int8_int8_int32_1x16x8_1x4x4_neondot/32/736/real_time",415486,336.715,336.087,ns,,,"1x32x736",,,8,1,16,736,1,32,4,1,4
"dot/dot_int8_int8_int32_1x16x8_1x4x4_neondot/64/8/real_time",4605870,28.9825,28.9211,ns,,,"1x64x8",,,8,1,16,8,1,64,4,1,4
"dot/dot_int8_int8_int32_1x16x8_1x4x4_neondot/64/88/real_time",1380742,101.046,100.83,ns,,,"1x64x88",,,8,1,16,88,1,64,4,1,4
"dot/dot_int8_int8_int32_1x16x8_1x4x4_neondot/64/184/real_time",760871,185.65,185.301,ns,,,"1x64x184",,,8,1,16,184,1,64,4,1,4
"dot/dot_int8_int8_int32_1x16x8_1x4x4_neondot/64/272/real_time",537669,261.125,260.609,ns,,,"1x64x272",,,8,1,16,272,1,64,4,1,4
"dot/dot_int8_int8_int32_1x16x8_1x4x4_neondot/64/368/real_time",405175,344.064,343.349,ns,,,"1x64x368",,,8,1,16,368,1,64,4,1,4
"dot/dot_int8_int8_int32_1x16x8_1x4x4_neondot/128/8/real_time",2781115,50.347,50.2453,ns,,,"1x128x8",,,8,1,16,8,1,128,4,1,4
"dot/dot_int8_int8_int32_1x16x8_1x4x4_neondot/128/40/real_time",1221602,112.124,111.87,ns,,,"1x128x40",,,8,1,16,40,1,128,4,1,4
"dot/dot_int8_int8_int32_1x16x8_1x4x4_neondot/128/88/real_time",715533,196.118,195.721,ns,,,"1x128x88",,,8,1,16,88,1,128,4,1,4
"dot/dot_int8_int8_int32_1x16x8_1x4x4_neondot/128/136/real_time",500313,280.069,279.521,ns,,,"1x128x136",,,8,1,16,136,1,128,4,1,4
"dot/dot_int8_int8_int32_1x16x8_1x4x4_neondot/128/184/real_time",382741,366.194,365.448,ns,,,"1x128x184",,,8,1,16,184,1,128,4,1,4
"dot/dot_int8_int8_int32_2x16x8_1x4x4_neondot/16/8/real_time",8380324,16.6883,16.6537,ns,,,"2x16x8",,,8,2,16,8,2,16,4,1,4
"dot/dot_int8_int8_int32_2x16x8_1x4x4_neondot/16/336/real_time",990895,141.613,141.323,ns,,,"2x16x336",,,8,2,16,336,2,16,4,1,4
"dot/dot_int8_int8_int32_2x16x8_1x4x4_neondot/16/672/real_time",523159,266.622,266.103,ns,,,"2x16x672",,,8,2,16,672,2,16,4,1,4
"dot/dot_int8_int8_int32_2x16x8_1x4x4_neondot/16/1008/real_time",355061,394.235,393.429,ns,,,"2x16x1008",,,8,2,16,1008,2,16,4,1,4
"dot/dot_int8_int8_int32_2x16x8_1x4x4_neondot/16/1352/real_time",266984,524.196,523.155,ns,,,"2x16x1352",,,8,2,16,1352,2,16,4,1,4
"dot/dot_int8_int8_int32_2x16x8_1x4x4_neondot/32/8/real_time",5986990,23.3861,23.3394,ns,,,"2x32x8",,,8,2,16,8,2,32,4,1,4
"dot/dot_int8_int8_int32_2x16x8_1x4x4_neondot/32/176/real_time",924757,151.371,151.063,ns,,,"2x32x176",,,8,2,16,176,2,32,4,1,4
"dot/dot_int8_int8_int32_2x16x8_1x4x4_neondot/32/352/real_time",483953,289.291,288.734,ns,,,"2x32x352",,,8,2,16,352,2,32,4,1,4
"dot/dot_int8_int8_int32_2x16x8_1x4x4_neondot/32/528/real_time",336529,416.011,415.141,ns,,,"2x32x528",,,8,2,16,528,2,32,4,1,4
"dot/dot_int8_int8_int32_2x16x8_1x4x4_neondot/32/712/real_time",258304,541.932,540.827,ns,,,"2x32x712",,,8,2,16,712,2,32,4,1,4
"dot/dot_int8_int8_int32_2x16x8_1x4x4_neondot/64/8/real_time",3644664,38.4204,38.3428,ns,,,"2x64x8",,,8,2,16,8,2,64,4,1,4
"dot/dot_int8_int8_int32_2x16x8_1x4x4_neondot/64/88/real_time",896753,156.031,155.724,ns,,,"2x64x88",,,8,2,16,88,2,64,4,1,4
"dot/dot_int8_int8_int32_2x16x8_1x4x4_neondot/64/176/real_time",473991,295.948,295.409,ns,,,"2x64x176",,,8,2,16,176,2,64,4,1,4
"dot/dot_int8_int8_int32_2x16x8_1x4x4_neondot/64/264/real_time",333925,419.402,418.471,ns,,,"2x64x264",,,8,2,16,264,2,64,4,1,4
"dot/dot_int8_int8_int32_2x16x8_1x4x4_neondot/64/360/real_time",248941,562.171,560.858,ns,,,"2x64x360",,,8,2,16,360,2,64,4,1,4
"dot/dot_int8_int8_int32_2x16x8_1x4x4_neondot/128/8/real_time",2043212,68.5029,68.3537,ns,,,"2x128x8",,,8,2,16,8,2,128,4,1,4
"dot/dot_int8_int8_int32_2x16x8_1x4x4_neondot/128/40/real_time",829873,168.746,168.389,ns,,,"2x128x40",,,8,2,16,40,2,128,4,1,4
"dot/dot_int8_int8_int32_2x16x8_1x4x4_neondot/128/88/real_time",453832,308.329,307.752,ns,,,"2x128x88",,,8,2,16,88,2,128,4,1,4
"dot/dot_int8_int8_int32_2x16x8_1x4x4_neondot/128/128/real_time",322088,434.703,433.783,ns,,,"2x128x128",,,8,2,16,128,2,128,4,1,4
"dot/dot_int8_int8_int32_2x16x8_1x4x4_neondot/128/176/real_time",240293,582.737,581.492,ns,,,"2x128x176",,,8,2,16,176,2,128,4,1,4
"dot/dot_int8_int8_int32_3x16x8_1x4x4_neondot/16/8/real_time",6716704,20.8723,20.8289,ns,,,"3x16x8",,,8,3,16,8,3,16,4,1,4
"dot/dot_int8_int8_int32_3x16x8_1x4x4_neondot/16/320/real_time",751941,186.321,185.97,ns,,,"3x16x320",,,8,3,16,320,3,16,4,1,4
"dot/dot_int8_int8_int32_3x16x8_1x4x4_neondot/16/640/real_time",392124,357.113,356.295,ns,,,"3x16x640",,,8,3,16,640,3,16,4,1,4
"dot/dot_int8_int8_int32_3x16x8_1x4x4_neondot/16/960/real_time",265545,527.121,526.153,ns,,,"3x16x960",,,8,3,16,960,3,16,4,1,4
"dot/dot_int8_int8_int32_3x16x8_1x4x4_neondot/16/1280/real_time",200778,697.498,695.997,ns,,,"3x16x1280",,,8,3,16,1280,3,16,4,1,4
"dot/dot_int8_int8_int32_3x16x8_1x4x4_neondot/32/8/real_time",4555210,30.7385,30.6749,ns,,,"3x32x8",,,8,3,16,8,3,32,4,1,4
"dot/dot_int8_int8_int32_3x16x8_1x4x4_neondot/32/168/real_time",698285,200.528,200.14,ns,,,"3x32x168",,,8,3,16,168,3,32,4,1,4
"dot/dot_int8_int8_int32_3x16x8_1x4x4_neondot/32/344/real_time",360929,388.027,387.22,ns,,,"3x32x344",,,8,3,16,344,3,32,4,1,4
"dot/dot_int8_int8_int32_3x16x8_1x4x4_neondot/32/512/real_time",247068,566.607,565.485,ns,,,"3x32x512",,,8,3,16,512,3,32,4,1,4
"dot/dot_int8_int8_int32_3x16x8_1x4x4_neondot/32/688/real_time",185536,754.636,753.122,ns,,,"3x32x688",,,8,3,16,688,3,32,4,1,4
"dot/dot_int8_int8_int32_3x16x8_1x4x4_neondot/64/8/real_time",2756911,50.7944,50.68,ns,,,"3x64x8",,,8,3,16,8,3,64,4,1,4
"dot/dot_int8_int8_int32_3x16x8_1x4x4_neondot/64/88/real_time",636821,219.907,219.487,ns,,,"3x64x88",,,8,3,16,88,3,64,4,1,4
"dot/dot_int8_int8_int32_3x16x8_1x4x4_neondot/64/176/real_time",342883,408.312,407.515,ns,,,"3x64x176",,,8,3,16,176,3,64,4,1,4
"dot/dot_int8_int8_int32_3x16x8_1x4x4_neondot/64/264/real_time",236136,592.861,591.528,ns,,,"3x64x264",,,8,3,16,264,3,64,4,1,4
"dot/dot_int8_int8_int32_3x16x8_1x4x4_neondot/64/352/real_time",178177,785.262,783.317,ns,,,"3x64x352",,,8,3,16,352,3,64,4,1,4
"dot/dot_int8_int8_int32_3x16x8_1x4x4_neondot/128/8/real_time",1540283,90.9271,90.6916,ns,,,"3x128x8",,,8,3,16,8,3,128,4,1,4
"dot/dot_int8_int8_int32_3x16x8_1x4x4_neondot/128/40/real_time",598014,234.129,233.604,ns,,,"3x128x40",,,8,3,16,40,3,128,4,1,4
"dot/dot_int8_int8_int32_3x16x8_1x4x4_neondot/128/80/real_time",347202,403.32,402.389,ns,,,"3x128x80",,,8,3,16,80,3,128,4,1,4
"dot/dot_int8_int8_int32_3x16x8_1x4x4_neondot/128/120/real_time",244268,573.07,571.68,ns,,,"3x128x120",,,8,3,16,120,3,128,4,1,4
"dot/dot_int8_int8_int32_3x16x8_1x4x4_neondot/128/168/real_time",180517,775.274,773.637,ns,,,"3x128x168",,,8,3,16,168,3,128,4,1,4
"dot/dot_int8_int8_int32_4x16x8_1x4x4_neondot/16/8/real_time",5512680,25.3914,25.3395,ns,,,"4x16x8",,,8,4,16,8,4,16,4,1,4
"dot/dot_int8_int8_int32_4x16x8_1x4x4_neondot/16/304/real_time",572537,246.109,245.57,ns,,,"4x16x304",,,8,4,16,304,4,16,4,1,4
"dot/dot_int8_int8_int32_4x16x8_1x4x4_neondot/16/608/real_time",298027,466.543,465.645,ns,,,"4x16x608",,,8,4,16,608,4,16,4,1,4
"dot/dot_int8_int8_int32_4x16x8_1x4x4_neondot/16/912/real_time",200442,690.711,689.302,ns,,,"4x16x912",,,8,4,16,912,4,16,4,1,4
"dot/dot_int8_int8_int32_4x16x8_1x4x4_neondot/16/1216/real_time",153309,921.113,919.214,ns,,,"4x16x1216",,,8,4,16,1216,4,16,4,1,4
"dot/dot_int8_int8_int32_4x16x8_1x4x4_neondot/32/8/real_time",3536004,39.5879,39.5102,ns,,,"4x32x8",,,8,4,16,8,4,32,4,1,4
"dot/dot_int8_int8_int32_4x16x8_1x4x4_neondot/32/160/real_time",522568,267.102,266.499,ns,,,"4x32x160",,,8,4,16,160,4,32,4,1,4
"dot/dot_int8_int8_int32_4x16x8_1x4x4_neondot/32/328/real_time",267697,524.012,522.84,ns,,,"4x32x328",,,8,4,16,328,4,32,4,1,4
"dot/dot_int8_int8_int32_4x16x8_1x4x4_neondot/32/496/real_time",179026,782.361,780.374,ns,,,"4x32x496",,,8,4,16,496,4,32,4,1,4
"dot/dot_int8_int8_int32_4x16x8_1x4x4_neondot/32/664/real_time",135178,1035.98,1033.73,ns,,,"4x32x664",,,8,4,16,664,4,32,4,1,4
"dot/dot_int8_int8_int32_4x16x8_1x4x4_neondot/64/8/real_time",2075799,67.5117,67.3557,ns,,,"4x64x8",,,8,4,16,8,4,64,4,1,4
"dot/dot_int8_int8_int32_4x16x8_1x4x4_neondot/64/80/real_time",491981,284.518,283.909,ns,,,"4x64x80",,,8,4,16,80,4,64,4,1,4
"dot/dot_int8_int8_int32_4x16x8_1x4x4_neondot/64/168/real_time",254333,551.391,550.316,ns,,,"4x64x168",,,8,4,16,168,4,64,4,1,4
"dot/dot_int8_int8_int32_4x16x8_1x4x4_neondot/64/256/real_time",171332,817.829,816.236,ns,,,"4x64x256",,,8,4,16,256,4,64,4,1,4
"dot/dot_int8_int8_int32_4x16x8_1x4x4_neondot/64/344/real_time",126311,1108.06,1105.88,ns,,,"4x64x344",,,8,4,16,344,4,64,4,1,4
"dot/dot_int8_int8_int32_4x16x8_1x4x4_neondot/128/8/real_time",1126884,124.248,123.999,ns,,,"4x128x8",,,8,4,16,8,4,128,4,1,4
"dot/dot_int8_int8_int32_4x16x8_1x4x4_neondot/128/40/real_time",434852,321.735,321.084,ns,,,"4x128x40",,,8,4,16,40,4,128,4,1,4
"dot/dot_int8_int8_int32_4x16x8_1x4x4_neondot/128/80/real_time",246210,567.9,566.783,ns,,,"4x128x80",,,8,4,16,80,4,128,4,1,4
"dot/dot_int8_int8_int32_4x16x8_1x4x4_neondot/128/120/real_time",173349,807.418,805.887,ns,,,"4x128x120",,,8,4,16,120,4,128,4,1,4
"dot/dot_int8_int8_int32_4x16x8_1x4x4_neondot/128/168/real_time",127457,1098.89,1096.62,ns,,,"4x128x168",,,8,4,16,168,4,128,4,1,4
"dot/dot_int8_int8_int32_5x16x8_1x4x4_neondot/16/8/real_time",4580056,29.7344,29.6748,ns,,,"5x16x8",,,8,5,16,8,5,16,4,1,4
"dot/dot_int8_int8_int32_5x16x8_1x4x4_neondot/16/288/real_time",493806,283.436,282.851,ns,,,"5x16x288",,,8,5,16,288,5,16,4,1,4
"dot/dot_int8_int8_int32_5x16x8_1x4x4_neondot/16/576/real_time",272998,512.545,511.5,ns,,,"5x16x576",,,8,5,16,576,5,16,4,1,4
"dot/dot_int8_int8_int32_5x16x8_1x4x4_neondot/16/864/real_time",173049,805.853,804.259,ns,,,"5x16x864",,,8,5,16,864,5,16,4,1,4
"dot/dot_int8_int8_int32_5x16x8_1x4x4_neondot/16/1152/real_time",140959,993.971,991.994,ns,,,"5x16x1152",,,8,5,16,1152,5,16,4,1,4
"dot/dot_int8_int8_int32_5x16x8_1x4x4_neondot/32/8/real_time",2949388,47.4154,47.3109,ns,,,"5x32x8",,,8,5,16,8,5,32,4,1,4
"dot/dot_int8_int8_int32_5x16x8_1x4x4_neondot/32/160/real_time",427512,327.355,326.726,ns,,,"5x32x160",,,8,5,16,160,5,32,4,1,4
"dot/dot_int8_int8_int32_5x16x8_1x4x4_neondot/32/320/real_time",242043,578.768,577.593,ns,,,"5x32x320",,,8,5,16,320,5,32,4,1,4
"dot/dot_int8_int8_int32_5x16x8_1x4x4_neondot/32/480/real_time",154650,903.374,901.738,ns,,,"5x32x480",,,8,5,16,480,5,32,4,1,4
"dot/dot_int8_int8_int32_5x16x8_1x4x4_neondot/32/640/real_time",125155,1117.79,1115.81,ns,,,"5x32x640",,,8,5,16,640,5,32,4,1,4
"dot/dot_int8_int8_int32_5x16x8_1x4x4_neondot/64/8/real_time",1718244,81.3301,81.1449,ns,,,"5x64x8",,,8,5,16,8,5,64,4,1,4
"dot/dot_int8_int8_int32_5x16x8_1x4x4_neondot/64/80/real_time",409976,341.028,340.381,ns,,,"5x64x80",,,8,5,16,80,5,64,4,1,4
"dot/dot_int8_int8_int32_5x16x8_1x4x4_neondot/64/168/real_time",210690,663.34,661.873,ns,,,"5x64x168",,,8,5,16,168,5,64,4,1,4
"dot/dot_int8_int8_int32_5x16x8_1x4x4_neondot/64/248/real_time",146854,953.947,952.095,ns,,,"5x64x248",,,8,5,16,248,5,64,4,1,4
"dot/dot_int8_int8_int32_5x16x8_1x4x4_neondot/64/336/real_time",110165,1272.35,1269.92,ns,,,"5x64x336",,,8,5,16,336,5,64,4,1,4
"dot/dot_int8_int8_int32_5x16x8_1x4x4_neondot/128/8/real_time",935754,149.554,149.244,ns,,,"5x128x8",,,8,5,16,8,5,128,4,1,4
"dot/dot_int8_int8_int32_5x16x8_1x4x4_neondot/128/40/real_time",361497,388.123,387.346,ns,,,"5x128x40",,,8,5,16,40,5,128,4,1,4
"dot/dot_int8_int8_int32_5x16x8_1x4x4_neondot/128/80/real_time",213908,655.441,653.941,ns,,,"5x128x80",,,8,5,16,80,5,128,4,1,4
"dot/dot_int8_int8_int32_5x16x8_1x4x4_neondot/128/120/real_time",145712,962.107,959.995,ns,,,"5x128x120",,,8,5,16,120,5,128,4,1,4
"dot/dot_int8_int8_int32_5x16x8_1x4x4_neondot/128/160/real_time",112330,1248.49,1245.57,ns,,,"5x128x160",,,8,5,16,160,5,128,4,1,4
"dot/dot_int8_int8_int32_1x8x8_1x4x4_neondot/8/8/real_time",10885963,12.9418,12.9127,ns,,,"1x8x8",,,8,1,8,8,1,8,4,1,4
"dot/dot_int8_int8_int32_1x8x8_1x4x4_neondot/8/680/real_time",1266354,110.484,110.265,ns,,,"1x8x680",,,8,1,8,680,1,8,4,1,4
"dot/dot_int8_int8_int32_1x8x8_1x4x4_neondot/8/1360/real_time",665825,210.317,209.836,ns,,,"1x8x1360",,,8,1,8,1360,1,8,4,1,4
"dot/dot_int8_int8_int32_1x8x8_1x4x4_neondot/8/2040/real_time",452116,309.631,308.969,ns,,,"1x8x2040",,,8,1,8,2040,1,8,4,1,4
"dot/dot_int8_int8_int32_1x8x8_1x4x4_neondot/8/2720/real_time",342205,409.255,408.265,ns,,,"1x8x2720",,,8,1,8,2720,1,8,4,1,4
"dot/dot_int8_int8_int32_1x8x8_1x4x4_neondot/16/8/real_time",8087699,17.271,17.2311,ns,,,"1x16x8",,,8,1,8,8,1,16,4,1,4
"dot/dot_int8_int8_int32_1x8x8_1x4x4_neondot/16/360/real_time",1162822,120.241,119.992,ns,,,"1x16x360",,,8,1,8,360,1,16,4,1,4
"dot/dot_int8_int8_int32_1x8x8_1x4x4_neondot/16/720/real_time",619122,225.92,225.398,ns,,,"1x16x720",,,8,1,8,720,1,16,4,1,4
"dot/dot_int8_int8_int32_1x8x8_1x4x4_neondot/16/1080/real_time",422787,331.273,330.532,ns,,,"1x16x1080",,,8,1,8,1080,1,16,4,1,4
"dot/dot_int8_int8_int32_1x8x8_1x4x4_neondot/16/1440/real_time",320885,436.53,435.467,ns,,,"1x16x1440",,,8,1,8,1440,1,16,4,1,4
"dot/dot_int8_int8_int32_1x8x8_1x4x4_neondot/32/8/real_time",5111788,27.437,27.3705,ns,,,"1x32x8",,,8,1,8,8,1,32,4,1,4
"dot/dot_int8_int8_int32_1x8x8_1x4x4_neondot/32/184/real_time",1073544,130.595,130.3,ns,,,"1x32x184",,,8,1,8,184,1,32,4,1,4
"dot/dot_int8_int8_int32_1x8x8_1x4x4_neondot/32/368/real_time",586951,238.559,238.053,ns,,,"1x32x368",,,8,1,8,368,1,32,4,1,4
"dot/dot_int8_int8_int32_1x8x8_1x4x4_neondot/32/552/real_time",398192,351.317,350.543,ns,,,"1x32x552",,,8,1,8,552,1,32,4,1,4
"dot/dot_int8_int8_int32_1x8x8_1x4x4_neondot/32/736/real_time",304316,459.515,458.549,ns,,,"1x32x736",,,8,1,8,736,1,32,4,1,4
"dot/dot_int8_int8_int32_1x8x8_1x4x4_neondot/64/8/real_time",2900047,47.8759,47.7638,ns,,,"1x64x8",,,8,1,8,8,1,64,4,1,4
"dot/dot_int8_int8_int32_1x8x8_1x4x4_neondot/64/88/real_time",957066,146.855,146.507,ns,,,"1x64x88",,,8,1,8,88,1,64,4,1,4
"dot/dot_int8_int8_int32_1x8x8_1x4x4_neondot/64/184/real_time",538950,259.838,259.307,ns,,,"1x64x184",,,8,1,8,184,1,64,4,1,4
"dot/dot_int8_int8_int32_1x8x8_1x4x4_neondot/64/272/real_time",385087,363.716,362.788,ns,,,"1x64x272",,,8,1,8,272,1,64,4,1,4
"dot/dot_int8_int8_int32_1x8x8_1x4x4_neondot/64/368/real_time",294156,476.014,474.824,ns,,,"1x64x368",,,8,1,8,368,1,64,4,1,4
"dot/dot_int8_int8_int32_8x8x8_1x4x4_neondot/8/8/real_time",3539476,39.5554,39.4559,ns,,,"8x8x8",,,8,8,8,8,8,8,4,1,4
"dot/dot_int8_int8_int32_8x8x8_1x4x4_neondot/8/376/real_time",448489,318.066,317.239,ns,,,"8x8x376",,,8,8,8,376,8,8,4,1,4
"dot/dot_int8_int8_int32_8x8x8_1x4x4_neondot/8/760/real_time",229957,604.945,603.609,ns,,,"8x8x760",,,8,8,8,760,8,8,4,1,4
"dot/dot_int8_int8_int32_8x8x8_1x4x4_neondot/8/1136/real_time",161367,868.133,865.947,ns,,,"8x8x1136",,,8,8,8,1136,8,8,4,1,4
"dot/dot_int8_int8_int32_8x8x8_1x4x4_neondot/8/1520/real_time",121864,1149.43,1146.79,ns,,,"8x8x1520",,,8,8,8,1520,8,8,4,1,4
"dot/dot_int8_int8_int32_8x8x8_1x4x4_neondot/16/8/real_time",2404210,58.2177,58.0987,ns,,,"8x16x8",,,8,8,8,8,8,16,4,1,4
"dot/dot_int8_int8_int32_8x8x8_1x4x4_neondot/16/248/real_time",310652,445.159,444.05,ns,,,"8x16x248",,,8,8,8,248,8,16,4,1,4
"dot/dot_int8_int8_int32_8x8x8_1x4x4_neondot/16/496/real_time",165061,852.039,850.329,ns,,,"8x16x496",,,8,8,8,496,8,16,4,1,4
"dot/dot_int8_int8_int32_8x8x8_1x4x4_neondot/16/744/real_time",110661,1264.69,1262.25,ns,,,"8x16x744",,,8,8,8,744,8,16,4,1,4
"dot/dot_int8_int8_int32_8x8x8_1x4x4_neondot/16/1000/real_time",83232,1682,1678.63,ns,,,"8x16x1000",,,8,8,8,1000,8,16,4,1,4
"dot/dot_int8_int8_int32_8x8x8_1x4x4_neondot/32/8/real_time",1500746,93.8735,93.6907,ns,,,"8x32x8",,,8,8,8,8,8,32,4,1,4
"dot/dot_int8_int8_int32_8x8x8_1x4x4_neondot/32/144/real_time",255083,547.782,546.622,ns,,,"8x32x144",,,8,8,8,144,8,32,4,1,4
"dot/dot_int8_int8_int32_8x8x8_1x4x4_neondot/32/288/real_time",134257,1040.35,1037.74,ns,,,"8x32x288",,,8,8,8,288,8,32,4,1,4
"dot/dot_int8_int8_int32_8x8x8_1x4x4_neondot/32/432/real_time",91376,1526.73,1523.03,ns,,,"8x32x432",,,8,8,8,432,8,32,4,1,4
"dot/dot_int8_int8_int32_8x8x8_1x4x4_neondot/32/584/real_time",68003,2032.27,2027.45,ns,,,"8x32x584",,,8,8,8,584,8,32,4,1,4
"dot/dot_int8_int8_int32_8x8x8_1x4x4_neondot/64/8/real_time",802471,170.26,169.866,ns,,,"8x64x8",,,8,8,8,8,8,64,4,1,4
"dot/dot_int8_int8_int32_8x8x8_1x4x4_neondot/64/72/real_time",242446,608.744,607.454,ns,,,"8x64x72",,,8,8,8,72,8,64,4,1,4
"dot/dot_int8_int8_int32_8x8x8_1x4x4_neondot/64/152/real_time",137002,1092.97,1090.59,ns,,,"8x64x152",,,8,8,8,152,8,64,4,1,4
"dot/dot_int8_int8_int32_8x8x8_1x4x4_neondot/64/232/real_time",81693,1711.25,1707.22,ns,,,"8x64x232",,,8,8,8,232,8,64,4,1,4
"dot/dot_int8_int8_int32_8x8x8_1x4x4_neondot/64/312/real_time",61665,2270.53,2265.48,ns,,,"8x64x312",,,8,8,8,312,8,64,4,1,4
"dot/dot_int8_int8_int32_10x8x8_1x4x4_neondot/8/8/real_time",2756744,50.7985,50.6827,ns,,,"10x8x8",,,8,10,8,8,10,8,4,1,4
"dot/dot_int8_int8_int32_10x8x8_1x4x4_neondot/8/336/real_time",303555,461.282,460.275,ns,,,"10x8x336",,,8,10,8,336,10,8,4,1,4
"dot/dot_int8_int8_int32_10x8x8_1x4x4_neondot/8/672/real_time",158744,882.188,880.372,ns,,,"10x8x672",,,8,10,8,672,10,8,4,1,4
"dot/dot_int8_int8_int32_10x8x8_1x4x4_neondot/8/1008/real_time",107457,1303.28,1300.49,ns,,,"10x8x1008",,,8,10,8,1008,10,8,4,1,4
"dot/dot_int8_int8_int32_10x8x8_1x4x4_neondot/8/1344/real_time",81146,1724.94,1721.13,ns,,,"10x8x1344",,,8,10,8,1344,10,8,4,1,4
"dot/dot_int8_int8_int32_10x8x8_1x4x4_neondot/16/8/real_time",1878914,74.4994,74.3525,ns,,,"10x16x8",,,8,10,8,8,10,16,4,1,4
"dot/dot_int8_int8_int32_10x8x8_1x4x4_neondot/16/224/real_time",227466,615.378,614.205,ns,,,"10x16x224",,,8,10,8,224,10,16,4,1,4
"dot/dot_int8_int8_int32_10x8x8_1x4x4_neondot/16/456/real_time",117002,1197.06,1194.5,ns,,,"10x16x456",,,8,10,8,456,10,16,4,1,4
"dot/dot_int8_int8_int32_10x8x8_1x4x4_neondot/16/688/real_time",78734,1778.29,1774.64,ns,,,"10x16x688",,,8,10,8,688,10,16,4,1,4
"dot/dot_int8_int8_int32_10x8x8_1x4x4_neondot/16/920/real_time",59318,2360.1,2354.84,ns,,,"10x16x920",,,8,10,8,920,10,16,4,1,4
"dot/dot_int8_int8_int32_10x8x8_1x4x4_neondot/32/8/real_time",1154137,121.292,121.034,ns,,,"10x32x8",,,8,10,8,8,10,32,4,1,4
"dot/dot_int8_int8_int32_10x8x8_1x4x4_neondot/32/136/real_time",183591,762.575,761.052,ns,,,"10x32x136",,,8,10,8,136,10,32,4,1,4
"dot/dot_int8_int8_int32_10x8x8_1x4x4_neondot/32/272/real_time",96907,1445.26,1442.06,ns,,,"10x32x272",,,8,10,8,272,10,32,4,1,4
"dot/dot_int8_int8_int32_10x8x8_1x4x4_neondot/32/408/real_time",65873,2125.74,2121.44,ns,,,"10x32x408",,,8,10,8,408,10,32,4,1,4
"dot/dot_int8_int8_int32_10x8x8_1x4x4_neondot/32/552/real_time",49165,2848.47,2842.66,ns,,,"10x32x552",,,8,10,8,552,10,32,4,1,4
"dot/dot_int8_int8_int32_10x8x8_1x4x4_neondot/64/8/real_time",651664,214.888,214.394,ns,,,"10x64x8",,,8,10,8,8,10,64,4,1,4
"dot/dot_int8_int8_int32_10x8x8_1x4x4_neondot/64/72/real_time",162660,860.389,858.557,ns,,,"10x64x72",,,8,10,8,72,10,64,4,1,4
"dot/dot_int8_int8_int32_10x8x8_1x4x4_neondot/64/144/real_time",88316,1587.33,1584.27,ns,,,"10x64x144",,,8,10,8,144,10,64,4,1,4
"dot/dot_int8_int8_int32_10x8x8_1x4x4_neondot/64/216/real_time",60822,2301.66,2297.05,ns,,,"10x64x216",,,8,10,8,216,10,64,4,1,4
"dot/dot_int8_int8_int32_10x8x8_1x4x4_neondot/64/296/real_time",45156,3099.07,3093.14,ns,,,"10x64x296",,,8,10,8,296,10,64,4,1,4
"dot/dot_int8_int8_int32_8x4x8_1x4x4_neondot/4/8/real_time",4200627,33.4183,33.3461,ns,,,"8x4x8",,,8,8,4,8,8,4,4,1,4
"dot/dot_int8_int8_int32_8x4x8_1x4x4_neondot/4/504/real_time",684231,202.802,202.335,ns,,,"8x4x504",,,8,8,4,504,8,4,4,1,4
"dot/dot_int8_int8_int32_8x4x8_1x4x4_neondot/4/1016/real_time",370674,377.512,376.75,ns,,,"8x4x1016",,,8,8,4,1016,8,4,4,1,4
"dot/dot_int8_int8_int32_8x4x8_1x4x4_neondot/4/1520/real_time",255220,562.393,561.324,ns,,,"8x4x1520",,,8,8,4,1520,8,4,4,1,4
"dot/dot_int8_int8_int32_8x4x8_1x4x4_neondot/4/2032/real_time",192913,725.944,724.386,ns,,,"8x4x2032",,,8,8,4,2032,8,4,4,1,4
"dot/dot_int8_int8_int32_8x4x8_1x4x4_neondot/8/8/real_time",3083959,45.4157,45.3252,ns,,,"8x8x8",,,8,8,4,8,8,8,4,1,4
"dot/dot_int8_int8_int32_8x4x8_1x4x4_neondot/8/376/real_time",470550,297.334,296.714,ns,,,"8x8x376",,,8,8,4,376,8,8,4,1,4
"dot/dot_int8_int8_int32_8x4x8_1x4x4_neondot/8/760/real_time",250930,555.907,554.793,ns,,,"8x8x760",,,8,8,4,760,8,8,4,1,4
"dot/dot_int8_int8_int32_8x4x8_1x4x4_neondot/8/1136/real_time",167534,817.396,815.738,ns,,,"8x8x1136",,,8,8,4,1136,8,8,4,1,4
"dot/dot_int8_int8_int32_8x4x8_1x4x4_neondot/8/1520/real_time",126266,1103.65,1101.56,ns,,,"8x8x1520",,,8,8,4,1520,8,8,4,1,4
"dot/dot_int8_int8_int32_8x4x8_1x4x4_neondot/16/8/real_time",2015037,69.495,69.3512,ns,,,"8x16x8",,,8,8,4,8,8,16,4,1,4
"dot/dot_int8_int8_int32_8x4x8_1x4x4_neondot/16/248/real_time",354929,396.98,396.201,ns,,,"8x16x248",,,8,8,4,248,8,16,4,1,4
"dot/dot_int8_int8_int32_8x4x8_1x4x4_neondot/16/496/real_time",186600,746.767,745.282,ns,,,"8x16x496",,,8,8,4,496,8,16,4,1,4
"dot/dot_int8_int8_int32_8x4x8_1x4x4_neondot/16/744/real_time",130585,1082.27,1079.96,ns,,,"8x16x744",,,8,8,4,744,8,16,4,1,4
"dot/dot_int8_int8_int32_8x4x8_1x4x4_neondot/16/1000/real_time",96994,1443.91,1440.97,ns,,,"8x16x1000",,,8,8,4,1000,8,16,4,1,4
"dot/dot_int8_int8_int32_8x4x8_1x4x4_neondot/32/8/real_time",1207342,116.256,116.032,ns,,,"8x32x8",,,8,8,4,8,8,32,4,1,4
"dot/dot_int8_int8_int32_8x4x8_1x4x4_neondot/32/144/real_time",276570,504.847,503.81,ns,,,"8x32x144",,,8,8,4,144,8,32,4,1,4
"dot/dot_int8_int8_int32_8x4x8_1x4x4_neondot/32/288/real_time",156591,894.286,892.301,ns,,,"8x32x288",,,8,8,4,288,8,32,4,1,4
"dot/dot_int8_int8_int32_8x4x8_1x4x4_neondot/32/432/real_time",106290,1316.46,1313.7,ns,,,"8x32x432",,,8,8,4,432,8,32,4,1,4
"dot/dot_int8_int8_int32_8x4x8_1x4x4_neondot/32/584/real_time",81770,1700.4,1696.84,ns,,,"8x32x584",,,8,8,4,584,8,32,4,1,4
"dot/dot_int8_int8_int32_1x16x8_1x4x1_neon/16/8/real_time",4327474,30.3467,30.2827,ns,,,"1x16x8",,,8,1,16,8,1,16,1,1,4
"dot/dot_int8_int8_int32_1x16x8_1x4x1_neon/16/360/real_time",167744,837.24,835.464,ns,,,"1x16x360",,,8,1,16,360,1,16,1,1,4
"dot/dot_int8_int8_int32_1x16x8_1x4x1_neon/16/720/real_time",85593,1636.46,1632.91,ns,,,"1x16x720",,,8,1,16,720,1,16,1,1,4
"dot/dot_int8_int8_int32_1x16x8_1x4x1_neon/16/1080/real_time",58260,2421.61,2416.52,ns,,,"1x16x1080",,,8,1,16,1080,1,16,1,1,4
"dot/dot_int8_int8_int32_1x16x8_1x4x1_neon/16/1440/real_time",42954,3259.85,3253.27,ns,,,"1x16x1440",,,8,1,16,1440,1,16,1,1,4
"dot/dot_int8_int8_int32_1x16x8_1x4x1_neon/32/8/real_time",2768372,51.2391,51.1324,ns,,,"1x32x8",,,8,1,16,8,1,32,1,1,4
"dot/dot_int8_int8_int32_1x16x8_1x4x1_neon/32/184/real_time",165646,844.896,843.132,ns,,,"1x32x184",,,8,1,16,184,1,32,1,1,4
"dot/dot_int8_int8_int32_1x16x8_1x4x1_neon/32/368/real_time",83564,1675.04,1671.82,ns,,,"1x32x368",,,8,1,16,368,1,32,1,1,4
"dot/dot_int8_int8_int32_1x16x8_1x4x1_neon/32/552/real_time",55892,2504.07,2499.19,ns,,,"1x32x552",,,8,1,16,552,1,32,1,1,4
"dot/dot_int8_int8_int32_1x16x8_1x4x1_neon/32/736/real_time",41977,3334.81,3328.05,ns,,,"1x32x736",,,8,1,16,736,1,32,1,1,4
"dot/dot_int8_int8_int32_1x16x8_1x4x1_neon/64/8/real_time",1531406,91.4968,91.2627,ns,,,"1x64x8",,,8,1,16,8,1,64,1,1,4
"dot/dot_int8_int8_int32_1x16x8_1x4x1_neon/64/88/real_time",172154,813.132,811.343,ns,,,"1x64x88",,,8,1,16,88,1,64,1,1,4
"dot/dot_int8_int8_int32_1x16x8_1x4x1_neon/64/184/real_time",83353,1679.64,1675.72,ns,,,"1x64x184",,,8,1,16,184,1,64,1,1,4
"dot/dot_int8_int8_int32_1x16x8_1x4x1_neon/64/272/real_time",56611,2473.58,2467.8,ns,,,"1x64x272",,,8,1,16,272,1,64,1,1,4
"dot/dot_int8_int8_int32_1x16x8_1x4x1_neon/64/368/real_time",41930,3339.58,3332.21,ns,,,"1x64x368",,,8,1,16,368,1,64,1,1,4
"dot/dot_int8_int8_int32_1x16x8_1x4x1_neon/128/8/real_time",813316,171.996,171.589,ns,,,"1x128x8",,,8,1,16,8,1,128,1,1,4
"dot/dot_int8_int8_int32_1x16x8_1x4x1_neon/128/40/real_time",185497,754.555,752.861,ns,,,"1x128x40",,,8,1,16,40,1,128,1,1,4
"dot/dot_int8_int8_int32_1x16x8_1x4x1_neon/128/88/real_time",86393,1620.93,1617.13,ns,,,"1x128x88",,,8,1,16,88,1,128,1,1,4
"dot/dot_int8_int8_int32_1x16x8_1x4x1_neon/128/136/real_time",56304,2486.77,2481.35,ns,,,"1x128x136",,,8,1,16,136,1,128,1,1,4
"dot/dot_int8_int8_int32_1x16x8_1x4x1_neon/128/184/real_time",41644,3362.02,3354.05,ns,,,"1x128x184",,,8,1,16,184,1,128,1,1,4
"dot/dot_int8_int8_int32_2x16x8_1x4x1_neon/16/8/real_time",3804791,36.9431,36.8634,ns,,,"2x16x8",,,8,2,16,8,2,16,1,1,4
"dot/dot_int8_int8_int32_2x16x8_1x4x1_neon/16/336/real_time",142878,979.754,977.455,ns,,,"2x16x336",,,8,2,16,336,2,16,1,1,4
"dot/dot_int8_int8_int32_2x16x8_1x4x1_neon/16/672/real_time",71976,1944.83,1940.34,ns,,,"2x16x672",,,8,2,16,672,2,16,1,1,4
"dot/dot_int8_int8_int32_2x16x8_1x4x1_neon/16/1008/real_time",48141,2907.84,2902.34,ns,,,"2x16x1008",,,8,2,16,1008,2,16,1,1,4
"dot/dot_int8_int8_int32_2x16x8_1x4x1_neon/16/1352/real_time",35924,3896.62,3888.62,ns,,,"2x16x1352",,,8,2,16,1352,2,16,1,1,4
"dot/dot_int8_int8_int32_2x16x8_1x4x1_neon/32/8/real_time",2221338,62.8881,62.7562,ns,,,"2x32x8",,,8,2,16,8,2,32,1,1,4
"dot/dot_int8_int8_int32_2x16x8_1x4x1_neon/32/176/real_time",136033,1028.67,1026.6,ns,,,"2x32x176",,,8,2,16,176,2,32,1,1,4
"dot/dot_int8_int8_int32_2x16x8_1x4x1_neon/32/352/real_time",68667,2039.6,2035.31,ns,,,"2x32x352",,,8,2,16,352,2,32,1,1,4
"dot/dot_int8_int8_int32_2x16x8_1x4x1_neon/32/528/real_time",45901,3050.4,3043.73,ns,,,"2x32x528",,,8,2,16,528,2,32,1,1,4
"dot/dot_int8_int8_int32_2x16x8_1x4x1_neon/32/712/real_time",34102,4106.57,4098.42,ns,,,"2x32x712",,,8,2,16,712,2,32,1,1,4
"dot/dot_int8_int8_int32_2x16x8_1x4x1_neon/64/8/real_time",1219984,114.889,114.649,ns,,,"2x64x8",,,8,2,16,8,2,64,1,1,4
"dot/dot_int8_int8_int32_2x16x8_1x4x1_neon/64/88/real_time",135350,1034.48,1032.41,ns,,,"2x64x88",,,8,2,16,88,2,64,1,1,4
"dot/dot_int8_int8_int32_2x16x8_1x4x1_neon/64/176/real_time",68290,2049.24,2045.12,ns,,,"2x64x176",,,8,2,16,176,2,64,1,1,4
"dot/dot_int8_int8_int32_2x16x8_1x4x1_neon/64/264/real_time",45793,3056.19,3049.94,ns,,,"2x64x264",,,8,2,16,264,2,64,1,1,4
"dot/dot_int8_int8_int32_2x16x8_1x4x1_neon/64/360/real_time",33667,4158.8,4150.34,ns,,,"2x64x360",,,8,2,16,360,2,64,1,1,4
"dot/dot_int8_int8_int32_2x16x8_1x4x1_neon/128/8/real_time",635581,219.942,219.504,ns,,,"2x128x8",,,8,2,16,8,2,128,1,1,4
"dot/dot_int8_int8_int32_2x16x8_1x4x1_neon/128/40/real_time",145640,961.037,959.089,ns,,,"2x128x40",,,8,2,16,40,2,128,1,1,4
"dot/dot_int8_int8_int32_2x16x8_1x4x1_neon/128/88/real_time",67871,2062.71,2058.79,ns,,,"2x128x88",,,8,2,16,88,2,128,1,1,4
"dot/dot_int8_int8_int32_2x16x8_1x4x1_neon/128/128/real_time",46872,2986.58,2980.35,ns,,,"2x128x128",,,8,2,16,128,2,128,1,1,4
"dot/dot_int8_int8_int32_2x16x8_1x4x1_neon/128/176/real_time",34268,4085.26,4076.99,ns,,,"2x128x176",,,8,2,16,176,2,128,1,1,4
"dot/dot_int8_int8_int32_3x16x8_1x4x1_neon/16/8/real_time",2737798,51.1109,51.0125,ns,,,"3x16x8",,,8,3,16,8,3,16,1,1,4
"dot/dot_int8_int8_int32_3x16x8_1x4x1_neon/16/320/real_time",100396,1394.62,1391.58,ns,,,"3x16x320",,,8,3,16,320,3,16,1,1,4
"dot/dot_int8_int8_int32_3x16x8_1x4x1_neon/16/640/real_time",50545,2771.5,2765.47,ns,,,"3x16x640",,,8,3,16,640,3,16,1,1,4
"dot/dot_int8_int8_int32_3x16x8_1x4x1_neon/16/960/real_time",33747,4147.26,4138.85,ns,,,"3x16x960",,,8,3,16,960,3,16,1,1,4
"dot/dot_int8_int8_int32_3x16x8_1x4x1_neon/16/1280/real_time",25337,5524.04,5512.71,ns,,,"3x16x1280",,,8,3,16,1280,3,16,1,1,4
"dot/dot_int8_int8_int32_3x16x8_1x4x1_neon/32/8/real_time",1551683,90.2326,90.0406,ns,,,"3x32x8",,,8,3,16,8,3,32,1,1,4
"dot/dot_int8_int8_int32_3x16x8_1x4x1_neon/32/168/real_time",95345,1467.76,1464.89,ns,,,"3x32x168",,,8,3,16,168,3,32,1,1,4
"dot/dot_int8_int8_int32_3x16x8_1x4x1_neon/32/344/real_time",46970,2982.02,2976.08,ns,,,"3x32x344",,,8,3,16,344,3,32,1,1,4
"dot/dot_int8_int8_int32_3x16x8_1x4x1_neon/32/512/real_time",31614,4427.83,4419.34,ns,,,"3x32x512",,,8,3,16,512,3,32,1,1,4
"dot/dot_int8_int8_int32_3x16x8_1x4x1_neon/32/688/real_time",23557,5943.11,5930.24,ns,,,"3x32x688",,,8,3,16,688,3,32,1,1,4
"dot/dot_int8_int8_int32_3x16x8_1x4x1_neon/64/8/real_time",824857,169.952,169.627,ns,,,"3x64x8",,,8,3,16,8,3,64,1,1,4
"dot/dot_int8_int8_int32_3x16x8_1x4x1_neon/64/88/real_time",90451,1547.35,1544.35,ns,,,"3x64x88",,,8,3,16,88,3,64,1,1,4
"dot/dot_int8_int8_int32_3x16x8_1x4x1_neon/64/176/real_time",45722,3062.4,3056.39,ns,,,"3x64x176",,,8,3,16,176,3,64,1,1,4
"dot/dot_int8_int8_int32_3x16x8_1x4x1_neon/64/264/real_time",30598,4576.07,4566.62,ns,,,"3x64x264",,,8,3,16,264,3,64,1,1,4
"dot/dot_int8_int8_int32_3x16x8_1x4x1_neon/64/352/real_time",22978,6093.63,6081.32,ns,,,"3x64x352",,,8,3,16,352,3,64,1,1,4
"dot/dot_int8_int8_int32_3x16x8_1x4x1_neon/128/8/real_time",426230,328.679,328.031,ns,,,"3x128x8",,,8,3,16,8,3,128,1,1,4
"dot/dot_int8_int8_int32_3x16x8_1x4x1_neon/128/40/real_time",97543,1435.87,1432.86,ns,,,"3x128x40",,,8,3,16,40,3,128,1,1,4
"dot/dot_int8_int8_int32_3x16x8_1x4x1_neon/128/80/real_time",49766,2814.39,2808.57,ns,,,"3x128x80",,,8,3,16,80,3,128,1,1,4
"dot/dot_int8_int8_int32_3x16x8_1x4x1_neon/128/120/real_time",33424,4189.43,4180.51,ns,,,"3x128x120",,,8,3,16,120,3,128,1,1,4
"dot/dot_int8_int8_int32_3x16x8_1x4x1_neon/128/168/real_time",23972,5841.83,5828.97,ns,,,"3x128x168",,,8,3,16,168,3,128,1,1,4
"dot/dot_int8_int8_int32_4x16x8_1x4x1_neon/16/8/real_time",2105206,66.3494,66.2141,ns,,,"4x16x8",,,8,4,16,8,4,16,1,1,4
"dot/dot_int8_int8_int32_4x16x8_1x4x1_neon/16/304/real_time",80131,1759.14,1755.27,ns,,,"4x16x304",,,8,4,16,304,4,16,1,1,4
"dot/dot_int8_int8_int32_4x16x8_1x4x1_neon/16/608/real_time",39979,3492.03,3485.14,ns,,,"4x16x608",,,8,4,16,608,4,16,1,1,4
"dot/dot_int8_int8_int32_4x16x8_1x4x1_neon/16/912/real_time",26994,5201.7,5191.12,ns,,,"4x16x912",,,8,4,16,912,4,16,1,1,4
"dot/dot_int8_int8_int32_4x16x8_1x4x1_neon/16/1216/real_time",20222,6926.55,6912.87,ns,,,"4x16x1216",,,8,4,16,1216,4,16,1,1,4
"dot/dot_int8_int8_int32_4x16x8_1x4x1_neon/32/8/real_time",1146567,121.019,120.77,ns,,,"4x32x8",,,8,4,16,8,4,32,1,1,4
"dot/dot_int8_int8_int32_4x16x8_1x4x1_neon/32/160/real_time",75813,1846.65,1842.89,ns,,,"4x32x160",,,8,4,16,160,4,32,1,1,4
"dot/dot_int8_int8_int32_4x16x8_1x4x1_neon/32/328/real_time",37272,3780.57,3772.17,ns,,,"4x32x328",,,8,4,16,328,4,32,1,1,4
"dot/dot_int8_int8_int32_4x16x8_1x4x1_neon/32/496/real_time",24633,5692.13,5681.9,ns,,,"4x32x496",,,8,4,16,496,4,32,1,1,4
"dot/dot_int8_int8_int32_4x16x8_1x4x1_neon/32/664/real_time",18475,7584.12,7568.79,ns,,,"4x32x664",,,8,4,16,664,4,32,1,1,4
"dot/dot_int8_int8_int32_4x16x8_1x4x1_neon/64/8/real_time",604278,231.321,230.819,ns,,,"4x64x8",,,8,4,16,8,4,64,1,1,4
"dot/dot_int8_int8_int32_4x16x8_1x4x1_neon/64/80/real_time",73601,1895.54,1891.98,ns,,,"4x64x80",,,8,4,16,80,4,64,1,1,4
"dot/dot_int8_int8_int32_4x16x8_1x4x1_neon/64/168/real_time",35882,3890.87,3882.79,ns,,,"4x64x168",,,8,4,16,168,4,64,1,1,4
"dot/dot_int8_int8_int32_4x16x8_1x4x1_neon/64/256/real_time",23724,5901.48,5888.95,ns,,,"4x64x256",,,8,4,16,256,4,64,1,1,4
"dot/dot_int8_int8_int32_4x16x8_1x4x1_neon/64/344/real_time",17578,7973.75,7957.35,ns,,,"4x64x344",,,8,4,16,344,4,64,1,1,4
"dot/dot_int8_int8_int32_4x16x8_1x4x1_neon/128/8/real_time",307311,454.091,453.207,ns,,,"4x128x8",,,8,4,16,8,4,128,1,1,4
"dot/dot_int8_int8_int32_4x16x8_1x4x1_neon/128/40/real_time",71985,1945.32,1941.81,ns,,,"4x128x40",,,8,4,16,40,4,128,1,1,4
"dot/dot_int8_int8_int32_4x16x8_1x4x1_neon/128/80/real_time",36847,3800.17,3793.39,ns,,,"4x128x80",,,8,4,16,80,4,128,1,1,4
"dot/dot_int8_int8_int32_4x16x8_1x4x1_neon/128/120/real_time",24820,5640.33,5629.69,ns,,,"4x128x120",,,8,4,16,120,4,128,1,1,4
"dot/dot_int8_int8_int32_4x16x8_1x4x1_neon/128/168/real_time",17830,7853.43,7838.75,ns,,,"4x128x168",,,8,4,16,168,4,128,1,1,4
"dot/dot_int8_int8_int32_1x8x8_1x4x1_neon/8/8/real_time",5479333,25.5535,25.5064,ns,,,"1x8x8",,,8,1,8,8,1,8,1,1,4
"dot/dot_int8_int8_int32_1x8x8_1x4x1_neon/8/680/real_time",110447,1267.12,1264.81,ns,,,"1x8x680",,,8,1,8,680,1,8,1,1,4
"dot/dot_int8_int8_int32_1x8x8_1x4x1_neon/8/1360/real_time",55208,2536.82,2532.21,ns,,,"1x8x1360",,,8,1,8,1360,1,8,1,1,4
"dot/dot_int8_int8_int32_1x8x8_1x4x1_neon/8/2040/real_time",37029,3780.91,3772.95,ns,,,"1x8x2040",,,8,1,8,2040,1,8,1,1,4
"dot/dot_int8_int8_int32_1x8x8_1x4x1_neon/8/2720/real_time",27637,5064.96,5054.23,ns,,,"1x8x2720",,,8,1,8,2720,1,8,1,1,4
"dot/dot_int8_int8_int32_1x8x8_1x4x1_neon/16/8/real_time",3463426,40.4253,40.3432,ns,,,"1x16x8",,,8,1,8,8,1,16,1,1,4
"dot/dot_int8_int8_int32_1x8x8_1x4x1_neon/16/360/real_time",104354,1341.25,1338.52,ns,,,"1x16x360",,,8,1,8,360,1,16,1,1,4
"dot/dot_int8_int8_int32_1x8x8_1x4x1_neon/16/720/real_time",52400,2671.58,2666.07,ns,,,"1x16x720",,,8,1,8,720,1,16,1,1,4
"dot/dot_int8_int8_int32_1x8x8_1x4x1_neon/16/1080/real_time",34989,4001.11,3994.12,ns,,,"1x16x1080",,,8,1,8,1080,1,16,1,1,4
"dot/dot_int8_int8_int32_1x8x8_1x4x1_neon/16/1440/real_time",26249,5331.64,5321.67,ns,,,"1x16x1440",,,8,1,8,1440,1,16,1,1,4
"dot/dot_int8_int8_int32_1x8x8_1x4x1_neon/32/8/real_time",1995623,70.1471,70.0185,ns,,,"1x32x8",,,8,1,8,8,1,32,1,1,4
"dot/dot_int8_int8_int32_1x8x8_1x4x1_neon/32/184/real_time",102161,1370.37,1367.85,ns,,,"1x32x184",,,8,1,8,184,1,32,1,1,4
"dot/dot_int8_int8_int32_1x8x8_1x4x1_neon/32/368/real_time",51423,2723.39,2718.09,ns,,,"1x32x368",,,8,1,8,368,1,32,1,1,4
"dot/dot_int8_int8_int32_1x8x8_1x4x1_neon/32/552/real_time",34368,4081.34,4073.73,ns,,,"1x32x552",,,8,1,8,552,1,32,1,1,4
"dot/dot_int8_int8_int32_1x8x8_1x4x1_neon/32/736/real_time",25804,5429.66,5418.56,ns,,,"1x32x736",,,8,1,8,736,1,32,1,1,4
"dot/dot_int8_int8_int32_1x8x8_1x4x1_neon/64/8/real_time",1080064,129.603,129.366,ns,,,"1x64x8",,,8,1,8,8,1,64,1,1,4
"dot/dot_int8_int8_int32_1x8x8_1x4x1_neon/64/88/real_time",106890,1308.99,1306.67,ns,,,"1x64x88",,,8,1,8,88,1,64,1,1,4
"dot/dot_int8_int8_int32_1x8x8_1x4x1_neon/64/184/real_time",51479,2719.64,2714.71,ns,,,"1x64x184",,,8,1,8,184,1,64,1,1,4
"dot/dot_int8_int8_int32_1x8x8_1x4x1_neon/64/272/real_time",34843,4016.52,4008.37,ns,,,"1x64x272",,,8,1,8,272,1,64,1,1,4
"dot/dot_int8_int8_int32_1x8x8_1x4x1_neon/64/368/real_time",25793,5427.31,5416.72,ns,,,"1x64x368",,,8,1,8,368,1,64,1,1,4
"dot/dot_int8_int8_int32_2x8x8_1x4x1_neon/8/8/real_time",4708231,29.731,29.6741,ns,,,"2x8x8",,,8,2,8,8,2,8,1,1,4
"dot/dot_int8_int8_int32_2x8x8_1x4x1_neon/8/608/real_time",99370,1408.86,1406.08,ns,,,"2x8x608",,,8,2,8,608,2,8,1,1,4
"dot/dot_int8_int8_int32_2x8x8_1x4x1_neon/8/1224/real_time",49583,2823.46,2817.99,ns,,,"2x8x1224",,,8,2,8,1224,2,8,1,1,4
"dot/dot_int8_int8_int32_2x8x8_1x4x1_neon/8/1832/real_time",33189,4219.34,4211.41,ns,,,"2x8x1832",,,8,2,8,1832,2,8,1,1,4
"dot/dot_int8_int8_int32_2x8x8_1x4x1_neon/8/2448/real_time",24841,5633.86,5623.31,ns,,,"2x8x2448",,,8,2,8,2448,2,8,1,1,4
"dot/dot_int8_int8_int32_2x8x8_1x4x1_neon/16/8/real_time",2840063,49.3008,49.2127,ns,,,"2x16x8",,,8,2,8,8,2,16,1,1,4
"dot/dot_int8_int8_int32_2x8x8_1x4x1_neon/16/336/real_time",89906,1556.65,1553.91,ns,,,"2x16x336",,,8,2,8,336,2,16,1,1,4
"dot/dot_int8_int8_int32_2x8x8_1x4x1_neon/16/672/real_time",45168,3099.81,3094.05,ns,,,"2x16x672",,,8,2,8,672,2,16,1,1,4
"dot/dot_int8_int8_int32_2x8x8_1x4x1_neon/16/1008/real_time",30154,4643.33,4634.55,ns,,,"2x16x1008",,,8,2,8,1008,2,16,1,1,4
"dot/dot_int8_int8_int32_2x8x8_1x4x1_neon/16/1352/real_time",22502,6224.28,6211.22,ns,,,"2x16x1352",,,8,2,8,1352,2,16,1,1,4
"dot/dot_int8_int8_int32_2x8x8_1x4x1_neon/32/8/real_time",1585896,88.2734,88.1085,ns,,,"2x32x8",,,8,2,8,8,2,32,1,1,4
"dot/dot_int8_int8_int32_2x8x8_1x4x1_neon/32/176/real_time",85786,1632.51,1629.29,ns,,,"2x32x176",,,8,2,8,176,2,32,1,1,4
"dot/dot_int8_int8_int32_2x8x8_1x4x1_neon/32/352/real_time",43076,3249.25,3243.41,ns,,,"2x32x352",,,8,2,8,352,2,32,1,1,4
"dot/dot_int8_int8_int32_2x8x8_1x4x1_neon/32/528/real_time",28763,4865.92,4856.28,ns,,,"2x32x528",,,8,2,8,528,2,32,1,1,4
"dot/dot_int8_int8_int32_2x8x8_1x4x1_neon/32/712/real_time",21352,6560.38,6546.77,ns,,,"2x32x712",,,8,2,8,712,2,32,1,1,4
"dot/dot_int8_int8_int32_2x8x8_1x4x1_neon/64/8/real_time",843550,165.928,165.615,ns,,,"2x64x8",,,8,2,8,8,2,64,1,1,4
"dot/dot_int8_int8_int32_2x8x8_1x4x1_neon/64/88/real_time",85578,1635.64,1632.64,ns,,,"2x64x88",,,8,2,8,88,2,64,1,1,4
"dot/dot_int8_int8_int32_2x8x8_1x4x1_neon/64/176/real_time",43129,3244.95,3238.64,ns,,,"2x64x176",,,8,2,8,176,2,64,1,1,4
"dot/dot_int8_int8_int32_2x8x8_1x4x1_neon/64/264/real_time",28840,4854.88,4845.12,ns,,,"2x64x264",,,8,2,8,264,2,64,1,1,4
"dot/dot_int8_int8_int32_2x8x8_1x4x1_neon/64/360/real_time",21177,6608.65,6597.46,ns,,,"2x64x360",,,8,2,8,360,2,64,1,1,4
"dot/dot_int8_int8_int32_3x8x8_1x4x1_neon/8/8/real_time",3892652,35.9831,35.9157,ns,,,"3x8x8",,,8,3,8,8,3,8,1,1,4
"dot/dot_int8_int8_int32_3x8x8_1x4x1_neon/8/552/real_time",98508,1421.75,1419.07,ns,,,"3x8x552",,,8,3,8,552,3,8,1,1,4
"dot/dot_int8_int8_int32_3x8x8_1x4x1_neon/8/1112/real_time",49168,2848,2842.76,ns,,,"3x8x1112",,,8,3,8,1112,3,8,1,1,4
"dot/dot_int8_int8_int32_3x8x8_1x4x1_neon/8/1664/real_time",32901,4253.89,4246.1,ns,,,"3x8x1664",,,8,3,8,1664,3,8,1,1,4
"dot/dot_int8_int8_int32_3x8x8_1x4x1_neon/8/2224/real_time",24637,5680.45,5669.95,ns,,,"3x8x2224",,,8,3,8,2224,3,8,1,1,4
"dot/dot_int8_int8_int32_3x8x8_1x4x1_neon/16/8/real_time",2305469,60.7055,60.5939,ns,,,"3x16x8",,,8,3,8,8,3,16,1,1,4
"dot/dot_int8_int8_int32_3x8x8_1x4x1_neon/16/320/real_time",84757,1651.89,1648.5,ns,,,"3x16x320",,,8,3,8,320,3,16,1,1,4
"dot/dot_int8_int8_int32_3x8x8_1x4x1_neon/16/640/real_time",42653,3281.6,3275.58,ns,,,"3x16x640",,,8,3,8,640,3,16,1,1,4
"dot/dot_int8_int8_int32_3x8x8_1x4x1_neon/16/960/real_time",28497,4912.59,4902.91,ns,,,"3x16x960",,,8,3,8,960,3,16,1,1,4
"dot/dot_int8_int8_int32_3x8x8_1x4x1_neon/16/1280/real_time",21402,6543.08,6530.06,ns,,,"3x16x1280",,,8,3,8,1280,3,16,1,1,4
"dot/dot_int8_int8_int32_3x8x8_1x4x1_neon/32/8/real_time",1273821,109.822,109.617,ns,,,"3x32x8",,,8,3,8,8,3,32,1,1,4
"dot/dot_int8_int8_int32_3x8x8_1x4x1_neon/32/168/real_time",80289,1744.74,1741.28,ns,,,"3x32x168",,,8,3,8,168,3,32,1,1,4
"dot/dot_int8_int8_int32_3x8x8_1x4x1_neon/32/344/real_time",39580,3538.18,3531.08,ns,,,"3x32x344",,,8,3,8,344,3,32,1,1,4
"dot/dot_int8_int8_int32_3x8x8_1x4x1_neon/32/512/real_time",26666,5250.37,5239.59,ns,,,"3x32x512",,,8,3,8,512,3,32,1,1,4
"dot/dot_int8_int8_int32_3x8x8_1x4x1_neon/32/688/real_time",19864,7047.06,7033.64,ns,,,"3x32x688",,,8,3,8,688,3,32,1,1,4
"dot/dot_int8_int8_int32_3x8x8_1x4x1_neon/64/8/real_time",671400,208.385,207.898,ns,,,"3x64x8",,,8,3,8,8,3,64,1,1,4
"dot/dot_int8_int8_int32_3x8x8_1x4x1_neon/64/88/real_time",75812,1846.65,1842.89,ns,,,"3x64x88",,,8,3,8,88,3,64,1,1,4
"dot/dot_int8_int8_int32_3x8x8_1x4x1_neon/64/176/real_time",38370,3646.6,3639.57,ns,,,"3x64x176",,,8,3,8,176,3,64,1,1,4
"dot/dot_int8_int8_int32_3x8x8_1x4x1_neon/64/264/real_time",25723,5441.22,5429.99,ns,,,"3x64x264",,,8,3,8,264,3,64,1,1,4
"dot/dot_int8_int8_int32_3x8x8_1x4x1_neon/64/352/real_time",19272,7266.58,7249.93,ns,,,"3x64x352",,,8,3,8,352,3,64,1,1,4
"dot/dot_int8_int8_int32_4x8x8_1x4x1_neon/8/8/real_time",3299335,42.4383,42.3531,ns,,,"4x8x8",,,8,4,8,8,4,8,1,1,4
"dot/dot_int8_int8_int32_4x8x8_1x4x1_neon/8/504/real_time",89480,1564.72,1561.74,ns,,,"4x8x504",,,8,4,8,504,4,8,1,1,4
"dot/dot_int8_int8_int32_4x8x8_1x4x1_neon/8/1016/real_time",44629,3136.64,3130.16,ns,,,"4x8x1016",,,8,4,8,1016,4,8,1,1,4
"dot/dot_int8_int8_int32_4x8x8_1x4x1_neon/8/1520/real_time",29882,4698.99,4688.91,ns,,,"4x8x1520",,,8,4,8,1520,4,8,1,1,4
"dot/dot_int8_int8_int32_4x8x8_1x4x1_neon/8/2032/real_time",22340,6257.5,6245.48,ns,,,"4x8x2032",,,8,4,8,2032,4,8,1,1,4
"dot/dot_int8_int8_int32_4x8x8_1x4x1_neon/16/8/real_time",1920055,72.5115,72.3563,ns,,,"4x16x8",,,8,4,8,8,4,16,1,1,4
"dot/dot_int8_int8_int32_4x8x8_1x4x1_neon/16/304/real_time",74075,1889.64,1885.88,ns,,,"4x16x304",,,8,4,8,304,4,16,1,1,4
"dot/dot_int8_int8_int32_4x8x8_1x4x1_neon/16/608/real_time",37215,3771.43,3764.11,ns,,,"4x16x608",,,8,4,8,608,4,16,1,1,4
"dot/dot_int8_int8_int32_4x8x8_1x4x1_neon/16/912/real_time",24906,5624.49,5611.9,ns,,,"4x16x912",,,8,4,8,912,4,16,1,1,4
"dot/dot_int8_int8_int32_4x8x8_1x4x1_neon/16/1216/real_time",18684,7491.98,7477.97,ns,,,"4x16x1216",,,8,4,8,1216,4,16,1,1,4
"dot/dot_int8_int8_int32_4x8x8_1x4x1_neon/32/8/real_time",1045469,133.797,133.528,ns,,,"4x32x8",,,8,4,8,8,4,32,1,1,4
"dot/dot_int8_int8_int32_4x8x8_1x4x1_neon/32/160/real_time",69510,2010.02,2006.3,ns,,,"4x32x160",,,8,4,8,160,4,32,1,1,4
"dot/dot_int8_int8_int32_4x8x8_1x4x1_neon/32/328/real_time",34470,4062.2,4054.04,ns,,,"4x32x328",,,8,4,8,328,4,32,1,1,4
"dot/dot_int8_int8_int32_4x8x8_1x4x1_neon/32/496/real_time",22862,6127.05,6113.74,ns,,,"4x32x496",,,8,4,8,496,4,32,1,1,4
"dot/dot_int8_int8_int32_4x8x8_1x4x1_neon/32/664/real_time",17093,8193.12,8176.77,ns,,,"4x32x664",,,8,4,8,664,4,32,1,1,4
"dot/dot_int8_int8_int32_4x8x8_1x4x1_neon/64/8/real_time",552120,253.604,253.068,ns,,,"4x64x8",,,8,4,8,8,4,64,1,1,4
"dot/dot_int8_int8_int32_4x8x8_1x4x1_neon/64/80/real_time",69180,2026.27,2022.45,ns,,,"4x64x80",,,8,4,8,80,4,64,1,1,4
"dot/dot_int8_int8_int32_4x8x8_1x4x1_neon/64/168/real_time",33447,4186.26,4177.65,ns,,,"4x64x168",,,8,4,8,168,4,64,1,1,4
"dot/dot_int8_int8_int32_4x8x8_1x4x1_neon/64/256/real_time",22047,6351.35,6338.19,ns,,,"4x64x256",,,8,4,8,256,4,64,1,1,4
"dot/dot_int8_int8_int32_4x8x8_1x4x1_neon/64/344/real_time",16451,8508.34,8491.51,ns,,,"4x64x344",,,8,4,8,344,4,64,1,1,4
"dot/dot_int8_int8_int32_5x8x8_1x4x1_neon/8/8/real_time",2722299,51.4317,51.3284,ns,,,"5x8x8",,,8,5,8,8,5,8,1,1,4
"dot/dot_int8_int8_int32_5x8x8_1x4x1_neon/8/464/real_time",82839,1690.35,1686.73,ns,,,"5x8x464",,,8,5,8,464,5,8,1,1,4
"dot/dot_int8_int8_int32_5x8x8_1x4x1_neon/8/936/real_time",41349,3385.55,3379.75,ns,,,"5x8x936",,,8,5,8,936,5,8,1,1,4
"dot/dot_int8_int8_int32_5x8x8_1x4x1_neon/8/1400/real_time",27696,5053.28,5043.08,ns,,,"5x8x1400",,,8,5,8,1400,5,8,1,1,4
"dot/dot_int8_int8_int32_5x8x8_1x4x1_neon/8/1872/real_time",20749,6747.74,6733.86,ns,,,"5x8x1872",,,8,5,8,1872,5,8,1,1,4
"dot/dot_int8_int8_int32_5x8x8_1x4x1_neon/16/8/real_time",1630515,85.869,85.6907,ns,,,"5x16x8",,,8,5,8,8,5,16,1,1,4
"dot/dot_int8_int8_int32_5x8x8_1x4x1_neon/16/288/real_time",66660,2101.59,2097.34,ns,,,"5x16x288",,,8,5,8,288,5,16,1,1,4
"dot/dot_int8_int8_int32_5x8x8_1x4x1_neon/16/576/real_time",33567,4171.4,4163.34,ns,,,"5x16x576",,,8,5,8,576,5,16,1,1,4
"dot/dot_int8_int8_int32_5x8x8_1x4x1_neon/16/864/real_time",22440,6238.18,6226.5,ns,,,"5x16x864",,,8,5,8,864,5,16,1,1,4
"dot/dot_int8_int8_int32_5x8x8_1x4x1_neon/16/1152/real_time",16849,8308.29,8292.6,ns,,,"5x16x1152",,,8,5,8,1152,5,16,1,1,4
"dot/dot_int8_int8_int32_5x8x8_1x4x1_neon/32/8/real_time",890024,157.339,157.043,ns,,,"5x32x8",,,8,5,8,8,5,32,1,1,4
"dot/dot_int8_int8_int32_5x8x8_1x4x1_neon/32/160/real_time",59506,2352.2,2347.35,ns,,,"5x32x160",,,8,5,8,160,5,32,1,1,4
"dot/dot_int8_int8_int32_5x8x8_1x4x1_neon/32/320/real_time",30118,4649.87,4641.02,ns,,,"5x32x320",,,8,5,8,320,5,32,1,1,4
"dot/dot_int8_int8_int32_5x8x8_1x4x1_neon/32/480/real_time",20142,6949.17,6935.31,ns,,,"5x32x480",,,8,5,8,480,5,32,1,1,4
"dot/dot_int8_int8_int32_5x8x8_1x4x1_neon/32/640/real_time",15128,9251.53,9234.99,ns,,,"5x32x640",,,8,5,8,640,5,32,1,1,4
"dot/dot_int8_int8_int32_5x8x8_1x4x1_neon/64/8/real_time",461500,303.32,302.748,ns,,,"5x64x8",,,8,5,8,8,5,64,1,1,4
"dot/dot_int8_int8_int32_5x8x8_1x4x1_neon/64/80/real_time",58469,2394.6,2389.83,ns,,,"5x64x80",,,8,5,8,80,5,64,1,1,4
"dot/dot_int8_int8_int32_5x8x8_1x4x1_neon/64/168/real_time",28422,4927.01,4916.61,ns,,,"5x64x168",,,8,5,8,168,5,64,1,1,4
"dot/dot_int8_int8_int32_5x8x8_1x4x1_neon/64/248/real_time",19376,7225.13,7211.47,ns,,,"5x64x248",,,8,5,8,248,5,64,1,1,4
"dot/dot_int8_int8_int32_5x8x8_1x4x1_neon/64/336/real_time",14349,9754.52,9735.55,ns,,,"5x64x336",,,8,5,8,336,5,64,1,1,4
"dot/dot_int8_int8_int32_6x8x8_1x4x1_neon/8/8/real_time",2347120,59.3316,59.2194,ns,,,"6x8x8",,,8,6,8,8,6,8,1,1,4
"dot/dot_int8_int8_int32_6x8x8_1x4x1_neon/8/432/real_time",67282,2076.91,2072.61,ns,,,"6x8x432",,,8,6,8,432,6,8,1,1,4
"dot/dot_int8_int8_int32_6x8x8_1x4x1_neon/8/864/real_time",33826,4135.64,4127.95,ns,,,"6x8x864",,,8,6,8,864,6,8,1,1,4
"dot/dot_int8_int8_int32_6x8x8_1x4x1_neon/8/1296/real_time",22684,6170.88,6159.45,ns,,,"6x8x1296",,,8,6,8,1296,6,8,1,1,4
"dot/dot_int8_int8_int32_6x8x8_1x4x1_neon/8/1736/real_time",16890,8289.51,8272.3,ns,,,"6x8x1736",,,8,6,8,1736,6,8,1,1,4
"dot/dot_int8_int8_int32_6x8x8_1x4x1_neon/16/8/real_time",1308974,106.893,106.693,ns,,,"6x16x8",,,8,6,8,8,6,16,1,1,4
"dot/dot_int8_int8_int32_6x8x8_1x4x1_neon/16/272/real_time",53574,2613.28,2608.1,ns,,,"6x16x272",,,8,6,8,272,6,16,1,1,4
"dot/dot_int8_int8_int32_6x8x8_1x4x1_neon/16/544/real_time",26967,5190.99,5180.79,ns,,,"6x16x544",,,8,6,8,544,6,16,1,1,4
"dot/dot_int8_int8_int32_6x8x8_1x4x1_neon/16/816/real_time",18019,7770.32,7754.75,ns,,,"6x16x816",,,8,6,8,816,6,16,1,1,4
"dot/dot_int8_int8_int32_6x8x8_1x4x1_neon/16/1096/real_time",13435,10426.4,10404.9,ns,,,"6x16x1096",,,8,6,8,1096,6,16,1,1,4
"dot/dot_int8_int8_int32_6x8x8_1x4x1_neon/32/8/real_time",694751,201.105,200.715,ns,,,"6x32x8",,,8,6,8,8,6,32,1,1,4
"dot/dot_int8_int8_int32_6x8x8_1x4x1_neon/32/152/real_time",47735,2932.73,2926.92,ns,,,"6x32x152",,,8,6,8,152,6,32,1,1,4
"dot/dot_int8_int8_int32_6x8x8_1x4x1_neon/32/312/real_time",23482,5960.64,5948.27,ns,,,"6x32x312",,,8,6,8,312,6,32,1,1,4
"dot/dot_int8_int8_int32_6x8x8_1x4x1_neon/32/464/real_time",15811,8853.29,8835.39,ns,,,"6x32x464",,,8,6,8,464,6,32,1,1,4
"dot/dot_int8_int8_int32_6x8x8_1x4x1_neon/32/624/real_time",11794,11891.4,11869,ns,,,"6x32x624",,,8,6,8,624,6,32,1,1,4
"dot/dot_int8_int8_int32_6x8x8_1x4x1_neon/64/8/real_time",359340,389.601,388.771,ns,,,"6x64x8",,,8,6,8,8,6,64,1,1,4
"dot/dot_int8_int8_int32_6x8x8_1x4x1_neon/64/80/real_time",44896,3118.34,3112.07,ns,,,"6x64x80",,,8,6,8,80,6,64,1,1,4
"dot/dot_int8_int8_int32_6x8x8_1x4x1_neon/64/160/real_time",22807,6140.51,6128.69,ns,,,"6x64x160",,,8,6,8,160,6,64,1,1,4
"dot/dot_int8_int8_int32_6x8x8_1x4x1_neon/64/240/real_time",15280,9163.73,9144.58,ns,,,"6x64x240",,,8,6,8,240,6,64,1,1,4
"dot/dot_int8_int8_int32_6x8x8_1x4x1_neon/64/328/real_time",11212,12489.9,12465.8,ns,,,"6x64x328",,,8,6,8,328,6,64,1,1,4
"dot/dot_int8_int8_int32_8x8x8_1x4x1_neon/8/8/real_time",1862384,75.1759,75.0206,ns,,,"8x8x8",,,8,8,8,8,8,8,1,1,4
"dot/dot_int8_int8_int32_8x8x8_1x4x1_neon/8/376/real_time",65180,2147.45,2143.3,ns,,,"8x8x376",,,8,8,8,376,8,8,1,1,4
"dot/dot_int8_int8_int32_8x8x8_1x4x1_neon/8/760/real_time",32500,4308.82,4300.17,ns,,,"8x8x760",,,8,8,8,760,8,8,1,1,4
"dot/dot_int8_int8_int32_8x8x8_1x4x1_neon/8/1136/real_time",21610,6478.66,6465.24,ns,,,"8x8x1136",,,8,8,8,1136,8,8,1,1,4
"dot/dot_int8_int8_int32_8x8x8_1x4x1_neon/8/1520/real_time",16168,8659.26,8640.44,ns,,,"8x8x1520",,,8,8,8,1520,8,8,1,1,4
"dot/dot_int8_int8_int32_8x8x8_1x4x1_neon/16/8/real_time",1052847,132.997,132.703,ns,,,"8x16x8",,,8,8,8,8,8,16,1,1,4
"dot/dot_int8_int8_int32_8x8x8_1x4x1_neon/16/248/real_time",49275,2838.92,2832.94,ns,,,"8x16x248",,,8,8,8,248,8,16,1,1,4
"dot/dot_int8_int8_int32_8x8x8_1x4x1_neon/16/496/real_time",24652,5676.89,5665.16,ns,,,"8x16x496",,,8,8,8,496,8,16,1,1,4
"dot/dot_int8_int8_int32_8x8x8_1x4x1_neon/16/744/real_time",16602,8431.52,8411.64,ns,,,"8x16x744",,,8,8,8,744,8,16,1,1,4
"dot/dot_int8_int8_int32_8x8x8_1x4x1_neon/16/1000/real_time",12377,11316.5,11290.5,ns,,,"8x16x1000",,,8,8,8,1000,8,16,1,1,4
"dot/dot_int8_int8_int32_8x8x8_1x4x1_neon/32/8/real_time",562396,248.995,248.402,ns,,,"8x32x8",,,8,8,8,8,8,32,1,1,4
"dot/dot_int8_int8_int32_8x8x8_1x4x1_neon/32/144/real_time",41889,3342.11,3335.77,ns,,,"8x32x144",,,8,8,8,144,8,32,1,1,4
"dot/dot_int8_int8_int32_8x8x8_1x4x1_neon/32/288/real_time",21173,6613.18,6600.29,ns,,,"8x32x288",,,8,8,8,288,8,32,1,1,4
"dot/dot_int8_int8_int32_8x8x8_1x4x1_neon/32/432/real_time",14173,9879.39,9859.2,ns,,,"8x32x432",,,8,8,8,432,8,32,1,1,4
"dot/dot_int8_int8_int32_8x8x8_1x4x1_neon/32/584/real_time",10555,13251.1,13225,ns,,,"8x32x584",,,8,8,8,584,8,32,1,1,4
"dot/dot_int8_int8_int32_8x8x8_1x4x1_neon/64/8/real_time",291162,480.774,479.794,ns,,,"8x64x8",,,8,8,8,8,8,64,1,1,4
"dot/dot_int8_int8_int32_8x8x8_1x4x1_neon/64/72/real_time",41370,3386.77,3378.75,ns,,,"8x64x72",,,8,8,8,72,8,64,1,1,4
"dot/dot_int8_int8_int32_8x8x8_1x4x1_neon/64/152/real_time",20006,6996.85,6984.3,ns,,,"8x64x152",,,8,8,8,152,8,64,1,1,4
"dot/dot_int8_int8_int32_8x8x8_1x4x1_neon/64/232/real_time",13191,10608.4,10587.9,ns,,,"8x64x232",,,8,8,8,232,8,64,1,1,4
"dot/dot_int8_int8_int32_8x8x8_1x4x1_neon/64/312/real_time",9843,14224.4,14195.4,ns,,,"8x64x312",,,8,8,8,312,8,64,1,1,4
"dot/dot_int8_int8_int32_8x4x8_1x4x1_neon/4/8/real_time",2922148,48.4329,48.3456,ns,,,"8x4x8",,,8,8,4,8,8,4,1,1,4
"dot/dot_int8_int8_int32_8x4x8_1x4x1_neon/4/504/real_time",101137,1384.35,1381.65,ns,,,"8x4x504",,,8,8,4,504,8,4,1,1,4
"dot/dot_int8_int8_int32_8x4x8_1x4x1_neon/4/1016/real_time",50308,2767.53,2761.72,ns,,,"8x4x1016",,,8,8,4,1016,8,4,1,1,4
"dot/dot_int8_int8_int32_8x4x8_1x4x1_neon/4/1520/real_time",33741,4149.48,4141.15,ns,,,"8x4x1520",,,8,8,4,1520,8,4,1,1,4
"dot/dot_int8_int8_int32_8x4x8_1x4x1_neon/4/2032/real_time",25401,5521.77,5510.65,ns,,,"8x4x2032",,,8,8,4,2032,8,4,1,1,4
"dot/dot_int8_int8_int32_8x4x8_1x4x1_neon/8/8/real_time",1763277,79.3686,79.2261,ns,,,"8x8x8",,,8,8,4,8,8,8,1,1,4
"dot/dot_int8_int8_int32_8x4x8_1x4x1_neon/8/376/real_time",67263,2073.69,2069.61,ns,,,"8x8x376",,,8,8,4,376,8,8,1,1,4
"dot/dot_int8_int8_int32_8x4x8_1x4x1_neon/8/760/real_time",33595,4156.98,4149.1,ns,,,"8x8x760",,,8,8,4,760,8,8,1,1,4
"dot/dot_int8_int8_int32_8x4x8_1x4x1_neon/8/1136/real_time",22646,6183.92,6170.91,ns,,,"8x8x1136",,,8,8,4,1136,8,8,1,1,4
"dot/dot_int8_int8_int32_8x4x8_1x4x1_neon/8/1520/real_time",16953,8260.24,8243.5,ns,,,"8x8x1520",,,8,8,4,1520,8,8,1,1,4
"dot/dot_int8_int8_int32_8x4x8_1x4x1_neon/16/8/real_time",956849,144.023,143.727,ns,,,"8x16x8",,,8,8,4,8,8,16,1,1,4
"dot/dot_int8_int8_int32_8x4x8_1x4x1_neon/16/248/real_time",51038,2742.72,2737.1,ns,,,"8x16x248",,,8,8,4,248,8,16,1,1,4
"dot/dot_int8_int8_int32_8x4x8_1x4x1_neon/16/496/real_time",25808,5425.48,5414.04,ns,,,"8x16x496",,,8,8,4,496,8,16,1,1,4
"dot/dot_int8_int8_int32_8x4x8_1x4x1_neon/16/744/real_time",17258,8112.53,8095.71,ns,,,"8x16x744",,,8,8,4,744,8,16,1,1,4
"dot/dot_int8_int8_int32_8x4x8_1x4x1_neon/16/1000/real_time",12863,10889.6,10869.2,ns,,,"8x16x1000",,,8,8,4,1000,8,16,1,1,4
"dot/dot_int8_int8_int32_8x4x8_1x4x1_neon/32/8/real_time",540047,258.319,257.84,ns,,,"8x32x8",,,8,8,4,8,8,32,1,1,4
"dot/dot_int8_int8_int32_8x4x8_1x4x1_neon/32/144/real_time",43203,3238.62,3232.79,ns,,,"8x32x144",,,8,8,4,144,8,32,1,1,4
"dot/dot_int8_int8_int32_8x4x8_1x4x1_neon/32/288/real_time",21946,6376.1,6363.19,ns,,,"8x32x288",,,8,8,4,288,8,32,1,1,4
"dot/dot_int8_int8_int32_8x4x8_1x4x1_neon/32/432/real_time",14709,9517.21,9498.64,ns,,,"8x32x432",,,8,8,4,432,8,32,1,1,4
"dot/dot_int8_int8_int32_8x4x8_1x4x1_neon/32/584/real_time",10904,12830.7,12805,ns,,,"8x32x584",,,8,8,4,584,8,32,1,1,4
"dot/dot_fp32_1xNx1_1x1x1/32/1/real_time",4901515,28.9859,28.9267,ns,,,"1x32x1",,,,,,1,1,32,,,
"dot/dot_fp32_1xNx1_1x1x1/32/46/real_time",409247,342.146,341.388,ns,,,"1x32x46",,,,,,46,1,32,,,
"dot/dot_fp32_1xNx1_1x1x1/32/92/real_time",214728,653.77,652.364,ns,,,"1x32x92",,,,,,92,1,32,,,
"dot/dot_fp32_1xNx1_1x1x1/32/138/real_time",145051,965.045,962.35,ns,,,"1x32x138",,,,,,138,1,32,,,
"dot/dot_fp32_1xNx1_1x1x1/32/185/real_time",109074,1282.16,1279.04,ns,,,"1x32x185",,,,,,185,1,32,,,
"dot/dot_fp32_1xNx1_1x1x1/64/1/real_time",3821103,37.1053,37.0272,ns,,,"1x64x1",,,,,,1,1,64,,,
"dot/dot_fp32_1xNx1_1x1x1/64/23/real_time",448418,312.264,311.56,ns,,,"1x64x23",,,,,,23,1,64,,,
"dot/dot_fp32_1xNx1_1x1x1/64/46/real_time",236946,590.882,589.628,ns,,,"1x64x46",,,,,,46,1,64,,,
"dot/dot_fp32_1xNx1_1x1x1/64/69/real_time",161012,869.808,867.66,ns,,,"1x64x69",,,,,,69,1,64,,,
"dot/dot_fp32_1xNx1_1x1x1/64/93/real_time",120634,1160.31,1157.64,ns,,,"1x64x93",,,,,,93,1,64,,,
"dot/dot_fp32_1xNx1_1x1x1/128/1/real_time",2572962,54.7728,54.6621,ns,,,"1x128x1",,,,,,1,1,128,,,
"dot/dot_fp32_1xNx1_1x1x1/128/11/real_time",482927,290.328,289.7,ns,,,"1x128x11",,,,,,11,1,128,,,
"dot/dot_fp32_1xNx1_1x1x1/128/23/real_time",248118,563.33,562.18,ns,,,"1x128x23",,,,,,23,1,128,,,
"dot/dot_fp32_1xNx1_1x1x1/128/34/real_time",171862,814.375,812.814,ns,,,"1x128x34",,,,,,34,1,128,,,
"dot/dot_fp32_1xNx1_1x1x1/128/46/real_time",128415,1089.96,1086.94,ns,,,"1x128x46",,,,,,46,1,128,,,
"dot/dot_fp32_1xNx1_1x1x1/256/1/real_time",1485459,93.4892,93.2948,ns,,,"1x256x1",,,,,,1,1,256,,,
"dot/dot_fp32_1xNx1_1x1x1/256/5/real_time",521405,268.355,267.753,ns,,,"1x256x5",,,,,,5,1,256,,,
"dot/dot_fp32_1xNx1_1x1x1/256/11/real_time",257829,542.809,541.593,ns,,,"1x256x11",,,,,,11,1,256,,,
"dot/dot_fp32_1xNx1_1x1x1/256/16/real_time",183171,763.918,762.206,ns,,,"1x256x16",,,,,,16,1,256,,,
"dot/dot_fp32_1xNx1_1x1x1/256/22/real_time",135866,1030.78,1028.4,ns,,,"1x256x22",,,,,,22,1,256,,,
"dot/dot_fp64_1xNx1_1x1x1/32/1/real_time",3649947,38.0694,37.9827,ns,,,"1x32x1",,,,,,1,1,32,,,
"dot/dot_fp64_1xNx1_1x1x1/32/23/real_time",448375,312.244,311.564,ns,,,"1x32x23",,,,,,23,1,32,,,
"dot/dot_fp64_1xNx1_1x1x1/32/46/real_time",236052,590.751,589.557,ns,,,"1x32x46",,,,,,46,1,32,,,
"dot/dot_fp64_1xNx1_1x1x1/32/69/real_time",161053,869.028,867.475,ns,,,"1x32x69",,,,,,69,1,32,,,
"dot/dot_fp64_1xNx1_1x1x1/32/92/real_time",121978,1147.86,1145.66,ns,,,"1x32x92",,,,,,92,1,32,,,
"dot/dot_fp64_1xNx1_1x1x1/64/1/real_time",2628634,53.272,53.1655,ns,,,"1x64x1",,,,,,1,1,64,,,
"dot/dot_fp64_1xNx1_1x1x1/64/11/real_time",482445,290.031,289.515,ns,,,"1x64x11",,,,,,11,1,64,,,
"dot/dot_fp64_1xNx1_1x1x1/64/23/real_time",248521,563.445,562.343,ns,,,"1x64x23",,,,,,23,1,64,,,
"dot/dot_fp64_1xNx1_1x1x1/64/34/real_time",171851,814.894,813.099,ns,,,"1x64x34",,,,,,34,1,64,,,
"dot/dot_fp64_1xNx1_1x1x1/64/46/real_time",128686,1087.72,1085.71,ns,,,"1x64x46",,,,,,46,1,64,,,
"dot/dot_fp64_1xNx1_1x1x1/128/1/real_time",1517353,92.114,91.9159,ns,,,"1x128x1",,,,,,1,1,128,,,
"dot/dot_fp64_1xNx1_1x1x1/128/5/real_time",520799,268.575,268.039,ns,,,"1x128x5",,,,,,5,1,128,,,
"dot/dot_fp64_1xNx1_1x1x1/128/11/real_time",257996,542.1,541.024,ns,,,"1x128x11",,,,,,11,1,128,,,
"dot/dot_fp64_1xNx1_1x1x1/128/16/real_time",183502,764.015,762.308,ns,,,"1x128x16",,,,,,16,1,128,,,
"dot/dot_fp64_1xNx1_1x1x1/128/22/real_time",136013,1029.46,1027.4,ns,,,"1x128x22",,,,,,22,1,128,,,
"dot/dot_fp64_1xNx1_1x1x1/256/1/real_time",836298,167.63,167.234,ns,,,"1x256x1",,,,,,1,1,256,,,
"dot/dot_fp64_1xNx1_1x1x1/256/2/real_time",549720,254.575,254.028,ns,,,"1x256x2",,,,,,2,1,256,,,
"dot/dot_fp64_1xNx1_1x1x1/256/5/real_time",267234,524.413,523.363,ns,,,"1x256x5",,,,,,5,1,256,,,
"dot/dot_fp64_1xNx1_1x1x1/256/7/real_time",199770,700.931,699.498,ns,,,"1x256x7",,,,,,7,1,256,,,
"dot/dot_fp64_1xNx1_1x1x1/256/10/real_time",146062,959.332,957.57,ns,,,"1x256x10",,,,,,10,1,256,,,
"dot/dot_fp16_fp16_fp32_1xNx1_1x1x1/32/1/real_time",4549999,30.7765,30.7149,ns,,,"1x32x1",,,,,,1,1,32,,,
"dot/dot_fp16_fp16_fp32_1xNx1_1x1x1/32/92/real_time",183792,758.768,757.176,ns,,,"1x32x92",,,,,,92,1,32,,,
"dot/dot_fp16_fp16_fp32_1xNx1_1x1x1/32/185/real_time",93960,1496.36,1493.48,ns,,,"1x32x185",,,,,,185,1,32,,,
"dot/dot_fp16_fp16_fp32_1xNx1_1x1x1/32/277/real_time",63203,2222.83,2218.12,ns,,,"1x32x277",,,,,,277,1,32,,,
"dot/dot_fp16_fp16_fp32_1xNx1_1x1x1/32/370/real_time",47388,2945.85,2939.77,ns,,,"1x32x370",,,,,,370,1,32,,,
"dot/dot_fp16_fp16_fp32_1xNx1_1x1x1/64/1/real_time",3394246,41.4161,41.3371,ns,,,"1x64x1",,,,,,1,1,64,,,
"dot/dot_fp16_fp16_fp32_1xNx1_1x1x1/64/46/real_time",189169,740.005,738.543,ns,,,"1x64x46",,,,,,46,1,64,,,
"dot/dot_fp16_fp16_fp32_1xNx1_1x1x1/64/93/real_time",96088,1458.08,1455.04,ns,,,"1x64x93",,,,,,93,1,64,,,
"dot/dot_fp16_fp16_fp32_1xNx1_1x1x1/64/140/real_time",64423,2173.96,2169.76,ns,,,"1x64x140",,,,,,140,1,64,,,
"dot/dot_fp16_fp16_fp32_1xNx1_1x1x1/64/187/real_time",48273,2900.15,2894.85,ns,,,"1x64x187",,,,,,187,1,64,,,
"dot/dot_fp16_fp16_fp32_1xNx1_1x1x1/128/1/real_time",2302651,60.8305,60.7036,ns,,,"1x128x1",,,,,,1,1,128,,,
"dot/dot_fp16_fp16_fp32_1xNx1_1x1x1/128/23/real_time",189866,738.596,737.139,ns,,,"1x128x23",,,,,,23,1,128,,,
"dot/dot_fp16_fp16_fp32_1xNx1_1x1x1/128/46/real_time",96924,1436.15,1433.22,ns,,,"1x128x46",,,,,,46,1,128,,,
"dot/dot_fp16_fp16_fp32_1xNx1_1x1x1/128/69/real_time",65507,2136.53,2132.32,ns,,,"1x128x69",,,,,,69,1,128,,,
"dot/dot_fp16_fp16_fp32_1xNx1_1x1x1/128/93/real_time",48894,2886.84,2881.31,ns,,,"1x128x93",,,,,,93,1,128,,,
"dot/dot_fp16_fp16_fp32_1xNx1_1x1x1/256/1/real_time",1310916,106.823,106.619,ns,,,"1x256x1",,,,,,1,1,256,,,
"dot/dot_fp16_fp16_fp32_1xNx1_1x1x1/256/11/real_time",193835,722.431,721.016,ns,,,"1x256x11",,,,,,11,1,256,,,
"dot/dot_fp16_fp16_fp32_1xNx1_1x1x1/256/22/real_time",101606,1377.52,1374.81,ns,,,"1x256x22",,,,,,22,1,256,,,
"dot/dot_fp16_fp16_fp32_1xNx1_1x1x1/256/33/real_time",68374,2047.25,2042.81,ns,,,"1x256x33",,,,,,33,1,256,,,
"dot/dot_fp16_fp16_fp32_1xNx1_1x1x1/256/45/real_time",50385,2778.48,2773.13,ns,,,"1x256x45",,,,,,45,1,256,,,
"dot/dot_bf16_bf16_fp32_1xNx1_1x1x1/32/1/real_time",4825065,29.5603,29.5054,ns,,,"1x32x1",,,,,,1,1,32,,,
"dot/dot_bf16_bf16_fp32_1xNx1_1x1x1/32/92/real_time",208320,672.025,670.75,ns,,,"1x32x92",,,,,,92,1,32,,,
"dot/dot_bf16_bf16_fp32_1xNx1_1x1x1/32/185/real_time",105987,1321.56,1318.75,ns,,,"1x32x185",,,,,,185,1,32,,,
"dot/dot_bf16_bf16_fp32_1xNx1_1x1x1/32/277/real_time",71303,1963.03,1959.02,ns,,,"1x32x277",,,,,,277,1,32,,,
"dot/dot_bf16_bf16_fp32_1xNx1_1x1x1/32/370/real_time",53658,2609.6,2604.33,ns,,,"1x32x370",,,,,,370,1,32,,,
"dot/dot_bf16_bf16_fp32_1xNx1_1x1x1/64/1/real_time",3605538,39.1893,39.1069,ns,,,"1x64x1",,,,,,1,1,64,,,
"dot/dot_bf16_bf16_fp32_1xNx1_1x1x1/64/46/real_time",216558,646.271,644.988,ns,,,"1x64x46",,,,,,46,1,64,,,
"dot/dot_bf16_bf16_fp32_1xNx1_1x1x1/64/93/real_time",109686,1277.46,1274.81,ns,,,"1x64x93",,,,,,93,1,64,,,
"dot/dot_bf16_bf16_fp32_1xNx1_1x1x1/64/140/real_time",73279,1911.13,1907.4,ns,,,"1x64x140",,,,,,140,1,64,,,
"dot/dot_bf16_bf16_fp32_1xNx1_1x1x1/64/187/real_time",55042,2543.17,2538.32,ns,,,"1x64x187",,,,,,187,1,64,,,
"dot/dot_bf16_bf16_fp32_1xNx1_1x1x1/128/1/real_time",2421606,57.5955,57.4801,ns,,,"1x128x1",,,,,,1,1,128,,,
"dot/dot_bf16_bf16_fp32_1xNx1_1x1x1/128/23/real_time",220406,634.974,633.728,ns,,,"1x128x23",,,,,,23,1,128,,,
"dot/dot_bf16_bf16_fp32_1xNx1_1x1x1/128/46/real_time",114399,1217.89,1215.62,ns,,,"1x128x46",,,,,,46,1,128,,,
"dot/dot_bf16_bf16_fp32_1xNx1_1x1x1/128/69/real_time",76489,1831.59,1827.48,ns,,,"1x128x69",,,,,,69,1,128,,,
"dot/dot_bf16_bf16_fp32_1xNx1_1x1x1/128/93/real_time",56878,2454.7,2449.97,ns,,,"1x128x93",,,,,,93,1,128,,,
"dot/dot_bf16_bf16_fp32_1xNx1_1x1x1/256/1/real_time",1415799,98.9631,98.7778,ns,,,"1x256x1",,,,,,1,1,256,,,
"dot/dot_bf16_bf16_fp32_1xNx1_1x1x1/256/11/real_time",225838,619.937,618.673,ns,,,"1x256x11",,,,,,11,1,256,,,
"dot/dot_bf16_bf16_fp32_1xNx1_1x1x1/256/22/real_time",118374,1183.68,1181.13,ns,,,"1x256x22",,,,,,22,1,256,,,
"dot/dot_bf16_bf16_fp32_1xNx1_1x1x1/256/33/real_time",80264,1743.83,1740.53,ns,,,"1x256x33",,,,,,33,1,256,,,
"dot/dot_bf16_bf16_fp32_1xNx1_1x1x1/256/45/real_time",59335,2358.32,2353.55,ns,,,"1x256x45",,,,,,45,1,256,,,
"dot/dot_int8_int8_int32_1xNx1_1x1x1/32/1/real_time",4891412,28.5041,28.4541,ns,,,"1x32x1",,,,,,1,1,32,,,
"dot/dot_int8_int8_int32_1xNx1_1x1x1/32/185/real_time",140688,994.253,992.06,ns,,,"1x32x185",,,,,,185,1,32,,,
"dot/dot_int8_int8_int32_1xNx1_1x1x1/32/370/real_time",71177,1967.74,1963.66,ns,,,"1x32x370",,,,,,370,1,32,,,
"dot/dot_int8_int8_int32_1xNx1_1x1x1/32/555/real_time",47785,2962.05,2956.26,ns,,,"1x32x555",,,,,,555,1,32,,,
"dot/dot_int8_int8_int32_1xNx1_1x1x1/32/740/real_time",35877,3901.24,3893.29,ns,,,"1x32x740",,,,,,740,1,32,,,
"dot/dot_int8_int8_int32_1xNx1_1x1x1/64/1/real_time",3915121,36.4151,36.3422,ns,,,"1x64x1",,,,,,1,1,64,,,
"dot/dot_int8_int8_int32_1xNx1_1x1x1/64/93/real_time",143537,973.932,972.045,ns,,,"1x64x93",,,,,,93,1,64,,,
"dot/dot_int8_int8_int32_1xNx1_1x1x1/64/187/real_time",72583,1926.25,1922.43,ns,,,"1x64x187",,,,,,187,1,64,,,
"dot/dot_int8_int8_int32_1xNx1_1x1x1/64/280/real_time",48779,2868.8,2862.99,ns,,,"1x64x280",,,,,,280,1,64,,,
"dot/dot_int8_int8_int32_1xNx1_1x1x1/64/374/real_time",36627,3820.24,3812.67,ns,,,"1x64x374",,,,,,374,1,64,,,
"dot/dot_int8_int8_int32_1xNx1_1x1x1/128/1/real_time",2803236,49.9937,49.8906,ns,,,"1x128x1",,,,,,1,1,128,,,
"dot/dot_int8_int8_int32_1xNx1_1x1x1/128/46/real_time",165928,848.829,847.2,ns,,,"1x128x46",,,,,,46,1,128,,,
"dot/dot_int8_int8_int32_1xNx1_1x1x1/128/93/real_time",84402,1667.21,1663.23,ns,,,"1x128x93",,,,,,93,1,128,,,
"dot/dot_int8_int8_int32_1xNx1_1x1x1/128/139/real_time",55829,2505.49,2499.67,ns,,,"1x128x139",,,,,,139,1,128,,,
"dot/dot_int8_int8_int32_1xNx1_1x1x1/128/186/real_time",41397,3399.16,3392.14,ns,,,"1x128x186",,,,,,186,1,128,,,
"dot/dot_int8_int8_int32_1xNx1_1x1x1/256/1/real_time",1660961,84.2037,84.0268,ns,,,"1x256x1",,,,,,1,1,256,,,
"dot/dot_int8_int8_int32_1xNx1_1x1x1/256/22/real_time",175397,798.317,796.483,ns,,,"1x256x22",,,,,,22,1,256,,,
"dot/dot_int8_int8_int32_1xNx1_1x1x1/256/45/real_time",89196,1570.08,1566.64,ns,,,"1x256x45",,,,,,45,1,256,,,
"dot/dot_int8_int8_int32_1xNx1_1x1x1/256/68/real_time",59754,2342.68,2337.58,ns,,,"1x256x68",,,,,,68,1,256,,,
"dot/dot_int8_int8_int32_1xNx1_1x1x1/256/91/real_time",44949,3114.75,3107.77,ns,,,"1x256x91",,,,,,91,1,256,,,
"dot/dot_uint8_int8_int32_1xNx1_1x1x1/32/1/real_time",4726945,29.7374,29.6716,ns,,,"1x32x1",,,,,,1,1,32,,,
"dot/dot_uint8_int8_int32_1xNx1_1x1x1/32/185/real_time",110438,1266.77,1264.16,ns,,,"1x32x185",,,,,,185,1,32,,,
"dot/dot_uint8_int8_int32_1xNx1_1x1x1/32/370/real_time",55909,2503.41,2497.66,ns,,,"1x32x370",,,,,,370,1,32,,,
"dot/dot_uint8_int8_int32_1xNx1_1x1x1/32/555/real_time",37429,3739.7,3731.56,ns,,,"1x32x555",,,,,,555,1,32,,,
"dot/dot_uint8_int8_int32_1xNx1_1x1x1/32/740/real_time",28125,4975.5,4965.31,ns,,,"1x32x740",,,,,,740,1,32,,,
"dot/dot_uint8_int8_int32_1xNx1_1x1x1/64/1/real_time",3650842,39.7326,39.6475,ns,,,"1x64x1",,,,,,1,1,64,,,
"dot/dot_uint8_int8_int32_1xNx1_1x1x1/64/93/real_time",122198,1151.93,1149.46,ns,,,"1x64x93",,,,,,93,1,64,,,
"dot/dot_uint8_int8_int32_1xNx1_1x1x1/64/187/real_time",61610,2276.82,2272.09,ns,,,"1x64x187",,,,,,187,1,64,,,
"dot/dot_uint8_int8_int32_1xNx1_1x1x1/64/280/real_time",41521,3383.14,3375.97,ns,,,"1x64x280",,,,,,280,1,64,,,
"dot/dot_uint8_int8_int32_1xNx1_1x1x1/64/374/real_time",31111,4507.27,4497.65,ns,,,"1x64x374",,,,,,374,1,64,,,
"dot/dot_uint8_int8_int32_1xNx1_1x1x1/128/1/real_time",2582477,54.5939,54.4746,ns,,,"1x128x1",,,,,,1,1,128,,,
"dot/dot_uint8_int8_int32_1xNx1_1x1x1/128/46/real_time",132041,1059.84,1057.35,ns,,,"1x128x46",,,,,,46,1,128,,,
"dot/dot_uint8_int8_int32_1xNx1_1x1x1/128/93/real_time",66812,2096.82,2092.53,ns,,,"1x128x93",,,,,,93,1,128,,,
"dot/dot_uint8_int8_int32_1xNx1_1x1x1/128/139/real_time",44999,3111.29,3104.51,ns,,,"1x128x139",,,,,,139,1,128,,,
"dot/dot_uint8_int8_int32_1xNx1_1x1x1/128/186/real_time",33724,4151.76,4143.04,ns,,,"1x128x186",,,,,,186,1,128,,,
"dot/dot_uint8_int8_int32_1xNx1_1x1x1/256/1/real_time",1491151,94.5619,94.3529,ns,,,"1x256x1",,,,,,1,1,256,,,
"dot/dot_uint8_int8_int32_1xNx1_1x1x1/256/22/real_time",136396,1027.07,1024.81,ns,,,"1x256x22",,,,,,22,1,256,,,
"dot/dot_uint8_int8_int32_1xNx1_1x1x1/256/45/real_time",69420,2017,2012.65,ns,,,"1x256x45",,,,,,45,1,256,,,
"dot/dot_uint8_int8_int32_1xNx1_1x1x1/256/68/real_time",46369,3020.02,3014.1,ns,,,"1x256x68",,,,,,68,1,256,,,
"dot/dot_uint8_int8_int32_1xNx1_1x1x1/256/91/real_time",34828,4020.5,4011.68,ns,,,"1x256x91",,,,,,91,1,256,,,
"dot/dot_int8_int4_int32_1xNx2_1x1x2/32/2/real_time",3988396,35.0997,35.0254,ns,,,"1x32x2",,,,,,2,1,32,,,
"dot/dot_int8_int4_int32_1xNx2_1x1x2/32/358/real_time",74209,1886.89,1882.54,ns,,,"1x32x358",,,,,,358,1,32,,,
"dot/dot_int8_int4_int32_1xNx2_1x1x2/32/718/real_time",37329,3750,3742.52,ns,,,"1x32x718",,,,,,718,1,32,,,
"dot/dot_int8_int4_int32_1xNx2_1x1x2/32/1078/real_time",24930,5615.33,5603.49,ns,,,"1x32x1078",,,,,,1078,1,32,,,
"dot/dot_int8_int4_int32_1xNx2_1x1x2/32/1438/real_time",18720,7479.82,7464.28,ns,,,"1x32x1438",,,,,,1438,1,32,,,
"dot/dot_int8_int4_int32_1xNx2_1x1x2/64/2/real_time",3075915,45.5188,45.4199,ns,,,"1x64x2",,,,,,2,1,64,,,
"dot/dot_int8_int4_int32_1xNx2_1x1x2/64/184/real_time",89002,1572.33,1568.89,ns,,,"1x64x184",,,,,,184,1,64,,,
"dot/dot_int8_int4_int32_1xNx2_1x1x2/64/368/real_time",45015,3110.71,3103.63,ns,,,"1x64x368",,,,,,368,1,64,,,
"dot/dot_int8_int4_int32_1xNx2_1x1x2/64/552/real_time",30101,4647.27,4637.46,ns,,,"1x64x552",,,,,,552,1,64,,,
"dot/dot_int8_int4_int32_1xNx2_1x1x2/64/736/real_time",22635,6183.56,6171.35,ns,,,"1x64x736",,,,,,736,1,64,,,
"dot/dot_int8_int4_int32_1xNx2_1x1x2/128/2/real_time",2077097,67.2883,67.124,ns,,,"1x128x2",,,,,,2,1,128,,,
"dot/dot_int8_int4_int32_1xNx2_1x1x2/128/92/real_time",94139,1487.78,1484.31,ns,,,"1x128x92",,,,,,92,1,128,,,
"dot/dot_int8_int4_int32_1xNx2_1x1x2/128/184/real_time",47746,2933.12,2926.56,ns,,,"1x128x184",,,,,,184,1,128,,,
"dot/dot_int8_int4_int32_1xNx2_1x1x2/128/276/real_time",31986,4379.59,4368.61,ns,,,"1x128x276",,,,,,276,1,128,,,
"dot/dot_int8_int4_int32_1xNx2_1x1x2/128/370/real_time",23919,5854.18,5841.32,ns,,,"1x128x370",,,,,,370,1,128,,,
"dot/dot_int8_int4_int32_1xNx2_1x1x2/256/2/real_time",1215645,115.493,115.241,ns,,,"1x256x2",,,,,,2,1,256,,,
"dot/dot_int8_int4_int32_1xNx2_1x1x2/256/44/real_time",99810,1401.09,1397.99,ns,,,"1x256x44",,,,,,44,1,256,,,
"dot/dot_int8_int4_int32_1xNx2_1x1x2/256/90/real_time",50000,2800.56,2794.59,ns,,,"1x256x90",,,,,,90,1,256,,,
"dot/dot_int8_int4_int32_1xNx2_1x1x2/256/136/real_time",33345,4200.4,4191.21,ns,,,"1x256x136",,,,,,136,1,256,,,
"dot/dot_int8_int4_int32_1xNx2_1x1x2/256/182/real_time",24999,5602.97,5589.96,ns,,,"1x256x182",,,,,,182,1,256,,,
"dot/dot_int8_int2_int32_1xNx4_1x1x4/32/4/real_time",3014183,46.2634,46.1637,ns,,,"1x32x4",,,,,,4,1,32,,,
"dot/dot_int8_int2_int32_1xNx4_1x1x4/32/676/real_time",36551,3831.29,3822.96,ns,,,"1x32x676",,,,,,676,1,32,,,
"dot/dot_int8_int2_int32_1xNx4_1x1x4/32/1356/real_time",18291,7650.55,7634.06,ns,,,"1x32x1356",,,,,,1356,1,32,,,
"dot/dot_int8_int2_int32_1xNx4_1x1x4/32/2036/real_time",12200,11473.6,11448.3,ns,,,"1x32x2036",,,,,,2036,1,32,,,
"dot/dot_int8_int2_int32_1xNx4_1x1x4/32/2716/real_time",9160,15287.8,15255.7,ns,,,"1x32x2716",,,,,,2716,1,32,,,
"dot/dot_int8_int2_int32_1xNx4_1x1x4/64/4/real_time",2060677,67.8596,67.7069,ns,,,"1x64x4",,,,,,4,1,64,,,
"dot/dot_int8_int2_int32_1xNx4_1x1x4/64/356/real_time",38820,3605.91,3598.19,ns,,,"1x64x356",,,,,,356,1,64,,,
"dot/dot_int8_int2_int32_1xNx4_1x1x4/64/712/real_time",19511,7175.98,7159.09,ns,,,"1x64x712",,,,,,712,1,64,,,
"dot/dot_int8_int2_int32_1xNx4_1x1x4/64/1068/real_time",13038,10743.8,10720.5,ns,,,"1x64x1068",,,,,,1068,1,64,,,
"dot/dot_int8_int2_int32_1xNx4_1x1x4/64/1428/real_time",9756,14352.7,14321.6,ns,,,"1x64x1428",,,,,,1428,1,64,,,
"dot/dot_int8_int2_int32_1xNx4_1x1x4/128/4/real_time",1283753,109.329,109.112,ns,,,"1x128x4",,,,,,4,1,128,,,
"dot/dot_int8_int2_int32_1xNx4_1x1x4/128/180/real_time",40342,3471.21,3463.81,ns,,,"1x128x180",,,,,,180,1,128,,,
"dot/dot_int8_int2_int32_1xNx4_1x1x4/128/364/real_time",20069,6976.37,6961.14,ns,,,"1x128x364",,,,,,364,1,128,,,
"dot/dot_int8_int2_int32_1xNx4_1x1x4/128/544/real_time",13458,10403.8,10382.3,ns,,,"1x128x544",,,,,,544,1,128,,,
"dot/dot_int8_int2_int32_1xNx4_1x1x4/128/728/real_time",10067,13908.9,13879.1,ns,,,"1x128x728",,,,,,728,1,128,,,
"dot/dot_int8_int2_int32_1xNx4_1x1x4/256/4/real_time",710982,197.385,196.99,ns,,,"1x256x4",,,,,,4,1,256,,,
"dot/dot_int8_int2_int32_1xNx4_1x1x4/256/88/real_time",42122,3323,3315.78,ns,,,"1x256x88",,,,,,88,1,256,,,
"dot/dot_int8_int2_int32_1xNx4_1x1x4/256/180/real_time",20783,6735.68,6720.87,ns,,,"1x256x180",,,,,,180,1,256,,,
"dot/dot_int8_int2_int32_1xNx4_1x1x4/256/268/real_time",14001,9997.46,9977.67,ns,,,"1x256x268",,,,,,268,1,256,,,
"dot/dot_int8_int2_int32_1xNx4_1x1x4/256/360/real_time",10439,13413.5,13382.7,ns,,,"1x256x360",,,,,,360,1,256,,,
