name,iterations,real_time,cpu_time,time_unit,bytes_per_second,items_per_second,label,error_occurred,error_message,"block_k","block_m","block_n","k","m","n","tile_k","tile_m","tile_n"
"dot/dot_bf16_bf16_fp32_16x64x32_16x16x2_amxbf16/64/32/real_time",1279681,107.78,107.452,ns,,,"16x64x32",,,32,16,64,32,16,64,2,16,16
"dot/dot_bf16_bf16_fp32_16x64x32_16x16x2_amxbf16/64/64/real_time",1119266,125.076,124.801,ns,,,"16x64x64",,,32,16,64,64,16,64,2,16,16
"dot/dot_bf16_bf16_fp32_16x64x32_16x16x2_amxbf16/64/96/real_time",983758,142.316,142.061,ns,,,"16x64x96",,,32,16,64,96,16,64,2,16,16
"dot/dot_bf16_bf16_fp32_16x64x32_16x16x2_amxbf16/64/128/real_time",837920,159.614,159.334,ns,,,"16x64x128",,,32,16,64,128,16,64,2,16,16
"dot/dot_bf16_bf16_fp32_16x64x32_16x16x2_amxbf16/128/32/real_time",988989,141.446,141.181,ns,,,"16x128x32",,,32,16,64,32,16,128,2,16,16
"dot/dot_bf16_bf16_fp32_32x32x32_16x16x2_amxbf16/32/32/real_time",1313311,106.67,106.439,ns,,,"32x32x32",,,32,32,32,32,32,32,2,16,16
"dot/dot_bf16_bf16_fp32_32x32x32_16x16x2_amxbf16/32/64/real_time",1129436,124.213,123.949,ns,,,"32x32x64",,,32,32,32,64,32,32,2,16,16
"dot/dot_bf16_bf16_fp32_32x32x32_16x16x2_amxbf16/32/96/real_time",989314,141.703,141.433,ns,,,"32x32x96",,,32,32,32,96,32,32,2,16,16
"dot/dot_bf16_bf16_fp32_32x32x32_16x16x2_amxbf16/32/160/real_time",792676,176.339,175.964,ns,,,"32x32x160",,,32,32,32,160,32,32,2,16,16
"dot/dot_bf16_bf16_fp32_32x32x32_16x16x2_amxbf16/64/32/real_time",995869,140.494,140.223,ns,,,"32x64x32",,,32,32,32,32,32,64,2,16,16
"dot/dot_bf16_bf16_fp32_32x32x32_16x16x2_amxbf16/64/64/real_time",793578,176.239,175.908,ns,,,"32x64x64",,,32,32,32,64,32,64,2,16,16
"dot/dot_bf16_bf16_fp32_32x48x32_16x16x2_amxbf16/48/32/real_time",1105634,126.714,126.511,ns,,,"32x48x32",,,32,32,48,32,32,48,2,16,16
"dot/dot_bf16_bf16_fp32_32x48x32_16x16x2_amxbf16/48/64/real_time",916518,152.889,152.574,ns,,,"32x48x64",,,32,32,48,64,32,48,2,16,16
"dot/dot_bf16_bf16_fp32_32x48x32_16x16x2_amxbf16/48/96/real_time",746656,187.808,187.403,ns,,,"32x48x96",,,32,32,48,96,32,48,2,16,16
"dot/dot_bf16_bf16_fp32_32x48x32_16x16x2_amxbf16/96/32/real_time",814490,171.992,171.62,ns,,,"32x96x32",,,32,32,48,32,32,96,2,16,16
"dot/dot_fp16_fp16_fp32_16x64x32_16x16x2_amxfp16/64/32/real_time",1310450,106.669,106.473,ns,,,"16x64x32",,,32,16,64,32,16,64,2,16,16
"dot/dot_fp16_fp16_fp32_16x64x32_16x16x2_amxfp16/64/64/real_time",1127233,124.048,123.796,ns,,,"16x64x64",,,32,16,64,64,16,64,2,16,16
"dot/dot_fp16_fp16_fp32_16x64x32_16x16x2_amxfp16/64/96/real_time",984829,141.34,141.097,ns,,,"16x64x96",,,32,16,64,96,16,64,2,16,16
"dot/dot_fp16_fp16_fp32_16x64x32_16x16x2_amxfp16/64/128/real_time",857834,163.473,163.144,ns,,,"16x64x128",,,32,16,64,128,16,64,2,16,16
"dot/dot_fp16_fp16_fp32_16x64x32_16x16x2_amxfp16/128/32/real_time",985604,141.165,140.878,ns,,,"16x128x32",,,32,16,64,32,16,128,2,16,16
"dot/dot_int8_int8_int32_16x64x64_16x16x4_amxint8/64/64/real_time",1309275,107.146,106.918,ns,,,"16x64x64",,,64,16,64,64,16,64,4,16,16
"dot/dot_int8_int8_int32_16x64x64_16x16x4_amxint8/64/128/real_time",1125081,124.595,124.352,ns,,,"16x64x128",,,64,16,64,128,16,64,4,16,16
"dot/dot_int8_int8_int32_16x64x64_16x16x4_amxint8/64/192/real_time",988137,141.913,141.64,ns,,,"16x64x192",,,64,16,64,192,16,64,4,16,16
"dot/dot_int8_int8_int32_16x64x64_16x16x4_amxint8/64/256/real_time",881589,159.392,159.098,ns,,,"16x64x256",,,64,16,64,256,16,64,4,16,16
"dot/dot_int8_int8_int32_16x64x64_16x16x4_amxint8/128/64/real_time",991691,141.375,141.088,ns,,,"16x128x64",,,64,16,64,64,16,128,4,16,16
"dot/dot_int8_int8_int32_32x32x64_16x16x4_amxint8/32/64/real_time",1305586,107.282,107.038,ns,,,"32x32x64",,,64,32,32,64,32,32,4,16,16
"dot/dot_int8_int8_int32_32x32x64_16x16x4_amxint8/32/128/real_time",1123782,124.583,124.343,ns,,,"32x32x128",,,64,32,32,128,32,32,4,16,16
"dot/dot_int8_int8_int32_32x32x64_16x16x4_amxint8/32/192/real_time",986328,141.919,141.647,ns,,,"32x32x192",,,64,32,32,192,32,32,4,16,16
"dot/dot_int8_int8_int32_32x32x64_16x16x4_amxint8/32/320/real_time",791169,176.63,176.303,ns,,,"32x32x320",,,64,32,32,320,32,32,4,16,16
"dot/dot_int8_int8_int32_32x32x64_16x16x4_amxint8/64/64/real_time",988040,142.621,142.299,ns,,,"32x64x64",,,64,32,32,64,32,64,4,16,16
"dot/dot_int8_int8_int32_32x32x64_16x16x4_amxint8/64/128/real_time",794892,176.149,175.615,ns,,,"32x64x128",,,64,32,32,128,32,64,4,16,16
"dot/dot_uint8_int8_int32_16x64x64_16x16x4_amxint8/64/64/real_time",1305588,106.796,106.519,ns,,,"16x64x64",,,64,16,64,64,16,64,4,16,16
"dot/dot_uint8_int8_int32_16x64x64_16x16x4_amxint8/64/128/real_time",1125984,124.595,124.191,ns,,,"16x64x128",,,64,16,64,128,16,64,4,16,16
"dot/dot_uint8_int8_int32_16x64x64_16x16x4_amxint8/64/192/real_time",984441,142.167,141.688,ns,,,"16x64x192",,,64,16,64,192,16,64,4,16,16
"dot/dot_uint8_int8_int32_16x64x64_16x16x4_amxint8/64/256/real_time",878801,159.487,159.031,ns,,,"16x64x256",,,64,16,64,256,16,64,4,16,16
"dot/dot_uint8_int8_int32_16x64x64_16x16x4_amxint8/128/64/real_time",991511,141.377,140.953,ns,,,"16x128x64",,,64,16,64,64,16,128,4,16,16
"dot/dot_uint8_int8_int32_32x32x64_16x16x4_amxint8/32/64/real_time",1307134,107.458,107.171,ns,,,"32x32x64",,,64,32,32,64,32,32,4,16,16
"dot/dot_uint8_int8_int32_32x32x64_16x16x4_amxint8/32/128/real_time",1116878,125.096,124.778,ns,,,"32x32x128",,,64,32,32,128,32,32,4,16,16
"dot/dot_uint8_int8_int32_32x32x64_16x16x4_amxint8/32/192/real_time",984701,142.809,142.406,ns,,,"32x32x192",,,64,32,32,192,32,32,4,16,16
"dot/dot_uint8_int8_int32_32x32x64_16x16x4_amxint8/32/320/real_time",788752,177.606,177.077,ns,,,"32x32x320",,,64,32,32,320,32,32,4,16,16
"dot/dot_uint8_int8_int32_32x32x64_16x16x4_amxint8/64/64/real_time",982746,142.163,141.732,ns,,,"32x64x64",,,64,32,32,64,32,64,4,16,16
"dot/dot_uint8_int8_int32_32x32x64_16x16x4_amxint8/64/128/real_time",795134,176.543,176.071,ns,,,"32x64x128",,,64,32,32,128,32,64,4,16,16
"dot/dot_uint8_int2_int32_1x64x16_1x16x16_avx512vnni/64/16/real_time",11784553,11.8797,11.8354,ns,,,"1x64x16",,,16,1,64,16,1,64,16,1,16
"dot/dot_uint8_int2_int32_1x64x16_1x16x16_avx512vnni/64/352/real_time",987132,136.001,135.615,ns,,,"1x64x352",,,16,1,64,352,1,64,16,1,16
"dot/dot_uint8_int2_int32_1x64x16_1x16x16_avx512vnni/64/704/real_time",518546,269.362,268.522,ns,,,"1x64x704",,,16,1,64,704,1,64,16,1,16
"dot/dot_uint8_int2_int32_1x64x16_1x16x16_avx512vnni/64/1056/real_time",347978,401.661,400.434,ns,,,"1x64x1056",,,16,1,64,1056,1,64,16,1,16
"dot/dot_uint8_int2_int32_1x64x16_1x16x16_avx512vnni/64/1424/real_time",258474,540.917,539.402,ns,,,"1x64x1424",,,16,1,64,1424,1,64,16,1,16
"dot/dot_uint8_int2_int32_1x64x16_1x16x16_avx512vnni/128/16/real_time",7647943,18.2626,18.2075,ns,,,"1x128x16",,,16,1,64,16,1,128,16,1,16
"dot/dot_uint8_int2_int32_1x64x16_1x16x16_avx512vnni/128/176/real_time",1028583,133.327,132.904,ns,,,"1x128x176",,,16,1,64,176,1,128,16,1,16
"dot/dot_uint8_int2_int32_1x64x16_1x16x16_avx512vnni/128/352/real_time",518882,269.872,269.116,ns,,,"1x128x352",,,16,1,64,352,1,128,16,1,16
"dot/dot_uint8_int2_int32_1x64x16_1x16x16_avx512vnni/128/528/real_time",348613,402.194,400.815,ns,,,"1x128x528",,,16,1,64,528,1,128,16,1,16
"dot/dot_uint8_int2_int32_1x64x16_1x16x16_avx512vnni/128/720/real_time",255734,547.968,545.692,ns,,,"1x128x720",,,16,1,64,720,1,128,16,1,16
"dot/dot_uint8_int2_int32_1x64x16_1x16x16_avx512vnni/256/16/real_time",4559252,30.7509,30.6394,ns,,,"1x256x16",,,16,1,64,16,1,256,16,1,16
"dot/dot_uint8_int2_int32_1x64x16_1x16x16_avx512vnni/256/80/real_time",1075675,122.815,122.32,ns,,,"1x256x80",,,16,1,64,80,1,256,16,1,16
"dot/dot_uint8_int2_int32_1x64x16_1x16x16_avx512vnni/256/176/real_time",525879,266.044,265.141,ns,,,"1x256x176",,,16,1,64,176,1,256,16,1,16
"dot/dot_uint8_int2_int32_1x64x16_1x16x16_avx512vnni/256/256/real_time",362117,386.582,385.444,ns,,,"1x256x256",,,16,1,64,256,1,256,16,1,16
"dot/dot_uint8_int2_int32_1x64x16_1x16x16_avx512vnni/256/352/real_time",261070,536.407,534.927,ns,,,"1x256x352",,,16,1,64,352,1,256,16,1,16
"dot/dot_uint8_int2_int32_1x64x16_1x16x16_avx512vnni/512/16/real_time",2511780,55.6307,55.4644,ns,,,"1x512x16",,,16,1,64,16,1,512,16,1,16
"dot/dot_uint8_int2_int32_1x64x16_1x16x16_avx512vnni/512/32/real_time",1332144,105.19,104.863,ns,,,"1x512x32",,,16,1,64,32,1,512,16,1,16
"dot/dot_uint8_int2_int32_1x64x16_1x16x16_avx512vnni/512/80/real_time",579382,241.858,241.154,ns,,,"1x512x80",,,16,1,64,80,1,512,16,1,16
"dot/dot_uint8_int2_int32_1x64x16_1x16x16_avx512vnni/512/112/real_time",413449,338.224,337.338,ns,,,"1x512x112",,,16,1,64,112,1,512,16,1,16
"dot/dot_uint8_int2_int32_1x64x16_1x16x16_avx512vnni/512/160/real_time",289975,483.095,481.821,ns,,,"1x512x160",,,16,1,64,160,1,512,16,1,16
"dot/dot_uint8_int2_int32_2x64x16_1x16x16_avx512vnni/64/16/real_time",9301720,15.1056,15.0631,ns,,,"2x64x16",,,16,2,64,16,2,64,16,1,16
"dot/dot_uint8_int2_int32_2x64x16_1x16x16_avx512vnni/64/320/real_time",782480,173.112,172.587,ns,,,"2x64x320",,,16,2,64,320,2,64,16,1,16
"dot/dot_uint8_int2_int32_2x64x16_1x16x16_avx512vnni/64/656/real_time",395277,353.715,352.677,ns,,,"2x64x656",,,16,2,64,656,2,64,16,1,16
"dot/dot_uint8_int2_int32_2x64x16_1x16x16_avx512vnni/64/992/real_time",262292,533.068,531.566,ns,,,"2x64x992",,,16,2,64,992,2,64,16,1,16
"dot/dot_uint8_int2_int32_2x64x16_1x16x16_avx512vnni/64/1328/real_time",196366,713.069,710.849,ns,,,"2x64x1328",,,16,2,64,1328,2,64,16,1,16
"dot/dot_uint8_int2_int32_2x64x16_1x16x16_avx512vnni/128/16/real_time",5893700,23.7577,23.6841,ns,,,"2x128x16",,,16,2,64,16,2,128,16,1,16
"dot/dot_uint8_int2_int32_2x64x16_1x16x16_avx512vnni/128/160/real_time",795288,172.109,171.468,ns,,,"2x128x160",,,16,2,64,160,2,128,16,1,16
"dot/dot_uint8_int2_int32_2x64x16_1x16x16_avx512vnni/128/336/real_time",386618,362.202,361.283,ns,,,"2x128x336",,,16,2,64,336,2,128,16,1,16
"dot/dot_uint8_int2_int32_2x64x16_1x16x16_avx512vnni/128/512/real_time",254255,550.91,549.165,ns,,,"2x128x512",,,16,2,64,512,2,128,16,1,16
"dot/dot_uint8_int2_int32_2x64x16_1x16x16_avx512vnni/128/688/real_time",189492,738.938,737.015,ns,,,"2x128x688",,,16,2,64,688,2,128,16,1,16
"dot/dot_uint8_int2_int32_2x64x16_1x16x16_avx512vnni/256/16/real_time",3296478,42.442,42.3262,ns,,,"2x256x16",,,16,2,64,16,2,256,16,1,16
"dot/dot_uint8_int2_int32_2x64x16_1x16x16_avx512vnni/256/80/real_time",795577,171.911,171.424,ns,,,"2x256x80",,,16,2,64,80,2,256,16,1,16
"dot/dot_uint8_int2_int32_2x64x16_1x16x16_avx512vnni/256/160/real_time",408077,342.763,341.831,ns,,,"2x256x160",,,16,2,64,160,2,256,16,1,16
"dot/dot_uint8_int2_int32_2x64x16_1x16x16_avx512vnni/256/240/real_time",272483,513.623,512.171,ns,,,"2x256x240",,,16,2,64,240,2,256,16,1,16
"dot/dot_uint8_int2_int32_2x64x16_1x16x16_avx512vnni/256/336/real_time",193538,722.669,720.338,ns,,,"2x256x336",,,16,2,64,336,2,256,16,1,16
"dot/dot_uint8_int2_int32_2x64x16_1x16x16_avx512vnni/512/16/real_time",1775710,78.8121,78.6099,ns,,,"2x512x16",,,16,2,64,16,2,512,16,1,16
"dot/dot_uint8_int2_int32_2x64x16_1x16x16_avx512vnni/512/32/real_time",936753,149.367,148.818,ns,,,"2x512x32",,,16,2,64,32,2,512,16,1,16
"dot/dot_uint8_int2_int32_2x64x16_1x16x16_avx512vnni/512/64/real_time",511218,274.647,273.818,ns,,,"2x512x64",,,16,2,64,64,2,512,16,1,16
"dot/dot_uint8_int2_int32_2x64x16_1x16x16_avx512vnni/512/96/real_time",340535,411.563,410.227,ns,,,"2x512x96",,,16,2,64,96,2,512,16,1,16
"dot/dot_uint8_int2_int32_2x64x16_1x16x16_avx512vnni/512/144/real_time",227034,616.371,614.487,ns,,,"2x512x144",,,16,2,64,144,2,512,16,1,16
"dot/dot_uint8_int2_int32_3x64x16_1x16x16_avx512vnni/64/16/real_time",7386225,18.9459,18.8923,ns,,,"3x64x16",,,16,3,64,16,3,64,16,1,16
"dot/dot_uint8_int2_int32_3x64x16_1x16x16_avx512vnni/64/304/real_time",637141,218.441,217.81,ns,,,"3x64x304",,,16,3,64,304,3,64,16,1,16
"dot/dot_uint8_int2_int32_3x64x16_1x16x16_avx512vnni/64/624/real_time",318011,440.861,439.444,ns,,,"3x64x624",,,16,3,64,624,3,64,16,1,16
"dot/dot_uint8_int2_int32_3x64x16_1x16x16_avx512vnni/64/928/real_time",214841,652.074,650.067,ns,,,"3x64x928",,,16,3,64,928,3,64,16,1,16
"dot/dot_uint8_int2_int32_3x64x16_1x16x16_avx512vnni/64/1248/real_time",160110,873.509,871.104,ns,,,"3x64x1248",,,16,3,64,1248,3,64,16,1,16
"dot/dot_uint8_int2_int32_3x64x16_1x16x16_avx512vnni/128/16/real_time",4450318,31.4848,31.4014,ns,,,"3x128x16",,,16,3,64,16,3,128,16,1,16
"dot/dot_uint8_int2_int32_3x64x16_1x16x16_avx512vnni/128/160/real_time",614920,224.544,223.94,ns,,,"3x128x160",,,16,3,64,160,3,128,16,1,16
"dot/dot_uint8_int2_int32_3x64x16_1x16x16_avx512vnni/128/320/real_time",308826,453.275,451.784,ns,,,"3x128x320",,,16,3,64,320,3,128,16,1,16
"dot/dot_uint8_int2_int32_3x64x16_1x16x16_avx512vnni/128/480/real_time",206881,676.171,674.18,ns,,,"3x128x480",,,16,3,64,480,3,128,16,1,16
"dot/dot_uint8_int2_int32_3x64x16_1x16x16_avx512vnni/128/656/real_time",152125,920.208,917.17,ns,,,"3x128x656",,,16,3,64,656,3,128,16,1,16
"dot/dot_uint8_int2_int32_3x64x16_1x16x16_avx512vnni/256/16/real_time",2471451,56.5902,56.4091,ns,,,"3x256x16",,,16,3,64,16,3,256,16,1,16
"dot/dot_uint8_int2_int32_3x64x16_1x16x16_avx512vnni/256/80/real_time",594396,233.186,232.436,ns,,,"3x256x80",,,16,3,64,80,3,256,16,1,16
"dot/dot_uint8_int2_int32_3x64x16_1x16x16_avx512vnni/256/160/real_time",313323,448.037,446.143,ns,,,"3x256x160",,,16,3,64,160,3,256,16,1,16
"dot/dot_uint8_int2_int32_3x64x16_1x16x16_avx512vnni/256/240/real_time",206106,674.128,671.288,ns,,,"3x256x240",,,16,3,64,240,3,256,16,1,16
"dot/dot_uint8_int2_int32_3x64x16_1x16x16_avx512vnni/256/320/real_time",155246,901.306,898.167,ns,,,"3x256x320",,,16,3,64,320,3,256,16,1,16
"dot/dot_uint8_int2_int32_3x64x16_1x16x16_avx512vnni/512/16/real_time",1344117,104.452,104.131,ns,,,"3x512x16",,,16,3,64,16,3,512,16,1,16
"dot/dot_uint8_int2_int32_3x64x16_1x16x16_avx512vnni/512/32/real_time",715437,195.901,195.265,ns,,,"3x512x32",,,16,3,64,32,3,512,16,1,16
"dot/dot_uint8_int2_int32_3x64x16_1x16x16_avx512vnni/512/64/real_time",372698,376.059,374.22,ns,,,"3x512x64",,,16,3,64,64,3,512,16,1,16
"dot/dot_uint8_int2_int32_3x64x16_1x16x16_avx512vnni/512/96/real_time",260238,538.456,535.805,ns,,,"3x512x96",,,16,3,64,96,3,512,16,1,16
"dot/dot_uint8_int2_int32_3x64x16_1x16x16_avx512vnni/512/128/real_time",195724,715.049,712.854,ns,,,"3x512x128",,,16,3,64,128,3,512,16,1,16
"dot/dot_uint8_int2_int32_4x64x16_1x16x16_avx512vnni/64/16/real_time",5651618,24.5154,24.4178,ns,,,"4x64x16",,,16,4,64,16,4,64,16,1,16
"dot/dot_uint8_int2_int32_4x64x16_1x16x16_avx512vnni/64/288/real_time",531250,263.7,262.436,ns,,,"4x64x288",,,16,4,64,288,4,64,16,1,16
"dot/dot_uint8_int2_int32_4x64x16_1x16x16_avx512vnni/64/576/real_time",272994,513.573,511.627,ns,,,"4x64x576",,,16,4,64,576,4,64,16,1,16
"dot/dot_uint8_int2_int32_4x64x16_1x16x16_avx512vnni/64/864/real_time",183849,762.479,759.051,ns,,,"4x64x864",,,16,4,64,864,4,64,16,1,16
"dot/dot_uint8_int2_int32_4x64x16_1x16x16_avx512vnni/64/1168/real_time",136832,1022.25,1018.58,ns,,,"4x64x1168",,,16,4,64,1168,4,64,16,1,16
"dot/dot_uint8_int2_int32_4x64x16_1x16x16_avx512vnni/128/16/real_time",3527066,39.666,39.5405,ns,,,"4x128x16",,,16,4,64,16,4,128,16,1,16
"dot/dot_uint8_int2_int32_4x64x16_1x16x16_avx512vnni/128/144/real_time",519172,269.403,268.476,ns,,,"4x128x144",,,16,4,64,144,4,128,16,1,16
"dot/dot_uint8_int2_int32_4x64x16_1x16x16_avx512vnni/128/304/real_time",256153,545.067,543.276,ns,,,"4x128x304",,,16,4,64,304,4,128,16,1,16
"dot/dot_uint8_int2_int32_4x64x16_1x16x16_avx512vnni/128/464/real_time",169909,825.097,821.643,ns,,,"4x128x464",,,16,4,64,464,4,128,16,1,16
"dot/dot_uint8_int2_int32_4x64x16_1x16x16_avx512vnni/128/624/real_time",127189,1099.02,1094.91,ns,,,"4x128x624",,,16,4,64,624,4,128,16,1,16
"dot/dot_uint8_int2_int32_4x64x16_1x16x16_avx512vnni/256/16/real_time",1936684,72.2571,71.9911,ns,,,"4x256x16",,,16,4,64,16,4,256,16,1,16
"dot/dot_uint8_int2_int32_4x64x16_1x16x16_avx512vnni/256/64/real_time",569245,246.223,245.279,ns,,,"4x256x64",,,16,4,64,64,4,256,16,1,16
"dot/dot_uint8_int2_int32_4x64x16_1x16x16_avx512vnni/256/144/real_time",262692,532.416,530.928,ns,,,"4x256x144",,,16,4,64,144,4,256,16,1,16
"dot/dot_uint8_int2_int32_4x64x16_1x16x16_avx512vnni/256/208/real_time",183876,759.696,756.54,ns,,,"4x256x208",,,16,4,64,208,4,256,16,1,16
"dot/dot_uint8_int2_int32_4x64x16_1x16x16_avx512vnni/256/288/real_time",137400,1020.12,1015.43,ns,,,"4x256x288",,,16,4,64,288,4,256,16,1,16
"dot/dot_uint8_int2_int32_4x64x16_1x16x16_avx512vnni/512/16/real_time",1022161,136.927,136.207,ns,,,"4x512x16",,,16,4,64,16,4,512,16,1,16
"dot/dot_uint8_int2_int32_4x64x16_1x16x16_avx512vnni/512/48/real_time",376001,370.243,368.748,ns,,,"4x512x48",,,16,4,64,48,4,512,16,1,16
"dot/dot_uint8_int2_int32_4x64x16_1x16x16_avx512vnni/512/80/real_time",233440,599.951,597.897,ns,,,"4x512x80",,,16,4,64,80,4,512,16,1,16
"dot/dot_uint8_int2_int32_4x64x16_1x16x16_avx512vnni/512/112/real_time",168087,834.303,831.811,ns,,,"4x512x112",,,16,4,64,112,4,512,16,1,16
"dot/dot_uint8_int4_int32_1x32x8_1x16x8_avx512vnni/32/8/real_time",16564770,8.45255,8.42759,ns,,,"1x32x8",,,8,1,32,8,1,32,8,1,16
"dot/dot_uint8_int4_int32_1x32x8_1x16x8_avx512vnni/32/352/real_time",1333406,103.386,103.088,ns,,,"1x32x352",,,8,1,32,352,1,32,8,1,16
"dot/dot_uint8_int4_int32_1x32x8_1x16x8_avx512vnni/32/712/real_time",688099,203.707,202.862,ns,,,"1x32x712",,,8,1,32,712,1,32,8,1,16
"dot/dot_uint8_int4_int32_1x32x8_1x16x8_avx512vnni/32/1072/real_time",456893,305.738,304.471,ns,,,"1x32x1072",,,8,1,32,1072,1,32,8,1,16
"dot/dot_uint8_int4_int32_1x32x8_1x16x8_avx512vnni/32/1432/real_time",343284,407.4,405.782,ns,,,"1x32x1432",,,8,1,32,1432,1,32,8,1,16
"dot/dot_uint8_int4_int32_1x32x8_1x16x8_avx512vnni/64/8/real_time",11356602,12.3422,12.2988,ns,,,"1x64x8",,,8,1,32,8,1,64,8,1,16
"dot/dot_uint8_int4_int32_1x32x8_1x16x8_avx512vnni/64/184/real_time",1254824,111.209,110.894,ns,,,"1x64x184",,,8,1,32,184,1,64,8,1,16
"dot/dot_uint8_int4_int32_1x32x8_1x16x8_avx512vnni/64/368/real_time",664559,211.305,210.664,ns,,,"1x64x368",,,8,1,32,368,1,64,8,1,16
"dot/dot_uint8_int4_int32_1x32x8_1x16x8_avx512vnni/64/552/real_time",444014,315.399,314.392,ns,,,"1x64x552",,,8,1,32,552,1,64,8,1,16
"dot/dot_uint8_int4_int32_1x32x8_1x16x8_avx512vnni/64/736/real_time",334792,419.109,418,ns,,,"1x64x736",,,8,1,32,736,1,64,8,1,16
"dot/dot_uint8_int4_int32_1x32x8_1x16x8_avx512vnni/128/8/real_time",7491210,18.7182,18.6494,ns,,,"1x128x8",,,8,1,32,8,1,128,8,1,16
"dot/dot_uint8_int4_int32_1x32x8_1x16x8_avx512vnni/128/88/real_time",1273915,109.287,108.9,ns,,,"1x128x88",,,8,1,32,88,1,128,8,1,16
"dot/dot_uint8_int4_int32_1x32x8_1x16x8_avx512vnni/128/184/real_time",662244,212.083,211.429,ns,,,"1x128x184",,,8,1,32,184,1,128,8,1,16
"dot/dot_uint8_int4_int32_1x32x8_1x16x8_avx512vnni/128/272/real_time",447557,312.849,311.718,ns,,,"1x128x272",,,8,1,32,272,1,128,8,1,16
"dot/dot_uint8_int4_int32_1x32x8_1x16x8_avx512vnni/128/368/real_time",332632,420.913,419.604,ns,,,"1x128x368",,,8,1,32,368,1,128,8,1,16
"dot/dot_uint8_int4_int32_1x32x8_1x16x8_avx512vnni/256/8/real_time",4148475,33.783,33.6757,ns,,,"1x256x8",,,8,1,32,8,1,256,8,1,16
"dot/dot_uint8_int4_int32_1x32x8_1x16x8_avx512vnni/256/40/real_time",1327322,104.792,104.428,ns,,,"1x256x40",,,8,1,32,40,1,256,8,1,16
"dot/dot_uint8_int4_int32_1x32x8_1x16x8_avx512vnni/256/88/real_time",653461,214.318,213.601,ns,,,"1x256x88",,,8,1,32,88,1,256,8,1,16
"dot/dot_uint8_int4_int32_1x32x8_1x16x8_avx512vnni/256/128/real_time",472956,295.868,295.048,ns,,,"1x256x128",,,8,1,32,128,1,256,8,1,16
"dot/dot_uint8_int4_int32_1x32x8_1x16x8_avx512vnni/256/176/real_time",346057,404.574,403.281,ns,,,"1x256x176",,,8,1,32,176,1,256,8,1,16
"dot/dot_uint8_int4_int32_2x32x8_1x16x8_avx512vnni/32/8/real_time",13103443,10.6927,10.6599,ns,,,"2x32x8",,,8,2,32,8,2,32,8,1,16
"dot/dot_uint8_int4_int32_2x32x8_1x16x8_avx512vnni/32/336/real_time",1149704,122.07,121.714,ns,,,"2x32x336",,,8,2,32,336,2,32,8,1,16
"dot/dot_uint8_int4_int32_2x32x8_1x16x8_avx512vnni/32/672/real_time",588022,238.227,237.519,ns,,,"2x32x672",,,8,2,32,672,2,32,8,1,16
"dot/dot_uint8_int4_int32_2x32x8_1x16x8_avx512vnni/32/1008/real_time",395237,354.582,353.319,ns,,,"2x32x1008",,,8,2,32,1008,2,32,8,1,16
"dot/dot_uint8_int4_int32_2x32x8_1x16x8_avx512vnni/32/1344/real_time",297668,470.701,469.152,ns,,,"2x32x1344",,,8,2,32,1344,2,32,8,1,16
"dot/dot_uint8_int4_int32_2x32x8_1x16x8_avx512vnni/64/8/real_time",9054212,15.4804,15.4341,ns,,,"2x64x8",,,8,2,32,8,2,64,8,1,16
"dot/dot_uint8_int4_int32_2x32x8_1x16x8_avx512vnni/64/176/real_time",1056707,130.061,129.667,ns,,,"2x64x176",,,8,2,32,176,2,64,8,1,16
"dot/dot_uint8_int4_int32_2x32x8_1x16x8_avx512vnni/64/352/real_time",556973,251.479,250.801,ns,,,"2x64x352",,,8,2,32,352,2,64,8,1,16
"dot/dot_uint8_int4_int32_2x32x8_1x16x8_avx512vnni/64/528/real_time",375236,373.173,372.137,ns,,,"2x64x528",,,8,2,32,528,2,64,8,1,16
"dot/dot_uint8_int4_int32_2x32x8_1x16x8_avx512vnni/64/704/real_time",282995,495.094,493.439,ns,,,"2x64x704",,,8,2,32,704,2,64,8,1,16
"dot/dot_uint8_int4_int32_2x32x8_1x16x8_avx512vnni/128/8/real_time",5407389,25.8794,25.805,ns,,,"2x128x8",,,8,2,32,8,2,128,8,1,16
"dot/dot_uint8_int4_int32_2x32x8_1x16x8_avx512vnni/128/88/real_time",1020184,136.801,136.315,ns,,,"2x128x88",,,8,2,32,88,2,128,8,1,16
"dot/dot_uint8_int4_int32_2x32x8_1x16x8_avx512vnni/128/176/real_time",545996,256.271,255.484,ns,,,"2x128x176",,,8,2,32,176,2,128,8,1,16
"dot/dot_uint8_int4_int32_2x32x8_1x16x8_avx512vnni/128/264/real_time",370264,377.755,376.639,ns,,,"2x128x264",,,8,2,32,264,2,128,8,1,16
"dot/dot_uint8_int4_int32_2x32x8_1x16x8_avx512vnni/128/352/real_time",280554,499.45,497.884,ns,,,"2x128x352",,,8,2,32,352,2,128,8,1,16
"dot/dot_uint8_int4_int32_2x32x8_1x16x8_avx512vnni/256/8/real_time",3029380,46.2333,46.1012,ns,,,"2x256x8",,,8,2,32,8,2,256,8,1,16
"dot/dot_uint8_int4_int32_2x32x8_1x16x8_avx512vnni/256/40/real_time",1045554,133.901,133.494,ns,,,"2x256x40",,,8,2,32,40,2,256,8,1,16
"dot/dot_uint8_int4_int32_2x32x8_1x16x8_avx512vnni/256/80/real_time",564126,248.406,247.451,ns,,,"2x256x80",,,8,2,32,80,2,256,8,1,16
"dot/dot_uint8_int4_int32_2x32x8_1x16x8_avx512vnni/256/120/real_time",405397,345.062,343.676,ns,,,"2x256x120",,,8,2,32,120,2,256,8,1,16
"dot/dot_uint8_int4_int32_2x32x8_1x16x8_avx512vnni/256/168/real_time",287938,486.078,484.756,ns,,,"2x256x168",,,8,2,32,168,2,256,8,1,16
"dot/dot_uint8_int4_int32_3x32x8_1x16x8_avx512vnni/32/8/real_time",10759866,12.9786,12.9279,ns,,,"3x32x8",,,8,3,32,8,3,32,8,1,16
"dot/dot_uint8_int4_int32_3x32x8_1x16x8_avx512vnni/32/312/real_time",1016905,136.201,135.814,ns,,,"3x32x312",,,8,3,32,312,3,32,8,1,16
"dot/dot_uint8_int4_int32_3x32x8_1x16x8_avx512vnni/32/632/real_time",529173,265.101,264.34,ns,,,"3x32x632",,,8,3,32,632,3,32,8,1,16
"dot/dot_uint8_int4_int32_3x32x8_1x16x8_avx512vnni/32/952/real_time",353745,395.919,394.66,ns,,,"3x32x952",,,8,3,32,952,3,32,8,1,16
"dot/dot_uint8_int4_int32_3x32x8_1x16x8_avx512vnni/32/1272/real_time",265982,527.001,525.493,ns,,,"3x32x1272",,,8,3,32,1272,3,32,8,1,16
"dot/dot_uint8_int4_int32_3x32x8_1x16x8_avx512vnni/64/8/real_time",7455008,18.7462,18.6978,ns,,,"3x64x8",,,8,3,32,8,3,64,8,1,16
"dot/dot_uint8_int4_int32_3x32x8_1x16x8_avx512vnni/64/168/real_time",917285,151.603,151.107,ns,,,"3x64x168",,,8,3,32,168,3,64,8,1,16
"dot/dot_uint8_int4_int32_3x32x8_1x16x8_avx512vnni/64/336/real_time",495070,284.092,283.331,ns,,,"3x64x336",,,8,3,32,336,3,64,8,1,16
"dot/dot_uint8_int4_int32_3x32x8_1x16x8_avx512vnni/64/504/real_time",332216,421.893,420.523,ns,,,"3x64x504",,,8,3,32,504,3,64,8,1,16
"dot/dot_uint8_int4_int32_3x32x8_1x16x8_avx512vnni/64/680/real_time",247686,565.744,563.902,ns,,,"3x64x680",,,8,3,32,680,3,64,8,1,16
"dot/dot_uint8_int4_int32_3x32x8_1x16x8_avx512vnni/128/8/real_time",4180616,33.4685,33.3685,ns,,,"3x128x8",,,8,3,32,8,3,128,8,1,16
"dot/dot_uint8_int4_int32_3x32x8_1x16x8_avx512vnni/128/80/real_time",924016,151.028,150.567,ns,,,"3x128x80",,,8,3,32,80,3,128,8,1,16
"dot/dot_uint8_int4_int32_3x32x8_1x16x8_avx512vnni/128/168/real_time",476245,291.734,290.669,ns,,,"3x128x168",,,8,3,32,168,3,128,8,1,16
"dot/dot_uint8_int4_int32_3x32x8_1x16x8_avx512vnni/128/248/real_time",332193,421.287,420.001,ns,,,"3x128x248",,,8,3,32,248,3,128,8,1,16
"dot/dot_uint8_int4_int32_3x32x8_1x16x8_avx512vnni/128/336/real_time",248223,564.908,563.041,ns,,,"3x128x336",,,8,3,32,336,3,128,8,1,16
"dot/dot_uint8_int4_int32_3x32x8_1x16x8_avx512vnni/256/8/real_time",2307511,60.5172,60.3463,ns,,,"3x256x8",,,8,3,32,8,3,256,8,1,16
"dot/dot_uint8_int4_int32_3x32x8_1x16x8_avx512vnni/256/40/real_time",844982,165.071,164.593,ns,,,"3x256x40",,,8,3,32,40,3,256,8,1,16
"dot/dot_uint8_int4_int32_3x32x8_1x16x8_avx512vnni/256/80/real_time",467699,299.607,298.704,ns,,,"3x256x80",,,8,3,32,80,3,256,8,1,16
"dot/dot_uint8_int4_int32_3x32x8_1x16x8_avx512vnni/256/120/real_time",325538,429.292,428.07,ns,,,"3x256x120",,,8,3,32,120,3,256,8,1,16
"dot/dot_uint8_int4_int32_3x32x8_1x16x8_avx512vnni/256/160/real_time",253740,552.578,550.991,ns,,,"3x256x160",,,8,3,32,160,3,256,8,1,16
"dot/dot_uint8_int4_int32_4x32x8_1x16x8_avx512vnni/32/8/real_time",9635950,14.424,14.3357,ns,,,"4x32x8",,,8,4,32,8,4,32,8,1,16
"dot/dot_uint8_int4_int32_4x32x8_1x16x8_avx512vnni/32/296/real_time",920323,149.593,149.145,ns,,,"4x32x296",,,8,4,32,296,4,32,8,1,16
"dot/dot_uint8_int4_int32_4x32x8_1x16x8_avx512vnni/32/600/real_time",479013,292.361,291.59,ns,,,"4x32x600",,,8,4,32,600,4,32,8,1,16
"dot/dot_uint8_int4_int32_4x32x8_1x16x8_avx512vnni/32/896/real_time",324361,431.639,430.327,ns,,,"4x32x896",,,8,4,32,896,4,32,8,1,16
"dot/dot_uint8_int4_int32_4x32x8_1x16x8_avx512vnni/32/1200/real_time",243086,575.903,574.207,ns,,,"4x32x1200",,,8,4,32,1200,4,32,8,1,16
"dot/dot_uint8_int4_int32_4x32x8_1x16x8_avx512vnni/64/8/real_time",6123078,22.8349,22.7733,ns,,,"4x64x8",,,8,4,32,8,4,64,8,1,16
"dot/dot_uint8_int4_int32_4x32x8_1x16x8_avx512vnni/64/160/real_time",829723,168.349,167.853,ns,,,"4x64x160",,,8,4,32,160,4,64,8,1,16
"dot/dot_uint8_int4_int32_4x32x8_1x16x8_avx512vnni/64/320/real_time",444397,315.384,314.124,ns,,,"4x64x320",,,8,4,32,320,4,64,8,1,16
"dot/dot_uint8_int4_int32_4x32x8_1x16x8_avx512vnni/64/480/real_time",301047,465.128,463.782,ns,,,"4x64x480",,,8,4,32,480,4,64,8,1,16
"dot/dot_uint8_int4_int32_4x32x8_1x16x8_avx512vnni/64/648/real_time",224061,624.14,622.149,ns,,,"4x64x648",,,8,4,32,648,4,64,8,1,16
"dot/dot_uint8_int4_int32_4x32x8_1x16x8_avx512vnni/128/8/real_time",3456123,40.6039,40.4889,ns,,,"4x128x8",,,8,4,32,8,4,128,8,1,16
"dot/dot_uint8_int4_int32_4x32x8_1x16x8_avx512vnni/128/80/real_time",784226,178.235,177.655,ns,,,"4x128x80",,,8,4,32,80,4,128,8,1,16
"dot/dot_uint8_int4_int32_4x32x8_1x16x8_avx512vnni/128/160/real_time",427174,328.231,327.206,ns,,,"4x128x160",,,8,4,32,160,4,128,8,1,16
"dot/dot_uint8_int4_int32_4x32x8_1x16x8_avx512vnni/128/240/real_time",296933,473.304,471.993,ns,,,"4x128x240",,,8,4,32,240,4,128,8,1,16
"dot/dot_uint8_int4_int32_4x32x8_1x16x8_avx512vnni/128/328/real_time",218738,640.098,638.027,ns,,,"4x128x328",,,8,4,32,328,4,128,8,1,16
"dot/dot_uint8_int4_int32_4x32x8_1x16x8_avx512vnni/256/8/real_time",1892603,74.0197,73.8056,ns,,,"4x256x8",,,8,4,32,8,4,256,8,1,16
"dot/dot_uint8_int4_int32_4x32x8_1x16x8_avx512vnni/256/32/real_time",860038,163.099,162.652,ns,,,"4x256x32",,,8,4,32,32,4,256,8,1,16
"dot/dot_uint8_int4_int32_4x32x8_1x16x8_avx512vnni/256/72/real_time",437159,320.042,319.086,ns,,,"4x256x72",,,8,4,32,72,4,256,8,1,16
"dot/dot_uint8_int4_int32_4x32x8_1x16x8_avx512vnni/256/112/real_time",297062,471.507,470.213,ns,,,"4x256x112",,,8,4,32,112,4,256,8,1,16
"dot/dot_uint8_int4_int32_4x32x8_1x16x8_avx512vnni/256/152/real_time",227503,615.773,613.919,ns,,,"4x256x152",,,8,4,32,152,4,256,8,1,16
"dot/dot_uint8_int4_int32_5x32x8_1x16x8_avx512vnni/32/8/real_time",8616906,16.2527,16.209,ns,,,"5x32x8",,,8,5,32,8,5,32,8,1,16
"dot/dot_uint8_int4_int32_5x32x8_1x16x8_avx512vnni/32/280/real_time",838897,163.481,162.977,ns,,,"5x32x280",,,8,5,32,280,5,32,8,1,16
"dot/dot_uint8_int4_int32_5x32x8_1x16x8_avx512vnni/32/568/real_time",447564,313.82,312.97,ns,,,"5x32x568",,,8,5,32,568,5,32,8,1,16
"dot/dot_uint8_int4_int32_5x32x8_1x16x8_avx512vnni/32/848/real_time",302072,463.788,462.598,ns,,,"5x32x848",,,8,5,32,848,5,32,8,1,16
"dot/dot_uint8_int4_int32_5x32x8_1x16x8_avx512vnni/32/1136/real_time",225692,619.902,618.132,ns,,,"5x32x1136",,,8,5,32,1136,5,32,8,1,16
"dot/dot_uint8_int4_int32_5x32x8_1x16x8_avx512vnni/64/8/real_time",5210807,26.8642,26.7793,ns,,,"5x64x8",,,8,5,32,8,5,64,8,1,16
"dot/dot_uint8_int4_int32_5x32x8_1x16x8_avx512vnni/64/152/real_time",750591,184.345,183.819,ns,,,"5x64x152",,,8,5,32,152,5,64,8,1,16
"dot/dot_uint8_int4_int32_5x32x8_1x16x8_avx512vnni/64/312/real_time",401958,349.733,348.501,ns,,,"5x64x312",,,8,5,32,312,5,64,8,1,16
"dot/dot_uint8_int4_int32_5x32x8_1x16x8_avx512vnni/64/464/real_time",273300,512.249,510.213,ns,,,"5x64x464",,,8,5,32,464,5,64,8,1,16
"dot/dot_uint8_int4_int32_5x32x8_1x16x8_avx512vnni/64/624/real_time",204794,682.456,680.245,ns,,,"5x64x624",,,8,5,32,624,5,64,8,1,16
"dot/dot_uint8_int4_int32_5x32x8_1x16x8_avx512vnni/128/8/real_time",2982913,46.9345,46.7759,ns,,,"5x128x8",,,8,5,32,8,5,128,8,1,16
"dot/dot_uint8_int4_int32_5x32x8_1x16x8_avx512vnni/128/72/real_time",744995,187.222,186.53,ns,,,"5x128x72",,,8,5,32,72,5,128,8,1,16
"dot/dot_uint8_int4_int32_5x32x8_1x16x8_avx512vnni/128/152/real_time",392526,357.066,355.899,ns,,,"5x128x152",,,8,5,32,152,5,128,8,1,16
"dot/dot_uint8_int4_int32_5x32x8_1x16x8_avx512vnni/128/232/real_time",268149,522.689,520.847,ns,,,"5x128x232",,,8,5,32,232,5,128,8,1,16
"dot/dot_uint8_int4_int32_5x32x8_1x16x8_avx512vnni/128/312/real_time",202045,693.151,691.327,ns,,,"5x128x312",,,8,5,32,312,5,128,8,1,16
"dot/dot_uint8_int4_int32_5x32x8_1x16x8_avx512vnni/256/8/real_time",1636410,85.4889,85.186,ns,,,"5x256x8",,,8,5,32,8,5,256,8,1,16
"dot/dot_uint8_int4_int32_5x32x8_1x16x8_avx512vnni/256/32/real_time",716690,195.513,194.887,ns,,,"5x256x32",,,8,5,32,32,5,256,8,1,16
"dot/dot_uint8_int4_int32_5x32x8_1x16x8_avx512vnni/256/72/real_time",378258,370.036,369.055,ns,,,"5x256x72",,,8,5,32,72,5,256,8,1,16
"dot/dot_uint8_int4_int32_5x32x8_1x16x8_avx512vnni/256/104/real_time",277550,505.113,503.689,ns,,,"5x256x104",,,8,5,32,104,5,256,8,1,16
"dot/dot_uint8_int4_int32_5x32x8_1x16x8_avx512vnni/256/144/real_time",208640,671.662,669.419,ns,,,"5x256x144",,,8,5,32,144,5,256,8,1,16
"dot/dot_uint8_int4_int32_1x16x8_1x16x8_avx512vnni/16/8/real_time",19760053,7.085,7.06233,ns,,,"1x16x8",,,8,1,16,8,1,16,8,1,16
"dot/dot_uint8_int4_int32_1x16x8_1x16x8_avx512vnni/16/680/real_time",1225633,114.434,114.043,ns,,,"1x16x680",,,8,1,16,680,1,16,8,1,16
"dot/dot_uint8_int4_int32_1x16x8_1x16x8_avx512vnni/16/1360/real_time",613121,227.829,227.132,ns,,,"1x16x1360",,,8,1,16,1360,1,16,8,1,16
"dot/dot_uint8_int4_int32_1x16x8_1x16x8_avx512vnni/16/2040/real_time",409002,341.952,340.929,ns,,,"1x16x2040",,,8,1,16,2040,1,16,8,1,16
"dot/dot_uint8_int4_int32_1x16x8_1x16x8_avx512vnni/16/2720/real_time",307761,454.827,453.398,ns,,,"1x16x2720",,,8,1,16,2720,1,16,8,1,16
"dot/dot_uint8_int4_int32_1x16x8_1x16x8_avx512vnni/32/8/real_time",14733954,9.40036,9.3742,ns,,,"1x32x8",,,8,1,16,8,1,32,8,1,16
"dot/dot_uint8_int4_int32_1x16x8_1x16x8_avx512vnni/32/352/real_time",1226243,114.65,114.3,ns,,,"1x32x352",,,8,1,16,352,1,32,8,1,16
"dot/dot_uint8_int4_int32_1x16x8_1x16x8_avx512vnni/32/712/real_time",597233,235.288,234.519,ns,,,"1x32x712",,,8,1,16,712,1,32,8,1,16
"dot/dot_uint8_int4_int32_1x16x8_1x16x8_avx512vnni/32/1072/real_time",394104,354.684,353.697,ns,,,"1x32x1072",,,8,1,16,1072,1,32,8,1,16
"dot/dot_uint8_int4_int32_1x16x8_1x16x8_avx512vnni/32/1432/real_time",294422,475.367,474.049,ns,,,"1x32x1432",,,8,1,16,1432,1,32,8,1,16
"dot/dot_uint8_int4_int32_1x16x8_1x16x8_avx512vnni/64/8/real_time",9653197,14.5707,14.5277,ns,,,"1x64x8",,,8,1,16,8,1,64,8,1,16
"dot/dot_uint8_int4_int32_1x16x8_1x16x8_avx512vnni/64/184/real_time",1197230,116.897,116.534,ns,,,"1x64x184",,,8,1,16,184,1,64,8,1,16
"dot/dot_uint8_int4_int32_1x16x8_1x16x8_avx512vnni/64/368/real_time",597434,229.995,229.235,ns,,,"1x64x368",,,8,1,16,368,1,64,8,1,16
"dot/dot_uint8_int4_int32_1x16x8_1x16x8_avx512vnni/64/552/real_time",392174,356.845,355.829,ns,,,"1x64x552",,,8,1,16,552,1,64,8,1,16
"dot/dot_uint8_int4_int32_1x16x8_1x16x8_avx512vnni/64/736/real_time",292890,479.02,477.681,ns,,,"1x64x736",,,8,1,16,736,1,64,8,1,16
"dot/dot_uint8_int4_int32_1x16x8_1x16x8_avx512vnni/128/8/real_time",5623355,24.9269,24.8574,ns,,,"1x128x8",,,8,1,16,8,1,128,8,1,16
"dot/dot_uint8_int4_int32_1x16x8_1x16x8_avx512vnni/128/88/real_time",1224985,113.303,112.934,ns,,,"1x128x88",,,8,1,16,88,1,128,8,1,16
"dot/dot_uint8_int4_int32_1x16x8_1x16x8_avx512vnni/128/184/real_time",607284,229.426,228.798,ns,,,"1x128x184",,,8,1,16,184,1,128,8,1,16
"dot/dot_uint8_int4_int32_1x16x8_1x16x8_avx512vnni/128/272/real_time",411128,340.734,339.651,ns,,,"1x128x272",,,8,1,16,272,1,128,8,1,16
"dot/dot_uint8_int4_int32_1x16x8_1x16x8_avx512vnni/128/368/real_time",299468,458.556,457.244,ns,,,"1x128x368",,,8,1,16,368,1,128,8,1,16
"dot/dot_uint8_int4_int32_5x16x8_1x16x8_avx512vnni/16/8/real_time",10891776,12.8127,12.7777,ns,,,"5x16x8",,,8,5,16,8,5,16,8,1,16
"dot/dot_uint8_int4_int32_5x16x8_1x16x8_avx512vnni/16/464/real_time",958512,145.367,144.979,ns,,,"5x16x464",,,8,5,16,464,5,16,8,1,16
"dot/dot_uint8_int4_int32_5x16x8_1x16x8_avx512vnni/16/928/real_time",507738,276.645,275.787,ns,,,"5x16x928",,,8,5,16,928,5,16,8,1,16
"dot/dot_uint8_int4_int32_5x16x8_1x16x8_avx512vnni/16/1392/real_time",339109,414.711,413.566,ns,,,"5x16x1392",,,8,5,16,1392,5,16,8,1,16
"dot/dot_uint8_int4_int32_5x16x8_1x16x8_avx512vnni/16/1864/real_time",261848,536.871,535.3,ns,,,"5x16x1864",,,8,5,16,1864,5,16,8,1,16
"dot/dot_uint8_int4_int32_5x16x8_1x16x8_avx512vnni/32/8/real_time",7176420,19.491,19.4342,ns,,,"5x32x8",,,8,5,16,8,5,32,8,1,16
"dot/dot_uint8_int4_int32_5x16x8_1x16x8_avx512vnni/32/280/real_time",791036,177.655,177.177,ns,,,"5x32x280",,,8,5,16,280,5,32,8,1,16
"dot/dot_uint8_int4_int32_5x16x8_1x16x8_avx512vnni/32/568/real_time",420910,338.303,337.316,ns,,,"5x32x568",,,8,5,16,568,5,32,8,1,16
"dot/dot_uint8_int4_int32_5x16x8_1x16x8_avx512vnni/32/848/real_time",279810,496.333,494.983,ns,,,"5x32x848",,,8,5,16,848,5,32,8,1,16
"dot/dot_uint8_int4_int32_5x16x8_1x16x8_avx512vnni/32/1136/real_time",209405,659.944,657.739,ns,,,"5x32x1136",,,8,5,16,1136,5,32,8,1,16
"dot/dot_uint8_int4_int32_5x16x8_1x16x8_avx512vnni/64/8/real_time",4614697,30.3155,30.2298,ns,,,"5x64x8",,,8,5,16,8,5,64,8,1,16
"dot/dot_uint8_int4_int32_5x16x8_1x16x8_avx512vnni/64/152/real_time",718581,194.875,194.38,ns,,,"5x64x152",,,8,5,16,152,5,64,8,1,16
"dot/dot_uint8_int4_int32_5x16x8_1x16x8_avx512vnni/64/312/real_time",360811,385.714,384.664,ns,,,"5x64x312",,,8,5,16,312,5,64,8,1,16
"dot/dot_uint8_int4_int32_5x16x8_1x16x8_avx512vnni/64/464/real_time",249982,554.826,553.325,ns,,,"5x64x464",,,8,5,16,464,5,64,8,1,16
"dot/dot_uint8_int4_int32_5x16x8_1x16x8_avx512vnni/64/624/real_time",189232,736.625,733.927,ns,,,"5x64x624",,,8,5,16,624,5,64,8,1,16
"dot/dot_uint8_int4_int32_5x16x8_1x16x8_avx512vnni/128/8/real_time",2537174,55.4484,55.2868,ns,,,"5x128x8",,,8,5,16,8,5,128,8,1,16
"dot/dot_uint8_int4_int32_5x16x8_1x16x8_avx512vnni/128/72/real_time",700705,200.599,200.038,ns,,,"5x128x72",,,8,5,16,72,5,128,8,1,16
"dot/dot_uint8_int4_int32_5x16x8_1x16x8_avx512vnni/128/152/real_time",362465,386.064,384.953,ns,,,"5x128x152",,,8,5,16,152,5,128,8,1,16
"dot/dot_uint8_int4_int32_5x16x8_1x16x8_avx512vnni/128/232/real_time",241588,581.395,579.376,ns,,,"5x128x232",,,8,5,16,232,5,128,8,1,16
"dot/dot_uint8_int4_int32_5x16x8_1x16x8_avx512vnni/128/312/real_time",185992,755.479,753.236,ns,,,"5x128x312",,,8,5,16,312,5,128,8,1,16
"dot/dot_uint8_int4_int32_8x16x8_1x16x8_avx512vnni/16/8/real_time",9412928,14.6958,14.656,ns,,,"8x16x8",,,8,8,16,8,8,16,8,1,16
"dot/dot_uint8_int4_int32_8x16x8_1x16x8_avx512vnni/16/376/real_time",879152,159.929,159.471,ns,,,"8x16x376",,,8,8,16,376,8,16,8,1,16
"dot/dot_uint8_int4_int32_8x16x8_1x16x8_avx512vnni/16/752/real_time",472552,296.987,296.006,ns,,,"8x16x752",,,8,8,16,752,8,16,8,1,16
"dot/dot_uint8_int4_int32_8x16x8_1x16x8_avx512vnni/16/1128/real_time",318863,438.226,436.718,ns,,,"8x16x1128",,,8,8,16,1128,8,16,8,1,16
"dot/dot_uint8_int4_int32_8x16x8_1x16x8_avx512vnni/16/1504/real_time",236762,584.571,582.628,ns,,,"8x16x1504",,,8,8,16,1504,8,16,8,1,16
"dot/dot_uint8_int4_int32_8x16x8_1x16x8_avx512vnni/32/8/real_time",6574456,21.3149,21.2498,ns,,,"8x32x8",,,8,8,16,8,8,32,8,1,16
"dot/dot_uint8_int4_int32_8x16x8_1x16x8_avx512vnni/32/240/real_time",671319,205.401,204.83,ns,,,"8x32x240",,,8,8,16,240,8,32,8,1,16
"dot/dot_uint8_int4_int32_8x16x8_1x16x8_avx512vnni/32/488/real_time",360555,387.077,385.996,ns,,,"8x32x488",,,8,8,16,488,8,32,8,1,16
"dot/dot_uint8_int4_int32_8x16x8_1x16x8_avx512vnni/32/728/real_time",246650,566.161,563.798,ns,,,"8x32x728",,,8,8,16,728,8,32,8,1,16
"dot/dot_uint8_int4_int32_8x16x8_1x16x8_avx512vnni/32/976/real_time",184563,758.5,755.198,ns,,,"8x32x976",,,8,8,16,976,8,32,8,1,16
"dot/dot_uint8_int4_int32_8x16x8_1x16x8_avx512vnni/64/8/real_time",3793678,36.8854,36.7516,ns,,,"8x64x8",,,8,8,16,8,8,64,8,1,16
"dot/dot_uint8_int4_int32_8x16x8_1x16x8_avx512vnni/64/136/real_time",579534,241.633,240.643,ns,,,"8x64x136",,,8,8,16,136,8,64,8,1,16
"dot/dot_uint8_int4_int32_8x16x8_1x16x8_avx512vnni/64/280/real_time",306042,456.872,455.318,ns,,,"8x64x280",,,8,8,16,280,8,64,8,1,16
"dot/dot_uint8_int4_int32_8x16x8_1x16x8_avx512vnni/64/416/real_time",211849,663.821,661.86,ns,,,"8x64x416",,,8,8,16,416,8,64,8,1,16
"dot/dot_uint8_int4_int32_8x16x8_1x16x8_avx512vnni/64/560/real_time",160240,872.978,870.143,ns,,,"8x64x560",,,8,8,16,560,8,64,8,1,16
"dot/dot_uint8_int4_int32_8x16x8_1x16x8_avx512vnni/128/8/real_time",2091252,67.0273,66.7633,ns,,,"8x128x8",,,8,8,16,8,8,128,8,1,16
"dot/dot_uint8_int4_int32_8x16x8_1x16x8_avx512vnni/128/64/real_time",555218,252.089,251.087,ns,,,"8x128x64",,,8,8,16,64,8,128,8,1,16
"dot/dot_uint8_int4_int32_8x16x8_1x16x8_avx512vnni/128/136/real_time",294020,476.589,474.603,ns,,,"8x128x136",,,8,8,16,136,8,128,8,1,16
"dot/dot_uint8_int4_int32_8x16x8_1x16x8_avx512vnni/128/208/real_time",203228,691.513,689.727,ns,,,"8x128x208",,,8,8,16,208,8,128,8,1,16
"dot/dot_uint8_int4_int32_8x16x8_1x16x8_avx512vnni/128/280/real_time",154949,900.626,898.18,ns,,,"8x128x280",,,8,8,16,280,8,128,8,1,16
"dot/dot_uint8_int4_int32_12x16x8_1x16x8_avx512vnni/16/8/real_time",6359165,22.0515,21.9808,ns,,,"12x16x8",,,8,12,16,8,12,16,8,1,16
"dot/dot_uint8_int4_int32_12x16x8_1x16x8_avx512vnni/16/296/real_time",801618,175.347,174.741,ns,,,"12x16x296",,,8,12,16,296,12,16,8,1,16
"dot/dot_uint8_int4_int32_12x16x8_1x16x8_avx512vnni/16/592/real_time",423750,329.821,328.965,ns,,,"12x16x592",,,8,12,16,592,12,16,8,1,16
"dot/dot_uint8_int4_int32_12x16x8_1x16x8_avx512vnni/16/888/real_time",287031,486.938,485.487,ns,,,"12x16x888",,,8,12,16,888,12,16,8,1,16
"dot/dot_uint8_int4_int32_12x16x8_1x16x8_avx512vnni/16/1184/real_time",217254,644.312,642.534,ns,,,"12x16x1184",,,8,12,16,1184,12,16,8,1,16
"dot/dot_uint8_int4_int32_12x16x8_1x16x8_avx512vnni/32/8/real_time",4279635,33.1286,33.0195,ns,,,"12x32x8",,,8,12,16,8,12,32,8,1,16
"dot/dot_uint8_int4_int32_12x16x8_1x16x8_avx512vnni/32/200/real_time",581406,239.975,239.214,ns,,,"12x32x200",,,8,12,16,200,12,32,8,1,16
"dot/dot_uint8_int4_int32_12x16x8_1x16x8_avx512vnni/32/408/real_time",307472,455.82,454.262,ns,,,"12x32x408",,,8,12,16,408,12,32,8,1,16
"dot/dot_uint8_int4_int32_12x16x8_1x16x8_avx512vnni/32/608/real_time",210200,666.531,664.661,ns,,,"12x32x608",,,8,12,16,608,12,32,8,1,16
"dot/dot_uint8_int4_int32_12x16x8_1x16x8_avx512vnni/32/816/real_time",157813,887.519,884.729,ns,,,"12x32x816",,,8,12,16,816,12,32,8,1,16
"dot/dot_uint8_int4_int32_12x16x8_1x16x8_avx512vnni/64/8/real_time",2682250,52.1907,52.0481,ns,,,"12x64x8",,,8,12,16,8,12,64,8,1,16
"dot/dot_uint8_int4_int32_12x16x8_1x16x8_avx512vnni/64/120/real_time",464460,300.653,299.799,ns,,,"12x64x120",,,8,12,16,120,12,64,8,1,16
"dot/dot_uint8_int4_int32_12x16x8_1x16x8_avx512vnni/64/240/real_time",256307,545.68,544.101,ns,,,"12x64x240",,,8,12,16,240,12,64,8,1,16
"dot/dot_uint8_int4_int32_12x16x8_1x16x8_avx512vnni/64/360/real_time",175029,800.347,797.805,ns,,,"12x64x360",,,8,12,16,360,12,64,8,1,16
"dot/dot_uint8_int4_int32_12x16x8_1x16x8_avx512vnni/64/488/real_time",131306,1069.2,1065.51,ns,,,"12x64x488",,,8,12,16,488,12,64,8,1,16
"dot/dot_uint8_int4_int32_12x16x8_1x16x8_avx512vnni/128/8/real_time",1464058,94.8458,94.5692,ns,,,"12x128x8",,,8,12,16,8,12,128,8,1,16
"dot/dot_uint8_int4_int32_12x16x8_1x16x8_avx512vnni/128/56/real_time",447515,312.657,311.674,ns,,,"12x128x56",,,8,12,16,56,12,128,8,1,16
"dot/dot_uint8_int4_int32_12x16x8_1x16x8_avx512vnni/128/120/real_time",236131,592.974,591.406,ns,,,"12x128x120",,,8,12,16,120,12,128,8,1,16
"dot/dot_uint8_int4_int32_12x16x8_1x16x8_avx512vnni/128/176/real_time",169047,829.301,827.029,ns,,,"12x128x176",,,8,12,16,176,12,128,8,1,16
"dot/dot_uint8_int4_int32_12x16x8_1x16x8_avx512vnni/128/240/real_time",130047,1080.17,1077.07,ns,,,"12x128x240",,,8,12,16,240,12,128,8,1,16
"dot/dot_uint8_int8_int32_1x64x4_1x16x4_avx512vnni/64/4/real_time",20423642,6.84952,6.83265,ns,,,"1x64x4",,,4,1,64,4,1,64,4,1,16
"dot/dot_uint8_int8_int32_1x64x4_1x16x4_avx512vnni/64/92/real_time",5506297,25.4994,25.4268,ns,,,"1x64x92",,,4,1,64,92,1,64,4,1,16
"dot/dot_uint8_int8_int32_1x64x4_1x16x4_avx512vnni/64/184/real_time",2714792,51.6069,51.4651,ns,,,"1x64x184",,,4,1,64,184,1,64,4,1,16
"dot/dot_uint8_int8_int32_1x64x4_1x16x4_avx512vnni/64/276/real_time",1785120,78.4508,78.2216,ns,,,"1x64x276",,,4,1,64,276,1,64,4,1,16
"dot/dot_uint8_int8_int32_1x64x4_1x16x4_avx512vnni/64/372/real_time",1271711,110.308,109.998,ns,,,"1x64x372",,,4,1,64,372,1,64,4,1,16
"dot/dot_uint8_int8_int32_1x64x4_1x16x4_avx512vnni/128/4/real_time",15009072,9.31394,9.29071,ns,,,"1x128x4",,,4,1,64,4,1,128,4,1,16
"dot/dot_uint8_int8_int32_1x64x4_1x16x4_avx512vnni/128/44/real_time",5384859,26.1464,26.0763,ns,,,"1x128x44",,,4,1,64,44,1,128,4,1,16
"dot/dot_uint8_int8_int32_1x64x4_1x16x4_avx512vnni/128/92/real_time",2955805,47.3846,47.2374,ns,,,"1x128x92",,,4,1,64,92,1,128,4,1,16
"dot/dot_uint8_int8_int32_1x64x4_1x16x4_avx512vnni/128/136/real_time",1863885,75.1101,74.8835,ns,,,"1x128x136",,,4,1,64,136,1,128,4,1,16
"dot/dot_uint8_int8_int32_1x64x4_1x16x4_avx512vnni/128/184/real_time",1398037,100.094,99.84,ns,,,"1x128x184",,,4,1,64,184,1,128,4,1,16
"dot/dot_uint8_int8_int32_1x64x4_1x16x4_avx512vnni/256/4/real_time",9329166,15.1341,15.0889,ns,,,"1x256x4",,,4,1,64,4,1,256,4,1,16
"dot/dot_uint8_int8_int32_1x64x4_1x16x4_avx512vnni/256/20/real_time",5167190,27.1337,27.0579,ns,,,"1x256x20",,,4,1,64,20,1,256,4,1,16
"dot/dot_uint8_int8_int32_1x64x4_1x16x4_avx512vnni/256/44/real_time",2936779,47.6527,47.518,ns,,,"1x256x44",,,4,1,64,44,1,256,4,1,16
"dot/dot_uint8_int8_int32_1x64x4_1x16x4_avx512vnni/256/64/real_time",2135856,65.5262,65.362,ns,,,"1x256x64",,,4,1,64,64,1,256,4,1,16
"dot/dot_uint8_int8_int32_1x64x4_1x16x4_avx512vnni/256/88/real_time",1605306,87.245,87.0049,ns,,,"1x256x88",,,4,1,64,88,1,256,4,1,16
"dot/dot_uint8_int8_int32_1x64x4_1x16x4_avx512vnni/512/4/real_time",5751427,24.313,24.2372,ns,,,"1x512x4",,,4,1,64,4,1,512,4,1,16
"dot/dot_uint8_int8_int32_1x64x4_1x16x4_avx512vnni/512/8/real_time",4569932,30.8244,30.7406,ns,,,"1x512x8",,,4,1,64,8,1,512,4,1,16
"dot/dot_uint8_int8_int32_1x64x4_1x16x4_avx512vnni/512/20/real_time",2634752,52.6455,52.4961,ns,,,"1x512x20",,,4,1,64,20,1,512,4,1,16
"dot/dot_uint8_int8_int32_1x64x4_1x16x4_avx512vnni/512/28/real_time",2150923,65.0988,64.93,ns,,,"1x512x28",,,4,1,64,28,1,512,4,1,16
"dot/dot_uint8_int8_int32_1x64x4_1x16x4_avx512vnni/512/40/real_time",1625379,85.6544,85.4506,ns,,,"1x512x40",,,4,1,64,40,1,512,4,1,16
"dot/dot_uint8_int8_int32_2x64x4_1x16x4_avx512vnni/64/4/real_time",15830579,8.88864,8.86542,ns,,,"2x64x4",,,4,2,64,4,2,64,4,1,16
"dot/dot_uint8_int8_int32_2x64x4_1x16x4_avx512vnni/64/88/real_time",3857407,36.2774,36.1378,ns,,,"2x64x88",,,4,2,64,88,2,64,4,1,16
"dot/dot_uint8_int8_int32_2x64x4_1x16x4_avx512vnni/64/180/real_time",1996150,69.8718,69.6737,ns,,,"2x64x180",,,4,2,64,180,2,64,4,1,16
"dot/dot_uint8_int8_int32_2x64x4_1x16x4_avx512vnni/64/272/real_time",1304461,107.71,107.397,ns,,,"2x64x272",,,4,2,64,272,2,64,4,1,16
"dot/dot_uint8_int8_int32_2x64x4_1x16x4_avx512vnni/64/364/real_time",1036409,135.105,134.76,ns,,,"2x64x364",,,4,2,64,364,2,64,4,1,16
"dot/dot_uint8_int8_int32_2x64x4_1x16x4_avx512vnni/128/4/real_time",10947686,12.7049,12.6679,ns,,,"2x128x4",,,4,2,64,4,2,128,4,1,16
"dot/dot_uint8_int8_int32_2x64x4_1x16x4_avx512vnni/128/44/real_time",3663314,38.3807,38.2833,ns,,,"2x128x44",,,4,2,64,44,2,128,4,1,16
"dot/dot_uint8_int8_int32_2x64x4_1x16x4_avx512vnni/128/88/real_time",2019080,68.9979,68.7713,ns,,,"2x128x88",,,4,2,64,88,2,128,4,1,16
"dot/dot_uint8_int8_int32_2x64x4_1x16x4_avx512vnni/128/132/real_time",1397304,100.219,99.9098,ns,,,"2x128x132",,,4,2,64,132,2,128,4,1,16
"dot/dot_uint8_int8_int32_2x64x4_1x16x4_avx512vnni/128/180/real_time",1046494,135.784,135.404,ns,,,"2x128x180",,,4,2,64,180,2,128,4,1,16
"dot/dot_uint8_int8_int32_2x64x4_1x16x4_avx512vnni/256/4/real_time",6931920,20.0472,19.991,ns,,,"2x256x4",,,4,2,64,4,2,256,4,1,16
"dot/dot_uint8_int8_int32_2x64x4_1x16x4_avx512vnni/256/20/real_time",3453177,40.3976,40.2868,ns,,,"2x256x20",,,4,2,64,20,2,256,4,1,16
"dot/dot_uint8_int8_int32_2x64x4_1x16x4_avx512vnni/256/40/real_time",2082921,67.3653,67.1783,ns,,,"2x256x40",,,4,2,64,40,2,256,4,1,16
"dot/dot_uint8_int8_int32_2x64x4_1x16x4_avx512vnni/256/60/real_time",1483806,94.77,94.5095,ns,,,"2x256x60",,,4,2,64,60,2,256,4,1,16
"dot/dot_uint8_int8_int32_2x64x4_1x16x4_avx512vnni/256/84/real_time",1091200,127.604,127.258,ns,,,"2x256x84",,,4,2,64,84,2,256,4,1,16
"dot/dot_uint8_int8_int32_2x64x4_1x16x4_avx512vnni/512/4/real_time",3944669,35.102,35.0077,ns,,,"2x512x4",,,4,2,64,4,2,512,4,1,16
"dot/dot_uint8_int8_int32_2x64x4_1x16x4_avx512vnni/512/8/real_time",3201623,43.2825,43.1598,ns,,,"2x512x8",,,4,2,64,8,2,512,4,1,16
"dot/dot_uint8_int8_int32_2x64x4_1x16x4_avx512vnni/512/16/real_time",2156672,65.0809,64.9189,ns,,,"2x512x16",,,4,2,64,16,2,512,4,1,16
"dot/dot_uint8_int8_int32_2x64x4_1x16x4_avx512vnni/512/24/real_time",1608883,86.9846,86.731,ns,,,"2x512x24",,,4,2,64,24,2,512,4,1,16
"dot/dot_uint8_int8_int32_2x64x4_1x16x4_avx512vnni/512/36/real_time",1156435,120.304,119.94,ns,,,"2x512x36",,,4,2,64,36,2,512,4,1,16
"dot/dot_uint8_int8_int32_3x64x4_1x16x4_avx512vnni/64/4/real_time",13171963,10.5404,10.5135,ns,,,"3x64x4",,,4,3,64,4,3,64,4,1,16
"dot/dot_uint8_int8_int32_3x64x4_1x16x4_avx512vnni/64/88/real_time",2940926,47.4686,47.3457,ns,,,"3x64x88",,,4,3,64,88,3,64,4,1,16
"dot/dot_uint8_int8_int32_3x64x4_1x16x4_avx512vnni/64/176/real_time",1596571,87.3058,87.0836,ns,,,"3x64x176",,,4,3,64,176,3,64,4,1,16
"dot/dot_uint8_int8_int32_3x64x4_1x16x4_avx512vnni/64/264/real_time",1108026,126.076,125.749,ns,,,"3x64x264",,,4,3,64,264,3,64,4,1,16
"dot/dot_uint8_int8_int32_3x64x4_1x16x4_avx512vnni/64/352/real_time",844192,166.719,166.145,ns,,,"3x64x352",,,4,3,64,352,3,64,4,1,16
"dot/dot_uint8_int8_int32_3x64x4_1x16x4_avx512vnni/128/4/real_time",8707960,16.0422,15.9972,ns,,,"3x128x4",,,4,3,64,4,3,128,4,1,16
"dot/dot_uint8_int8_int32_3x64x4_1x16x4_avx512vnni/128/40/real_time",2783834,50.3992,50.2646,ns,,,"3x128x40",,,4,3,64,40,3,128,4,1,16
"dot/dot_uint8_int8_int32_3x64x4_1x16x4_avx512vnni/128/84/real_time",1623263,86.3591,86.1261,ns,,,"3x128x84",,,4,3,64,84,3,128,4,1,16
"dot/dot_uint8_int8_int32_3x64x4_1x16x4_avx512vnni/128/128/real_time",1075913,129.591,129.222,ns,,,"3x128x128",,,4,3,64,128,3,128,4,1,16
"dot/dot_uint8_int8_int32_3x64x4_1x16x4_avx512vnni/128/172/real_time",836960,168.182,167.733,ns,,,"3x128x172",,,4,3,64,172,3,128,4,1,16
"dot/dot_uint8_int8_int32_3x64x4_1x16x4_avx512vnni/256/4/real_time",5128272,27.0595,26.9754,ns,,,"3x256x4",,,4,3,64,4,3,256,4,1,16
"dot/dot_uint8_int8_int32_3x64x4_1x16x4_avx512vnni/256/20/real_time",2591587,54.1253,53.9805,ns,,,"3x256x20",,,4,3,64,20,3,256,4,1,16
"dot/dot_uint8_int8_int32_3x64x4_1x16x4_avx512vnni/256/40/real_time",1473657,95.3654,95.0343,ns,,,"3x256x40",,,4,3,64,40,3,256,4,1,16
"dot/dot_uint8_int8_int32_3x64x4_1x16x4_avx512vnni/256/60/real_time",1094630,127.843,127.497,ns,,,"3x256x60",,,4,3,64,60,3,256,4,1,16
"dot/dot_uint8_int8_int32_3x64x4_1x16x4_avx512vnni/256/80/real_time",850187,164.501,164.075,ns,,,"3x256x80",,,4,3,64,80,3,256,4,1,16
"dot/dot_uint8_int8_int32_3x64x4_1x16x4_avx512vnni/512/4/real_time",3023508,46.3755,46.2484,ns,,,"3x512x4",,,4,3,64,4,3,512,4,1,16
"dot/dot_uint8_int8_int32_3x64x4_1x16x4_avx512vnni/512/8/real_time",2375213,58.8598,58.6966,ns,,,"3x512x8",,,4,3,64,8,3,512,4,1,16
"dot/dot_uint8_int8_int32_3x64x4_1x16x4_avx512vnni/512/16/real_time",1622139,86.8318,86.5662,ns,,,"3x512x16",,,4,3,64,16,3,512,4,1,16
"dot/dot_uint8_int8_int32_3x64x4_1x16x4_avx512vnni/512/24/real_time",1193495,116.948,116.632,ns,,,"3x512x24",,,4,3,64,24,3,512,4,1,16
"dot/dot_uint8_int8_int32_3x64x4_1x16x4_avx512vnni/512/32/real_time",951941,146.765,146.342,ns,,,"3x512x32",,,4,3,64,32,3,512,4,1,16
"dot/dot_uint8_int8_int32_4x64x4_1x16x4_avx512vnni/64/4/real_time",11396704,12.2315,12.1941,ns,,,"4x64x4",,,4,4,64,4,4,64,4,1,16
"dot/dot_uint8_int8_int32_4x64x4_1x16x4_avx512vnni/64/84/real_time",2413595,57.8615,57.7013,ns,,,"4x64x84",,,4,4,64,84,4,64,4,1,16
"dot/dot_uint8_int8_int32_4x64x4_1x16x4_avx512vnni/64/172/real_time",1280741,110.981,110.66,ns,,,"4x64x172",,,4,4,64,172,4,64,4,1,16
"dot/dot_uint8_int8_int32_4x64x4_1x16x4_avx512vnni/64/256/real_time",877568,158.083,157.639,ns,,,"4x64x256",,,4,4,64,256,4,64,4,1,16
"dot/dot_uint8_int8_int32_4x64x4_1x16x4_avx512vnni/64/344/real_time",675845,207.573,206.983,ns,,,"4x64x344",,,4,4,64,344,4,64,4,1,16
"dot/dot_uint8_int8_int32_4x64x4_1x16x4_avx512vnni/128/4/real_time",7388262,18.9119,18.8593,ns,,,"4x128x4",,,4,4,64,4,4,128,4,1,16
"dot/dot_uint8_int8_int32_4x64x4_1x16x4_avx512vnni/128/40/real_time",2355052,59.5107,59.3336,ns,,,"4x128x40",,,4,4,64,40,4,128,4,1,16
"dot/dot_uint8_int8_int32_4x64x4_1x16x4_avx512vnni/128/84/real_time",1302528,108.317,107.996,ns,,,"4x128x84",,,4,4,64,84,4,128,4,1,16
"dot/dot_uint8_int8_int32_4x64x4_1x16x4_avx512vnni/128/124/real_time",880349,159.278,158.866,ns,,,"4x128x124",,,4,4,64,124,4,128,4,1,16
"dot/dot_uint8_int8_int32_4x64x4_1x16x4_avx512vnni/128/168/real_time",667398,209.631,209.09,ns,,,"4x128x168",,,4,4,64,168,4,128,4,1,16
"dot/dot_uint8_int8_int32_4x64x4_1x16x4_avx512vnni/256/4/real_time",4490623,30.9549,30.8615,ns,,,"4x256x4",,,4,4,64,4,4,256,4,1,16
"dot/dot_uint8_int8_int32_4x64x4_1x16x4_avx512vnni/256/16/real_time",2408377,58.2916,58.1059,ns,,,"4x256x16",,,4,4,64,16,4,256,4,1,16
"dot/dot_uint8_int8_int32_4x64x4_1x16x4_avx512vnni/256/36/real_time",1301985,107.592,107.255,ns,,,"4x256x36",,,4,4,64,36,4,256,4,1,16
"dot/dot_uint8_int8_int32_4x64x4_1x16x4_avx512vnni/256/56/real_time",916197,152.792,152.31,ns,,,"4x256x56",,,4,4,64,56,4,256,4,1,16
"dot/dot_uint8_int8_int32_4x64x4_1x16x4_avx512vnni/256/76/real_time",719898,193.788,193.272,ns,,,"4x256x76",,,4,4,64,76,4,256,4,1,16
"dot/dot_uint8_int8_int32_4x64x4_1x16x4_avx512vnni/512/4/real_time",2444243,56.8202,56.6596,ns,,,"4x512x4",,,4,4,64,4,4,512,4,1,16
"dot/dot_uint8_int8_int32_4x64x4_1x16x4_avx512vnni/512/12/real_time",1476210,94.6516,94.4353,ns,,,"4x512x12",,,4,4,64,12,4,512,4,1,16
"dot/dot_uint8_int8_int32_4x64x4_1x16x4_avx512vnni/512/20/real_time",1082344,128.805,128.437,ns,,,"4x512x20",,,4,4,64,20,4,512,4,1,16
"dot/dot_uint8_int8_int32_4x64x4_1x16x4_avx512vnni/512/28/real_time",806732,174.677,174.168,ns,,,"4x512x28",,,4,4,64,28,4,512,4,1,16
"dot/dot_uint8_int8_int32_5x64x4_1x16x4_avx512vnni/64/4/real_time",9712776,14.1653,14.1191,ns,,,"5x64x4",,,4,5,64,4,5,64,4,1,16
"dot/dot_uint8_int8_int32_5x64x4_1x16x4_avx512vnni/64/84/real_time",1964472,71.6735,71.4787,ns,,,"5x64x84",,,4,5,64,84,5,64,4,1,16
"dot/dot_uint8_int8_int32_5x64x4_1x16x4_avx512vnni/64/168/real_time",1062555,132.48,132.065,ns,,,"5x64x168",,,4,5,64,168,5,64,4,1,16
"dot/dot_uint8_int8_int32_5x64x4_1x16x4_avx512vnni/64/252/real_time",731244,191.887,191.399,ns,,,"5x64x252",,,4,5,64,252,5,64,4,1,16
"dot/dot_uint8_int8_int32_5x64x4_1x16x4_avx512vnni/64/336/real_time",556340,251.778,250.907,ns,,,"5x64x336",,,4,5,64,336,5,64,4,1,16
"dot/dot_uint8_int8_int32_5x64x4_1x16x4_avx512vnni/128/4/real_time",6170681,22.7214,22.6397,ns,,,"5x128x4",,,4,5,64,4,5,128,4,1,16
"dot/dot_uint8_int8_int32_5x64x4_1x16x4_avx512vnni/128/40/real_time",1995617,70.0899,69.8789,ns,,,"5x128x40",,,4,5,64,40,5,128,4,1,16
"dot/dot_uint8_int8_int32_5x64x4_1x16x4_avx512vnni/128/80/real_time",1111277,126.269,125.942,ns,,,"5x128x80",,,4,5,64,80,5,128,4,1,16
"dot/dot_uint8_int8_int32_5x64x4_1x16x4_avx512vnni/128/120/real_time",753272,186.079,185.547,ns,,,"5x128x120",,,4,5,64,120,5,128,4,1,16
"dot/dot_uint8_int8_int32_5x64x4_1x16x4_avx512vnni/128/164/real_time",570843,246.486,245.786,ns,,,"5x128x164",,,4,5,64,164,5,128,4,1,16
"dot/dot_uint8_int8_int32_5x64x4_1x16x4_avx512vnni/256/4/real_time",3661548,38.15,38.0313,ns,,,"5x256x4",,,4,5,64,4,5,256,4,1,16
"dot/dot_uint8_int8_int32_5x64x4_1x16x4_avx512vnni/256/16/real_time",1947141,71.9761,71.7627,ns,,,"5x256x16",,,4,5,64,16,5,256,4,1,16
"dot/dot_uint8_int8_int32_5x64x4_1x16x4_avx512vnni/256/36/real_time",1121591,124.731,124.386,ns,,,"5x256x36",,,4,5,64,36,5,256,4,1,16
"dot/dot_uint8_int8_int32_5x64x4_1x16x4_avx512vnni/256/52/real_time",823341,169.818,169.325,ns,,,"5x256x52",,,4,5,64,52,5,256,4,1,16
"dot/dot_uint8_int8_int32_5x64x4_1x16x4_avx512vnni/256/72/real_time",636469,220.415,219.76,ns,,,"5x256x72",,,4,5,64,72,5,256,4,1,16
"dot/dot_uint8_int8_int32_5x64x4_1x16x4_avx512vnni/512/4/real_time",1986851,70.5803,70.3586,ns,,,"5x512x4",,,4,5,64,4,5,512,4,1,16
"dot/dot_uint8_int8_int32_5x64x4_1x16x4_avx512vnni/512/12/real_time",1207370,114.909,114.596,ns,,,"5x512x12",,,4,5,64,12,5,512,4,1,16
"dot/dot_uint8_int8_int32_5x64x4_1x16x4_avx512vnni/512/16/real_time",1031391,136.363,135.964,ns,,,"5x512x16",,,4,5,64,16,5,512,4,1,16
"dot/dot_uint8_int8_int32_5x64x4_1x16x4_avx512vnni/512/24/real_time",749871,187.597,187.06,ns,,,"5x512x24",,,4,5,64,24,5,512,4,1,16
"dot/dot_uint8_int8_int32_1x32x4_1x16x4_avx512vnni/32/4/real_time",21307675,6.5645,6.54821,ns,,,"1x32x4",,,4,1,32,4,1,32,4,1,16
"dot/dot_uint8_int8_int32_1x32x4_1x16x4_avx512vnni/32/184/real_time",3649540,38.3699,38.2527,ns,,,"1x32x184",,,4,1,32,184,1,32,4,1,16
"dot/dot_uint8_int8_int32_1x32x4_1x16x4_avx512vnni/32/368/real_time",1737015,80.6564,80.4223,ns,,,"1x32x368",,,4,1,32,368,1,32,4,1,16
"dot/dot_uint8_int8_int32_1x32x4_1x16x4_avx512vnni/32/552/real_time",1020958,137.231,136.856,ns,,,"1x32x552",,,4,1,32,552,1,32,4,1,16
"dot/dot_uint8_int8_int32_1x32x4_1x16x4_avx512vnni/32/740/real_time",697790,199.55,198.972,ns,,,"1x32x740",,,4,1,32,740,1,32,4,1,16
"dot/dot_uint8_int8_int32_1x32x4_1x16x4_avx512vnni/64/4/real_time",16364281,8.54154,8.51882,ns,,,"1x64x4",,,4,1,32,4,1,64,4,1,16
"dot/dot_uint8_int8_int32_1x32x4_1x16x4_avx512vnni/64/92/real_time",4414586,31.7535,31.6443,ns,,,"1x64x92",,,4,1,32,92,1,64,4,1,16
"dot/dot_uint8_int8_int32_1x32x4_1x16x4_avx512vnni/64/184/real_time",1990611,70.3666,70.1396,ns,,,"1x64x184",,,4,1,32,184,1,64,4,1,16
"dot/dot_uint8_int8_int32_1x32x4_1x16x4_avx512vnni/64/276/real_time",1197136,117.001,116.666,ns,,,"1x64x276",,,4,1,32,276,1,64,4,1,16
"dot/dot_uint8_int8_int32_1x32x4_1x16x4_avx512vnni/64/372/real_time",898688,155.956,155.493,ns,,,"1x64x372",,,4,1,32,372,1,64,4,1,16
"dot/dot_uint8_int8_int32_1x32x4_1x16x4_avx512vnni/128/4/real_time",11040063,12.652,12.6136,ns,,,"1x128x4",,,4,1,32,4,1,128,4,1,16
"dot/dot_uint8_int8_int32_1x32x4_1x16x4_avx512vnni/128/44/real_time",4403141,31.9234,31.8535,ns,,,"1x128x44",,,4,1,32,44,1,128,4,1,16
"dot/dot_uint8_int8_int32_1x32x4_1x16x4_avx512vnni/128/92/real_time",2418964,57.9664,57.7877,ns,,,"1x128x92",,,4,1,32,92,1,128,4,1,16
"dot/dot_uint8_int8_int32_1x32x4_1x16x4_avx512vnni/128/136/real_time",1655559,84.5455,84.3102,ns,,,"1x128x136",,,4,1,32,136,1,128,4,1,16
"dot/dot_uint8_int8_int32_1x32x4_1x16x4_avx512vnni/128/184/real_time",1102401,127.028,126.697,ns,,,"1x128x184",,,4,1,32,184,1,128,4,1,16
"dot/dot_uint8_int8_int32_1x32x4_1x16x4_avx512vnni/256/4/real_time",6691926,20.9353,20.8773,ns,,,"1x256x4",,,4,1,32,4,1,256,4,1,16
"dot/dot_uint8_int8_int32_1x32x4_1x16x4_avx512vnni/256/20/real_time",3570868,39.1871,39.0704,ns,,,"1x256x20",,,4,1,32,20,1,256,4,1,16
"dot/dot_uint8_int8_int32_1x32x4_1x16x4_avx512vnni/256/44/real_time",2346484,60.0259,59.8412,ns,,,"1x256x44",,,4,1,32,44,1,256,4,1,16
"dot/dot_uint8_int8_int32_1x32x4_1x16x4_avx512vnni/256/64/real_time",1819288,77.5268,77.3132,ns,,,"1x256x64",,,4,1,32,64,1,256,4,1,16
"dot/dot_uint8_int8_int32_1x32x4_1x16x4_avx512vnni/256/88/real_time",1298428,108.01,107.689,ns,,,"1x256x88",,,4,1,32,88,1,256,4,1,16
"dot/dot_uint8_int8_int32_2x32x4_1x16x4_avx512vnni/32/4/real_time",17654037,7.93155,7.9088,ns,,,"2x32x4",,,4,2,32,4,2,32,4,1,16
"dot/dot_uint8_int8_int32_2x32x4_1x16x4_avx512vnni/32/176/real_time",2773229,50.5842,50.4347,ns,,,"2x32x176",,,4,2,32,176,2,32,4,1,16
"dot/dot_uint8_int8_int32_2x32x4_1x16x4_avx512vnni/32/356/real_time",1245117,112.355,112.063,ns,,,"2x32x356",,,4,2,32,356,2,32,4,1,16
"dot/dot_uint8_int8_int32_2x32x4_1x16x4_avx512vnni/32/532/real_time",812125,172.951,172.436,ns,,,"2x32x532",,,4,2,32,532,2,32,4,1,16
"dot/dot_uint8_int8_int32_2x32x4_1x16x4_avx512vnni/32/712/real_time",597442,233.845,233.166,ns,,,"2x32x712",,,4,2,32,712,2,32,4,1,16
"dot/dot_uint8_int8_int32_2x32x4_1x16x4_avx512vnni/64/4/real_time",13230876,10.5609,10.5307,ns,,,"2x64x4",,,4,2,32,4,2,64,4,1,16
"dot/dot_uint8_int8_int32_2x32x4_1x16x4_avx512vnni/64/88/real_time",2902144,47.7313,47.6006,ns,,,"2x64x88",,,4,2,32,88,2,64,4,1,16
"dot/dot_uint8_int8_int32_2x32x4_1x16x4_avx512vnni/64/180/real_time",1355227,102.224,101.923,ns,,,"2x64x180",,,4,2,32,180,2,64,4,1,16
"dot/dot_uint8_int8_int32_2x32x4_1x16x4_avx512vnni/64/272/real_time",866363,164.321,163.801,ns,,,"2x64x272",,,4,2,32,272,2,64,4,1,16
"dot/dot_uint8_int8_int32_2x32x4_1x16x4_avx512vnni/64/364/real_time",616568,226.838,226.09,ns,,,"2x64x364",,,4,2,32,364,2,64,4,1,16
"dot/dot_uint8_int8_int32_2x32x4_1x16x4_avx512vnni/128/4/real_time",8753174,15.9628,15.9117,ns,,,"2x128x4",,,4,2,32,4,2,128,4,1,16
"dot/dot_uint8_int8_int32_2x32x4_1x16x4_avx512vnni/128/44/real_time",3149797,44.5734,44.4178,ns,,,"2x128x44",,,4,2,32,44,2,128,4,1,16
"dot/dot_uint8_int8_int32_2x32x4_1x16x4_avx512vnni/128/88/real_time",1581983,88.558,88.2104,ns,,,"2x128x88",,,4,2,32,88,2,128,4,1,16
"dot/dot_uint8_int8_int32_2x32x4_1x16x4_avx512vnni/128/132/real_time",1067198,131.177,130.574,ns,,,"2x128x132",,,4,2,32,132,2,128,4,1,16
"dot/dot_uint8_int8_int32_2x32x4_1x16x4_avx512vnni/128/180/real_time",694272,199.621,198.747,ns,,,"2x128x180",,,4,2,32,180,2,128,4,1,16
"dot/dot_uint8_int8_int32_2x32x4_1x16x4_avx512vnni/256/4/real_time",5217034,26.8937,26.7462,ns,,,"2x256x4",,,4,2,32,4,2,256,4,1,16
"dot/dot_uint8_int8_int32_2x32x4_1x16x4_avx512vnni/256/20/real_time",2608822,53.5745,53.3956,ns,,,"2x256x20",,,4,2,32,20,2,256,4,1,16
"dot/dot_uint8_int8_int32_2x32x4_1x16x4_avx512vnni/256/40/real_time",1775584,78.7922,78.4484,ns,,,"2x256x40",,,4,2,32,40,2,256,4,1,16
"dot/dot_uint8_int8_int32_2x32x4_1x16x4_avx512vnni/256/60/real_time",1242266,111.509,111.025,ns,,,"2x256x60",,,4,2,32,60,2,256,4,1,16
"dot/dot_uint8_int8_int32_2x32x4_1x16x4_avx512vnni/256/84/real_time",860319,163.054,162.401,ns,,,"2x256x84",,,4,2,32,84,2,256,4,1,16
"dot/dot_uint8_int8_int32_3x32x4_1x16x4_avx512vnni/32/4/real_time",15436162,9.0664,9.03254,ns,,,"3x32x4",,,4,3,32,4,3,32,4,1,16
"dot/dot_uint8_int8_int32_3x32x4_1x16x4_avx512vnni/32/172/real_time",2380493,58.4802,58.2939,ns,,,"3x32x172",,,4,3,32,172,3,32,4,1,16
"dot/dot_uint8_int8_int32_3x32x4_1x16x4_avx512vnni/32/344/real_time",1221494,114.434,114.113,ns,,,"3x32x344",,,4,3,32,344,3,32,4,1,16
"dot/dot_uint8_int8_int32_3x32x4_1x16x4_avx512vnni/32/516/real_time",807747,173.083,172.574,ns,,,"3x32x516",,,4,3,32,516,3,32,4,1,16
"dot/dot_uint8_int8_int32_3x32x4_1x16x4_avx512vnni/32/688/real_time",607060,231.018,230.314,ns,,,"3x32x688",,,4,3,32,688,3,32,4,1,16
"dot/dot_uint8_int8_int32_3x32x4_1x16x4_avx512vnni/64/4/real_time",11119831,12.6111,12.5541,ns,,,"3x64x4",,,4,3,32,4,3,64,4,1,16
"dot/dot_uint8_int8_int32_3x32x4_1x16x4_avx512vnni/64/88/real_time",2400572,58.3206,58.0439,ns,,,"3x64x88",,,4,3,32,88,3,64,4,1,16
"dot/dot_uint8_int8_int32_3x32x4_1x16x4_avx512vnni/64/176/real_time",1233644,113.886,113.379,ns,,,"3x64x176",,,4,3,32,176,3,64,4,1,16
"dot/dot_uint8_int8_int32_3x32x4_1x16x4_avx512vnni/64/264/real_time",805646,173.633,172.902,ns,,,"3x64x264",,,4,3,32,264,3,64,4,1,16
"dot/dot_uint8_int8_int32_3x32x4_1x16x4_avx512vnni/64/352/real_time",600567,233.684,232.867,ns,,,"3x64x352",,,4,3,32,352,3,64,4,1,16
"dot/dot_uint8_int8_int32_3x32x4_1x16x4_avx512vnni/128/4/real_time",7163505,19.3777,19.3195,ns,,,"3x128x4",,,4,3,32,4,3,128,4,1,16
"dot/dot_uint8_int8_int32_3x32x4_1x16x4_avx512vnni/128/40/real_time",2557737,54.9884,54.8357,ns,,,"3x128x40",,,4,3,32,40,3,128,4,1,16
"dot/dot_uint8_int8_int32_3x32x4_1x16x4_avx512vnni/128/84/real_time",1293766,108.116,107.736,ns,,,"3x128x84",,,4,3,32,84,3,128,4,1,16
"dot/dot_uint8_int8_int32_3x32x4_1x16x4_avx512vnni/128/128/real_time",842485,168.428,167.921,ns,,,"3x128x128",,,4,3,32,128,3,128,4,1,16
"dot/dot_uint8_int8_int32_3x32x4_1x16x4_avx512vnni/128/172/real_time",645304,218.345,217.348,ns,,,"3x128x172",,,4,3,32,172,3,128,4,1,16
"dot/dot_uint8_int8_int32_3x32x4_1x16x4_avx512vnni/256/4/real_time",4088382,34.2519,34.0831,ns,,,"3x256x4",,,4,3,32,4,3,256,4,1,16
"dot/dot_uint8_int8_int32_3x32x4_1x16x4_avx512vnni/256/20/real_time",2178709,64.2578,64.0739,ns,,,"3x256x20",,,4,3,32,20,3,256,4,1,16
"dot/dot_uint8_int8_int32_3x32x4_1x16x4_avx512vnni/256/40/real_time",1328965,106.049,105.751,ns,,,"3x256x40",,,4,3,32,40,3,256,4,1,16
"dot/dot_uint8_int8_int32_3x32x4_1x16x4_avx512vnni/256/60/real_time",889436,157.4,156.932,ns,,,"3x256x60",,,4,3,32,60,3,256,4,1,16
"dot/dot_uint8_int8_int32_3x32x4_1x16x4_avx512vnni/256/80/real_time",692247,201.77,201.097,ns,,,"3x256x80",,,4,3,32,80,3,256,4,1,16
"dot/dot_uint8_int8_int32_4x32x4_1x16x4_avx512vnni/32/4/real_time",13436272,10.3467,10.3033,ns,,,"4x32x4",,,4,4,32,4,4,32,4,1,16
"dot/dot_uint8_int8_int32_4x32x4_1x16x4_avx512vnni/32/164/real_time",2100636,66.1963,65.9068,ns,,,"4x32x164",,,4,4,32,164,4,32,4,1,16
"dot/dot_uint8_int8_int32_4x32x4_1x16x4_avx512vnni/32/332/real_time",1118185,125.076,124.696,ns,,,"4x32x332",,,4,4,32,332,4,32,4,1,16
"dot/dot_uint8_int8_int32_4x32x4_1x16x4_avx512vnni/32/500/real_time",776627,181.587,181.097,ns,,,"4x32x500",,,4,4,32,500,4,32,4,1,16
"dot/dot_uint8_int8_int32_4x32x4_1x16x4_avx512vnni/32/668/real_time",577487,244.15,243.416,ns,,,"4x32x668",,,4,4,32,668,4,32,4,1,16
"dot/dot_uint8_int8_int32_4x32x4_1x16x4_avx512vnni/64/4/real_time",9316027,15.0159,14.972,ns,,,"4x64x4",,,4,4,32,4,4,64,4,1,16
"dot/dot_uint8_int8_int32_4x32x4_1x16x4_avx512vnni/64/84/real_time",2183370,64.1526,63.93,ns,,,"4x64x84",,,4,4,32,84,4,64,4,1,16
"dot/dot_uint8_int8_int32_4x32x4_1x16x4_avx512vnni/64/172/real_time",1075802,131.738,131.351,ns,,,"4x64x172",,,4,4,32,172,4,64,4,1,16
"dot/dot_uint8_int8_int32_4x32x4_1x16x4_avx512vnni/64/256/real_time",726826,192.58,192.063,ns,,,"4x64x256",,,4,4,32,256,4,64,4,1,16
"dot/dot_uint8_int8_int32_4x32x4_1x16x4_avx512vnni/64/344/real_time",558195,248.791,248.092,ns,,,"4x64x344",,,4,4,32,344,4,64,4,1,16
"dot/dot_uint8_int8_int32_4x32x4_1x16x4_avx512vnni/128/4/real_time",5814913,24.1008,24.0237,ns,,,"4x128x4",,,4,4,32,4,4,128,4,1,16
"dot/dot_uint8_int8_int32_4x32x4_1x16x4_avx512vnni/128/40/real_time",2079545,67.4909,67.2936,ns,,,"4x128x40",,,4,4,32,40,4,128,4,1,16
"dot/dot_uint8_int8_int32_4x32x4_1x16x4_avx512vnni/128/84/real_time",1119345,124.103,123.788,ns,,,"4x128x84",,,4,4,32,84,4,128,4,1,16
"dot/dot_uint8_int8_int32_4x32x4_1x16x4_avx512vnni/128/124/real_time",739867,189.066,188.432,ns,,,"4x128x124",,,4,4,32,124,4,128,4,1,16
"dot/dot_uint8_int8_int32_4x32x4_1x16x4_avx512vnni/128/168/real_time",560344,251.677,251.036,ns,,,"4x128x168",,,4,4,32,168,4,128,4,1,16
"dot/dot_uint8_int8_int32_4x32x4_1x16x4_avx512vnni/256/4/real_time",3414140,41.0081,40.8495,ns,,,"4x256x4",,,4,4,32,4,4,256,4,1,16
"dot/dot_uint8_int8_int32_4x32x4_1x16x4_avx512vnni/256/16/real_time",1964933,72.0186,71.8256,ns,,,"4x256x16",,,4,4,32,16,4,256,4,1,16
"dot/dot_uint8_int8_int32_4x32x4_1x16x4_avx512vnni/256/36/real_time",1168904,119.919,119.602,ns,,,"4x256x36",,,4,4,32,36,4,256,4,1,16
"dot/dot_uint8_int8_int32_4x32x4_1x16x4_avx512vnni/256/56/real_time",817509,167.761,167.309,ns,,,"4x256x56",,,4,4,32,56,4,256,4,1,16
"dot/dot_uint8_int8_int32_4x32x4_1x16x4_avx512vnni/256/76/real_time",639154,219.217,218.642,ns,,,"4x256x76",,,4,4,32,76,4,256,4,1,16
"dot/dot_uint8_int8_int32_5x32x4_1x16x4_avx512vnni/32/4/real_time",11761207,11.4009,11.3678,ns,,,"5x32x4",,,4,5,32,4,5,32,4,1,16
"dot/dot_uint8_int8_int32_5x32x4_1x16x4_avx512vnni/32/160/real_time",1822300,76.9538,76.7363,ns,,,"5x32x160",,,4,5,32,160,5,32,4,1,16
"dot/dot_uint8_int8_int32_5x32x4_1x16x4_avx512vnni/32/320/real_time",981161,143.184,142.77,ns,,,"5x32x320",,,4,5,32,320,5,32,4,1,16
"dot/dot_uint8_int8_int32_5x32x4_1x16x4_avx512vnni/32/480/real_time",676360,207.32,206.742,ns,,,"5x32x480",,,4,5,32,480,5,32,4,1,16
"dot/dot_uint8_int8_int32_5x32x4_1x16x4_avx512vnni/32/644/real_time",504861,276.221,275.482,ns,,,"5x32x644",,,4,5,32,644,5,32,4,1,16
"dot/dot_uint8_int8_int32_5x32x4_1x16x4_avx512vnni/64/4/real_time",8170747,17.1554,17.1057,ns,,,"5x64x4",,,4,5,32,4,5,64,4,1,16
"dot/dot_uint8_int8_int32_5x32x4_1x16x4_avx512vnni/64/84/real_time",1806325,77.5708,77.3364,ns,,,"5x64x84",,,4,5,32,84,5,64,4,1,16
"dot/dot_uint8_int8_int32_5x32x4_1x16x4_avx512vnni/64/168/real_time",924745,151.347,150.98,ns,,,"5x64x168",,,4,5,32,168,5,64,4,1,16
"dot/dot_uint8_int8_int32_5x32x4_1x16x4_avx512vnni/64/252/real_time",636768,219.732,219.077,ns,,,"5x64x252",,,4,5,32,252,5,64,4,1,16
"dot/dot_uint8_int8_int32_5x32x4_1x16x4_avx512vnni/64/336/real_time",487122,287.763,286.917,ns,,,"5x64x336",,,4,5,32,336,5,64,4,1,16
"dot/dot_uint8_int8_int32_5x32x4_1x16x4_avx512vnni/128/4/real_time",4957504,28.2607,28.1812,ns,,,"5x128x4",,,4,5,32,4,5,128,4,1,16
"dot/dot_uint8_int8_int32_5x32x4_1x16x4_avx512vnni/128/40/real_time",1734899,80.9942,80.7918,ns,,,"5x128x40",,,4,5,32,40,5,128,4,1,16
"dot/dot_uint8_int8_int32_5x32x4_1x16x4_avx512vnni/128/80/real_time",982796,142.489,142.108,ns,,,"5x128x80",,,4,5,32,80,5,128,4,1,16
"dot/dot_uint8_int8_int32_5x32x4_1x16x4_avx512vnni/128/120/real_time",642354,218.318,217.721,ns,,,"5x128x120",,,4,5,32,120,5,128,4,1,16
"dot/dot_uint8_int8_int32_5x32x4_1x16x4_avx512vnni/128/164/real_time",480316,289.671,288.813,ns,,,"5x128x164",,,4,5,32,164,5,128,4,1,16
"dot/dot_uint8_int8_int32_5x32x4_1x16x4_avx512vnni/256/4/real_time",2851226,49.3772,49.2535,ns,,,"5x256x4",,,4,5,32,4,5,256,4,1,16
"dot/dot_uint8_int8_int32_5x32x4_1x16x4_avx512vnni/256/16/real_time",1719871,81.5812,81.3365,ns,,,"5x256x16",,,4,5,32,16,5,256,4,1,16
"dot/dot_uint8_int8_int32_5x32x4_1x16x4_avx512vnni/256/36/real_time",991630,142.988,142.404,ns,,,"5x256x36",,,4,5,32,36,5,256,4,1,16
"dot/dot_uint8_int8_int32_5x32x4_1x16x4_avx512vnni/256/52/real_time",738385,188.585,188.008,ns,,,"5x256x52",,,4,5,32,52,5,256,4,1,16
"dot/dot_uint8_int8_int32_5x32x4_1x16x4_avx512vnni/256/72/real_time",555135,252.55,251.828,ns,,,"5x256x72",,,4,5,32,72,5,256,4,1,16
"dot/dot_uint8_int8_int32_6x32x4_1x16x4_avx512vnni/32/4/real_time",10199407,13.2696,13.2326,ns,,,"6x32x4",,,4,6,32,4,6,32,4,1,16
"dot/dot_uint8_int8_int32_6x32x4_1x16x4_avx512vnni/32/156/real_time",1683695,83.1774,82.8807,ns,,,"6x32x156",,,4,6,32,156,6,32,4,1,16
"dot/dot_uint8_int8_int32_6x32x4_1x16x4_avx512vnni/32/312/real_time",896727,156.015,155.381,ns,,,"6x32x312",,,4,6,32,312,6,32,4,1,16
"dot/dot_uint8_int8_int32_6x32x4_1x16x4_avx512vnni/32/468/real_time",615567,227.311,226.148,ns,,,"6x32x468",,,4,6,32,468,6,32,4,1,16
"dot/dot_uint8_int8_int32_6x32x4_1x16x4_avx512vnni/32/624/real_time",469415,298.211,297.083,ns,,,"6x32x624",,,4,6,32,624,6,32,4,1,16
"dot/dot_uint8_int8_int32_6x32x4_1x16x4_avx512vnni/64/4/real_time",7208291,19.3956,19.324,ns,,,"6x64x4",,,4,6,32,4,6,64,4,1,16
"dot/dot_uint8_int8_int32_6x32x4_1x16x4_avx512vnni/64/80/real_time",1526337,88.4364,88.1406,ns,,,"6x64x80",,,4,6,32,80,6,64,4,1,16
"dot/dot_uint8_int8_int32_6x32x4_1x16x4_avx512vnni/64/164/real_time",838209,167.629,166.992,ns,,,"6x64x164",,,4,6,32,164,6,64,4,1,16
"dot/dot_uint8_int8_int32_6x32x4_1x16x4_avx512vnni/64/244/real_time",575665,242.451,241.574,ns,,,"6x64x244",,,4,6,32,244,6,64,4,1,16
"dot/dot_uint8_int8_int32_6x32x4_1x16x4_avx512vnni/64/328/real_time",437600,319.768,318.703,ns,,,"6x64x328",,,4,6,32,328,6,64,4,1,16
"dot/dot_uint8_int8_int32_6x32x4_1x16x4_avx512vnni/128/4/real_time",4291387,32.4715,32.3552,ns,,,"6x128x4",,,4,6,32,4,6,128,4,1,16
"dot/dot_uint8_int8_int32_6x32x4_1x16x4_avx512vnni/128/40/real_time",1441126,98.0355,97.6636,ns,,,"6x128x40",,,4,6,32,40,6,128,4,1,16
"dot/dot_uint8_int8_int32_6x32x4_1x16x4_avx512vnni/128/80/real_time",806523,171.447,169.444,ns,,,"6x128x80",,,4,6,32,80,6,128,4,1,16
"dot/dot_uint8_int8_int32_6x32x4_1x16x4_avx512vnni/128/120/real_time",568211,246.273,245.527,ns,,,"6x128x120",,,4,6,32,120,6,128,4,1,16
"dot/dot_uint8_int8_int32_6x32x4_1x16x4_avx512vnni/128/160/real_time",427149,328.034,326.976,ns,,,"6x128x160",,,4,6,32,160,6,128,4,1,16
"dot/dot_uint8_int8_int32_6x32x4_1x16x4_avx512vnni/256/4/real_time",2465198,56.5635,56.4032,ns,,,"6x256x4",,,4,6,32,4,6,256,4,1,16
"dot/dot_uint8_int8_int32_6x32x4_1x16x4_avx512vnni/256/16/real_time",1482590,94.5957,94.3169,ns,,,"6x256x16",,,4,6,32,16,6,256,4,1,16
"dot/dot_uint8_int8_int32_6x32x4_1x16x4_avx512vnni/256/32/real_time",916503,152.83,152.3,ns,,,"6x256x32",,,4,6,32,32,6,256,4,1,16
"dot/dot_uint8_int8_int32_6x32x4_1x16x4_avx512vnni/256/48/real_time",662668,211.01,210.203,ns,,,"6x256x48",,,4,6,32,48,6,256,4,1,16
"dot/dot_uint8_int8_int32_6x32x4_1x16x4_avx512vnni/256/68/real_time",484421,288.602,287.719,ns,,,"6x256x68",,,4,6,32,68,6,256,4,1,16
"dot/dot_uint8_int8_int32_8x32x4_1x16x4_avx512vnni/32/4/real_time",9607191,14.0785,14.0323,ns,,,"8x32x4",,,4,8,32,4,8,32,4,1,16
"dot/dot_uint8_int8_int32_8x32x4_1x16x4_avx512vnni/32/144/real_time",1484841,94.7393,94.497,ns,,,"8x32x144",,,4,8,32,144,8,32,4,1,16
"dot/dot_uint8_int8_int32_8x32x4_1x16x4_avx512vnni/32/292/real_time",785928,179.92,179.368,ns,,,"8x32x292",,,4,8,32,292,8,32,4,1,16
"dot/dot_uint8_int8_int32_8x32x4_1x16x4_avx512vnni/32/440/real_time",528412,262.977,261.99,ns,,,"8x32x440",,,4,8,32,440,8,32,4,1,16
"dot/dot_uint8_int8_int32_8x32x4_1x16x4_avx512vnni/32/588/real_time",402487,350.8,349.543,ns,,,"8x32x588",,,4,8,32,588,8,32,4,1,16
"dot/dot_uint8_int8_int32_8x32x4_1x16x4_avx512vnni/64/4/real_time",6663829,20.8366,20.7533,ns,,,"8x64x4",,,4,8,32,4,8,64,4,1,16
"dot/dot_uint8_int8_int32_8x32x4_1x16x4_avx512vnni/64/76/real_time",1397575,100.817,100.462,ns,,,"8x64x76",,,4,8,32,76,8,64,4,1,16
"dot/dot_uint8_int8_int32_8x32x4_1x16x4_avx512vnni/64/156/real_time",713489,198.806,198.12,ns,,,"8x64x156",,,4,8,32,156,8,64,4,1,16
"dot/dot_uint8_int8_int32_8x32x4_1x16x4_avx512vnni/64/232/real_time",489569,284.599,283.71,ns,,,"8x64x232",,,4,8,32,232,8,64,4,1,16
"dot/dot_uint8_int8_int32_8x32x4_1x16x4_avx512vnni/64/312/real_time",374872,374.726,373.676,ns,,,"8x64x312",,,4,8,32,312,8,64,4,1,16
"dot/dot_uint8_int8_int32_8x32x4_1x16x4_avx512vnni/128/4/real_time",4341317,32.1708,32.0878,ns,,,"8x128x4",,,4,8,32,4,8,128,4,1,16
"dot/dot_uint8_int8_int32_8x32x4_1x16x4_avx512vnni/128/36/real_time",1308237,106.613,106.277,ns,,,"8x128x36",,,4,8,32,36,8,128,4,1,16
"dot/dot_uint8_int8_int32_8x32x4_1x16x4_avx512vnni/128/72/real_time",758282,184.08,183.508,ns,,,"8x128x72",,,4,8,32,72,8,128,4,1,16
"dot/dot_uint8_int8_int32_8x32x4_1x16x4_avx512vnni/128/108/real_time",508751,274.518,273.763,ns,,,"8x128x108",,,4,8,32,108,8,128,4,1,16
"dot/dot_uint8_int8_int32_8x32x4_1x16x4_avx512vnni/128/148/real_time",376246,368.929,367.872,ns,,,"8x128x148",,,4,8,32,148,8,128,4,1,16
"dot/dot_uint8_int8_int32_8x32x4_1x16x4_avx512vnni/256/4/real_time",2473818,56.7905,56.6298,ns,,,"8x256x4",,,4,8,32,4,8,256,4,1,16
"dot/dot_uint8_int8_int32_8x32x4_1x16x4_avx512vnni/256/12/real_time",1490479,94.0031,93.7414,ns,,,"8x256x12",,,4,8,32,12,8,256,4,1,16
"dot/dot_uint8_int8_int32_8x32x4_1x16x4_avx512vnni/256/28/real_time",803882,174.186,173.601,ns,,,"8x256x28",,,4,8,32,28,8,256,4,1,16
"dot/dot_uint8_int8_int32_8x32x4_1x16x4_avx512vnni/256/44/real_time",569614,246.094,245.468,ns,,,"8x256x44",,,4,8,32,44,8,256,4,1,16
"dot/dot_uint8_int8_int32_8x32x4_1x16x4_avx512vnni/256/60/real_time",443181,318.297,316.629,ns,,,"8x256x60",,,4,8,32,60,8,256,4,1,16
"dot/dot_uint8_int8_int32_10x32x4_1x16x4_avx512vnni/32/4/real_time",8594174,15.9022,15.8504,ns,,,"10x32x4",,,4,10,32,4,10,32,4,1,16
"dot/dot_uint8_int8_int32_10x32x4_1x16x4_avx512vnni/32/136/real_time",1235462,113.328,112.917,ns,,,"10x32x136",,,4,10,32,136,10,32,4,1,16
"dot/dot_uint8_int8_int32_10x32x4_1x16x4_avx512vnni/32/276/real_time",655310,213.459,212.822,ns,,,"10x32x276",,,4,10,32,276,10,32,4,1,16
"dot/dot_uint8_int8_int32_10x32x4_1x16x4_avx512vnni/32/412/real_time",446193,313.695,312.666,ns,,,"10x32x412",,,4,10,32,412,10,32,4,1,16
"dot/dot_uint8_int8_int32_10x32x4_1x16x4_avx512vnni/32/552/real_time",340197,411.602,410.408,ns,,,"10x32x552",,,4,10,32,552,10,32,4,1,16
"dot/dot_uint8_int8_int32_10x32x4_1x16x4_avx512vnni/64/4/real_time",5780671,24.3106,24.2373,ns,,,"10x64x4",,,4,10,32,4,10,64,4,1,16
"dot/dot_uint8_int8_int32_10x32x4_1x16x4_avx512vnni/64/72/real_time",1130539,123.755,123.402,ns,,,"10x64x72",,,4,10,32,72,10,64,4,1,16
"dot/dot_uint8_int8_int32_10x32x4_1x16x4_avx512vnni/64/148/real_time",601037,232.287,231.652,ns,,,"10x64x148",,,4,10,32,148,10,64,4,1,16
"dot/dot_uint8_int8_int32_10x32x4_1x16x4_avx512vnni/64/220/real_time",408907,342.251,341.387,ns,,,"10x64x220",,,4,10,32,220,10,64,4,1,16
"dot/dot_uint8_int8_int32_10x32x4_1x16x4_avx512vnni/64/296/real_time",312367,448.038,446.412,ns,,,"10x64x296",,,4,10,32,296,10,64,4,1,16
"dot/dot_uint8_int8_int32_10x32x4_1x16x4_avx512vnni/128/4/real_time",3610879,38.7274,38.6116,ns,,,"10x128x4",,,4,10,32,4,10,128,4,1,16
"dot/dot_uint8_int8_int32_10x32x4_1x16x4_avx512vnni/128/32/real_time",1219886,115.166,114.868,ns,,,"10x128x32",,,4,10,32,32,10,128,4,1,16
"dot/dot_uint8_int8_int32_10x32x4_1x16x4_avx512vnni/128/68/real_time",616154,214.891,214.286,ns,,,"10x128x68",,,4,10,32,68,10,128,4,1,16
"dot/dot_uint8_int8_int32_10x32x4_1x16x4_avx512vnni/128/104/real_time",418110,333.705,332.767,ns,,,"10x128x104",,,4,10,32,104,10,128,4,1,16
"dot/dot_uint8_int8_int32_10x32x4_1x16x4_avx512vnni/128/140/real_time",319233,437.786,436.361,ns,,,"10x128x140",,,4,10,32,140,10,128,4,1,16
"dot/dot_uint8_int8_int32_10x32x4_1x16x4_avx512vnni/256/4/real_time",2055597,67.9499,67.7477,ns,,,"10x256x4",,,4,10,32,4,10,256,4,1,16
"dot/dot_uint8_int8_int32_10x32x4_1x16x4_avx512vnni/256/12/real_time",1270761,110.429,110.051,ns,,,"10x256x12",,,4,10,32,12,10,256,4,1,16
"dot/dot_uint8_int8_int32_10x32x4_1x16x4_avx512vnni/256/24/real_time",753132,186.473,185.841,ns,,,"10x256x24",,,4,10,32,24,10,256,4,1,16
"dot/dot_uint8_int8_int32_10x32x4_1x16x4_avx512vnni/256/36/real_time",582460,239.777,239.035,ns,,,"10x256x36",,,4,10,32,36,10,256,4,1,16
"dot/dot_uint8_int8_int32_10x32x4_1x16x4_avx512vnni/256/52/real_time",425716,328.955,327.954,ns,,,"10x256x52",,,4,10,32,52,10,256,4,1,16
"dot/dot_uint8_int8_int32_16x16x4_1x16x4_avx512vnni/16/4/real_time",5663177,24.5939,24.5183,ns,,,"16x16x4",,,4,16,16,4,16,16,4,1,16
"dot/dot_uint8_int8_int32_16x16x4_1x16x4_avx512vnni/16/184/real_time",948233,148.291,147.821,ns,,,"16x16x184",,,4,16,16,184,16,16,4,1,16
"dot/dot_uint8_int8_int32_16x16x4_1x16x4_avx512vnni/16/368/real_time",521719,268.363,267.613,ns,,,"16x16x368",,,4,16,16,368,16,16,4,1,16
"dot/dot_uint8_int8_int32_16x16x4_1x16x4_avx512vnni/16/552/real_time",351790,398.851,397.636,ns,,,"16x16x552",,,4,16,16,552,16,16,4,1,16
"dot/dot_uint8_int8_int32_16x16x4_1x16x4_avx512vnni/16/736/real_time",267243,531.009,529.553,ns,,,"16x16x736",,,4,16,16,736,16,16,4,1,16
"dot/dot_uint8_int8_int32_16x16x4_1x16x4_avx512vnni/32/4/real_time",4760855,29.167,29.0791,ns,,,"16x32x4",,,4,16,16,4,16,32,4,1,16
"dot/dot_uint8_int8_int32_16x16x4_1x16x4_avx512vnni/32/116/real_time",747666,188.367,187.732,ns,,,"16x32x116",,,4,16,16,116,16,32,4,1,16
"dot/dot_uint8_int8_int32_16x16x4_1x16x4_avx512vnni/32/232/real_time",408718,340.499,339.667,ns,,,"16x32x232",,,4,16,16,232,16,32,4,1,16
"dot/dot_uint8_int8_int32_16x16x4_1x16x4_avx512vnni/32/348/real_time",282214,494.063,492.6,ns,,,"16x32x348",,,4,16,16,348,16,32,4,1,16
"dot/dot_uint8_int8_int32_16x16x4_1x16x4_avx512vnni/32/468/real_time",211920,660.985,658.894,ns,,,"16x32x468",,,4,16,16,468,16,32,4,1,16
"dot/dot_uint8_int8_int32_16x16x4_1x16x4_avx512vnni/64/4/real_time",3244164,43.1817,43.0704,ns,,,"16x64x4",,,4,16,16,4,16,64,4,1,16
"dot/dot_uint8_int8_int32_16x16x4_1x16x4_avx512vnni/64/64/real_time",631467,221.047,220.461,ns,,,"16x64x64",,,4,16,16,64,16,64,4,1,16
"dot/dot_uint8_int8_int32_16x16x4_1x16x4_avx512vnni/64/128/real_time",345110,404.439,403.258,ns,,,"16x64x128",,,4,16,16,128,16,64,4,1,16
"dot/dot_uint8_int8_int32_16x16x4_1x16x4_avx512vnni/64/192/real_time",240774,580.882,579.436,ns,,,"16x64x192",,,4,16,16,192,16,64,4,1,16
"dot/dot_uint8_int8_int32_16x16x4_1x16x4_avx512vnni/64/256/real_time",180571,772.763,770.298,ns,,,"16x64x256",,,4,16,16,256,16,64,4,1,16
"dot/dot_uint8_int8_int32_16x16x4_1x16x4_avx512vnni/128/4/real_time",2000648,69.8631,69.6611,ns,,,"16x128x4",,,4,16,16,4,16,128,4,1,16
"dot/dot_uint8_int8_int32_16x16x4_1x16x4_avx512vnni/128/28/real_time",644225,217.485,216.828,ns,,,"16x128x28",,,4,16,16,28,16,128,4,1,16
"dot/dot_uint8_int8_int32_16x16x4_1x16x4_avx512vnni/128/56/real_time",389036,359.644,358.457,ns,,,"16x128x56",,,4,16,16,56,16,128,4,1,16
"dot/dot_uint8_int8_int32_16x16x4_1x16x4_avx512vnni/128/84/real_time",271371,515.223,514.023,ns,,,"16x128x84",,,4,16,16,84,16,128,4,1,16
"dot/dot_uint8_int8_int32_16x16x4_1x16x4_avx512vnni/128/112/real_time",205447,681.604,679.521,ns,,,"16x128x112",,,4,16,16,112,16,128,4,1,16
"dot/dot_uint8_int8_int32_4x8x16_1x4x16_avx512vnni/8/16/real_time",10895673,12.7622,12.7247,ns,,,"4x8x16",,,16,4,8,16,4,8,16,1,4
"dot/dot_uint8_int8_int32_4x8x16_1x4x16_avx512vnni/8/496/real_time",2601205,54.0645,53.9404,ns,,,"4x8x496",,,16,4,8,496,4,8,16,1,4
"dot/dot_uint8_int8_int32_4x8x16_1x4x16_avx512vnni/8/1008/real_time",1363817,102.251,101.929,ns,,,"4x8x1008",,,16,4,8,1008,4,8,16,1,4
"dot/dot_uint8_int8_int32_4x8x16_1x4x16_avx512vnni/8/1520/real_time",958978,147.432,147.006,ns,,,"4x8x1520",,,16,4,8,1520,4,8,16,1,4
"dot/dot_uint8_int8_int32_4x8x16_1x4x16_avx512vnni/8/2032/real_time",725865,193.183,192.678,ns,,,"4x8x2032",,,16,4,8,2032,4,8,16,1,4
"dot/dot_uint8_int8_int32_4x8x16_1x4x16_avx512vnni/16/16/real_time",7542389,18.5589,18.5052,ns,,,"4x16x16",,,16,4,8,16,4,16,16,1,4
"dot/dot_uint8_int8_int32_4x8x16_1x4x16_avx512vnni/16/304/real_time",2026214,69.0619,68.8377,ns,,,"4x16x304",,,16,4,8,304,4,16,16,1,4
"dot/dot_uint8_int8_int32_4x8x16_1x4x16_avx512vnni/16/608/real_time",1134998,124.017,123.664,ns,,,"4x16x608",,,16,4,8,608,4,16,16,1,4
"dot/dot_uint8_int8_int32_4x8x16_1x4x16_avx512vnni/16/912/real_time",766961,180.624,180.033,ns,,,"4x16x912",,,16,4,8,912,4,16,16,1,4
"dot/dot_uint8_int8_int32_4x8x16_1x4x16_avx512vnni/16/1216/real_time",595347,236.188,235.505,ns,,,"4x16x1216",,,16,4,8,1216,4,16,16,1,4
"dot/dot_uint8_int8_int32_4x8x16_1x4x16_avx512vnni/32/16/real_time",4476295,31.6222,31.5295,ns,,,"4x32x16",,,16,4,8,16,4,32,16,1,4
"dot/dot_uint8_int8_int32_4x8x16_1x4x16_avx512vnni/32/160/real_time",1807913,77.5154,77.2666,ns,,,"4x32x160",,,16,4,8,160,4,32,16,1,4
"dot/dot_uint8_int8_int32_4x8x16_1x4x16_avx512vnni/32/320/real_time",1015625,138.391,137.996,ns,,,"4x32x320",,,16,4,8,320,4,32,16,1,4
"dot/dot_uint8_int8_int32_4x8x16_1x4x16_avx512vnni/32/480/real_time",716186,194.983,194.383,ns,,,"4x32x480",,,16,4,8,480,4,32,16,1,4
"dot/dot_uint8_int8_int32_4x8x16_1x4x16_avx512vnni/32/656/real_time",531708,262.561,261.773,ns,,,"4x32x656",,,16,4,8,656,4,32,16,1,4
"dot/dot_uint8_int8_int32_4x8x16_1x4x16_avx512vnni/64/16/real_time",2540976,55.2524,55.096,ns,,,"4x64x16",,,16,4,8,16,4,64,16,1,4
"dot/dot_uint8_int8_int32_4x8x16_1x4x16_avx512vnni/64/80/real_time",1482419,94.6318,94.3224,ns,,,"4x64x80",,,16,4,8,80,4,64,16,1,4
"dot/dot_uint8_int8_int32_4x8x16_1x4x16_avx512vnni/64/160/real_time",909616,152.213,151.717,ns,,,"4x64x160",,,16,4,8,160,4,64,16,1,4
"dot/dot_uint8_int8_int32_4x8x16_1x4x16_avx512vnni/64/240/real_time",656665,212.625,211.962,ns,,,"4x64x240",,,16,4,8,240,4,64,16,1,4
"dot/dot_uint8_int8_int32_4x8x16_1x4x16_avx512vnni/64/336/real_time",510676,274.2,273.326,ns,,,"4x64x336",,,16,4,8,336,4,64,16,1,4
"dot/dot_uint8_int8_int32_8x8x16_1x4x16_avx512vnni/8/16/real_time",8159686,17.2029,17.1473,ns,,,"8x8x16",,,16,8,8,16,8,8,16,1,4
"dot/dot_uint8_int8_int32_8x8x16_1x4x16_avx512vnni/8/368/real_time",2126455,65.9784,65.7225,ns,,,"8x8x368",,,16,8,8,368,8,8,16,1,4
"dot/dot_uint8_int8_int32_8x8x16_1x4x16_avx512vnni/8/752/real_time",1134338,124.696,124.229,ns,,,"8x8x752",,,16,8,8,752,8,8,16,1,4
"dot/dot_uint8_int8_int32_8x8x16_1x4x16_avx512vnni/8/1136/real_time",782683,179.859,179.288,ns,,,"8x8x1136",,,16,8,8,1136,8,8,16,1,4
"dot/dot_uint8_int8_int32_8x8x16_1x4x16_avx512vnni/8/1520/real_time",595959,233.552,232.885,ns,,,"8x8x1520",,,16,8,8,1520,8,8,16,1,4
"dot/dot_uint8_int8_int32_8x8x16_1x4x16_avx512vnni/16/16/real_time",5469042,25.6341,25.5326,ns,,,"8x16x16",,,16,8,8,16,8,16,16,1,4
"dot/dot_uint8_int8_int32_8x8x16_1x4x16_avx512vnni/16/240/real_time",1557969,89.6222,89.3523,ns,,,"8x16x240",,,16,8,8,240,8,16,16,1,4
"dot/dot_uint8_int8_int32_8x8x16_1x4x16_avx512vnni/16/496/real_time",830700,168.907,168.368,ns,,,"8x16x496",,,16,8,8,496,8,16,16,1,4
"dot/dot_uint8_int8_int32_8x8x16_1x4x16_avx512vnni/16/736/real_time",591060,236.488,235.737,ns,,,"8x16x736",,,16,8,8,736,8,16,16,1,4
"dot/dot_uint8_int8_int32_8x8x16_1x4x16_avx512vnni/16/992/real_time",449912,310.689,309.703,ns,,,"8x16x992",,,16,8,8,992,8,16,16,1,4
"dot/dot_uint8_int8_int32_8x8x16_1x4x16_avx512vnni/32/16/real_time",3163633,44.3213,44.1812,ns,,,"8x32x16",,,16,8,8,16,8,32,16,1,4
"dot/dot_uint8_int8_int32_8x8x16_1x4x16_avx512vnni/32/144/real_time",1124217,125.025,124.519,ns,,,"8x32x144",,,16,8,8,144,8,32,16,1,4
"dot/dot_uint8_int8_int32_8x8x16_1x4x16_avx512vnni/32/288/real_time",696595,200.961,200.167,ns,,,"8x32x288",,,16,8,8,288,8,32,16,1,4
"dot/dot_uint8_int8_int32_8x8x16_1x4x16_avx512vnni/32/432/real_time",473163,291.545,290.661,ns,,,"8x32x432",,,16,8,8,432,8,32,16,1,4
"dot/dot_uint8_int8_int32_8x8x16_1x4x16_avx512vnni/32/576/real_time",371418,376.507,375.342,ns,,,"8x32x576",,,16,8,8,576,8,32,16,1,4
"dot/dot_uint8_int8_int32_8x8x16_1x4x16_avx512vnni/64/16/real_time",1660034,84.8468,84.616,ns,,,"8x64x16",,,16,8,8,16,8,64,16,1,4
"dot/dot_uint8_int8_int32_8x8x16_1x4x16_avx512vnni/64/64/real_time",1011055,139.001,138.44,ns,,,"8x64x64",,,16,8,8,64,8,64,16,1,4
"dot/dot_uint8_int8_int32_8x8x16_1x4x16_avx512vnni/64/144/real_time",575841,243.217,242.263,ns,,,"8x64x144",,,16,8,8,144,8,64,16,1,4
"dot/dot_uint8_int8_int32_8x8x16_1x4x16_avx512vnni/64/224/real_time",434501,322.163,321.147,ns,,,"8x64x224",,,16,8,8,224,8,64,16,1,4
"dot/dot_uint8_int8_int32_8x8x16_1x4x16_avx512vnni/64/304/real_time",340754,412.362,411.116,ns,,,"8x64x304",,,16,8,8,304,8,64,16,1,4
"dot/dot_uint8_int8_int32_4x4x16_1x4x16_avx512vnni/4/16/real_time",13374546,10.0917,10.0555,ns,,,"4x4x16",,,16,4,4,16,4,4,16,1,4
"dot/dot_uint8_int8_int32_4x4x16_1x4x16_avx512vnni/4/752/real_time",2228354,63.2295,63.0007,ns,,,"4x4x752",,,16,4,4,752,4,4,16,1,4
"dot/dot_uint8_int8_int32_4x4x16_1x4x16_avx512vnni/4/1520/real_time",1101755,126.566,126.161,ns,,,"4x4x1520",,,16,4,4,1520,4,4,16,1,4
"dot/dot_uint8_int8_int32_4x4x16_1x4x16_avx512vnni/4/2288/real_time",734015,190.024,189.471,ns,,,"4x4x2288",,,16,4,4,2288,4,4,16,1,4
"dot/dot_uint8_int8_int32_4x4x16_1x4x16_avx512vnni/4/3056/real_time",552418,254.05,253.421,ns,,,"4x4x3056",,,16,4,4,3056,4,4,16,1,4
"dot/dot_uint8_int8_int32_4x4x16_1x4x16_avx512vnni/8/16/real_time",9348844,14.9096,14.8658,ns,,,"4x8x16",,,16,4,4,16,4,8,16,1,4
"dot/dot_uint8_int8_int32_4x4x16_1x4x16_avx512vnni/8/496/real_time",1902722,73.5938,73.3622,ns,,,"4x8x496",,,16,4,4,496,4,8,16,1,4
"dot/dot_uint8_int8_int32_4x4x16_1x4x16_avx512vnni/8/1008/real_time",859166,163.222,162.716,ns,,,"4x8x1008",,,16,4,4,1008,4,8,16,1,4
"dot/dot_uint8_int8_int32_4x4x16_1x4x16_avx512vnni/8/1520/real_time",564574,248.101,247.387,ns,,,"4x8x1520",,,16,4,4,1520,4,8,16,1,4
"dot/dot_uint8_int8_int32_4x4x16_1x4x16_avx512vnni/8/2032/real_time",420008,333.44,332.476,ns,,,"4x8x2032",,,16,4,4,2032,4,8,16,1,4
"dot/dot_uint8_int8_int32_4x4x16_1x4x16_avx512vnni/16/16/real_time",5987486,23.2736,23.2085,ns,,,"4x16x16",,,16,4,4,16,4,16,16,1,4
"dot/dot_uint8_int8_int32_4x4x16_1x4x16_avx512vnni/16/304/real_time",1534469,91.074,90.8158,ns,,,"4x16x304",,,16,4,4,304,4,16,16,1,4
"dot/dot_uint8_int8_int32_4x4x16_1x4x16_avx512vnni/16/608/real_time",780403,179.221,178.742,ns,,,"4x16x608",,,16,4,4,608,4,16,16,1,4
"dot/dot_uint8_int8_int32_4x4x16_1x4x16_avx512vnni/16/912/real_time",491927,284.8,283.964,ns,,,"4x16x912",,,16,4,4,912,4,16,16,1,4
"dot/dot_uint8_int8_int32_4x4x16_1x4x16_avx512vnni/16/1216/real_time",359841,388.89,387.899,ns,,,"4x16x1216",,,16,4,4,1216,4,16,16,1,4
"dot/dot_uint8_int8_int32_4x4x16_1x4x16_avx512vnni/32/16/real_time",3478249,40.2594,40.1424,ns,,,"4x32x16",,,16,4,4,16,4,32,16,1,4
"dot/dot_uint8_int8_int32_4x4x16_1x4x16_avx512vnni/32/160/real_time",1399564,100.552,100.282,ns,,,"4x32x160",,,16,4,4,160,4,32,16,1,4
"dot/dot_uint8_int8_int32_4x4x16_1x4x16_avx512vnni/32/320/real_time",740862,189.052,188.552,ns,,,"4x32x320",,,16,4,4,320,4,32,16,1,4
"dot/dot_uint8_int8_int32_4x4x16_1x4x16_avx512vnni/32/480/real_time",517221,270.677,269.983,ns,,,"4x32x480",,,16,4,4,480,4,32,16,1,4
"dot/dot_uint8_int8_int32_4x4x16_1x4x16_avx512vnni/32/656/real_time",352690,397.47,396.23,ns,,,"4x32x656",,,16,4,4,656,4,32,16,1,4
"dot/dot_uint8_int8_int32_8x4x16_1x4x16_avx512vnni/4/16/real_time",10292301,13.4731,13.4368,ns,,,"8x4x16",,,16,8,4,16,8,4,16,1,4
"dot/dot_uint8_int8_int32_8x4x16_1x4x16_avx512vnni/4/496/real_time",2415700,57.8528,57.6944,ns,,,"8x4x496",,,16,8,4,496,8,4,16,1,4
"dot/dot_uint8_int8_int32_8x4x16_1x4x16_avx512vnni/4/1008/real_time",1325052,106.532,106.169,ns,,,"8x4x1008",,,16,8,4,1008,8,4,16,1,4
"dot/dot_uint8_int8_int32_8x4x16_1x4x16_avx512vnni/4/1520/real_time",906555,154.825,154.438,ns,,,"8x4x1520",,,16,8,4,1520,8,4,16,1,4
"dot/dot_uint8_int8_int32_8x4x16_1x4x16_avx512vnni/4/2032/real_time",690654,202.83,202.236,ns,,,"8x4x2032",,,16,8,4,2032,8,4,16,1,4
"dot/dot_uint8_int8_int32_8x4x16_1x4x16_avx512vnni/8/16/real_time",7350560,19.0543,19.0017,ns,,,"8x8x16",,,16,8,4,16,8,8,16,1,4
"dot/dot_uint8_int8_int32_8x4x16_1x4x16_avx512vnni/8/368/real_time",1634852,85.444,85.1894,ns,,,"8x8x368",,,16,8,4,368,8,8,16,1,4
"dot/dot_uint8_int8_int32_8x4x16_1x4x16_avx512vnni/8/752/real_time",896578,156.593,156.106,ns,,,"8x8x752",,,16,8,4,752,8,8,16,1,4
"dot/dot_uint8_int8_int32_8x4x16_1x4x16_avx512vnni/8/1136/real_time",609645,229.36,228.7,ns,,,"8x8x1136",,,16,8,4,1136,8,8,16,1,4
"dot/dot_uint8_int8_int32_8x4x16_1x4x16_avx512vnni/8/1520/real_time",462949,301.256,300.476,ns,,,"8x8x1520",,,16,8,4,1520,8,8,16,1,4
"dot/dot_uint8_int8_int32_8x4x16_1x4x16_avx512vnni/16/16/real_time",4509850,30.9786,30.9037,ns,,,"8x16x16",,,16,8,4,16,8,16,16,1,4
"dot/dot_uint8_int8_int32_8x4x16_1x4x16_avx512vnni/16/240/real_time",1250232,112.108,111.778,ns,,,"8x16x240",,,16,8,4,240,8,16,16,1,4
"dot/dot_uint8_int8_int32_8x4x16_1x4x16_avx512vnni/16/496/real_time",666533,208.274,207.695,ns,,,"8x16x496",,,16,8,4,496,8,16,16,1,4
"dot/dot_uint8_int8_int32_8x4x16_1x4x16_avx512vnni/16/736/real_time",466836,299.298,298.275,ns,,,"8x16x736",,,16,8,4,736,8,16,16,1,4
"dot/dot_uint8_int8_int32_8x4x16_1x4x16_avx512vnni/16/992/real_time",352997,396.298,395.141,ns,,,"8x16x992",,,16,8,4,992,8,16,16,1,4
"dot/dot_uint8_int8_int32_8x4x16_1x4x16_avx512vnni/32/16/real_time",2717794,51.4561,51.3422,ns,,,"8x32x16",,,16,8,4,16,8,32,16,1,4
"dot/dot_uint8_int8_int32_8x4x16_1x4x16_avx512vnni/32/144/real_time",937382,149.598,149.183,ns,,,"8x32x144",,,16,8,4,144,8,32,16,1,4
"dot/dot_uint8_int8_int32_8x4x16_1x4x16_avx512vnni/32/288/real_time",546237,256.709,255.994,ns,,,"8x32x288",,,16,8,4,288,8,32,16,1,4
"dot/dot_uint8_int8_int32_8x4x16_1x4x16_avx512vnni/32/432/real_time",383178,368.869,367.75,ns,,,"8x32x432",,,16,8,4,432,8,32,16,1,4
"dot/dot_uint8_int8_int32_8x4x16_1x4x16_avx512vnni/32/576/real_time",286514,491.814,490.523,ns,,,"8x32x576",,,16,8,4,576,8,32,16,1,4
"dot/dot_uint8_int2_int32_1x32x16_1x8x16_avxvnni/32/16/real_time",13055215,10.6213,10.5943,ns,,,"1x32x16",,,16,1,32,16,1,32,16,1,8
"dot/dot_uint8_int2_int32_1x32x16_1x8x16_avxvnni/32/672/real_time",693342,201.015,200.519,ns,,,"1x32x672",,,16,1,32,672,1,32,16,1,8
"dot/dot_uint8_int2_int32_1x32x16_1x8x16_avxvnni/32/1344/real_time",348442,401.485,400.453,ns,,,"1x32x1344",,,16,1,32,1344,1,32,16,1,8
"dot/dot_uint8_int2_int32_1x32x16_1x8x16_avxvnni/32/2016/real_time",231869,602.865,601.465,ns,,,"1x32x2016",,,16,1,32,2016,1,32,16,1,8
"dot/dot_uint8_int2_int32_1x32x16_1x8x16_avxvnni/32/2704/real_time",173209,808.138,806.327,ns,,,"1x32x2704",,,16,1,32,2704,1,32,16,1,8
"dot/dot_uint8_int2_int32_1x32x16_1x8x16_avxvnni/64/16/real_time",8742276,15.998,15.946,ns,,,"1x64x16",,,16,1,32,16,1,64,16,1,8
"dot/dot_uint8_int2_int32_1x32x16_1x8x16_avxvnni/64/352/real_time",677889,207.251,206.767,ns,,,"1x64x352",,,16,1,32,352,1,64,16,1,8
"dot/dot_uint8_int2_int32_1x32x16_1x8x16_avxvnni/64/704/real_time",336637,417.177,415.94,ns,,,"1x64x704",,,16,1,32,704,1,64,16,1,8
"dot/dot_uint8_int2_int32_1x32x16_1x8x16_avxvnni/64/1056/real_time",223339,627.745,626.173,ns,,,"1x64x1056",,,16,1,32,1056,1,64,16,1,8
"dot/dot_uint8_int2_int32_1x32x16_1x8x16_avxvnni/64/1424/real_time",165189,847.409,845.412,ns,,,"1x64x1424",,,16,1,32,1424,1,64,16,1,8
"dot/dot_uint8_int2_int32_1x32x16_1x8x16_avxvnni/128/16/real_time",5305777,26.3438,26.2714,ns,,,"1x128x16",,,16,1,32,16,1,128,16,1,8
"dot/dot_uint8_int2_int32_1x32x16_1x8x16_avxvnni/128/176/real_time",730605,190.287,189.85,ns,,,"1x128x176",,,16,1,32,176,1,128,16,1,8
"dot/dot_uint8_int2_int32_1x32x16_1x8x16_avxvnni/128/352/real_time",342314,410.455,409.435,ns,,,"1x128x352",,,16,1,32,352,1,128,16,1,8
"dot/dot_uint8_int2_int32_1x32x16_1x8x16_avxvnni/128/528/real_time",225928,621.09,619.51,ns,,,"1x128x528",,,16,1,32,528,1,128,16,1,8
"dot/dot_uint8_int2_int32_1x32x16_1x8x16_avxvnni/128/720/real_time",164414,850.95,848.929,ns,,,"1x128x720",,,16,1,32,720,1,128,16,1,8
"dot/dot_uint8_int2_int32_1x32x16_1x8x16_avxvnni/256/16/real_time",2970619,47.1237,46.999,ns,,,"1x256x16",,,16,1,32,16,1,256,16,1,8
"dot/dot_uint8_int2_int32_1x32x16_1x8x16_avxvnni/256/80/real_time",796059,175.637,175.205,ns,,,"1x256x80",,,16,1,32,80,1,256,16,1,8
"dot/dot_uint8_int2_int32_1x32x16_1x8x16_avxvnni/256/176/real_time",371609,376.605,375.788,ns,,,"1x256x176",,,16,1,32,176,1,256,16,1,8
"dot/dot_uint8_int2_int32_1x32x16_1x8x16_avxvnni/256/256/real_time",247341,565.891,564.434,ns,,,"1x256x256",,,16,1,32,256,1,256,16,1,8
"dot/dot_uint8_int2_int32_1x32x16_1x8x16_avxvnni/256/352/real_time",171277,818.014,816.192,ns,,,"1x256x352",,,16,1,32,352,1,256,16,1,8
"dot/dot_uint8_int2_int32_2x16x16_1x8x16_avxvnni/16/16/real_time",12749131,10.9185,10.8887,ns,,,"2x16x16",,,16,2,16,16,2,16,16,1,8
"dot/dot_uint8_int2_int32_2x16x16_1x8x16_avxvnni/16/1008/real_time",467903,298.428,297.69,ns,,,"2x16x1008",,,16,2,16,1008,2,16,16,1,8
"dot/dot_uint8_int2_int32_2x16x16_1x8x16_avxvnni/16/2032/real_time",231313,605.278,603.828,ns,,,"2x16x2032",,,16,2,16,2032,2,16,16,1,8
"dot/dot_uint8_int2_int32_2x16x16_1x8x16_avxvnni/16/3040/real_time",154577,906.193,904.031,ns,,,"2x16x3040",,,16,2,16,3040,2,16,16,1,8
"dot/dot_uint8_int2_int32_2x16x16_1x8x16_avxvnni/16/4064/real_time",115273,1214.27,1211.51,ns,,,"2x16x4064",,,16,2,16,4064,2,16,16,1,8
"dot/dot_uint8_int2_int32_2x16x16_1x8x16_avxvnni/32/16/real_time",9056627,15.4887,15.4496,ns,,,"2x32x16",,,16,2,16,16,2,32,16,1,8
"dot/dot_uint8_int2_int32_2x16x16_1x8x16_avxvnni/32/608/real_time",393986,355.512,354.572,ns,,,"2x32x608",,,16,2,16,608,2,32,16,1,8
"dot/dot_uint8_int2_int32_2x16x16_1x8x16_avxvnni/32/1216/real_time",194398,719.332,717.576,ns,,,"2x32x1216",,,16,2,16,1216,2,32,16,1,8
"dot/dot_uint8_int2_int32_2x16x16_1x8x16_avxvnni/32/1824/real_time",129245,1083.6,1080.85,ns,,,"2x32x1824",,,16,2,16,1824,2,32,16,1,8
"dot/dot_uint8_int2_int32_2x16x16_1x8x16_avxvnni/32/2432/real_time",96496,1448.32,1444.19,ns,,,"2x32x2432",,,16,2,16,2432,2,32,16,1,8
"dot/dot_uint8_int2_int32_2x16x16_1x8x16_avxvnni/64/16/real_time",5644589,24.6716,24.6082,ns,,,"2x64x16",,,16,2,16,16,2,64,16,1,8
"dot/dot_uint8_int2_int32_2x16x16_1x8x16_avxvnni/64/320/real_time",394337,354.62,353.517,ns,,,"2x64x320",,,16,2,16,320,2,64,16,1,8
"dot/dot_uint8_int2_int32_2x16x16_1x8x16_avxvnni/64/656/real_time",183350,763.557,761.706,ns,,,"2x64x656",,,16,2,16,656,2,64,16,1,8
"dot/dot_uint8_int2_int32_2x16x16_1x8x16_avxvnni/64/992/real_time",120721,1164.68,1162.17,ns,,,"2x64x992",,,16,2,16,992,2,64,16,1,8
"dot/dot_uint8_int2_int32_2x16x16_1x8x16_avxvnni/64/1328/real_time",89102,1572.68,1568.4,ns,,,"2x64x1328",,,16,2,16,1328,2,64,16,1,8
"dot/dot_uint8_int2_int32_2x16x16_1x8x16_avxvnni/128/16/real_time",3192842,43.626,43.5046,ns,,,"2x128x16",,,16,2,16,16,2,128,16,1,8
"dot/dot_uint8_int2_int32_2x16x16_1x8x16_avxvnni/128/160/real_time",447092,313.162,312.401,ns,,,"2x128x160",,,16,2,16,160,2,128,16,1,8
"dot/dot_uint8_int2_int32_2x16x16_1x8x16_avxvnni/128/336/real_time",184405,753.95,752.059,ns,,,"2x128x336",,,16,2,16,336,2,128,16,1,8
"dot/dot_uint8_int2_int32_2x16x16_1x8x16_avxvnni/128/512/real_time",118217,1182.33,1179.62,ns,,,"2x128x512",,,16,2,16,512,2,128,16,1,8
"dot/dot_uint8_int2_int32_2x16x16_1x8x16_avxvnni/128/688/real_time",87222,1603.99,1599.98,ns,,,"2x128x688",,,16,2,16,688,2,128,16,1,8
"dot/dot_uint8_int2_int32_3x16x16_1x8x16_avxvnni/16/16/real_time",10570880,13.3216,13.2806,ns,,,"3x16x16",,,16,3,16,16,3,16,16,1,8
"dot/dot_uint8_int2_int32_3x16x16_1x8x16_avxvnni/16/864/real_time",516332,271.548,270.874,ns,,,"3x16x864",,,16,3,16,864,3,16,16,1,8
"dot/dot_uint8_int2_int32_3x16x16_1x8x16_avxvnni/16/1728/real_time",259279,539.897,538.623,ns,,,"3x16x1728",,,16,3,16,1728,3,16,16,1,8
"dot/dot_uint8_int2_int32_3x16x16_1x8x16_avxvnni/16/2592/real_time",172971,810.402,808.296,ns,,,"3x16x2592",,,16,3,16,2592,3,16,16,1,8
"dot/dot_uint8_int2_int32_3x16x16_1x8x16_avxvnni/16/3472/real_time",129300,1080.8,1078.41,ns,,,"3x16x3472",,,16,3,16,3472,3,16,16,1,8
"dot/dot_uint8_int2_int32_3x16x16_1x8x16_avxvnni/32/16/real_time",7088357,19.8194,19.764,ns,,,"3x32x16",,,16,3,16,16,3,32,16,1,8
"dot/dot_uint8_int2_int32_3x16x16_1x8x16_avxvnni/32/544/real_time",411951,340.085,339.147,ns,,,"3x32x544",,,16,3,16,544,3,32,16,1,8
"dot/dot_uint8_int2_int32_3x16x16_1x8x16_avxvnni/32/1088/real_time",206262,677.493,675.957,ns,,,"3x32x1088",,,16,3,16,1088,3,32,16,1,8
"dot/dot_uint8_int2_int32_3x16x16_1x8x16_avxvnni/32/1632/real_time",137684,1015.62,1013.03,ns,,,"3x32x1632",,,16,3,16,1632,3,32,16,1,8
"dot/dot_uint8_int2_int32_3x16x16_1x8x16_avxvnni/32/2192/real_time",103041,1364.07,1360.54,ns,,,"3x32x2192",,,16,3,16,2192,3,32,16,1,8
"dot/dot_uint8_int2_int32_3x16x16_1x8x16_avxvnni/64/16/real_time",4195541,33.3109,33.2288,ns,,,"3x64x16",,,16,3,16,16,3,64,16,1,8
"dot/dot_uint8_int2_int32_3x16x16_1x8x16_avxvnni/64/304/real_time",371427,373.475,372.48,ns,,,"3x64x304",,,16,3,16,304,3,64,16,1,8
"dot/dot_uint8_int2_int32_3x16x16_1x8x16_avxvnni/64/624/real_time",181197,773.021,771.177,ns,,,"3x64x624",,,16,3,16,624,3,64,16,1,8
"dot/dot_uint8_int2_int32_3x16x16_1x8x16_avxvnni/64/928/real_time",121580,1151.42,1148.96,ns,,,"3x64x928",,,16,3,16,928,3,64,16,1,8
"dot/dot_uint8_int2_int32_3x16x16_1x8x16_avxvnni/64/1248/real_time",90145,1551.02,1546.44,ns,,,"3x64x1248",,,16,3,16,1248,3,64,16,1,8
"dot/dot_uint8_int2_int32_3x16x16_1x8x16_avxvnni/128/16/real_time",2374175,58.9909,58.8401,ns,,,"3x128x16",,,16,3,16,16,3,128,16,1,8
"dot/dot_uint8_int2_int32_3x16x16_1x8x16_avxvnni/128/160/real_time",349466,400.893,399.982,ns,,,"3x128x160",,,16,3,16,160,3,128,16,1,8
"dot/dot_uint8_int2_int32_3x16x16_1x8x16_avxvnni/128/320/real_time",177805,789.375,786.926,ns,,,"3x128x320",,,16,3,16,320,3,128,16,1,8
"dot/dot_uint8_int2_int32_3x16x16_1x8x16_avxvnni/128/480/real_time",117840,1188.51,1185.63,ns,,,"3x128x480",,,16,3,16,480,3,128,16,1,8
"dot/dot_uint8_int2_int32_3x16x16_1x8x16_avxvnni/128/656/real_time",86007,1626.08,1622.13,ns,,,"3x128x656",,,16,3,16,656,3,128,16,1,8
"dot/dot_uint8_int2_int32_4x16x16_1x8x16_avxvnni/16/16/real_time",8630005,16.2361,16.1764,ns,,,"4x16x16",,,16,4,16,16,4,16,16,1,8
"dot/dot_uint8_int2_int32_4x16x16_1x8x16_avxvnni/16/752/real_time",470057,297.275,296.425,ns,,,"4x16x752",,,16,4,16,752,4,16,16,1,8
"dot/dot_uint8_int2_int32_4x16x16_1x8x16_avxvnni/16/1520/real_time",238462,588.423,586.397,ns,,,"4x16x1520",,,16,4,16,1520,4,16,16,1,8
"dot/dot_uint8_int2_int32_4x16x16_1x8x16_avxvnni/16/2272/real_time",160396,871.228,868.414,ns,,,"4x16x2272",,,16,4,16,2272,4,16,16,1,8
"dot/dot_uint8_int2_int32_4x16x16_1x8x16_avxvnni/16/3040/real_time",121166,1159.33,1156.15,ns,,,"4x16x3040",,,16,4,16,3040,4,16,16,1,8
"dot/dot_uint8_int2_int32_4x16x16_1x8x16_avxvnni/32/16/real_time",5104578,27.4315,27.3375,ns,,,"4x32x16",,,16,4,16,16,4,32,16,1,8
"dot/dot_uint8_int2_int32_4x16x16_1x8x16_avxvnni/32/496/real_time",356491,393.552,392.504,ns,,,"4x32x496",,,16,4,16,496,4,32,16,1,8
"dot/dot_uint8_int2_int32_4x16x16_1x8x16_avxvnni/32/992/real_time",182348,767.621,765.559,ns,,,"4x32x992",,,16,4,16,992,4,32,16,1,8
"dot/dot_uint8_int2_int32_4x16x16_1x8x16_avxvnni/32/1488/real_time",122200,1142.58,1139.12,ns,,,"4x32x1488",,,16,4,16,1488,4,32,16,1,8
"dot/dot_uint8_int2_int32_4x16x16_1x8x16_avxvnni/32/2000/real_time",91482,1525.62,1521.98,ns,,,"4x32x2000",,,16,4,16,2000,4,32,16,1,8
"dot/dot_uint8_int2_int32_4x16x16_1x8x16_avxvnni/64/16/real_time",3138850,44.7278,44.6063,ns,,,"4x64x16",,,16,4,16,16,4,64,16,1,8
"dot/dot_uint8_int2_int32_4x16x16_1x8x16_avxvnni/64/288/real_time",300718,466.663,465.355,ns,,,"4x64x288",,,16,4,16,288,4,64,16,1,8
"dot/dot_uint8_int2_int32_4x16x16_1x8x16_avxvnni/64/576/real_time",154905,904.074,901.867,ns,,,"4x64x576",,,16,4,16,576,4,64,16,1,8
"dot/dot_uint8_int2_int32_4x16x16_1x8x16_avxvnni/64/864/real_time",105657,1333.84,1330.12,ns,,,"4x64x864",,,16,4,16,864,4,64,16,1,8
"dot/dot_uint8_int2_int32_4x16x16_1x8x16_avxvnni/64/1168/real_time",77527,1799.78,1794.69,ns,,,"4x64x1168",,,16,4,16,1168,4,64,16,1,8
"dot/dot_uint8_int2_int32_4x16x16_1x8x16_avxvnni/128/16/real_time",1688033,83.1601,82.933,ns,,,"4x128x16",,,16,4,16,16,4,128,16,1,8
"dot/dot_uint8_int2_int32_4x16x16_1x8x16_avxvnni/128/144/real_time",291675,479.518,478.222,ns,,,"4x128x144",,,16,4,16,144,4,128,16,1,8
"dot/dot_uint8_int2_int32_4x16x16_1x8x16_avxvnni/128/304/real_time",143714,974.878,972.365,ns,,,"4x128x304",,,16,4,16,304,4,128,16,1,8
"dot/dot_uint8_int2_int32_4x16x16_1x8x16_avxvnni/128/464/real_time",95781,1458.86,1454.59,ns,,,"4x128x464",,,16,4,16,464,4,128,16,1,8
"dot/dot_uint8_int2_int32_4x16x16_1x8x16_avxvnni/128/624/real_time",71989,1943.35,1938.13,ns,,,"4x128x624",,,16,4,16,624,4,128,16,1,8
"dot/dot_uint8_int4_int32_1x16x8_1x8x8_avxvnni/16/8/real_time",17698667,7.90156,7.88443,ns,,,"1x16x8",,,8,1,16,8,1,16,8,1,8
"dot/dot_uint8_int4_int32_1x16x8_1x8x8_avxvnni/16/680/real_time",1091212,128.434,128.107,ns,,,"1x16x680",,,8,1,16,680,1,16,8,1,8
"dot/dot_uint8_int4_int32_1x16x8_1x8x8_avxvnni/16/1360/real_time",554129,251.854,251.186,ns,,,"1x16x1360",,,8,1,16,1360,1,16,8,1,8
"dot/dot_uint8_int4_int32_1x16x8_1x8x8_avxvnni/16/2040/real_time",372843,375.781,374.906,ns,,,"1x16x2040",,,8,1,16,2040,1,16,8,1,8
"dot/dot_uint8_int4_int32_1x16x8_1x8x8_avxvnni/16/2720/real_time",281055,498.492,497.236,ns,,,"1x16x2720",,,8,1,16,2720,1,16,8,1,8
"dot/dot_uint8_int4_int32_1x16x8_1x8x8_avxvnni/32/8/real_time",12944203,10.8176,10.7907,ns,,,"1x32x8",,,8,1,16,8,1,32,8,1,8
"dot/dot_uint8_int4_int32_1x16x8_1x8x8_avxvnni/32/352/real_time",1032238,135.001,134.664,ns,,,"1x32x352",,,8,1,16,352,1,32,8,1,8
"dot/dot_uint8_int4_int32_1x16x8_1x8x8_avxvnni/32/712/real_time",529207,264.885,264.24,ns,,,"1x32x712",,,8,1,16,712,1,32,8,1,8
"dot/dot_uint8_int4_int32_1x16x8_1x8x8_avxvnni/32/1072/real_time",354264,394.531,393.673,ns,,,"1x32x1072",,,8,1,16,1072,1,32,8,1,8
"dot/dot_uint8_int4_int32_1x16x8_1x8x8_avxvnni/32/1432/real_time",266353,525.575,524.313,ns,,,"1x32x1432",,,8,1,16,1432,1,32,8,1,8
"dot/dot_uint8_int4_int32_1x16x8_1x8x8_avxvnni/64/8/real_time",8273496,16.8937,16.8516,ns,,,"1x64x8",,,8,1,16,8,1,64,8,1,8
"dot/dot_uint8_int4_int32_1x16x8_1x8x8_avxvnni/64/184/real_time",1002384,139.487,139.034,ns,,,"1x64x184",,,8,1,16,184,1,64,8,1,8
"dot/dot_uint8_int4_int32_1x16x8_1x8x8_avxvnni/64/368/real_time",503199,277.328,276.668,ns,,,"1x64x368",,,8,1,16,368,1,64,8,1,8
"dot/dot_uint8_int4_int32_1x16x8_1x8x8_avxvnni/64/552/real_time",338894,412.631,411.625,ns,,,"1x64x552",,,8,1,16,552,1,64,8,1,8
"dot/dot_uint8_int4_int32_1x16x8_1x8x8_avxvnni/64/736/real_time",256112,546.711,545.431,ns,,,"1x64x736",,,8,1,16,736,1,64,8,1,8
"dot/dot_uint8_int4_int32_1x16x8_1x8x8_avxvnni/128/8/real_time",4821804,29.0367,28.9647,ns,,,"1x128x8",,,8,1,16,8,1,128,8,1,8
"dot/dot_uint8_int4_int32_1x16x8_1x8x8_avxvnni/128/88/real_time",967781,144.617,144.244,ns,,,"1x128x88",,,8,1,16,88,1,128,8,1,8
"dot/dot_uint8_int4_int32_1x16x8_1x8x8_avxvnni/128/184/real_time",503875,275.803,275.198,ns,,,"1x128x184",,,8,1,16,184,1,128,8,1,8
"dot/dot_uint8_int4_int32_1x16x8_1x8x8_avxvnni/128/272/real_time",332013,422.76,421.714,ns,,,"1x128x272",,,8,1,16,272,1,128,8,1,8
"dot/dot_uint8_int4_int32_1x16x8_1x8x8_avxvnni/128/368/real_time",249562,559.425,557.925,ns,,,"1x128x368",,,8,1,16,368,1,128,8,1,8
"dot/dot_uint8_int4_int32_2x16x8_1x8x8_avxvnni/16/8/real_time",14242190,9.82716,9.80238,ns,,,"2x16x8",,,8,2,16,8,2,16,8,1,8
"dot/dot_uint8_int4_int32_2x16x8_1x8x8_avxvnni/16/608/real_time",967188,144.844,144.492,ns,,,"2x16x608",,,8,2,16,608,2,16,8,1,8
"dot/dot_uint8_int4_int32_2x16x8_1x8x8_avxvnni/16/1216/real_time",499913,280.56,279.754,ns,,,"2x16x1216",,,8,2,16,1216,2,16,8,1,8
"dot/dot_uint8_int4_int32_2x16x8_1x8x8_avxvnni/16/1824/real_time",336769,415.902,414.937,ns,,,"2x16x1824",,,8,2,16,1824,2,16,8,1,8
"dot/dot_uint8_int4_int32_2x16x8_1x8x8_avxvnni/16/2440/real_time",252631,554.244,552.715,ns,,,"2x16x2440",,,8,2,16,2440,2,16,8,1,8
"dot/dot_uint8_int4_int32_2x16x8_1x8x8_avxvnni/32/8/real_time",10074626,13.874,13.8371,ns,,,"2x32x8",,,8,2,16,8,2,32,8,1,8
"dot/dot_uint8_int4_int32_2x16x8_1x8x8_avxvnni/32/336/real_time",860620,162.12,161.681,ns,,,"2x32x336",,,8,2,16,336,2,32,8,1,8
"dot/dot_uint8_int4_int32_2x16x8_1x8x8_avxvnni/32/672/real_time",448939,311.85,311.014,ns,,,"2x32x672",,,8,2,16,672,2,32,8,1,8
"dot/dot_uint8_int4_int32_2x16x8_1x8x8_avxvnni/32/1008/real_time",303232,462.145,460.513,ns,,,"2x32x1008",,,8,2,16,1008,2,32,8,1,8
"dot/dot_uint8_int4_int32_2x16x8_1x8x8_avxvnni/32/1344/real_time",228676,612.636,610.474,ns,,,"2x32x1344",,,8,2,16,1344,2,32,8,1,8
"dot/dot_uint8_int4_int32_2x16x8_1x8x8_avxvnni/64/8/real_time",6290832,22.2673,22.1708,ns,,,"2x64x8",,,8,2,16,8,2,64,8,1,8
"dot/dot_uint8_int4_int32_2x16x8_1x8x8_avxvnni/64/176/real_time",790377,172.461,172.01,ns,,,"2x64x176",,,8,2,16,176,2,64,8,1,8
"dot/dot_uint8_int4_int32_2x16x8_1x8x8_avxvnni/64/352/real_time",419221,333.947,333.106,ns,,,"2x64x352",,,8,2,16,352,2,64,8,1,8
"dot/dot_uint8_int4_int32_2x16x8_1x8x8_avxvnni/64/528/real_time",284863,492.338,490.378,ns,,,"2x64x528",,,8,2,16,528,2,64,8,1,8
"dot/dot_uint8_int4_int32_2x16x8_1x8x8_avxvnni/64/704/real_time",216036,647.871,646.1,ns,,,"2x64x704",,,8,2,16,704,2,64,8,1,8
"dot/dot_uint8_int4_int32_2x16x8_1x8x8_avxvnni/128/8/real_time",3598420,38.8642,38.7465,ns,,,"2x128x8",,,8,2,16,8,2,128,8,1,8
"dot/dot_uint8_int4_int32_2x16x8_1x8x8_avxvnni/128/88/real_time",768993,181.854,181.354,ns,,,"2x128x88",,,8,2,16,88,2,128,8,1,8
"dot/dot_uint8_int4_int32_2x16x8_1x8x8_avxvnni/128/176/real_time",400856,341.69,340.581,ns,,,"2x128x176",,,8,2,16,176,2,128,8,1,8
"dot/dot_uint8_int4_int32_2x16x8_1x8x8_avxvnni/128/264/real_time",276756,506.112,504.408,ns,,,"2x128x264",,,8,2,16,264,2,128,8,1,8
"dot/dot_uint8_int4_int32_2x16x8_1x8x8_avxvnni/128/352/real_time",211250,662.782,660.829,ns,,,"2x128x352",,,8,2,16,352,2,128,8,1,8
"dot/dot_uint8_int4_int32_3x16x8_1x8x8_avxvnni/16/8/real_time",12094305,11.5904,11.5457,ns,,,"3x16x8",,,8,3,16,8,3,16,8,1,8
"dot/dot_uint8_int4_int32_3x16x8_1x8x8_avxvnni/16/552/real_time",751129,186.295,185.56,ns,,,"3x16x552",,,8,3,16,552,3,16,8,1,8
"dot/dot_uint8_int4_int32_3x16x8_1x8x8_avxvnni/16/1104/real_time",381829,367.279,365.738,ns,,,"3x16x1104",,,8,3,16,1104,3,16,8,1,8
"dot/dot_uint8_int4_int32_3x16x8_1x8x8_avxvnni/16/1656/real_time",254465,550.611,548.284,ns,,,"3x16x1656",,,8,3,16,1656,3,16,8,1,8
"dot/dot_uint8_int4_int32_3x16x8_1x8x8_avxvnni/16/2216/real_time",190942,733.611,730.959,ns,,,"3x16x2216",,,8,3,16,2216,3,16,8,1,8
"dot/dot_uint8_int4_int32_3x16x8_1x8x8_avxvnni/32/8/real_time",8165854,17.1757,17.1112,ns,,,"3x32x8",,,8,3,16,8,3,32,8,1,8
"dot/dot_uint8_int4_int32_3x16x8_1x8x8_avxvnni/32/312/real_time",666126,210.532,209.938,ns,,,"3x32x312",,,8,3,16,312,3,32,8,1,8
"dot/dot_uint8_int4_int32_3x16x8_1x8x8_avxvnni/32/632/real_time",333620,419.406,418.328,ns,,,"3x32x632",,,8,3,16,632,3,32,8,1,8
"dot/dot_uint8_int4_int32_3x16x8_1x8x8_avxvnni/32/952/real_time",222688,628.788,627.207,ns,,,"3x32x952",,,8,3,16,952,3,32,8,1,8
"dot/dot_uint8_int4_int32_3x16x8_1x8x8_avxvnni/32/1272/real_time",166542,840.604,838.607,ns,,,"3x32x1272",,,8,3,16,1272,3,32,8,1,8
"dot/dot_uint8_int4_int32_3x16x8_1x8x8_avxvnni/64/8/real_time",4950828,28.2763,28.1987,ns,,,"3x64x8",,,8,3,16,8,3,64,8,1,8
"dot/dot_uint8_int4_int32_3x16x8_1x8x8_avxvnni/64/168/real_time",635558,221.083,220.544,ns,,,"3x64x168",,,8,3,16,168,3,64,8,1,8
"dot/dot_uint8_int4_int32_3x16x8_1x8x8_avxvnni/64/336/real_time",313571,447.538,446.358,ns,,,"3x64x336",,,8,3,16,336,3,64,8,1,8
"dot/dot_uint8_int4_int32_3x16x8_1x8x8_avxvnni/64/504/real_time",209747,666.311,664.413,ns,,,"3x64x504",,,8,3,16,504,3,64,8,1,8
"dot/dot_uint8_int4_int32_3x16x8_1x8x8_avxvnni/64/680/real_time",157019,891.972,889.727,ns,,,"3x64x680",,,8,3,16,680,3,64,8,1,8
"dot/dot_uint8_int4_int32_3x16x8_1x8x8_avxvnni/128/8/real_time",2781097,50.3011,50.1531,ns,,,"3x128x8",,,8,3,16,8,3,128,8,1,8
"dot/dot_uint8_int4_int32_3x16x8_1x8x8_avxvnni/128/80/real_time",632724,222.608,222.032,ns,,,"3x128x80",,,8,3,16,80,3,128,8,1,8
"dot/dot_uint8_int4_int32_3x16x8_1x8x8_avxvnni/128/168/real_time",319314,438.534,437.476,ns,,,"3x128x168",,,8,3,16,168,3,128,8,1,8
"dot/dot_uint8_int4_int32_3x16x8_1x8x8_avxvnni/128/248/real_time",210185,658.926,657.284,ns,,,"3x128x248",,,8,3,16,248,3,128,8,1,8
"dot/dot_uint8_int4_int32_3x16x8_1x8x8_avxvnni/128/336/real_time",158131,887.179,884.922,ns,,,"3x128x336",,,8,3,16,336,3,128,8,1,8
"dot/dot_uint8_int4_int32_1x8x8_1x8x8_avxvnni/8/8/real_time",20302334,6.8495,6.8326,ns,,,"1x8x8",,,8,1,8,8,1,8,8,1,8
"dot/dot_uint8_int4_int32_1x8x8_1x8x8_avxvnni/8/1224/real_time",785967,177.823,177.421,ns,,,"1x8x1224",,,8,1,8,1224,1,8,8,1,8
"dot/dot_uint8_int4_int32_1x8x8_1x8x8_avxvnni/8/2448/real_time",387127,361.755,360.789,ns,,,"1x8x2448",,,8,1,8,2448,1,8,8,1,8
"dot/dot_uint8_int4_int32_1x8x8_1x8x8_avxvnni/8/3672/real_time",257131,543.587,542.231,ns,,,"1x8x3672",,,8,1,8,3672,1,8,8,1,8
"dot/dot_uint8_int4_int32_1x8x8_1x8x8_avxvnni/8/4904/real_time",192110,728.932,727.031,ns,,,"1x8x4904",,,8,1,8,4904,1,8,8,1,8
"dot/dot_uint8_int4_int32_1x8x8_1x8x8_avxvnni/16/8/real_time",15791024,8.87749,8.84661,ns,,,"1x16x8",,,8,1,8,8,1,16,8,1,8
"dot/dot_uint8_int4_int32_1x8x8_1x8x8_avxvnni/16/680/real_time",740549,188.273,187.708,ns,,,"1x16x680",,,8,1,8,680,1,16,8,1,8
"dot/dot_uint8_int4_int32_1x8x8_1x8x8_avxvnni/16/1360/real_time",355924,392.874,391.833,ns,,,"1x16x1360",,,8,1,8,1360,1,16,8,1,8
"dot/dot_uint8_int4_int32_1x8x8_1x8x8_avxvnni/16/2040/real_time",235202,595.31,593.743,ns,,,"1x16x2040",,,8,1,8,2040,1,16,8,1,8
"dot/dot_uint8_int4_int32_1x8x8_1x8x8_avxvnni/16/2720/real_time",175309,797.978,795.978,ns,,,"1x16x2720",,,8,1,8,2720,1,16,8,1,8
"dot/dot_uint8_int4_int32_1x8x8_1x8x8_avxvnni/32/8/real_time",10362811,13.5562,13.5194,ns,,,"1x32x8",,,8,1,8,8,1,32,8,1,8
"dot/dot_uint8_int4_int32_1x8x8_1x8x8_avxvnni/32/352/real_time",795720,175.454,175.037,ns,,,"1x32x352",,,8,1,8,352,1,32,8,1,8
"dot/dot_uint8_int4_int32_1x8x8_1x8x8_avxvnni/32/712/real_time",360300,388.441,387.566,ns,,,"1x32x712",,,8,1,8,712,1,32,8,1,8
"dot/dot_uint8_int4_int32_1x8x8_1x8x8_avxvnni/32/1072/real_time",231551,604.262,602.656,ns,,,"1x32x1072",,,8,1,8,1072,1,32,8,1,8
"dot/dot_uint8_int4_int32_1x8x8_1x8x8_avxvnni/32/1432/real_time",170275,821.691,819.658,ns,,,"1x32x1432",,,8,1,8,1432,1,32,8,1,8
"dot/dot_uint8_int4_int32_1x8x8_1x8x8_avxvnni/64/8/real_time",6285699,22.2912,22.2323,ns,,,"1x64x8",,,8,1,8,8,1,64,8,1,8
"dot/dot_uint8_int4_int32_1x8x8_1x8x8_avxvnni/64/184/real_time",803641,174.405,173.979,ns,,,"1x64x184",,,8,1,8,184,1,64,8,1,8
"dot/dot_uint8_int4_int32_1x8x8_1x8x8_avxvnni/64/368/real_time",375043,371.442,370.484,ns,,,"1x64x368",,,8,1,8,368,1,64,8,1,8
"dot/dot_uint8_int4_int32_1x8x8_1x8x8_avxvnni/64/552/real_time",236679,591.649,590.273,ns,,,"1x64x552",,,8,1,8,552,1,64,8,1,8
"dot/dot_uint8_int4_int32_1x8x8_1x8x8_avxvnni/64/736/real_time",173385,806.335,804.29,ns,,,"1x64x736",,,8,1,8,736,1,64,8,1,8
"dot/dot_uint8_int4_int32_3x8x8_1x8x8_avxvnni/8/8/real_time",15027661,9.31986,9.29759,ns,,,"3x8x8",,,8,3,8,8,3,8,8,1,8
"dot/dot_uint8_int4_int32_3x8x8_1x8x8_avxvnni/8/872/real_time",1007365,138.668,138.317,ns,,,"3x8x872",,,8,3,8,872,3,8,8,1,8
"dot/dot_uint8_int4_int32_3x8x8_1x8x8_avxvnni/8/1744/real_time",519366,269.434,268.819,ns,,,"3x8x1744",,,8,3,8,1744,3,8,8,1,8
"dot/dot_uint8_int4_int32_3x8x8_1x8x8_avxvnni/8/2616/real_time",349915,400.241,399.318,ns,,,"3x8x2616",,,8,3,8,2616,3,8,8,1,8
"dot/dot_uint8_int4_int32_3x8x8_1x8x8_avxvnni/8/3496/real_time",262970,532.649,531.017,ns,,,"3x8x3496",,,8,3,8,3496,3,8,8,1,8
"dot/dot_uint8_int4_int32_3x8x8_1x8x8_avxvnni/16/8/real_time",10832580,12.9222,12.8876,ns,,,"3x16x8",,,8,3,8,8,3,16,8,1,8
"dot/dot_uint8_int4_int32_3x8x8_1x8x8_avxvnni/16/552/real_time",795580,175.961,175.529,ns,,,"3x16x552",,,8,3,8,552,3,16,8,1,8
"dot/dot_uint8_int4_int32_3x8x8_1x8x8_avxvnni/16/1104/real_time",410256,341.556,340.697,ns,,,"3x16x1104",,,8,3,8,1104,3,16,8,1,8
"dot/dot_uint8_int4_int32_3x8x8_1x8x8_avxvnni/16/1656/real_time",276186,507.016,505.807,ns,,,"3x16x1656",,,8,3,8,1656,3,16,8,1,8
"dot/dot_uint8_int4_int32_3x8x8_1x8x8_avxvnni/16/2216/real_time",207365,675.682,673.681,ns,,,"3x16x2216",,,8,3,8,2216,3,16,8,1,8
"dot/dot_uint8_int4_int32_3x8x8_1x8x8_avxvnni/32/8/real_time",6940345,20.1161,20.068,ns,,,"3x32x8",,,8,3,8,8,3,32,8,1,8
"dot/dot_uint8_int4_int32_3x8x8_1x8x8_avxvnni/32/312/real_time",688350,202.094,201.537,ns,,,"3x32x312",,,8,3,8,312,3,32,8,1,8
"dot/dot_uint8_int4_int32_3x8x8_1x8x8_avxvnni/32/632/real_time",354741,394.539,393.35,ns,,,"3x32x632",,,8,3,8,632,3,32,8,1,8
"dot/dot_uint8_int4_int32_3x8x8_1x8x8_avxvnni/32/952/real_time",238819,586.74,584.815,ns,,,"3x32x952",,,8,3,8,952,3,32,8,1,8
"dot/dot_uint8_int4_int32_3x8x8_1x8x8_avxvnni/32/1272/real_time",179813,778.098,776.048,ns,,,"3x32x1272",,,8,3,8,1272,3,32,8,1,8
"dot/dot_uint8_int4_int32_3x8x8_1x8x8_avxvnni/64/8/real_time",4050690,34.4664,34.367,ns,,,"3x64x8",,,8,3,8,8,3,64,8,1,8
"dot/dot_uint8_int4_int32_3x8x8_1x8x8_avxvnni/64/168/real_time",632748,221.626,220.93,ns,,,"3x64x168",,,8,3,8,168,3,64,8,1,8
"dot/dot_uint8_int4_int32_3x8x8_1x8x8_avxvnni/64/336/real_time",327385,427.813,426.775,ns,,,"3x64x336",,,8,3,8,336,3,64,8,1,8
"dot/dot_uint8_int4_int32_3x8x8_1x8x8_avxvnni/64/504/real_time",222322,629.115,627.572,ns,,,"3x64x504",,,8,3,8,504,3,64,8,1,8
"dot/dot_uint8_int4_int32_3x8x8_1x8x8_avxvnni/64/680/real_time",166676,841.28,839.234,ns,,,"3x64x680",,,8,3,8,680,3,64,8,1,8
"dot/dot_uint8_int4_int32_4x8x8_1x8x8_avxvnni/8/8/real_time",13246702,10.5754,10.5457,ns,,,"4x8x8",,,8,4,8,8,4,8,8,1,8
"dot/dot_uint8_int4_int32_4x8x8_1x8x8_avxvnni/8/760/real_time",1038011,135.104,134.745,ns,,,"4x8x760",,,8,4,8,760,4,8,8,1,8
"dot/dot_uint8_int4_int32_4x8x8_1x8x8_avxvnni/8/1528/real_time",534165,262.031,261.329,ns,,,"4x8x1528",,,8,4,8,1528,4,8,8,1,8
"dot/dot_uint8_int4_int32_4x8x8_1x8x8_avxvnni/8/2288/real_time",359623,387.822,386.769,ns,,,"4x8x2288",,,8,4,8,2288,4,8,8,1,8
"dot/dot_uint8_int4_int32_4x8x8_1x8x8_avxvnni/8/3056/real_time",272060,514.457,513.117,ns,,,"4x8x3056",,,8,4,8,3056,4,8,8,1,8
"dot/dot_uint8_int4_int32_4x8x8_1x8x8_avxvnni/16/8/real_time",9439904,14.8544,14.8149,ns,,,"4x16x8",,,8,4,8,8,4,16,8,1,8
"dot/dot_uint8_int4_int32_4x8x8_1x8x8_avxvnni/16/504/real_time",787560,178.204,177.683,ns,,,"4x16x504",,,8,4,8,504,4,16,8,1,8
"dot/dot_uint8_int4_int32_4x8x8_1x8x8_avxvnni/16/1008/real_time",406521,343.736,342.774,ns,,,"4x16x1008",,,8,4,8,1008,4,16,8,1,8
"dot/dot_uint8_int4_int32_4x8x8_1x8x8_avxvnni/16/1512/real_time",270596,516.03,514.579,ns,,,"4x16x1512",,,8,4,8,1512,4,16,8,1,8
"dot/dot_uint8_int4_int32_4x8x8_1x8x8_avxvnni/16/2024/real_time",204496,686.422,684.591,ns,,,"4x16x2024",,,8,4,8,2024,4,16,8,1,8
"dot/dot_uint8_int4_int32_4x8x8_1x8x8_avxvnni/32/8/real_time",6014981,23.2384,23.1776,ns,,,"4x32x8",,,8,4,8,8,4,32,8,1,8
"dot/dot_uint8_int4_int32_4x8x8_1x8x8_avxvnni/32/296/real_time",646852,215.773,215.166,ns,,,"4x32x296",,,8,4,8,296,4,32,8,1,8
"dot/dot_uint8_int4_int32_4x8x8_1x8x8_avxvnni/32/600/real_time",332177,420.985,419.468,ns,,,"4x32x600",,,8,4,8,600,4,32,8,1,8
"dot/dot_uint8_int4_int32_4x8x8_1x8x8_avxvnni/32/896/real_time",225995,618.913,617.266,ns,,,"4x32x896",,,8,4,8,896,4,32,8,1,8
"dot/dot_uint8_int4_int32_4x8x8_1x8x8_avxvnni/32/1200/real_time",172354,811.804,809.692,ns,,,"4x32x1200",,,8,4,8,1200,4,32,8,1,8
"dot/dot_uint8_int4_int32_4x8x8_1x8x8_avxvnni/64/8/real_time",3490382,40.1069,40.0052,ns,,,"4x64x8",,,8,4,8,8,4,64,8,1,8
"dot/dot_uint8_int4_int32_4x8x8_1x8x8_avxvnni/64/160/real_time",586125,238.944,238.324,ns,,,"4x64x160",,,8,4,8,160,4,64,8,1,8
"dot/dot_uint8_int4_int32_4x8x8_1x8x8_avxvnni/64/320/real_time",302740,462.144,460.88,ns,,,"4x64x320",,,8,4,8,320,4,64,8,1,8
"dot/dot_uint8_int4_int32_4x8x8_1x8x8_avxvnni/64/480/real_time",207762,673.773,671.866,ns,,,"4x64x480",,,8,4,8,480,4,64,8,1,8
"dot/dot_uint8_int4_int32_4x8x8_1x8x8_avxvnni/64/648/real_time",156022,898.28,895.856,ns,,,"4x64x648",,,8,4,8,648,4,64,8,1,8
"dot/dot_uint8_int4_int32_5x8x8_1x8x8_avxvnni/8/8/real_time",11852444,11.822,11.7915,ns,,,"5x8x8",,,8,5,8,8,5,8,8,1,8
"dot/dot_uint8_int4_int32_5x8x8_1x8x8_avxvnni/8/672/real_time",1021536,136.926,136.533,ns,,,"5x8x672",,,8,5,8,672,5,8,8,1,8
"dot/dot_uint8_int4_int32_5x8x8_1x8x8_avxvnni/8/1352/real_time",526470,266.242,265.522,ns,,,"5x8x1352",,,8,5,8,1352,5,8,8,1,8
"dot/dot_uint8_int4_int32_5x8x8_1x8x8_avxvnni/8/2032/real_time",352506,394.908,393.929,ns,,,"5x8x2032",,,8,5,8,2032,5,8,8,1,8
"dot/dot_uint8_int4_int32_5x8x8_1x8x8_avxvnni/8/2712/real_time",267358,523.499,522.125,ns,,,"5x8x2712",,,8,5,8,2712,5,8,8,1,8
"dot/dot_uint8_int4_int32_5x8x8_1x8x8_avxvnni/16/8/real_time",8283772,16.8875,16.8449,ns,,,"5x16x8",,,8,5,8,8,5,16,8,1,8
"dot/dot_uint8_int4_int32_5x8x8_1x8x8_avxvnni/16/464/real_time",742154,188.389,187.863,ns,,,"5x16x464",,,8,5,8,464,5,16,8,1,8
"dot/dot_uint8_int4_int32_5x8x8_1x8x8_avxvnni/16/928/real_time",385446,362.65,361.713,ns,,,"5x16x928",,,8,5,8,928,5,16,8,1,8
"dot/dot_uint8_int4_int32_5x8x8_1x8x8_avxvnni/16/1392/real_time",258467,541.532,539.789,ns,,,"5x16x1392",,,8,5,8,1392,5,16,8,1,8
"dot/dot_uint8_int4_int32_5x8x8_1x8x8_avxvnni/16/1864/real_time",193836,723.762,721.587,ns,,,"5x16x1864",,,8,5,8,1864,5,16,8,1,8
"dot/dot_uint8_int4_int32_5x8x8_1x8x8_avxvnni/32/8/real_time",5199194,26.829,26.7376,ns,,,"5x32x8",,,8,5,8,8,5,32,8,1,8
"dot/dot_uint8_int4_int32_5x8x8_1x8x8_avxvnni/32/280/real_time",599376,233.132,232.415,ns,,,"5x32x280",,,8,5,8,280,5,32,8,1,8
"dot/dot_uint8_int4_int32_5x8x8_1x8x8_avxvnni/32/568/real_time",310204,453.768,452.445,ns,,,"5x32x568",,,8,5,8,568,5,32,8,1,8
"dot/dot_uint8_int4_int32_5x8x8_1x8x8_avxvnni/32/848/real_time",210488,665.586,663.293,ns,,,"5x32x848",,,8,5,8,848,5,32,8,1,8
"dot/dot_uint8_int4_int32_5x8x8_1x8x8_avxvnni/32/1136/real_time",158378,883.17,880.535,ns,,,"5x32x1136",,,8,5,8,1136,5,32,8,1,8
"dot/dot_uint8_int4_int32_5x8x8_1x8x8_avxvnni/64/8/real_time",3005763,46.5951,46.4781,ns,,,"5x64x8",,,8,5,8,8,5,64,8,1,8
"dot/dot_uint8_int4_int32_5x8x8_1x8x8_avxvnni/64/152/real_time",534497,261.75,260.919,ns,,,"5x64x152",,,8,5,8,152,5,64,8,1,8
"dot/dot_uint8_int4_int32_5x8x8_1x8x8_avxvnni/64/312/real_time",272071,512.135,510.656,ns,,,"5x64x312",,,8,5,8,312,5,64,8,1,8
"dot/dot_uint8_int4_int32_5x8x8_1x8x8_avxvnni/64/464/real_time",188626,741.772,739.356,ns,,,"5x64x464",,,8,5,8,464,5,64,8,1,8
"dot/dot_uint8_int4_int32_5x8x8_1x8x8_avxvnni/64/624/real_time",142580,981.528,978.641,ns,,,"5x64x624",,,8,5,8,624,5,64,8,1,8
"dot/dot_uint8_int8_int32_1x32x4_1x8x4_avxvnni/32/4/real_time",20504538,6.824,6.80693,ns,,,"1x32x4",,,4,1,32,4,1,32,4,1,8
"dot/dot_uint8_int8_int32_1x32x4_1x8x4_avxvnni/32/184/real_time",3250632,43.2792,43.1688,ns,,,"1x32x184",,,4,1,32,184,1,32,4,1,8
"dot/dot_uint8_int8_int32_1x32x4_1x8x4_avxvnni/32/368/real_time",1421317,98.5186,98.2432,ns,,,"1x32x368",,,4,1,32,368,1,32,4,1,8
"dot/dot_uint8_int8_int32_1x32x4_1x8x4_avxvnni/32/552/real_time",910772,153.585,153.026,ns,,,"1x32x552",,,4,1,32,552,1,32,4,1,8
"dot/dot_uint8_int8_int32_1x32x4_1x8x4_avxvnni/32/740/real_time",667927,209.383,208.81,ns,,,"1x32x740",,,4,1,32,740,1,32,4,1,8
"dot/dot_uint8_int8_int32_1x32x4_1x8x4_avxvnni/64/4/real_time",15435918,9.06615,9.04006,ns,,,"1x64x4",,,4,1,32,4,1,64,4,1,8
"dot/dot_uint8_int8_int32_1x32x4_1x8x4_avxvnni/64/92/real_time",3662416,38.2469,38.1385,ns,,,"1x64x92",,,4,1,32,92,1,64,4,1,8
"dot/dot_uint8_int8_int32_1x32x4_1x8x4_avxvnni/64/184/real_time",1723838,80.9547,80.7278,ns,,,"1x64x184",,,4,1,32,184,1,64,4,1,8
"dot/dot_uint8_int8_int32_1x32x4_1x8x4_avxvnni/64/276/real_time",1025323,136.808,136.456,ns,,,"1x64x276",,,4,1,32,276,1,64,4,1,8
"dot/dot_uint8_int8_int32_1x32x4_1x8x4_avxvnni/64/372/real_time",720441,193.833,193.339,ns,,,"1x64x372",,,4,1,32,372,1,64,4,1,8
"dot/dot_uint8_int8_int32_1x32x4_1x8x4_avxvnni/128/4/real_time",10485134,13.5405,13.5026,ns,,,"1x128x4",,,4,1,32,4,1,128,4,1,8
"dot/dot_uint8_int8_int32_1x32x4_1x8x4_avxvnni/128/44/real_time",3475725,40.2127,40.1051,ns,,,"1x128x44",,,4,1,32,44,1,128,4,1,8
"dot/dot_uint8_int8_int32_1x32x4_1x8x4_avxvnni/128/92/real_time",1951062,71.6897,71.4816,ns,,,"1x128x92",,,4,1,32,92,1,128,4,1,8
"dot/dot_uint8_int8_int32_1x32x4_1x8x4_avxvnni/128/136/real_time",1260509,109.966,109.694,ns,,,"1x128x136",,,4,1,32,136,1,128,4,1,8
"dot/dot_uint8_int8_int32_1x32x4_1x8x4_avxvnni/128/184/real_time",896417,156.227,155.881,ns,,,"1x128x184",,,4,1,32,184,1,128,4,1,8
"dot/dot_uint8_int8_int32_1x32x4_1x8x4_avxvnni/256/4/real_time",6226619,22.412,22.3492,ns,,,"1x256x4",,,4,1,32,4,1,256,4,1,8
"dot/dot_uint8_int8_int32_1x32x4_1x8x4_avxvnni/256/20/real_time",3216065,44.013,43.8956,ns,,,"1x256x20",,,4,1,32,20,1,256,4,1,8
"dot/dot_uint8_int8_int32_1x32x4_1x8x4_avxvnni/256/44/real_time",1934728,72.2745,72.088,ns,,,"1x256x44",,,4,1,32,44,1,256,4,1,8
"dot/dot_uint8_int8_int32_1x32x4_1x8x4_avxvnni/256/64/real_time",1408696,100.637,100.355,ns,,,"1x256x64",,,4,1,32,64,1,256,4,1,8
"dot/dot_uint8_int8_int32_1x32x4_1x8x4_avxvnni/256/88/real_time",1039099,134.773,134.405,ns,,,"1x256x88",,,4,1,32,88,1,256,4,1,8
"dot/dot_uint8_int8_int32_2x32x4_1x8x4_avxvnni/32/4/real_time",16326327,8.57691,8.5556,ns,,,"2x32x4",,,4,2,32,4,2,32,4,1,8
"dot/dot_uint8_int8_int32_2x32x4_1x8x4_avxvnni/32/176/real_time",2442806,57.2896,57.1347,ns,,,"2x32x176",,,4,2,32,176,2,32,4,1,8
"dot/dot_uint8_int8_int32_2x32x4_1x8x4_avxvnni/32/356/real_time",1260312,111.163,110.893,ns,,,"2x32x356",,,4,2,32,356,2,32,4,1,8
"dot/dot_uint8_int8_int32_2x32x4_1x8x4_avxvnni/32/532/real_time",850729,164.337,163.933,ns,,,"2x32x532",,,4,2,32,532,2,32,4,1,8
"dot/dot_uint8_int8_int32_2x32x4_1x8x4_avxvnni/32/712/real_time",643304,217.129,216.573,ns,,,"2x32x712",,,4,2,32,712,2,32,4,1,8
"dot/dot_uint8_int8_int32_2x32x4_1x8x4_avxvnni/64/4/real_time",11827339,11.8649,11.8343,ns,,,"2x64x4",,,4,2,32,4,2,64,4,1,8
"dot/dot_uint8_int8_int32_2x32x4_1x8x4_avxvnni/64/88/real_time",2557965,54.8822,54.7184,ns,,,"2x64x88",,,4,2,32,88,2,64,4,1,8
"dot/dot_uint8_int8_int32_2x32x4_1x8x4_avxvnni/64/180/real_time",1248902,111.62,111.322,ns,,,"2x64x180",,,4,2,32,180,2,64,4,1,8
"dot/dot_uint8_int8_int32_2x32x4_1x8x4_avxvnni/64/272/real_time",837457,167.217,166.804,ns,,,"2x64x272",,,4,2,32,272,2,64,4,1,8
"dot/dot_uint8_int8_int32_2x32x4_1x8x4_avxvnni/64/364/real_time",633025,221.893,221.327,ns,,,"2x64x364",,,4,2,32,364,2,64,4,1,8
"dot/dot_uint8_int8_int32_2x32x4_1x8x4_avxvnni/128/4/real_time",7587725,18.4542,18.4045,ns,,,"2x128x4",,,4,2,32,4,2,128,4,1,8
"dot/dot_uint8_int8_int32_2x32x4_1x8x4_avxvnni/128/44/real_time",2470801,56.7866,56.6327,ns,,,"2x128x44",,,4,2,32,44,2,128,4,1,8
"dot/dot_uint8_int8_int32_2x32x4_1x8x4_avxvnni/128/88/real_time",1318638,106.109,105.758,ns,,,"2x128x88",,,4,2,32,88,2,128,4,1,8
"dot/dot_uint8_int8_int32_2x32x4_1x8x4_avxvnni/128/132/real_time",874446,160.381,160.003,ns,,,"2x128x132",,,4,2,32,132,2,128,4,1,8
"dot/dot_uint8_int8_int32_2x32x4_1x8x4_avxvnni/128/180/real_time",640794,219.021,218.465,ns,,,"2x128x180",,,4,2,32,180,2,128,4,1,8
"dot/dot_uint8_int8_int32_2x32x4_1x8x4_avxvnni/256/4/real_time",4447877,31.5331,31.4472,ns,,,"2x256x4",,,4,2,32,4,2,256,4,1,8
"dot/dot_uint8_int8_int32_2x32x4_1x8x4_avxvnni/256/20/real_time",2215195,63.946,63.777,ns,,,"2x256x20",,,4,2,32,20,2,256,4,1,8
"dot/dot_uint8_int8_int32_2x32x4_1x8x4_avxvnni/256/40/real_time",1408148,99.56,99.227,ns,,,"2x256x40",,,4,2,32,40,2,256,4,1,8
"dot/dot_uint8_int8_int32_2x32x4_1x8x4_avxvnni/256/60/real_time",963470,144.984,144.602,ns,,,"2x256x60",,,4,2,32,60,2,256,4,1,8
"dot/dot_uint8_int8_int32_2x32x4_1x8x4_avxvnni/256/84/real_time",706404,198.066,197.564,ns,,,"2x256x84",,,4,2,32,84,2,256,4,1,8
"dot/dot_uint8_int8_int32_3x16x4_1x8x4_avxvnni/16/4/real_time",15411294,9.08156,9.05541,ns,,,"3x16x4",,,4,3,16,4,3,16,4,1,8
"dot/dot_uint8_int8_int32_3x16x4_1x8x4_avxvnni/16/320/real_time",1459466,95.7308,95.4989,ns,,,"3x16x320",,,4,3,16,320,3,16,4,1,8
"dot/dot_uint8_int8_int32_3x16x4_1x8x4_avxvnni/16/640/real_time",727186,192.564,191.996,ns,,,"3x16x640",,,4,3,16,640,3,16,4,1,8
"dot/dot_uint8_int8_int32_3x16x4_1x8x4_avxvnni/16/960/real_time",483950,289.103,288.258,ns,,,"3x16x960",,,4,3,16,960,3,16,4,1,8
"dot/dot_uint8_int8_int32_3x16x4_1x8x4_avxvnni/16/1280/real_time",363195,385.962,384.839,ns,,,"3x16x1280",,,4,3,16,1280,3,16,4,1,8
"dot/dot_uint8_int8_int32_3x16x4_1x8x4_avxvnni/32/4/real_time",11483368,12.3379,12.3053,ns,,,"3x32x4",,,4,3,16,4,3,32,4,1,8
"dot/dot_uint8_int8_int32_3x16x4_1x8x4_avxvnni/32/172/real_time",1408339,99.1718,98.9304,ns,,,"3x32x172",,,4,3,16,172,3,32,4,1,8
"dot/dot_uint8_int8_int32_3x16x4_1x8x4_avxvnni/32/344/real_time",687821,203.818,203.283,ns,,,"3x32x344",,,4,3,16,344,3,32,4,1,8
"dot/dot_uint8_int8_int32_3x16x4_1x8x4_avxvnni/32/516/real_time",454606,307.703,306.644,ns,,,"3x32x516",,,4,3,16,516,3,32,4,1,8
"dot/dot_uint8_int8_int32_3x16x4_1x8x4_avxvnni/32/688/real_time",339858,411.334,410.064,ns,,,"3x32x688",,,4,3,16,688,3,32,4,1,8
"dot/dot_uint8_int8_int32_3x16x4_1x8x4_avxvnni/64/4/real_time",7513380,18.7206,18.666,ns,,,"3x64x4",,,4,3,16,4,3,64,4,1,8
"dot/dot_uint8_int8_int32_3x16x4_1x8x4_avxvnni/64/88/real_time",1544608,90.6145,90.3635,ns,,,"3x64x88",,,4,3,16,88,3,64,4,1,8
"dot/dot_uint8_int8_int32_3x16x4_1x8x4_avxvnni/64/176/real_time",698044,199.912,199.26,ns,,,"3x64x176",,,4,3,16,176,3,64,4,1,8
"dot/dot_uint8_int8_int32_3x16x4_1x8x4_avxvnni/64/264/real_time",454910,307.216,306.368,ns,,,"3x64x264",,,4,3,16,264,3,64,4,1,8
"dot/dot_uint8_int8_int32_3x16x4_1x8x4_avxvnni/64/352/real_time",338865,414.184,413.05,ns,,,"3x64x352",,,4,3,16,352,3,64,4,1,8
"dot/dot_uint8_int8_int32_3x16x4_1x8x4_avxvnni/128/4/real_time",4399853,31.9126,31.826,ns,,,"3x128x4",,,4,3,16,4,3,128,4,1,8
"dot/dot_uint8_int8_int32_3x16x4_1x8x4_avxvnni/128/40/real_time",1617729,86.1095,85.7343,ns,,,"3x128x40",,,4,3,16,40,3,128,4,1,8
"dot/dot_uint8_int8_int32_3x16x4_1x8x4_avxvnni/128/84/real_time",830572,167.674,167.137,ns,,,"3x128x84",,,4,3,16,84,3,128,4,1,8
"dot/dot_uint8_int8_int32_3x16x4_1x8x4_avxvnni/128/128/real_time",518836,268.164,267.422,ns,,,"3x128x128",,,4,3,16,128,3,128,4,1,8
"dot/dot_uint8_int8_int32_3x16x4_1x8x4_avxvnni/128/172/real_time",364896,385.334,384.038,ns,,,"3x128x172",,,4,3,16,172,3,128,4,1,8
"dot/dot_uint8_int8_int32_4x16x4_1x8x4_avxvnni/16/4/real_time",13583823,10.3642,10.335,ns,,,"4x16x4",,,4,4,16,4,4,16,4,1,8
"dot/dot_uint8_int8_int32_4x16x4_1x8x4_avxvnni/16/304/real_time",1457562,95.9965,95.7412,ns,,,"4x16x304",,,4,4,16,304,4,16,4,1,8
"dot/dot_uint8_int8_int32_4x16x4_1x8x4_avxvnni/16/608/real_time",720514,189.068,188.538,ns,,,"4x16x608",,,4,4,16,608,4,16,4,1,8
"dot/dot_uint8_int8_int32_4x16x4_1x8x4_avxvnni/16/912/real_time",494969,281.373,280.709,ns,,,"4x16x912",,,4,4,16,912,4,16,4,1,8
"dot/dot_uint8_int8_int32_4x16x4_1x8x4_avxvnni/16/1216/real_time",374445,375.243,374.363,ns,,,"4x16x1216",,,4,4,16,1216,4,16,4,1,8
"dot/dot_uint8_int8_int32_4x16x4_1x8x4_avxvnni/32/4/real_time",9932064,14.1164,14.0793,ns,,,"4x32x4",,,4,4,16,4,4,32,4,1,8
"dot/dot_uint8_int8_int32_4x16x4_1x8x4_avxvnni/32/164/real_time",1000000,100.545,100.32,ns,,,"4x32x164",,,4,4,16,164,4,32,4,1,8
"dot/dot_uint8_int8_int32_4x16x4_1x8x4_avxvnni/32/332/real_time",694617,201.845,201.327,ns,,,"4x32x332",,,4,4,16,332,4,32,4,1,8
"dot/dot_uint8_int8_int32_4x16x4_1x8x4_avxvnni/32/500/real_time",461521,303.23,302.27,ns,,,"4x32x500",,,4,4,16,500,4,32,4,1,8
"dot/dot_uint8_int8_int32_4x16x4_1x8x4_avxvnni/32/668/real_time",344231,409.795,408.78,ns,,,"4x32x668",,,4,4,16,668,4,32,4,1,8
"dot/dot_uint8_int8_int32_4x16x4_1x8x4_avxvnni/64/4/real_time",6255977,22.2199,22.1694,ns,,,"4x64x4",,,4,4,16,4,4,64,4,1,8
"dot/dot_uint8_int8_int32_4x16x4_1x8x4_avxvnni/64/84/real_time",1337589,104.474,104.151,ns,,,"4x64x84",,,4,4,16,84,4,64,4,1,8
"dot/dot_uint8_int8_int32_4x16x4_1x8x4_avxvnni/64/172/real_time",674491,207.962,207.476,ns,,,"4x64x172",,,4,4,16,172,4,64,4,1,8
"dot/dot_uint8_int8_int32_4x16x4_1x8x4_avxvnni/64/256/real_time",452504,309.704,309.032,ns,,,"4x64x256",,,4,4,16,256,4,64,4,1,8
"dot/dot_uint8_int8_int32_4x16x4_1x8x4_avxvnni/64/344/real_time",334794,418.646,417.529,ns,,,"4x64x344",,,4,4,16,344,4,64,4,1,8
"dot/dot_uint8_int8_int32_4x16x4_1x8x4_avxvnni/128/4/real_time",3698825,37.8934,37.7953,ns,,,"4x128x4",,,4,4,16,4,4,128,4,1,8
"dot/dot_uint8_int8_int32_4x16x4_1x8x4_avxvnni/128/40/real_time",1353561,102.767,102.486,ns,,,"4x128x40",,,4,4,16,40,4,128,4,1,8
"dot/dot_uint8_int8_int32_4x16x4_1x8x4_avxvnni/128/84/real_time",692997,201.887,201.287,ns,,,"4x128x84",,,4,4,16,84,4,128,4,1,8
"dot/dot_uint8_int8_int32_4x16x4_1x8x4_avxvnni/128/124/real_time",468239,297.55,296.878,ns,,,"4x128x124",,,4,4,16,124,4,128,4,1,8
"dot/dot_uint8_int8_int32_4x16x4_1x8x4_avxvnni/128/168/real_time",348260,402.179,401.164,ns,,,"4x128x168",,,4,4,16,168,4,128,4,1,8
"dot/dot_uint8_int8_int32_5x16x4_1x8x4_avxvnni/16/4/real_time",11953846,11.6951,11.662,ns,,,"5x16x4",,,4,5,16,4,5,16,4,1,8
"dot/dot_uint8_int8_int32_5x16x4_1x8x4_avxvnni/16/288/real_time",1318636,106.2,105.956,ns,,,"5x16x288",,,4,5,16,288,5,16,4,1,8
"dot/dot_uint8_int8_int32_5x16x4_1x8x4_avxvnni/16/576/real_time",683110,206.883,206.373,ns,,,"5x16x576",,,4,5,16,576,5,16,4,1,8
"dot/dot_uint8_int8_int32_5x16x4_1x8x4_avxvnni/16/864/real_time",461067,305.717,304.984,ns,,,"5x16x864",,,4,5,16,864,5,16,4,1,8
"dot/dot_uint8_int8_int32_5x16x4_1x8x4_avxvnni/16/1152/real_time",344673,405.18,404.299,ns,,,"5x16x1152",,,4,5,16,1152,5,16,4,1,8
"dot/dot_uint8_int8_int32_5x16x4_1x8x4_avxvnni/32/4/real_time",8552387,16.3008,16.2654,ns,,,"5x32x4",,,4,5,16,4,5,32,4,1,8
"dot/dot_uint8_int8_int32_5x16x4_1x8x4_avxvnni/32/160/real_time",1192871,115.793,115.513,ns,,,"5x32x160",,,4,5,16,160,5,32,4,1,8
"dot/dot_uint8_int8_int32_5x16x4_1x8x4_avxvnni/32/320/real_time",619255,226.484,225.904,ns,,,"5x32x320",,,4,5,16,320,5,32,4,1,8
"dot/dot_uint8_int8_int32_5x16x4_1x8x4_avxvnni/32/480/real_time",415423,337.345,336.499,ns,,,"5x32x480",,,4,5,16,480,5,32,4,1,8
"dot/dot_uint8_int8_int32_5x16x4_1x8x4_avxvnni/32/644/real_time",315768,443.999,442.926,ns,,,"5x32x644",,,4,5,16,644,5,32,4,1,8
"dot/dot_uint8_int8_int32_5x16x4_1x8x4_avxvnni/64/4/real_time",5429217,25.8272,25.7629,ns,,,"5x64x4",,,4,5,16,4,5,64,4,1,8
"dot/dot_uint8_int8_int32_5x16x4_1x8x4_avxvnni/64/84/real_time",1126597,124.49,124.161,ns,,,"5x64x84",,,4,5,16,84,5,64,4,1,8
"dot/dot_uint8_int8_int32_5x16x4_1x8x4_avxvnni/64/168/real_time",597015,234.572,233.987,ns,,,"5x64x168",,,4,5,16,168,5,64,4,1,8
"dot/dot_uint8_int8_int32_5x16x4_1x8x4_avxvnni/64/252/real_time",399000,350.836,349.989,ns,,,"5x64x252",,,4,5,16,252,5,64,4,1,8
"dot/dot_uint8_int8_int32_5x16x4_1x8x4_avxvnni/64/336/real_time",304870,463.408,462.249,ns,,,"5x64x336",,,4,5,16,336,5,64,4,1,8
"dot/dot_uint8_int8_int32_5x16x4_1x8x4_avxvnni/128/4/real_time",3164495,44.2191,44.103,ns,,,"5x128x4",,,4,5,16,4,5,128,4,1,8
"dot/dot_uint8_int8_int32_5x16x4_1x8x4_avxvnni/128/40/real_time",1125835,124.412,124.097,ns,,,"5x128x40",,,4,5,16,40,5,128,4,1,8
"dot/dot_uint8_int8_int32_5x16x4_1x8x4_avxvnni/128/80/real_time",608197,229.409,228.803,ns,,,"5x128x80",,,4,5,16,80,5,128,4,1,8
"dot/dot_uint8_int8_int32_5x16x4_1x8x4_avxvnni/128/120/real_time",415514,336.531,335.663,ns,,,"5x128x120",,,4,5,16,120,5,128,4,1,8
"dot/dot_uint8_int8_int32_5x16x4_1x8x4_avxvnni/128/164/real_time",309587,452.185,451.085,ns,,,"5x128x164",,,4,5,16,164,5,128,4,1,8
"dot/dot_uint8_int8_int32_6x16x4_1x8x4_avxvnni/16/4/real_time",11359454,12.3402,12.3073,ns,,,"6x16x4",,,4,6,16,4,6,16,4,1,8
"dot/dot_uint8_int8_int32_6x16x4_1x8x4_avxvnni/16/272/real_time",1247554,112.989,112.704,ns,,,"6x16x272",,,4,6,16,272,6,16,4,1,8
"dot/dot_uint8_int8_int32_6x16x4_1x8x4_avxvnni/16/548/real_time",659302,211.67,211.192,ns,,,"6x16x548",,,4,6,16,548,6,16,4,1,8
"dot/dot_uint8_int8_int32_6x16x4_1x8x4_avxvnni/16/820/real_time",451545,310.201,309.463,ns,,,"6x16x820",,,4,6,16,820,6,16,4,1,8
"dot/dot_uint8_int8_int32_6x16x4_1x8x4_avxvnni/16/1096/real_time",340167,407.547,406.551,ns,,,"6x16x1096",,,4,6,16,1096,6,16,4,1,8
"dot/dot_uint8_int8_int32_6x16x4_1x8x4_avxvnni/32/4/real_time",8031596,17.4205,17.3757,ns,,,"6x32x4",,,4,6,16,4,6,32,4,1,8
"dot/dot_uint8_int8_int32_6x16x4_1x8x4_avxvnni/32/156/real_time",1099601,127.43,127.101,ns,,,"6x32x156",,,4,6,16,156,6,32,4,1,8
"dot/dot_uint8_int8_int32_6x16x4_1x8x4_avxvnni/32/312/real_time",579126,242.599,241.937,ns,,,"6x32x312",,,4,6,16,312,6,32,4,1,8
"dot/dot_uint8_int8_int32_6x16x4_1x8x4_avxvnni/32/468/real_time",392384,357.032,356.208,ns,,,"6x32x468",,,4,6,16,468,6,32,4,1,8
"dot/dot_uint8_int8_int32_6x16x4_1x8x4_avxvnni/32/624/real_time",296921,473.39,472.596,ns,,,"6x32x624",,,4,6,16,624,6,32,4,1,8
"dot/dot_uint8_int8_int32_6x16x4_1x8x4_avxvnni/64/4/real_time",5115453,27.3665,27.3173,ns,,,"6x64x4",,,4,6,16,4,6,64,4,1,8
"dot/dot_uint8_int8_int32_6x16x4_1x8x4_avxvnni/64/80/real_time",1080555,129.2,129.006,ns,,,"6x64x80",,,4,6,16,80,6,64,4,1,8
"dot/dot_uint8_int8_int32_6x16x4_1x8x4_avxvnni/64/164/real_time",538974,258.688,258.288,ns,,,"6x64x164",,,4,6,16,164,6,64,4,1,8
"dot/dot_uint8_int8_int32_6x16x4_1x8x4_avxvnni/64/244/real_time",370155,377.13,376.513,ns,,,"6x64x244",,,4,6,16,244,6,64,4,1,8
"dot/dot_uint8_int8_int32_6x16x4_1x8x4_avxvnni/64/328/real_time",277308,504.563,503.706,ns,,,"6x64x328",,,4,6,16,328,6,64,4,1,8
"dot/dot_uint8_int8_int32_6x16x4_1x8x4_avxvnni/128/4/real_time",2871786,48.7955,48.7183,ns,,,"6x128x4",,,4,6,16,4,6,128,4,1,8
"dot/dot_uint8_int8_int32_6x16x4_1x8x4_avxvnni/128/40/real_time",1004270,139.739,139.479,ns,,,"6x128x40",,,4,6,16,40,6,128,4,1,8
"dot/dot_uint8_int8_int32_6x16x4_1x8x4_avxvnni/128/80/real_time",560284,250.203,249.777,ns,,,"6x128x80",,,4,6,16,80,6,128,4,1,8
"dot/dot_uint8_int8_int32_6x16x4_1x8x4_avxvnni/128/120/real_time",371744,379.1,378.495,ns,,,"6x128x120",,,4,6,16,120,6,128,4,1,8
"dot/dot_uint8_int8_int32_6x16x4_1x8x4_avxvnni/128/160/real_time",280548,498.584,497.56,ns,,,"6x128x160",,,4,6,16,160,6,128,4,1,8
"dot/dot_uint8_int8_int32_8x8x4_1x8x4_avxvnni/8/4/real_time",12305938,11.3666,11.3494,ns,,,"8x8x4",,,4,8,8,4,8,8,4,1,8
"dot/dot_uint8_int8_int32_8x8x4_1x8x4_avxvnni/8/380/real_time",1036471,135.092,134.875,ns,,,"8x8x380",,,4,8,8,380,8,8,4,1,8
"dot/dot_uint8_int8_int32_8x8x4_1x8x4_avxvnni/8/760/real_time",531917,263.055,262.638,ns,,,"8x8x760",,,4,8,8,760,8,8,4,1,8
"dot/dot_uint8_int8_int32_8x8x4_1x8x4_avxvnni/8/1140/real_time",357745,391.454,390.83,ns,,,"8x8x1140",,,4,8,8,1140,8,8,4,1,8
"dot/dot_uint8_int8_int32_8x8x4_1x8x4_avxvnni/8/1520/real_time",268771,521.044,520.187,ns,,,"8x8x1520",,,4,8,8,1520,8,8,4,1,8
"dot/dot_uint8_int8_int32_8x8x4_1x8x4_avxvnni/16/4/real_time",9456612,14.8328,14.808,ns,,,"8x16x4",,,4,8,8,4,8,16,4,1,8
"dot/dot_uint8_int8_int32_8x8x4_1x8x4_avxvnni/16/248/real_time",804520,173.34,173.029,ns,,,"8x16x248",,,4,8,8,248,8,16,4,1,8
"dot/dot_uint8_int8_int32_8x8x4_1x8x4_avxvnni/16/500/real_time",407885,342.948,342.416,ns,,,"8x16x500",,,4,8,8,500,8,16,4,1,8
"dot/dot_uint8_int8_int32_8x8x4_1x8x4_avxvnni/16/748/real_time",273912,510.944,510.184,ns,,,"8x16x748",,,4,8,8,748,8,16,4,1,8
"dot/dot_uint8_int8_int32_8x8x4_1x8x4_avxvnni/16/1000/real_time",205436,681.927,680.854,ns,,,"8x16x1000",,,4,8,8,1000,8,16,4,1,8
"dot/dot_uint8_int8_int32_8x8x4_1x8x4_avxvnni/32/4/real_time",6375400,21.9622,21.9218,ns,,,"8x32x4",,,4,8,8,4,8,32,4,1,8
"dot/dot_uint8_int8_int32_8x8x4_1x8x4_avxvnni/32/144/real_time",710710,196.246,195.93,ns,,,"8x32x144",,,4,8,8,144,8,32,4,1,8
"dot/dot_uint8_int8_int32_8x8x4_1x8x4_avxvnni/32/292/real_time",354984,395.377,394.751,ns,,,"8x32x292",,,4,8,8,292,8,32,4,1,8
"dot/dot_uint8_int8_int32_8x8x4_1x8x4_avxvnni/32/440/real_time",234618,596.69,595.754,ns,,,"8x32x440",,,4,8,8,440,8,32,4,1,8
"dot/dot_uint8_int8_int32_8x8x4_1x8x4_avxvnni/32/588/real_time",175622,797.133,795.82,ns,,,"8x32x588",,,4,8,8,588,8,32,4,1,8
"dot/dot_uint8_int8_int32_8x8x4_1x8x4_avxvnni/64/4/real_time",3881466,36.025,35.965,ns,,,"8x64x4",,,4,8,8,4,8,64,4,1,8
"dot/dot_uint8_int8_int32_8x8x4_1x8x4_avxvnni/64/76/real_time",699004,200.283,199.941,ns,,,"8x64x76",,,4,8,8,76,8,64,4,1,8
"dot/dot_uint8_int8_int32_8x8x4_1x8x4_avxvnni/64/156/real_time",339023,415.231,414.58,ns,,,"8x64x156",,,4,8,8,156,8,64,4,1,8
"dot/dot_uint8_int8_int32_8x8x4_1x8x4_avxvnni/64/232/real_time",224309,623.87,622.921,ns,,,"8x64x232",,,4,8,8,232,8,64,4,1,8
"dot/dot_uint8_int8_int32_8x8x4_1x8x4_avxvnni/64/312/real_time",165937,841.006,839.687,ns,,,"8x64x312",,,4,8,8,312,8,64,4,1,8
"dot/dot_bf16_bf16_fp32_1x64x2_1x16x2_avx512bf16/64/2/real_time",17338038,8.07803,8.06241,ns,,,"1x64x2",,,2,1,64,2,1,64,2,1,16
"dot/dot_bf16_bf16_fp32_1x64x2_1x16x2_avx512bf16/64/46/real_time",2567197,54.6253,54.5253,ns,,,"1x64x46",,,2,1,64,46,1,64,2,1,16
"dot/dot_bf16_bf16_fp32_1x64x2_1x16x2_avx512bf16/64/92/real_time",1261141,109.977,109.785,ns,,,"1x64x92",,,2,1,64,92,1,64,2,1,16
"dot/dot_bf16_bf16_fp32_1x64x2_1x16x2_avx512bf16/64/138/real_time",902007,155.498,155.229,ns,,,"1x64x138",,,2,1,64,138,1,64,2,1,16
"dot/dot_bf16_bf16_fp32_1x64x2_1x16x2_avx512bf16/64/186/real_time",674640,207.323,206.971,ns,,,"1x64x186",,,2,1,64,186,1,64,2,1,16
"dot/dot_bf16_bf16_fp32_1x64x2_1x16x2_avx512bf16/128/2/real_time",12006405,11.6845,11.6624,ns,,,"1x128x2",,,2,1,64,2,1,128,2,1,16
"dot/dot_bf16_bf16_fp32_1x64x2_1x16x2_avx512bf16/128/22/real_time",2520170,55.546,55.4517,ns,,,"1x128x22",,,2,1,64,22,1,128,2,1,16
"dot/dot_bf16_bf16_fp32_1x64x2_1x16x2_avx512bf16/128/46/real_time",1268261,111.238,110.989,ns,,,"1x128x46",,,2,1,64,46,1,128,2,1,16
"dot/dot_bf16_bf16_fp32_1x64x2_1x16x2_avx512bf16/128/68/real_time",855882,163.202,162.917,ns,,,"1x128x68",,,2,1,64,68,1,128,2,1,16
"dot/dot_bf16_bf16_fp32_1x64x2_1x16x2_avx512bf16/128/92/real_time",644670,216.622,216.293,ns,,,"1x128x92",,,2,1,64,92,1,128,2,1,16
"dot/dot_bf16_bf16_fp32_1x64x2_1x16x2_avx512bf16/256/2/real_time",7621818,18.4522,18.4255,ns,,,"1x256x2",,,2,1,64,2,1,256,2,1,16
"dot/dot_bf16_bf16_fp32_1x64x2_1x16x2_avx512bf16/256/10/real_time",2815563,49.7093,49.6218,ns,,,"1x256x10",,,2,1,64,10,1,256,2,1,16
"dot/dot_bf16_bf16_fp32_1x64x2_1x16x2_avx512bf16/256/22/real_time",1327560,106.445,106.27,ns,,,"1x256x22",,,2,1,64,22,1,256,2,1,16
"dot/dot_bf16_bf16_fp32_1x64x2_1x16x2_avx512bf16/256/32/real_time",929544,150.432,150.166,ns,,,"1x256x32",,,2,1,64,32,1,256,2,1,16
"dot/dot_bf16_bf16_fp32_1x64x2_1x16x2_avx512bf16/256/44/real_time",659621,211.207,210.851,ns,,,"1x256x44",,,2,1,64,44,1,256,2,1,16
"dot/dot_bf16_bf16_fp32_1x64x2_1x16x2_avx512bf16/512/2/real_time",4358500,32.1124,32.057,ns,,,"1x512x2",,,2,1,64,2,1,512,2,1,16
"dot/dot_bf16_bf16_fp32_1x64x2_1x16x2_avx512bf16/512/4/real_time",2912678,47.9115,47.8382,ns,,,"1x512x4",,,2,1,64,4,1,512,2,1,16
"dot/dot_bf16_bf16_fp32_1x64x2_1x16x2_avx512bf16/512/10/real_time",1336790,102.877,102.685,ns,,,"1x512x10",,,2,1,64,10,1,512,2,1,16
"dot/dot_bf16_bf16_fp32_1x64x2_1x16x2_avx512bf16/512/14/real_time",1002382,139.63,139.388,ns,,,"1x512x14",,,2,1,64,14,1,512,2,1,16
"dot/dot_bf16_bf16_fp32_1x64x2_1x16x2_avx512bf16/512/20/real_time",716929,195.678,195.318,ns,,,"1x512x20",,,2,1,64,20,1,512,2,1,16
"dot/dot_bf16_bf16_fp32_2x64x2_1x16x2_avx512bf16/64/2/real_time",12611963,11.1063,11.0885,ns,,,"2x64x2",,,2,2,64,2,2,64,2,1,16
"dot/dot_bf16_bf16_fp32_2x64x2_1x16x2_avx512bf16/64/44/real_time",1487099,94.6336,94.4667,ns,,,"2x64x44",,,2,2,64,44,2,64,2,1,16
"dot/dot_bf16_bf16_fp32_2x64x2_1x16x2_avx512bf16/64/90/real_time",733860,191.092,190.742,ns,,,"2x64x90",,,2,2,64,90,2,64,2,1,16
"dot/dot_bf16_bf16_fp32_2x64x2_1x16x2_avx512bf16/64/136/real_time",488090,287.005,286.475,ns,,,"2x64x136",,,2,2,64,136,2,64,2,1,16
"dot/dot_bf16_bf16_fp32_2x64x2_1x16x2_avx512bf16/64/182/real_time",365656,383.181,382.483,ns,,,"2x64x182",,,2,2,64,182,2,64,2,1,16
"dot/dot_bf16_bf16_fp32_2x64x2_1x16x2_avx512bf16/128/2/real_time",8825519,15.9028,15.874,ns,,,"2x128x2",,,2,2,64,2,2,128,2,1,16
"dot/dot_bf16_bf16_fp32_2x64x2_1x16x2_avx512bf16/128/22/real_time",1416611,98.7868,98.6086,ns,,,"2x128x22",,,2,2,64,22,2,128,2,1,16
"dot/dot_bf16_bf16_fp32_2x64x2_1x16x2_avx512bf16/128/44/real_time",752242,185.873,185.592,ns,,,"2x128x44",,,2,2,64,44,2,128,2,1,16
"dot/dot_bf16_bf16_fp32_2x64x2_1x16x2_avx512bf16/128/66/real_time",501987,278.896,278.447,ns,,,"2x128x66",,,2,2,64,66,2,128,2,1,16
"dot/dot_bf16_bf16_fp32_2x64x2_1x16x2_avx512bf16/128/90/real_time",368896,379.29,378.642,ns,,,"2x128x90",,,2,2,64,90,2,128,2,1,16
"dot/dot_bf16_bf16_fp32_2x64x2_1x16x2_avx512bf16/256/2/real_time",4856296,28.8389,28.7859,ns,,,"2x256x2",,,2,2,64,2,2,256,2,1,16
"dot/dot_bf16_bf16_fp32_2x64x2_1x16x2_avx512bf16/256/10/real_time",1524082,91.8486,91.6924,ns,,,"2x256x10",,,2,2,64,10,2,256,2,1,16
"dot/dot_bf16_bf16_fp32_2x64x2_1x16x2_avx512bf16/256/20/real_time",787317,177.215,176.892,ns,,,"2x256x20",,,2,2,64,20,2,256,2,1,16
"dot/dot_bf16_bf16_fp32_2x64x2_1x16x2_avx512bf16/256/30/real_time",551954,253.389,252.998,ns,,,"2x256x30",,,2,2,64,30,2,256,2,1,16
"dot/dot_bf16_bf16_fp32_2x64x2_1x16x2_avx512bf16/256/42/real_time",394754,354.594,353.914,ns,,,"2x256x42",,,2,2,64,42,2,256,2,1,16
"dot/dot_bf16_bf16_fp32_2x64x2_1x16x2_avx512bf16/512/2/real_time",2671612,52.332,52.2429,ns,,,"2x512x2",,,2,2,64,2,2,512,2,1,16
"dot/dot_bf16_bf16_fp32_2x64x2_1x16x2_avx512bf16/512/4/real_time",1785129,78.5219,78.3733,ns,,,"2x512x4",,,2,2,64,4,2,512,2,1,16
"dot/dot_bf16_bf16_fp32_2x64x2_1x16x2_avx512bf16/512/8/real_time",953307,146.866,146.593,ns,,,"2x512x8",,,2,2,64,8,2,512,2,1,16
"dot/dot_bf16_bf16_fp32_2x64x2_1x16x2_avx512bf16/512/12/real_time",644126,215.699,215.304,ns,,,"2x512x12",,,2,2,64,12,2,512,2,1,16
"dot/dot_bf16_bf16_fp32_2x64x2_1x16x2_avx512bf16/512/18/real_time",437882,319.56,318.936,ns,,,"2x512x18",,,2,2,64,18,2,512,2,1,16
"dot/dot_bf16_bf16_fp32_3x64x2_1x16x2_avx512bf16/64/2/real_time",10635186,13.1228,13.1006,ns,,,"3x64x2",,,2,3,64,2,3,64,2,1,16
"dot/dot_bf16_bf16_fp32_3x64x2_1x16x2_avx512bf16/64/44/real_time",1000569,134.958,134.714,ns,,,"3x64x44",,,2,3,64,44,3,64,2,1,16
"dot/dot_bf16_bf16_fp32_3x64x2_1x16x2_avx512bf16/64/88/real_time",514558,272.171,271.648,ns,,,"3x64x88",,,2,3,64,88,3,64,2,1,16
"dot/dot_bf16_bf16_fp32_3x64x2_1x16x2_avx512bf16/64/132/real_time",349702,402.343,401.554,ns,,,"3x64x132",,,2,3,64,132,3,64,2,1,16
"dot/dot_bf16_bf16_fp32_3x64x2_1x16x2_avx512bf16/64/176/real_time",262963,532.62,531.758,ns,,,"3x64x176",,,2,3,64,176,3,64,2,1,16
"dot/dot_bf16_bf16_fp32_3x64x2_1x16x2_avx512bf16/128/2/real_time",6519724,21.6578,21.6182,ns,,,"3x128x2",,,2,3,64,2,3,128,2,1,16
"dot/dot_bf16_bf16_fp32_3x64x2_1x16x2_avx512bf16/128/20/real_time",1080745,128.894,128.656,ns,,,"3x128x20",,,2,3,64,20,3,128,2,1,16
"dot/dot_bf16_bf16_fp32_3x64x2_1x16x2_avx512bf16/128/42/real_time",547350,255.965,255.57,ns,,,"3x128x42",,,2,3,64,42,3,128,2,1,16
"dot/dot_bf16_bf16_fp32_3x64x2_1x16x2_avx512bf16/128/64/real_time",359508,389.802,389.077,ns,,,"3x128x64",,,2,3,64,64,3,128,2,1,16
"dot/dot_bf16_bf16_fp32_3x64x2_1x16x2_avx512bf16/128/86/real_time",268779,520.426,519.561,ns,,,"3x128x86",,,2,3,64,86,3,128,2,1,16
"dot/dot_bf16_bf16_fp32_3x64x2_1x16x2_avx512bf16/256/2/real_time",3631373,38.7326,38.6626,ns,,,"3x256x2",,,2,3,64,2,3,256,2,1,16
"dot/dot_bf16_bf16_fp32_3x64x2_1x16x2_avx512bf16/256/10/real_time",1058039,131.8,131.505,ns,,,"3x256x10",,,2,3,64,10,3,256,2,1,16
"dot/dot_bf16_bf16_fp32_3x64x2_1x16x2_avx512bf16/256/20/real_time",559048,250.325,249.781,ns,,,"3x256x20",,,2,3,64,20,3,256,2,1,16
"dot/dot_bf16_bf16_fp32_3x64x2_1x16x2_avx512bf16/256/30/real_time",386142,362.69,361.998,ns,,,"3x256x30",,,2,3,64,30,3,256,2,1,16
"dot/dot_bf16_bf16_fp32_3x64x2_1x16x2_avx512bf16/256/40/real_time",289720,482.846,482.062,ns,,,"3x256x40",,,2,3,64,40,3,256,2,1,16
"dot/dot_bf16_bf16_fp32_3x64x2_1x16x2_avx512bf16/512/2/real_time",1953834,71.3828,71.2623,ns,,,"3x512x2",,,2,3,64,2,3,512,2,1,16
"dot/dot_bf16_bf16_fp32_3x64x2_1x16x2_avx512bf16/512/4/real_time",1269517,110.622,110.412,ns,,,"3x512x4",,,2,3,64,4,3,512,2,1,16
"dot/dot_bf16_bf16_fp32_3x64x2_1x16x2_avx512bf16/512/8/real_time",666038,210.069,209.678,ns,,,"3x512x8",,,2,3,64,8,3,512,2,1,16
"dot/dot_bf16_bf16_fp32_3x64x2_1x16x2_avx512bf16/512/12/real_time",453560,308.585,307.998,ns,,,"3x512x12",,,2,3,64,12,3,512,2,1,16
"dot/dot_bf16_bf16_fp32_3x64x2_1x16x2_avx512bf16/512/16/real_time",347006,403.736,402.98,ns,,,"3x512x16",,,2,3,64,16,3,512,2,1,16
"dot/dot_bf16_bf16_fp32_4x64x2_1x16x2_avx512bf16/64/2/real_time",8853744,15.7498,15.7216,ns,,,"4x64x2",,,2,4,64,2,4,64,2,1,16
"dot/dot_bf16_bf16_fp32_4x64x2_1x16x2_avx512bf16/64/42/real_time",790188,172.172,171.866,ns,,,"4x64x42",,,2,4,64,42,4,64,2,1,16
"dot/dot_bf16_bf16_fp32_4x64x2_1x16x2_avx512bf16/64/86/real_time",398422,350.648,349.965,ns,,,"4x64x86",,,2,4,64,86,4,64,2,1,16
"dot/dot_bf16_bf16_fp32_4x64x2_1x16x2_avx512bf16/64/128/real_time",269709,519.413,518.427,ns,,,"4x64x128",,,2,4,64,128,4,64,2,1,16
"dot/dot_bf16_bf16_fp32_4x64x2_1x16x2_avx512bf16/64/172/real_time",201337,695.893,694.586,ns,,,"4x64x172",,,2,4,64,172,4,64,2,1,16
"dot/dot_bf16_bf16_fp32_4x64x2_1x16x2_avx512bf16/128/2/real_time",5106580,27.3011,27.254,ns,,,"4x128x2",,,2,4,64,2,4,128,2,1,16
"dot/dot_bf16_bf16_fp32_4x64x2_1x16x2_avx512bf16/128/20/real_time",829448,163.9,163.621,ns,,,"4x128x20",,,2,4,64,20,4,128,2,1,16
"dot/dot_bf16_bf16_fp32_4x64x2_1x16x2_avx512bf16/128/42/real_time",409013,342.742,342.187,ns,,,"4x128x42",,,2,4,64,42,4,128,2,1,16
"dot/dot_bf16_bf16_fp32_4x64x2_1x16x2_avx512bf16/128/62/real_time",278022,504.202,503.257,ns,,,"4x128x62",,,2,4,64,62,4,128,2,1,16
"dot/dot_bf16_bf16_fp32_4x64x2_1x16x2_avx512bf16/128/84/real_time",205644,679.884,678.709,ns,,,"4x128x84",,,2,4,64,84,4,128,2,1,16
"dot/dot_bf16_bf16_fp32_4x64x2_1x16x2_avx512bf16/256/2/real_time",2975883,47.1478,47.0614,ns,,,"4x256x2",,,2,4,64,2,4,256,2,1,16
"dot/dot_bf16_bf16_fp32_4x64x2_1x16x2_avx512bf16/256/8/real_time",996368,139.55,139.305,ns,,,"4x256x8",,,2,4,64,8,4,256,2,1,16
"dot/dot_bf16_bf16_fp32_4x64x2_1x16x2_avx512bf16/256/18/real_time",478228,292.332,291.893,ns,,,"4x256x18",,,2,4,64,18,4,256,2,1,16
"dot/dot_bf16_bf16_fp32_4x64x2_1x16x2_avx512bf16/256/28/real_time",309167,452.478,451.644,ns,,,"4x256x28",,,2,4,64,28,4,256,2,1,16
"dot/dot_bf16_bf16_fp32_4x64x2_1x16x2_avx512bf16/256/38/real_time",228505,612.682,611.548,ns,,,"4x256x38",,,2,4,64,38,4,256,2,1,16
"dot/dot_bf16_bf16_fp32_4x64x2_1x16x2_avx512bf16/512/2/real_time",1560410,89.7911,89.6206,ns,,,"4x512x2",,,2,4,64,2,4,512,2,1,16
"dot/dot_bf16_bf16_fp32_4x64x2_1x16x2_avx512bf16/512/6/real_time",661920,211.44,211.017,ns,,,"4x512x6",,,2,4,64,6,4,512,2,1,16
"dot/dot_bf16_bf16_fp32_4x64x2_1x16x2_avx512bf16/512/10/real_time",409502,341.816,340.755,ns,,,"4x512x10",,,2,4,64,10,4,512,2,1,16
"dot/dot_bf16_bf16_fp32_4x64x2_1x16x2_avx512bf16/512/14/real_time",309234,452.437,451.64,ns,,,"4x512x14",,,2,4,64,14,4,512,2,1,16
"dot/dot_bf16_bf16_fp32_5x64x2_1x16x2_avx512bf16/64/2/real_time",6960203,19.978,19.9339,ns,,,"5x64x2",,,2,5,64,2,5,64,2,1,16
"dot/dot_bf16_bf16_fp32_5x64x2_1x16x2_avx512bf16/64/42/real_time",622452,222.537,222.114,ns,,,"5x64x42",,,2,5,64,42,5,64,2,1,16
"dot/dot_bf16_bf16_fp32_5x64x2_1x16x2_avx512bf16/64/84/real_time",328924,424.99,424.265,ns,,,"5x64x84",,,2,5,64,84,5,64,2,1,16
"dot/dot_bf16_bf16_fp32_5x64x2_1x16x2_avx512bf16/64/126/real_time",220123,636.122,635.071,ns,,,"5x64x126",,,2,5,64,126,5,64,2,1,16
"dot/dot_bf16_bf16_fp32_5x64x2_1x16x2_avx512bf16/64/168/real_time",164412,846.396,844.93,ns,,,"5x64x168",,,2,5,64,168,5,64,2,1,16
"dot/dot_bf16_bf16_fp32_5x64x2_1x16x2_avx512bf16/128/2/real_time",4136952,33.8034,33.7466,ns,,,"5x128x2",,,2,5,64,2,5,128,2,1,16
"dot/dot_bf16_bf16_fp32_5x64x2_1x16x2_avx512bf16/128/20/real_time",645541,216.262,215.899,ns,,,"5x128x20",,,2,5,64,20,5,128,2,1,16
"dot/dot_bf16_bf16_fp32_5x64x2_1x16x2_avx512bf16/128/40/real_time",332713,420.883,420.125,ns,,,"5x128x40",,,2,5,64,40,5,128,2,1,16
"dot/dot_bf16_bf16_fp32_5x64x2_1x16x2_avx512bf16/128/60/real_time",231161,606.013,604.722,ns,,,"5x128x60",,,2,5,64,60,5,128,2,1,16
"dot/dot_bf16_bf16_fp32_5x64x2_1x16x2_avx512bf16/128/82/real_time",169289,826.365,824.835,ns,,,"5x128x82",,,2,5,64,82,5,128,2,1,16
"dot/dot_bf16_bf16_fp32_5x64x2_1x16x2_avx512bf16/256/2/real_time",2347764,59.5789,59.4804,ns,,,"5x256x2",,,2,5,64,2,5,256,2,1,16
"dot/dot_bf16_bf16_fp32_5x64x2_1x16x2_avx512bf16/256/8/real_time",786317,178.068,177.735,ns,,,"5x256x8",,,2,5,64,8,5,256,2,1,16
"dot/dot_bf16_bf16_fp32_5x64x2_1x16x2_avx512bf16/256/18/real_time",362112,386.799,386.097,ns,,,"5x256x18",,,2,5,64,18,5,256,2,1,16
"dot/dot_bf16_bf16_fp32_5x64x2_1x16x2_avx512bf16/256/26/real_time",258859,540.999,540.077,ns,,,"5x256x26",,,2,5,64,26,5,256,2,1,16
"dot/dot_bf16_bf16_fp32_5x64x2_1x16x2_avx512bf16/256/36/real_time",188699,742.084,740.67,ns,,,"5x256x36",,,2,5,64,36,5,256,2,1,16
"dot/dot_bf16_bf16_fp32_5x64x2_1x16x2_avx512bf16/512/2/real_time",1228700,114.192,113.97,ns,,,"5x512x2",,,2,5,64,2,5,512,2,1,16
"dot/dot_bf16_bf16_fp32_5x64x2_1x16x2_avx512bf16/512/6/real_time",517032,271.847,271.31,ns,,,"5x512x6",,,2,5,64,6,5,512,2,1,16
"dot/dot_bf16_bf16_fp32_5x64x2_1x16x2_avx512bf16/512/8/real_time",397565,352.017,351.301,ns,,,"5x512x8",,,2,5,64,8,5,512,2,1,16
"dot/dot_bf16_bf16_fp32_5x64x2_1x16x2_avx512bf16/512/12/real_time",271055,516.04,515.211,ns,,,"5x512x12",,,2,5,64,12,5,512,2,1,16
"dot/dot_bf16_bf16_fp32_2x32x2_1x16x2_avx512bf16/32/2/real_time",15478161,9.04449,9.0268,ns,,,"2x32x2",,,2,2,32,2,2,32,2,1,16
"dot/dot_bf16_bf16_fp32_2x32x2_1x16x2_avx512bf16/32/88/real_time",1389218,100.276,100.112,ns,,,"2x32x88",,,2,2,32,88,2,32,2,1,16
"dot/dot_bf16_bf16_fp32_2x32x2_1x16x2_avx512bf16/32/178/real_time",712263,196.874,196.463,ns,,,"2x32x178",,,2,2,32,178,2,32,2,1,16
"dot/dot_bf16_bf16_fp32_2x32x2_1x16x2_avx512bf16/32/266/real_time",480939,291.014,290.484,ns,,,"2x32x266",,,2,2,32,266,2,32,2,1,16
"dot/dot_bf16_bf16_fp32_2x32x2_1x16x2_avx512bf16/32/356/real_time",361076,387.335,386.532,ns,,,"2x32x356",,,2,2,32,356,2,32,2,1,16
"dot/dot_bf16_bf16_fp32_2x32x2_1x16x2_avx512bf16/64/2/real_time",10971328,12.7538,12.7295,ns,,,"2x64x2",,,2,2,32,2,2,64,2,1,16
"dot/dot_bf16_bf16_fp32_2x32x2_1x16x2_avx512bf16/64/44/real_time",1367283,101.82,101.63,ns,,,"2x64x44",,,2,2,32,44,2,64,2,1,16
"dot/dot_bf16_bf16_fp32_2x32x2_1x16x2_avx512bf16/64/90/real_time",701755,199.956,199.581,ns,,,"2x64x90",,,2,2,32,90,2,64,2,1,16
"dot/dot_bf16_bf16_fp32_2x32x2_1x16x2_avx512bf16/64/136/real_time",468661,298.305,297.675,ns,,,"2x64x136",,,2,2,32,136,2,64,2,1,16
"dot/dot_bf16_bf16_fp32_2x32x2_1x16x2_avx512bf16/64/182/real_time",352646,396.944,396.09,ns,,,"2x64x182",,,2,2,32,182,2,64,2,1,16
"dot/dot_bf16_bf16_fp32_2x32x2_1x16x2_avx512bf16/128/2/real_time",7128765,19.7105,19.6594,ns,,,"2x128x2",,,2,2,32,2,2,128,2,1,16
"dot/dot_bf16_bf16_fp32_2x32x2_1x16x2_avx512bf16/128/22/real_time",1340529,104.393,104.203,ns,,,"2x128x22",,,2,2,32,22,2,128,2,1,16
"dot/dot_bf16_bf16_fp32_2x32x2_1x16x2_avx512bf16/128/44/real_time",701680,198.993,198.608,ns,,,"2x128x44",,,2,2,32,44,2,128,2,1,16
"dot/dot_bf16_bf16_fp32_2x32x2_1x16x2_avx512bf16/128/66/real_time",481292,292.03,291.484,ns,,,"2x128x66",,,2,2,32,66,2,128,2,1,16
"dot/dot_bf16_bf16_fp32_2x32x2_1x16x2_avx512bf16/128/90/real_time",354004,394.224,393.398,ns,,,"2x128x90",,,2,2,32,90,2,128,2,1,16
"dot/dot_bf16_bf16_fp32_2x32x2_1x16x2_avx512bf16/256/2/real_time",3994062,35.186,35.0841,ns,,,"2x256x2",,,2,2,32,2,2,256,2,1,16
"dot/dot_bf16_bf16_fp32_2x32x2_1x16x2_avx512bf16/256/10/real_time",1395797,100.46,100.187,ns,,,"2x256x10",,,2,2,32,10,2,256,2,1,16
"dot/dot_bf16_bf16_fp32_2x32x2_1x16x2_avx512bf16/256/20/real_time",739917,188.6,188.108,ns,,,"2x256x20",,,2,2,32,20,2,256,2,1,16
"dot/dot_bf16_bf16_fp32_2x32x2_1x16x2_avx512bf16/256/30/real_time",506183,276.472,275.697,ns,,,"2x256x30",,,2,2,32,30,2,256,2,1,16
"dot/dot_bf16_bf16_fp32_2x32x2_1x16x2_avx512bf16/256/42/real_time",382203,366.903,365.74,ns,,,"2x256x42",,,2,2,32,42,2,256,2,1,16
"dot/dot_bf16_bf16_fp32_3x32x2_1x16x2_avx512bf16/32/2/real_time",12787440,10.9211,10.8937,ns,,,"3x32x2",,,2,3,32,2,3,32,2,1,16
"dot/dot_bf16_bf16_fp32_3x32x2_1x16x2_avx512bf16/32/86/real_time",997612,140.659,140.276,ns,,,"3x32x86",,,2,3,32,86,3,32,2,1,16
"dot/dot_bf16_bf16_fp32_3x32x2_1x16x2_avx512bf16/32/172/real_time",502590,278.656,277.864,ns,,,"3x32x172",,,2,3,32,172,3,32,2,1,16
"dot/dot_bf16_bf16_fp32_3x32x2_1x16x2_avx512bf16/32/258/real_time",336073,416.383,415.211,ns,,,"3x32x258",,,2,3,32,258,3,32,2,1,16
"dot/dot_bf16_bf16_fp32_3x32x2_1x16x2_avx512bf16/32/344/real_time",253423,552.455,550.958,ns,,,"3x32x344",,,2,3,32,344,3,32,2,1,16
"dot/dot_bf16_bf16_fp32_3x32x2_1x16x2_avx512bf16/64/2/real_time",8965055,15.5902,15.5466,ns,,,"3x64x2",,,2,3,32,2,3,64,2,1,16
"dot/dot_bf16_bf16_fp32_3x32x2_1x16x2_avx512bf16/64/44/real_time",989433,141.54,141.177,ns,,,"3x64x44",,,2,3,32,44,3,64,2,1,16
"dot/dot_bf16_bf16_fp32_3x32x2_1x16x2_avx512bf16/64/88/real_time",493271,284.689,283.897,ns,,,"3x64x88",,,2,3,32,88,3,64,2,1,16
"dot/dot_bf16_bf16_fp32_3x32x2_1x16x2_avx512bf16/64/132/real_time",328882,425.066,423.865,ns,,,"3x64x132",,,2,3,32,132,3,64,2,1,16
"dot/dot_bf16_bf16_fp32_3x32x2_1x16x2_avx512bf16/64/176/real_time",247609,565.632,564.011,ns,,,"3x64x176",,,2,3,32,176,3,64,2,1,16
"dot/dot_bf16_bf16_fp32_3x32x2_1x16x2_avx512bf16/128/2/real_time",5384841,25.724,25.652,ns,,,"3x128x2",,,2,3,32,2,3,128,2,1,16
"dot/dot_bf16_bf16_fp32_3x32x2_1x16x2_avx512bf16/128/20/real_time",1023574,136.616,136.232,ns,,,"3x128x20",,,2,3,32,20,3,128,2,1,16
"dot/dot_bf16_bf16_fp32_3x32x2_1x16x2_avx512bf16/128/42/real_time",519476,269.753,268.952,ns,,,"3x128x42",,,2,3,32,42,3,128,2,1,16
"dot/dot_bf16_bf16_fp32_3x32x2_1x16x2_avx512bf16/128/64/real_time",338669,413.029,411.869,ns,,,"3x128x64",,,2,3,32,64,3,128,2,1,16
"dot/dot_bf16_bf16_fp32_3x32x2_1x16x2_avx512bf16/128/86/real_time",252674,554.884,553.189,ns,,,"3x128x86",,,2,3,32,86,3,128,2,1,16
"dot/dot_bf16_bf16_fp32_3x32x2_1x16x2_avx512bf16/256/2/real_time",3203753,43.6892,43.5758,ns,,,"3x256x2",,,2,3,32,2,3,256,2,1,16
"dot/dot_bf16_bf16_fp32_3x32x2_1x16x2_avx512bf16/256/10/real_time",997526,140.297,139.916,ns,,,"3x256x10",,,2,3,32,10,3,256,2,1,16
"dot/dot_bf16_bf16_fp32_3x32x2_1x16x2_avx512bf16/256/20/real_time",515915,271.269,270.561,ns,,,"3x256x20",,,2,3,32,20,3,256,2,1,16
"dot/dot_bf16_bf16_fp32_3x32x2_1x16x2_avx512bf16/256/30/real_time",363656,384.793,383.743,ns,,,"3x256x30",,,2,3,32,30,3,256,2,1,16
"dot/dot_bf16_bf16_fp32_3x32x2_1x16x2_avx512bf16/256/40/real_time",273496,511.962,510.403,ns,,,"3x256x40",,,2,3,32,40,3,256,2,1,16
"dot/dot_bf16_bf16_fp32_4x32x2_1x16x2_avx512bf16/32/2/real_time",11118313,12.5729,12.5359,ns,,,"4x32x2",,,2,4,32,2,4,32,2,1,16
"dot/dot_bf16_bf16_fp32_4x32x2_1x16x2_avx512bf16/32/82/real_time",793334,175.314,174.864,ns,,,"4x32x82",,,2,4,32,82,4,32,2,1,16
"dot/dot_bf16_bf16_fp32_4x32x2_1x16x2_avx512bf16/32/166/real_time",397696,351.839,350.85,ns,,,"4x32x166",,,2,4,32,166,4,32,2,1,16
"dot/dot_bf16_bf16_fp32_4x32x2_1x16x2_avx512bf16/32/250/real_time",264964,528.169,526.721,ns,,,"4x32x250",,,2,4,32,250,4,32,2,1,16
"dot/dot_bf16_bf16_fp32_4x32x2_1x16x2_avx512bf16/32/334/real_time",198858,703.864,702.016,ns,,,"4x32x334",,,2,4,32,334,4,32,2,1,16
"dot/dot_bf16_bf16_fp32_4x32x2_1x16x2_avx512bf16/64/2/real_time",7674134,18.2944,18.2434,ns,,,"4x64x2",,,2,4,32,2,4,64,2,1,16
"dot/dot_bf16_bf16_fp32_4x32x2_1x16x2_avx512bf16/64/42/real_time",785028,176.635,176.165,ns,,,"4x64x42",,,2,4,32,42,4,64,2,1,16
"dot/dot_bf16_bf16_fp32_4x32x2_1x16x2_avx512bf16/64/86/real_time",388356,361.395,360.223,ns,,,"4x64x86",,,2,4,32,86,4,64,2,1,16
"dot/dot_bf16_bf16_fp32_4x32x2_1x16x2_avx512bf16/64/128/real_time",261090,536.196,534.431,ns,,,"4x64x128",,,2,4,32,128,4,64,2,1,16
"dot/dot_bf16_bf16_fp32_4x32x2_1x16x2_avx512bf16/64/172/real_time",194906,718.464,716.391,ns,,,"4x64x172",,,2,4,32,172,4,64,2,1,16
"dot/dot_bf16_bf16_fp32_4x32x2_1x16x2_avx512bf16/128/2/real_time",4274318,32.5207,32.4192,ns,,,"4x128x2",,,2,4,32,2,4,128,2,1,16
"dot/dot_bf16_bf16_fp32_4x32x2_1x16x2_avx512bf16/128/20/real_time",785658,176.962,176.354,ns,,,"4x128x20",,,2,4,32,20,4,128,2,1,16
"dot/dot_bf16_bf16_fp32_4x32x2_1x16x2_avx512bf16/128/42/real_time",398693,351.404,350.556,ns,,,"4x128x42",,,2,4,32,42,4,128,2,1,16
"dot/dot_bf16_bf16_fp32_4x32x2_1x16x2_avx512bf16/128/62/real_time",269832,518.888,517.444,ns,,,"4x128x62",,,2,4,32,62,4,128,2,1,16
"dot/dot_bf16_bf16_fp32_4x32x2_1x16x2_avx512bf16/128/84/real_time",199390,702.565,700.712,ns,,,"4x128x84",,,2,4,32,84,4,128,2,1,16
"dot/dot_bf16_bf16_fp32_4x32x2_1x16x2_avx512bf16/256/2/real_time",2448277,57.254,57.0919,ns,,,"4x256x2",,,2,4,32,2,4,256,2,1,16
"dot/dot_bf16_bf16_fp32_4x32x2_1x16x2_avx512bf16/256/8/real_time",939822,148.126,147.711,ns,,,"4x256x8",,,2,4,32,8,4,256,2,1,16
"dot/dot_bf16_bf16_fp32_4x32x2_1x16x2_avx512bf16/256/18/real_time",441239,317.541,316.631,ns,,,"4x256x18",,,2,4,32,18,4,256,2,1,16
"dot/dot_bf16_bf16_fp32_4x32x2_1x16x2_avx512bf16/256/28/real_time",298809,468.526,467.228,ns,,,"4x256x28",,,2,4,32,28,4,256,2,1,16
"dot/dot_bf16_bf16_fp32_4x32x2_1x16x2_avx512bf16/256/38/real_time",220447,634.965,633.216,ns,,,"4x256x38",,,2,4,32,38,4,256,2,1,16
"dot/dot_bf16_bf16_fp32_5x32x2_1x16x2_avx512bf16/32/2/real_time",9150400,15.1834,15.144,ns,,,"5x32x2",,,2,5,32,2,5,32,2,1,16
"dot/dot_bf16_bf16_fp32_5x32x2_1x16x2_avx512bf16/32/80/real_time",624698,224.382,223.708,ns,,,"5x32x80",,,2,5,32,80,5,32,2,1,16
"dot/dot_bf16_bf16_fp32_5x32x2_1x16x2_avx512bf16/32/160/real_time",314462,445.066,443.704,ns,,,"5x32x160",,,2,5,32,160,5,32,2,1,16
"dot/dot_bf16_bf16_fp32_5x32x2_1x16x2_avx512bf16/32/240/real_time",210226,665.935,663.868,ns,,,"5x32x240",,,2,5,32,240,5,32,2,1,16
"dot/dot_bf16_bf16_fp32_5x32x2_1x16x2_avx512bf16/32/322/real_time",157178,884.887,882.539,ns,,,"5x32x322",,,2,5,32,322,5,32,2,1,16
"dot/dot_bf16_bf16_fp32_5x32x2_1x16x2_avx512bf16/64/2/real_time",6216034,22.4801,22.4113,ns,,,"5x64x2",,,2,5,32,2,5,64,2,1,16
"dot/dot_bf16_bf16_fp32_5x32x2_1x16x2_avx512bf16/64/42/real_time",594069,235.512,234.754,ns,,,"5x64x42",,,2,5,32,42,5,64,2,1,16
"dot/dot_bf16_bf16_fp32_5x32x2_1x16x2_avx512bf16/64/84/real_time",299598,466.928,465.604,ns,,,"5x64x84",,,2,5,32,84,5,64,2,1,16
"dot/dot_bf16_bf16_fp32_5x32x2_1x16x2_avx512bf16/64/126/real_time",200247,698.37,696.531,ns,,,"5x64x126",,,2,5,32,126,5,64,2,1,16
"dot/dot_bf16_bf16_fp32_5x32x2_1x16x2_avx512bf16/64/168/real_time",150440,930.147,927.613,ns,,,"5x64x168",,,2,5,32,168,5,64,2,1,16
"dot/dot_bf16_bf16_fp32_5x32x2_1x16x2_avx512bf16/128/2/real_time",3506923,39.4727,39.3659,ns,,,"5x128x2",,,2,5,32,2,5,128,2,1,16
"dot/dot_bf16_bf16_fp32_5x32x2_1x16x2_avx512bf16/128/20/real_time",622511,224.769,224.145,ns,,,"5x128x20",,,2,5,32,20,5,128,2,1,16
"dot/dot_bf16_bf16_fp32_5x32x2_1x16x2_avx512bf16/128/40/real_time",313930,445.751,444.45,ns,,,"5x128x40",,,2,5,32,40,5,128,2,1,16
"dot/dot_bf16_bf16_fp32_5x32x2_1x16x2_avx512bf16/128/60/real_time",210182,666.29,664.422,ns,,,"5x128x60",,,2,5,32,60,5,128,2,1,16
"dot/dot_bf16_bf16_fp32_5x32x2_1x16x2_avx512bf16/128/82/real_time",153845,909.72,907.179,ns,,,"5x128x82",,,2,5,32,82,5,128,2,1,16
"dot/dot_bf16_bf16_fp32_5x32x2_1x16x2_avx512bf16/256/2/real_time",1940865,72.4278,72.2455,ns,,,"5x256x2",,,2,5,32,2,5,256,2,1,16
"dot/dot_bf16_bf16_fp32_5x32x2_1x16x2_avx512bf16/256/8/real_time",750124,186.973,186.417,ns,,,"5x256x8",,,2,5,32,8,5,256,2,1,16
"dot/dot_bf16_bf16_fp32_5x32x2_1x16x2_avx512bf16/256/18/real_time",347976,402.273,401.172,ns,,,"5x256x18",,,2,5,32,18,5,256,2,1,16
"dot/dot_bf16_bf16_fp32_5x32x2_1x16x2_avx512bf16/256/26/real_time",241970,578.344,576.834,ns,,,"5x256x26",,,2,5,32,26,5,256,2,1,16
"dot/dot_bf16_bf16_fp32_5x32x2_1x16x2_avx512bf16/256/36/real_time",175186,798.814,796.698,ns,,,"5x256x36",,,2,5,32,36,5,256,2,1,16
"dot/dot_bf16_bf16_fp32_6x32x2_1x16x2_avx512bf16/32/2/real_time",8395293,16.6067,16.5525,ns,,,"6x32x2",,,2,6,32,2,6,32,2,1,16
"dot/dot_bf16_bf16_fp32_6x32x2_1x16x2_avx512bf16/32/78/real_time",573866,243.958,243.25,ns,,,"6x32x78",,,2,6,32,78,6,32,2,1,16
"dot/dot_bf16_bf16_fp32_6x32x2_1x16x2_avx512bf16/32/156/real_time",292023,479.416,477.86,ns,,,"6x32x156",,,2,6,32,156,6,32,2,1,16
"dot/dot_bf16_bf16_fp32_6x32x2_1x16x2_avx512bf16/32/234/real_time",195763,715.02,712.164,ns,,,"6x32x234",,,2,6,32,234,6,32,2,1,16
"dot/dot_bf16_bf16_fp32_6x32x2_1x16x2_avx512bf16/32/312/real_time",147279,949.431,946.731,ns,,,"6x32x312",,,2,6,32,312,6,32,2,1,16
"dot/dot_bf16_bf16_fp32_6x32x2_1x16x2_avx512bf16/64/2/real_time",5256679,26.5361,26.4459,ns,,,"6x64x2",,,2,6,32,2,6,64,2,1,16
"dot/dot_bf16_bf16_fp32_6x32x2_1x16x2_avx512bf16/64/40/real_time",557101,251.669,250.833,ns,,,"6x64x40",,,2,6,32,40,6,64,2,1,16
"dot/dot_bf16_bf16_fp32_6x32x2_1x16x2_avx512bf16/64/82/real_time",277179,504.888,503.203,ns,,,"6x64x82",,,2,6,32,82,6,64,2,1,16
"dot/dot_bf16_bf16_fp32_6x32x2_1x16x2_avx512bf16/64/122/real_time",187616,747.942,743.629,ns,,,"6x64x122",,,2,6,32,122,6,64,2,1,16
"dot/dot_bf16_bf16_fp32_6x32x2_1x16x2_avx512bf16/64/164/real_time",139916,1000.47,996.318,ns,,,"6x64x164",,,2,6,32,164,6,64,2,1,16
"dot/dot_bf16_bf16_fp32_6x32x2_1x16x2_avx512bf16/128/2/real_time",3213893,43.4109,43.2825,ns,,,"6x128x2",,,2,6,32,2,6,128,2,1,16
"dot/dot_bf16_bf16_fp32_6x32x2_1x16x2_avx512bf16/128/20/real_time",543937,255.268,254.503,ns,,,"6x128x20",,,2,6,32,20,6,128,2,1,16
"dot/dot_bf16_bf16_fp32_6x32x2_1x16x2_avx512bf16/128/40/real_time",282267,495.748,494.173,ns,,,"6x128x40",,,2,6,32,40,6,128,2,1,16
"dot/dot_bf16_bf16_fp32_6x32x2_1x16x2_avx512bf16/128/60/real_time",189849,736.984,734.508,ns,,,"6x128x60",,,2,6,32,60,6,128,2,1,16
"dot/dot_bf16_bf16_fp32_6x32x2_1x16x2_avx512bf16/128/80/real_time",143215,978.307,975.698,ns,,,"6x128x80",,,2,6,32,80,6,128,2,1,16
"dot/dot_bf16_bf16_fp32_6x32x2_1x16x2_avx512bf16/256/2/real_time",1730115,81.0036,80.7742,ns,,,"6x256x2",,,2,6,32,2,6,256,2,1,16
"dot/dot_bf16_bf16_fp32_6x32x2_1x16x2_avx512bf16/256/8/real_time",655479,213.521,212.892,ns,,,"6x256x8",,,2,6,32,8,6,256,2,1,16
"dot/dot_bf16_bf16_fp32_6x32x2_1x16x2_avx512bf16/256/16/real_time",338160,413.945,412.372,ns,,,"6x256x16",,,2,6,32,16,6,256,2,1,16
"dot/dot_bf16_bf16_fp32_6x32x2_1x16x2_avx512bf16/256/24/real_time",239953,583.725,581.919,ns,,,"6x256x24",,,2,6,32,24,6,256,2,1,16
"dot/dot_bf16_bf16_fp32_6x32x2_1x16x2_avx512bf16/256/34/real_time",169739,824.716,822.101,ns,,,"6x256x34",,,2,6,32,34,6,256,2,1,16
"dot/dot_bf16_bf16_fp32_8x32x2_1x16x2_avx512bf16/32/2/real_time",7893620,17.8152,17.7615,ns,,,"8x32x2",,,2,8,32,2,8,32,2,1,16
"dot/dot_bf16_bf16_fp32_8x32x2_1x16x2_avx512bf16/32/72/real_time",449471,310.381,309.509,ns,,,"8x32x72",,,2,8,32,72,8,32,2,1,16
"dot/dot_bf16_bf16_fp32_8x32x2_1x16x2_avx512bf16/32/146/real_time",228665,611.721,609.732,ns,,,"8x32x146",,,2,8,32,146,8,32,2,1,16
"dot/dot_bf16_bf16_fp32_8x32x2_1x16x2_avx512bf16/32/220/real_time",154367,909.6,907.092,ns,,,"8x32x220",,,2,8,32,220,8,32,2,1,16
"dot/dot_bf16_bf16_fp32_8x32x2_1x16x2_avx512bf16/32/294/real_time",115582,1226.69,1222.83,ns,,,"8x32x294",,,2,8,32,294,8,32,2,1,16
"dot/dot_bf16_bf16_fp32_8x32x2_1x16x2_avx512bf16/64/2/real_time",4719796,29.7092,29.6159,ns,,,"8x64x2",,,2,8,32,2,8,64,2,1,16
"dot/dot_bf16_bf16_fp32_8x32x2_1x16x2_avx512bf16/64/38/real_time",424494,329.431,328.521,ns,,,"8x64x38",,,2,8,32,38,8,64,2,1,16
"dot/dot_bf16_bf16_fp32_8x32x2_1x16x2_avx512bf16/64/78/real_time",210051,666.98,664.762,ns,,,"8x64x78",,,2,8,32,78,8,64,2,1,16
"dot/dot_bf16_bf16_fp32_8x32x2_1x16x2_avx512bf16/64/116/real_time",142453,982.048,979.369,ns,,,"8x64x116",,,2,8,32,116,8,64,2,1,16
"dot/dot_bf16_bf16_fp32_8x32x2_1x16x2_avx512bf16/64/156/real_time",106952,1311.96,1308.36,ns,,,"8x64x156",,,2,8,32,156,8,64,2,1,16
"dot/dot_bf16_bf16_fp32_8x32x2_1x16x2_avx512bf16/128/2/real_time",2749478,50.8731,50.7231,ns,,,"8x128x2",,,2,8,32,2,8,128,2,1,16
"dot/dot_bf16_bf16_fp32_8x32x2_1x16x2_avx512bf16/128/18/real_time",440153,318.584,317.647,ns,,,"8x128x18",,,2,8,32,18,8,128,2,1,16
"dot/dot_bf16_bf16_fp32_8x32x2_1x16x2_avx512bf16/128/36/real_time",225737,620.179,618.414,ns,,,"8x128x36",,,2,8,32,36,8,128,2,1,16
"dot/dot_bf16_bf16_fp32_8x32x2_1x16x2_avx512bf16/128/54/real_time",151032,926.127,923.356,ns,,,"8x128x54",,,2,8,32,54,8,128,2,1,16
"dot/dot_bf16_bf16_fp32_8x32x2_1x16x2_avx512bf16/128/74/real_time",110828,1262.5,1258.85,ns,,,"8x128x74",,,2,8,32,74,8,128,2,1,16
"dot/dot_bf16_bf16_fp32_8x32x2_1x16x2_avx512bf16/256/2/real_time",1456922,95.6974,95.4012,ns,,,"8x256x2",,,2,8,32,2,8,256,2,1,16
"dot/dot_bf16_bf16_fp32_8x32x2_1x16x2_avx512bf16/256/6/real_time",620286,227.022,226.324,ns,,,"8x256x6",,,2,8,32,6,8,256,2,1,16
"dot/dot_bf16_bf16_fp32_8x32x2_1x16x2_avx512bf16/256/14/real_time",284368,493.181,491.635,ns,,,"8x256x14",,,2,8,32,14,8,256,2,1,16
"dot/dot_bf16_bf16_fp32_8x32x2_1x16x2_avx512bf16/256/22/real_time",184338,760.742,758.468,ns,,,"8x256x22",,,2,8,32,22,8,256,2,1,16
"dot/dot_bf16_bf16_fp32_8x32x2_1x16x2_avx512bf16/256/30/real_time",135952,1030.74,1027.91,ns,,,"8x256x30",,,2,8,32,30,8,256,2,1,16
"dot/dot_bf16_bf16_fp32_10x32x2_1x16x2_avx512bf16/32/2/real_time",6405322,21.7408,21.6797,ns,,,"10x32x2",,,2,10,32,2,10,32,2,1,16
"dot/dot_bf16_bf16_fp32_10x32x2_1x16x2_avx512bf16/32/68/real_time",384350,363.714,362.693,ns,,,"10x32x68",,,2,10,32,68,10,32,2,1,16
"dot/dot_bf16_bf16_fp32_10x32x2_1x16x2_avx512bf16/32/138/real_time",195705,715.345,713.28,ns,,,"10x32x138",,,2,10,32,138,10,32,2,1,16
"dot/dot_bf16_bf16_fp32_10x32x2_1x16x2_avx512bf16/32/206/real_time",132377,1057.67,1054.49,ns,,,"10x32x206",,,2,10,32,206,10,32,2,1,16
"dot/dot_bf16_bf16_fp32_10x32x2_1x16x2_avx512bf16/32/276/real_time",99194,1409.4,1404.93,ns,,,"10x32x276",,,2,10,32,276,10,32,2,1,16
"dot/dot_bf16_bf16_fp32_10x32x2_1x16x2_avx512bf16/64/2/real_time",3954433,35.5295,35.4133,ns,,,"10x64x2",,,2,10,32,2,10,64,2,1,16
"dot/dot_bf16_bf16_fp32_10x32x2_1x16x2_avx512bf16/64/36/real_time",358415,390.052,388.841,ns,,,"10x64x36",,,2,10,32,36,10,64,2,1,16
"dot/dot_bf16_bf16_fp32_10x32x2_1x16x2_avx512bf16/64/74/real_time",179018,782.15,779.69,ns,,,"10x64x74",,,2,10,32,74,10,64,2,1,16
"dot/dot_bf16_bf16_fp32_10x32x2_1x16x2_avx512bf16/64/110/real_time",122285,1143.7,1140.55,ns,,,"10x64x110",,,2,10,32,110,10,64,2,1,16
"dot/dot_bf16_bf16_fp32_10x32x2_1x16x2_avx512bf16/64/148/real_time",91794,1525.46,1521.41,ns,,,"10x64x148",,,2,10,32,148,10,64,2,1,16
"dot/dot_bf16_bf16_fp32_10x32x2_1x16x2_avx512bf16/128/2/real_time",2312617,60.5922,60.414,ns,,,"10x128x2",,,2,10,32,2,10,128,2,1,16
"dot/dot_bf16_bf16_fp32_10x32x2_1x16x2_avx512bf16/128/16/real_time",394630,354.456,353.433,ns,,,"10x128x16",,,2,10,32,16,10,128,2,1,16
"dot/dot_bf16_bf16_fp32_10x32x2_1x16x2_avx512bf16/128/34/real_time",191456,731.236,728.906,ns,,,"10x128x34",,,2,10,32,34,10,128,2,1,16
"dot/dot_bf16_bf16_fp32_10x32x2_1x16x2_avx512bf16/128/52/real_time",125785,1113.12,1110.25,ns,,,"10x128x52",,,2,10,32,52,10,128,2,1,16
"dot/dot_bf16_bf16_fp32_10x32x2_1x16x2_avx512bf16/128/70/real_time",94903,1477.9,1473.73,ns,,,"10x128x70",,,2,10,32,70,10,128,2,1,16
"dot/dot_bf16_bf16_fp32_10x32x2_1x16x2_avx512bf16/256/2/real_time",1228506,114.437,113.701,ns,,,"10x256x2",,,2,10,32,2,10,256,2,1,16
"dot/dot_bf16_bf16_fp32_10x32x2_1x16x2_avx512bf16/256/6/real_time",494463,283.386,282.328,ns,,,"10x256x6",,,2,10,32,6,10,256,2,1,16
"dot/dot_bf16_bf16_fp32_10x32x2_1x16x2_avx512bf16/256/12/real_time",264576,529.038,527.396,ns,,,"10x256x12",,,2,10,32,12,10,256,2,1,16
"dot/dot_bf16_bf16_fp32_10x32x2_1x16x2_avx512bf16/256/18/real_time",177784,787.046,784.69,ns,,,"10x256x18",,,2,10,32,18,10,256,2,1,16
"dot/dot_bf16_bf16_fp32_10x32x2_1x16x2_avx512bf16/256/26/real_time",125660,1116.42,1112.87,ns,,,"10x256x26",,,2,10,32,26,10,256,2,1,16
"dot/dot_bf16_bf16_fp32_12x32x2_1x16x2_avx512bf16/32/2/real_time",5227848,26.8195,26.7489,ns,,,"12x32x2",,,2,12,32,2,12,32,2,1,16
"dot/dot_bf16_bf16_fp32_12x32x2_1x16x2_avx512bf16/32/64/real_time",348823,401.755,400.052,ns,,,"12x32x64",,,2,12,32,64,12,32,2,1,16
"dot/dot_bf16_bf16_fp32_12x32x2_1x16x2_avx512bf16/32/130/real_time",174948,799.67,796.902,ns,,,"12x32x130",,,2,12,32,130,12,32,2,1,16
"dot/dot_bf16_bf16_fp32_12x32x2_1x16x2_avx512bf16/32/194/real_time",118053,1185.76,1181.87,ns,,,"12x32x194",,,2,12,32,194,12,32,2,1,16
"dot/dot_bf16_bf16_fp32_12x32x2_1x16x2_avx512bf16/32/260/real_time",88421,1583.95,1578.87,ns,,,"12x32x260",,,2,12,32,260,12,32,2,1,16
"dot/dot_bf16_bf16_fp32_12x32x2_1x16x2_avx512bf16/64/2/real_time",3183775,43.8664,43.7182,ns,,,"12x64x2",,,2,12,32,2,12,64,2,1,16
"dot/dot_bf16_bf16_fp32_12x32x2_1x16x2_avx512bf16/64/34/real_time",327669,426.859,425.324,ns,,,"12x64x34",,,2,12,32,34,12,64,2,1,16
"dot/dot_bf16_bf16_fp32_12x32x2_1x16x2_avx512bf16/64/70/real_time",162383,862.379,859.441,ns,,,"12x64x70",,,2,12,32,70,12,64,2,1,16
"dot/dot_bf16_bf16_fp32_12x32x2_1x16x2_avx512bf16/64/104/real_time",109972,1271.75,1268.16,ns,,,"12x64x104",,,2,12,32,104,12,64,2,1,16
"dot/dot_bf16_bf16_fp32_12x32x2_1x16x2_avx512bf16/64/140/real_time",81988,1708.54,1701.91,ns,,,"12x64x140",,,2,12,32,140,12,64,2,1,16
"dot/dot_bf16_bf16_fp32_12x32x2_1x16x2_avx512bf16/128/2/real_time",1947002,72.4092,72.1117,ns,,,"12x128x2",,,2,12,32,2,12,128,2,1,16
"dot/dot_bf16_bf16_fp32_12x32x2_1x16x2_avx512bf16/128/16/real_time",351027,398.176,396.966,ns,,,"12x128x16",,,2,12,32,16,12,128,2,1,16
"dot/dot_bf16_bf16_fp32_12x32x2_1x16x2_avx512bf16/128/32/real_time",176276,792.408,789.196,ns,,,"12x128x32",,,2,12,32,32,12,128,2,1,16
"dot/dot_bf16_bf16_fp32_12x32x2_1x16x2_avx512bf16/128/48/real_time",118493,1180,1175.78,ns,,,"12x128x48",,,2,12,32,48,12,128,2,1,16
"dot/dot_bf16_bf16_fp32_12x32x2_1x16x2_avx512bf16/128/64/real_time",89248,1566.25,1561.45,ns,,,"12x128x64",,,2,12,32,64,12,128,2,1,16
"dot/dot_bf16_bf16_fp32_12x32x2_1x16x2_avx512bf16/256/2/real_time",1102948,126.79,126.386,ns,,,"12x256x2",,,2,12,32,2,12,256,2,1,16
"dot/dot_bf16_bf16_fp32_12x32x2_1x16x2_avx512bf16/256/4/real_time",629852,222.306,221.63,ns,,,"12x256x4",,,2,12,32,4,12,256,2,1,16
"dot/dot_bf16_bf16_fp32_12x32x2_1x16x2_avx512bf16/256/10/real_time",282538,495.196,493.512,ns,,,"12x256x10",,,2,12,32,10,12,256,2,1,16
"dot/dot_bf16_bf16_fp32_12x32x2_1x16x2_avx512bf16/256/16/real_time",178215,784.536,782.417,ns,,,"12x256x16",,,2,12,32,16,12,256,2,1,16
"dot/dot_bf16_bf16_fp32_12x32x2_1x16x2_avx512bf16/256/22/real_time",123146,1141.24,1137.67,ns,,,"12x256x22",,,2,12,32,22,12,256,2,1,16
"dot/dot_bf16_bf16_fp32_16x16x2_1x16x2_avx512bf16/16/2/real_time",5518595,25.2874,25.2225,ns,,,"16x16x2",,,2,16,16,2,16,16,2,1,16
"dot/dot_bf16_bf16_fp32_16x16x2_1x16x2_avx512bf16/16/92/real_time",360515,387.85,386.647,ns,,,"16x16x92",,,2,16,16,92,16,16,2,1,16
"dot/dot_bf16_bf16_fp32_16x16x2_1x16x2_avx512bf16/16/184/real_time",184617,757.378,755.019,ns,,,"16x16x184",,,2,16,16,184,16,16,2,1,16
"dot/dot_bf16_bf16_fp32_16x16x2_1x16x2_avx512bf16/16/276/real_time",124299,1128.22,1124.42,ns,,,"16x16x276",,,2,16,16,276,16,16,2,1,16
"dot/dot_bf16_bf16_fp32_16x16x2_1x16x2_avx512bf16/16/368/real_time",93829,1497.78,1493.05,ns,,,"16x16x368",,,2,16,16,368,16,16,2,1,16
"dot/dot_bf16_bf16_fp32_16x16x2_1x16x2_avx512bf16/32/2/real_time",3526077,39.9313,39.8088,ns,,,"16x32x2",,,2,16,16,2,16,32,2,1,16
"dot/dot_bf16_bf16_fp32_16x16x2_1x16x2_avx512bf16/32/58/real_time",286755,491.087,489.647,ns,,,"16x32x58",,,2,16,16,58,16,32,2,1,16
"dot/dot_bf16_bf16_fp32_16x16x2_1x16x2_avx512bf16/32/116/real_time",146677,953.391,950.618,ns,,,"16x32x116",,,2,16,16,116,16,32,2,1,16
"dot/dot_bf16_bf16_fp32_16x16x2_1x16x2_avx512bf16/32/174/real_time",98587,1420.56,1416.29,ns,,,"16x32x174",,,2,16,16,174,16,32,2,1,16
"dot/dot_bf16_bf16_fp32_16x16x2_1x16x2_avx512bf16/32/234/real_time",73653,1903.98,1897.89,ns,,,"16x32x234",,,2,16,16,234,16,32,2,1,16
"dot/dot_bf16_bf16_fp32_16x16x2_1x16x2_avx512bf16/64/2/real_time",2190451,63.8623,63.6862,ns,,,"16x64x2",,,2,16,16,2,16,64,2,1,16
"dot/dot_bf16_bf16_fp32_16x16x2_1x16x2_avx512bf16/64/32/real_time",250637,560.365,558.489,ns,,,"16x64x32",,,2,16,16,32,16,64,2,1,16
"dot/dot_bf16_bf16_fp32_16x16x2_1x16x2_avx512bf16/64/64/real_time",132407,1054.06,1051.17,ns,,,"16x64x64",,,2,16,16,64,16,64,2,1,16
"dot/dot_bf16_bf16_fp32_16x16x2_1x16x2_avx512bf16/64/96/real_time",89280,1568.44,1564.07,ns,,,"16x64x96",,,2,16,16,96,16,64,2,1,16
"dot/dot_bf16_bf16_fp32_16x16x2_1x16x2_avx512bf16/64/128/real_time",67255,2083.59,2077.26,ns,,,"16x64x128",,,2,16,16,128,16,64,2,1,16
"dot/dot_bf16_bf16_fp32_16x16x2_1x16x2_avx512bf16/128/2/real_time",1332254,104.438,104.129,ns,,,"16x128x2",,,2,16,16,2,16,128,2,1,16
"dot/dot_bf16_bf16_fp32_16x16x2_1x16x2_avx512bf16/128/14/real_time",280500,500.33,498.886,ns,,,"16x128x14",,,2,16,16,14,16,128,2,1,16
"dot/dot_bf16_bf16_fp32_16x16x2_1x16x2_avx512bf16/128/28/real_time",143994,972.488,969.509,ns,,,"16x128x28",,,2,16,16,28,16,128,2,1,16
"dot/dot_bf16_bf16_fp32_16x16x2_1x16x2_avx512bf16/128/42/real_time",100124,1408.94,1404.8,ns,,,"16x128x42",,,2,16,16,42,16,128,2,1,16
"dot/dot_bf16_bf16_fp32_16x16x2_1x16x2_avx512bf16/128/56/real_time",75565,1853.02,1847.87,ns,,,"16x128x56",,,2,16,16,56,16,128,2,1,16
"dot/dot_bf16_bf16_fp32_1x64x2_1x16x2_avx512/64/2/real_time",16537722,8.43638,8.41155,ns,,,"1x64x2",,,2,1,64,2,1,64,2,1,16
"dot/dot_bf16_bf16_fp32_1x64x2_1x16x2_avx512/64/46/real_time",2314513,60.6705,60.4716,ns,,,"1x64x46",,,2,1,64,46,1,64,2,1,16
"dot/dot_bf16_bf16_fp32_1x64x2_1x16x2_avx512/64/92/real_time",1166282,117.537,117.2,ns,,,"1x64x92",,,2,1,64,92,1,64,2,1,16
"dot/dot_bf16_bf16_fp32_1x64x2_1x16x2_avx512/64/138/real_time",804224,174.42,173.864,ns,,,"1x64x138",,,2,1,64,138,1,64,2,1,16
"dot/dot_bf16_bf16_fp32_1x64x2_1x16x2_avx512/64/186/real_time",599377,234.124,233.48,ns,,,"1x64x186",,,2,1,64,186,1,64,2,1,16
"dot/dot_bf16_bf16_fp32_1x64x2_1x16x2_avx512/128/2/real_time",11853737,11.7361,11.7,ns,,,"1x128x2",,,2,1,64,2,1,128,2,1,16
"dot/dot_bf16_bf16_fp32_1x64x2_1x16x2_avx512/128/22/real_time",2337627,59.8252,59.6539,ns,,,"1x128x22",,,2,1,64,22,1,128,2,1,16
"dot/dot_bf16_bf16_fp32_1x64x2_1x16x2_avx512/128/46/real_time",1182684,118.182,117.882,ns,,,"1x128x46",,,2,1,64,46,1,128,2,1,16
"dot/dot_bf16_bf16_fp32_1x64x2_1x16x2_avx512/128/68/real_time",815997,174.289,173.81,ns,,,"1x128x68",,,2,1,64,68,1,128,2,1,16
"dot/dot_bf16_bf16_fp32_1x64x2_1x16x2_avx512/128/92/real_time",607178,230.798,230.098,ns,,,"1x128x92",,,2,1,64,92,1,128,2,1,16
"dot/dot_bf16_bf16_fp32_1x64x2_1x16x2_avx512/256/2/real_time",7147305,19.5523,19.5009,ns,,,"1x256x2",,,2,1,64,2,1,256,2,1,16
"dot/dot_bf16_bf16_fp32_1x64x2_1x16x2_avx512/256/10/real_time",2680579,52.3273,52.1822,ns,,,"1x256x10",,,2,1,64,10,1,256,2,1,16
"dot/dot_bf16_bf16_fp32_1x64x2_1x16x2_avx512/256/22/real_time",1192010,116.827,116.459,ns,,,"1x256x22",,,2,1,64,22,1,256,2,1,16
"dot/dot_bf16_bf16_fp32_1x64x2_1x16x2_avx512/256/32/real_time",865645,161.786,161.314,ns,,,"1x256x32",,,2,1,64,32,1,256,2,1,16
"dot/dot_bf16_bf16_fp32_1x64x2_1x16x2_avx512/256/44/real_time",624987,223.427,222.736,ns,,,"1x256x44",,,2,1,64,44,1,256,2,1,16
"dot/dot_bf16_bf16_fp32_1x64x2_1x16x2_avx512/512/2/real_time",4284283,32.7511,32.656,ns,,,"1x512x2",,,2,1,64,2,1,512,2,1,16
"dot/dot_bf16_bf16_fp32_1x64x2_1x16x2_avx512/512/4/real_time",2741050,51.0373,50.8835,ns,,,"1x512x4",,,2,1,64,4,1,512,2,1,16
"dot/dot_bf16_bf16_fp32_1x64x2_1x16x2_avx512/512/10/real_time",1354038,103.184,102.9,ns,,,"1x512x10",,,2,1,64,10,1,512,2,1,16
"dot/dot_bf16_bf16_fp32_1x64x2_1x16x2_avx512/512/14/real_time",928968,150.584,150.183,ns,,,"1x512x14",,,2,1,64,14,1,512,2,1,16
"dot/dot_bf16_bf16_fp32_1x64x2_1x16x2_avx512/512/20/real_time",663555,211.246,210.618,ns,,,"1x512x20",,,2,1,64,20,1,512,2,1,16
"dot/dot_bf16_bf16_fp32_2x64x2_1x16x2_avx512/64/2/real_time",13036174,10.7523,10.721,ns,,,"2x64x2",,,2,2,64,2,2,64,2,1,16
"dot/dot_bf16_bf16_fp32_2x64x2_1x16x2_avx512/64/44/real_time",1638983,85.2112,84.9585,ns,,,"2x64x44",,,2,2,64,44,2,64,2,1,16
"dot/dot_bf16_bf16_fp32_2x64x2_1x16x2_avx512/64/90/real_time",827286,169.359,168.939,ns,,,"2x64x90",,,2,2,64,90,2,64,2,1,16
"dot/dot_bf16_bf16_fp32_2x64x2_1x16x2_avx512/64/136/real_time",548373,254.981,254.205,ns,,,"2x64x136",,,2,2,64,136,2,64,2,1,16
"dot/dot_bf16_bf16_fp32_2x64x2_1x16x2_avx512/64/182/real_time",417114,334.912,333.985,ns,,,"2x64x182",,,2,2,64,182,2,64,2,1,16
"dot/dot_bf16_bf16_fp32_2x64x2_1x16x2_avx512/128/2/real_time",9033934,15.5171,15.4741,ns,,,"2x128x2",,,2,2,64,2,2,128,2,1,16
"dot/dot_bf16_bf16_fp32_2x64x2_1x16x2_avx512/128/22/real_time",1608331,87.3645,87.0716,ns,,,"2x128x22",,,2,2,64,22,2,128,2,1,16
"dot/dot_bf16_bf16_fp32_2x64x2_1x16x2_avx512/128/44/real_time",827437,168.776,168.252,ns,,,"2x128x44",,,2,2,64,44,2,128,2,1,16
"dot/dot_bf16_bf16_fp32_2x64x2_1x16x2_avx512/128/66/real_time",565992,247.364,246.64,ns,,,"2x128x66",,,2,2,64,66,2,128,2,1,16
"dot/dot_bf16_bf16_fp32_2x64x2_1x16x2_avx512/128/90/real_time",416776,337.193,336.255,ns,,,"2x128x90",,,2,2,64,90,2,128,2,1,16
"dot/dot_bf16_bf16_fp32_2x64x2_1x16x2_avx512/256/2/real_time",5073663,27.4381,27.3525,ns,,,"2x256x2",,,2,2,64,2,2,256,2,1,16
"dot/dot_bf16_bf16_fp32_2x64x2_1x16x2_avx512/256/10/real_time",1744447,80.3281,80.0897,ns,,,"2x256x10",,,2,2,64,10,2,256,2,1,16
"dot/dot_bf16_bf16_fp32_2x64x2_1x16x2_avx512/256/20/real_time",914218,153.255,152.767,ns,,,"2x256x20",,,2,2,64,20,2,256,2,1,16
"dot/dot_bf16_bf16_fp32_2x64x2_1x16x2_avx512/256/30/real_time",611039,229.403,228.709,ns,,,"2x256x30",,,2,2,64,30,2,256,2,1,16
"dot/dot_bf16_bf16_fp32_2x64x2_1x16x2_avx512/256/42/real_time",440715,316.308,315.565,ns,,,"2x256x42",,,2,2,64,42,2,256,2,1,16
"dot/dot_bf16_bf16_fp32_2x64x2_1x16x2_avx512/512/2/real_time",2902435,48.3276,48.1972,ns,,,"2x512x2",,,2,2,64,2,2,512,2,1,16
"dot/dot_bf16_bf16_fp32_2x64x2_1x16x2_avx512/512/4/real_time",1883011,74.3161,74.1046,ns,,,"2x512x4",,,2,2,64,4,2,512,2,1,16
"dot/dot_bf16_bf16_fp32_2x64x2_1x16x2_avx512/512/8/real_time",1089025,128.458,128.092,ns,,,"2x512x8",,,2,2,64,8,2,512,2,1,16
"dot/dot_bf16_bf16_fp32_2x64x2_1x16x2_avx512/512/12/real_time",721677,193.94,193.415,ns,,,"2x512x12",,,2,2,64,12,2,512,2,1,16
"dot/dot_bf16_bf16_fp32_2x64x2_1x16x2_avx512/512/18/real_time",508663,275.098,274.354,ns,,,"2x512x18",,,2,2,64,18,2,512,2,1,16
"dot/dot_bf16_bf16_fp32_3x64x2_1x16x2_avx512/64/2/real_time",11107059,12.6859,12.6512,ns,,,"3x64x2",,,2,3,64,2,3,64,2,1,16
"dot/dot_bf16_bf16_fp32_3x64x2_1x16x2_avx512/64/44/real_time",1200497,113.291,112.982,ns,,,"3x64x44",,,2,3,64,44,3,64,2,1,16
"dot/dot_bf16_bf16_fp32_3x64x2_1x16x2_avx512/64/88/real_time",639645,218.283,217.6,ns,,,"3x64x88",,,2,3,64,88,3,64,2,1,16
"dot/dot_bf16_bf16_fp32_3x64x2_1x16x2_avx512/64/132/real_time",435459,321.179,320.249,ns,,,"3x64x132",,,2,3,64,132,3,64,2,1,16
"dot/dot_bf16_bf16_fp32_3x64x2_1x16x2_avx512/64/176/real_time",328179,426.168,424.902,ns,,,"3x64x176",,,2,3,64,176,3,64,2,1,16
"dot/dot_bf16_bf16_fp32_3x64x2_1x16x2_avx512/128/2/real_time",7059597,19.7595,19.7073,ns,,,"3x128x2",,,2,3,64,2,3,128,2,1,16
"dot/dot_bf16_bf16_fp32_3x64x2_1x16x2_avx512/128/20/real_time",1317291,105.003,104.725,ns,,,"3x128x20",,,2,3,64,20,3,128,2,1,16
"dot/dot_bf16_bf16_fp32_3x64x2_1x16x2_avx512/128/42/real_time",662869,211.141,210.554,ns,,,"3x128x42",,,2,3,64,42,3,128,2,1,16
"dot/dot_bf16_bf16_fp32_3x64x2_1x16x2_avx512/128/64/real_time",440493,317.829,316.97,ns,,,"3x128x64",,,2,3,64,64,3,128,2,1,16
"dot/dot_bf16_bf16_fp32_3x64x2_1x16x2_avx512/128/86/real_time",330756,422.467,421.175,ns,,,"3x128x86",,,2,3,64,86,3,128,2,1,16
"dot/dot_bf16_bf16_fp32_3x64x2_1x16x2_avx512/256/2/real_time",4014818,34.8569,34.7533,ns,,,"3x256x2",,,2,3,64,2,3,256,2,1,16
"dot/dot_bf16_bf16_fp32_3x64x2_1x16x2_avx512/256/10/real_time",1264745,111.577,111.296,ns,,,"3x256x10",,,2,3,64,10,3,256,2,1,16
"dot/dot_bf16_bf16_fp32_3x64x2_1x16x2_avx512/256/20/real_time",672025,208.422,207.856,ns,,,"3x256x20",,,2,3,64,20,3,256,2,1,16
"dot/dot_bf16_bf16_fp32_3x64x2_1x16x2_avx512/256/30/real_time",456535,306.701,305.857,ns,,,"3x256x30",,,2,3,64,30,3,256,2,1,16
"dot/dot_bf16_bf16_fp32_3x64x2_1x16x2_avx512/256/40/real_time",346236,405.02,403.91,ns,,,"3x256x40",,,2,3,64,40,3,256,2,1,16
"dot/dot_bf16_bf16_fp32_3x64x2_1x16x2_avx512/512/2/real_time",2178444,64.246,64.0729,ns,,,"3x512x2",,,2,3,64,2,3,512,2,1,16
"dot/dot_bf16_bf16_fp32_3x64x2_1x16x2_avx512/512/4/real_time",1451656,96.4409,96.2015,ns,,,"3x512x4",,,2,3,64,4,3,512,2,1,16
"dot/dot_bf16_bf16_fp32_3x64x2_1x16x2_avx512/512/8/real_time",783081,178.699,178.221,ns,,,"3x512x8",,,2,3,64,8,3,512,2,1,16
"dot/dot_bf16_bf16_fp32_3x64x2_1x16x2_avx512/512/12/real_time",558972,250.351,249.667,ns,,,"3x512x12",,,2,3,64,12,3,512,2,1,16
"dot/dot_bf16_bf16_fp32_3x64x2_1x16x2_avx512/512/16/real_time",420055,333.389,332.463,ns,,,"3x512x16",,,2,3,64,16,3,512,2,1,16
"dot/dot_bf16_bf16_fp32_4x64x2_1x16x2_avx512/64/2/real_time",9591946,14.582,14.5432,ns,,,"4x64x2",,,2,4,64,2,4,64,2,1,16
"dot/dot_bf16_bf16_fp32_4x64x2_1x16x2_avx512/64/42/real_time",1010299,135.776,135.364,ns,,,"4x64x42",,,2,4,64,42,4,64,2,1,16
"dot/dot_bf16_bf16_fp32_4x64x2_1x16x2_avx512/64/86/real_time",518422,269.58,268.865,ns,,,"4x64x86",,,2,4,64,86,4,64,2,1,16
"dot/dot_bf16_bf16_fp32_4x64x2_1x16x2_avx512/64/128/real_time",351841,398.39,397.143,ns,,,"4x64x128",,,2,4,64,128,4,64,2,1,16
"dot/dot_bf16_bf16_fp32_4x64x2_1x16x2_avx512/64/172/real_time",263870,531.483,530.044,ns,,,"4x64x172",,,2,4,64,172,4,64,2,1,16
"dot/dot_bf16_bf16_fp32_4x64x2_1x16x2_avx512/128/2/real_time",5605649,25.1631,25.1015,ns,,,"4x128x2",,,2,4,64,2,4,128,2,1,16
"dot/dot_bf16_bf16_fp32_4x64x2_1x16x2_avx512/128/20/real_time",1053577,132.404,132,ns,,,"4x128x20",,,2,4,64,20,4,128,2,1,16
"dot/dot_bf16_bf16_fp32_4x64x2_1x16x2_avx512/128/42/real_time",527959,265.3,264.492,ns,,,"4x128x42",,,2,4,64,42,4,128,2,1,16
"dot/dot_bf16_bf16_fp32_4x64x2_1x16x2_avx512/128/62/real_time",361828,386.932,385.91,ns,,,"4x128x62",,,2,4,64,62,4,128,2,1,16
"dot/dot_bf16_bf16_fp32_4x64x2_1x16x2_avx512/128/84/real_time",269017,520.971,519.436,ns,,,"4x128x84",,,2,4,64,84,4,128,2,1,16
"dot/dot_bf16_bf16_fp32_4x64x2_1x16x2_avx512/256/2/real_time",3319413,42.1987,42.0578,ns,,,"4x256x2",,,2,4,64,2,4,256,2,1,16
"dot/dot_bf16_bf16_fp32_4x64x2_1x16x2_avx512/256/8/real_time",1239641,113.358,113.033,ns,,,"4x256x8",,,2,4,64,8,4,256,2,1,16
"dot/dot_bf16_bf16_fp32_4x64x2_1x16x2_avx512/256/18/real_time",592148,236.347,235.628,ns,,,"4x256x18",,,2,4,64,18,4,256,2,1,16
"dot/dot_bf16_bf16_fp32_4x64x2_1x16x2_avx512/256/28/real_time",389858,359.541,358.453,ns,,,"4x256x28",,,2,4,64,28,4,256,2,1,16
"dot/dot_bf16_bf16_fp32_4x64x2_1x16x2_avx512/256/38/real_time",294604,475.24,473.949,ns,,,"4x256x38",,,2,4,64,38,4,256,2,1,16
"dot/dot_bf16_bf16_fp32_4x64x2_1x16x2_avx512/512/2/real_time",1780013,78.6632,78.4749,ns,,,"4x512x2",,,2,4,64,2,4,512,2,1,16
"dot/dot_bf16_bf16_fp32_4x64x2_1x16x2_avx512/512/6/real_time",801979,174.533,174.07,ns,,,"4x512x6",,,2,4,64,6,4,512,2,1,16
"dot/dot_bf16_bf16_fp32_4x64x2_1x16x2_avx512/512/10/real_time",522470,267.649,266.873,ns,,,"4x512x10",,,2,4,64,10,4,512,2,1,16
"dot/dot_bf16_bf16_fp32_4x64x2_1x16x2_avx512/512/14/real_time",377302,369.399,368.298,ns,,,"4x512x14",,,2,4,64,14,4,512,2,1,16
"dot/dot_bf16_bf16_fp32_5x64x2_1x16x2_avx512/64/2/real_time",7279579,19.3099,19.2546,ns,,,"5x64x2",,,2,5,64,2,5,64,2,1,16
"dot/dot_bf16_bf16_fp32_5x64x2_1x16x2_avx512/64/42/real_time",794937,176.433,175.894,ns,,,"5x64x42",,,2,5,64,42,5,64,2,1,16
"dot/dot_bf16_bf16_fp32_5x64x2_1x16x2_avx512/64/84/real_time",428807,327.29,326.456,ns,,,"5x64x84",,,2,5,64,84,5,64,2,1,16
"dot/dot_bf16_bf16_fp32_5x64x2_1x16x2_avx512/64/126/real_time",289767,485.022,483.366,ns,,,"5x64x126",,,2,5,64,126,5,64,2,1,16
"dot/dot_bf16_bf16_fp32_5x64x2_1x16x2_avx512/64/168/real_time",217772,643.768,641.537,ns,,,"5x64x168",,,2,5,64,168,5,64,2,1,16
"dot/dot_bf16_bf16_fp32_5x64x2_1x16x2_avx512/128/2/real_time",4367473,31.9692,31.887,ns,,,"5x128x2",,,2,5,64,2,5,128,2,1,16
"dot/dot_bf16_bf16_fp32_5x64x2_1x16x2_avx512/128/20/real_time",835369,167.807,167.263,ns,,,"5x128x20",,,2,5,64,20,5,128,2,1,16
"dot/dot_bf16_bf16_fp32_5x64x2_1x16x2_avx512/128/40/real_time",430037,325.919,324.927,ns,,,"5x128x40",,,2,5,64,40,5,128,2,1,16
"dot/dot_bf16_bf16_fp32_5x64x2_1x16x2_avx512/128/60/real_time",295253,474.208,472.705,ns,,,"5x128x60",,,2,5,64,60,5,128,2,1,16
"dot/dot_bf16_bf16_fp32_5x64x2_1x16x2_avx512/128/82/real_time",221459,633.245,630.721,ns,,,"5x128x82",,,2,5,64,82,5,128,2,1,16
"dot/dot_bf16_bf16_fp32_5x64x2_1x16x2_avx512/256/2/real_time",2542641,54.9179,54.7273,ns,,,"5x256x2",,,2,5,64,2,5,256,2,1,16
"dot/dot_bf16_bf16_fp32_5x64x2_1x16x2_avx512/256/8/real_time",961232,145.628,145.243,ns,,,"5x256x8",,,2,5,64,8,5,256,2,1,16
"dot/dot_bf16_bf16_fp32_5x64x2_1x16x2_avx512/256/18/real_time",471946,296.651,295.77,ns,,,"5x256x18",,,2,5,64,18,5,256,2,1,16
"dot/dot_bf16_bf16_fp32_5x64x2_1x16x2_avx512/256/26/real_time",329571,424.271,423.241,ns,,,"5x256x26",,,2,5,64,26,5,256,2,1,16
"dot/dot_bf16_bf16_fp32_5x64x2_1x16x2_avx512/256/36/real_time",239936,581.054,579.779,ns,,,"5x256x36",,,2,5,64,36,5,256,2,1,16
"dot/dot_bf16_bf16_fp32_5x64x2_1x16x2_avx512/512/2/real_time",1400681,100.045,99.8564,ns,,,"5x512x2",,,2,5,64,2,5,512,2,1,16
"dot/dot_bf16_bf16_fp32_5x64x2_1x16x2_avx512/512/6/real_time",668627,209.107,208.777,ns,,,"5x512x6",,,2,5,64,6,5,512,2,1,16
"dot/dot_bf16_bf16_fp32_5x64x2_1x16x2_avx512/512/8/real_time",490527,285.338,284.756,ns,,,"5x512x8",,,2,5,64,8,5,512,2,1,16
"dot/dot_bf16_bf16_fp32_5x64x2_1x16x2_avx512/512/12/real_time",353452,395.39,394.731,ns,,,"5x512x12",,,2,5,64,12,5,512,2,1,16
"dot/dot_bf16_bf16_fp32_1x32x2_1x16x2_avx512/32/2/real_time",19206825,7.34107,7.32938,ns,,,"1x32x2",,,2,1,32,2,1,32,2,1,16
"dot/dot_bf16_bf16_fp32_1x32x2_1x16x2_avx512/32/92/real_time",1402328,99.8232,99.6367,ns,,,"1x32x92",,,2,1,32,92,1,32,2,1,16
"dot/dot_bf16_bf16_fp32_1x32x2_1x16x2_avx512/32/184/real_time",682854,204.87,204.522,ns,,,"1x32x184",,,2,1,32,184,1,32,2,1,16
"dot/dot_bf16_bf16_fp32_1x32x2_1x16x2_avx512/32/276/real_time",451167,310.021,309.493,ns,,,"1x32x276",,,2,1,32,276,1,32,2,1,16
"dot/dot_bf16_bf16_fp32_1x32x2_1x16x2_avx512/32/370/real_time",335135,419.173,418.152,ns,,,"1x32x370",,,2,1,32,370,1,32,2,1,16
"dot/dot_bf16_bf16_fp32_1x32x2_1x16x2_avx512/64/2/real_time",14350319,9.84869,9.83256,ns,,,"1x64x2",,,2,1,32,2,1,64,2,1,16
"dot/dot_bf16_bf16_fp32_1x32x2_1x16x2_avx512/64/46/real_time",1717295,81.2199,81.0757,ns,,,"1x64x46",,,2,1,32,46,1,64,2,1,16
"dot/dot_bf16_bf16_fp32_1x32x2_1x16x2_avx512/64/92/real_time",719326,195.028,194.692,ns,,,"1x64x92",,,2,1,32,92,1,64,2,1,16
"dot/dot_bf16_bf16_fp32_1x32x2_1x16x2_avx512/64/138/real_time",466661,300.194,299.672,ns,,,"1x64x138",,,2,1,32,138,1,64,2,1,16
"dot/dot_bf16_bf16_fp32_1x32x2_1x16x2_avx512/64/186/real_time",341695,410.091,409.356,ns,,,"1x64x186",,,2,1,32,186,1,64,2,1,16
"dot/dot_bf16_bf16_fp32_1x32x2_1x16x2_avx512/128/2/real_time",9189690,15.3034,15.2784,ns,,,"1x128x2",,,2,1,32,2,1,128,2,1,16
"dot/dot_bf16_bf16_fp32_1x32x2_1x16x2_avx512/128/22/real_time",1948258,71.785,71.6592,ns,,,"1x128x22",,,2,1,32,22,1,128,2,1,16
"dot/dot_bf16_bf16_fp32_1x32x2_1x16x2_avx512/128/46/real_time",880471,156.318,156.05,ns,,,"1x128x46",,,2,1,32,46,1,128,2,1,16
"dot/dot_bf16_bf16_fp32_1x32x2_1x16x2_avx512/128/68/real_time",510336,270.348,269.946,ns,,,"1x128x68",,,2,1,32,68,1,128,2,1,16
"dot/dot_bf16_bf16_fp32_1x32x2_1x16x2_avx512/128/92/real_time",363306,384.84,384.128,ns,,,"1x128x92",,,2,1,32,92,1,128,2,1,16
"dot/dot_bf16_bf16_fp32_1x32x2_1x16x2_avx512/256/2/real_time",5409715,25.8098,25.7629,ns,,,"1x256x2",,,2,1,32,2,1,256,2,1,16
"dot/dot_bf16_bf16_fp32_1x32x2_1x16x2_avx512/256/10/real_time",2242033,62.3272,62.228,ns,,,"1x256x10",,,2,1,32,10,1,256,2,1,16
"dot/dot_bf16_bf16_fp32_1x32x2_1x16x2_avx512/256/22/real_time",982924,138.855,138.595,ns,,,"1x256x22",,,2,1,32,22,1,256,2,1,16
"dot/dot_bf16_bf16_fp32_1x32x2_1x16x2_avx512/256/32/real_time",664145,211.121,210.697,ns,,,"1x256x32",,,2,1,32,32,1,256,2,1,16
"dot/dot_bf16_bf16_fp32_1x32x2_1x16x2_avx512/256/44/real_time",479145,291.903,291.388,ns,,,"1x256x44",,,2,1,32,44,1,256,2,1,16
"dot/dot_bf16_bf16_fp32_2x32x2_1x16x2_avx512/32/2/real_time",15490747,9.08876,9.07255,ns,,,"2x32x2",,,2,2,32,2,2,32,2,1,16
"dot/dot_bf16_bf16_fp32_2x32x2_1x16x2_avx512/32/88/real_time",1298301,107.777,107.589,ns,,,"2x32x88",,,2,2,32,88,2,32,2,1,16
"dot/dot_bf16_bf16_fp32_2x32x2_1x16x2_avx512/32/178/real_time",660417,211.874,211.497,ns,,,"2x32x178",,,2,2,32,178,2,32,2,1,16
"dot/dot_bf16_bf16_fp32_2x32x2_1x16x2_avx512/32/266/real_time",445535,313.899,313.331,ns,,,"2x32x266",,,2,2,32,266,2,32,2,1,16
"dot/dot_bf16_bf16_fp32_2x32x2_1x16x2_avx512/32/356/real_time",335165,417.97,417.221,ns,,,"2x32x356",,,2,2,32,356,2,32,2,1,16
"dot/dot_bf16_bf16_fp32_2x32x2_1x16x2_avx512/64/2/real_time",10696833,12.9833,12.956,ns,,,"2x64x2",,,2,2,32,2,2,64,2,1,16
"dot/dot_bf16_bf16_fp32_2x32x2_1x16x2_avx512/64/44/real_time",1303004,108.275,108.014,ns,,,"2x64x44",,,2,2,32,44,2,64,2,1,16
"dot/dot_bf16_bf16_fp32_2x32x2_1x16x2_avx512/64/90/real_time",651530,214.347,213.96,ns,,,"2x64x90",,,2,2,32,90,2,64,2,1,16
"dot/dot_bf16_bf16_fp32_2x32x2_1x16x2_avx512/64/136/real_time",436359,320.763,320.184,ns,,,"2x64x136",,,2,2,32,136,2,64,2,1,16
"dot/dot_bf16_bf16_fp32_2x32x2_1x16x2_avx512/64/182/real_time",327088,427.92,426.896,ns,,,"2x64x182",,,2,2,32,182,2,64,2,1,16
"dot/dot_bf16_bf16_fp32_2x32x2_1x16x2_avx512/128/2/real_time",7014755,20.0019,19.9327,ns,,,"2x128x2",,,2,2,32,2,2,128,2,1,16
"dot/dot_bf16_bf16_fp32_2x32x2_1x16x2_avx512/128/22/real_time",1338897,104.608,104.411,ns,,,"2x128x22",,,2,2,32,22,2,128,2,1,16
"dot/dot_bf16_bf16_fp32_2x32x2_1x16x2_avx512/128/44/real_time",667378,211.129,210.708,ns,,,"2x128x44",,,2,2,32,44,2,128,2,1,16
"dot/dot_bf16_bf16_fp32_2x32x2_1x16x2_avx512/128/66/real_time",449123,312.366,311.584,ns,,,"2x128x66",,,2,2,32,66,2,128,2,1,16
"dot/dot_bf16_bf16_fp32_2x32x2_1x16x2_avx512/128/90/real_time",330637,423.585,422.66,ns,,,"2x128x90",,,2,2,32,90,2,128,2,1,16
"dot/dot_bf16_bf16_fp32_2x32x2_1x16x2_avx512/256/2/real_time",3941847,35.5942,35.5298,ns,,,"2x256x2",,,2,2,32,2,2,256,2,1,16
"dot/dot_bf16_bf16_fp32_2x32x2_1x16x2_avx512/256/10/real_time",1490255,93.8588,93.6303,ns,,,"2x256x10",,,2,2,32,10,2,256,2,1,16
"dot/dot_bf16_bf16_fp32_2x32x2_1x16x2_avx512/256/20/real_time",754127,185.915,185.218,ns,,,"2x256x20",,,2,2,32,20,2,256,2,1,16
"dot/dot_bf16_bf16_fp32_2x32x2_1x16x2_avx512/256/30/real_time",511208,273.117,272.66,ns,,,"2x256x30",,,2,2,32,30,2,256,2,1,16
"dot/dot_bf16_bf16_fp32_2x32x2_1x16x2_avx512/256/42/real_time",351326,396.387,395.768,ns,,,"2x256x42",,,2,2,32,42,2,256,2,1,16
"dot/dot_bf16_bf16_fp32_3x32x2_1x16x2_avx512/32/2/real_time",12901347,10.8586,10.8397,ns,,,"3x32x2",,,2,3,32,2,3,32,2,1,16
"dot/dot_bf16_bf16_fp32_3x32x2_1x16x2_avx512/32/86/real_time",1102776,127.404,127.151,ns,,,"3x32x86",,,2,3,32,86,3,32,2,1,16
"dot/dot_bf16_bf16_fp32_3x32x2_1x16x2_avx512/32/172/real_time",564519,247.214,246.746,ns,,,"3x32x172",,,2,3,32,172,3,32,2,1,16
"dot/dot_bf16_bf16_fp32_3x32x2_1x16x2_avx512/32/258/real_time",381708,368.49,367.333,ns,,,"3x32x258",,,2,3,32,258,3,32,2,1,16
"dot/dot_bf16_bf16_fp32_3x32x2_1x16x2_avx512/32/344/real_time",287007,485.416,484.49,ns,,,"3x32x344",,,2,3,32,344,3,32,2,1,16
"dot/dot_bf16_bf16_fp32_3x32x2_1x16x2_avx512/64/2/real_time",8978512,15.5243,15.487,ns,,,"3x64x2",,,2,3,32,2,3,64,2,1,16
"dot/dot_bf16_bf16_fp32_3x32x2_1x16x2_avx512/64/44/real_time",1057861,132.552,132.226,ns,,,"3x64x44",,,2,3,32,44,3,64,2,1,16
"dot/dot_bf16_bf16_fp32_3x32x2_1x16x2_avx512/64/88/real_time",542220,256.621,256,ns,,,"3x64x88",,,2,3,32,88,3,64,2,1,16
"dot/dot_bf16_bf16_fp32_3x32x2_1x16x2_avx512/64/132/real_time",368827,379.174,378.505,ns,,,"3x64x132",,,2,3,32,132,3,64,2,1,16
"dot/dot_bf16_bf16_fp32_3x32x2_1x16x2_avx512/64/176/real_time",279721,500.102,499.208,ns,,,"3x64x176",,,2,3,32,176,3,64,2,1,16
"dot/dot_bf16_bf16_fp32_3x32x2_1x16x2_avx512/128/2/real_time",5645381,24.9154,24.8725,ns,,,"3x128x2",,,2,3,32,2,3,128,2,1,16
"dot/dot_bf16_bf16_fp32_3x32x2_1x16x2_avx512/128/20/real_time",1135532,123.29,122.987,ns,,,"3x128x20",,,2,3,32,20,3,128,2,1,16
"dot/dot_bf16_bf16_fp32_3x32x2_1x16x2_avx512/128/42/real_time",554599,251.666,251.058,ns,,,"3x128x42",,,2,3,32,42,3,128,2,1,16
"dot/dot_bf16_bf16_fp32_3x32x2_1x16x2_avx512/128/64/real_time",375402,371.664,370.805,ns,,,"3x128x64",,,2,3,32,64,3,128,2,1,16
"dot/dot_bf16_bf16_fp32_3x32x2_1x16x2_avx512/128/86/real_time",281600,494.957,493.962,ns,,,"3x128x86",,,2,3,32,86,3,128,2,1,16
"dot/dot_bf16_bf16_fp32_3x32x2_1x16x2_avx512/256/2/real_time",3252686,43.5062,43.42,ns,,,"3x256x2",,,2,3,32,2,3,256,2,1,16
"dot/dot_bf16_bf16_fp32_3x32x2_1x16x2_avx512/256/10/real_time",1100923,126.581,126.36,ns,,,"3x256x10",,,2,3,32,10,3,256,2,1,16
"dot/dot_bf16_bf16_fp32_3x32x2_1x16x2_avx512/256/20/real_time",574725,243.597,243.141,ns,,,"3x256x20",,,2,3,32,20,3,256,2,1,16
"dot/dot_bf16_bf16_fp32_3x32x2_1x16x2_avx512/256/30/real_time",386029,362.761,362.033,ns,,,"3x256x30",,,2,3,32,30,3,256,2,1,16
"dot/dot_bf16_bf16_fp32_3x32x2_1x16x2_avx512/256/40/real_time",293512,476.926,476.006,ns,,,"3x256x40",,,2,3,32,40,3,256,2,1,16
"dot/dot_bf16_bf16_fp32_4x32x2_1x16x2_avx512/32/2/real_time",11211120,12.4996,12.4776,ns,,,"4x32x2",,,2,4,32,2,4,32,2,1,16
"dot/dot_bf16_bf16_fp32_4x32x2_1x16x2_avx512/32/82/real_time",903541,153.95,153.595,ns,,,"4x32x82",,,2,4,32,82,4,32,2,1,16
"dot/dot_bf16_bf16_fp32_4x32x2_1x16x2_avx512/32/166/real_time",470052,298.394,297.927,ns,,,"4x32x166",,,2,4,32,166,4,32,2,1,16
"dot/dot_bf16_bf16_fp32_4x32x2_1x16x2_avx512/32/250/real_time",313921,446.092,445.156,ns,,,"4x32x250",,,2,4,32,250,4,32,2,1,16
"dot/dot_bf16_bf16_fp32_4x32x2_1x16x2_avx512/32/334/real_time",235541,593.981,592.934,ns,,,"4x32x334",,,2,4,32,334,4,32,2,1,16
"dot/dot_bf16_bf16_fp32_4x32x2_1x16x2_avx512/64/2/real_time",7425239,18.6405,18.6063,ns,,,"4x64x2",,,2,4,32,2,4,64,2,1,16
"dot/dot_bf16_bf16_fp32_4x32x2_1x16x2_avx512/64/42/real_time",875018,159.92,159.63,ns,,,"4x64x42",,,2,4,32,42,4,64,2,1,16
"dot/dot_bf16_bf16_fp32_4x32x2_1x16x2_avx512/64/86/real_time",444751,314.685,314.178,ns,,,"4x64x86",,,2,4,32,86,4,64,2,1,16
"dot/dot_bf16_bf16_fp32_4x32x2_1x16x2_avx512/64/128/real_time",302372,462.851,462.038,ns,,,"4x64x128",,,2,4,32,128,4,64,2,1,16
"dot/dot_bf16_bf16_fp32_4x32x2_1x16x2_avx512/64/172/real_time",228563,612.576,611.471,ns,,,"4x64x172",,,2,4,32,172,4,64,2,1,16
"dot/dot_bf16_bf16_fp32_4x32x2_1x16x2_avx512/128/2/real_time",4434810,31.5881,31.5242,ns,,,"4x128x2",,,2,4,32,2,4,128,2,1,16
"dot/dot_bf16_bf16_fp32_4x32x2_1x16x2_avx512/128/20/real_time",901147,155.071,154.817,ns,,,"4x128x20",,,2,4,32,20,4,128,2,1,16
"dot/dot_bf16_bf16_fp32_4x32x2_1x16x2_avx512/128/42/real_time",442322,316.124,315.546,ns,,,"4x128x42",,,2,4,32,42,4,128,2,1,16
"dot/dot_bf16_bf16_fp32_4x32x2_1x16x2_avx512/128/62/real_time",308312,454.819,453.906,ns,,,"4x128x62",,,2,4,32,62,4,128,2,1,16
"dot/dot_bf16_bf16_fp32_4x32x2_1x16x2_avx512/128/84/real_time",230497,606.511,605.121,ns,,,"4x128x84",,,2,4,32,84,4,128,2,1,16
"dot/dot_bf16_bf16_fp32_4x32x2_1x16x2_avx512/256/2/real_time",2512483,55.9677,55.8601,ns,,,"4x256x2",,,2,4,32,2,4,256,2,1,16
"dot/dot_bf16_bf16_fp32_4x32x2_1x16x2_avx512/256/8/real_time",1087445,128.843,128.569,ns,,,"4x256x8",,,2,4,32,8,4,256,2,1,16
"dot/dot_bf16_bf16_fp32_4x32x2_1x16x2_avx512/256/18/real_time",505982,276.913,276.359,ns,,,"4x256x18",,,2,4,32,18,4,256,2,1,16
"dot/dot_bf16_bf16_fp32_4x32x2_1x16x2_avx512/256/28/real_time",331258,422.538,421.091,ns,,,"4x256x28",,,2,4,32,28,4,256,2,1,16
"dot/dot_bf16_bf16_fp32_4x32x2_1x16x2_avx512/256/38/real_time",244984,571.414,569.441,ns,,,"4x256x38",,,2,4,32,38,4,256,2,1,16
"dot/dot_bf16_bf16_fp32_5x32x2_1x16x2_avx512/32/2/real_time",9771249,14.5401,14.4983,ns,,,"5x32x2",,,2,5,32,2,5,32,2,1,16
"dot/dot_bf16_bf16_fp32_5x32x2_1x16x2_avx512/32/80/real_time",771282,180.485,179.896,ns,,,"5x32x80",,,2,5,32,80,5,32,2,1,16
"dot/dot_bf16_bf16_fp32_5x32x2_1x16x2_avx512/32/160/real_time",398419,351.519,350.445,ns,,,"5x32x160",,,2,5,32,160,5,32,2,1,16
"dot/dot_bf16_bf16_fp32_5x32x2_1x16x2_avx512/32/240/real_time",267953,522.299,520.806,ns,,,"5x32x240",,,2,5,32,240,5,32,2,1,16
"dot/dot_bf16_bf16_fp32_5x32x2_1x16x2_avx512/32/322/real_time",200627,697.872,695.896,ns,,,"5x32x322",,,2,5,32,322,5,32,2,1,16
"dot/dot_bf16_bf16_fp32_5x32x2_1x16x2_avx512/64/2/real_time",6816196,20.55,20.4904,ns,,,"5x64x2",,,2,5,32,2,5,64,2,1,16
"dot/dot_bf16_bf16_fp32_5x32x2_1x16x2_avx512/64/42/real_time",718128,191.306,190.753,ns,,,"5x64x42",,,2,5,32,42,5,64,2,1,16
"dot/dot_bf16_bf16_fp32_5x32x2_1x16x2_avx512/64/84/real_time",377700,370.767,369.565,ns,,,"5x64x84",,,2,5,32,84,5,64,2,1,16
"dot/dot_bf16_bf16_fp32_5x32x2_1x16x2_avx512/64/126/real_time",254317,550.613,548.814,ns,,,"5x64x126",,,2,5,32,126,5,64,2,1,16
"dot/dot_bf16_bf16_fp32_5x32x2_1x16x2_avx512/64/168/real_time",191802,729.753,727.561,ns,,,"5x64x168",,,2,5,32,168,5,64,2,1,16
"dot/dot_bf16_bf16_fp32_5x32x2_1x16x2_avx512/128/2/real_time",3968512,35.2508,35.1399,ns,,,"5x128x2",,,2,5,32,2,5,128,2,1,16
"dot/dot_bf16_bf16_fp32_5x32x2_1x16x2_avx512/128/20/real_time",736346,189.767,189.223,ns,,,"5x128x20",,,2,5,32,20,5,128,2,1,16
"dot/dot_bf16_bf16_fp32_5x32x2_1x16x2_avx512/128/40/real_time",391615,357.495,356.415,ns,,,"5x128x40",,,2,5,32,40,5,128,2,1,16
"dot/dot_bf16_bf16_fp32_5x32x2_1x16x2_avx512/128/60/real_time",265211,528.369,526.887,ns,,,"5x128x60",,,2,5,32,60,5,128,2,1,16
"dot/dot_bf16_bf16_fp32_5x32x2_1x16x2_avx512/128/82/real_time",195000,716.979,714.938,ns,,,"5x128x82",,,2,5,32,82,5,128,2,1,16
"dot/dot_bf16_bf16_fp32_5x32x2_1x16x2_avx512/256/2/real_time",2168743,64.5514,64.3554,ns,,,"5x256x2",,,2,5,32,2,5,256,2,1,16
"dot/dot_bf16_bf16_fp32_5x32x2_1x16x2_avx512/256/8/real_time",854864,164.776,164.277,ns,,,"5x256x8",,,2,5,32,8,5,256,2,1,16
"dot/dot_bf16_bf16_fp32_5x32x2_1x16x2_avx512/256/18/real_time",414509,337.919,336.621,ns,,,"5x256x18",,,2,5,32,18,5,256,2,1,16
"dot/dot_bf16_bf16_fp32_5x32x2_1x16x2_avx512/256/26/real_time",293209,477.325,475.909,ns,,,"5x256x26",,,2,5,32,26,5,256,2,1,16
"dot/dot_bf16_bf16_fp32_5x32x2_1x16x2_avx512/256/36/real_time",218990,654.866,653.02,ns,,,"5x256x36",,,2,5,32,36,5,256,2,1,16
"dot/dot_bf16_bf16_fp32_6x32x2_1x16x2_avx512/32/2/real_time",8548469,16.4054,16.3439,ns,,,"6x32x2",,,2,6,32,2,6,32,2,1,16
"dot/dot_bf16_bf16_fp32_6x32x2_1x16x2_avx512/32/78/real_time",672253,208.004,207.314,ns,,,"6x32x78",,,2,6,32,78,6,32,2,1,16
"dot/dot_bf16_bf16_fp32_6x32x2_1x16x2_avx512/32/156/real_time",346648,403.947,402.678,ns,,,"6x32x156",,,2,6,32,156,6,32,2,1,16
"dot/dot_bf16_bf16_fp32_6x32x2_1x16x2_avx512/32/234/real_time",232897,600.077,598.204,ns,,,"6x32x234",,,2,6,32,234,6,32,2,1,16
"dot/dot_bf16_bf16_fp32_6x32x2_1x16x2_avx512/32/312/real_time",175789,795.832,793.598,ns,,,"6x32x312",,,2,6,32,312,6,32,2,1,16
"dot/dot_bf16_bf16_fp32_6x32x2_1x16x2_avx512/64/2/real_time",6060878,23.0844,23.0222,ns,,,"6x64x2",,,2,6,32,2,6,64,2,1,16
"dot/dot_bf16_bf16_fp32_6x32x2_1x16x2_avx512/64/40/real_time",645464,215.6,214.891,ns,,,"6x64x40",,,2,6,32,40,6,64,2,1,16
"dot/dot_bf16_bf16_fp32_6x32x2_1x16x2_avx512/64/82/real_time",328188,426.596,425.21,ns,,,"6x64x82",,,2,6,32,82,6,64,2,1,16
"dot/dot_bf16_bf16_fp32_6x32x2_1x16x2_avx512/64/122/real_time",223031,627.707,625.766,ns,,,"6x64x122",,,2,6,32,122,6,64,2,1,16
"dot/dot_bf16_bf16_fp32_6x32x2_1x16x2_avx512/64/164/real_time",166920,838.756,836.337,ns,,,"6x64x164",,,2,6,32,164,6,64,2,1,16
"dot/dot_bf16_bf16_fp32_6x32x2_1x16x2_avx512/128/2/real_time",3438176,40.7829,40.6661,ns,,,"6x128x2",,,2,6,32,2,6,128,2,1,16
"dot/dot_bf16_bf16_fp32_6x32x2_1x16x2_avx512/128/20/real_time",634212,220.845,220.2,ns,,,"6x128x20",,,2,6,32,20,6,128,2,1,16
"dot/dot_bf16_bf16_fp32_6x32x2_1x16x2_avx512/128/40/real_time",331295,422.407,421.179,ns,,,"6x128x40",,,2,6,32,40,6,128,2,1,16
"dot/dot_bf16_bf16_fp32_6x32x2_1x16x2_avx512/128/60/real_time",224624,622.96,621.091,ns,,,"6x128x60",,,2,6,32,60,6,128,2,1,16
"dot/dot_bf16_bf16_fp32_6x32x2_1x16x2_avx512/128/80/real_time",169854,824.092,821.602,ns,,,"6x128x80",,,2,6,32,80,6,128,2,1,16
"dot/dot_bf16_bf16_fp32_6x32x2_1x16x2_avx512/256/2/real_time",1908860,73.4915,73.3058,ns,,,"6x256x2",,,2,6,32,2,6,256,2,1,16
"dot/dot_bf16_bf16_fp32_6x32x2_1x16x2_avx512/256/8/real_time",727217,192.655,192.106,ns,,,"6x256x8",,,2,6,32,8,6,256,2,1,16
"dot/dot_bf16_bf16_fp32_6x32x2_1x16x2_avx512/256/16/real_time",393944,355.217,354.172,ns,,,"6x256x16",,,2,6,32,16,6,256,2,1,16
"dot/dot_bf16_bf16_fp32_6x32x2_1x16x2_avx512/256/24/real_time",269196,519.518,517.931,ns,,,"6x256x24",,,2,6,32,24,6,256,2,1,16
"dot/dot_bf16_bf16_fp32_6x32x2_1x16x2_avx512/256/34/real_time",195788,715.109,713.137,ns,,,"6x256x34",,,2,6,32,34,6,256,2,1,16
"dot/dot_bf16_bf16_fp32_8x32x2_1x16x2_avx512/32/2/real_time",7973979,17.5631,17.5124,ns,,,"8x32x2",,,2,8,32,2,8,32,2,1,16
"dot/dot_bf16_bf16_fp32_8x32x2_1x16x2_avx512/32/72/real_time",570857,244.658,243.985,ns,,,"8x32x72",,,2,8,32,72,8,32,2,1,16
"dot/dot_bf16_bf16_fp32_8x32x2_1x16x2_avx512/32/146/real_time",284915,491.414,489.871,ns,,,"8x32x146",,,2,8,32,146,8,32,2,1,16
"dot/dot_bf16_bf16_fp32_8x32x2_1x16x2_avx512/32/220/real_time",190019,736.267,734.323,ns,,,"8x32x220",,,2,8,32,220,8,32,2,1,16
"dot/dot_bf16_bf16_fp32_8x32x2_1x16x2_avx512/32/294/real_time",141642,987.493,984.674,ns,,,"8x32x294",,,2,8,32,294,8,32,2,1,16
"dot/dot_bf16_bf16_fp32_8x32x2_1x16x2_avx512/64/2/real_time",4976354,27.9894,27.9157,ns,,,"8x64x2",,,2,8,32,2,8,64,2,1,16
"dot/dot_bf16_bf16_fp32_8x32x2_1x16x2_avx512/64/38/real_time",547900,256.079,255.27,ns,,,"8x64x38",,,2,8,32,38,8,64,2,1,16
"dot/dot_bf16_bf16_fp32_8x32x2_1x16x2_avx512/64/78/real_time",269099,521.793,520.218,ns,,,"8x64x78",,,2,8,32,78,8,64,2,1,16
"dot/dot_bf16_bf16_fp32_8x32x2_1x16x2_avx512/64/116/real_time",181509,772.834,770.811,ns,,,"8x64x116",,,2,8,32,116,8,64,2,1,16
"dot/dot_bf16_bf16_fp32_8x32x2_1x16x2_avx512/64/156/real_time",135483,1036.77,1033.75,ns,,,"8x64x156",,,2,8,32,156,8,64,2,1,16
"dot/dot_bf16_bf16_fp32_8x32x2_1x16x2_avx512/128/2/real_time",3217432,43.634,43.5252,ns,,,"8x128x2",,,2,8,32,2,8,128,2,1,16
"dot/dot_bf16_bf16_fp32_8x32x2_1x16x2_avx512/128/18/real_time",547072,255.155,254.482,ns,,,"8x128x18",,,2,8,32,18,8,128,2,1,16
"dot/dot_bf16_bf16_fp32_8x32x2_1x16x2_avx512/128/36/real_time",292046,479.291,477.894,ns,,,"8x128x36",,,2,8,32,36,8,128,2,1,16
"dot/dot_bf16_bf16_fp32_8x32x2_1x16x2_avx512/128/54/real_time",194061,720.063,716.92,ns,,,"8x128x54",,,2,8,32,54,8,128,2,1,16
"dot/dot_bf16_bf16_fp32_8x32x2_1x16x2_avx512/128/74/real_time",142271,985.463,982.834,ns,,,"8x128x74",,,2,8,32,74,8,128,2,1,16
"dot/dot_bf16_bf16_fp32_8x32x2_1x16x2_avx512/256/2/real_time",1763996,79.3297,79.0958,ns,,,"8x256x2",,,2,8,32,2,8,256,2,1,16
"dot/dot_bf16_bf16_fp32_8x32x2_1x16x2_avx512/256/6/real_time",773157,181.26,180.538,ns,,,"8x256x6",,,2,8,32,6,8,256,2,1,16
"dot/dot_bf16_bf16_fp32_8x32x2_1x16x2_avx512/256/14/real_time",352889,396.333,394.79,ns,,,"8x256x14",,,2,8,32,14,8,256,2,1,16
"dot/dot_bf16_bf16_fp32_8x32x2_1x16x2_avx512/256/22/real_time",234596,596.827,594.644,ns,,,"8x256x22",,,2,8,32,22,8,256,2,1,16
"dot/dot_bf16_bf16_fp32_8x32x2_1x16x2_avx512/256/30/real_time",175803,796.579,793.275,ns,,,"8x256x30",,,2,8,32,30,8,256,2,1,16
"dot/dot_bf16_bf16_fp32_10x32x2_1x16x2_avx512/32/2/real_time",6870150,20.3603,20.2956,ns,,,"10x32x2",,,2,10,32,2,10,32,2,1,16
"dot/dot_bf16_bf16_fp32_10x32x2_1x16x2_avx512/32/68/real_time",452945,308.601,307.337,ns,,,"10x32x68",,,2,10,32,68,10,32,2,1,16
"dot/dot_bf16_bf16_fp32_10x32x2_1x16x2_avx512/32/138/real_time",228692,611.14,608.849,ns,,,"10x32x138",,,2,10,32,138,10,32,2,1,16
"dot/dot_bf16_bf16_fp32_10x32x2_1x16x2_avx512/32/206/real_time",154828,902.875,899.844,ns,,,"10x32x206",,,2,10,32,206,10,32,2,1,16
"dot/dot_bf16_bf16_fp32_10x32x2_1x16x2_avx512/32/276/real_time",115636,1210.43,1205.72,ns,,,"10x32x276",,,2,10,32,276,10,32,2,1,16
"dot/dot_bf16_bf16_fp32_10x32x2_1x16x2_avx512/64/2/real_time",3974198,35.1643,35.046,ns,,,"10x64x2",,,2,10,32,2,10,64,2,1,16
"dot/dot_bf16_bf16_fp32_10x32x2_1x16x2_avx512/64/36/real_time",426732,328.429,327.38,ns,,,"10x64x36",,,2,10,32,36,10,64,2,1,16
"dot/dot_bf16_bf16_fp32_10x32x2_1x16x2_avx512/64/74/real_time",212665,659.154,657.009,ns,,,"10x64x74",,,2,10,32,74,10,64,2,1,16
"dot/dot_bf16_bf16_fp32_10x32x2_1x16x2_avx512/64/110/real_time",144245,971.365,968.213,ns,,,"10x64x110",,,2,10,32,110,10,64,2,1,16
"dot/dot_bf16_bf16_fp32_10x32x2_1x16x2_avx512/64/148/real_time",108141,1297.42,1293.68,ns,,,"10x64x148",,,2,10,32,148,10,64,2,1,16
"dot/dot_bf16_bf16_fp32_10x32x2_1x16x2_avx512/128/2/real_time",2376718,58.9299,58.7261,ns,,,"10x128x2",,,2,10,32,2,10,128,2,1,16
"dot/dot_bf16_bf16_fp32_10x32x2_1x16x2_avx512/128/16/real_time",459864,305.934,305.066,ns,,,"10x128x16",,,2,10,32,16,10,128,2,1,16
"dot/dot_bf16_bf16_fp32_10x32x2_1x16x2_avx512/128/34/real_time",228489,614.554,612.467,ns,,,"10x128x34",,,2,10,32,34,10,128,2,1,16
"dot/dot_bf16_bf16_fp32_10x32x2_1x16x2_avx512/128/52/real_time",151052,926.654,923.881,ns,,,"10x128x52",,,2,10,32,52,10,128,2,1,16
"dot/dot_bf16_bf16_fp32_10x32x2_1x16x2_avx512/128/70/real_time",113307,1240.61,1237.32,ns,,,"10x128x70",,,2,10,32,70,10,128,2,1,16
"dot/dot_bf16_bf16_fp32_10x32x2_1x16x2_avx512/256/2/real_time",1305494,107.367,107.039,ns,,,"10x256x2",,,2,10,32,2,10,256,2,1,16
"dot/dot_bf16_bf16_fp32_10x32x2_1x16x2_avx512/256/6/real_time",609209,229.396,228.733,ns,,,"10x256x6",,,2,10,32,6,10,256,2,1,16
"dot/dot_bf16_bf16_fp32_10x32x2_1x16x2_avx512/256/12/real_time",314126,445.024,443.791,ns,,,"10x256x12",,,2,10,32,12,10,256,2,1,16
"dot/dot_bf16_bf16_fp32_10x32x2_1x16x2_avx512/256/18/real_time",217223,645.465,643.239,ns,,,"10x256x18",,,2,10,32,18,10,256,2,1,16
"dot/dot_bf16_bf16_fp32_10x32x2_1x16x2_avx512/256/26/real_time",151271,924.755,922.232,ns,,,"10x256x26",,,2,10,32,26,10,256,2,1,16
"dot/dot_bf16_bf16_fp32_12x32x2_1x16x2_avx512/32/2/real_time",4350554,32.143,32.0252,ns,,,"12x32x2",,,2,12,32,2,12,32,2,1,16
"dot/dot_bf16_bf16_fp32_12x32x2_1x16x2_avx512/32/64/real_time",352264,397.191,396.06,ns,,,"12x32x64",,,2,12,32,64,12,32,2,1,16
"dot/dot_bf16_bf16_fp32_12x32x2_1x16x2_avx512/32/130/real_time",179934,777.713,775.807,ns,,,"12x32x130",,,2,12,32,130,12,32,2,1,16
"dot/dot_bf16_bf16_fp32_12x32x2_1x16x2_avx512/32/194/real_time",122763,1146.99,1143.68,ns,,,"12x32x194",,,2,12,32,194,12,32,2,1,16
"dot/dot_bf16_bf16_fp32_12x32x2_1x16x2_avx512/32/260/real_time",91474,1527.44,1523,ns,,,"12x32x260",,,2,12,32,260,12,32,2,1,16
"dot/dot_bf16_bf16_fp32_12x32x2_1x16x2_avx512/64/2/real_time",2758256,50.8098,50.6649,ns,,,"12x64x2",,,2,12,32,2,12,64,2,1,16
"dot/dot_bf16_bf16_fp32_12x32x2_1x16x2_avx512/64/34/real_time",325490,430.086,428.746,ns,,,"12x64x34",,,2,12,32,34,12,64,2,1,16
"dot/dot_bf16_bf16_fp32_12x32x2_1x16x2_avx512/64/70/real_time",165218,845.915,843.672,ns,,,"12x64x70",,,2,12,32,70,12,64,2,1,16
"dot/dot_bf16_bf16_fp32_12x32x2_1x16x2_avx512/64/104/real_time",113082,1242.31,1238.62,ns,,,"12x64x104",,,2,12,32,104,12,64,2,1,16
"dot/dot_bf16_bf16_fp32_12x32x2_1x16x2_avx512/64/140/real_time",84639,1664.26,1659.46,ns,,,"12x64x140",,,2,12,32,140,12,64,2,1,16
"dot/dot_bf16_bf16_fp32_12x32x2_1x16x2_avx512/128/2/real_time",1524854,92.1143,91.8357,ns,,,"12x128x2",,,2,12,32,2,12,128,2,1,16
"dot/dot_bf16_bf16_fp32_12x32x2_1x16x2_avx512/128/16/real_time",327333,428.479,427.014,ns,,,"12x128x16",,,2,12,32,16,12,128,2,1,16
"dot/dot_bf16_bf16_fp32_12x32x2_1x16x2_avx512/128/32/real_time",173408,808.234,806.072,ns,,,"12x128x32",,,2,12,32,32,12,128,2,1,16
"dot/dot_bf16_bf16_fp32_12x32x2_1x16x2_avx512/128/48/real_time",119217,1174.05,1170.82,ns,,,"12x128x48",,,2,12,32,48,12,128,2,1,16
"dot/dot_bf16_bf16_fp32_12x32x2_1x16x2_avx512/128/64/real_time",89972,1554.34,1550.08,ns,,,"12x128x64",,,2,12,32,64,12,128,2,1,16
"dot/dot_bf16_bf16_fp32_12x32x2_1x16x2_avx512/256/2/real_time",846271,165.064,164.569,ns,,,"12x256x2",,,2,12,32,2,12,256,2,1,16
"dot/dot_bf16_bf16_fp32_12x32x2_1x16x2_avx512/256/4/real_time",502032,278.975,278.146,ns,,,"12x256x4",,,2,12,32,4,12,256,2,1,16
"dot/dot_bf16_bf16_fp32_12x32x2_1x16x2_avx512/256/10/real_time",251930,555.754,554.097,ns,,,"12x256x10",,,2,12,32,10,12,256,2,1,16
"dot/dot_bf16_bf16_fp32_12x32x2_1x16x2_avx512/256/16/real_time",165743,847.43,844.998,ns,,,"12x256x16",,,2,12,32,16,12,256,2,1,16
"dot/dot_bf16_bf16_fp32_12x32x2_1x16x2_avx512/256/22/real_time",122806,1144.26,1140.99,ns,,,"12x256x22",,,2,12,32,22,12,256,2,1,16
"dot/dot_bf16_bf16_fp32_16x16x2_1x16x2_avx512/16/2/real_time",5161949,26.924,26.8426,ns,,,"16x16x2",,,2,16,16,2,16,16,2,1,16
"dot/dot_bf16_bf16_fp32_16x16x2_1x16x2_avx512/16/92/real_time",320464,435.113,433.979,ns,,,"16x16x92",,,2,16,16,92,16,16,2,1,16
"dot/dot_bf16_bf16_fp32_16x16x2_1x16x2_avx512/16/184/real_time",164451,851.965,849.603,ns,,,"16x16x184",,,2,16,16,184,16,16,2,1,16
"dot/dot_bf16_bf16_fp32_16x16x2_1x16x2_avx512/16/276/real_time",110619,1264.86,1261.43,ns,,,"16x16x276",,,2,16,16,276,16,16,2,1,16
"dot/dot_bf16_bf16_fp32_16x16x2_1x16x2_avx512/16/368/real_time",83301,1681.98,1677.2,ns,,,"16x16x368",,,2,16,16,368,16,16,2,1,16
"dot/dot_bf16_bf16_fp32_16x16x2_1x16x2_avx512/32/2/real_time",3369172,41.523,41.3955,ns,,,"16x32x2",,,2,16,16,2,16,32,2,1,16
"dot/dot_bf16_bf16_fp32_16x16x2_1x16x2_avx512/32/58/real_time",251086,555.267,553.625,ns,,,"16x32x58",,,2,16,16,58,16,32,2,1,16
"dot/dot_bf16_bf16_fp32_16x16x2_1x16x2_avx512/32/116/real_time",129142,1084.5,1080.44,ns,,,"16x32x116",,,2,16,16,116,16,32,2,1,16
"dot/dot_bf16_bf16_fp32_16x16x2_1x16x2_avx512/32/174/real_time",87581,1602.03,1597.07,ns,,,"16x32x174",,,2,16,16,174,16,32,2,1,16
"dot/dot_bf16_bf16_fp32_16x16x2_1x16x2_avx512/32/234/real_time",65298,2142.4,2135.2,ns,,,"16x32x234",,,2,16,16,234,16,32,2,1,16
"dot/dot_bf16_bf16_fp32_16x16x2_1x16x2_avx512/64/2/real_time",2023336,69.2204,69.0355,ns,,,"16x64x2",,,2,16,16,2,16,64,2,1,16
"dot/dot_bf16_bf16_fp32_16x16x2_1x16x2_avx512/64/32/real_time",223707,626.992,624.324,ns,,,"16x64x32",,,2,16,16,32,16,64,2,1,16
"dot/dot_bf16_bf16_fp32_16x16x2_1x16x2_avx512/64/64/real_time",115227,1215.92,1210.64,ns,,,"16x64x64",,,2,16,16,64,16,64,2,1,16
"dot/dot_bf16_bf16_fp32_16x16x2_1x16x2_avx512/64/96/real_time",77665,1797.23,1790.74,ns,,,"16x64x96",,,2,16,16,96,16,64,2,1,16
"dot/dot_bf16_bf16_fp32_16x16x2_1x16x2_avx512/64/128/real_time",58816,2374.7,2366.35,ns,,,"16x64x128",,,2,16,16,128,16,64,2,1,16
"dot/dot_bf16_bf16_fp32_16x16x2_1x16x2_avx512/128/2/real_time",1179287,119.189,118.853,ns,,,"16x128x2",,,2,16,16,2,16,128,2,1,16
"dot/dot_bf16_bf16_fp32_16x16x2_1x16x2_avx512/128/14/real_time",249554,561.137,559.408,ns,,,"16x128x14",,,2,16,16,14,16,128,2,1,16
"dot/dot_bf16_bf16_fp32_16x16x2_1x16x2_avx512/128/28/real_time",129382,1083.75,1079.47,ns,,,"16x128x28",,,2,16,16,28,16,128,2,1,16
"dot/dot_bf16_bf16_fp32_16x16x2_1x16x2_avx512/128/42/real_time",87784,1604.18,1598.05,ns,,,"16x128x42",,,2,16,16,42,16,128,2,1,16
"dot/dot_bf16_bf16_fp32_16x16x2_1x16x2_avx512/128/56/real_time",66055,2120.04,2113.15,ns,,,"16x128x56",,,2,16,16,56,16,128,2,1,16
"dot/dot_bf16_bf16_fp32_1x64x1_1x16x1_avx512/64/1/real_time",18224957,7.68876,7.66161,ns,,,"1x64x1",,,1,1,64,1,1,64,1,1,16
"dot/dot_bf16_bf16_fp32_1x64x1_1x16x1_avx512/64/46/real_time",1575373,88.8131,88.4891,ns,,,"1x64x46",,,1,1,64,46,1,64,1,1,16
"dot/dot_bf16_bf16_fp32_1x64x1_1x16x1_avx512/64/93/real_time",822289,171.216,170.691,ns,,,"1x64x93",,,1,1,64,93,1,64,1,1,16
"dot/dot_bf16_bf16_fp32_1x64x1_1x16x1_avx512/64/140/real_time",554739,252.733,251.952,ns,,,"1x64x140",,,1,1,64,140,1,64,1,1,16
"dot/dot_bf16_bf16_fp32_1x64x1_1x16x1_avx512/64/187/real_time",415158,336.393,335.367,ns,,,"1x64x187",,,1,1,64,187,1,64,1,1,16
"dot/dot_bf16_bf16_fp32_1x64x1_1x16x1_avx512/128/1/real_time",12950464,10.8181,10.7847,ns,,,"1x128x1",,,1,1,64,1,1,128,1,1,16
"dot/dot_bf16_bf16_fp32_1x64x1_1x16x1_avx512/128/23/real_time",1608241,87.006,86.653,ns,,,"1x128x23",,,1,1,64,23,1,128,1,1,16
"dot/dot_bf16_bf16_fp32_1x64x1_1x16x1_avx512/128/46/real_time",814420,169.389,168.808,ns,,,"1x128x46",,,1,1,64,46,1,128,1,1,16
"dot/dot_bf16_bf16_fp32_1x64x1_1x16x1_avx512/128/69/real_time",561873,248.347,247.451,ns,,,"1x128x69",,,1,1,64,69,1,128,1,1,16
"dot/dot_bf16_bf16_fp32_1x64x1_1x16x1_avx512/128/93/real_time",420533,334.272,333.294,ns,,,"1x128x93",,,1,1,64,93,1,128,1,1,16
"dot/dot_bf16_bf16_fp32_1x64x1_1x16x1_avx512/256/1/real_time",8161930,17.0459,16.9881,ns,,,"1x256x1",,,1,1,64,1,1,256,1,1,16
"dot/dot_bf16_bf16_fp32_1x64x1_1x16x1_avx512/256/11/real_time",1629651,85.5275,85.1943,ns,,,"1x256x11",,,1,1,64,11,1,256,1,1,16
"dot/dot_bf16_bf16_fp32_1x64x1_1x16x1_avx512/256/22/real_time",846749,165.217,164.763,ns,,,"1x256x22",,,1,1,64,22,1,256,1,1,16
"dot/dot_bf16_bf16_fp32_1x64x1_1x16x1_avx512/256/33/real_time",561828,249.02,248.366,ns,,,"1x256x33",,,1,1,64,33,1,256,1,1,16
"dot/dot_bf16_bf16_fp32_1x64x1_1x16x1_avx512/256/45/real_time",430758,325.185,324.158,ns,,,"1x256x45",,,1,1,64,45,1,256,1,1,16
"dot/dot_bf16_bf16_fp32_1x64x1_1x16x1_avx512/512/1/real_time",4803096,29.1668,29.0807,ns,,,"1x512x1",,,1,1,64,1,1,512,1,1,16
"dot/dot_bf16_bf16_fp32_1x64x1_1x16x1_avx512/512/5/real_time",1789820,78.2481,77.9859,ns,,,"1x512x5",,,1,1,64,5,1,512,1,1,16
"dot/dot_bf16_bf16_fp32_1x64x1_1x16x1_avx512/512/10/real_time",918368,154.083,153.658,ns,,,"1x512x10",,,1,1,64,10,1,512,1,1,16
"dot/dot_bf16_bf16_fp32_1x64x1_1x16x1_avx512/512/15/real_time",623077,224.457,223.838,ns,,,"1x512x15",,,1,1,64,15,1,512,1,1,16
"dot/dot_bf16_bf16_fp32_1x64x1_1x16x1_avx512/512/21/real_time",445755,314.089,313.234,ns,,,"1x512x21",,,1,1,64,21,1,512,1,1,16
"dot/dot_bf16_bf16_fp32_2x64x1_1x16x1_avx512/64/1/real_time",13999717,9.90808,9.87688,ns,,,"2x64x1",,,1,2,64,1,2,64,1,1,16
"dot/dot_bf16_bf16_fp32_2x64x1_1x16x1_avx512/64/45/real_time",1214282,115.948,115.564,ns,,,"2x64x45",,,1,2,64,45,2,64,1,1,16
"dot/dot_bf16_bf16_fp32_2x64x1_1x16x1_avx512/64/91/real_time",620392,225.392,224.753,ns,,,"2x64x91",,,1,2,64,91,2,64,1,1,16
"dot/dot_bf16_bf16_fp32_2x64x1_1x16x1_avx512/64/136/real_time",421859,334.688,333.646,ns,,,"2x64x136",,,1,2,64,136,2,64,1,1,16
"dot/dot_bf16_bf16_fp32_2x64x1_1x16x1_avx512/64/182/real_time",317448,441.843,440.581,ns,,,"2x64x182",,,1,2,64,182,2,64,1,1,16
"dot/dot_bf16_bf16_fp32_2x64x1_1x16x1_avx512/128/1/real_time",9879582,14.2483,14.2092,ns,,,"2x128x1",,,1,2,64,1,2,128,1,1,16
"dot/dot_bf16_bf16_fp32_2x64x1_1x16x1_avx512/128/22/real_time",1205582,116.533,116.172,ns,,,"2x128x22",,,1,2,64,22,2,128,1,1,16
"dot/dot_bf16_bf16_fp32_2x64x1_1x16x1_avx512/128/45/real_time",620019,225.542,224.875,ns,,,"2x128x45",,,1,2,64,45,2,128,1,1,16
"dot/dot_bf16_bf16_fp32_2x64x1_1x16x1_avx512/128/67/real_time",420464,330.943,330.046,ns,,,"2x128x67",,,1,2,64,67,2,128,1,1,16
"dot/dot_bf16_bf16_fp32_2x64x1_1x16x1_avx512/128/90/real_time",318273,439.826,438.542,ns,,,"2x128x90",,,1,2,64,90,2,128,1,1,16
"dot/dot_bf16_bf16_fp32_2x64x1_1x16x1_avx512/256/1/real_time",6071247,23.1056,23.0405,ns,,,"2x256x1",,,1,2,64,1,2,256,1,1,16
"dot/dot_bf16_bf16_fp32_2x64x1_1x16x1_avx512/256/10/real_time",1319881,105.767,105.482,ns,,,"2x256x10",,,1,2,64,10,2,256,1,1,16
"dot/dot_bf16_bf16_fp32_2x64x1_1x16x1_avx512/256/21/real_time",646616,216.171,215.505,ns,,,"2x256x21",,,1,2,64,21,2,256,1,1,16
"dot/dot_bf16_bf16_fp32_2x64x1_1x16x1_avx512/256/32/real_time",432373,323.032,322.048,ns,,,"2x256x32",,,1,2,64,32,2,256,1,1,16
"dot/dot_bf16_bf16_fp32_2x64x1_1x16x1_avx512/256/43/real_time",326204,429.525,428.28,ns,,,"2x256x43",,,1,2,64,43,2,256,1,1,16
"dot/dot_bf16_bf16_fp32_2x64x1_1x16x1_avx512/512/1/real_time",3417298,40.9492,40.8476,ns,,,"2x512x1",,,1,2,64,1,2,512,1,1,16
"dot/dot_bf16_bf16_fp32_2x64x1_1x16x1_avx512/512/4/real_time",1508271,92.4278,92.2601,ns,,,"2x512x4",,,1,2,64,4,2,512,1,1,16
"dot/dot_bf16_bf16_fp32_2x64x1_1x16x1_avx512/512/9/real_time",733567,188.422,188.037,ns,,,"2x512x9",,,1,2,64,9,2,512,1,1,16
"dot/dot_bf16_bf16_fp32_2x64x1_1x16x1_avx512/512/14/real_time",480545,291.314,290.638,ns,,,"2x512x14",,,1,2,64,14,2,512,1,1,16
"dot/dot_bf16_bf16_fp32_2x64x1_1x16x1_avx512/512/19/real_time",360445,388.543,387.872,ns,,,"2x512x19",,,1,2,64,19,2,512,1,1,16
"dot/dot_bf16_bf16_fp32_3x64x1_1x16x1_avx512/64/1/real_time",12290697,11.4014,11.3808,ns,,,"3x64x1",,,1,3,64,1,3,64,1,1,16
"dot/dot_bf16_bf16_fp32_3x64x1_1x16x1_avx512/64/44/real_time",1003837,140.438,140.165,ns,,,"3x64x44",,,1,3,64,44,3,64,1,1,16
"dot/dot_bf16_bf16_fp32_3x64x1_1x16x1_avx512/64/88/real_time",507254,275.48,275.048,ns,,,"3x64x88",,,1,3,64,88,3,64,1,1,16
"dot/dot_bf16_bf16_fp32_3x64x1_1x16x1_avx512/64/132/real_time",340424,411.037,410.231,ns,,,"3x64x132",,,1,3,64,132,3,64,1,1,16
"dot/dot_bf16_bf16_fp32_3x64x1_1x16x1_avx512/64/177/real_time",254923,548.703,547.632,ns,,,"3x64x177",,,1,3,64,177,3,64,1,1,16
"dot/dot_bf16_bf16_fp32_3x64x1_1x16x1_avx512/128/1/real_time",7899841,17.4977,17.4656,ns,,,"3x128x1",,,1,3,64,1,3,128,1,1,16
"dot/dot_bf16_bf16_fp32_3x64x1_1x16x1_avx512/128/21/real_time",1012121,138.905,138.628,ns,,,"3x128x21",,,1,3,64,21,3,128,1,1,16
"dot/dot_bf16_bf16_fp32_3x64x1_1x16x1_avx512/128/43/real_time",516767,270.017,269.535,ns,,,"3x128x43",,,1,3,64,43,3,128,1,1,16
"dot/dot_bf16_bf16_fp32_3x64x1_1x16x1_avx512/128/65/real_time",345786,405.015,404.249,ns,,,"3x128x65",,,1,3,64,65,3,128,1,1,16
"dot/dot_bf16_bf16_fp32_3x64x1_1x16x1_avx512/128/87/real_time",259919,539.624,538.569,ns,,,"3x128x87",,,1,3,64,87,3,128,1,1,16
"dot/dot_bf16_bf16_fp32_3x64x1_1x16x1_avx512/256/1/real_time",5133034,27.3237,27.2753,ns,,,"3x256x1",,,1,3,64,1,3,256,1,1,16
"dot/dot_bf16_bf16_fp32_3x64x1_1x16x1_avx512/256/10/real_time",1030424,135.9,135.659,ns,,,"3x256x10",,,1,3,64,10,3,256,1,1,16
"dot/dot_bf16_bf16_fp32_3x64x1_1x16x1_avx512/256/20/real_time",532956,262.641,262.159,ns,,,"3x256x20",,,1,3,64,20,3,256,1,1,16
"dot/dot_bf16_bf16_fp32_3x64x1_1x16x1_avx512/256/30/real_time",368726,375.968,375.327,ns,,,"3x256x30",,,1,3,64,30,3,256,1,1,16
"dot/dot_bf16_bf16_fp32_3x64x1_1x16x1_avx512/256/41/real_time",274158,511.238,510.328,ns,,,"3x256x41",,,1,3,64,41,3,256,1,1,16
"dot/dot_bf16_bf16_fp32_3x64x1_1x16x1_avx512/512/1/real_time",2911464,48.1911,48.0575,ns,,,"3x512x1",,,1,3,64,1,3,512,1,1,16
"dot/dot_bf16_bf16_fp32_3x64x1_1x16x1_avx512/512/4/real_time",1226662,113.587,113.386,ns,,,"3x512x4",,,1,3,64,4,3,512,1,1,16
"dot/dot_bf16_bf16_fp32_3x64x1_1x16x1_avx512/512/8/real_time",646321,216.572,216.126,ns,,,"3x512x8",,,1,3,64,8,3,512,1,1,16
"dot/dot_bf16_bf16_fp32_3x64x1_1x16x1_avx512/512/12/real_time",435005,321.553,321.039,ns,,,"3x512x12",,,1,3,64,12,3,512,1,1,16
"dot/dot_bf16_bf16_fp32_3x64x1_1x16x1_avx512/512/17/real_time",313205,446.889,446.159,ns,,,"3x512x17",,,1,3,64,17,3,512,1,1,16
"dot/dot_bf16_bf16_fp32_4x64x1_1x16x1_avx512/64/1/real_time",10720509,13.0988,13.0772,ns,,,"4x64x1",,,1,4,64,1,4,64,1,1,16
"dot/dot_bf16_bf16_fp32_4x64x1_1x16x1_avx512/64/43/real_time",836741,167.554,167.252,ns,,,"4x64x43",,,1,4,64,43,4,64,1,1,16
"dot/dot_bf16_bf16_fp32_4x64x1_1x16x1_avx512/64/86/real_time",426966,328.584,328.016,ns,,,"4x64x86",,,1,4,64,86,4,64,1,1,16
"dot/dot_bf16_bf16_fp32_4x64x1_1x16x1_avx512/64/129/real_time",285489,490.266,489.331,ns,,,"4x64x129",,,1,4,64,129,4,64,1,1,16
"dot/dot_bf16_bf16_fp32_4x64x1_1x16x1_avx512/64/173/real_time",213279,655.953,654.737,ns,,,"4x64x173",,,1,4,64,173,4,64,1,1,16
"dot/dot_bf16_bf16_fp32_4x64x1_1x16x1_avx512/128/1/real_time",7062967,19.8052,19.7679,ns,,,"4x128x1",,,1,4,64,1,4,128,1,1,16
"dot/dot_bf16_bf16_fp32_4x64x1_1x16x1_avx512/128/21/real_time",851238,163.661,163.354,ns,,,"4x128x21",,,1,4,64,21,4,128,1,1,16
"dot/dot_bf16_bf16_fp32_4x64x1_1x16x1_avx512/128/42/real_time",433134,323.385,322.632,ns,,,"4x128x42",,,1,4,64,42,4,128,1,1,16
"dot/dot_bf16_bf16_fp32_4x64x1_1x16x1_avx512/128/63/real_time",291177,479.615,478.768,ns,,,"4x128x63",,,1,4,64,63,4,128,1,1,16
"dot/dot_bf16_bf16_fp32_4x64x1_1x16x1_avx512/128/85/real_time",216810,645.165,644.167,ns,,,"4x128x85",,,1,4,64,85,4,128,1,1,16
"dot/dot_bf16_bf16_fp32_4x64x1_1x16x1_avx512/256/1/real_time",4052924,34.7242,34.6418,ns,,,"4x256x1",,,1,4,64,1,4,256,1,1,16
"dot/dot_bf16_bf16_fp32_4x64x1_1x16x1_avx512/256/9/real_time",939341,148.62,148.16,ns,,,"4x256x9",,,1,4,64,9,4,256,1,1,16
"dot/dot_bf16_bf16_fp32_4x64x1_1x16x1_avx512/256/19/real_time",463039,302.82,301.773,ns,,,"4x256x19",,,1,4,64,19,4,256,1,1,16
"dot/dot_bf16_bf16_fp32_4x64x1_1x16x1_avx512/256/29/real_time",317614,440.898,439.743,ns,,,"4x256x29",,,1,4,64,29,4,256,1,1,16
"dot/dot_bf16_bf16_fp32_4x64x1_1x16x1_avx512/256/39/real_time",237838,589.324,587.555,ns,,,"4x256x39",,,1,4,64,39,4,256,1,1,16
"dot/dot_bf16_bf16_fp32_4x64x1_1x16x1_avx512/512/1/real_time",2264398,61.6597,61.5005,ns,,,"4x512x1",,,1,4,64,1,4,512,1,1,16
"dot/dot_bf16_bf16_fp32_4x64x1_1x16x1_avx512/512/3/real_time",1251065,112.181,111.858,ns,,,"4x512x3",,,1,4,64,3,4,512,1,1,16
"dot/dot_bf16_bf16_fp32_4x64x1_1x16x1_avx512/512/7/real_time",608082,229.975,229.347,ns,,,"4x512x7",,,1,4,64,7,4,512,1,1,16
"dot/dot_bf16_bf16_fp32_4x64x1_1x16x1_avx512/512/11/real_time",394908,353.861,352.852,ns,,,"4x512x11",,,1,4,64,11,4,512,1,1,16
"dot/dot_bf16_bf16_fp32_4x64x1_1x16x1_avx512/512/15/real_time",292265,479.032,477.6,ns,,,"4x512x15",,,1,4,64,15,4,512,1,1,16
"dot/dot_bf16_bf16_fp32_5x64x1_1x16x1_avx512/64/1/real_time",9317554,15.0985,15.0477,ns,,,"5x64x1",,,1,5,64,1,5,64,1,1,16
"dot/dot_bf16_bf16_fp32_5x64x1_1x16x1_avx512/64/42/real_time",732170,191.309,190.744,ns,,,"5x64x42",,,1,5,64,42,5,64,1,1,16
"dot/dot_bf16_bf16_fp32_5x64x1_1x16x1_avx512/64/84/real_time",371338,377.011,375.931,ns,,,"5x64x84",,,1,5,64,84,5,64,1,1,16
"dot/dot_bf16_bf16_fp32_5x64x1_1x16x1_avx512/64/126/real_time",248771,563.068,561.261,ns,,,"5x64x126",,,1,5,64,126,5,64,1,1,16
"dot/dot_bf16_bf16_fp32_5x64x1_1x16x1_avx512/64/168/real_time",186943,748.684,746.671,ns,,,"5x64x168",,,1,5,64,168,5,64,1,1,16
"dot/dot_bf16_bf16_fp32_5x64x1_1x16x1_avx512/128/1/real_time",5958155,23.5192,23.4547,ns,,,"5x128x1",,,1,5,64,1,5,128,1,1,16
"dot/dot_bf16_bf16_fp32_5x64x1_1x16x1_avx512/128/20/real_time",753703,183.598,183.08,ns,,,"5x128x20",,,1,5,64,20,5,128,1,1,16
"dot/dot_bf16_bf16_fp32_5x64x1_1x16x1_avx512/128/41/real_time",379607,369.228,368.142,ns,,,"5x128x41",,,1,5,64,41,5,128,1,1,16
"dot/dot_bf16_bf16_fp32_5x64x1_1x16x1_avx512/128/61/real_time",256357,546.427,544.788,ns,,,"5x128x61",,,1,5,64,61,5,128,1,1,16
"dot/dot_bf16_bf16_fp32_5x64x1_1x16x1_avx512/128/82/real_time",191179,731.49,729.528,ns,,,"5x128x82",,,1,5,64,82,5,128,1,1,16
"dot/dot_bf16_bf16_fp32_5x64x1_1x16x1_avx512/256/1/real_time",3378105,41.4274,41.309,ns,,,"5x256x1",,,1,5,64,1,5,256,1,1,16
"dot/dot_bf16_bf16_fp32_5x64x1_1x16x1_avx512/256/9/real_time",791327,176.667,176.141,ns,,,"5x256x9",,,1,5,64,9,5,256,1,1,16
"dot/dot_bf16_bf16_fp32_5x64x1_1x16x1_avx512/256/18/real_time",426787,327.334,326.434,ns,,,"5x256x18",,,1,5,64,18,5,256,1,1,16
"dot/dot_bf16_bf16_fp32_5x64x1_1x16x1_avx512/256/27/real_time",288620,484.877,483.339,ns,,,"5x256x27",,,1,5,64,27,5,256,1,1,16
"dot/dot_bf16_bf16_fp32_5x64x1_1x16x1_avx512/256/37/real_time",211451,661.871,659.852,ns,,,"5x256x37",,,1,5,64,37,5,256,1,1,16
"dot/dot_bf16_bf16_fp32_5x64x1_1x16x1_avx512/512/1/real_time",1903406,73.7009,73.4882,ns,,,"5x512x1",,,1,5,64,1,5,512,1,1,16
"dot/dot_bf16_bf16_fp32_5x64x1_1x16x1_avx512/512/3/real_time",1088142,128.954,128.584,ns,,,"5x512x3",,,1,5,64,3,5,512,1,1,16
"dot/dot_bf16_bf16_fp32_5x64x1_1x16x1_avx512/512/6/real_time",596739,234.772,234.123,ns,,,"5x512x6",,,1,5,64,6,5,512,1,1,16
"dot/dot_bf16_bf16_fp32_5x64x1_1x16x1_avx512/512/9/real_time",400977,347.427,346.437,ns,,,"5x512x9",,,1,5,64,9,5,512,1,1,16
"dot/dot_bf16_bf16_fp32_5x64x1_1x16x1_avx512/512/13/real_time",284698,492.313,490.651,ns,,,"5x512x13",,,1,5,64,13,5,512,1,1,16
"dot/dot_bf16_bf16_fp32_1x32x1_1x16x1_avx512/32/1/real_time",19603604,7.15484,7.13519,ns,,,"1x32x1",,,1,1,32,1,1,32,1,1,16
"dot/dot_bf16_bf16_fp32_1x32x1_1x16x1_avx512/32/92/real_time",1319799,106.098,105.77,ns,,,"1x32x92",,,1,1,32,92,1,32,1,1,16
"dot/dot_bf16_bf16_fp32_1x32x1_1x16x1_avx512/32/185/real_time",661017,211.625,211.034,ns,,,"1x32x185",,,1,1,32,185,1,32,1,1,16
"dot/dot_bf16_bf16_fp32_1x32x1_1x16x1_avx512/32/277/real_time",442759,315.964,315.082,ns,,,"1x32x277",,,1,1,32,277,1,32,1,1,16
"dot/dot_bf16_bf16_fp32_1x32x1_1x16x1_avx512/32/370/real_time",332455,421.314,420.155,ns,,,"1x32x370",,,1,1,32,370,1,32,1,1,16
"dot/dot_bf16_bf16_fp32_1x32x1_1x16x1_avx512/64/1/real_time",15457173,9.05723,9.03036,ns,,,"1x64x1",,,1,1,32,1,1,64,1,1,16
"dot/dot_bf16_bf16_fp32_1x32x1_1x16x1_avx512/64/46/real_time",1345954,105.227,104.94,ns,,,"1x64x46",,,1,1,32,46,1,64,1,1,16
"dot/dot_bf16_bf16_fp32_1x32x1_1x16x1_avx512/64/93/real_time",665887,211.33,210.737,ns,,,"1x64x93",,,1,1,32,93,1,64,1,1,16
"dot/dot_bf16_bf16_fp32_1x32x1_1x16x1_avx512/64/140/real_time",440260,318.047,317.043,ns,,,"1x64x140",,,1,1,32,140,1,64,1,1,16
"dot/dot_bf16_bf16_fp32_1x32x1_1x16x1_avx512/64/187/real_time",330121,423.482,422.15,ns,,,"1x64x187",,,1,1,32,187,1,64,1,1,16
"dot/dot_bf16_bf16_fp32_1x32x1_1x16x1_avx512/128/1/real_time",10078016,13.79,13.7455,ns,,,"1x128x1",,,1,1,32,1,1,128,1,1,16
"dot/dot_bf16_bf16_fp32_1x32x1_1x16x1_avx512/128/23/real_time",1411374,101.432,98.669,ns,,,"1x128x23",,,1,1,32,23,1,128,1,1,16
"dot/dot_bf16_bf16_fp32_1x32x1_1x16x1_avx512/128/46/real_time",689994,202.858,199.22,ns,,,"1x128x46",,,1,1,32,46,1,128,1,1,16
"dot/dot_bf16_bf16_fp32_1x32x1_1x16x1_avx512/128/69/real_time",458246,305.179,304.192,ns,,,"1x128x69",,,1,1,32,69,1,128,1,1,16
"dot/dot_bf16_bf16_fp32_1x32x1_1x16x1_avx512/128/93/real_time",338218,414.311,413.03,ns,,,"1x128x93",,,1,1,32,93,1,128,1,1,16
"dot/dot_bf16_bf16_fp32_1x32x1_1x16x1_avx512/256/1/real_time",6171175,22.6851,22.6241,ns,,,"1x256x1",,,1,1,32,1,1,256,1,1,16
"dot/dot_bf16_bf16_fp32_1x32x1_1x16x1_avx512/256/11/real_time",1483654,94.4246,94.107,ns,,,"1x256x11",,,1,1,32,11,1,256,1,1,16
"dot/dot_bf16_bf16_fp32_1x32x1_1x16x1_avx512/256/22/real_time",750913,186.592,185.832,ns,,,"1x256x22",,,1,1,32,22,1,256,1,1,16
"dot/dot_bf16_bf16_fp32_1x32x1_1x16x1_avx512/256/33/real_time",491386,287.524,286.613,ns,,,"1x256x33",,,1,1,32,33,1,256,1,1,16
"dot/dot_bf16_bf16_fp32_1x32x1_1x16x1_avx512/256/45/real_time",362398,384.854,383.691,ns,,,"1x256x45",,,1,1,32,45,1,256,1,1,16
"dot/dot_bf16_bf16_fp32_2x32x1_1x16x1_avx512/32/1/real_time",16274532,8.59374,8.56858,ns,,,"2x32x1",,,1,2,32,1,2,32,1,1,16
"dot/dot_bf16_bf16_fp32_2x32x1_1x16x1_avx512/32/89/real_time",1091541,128.601,128.103,ns,,,"2x32x89",,,1,2,32,89,2,32,1,1,16
"dot/dot_bf16_bf16_fp32_2x32x1_1x16x1_avx512/32/178/real_time",572883,244.588,243.813,ns,,,"2x32x178",,,1,2,32,178,2,32,1,1,16
"dot/dot_bf16_bf16_fp32_2x32x1_1x16x1_avx512/32/267/real_time",385531,363.38,362.283,ns,,,"2x32x267",,,1,2,32,267,2,32,1,1,16
"dot/dot_bf16_bf16_fp32_2x32x1_1x16x1_avx512/32/357/real_time",289100,483.894,482.435,ns,,,"2x32x357",,,1,2,32,357,2,32,1,1,16
"dot/dot_bf16_bf16_fp32_2x32x1_1x16x1_avx512/64/1/real_time",12045458,11.6299,11.5946,ns,,,"2x64x1",,,1,2,32,1,2,64,1,1,16
"dot/dot_bf16_bf16_fp32_2x32x1_1x16x1_avx512/64/45/real_time",1026595,136.051,135.655,ns,,,"2x64x45",,,1,2,32,45,2,64,1,1,16
"dot/dot_bf16_bf16_fp32_2x32x1_1x16x1_avx512/64/91/real_time",544232,256.85,256.154,ns,,,"2x64x91",,,1,2,32,91,2,64,1,1,16
"dot/dot_bf16_bf16_fp32_2x32x1_1x16x1_avx512/64/136/real_time",377060,371.245,370.238,ns,,,"2x64x136",,,1,2,32,136,2,64,1,1,16
"dot/dot_bf16_bf16_fp32_2x32x1_1x16x1_avx512/64/182/real_time",282966,494.668,493.201,ns,,,"2x64x182",,,1,2,32,182,2,64,1,1,16
"dot/dot_bf16_bf16_fp32_2x32x1_1x16x1_avx512/128/1/real_time",7715969,18.0741,18.0202,ns,,,"2x128x1",,,1,2,32,1,2,128,1,1,16
"dot/dot_bf16_bf16_fp32_2x32x1_1x16x1_avx512/128/22/real_time",1058610,131.78,131.377,ns,,,"2x128x22",,,1,2,32,22,2,128,1,1,16
"dot/dot_bf16_bf16_fp32_2x32x1_1x16x1_avx512/128/45/real_time",524643,267.154,266.322,ns,,,"2x128x45",,,1,2,32,45,2,128,1,1,16
"dot/dot_bf16_bf16_fp32_2x32x1_1x16x1_avx512/128/67/real_time",358666,390.659,389.344,ns,,,"2x128x67",,,1,2,32,67,2,128,1,1,16
"dot/dot_bf16_bf16_fp32_2x32x1_1x16x1_avx512/128/90/real_time",274591,509.068,507.527,ns,,,"2x128x90",,,1,2,32,90,2,128,1,1,16
"dot/dot_bf16_bf16_fp32_2x32x1_1x16x1_avx512/256/1/real_time",4516898,30.7787,30.6771,ns,,,"2x256x1",,,1,2,32,1,2,256,1,1,16
"dot/dot_bf16_bf16_fp32_2x32x1_1x16x1_avx512/256/10/real_time",1151835,121.524,121.225,ns,,,"2x256x10",,,1,2,32,10,2,256,1,1,16
"dot/dot_bf16_bf16_fp32_2x32x1_1x16x1_avx512/256/21/real_time",566328,247.052,246.263,ns,,,"2x256x21",,,1,2,32,21,2,256,1,1,16
"dot/dot_bf16_bf16_fp32_2x32x1_1x16x1_avx512/256/32/real_time",366314,382.519,381.32,ns,,,"2x256x32",,,1,2,32,32,2,256,1,1,16
"dot/dot_bf16_bf16_fp32_2x32x1_1x16x1_avx512/256/43/real_time",276859,505.941,504.558,ns,,,"2x256x43",,,1,2,32,43,2,256,1,1,16
"dot/dot_bf16_bf16_fp32_3x32x1_1x16x1_avx512/32/1/real_time",14281662,9.80805,9.77991,ns,,,"3x32x1",,,1,3,32,1,3,32,1,1,16
"dot/dot_bf16_bf16_fp32_3x32x1_1x16x1_avx512/32/86/real_time",874708,159.942,159.485,ns,,,"3x32x86",,,1,3,32,86,3,32,1,1,16
"dot/dot_bf16_bf16_fp32_3x32x1_1x16x1_avx512/32/172/real_time",442072,316.731,315.69,ns,,,"3x32x172",,,1,3,32,172,3,32,1,1,16
"dot/dot_bf16_bf16_fp32_3x32x1_1x16x1_avx512/32/258/real_time",300585,464.469,463.103,ns,,,"3x32x258",,,1,3,32,258,3,32,1,1,16
"dot/dot_bf16_bf16_fp32_3x32x1_1x16x1_avx512/32/345/real_time",226203,619.517,617.632,ns,,,"3x32x345",,,1,3,32,345,3,32,1,1,16
"dot/dot_bf16_bf16_fp32_3x32x1_1x16x1_avx512/64/1/real_time",9849347,14.1688,14.1288,ns,,,"3x64x1",,,1,3,32,1,3,64,1,1,16
"dot/dot_bf16_bf16_fp32_3x32x1_1x16x1_avx512/64/44/real_time",831389,168.049,167.554,ns,,,"3x64x44",,,1,3,32,44,3,64,1,1,16
"dot/dot_bf16_bf16_fp32_3x32x1_1x16x1_avx512/64/88/real_time",432036,323.255,322.348,ns,,,"3x64x88",,,1,3,32,88,3,64,1,1,16
"dot/dot_bf16_bf16_fp32_3x32x1_1x16x1_avx512/64/132/real_time",293066,479.541,478.042,ns,,,"3x64x132",,,1,3,32,132,3,64,1,1,16
"dot/dot_bf16_bf16_fp32_3x32x1_1x16x1_avx512/64/177/real_time",218410,637.384,635.643,ns,,,"3x64x177",,,1,3,32,177,3,64,1,1,16
"dot/dot_bf16_bf16_fp32_3x32x1_1x16x1_avx512/128/1/real_time",6220097,22.4988,22.4401,ns,,,"3x128x1",,,1,3,32,1,3,128,1,1,16
"dot/dot_bf16_bf16_fp32_3x32x1_1x16x1_avx512/128/21/real_time",866453,161.799,161.329,ns,,,"3x128x21",,,1,3,32,21,3,128,1,1,16
"dot/dot_bf16_bf16_fp32_3x32x1_1x16x1_avx512/128/43/real_time",437586,319.091,318.115,ns,,,"3x128x43",,,1,3,32,43,3,128,1,1,16
"dot/dot_bf16_bf16_fp32_3x32x1_1x16x1_avx512/128/65/real_time",290464,479.581,478.197,ns,,,"3x128x65",,,1,3,32,65,3,128,1,1,16
"dot/dot_bf16_bf16_fp32_3x32x1_1x16x1_avx512/128/87/real_time",220237,638.095,636.111,ns,,,"3x128x87",,,1,3,32,87,3,128,1,1,16
"dot/dot_bf16_bf16_fp32_3x32x1_1x16x1_avx512/256/1/real_time",3645954,38.3641,38.2551,ns,,,"3x256x1",,,1,3,32,1,3,256,1,1,16
"dot/dot_bf16_bf16_fp32_3x32x1_1x16x1_avx512/256/10/real_time",848679,164.907,164.346,ns,,,"3x256x10",,,1,3,32,10,3,256,1,1,16
"dot/dot_bf16_bf16_fp32_3x32x1_1x16x1_avx512/256/20/real_time",457169,306.514,305.518,ns,,,"3x256x20",,,1,3,32,20,3,256,1,1,16
"dot/dot_bf16_bf16_fp32_3x32x1_1x16x1_avx512/256/30/real_time",304669,457.194,455.58,ns,,,"3x256x30",,,1,3,32,30,3,256,1,1,16
"dot/dot_bf16_bf16_fp32_3x32x1_1x16x1_avx512/256/41/real_time",226477,614.397,611.709,ns,,,"3x256x41",,,1,3,32,41,3,256,1,1,16
"dot/dot_bf16_bf16_fp32_4x32x1_1x16x1_avx512/32/1/real_time",12425790,11.0246,10.9791,ns,,,"4x32x1",,,1,4,32,1,4,32,1,1,16
"dot/dot_bf16_bf16_fp32_4x32x1_1x16x1_avx512/32/83/real_time",740876,189.479,188.771,ns,,,"4x32x83",,,1,4,32,83,4,32,1,1,16
"dot/dot_bf16_bf16_fp32_4x32x1_1x16x1_avx512/32/167/real_time",379297,369.509,368.089,ns,,,"4x32x167",,,1,4,32,167,4,32,1,1,16
"dot/dot_bf16_bf16_fp32_4x32x1_1x16x1_avx512/32/250/real_time",254906,549.506,547.22,ns,,,"4x32x250",,,1,4,32,250,4,32,1,1,16
"dot/dot_bf16_bf16_fp32_4x32x1_1x16x1_avx512/32/334/real_time",191517,730.18,727.841,ns,,,"4x32x334",,,1,4,32,334,4,32,1,1,16
"dot/dot_bf16_bf16_fp32_4x32x1_1x16x1_avx512/64/1/real_time",8575562,16.3376,16.2825,ns,,,"4x64x1",,,1,4,32,1,4,64,1,1,16
"dot/dot_bf16_bf16_fp32_4x32x1_1x16x1_avx512/64/43/real_time",699909,198.783,198.046,ns,,,"4x64x43",,,1,4,32,43,4,64,1,1,16
"dot/dot_bf16_bf16_fp32_4x32x1_1x16x1_avx512/64/86/real_time",361147,386.829,385.683,ns,,,"4x64x86",,,1,4,32,86,4,64,1,1,16
"dot/dot_bf16_bf16_fp32_4x32x1_1x16x1_avx512/64/129/real_time",247844,564.856,562.468,ns,,,"4x64x129",,,1,4,32,129,4,64,1,1,16
"dot/dot_bf16_bf16_fp32_4x32x1_1x16x1_avx512/64/173/real_time",185075,758.136,755.311,ns,,,"4x64x173",,,1,4,32,173,4,64,1,1,16
"dot/dot_bf16_bf16_fp32_4x32x1_1x16x1_avx512/128/1/real_time",5377011,26.0728,25.9982,ns,,,"4x128x1",,,1,4,32,1,4,128,1,1,16
"dot/dot_bf16_bf16_fp32_4x32x1_1x16x1_avx512/128/21/real_time",700598,200.088,199.28,ns,,,"4x128x21",,,1,4,32,21,4,128,1,1,16
"dot/dot_bf16_bf16_fp32_4x32x1_1x16x1_avx512/128/42/real_time",365517,382.527,381.303,ns,,,"4x128x42",,,1,4,32,42,4,128,1,1,16
"dot/dot_bf16_bf16_fp32_4x32x1_1x16x1_avx512/128/63/real_time",248889,563.061,561.378,ns,,,"4x128x63",,,1,4,32,63,4,128,1,1,16
"dot/dot_bf16_bf16_fp32_4x32x1_1x16x1_avx512/128/85/real_time",185054,746.244,743.648,ns,,,"4x128x85",,,1,4,32,85,4,128,1,1,16
"dot/dot_bf16_bf16_fp32_4x32x1_1x16x1_avx512/256/1/real_time",2999403,46.6264,46.4618,ns,,,"4x256x1",,,1,4,32,1,4,256,1,1,16
"dot/dot_bf16_bf16_fp32_4x32x1_1x16x1_avx512/256/9/real_time",762832,183.014,182.353,ns,,,"4x256x9",,,1,4,32,9,4,256,1,1,16
"dot/dot_bf16_bf16_fp32_4x32x1_1x16x1_avx512/256/19/real_time",388948,359.74,358.711,ns,,,"4x256x19",,,1,4,32,19,4,256,1,1,16
"dot/dot_bf16_bf16_fp32_4x32x1_1x16x1_avx512/256/29/real_time",262073,533.268,530.804,ns,,,"4x256x29",,,1,4,32,29,4,256,1,1,16
"dot/dot_bf16_bf16_fp32_4x32x1_1x16x1_avx512/256/39/real_time",195949,711.029,707.835,ns,,,"4x256x39",,,1,4,32,39,4,256,1,1,16
"dot/dot_bf16_bf16_fp32_5x32x1_1x16x1_avx512/32/1/real_time",11112374,12.6025,12.5619,ns,,,"5x32x1",,,1,5,32,1,5,32,1,1,16
"dot/dot_bf16_bf16_fp32_5x32x1_1x16x1_avx512/32/80/real_time",656424,214.498,213.673,ns,,,"5x32x80",,,1,5,32,80,5,32,1,1,16
"dot/dot_bf16_bf16_fp32_5x32x1_1x16x1_avx512/32/161/real_time",330248,423.826,421.934,ns,,,"5x32x161",,,1,5,32,161,5,32,1,1,16
"dot/dot_bf16_bf16_fp32_5x32x1_1x16x1_avx512/32/242/real_time",221308,631.636,629.076,ns,,,"5x32x242",,,1,5,32,242,5,32,1,1,16
"dot/dot_bf16_bf16_fp32_5x32x1_1x16x1_avx512/32/323/real_time",166694,840.419,837.58,ns,,,"5x32x323",,,1,5,32,323,5,32,1,1,16
"dot/dot_bf16_bf16_fp32_5x32x1_1x16x1_avx512/64/1/real_time",7301768,19.1319,19.0771,ns,,,"5x64x1",,,1,5,32,1,5,64,1,1,16
"dot/dot_bf16_bf16_fp32_5x32x1_1x16x1_avx512/64/42/real_time",611712,227.821,227.202,ns,,,"5x64x42",,,1,5,32,42,5,64,1,1,16
"dot/dot_bf16_bf16_fp32_5x32x1_1x16x1_avx512/64/84/real_time",318192,439.739,437.958,ns,,,"5x64x84",,,1,5,32,84,5,64,1,1,16
"dot/dot_bf16_bf16_fp32_5x32x1_1x16x1_avx512/64/126/real_time",214268,653.099,651.378,ns,,,"5x64x126",,,1,5,32,126,5,64,1,1,16
"dot/dot_bf16_bf16_fp32_5x32x1_1x16x1_avx512/64/168/real_time",160572,872.391,869.702,ns,,,"5x64x168",,,1,5,32,168,5,64,1,1,16
"dot/dot_bf16_bf16_fp32_5x32x1_1x16x1_avx512/128/1/real_time",4641557,30.047,29.9591,ns,,,"5x128x1",,,1,5,32,1,5,128,1,1,16
"dot/dot_bf16_bf16_fp32_5x32x1_1x16x1_avx512/128/20/real_time",618917,223.434,222.811,ns,,,"5x128x20",,,1,5,32,20,5,128,1,1,16
"dot/dot_bf16_bf16_fp32_5x32x1_1x16x1_avx512/128/41/real_time",317577,439.093,437.648,ns,,,"5x128x41",,,1,5,32,41,5,128,1,1,16
"dot/dot_bf16_bf16_fp32_5x32x1_1x16x1_avx512/128/61/real_time",220455,635.495,633.761,ns,,,"5x128x61",,,1,5,32,61,5,128,1,1,16
"dot/dot_bf16_bf16_fp32_5x32x1_1x16x1_avx512/128/82/real_time",164181,852.746,850.064,ns,,,"5x128x82",,,1,5,32,82,5,128,1,1,16
"dot/dot_bf16_bf16_fp32_5x32x1_1x16x1_avx512/256/1/real_time",2793528,50.1284,49.9832,ns,,,"5x256x1",,,1,5,32,1,5,256,1,1,16
"dot/dot_bf16_bf16_fp32_5x32x1_1x16x1_avx512/256/9/real_time",670998,207.334,206.552,ns,,,"5x256x9",,,1,5,32,9,5,256,1,1,16
"dot/dot_bf16_bf16_fp32_5x32x1_1x16x1_avx512/256/18/real_time",347342,400.807,399.364,ns,,,"5x256x18",,,1,5,32,18,5,256,1,1,16
"dot/dot_bf16_bf16_fp32_5x32x1_1x16x1_avx512/256/27/real_time",238676,586.119,584.187,ns,,,"5x256x27",,,1,5,32,27,5,256,1,1,16
"dot/dot_bf16_bf16_fp32_5x32x1_1x16x1_avx512/256/37/real_time",180137,778.573,775.625,ns,,,"5x256x37",,,1,5,32,37,5,256,1,1,16
"dot/dot_bf16_bf16_fp32_6x32x1_1x16x1_avx512/32/1/real_time",9802403,14.2827,14.2232,ns,,,"6x32x1",,,1,6,32,1,6,32,1,1,16
"dot/dot_bf16_bf16_fp32_6x32x1_1x16x1_avx512/32/78/real_time",577142,242.144,241.385,ns,,,"6x32x78",,,1,6,32,78,6,32,1,1,16
"dot/dot_bf16_bf16_fp32_6x32x1_1x16x1_avx512/32/156/real_time",293545,476.766,475.105,ns,,,"6x32x156",,,1,6,32,156,6,32,1,1,16
"dot/dot_bf16_bf16_fp32_6x32x1_1x16x1_avx512/32/234/real_time",196671,712.04,708.985,ns,,,"6x32x234",,,1,6,32,234,6,32,1,1,16
"dot/dot_bf16_bf16_fp32_6x32x1_1x16x1_avx512/32/313/real_time",147536,949.114,945.379,ns,,,"6x32x313",,,1,6,32,313,6,32,1,1,16
"dot/dot_bf16_bf16_fp32_6x32x1_1x16x1_avx512/64/1/real_time",6400783,21.7393,21.6696,ns,,,"6x64x1",,,1,6,32,1,6,64,1,1,16
"dot/dot_bf16_bf16_fp32_6x32x1_1x16x1_avx512/64/41/real_time",549040,255.233,254.416,ns,,,"6x64x41",,,1,6,32,41,6,64,1,1,16
"dot/dot_bf16_bf16_fp32_6x32x1_1x16x1_avx512/64/82/real_time",279288,501.698,500.227,ns,,,"6x64x82",,,1,6,32,82,6,64,1,1,16
"dot/dot_bf16_bf16_fp32_6x32x1_1x16x1_avx512/64/123/real_time",187408,746.545,744.529,ns,,,"6x64x123",,,1,6,32,123,6,64,1,1,16
"dot/dot_bf16_bf16_fp32_6x32x1_1x16x1_avx512/64/164/real_time",140787,994.691,991.889,ns,,,"6x64x164",,,1,6,32,164,6,64,1,1,16
"dot/dot_bf16_bf16_fp32_6x32x1_1x16x1_avx512/128/1/real_time",4157737,33.5381,33.4265,ns,,,"6x128x1",,,1,6,32,1,6,128,1,1,16
"dot/dot_bf16_bf16_fp32_6x32x1_1x16x1_avx512/128/20/real_time",536331,260.07,258.909,ns,,,"6x128x20",,,1,6,32,20,6,128,1,1,16
"dot/dot_bf16_bf16_fp32_6x32x1_1x16x1_avx512/128/40/real_time",284093,492.391,491.04,ns,,,"6x128x40",,,1,6,32,40,6,128,1,1,16
"dot/dot_bf16_bf16_fp32_6x32x1_1x16x1_avx512/128/60/real_time",191180,732.33,730.104,ns,,,"6x128x60",,,1,6,32,60,6,128,1,1,16
"dot/dot_bf16_bf16_fp32_6x32x1_1x16x1_avx512/128/80/real_time",143547,974.341,971.72,ns,,,"6x128x80",,,1,6,32,80,6,128,1,1,16
"dot/dot_bf16_bf16_fp32_6x32x1_1x16x1_avx512/256/1/real_time",2413315,57.8457,57.6647,ns,,,"6x256x1",,,1,6,32,1,6,256,1,1,16
"dot/dot_bf16_bf16_fp32_6x32x1_1x16x1_avx512/256/8/real_time",646704,216.538,215.794,ns,,,"6x256x8",,,1,6,32,8,6,256,1,1,16
"dot/dot_bf16_bf16_fp32_6x32x1_1x16x1_avx512/256/17/real_time",319073,439.093,437.889,ns,,,"6x256x17",,,1,6,32,17,6,256,1,1,16
"dot/dot_bf16_bf16_fp32_6x32x1_1x16x1_avx512/256/26/real_time",215888,648.612,646.638,ns,,,"6x256x26",,,1,6,32,26,6,256,1,1,16
"dot/dot_bf16_bf16_fp32_6x32x1_1x16x1_avx512/256/35/real_time",162690,861.198,858.589,ns,,,"6x256x35",,,1,6,32,35,6,256,1,1,16
"dot/dot_bf16_bf16_fp32_8x32x1_1x16x1_avx512/32/1/real_time",9346243,14.9738,14.9303,ns,,,"8x32x1",,,1,8,32,1,8,32,1,1,16
"dot/dot_bf16_bf16_fp32_8x32x1_1x16x1_avx512/32/73/real_time",488159,286.975,286.061,ns,,,"8x32x73",,,1,8,32,73,8,32,1,1,16
"dot/dot_bf16_bf16_fp32_8x32x1_1x16x1_avx512/32/147/real_time",244593,576.263,570.736,ns,,,"8x32x147",,,1,8,32,147,8,32,1,1,16
"dot/dot_bf16_bf16_fp32_8x32x1_1x16x1_avx512/32/220/real_time",164306,852.333,848.864,ns,,,"8x32x220",,,1,8,32,220,8,32,1,1,16
"dot/dot_bf16_bf16_fp32_8x32x1_1x16x1_avx512/32/294/real_time",123475,1134.68,1130.93,ns,,,"8x32x294",,,1,8,32,294,8,32,1,1,16
"dot/dot_bf16_bf16_fp32_8x32x1_1x16x1_avx512/64/1/real_time",6612257,21.1663,21.0866,ns,,,"8x64x1",,,1,8,32,1,8,64,1,1,16
"dot/dot_bf16_bf16_fp32_8x32x1_1x16x1_avx512/64/39/real_time",454901,306.833,305.64,ns,,,"8x64x39",,,1,8,32,39,8,64,1,1,16
"dot/dot_bf16_bf16_fp32_8x32x1_1x16x1_avx512/64/78/real_time",231248,605.222,603.335,ns,,,"8x64x78",,,1,8,32,78,8,64,1,1,16
"dot/dot_bf16_bf16_fp32_8x32x1_1x16x1_avx512/64/117/real_time",154906,903.993,900.443,ns,,,"8x64x117",,,1,8,32,117,8,64,1,1,16
"dot/dot_bf16_bf16_fp32_8x32x1_1x16x1_avx512/64/156/real_time",115614,1215.79,1210.04,ns,,,"8x64x156",,,1,8,32,156,8,64,1,1,16
"dot/dot_bf16_bf16_fp32_8x32x1_1x16x1_avx512/128/1/real_time",4044353,34.6844,34.5815,ns,,,"8x128x1",,,1,8,32,1,8,128,1,1,16
"dot/dot_bf16_bf16_fp32_8x32x1_1x16x1_avx512/128/18/real_time",485596,285.339,284.48,ns,,,"8x128x18",,,1,8,32,18,8,128,1,1,16
"dot/dot_bf16_bf16_fp32_8x32x1_1x16x1_avx512/128/37/real_time",242570,576.944,575.029,ns,,,"8x128x37",,,1,8,32,37,8,128,1,1,16
"dot/dot_bf16_bf16_fp32_8x32x1_1x16x1_avx512/128/56/real_time",161316,867.875,865.33,ns,,,"8x128x56",,,1,8,32,56,8,128,1,1,16
"dot/dot_bf16_bf16_fp32_8x32x1_1x16x1_avx512/128/75/real_time",120658,1159.9,1155.99,ns,,,"8x128x75",,,1,8,32,75,8,128,1,1,16
"dot/dot_bf16_bf16_fp32_8x32x1_1x16x1_avx512/256/1/real_time",2317528,60.5356,60.3757,ns,,,"8x256x1",,,1,8,32,1,8,256,1,1,16
"dot/dot_bf16_bf16_fp32_8x32x1_1x16x1_avx512/256/7/real_time",588459,237.678,236.983,ns,,,"8x256x7",,,1,8,32,7,8,256,1,1,16
"dot/dot_bf16_bf16_fp32_8x32x1_1x16x1_avx512/256/15/real_time",291063,481.4,479.867,ns,,,"8x256x15",,,1,8,32,15,8,256,1,1,16
"dot/dot_bf16_bf16_fp32_8x32x1_1x16x1_avx512/256/23/real_time",195312,716.572,714.728,ns,,,"8x256x23",,,1,8,32,23,8,256,1,1,16
"dot/dot_bf16_bf16_fp32_8x32x1_1x16x1_avx512/256/31/real_time",145353,965.199,961.881,ns,,,"8x256x31",,,1,8,32,31,8,256,1,1,16
"dot/dot_bf16_bf16_fp32_10x32x1_1x16x1_avx512/32/1/real_time",8119560,17.272,17.2246,ns,,,"10x32x1",,,1,10,32,1,10,32,1,1,16
"dot/dot_bf16_bf16_fp32_10x32x1_1x16x1_avx512/32/69/real_time",430270,324.482,323.496,ns,,,"10x32x69",,,1,10,32,69,10,32,1,1,16
"dot/dot_bf16_bf16_fp32_10x32x1_1x16x1_avx512/32/138/real_time",218512,640.673,638.648,ns,,,"10x32x138",,,1,10,32,138,10,32,1,1,16
"dot/dot_bf16_bf16_fp32_10x32x1_1x16x1_avx512/32/207/real_time",145955,959.468,956.811,ns,,,"10x32x207",,,1,10,32,207,10,32,1,1,16
"dot/dot_bf16_bf16_fp32_10x32x1_1x16x1_avx512/32/277/real_time",109236,1280.25,1276.3,ns,,,"10x32x277",,,1,10,32,277,10,32,1,1,16
"dot/dot_bf16_bf16_fp32_10x32x1_1x16x1_avx512/64/1/real_time",5347483,26.1962,26.1291,ns,,,"10x64x1",,,1,10,32,1,10,64,1,1,16
"dot/dot_bf16_bf16_fp32_10x32x1_1x16x1_avx512/64/37/real_time",403019,348.803,347.615,ns,,,"10x64x37",,,1,10,32,37,10,64,1,1,16
"dot/dot_bf16_bf16_fp32_10x32x1_1x16x1_avx512/64/74/real_time",203725,687.978,685.574,ns,,,"10x64x74",,,1,10,32,74,10,64,1,1,16
"dot/dot_bf16_bf16_fp32_10x32x1_1x16x1_avx512/64/111/real_time",136711,1026.79,1023.72,ns,,,"10x64x111",,,1,10,32,111,10,64,1,1,16
"dot/dot_bf16_bf16_fp32_10x32x1_1x16x1_avx512/64/148/real_time",102549,1366.41,1362.48,ns,,,"10x64x148",,,1,10,32,148,10,64,1,1,16
"dot/dot_bf16_bf16_fp32_10x32x1_1x16x1_avx512/128/1/real_time",3242090,43.176,43.0527,ns,,,"10x128x1",,,1,10,32,1,10,128,1,1,16
"dot/dot_bf16_bf16_fp32_10x32x1_1x16x1_avx512/128/17/real_time",427932,325.696,324.803,ns,,,"10x128x17",,,1,10,32,17,10,128,1,1,16
"dot/dot_bf16_bf16_fp32_10x32x1_1x16x1_avx512/128/35/real_time",214385,653.056,650.889,ns,,,"10x128x35",,,1,10,32,35,10,128,1,1,16
"dot/dot_bf16_bf16_fp32_10x32x1_1x16x1_avx512/128/52/real_time",145102,964.892,962.106,ns,,,"10x128x52",,,1,10,32,52,10,128,1,1,16
"dot/dot_bf16_bf16_fp32_10x32x1_1x16x1_avx512/128/70/real_time",108070,1295.67,1291.72,ns,,,"10x128x70",,,1,10,32,70,10,128,1,1,16
"dot/dot_bf16_bf16_fp32_10x32x1_1x16x1_avx512/256/1/real_time",1800069,77.7185,77.5112,ns,,,"10x256x1",,,1,10,32,1,10,256,1,1,16
"dot/dot_bf16_bf16_fp32_10x32x1_1x16x1_avx512/256/6/real_time",568018,246.443,245.753,ns,,,"10x256x6",,,1,10,32,6,10,256,1,1,16
"dot/dot_bf16_bf16_fp32_10x32x1_1x16x1_avx512/256/13/real_time",274181,510.633,508.999,ns,,,"10x256x13",,,1,10,32,13,10,256,1,1,16
"dot/dot_bf16_bf16_fp32_10x32x1_1x16x1_avx512/256/19/real_time",189659,737.994,735.168,ns,,,"10x256x19",,,1,10,32,19,10,256,1,1,16
"dot/dot_bf16_bf16_fp32_10x32x1_1x16x1_avx512/256/26/real_time",144385,969.949,966.962,ns,,,"10x256x26",,,1,10,32,26,10,256,1,1,16
"dot/dot_bf16_bf16_fp32_12x32x1_1x16x1_avx512/32/1/real_time",6814482,20.4764,20.4063,ns,,,"12x32x1",,,1,12,32,1,12,32,1,1,16
"dot/dot_bf16_bf16_fp32_12x32x1_1x16x1_avx512/32/65/real_time",386069,362.209,361.02,ns,,,"12x32x65",,,1,12,32,65,12,32,1,1,16
"dot/dot_bf16_bf16_fp32_12x32x1_1x16x1_avx512/32/130/real_time",196170,712.917,710.572,ns,,,"12x32x130",,,1,12,32,130,12,32,1,1,16
"dot/dot_bf16_bf16_fp32_12x32x1_1x16x1_avx512/32/195/real_time",132068,1062.62,1059.59,ns,,,"12x32x195",,,1,12,32,195,12,32,1,1,16
"dot/dot_bf16_bf16_fp32_12x32x1_1x16x1_avx512/32/261/real_time",98679,1417.84,1413.35,ns,,,"12x32x261",,,1,12,32,261,12,32,1,1,16
"dot/dot_bf16_bf16_fp32_12x32x1_1x16x1_avx512/64/1/real_time",4495789,31.1712,31.0732,ns,,,"12x64x1",,,1,12,32,1,12,64,1,1,16
"dot/dot_bf16_bf16_fp32_12x32x1_1x16x1_avx512/64/35/real_time",357416,391.736,390.582,ns,,,"12x64x35",,,1,12,32,35,12,64,1,1,16
"dot/dot_bf16_bf16_fp32_12x32x1_1x16x1_avx512/64/70/real_time",182078,767.711,765.301,ns,,,"12x64x70",,,1,12,32,70,12,64,1,1,16
"dot/dot_bf16_bf16_fp32_12x32x1_1x16x1_avx512/64/105/real_time",122116,1146.6,1142.6,ns,,,"12x64x105",,,1,12,32,105,12,64,1,1,16
"dot/dot_bf16_bf16_fp32_12x32x1_1x16x1_avx512/64/141/real_time",91350,1534.38,1529.78,ns,,,"12x64x141",,,1,12,32,141,12,64,1,1,16
"dot/dot_bf16_bf16_fp32_12x32x1_1x16x1_avx512/128/1/real_time",2702130,51.6158,51.4779,ns,,,"12x128x1",,,1,12,32,1,12,128,1,1,16
"dot/dot_bf16_bf16_fp32_12x32x1_1x16x1_avx512/128/16/real_time",383433,363.578,362.537,ns,,,"12x128x16",,,1,12,32,16,12,128,1,1,16
"dot/dot_bf16_bf16_fp32_12x32x1_1x16x1_avx512/128/32/real_time",198003,706.497,704.284,ns,,,"12x128x32",,,1,12,32,32,12,128,1,1,16
"dot/dot_bf16_bf16_fp32_12x32x1_1x16x1_avx512/128/48/real_time",133245,1051.22,1047.29,ns,,,"12x128x48",,,1,12,32,48,12,128,1,1,16
"dot/dot_bf16_bf16_fp32_12x32x1_1x16x1_avx512/128/65/real_time",98341,1418.6,1413.81,ns,,,"12x128x65",,,1,12,32,65,12,128,1,1,16
"dot/dot_bf16_bf16_fp32_12x32x1_1x16x1_avx512/256/1/real_time",1526825,91.7155,91.4117,ns,,,"12x256x1",,,1,12,32,1,12,256,1,1,16
"dot/dot_bf16_bf16_fp32_12x32x1_1x16x1_avx512/256/5/real_time",562070,249.478,248.812,ns,,,"12x256x5",,,1,12,32,5,12,256,1,1,16
"dot/dot_bf16_bf16_fp32_12x32x1_1x16x1_avx512/256/11/real_time",270606,518.156,516.338,ns,,,"12x256x11",,,1,12,32,11,12,256,1,1,16
"dot/dot_bf16_bf16_fp32_12x32x1_1x16x1_avx512/256/16/real_time",196135,710.537,708.245,ns,,,"12x256x16",,,1,12,32,16,12,256,1,1,16
"dot/dot_bf16_bf16_fp32_12x32x1_1x16x1_avx512/256/22/real_time",136217,1027.42,1024.3,ns,,,"12x256x22",,,1,12,32,22,12,256,1,1,16
"dot/dot_bf16_bf16_fp32_16x16x1_1x16x1_avx512/16/1/real_time",5695471,24.63,24.5436,ns,,,"16x16x1",,,1,16,16,1,16,16,1,1,16
"dot/dot_bf16_bf16_fp32_16x16x1_1x16x1_avx512/16/92/real_time",305115,458.631,457.281,ns,,,"16x16x92",,,1,16,16,92,16,16,1,1,16
"dot/dot_bf16_bf16_fp32_16x16x1_1x16x1_avx512/16/184/real_time",155982,893.501,890.838,ns,,,"16x16x184",,,1,16,16,184,16,16,1,1,16
"dot/dot_bf16_bf16_fp32_16x16x1_1x16x1_avx512/16/276/real_time",104774,1321.87,1317.77,ns,,,"16x16x276",,,1,16,16,276,16,16,1,1,16
"dot/dot_bf16_bf16_fp32_16x16x1_1x16x1_avx512/16/368/real_time",79722,1758.48,1753.21,ns,,,"16x16x368",,,1,16,16,368,16,16,1,1,16
"dot/dot_bf16_bf16_fp32_16x16x1_1x16x1_avx512/32/1/real_time",4298765,32.5685,32.4736,ns,,,"16x32x1",,,1,16,16,1,16,32,1,1,16
"dot/dot_bf16_bf16_fp32_16x16x1_1x16x1_avx512/32/58/real_time",239234,584.407,582.793,ns,,,"16x32x58",,,1,16,16,58,16,32,1,1,16
"dot/dot_bf16_bf16_fp32_16x16x1_1x16x1_avx512/32/117/real_time",121128,1141.72,1138.34,ns,,,"16x32x117",,,1,16,16,117,16,32,1,1,16
"dot/dot_bf16_bf16_fp32_16x16x1_1x16x1_avx512/32/175/real_time",83058,1692.22,1687.5,ns,,,"16x32x175",,,1,16,16,175,16,32,1,1,16
"dot/dot_bf16_bf16_fp32_16x16x1_1x16x1_avx512/32/234/real_time",61949,2245.94,2239.66,ns,,,"16x32x234",,,1,16,16,234,16,32,1,1,16
"dot/dot_bf16_bf16_fp32_16x16x1_1x16x1_avx512/64/1/real_time",2648907,52.7569,52.596,ns,,,"16x64x1",,,1,16,16,1,16,64,1,1,16
"dot/dot_bf16_bf16_fp32_16x16x1_1x16x1_avx512/64/32/real_time",215766,647.205,645.321,ns,,,"16x64x32",,,1,16,16,32,16,64,1,1,16
"dot/dot_bf16_bf16_fp32_16x16x1_1x16x1_avx512/64/64/real_time",111389,1259.6,1256.05,ns,,,"16x64x64",,,1,16,16,64,16,64,1,1,16
"dot/dot_bf16_bf16_fp32_16x16x1_1x16x1_avx512/64/96/real_time",75105,1858.52,1853.12,ns,,,"16x64x96",,,1,16,16,96,16,64,1,1,16
"dot/dot_bf16_bf16_fp32_16x16x1_1x16x1_avx512/64/128/real_time",56928,2476.08,2467.98,ns,,,"16x64x128",,,1,16,16,128,16,64,1,1,16
"dot/dot_bf16_bf16_fp32_16x16x1_1x16x1_avx512/128/1/real_time",1629138,86.0749,85.7824,ns,,,"16x128x1",,,1,16,16,1,16,128,1,1,16
"dot/dot_bf16_bf16_fp32_16x16x1_1x16x1_avx512/128/14/real_time",237566,589.46,587.785,ns,,,"16x128x14",,,1,16,16,14,16,128,1,1,16
"dot/dot_bf16_bf16_fp32_16x16x1_1x16x1_avx512/128/28/real_time",123906,1130.41,1127.21,ns,,,"16x128x28",,,1,16,16,28,16,128,1,1,16
"dot/dot_bf16_bf16_fp32_16x16x1_1x16x1_avx512/128/42/real_time",83198,1671.71,1666.71,ns,,,"16x128x42",,,1,16,16,42,16,128,1,1,16
"dot/dot_bf16_bf16_fp32_16x16x1_1x16x1_avx512/128/56/real_time",64090,2189.24,2183.22,ns,,,"16x128x56",,,1,16,16,56,16,128,1,1,16
"dot/dot_fp16_fp16_fp32_1x64x1_1x16x1_avx512/64/1/real_time",19004389,7.3551,7.33503,ns,,,"1x64x1",,,1,1,64,1,1,64,1,1,16
"dot/dot_fp16_fp16_fp32_1x64x1_1x16x1_avx512/64/46/real_time",1556121,90.0219,89.7574,ns,,,"1x64x46",,,1,1,64,46,1,64,1,1,16
"dot/dot_fp16_fp16_fp32_1x64x1_1x16x1_avx512/64/93/real_time",785819,178.326,177.763,ns,,,"1x64x93",,,1,1,64,93,1,64,1,1,16
"dot/dot_fp16_fp16_fp32_1x64x1_1x16x1_avx512/64/140/real_time",524995,266.404,265.69,ns,,,"1x64x140",,,1,1,64,140,1,64,1,1,16
"dot/dot_fp16_fp16_fp32_1x64x1_1x16x1_avx512/64/187/real_time",393580,354.632,353.637,ns,,,"1x64x187",,,1,1,64,187,1,64,1,1,16
"dot/dot_fp16_fp16_fp32_1x64x1_1x16x1_avx512/128/1/real_time",13861489,10.0722,10.0426,ns,,,"1x128x1",,,1,1,64,1,1,128,1,1,16
"dot/dot_fp16_fp16_fp32_1x64x1_1x16x1_avx512/128/23/real_time",1614436,86.7352,86.494,ns,,,"1x128x23",,,1,1,64,23,1,128,1,1,16
"dot/dot_fp16_fp16_fp32_1x64x1_1x16x1_avx512/128/46/real_time",791193,177.095,176.605,ns,,,"1x128x46",,,1,1,64,46,1,128,1,1,16
"dot/dot_fp16_fp16_fp32_1x64x1_1x16x1_avx512/128/69/real_time",530718,263.548,262.698,ns,,,"1x128x69",,,1,1,64,69,1,128,1,1,16
"dot/dot_fp16_fp16_fp32_1x64x1_1x16x1_avx512/128/93/real_time",395944,353.439,352.437,ns,,,"1x128x93",,,1,1,64,93,1,128,1,1,16
"dot/dot_fp16_fp16_fp32_1x64x1_1x16x1_avx512/256/1/real_time",8848185,15.8405,15.7987,ns,,,"1x256x1",,,1,1,64,1,1,256,1,1,16
"dot/dot_fp16_fp16_fp32_1x64x1_1x16x1_avx512/256/11/real_time",1684495,83.1441,82.895,ns,,,"1x256x11",,,1,1,64,11,1,256,1,1,16
"dot/dot_fp16_fp16_fp32_1x64x1_1x16x1_avx512/256/22/real_time",845452,166.04,165.122,ns,,,"1x256x22",,,1,1,64,22,1,256,1,1,16
"dot/dot_fp16_fp16_fp32_1x64x1_1x16x1_avx512/256/33/real_time",554099,251.538,250.764,ns,,,"1x256x33",,,1,1,64,33,1,256,1,1,16
"dot/dot_fp16_fp16_fp32_1x64x1_1x16x1_avx512/256/45/real_time",407870,343.545,342.144,ns,,,"1x256x45",,,1,1,64,45,1,256,1,1,16
"dot/dot_fp16_fp16_fp32_1x64x1_1x16x1_avx512/512/1/real_time",5076778,27.7302,27.6525,ns,,,"1x512x1",,,1,1,64,1,1,512,1,1,16
"dot/dot_fp16_fp16_fp32_1x64x1_1x16x1_avx512/512/5/real_time",1765661,79.4229,79.196,ns,,,"1x512x5",,,1,1,64,5,1,512,1,1,16
"dot/dot_fp16_fp16_fp32_1x64x1_1x16x1_avx512/512/10/real_time",928913,150.737,150.262,ns,,,"1x512x10",,,1,1,64,10,1,512,1,1,16
"dot/dot_fp16_fp16_fp32_1x64x1_1x16x1_avx512/512/15/real_time",618906,226.48,225.434,ns,,,"1x512x15",,,1,1,64,15,1,512,1,1,16
"dot/dot_fp16_fp16_fp32_1x64x1_1x16x1_avx512/512/21/real_time",442190,316.68,315.308,ns,,,"1x512x21",,,1,1,64,21,1,512,1,1,16
"dot/dot_fp16_fp16_fp32_2x64x1_1x16x1_avx512/64/1/real_time",14648747,9.59745,9.56248,ns,,,"2x64x1",,,1,2,64,1,2,64,1,1,16
"dot/dot_fp16_fp16_fp32_2x64x1_1x16x1_avx512/64/45/real_time",1149793,121.922,121.471,ns,,,"2x64x45",,,1,2,64,45,2,64,1,1,16
"dot/dot_fp16_fp16_fp32_2x64x1_1x16x1_avx512/64/91/real_time",571539,245.001,244.221,ns,,,"2x64x91",,,1,2,64,91,2,64,1,1,16
"dot/dot_fp16_fp16_fp32_2x64x1_1x16x1_avx512/64/136/real_time",383217,365.517,364.128,ns,,,"2x64x136",,,1,2,64,136,2,64,1,1,16
"dot/dot_fp16_fp16_fp32_2x64x1_1x16x1_avx512/64/182/real_time",286666,487.752,486.21,ns,,,"2x64x182",,,1,2,64,182,2,64,1,1,16
"dot/dot_fp16_fp16_fp32_2x64x1_1x16x1_avx512/128/1/real_time",10064534,13.9526,13.8834,ns,,,"2x128x1",,,1,2,64,1,2,128,1,1,16
"dot/dot_fp16_fp16_fp32_2x64x1_1x16x1_avx512/128/22/real_time",1167775,118.063,117.571,ns,,,"2x128x22",,,1,2,64,22,2,128,1,1,16
"dot/dot_fp16_fp16_fp32_2x64x1_1x16x1_avx512/128/45/real_time",577875,242.211,241.395,ns,,,"2x128x45",,,1,2,64,45,2,128,1,1,16
"dot/dot_fp16_fp16_fp32_2x64x1_1x16x1_avx512/128/67/real_time",389326,359.985,358.512,ns,,,"2x128x67",,,1,2,64,67,2,128,1,1,16
"dot/dot_fp16_fp16_fp32_2x64x1_1x16x1_avx512/128/90/real_time",290650,482.469,480.937,ns,,,"2x128x90",,,1,2,64,90,2,128,1,1,16
"dot/dot_fp16_fp16_fp32_2x64x1_1x16x1_avx512/256/1/real_time",6276844,22.3042,22.237,ns,,,"2x256x1",,,1,2,64,1,2,256,1,1,16
"dot/dot_fp16_fp16_fp32_2x64x1_1x16x1_avx512/256/10/real_time",1302250,107.489,107.156,ns,,,"2x256x10",,,1,2,64,10,2,256,1,1,16
"dot/dot_fp16_fp16_fp32_2x64x1_1x16x1_avx512/256/21/real_time",622685,224.887,224.221,ns,,,"2x256x21",,,1,2,64,21,2,256,1,1,16
"dot/dot_fp16_fp16_fp32_2x64x1_1x16x1_avx512/256/32/real_time",406257,344.028,342.934,ns,,,"2x256x32",,,1,2,64,32,2,256,1,1,16
"dot/dot_fp16_fp16_fp32_2x64x1_1x16x1_avx512/256/43/real_time",303325,461.644,460.297,ns,,,"2x256x43",,,1,2,64,43,2,256,1,1,16
"dot/dot_fp16_fp16_fp32_2x64x1_1x16x1_avx512/512/1/real_time",3640779,38.896,38.7837,ns,,,"2x512x1",,,1,2,64,1,2,512,1,1,16
"dot/dot_fp16_fp16_fp32_2x64x1_1x16x1_avx512/512/4/real_time",1514716,92.4025,92.0823,ns,,,"2x512x4",,,1,2,64,4,2,512,1,1,16
"dot/dot_fp16_fp16_fp32_2x64x1_1x16x1_avx512/512/9/real_time",724285,193.328,192.699,ns,,,"2x512x9",,,1,2,64,9,2,512,1,1,16
"dot/dot_fp16_fp16_fp32_2x64x1_1x16x1_avx512/512/14/real_time",467097,299.915,299,ns,,,"2x512x14",,,1,2,64,14,2,512,1,1,16
"dot/dot_fp16_fp16_fp32_2x64x1_1x16x1_avx512/512/19/real_time",344254,406.595,405.404,ns,,,"2x512x19",,,1,2,64,19,2,512,1,1,16
"dot/dot_fp16_fp16_fp32_3x64x1_1x16x1_avx512/64/1/real_time",12260921,11.4308,11.3962,ns,,,"3x64x1",,,1,3,64,1,3,64,1,1,16
"dot/dot_fp16_fp16_fp32_3x64x1_1x16x1_avx512/64/44/real_time",902427,155.193,154.735,ns,,,"3x64x44",,,1,3,64,44,3,64,1,1,16
"dot/dot_fp16_fp16_fp32_3x64x1_1x16x1_avx512/64/88/real_time",454459,307.953,307.07,ns,,,"3x64x88",,,1,3,64,88,3,64,1,1,16
"dot/dot_fp16_fp16_fp32_3x64x1_1x16x1_avx512/64/132/real_time",303872,461.066,459.404,ns,,,"3x64x132",,,1,3,64,132,3,64,1,1,16
"dot/dot_fp16_fp16_fp32_3x64x1_1x16x1_avx512/64/177/real_time",226979,617.124,615.451,ns,,,"3x64x177",,,1,3,64,177,3,64,1,1,16
"dot/dot_fp16_fp16_fp32_3x64x1_1x16x1_avx512/128/1/real_time",8172263,17.2317,17.1807,ns,,,"3x128x1",,,1,3,64,1,3,128,1,1,16
"dot/dot_fp16_fp16_fp32_3x64x1_1x16x1_avx512/128/21/real_time",947964,147.034,146.568,ns,,,"3x128x21",,,1,3,64,21,3,128,1,1,16
"dot/dot_fp16_fp16_fp32_3x64x1_1x16x1_avx512/128/43/real_time",464161,302.111,300.95,ns,,,"3x128x43",,,1,3,64,43,3,128,1,1,16
"dot/dot_fp16_fp16_fp32_3x64x1_1x16x1_avx512/128/65/real_time",308044,454.381,453.02,ns,,,"3x128x65",,,1,3,64,65,3,128,1,1,16
"dot/dot_fp16_fp16_fp32_3x64x1_1x16x1_avx512/128/87/real_time",230425,607.162,605.495,ns,,,"3x128x87",,,1,3,64,87,3,128,1,1,16
"dot/dot_fp16_fp16_fp32_3x64x1_1x16x1_avx512/256/1/real_time",4996677,28.2158,28.1358,ns,,,"3x256x1",,,1,3,64,1,3,256,1,1,16
"dot/dot_fp16_fp16_fp32_3x64x1_1x16x1_avx512/256/10/real_time",988376,140.311,139.853,ns,,,"3x256x10",,,1,3,64,10,3,256,1,1,16
"dot/dot_fp16_fp16_fp32_3x64x1_1x16x1_avx512/256/20/real_time",502153,279.218,278.255,ns,,,"3x256x20",,,1,3,64,20,3,256,1,1,16
"dot/dot_fp16_fp16_fp32_3x64x1_1x16x1_avx512/256/30/real_time",333478,419.407,418.234,ns,,,"3x256x30",,,1,3,64,30,3,256,1,1,16
"dot/dot_fp16_fp16_fp32_3x64x1_1x16x1_avx512/256/41/real_time",244740,572.395,570.711,ns,,,"3x256x41",,,1,3,64,41,3,256,1,1,16
"dot/dot_fp16_fp16_fp32_3x64x1_1x16x1_avx512/512/1/real_time",2952283,47.4708,47.3355,ns,,,"3x512x1",,,1,3,64,1,3,512,1,1,16
"dot/dot_fp16_fp16_fp32_3x64x1_1x16x1_avx512/512/4/real_time",1154755,120.182,119.851,ns,,,"3x512x4",,,1,3,64,4,3,512,1,1,16
"dot/dot_fp16_fp16_fp32_3x64x1_1x16x1_avx512/512/8/real_time",625705,223.74,223.104,ns,,,"3x512x8",,,1,3,64,8,3,512,1,1,16
"dot/dot_fp16_fp16_fp32_3x64x1_1x16x1_avx512/512/12/real_time",417736,334.745,333.885,ns,,,"3x512x12",,,1,3,64,12,3,512,1,1,16
"dot/dot_fp16_fp16_fp32_3x64x1_1x16x1_avx512/512/17/real_time",295917,473.657,472.282,ns,,,"3x512x17",,,1,3,64,17,3,512,1,1,16
"dot/dot_fp16_fp16_fp32_4x64x1_1x16x1_avx512/64/1/real_time",10489217,13.3239,13.2867,ns,,,"4x64x1",,,1,4,64,1,4,64,1,1,16
"dot/dot_fp16_fp16_fp32_4x64x1_1x16x1_avx512/64/43/real_time",736888,189.814,189.256,ns,,,"4x64x43",,,1,4,64,43,4,64,1,1,16
"dot/dot_fp16_fp16_fp32_4x64x1_1x16x1_avx512/64/86/real_time",375701,372.721,371.619,ns,,,"4x64x86",,,1,4,64,86,4,64,1,1,16
"dot/dot_fp16_fp16_fp32_4x64x1_1x16x1_avx512/64/129/real_time",251770,555.528,554.008,ns,,,"4x64x129",,,1,4,64,129,4,64,1,1,16
"dot/dot_fp16_fp16_fp32_4x64x1_1x16x1_avx512/64/173/real_time",188370,743.115,740.999,ns,,,"4x64x173",,,1,4,64,173,4,64,1,1,16
"dot/dot_fp16_fp16_fp32_4x64x1_1x16x1_avx512/128/1/real_time",6875077,20.626,20.5731,ns,,,"4x128x1",,,1,4,64,1,4,128,1,1,16
"dot/dot_fp16_fp16_fp32_4x64x1_1x16x1_avx512/128/21/real_time",732824,182.866,182.317,ns,,,"4x128x21",,,1,4,64,21,4,128,1,1,16
"dot/dot_fp16_fp16_fp32_4x64x1_1x16x1_avx512/128/42/real_time",383725,365.295,364.107,ns,,,"4x128x42",,,1,4,64,42,4,128,1,1,16
"dot/dot_fp16_fp16_fp32_4x64x1_1x16x1_avx512/128/63/real_time",257240,544.593,542.455,ns,,,"4x128x63",,,1,4,64,63,4,128,1,1,16
"dot/dot_fp16_fp16_fp32_4x64x1_1x16x1_avx512/128/85/real_time",191212,731.58,729.45,ns,,,"4x128x85",,,1,4,64,85,4,128,1,1,16
"dot/dot_fp16_fp16_fp32_4x64x1_1x16x1_avx512/256/1/real_time",4305952,32.7456,32.6529,ns,,,"4x256x1",,,1,4,64,1,4,256,1,1,16
"dot/dot_fp16_fp16_fp32_4x64x1_1x16x1_avx512/256/9/real_time",882946,156.342,155.816,ns,,,"4x256x9",,,1,4,64,9,4,256,1,1,16
"dot/dot_fp16_fp16_fp32_4x64x1_1x16x1_avx512/256/19/real_time",425394,327.132,326.198,ns,,,"4x256x19",,,1,4,64,19,4,256,1,1,16
"dot/dot_fp16_fp16_fp32_4x64x1_1x16x1_avx512/256/29/real_time",278270,503.026,501.47,ns,,,"4x256x29",,,1,4,64,29,4,256,1,1,16
"dot/dot_fp16_fp16_fp32_4x64x1_1x16x1_avx512/256/39/real_time",208084,673.22,671.258,ns,,,"4x256x39",,,1,4,64,39,4,256,1,1,16
"dot/dot_fp16_fp16_fp32_4x64x1_1x16x1_avx512/512/1/real_time",2337652,59.9324,59.7504,ns,,,"4x512x1",,,1,4,64,1,4,512,1,1,16
"dot/dot_fp16_fp16_fp32_4x64x1_1x16x1_avx512/512/3/real_time",1218410,114.665,114.33,ns,,,"4x512x3",,,1,4,64,3,4,512,1,1,16
"dot/dot_fp16_fp16_fp32_4x64x1_1x16x1_avx512/512/7/real_time",576911,242.091,241.42,ns,,,"4x512x7",,,1,4,64,7,4,512,1,1,16
"dot/dot_fp16_fp16_fp32_4x64x1_1x16x1_avx512/512/11/real_time",370194,378.864,377.834,ns,,,"4x512x11",,,1,4,64,11,4,512,1,1,16
"dot/dot_fp16_fp16_fp32_4x64x1_1x16x1_avx512/512/15/real_time",272031,515.399,513.882,ns,,,"4x512x15",,,1,4,64,15,4,512,1,1,16
"dot/dot_fp16_fp16_fp32_5x64x1_1x16x1_avx512/64/1/real_time",9285818,14.9966,14.9554,ns,,,"5x64x1",,,1,5,64,1,5,64,1,1,16
"dot/dot_fp16_fp16_fp32_5x64x1_1x16x1_avx512/64/42/real_time",637848,219.94,219.155,ns,,,"5x64x42",,,1,5,64,42,5,64,1,1,16
"dot/dot_fp16_fp16_fp32_5x64x1_1x16x1_avx512/64/84/real_time",323119,433.543,432.292,ns,,,"5x64x84",,,1,5,64,84,5,64,1,1,16
"dot/dot_fp16_fp16_fp32_5x64x1_1x16x1_avx512/64/126/real_time",216322,647.334,645.323,ns,,,"5x64x126",,,1,5,64,126,5,64,1,1,16
"dot/dot_fp16_fp16_fp32_5x64x1_1x16x1_avx512/64/168/real_time",162455,861.551,858.88,ns,,,"5x64x168",,,1,5,64,168,5,64,1,1,16
"dot/dot_fp16_fp16_fp32_5x64x1_1x16x1_avx512/128/1/real_time",5833444,24.1108,24.0368,ns,,,"5x128x1",,,1,5,64,1,5,128,1,1,16
"dot/dot_fp16_fp16_fp32_5x64x1_1x16x1_avx512/128/20/real_time",672791,208.509,207.875,ns,,,"5x128x20",,,1,5,64,20,5,128,1,1,16
"dot/dot_fp16_fp16_fp32_5x64x1_1x16x1_avx512/128/41/real_time",330870,424.191,422.861,ns,,,"5x128x41",,,1,5,64,41,5,128,1,1,16
"dot/dot_fp16_fp16_fp32_5x64x1_1x16x1_avx512/128/61/real_time",223173,627.2,625.287,ns,,,"5x128x61",,,1,5,64,61,5,128,1,1,16
"dot/dot_fp16_fp16_fp32_5x64x1_1x16x1_avx512/128/82/real_time",166700,839.939,837.601,ns,,,"5x128x82",,,1,5,64,82,5,128,1,1,16
"dot/dot_fp16_fp16_fp32_5x64x1_1x16x1_avx512/256/1/real_time",3513916,40.1744,40.0219,ns,,,"5x256x1",,,1,5,64,1,5,256,1,1,16
"dot/dot_fp16_fp16_fp32_5x64x1_1x16x1_avx512/256/9/real_time",743758,186.964,186.444,ns,,,"5x256x9",,,1,5,64,9,5,256,1,1,16
"dot/dot_fp16_fp16_fp32_5x64x1_1x16x1_avx512/256/18/real_time",378688,369.616,368.614,ns,,,"5x256x18",,,1,5,64,18,5,256,1,1,16
"dot/dot_fp16_fp16_fp32_5x64x1_1x16x1_avx512/256/27/real_time",251048,557.354,555.662,ns,,,"5x256x27",,,1,5,64,27,5,256,1,1,16
"dot/dot_fp16_fp16_fp32_5x64x1_1x16x1_avx512/256/37/real_time",183994,760.36,758.108,ns,,,"5x256x37",,,1,5,64,37,5,256,1,1,16
"dot/dot_fp16_fp16_fp32_5x64x1_1x16x1_avx512/512/1/real_time",1950624,71.4597,71.2428,ns,,,"5x512x1",,,1,5,64,1,5,512,1,1,16
"dot/dot_fp16_fp16_fp32_5x64x1_1x16x1_avx512/512/3/real_time",1014588,138.016,137.681,ns,,,"5x512x3",,,1,5,64,3,5,512,1,1,16
"dot/dot_fp16_fp16_fp32_5x64x1_1x16x1_avx512/512/6/real_time",562156,248.572,247.824,ns,,,"5x512x6",,,1,5,64,6,5,512,1,1,16
"dot/dot_fp16_fp16_fp32_5x64x1_1x16x1_avx512/512/9/real_time",378788,370.201,369.126,ns,,,"5x512x9",,,1,5,64,9,5,512,1,1,16
"dot/dot_fp16_fp16_fp32_5x64x1_1x16x1_avx512/512/13/real_time",263135,532.682,530.999,ns,,,"5x512x13",,,1,5,64,13,5,512,1,1,16
"dot/dot_fp16_fp16_fp32_1x32x1_1x16x1_avx512/32/1/real_time",20473746,6.85727,6.83742,ns,,,"1x32x1",,,1,1,32,1,1,32,1,1,16
"dot/dot_fp16_fp16_fp32_1x32x1_1x16x1_avx512/32/92/real_time",1340789,104.413,104.096,ns,,,"1x32x92",,,1,1,32,92,1,32,1,1,16
"dot/dot_fp16_fp16_fp32_1x32x1_1x16x1_avx512/32/185/real_time",678242,206.211,205.672,ns,,,"1x32x185",,,1,1,32,185,1,32,1,1,16
"dot/dot_fp16_fp16_fp32_1x32x1_1x16x1_avx512/32/277/real_time",455927,307.013,306.143,ns,,,"1x32x277",,,1,1,32,277,1,32,1,1,16
"dot/dot_fp16_fp16_fp32_1x32x1_1x16x1_avx512/32/370/real_time",342426,409.546,408.299,ns,,,"1x32x370",,,1,1,32,370,1,32,1,1,16
"dot/dot_fp16_fp16_fp32_1x32x1_1x16x1_avx512/64/1/real_time",15442366,9.07521,9.04912,ns,,,"1x64x1",,,1,1,32,1,1,64,1,1,16
"dot/dot_fp16_fp16_fp32_1x32x1_1x16x1_avx512/64/46/real_time",1335428,104.497,104.221,ns,,,"1x64x46",,,1,1,32,46,1,64,1,1,16
"dot/dot_fp16_fp16_fp32_1x32x1_1x16x1_avx512/64/93/real_time",674521,207.198,206.56,ns,,,"1x64x93",,,1,1,32,93,1,64,1,1,16
"dot/dot_fp16_fp16_fp32_1x32x1_1x16x1_avx512/64/140/real_time",451553,310.114,309.336,ns,,,"1x64x140",,,1,1,32,140,1,64,1,1,16
"dot/dot_fp16_fp16_fp32_1x32x1_1x16x1_avx512/64/187/real_time",339066,413.101,411.926,ns,,,"1x64x187",,,1,1,32,187,1,64,1,1,16
"dot/dot_fp16_fp16_fp32_1x32x1_1x16x1_avx512/128/1/real_time",10322336,13.4296,13.3939,ns,,,"1x128x1",,,1,1,32,1,1,128,1,1,16
"dot/dot_fp16_fp16_fp32_1x32x1_1x16x1_avx512/128/23/real_time",1000000,100.079,99.7836,ns,,,"1x128x23",,,1,1,32,23,1,128,1,1,16
"dot/dot_fp16_fp16_fp32_1x32x1_1x16x1_avx512/128/46/real_time",686846,202.531,201.945,ns,,,"1x128x46",,,1,1,32,46,1,128,1,1,16
"dot/dot_fp16_fp16_fp32_1x32x1_1x16x1_avx512/128/69/real_time",455925,306.88,305.923,ns,,,"1x128x69",,,1,1,32,69,1,128,1,1,16
"dot/dot_fp16_fp16_fp32_1x32x1_1x16x1_avx512/128/93/real_time",340105,412.132,411.066,ns,,,"1x128x93",,,1,1,32,93,1,128,1,1,16
"dot/dot_fp16_fp16_fp32_1x32x1_1x16x1_avx512/256/1/real_time",6239248,22.4457,22.3801,ns,,,"1x256x1",,,1,1,32,1,1,256,1,1,16
"dot/dot_fp16_fp16_fp32_1x32x1_1x16x1_avx512/256/11/real_time",1461539,95.8187,95.5391,ns,,,"1x256x11",,,1,1,32,11,1,256,1,1,16
"dot/dot_fp16_fp16_fp32_1x32x1_1x16x1_avx512/256/22/real_time",732833,191.302,190.721,ns,,,"1x256x22",,,1,1,32,22,1,256,1,1,16
"dot/dot_fp16_fp16_fp32_1x32x1_1x16x1_avx512/256/33/real_time",480457,291.005,290.237,ns,,,"1x256x33",,,1,1,32,33,1,256,1,1,16
"dot/dot_fp16_fp16_fp32_1x32x1_1x16x1_avx512/256/45/real_time",350997,396.552,395.544,ns,,,"1x256x45",,,1,1,32,45,1,256,1,1,16
"dot/dot_fp16_fp16_fp32_2x32x1_1x16x1_avx512/32/1/real_time",16697308,8.38282,8.36074,ns,,,"2x32x1",,,1,2,32,1,2,32,1,1,16
"dot/dot_fp16_fp16_fp32_2x32x1_1x16x1_avx512/32/89/real_time",935919,149.336,148.884,ns,,,"2x32x89",,,1,2,32,89,2,32,1,1,16
"dot/dot_fp16_fp16_fp32_2x32x1_1x16x1_avx512/32/178/real_time",477601,293.164,292.269,ns,,,"2x32x178",,,1,2,32,178,2,32,1,1,16
"dot/dot_fp16_fp16_fp32_2x32x1_1x16x1_avx512/32/267/real_time",320305,437.229,435.897,ns,,,"2x32x267",,,1,2,32,267,2,32,1,1,16
"dot/dot_fp16_fp16_fp32_2x32x1_1x16x1_avx512/32/357/real_time",240237,582.467,580.836,ns,,,"2x32x357",,,1,2,32,357,2,32,1,1,16
"dot/dot_fp16_fp16_fp32_2x32x1_1x16x1_avx512/64/1/real_time",12381225,11.3069,11.2777,ns,,,"2x64x1",,,1,2,32,1,2,64,1,1,16
"dot/dot_fp16_fp16_fp32_2x32x1_1x16x1_avx512/64/45/real_time",923173,151.433,150.994,ns,,,"2x64x45",,,1,2,32,45,2,64,1,1,16
"dot/dot_fp16_fp16_fp32_2x32x1_1x16x1_avx512/64/91/real_time",466307,300.43,299.466,ns,,,"2x64x91",,,1,2,32,91,2,64,1,1,16
"dot/dot_fp16_fp16_fp32_2x32x1_1x16x1_avx512/64/136/real_time",313529,445.859,444.739,ns,,,"2x64x136",,,1,2,32,136,2,64,1,1,16
"dot/dot_fp16_fp16_fp32_2x32x1_1x16x1_avx512/64/182/real_time",235343,594.959,593.074,ns,,,"2x64x182",,,1,2,32,182,2,64,1,1,16
"dot/dot_fp16_fp16_fp32_2x32x1_1x16x1_avx512/128/1/real_time",8110410,17.2935,17.247,ns,,,"2x128x1",,,1,2,32,1,2,128,1,1,16
"dot/dot_fp16_fp16_fp32_2x32x1_1x16x1_avx512/128/22/real_time",974940,143.732,143.332,ns,,,"2x128x22",,,1,2,32,22,2,128,1,1,16
"dot/dot_fp16_fp16_fp32_2x32x1_1x16x1_avx512/128/45/real_time",466151,300.074,299.173,ns,,,"2x128x45",,,1,2,32,45,2,128,1,1,16
"dot/dot_fp16_fp16_fp32_2x32x1_1x16x1_avx512/128/67/real_time",315899,441.973,440.737,ns,,,"2x128x67",,,1,2,32,67,2,128,1,1,16
"dot/dot_fp16_fp16_fp32_2x32x1_1x16x1_avx512/128/90/real_time",236839,590.691,588.813,ns,,,"2x128x90",,,1,2,32,90,2,128,1,1,16
"dot/dot_fp16_fp16_fp32_2x32x1_1x16x1_avx512/256/1/real_time",4693788,30.3328,30.2291,ns,,,"2x256x1",,,1,2,32,1,2,256,1,1,16
"dot/dot_fp16_fp16_fp32_2x32x1_1x16x1_avx512/256/10/real_time",1070728,130.765,130.433,ns,,,"2x256x10",,,1,2,32,10,2,256,1,1,16
"dot/dot_fp16_fp16_fp32_2x32x1_1x16x1_avx512/256/21/real_time",510494,274.269,273.378,ns,,,"2x256x21",,,1,2,32,21,2,256,1,1,16
"dot/dot_fp16_fp16_fp32_2x32x1_1x16x1_avx512/256/32/real_time",327721,426.049,424.744,ns,,,"2x256x32",,,1,2,32,32,2,256,1,1,16
"dot/dot_fp16_fp16_fp32_2x32x1_1x16x1_avx512/256/43/real_time",245612,569.894,568.221,ns,,,"2x256x43",,,1,2,32,43,2,256,1,1,16
"dot/dot_fp16_fp16_fp32_3x32x1_1x16x1_avx512/32/1/real_time",14279546,9.80984,9.78063,ns,,,"3x32x1",,,1,3,32,1,3,32,1,1,16
"dot/dot_fp16_fp16_fp32_3x32x1_1x16x1_avx512/32/86/real_time",742921,188.173,187.528,ns,,,"3x32x86",,,1,3,32,86,3,32,1,1,16
"dot/dot_fp16_fp16_fp32_3x32x1_1x16x1_avx512/32/172/real_time",374783,373.744,372.712,ns,,,"3x32x172",,,1,3,32,172,3,32,1,1,16
"dot/dot_fp16_fp16_fp32_3x32x1_1x16x1_avx512/32/258/real_time",248806,562.32,560.623,ns,,,"3x32x258",,,1,3,32,258,3,32,1,1,16
"dot/dot_fp16_fp16_fp32_3x32x1_1x16x1_avx512/32/345/real_time",186639,749.972,747.888,ns,,,"3x32x345",,,1,3,32,345,3,32,1,1,16
"dot/dot_fp16_fp16_fp32_3x32x1_1x16x1_avx512/64/1/real_time",10207211,13.6404,13.5983,ns,,,"3x64x1",,,1,3,32,1,3,64,1,1,16
"dot/dot_fp16_fp16_fp32_3x32x1_1x16x1_avx512/64/44/real_time",728956,191.905,191.43,ns,,,"3x64x44",,,1,3,32,44,3,64,1,1,16
"dot/dot_fp16_fp16_fp32_3x32x1_1x16x1_avx512/64/88/real_time",366099,381.828,380.825,ns,,,"3x64x88",,,1,3,32,88,3,64,1,1,16
"dot/dot_fp16_fp16_fp32_3x32x1_1x16x1_avx512/64/132/real_time",244194,572.711,570.743,ns,,,"3x64x132",,,1,3,32,132,3,64,1,1,16
"dot/dot_fp16_fp16_fp32_3x32x1_1x16x1_avx512/64/177/real_time",182292,768.792,766.597,ns,,,"3x64x177",,,1,3,32,177,3,64,1,1,16
"dot/dot_fp16_fp16_fp32_3x32x1_1x16x1_avx512/128/1/real_time",6228855,22.4928,22.4249,ns,,,"3x128x1",,,1,3,32,1,3,128,1,1,16
"dot/dot_fp16_fp16_fp32_3x32x1_1x16x1_avx512/128/21/real_time",766914,182.6,182.032,ns,,,"3x128x21",,,1,3,32,21,3,128,1,1,16
"dot/dot_fp16_fp16_fp32_3x32x1_1x16x1_avx512/128/43/real_time",374170,373.653,372.643,ns,,,"3x128x43",,,1,3,32,43,3,128,1,1,16
"dot/dot_fp16_fp16_fp32_3x32x1_1x16x1_avx512/128/65/real_time",248096,563.672,561.906,ns,,,"3x128x65",,,1,3,32,65,3,128,1,1,16
"dot/dot_fp16_fp16_fp32_3x32x1_1x16x1_avx512/128/87/real_time",185515,756.432,754.149,ns,,,"3x128x87",,,1,3,32,87,3,128,1,1,16
"dot/dot_fp16_fp16_fp32_3x32x1_1x16x1_avx512/256/1/real_time",3615232,38.6369,38.5324,ns,,,"3x256x1",,,1,3,32,1,3,256,1,1,16
"dot/dot_fp16_fp16_fp32_3x32x1_1x16x1_avx512/256/10/real_time",799313,174.14,173.602,ns,,,"3x256x10",,,1,3,32,10,3,256,1,1,16
"dot/dot_fp16_fp16_fp32_3x32x1_1x16x1_avx512/256/20/real_time",403843,346.665,345.525,ns,,,"3x256x20",,,1,3,32,20,3,256,1,1,16
"dot/dot_fp16_fp16_fp32_3x32x1_1x16x1_avx512/256/30/real_time",266253,524.747,523.184,ns,,,"3x256x30",,,1,3,32,30,3,256,1,1,16
"dot/dot_fp16_fp16_fp32_3x32x1_1x16x1_avx512/256/41/real_time",195476,716.138,714.397,ns,,,"3x256x41",,,1,3,32,41,3,256,1,1,16
"dot/dot_fp16_fp16_fp32_4x32x1_1x16x1_avx512/32/1/real_time",12750419,11.0211,10.9822,ns,,,"4x32x1",,,1,4,32,1,4,32,1,1,16
"dot/dot_fp16_fp16_fp32_4x32x1_1x16x1_avx512/32/83/real_time",616963,226.876,226.204,ns,,,"4x32x83",,,1,4,32,83,4,32,1,1,16
"dot/dot_fp16_fp16_fp32_4x32x1_1x16x1_avx512/32/167/real_time",308778,452.787,451.544,ns,,,"4x32x167",,,1,4,32,167,4,32,1,1,16
"dot/dot_fp16_fp16_fp32_4x32x1_1x16x1_avx512/32/250/real_time",206260,678.63,676.426,ns,,,"4x32x250",,,1,4,32,250,4,32,1,1,16
"dot/dot_fp16_fp16_fp32_4x32x1_1x16x1_avx512/32/334/real_time",154754,904.318,901.955,ns,,,"4x32x334",,,1,4,32,334,4,32,1,1,16
"dot/dot_fp16_fp16_fp32_4x32x1_1x16x1_avx512/64/1/real_time",8601758,16.3463,16.2942,ns,,,"4x64x1",,,1,4,32,1,4,64,1,1,16
"dot/dot_fp16_fp16_fp32_4x32x1_1x16x1_avx512/64/43/real_time",582889,235.92,235.247,ns,,,"4x64x43",,,1,4,32,43,4,64,1,1,16
"dot/dot_fp16_fp16_fp32_4x32x1_1x16x1_avx512/64/86/real_time",299950,466.522,465.12,ns,,,"4x64x86",,,1,4,32,86,4,64,1,1,16
"dot/dot_fp16_fp16_fp32_4x32x1_1x16x1_avx512/64/129/real_time",200499,698.556,696.133,ns,,,"4x64x129",,,1,4,32,129,4,64,1,1,16
"dot/dot_fp16_fp16_fp32_4x32x1_1x16x1_avx512/64/173/real_time",149288,937.731,934.332,ns,,,"4x64x173",,,1,4,32,173,4,64,1,1,16
"dot/dot_fp16_fp16_fp32_4x32x1_1x16x1_avx512/128/1/real_time",5414998,25.8412,25.7691,ns,,,"4x128x1",,,1,4,32,1,4,128,1,1,16
"dot/dot_fp16_fp16_fp32_4x32x1_1x16x1_avx512/128/21/real_time",612146,228.565,227.925,ns,,,"4x128x21",,,1,4,32,21,4,128,1,1,16
"dot/dot_fp16_fp16_fp32_4x32x1_1x16x1_avx512/128/42/real_time",306711,457.124,455.793,ns,,,"4x128x42",,,1,4,32,42,4,128,1,1,16
"dot/dot_fp16_fp16_fp32_4x32x1_1x16x1_avx512/128/63/real_time",205044,682.938,680.712,ns,,,"4x128x63",,,1,4,32,63,4,128,1,1,16
"dot/dot_fp16_fp16_fp32_4x32x1_1x16x1_avx512/128/85/real_time",151824,923.276,920.489,ns,,,"4x128x85",,,1,4,32,85,4,128,1,1,16
"dot/dot_fp16_fp16_fp32_4x32x1_1x16x1_avx512/256/1/real_time",3063519,45.991,45.8636,ns,,,"4x256x1",,,1,4,32,1,4,256,1,1,16
"dot/dot_fp16_fp16_fp32_4x32x1_1x16x1_avx512/256/9/real_time",708771,196.665,196.08,ns,,,"4x256x9",,,1,4,32,9,4,256,1,1,16
"dot/dot_fp16_fp16_fp32_4x32x1_1x16x1_avx512/256/19/real_time",339869,411.873,410.607,ns,,,"4x256x19",,,1,4,32,19,4,256,1,1,16
"dot/dot_fp16_fp16_fp32_4x32x1_1x16x1_avx512/256/29/real_time",220478,633.014,630.985,ns,,,"4x256x29",,,1,4,32,29,4,256,1,1,16
"dot/dot_fp16_fp16_fp32_4x32x1_1x16x1_avx512/256/39/real_time",164650,850.259,847.506,ns,,,"4x256x39",,,1,4,32,39,4,256,1,1,16
"dot/dot_fp16_fp16_fp32_5x32x1_1x16x1_avx512/32/1/real_time",10854366,12.8005,12.7608,ns,,,"5x32x1",,,1,5,32,1,5,32,1,1,16
"dot/dot_fp16_fp16_fp32_5x32x1_1x16x1_avx512/32/80/real_time",526729,265.045,264.03,ns,,,"5x32x80",,,1,5,32,80,5,32,1,1,16
"dot/dot_fp16_fp16_fp32_5x32x1_1x16x1_avx512/32/161/real_time",264616,529.02,526.94,ns,,,"5x32x161",,,1,5,32,161,5,32,1,1,16
"dot/dot_fp16_fp16_fp32_5x32x1_1x16x1_avx512/32/242/real_time",176346,792.535,789.326,ns,,,"5x32x242",,,1,5,32,242,5,32,1,1,16
"dot/dot_fp16_fp16_fp32_5x32x1_1x16x1_avx512/32/323/real_time",133031,1054.4,1050.79,ns,,,"5x32x323",,,1,5,32,323,5,32,1,1,16
"dot/dot_fp16_fp16_fp32_5x32x1_1x16x1_avx512/64/1/real_time",6778845,21.3672,21.2911,ns,,,"5x64x1",,,1,5,32,1,5,64,1,1,16
"dot/dot_fp16_fp16_fp32_5x32x1_1x16x1_avx512/64/42/real_time",501267,279.297,278.004,ns,,,"5x64x42",,,1,5,32,42,5,64,1,1,16
"dot/dot_fp16_fp16_fp32_5x32x1_1x16x1_avx512/64/84/real_time",253787,551.711,549.826,ns,,,"5x64x84",,,1,5,32,84,5,64,1,1,16
"dot/dot_fp16_fp16_fp32_5x32x1_1x16x1_avx512/64/126/real_time",170008,823.37,820.536,ns,,,"5x64x126",,,1,5,32,126,5,64,1,1,16
"dot/dot_fp16_fp16_fp32_5x32x1_1x16x1_avx512/64/168/real_time",127572,1098.26,1093.48,ns,,,"5x64x168",,,1,5,32,168,5,64,1,1,16
"dot/dot_fp16_fp16_fp32_5x32x1_1x16x1_avx512/128/1/real_time",4786288,29.2853,29.1755,ns,,,"5x128x1",,,1,5,32,1,5,128,1,1,16
"dot/dot_fp16_fp16_fp32_5x32x1_1x16x1_avx512/128/20/real_time",532701,262.57,261.734,ns,,,"5x128x20",,,1,5,32,20,5,128,1,1,16
"dot/dot_fp16_fp16_fp32_5x32x1_1x16x1_avx512/128/41/real_time",259019,539.212,537.601,ns,,,"5x128x41",,,1,5,32,41,5,128,1,1,16
"dot/dot_fp16_fp16_fp32_5x32x1_1x16x1_avx512/128/61/real_time",175563,798.196,795.817,ns,,,"5x128x61",,,1,5,32,61,5,128,1,1,16
"dot/dot_fp16_fp16_fp32_5x32x1_1x16x1_avx512/128/82/real_time",130588,1072.73,1069.19,ns,,,"5x128x82",,,1,5,32,82,5,128,1,1,16
"dot/dot_fp16_fp16_fp32_5x32x1_1x16x1_avx512/256/1/real_time",2624107,53.1902,53.0274,ns,,,"5x256x1",,,1,5,32,1,5,256,1,1,16
"dot/dot_fp16_fp16_fp32_5x32x1_1x16x1_avx512/256/9/real_time",588087,237.703,236.818,ns,,,"5x256x9",,,1,5,32,9,5,256,1,1,16
"dot/dot_fp16_fp16_fp32_5x32x1_1x16x1_avx512/256/18/real_time",297376,471.221,468.921,ns,,,"5x256x18",,,1,5,32,18,5,256,1,1,16
"dot/dot_fp16_fp16_fp32_5x32x1_1x16x1_avx512/256/27/real_time",196915,709.496,707.162,ns,,,"5x256x27",,,1,5,32,27,5,256,1,1,16
"dot/dot_fp16_fp16_fp32_5x32x1_1x16x1_avx512/256/37/real_time",144309,970.907,966.982,ns,,,"5x256x37",,,1,5,32,37,5,256,1,1,16
"dot/dot_fp16_fp16_fp32_5x16x1_1x16x1_avx512/16/1/real_time",12223333,11.4753,11.4267,ns,,,"5x16x1",,,1,5,16,1,5,16,1,1,16
"dot/dot_fp16_fp16_fp32_5x16x1_1x16x1_avx512/16/144/real_time",412931,338.811,337.442,ns,,,"5x16x144",,,1,5,16,144,5,16,1,1,16
"dot/dot_fp16_fp16_fp32_5x16x1_1x16x1_avx512/16/288/real_time",208506,671.007,669.041,ns,,,"5x16x288",,,1,5,16,288,5,16,1,1,16
"dot/dot_fp16_fp16_fp32_5x16x1_1x16x1_avx512/16/432/real_time",139142,1003.41,1000.68,ns,,,"5x16x432",,,1,5,16,432,5,16,1,1,16
"dot/dot_fp16_fp16_fp32_5x16x1_1x16x1_avx512/16/577/real_time",104673,1338.35,1334.41,ns,,,"5x16x577",,,1,5,16,577,5,16,1,1,16
"dot/dot_fp16_fp16_fp32_5x16x1_1x16x1_avx512/32/1/real_time",8817116,15.7984,15.7535,ns,,,"5x32x1",,,1,5,16,1,5,32,1,1,16
"dot/dot_fp16_fp16_fp32_5x16x1_1x16x1_avx512/32/80/real_time",374964,373.929,372.736,ns,,,"5x32x80",,,1,5,16,80,5,32,1,1,16
"dot/dot_fp16_fp16_fp32_5x16x1_1x16x1_avx512/32/161/real_time",186434,750.627,748.198,ns,,,"5x32x161",,,1,5,16,161,5,32,1,1,16
"dot/dot_fp16_fp16_fp32_5x16x1_1x16x1_avx512/32/242/real_time",124362,1126.39,1122.89,ns,,,"5x32x242",,,1,5,16,242,5,32,1,1,16
"dot/dot_fp16_fp16_fp32_5x16x1_1x16x1_avx512/32/323/real_time",93535,1500.87,1495.64,ns,,,"5x32x323",,,1,5,16,323,5,32,1,1,16
"dot/dot_fp16_fp16_fp32_5x16x1_1x16x1_avx512/64/1/real_time",4972223,29.3774,29.2903,ns,,,"5x64x1",,,1,5,16,1,5,64,1,1,16
"dot/dot_fp16_fp16_fp32_5x16x1_1x16x1_avx512/64/42/real_time",356947,392.757,391.64,ns,,,"5x64x42",,,1,5,16,42,5,64,1,1,16
"dot/dot_fp16_fp16_fp32_5x16x1_1x16x1_avx512/64/84/real_time",179026,784.019,780.107,ns,,,"5x64x84",,,1,5,16,84,5,64,1,1,16
"dot/dot_fp16_fp16_fp32_5x16x1_1x16x1_avx512/64/126/real_time",119593,1172.66,1168.72,ns,,,"5x64x126",,,1,5,16,126,5,64,1,1,16
"dot/dot_fp16_fp16_fp32_5x16x1_1x16x1_avx512/64/168/real_time",89572,1563.73,1558.38,ns,,,"5x64x168",,,1,5,16,168,5,64,1,1,16
"dot/dot_fp16_fp16_fp32_5x16x1_1x16x1_avx512/128/1/real_time",3248484,42.8852,42.729,ns,,,"5x128x1",,,1,5,16,1,5,128,1,1,16
"dot/dot_fp16_fp16_fp32_5x16x1_1x16x1_avx512/128/20/real_time",375666,372.715,371.51,ns,,,"5x128x20",,,1,5,16,20,5,128,1,1,16
"dot/dot_fp16_fp16_fp32_5x16x1_1x16x1_avx512/128/41/real_time",182290,767.927,765.495,ns,,,"5x128x41",,,1,5,16,41,5,128,1,1,16
"dot/dot_fp16_fp16_fp32_5x16x1_1x16x1_avx512/128/61/real_time",123163,1139.22,1134.99,ns,,,"5x128x61",,,1,5,16,61,5,128,1,1,16
"dot/dot_fp16_fp16_fp32_5x16x1_1x16x1_avx512/128/82/real_time",91671,1526.03,1521.23,ns,,,"5x128x82",,,1,5,16,82,5,128,1,1,16
"dot/dot_fp32_1x64x1_1x16x1_avx512/64/1/real_time",19574581,7.17138,7.14294,ns,,,"1x64x1",,,1,1,64,1,1,64,1,1,16
"dot/dot_fp32_1x64x1_1x16x1_avx512/64/23/real_time",5506906,25.3692,25.2944,ns,,,"1x64x23",,,1,1,64,23,1,64,1,1,16
"dot/dot_fp32_1x64x1_1x16x1_avx512/64/46/real_time",2822167,49.6341,49.4024,ns,,,"1x64x46",,,1,1,64,46,1,64,1,1,16
"dot/dot_fp32_1x64x1_1x16x1_avx512/64/69/real_time",1895478,73.7772,73.4562,ns,,,"1x64x69",,,1,1,64,69,1,64,1,1,16
"dot/dot_fp32_1x64x1_1x16x1_avx512/64/93/real_time",1436492,97.4627,97.1344,ns,,,"1x64x93",,,1,1,64,93,1,64,1,1,16
"dot/dot_fp32_1x64x1_1x16x1_avx512/128/1/real_time",15043257,9.29665,9.26844,ns,,,"1x128x1",,,1,1,64,1,1,128,1,1,16
"dot/dot_fp32_1x64x1_1x16x1_avx512/128/11/real_time",5292828,26.3932,26.3161,ns,,,"1x128x11",,,1,1,64,11,1,128,1,1,16
"dot/dot_fp32_1x64x1_1x16x1_avx512/128/23/real_time",2975399,46.9578,46.8232,ns,,,"1x128x23",,,1,1,64,23,1,128,1,1,16
"dot/dot_fp32_1x64x1_1x16x1_avx512/128/34/real_time",2071554,67.9092,67.6794,ns,,,"1x128x34",,,1,1,64,34,1,128,1,1,16
"dot/dot_fp32_1x64x1_1x16x1_avx512/128/46/real_time",1468086,95.3051,95.027,ns,,,"1x128x46",,,1,1,64,46,1,128,1,1,16
"dot/dot_fp32_1x64x1_1x16x1_avx512/256/1/real_time",9875098,14.1912,14.1371,ns,,,"1x256x1",,,1,1,64,1,1,256,1,1,16
"dot/dot_fp32_1x64x1_1x16x1_avx512/256/5/real_time",5037403,27.2705,27.1652,ns,,,"1x256x5",,,1,1,64,5,1,256,1,1,16
"dot/dot_fp32_1x64x1_1x16x1_avx512/256/11/real_time",2938397,47.6079,47.4495,ns,,,"1x256x11",,,1,1,64,11,1,256,1,1,16
"dot/dot_fp32_1x64x1_1x16x1_avx512/256/16/real_time",2121295,65.9762,65.7627,ns,,,"1x256x16",,,1,1,64,16,1,256,1,1,16
"dot/dot_fp32_1x64x1_1x16x1_avx512/256/22/real_time",1618095,86.512,86.2671,ns,,,"1x256x22",,,1,1,64,22,1,256,1,1,16
"dot/dot_fp32_1x64x1_1x16x1_avx512/512/1/real_time",5615282,24.4149,24.3118,ns,,,"1x512x1",,,1,1,64,1,1,512,1,1,16
"dot/dot_fp32_1x64x1_1x16x1_avx512/512/2/real_time",4573897,30.4452,30.33,ns,,,"1x512x2",,,1,1,64,2,1,512,1,1,16
"dot/dot_fp32_1x64x1_1x16x1_avx512/512/5/real_time",2643535,53.157,52.9947,ns,,,"1x512x5",,,1,1,64,5,1,512,1,1,16
"dot/dot_fp32_1x64x1_1x16x1_avx512/512/7/real_time",2194739,63.7446,63.5681,ns,,,"1x512x7",,,1,1,64,7,1,512,1,1,16
"dot/dot_fp32_1x64x1_1x16x1_avx512/512/10/real_time",1633356,85.7556,85.5316,ns,,,"1x512x10",,,1,1,64,10,1,512,1,1,16
"dot/dot_fp32_2x64x1_1x16x1_avx512/64/1/real_time",15745550,8.86727,8.83395,ns,,,"2x64x1",,,1,2,64,1,2,64,1,1,16
"dot/dot_fp32_2x64x1_1x16x1_avx512/64/22/real_time",3828801,36.5759,36.4709,ns,,,"2x64x22",,,1,2,64,22,2,64,1,1,16
"dot/dot_fp32_2x64x1_1x16x1_avx512/64/45/real_time",1906165,73.3135,73.1756,ns,,,"2x64x45",,,1,2,64,45,2,64,1,1,16
"dot/dot_fp32_2x64x1_1x16x1_avx512/64/68/real_time",1387699,100.712,100.536,ns,,,"2x64x68",,,1,2,64,68,2,64,1,1,16
"dot/dot_fp32_2x64x1_1x16x1_avx512/64/91/real_time",1078022,129.825,129.592,ns,,,"2x64x91",,,1,2,64,91,2,64,1,1,16
"dot/dot_fp32_2x64x1_1x16x1_avx512/128/1/real_time",10914255,12.6075,12.5824,ns,,,"2x128x1",,,1,2,64,1,2,128,1,1,16
"dot/dot_fp32_2x64x1_1x16x1_avx512/128/11/real_time",3584810,39.0945,38.9477,ns,,,"2x128x11",,,1,2,64,11,2,128,1,1,16
"dot/dot_fp32_2x64x1_1x16x1_avx512/128/22/real_time",2013383,69.4656,69.3365,ns,,,"2x128x22",,,1,2,64,22,2,128,1,1,16
"dot/dot_fp32_2x64x1_1x16x1_avx512/128/33/real_time",1283510,103.694,103.464,ns,,,"2x128x33",,,1,2,64,33,2,128,1,1,16
"dot/dot_fp32_2x64x1_1x16x1_avx512/128/45/real_time",1009706,137.45,137.183,ns,,,"2x128x45",,,1,2,64,45,2,128,1,1,16
"dot/dot_fp32_2x64x1_1x16x1_avx512/256/1/real_time",6887017,20.3134,20.275,ns,,,"2x256x1",,,1,2,64,1,2,256,1,1,16
"dot/dot_fp32_2x64x1_1x16x1_avx512/256/5/real_time",3436558,40.7747,40.6887,ns,,,"2x256x5",,,1,2,64,5,2,256,1,1,16
"dot/dot_fp32_2x64x1_1x16x1_avx512/256/10/real_time",2034994,68.8614,68.6574,ns,,,"2x256x10",,,1,2,64,10,2,256,1,1,16
"dot/dot_fp32_2x64x1_1x16x1_avx512/256/15/real_time",1438576,97.3369,97.1449,ns,,,"2x256x15",,,1,2,64,15,2,256,1,1,16
"dot/dot_fp32_2x64x1_1x16x1_avx512/256/21/real_time",1071062,131.268,130.997,ns,,,"2x256x21",,,1,2,64,21,2,256,1,1,16
"dot/dot_fp32_2x64x1_1x16x1_avx512/512/1/real_time",4027102,34.635,34.5491,ns,,,"2x512x1",,,1,2,64,1,2,512,1,1,16
"dot/dot_fp32_2x64x1_1x16x1_avx512/512/2/real_time",3319216,42.3373,42.0921,ns,,,"2x512x2",,,1,2,64,2,2,512,1,1,16
"dot/dot_fp32_2x64x1_1x16x1_avx512/512/4/real_time",2089759,66.8944,66.7649,ns,,,"2x512x4",,,1,2,64,4,2,512,1,1,16
"dot/dot_fp32_2x64x1_1x16x1_avx512/512/6/real_time",1560495,89.7249,89.5777,ns,,,"2x512x6",,,1,2,64,6,2,512,1,1,16
"dot/dot_fp32_2x64x1_1x16x1_avx512/512/9/real_time",1134921,123.177,122.936,ns,,,"2x512x9",,,1,2,64,9,2,512,1,1,16
"dot/dot_fp32_3x64x1_1x16x1_avx512/64/1/real_time",13161958,10.2958,10.2779,ns,,,"3x64x1",,,1,3,64,1,3,64,1,1,16
"dot/dot_fp32_3x64x1_1x16x1_avx512/64/22/real_time",2896807,48.3149,48.2088,ns,,,"3x64x22",,,1,3,64,22,3,64,1,1,16
"dot/dot_fp32_3x64x1_1x16x1_avx512/64/44/real_time",1554312,89.536,89.3257,ns,,,"3x64x44",,,1,3,64,44,3,64,1,1,16
"dot/dot_fp32_3x64x1_1x16x1_avx512/64/66/real_time",1079892,128.978,128.701,ns,,,"3x64x66",,,1,3,64,66,3,64,1,1,16
"dot/dot_fp32_3x64x1_1x16x1_avx512/64/88/real_time",835346,166.931,166.612,ns,,,"3x64x88",,,1,3,64,88,3,64,1,1,16
"dot/dot_fp32_3x64x1_1x16x1_avx512/128/1/real_time",8893842,15.6372,15.6046,ns,,,"3x128x1",,,1,3,64,1,3,128,1,1,16
"dot/dot_fp32_3x64x1_1x16x1_avx512/128/10/real_time",2732496,51.3504,51.2554,ns,,,"3x128x10",,,1,3,64,10,3,128,1,1,16
"dot/dot_fp32_3x64x1_1x16x1_avx512/128/21/real_time",1547672,90.3165,89.9041,ns,,,"3x128x21",,,1,3,64,21,3,128,1,1,16
"dot/dot_fp32_3x64x1_1x16x1_avx512/128/32/real_time",1057603,131.707,131.396,ns,,,"3x128x32",,,1,3,64,32,3,128,1,1,16
"dot/dot_fp32_3x64x1_1x16x1_avx512/128/43/real_time",828238,170.142,169.752,ns,,,"3x128x43",,,1,3,64,43,3,128,1,1,16
"dot/dot_fp32_3x64x1_1x16x1_avx512/256/1/real_time",5609874,25.1953,25.1444,ns,,,"3x256x1",,,1,3,64,1,3,256,1,1,16
"dot/dot_fp32_3x64x1_1x16x1_avx512/256/5/real_time",2542492,54.7969,54.6693,ns,,,"3x256x5",,,1,3,64,5,3,256,1,1,16
"dot/dot_fp32_3x64x1_1x16x1_avx512/256/10/real_time",1458878,96.194,95.8978,ns,,,"3x256x10",,,1,3,64,10,3,256,1,1,16
"dot/dot_fp32_3x64x1_1x16x1_avx512/256/15/real_time",1090510,128.915,128.514,ns,,,"3x256x15",,,1,3,64,15,3,256,1,1,16
"dot/dot_fp32_3x64x1_1x16x1_avx512/256/20/real_time",833784,167.697,167.26,ns,,,"3x256x20",,,1,3,64,20,3,256,1,1,16
"dot/dot_fp32_3x64x1_1x16x1_avx512/512/1/real_time",3035420,45.724,45.5976,ns,,,"3x512x1",,,1,3,64,1,3,512,1,1,16
"dot/dot_fp32_3x64x1_1x16x1_avx512/512/2/real_time",2386268,58.703,58.5255,ns,,,"3x512x2",,,1,3,64,2,3,512,1,1,16
"dot/dot_fp32_3x64x1_1x16x1_avx512/512/4/real_time",1563334,89.5612,89.3209,ns,,,"3x512x4",,,1,3,64,4,3,512,1,1,16
"dot/dot_fp32_3x64x1_1x16x1_avx512/512/6/real_time",1161704,120.233,119.905,ns,,,"3x512x6",,,1,3,64,6,3,512,1,1,16
"dot/dot_fp32_3x64x1_1x16x1_avx512/512/8/real_time",920090,152.687,152.2,ns,,,"3x512x8",,,1,3,64,8,3,512,1,1,16
"dot/dot_fp32_4x64x1_1x16x1_avx512/64/1/real_time",11266114,12.3263,12.2918,ns,,,"4x64x1",,,1,4,64,1,4,64,1,1,16
"dot/dot_fp32_4x64x1_1x16x1_avx512/64/21/real_time",2416543,58.1059,57.9253,ns,,,"4x64x21",,,1,4,64,21,4,64,1,1,16
"dot/dot_fp32_4x64x1_1x16x1_avx512/64/43/real_time",1273678,110.891,110.283,ns,,,"4x64x43",,,1,4,64,43,4,64,1,1,16
"dot/dot_fp32_4x64x1_1x16x1_avx512/64/64/real_time",875211,159.289,158.747,ns,,,"4x64x64",,,1,4,64,64,4,64,1,1,16
"dot/dot_fp32_4x64x1_1x16x1_avx512/64/86/real_time",669082,208.828,208.171,ns,,,"4x64x86",,,1,4,64,86,4,64,1,1,16
"dot/dot_fp32_4x64x1_1x16x1_avx512/128/1/real_time",7235754,19.6175,19.5475,ns,,,"4x128x1",,,1,4,64,1,4,128,1,1,16
"dot/dot_fp32_4x64x1_1x16x1_avx512/128/10/real_time",2369877,59.0702,58.8859,ns,,,"4x128x10",,,1,4,64,10,4,128,1,1,16
"dot/dot_fp32_4x64x1_1x16x1_avx512/128/21/real_time",1296092,108.9,108.552,ns,,,"4x128x21",,,1,4,64,21,4,128,1,1,16
"dot/dot_fp32_4x64x1_1x16x1_avx512/128/31/real_time",849521,163.426,162.823,ns,,,"4x128x31",,,1,4,64,31,4,128,1,1,16
"dot/dot_fp32_4x64x1_1x16x1_avx512/128/42/real_time",652326,213.334,212.775,ns,,,"4x128x42",,,1,4,64,42,4,128,1,1,16
"dot/dot_fp32_4x64x1_1x16x1_avx512/256/1/real_time",4532545,31.1379,31.0555,ns,,,"4x256x1",,,1,4,64,1,4,256,1,1,16
"dot/dot_fp32_4x64x1_1x16x1_avx512/256/4/real_time",2388425,58.6817,58.4965,ns,,,"4x256x4",,,1,4,64,4,4,256,1,1,16
"dot/dot_fp32_4x64x1_1x16x1_avx512/256/9/real_time",1284600,108.936,108.631,ns,,,"4x256x9",,,1,4,64,9,4,256,1,1,16
"dot/dot_fp32_4x64x1_1x16x1_avx512/256/14/real_time",909808,154.089,153.632,ns,,,"4x256x14",,,1,4,64,14,4,256,1,1,16
"dot/dot_fp32_4x64x1_1x16x1_avx512/256/19/real_time",708465,197.151,196.583,ns,,,"4x256x19",,,1,4,64,19,4,256,1,1,16
"dot/dot_fp32_4x64x1_1x16x1_avx512/512/1/real_time",2477308,56.5489,56.3754,ns,,,"4x512x1",,,1,4,64,1,4,512,1,1,16
"dot/dot_fp32_4x64x1_1x16x1_avx512/512/3/real_time",1470730,95.6081,95.2892,ns,,,"4x512x3",,,1,4,64,3,4,512,1,1,16
"dot/dot_fp32_4x64x1_1x16x1_avx512/512/5/real_time",1080922,129.781,129.392,ns,,,"4x512x5",,,1,4,64,5,4,512,1,1,16
"dot/dot_fp32_4x64x1_1x16x1_avx512/512/7/real_time",786332,178.75,178.104,ns,,,"4x512x7",,,1,4,64,7,4,512,1,1,16
"dot/dot_fp32_5x64x1_1x16x1_avx512/64/1/real_time",8719447,15.5919,15.531,ns,,,"5x64x1",,,1,5,64,1,5,64,1,1,16
"dot/dot_fp32_5x64x1_1x16x1_avx512/64/21/real_time",1958443,71.6383,71.3953,ns,,,"5x64x21",,,1,5,64,21,5,64,1,1,16
"dot/dot_fp32_5x64x1_1x16x1_avx512/64/42/real_time",1045407,133.217,132.835,ns,,,"5x64x42",,,1,5,64,42,5,64,1,1,16
"dot/dot_fp32_5x64x1_1x16x1_avx512/64/63/real_time",725716,192.12,191.581,ns,,,"5x64x63",,,1,5,64,63,5,64,1,1,16
"dot/dot_fp32_5x64x1_1x16x1_avx512/64/84/real_time",558795,252.387,251.52,ns,,,"5x64x84",,,1,5,64,84,5,64,1,1,16
"dot/dot_fp32_5x64x1_1x16x1_avx512/128/1/real_time",6262994,22.246,22.1809,ns,,,"5x128x1",,,1,5,64,1,5,128,1,1,16
"dot/dot_fp32_5x64x1_1x16x1_avx512/128/10/real_time",1981197,70.6913,70.4906,ns,,,"5x128x10",,,1,5,64,10,5,128,1,1,16
"dot/dot_fp32_5x64x1_1x16x1_avx512/128/20/real_time",1102355,127.026,126.61,ns,,,"5x128x20",,,1,5,64,20,5,128,1,1,16
"dot/dot_fp32_5x64x1_1x16x1_avx512/128/30/real_time",747515,188.983,188.404,ns,,,"5x128x30",,,1,5,64,30,5,128,1,1,16
"dot/dot_fp32_5x64x1_1x16x1_avx512/128/41/real_time",560472,252.715,252.019,ns,,,"5x128x41",,,1,5,64,41,5,128,1,1,16
"dot/dot_fp32_5x64x1_1x16x1_avx512/256/1/real_time",3736210,37.226,37.1211,ns,,,"5x256x1",,,1,5,64,1,5,256,1,1,16
"dot/dot_fp32_5x64x1_1x16x1_avx512/256/4/real_time",1926150,72.6366,72.3447,ns,,,"5x256x4",,,1,5,64,4,5,256,1,1,16
"dot/dot_fp32_5x64x1_1x16x1_avx512/256/9/real_time",1119666,125.181,124.823,ns,,,"5x256x9",,,1,5,64,9,5,256,1,1,16
"dot/dot_fp32_5x64x1_1x16x1_avx512/256/13/real_time",803555,174.629,173.945,ns,,,"5x256x13",,,1,5,64,13,5,256,1,1,16
"dot/dot_fp32_5x64x1_1x16x1_avx512/256/18/real_time",628716,222.393,221.801,ns,,,"5x256x18",,,1,5,64,18,5,256,1,1,16
"dot/dot_fp32_5x64x1_1x16x1_avx512/512/1/real_time",2040246,68.7891,68.5854,ns,,,"5x512x1",,,1,5,64,1,5,512,1,1,16
"dot/dot_fp32_5x64x1_1x16x1_avx512/512/3/real_time",1211993,115.563,115.261,ns,,,"5x512x3",,,1,5,64,3,5,512,1,1,16
"dot/dot_fp32_5x64x1_1x16x1_avx512/512/4/real_time",1037265,135.083,134.661,ns,,,"5x512x4",,,1,5,64,4,5,512,1,1,16
"dot/dot_fp32_5x64x1_1x16x1_avx512/512/6/real_time",732916,191.158,190.6,ns,,,"5x512x6",,,1,5,64,6,5,512,1,1,16
"dot/dot_fp32_1x32x1_1x16x1_avx512/32/1/real_time",20722680,6.76934,6.74836,ns,,,"1x32x1",,,1,1,32,1,1,32,1,1,16
"dot/dot_fp32_1x32x1_1x16x1_avx512/32/46/real_time",4341673,32.2472,32.1435,ns,,,"1x32x46",,,1,1,32,46,1,32,1,1,16
"dot/dot_fp32_1x32x1_1x16x1_avx512/32/92/real_time",2148363,65.3341,65.1218,ns,,,"1x32x92",,,1,1,32,92,1,32,1,1,16
"dot/dot_fp32_1x32x1_1x16x1_avx512/32/138/real_time",1301367,107.585,107.268,ns,,,"1x32x138",,,1,1,32,138,1,32,1,1,16
"dot/dot_fp32_1x32x1_1x16x1_avx512/32/185/real_time",903538,154.589,154.189,ns,,,"1x32x185",,,1,1,32,185,1,32,1,1,16
"dot/dot_fp32_1x32x1_1x16x1_avx512/64/1/real_time",16381085,8.55555,8.5289,ns,,,"1x64x1",,,1,1,32,1,1,64,1,1,16
"dot/dot_fp32_1x32x1_1x16x1_avx512/64/23/real_time",4870825,28.993,28.9118,ns,,,"1x64x23",,,1,1,32,23,1,64,1,1,16
"dot/dot_fp32_1x32x1_1x16x1_avx512/64/46/real_time",2370117,58.8384,58.6862,ns,,,"1x64x46",,,1,1,32,46,1,64,1,1,16
"dot/dot_fp32_1x32x1_1x16x1_avx512/64/69/real_time",1500016,93.3477,93.0622,ns,,,"1x64x69",,,1,1,32,69,1,64,1,1,16
"dot/dot_fp32_1x32x1_1x16x1_avx512/64/93/real_time",1122150,124.716,124.357,ns,,,"1x64x93",,,1,1,32,93,1,64,1,1,16
"dot/dot_fp32_1x32x1_1x16x1_avx512/128/1/real_time",11295406,12.4136,12.3737,ns,,,"1x128x1",,,1,1,32,1,1,128,1,1,16
"dot/dot_fp32_1x32x1_1x16x1_avx512/128/11/real_time",4385836,32.017,31.9236,ns,,,"1x128x11",,,1,1,32,11,1,128,1,1,16
"dot/dot_fp32_1x32x1_1x16x1_avx512/128/23/real_time",2602118,53.8015,53.6116,ns,,,"1x128x23",,,1,1,32,23,1,128,1,1,16
"dot/dot_fp32_1x32x1_1x16x1_avx512/128/34/real_time",1743050,80.6896,80.4525,ns,,,"1x128x34",,,1,1,32,34,1,128,1,1,16
"dot/dot_fp32_1x32x1_1x16x1_avx512/128/46/real_time",1227194,112.779,112.47,ns,,,"1x128x46",,,1,1,32,46,1,128,1,1,16
"dot/dot_fp32_1x32x1_1x16x1_avx512/256/1/real_time",6793964,20.5762,20.5237,ns,,,"1x256x1",,,1,1,32,1,1,256,1,1,16
"dot/dot_fp32_1x32x1_1x16x1_avx512/256/5/real_time",3595036,38.8917,38.7748,ns,,,"1x256x5",,,1,1,32,5,1,256,1,1,16
"dot/dot_fp32_1x32x1_1x16x1_avx512/256/11/real_time",2259582,61.8324,61.6558,ns,,,"1x256x11",,,1,1,32,11,1,256,1,1,16
"dot/dot_fp32_1x32x1_1x16x1_avx512/256/16/real_time",1797356,77.8097,77.5579,ns,,,"1x256x16",,,1,1,32,16,1,256,1,1,16
"dot/dot_fp32_1x32x1_1x16x1_avx512/256/22/real_time",1383662,101.896,101.593,ns,,,"1x256x22",,,1,1,32,22,1,256,1,1,16
"dot/dot_fp32_2x32x1_1x16x1_avx512/32/1/real_time",17140551,8.17122,8.14692,ns,,,"2x32x1",,,1,2,32,1,2,32,1,1,16
"dot/dot_fp32_2x32x1_1x16x1_avx512/32/44/real_time",3045004,46.127,45.9807,ns,,,"2x32x44",,,1,2,32,44,2,32,1,1,16
"dot/dot_fp32_2x32x1_1x16x1_avx512/32/89/real_time",1510743,92.6962,92.4134,ns,,,"2x32x89",,,1,2,32,89,2,32,1,1,16
"dot/dot_fp32_2x32x1_1x16x1_avx512/32/133/real_time",1014521,137.971,137.465,ns,,,"2x32x133",,,1,2,32,133,2,32,1,1,16
"dot/dot_fp32_2x32x1_1x16x1_avx512/32/178/real_time",762162,183.617,183.053,ns,,,"2x32x178",,,1,2,32,178,2,32,1,1,16
"dot/dot_fp32_2x32x1_1x16x1_avx512/64/1/real_time",12937227,10.8096,10.778,ns,,,"2x64x1",,,1,2,32,1,2,64,1,1,16
"dot/dot_fp32_2x32x1_1x16x1_avx512/64/22/real_time",3026846,46.2527,46.0545,ns,,,"2x64x22",,,1,2,32,22,2,64,1,1,16
"dot/dot_fp32_2x32x1_1x16x1_avx512/64/45/real_time",1551163,89.5631,89.2558,ns,,,"2x64x45",,,1,2,32,45,2,64,1,1,16
"dot/dot_fp32_2x32x1_1x16x1_avx512/64/68/real_time",1022444,137.318,136.904,ns,,,"2x64x68",,,1,2,32,68,2,64,1,1,16
"dot/dot_fp32_2x32x1_1x16x1_avx512/64/91/real_time",753980,184.591,183.864,ns,,,"2x64x91",,,1,2,32,91,2,64,1,1,16
"dot/dot_fp32_2x32x1_1x16x1_avx512/128/1/real_time",8487079,16.5859,16.531,ns,,,"2x128x1",,,1,2,32,1,2,128,1,1,16
"dot/dot_fp32_2x32x1_1x16x1_avx512/128/11/real_time",2986683,46.7048,46.5236,ns,,,"2x128x11",,,1,2,32,11,2,128,1,1,16
"dot/dot_fp32_2x32x1_1x16x1_avx512/128/22/real_time",1614396,86.8137,86.5213,ns,,,"2x128x22",,,1,2,32,22,2,128,1,1,16
"dot/dot_fp32_2x32x1_1x16x1_avx512/128/33/real_time",1088039,128.163,127.663,ns,,,"2x128x33",,,1,2,32,33,2,128,1,1,16
"dot/dot_fp32_2x32x1_1x16x1_avx512/128/45/real_time",809654,171.068,170.545,ns,,,"2x128x45",,,1,2,32,45,2,128,1,1,16
"dot/dot_fp32_2x32x1_1x16x1_avx512/256/1/real_time",5135532,27.2538,27.1652,ns,,,"2x256x1",,,1,2,32,1,2,256,1,1,16
"dot/dot_fp32_2x32x1_1x16x1_avx512/256/5/real_time",2572921,54.3413,54.1793,ns,,,"2x256x5",,,1,2,32,5,2,256,1,1,16
"dot/dot_fp32_2x32x1_1x16x1_avx512/256/10/real_time",1739018,80.55,80.3118,ns,,,"2x256x10",,,1,2,32,10,2,256,1,1,16
"dot/dot_fp32_2x32x1_1x16x1_avx512/256/15/real_time",1227246,114.109,113.753,ns,,,"2x256x15",,,1,2,32,15,2,256,1,1,16
"dot/dot_fp32_2x32x1_1x16x1_avx512/256/21/real_time",904565,154.806,154.325,ns,,,"2x256x21",,,1,2,32,21,2,256,1,1,16
"dot/dot_fp32_3x32x1_1x16x1_avx512/32/1/real_time",15051669,9.30499,9.26899,ns,,,"3x32x1",,,1,3,32,1,3,32,1,1,16
"dot/dot_fp32_3x32x1_1x16x1_avx512/32/43/real_time",2473257,56.2317,56.045,ns,,,"3x32x43",,,1,3,32,43,3,32,1,1,16
"dot/dot_fp32_3x32x1_1x16x1_avx512/32/86/real_time",1329138,105.189,104.826,ns,,,"3x32x86",,,1,3,32,86,3,32,1,1,16
"dot/dot_fp32_3x32x1_1x16x1_avx512/32/129/real_time",924507,152.254,151.748,ns,,,"3x32x129",,,1,3,32,129,3,32,1,1,16
"dot/dot_fp32_3x32x1_1x16x1_avx512/32/172/real_time",702357,199.13,198.587,ns,,,"3x32x172",,,1,3,32,172,3,32,1,1,16
"dot/dot_fp32_3x32x1_1x16x1_avx512/64/1/real_time",10890196,12.8516,12.8152,ns,,,"3x64x1",,,1,3,32,1,3,64,1,1,16
"dot/dot_fp32_3x32x1_1x16x1_avx512/64/22/real_time",2552771,54.6571,54.4806,ns,,,"3x64x22",,,1,3,32,22,3,64,1,1,16
"dot/dot_fp32_3x32x1_1x16x1_avx512/64/44/real_time",1289865,108.362,107.953,ns,,,"3x64x44",,,1,3,32,44,3,64,1,1,16
"dot/dot_fp32_3x32x1_1x16x1_avx512/64/66/real_time",880439,159.138,158.526,ns,,,"3x64x66",,,1,3,32,66,3,64,1,1,16
"dot/dot_fp32_3x32x1_1x16x1_avx512/64/88/real_time",675117,209.042,208.191,ns,,,"3x64x88",,,1,3,32,88,3,64,1,1,16
"dot/dot_fp32_3x32x1_1x16x1_avx512/128/1/real_time",6819841,20.522,20.4657,ns,,,"3x128x1",,,1,3,32,1,3,128,1,1,16
"dot/dot_fp32_3x32x1_1x16x1_avx512/128/10/real_time",2521744,55.6323,55.4691,ns,,,"3x128x10",,,1,3,32,10,3,128,1,1,16
"dot/dot_fp32_3x32x1_1x16x1_avx512/128/21/real_time",1394439,100.318,100.048,ns,,,"3x128x21",,,1,3,32,21,3,128,1,1,16
"dot/dot_fp32_3x32x1_1x16x1_avx512/128/32/real_time",913936,151.461,151.036,ns,,,"3x128x32",,,1,3,32,32,3,128,1,1,16
"dot/dot_fp32_3x32x1_1x16x1_avx512/128/43/real_time",687049,204.687,204.133,ns,,,"3x128x43",,,1,3,32,43,3,128,1,1,16
"dot/dot_fp32_3x32x1_1x16x1_avx512/256/1/real_time",3978861,35.0377,34.9352,ns,,,"3x256x1",,,1,3,32,1,3,256,1,1,16
"dot/dot_fp32_3x32x1_1x16x1_avx512/256/5/real_time",2056861,68.234,68.0284,ns,,,"3x256x5",,,1,3,32,5,3,256,1,1,16
"dot/dot_fp32_3x32x1_1x16x1_avx512/256/10/real_time",1324937,105.986,105.736,ns,,,"3x256x10",,,1,3,32,10,3,256,1,1,16
"dot/dot_fp32_3x32x1_1x16x1_avx512/256/15/real_time",947476,147.451,147.05,ns,,,"3x256x15",,,1,3,32,15,3,256,1,1,16
"dot/dot_fp32_3x32x1_1x16x1_avx512/256/20/real_time",727057,191.935,191.371,ns,,,"3x256x20",,,1,3,32,20,3,256,1,1,16
"dot/dot_fp32_4x32x1_1x16x1_avx512/32/1/real_time",12908169,10.3277,10.2934,ns,,,"4x32x1",,,1,4,32,1,4,32,1,1,16
"dot/dot_fp32_4x32x1_1x16x1_avx512/32/41/real_time",2138629,65.5327,65.3584,ns,,,"4x32x41",,,1,4,32,41,4,32,1,1,16
"dot/dot_fp32_4x32x1_1x16x1_avx512/32/83/real_time",1235322,113.181,112.883,ns,,,"4x32x83",,,1,4,32,83,4,32,1,1,16
"dot/dot_fp32_4x32x1_1x16x1_avx512/32/125/real_time",842567,166.366,165.946,ns,,,"4x32x125",,,1,4,32,125,4,32,1,1,16
"dot/dot_fp32_4x32x1_1x16x1_avx512/32/167/real_time",642087,218.307,217.652,ns,,,"4x32x167",,,1,4,32,167,4,32,1,1,16
"dot/dot_fp32_4x32x1_1x16x1_avx512/64/1/real_time",9182580,15.0852,15.0393,ns,,,"4x64x1",,,1,4,32,1,4,64,1,1,16
"dot/dot_fp32_4x32x1_1x16x1_avx512/64/21/real_time",2152339,64.9561,64.7709,ns,,,"4x64x21",,,1,4,32,21,4,64,1,1,16
"dot/dot_fp32_4x32x1_1x16x1_avx512/64/43/real_time",1070381,130.929,130.578,ns,,,"4x64x43",,,1,4,32,43,4,64,1,1,16
"dot/dot_fp32_4x32x1_1x16x1_avx512/64/64/real_time",784652,178.162,177.636,ns,,,"4x64x64",,,1,4,32,64,4,64,1,1,16
"dot/dot_fp32_4x32x1_1x16x1_avx512/64/86/real_time",623937,225.003,224.41,ns,,,"4x64x86",,,1,4,32,86,4,64,1,1,16
"dot/dot_fp32_4x32x1_1x16x1_avx512/128/1/real_time",5814732,24.4656,24.4015,ns,,,"4x128x1",,,1,4,32,1,4,128,1,1,16
"dot/dot_fp32_4x32x1_1x16x1_avx512/128/10/real_time",2043440,68.3705,68.152,ns,,,"4x128x10",,,1,4,32,10,4,128,1,1,16
"dot/dot_fp32_4x32x1_1x16x1_avx512/128/21/real_time",1118436,125.266,124.89,ns,,,"4x128x21",,,1,4,32,21,4,128,1,1,16
"dot/dot_fp32_4x32x1_1x16x1_avx512/128/31/real_time",735310,190.028,189.501,ns,,,"4x128x31",,,1,4,32,31,4,128,1,1,16
"dot/dot_fp32_4x32x1_1x16x1_avx512/128/42/real_time",556426,251.631,250.83,ns,,,"4x128x42",,,1,4,32,42,4,128,1,1,16
"dot/dot_fp32_4x32x1_1x16x1_avx512/256/1/real_time",3357022,41.5234,41.3933,ns,,,"4x256x1",,,1,4,32,1,4,256,1,1,16
"dot/dot_fp32_4x32x1_1x16x1_avx512/256/4/real_time",1907117,72.5176,72.3303,ns,,,"4x256x4",,,1,4,32,4,4,256,1,1,16
"dot/dot_fp32_4x32x1_1x16x1_avx512/256/9/real_time",1131789,122.894,122.559,ns,,,"4x256x9",,,1,4,32,9,4,256,1,1,16
"dot/dot_fp32_4x32x1_1x16x1_avx512/256/14/real_time",799228,175.152,174.606,ns,,,"4x256x14",,,1,4,32,14,4,256,1,1,16
"dot/dot_fp32_4x32x1_1x16x1_avx512/256/19/real_time",619999,225.138,224.483,ns,,,"4x256x19",,,1,4,32,19,4,256,1,1,16
"dot/dot_fp32_5x32x1_1x16x1_avx512/32/1/real_time",11644396,11.6173,11.5866,ns,,,"5x32x1",,,1,5,32,1,5,32,1,1,16
"dot/dot_fp32_5x32x1_1x16x1_avx512/32/40/real_time",1929651,72.1112,71.9379,ns,,,"5x32x40",,,1,5,32,40,5,32,1,1,16
"dot/dot_fp32_5x32x1_1x16x1_avx512/32/80/real_time",1032418,135.461,135.057,ns,,,"5x32x80",,,1,5,32,80,5,32,1,1,16
"dot/dot_fp32_5x32x1_1x16x1_avx512/32/120/real_time",721736,194.403,193.858,ns,,,"5x32x120",,,1,5,32,120,5,32,1,1,16
"dot/dot_fp32_5x32x1_1x16x1_avx512/32/161/real_time",545135,256.832,256.163,ns,,,"5x32x161",,,1,5,32,161,5,32,1,1,16
"dot/dot_fp32_5x32x1_1x16x1_avx512/64/1/real_time",7987471,17.8057,17.7511,ns,,,"5x64x1",,,1,5,32,1,5,64,1,1,16
"dot/dot_fp32_5x32x1_1x16x1_avx512/64/21/real_time",1770541,79.358,79.1258,ns,,,"5x64x21",,,1,5,32,21,5,64,1,1,16
"dot/dot_fp32_5x32x1_1x16x1_avx512/64/42/real_time",975830,143.304,142.951,ns,,,"5x64x42",,,1,5,32,42,5,64,1,1,16
"dot/dot_fp32_5x32x1_1x16x1_avx512/64/63/real_time",677736,207.029,206.379,ns,,,"5x64x63",,,1,5,32,63,5,64,1,1,16
"dot/dot_fp32_5x32x1_1x16x1_avx512/64/84/real_time",511734,272.887,272.125,ns,,,"5x64x84",,,1,5,32,84,5,64,1,1,16
"dot/dot_fp32_5x32x1_1x16x1_avx512/128/1/real_time",5129727,27.5838,27.505,ns,,,"5x128x1",,,1,5,32,1,5,128,1,1,16
"dot/dot_fp32_5x32x1_1x16x1_avx512/128/10/real_time",1635774,85.1699,84.9396,ns,,,"5x128x10",,,1,5,32,10,5,128,1,1,16
"dot/dot_fp32_5x32x1_1x16x1_avx512/128/20/real_time",972870,144.025,143.623,ns,,,"5x128x20",,,1,5,32,20,5,128,1,1,16
"dot/dot_fp32_5x32x1_1x16x1_avx512/128/30/real_time",682892,206.965,206.398,ns,,,"5x128x30",,,1,5,32,30,5,128,1,1,16
"dot/dot_fp32_5x32x1_1x16x1_avx512/128/41/real_time",510476,275.597,274.757,ns,,,"5x128x41",,,1,5,32,41,5,128,1,1,16
"dot/dot_fp32_5x32x1_1x16x1_avx512/256/1/real_time",2884843,48.7175,48.5734,ns,,,"5x256x1",,,1,5,32,1,5,256,1,1,16
"dot/dot_fp32_5x32x1_1x16x1_avx512/256/4/real_time",1699688,82.2135,82.0022,ns,,,"5x256x4",,,1,5,32,4,5,256,1,1,16
"dot/dot_fp32_5x32x1_1x16x1_avx512/256/9/real_time",980481,143.07,142.668,ns,,,"5x256x9",,,1,5,32,9,5,256,1,1,16
"dot/dot_fp32_5x32x1_1x16x1_avx512/256/13/real_time",723473,193.324,192.811,ns,,,"5x256x13",,,1,5,32,13,5,256,1,1,16
"dot/dot_fp32_5x32x1_1x16x1_avx512/256/18/real_time",546895,255.848,255.201,ns,,,"5x256x18",,,1,5,32,18,5,256,1,1,16
"dot/dot_fp32_5x16x1_1x16x1_avx512/16/1/real_time",12618079,10.8437,10.8085,ns,,,"5x16x1",,,1,5,16,1,5,16,1,1,16
"dot/dot_fp32_5x16x1_1x16x1_avx512/16/72/real_time",1697846,82.3683,82.1431,ns,,,"5x16x72",,,1,5,16,72,5,16,1,1,16
"dot/dot_fp32_5x16x1_1x16x1_avx512/16/144/real_time",897872,155.881,155.457,ns,,,"5x16x144",,,1,5,16,144,5,16,1,1,16
"dot/dot_fp32_5x16x1_1x16x1_avx512/16/216/real_time",613979,227.643,227.034,ns,,,"5x16x216",,,1,5,16,216,5,16,1,1,16
"dot/dot_fp32_5x16x1_1x16x1_avx512/16/288/real_time",464610,301.476,300.604,ns,,,"5x16x288",,,1,5,16,288,5,16,1,1,16
"dot/dot_fp32_5x16x1_1x16x1_avx512/32/1/real_time",9584364,14.5977,14.5585,ns,,,"5x32x1",,,1,5,16,1,5,32,1,1,16
"dot/dot_fp32_5x16x1_1x16x1_avx512/32/40/real_time",1434055,97.0922,96.8131,ns,,,"5x32x40",,,1,5,16,40,5,32,1,1,16
"dot/dot_fp32_5x16x1_1x16x1_avx512/32/80/real_time",797607,174.698,174.28,ns,,,"5x32x80",,,1,5,16,80,5,32,1,1,16
"dot/dot_fp32_5x16x1_1x16x1_avx512/32/120/real_time",550061,254.226,253.448,ns,,,"5x32x120",,,1,5,16,120,5,32,1,1,16
"dot/dot_fp32_5x16x1_1x16x1_avx512/32/161/real_time",416653,336.129,335.041,ns,,,"5x32x161",,,1,5,16,161,5,32,1,1,16
"dot/dot_fp32_5x16x1_1x16x1_avx512/64/1/real_time",6182103,22.77,22.7023,ns,,,"5x64x1",,,1,5,16,1,5,64,1,1,16
"dot/dot_fp32_5x16x1_1x16x1_avx512/64/21/real_time",1459826,96.0113,95.706,ns,,,"5x64x21",,,1,5,16,21,5,64,1,1,16
"dot/dot_fp32_5x16x1_1x16x1_avx512/64/42/real_time",714810,193.904,193.315,ns,,,"5x64x42",,,1,5,16,42,5,64,1,1,16
"dot/dot_fp32_5x16x1_1x16x1_avx512/64/63/real_time",515136,272.192,271.477,ns,,,"5x64x63",,,1,5,16,63,5,64,1,1,16
"dot/dot_fp32_5x16x1_1x16x1_avx512/64/84/real_time",395831,353.361,352.212,ns,,,"5x64x84",,,1,5,16,84,5,64,1,1,16
"dot/dot_fp32_5x16x1_1x16x1_avx512/128/1/real_time",3730857,37.622,37.5173,ns,,,"5x128x1",,,1,5,16,1,5,128,1,1,16
"dot/dot_fp32_5x16x1_1x16x1_avx512/128/10/real_time",1375840,101.958,101.67,ns,,,"5x128x10",,,1,5,16,10,5,128,1,1,16
"dot/dot_fp32_5x16x1_1x16x1_avx512/128/20/real_time",785491,178.301,177.735,ns,,,"5x128x20",,,1,5,16,20,5,128,1,1,16
"dot/dot_fp32_5x16x1_1x16x1_avx512/128/30/real_time",509924,273.647,272.89,ns,,,"5x128x30",,,1,5,16,30,5,128,1,1,16
"dot/dot_fp32_5x16x1_1x16x1_avx512/128/41/real_time",376804,371.124,370.097,ns,,,"5x128x41",,,1,5,16,41,5,128,1,1,16
"dot/dot_fp32_1x32x2_1x8x2_avx512/32/2/real_time",17904279,7.75349,7.73297,ns,,,"1x32x2",,,2,1,32,2,1,32,2,1,8
"dot/dot_fp32_1x32x2_1x8x2_avx512/32/46/real_time",5378007,26.0715,26.0016,ns,,,"1x32x46",,,2,1,32,46,1,32,2,1,8
"dot/dot_fp32_1x32x2_1x8x2_avx512/32/92/real_time",2788539,50.145,49.9951,ns,,,"1x32x92",,,2,1,32,92,1,32,2,1,8
"dot/dot_fp32_1x32x2_1x8x2_avx512/32/138/real_time",1871187,74.8237,74.6426,ns,,,"1x32x138",,,2,1,32,138,1,32,2,1,8
"dot/dot_fp32_1x32x2_1x8x2_avx512/32/184/real_time",1438499,97.1706,96.9118,ns,,,"1x32x184",,,2,1,32,184,1,32,2,1,8
"dot/dot_fp32_1x32x2_1x8x2_avx512/64/2/real_time",13153921,10.6361,10.605,ns,,,"1x64x2",,,2,1,32,2,1,64,2,1,8
"dot/dot_fp32_1x32x2_1x8x2_avx512/64/22/real_time",5005540,27.8791,27.8082,ns,,,"1x64x22",,,2,1,32,22,1,64,2,1,8
"dot/dot_fp32_1x32x2_1x8x2_avx512/64/46/real_time",2899093,48.2863,48.1642,ns,,,"1x64x46",,,2,1,32,46,1,64,2,1,8
"dot/dot_fp32_1x32x2_1x8x2_avx512/64/68/real_time",1915348,72.9518,72.7525,ns,,,"1x64x68",,,2,1,32,68,1,64,2,1,8
"dot/dot_fp32_1x32x2_1x8x2_avx512/64/92/real_time",1476338,94.5509,94.3072,ns,,,"1x64x92",,,2,1,32,92,1,64,2,1,8
"dot/dot_fp32_1x32x2_1x8x2_avx512/128/2/real_time",8375016,16.7589,16.7116,ns,,,"1x128x2",,,2,1,32,2,1,128,2,1,8
"dot/dot_fp32_1x32x2_1x8x2_avx512/128/10/real_time",4746531,29.4242,29.3434,ns,,,"1x128x10",,,2,1,32,10,1,128,2,1,8
"dot/dot_fp32_1x32x2_1x8x2_avx512/128/22/real_time",2764746,50.604,50.4729,ns,,,"1x128x22",,,2,1,32,22,1,128,2,1,8
"dot/dot_fp32_1x32x2_1x8x2_avx512/128/34/real_time",1945489,71.868,71.6716,ns,,,"1x128x34",,,2,1,32,34,1,128,2,1,8
"dot/dot_fp32_1x32x2_1x8x2_avx512/128/46/real_time",1514558,92.5149,92.2492,ns,,,"1x128x46",,,2,1,32,46,1,128,2,1,8
"dot/dot_fp32_1x32x2_1x8x2_avx512/256/2/real_time",5009221,28.033,27.9523,ns,,,"1x256x2",,,2,1,32,2,1,256,2,1,8
"dot/dot_fp32_1x32x2_1x8x2_avx512/256/4/real_time",4058497,34.4813,34.3748,ns,,,"1x256x4",,,2,1,32,4,1,256,2,1,8
"dot/dot_fp32_1x32x2_1x8x2_avx512/256/10/real_time",2514594,55.7971,55.6496,ns,,,"1x256x10",,,2,1,32,10,1,256,2,1,8
"dot/dot_fp32_1x32x2_1x8x2_avx512/256/16/real_time",1828278,76.3607,76.1674,ns,,,"1x256x16",,,2,1,32,16,1,256,2,1,8
"dot/dot_fp32_1x32x2_1x8x2_avx512/256/22/real_time",1453974,96.305,96.0704,ns,,,"1x256x22",,,2,1,32,22,1,256,2,1,8
"dot/dot_fp32_2x32x2_1x8x2_avx512/32/2/real_time",13457120,10.3988,10.3683,ns,,,"2x32x2",,,2,2,32,2,2,32,2,1,8
"dot/dot_fp32_2x32x2_1x8x2_avx512/32/44/real_time",3689910,37.9416,37.8403,ns,,,"2x32x44",,,2,2,32,44,2,32,2,1,8
"dot/dot_fp32_2x32x2_1x8x2_avx512/32/88/real_time",2031343,68.946,68.7633,ns,,,"2x32x88",,,2,2,32,88,2,32,2,1,8
"dot/dot_fp32_2x32x2_1x8x2_avx512/32/132/real_time",1427620,98.0344,97.7735,ns,,,"2x32x132",,,2,2,32,132,2,32,2,1,8
"dot/dot_fp32_2x32x2_1x8x2_avx512/32/178/real_time",1091799,128.977,128.606,ns,,,"2x32x178",,,2,2,32,178,2,32,2,1,8
"dot/dot_fp32_2x32x2_1x8x2_avx512/64/2/real_time",9051201,15.5531,15.505,ns,,,"2x64x2",,,2,2,32,2,2,64,2,1,8
"dot/dot_fp32_2x32x2_1x8x2_avx512/64/22/real_time",3249578,42.6908,42.5766,ns,,,"2x64x22",,,2,2,32,22,2,64,2,1,8
"dot/dot_fp32_2x32x2_1x8x2_avx512/64/44/real_time",1948764,71.8702,71.6769,ns,,,"2x64x44",,,2,2,32,44,2,64,2,1,8
"dot/dot_fp32_2x32x2_1x8x2_avx512/64/66/real_time",1357823,103.474,103.177,ns,,,"2x64x66",,,2,2,32,66,2,64,2,1,8
"dot/dot_fp32_2x32x2_1x8x2_avx512/64/90/real_time",1038363,134.93,134.551,ns,,,"2x64x90",,,2,2,32,90,2,64,2,1,8
"dot/dot_fp32_2x32x2_1x8x2_avx512/128/2/real_time",5787440,24.2925,24.2329,ns,,,"2x128x2",,,2,2,32,2,2,128,2,1,8
"dot/dot_fp32_2x32x2_1x8x2_avx512/128/10/real_time",3065174,45.7169,45.5908,ns,,,"2x128x10",,,2,2,32,10,2,128,2,1,8
"dot/dot_fp32_2x32x2_1x8x2_avx512/128/22/real_time",1765182,79.1528,78.9408,ns,,,"2x128x22",,,2,2,32,22,2,128,2,1,8
"dot/dot_fp32_2x32x2_1x8x2_avx512/128/32/real_time",1300343,107.889,107.571,ns,,,"2x128x32",,,2,2,32,32,2,128,2,1,8
"dot/dot_fp32_2x32x2_1x8x2_avx512/128/44/real_time",994205,140.513,140.096,ns,,,"2x128x44",,,2,2,32,44,2,128,2,1,8
"dot/dot_fp32_2x32x2_1x8x2_avx512/256/2/real_time",3134416,44.422,44.3055,ns,,,"2x256x2",,,2,2,32,2,2,256,2,1,8
"dot/dot_fp32_2x32x2_1x8x2_avx512/256/4/real_time",2531752,55.335,55.1882,ns,,,"2x256x4",,,2,2,32,4,2,256,2,1,8
"dot/dot_fp32_2x32x2_1x8x2_avx512/256/10/real_time",1579605,88.5161,88.2842,ns,,,"2x256x10",,,2,2,32,10,2,256,2,1,8
"dot/dot_fp32_2x32x2_1x8x2_avx512/256/14/real_time",1257583,111.224,110.902,ns,,,"2x256x14",,,2,2,32,14,2,256,2,1,8
"dot/dot_fp32_2x32x2_1x8x2_avx512/256/20/real_time",976029,143.433,143.008,ns,,,"2x256x20",,,2,2,32,20,2,256,2,1,8
"dot/dot_fp32_3x32x2_1x8x2_avx512/32/2/real_time",11145544,12.5111,12.4784,ns,,,"3x32x2",,,2,3,32,2,3,32,2,1,8
"dot/dot_fp32_3x32x2_1x8x2_avx512/32/42/real_time",2934648,47.7073,47.585,ns,,,"3x32x42",,,2,3,32,42,3,32,2,1,8
"dot/dot_fp32_3x32x2_1x8x2_avx512/32/86/real_time",1569178,89.1715,88.9363,ns,,,"3x32x86",,,2,3,32,86,3,32,2,1,8
"dot/dot_fp32_3x32x2_1x8x2_avx512/32/128/real_time",1095215,127.045,126.715,ns,,,"3x32x128",,,2,3,32,128,3,32,2,1,8
"dot/dot_fp32_3x32x2_1x8x2_avx512/32/172/real_time",847581,165.377,164.955,ns,,,"3x32x172",,,2,3,32,172,3,32,2,1,8
"dot/dot_fp32_3x32x2_1x8x2_avx512/64/2/real_time",7453298,18.7836,18.7283,ns,,,"3x64x2",,,2,3,32,2,3,64,2,1,8
"dot/dot_fp32_3x32x2_1x8x2_avx512/64/22/real_time",2543958,55.03,54.8547,ns,,,"3x64x22",,,2,3,32,22,3,64,2,1,8
"dot/dot_fp32_3x32x2_1x8x2_avx512/64/44/real_time",1467515,95.3979,95.1292,ns,,,"3x64x44",,,2,3,32,44,3,64,2,1,8
"dot/dot_fp32_3x32x2_1x8x2_avx512/64/66/real_time",1016726,137.105,136.668,ns,,,"3x64x66",,,2,3,32,66,3,64,2,1,8
"dot/dot_fp32_3x32x2_1x8x2_avx512/64/88/real_time",797477,175.557,175.105,ns,,,"3x64x88",,,2,3,32,88,3,64,2,1,8
"dot/dot_fp32_3x32x2_1x8x2_avx512/128/2/real_time",4296299,32.4374,32.3313,ns,,,"3x128x2",,,2,3,32,2,3,128,2,1,8
"dot/dot_fp32_3x32x2_1x8x2_avx512/128/10/real_time",2282302,61.4127,61.2531,ns,,,"3x128x10",,,2,3,32,10,3,128,2,1,8
"dot/dot_fp32_3x32x2_1x8x2_avx512/128/20/real_time",1431217,97.8947,97.5938,ns,,,"3x128x20",,,2,3,32,20,3,128,2,1,8
"dot/dot_fp32_3x32x2_1x8x2_avx512/128/30/real_time",1042671,134.272,133.939,ns,,,"3x128x30",,,2,3,32,30,3,128,2,1,8
"dot/dot_fp32_3x32x2_1x8x2_avx512/128/42/real_time",787346,177.226,176.809,ns,,,"3x128x42",,,2,3,32,42,3,128,2,1,8
"dot/dot_fp32_3x32x2_1x8x2_avx512/256/2/real_time",2306871,60.3502,60.1627,ns,,,"3x256x2",,,2,3,32,2,3,256,2,1,8
"dot/dot_fp32_3x32x2_1x8x2_avx512/256/4/real_time",1879982,74.596,74.37,ns,,,"3x256x4",,,2,3,32,4,3,256,2,1,8
"dot/dot_fp32_3x32x2_1x8x2_avx512/256/10/real_time",1185705,118.653,118.33,ns,,,"3x256x10",,,2,3,32,10,3,256,2,1,8
"dot/dot_fp32_3x32x2_1x8x2_avx512/256/14/real_time",946657,147.14,146.678,ns,,,"3x256x14",,,2,3,32,14,3,256,2,1,8
"dot/dot_fp32_3x32x2_1x8x2_avx512/256/20/real_time",727849,191.802,191.275,ns,,,"3x256x20",,,2,3,32,20,3,256,2,1,8
"dot/dot_fp32_4x32x2_1x8x2_avx512/32/2/real_time",9226583,15.2995,15.2526,ns,,,"4x32x2",,,2,4,32,2,4,32,2,1,8
"dot/dot_fp32_4x32x2_1x8x2_avx512/32/40/real_time",2461547,56.8631,56.6944,ns,,,"4x32x40",,,2,4,32,40,4,32,2,1,8
"dot/dot_fp32_4x32x2_1x8x2_avx512/32/82/real_time",1294212,107.145,106.802,ns,,,"4x32x82",,,2,4,32,82,4,32,2,1,8
"dot/dot_fp32_4x32x2_1x8x2_avx512/32/124/real_time",908374,154.347,153.947,ns,,,"4x32x124",,,2,4,32,124,4,32,2,1,8
"dot/dot_fp32_4x32x2_1x8x2_avx512/32/166/real_time",700662,201.997,201.438,ns,,,"4x32x166",,,2,4,32,166,4,32,2,1,8
"dot/dot_fp32_4x32x2_1x8x2_avx512/64/2/real_time",5900547,23.6371,23.5659,ns,,,"4x64x2",,,2,4,32,2,4,64,2,1,8
"dot/dot_fp32_4x32x2_1x8x2_avx512/64/20/real_time",2219772,62.9501,62.7845,ns,,,"4x64x20",,,2,4,32,20,4,64,2,1,8
"dot/dot_fp32_4x32x2_1x8x2_avx512/64/42/real_time",1246562,112.351,112.035,ns,,,"4x64x42",,,2,4,32,42,4,64,2,1,8
"dot/dot_fp32_4x32x2_1x8x2_avx512/64/64/real_time",830850,168.32,167.74,ns,,,"4x64x64",,,2,4,32,64,4,64,2,1,8
"dot/dot_fp32_4x32x2_1x8x2_avx512/64/86/real_time",652464,215.176,214.377,ns,,,"4x64x86",,,2,4,32,86,4,64,2,1,8
"dot/dot_fp32_4x32x2_1x8x2_avx512/128/2/real_time",3340340,41.711,41.5732,ns,,,"4x128x2",,,2,4,32,2,4,128,2,1,8
"dot/dot_fp32_4x32x2_1x8x2_avx512/128/10/real_time",1838605,76.0947,75.8452,ns,,,"4x128x10",,,2,4,32,10,4,128,2,1,8
"dot/dot_fp32_4x32x2_1x8x2_avx512/128/20/real_time",1152621,120.168,119.581,ns,,,"4x128x20",,,2,4,32,20,4,128,2,1,8
"dot/dot_fp32_4x32x2_1x8x2_avx512/128/30/real_time",844757,165.658,165.007,ns,,,"4x128x30",,,2,4,32,30,4,128,2,1,8
"dot/dot_fp32_4x32x2_1x8x2_avx512/128/42/real_time",638183,219.664,218.916,ns,,,"4x128x42",,,2,4,32,42,4,128,2,1,8
"dot/dot_fp32_4x32x2_1x8x2_avx512/256/2/real_time",1823739,76.5836,76.3325,ns,,,"4x256x2",,,2,4,32,2,4,256,2,1,8
"dot/dot_fp32_4x32x2_1x8x2_avx512/256/4/real_time",1517987,92.3451,92.0162,ns,,,"4x256x4",,,2,4,32,4,4,256,2,1,8
"dot/dot_fp32_4x32x2_1x8x2_avx512/256/8/real_time",1064033,131.162,130.678,ns,,,"4x256x8",,,2,4,32,8,4,256,2,1,8
"dot/dot_fp32_4x32x2_1x8x2_avx512/256/12/real_time",847382,165.469,164.898,ns,,,"4x256x12",,,2,4,32,12,4,256,2,1,8
"dot/dot_fp32_4x32x2_1x8x2_avx512/256/18/real_time",644011,217.425,216.727,ns,,,"4x256x18",,,2,4,32,18,4,256,2,1,8
"dot/dot_fp32_5x32x2_1x8x2_avx512/32/2/real_time",8609107,16.2763,16.2214,ns,,,"5x32x2",,,2,5,32,2,5,32,2,1,8
"dot/dot_fp32_5x32x2_1x8x2_avx512/32/40/real_time",2050180,68.2495,68.0349,ns,,,"5x32x40",,,2,5,32,40,5,32,2,1,8
"dot/dot_fp32_5x32x2_1x8x2_avx512/32/80/real_time",1072561,129.894,129.542,ns,,,"5x32x80",,,2,5,32,80,5,32,2,1,8
"dot/dot_fp32_5x32x2_1x8x2_avx512/32/120/real_time",757332,186.601,185.832,ns,,,"5x32x120",,,2,5,32,120,5,32,2,1,8
"dot/dot_fp32_5x32x2_1x8x2_avx512/32/160/real_time",573692,245.924,245.111,ns,,,"5x32x160",,,2,5,32,160,5,32,2,1,8
"dot/dot_fp32_5x32x2_1x8x2_avx512/64/2/real_time",4861782,28.9328,28.7949,ns,,,"5x64x2",,,2,5,32,2,5,64,2,1,8
"dot/dot_fp32_5x32x2_1x8x2_avx512/64/20/real_time",1869901,75.0355,74.817,ns,,,"5x64x20",,,2,5,32,20,5,64,2,1,8
"dot/dot_fp32_5x32x2_1x8x2_avx512/64/42/real_time",1010328,137.482,137.118,ns,,,"5x64x42",,,2,5,32,42,5,64,2,1,8
"dot/dot_fp32_5x32x2_1x8x2_avx512/64/62/real_time",702180,199.574,198.85,ns,,,"5x64x62",,,2,5,32,62,5,64,2,1,8
"dot/dot_fp32_5x32x2_1x8x2_avx512/64/84/real_time",541722,263.222,262.464,ns,,,"5x64x84",,,2,5,32,84,5,64,2,1,8
"dot/dot_fp32_5x32x2_1x8x2_avx512/128/2/real_time",2916458,48.0105,47.8372,ns,,,"5x128x2",,,2,5,32,2,5,128,2,1,8
"dot/dot_fp32_5x32x2_1x8x2_avx512/128/10/real_time",1519030,92.0148,91.7025,ns,,,"5x128x10",,,2,5,32,10,5,128,2,1,8
"dot/dot_fp32_5x32x2_1x8x2_avx512/128/20/real_time",949801,147.93,147.402,ns,,,"5x128x20",,,2,5,32,20,5,128,2,1,8
"dot/dot_fp32_5x32x2_1x8x2_avx512/128/30/real_time",687313,203.588,202.965,ns,,,"5x128x30",,,2,5,32,30,5,128,2,1,8
"dot/dot_fp32_5x32x2_1x8x2_avx512/128/40/real_time",538650,260.908,260.017,ns,,,"5x128x40",,,2,5,32,40,5,128,2,1,8
"dot/dot_fp32_5x32x2_1x8x2_avx512/256/2/real_time",1555110,90.0552,89.7198,ns,,,"5x256x2",,,2,5,32,2,5,256,2,1,8
"dot/dot_fp32_5x32x2_1x8x2_avx512/256/4/real_time",1288540,108.747,108.446,ns,,,"5x256x4",,,2,5,32,4,5,256,2,1,8
"dot/dot_fp32_5x32x2_1x8x2_avx512/256/8/real_time",888104,157.366,156.916,ns,,,"5x256x8",,,2,5,32,8,5,256,2,1,8
"dot/dot_fp32_5x32x2_1x8x2_avx512/256/12/real_time",697327,200.423,199.761,ns,,,"5x256x12",,,2,5,32,12,5,256,2,1,8
"dot/dot_fp32_5x32x2_1x8x2_avx512/256/18/real_time",524467,267.158,266.379,ns,,,"5x256x18",,,2,5,32,18,5,256,2,1,8
"dot/dot_fp32_1x16x2_1x8x2_avx512/16/2/real_time",20393392,6.87301,6.85341,ns,,,"1x16x2",,,2,1,16,2,1,16,2,1,8
"dot/dot_fp32_1x16x2_1x8x2_avx512/16/90/real_time",4317855,32.5015,32.3768,ns,,,"1x16x90",,,2,1,16,90,1,16,2,1,8
"dot/dot_fp32_1x16x2_1x8x2_avx512/16/180/real_time",2147839,65.2327,64.9685,ns,,,"1x16x180",,,2,1,16,180,1,16,2,1,8
"dot/dot_fp32_1x16x2_1x8x2_avx512/16/270/real_time",1321717,105.633,105.132,ns,,,"1x16x270",,,2,1,16,270,1,16,2,1,8
"dot/dot_fp32_1x16x2_1x8x2_avx512/16/360/real_time",926969,150.951,150.285,ns,,,"1x16x360",,,2,1,16,360,1,16,2,1,8
"dot/dot_fp32_1x16x2_1x8x2_avx512/32/2/real_time",15388181,9.08663,9.05691,ns,,,"1x32x2",,,2,1,16,2,1,32,2,1,8
"dot/dot_fp32_1x16x2_1x8x2_avx512/32/46/real_time",4133838,33.7938,33.637,ns,,,"1x32x46",,,2,1,16,46,1,32,2,1,8
"dot/dot_fp32_1x16x2_1x8x2_avx512/32/92/real_time",2267918,61.5241,61.274,ns,,,"1x32x92",,,2,1,16,92,1,32,2,1,8
"dot/dot_fp32_1x16x2_1x8x2_avx512/32/138/real_time",1472972,94.9948,94.7055,ns,,,"1x32x138",,,2,1,16,138,1,32,2,1,8
"dot/dot_fp32_1x16x2_1x8x2_avx512/32/184/real_time",1106588,126.598,126.188,ns,,,"1x32x184",,,2,1,16,184,1,32,2,1,8
"dot/dot_fp32_1x16x2_1x8x2_avx512/64/2/real_time",10426587,13.4855,13.4338,ns,,,"1x64x2",,,2,1,16,2,1,64,2,1,8
"dot/dot_fp32_1x16x2_1x8x2_avx512/64/22/real_time",4121364,34.2151,34.1106,ns,,,"1x64x22",,,2,1,16,22,1,64,2,1,8
"dot/dot_fp32_1x16x2_1x8x2_avx512/64/46/real_time",2314675,59.0938,58.9327,ns,,,"1x64x46",,,2,1,16,46,1,64,2,1,8
"dot/dot_fp32_1x16x2_1x8x2_avx512/64/68/real_time",1575072,88.8338,88.5864,ns,,,"1x64x68",,,2,1,16,68,1,64,2,1,8
"dot/dot_fp32_1x16x2_1x8x2_avx512/64/92/real_time",1170080,118.987,118.625,ns,,,"1x64x92",,,2,1,16,92,1,64,2,1,8
"dot/dot_fp32_1x16x2_1x8x2_avx512/128/2/real_time",6320091,22.2001,22.1409,ns,,,"1x128x2",,,2,1,16,2,1,128,2,1,8
"dot/dot_fp32_1x16x2_1x8x2_avx512/128/10/real_time",3341689,42.3722,42.247,ns,,,"1x128x10",,,2,1,16,10,1,128,2,1,8
"dot/dot_fp32_1x16x2_1x8x2_avx512/128/22/real_time",2262062,63.0802,62.8959,ns,,,"1x128x22",,,2,1,16,22,1,128,2,1,8
"dot/dot_fp32_1x16x2_1x8x2_avx512/128/34/real_time",1552642,89.4369,89.1786,ns,,,"1x128x34",,,2,1,16,34,1,128,2,1,8
"dot/dot_fp32_1x16x2_1x8x2_avx512/128/46/real_time",1193982,117.419,117.064,ns,,,"1x128x46",,,2,1,16,46,1,128,2,1,8
"dot/dot_fp32_4x16x2_1x8x2_avx512/16/2/real_time",11443011,12.0289,11.9954,ns,,,"4x16x2",,,2,4,16,2,4,16,2,1,8
"dot/dot_fp32_4x16x2_1x8x2_avx512/16/76/real_time",2388499,58.9462,58.7807,ns,,,"4x16x76",,,2,4,16,76,4,16,2,1,8
"dot/dot_fp32_4x16x2_1x8x2_avx512/16/152/real_time",1315477,106.881,106.461,ns,,,"4x16x152",,,2,4,16,152,4,16,2,1,8
"dot/dot_fp32_4x16x2_1x8x2_avx512/16/228/real_time",915958,152.987,152.585,ns,,,"4x16x228",,,2,4,16,228,4,16,2,1,8
"dot/dot_fp32_4x16x2_1x8x2_avx512/16/304/real_time",676862,207.031,206.513,ns,,,"4x16x304",,,2,4,16,304,4,16,2,1,8
"dot/dot_fp32_4x16x2_1x8x2_avx512/32/2/real_time",8094161,17.2272,17.1754,ns,,,"4x32x2",,,2,4,16,2,4,32,2,1,8
"dot/dot_fp32_4x16x2_1x8x2_avx512/32/40/real_time",2123403,65.8954,65.7155,ns,,,"4x32x40",,,2,4,16,40,4,32,2,1,8
"dot/dot_fp32_4x16x2_1x8x2_avx512/32/82/real_time",1163301,120.482,120.159,ns,,,"4x32x82",,,2,4,16,82,4,32,2,1,8
"dot/dot_fp32_4x16x2_1x8x2_avx512/32/124/real_time",809589,172.373,171.864,ns,,,"4x32x124",,,2,4,16,124,4,32,2,1,8
"dot/dot_fp32_4x16x2_1x8x2_avx512/32/166/real_time",621787,225.387,224.719,ns,,,"4x32x166",,,2,4,16,166,4,32,2,1,8
"dot/dot_fp32_4x16x2_1x8x2_avx512/64/2/real_time",4840162,29.0238,28.9388,ns,,,"4x64x2",,,2,4,16,2,4,64,2,1,8
"dot/dot_fp32_4x16x2_1x8x2_avx512/64/20/real_time",1908901,73.3317,73.0368,ns,,,"4x64x20",,,2,4,16,20,4,64,2,1,8
"dot/dot_fp32_4x16x2_1x8x2_avx512/64/42/real_time",1079244,130.018,129.652,ns,,,"4x64x42",,,2,4,16,42,4,64,2,1,8
"dot/dot_fp32_4x16x2_1x8x2_avx512/64/64/real_time",725168,193.442,192.796,ns,,,"4x64x64",,,2,4,16,64,4,64,2,1,8
"dot/dot_fp32_4x16x2_1x8x2_avx512/64/86/real_time",569853,244.635,243.657,ns,,,"4x64x86",,,2,4,16,86,4,64,2,1,8
"dot/dot_fp32_4x16x2_1x8x2_avx512/128/2/real_time",2845994,49.0585,48.8614,ns,,,"4x128x2",,,2,4,16,2,4,128,2,1,8
"dot/dot_fp32_4x16x2_1x8x2_avx512/128/10/real_time",1555602,90.4812,90.1555,ns,,,"4x128x10",,,2,4,16,10,4,128,2,1,8
"dot/dot_fp32_4x16x2_1x8x2_avx512/128/20/real_time",981307,142.892,142.477,ns,,,"4x128x20",,,2,4,16,20,4,128,2,1,8
"dot/dot_fp32_4x16x2_1x8x2_avx512/128/30/real_time",717391,194.815,194.02,ns,,,"4x128x30",,,2,4,16,30,4,128,2,1,8
"dot/dot_fp32_4x16x2_1x8x2_avx512/128/42/real_time",549700,255.349,254.294,ns,,,"4x128x42",,,2,4,16,42,4,128,2,1,8
"dot/dot_fp32_4x8x2_1x8x2_avx512/8/2/real_time",13858394,9.83742,9.79801,ns,,,"4x8x2",,,2,4,8,2,4,8,2,1,8
"dot/dot_fp32_4x8x2_1x8x2_avx512/8/126/real_time",1995783,69.8111,69.5789,ns,,,"4x8x126",,,2,4,8,126,4,8,2,1,8
"dot/dot_fp32_4x8x2_1x8x2_avx512/8/254/real_time",1044679,133.968,133.435,ns,,,"4x8x254",,,2,4,8,254,4,8,2,1,8
"dot/dot_fp32_4x8x2_1x8x2_avx512/8/380/real_time",709904,197.413,196.764,ns,,,"4x8x380",,,2,4,8,380,4,8,2,1,8
"dot/dot_fp32_4x8x2_1x8x2_avx512/8/508/real_time",535259,261.596,260.826,ns,,,"4x8x508",,,2,4,8,508,4,8,2,1,8
"dot/dot_fp32_4x8x2_1x8x2_avx512/16/2/real_time",9730345,14.4049,14.3529,ns,,,"4x16x2",,,2,4,8,2,4,16,2,1,8
"dot/dot_fp32_4x8x2_1x8x2_avx512/16/76/real_time",1730398,80.6401,80.3619,ns,,,"4x16x76",,,2,4,8,76,4,16,2,1,8
"dot/dot_fp32_4x8x2_1x8x2_avx512/16/152/real_time",882356,158.564,158.111,ns,,,"4x16x152",,,2,4,8,152,4,16,2,1,8
"dot/dot_fp32_4x8x2_1x8x2_avx512/16/228/real_time",595851,234.613,233.763,ns,,,"4x16x228",,,2,4,8,228,4,16,2,1,8
"dot/dot_fp32_4x8x2_1x8x2_avx512/16/304/real_time",448720,311.933,310.998,ns,,,"4x16x304",,,2,4,8,304,4,16,2,1,8
"dot/dot_fp32_4x8x2_1x8x2_avx512/32/2/real_time",6217809,22.4653,22.403,ns,,,"4x32x2",,,2,4,8,2,4,32,2,1,8
"dot/dot_fp32_4x8x2_1x8x2_avx512/32/40/real_time",1573429,88.8551,88.5602,ns,,,"4x32x40",,,2,4,8,40,4,32,2,1,8
"dot/dot_fp32_4x8x2_1x8x2_avx512/32/82/real_time",822223,170.271,169.786,ns,,,"4x32x82",,,2,4,8,82,4,32,2,1,8
"dot/dot_fp32_4x8x2_1x8x2_avx512/32/124/real_time",548664,254.374,253.557,ns,,,"4x32x124",,,2,4,8,124,4,32,2,1,8
"dot/dot_fp32_4x8x2_1x8x2_avx512/32/166/real_time",411545,338.953,337.902,ns,,,"4x32x166",,,2,4,8,166,4,32,2,1,8
"dot/dot_fp32_4x8x2_1x8x2_avx512/64/2/real_time",3598917,39.2574,39.1338,ns,,,"4x64x2",,,2,4,8,2,4,64,2,1,8
"dot/dot_fp32_4x8x2_1x8x2_avx512/64/20/real_time",1509191,92.1038,91.7931,ns,,,"4x64x20",,,2,4,8,20,4,64,2,1,8
"dot/dot_fp32_4x8x2_1x8x2_avx512/64/42/real_time",784658,178.521,177.945,ns,,,"4x64x42",,,2,4,8,42,4,64,2,1,8
"dot/dot_fp32_4x8x2_1x8x2_avx512/64/64/real_time",518596,268.662,267.613,ns,,,"4x64x64",,,2,4,8,64,4,64,2,1,8
"dot/dot_fp32_4x8x2_1x8x2_avx512/64/86/real_time",396325,353.355,352.152,ns,,,"4x64x86",,,2,4,8,86,4,64,2,1,8
"dot/dot_fp32_8x8x2_1x8x2_avx512/8/2/real_time",10300994,13.4131,13.3752,ns,,,"8x8x2",,,2,8,8,2,8,8,2,1,8
"dot/dot_fp32_8x8x2_1x8x2_avx512/8/94/real_time",1845061,75.6203,75.385,ns,,,"8x8x94",,,2,8,8,94,8,8,2,1,8
"dot/dot_fp32_8x8x2_1x8x2_avx512/8/190/real_time",981429,142.433,141.974,ns,,,"8x8x190",,,2,8,8,190,8,8,2,1,8
"dot/dot_fp32_8x8x2_1x8x2_avx512/8/284/real_time",673282,208.41,207.798,ns,,,"8x8x284",,,2,8,8,284,8,8,2,1,8
"dot/dot_fp32_8x8x2_1x8x2_avx512/8/380/real_time",514215,272.876,272.118,ns,,,"8x8x380",,,2,8,8,380,8,8,2,1,8
"dot/dot_fp32_8x8x2_1x8x2_avx512/16/2/real_time",7437133,18.8191,18.7511,ns,,,"8x16x2",,,2,8,8,2,8,16,2,1,8
"dot/dot_fp32_8x8x2_1x8x2_avx512/16/62/real_time",1390245,99.6829,99.3754,ns,,,"8x16x62",,,2,8,8,62,8,16,2,1,8
"dot/dot_fp32_8x8x2_1x8x2_avx512/16/124/real_time",746396,187.408,186.857,ns,,,"8x16x124",,,2,8,8,124,8,16,2,1,8
"dot/dot_fp32_8x8x2_1x8x2_avx512/16/186/real_time",515839,272.221,271.28,ns,,,"8x16x186",,,2,8,8,186,8,16,2,1,8
"dot/dot_fp32_8x8x2_1x8x2_avx512/16/250/real_time",387809,359.37,358.31,ns,,,"8x16x250",,,2,8,8,250,8,16,2,1,8
"dot/dot_fp32_8x8x2_1x8x2_avx512/32/2/real_time",4666763,29.9898,29.8988,ns,,,"8x32x2",,,2,8,8,2,8,32,2,1,8
"dot/dot_fp32_8x8x2_1x8x2_avx512/32/36/real_time",1172770,119.937,119.53,ns,,,"8x32x36",,,2,8,8,36,8,32,2,1,8
"dot/dot_fp32_8x8x2_1x8x2_avx512/32/72/real_time",616850,226.05,225.406,ns,,,"8x32x72",,,2,8,8,72,8,32,2,1,8
"dot/dot_fp32_8x8x2_1x8x2_avx512/32/108/real_time",431012,322.983,322.045,ns,,,"8x32x108",,,2,8,8,108,8,32,2,1,8
"dot/dot_fp32_8x8x2_1x8x2_avx512/32/146/real_time",325539,431.963,430.536,ns,,,"8x32x146",,,2,8,8,146,8,32,2,1,8
"dot/dot_fp32_8x8x2_1x8x2_avx512/64/2/real_time",2631401,53.1298,52.9867,ns,,,"8x64x2",,,2,8,8,2,8,64,2,1,8
"dot/dot_fp32_8x8x2_1x8x2_avx512/64/18/real_time",995393,140.106,139.739,ns,,,"8x64x18",,,2,8,8,18,8,64,2,1,8
"dot/dot_fp32_8x8x2_1x8x2_avx512/64/38/real_time",574514,244.238,243.349,ns,,,"8x64x38",,,2,8,8,38,8,64,2,1,8
"dot/dot_fp32_8x8x2_1x8x2_avx512/64/58/real_time",381336,367.605,366.428,ns,,,"8x64x58",,,2,8,8,58,8,64,2,1,8
"dot/dot_fp32_8x8x2_1x8x2_avx512/64/78/real_time",295271,479.015,477.54,ns,,,"8x64x78",,,2,8,8,78,8,64,2,1,8
"dot/dot_fp32_1x32x4_1x4x4_avx512/32/4/real_time",14664395,9.53558,9.50058,ns,,,"1x32x4",,,4,1,32,4,1,32,4,1,4
"dot/dot_fp32_1x32x4_1x4x4_avx512/32/44/real_time",5261797,26.5925,26.5151,ns,,,"1x32x44",,,4,1,32,44,1,32,4,1,4
"dot/dot_fp32_1x32x4_1x4x4_avx512/32/92/real_time",3173667,44.0864,43.9476,ns,,,"1x32x92",,,4,1,32,92,1,32,4,1,4
"dot/dot_fp32_1x32x4_1x4x4_avx512/32/136/real_time",2263725,61.8525,61.68,ns,,,"1x32x136",,,4,1,32,136,1,32,4,1,4
"dot/dot_fp32_1x32x4_1x4x4_avx512/32/184/real_time",1739321,80.5203,80.2951,ns,,,"1x32x184",,,4,1,32,184,1,32,4,1,4
"dot/dot_fp32_1x32x4_1x4x4_avx512/64/4/real_time",9543806,14.7961,14.7536,ns,,,"1x64x4",,,4,1,32,4,1,64,4,1,4
"dot/dot_fp32_1x32x4_1x4x4_avx512/64/20/real_time",5121783,27.2731,27.2005,ns,,,"1x64x20",,,4,1,32,20,1,64,4,1,4
"dot/dot_fp32_1x32x4_1x4x4_avx512/64/44/real_time",3037208,46.1582,46.034,ns,,,"1x64x44",,,4,1,32,44,1,64,4,1,4
"dot/dot_fp32_1x32x4_1x4x4_avx512/64/68/real_time",2129853,65.5678,65.3926,ns,,,"1x64x68",,,4,1,32,68,1,64,4,1,4
"dot/dot_fp32_1x32x4_1x4x4_avx512/64/92/real_time",1655282,84.6269,84.3664,ns,,,"1x64x92",,,4,1,32,92,1,64,4,1,4
"dot/dot_fp32_1x32x4_1x4x4_avx512/128/4/real_time",5369390,26.178,26.0979,ns,,,"1x128x4",,,4,1,32,4,1,128,4,1,4
"dot/dot_fp32_1x32x4_1x4x4_avx512/128/8/real_time",4358300,32.0342,31.9373,ns,,,"1x128x8",,,4,1,32,8,1,128,4,1,4
"dot/dot_fp32_1x32x4_1x4x4_avx512/128/20/real_time",2765270,50.6085,50.4572,ns,,,"1x128x20",,,4,1,32,20,1,128,4,1,4
"dot/dot_fp32_1x32x4_1x4x4_avx512/128/32/real_time",1992608,70.1154,69.8828,ns,,,"1x128x32",,,4,1,32,32,1,128,4,1,4
"dot/dot_fp32_1x32x4_1x4x4_avx512/128/44/real_time",1576498,88.9377,88.6445,ns,,,"1x128x44",,,4,1,32,44,1,128,4,1,4
"dot/dot_fp32_1x32x4_1x4x4_avx512/256/4/real_time",2958847,47.2929,47.149,ns,,,"1x256x4",,,4,1,32,4,1,256,4,1,4
"dot/dot_fp32_1x32x4_1x4x4_avx512/256/8/real_time",2339617,59.8831,59.6697,ns,,,"1x256x8",,,4,1,32,8,1,256,4,1,4
"dot/dot_fp32_1x32x4_1x4x4_avx512/256/12/real_time",1919088,73.0191,72.7534,ns,,,"1x256x12",,,4,1,32,12,1,256,4,1,4
"dot/dot_fp32_1x32x4_1x4x4_avx512/256/20/real_time",1411795,99.3299,99.0262,ns,,,"1x256x20",,,4,1,32,20,1,256,4,1,4
"dot/dot_fp32_2x32x4_1x4x4_avx512/32/4/real_time",9710413,14.4178,14.3661,ns,,,"2x32x4",,,4,2,32,4,2,32,4,1,4
"dot/dot_fp32_2x32x4_1x4x4_avx512/32/44/real_time",3525637,39.6641,39.5479,ns,,,"2x32x44",,,4,2,32,44,2,32,4,1,4
"dot/dot_fp32_2x32x4_1x4x4_avx512/32/88/real_time",2096256,66.6094,66.4237,ns,,,"2x32x88",,,4,2,32,88,2,32,4,1,4
"dot/dot_fp32_2x32x4_1x4x4_avx512/32/132/real_time",1492643,93.9409,93.6723,ns,,,"2x32x132",,,4,2,32,132,2,32,4,1,4
"dot/dot_fp32_2x32x4_1x4x4_avx512/32/176/real_time",1138718,122.98,122.607,ns,,,"2x32x176",,,4,2,32,176,2,32,4,1,4
"dot/dot_fp32_2x32x4_1x4x4_avx512/64/4/real_time",5467930,25.6731,25.5893,ns,,,"2x64x4",,,4,2,32,4,2,64,4,1,4
"dot/dot_fp32_2x32x4_1x4x4_avx512/64/20/real_time",3211490,43.5515,43.4452,ns,,,"2x64x20",,,4,2,32,20,2,64,4,1,4
"dot/dot_fp32_2x32x4_1x4x4_avx512/64/44/real_time",1877873,74.4786,74.2752,ns,,,"2x64x44",,,4,2,32,44,2,64,4,1,4
"dot/dot_fp32_2x32x4_1x4x4_avx512/64/64/real_time",1383283,100.977,100.592,ns,,,"2x64x64",,,4,2,32,64,2,64,4,1,4
"dot/dot_fp32_2x32x4_1x4x4_avx512/64/88/real_time",1089338,128.863,128.434,ns,,,"2x64x88",,,4,2,32,88,2,64,4,1,4
"dot/dot_fp32_2x32x4_1x4x4_avx512/128/4/real_time",3002322,46.7249,46.5424,ns,,,"2x128x4",,,4,2,32,4,2,128,4,1,4
"dot/dot_fp32_2x32x4_1x4x4_avx512/128/8/real_time",2493361,56.1654,55.9788,ns,,,"2x128x8",,,4,2,32,8,2,128,4,1,4
"dot/dot_fp32_2x32x4_1x4x4_avx512/128/20/real_time",1650819,84.7164,84.4701,ns,,,"2x128x20",,,4,2,32,20,2,128,4,1,4
"dot/dot_fp32_2x32x4_1x4x4_avx512/128/32/real_time",1241362,112.935,112.562,ns,,,"2x128x32",,,4,2,32,32,2,128,4,1,4
"dot/dot_fp32_2x32x4_1x4x4_avx512/128/44/real_time",964448,144.313,143.904,ns,,,"2x128x44",,,4,2,32,44,2,128,4,1,4
"dot/dot_fp32_2x32x4_1x4x4_avx512/256/4/real_time",1604648,87.2882,86.9924,ns,,,"2x256x4",,,4,2,32,4,2,256,4,1,4
"dot/dot_fp32_2x32x4_1x4x4_avx512/256/8/real_time",1287513,108.788,108.438,ns,,,"2x256x8",,,4,2,32,8,2,256,4,1,4
"dot/dot_fp32_2x32x4_1x4x4_avx512/256/12/real_time",1062806,131.921,131.494,ns,,,"2x256x12",,,4,2,32,12,2,256,4,1,4
"dot/dot_fp32_2x32x4_1x4x4_avx512/256/20/real_time",836474,167.32,166.803,ns,,,"2x256x20",,,4,2,32,20,2,256,4,1,4
"dot/dot_fp32_1x16x4_1x4x4_avx512/16/4/real_time",17270543,8.1068,8.08492,ns,,,"1x16x4",,,4,1,16,4,1,16,4,1,4
"dot/dot_fp32_1x16x4_1x4x4_avx512/16/88/real_time",5415576,25.8127,25.733,ns,,,"1x16x88",,,4,1,16,88,1,16,4,1,4
"dot/dot_fp32_1x16x4_1x4x4_avx512/16/180/real_time",2849086,49.2204,49.0564,ns,,,"1x16x180",,,4,1,16,180,1,16,4,1,4
"dot/dot_fp32_1x16x4_1x4x4_avx512/16/268/real_time",1911748,73.1254,72.8932,ns,,,"1x16x268",,,4,1,16,268,1,16,4,1,4
"dot/dot_fp32_1x16x4_1x4x4_avx512/16/360/real_time",1464518,95.6128,95.2854,ns,,,"1x16x360",,,4,1,16,360,1,16,4,1,4
"dot/dot_fp32_1x16x4_1x4x4_avx512/32/4/real_time",12513367,11.2494,11.2158,ns,,,"1x32x4",,,4,1,16,4,1,32,4,1,4
"dot/dot_fp32_1x16x4_1x4x4_avx512/32/44/real_time",4848847,28.8915,28.7985,ns,,,"1x32x44",,,4,1,16,44,1,32,4,1,4
"dot/dot_fp32_1x16x4_1x4x4_avx512/32/92/real_time",2858607,48.9592,48.8104,ns,,,"1x32x92",,,4,1,16,92,1,32,4,1,4
"dot/dot_fp32_1x16x4_1x4x4_avx512/32/136/real_time",1873763,74.5769,74.3113,ns,,,"1x32x136",,,4,1,16,136,1,32,4,1,4
"dot/dot_fp32_1x16x4_1x4x4_avx512/32/184/real_time",1458128,95.8595,95.5569,ns,,,"1x32x184",,,4,1,16,184,1,32,4,1,4
"dot/dot_fp32_1x16x4_1x4x4_avx512/64/4/real_time",7636226,18.3141,18.2611,ns,,,"1x64x4",,,4,1,16,4,1,64,4,1,4
"dot/dot_fp32_1x16x4_1x4x4_avx512/64/20/real_time",4491941,31.1905,31.0932,ns,,,"1x64x20",,,4,1,16,20,1,64,4,1,4
"dot/dot_fp32_1x16x4_1x4x4_avx512/64/44/real_time",2701655,51.7491,51.5431,ns,,,"1x64x44",,,4,1,16,44,1,64,4,1,4
"dot/dot_fp32_1x16x4_1x4x4_avx512/64/68/real_time",1926922,72.6583,72.4118,ns,,,"1x64x68",,,4,1,16,68,1,64,4,1,4
"dot/dot_fp32_1x16x4_1x4x4_avx512/64/92/real_time",1479584,94.6455,94.3826,ns,,,"1x64x92",,,4,1,16,92,1,64,4,1,4
"dot/dot_fp32_1x16x4_1x4x4_avx512/128/4/real_time",4578217,30.5099,30.4318,ns,,,"1x128x4",,,4,1,16,4,1,128,4,1,4
"dot/dot_fp32_1x16x4_1x4x4_avx512/128/8/real_time",3755941,37.3363,37.1928,ns,,,"1x128x8",,,4,1,16,8,1,128,4,1,4
"dot/dot_fp32_1x16x4_1x4x4_avx512/128/20/real_time",2292583,60.8934,60.607,ns,,,"1x128x20",,,4,1,16,20,1,128,4,1,4
"dot/dot_fp32_1x16x4_1x4x4_avx512/128/32/real_time",1750136,79.6665,79.422,ns,,,"1x128x32",,,4,1,16,32,1,128,4,1,4
"dot/dot_fp32_1x16x4_1x4x4_avx512/128/44/real_time",1396981,100.293,99.9769,ns,,,"1x128x44",,,4,1,16,44,1,128,4,1,4
"dot/dot_fp32_3x16x4_1x4x4_avx512/16/4/real_time",10586098,13.2265,13.1784,ns,,,"3x16x4",,,4,3,16,4,3,16,4,1,4
"dot/dot_fp32_3x16x4_1x4x4_avx512/16/80/real_time",2925208,47.8043,47.5757,ns,,,"3x16x80",,,4,3,16,80,3,16,4,1,4
"dot/dot_fp32_3x16x4_1x4x4_avx512/16/160/real_time",1626894,85.9234,85.5966,ns,,,"3x16x160",,,4,3,16,160,3,16,4,1,4
"dot/dot_fp32_3x16x4_1x4x4_avx512/16/240/real_time",1091840,121.712,121.231,ns,,,"3x16x240",,,4,3,16,240,3,16,4,1,4
"dot/dot_fp32_3x16x4_1x4x4_avx512/16/320/real_time",891187,156.467,155.98,ns,,,"3x16x320",,,4,3,16,320,3,16,4,1,4
"dot/dot_fp32_3x16x4_1x4x4_avx512/32/4/real_time",6719104,20.9063,20.8343,ns,,,"3x32x4",,,4,3,16,4,3,32,4,1,4
"dot/dot_fp32_3x16x4_1x4x4_avx512/32/40/real_time",2631546,53.3056,53.1408,ns,,,"3x32x40",,,4,3,16,40,3,32,4,1,4
"dot/dot_fp32_3x16x4_1x4x4_avx512/32/84/real_time",1513446,92.4745,92.1818,ns,,,"3x32x84",,,4,3,16,84,3,32,4,1,4
"dot/dot_fp32_3x16x4_1x4x4_avx512/32/128/real_time",1031803,135.287,134.67,ns,,,"3x32x128",,,4,3,16,128,3,32,4,1,4
"dot/dot_fp32_3x16x4_1x4x4_avx512/32/172/real_time",807592,173.322,172.561,ns,,,"3x32x172",,,4,3,16,172,3,32,4,1,4
"dot/dot_fp32_3x16x4_1x4x4_avx512/64/4/real_time",3955502,35.3047,35.1835,ns,,,"3x64x4",,,4,3,16,4,3,64,4,1,4
"dot/dot_fp32_3x16x4_1x4x4_avx512/64/20/real_time",2185777,63.8729,63.6494,ns,,,"3x64x20",,,4,3,16,20,3,64,4,1,4
"dot/dot_fp32_3x16x4_1x4x4_avx512/64/44/real_time",1301651,107.636,107.325,ns,,,"3x64x44",,,4,3,16,44,3,64,4,1,4
"dot/dot_fp32_3x16x4_1x4x4_avx512/64/64/real_time",953763,146.809,146.39,ns,,,"3x64x64",,,4,3,16,64,3,64,4,1,4
"dot/dot_fp32_3x16x4_1x4x4_avx512/64/88/real_time",740853,187.323,186.641,ns,,,"3x64x88",,,4,3,16,88,3,64,4,1,4
"dot/dot_fp32_3x16x4_1x4x4_avx512/128/4/real_time",2045300,68.4643,68.2198,ns,,,"3x128x4",,,4,3,16,4,3,128,4,1,4
"dot/dot_fp32_3x16x4_1x4x4_avx512/128/8/real_time",1620262,86.6955,86.3621,ns,,,"3x128x8",,,4,3,16,8,3,128,4,1,4
"dot/dot_fp32_3x16x4_1x4x4_avx512/128/20/real_time",1119547,125.38,125.091,ns,,,"3x128x20",,,4,3,16,20,3,128,4,1,4
"dot/dot_fp32_3x16x4_1x4x4_avx512/128/28/real_time",846653,165.607,165.083,ns,,,"3x128x28",,,4,3,16,28,3,128,4,1,4
"dot/dot_fp32_3x16x4_1x4x4_avx512/128/40/real_time",705927,198.477,197.874,ns,,,"3x128x40",,,4,3,16,40,3,128,4,1,4
"dot/dot_fp32_4x16x4_1x4x4_avx512/16/4/real_time",9051722,15.4503,15.396,ns,,,"4x16x4",,,4,4,16,4,4,16,4,1,4
"dot/dot_fp32_4x16x4_1x4x4_avx512/16/76/real_time",2445980,57.1855,56.9663,ns,,,"4x16x76",,,4,4,16,76,4,16,4,1,4
"dot/dot_fp32_4x16x4_1x4x4_avx512/16/152/real_time",1000000,100.267,100.003,ns,,,"4x16x152",,,4,4,16,152,4,16,4,1,4
"dot/dot_fp32_4x16x4_1x4x4_avx512/16/228/real_time",994773,141.276,140.865,ns,,,"4x16x228",,,4,4,16,228,4,16,4,1,4
"dot/dot_fp32_4x16x4_1x4x4_avx512/16/304/real_time",740288,188.013,187.428,ns,,,"4x16x304",,,4,4,16,304,4,16,4,1,4
"dot/dot_fp32_4x16x4_1x4x4_avx512/32/4/real_time",5365818,26.2255,26.1418,ns,,,"4x32x4",,,4,4,16,4,4,32,4,1,4
"dot/dot_fp32_4x16x4_1x4x4_avx512/32/40/real_time",2135861,65.4102,65.232,ns,,,"4x32x40",,,4,4,16,40,4,32,4,1,4
"dot/dot_fp32_4x16x4_1x4x4_avx512/32/80/real_time",1252874,112.167,111.751,ns,,,"4x32x80",,,4,4,16,80,4,32,4,1,4
"dot/dot_fp32_4x16x4_1x4x4_avx512/32/120/real_time",894762,157.619,157.147,ns,,,"4x32x120",,,4,4,16,120,4,32,4,1,4
"dot/dot_fp32_4x16x4_1x4x4_avx512/32/164/real_time",670130,206.886,206.295,ns,,,"4x32x164",,,4,4,16,164,4,32,4,1,4
"dot/dot_fp32_4x16x4_1x4x4_avx512/64/4/real_time",2922249,47.7301,47.5855,ns,,,"4x64x4",,,4,4,16,4,4,64,4,1,4
"dot/dot_fp32_4x16x4_1x4x4_avx512/64/20/real_time",1586677,88.2292,87.932,ns,,,"4x64x20",,,4,4,16,20,4,64,4,1,4
"dot/dot_fp32_4x16x4_1x4x4_avx512/64/40/real_time",1084472,128.942,128.55,ns,,,"4x64x40",,,4,4,16,40,4,64,4,1,4
"dot/dot_fp32_4x16x4_1x4x4_avx512/64/60/real_time",804890,173.811,173.266,ns,,,"4x64x60",,,4,4,16,60,4,64,4,1,4
"dot/dot_fp32_4x16x4_1x4x4_avx512/64/84/real_time",614215,228.615,227.951,ns,,,"4x64x84",,,4,4,16,84,4,64,4,1,4
"dot/dot_fp32_4x16x4_1x4x4_avx512/128/4/real_time",1560706,89.5136,89.1961,ns,,,"4x128x4",,,4,4,16,4,4,128,4,1,4
"dot/dot_fp32_4x16x4_1x4x4_avx512/128/8/real_time",1246534,112.38,112.051,ns,,,"4x128x8",,,4,4,16,8,4,128,4,1,4
"dot/dot_fp32_4x16x4_1x4x4_avx512/128/20/real_time",817068,171.84,171.309,ns,,,"4x128x20",,,4,4,16,20,4,128,4,1,4
"dot/dot_fp32_4x16x4_1x4x4_avx512/128/28/real_time",670235,209.046,208.393,ns,,,"4x128x28",,,4,4,16,28,4,128,4,1,4
"dot/dot_fp32_4x16x4_1x4x4_avx512/128/40/real_time",531973,263.769,262.88,ns,,,"4x128x40",,,4,4,16,40,4,128,4,1,4
"dot/dot_fp32_5x16x4_1x4x4_avx512/16/4/real_time",7458071,18.6565,18.5959,ns,,,"5x16x4",,,4,5,16,4,5,16,4,1,4
"dot/dot_fp32_5x16x4_1x4x4_avx512/16/72/real_time",2186542,64.2389,64.0268,ns,,,"5x16x72",,,4,5,16,72,5,16,4,1,4
"dot/dot_fp32_5x16x4_1x4x4_avx512/16/144/real_time",1192855,117.48,117.162,ns,,,"5x16x144",,,4,5,16,144,5,16,4,1,4
"dot/dot_fp32_5x16x4_1x4x4_avx512/16/216/real_time",834407,169.74,169.168,ns,,,"5x16x216",,,4,5,16,216,5,16,4,1,4
"dot/dot_fp32_5x16x4_1x4x4_avx512/16/288/real_time",631637,220.051,219.359,ns,,,"5x16x288",,,4,5,16,288,5,16,4,1,4
"dot/dot_fp32_5x16x4_1x4x4_avx512/32/4/real_time",4297799,32.5686,32.4854,ns,,,"5x32x4",,,4,5,16,4,5,32,4,1,4
"dot/dot_fp32_5x16x4_1x4x4_avx512/32/40/real_time",1724785,81.1134,80.8713,ns,,,"5x32x40",,,4,5,16,40,5,32,4,1,4
"dot/dot_fp32_5x16x4_1x4x4_avx512/32/80/real_time",1019059,137.598,137.152,ns,,,"5x32x80",,,4,5,16,80,5,32,4,1,4
"dot/dot_fp32_5x16x4_1x4x4_avx512/32/120/real_time",709923,195.767,195.224,ns,,,"5x32x120",,,4,5,16,120,5,32,4,1,4
"dot/dot_fp32_5x16x4_1x4x4_avx512/32/160/real_time",550687,252.75,251.935,ns,,,"5x32x160",,,4,5,16,160,5,32,4,1,4
"dot/dot_fp32_5x16x4_1x4x4_avx512/64/4/real_time",2455998,57.1506,56.9572,ns,,,"5x64x4",,,4,5,16,4,5,64,4,1,4
"dot/dot_fp32_5x16x4_1x4x4_avx512/64/20/real_time",1339036,104.165,103.887,ns,,,"5x64x20",,,4,5,16,20,5,64,4,1,4
"dot/dot_fp32_5x16x4_1x4x4_avx512/64/40/real_time",847141,165.359,164.91,ns,,,"5x64x40",,,4,5,16,40,5,64,4,1,4
"dot/dot_fp32_5x16x4_1x4x4_avx512/64/60/real_time",626184,223.545,222.881,ns,,,"5x64x60",,,4,5,16,60,5,64,4,1,4
"dot/dot_fp32_5x16x4_1x4x4_avx512/64/84/real_time",476314,294.025,293.113,ns,,,"5x64x84",,,4,5,16,84,5,64,4,1,4
"dot/dot_fp32_5x16x4_1x4x4_avx512/128/4/real_time",1260641,111.036,110.713,ns,,,"5x128x4",,,4,5,16,4,5,128,4,1,4
"dot/dot_fp32_5x16x4_1x4x4_avx512/128/8/real_time",1044209,134.11,133.689,ns,,,"5x128x8",,,4,5,16,8,5,128,4,1,4
"dot/dot_fp32_5x16x4_1x4x4_avx512/128/20/real_time",695930,201.344,200.776,ns,,,"5x128x20",,,4,5,16,20,5,128,4,1,4
"dot/dot_fp32_5x16x4_1x4x4_avx512/128/28/real_time",553298,252.539,251.848,ns,,,"5x128x28",,,4,5,16,28,5,128,4,1,4
"dot/dot_fp32_5x16x4_1x4x4_avx512/128/40/real_time",428502,326.566,325.646,ns,,,"5x128x40",,,4,5,16,40,5,128,4,1,4
"dot/dot_fp32_2x8x4_1x4x4_avx512/8/4/real_time",15503982,9.07111,9.04418,ns,,,"2x8x4",,,4,2,8,4,2,8,4,1,4
"dot/dot_fp32_2x8x4_1x4x4_avx512/8/152/real_time",3385731,41.1746,41.046,ns,,,"2x8x152",,,4,2,8,152,2,8,4,1,4
"dot/dot_fp32_2x8x4_1x4x4_avx512/8/304/real_time",1713319,81.3937,81.1637,ns,,,"2x8x304",,,4,2,8,304,2,8,4,1,4
"dot/dot_fp32_2x8x4_1x4x4_avx512/8/456/real_time",1162472,120.424,120.092,ns,,,"2x8x456",,,4,2,8,456,2,8,4,1,4
"dot/dot_fp32_2x8x4_1x4x4_avx512/8/612/real_time",874814,160.068,159.564,ns,,,"2x8x612",,,4,2,8,612,2,8,4,1,4
"dot/dot_fp32_2x8x4_1x4x4_avx512/16/4/real_time",10934191,12.7795,12.7421,ns,,,"2x16x4",,,4,2,8,4,2,16,4,1,4
"dot/dot_fp32_2x8x4_1x4x4_avx512/16/84/real_time",2967452,47.2226,47.0885,ns,,,"2x16x84",,,4,2,8,84,2,16,4,1,4
"dot/dot_fp32_2x8x4_1x4x4_avx512/16/168/real_time",1632974,85.5208,85.2347,ns,,,"2x16x168",,,4,2,8,168,2,16,4,1,4
"dot/dot_fp32_2x8x4_1x4x4_avx512/16/252/real_time",1070005,131.622,131.221,ns,,,"2x16x252",,,4,2,8,252,2,16,4,1,4
"dot/dot_fp32_2x8x4_1x4x4_avx512/16/336/real_time",802381,174.429,173.911,ns,,,"2x16x336",,,4,2,8,336,2,16,4,1,4
"dot/dot_fp32_2x8x4_1x4x4_avx512/32/4/real_time",7135522,19.8248,19.766,ns,,,"2x32x4",,,4,2,8,4,2,32,4,1,4
"dot/dot_fp32_2x8x4_1x4x4_avx512/32/44/real_time",2636584,53.1496,52.9804,ns,,,"2x32x44",,,4,2,8,44,2,32,4,1,4
"dot/dot_fp32_2x8x4_1x4x4_avx512/32/88/real_time",1500642,93.2814,92.9203,ns,,,"2x32x88",,,4,2,8,88,2,32,4,1,4
"dot/dot_fp32_2x8x4_1x4x4_avx512/32/132/real_time",1049098,131.209,130.786,ns,,,"2x32x132",,,4,2,8,132,2,32,4,1,4
"dot/dot_fp32_2x8x4_1x4x4_avx512/32/176/real_time",783321,178.426,177.817,ns,,,"2x32x176",,,4,2,8,176,2,32,4,1,4
"dot/dot_fp32_2x8x4_1x4x4_avx512/64/4/real_time",4052285,34.6075,34.5139,ns,,,"2x64x4",,,4,2,8,4,2,64,4,1,4
"dot/dot_fp32_2x8x4_1x4x4_avx512/64/20/real_time",2261866,61.6687,61.4671,ns,,,"2x64x20",,,4,2,8,20,2,64,4,1,4
"dot/dot_fp32_2x8x4_1x4x4_avx512/64/44/real_time",1378990,101.669,101.322,ns,,,"2x64x44",,,4,2,8,44,2,64,4,1,4
"dot/dot_fp32_2x8x4_1x4x4_avx512/64/64/real_time",1018999,137.71,137.055,ns,,,"2x64x64",,,4,2,8,64,2,64,4,1,4
"dot/dot_fp32_2x8x4_1x4x4_avx512/64/88/real_time",767910,181.774,181.1,ns,,,"2x64x88",,,4,2,8,88,2,64,4,1,4
"dot/dot_fp32_4x8x4_1x4x4_avx512/8/4/real_time",10932148,12.8163,12.7797,ns,,,"4x8x4",,,4,4,8,4,4,8,4,1,4
"dot/dot_fp32_4x8x4_1x4x4_avx512/8/124/real_time",2603927,53.8084,53.6479,ns,,,"4x8x124",,,4,4,8,124,4,8,4,1,4
"dot/dot_fp32_4x8x4_1x4x4_avx512/8/252/real_time",1538552,90.8724,90.5805,ns,,,"4x8x252",,,4,4,8,252,4,8,4,1,4
"dot/dot_fp32_4x8x4_1x4x4_avx512/8/380/real_time",1104364,126.874,126.532,ns,,,"4x8x380",,,4,4,8,380,4,8,4,1,4
"dot/dot_fp32_4x8x4_1x4x4_avx512/8/508/real_time",838451,167.512,166.928,ns,,,"4x8x508",,,4,4,8,508,4,8,4,1,4
"dot/dot_fp32_4x8x4_1x4x4_avx512/16/4/real_time",7451251,18.9852,18.9207,ns,,,"4x16x4",,,4,4,8,4,4,16,4,1,4
"dot/dot_fp32_4x8x4_1x4x4_avx512/16/76/real_time",2160664,64.7853,64.6139,ns,,,"4x16x76",,,4,4,8,76,4,16,4,1,4
"dot/dot_fp32_4x8x4_1x4x4_avx512/16/152/real_time",1155281,120.604,120.208,ns,,,"4x16x152",,,4,4,8,152,4,16,4,1,4
"dot/dot_fp32_4x8x4_1x4x4_avx512/16/228/real_time",876879,160.963,160.391,ns,,,"4x16x228",,,4,4,8,228,4,16,4,1,4
"dot/dot_fp32_4x8x4_1x4x4_avx512/16/304/real_time",669469,208.539,207.925,ns,,,"4x16x304",,,4,4,8,304,4,16,4,1,4
"dot/dot_fp32_4x8x4_1x4x4_avx512/32/4/real_time",4586546,30.5932,30.5025,ns,,,"4x32x4",,,4,4,8,4,4,32,4,1,4
"dot/dot_fp32_4x8x4_1x4x4_avx512/32/40/real_time",1800003,77.7271,77.5078,ns,,,"4x32x40",,,4,4,8,40,4,32,4,1,4
"dot/dot_fp32_4x8x4_1x4x4_avx512/32/80/real_time",1076976,130.134,129.758,ns,,,"4x32x80",,,4,4,8,80,4,32,4,1,4
"dot/dot_fp32_4x8x4_1x4x4_avx512/32/120/real_time",757104,180.059,179.531,ns,,,"4x32x120",,,4,4,8,120,4,32,4,1,4
"dot/dot_fp32_4x8x4_1x4x4_avx512/32/164/real_time",582569,242.324,241.529,ns,,,"4x32x164",,,4,4,8,164,4,32,4,1,4
"dot/dot_fp32_4x8x4_1x4x4_avx512/64/4/real_time",2429524,57.5248,57.3316,ns,,,"4x64x4",,,4,4,8,4,4,64,4,1,4
"dot/dot_fp32_4x8x4_1x4x4_avx512/64/20/real_time",1461541,95.8546,95.5431,ns,,,"4x64x20",,,4,4,8,20,4,64,4,1,4
"dot/dot_fp32_4x8x4_1x4x4_avx512/64/40/real_time",933740,149.214,148.803,ns,,,"4x64x40",,,4,4,8,40,4,64,4,1,4
"dot/dot_fp32_4x8x4_1x4x4_avx512/64/60/real_time",709422,197.786,197.169,ns,,,"4x64x60",,,4,4,8,60,4,64,4,1,4
"dot/dot_fp32_4x8x4_1x4x4_avx512/64/84/real_time",538478,259.692,258.892,ns,,,"4x64x84",,,4,4,8,84,4,64,4,1,4
"dot/dot_fp32_6x8x4_1x4x4_avx512/8/4/real_time",8094281,17.0886,17.0402,ns,,,"6x8x4",,,4,6,8,4,6,8,4,1,4
"dot/dot_fp32_6x8x4_1x4x4_avx512/8/108/real_time",2214176,62.9947,62.7874,ns,,,"6x8x108",,,4,6,8,108,6,8,4,1,4
"dot/dot_fp32_6x8x4_1x4x4_avx512/8/216/real_time",1237087,112.782,112.452,ns,,,"6x8x216",,,4,6,8,216,6,8,4,1,4
"dot/dot_fp32_6x8x4_1x4x4_avx512/8/324/real_time",875676,159.862,159.404,ns,,,"6x8x324",,,4,6,8,324,6,8,4,1,4
"dot/dot_fp32_6x8x4_1x4x4_avx512/8/432/real_time",671141,207.808,207.14,ns,,,"6x8x432",,,4,6,8,432,6,8,4,1,4
"dot/dot_fp32_6x8x4_1x4x4_avx512/16/4/real_time",5628556,24.9674,24.894,ns,,,"6x16x4",,,4,6,8,4,6,16,4,1,4
"dot/dot_fp32_6x8x4_1x4x4_avx512/16/68/real_time",1727177,80.9256,80.6828,ns,,,"6x16x68",,,4,6,8,68,6,16,4,1,4
"dot/dot_fp32_6x8x4_1x4x4_avx512/16/136/real_time",974327,143.709,143.277,ns,,,"6x16x136",,,4,6,8,136,6,16,4,1,4
"dot/dot_fp32_6x8x4_1x4x4_avx512/16/204/real_time",681862,204.838,204.185,ns,,,"6x16x204",,,4,6,8,204,6,16,4,1,4
"dot/dot_fp32_6x8x4_1x4x4_avx512/16/272/real_time",523001,267.162,266.492,ns,,,"6x16x272",,,4,6,8,272,6,16,4,1,4
"dot/dot_fp32_6x8x4_1x4x4_avx512/32/4/real_time",3252633,43.0056,42.8716,ns,,,"6x32x4",,,4,6,8,4,6,32,4,1,4
"dot/dot_fp32_6x8x4_1x4x4_avx512/32/36/real_time",1408078,99.3881,99.102,ns,,,"6x32x36",,,4,6,8,36,6,32,4,1,4
"dot/dot_fp32_6x8x4_1x4x4_avx512/32/76/real_time",831735,168.157,167.697,ns,,,"6x32x76",,,4,6,8,76,6,32,4,1,4
"dot/dot_fp32_6x8x4_1x4x4_avx512/32/116/real_time",578542,241.581,240.825,ns,,,"6x32x116",,,4,6,8,116,6,32,4,1,4
"dot/dot_fp32_6x8x4_1x4x4_avx512/32/156/real_time",441324,317.327,316.411,ns,,,"6x32x156",,,4,6,8,156,6,32,4,1,4
"dot/dot_fp32_6x8x4_1x4x4_avx512/64/4/real_time",1777007,78.9371,78.6903,ns,,,"6x64x4",,,4,6,8,4,6,64,4,1,4
"dot/dot_fp32_6x8x4_1x4x4_avx512/64/20/real_time",1014311,137.869,137.436,ns,,,"6x64x20",,,4,6,8,20,6,64,4,1,4
"dot/dot_fp32_6x8x4_1x4x4_avx512/64/40/real_time",671583,207.984,207.426,ns,,,"6x64x40",,,4,6,8,40,6,64,4,1,4
"dot/dot_fp32_6x8x4_1x4x4_avx512/64/60/real_time",511959,273.75,272.62,ns,,,"6x64x60",,,4,6,8,60,6,64,4,1,4
"dot/dot_fp32_6x8x4_1x4x4_avx512/64/80/real_time",393589,356.065,354.868,ns,,,"6x64x80",,,4,6,8,80,6,64,4,1,4
"dot/dot_fp32_4x4x4_1x4x4_avx512/4/4/real_time",12540301,11.1205,11.0908,ns,,,"4x4x4",,,4,4,4,4,4,4,4,1,4
"dot/dot_fp32_4x4x4_1x4x4_avx512/4/188/real_time",2653467,52.8239,52.6616,ns,,,"4x4x188",,,4,4,4,188,4,4,4,1,4
"dot/dot_fp32_4x4x4_1x4x4_avx512/4/380/real_time",1379943,101.122,100.816,ns,,,"4x4x380",,,4,4,4,380,4,4,4,1,4
"dot/dot_fp32_4x4x4_1x4x4_avx512/4/572/real_time",936929,149.333,148.908,ns,,,"4x4x572",,,4,4,4,572,4,4,4,1,4
"dot/dot_fp32_4x4x4_1x4x4_avx512/4/764/real_time",709738,197.603,196.924,ns,,,"4x4x764",,,4,4,4,764,4,4,4,1,4
"dot/dot_fp32_4x4x4_1x4x4_avx512/8/4/real_time",8721856,16.0235,15.9707,ns,,,"4x8x4",,,4,4,4,4,4,8,4,1,4
"dot/dot_fp32_4x4x4_1x4x4_avx512/8/124/real_time",2044426,68.4996,68.3053,ns,,,"4x8x124",,,4,4,4,124,4,8,4,1,4
"dot/dot_fp32_4x4x4_1x4x4_avx512/8/252/real_time",1043837,134.659,134.251,ns,,,"4x8x252",,,4,4,4,252,4,8,4,1,4
"dot/dot_fp32_4x4x4_1x4x4_avx512/8/380/real_time",705098,198.778,198.146,ns,,,"4x8x380",,,4,4,4,380,4,8,4,1,4
"dot/dot_fp32_4x4x4_1x4x4_avx512/8/508/real_time",533634,262.864,262.104,ns,,,"4x8x508",,,4,4,4,508,4,8,4,1,4
"dot/dot_fp32_4x4x4_1x4x4_avx512/16/4/real_time",5488173,25.4627,25.3778,ns,,,"4x16x4",,,4,4,4,4,4,16,4,1,4
"dot/dot_fp32_4x4x4_1x4x4_avx512/16/76/real_time",1560510,89.5806,89.3339,ns,,,"4x16x76",,,4,4,4,76,4,16,4,1,4
"dot/dot_fp32_4x4x4_1x4x4_avx512/16/152/real_time",875651,157.614,157.192,ns,,,"4x16x152",,,4,4,4,152,4,16,4,1,4
"dot/dot_fp32_4x4x4_1x4x4_avx512/16/228/real_time",587039,238.124,237.389,ns,,,"4x16x228",,,4,4,4,228,4,16,4,1,4
"dot/dot_fp32_4x4x4_1x4x4_avx512/16/304/real_time",442542,316.515,315.548,ns,,,"4x16x304",,,4,4,4,304,4,16,4,1,4
"dot/dot_fp32_4x4x4_1x4x4_avx512/32/4/real_time",3180959,43.8507,43.7328,ns,,,"4x32x4",,,4,4,4,4,4,32,4,1,4
"dot/dot_fp32_4x4x4_1x4x4_avx512/32/40/real_time",1305384,107.771,107.385,ns,,,"4x32x40",,,4,4,4,40,4,32,4,1,4
"dot/dot_fp32_4x4x4_1x4x4_avx512/32/80/real_time",754694,186.741,185.98,ns,,,"4x32x80",,,4,4,4,80,4,32,4,1,4
"dot/dot_fp32_4x4x4_1x4x4_avx512/32/120/real_time",554133,251.958,251.054,ns,,,"4x32x120",,,4,4,4,120,4,32,4,1,4
"dot/dot_fp32_4x4x4_1x4x4_avx512/32/164/real_time",404917,341.916,340.758,ns,,,"4x32x164",,,4,4,4,164,4,32,4,1,4
"dot/dot_fp32_8x4x4_1x4x4_avx512/4/4/real_time",9352022,14.8984,14.8483,ns,,,"8x4x4",,,4,8,4,4,8,4,4,1,4
"dot/dot_fp32_8x4x4_1x4x4_avx512/4/124/real_time",2493236,56.3812,56.218,ns,,,"8x4x124",,,4,8,4,124,8,4,4,1,4
"dot/dot_fp32_8x4x4_1x4x4_avx512/4/252/real_time",1403000,99.3583,99.0639,ns,,,"8x4x252",,,4,8,4,252,8,4,4,1,4
"dot/dot_fp32_8x4x4_1x4x4_avx512/4/380/real_time",963393,144.635,144.214,ns,,,"8x4x380",,,4,8,4,380,8,4,4,1,4
"dot/dot_fp32_8x4x4_1x4x4_avx512/4/508/real_time",735955,188.884,188.339,ns,,,"8x4x508",,,4,8,4,508,8,4,4,1,4
"dot/dot_fp32_8x4x4_1x4x4_avx512/8/4/real_time",6532853,21.4321,21.3611,ns,,,"8x8x4",,,4,8,4,4,8,8,4,1,4
"dot/dot_fp32_8x4x4_1x4x4_avx512/8/92/real_time",1705944,81.9937,81.7484,ns,,,"8x8x92",,,4,8,4,92,8,8,4,1,4
"dot/dot_fp32_8x4x4_1x4x4_avx512/8/188/real_time",956801,146.821,146.376,ns,,,"8x8x188",,,4,8,4,188,8,8,4,1,4
"dot/dot_fp32_8x4x4_1x4x4_avx512/8/284/real_time",649989,216.529,215.832,ns,,,"8x8x284",,,4,8,4,284,8,8,4,1,4
"dot/dot_fp32_8x4x4_1x4x4_avx512/8/380/real_time",494957,282.101,281.345,ns,,,"8x8x380",,,4,8,4,380,8,8,4,1,4
"dot/dot_fp32_8x4x4_1x4x4_avx512/16/4/real_time",3777195,37.022,36.9061,ns,,,"8x16x4",,,4,8,4,4,8,16,4,1,4
"dot/dot_fp32_8x4x4_1x4x4_avx512/16/60/real_time",1180358,120.436,120.074,ns,,,"8x16x60",,,4,8,4,60,8,16,4,1,4
"dot/dot_fp32_8x4x4_1x4x4_avx512/16/124/real_time",681362,202.926,202.369,ns,,,"8x16x124",,,4,8,4,124,8,16,4,1,4
"dot/dot_fp32_8x4x4_1x4x4_avx512/16/184/real_time",488426,285.864,285.364,ns,,,"8x16x184",,,4,8,4,184,8,16,4,1,4
"dot/dot_fp32_8x4x4_1x4x4_avx512/16/248/real_time",369683,378.366,377.7,ns,,,"8x16x248",,,4,8,4,248,8,16,4,1,4
"dot/dot_fp32_8x4x4_1x4x4_avx512/32/4/real_time",1956909,72.0386,71.8976,ns,,,"8x32x4",,,4,8,4,4,8,32,4,1,4
"dot/dot_fp32_8x4x4_1x4x4_avx512/32/36/real_time",844604,166.35,166.048,ns,,,"8x32x36",,,4,8,4,36,8,32,4,1,4
"dot/dot_fp32_8x4x4_1x4x4_avx512/32/72/real_time",538958,259.707,259.237,ns,,,"8x32x72",,,4,8,4,72,8,32,4,1,4
"dot/dot_fp32_8x4x4_1x4x4_avx512/32/108/real_time",387090,359.555,358.925,ns,,,"8x32x108",,,4,8,4,108,8,32,4,1,4
"dot/dot_fp32_8x4x4_1x4x4_avx512/32/144/real_time",291608,479.848,478.788,ns,,,"8x32x144",,,4,8,4,144,8,32,4,1,4
"dot/dot_fp64_1x32x1_1x8x1_avx512/32/1/real_time",19469041,7.18173,7.16738,ns,,,"1x32x1",,,1,1,32,1,1,32,1,1,8
"dot/dot_fp64_1x32x1_1x8x1_avx512/32/23/real_time",5494328,25.4811,25.4306,ns,,,"1x32x23",,,1,1,32,23,1,32,1,1,8
"dot/dot_fp64_1x32x1_1x8x1_avx512/32/46/real_time",2827954,49.5325,49.4287,ns,,,"1x32x46",,,1,1,32,46,1,32,1,1,8
"dot/dot_fp64_1x32x1_1x8x1_avx512/32/69/real_time",1916001,73.1365,72.9817,ns,,,"1x32x69",,,1,1,32,69,1,32,1,1,8
"dot/dot_fp64_1x32x1_1x8x1_avx512/32/92/real_time",1460297,96.196,95.9929,ns,,,"1x32x92",,,1,1,32,92,1,32,1,1,8
"dot/dot_fp64_1x32x1_1x8x1_avx512/64/1/real_time",15027613,9.28021,9.26305,ns,,,"1x64x1",,,1,1,32,1,1,64,1,1,8
"dot/dot_fp64_1x32x1_1x8x1_avx512/64/11/real_time",5276570,26.3267,26.2702,ns,,,"1x64x11",,,1,1,32,11,1,64,1,1,8
"dot/dot_fp64_1x32x1_1x8x1_avx512/64/23/real_time",2988174,46.8877,46.7796,ns,,,"1x64x23",,,1,1,32,23,1,64,1,1,8
"dot/dot_fp64_1x32x1_1x8x1_avx512/64/34/real_time",2019808,68.6287,68.505,ns,,,"1x64x34",,,1,1,32,34,1,64,1,1,8
"dot/dot_fp64_1x32x1_1x8x1_avx512/64/46/real_time",1477616,94.9763,94.8246,ns,,,"1x64x46",,,1,1,32,46,1,64,1,1,8
"dot/dot_fp64_1x32x1_1x8x1_avx512/128/1/real_time",9855049,14.2814,14.2538,ns,,,"1x128x1",,,1,1,32,1,1,128,1,1,8
"dot/dot_fp64_1x32x1_1x8x1_avx512/128/5/real_time",5072346,27.3922,27.34,ns,,,"1x128x5",,,1,1,32,5,1,128,1,1,8
"dot/dot_fp64_1x32x1_1x8x1_avx512/128/11/real_time",2790137,49.8757,49.7777,ns,,,"1x128x11",,,1,1,32,11,1,128,1,1,8
"dot/dot_fp64_1x32x1_1x8x1_avx512/128/16/real_time",2124980,65.8794,65.7197,ns,,,"1x128x16",,,1,1,32,16,1,128,1,1,8
"dot/dot_fp64_1x32x1_1x8x1_avx512/128/22/real_time",1618404,86.5714,86.3522,ns,,,"1x128x22",,,1,1,32,22,1,128,1,1,8
"dot/dot_fp64_1x32x1_1x8x1_avx512/256/1/real_time",5543428,24.954,24.9073,ns,,,"1x256x1",,,1,1,32,1,1,256,1,1,8
"dot/dot_fp64_1x32x1_1x8x1_avx512/256/2/real_time",4548036,30.8649,30.7756,ns,,,"1x256x2",,,1,1,32,2,1,256,1,1,8
"dot/dot_fp64_1x32x1_1x8x1_avx512/256/5/real_time",2621687,53.2335,53.1239,ns,,,"1x256x5",,,1,1,32,5,1,256,1,1,8
"dot/dot_fp64_1x32x1_1x8x1_avx512/256/7/real_time",2089051,66.8966,66.7772,ns,,,"1x256x7",,,1,1,32,7,1,256,1,1,8
"dot/dot_fp64_1x32x1_1x8x1_avx512/256/10/real_time",1637147,85.5112,85.3243,ns,,,"1x256x10",,,1,1,32,10,1,256,1,1,8
"dot/dot_fp64_2x32x1_1x8x1_avx512/32/1/real_time",15785485,8.83084,8.81365,ns,,,"2x32x1",,,1,2,32,1,2,32,1,1,8
"dot/dot_fp64_2x32x1_1x8x1_avx512/32/22/real_time",3849194,36.411,36.3478,ns,,,"2x32x22",,,1,2,32,22,2,32,1,1,8
"dot/dot_fp64_2x32x1_1x8x1_avx512/32/44/real_time",1939535,72.2141,72.014,ns,,,"2x32x44",,,1,2,32,44,2,32,1,1,8
"dot/dot_fp64_2x32x1_1x8x1_avx512/32/66/real_time",1406511,99.2293,98.9689,ns,,,"2x32x66",,,1,2,32,66,2,32,1,1,8
"dot/dot_fp64_2x32x1_1x8x1_avx512/32/88/real_time",1095275,128.357,127.998,ns,,,"2x32x88",,,1,2,32,88,2,32,1,1,8
"dot/dot_fp64_2x32x1_1x8x1_avx512/64/1/real_time",11063347,12.7337,12.6816,ns,,,"2x64x1",,,1,2,32,1,2,64,1,1,8
"dot/dot_fp64_2x32x1_1x8x1_avx512/64/11/real_time",3579606,39.136,38.9562,ns,,,"2x64x11",,,1,2,32,11,2,64,1,1,8
"dot/dot_fp64_2x32x1_1x8x1_avx512/64/22/real_time",2019937,69.3176,69.0101,ns,,,"2x64x22",,,1,2,32,22,2,64,1,1,8
"dot/dot_fp64_2x32x1_1x8x1_avx512/64/33/real_time",1323259,106.689,106.37,ns,,,"2x64x33",,,1,2,32,33,2,64,1,1,8
"dot/dot_fp64_2x32x1_1x8x1_avx512/64/44/real_time",1027906,137.071,136.572,ns,,,"2x64x44",,,1,2,32,44,2,64,1,1,8
"dot/dot_fp64_2x32x1_1x8x1_avx512/128/1/real_time",6816425,20.6854,20.6199,ns,,,"2x128x1",,,1,2,32,1,2,128,1,1,8
"dot/dot_fp64_2x32x1_1x8x1_avx512/128/5/real_time",3411462,41.0771,40.9401,ns,,,"2x128x5",,,1,2,32,5,2,128,1,1,8
"dot/dot_fp64_2x32x1_1x8x1_avx512/128/10/real_time",2023194,69.1232,68.9208,ns,,,"2x128x10",,,1,2,32,10,2,128,1,1,8
"dot/dot_fp64_2x32x1_1x8x1_avx512/128/15/real_time",1436139,97.3609,97.0629,ns,,,"2x128x15",,,1,2,32,15,2,128,1,1,8
"dot/dot_fp64_2x32x1_1x8x1_avx512/128/21/real_time",1062751,131.56,131.135,ns,,,"2x128x21",,,1,2,32,21,2,128,1,1,8
"dot/dot_fp64_2x32x1_1x8x1_avx512/256/1/real_time",3949775,35.4729,35.3809,ns,,,"2x256x1",,,1,2,32,1,2,256,1,1,8
"dot/dot_fp64_2x32x1_1x8x1_avx512/256/2/real_time",3273947,42.7905,42.6448,ns,,,"2x256x2",,,1,2,32,2,2,256,1,1,8
"dot/dot_fp64_2x32x1_1x8x1_avx512/256/4/real_time",2027947,69.4242,69.197,ns,,,"2x256x4",,,1,2,32,4,2,256,1,1,8
"dot/dot_fp64_2x32x1_1x8x1_avx512/256/6/real_time",1558405,89.7871,89.5154,ns,,,"2x256x6",,,1,2,32,6,2,256,1,1,8
"dot/dot_fp64_2x32x1_1x8x1_avx512/256/9/real_time",1133243,124.115,123.783,ns,,,"2x256x9",,,1,2,32,9,2,256,1,1,8
"dot/dot_fp64_3x32x1_1x8x1_avx512/32/1/real_time",12989578,10.3122,10.2812,ns,,,"3x32x1",,,1,3,32,1,3,32,1,1,8
"dot/dot_fp64_3x32x1_1x8x1_avx512/32/21/real_time",2985371,46.943,46.8159,ns,,,"3x32x21",,,1,3,32,21,3,32,1,1,8
"dot/dot_fp64_3x32x1_1x8x1_avx512/32/42/real_time",1605825,87.3329,87.0698,ns,,,"3x32x42",,,1,3,32,42,3,32,1,1,8
"dot/dot_fp64_3x32x1_1x8x1_avx512/32/63/real_time",1126650,124.296,123.804,ns,,,"3x32x63",,,1,3,32,63,3,32,1,1,8
"dot/dot_fp64_3x32x1_1x8x1_avx512/32/85/real_time",858518,162.572,162.11,ns,,,"3x32x85",,,1,3,32,85,3,32,1,1,8
"dot/dot_fp64_3x32x1_1x8x1_avx512/64/1/real_time",8819176,15.6309,15.5749,ns,,,"3x64x1",,,1,3,32,1,3,64,1,1,8
"dot/dot_fp64_3x32x1_1x8x1_avx512/64/10/real_time",2697854,51.9,51.7183,ns,,,"3x64x10",,,1,3,32,10,3,64,1,1,8
"dot/dot_fp64_3x32x1_1x8x1_avx512/64/21/real_time",1533050,91.2833,90.968,ns,,,"3x64x21",,,1,3,32,21,3,64,1,1,8
"dot/dot_fp64_3x32x1_1x8x1_avx512/64/31/real_time",1092365,128.41,127.933,ns,,,"3x64x31",,,1,3,32,31,3,64,1,1,8
"dot/dot_fp64_3x32x1_1x8x1_avx512/64/42/real_time",832057,167.304,166.686,ns,,,"3x64x42",,,1,3,32,42,3,64,1,1,8
"dot/dot_fp64_3x32x1_1x8x1_avx512/128/1/real_time",5520672,25.6444,25.5717,ns,,,"3x128x1",,,1,3,32,1,3,128,1,1,8
"dot/dot_fp64_3x32x1_1x8x1_avx512/128/5/real_time",2526483,55.3177,55.1778,ns,,,"3x128x5",,,1,3,32,5,3,128,1,1,8
"dot/dot_fp64_3x32x1_1x8x1_avx512/128/10/real_time",1460273,96.1032,95.7998,ns,,,"3x128x10",,,1,3,32,10,3,128,1,1,8
"dot/dot_fp64_3x32x1_1x8x1_avx512/128/15/real_time",1072634,130.424,130.007,ns,,,"3x128x15",,,1,3,32,15,3,128,1,1,8
"dot/dot_fp64_3x32x1_1x8x1_avx512/128/20/real_time",825194,169.254,168.785,ns,,,"3x128x20",,,1,3,32,20,3,128,1,1,8
"dot/dot_fp64_3x32x1_1x8x1_avx512/256/1/real_time",3063049,45.8421,45.7772,ns,,,"3x256x1",,,1,3,32,1,3,256,1,1,8
"dot/dot_fp64_3x32x1_1x8x1_avx512/256/2/real_time",2370233,58.8809,58.7753,ns,,,"3x256x2",,,1,3,32,2,3,256,1,1,8
"dot/dot_fp64_3x32x1_1x8x1_avx512/256/4/real_time",1555143,90.2553,90.0888,ns,,,"3x256x4",,,1,3,32,4,3,256,1,1,8
"dot/dot_fp64_3x32x1_1x8x1_avx512/256/6/real_time",1169056,119.841,119.634,ns,,,"3x256x6",,,1,3,32,6,3,256,1,1,8
"dot/dot_fp64_3x32x1_1x8x1_avx512/256/8/real_time",909216,153.995,153.72,ns,,,"3x256x8",,,1,3,32,8,3,256,1,1,8
"dot/dot_fp64_4x32x1_1x8x1_avx512/32/1/real_time",11329127,12.3284,12.3025,ns,,,"4x32x1",,,1,4,32,1,4,32,1,1,8
"dot/dot_fp64_4x32x1_1x8x1_avx512/32/20/real_time",2493578,56.0924,55.9817,ns,,,"4x32x20",,,1,4,32,20,4,32,1,1,8
"dot/dot_fp64_4x32x1_1x8x1_avx512/32/40/real_time",1334613,103.331,103.146,ns,,,"4x32x40",,,1,4,32,40,4,32,1,1,8
"dot/dot_fp64_4x32x1_1x8x1_avx512/32/60/real_time",946686,148.311,148.044,ns,,,"4x32x60",,,1,4,32,60,4,32,1,1,8
"dot/dot_fp64_4x32x1_1x8x1_avx512/32/81/real_time",712448,194.564,194.248,ns,,,"4x32x81",,,1,4,32,81,4,32,1,1,8
"dot/dot_fp64_4x32x1_1x8x1_avx512/64/1/real_time",7122494,19.4616,19.4204,ns,,,"4x64x1",,,1,4,32,1,4,64,1,1,8
"dot/dot_fp64_4x32x1_1x8x1_avx512/64/10/real_time",2386312,58.6776,58.5779,ns,,,"4x64x10",,,1,4,32,10,4,64,1,1,8
"dot/dot_fp64_4x32x1_1x8x1_avx512/64/20/real_time",1348843,104.01,103.736,ns,,,"4x64x20",,,1,4,32,20,4,64,1,1,8
"dot/dot_fp64_4x32x1_1x8x1_avx512/64/30/real_time",885508,157.33,156.853,ns,,,"4x64x30",,,1,4,32,30,4,64,1,1,8
"dot/dot_fp64_4x32x1_1x8x1_avx512/64/41/real_time",667203,206.724,205.887,ns,,,"4x64x41",,,1,4,32,41,4,64,1,1,8
"dot/dot_fp64_4x32x1_1x8x1_avx512/128/1/real_time",4502535,31.3165,31.2091,ns,,,"4x128x1",,,1,4,32,1,4,128,1,1,8
"dot/dot_fp64_4x32x1_1x8x1_avx512/128/4/real_time",2354279,59.6729,59.4792,ns,,,"4x128x4",,,1,4,32,4,4,128,1,1,8
"dot/dot_fp64_4x32x1_1x8x1_avx512/128/9/real_time",1292253,108.398,108.038,ns,,,"4x128x9",,,1,4,32,9,4,128,1,1,8
"dot/dot_fp64_4x32x1_1x8x1_avx512/128/14/real_time",915104,152.407,151.828,ns,,,"4x128x14",,,1,4,32,14,4,128,1,1,8
"dot/dot_fp64_4x32x1_1x8x1_avx512/128/19/real_time",704178,198.804,198.111,ns,,,"4x128x19",,,1,4,32,19,4,128,1,1,8
"dot/dot_fp64_4x32x1_1x8x1_avx512/256/1/real_time",2455907,56.5278,56.2922,ns,,,"4x256x1",,,1,4,32,1,4,256,1,1,8
"dot/dot_fp64_4x32x1_1x8x1_avx512/256/3/real_time",1486122,94.676,94.333,ns,,,"4x256x3",,,1,4,32,3,4,256,1,1,8
"dot/dot_fp64_4x32x1_1x8x1_avx512/256/5/real_time",1074013,130.236,129.82,ns,,,"4x256x5",,,1,4,32,5,4,256,1,1,8
"dot/dot_fp64_4x32x1_1x8x1_avx512/256/7/real_time",779915,179.594,179.006,ns,,,"4x256x7",,,1,4,32,7,4,256,1,1,8
"dot/dot_fp64_5x32x1_1x8x1_avx512/32/1/real_time",9626260,14.39,14.338,ns,,,"5x32x1",,,1,5,32,1,5,32,1,1,8
"dot/dot_fp64_5x32x1_1x8x1_avx512/32/19/real_time",2119637,65.9895,65.7377,ns,,,"5x32x19",,,1,5,32,19,5,32,1,1,8
"dot/dot_fp64_5x32x1_1x8x1_avx512/32/39/real_time",1118597,124.02,123.62,ns,,,"5x32x39",,,1,5,32,39,5,32,1,1,8
"dot/dot_fp64_5x32x1_1x8x1_avx512/32/58/real_time",788426,177.304,176.662,ns,,,"5x32x58",,,1,5,32,58,5,32,1,1,8
"dot/dot_fp64_5x32x1_1x8x1_avx512/32/78/real_time",599375,234.21,233.583,ns,,,"5x32x78",,,1,5,32,78,5,32,1,1,8
"dot/dot_fp64_5x32x1_1x8x1_avx512/64/1/real_time",6342812,22.1416,22.0612,ns,,,"5x64x1",,,1,5,32,1,5,64,1,1,8
"dot/dot_fp64_5x32x1_1x8x1_avx512/64/9/real_time",2155357,64.9969,64.8128,ns,,,"5x64x9",,,1,5,32,9,5,64,1,1,8
"dot/dot_fp64_5x32x1_1x8x1_avx512/64/19/real_time",1158823,120.699,120.366,ns,,,"5x64x19",,,1,5,32,19,5,64,1,1,8
"dot/dot_fp64_5x32x1_1x8x1_avx512/64/29/real_time",761539,184.494,183.777,ns,,,"5x64x29",,,1,5,32,29,5,64,1,1,8
"dot/dot_fp64_5x32x1_1x8x1_avx512/64/39/real_time",585028,240.401,239.571,ns,,,"5x64x39",,,1,5,32,39,5,64,1,1,8
"dot/dot_fp64_5x32x1_1x8x1_avx512/128/1/real_time",3764774,37.2185,37.1092,ns,,,"5x128x1",,,1,5,32,1,5,128,1,1,8
"dot/dot_fp64_5x32x1_1x8x1_avx512/128/4/real_time",1927381,72.7592,72.5468,ns,,,"5x128x4",,,1,5,32,4,5,128,1,1,8
"dot/dot_fp64_5x32x1_1x8x1_avx512/128/9/real_time",1119387,124.683,124.341,ns,,,"5x128x9",,,1,5,32,9,5,128,1,1,8
"dot/dot_fp64_5x32x1_1x8x1_avx512/128/13/real_time",828308,168.462,167.926,ns,,,"5x128x13",,,1,5,32,13,5,128,1,1,8
"dot/dot_fp64_5x32x1_1x8x1_avx512/128/18/real_time",627172,223.435,222.777,ns,,,"5x128x18",,,1,5,32,18,5,128,1,1,8
"dot/dot_fp64_5x32x1_1x8x1_avx512/256/1/real_time",2046494,68.762,68.5601,ns,,,"5x256x1",,,1,5,32,1,5,256,1,1,8
"dot/dot_fp64_5x32x1_1x8x1_avx512/256/3/real_time",1218507,114.671,114.392,ns,,,"5x256x3",,,1,5,32,3,5,256,1,1,8
"dot/dot_fp64_5x32x1_1x8x1_avx512/256/4/real_time",1037590,135.019,134.628,ns,,,"5x256x4",,,1,5,32,4,5,256,1,1,8
"dot/dot_fp64_5x32x1_1x8x1_avx512/256/6/real_time",734831,189.678,189.189,ns,,,"5x256x6",,,1,5,32,6,5,256,1,1,8
"dot/dot_fp64_1x16x1_1x8x1_avx512/16/1/real_time",20869849,6.73115,6.70879,ns,,,"1x16x1",,,1,1,16,1,1,16,1,1,8
"dot/dot_fp64_1x16x1_1x8x1_avx512/16/44/real_time",4482527,31.3463,31.2308,ns,,,"1x16x44",,,1,1,16,44,1,16,1,1,8
"dot/dot_fp64_1x16x1_1x8x1_avx512/16/89/real_time",2207740,63.2858,63.1039,ns,,,"1x16x89",,,1,1,16,89,1,16,1,1,8
"dot/dot_fp64_1x16x1_1x8x1_avx512/16/134/real_time",1333167,104.676,104.349,ns,,,"1x16x134",,,1,1,16,134,1,16,1,1,8
"dot/dot_fp64_1x16x1_1x8x1_avx512/16/179/real_time",933932,149.811,149.34,ns,,,"1x16x179",,,1,1,16,179,1,16,1,1,8
"dot/dot_fp64_1x16x1_1x8x1_avx512/32/1/real_time",16381330,8.57246,8.543,ns,,,"1x32x1",,,1,1,16,1,1,32,1,1,8
"dot/dot_fp64_1x16x1_1x8x1_avx512/32/23/real_time",4295123,32.5837,32.4742,ns,,,"1x32x23",,,1,1,16,23,1,32,1,1,8
"dot/dot_fp64_1x16x1_1x8x1_avx512/32/46/real_time",2299335,60.7722,60.5915,ns,,,"1x32x46",,,1,1,16,46,1,32,1,1,8
"dot/dot_fp64_1x16x1_1x8x1_avx512/32/69/real_time",1488973,93.2784,93.022,ns,,,"1x32x69",,,1,1,16,69,1,32,1,1,8
"dot/dot_fp64_1x16x1_1x8x1_avx512/32/92/real_time",1126792,124.277,123.838,ns,,,"1x32x92",,,1,1,16,92,1,32,1,1,8
"dot/dot_fp64_1x16x1_1x8x1_avx512/64/1/real_time",11217575,12.4111,12.362,ns,,,"1x64x1",,,1,1,16,1,1,64,1,1,8
"dot/dot_fp64_1x16x1_1x8x1_avx512/64/11/real_time",4129106,33.791,33.6909,ns,,,"1x64x11",,,1,1,16,11,1,64,1,1,8
"dot/dot_fp64_1x16x1_1x8x1_avx512/64/23/real_time",2306219,60.7886,60.6026,ns,,,"1x64x23",,,1,1,16,23,1,64,1,1,8
"dot/dot_fp64_1x16x1_1x8x1_avx512/64/34/real_time",1558173,90.4033,90.0855,ns,,,"1x64x34",,,1,1,16,34,1,64,1,1,8
"dot/dot_fp64_1x16x1_1x8x1_avx512/64/46/real_time",1163898,119.732,119.317,ns,,,"1x64x46",,,1,1,16,46,1,64,1,1,8
"dot/dot_fp64_1x16x1_1x8x1_avx512/128/1/real_time",6793407,20.5945,20.5232,ns,,,"1x128x1",,,1,1,16,1,1,128,1,1,8
"dot/dot_fp64_1x16x1_1x8x1_avx512/128/5/real_time",3643219,38.3696,38.2312,ns,,,"1x128x5",,,1,1,16,5,1,128,1,1,8
"dot/dot_fp64_1x16x1_1x8x1_avx512/128/11/real_time",2205827,63.3519,63.1581,ns,,,"1x128x11",,,1,1,16,11,1,128,1,1,8
"dot/dot_fp64_1x16x1_1x8x1_avx512/128/16/real_time",1623124,86.176,85.9162,ns,,,"1x128x16",,,1,1,16,16,1,128,1,1,8
"dot/dot_fp64_1x16x1_1x8x1_avx512/128/22/real_time",1239237,113.088,112.75,ns,,,"1x128x22",,,1,1,16,22,1,128,1,1,8
"dot/dot_fp64_2x16x1_1x8x1_avx512/16/1/real_time",17226783,8.11995,8.0991,ns,,,"2x16x1",,,1,2,16,1,2,16,1,1,8
"dot/dot_fp64_2x16x1_1x8x1_avx512/16/42/real_time",3125704,44.9861,44.8637,ns,,,"2x16x42",,,1,2,16,42,2,16,1,1,8
"dot/dot_fp64_2x16x1_1x8x1_avx512/16/84/real_time",1581858,88.4947,88.2078,ns,,,"2x16x84",,,1,2,16,84,2,16,1,1,8
"dot/dot_fp64_2x16x1_1x8x1_avx512/16/126/real_time",1063157,131.473,131.034,ns,,,"2x16x126",,,1,2,16,126,2,16,1,1,8
"dot/dot_fp64_2x16x1_1x8x1_avx512/16/168/real_time",803089,174.519,173.855,ns,,,"2x16x168",,,1,2,16,168,2,16,1,1,8
"dot/dot_fp64_2x16x1_1x8x1_avx512/32/1/real_time",12919819,10.8198,10.7767,ns,,,"2x32x1",,,1,2,16,1,2,32,1,1,8
"dot/dot_fp64_2x16x1_1x8x1_avx512/32/22/real_time",3050975,46.3977,46.2527,ns,,,"2x32x22",,,1,2,16,22,2,32,1,1,8
"dot/dot_fp64_2x16x1_1x8x1_avx512/32/44/real_time",1560144,89.8882,89.5653,ns,,,"2x32x44",,,1,2,16,44,2,32,1,1,8
"dot/dot_fp64_2x16x1_1x8x1_avx512/32/66/real_time",1035656,135.278,134.87,ns,,,"2x32x66",,,1,2,16,66,2,32,1,1,8
"dot/dot_fp64_2x16x1_1x8x1_avx512/32/88/real_time",773263,180.996,180.42,ns,,,"2x32x88",,,1,2,16,88,2,32,1,1,8
"dot/dot_fp64_2x16x1_1x8x1_avx512/64/1/real_time",8441055,16.5405,16.4825,ns,,,"2x64x1",,,1,2,16,1,2,64,1,1,8
"dot/dot_fp64_2x16x1_1x8x1_avx512/64/11/real_time",2934261,47.7019,47.5729,ns,,,"2x64x11",,,1,2,16,11,2,64,1,1,8
"dot/dot_fp64_2x16x1_1x8x1_avx512/64/22/real_time",1601806,87.2946,87.0559,ns,,,"2x64x22",,,1,2,16,22,2,64,1,1,8
"dot/dot_fp64_2x16x1_1x8x1_avx512/64/33/real_time",1083102,131.465,130.996,ns,,,"2x64x33",,,1,2,16,33,2,64,1,1,8
"dot/dot_fp64_2x16x1_1x8x1_avx512/64/44/real_time",807155,173.676,173.156,ns,,,"2x64x44",,,1,2,16,44,2,64,1,1,8
"dot/dot_fp64_2x16x1_1x8x1_avx512/128/1/real_time",5166501,27.3024,27.22,ns,,,"2x128x1",,,1,2,16,1,2,128,1,1,8
"dot/dot_fp64_2x16x1_1x8x1_avx512/128/5/real_time",2533917,54.5728,54.3725,ns,,,"2x128x5",,,1,2,16,5,2,128,1,1,8
"dot/dot_fp64_2x16x1_1x8x1_avx512/128/10/real_time",1738532,81.0032,80.7832,ns,,,"2x128x10",,,1,2,16,10,2,128,1,1,8
"dot/dot_fp64_2x16x1_1x8x1_avx512/128/15/real_time",1232793,115.058,114.69,ns,,,"2x128x15",,,1,2,16,15,2,128,1,1,8
"dot/dot_fp64_2x16x1_1x8x1_avx512/128/21/real_time",851167,163.153,162.634,ns,,,"2x128x21",,,1,2,16,21,2,128,1,1,8
"dot/dot_fp64_3x16x1_1x8x1_avx512/16/1/real_time",15052680,9.30144,9.27182,ns,,,"3x16x1",,,1,3,16,1,3,16,1,1,8
"dot/dot_fp64_3x16x1_1x8x1_avx512/16/39/real_time",2626500,53.4552,53.3005,ns,,,"3x16x39",,,1,3,16,39,3,16,1,1,8
"dot/dot_fp64_3x16x1_1x8x1_avx512/16/79/real_time",1434519,97.6251,97.3196,ns,,,"3x16x79",,,1,3,16,79,3,16,1,1,8
"dot/dot_fp64_3x16x1_1x8x1_avx512/16/119/real_time",995214,141.147,140.678,ns,,,"3x16x119",,,1,3,16,119,3,16,1,1,8
"dot/dot_fp64_3x16x1_1x8x1_avx512/16/159/real_time",757114,184.67,183.985,ns,,,"3x16x159",,,1,3,16,159,3,16,1,1,8
"dot/dot_fp64_3x16x1_1x8x1_avx512/32/1/real_time",10848327,12.853,12.8127,ns,,,"3x32x1",,,1,3,16,1,3,32,1,1,8
"dot/dot_fp64_3x16x1_1x8x1_avx512/32/21/real_time",2659107,52.8104,52.6504,ns,,,"3x32x21",,,1,3,16,21,3,32,1,1,8
"dot/dot_fp64_3x16x1_1x8x1_avx512/32/42/real_time",1314630,106.782,106.476,ns,,,"3x32x42",,,1,3,16,42,3,32,1,1,8
"dot/dot_fp64_3x16x1_1x8x1_avx512/32/63/real_time",904477,154.594,154.198,ns,,,"3x32x63",,,1,3,16,63,3,32,1,1,8
"dot/dot_fp64_3x16x1_1x8x1_avx512/32/85/real_time",690895,203.26,202.624,ns,,,"3x32x85",,,1,3,16,85,3,32,1,1,8
"dot/dot_fp64_3x16x1_1x8x1_avx512/64/1/real_time",6900822,20.602,20.5384,ns,,,"3x64x1",,,1,3,16,1,3,64,1,1,8
"dot/dot_fp64_3x16x1_1x8x1_avx512/64/10/real_time",2500804,55.7129,55.5513,ns,,,"3x64x10",,,1,3,16,10,3,64,1,1,8
"dot/dot_fp64_3x16x1_1x8x1_avx512/64/21/real_time",1000000,100.35,100.066,ns,,,"3x64x21",,,1,3,16,21,3,64,1,1,8
"dot/dot_fp64_3x16x1_1x8x1_avx512/64/31/real_time",900631,155.587,155.091,ns,,,"3x64x31",,,1,3,16,31,3,64,1,1,8
"dot/dot_fp64_3x16x1_1x8x1_avx512/64/42/real_time",676329,205.889,205.343,ns,,,"3x64x42",,,1,3,16,42,3,64,1,1,8
"dot/dot_fp64_3x16x1_1x8x1_avx512/128/1/real_time",3957947,35.4665,35.3524,ns,,,"3x128x1",,,1,3,16,1,3,128,1,1,8
"dot/dot_fp64_3x16x1_1x8x1_avx512/128/5/real_time",2004883,69.677,69.4684,ns,,,"3x128x5",,,1,3,16,5,3,128,1,1,8
"dot/dot_fp64_3x16x1_1x8x1_avx512/128/10/real_time",1308468,106.773,106.41,ns,,,"3x128x10",,,1,3,16,10,3,128,1,1,8
"dot/dot_fp64_3x16x1_1x8x1_avx512/128/15/real_time",956710,148.612,148.156,ns,,,"3x128x15",,,1,3,16,15,3,128,1,1,8
"dot/dot_fp64_3x16x1_1x8x1_avx512/128/20/real_time",715362,194.741,194.033,ns,,,"3x128x20",,,1,3,16,20,3,128,1,1,8
"dot/dot_fp64_4x16x1_1x8x1_avx512/16/1/real_time",13227966,10.3405,10.3088,ns,,,"4x16x1",,,1,4,16,1,4,16,1,1,8
"dot/dot_fp64_4x16x1_1x8x1_avx512/16/37/real_time",2418132,58.1065,57.9157,ns,,,"4x16x37",,,1,4,16,37,4,16,1,1,8
"dot/dot_fp64_4x16x1_1x8x1_avx512/16/75/real_time",1310829,106.831,106.486,ns,,,"4x16x75",,,1,4,16,75,4,16,1,1,8
"dot/dot_fp64_4x16x1_1x8x1_avx512/16/112/real_time",883802,157.669,157.219,ns,,,"4x16x112",,,1,4,16,112,4,16,1,1,8
"dot/dot_fp64_4x16x1_1x8x1_avx512/16/150/real_time",693051,201.803,201.197,ns,,,"4x16x150",,,1,4,16,150,4,16,1,1,8
"dot/dot_fp64_4x16x1_1x8x1_avx512/32/1/real_time",9093889,15.3169,15.2684,ns,,,"4x32x1",,,1,4,16,1,4,32,1,1,8
"dot/dot_fp64_4x16x1_1x8x1_avx512/32/20/real_time",2223664,62.806,62.6037,ns,,,"4x32x20",,,1,4,16,20,4,32,1,1,8
"dot/dot_fp64_4x16x1_1x8x1_avx512/32/40/real_time",1192372,118.272,117.859,ns,,,"4x32x40",,,1,4,16,40,4,32,1,1,8
"dot/dot_fp64_4x16x1_1x8x1_avx512/32/60/real_time",832957,165.884,165.342,ns,,,"4x32x60",,,1,4,16,60,4,32,1,1,8
"dot/dot_fp64_4x16x1_1x8x1_avx512/32/81/real_time",640917,219.195,218.542,ns,,,"4x32x81",,,1,4,16,81,4,32,1,1,8
"dot/dot_fp64_4x16x1_1x8x1_avx512/64/1/real_time",5348591,24.8963,24.8139,ns,,,"4x64x1",,,1,4,16,1,4,64,1,1,8
"dot/dot_fp64_4x16x1_1x8x1_avx512/64/10/real_time",2046110,68.6486,68.3912,ns,,,"4x64x10",,,1,4,16,10,4,64,1,1,8
"dot/dot_fp64_4x16x1_1x8x1_avx512/64/20/real_time",1147059,121.47,120.954,ns,,,"4x64x20",,,1,4,16,20,4,64,1,1,8
"dot/dot_fp64_4x16x1_1x8x1_avx512/64/30/real_time",791667,174.415,173.628,ns,,,"4x64x30",,,1,4,16,30,4,64,1,1,8
"dot/dot_fp64_4x16x1_1x8x1_avx512/64/41/real_time",604617,231.903,231.141,ns,,,"4x64x41",,,1,4,16,41,4,64,1,1,8
"dot/dot_fp64_4x16x1_1x8x1_avx512/128/1/real_time",3373244,41.0235,40.8863,ns,,,"4x128x1",,,1,4,16,1,4,128,1,1,8
"dot/dot_fp64_4x16x1_1x8x1_avx512/128/4/real_time",1973189,71.1399,70.8963,ns,,,"4x128x4",,,1,4,16,4,4,128,1,1,8
"dot/dot_fp64_4x16x1_1x8x1_avx512/128/9/real_time",1136208,123.093,122.725,ns,,,"4x128x9",,,1,4,16,9,4,128,1,1,8
"dot/dot_fp64_4x16x1_1x8x1_avx512/128/14/real_time",769717,184.244,183.601,ns,,,"4x128x14",,,1,4,16,14,4,128,1,1,8
"dot/dot_fp64_4x16x1_1x8x1_avx512/128/19/real_time",620339,225.266,224.51,ns,,,"4x128x19",,,1,4,16,19,4,128,1,1,8
"dot/dot_fp64_5x16x1_1x8x1_avx512/16/1/real_time",11875128,11.684,11.6439,ns,,,"5x16x1",,,1,5,16,1,5,16,1,1,8
"dot/dot_fp64_5x16x1_1x8x1_avx512/16/35/real_time",2136020,65.3849,65.1999,ns,,,"5x16x35",,,1,5,16,35,5,16,1,1,8
"dot/dot_fp64_5x16x1_1x8x1_avx512/16/71/real_time",1170735,121.025,120.707,ns,,,"5x16x71",,,1,5,16,71,5,16,1,1,8
"dot/dot_fp64_5x16x1_1x8x1_avx512/16/106/real_time",813898,172.787,172.286,ns,,,"5x16x106",,,1,5,16,106,5,16,1,1,8
"dot/dot_fp64_5x16x1_1x8x1_avx512/16/142/real_time",618218,228.081,227.278,ns,,,"5x16x142",,,1,5,16,142,5,16,1,1,8
"dot/dot_fp64_5x16x1_1x8x1_avx512/32/1/real_time",8109984,17.259,17.1736,ns,,,"5x32x1",,,1,5,16,1,5,32,1,1,8
"dot/dot_fp64_5x16x1_1x8x1_avx512/32/19/real_time",1933476,72.256,71.9993,ns,,,"5x32x19",,,1,5,16,19,5,32,1,1,8
"dot/dot_fp64_5x16x1_1x8x1_avx512/32/39/real_time",1038335,135.401,134.997,ns,,,"5x32x39",,,1,5,16,39,5,32,1,1,8
"dot/dot_fp64_5x16x1_1x8x1_avx512/32/58/real_time",718685,193.7,193.009,ns,,,"5x32x58",,,1,5,16,58,5,32,1,1,8
"dot/dot_fp64_5x16x1_1x8x1_avx512/32/78/real_time",550339,254.51,253.653,ns,,,"5x32x78",,,1,5,16,78,5,32,1,1,8
"dot/dot_fp64_5x16x1_1x8x1_avx512/64/1/real_time",5154481,27.3001,27.2184,ns,,,"5x64x1",,,1,5,16,1,5,64,1,1,8
"dot/dot_fp64_5x16x1_1x8x1_avx512/64/9/real_time",1843101,75.5966,75.3446,ns,,,"5x64x9",,,1,5,16,9,5,64,1,1,8
"dot/dot_fp64_5x16x1_1x8x1_avx512/64/19/real_time",1009862,138.558,138.037,ns,,,"5x64x19",,,1,5,16,19,5,64,1,1,8
"dot/dot_fp64_5x16x1_1x8x1_avx512/64/29/real_time",694661,203.826,203.235,ns,,,"5x64x29",,,1,5,16,29,5,64,1,1,8
"dot/dot_fp64_5x16x1_1x8x1_avx512/64/39/real_time",533469,263.981,263.283,ns,,,"5x64x39",,,1,5,16,39,5,64,1,1,8
"dot/dot_fp64_5x16x1_1x8x1_avx512/128/1/real_time",2881716,48.4529,48.3051,ns,,,"5x128x1",,,1,5,16,1,5,128,1,1,8
"dot/dot_fp64_5x16x1_1x8x1_avx512/128/4/real_time",1639071,84.7504,84.5164,ns,,,"5x128x4",,,1,5,16,4,5,128,1,1,8
"dot/dot_fp64_5x16x1_1x8x1_avx512/128/9/real_time",974900,143.373,142.954,ns,,,"5x128x9",,,1,5,16,9,5,128,1,1,8
"dot/dot_fp64_5x16x1_1x8x1_avx512/128/13/real_time",722782,194.284,193.672,ns,,,"5x128x13",,,1,5,16,13,5,128,1,1,8
"dot/dot_fp64_5x16x1_1x8x1_avx512/128/18/real_time",544117,256.929,256.168,ns,,,"5x128x18",,,1,5,16,18,5,128,1,1,8
"dot/dot_fp64_5x8x1_1x8x1_avx512/8/1/real_time",12240142,11.0658,11.0299,ns,,,"5x8x1",,,1,5,8,1,5,8,1,1,8
"dot/dot_fp64_5x8x1_1x8x1_avx512/8/58/real_time",2046674,68.6079,68.4168,ns,,,"5x8x58",,,1,5,8,58,5,8,1,1,8
"dot/dot_fp64_5x8x1_1x8x1_avx512/8/116/real_time",1104679,127.029,126.597,ns,,,"5x8x116",,,1,5,8,116,5,8,1,1,8
"dot/dot_fp64_5x8x1_1x8x1_avx512/8/174/real_time",754038,185.481,184.894,ns,,,"5x8x174",,,1,5,8,174,5,8,1,1,8
"dot/dot_fp64_5x8x1_1x8x1_avx512/8/233/real_time",572145,245.017,244.334,ns,,,"5x8x233",,,1,5,8,233,5,8,1,1,8
"dot/dot_fp64_5x8x1_1x8x1_avx512/16/1/real_time",9766489,14.3469,14.3033,ns,,,"5x16x1",,,1,5,8,1,5,16,1,1,8
"dot/dot_fp64_5x8x1_1x8x1_avx512/16/35/real_time",1620217,85.9674,85.6933,ns,,,"5x16x35",,,1,5,8,35,5,16,1,1,8
"dot/dot_fp64_5x8x1_1x8x1_avx512/16/71/real_time",896717,155.763,155.298,ns,,,"5x16x71",,,1,5,8,71,5,16,1,1,8
"dot/dot_fp64_5x8x1_1x8x1_avx512/16/106/real_time",620104,226.555,225.883,ns,,,"5x16x106",,,1,5,8,106,5,16,1,1,8
"dot/dot_fp64_5x8x1_1x8x1_avx512/16/142/real_time",468381,299.254,298.295,ns,,,"5x16x142",,,1,5,8,142,5,16,1,1,8
"dot/dot_fp64_5x8x1_1x8x1_avx512/32/1/real_time",6452416,21.6745,21.6047,ns,,,"5x32x1",,,1,5,8,1,5,32,1,1,8
"dot/dot_fp64_5x8x1_1x8x1_avx512/32/19/real_time",1587903,88.2986,88.0393,ns,,,"5x32x19",,,1,5,8,19,5,32,1,1,8
"dot/dot_fp64_5x8x1_1x8x1_avx512/32/39/real_time",759436,178.201,177.657,ns,,,"5x32x39",,,1,5,8,39,5,32,1,1,8
"dot/dot_fp64_5x8x1_1x8x1_avx512/32/58/real_time",556773,251.285,250.607,ns,,,"5x32x58",,,1,5,8,58,5,32,1,1,8
"dot/dot_fp64_5x8x1_1x8x1_avx512/32/78/real_time",421659,331.383,330.407,ns,,,"5x32x78",,,1,5,8,78,5,32,1,1,8
"dot/dot_fp64_5x8x1_1x8x1_avx512/64/1/real_time",3811550,36.6159,36.5127,ns,,,"5x64x1",,,1,5,8,1,5,64,1,1,8
"dot/dot_fp64_5x8x1_1x8x1_avx512/64/9/real_time",1473313,95.0046,94.7173,ns,,,"5x64x9",,,1,5,8,9,5,64,1,1,8
"dot/dot_fp64_5x8x1_1x8x1_avx512/64/19/real_time",823746,170.032,169.53,ns,,,"5x64x19",,,1,5,8,19,5,64,1,1,8
"dot/dot_fp64_5x8x1_1x8x1_avx512/64/29/real_time",524719,266.69,265.984,ns,,,"5x64x29",,,1,5,8,29,5,64,1,1,8
"dot/dot_fp64_5x8x1_1x8x1_avx512/64/39/real_time",398676,350.953,349.777,ns,,,"5x64x39",,,1,5,8,39,5,64,1,1,8
"dot/dot_int8_int8_int32_symmetric_b_1x64x4_1x16x4_avx512/64/4/real_time",17129555,8.17708,8.15492,ns,,,"1x64x4",,,4,1,64,4,1,64,4,1,16
"dot/dot_int8_int8_int32_symmetric_b_1x64x4_1x16x4_avx512/64/92/real_time",2142037,65.2785,65.0856,ns,,,"1x64x92",,,4,1,64,92,1,64,4,1,16
"dot/dot_int8_int8_int32_symmetric_b_1x64x4_1x16x4_avx512/64/184/real_time",1065594,131.084,130.71,ns,,,"1x64x184",,,4,1,64,184,1,64,4,1,16
"dot/dot_int8_int8_int32_symmetric_b_1x64x4_1x16x4_avx512/64/276/real_time",715662,195.699,195.148,ns,,,"1x64x276",,,4,1,64,276,1,64,4,1,16
"dot/dot_int8_int8_int32_symmetric_b_1x64x4_1x16x4_avx512/64/372/real_time",530274,263.542,262.62,ns,,,"1x64x372",,,4,1,64,372,1,64,4,1,16
"dot/dot_int8_int8_int32_symmetric_b_1x64x4_1x16x4_avx512/128/4/real_time",11522802,11.9782,11.9423,ns,,,"1x128x4",,,4,1,64,4,1,128,4,1,16
"dot/dot_int8_int8_int32_symmetric_b_1x64x4_1x16x4_avx512/128/44/real_time",2239119,62.5542,62.3502,ns,,,"1x128x44",,,4,1,64,44,1,128,4,1,16
"dot/dot_int8_int8_int32_symmetric_b_1x64x4_1x16x4_avx512/128/92/real_time",1076462,130,129.621,ns,,,"1x128x92",,,4,1,64,92,1,128,4,1,16
"dot/dot_int8_int8_int32_symmetric_b_1x64x4_1x16x4_avx512/128/136/real_time",724269,193.095,192.537,ns,,,"1x128x136",,,4,1,64,136,1,128,4,1,16
"dot/dot_int8_int8_int32_symmetric_b_1x64x4_1x16x4_avx512/128/184/real_time",537380,261.104,260.342,ns,,,"1x128x184",,,4,1,64,184,1,128,4,1,16
"dot/dot_int8_int8_int32_symmetric_b_1x64x4_1x16x4_avx512/256/4/real_time",7495635,18.6432,18.5861,ns,,,"1x256x4",,,4,1,64,4,1,256,4,1,16
"dot/dot_int8_int8_int32_symmetric_b_1x64x4_1x16x4_avx512/256/20/real_time",2337267,59.8277,59.6502,ns,,,"1x256x20",,,4,1,64,20,1,256,4,1,16
"dot/dot_int8_int8_int32_symmetric_b_1x64x4_1x16x4_avx512/256/44/real_time",1125550,124.535,124.134,ns,,,"1x256x44",,,4,1,64,44,1,256,4,1,16
"dot/dot_int8_int8_int32_symmetric_b_1x64x4_1x16x4_avx512/256/64/real_time",774419,180.774,180.261,ns,,,"1x256x64",,,4,1,64,64,1,256,4,1,16
"dot/dot_int8_int8_int32_symmetric_b_1x64x4_1x16x4_avx512/256/88/real_time",563580,248.259,247.547,ns,,,"1x256x88",,,4,1,64,88,1,256,4,1,16
"dot/dot_int8_int8_int32_symmetric_b_1x64x4_1x16x4_avx512/512/4/real_time",4197605,33.2416,33.1492,ns,,,"1x512x4",,,4,1,64,4,1,512,4,1,16
"dot/dot_int8_int8_int32_symmetric_b_1x64x4_1x16x4_avx512/512/8/real_time",2732864,51.1614,50.981,ns,,,"1x512x8",,,4,1,64,8,1,512,4,1,16
"dot/dot_int8_int8_int32_symmetric_b_1x64x4_1x16x4_avx512/512/20/real_time",1176013,114.05,113.722,ns,,,"1x512x20",,,4,1,64,20,1,512,4,1,16
"dot/dot_int8_int8_int32_symmetric_b_1x64x4_1x16x4_avx512/512/28/real_time",885892,158.054,157.561,ns,,,"1x512x28",,,4,1,64,28,1,512,4,1,16
"dot/dot_int8_int8_int32_symmetric_b_1x64x4_1x16x4_avx512/512/40/real_time",620214,225.877,225.165,ns,,,"1x512x40",,,4,1,64,40,1,512,4,1,16
"dot/dot_int8_int8_int32_symmetric_b_1x32x4_1x16x4_avx512/32/4/real_time",19759814,7.06714,7.04686,ns,,,"1x32x4",,,4,1,32,4,1,32,4,1,16
"dot/dot_int8_int8_int32_symmetric_b_1x32x4_1x16x4_avx512/32/184/real_time",1767055,79.2218,78.9877,ns,,,"1x32x184",,,4,1,32,184,1,32,4,1,16
"dot/dot_int8_int8_int32_symmetric_b_1x32x4_1x16x4_avx512/32/368/real_time",884339,158.39,157.885,ns,,,"1x32x368",,,4,1,32,368,1,32,4,1,16
"dot/dot_int8_int8_int32_symmetric_b_1x32x4_1x16x4_avx512/32/552/real_time",591613,237.19,236.5,ns,,,"1x32x552",,,4,1,32,552,1,32,4,1,16
"dot/dot_int8_int8_int32_symmetric_b_1x32x4_1x16x4_avx512/32/740/real_time",441841,317.5,316.595,ns,,,"1x32x740",,,4,1,32,740,1,32,4,1,16
"dot/dot_int8_int8_int32_symmetric_b_1x32x4_1x16x4_avx512/64/4/real_time",14394022,9.68918,9.6619,ns,,,"1x64x4",,,4,1,32,4,1,64,4,1,16
"dot/dot_int8_int8_int32_symmetric_b_1x32x4_1x16x4_avx512/64/92/real_time",1782691,78.5508,78.2961,ns,,,"1x64x92",,,4,1,32,92,1,64,4,1,16
"dot/dot_int8_int8_int32_symmetric_b_1x32x4_1x16x4_avx512/64/184/real_time",887409,157.919,157.424,ns,,,"1x64x184",,,4,1,32,184,1,64,4,1,16
"dot/dot_int8_int8_int32_symmetric_b_1x32x4_1x16x4_avx512/64/276/real_time",589998,237.017,236.345,ns,,,"1x64x276",,,4,1,32,276,1,64,4,1,16
"dot/dot_int8_int8_int32_symmetric_b_1x32x4_1x16x4_avx512/64/372/real_time",438524,319.609,318.518,ns,,,"1x64x372",,,4,1,32,372,1,64,4,1,16
"dot/dot_int8_int8_int32_symmetric_b_1x32x4_1x16x4_avx512/128/4/real_time",9223657,15.1593,15.1179,ns,,,"1x128x4",,,4,1,32,4,1,128,4,1,16
"dot/dot_int8_int8_int32_symmetric_b_1x32x4_1x16x4_avx512/128/44/real_time",1864490,75.1168,74.8824,ns,,,"1x128x44",,,4,1,32,44,1,128,4,1,16
"dot/dot_int8_int8_int32_symmetric_b_1x32x4_1x16x4_avx512/128/92/real_time",888907,157.439,156.96,ns,,,"1x128x92",,,4,1,32,92,1,128,4,1,16
"dot/dot_int8_int8_int32_symmetric_b_1x32x4_1x16x4_avx512/128/136/real_time",598810,233.329,232.649,ns,,,"1x128x136",,,4,1,32,136,1,128,4,1,16
"dot/dot_int8_int8_int32_symmetric_b_1x32x4_1x16x4_avx512/128/184/real_time",443300,316.73,315.838,ns,,,"1x128x184",,,4,1,32,184,1,128,4,1,16
"dot/dot_int8_int8_int32_symmetric_b_1x32x4_1x16x4_avx512/256/4/real_time",5363653,26.0028,25.9228,ns,,,"1x256x4",,,4,1,32,4,1,256,4,1,16
"dot/dot_int8_int8_int32_symmetric_b_1x32x4_1x16x4_avx512/256/20/real_time",1941462,72.1861,71.945,ns,,,"1x256x20",,,4,1,32,20,1,256,4,1,16
"dot/dot_int8_int8_int32_symmetric_b_1x32x4_1x16x4_avx512/256/44/real_time",929421,150.434,150.017,ns,,,"1x256x44",,,4,1,32,44,1,256,4,1,16
"dot/dot_int8_int8_int32_symmetric_b_1x32x4_1x16x4_avx512/256/64/real_time",638663,219.518,218.719,ns,,,"1x256x64",,,4,1,32,64,1,256,4,1,16
"dot/dot_int8_int8_int32_symmetric_b_1x32x4_1x16x4_avx512/256/88/real_time",464692,301.463,300.543,ns,,,"1x256x88",,,4,1,32,88,1,256,4,1,16
"dot/dot_int8_int8_int32_1x64x4_1x16x4_avx512/64/4/real_time",13864267,10.0936,10.0647,ns,,,"1x64x4",,,4,1,64,4,1,64,4,1,16
"dot/dot_int8_int8_int32_1x64x4_1x16x4_avx512/64/92/real_time",1674626,83.5155,83.2529,ns,,,"1x64x92",,,4,1,64,92,1,64,4,1,16
"dot/dot_int8_int8_int32_1x64x4_1x16x4_avx512/64/184/real_time",871967,160.404,159.936,ns,,,"1x64x184",,,4,1,64,184,1,64,4,1,16
"dot/dot_int8_int8_int32_1x64x4_1x16x4_avx512/64/276/real_time",590567,237.341,236.592,ns,,,"1x64x276",,,4,1,64,276,1,64,4,1,16
"dot/dot_int8_int8_int32_1x64x4_1x16x4_avx512/64/372/real_time",440748,317.586,316.504,ns,,,"1x64x372",,,4,1,64,372,1,64,4,1,16
"dot/dot_int8_int8_int32_1x64x4_1x16x4_avx512/128/4/real_time",9616036,14.6083,14.5722,ns,,,"1x128x4",,,4,1,64,4,1,128,4,1,16
"dot/dot_int8_int8_int32_1x64x4_1x16x4_avx512/128/44/real_time",1682296,83.1524,82.8957,ns,,,"1x128x44",,,4,1,64,44,1,128,4,1,16
"dot/dot_int8_int8_int32_1x64x4_1x16x4_avx512/128/92/real_time",853818,163.883,163.444,ns,,,"1x128x92",,,4,1,64,92,1,128,4,1,16
"dot/dot_int8_int8_int32_1x64x4_1x16x4_avx512/128/136/real_time",589123,237.604,236.791,ns,,,"1x128x136",,,4,1,64,136,1,128,4,1,16
"dot/dot_int8_int8_int32_1x64x4_1x16x4_avx512/128/184/real_time",440558,317.379,316.385,ns,,,"1x128x184",,,4,1,64,184,1,128,4,1,16
"dot/dot_int8_int8_int32_1x64x4_1x16x4_avx512/256/4/real_time",5415966,25.7982,25.7165,ns,,,"1x256x4",,,4,1,64,4,1,256,4,1,16
"dot/dot_int8_int8_int32_1x64x4_1x16x4_avx512/256/20/real_time",1731649,80.8234,80.6087,ns,,,"1x256x20",,,4,1,64,20,1,256,4,1,16
"dot/dot_int8_int8_int32_1x64x4_1x16x4_avx512/256/44/real_time",887675,158.093,157.55,ns,,,"1x256x44",,,4,1,64,44,1,256,4,1,16
"dot/dot_int8_int8_int32_1x64x4_1x16x4_avx512/256/64/real_time",628282,223.122,222.392,ns,,,"1x256x64",,,4,1,64,64,1,256,4,1,16
"dot/dot_int8_int8_int32_1x64x4_1x16x4_avx512/256/88/real_time",450928,310.919,310.079,ns,,,"1x256x88",,,4,1,64,88,1,256,4,1,16
"dot/dot_int8_int8_int32_1x64x4_1x16x4_avx512/512/4/real_time",2924867,47.8208,47.6771,ns,,,"1x512x4",,,4,1,64,4,1,512,4,1,16
"dot/dot_int8_int8_int32_1x64x4_1x16x4_avx512/512/8/real_time",1863604,75.1137,74.8974,ns,,,"1x512x8",,,4,1,64,8,1,512,4,1,16
"dot/dot_int8_int8_int32_1x64x4_1x16x4_avx512/512/20/real_time",875540,159.42,158.926,ns,,,"1x512x20",,,4,1,64,20,1,512,4,1,16
"dot/dot_int8_int8_int32_1x64x4_1x16x4_avx512/512/28/real_time",659637,212.386,211.764,ns,,,"1x512x28",,,4,1,64,28,1,512,4,1,16
"dot/dot_int8_int8_int32_1x64x4_1x16x4_avx512/512/40/real_time",493343,284.015,283.144,ns,,,"1x512x40",,,4,1,64,40,1,512,4,1,16
"dot/dot_int8_int8_int32_2x64x4_1x16x4_avx512/64/4/real_time",10039631,13.9124,13.8703,ns,,,"2x64x4",,,4,2,64,4,2,64,4,1,16
"dot/dot_int8_int8_int32_2x64x4_1x16x4_avx512/64/88/real_time",1064020,127.963,127.564,ns,,,"2x64x88",,,4,2,64,88,2,64,4,1,16
"dot/dot_int8_int8_int32_2x64x4_1x16x4_avx512/64/180/real_time",545378,256.359,255.603,ns,,,"2x64x180",,,4,2,64,180,2,64,4,1,16
"dot/dot_int8_int8_int32_2x64x4_1x16x4_avx512/64/272/real_time",362884,385.707,384.596,ns,,,"2x64x272",,,4,2,64,272,2,64,4,1,16
"dot/dot_int8_int8_int32_2x64x4_1x16x4_avx512/64/364/real_time",273251,512.545,511.085,ns,,,"2x64x364",,,4,2,64,364,2,64,4,1,16
"dot/dot_int8_int8_int32_2x64x4_1x16x4_avx512/128/4/real_time",6083930,22.9851,22.9196,ns,,,"2x128x4",,,4,2,64,4,2,128,4,1,16
"dot/dot_int8_int8_int32_2x64x4_1x16x4_avx512/128/44/real_time",1023834,131.408,131.002,ns,,,"2x128x44",,,4,2,64,44,2,128,4,1,16
"dot/dot_int8_int8_int32_2x64x4_1x16x4_avx512/128/88/real_time",550892,254.625,253.903,ns,,,"2x128x88",,,4,2,64,88,2,128,4,1,16
"dot/dot_int8_int8_int32_2x64x4_1x16x4_avx512/128/132/real_time",370035,377.677,376.62,ns,,,"2x128x132",,,4,2,64,132,2,128,4,1,16
"dot/dot_int8_int8_int32_2x64x4_1x16x4_avx512/128/180/real_time",273390,511.72,510.113,ns,,,"2x128x180",,,4,2,64,180,2,128,4,1,16
"dot/dot_int8_int8_int32_2x64x4_1x16x4_avx512/256/4/real_time",3311012,42.514,42.3798,ns,,,"2x256x4",,,4,2,64,4,2,256,4,1,16
"dot/dot_int8_int8_int32_2x64x4_1x16x4_avx512/256/20/real_time",1045906,128.749,128.325,ns,,,"2x256x20",,,4,2,64,20,2,256,4,1,16
"dot/dot_int8_int8_int32_2x64x4_1x16x4_avx512/256/40/real_time",584220,239.597,238.981,ns,,,"2x256x40",,,4,2,64,40,2,256,4,1,16
"dot/dot_int8_int8_int32_2x64x4_1x16x4_avx512/256/60/real_time",398098,351.677,350.453,ns,,,"2x256x60",,,4,2,64,60,2,256,4,1,16
"dot/dot_int8_int8_int32_2x64x4_1x16x4_avx512/256/84/real_time",287333,487.17,485.466,ns,,,"2x256x84",,,4,2,64,84,2,256,4,1,16
"dot/dot_int8_int8_int32_2x64x4_1x16x4_avx512/512/4/real_time",1694540,82.6944,82.47,ns,,,"2x512x4",,,4,2,64,4,2,512,4,1,16
"dot/dot_int8_int8_int32_2x64x4_1x16x4_avx512/512/8/real_time",1098190,126.92,126.553,ns,,,"2x512x8",,,4,2,64,8,2,512,4,1,16
"dot/dot_int8_int8_int32_2x64x4_1x16x4_avx512/512/16/real_time",663536,211.205,210.624,ns,,,"2x512x16",,,4,2,64,16,2,512,4,1,16
"dot/dot_int8_int8_int32_2x64x4_1x16x4_avx512/512/24/real_time",463811,301.562,300.671,ns,,,"2x512x24",,,4,2,64,24,2,512,4,1,16
"dot/dot_int8_int8_int32_2x64x4_1x16x4_avx512/512/36/real_time",321164,435.096,433.785,ns,,,"2x512x36",,,4,2,64,36,2,512,4,1,16
"dot/dot_int8_int8_int32_1x32x4_1x16x4_avx512/32/4/real_time",17112141,8.19213,8.16515,ns,,,"1x32x4",,,4,1,32,4,1,32,4,1,16
"dot/dot_int8_int8_int32_1x32x4_1x16x4_avx512/32/184/real_time",1592813,87.5528,87.2844,ns,,,"1x32x184",,,4,1,32,184,1,32,4,1,16
"dot/dot_int8_int8_int32_1x32x4_1x16x4_avx512/32/368/real_time",825196,169.604,169.022,ns,,,"1x32x368",,,4,1,32,368,1,32,4,1,16
"dot/dot_int8_int8_int32_1x32x4_1x16x4_avx512/32/552/real_time",555173,252.243,251.517,ns,,,"1x32x552",,,4,1,32,552,1,32,4,1,16
"dot/dot_int8_int8_int32_1x32x4_1x16x4_avx512/32/740/real_time",415695,336.657,335.695,ns,,,"1x32x740",,,4,1,32,740,1,32,4,1,16
"dot/dot_int8_int8_int32_1x32x4_1x16x4_avx512/64/4/real_time",11967142,11.7053,11.667,ns,,,"1x64x4",,,4,1,32,4,1,64,4,1,16
"dot/dot_int8_int8_int32_1x32x4_1x16x4_avx512/64/92/real_time",1556337,89.9902,89.7163,ns,,,"1x64x92",,,4,1,32,92,1,64,4,1,16
"dot/dot_int8_int8_int32_1x32x4_1x16x4_avx512/64/184/real_time",816797,171.214,170.731,ns,,,"1x64x184",,,4,1,32,184,1,64,4,1,16
"dot/dot_int8_int8_int32_1x32x4_1x16x4_avx512/64/276/real_time",551569,253.817,253.061,ns,,,"1x64x276",,,4,1,32,276,1,64,4,1,16
"dot/dot_int8_int8_int32_1x32x4_1x16x4_avx512/64/372/real_time",411288,340.274,339.238,ns,,,"1x64x372",,,4,1,32,372,1,64,4,1,16
"dot/dot_int8_int8_int32_1x32x4_1x16x4_avx512/128/4/real_time",7613856,18.3361,18.2853,ns,,,"1x128x4",,,4,1,32,4,1,128,4,1,16
"dot/dot_int8_int8_int32_1x32x4_1x16x4_avx512/128/44/real_time",1555035,90.1643,89.8764,ns,,,"1x128x44",,,4,1,32,44,1,128,4,1,16
"dot/dot_int8_int8_int32_1x32x4_1x16x4_avx512/128/92/real_time",808538,174.31,173.673,ns,,,"1x128x92",,,4,1,32,92,1,128,4,1,16
"dot/dot_int8_int8_int32_1x32x4_1x16x4_avx512/128/136/real_time",552589,253.279,252.493,ns,,,"1x128x136",,,4,1,32,136,1,128,4,1,16
"dot/dot_int8_int8_int32_1x32x4_1x16x4_avx512/128/184/real_time",412376,339.265,338.195,ns,,,"1x128x184",,,4,1,32,184,1,128,4,1,16
"dot/dot_int8_int8_int32_1x32x4_1x16x4_avx512/256/4/real_time",4264392,32.6999,32.5984,ns,,,"1x256x4",,,4,1,32,4,1,256,4,1,16
"dot/dot_int8_int8_int32_1x32x4_1x16x4_avx512/256/20/real_time",1595161,87.7731,87.5185,ns,,,"1x256x20",,,4,1,32,20,1,256,4,1,16
"dot/dot_int8_int8_int32_1x32x4_1x16x4_avx512/256/44/real_time",780979,178.768,178.297,ns,,,"1x256x44",,,4,1,32,44,1,256,4,1,16
"dot/dot_int8_int8_int32_1x32x4_1x16x4_avx512/256/64/real_time",562545,248.089,247.21,ns,,,"1x256x64",,,4,1,32,64,1,256,4,1,16
"dot/dot_int8_int8_int32_1x32x4_1x16x4_avx512/256/88/real_time",425277,329.256,328.325,ns,,,"1x256x88",,,4,1,32,88,1,256,4,1,16
"dot/dot_int8_int8_int32_3x32x4_1x16x4_avx512/32/4/real_time",10401670,13.4592,13.4194,ns,,,"3x32x4",,,4,3,32,4,3,32,4,1,16
"dot/dot_int8_int8_int32_3x32x4_1x16x4_avx512/32/172/real_time",766996,183.205,182.633,ns,,,"3x32x172",,,4,3,32,172,3,32,4,1,16
"dot/dot_int8_int8_int32_3x32x4_1x16x4_avx512/32/344/real_time",387771,362.403,361.425,ns,,,"3x32x344",,,4,3,32,344,3,32,4,1,16
"dot/dot_int8_int8_int32_3x32x4_1x16x4_avx512/32/516/real_time",259883,539.284,537.496,ns,,,"3x32x516",,,4,3,32,516,3,32,4,1,16
"dot/dot_int8_int8_int32_3x32x4_1x16x4_avx512/32/688/real_time",195473,716.269,714.272,ns,,,"3x32x688",,,4,3,32,688,3,32,4,1,16
"dot/dot_int8_int8_int32_3x32x4_1x16x4_avx512/64/4/real_time",7130385,19.6332,19.5708,ns,,,"3x64x4",,,4,3,32,4,3,64,4,1,16
"dot/dot_int8_int8_int32_3x32x4_1x16x4_avx512/64/88/real_time",724505,188.602,188.072,ns,,,"3x64x88",,,4,3,32,88,3,64,4,1,16
"dot/dot_int8_int8_int32_3x32x4_1x16x4_avx512/64/176/real_time",375289,372.765,371.422,ns,,,"3x64x176",,,4,3,32,176,3,64,4,1,16
"dot/dot_int8_int8_int32_3x32x4_1x16x4_avx512/64/264/real_time",252047,555.17,553.667,ns,,,"3x64x264",,,4,3,32,264,3,64,4,1,16
"dot/dot_int8_int8_int32_3x32x4_1x16x4_avx512/64/352/real_time",189859,736.935,734.436,ns,,,"3x64x352",,,4,3,32,352,3,64,4,1,16
"dot/dot_int8_int8_int32_3x32x4_1x16x4_avx512/128/4/real_time",4101146,34.1895,34.0908,ns,,,"3x128x4",,,4,3,32,4,3,128,4,1,16
"dot/dot_int8_int8_int32_3x32x4_1x16x4_avx512/128/40/real_time",780117,177.739,177.219,ns,,,"3x128x40",,,4,3,32,40,3,128,4,1,16
"dot/dot_int8_int8_int32_3x32x4_1x16x4_avx512/128/84/real_time",389427,359.829,358.63,ns,,,"3x128x84",,,4,3,32,84,3,128,4,1,16
"dot/dot_int8_int8_int32_3x32x4_1x16x4_avx512/128/128/real_time",256660,545.464,543.795,ns,,,"3x128x128",,,4,3,32,128,3,128,4,1,16
"dot/dot_int8_int8_int32_3x32x4_1x16x4_avx512/128/172/real_time",192386,727.749,725.62,ns,,,"3x128x172",,,4,3,32,172,3,128,4,1,16
"dot/dot_int8_int8_int32_3x32x4_1x16x4_avx512/256/4/real_time",2193505,63.794,63.5734,ns,,,"3x256x4",,,4,3,32,4,3,256,4,1,16
"dot/dot_int8_int8_int32_3x32x4_1x16x4_avx512/256/20/real_time",714442,190.064,189.451,ns,,,"3x256x20",,,4,3,32,20,3,256,4,1,16
"dot/dot_int8_int8_int32_3x32x4_1x16x4_avx512/256/40/real_time",394163,354.881,353.606,ns,,,"3x256x40",,,4,3,32,40,3,256,4,1,16
"dot/dot_int8_int8_int32_3x32x4_1x16x4_avx512/256/60/real_time",269265,521.349,519.045,ns,,,"3x256x60",,,4,3,32,60,3,256,4,1,16
"dot/dot_int8_int8_int32_3x32x4_1x16x4_avx512/256/80/real_time",203951,686.569,683.398,ns,,,"3x256x80",,,4,3,32,80,3,256,4,1,16
"dot/dot_int8_int8_int32_4x32x4_1x16x4_avx512/32/4/real_time",9196806,15.2669,15.1785,ns,,,"4x32x4",,,4,4,32,4,4,32,4,1,16
"dot/dot_int8_int8_int32_4x32x4_1x16x4_avx512/32/164/real_time",610510,227.477,226.422,ns,,,"4x32x164",,,4,4,32,164,4,32,4,1,16
"dot/dot_int8_int8_int32_4x32x4_1x16x4_avx512/32/332/real_time",309298,451.888,450.304,ns,,,"4x32x332",,,4,4,32,332,4,32,4,1,16
"dot/dot_int8_int8_int32_4x32x4_1x16x4_avx512/32/500/real_time",206973,676.65,674.303,ns,,,"4x32x500",,,4,4,32,500,4,32,4,1,16
"dot/dot_int8_int8_int32_4x32x4_1x16x4_avx512/32/668/real_time",155495,900.741,898.006,ns,,,"4x32x668",,,4,4,32,668,4,32,4,1,16
"dot/dot_int8_int8_int32_4x32x4_1x16x4_avx512/64/4/real_time",5698389,24.6069,24.5088,ns,,,"4x64x4",,,4,4,32,4,4,64,4,1,16
"dot/dot_int8_int8_int32_4x32x4_1x16x4_avx512/64/84/real_time",582142,237.658,236.821,ns,,,"4x64x84",,,4,4,32,84,4,64,4,1,16
"dot/dot_int8_int8_int32_4x32x4_1x16x4_avx512/64/172/real_time",296092,473.061,471.447,ns,,,"4x64x172",,,4,4,32,172,4,64,4,1,16
"dot/dot_int8_int8_int32_4x32x4_1x16x4_avx512/64/256/real_time",200599,698.892,695.342,ns,,,"4x64x256",,,4,4,32,256,4,64,4,1,16
"dot/dot_int8_int8_int32_4x32x4_1x16x4_avx512/64/344/real_time",149992,932.345,929.519,ns,,,"4x64x344",,,4,4,32,344,4,64,4,1,16
"dot/dot_int8_int8_int32_4x32x4_1x16x4_avx512/128/4/real_time",3258230,42.9457,42.8128,ns,,,"4x128x4",,,4,4,32,4,4,128,4,1,16
"dot/dot_int8_int8_int32_4x32x4_1x16x4_avx512/128/40/real_time",596353,231.466,230.724,ns,,,"4x128x40",,,4,4,32,40,4,128,4,1,16
"dot/dot_int8_int8_int32_4x32x4_1x16x4_avx512/128/84/real_time",296565,472.401,470.969,ns,,,"4x128x84",,,4,4,32,84,4,128,4,1,16
"dot/dot_int8_int8_int32_4x32x4_1x16x4_avx512/128/124/real_time",204075,686.364,684.225,ns,,,"4x128x124",,,4,4,32,124,4,128,4,1,16
"dot/dot_int8_int8_int32_4x32x4_1x16x4_avx512/128/168/real_time",151812,922.161,918.616,ns,,,"4x128x168",,,4,4,32,168,4,128,4,1,16
"dot/dot_int8_int8_int32_4x32x4_1x16x4_avx512/256/4/real_time",1634671,86.0226,85.6716,ns,,,"4x256x4",,,4,4,32,4,4,256,4,1,16
"dot/dot_int8_int8_int32_4x32x4_1x16x4_avx512/256/16/real_time",677189,205.857,205.142,ns,,,"4x256x16",,,4,4,32,16,4,256,4,1,16
"dot/dot_int8_int8_int32_4x32x4_1x16x4_avx512/256/36/real_time",333095,420.262,418.877,ns,,,"4x256x36",,,4,4,32,36,4,256,4,1,16
"dot/dot_int8_int8_int32_4x32x4_1x16x4_avx512/256/56/real_time",220693,634.766,632.426,ns,,,"4x256x56",,,4,4,32,56,4,256,4,1,16
"dot/dot_int8_int8_int32_4x32x4_1x16x4_avx512/256/76/real_time",163348,856.217,853.365,ns,,,"4x256x76",,,4,4,32,76,4,256,4,1,16
"dot/dot_int8_int8_int32_5x32x4_1x16x4_avx512/32/4/real_time",7965277,17.434,17.3828,ns,,,"5x32x4",,,4,5,32,4,5,32,4,1,16
"dot/dot_int8_int8_int32_5x32x4_1x16x4_avx512/32/160/real_time",513803,268.933,267.913,ns,,,"5x32x160",,,4,5,32,160,5,32,4,1,16
"dot/dot_int8_int8_int32_5x32x4_1x16x4_avx512/32/320/real_time",263344,531.84,529.435,ns,,,"5x32x320",,,4,5,32,320,5,32,4,1,16
"dot/dot_int8_int8_int32_5x32x4_1x16x4_avx512/32/480/real_time",176358,793.02,790.667,ns,,,"5x32x480",,,4,5,32,480,5,32,4,1,16
"dot/dot_int8_int8_int32_5x32x4_1x16x4_avx512/32/644/real_time",131542,1063.38,1059.72,ns,,,"5x32x644",,,4,5,32,644,5,32,4,1,16
"dot/dot_int8_int8_int32_5x32x4_1x16x4_avx512/64/4/real_time",4805544,29.1325,29.0219,ns,,,"5x64x4",,,4,5,32,4,5,64,4,1,16
"dot/dot_int8_int8_int32_5x32x4_1x16x4_avx512/64/84/real_time",483235,287.877,286.753,ns,,,"5x64x84",,,4,5,32,84,5,64,4,1,16
"dot/dot_int8_int8_int32_5x32x4_1x16x4_avx512/64/168/real_time",248846,563.28,560.902,ns,,,"5x64x168",,,4,5,32,168,5,64,4,1,16
"dot/dot_int8_int8_int32_5x32x4_1x16x4_avx512/64/252/real_time",167081,838.43,835.042,ns,,,"5x64x252",,,4,5,32,252,5,64,4,1,16
"dot/dot_int8_int8_int32_5x32x4_1x16x4_avx512/64/336/real_time",125809,1113.14,1110.22,ns,,,"5x64x336",,,4,5,32,336,5,64,4,1,16
"dot/dot_int8_int8_int32_5x32x4_1x16x4_avx512/128/4/real_time",2632968,53.1682,53.0174,ns,,,"5x128x4",,,4,5,32,4,5,128,4,1,16
"dot/dot_int8_int8_int32_5x32x4_1x16x4_avx512/128/40/real_time",490786,283.961,283.109,ns,,,"5x128x40",,,4,5,32,40,5,128,4,1,16
"dot/dot_int8_int8_int32_5x32x4_1x16x4_avx512/128/80/real_time",255486,547.993,546.341,ns,,,"5x128x80",,,4,5,32,80,5,128,4,1,16
"dot/dot_int8_int8_int32_5x32x4_1x16x4_avx512/128/120/real_time",172983,809.982,807.21,ns,,,"5x128x120",,,4,5,32,120,5,128,4,1,16
"dot/dot_int8_int8_int32_5x32x4_1x16x4_avx512/128/164/real_time",127227,1098.86,1095.2,ns,,,"5x128x164",,,4,5,32,164,5,128,4,1,16
"dot/dot_int8_int8_int32_5x32x4_1x16x4_avx512/256/4/real_time",1322224,105.444,105.162,ns,,,"5x256x4",,,4,5,32,4,5,256,4,1,16
"dot/dot_int8_int8_int32_5x32x4_1x16x4_avx512/256/16/real_time",548874,254.918,254.173,ns,,,"5x256x16",,,4,5,32,16,5,256,4,1,16
"dot/dot_int8_int8_int32_5x32x4_1x16x4_avx512/256/36/real_time",271456,516.252,514.295,ns,,,"5x256x36",,,4,5,32,36,5,256,4,1,16
"dot/dot_int8_int8_int32_5x32x4_1x16x4_avx512/256/52/real_time",192817,726.48,723.018,ns,,,"5x256x52",,,4,5,32,52,5,256,4,1,16
"dot/dot_int8_int8_int32_5x32x4_1x16x4_avx512/256/72/real_time",141661,987.124,984.321,ns,,,"5x256x72",,,4,5,32,72,5,256,4,1,16
"dot/dot_int8_int8_int32_6x32x4_1x16x4_avx512/32/4/real_time",7118769,19.6862,19.6371,ns,,,"6x32x4",,,4,6,32,4,6,32,4,1,16
"dot/dot_int8_int8_int32_6x32x4_1x16x4_avx512/32/156/real_time",450994,306.5,305.596,ns,,,"6x32x156",,,4,6,32,156,6,32,4,1,16
"dot/dot_int8_int8_int32_6x32x4_1x16x4_avx512/32/312/real_time",231552,604.138,602.396,ns,,,"6x32x312",,,4,6,32,312,6,32,4,1,16
"dot/dot_int8_int8_int32_6x32x4_1x16x4_avx512/32/468/real_time",155319,902.032,899.496,ns,,,"6x32x468",,,4,6,32,468,6,32,4,1,16
"dot/dot_int8_int8_int32_6x32x4_1x16x4_avx512/32/624/real_time",116702,1201.25,1197.23,ns,,,"6x32x624",,,4,6,32,624,6,32,4,1,16
"dot/dot_int8_int8_int32_6x32x4_1x16x4_avx512/64/4/real_time",4218256,33.1145,33.0201,ns,,,"6x64x4",,,4,6,32,4,6,64,4,1,16
"dot/dot_int8_int8_int32_6x32x4_1x16x4_avx512/64/80/real_time",434485,321.35,320.335,ns,,,"6x64x80",,,4,6,32,80,6,64,4,1,16
"dot/dot_int8_int8_int32_6x32x4_1x16x4_avx512/64/164/real_time",218090,642.556,640.742,ns,,,"6x64x164",,,4,6,32,164,6,64,4,1,16
"dot/dot_int8_int8_int32_6x32x4_1x16x4_avx512/64/244/real_time",147732,947.854,944.502,ns,,,"6x64x244",,,4,6,32,244,6,64,4,1,16
"dot/dot_int8_int8_int32_6x32x4_1x16x4_avx512/64/328/real_time",110342,1268.94,1264.74,ns,,,"6x64x328",,,4,6,32,328,6,64,4,1,16
"dot/dot_int8_int8_int32_6x32x4_1x16x4_avx512/128/4/real_time",2187580,63.8019,63.5942,ns,,,"6x128x4",,,4,6,32,4,6,128,4,1,16
"dot/dot_int8_int8_int32_6x32x4_1x16x4_avx512/128/40/real_time",422971,331.071,330.063,ns,,,"6x128x40",,,4,6,32,40,6,128,4,1,16
"dot/dot_int8_int8_int32_6x32x4_1x16x4_avx512/128/80/real_time",218097,641.065,639.169,ns,,,"6x128x80",,,4,6,32,80,6,128,4,1,16
"dot/dot_int8_int8_int32_6x32x4_1x16x4_avx512/128/120/real_time",147583,947.162,944.309,ns,,,"6x128x120",,,4,6,32,120,6,128,4,1,16
"dot/dot_int8_int8_int32_6x32x4_1x16x4_avx512/128/160/real_time",111858,1252.87,1249.07,ns,,,"6x128x160",,,4,6,32,160,6,128,4,1,16
"dot/dot_int8_int8_int32_6x32x4_1x16x4_avx512/256/4/real_time",1159720,120.512,120.159,ns,,,"6x256x4",,,4,6,32,4,6,256,4,1,16
"dot/dot_int8_int8_int32_6x32x4_1x16x4_avx512/256/16/real_time",473120,294.792,294.018,ns,,,"6x256x16",,,4,6,32,16,6,256,4,1,16
"dot/dot_int8_int8_int32_6x32x4_1x16x4_avx512/256/32/real_time",259905,538.761,537.177,ns,,,"6x256x32",,,4,6,32,32,6,256,4,1,16
"dot/dot_int8_int8_int32_6x32x4_1x16x4_avx512/256/48/real_time",178808,783.268,780.716,ns,,,"6x256x48",,,4,6,32,48,6,256,4,1,16
"dot/dot_int8_int8_int32_6x32x4_1x16x4_avx512/256/68/real_time",128981,1089.07,1086.18,ns,,,"6x256x68",,,4,6,32,68,6,256,4,1,16
"dot/dot_int8_int8_int32_1x16x4_1x16x4_avx512/16/4/real_time",20510913,6.8341,6.81053,ns,,,"1x16x4",,,4,1,16,4,1,16,4,1,16
"dot/dot_int8_int8_int32_1x16x4_1x16x4_avx512/16/360/real_time",1504423,93.101,92.7831,ns,,,"1x16x360",,,4,1,16,360,1,16,4,1,16
"dot/dot_int8_int8_int32_1x16x4_1x16x4_avx512/16/720/real_time",776230,180.269,179.747,ns,,,"1x16x720",,,4,1,16,720,1,16,4,1,16
"dot/dot_int8_int8_int32_1x16x4_1x16x4_avx512/16/1080/real_time",523118,267.677,266.678,ns,,,"1x16x1080",,,4,1,16,1080,1,16,4,1,16
"dot/dot_int8_int8_int32_1x16x4_1x16x4_avx512/16/1440/real_time",392460,356.708,355.536,ns,,,"1x16x1440",,,4,1,16,1440,1,16,4,1,16
"dot/dot_int8_int8_int32_1x16x4_1x16x4_avx512/32/4/real_time",15368218,9.10369,9.07154,ns,,,"1x32x4",,,4,1,16,4,1,32,4,1,16
"dot/dot_int8_int8_int32_1x16x4_1x16x4_avx512/32/184/real_time",1427867,98.6948,98.3987,ns,,,"1x32x184",,,4,1,16,184,1,32,4,1,16
"dot/dot_int8_int8_int32_1x16x4_1x16x4_avx512/32/368/real_time",750129,186.804,186.176,ns,,,"1x32x368",,,4,1,16,368,1,32,4,1,16
"dot/dot_int8_int8_int32_1x16x4_1x16x4_avx512/32/552/real_time",506617,276.3,275.51,ns,,,"1x32x552",,,4,1,16,552,1,32,4,1,16
"dot/dot_int8_int8_int32_1x16x4_1x16x4_avx512/32/740/real_time",380420,367.995,367.033,ns,,,"1x32x740",,,4,1,16,740,1,32,4,1,16
"dot/dot_int8_int8_int32_1x16x4_1x16x4_avx512/64/4/real_time",10288493,13.659,13.6152,ns,,,"1x64x4",,,4,1,16,4,1,64,4,1,16
"dot/dot_int8_int8_int32_1x16x4_1x16x4_avx512/64/92/real_time",1405062,99.6796,99.3595,ns,,,"1x64x92",,,4,1,16,92,1,64,4,1,16
"dot/dot_int8_int8_int32_1x16x4_1x16x4_avx512/64/184/real_time",725006,193.242,192.627,ns,,,"1x64x184",,,4,1,16,184,1,64,4,1,16
"dot/dot_int8_int8_int32_1x16x4_1x16x4_avx512/64/276/real_time",498172,280.977,279.914,ns,,,"1x64x276",,,4,1,16,276,1,64,4,1,16
"dot/dot_int8_int8_int32_1x16x4_1x16x4_avx512/64/372/real_time",373755,374.517,373.22,ns,,,"1x64x372",,,4,1,16,372,1,64,4,1,16
"dot/dot_int8_int8_int32_1x16x4_1x16x4_avx512/128/4/real_time",6132790,22.927,22.8373,ns,,,"1x128x4",,,4,1,16,4,1,128,4,1,16
"dot/dot_int8_int8_int32_1x16x4_1x16x4_avx512/128/44/real_time",1429790,97.821,97.426,ns,,,"1x128x44",,,4,1,16,44,1,128,4,1,16
"dot/dot_int8_int8_int32_1x16x4_1x16x4_avx512/128/92/real_time",703754,198.976,198.213,ns,,,"1x128x92",,,4,1,16,92,1,128,4,1,16
"dot/dot_int8_int8_int32_1x16x4_1x16x4_avx512/128/136/real_time",468178,299.594,298.556,ns,,,"1x128x136",,,4,1,16,136,1,128,4,1,16
"dot/dot_int8_int8_int32_1x16x4_1x16x4_avx512/128/184/real_time",365575,384.329,382.707,ns,,,"1x128x184",,,4,1,16,184,1,128,4,1,16
"dot/dot_int8_int8_int32_8x16x4_1x16x4_avx512/16/4/real_time",8084029,16.7848,16.7133,ns,,,"8x16x4",,,4,8,16,4,8,16,4,1,16
"dot/dot_int8_int8_int32_8x16x4_1x16x4_avx512/16/248/real_time",384278,363.999,362.494,ns,,,"8x16x248",,,4,8,16,248,8,16,4,1,16
"dot/dot_int8_int8_int32_8x16x4_1x16x4_avx512/16/500/real_time",192674,726.515,724.147,ns,,,"8x16x500",,,4,8,16,500,8,16,4,1,16
"dot/dot_int8_int8_int32_8x16x4_1x16x4_avx512/16/748/real_time",129549,1082.62,1079.51,ns,,,"8x16x748",,,4,8,16,748,8,16,4,1,16
"dot/dot_int8_int8_int32_8x16x4_1x16x4_avx512/16/1000/real_time",96815,1447.29,1442.22,ns,,,"8x16x1000",,,4,8,16,1000,8,16,4,1,16
"dot/dot_int8_int8_int32_8x16x4_1x16x4_avx512/32/4/real_time",5675462,24.6427,24.5707,ns,,,"8x32x4",,,4,8,16,4,8,32,4,1,16
"dot/dot_int8_int8_int32_8x16x4_1x16x4_avx512/32/144/real_time",327506,425.644,424.48,ns,,,"8x32x144",,,4,8,16,144,8,32,4,1,16
"dot/dot_int8_int8_int32_8x16x4_1x16x4_avx512/32/292/real_time",164149,852.776,850.218,ns,,,"8x32x292",,,4,8,16,292,8,32,4,1,16
"dot/dot_int8_int8_int32_8x16x4_1x16x4_avx512/32/440/real_time",109854,1278.83,1274.53,ns,,,"8x32x440",,,4,8,16,440,8,32,4,1,16
"dot/dot_int8_int8_int32_8x16x4_1x16x4_avx512/32/588/real_time",82105,1704.76,1699.27,ns,,,"8x32x588",,,4,8,16,588,8,32,4,1,16
"dot/dot_int8_int8_int32_8x16x4_1x16x4_avx512/64/4/real_time",2965301,47.1517,47.01,ns,,,"8x64x4",,,4,8,16,4,8,64,4,1,16
"dot/dot_int8_int8_int32_8x16x4_1x16x4_avx512/64/76/real_time",306626,456.459,455.143,ns,,,"8x64x76",,,4,8,16,76,8,64,4,1,16
"dot/dot_int8_int8_int32_8x16x4_1x16x4_avx512/64/156/real_time",152242,919.07,916.143,ns,,,"8x64x156",,,4,8,16,156,8,64,4,1,16
"dot/dot_int8_int8_int32_8x16x4_1x16x4_avx512/64/232/real_time",103227,1355.23,1351.26,ns,,,"8x64x232",,,4,8,16,232,8,64,4,1,16
"dot/dot_int8_int8_int32_8x16x4_1x16x4_avx512/64/312/real_time",77074,1818.03,1812.05,ns,,,"8x64x312",,,4,8,16,312,8,64,4,1,16
"dot/dot_int8_int8_int32_8x16x4_1x16x4_avx512/128/4/real_time",1634663,85.658,85.4031,ns,,,"8x128x4",,,4,8,16,4,8,128,4,1,16
"dot/dot_int8_int8_int32_8x16x4_1x16x4_avx512/128/36/real_time",311546,449.545,448.162,ns,,,"8x128x36",,,4,8,16,36,8,128,4,1,16
"dot/dot_int8_int8_int32_8x16x4_1x16x4_avx512/128/72/real_time",162127,863.804,860.609,ns,,,"8x128x72",,,4,8,16,72,8,128,4,1,16
"dot/dot_int8_int8_int32_8x16x4_1x16x4_avx512/128/108/real_time",109397,1282.63,1277.2,ns,,,"8x128x108",,,4,8,16,108,8,128,4,1,16
"dot/dot_int8_int8_int32_8x16x4_1x16x4_avx512/128/148/real_time",80277,1746.34,1739.87,ns,,,"8x128x148",,,4,8,16,148,8,128,4,1,16
"dot/dot_int8_int8_int32_12x16x4_1x16x4_avx512/16/4/real_time",5464427,25.5393,25.4529,ns,,,"12x16x4",,,4,12,16,4,12,16,4,1,16
"dot/dot_int8_int8_int32_12x16x4_1x16x4_avx512/16/212/real_time",309627,452.144,450.338,ns,,,"12x16x212",,,4,12,16,212,12,16,4,1,16
"dot/dot_int8_int8_int32_12x16x4_1x16x4_avx512/16/424/real_time",157218,890.03,886.589,ns,,,"12x16x424",,,4,12,16,424,12,16,4,1,16
"dot/dot_int8_int8_int32_12x16x4_1x16x4_avx512/16/636/real_time",105705,1328.39,1323.5,ns,,,"12x16x636",,,4,12,16,636,12,16,4,1,16
"dot/dot_int8_int8_int32_12x16x4_1x16x4_avx512/16/848/real_time",79158,1766.77,1760.19,ns,,,"12x16x848",,,4,12,16,848,12,16,4,1,16
"dot/dot_int8_int8_int32_12x16x4_1x16x4_avx512/32/4/real_time",3474636,40.2419,40.1006,ns,,,"12x32x4",,,4,12,16,4,12,32,4,1,16
"dot/dot_int8_int8_int32_12x16x4_1x16x4_avx512/32/128/real_time",254797,549.911,547.702,ns,,,"12x32x128",,,4,12,16,128,12,32,4,1,16
"dot/dot_int8_int8_int32_12x16x4_1x16x4_avx512/32/260/real_time",127495,1095.26,1091.76,ns,,,"12x32x260",,,4,12,16,260,12,32,4,1,16
"dot/dot_int8_int8_int32_12x16x4_1x16x4_avx512/32/388/real_time",86267,1625.04,1619.32,ns,,,"12x32x388",,,4,12,16,388,12,32,4,1,16
"dot/dot_int8_int8_int32_12x16x4_1x16x4_avx512/32/520/real_time",64524,2169.4,2162.78,ns,,,"12x32x520",,,4,12,16,520,12,32,4,1,16
"dot/dot_int8_int8_int32_12x16x4_1x16x4_avx512/64/4/real_time",2035165,68.783,68.5568,ns,,,"12x64x4",,,4,12,16,4,12,64,4,1,16
"dot/dot_int8_int8_int32_12x16x4_1x16x4_avx512/64/68/real_time",234816,595.968,593.932,ns,,,"12x64x68",,,4,12,16,68,12,64,4,1,16
"dot/dot_int8_int8_int32_12x16x4_1x16x4_avx512/64/140/real_time",117363,1192.4,1187.54,ns,,,"12x64x140",,,4,12,16,140,12,64,4,1,16
"dot/dot_int8_int8_int32_12x16x4_1x16x4_avx512/64/208/real_time",79844,1754.19,1748.04,ns,,,"12x64x208",,,4,12,16,208,12,64,4,1,16
"dot/dot_int8_int8_int32_12x16x4_1x16x4_avx512/64/280/real_time",59610,2351.35,2341.44,ns,,,"12x64x280",,,4,12,16,280,12,64,4,1,16
"dot/dot_int8_int8_int32_12x16x4_1x16x4_avx512/128/4/real_time",1097217,127.774,127.353,ns,,,"12x128x4",,,4,12,16,4,12,128,4,1,16
"dot/dot_int8_int8_int32_12x16x4_1x16x4_avx512/128/32/real_time",238866,586.049,584.011,ns,,,"12x128x32",,,4,12,16,32,12,128,4,1,16
"dot/dot_int8_int8_int32_12x16x4_1x16x4_avx512/128/64/real_time",125387,1118.39,1115.13,ns,,,"12x128x64",,,4,12,16,64,12,128,4,1,16
"dot/dot_int8_int8_int32_12x16x4_1x16x4_avx512/128/96/real_time",85033,1648.23,1643.07,ns,,,"12x128x96",,,4,12,16,96,12,128,4,1,16
"dot/dot_int8_int8_int32_12x16x4_1x16x4_avx512/128/128/real_time",64315,2178.48,2170.73,ns,,,"12x128x128",,,4,12,16,128,12,128,4,1,16
"dot/dot_int8_int8_int32_1x64x2_1x16x1_avx512/64/2/real_time",15557082,9.01747,8.98745,ns,,,"1x64x2",,,2,1,64,2,1,64,1,1,16
"dot/dot_int8_int8_int32_1x64x2_1x16x1_avx512/64/92/real_time",707798,198.503,197.895,ns,,,"1x64x92",,,2,1,64,92,1,64,1,1,16
"dot/dot_int8_int8_int32_1x64x2_1x16x1_avx512/64/186/real_time",350834,399.654,398.456,ns,,,"1x64x186",,,2,1,64,186,1,64,1,1,16
"dot/dot_int8_int8_int32_1x64x2_1x16x1_avx512/64/280/real_time",231683,604.169,602.118,ns,,,"1x64x280",,,2,1,64,280,1,64,1,1,16
"dot/dot_int8_int8_int32_1x64x2_1x16x1_avx512/64/374/real_time",174929,800.864,798.398,ns,,,"1x64x374",,,2,1,64,374,1,64,1,1,16
"dot/dot_int8_int8_int32_1x64x2_1x16x1_avx512/128/2/real_time",9921224,14.1433,14.1013,ns,,,"1x128x2",,,2,1,64,2,1,128,1,1,16
"dot/dot_int8_int8_int32_1x64x2_1x16x1_avx512/128/46/real_time",704566,198.305,197.715,ns,,,"1x128x46",,,2,1,64,46,1,128,1,1,16
"dot/dot_int8_int8_int32_1x64x2_1x16x1_avx512/128/92/real_time",354519,395.068,393.9,ns,,,"1x128x92",,,2,1,64,92,1,128,1,1,16
"dot/dot_int8_int8_int32_1x64x2_1x16x1_avx512/128/138/real_time",236099,592.455,590.605,ns,,,"1x128x138",,,2,1,64,138,1,128,1,1,16
"dot/dot_int8_int8_int32_1x64x2_1x16x1_avx512/128/186/real_time",175752,796.61,794.515,ns,,,"1x128x186",,,2,1,64,186,1,128,1,1,16
"dot/dot_int8_int8_int32_1x64x2_1x16x1_avx512/256/2/real_time",6301843,22.281,22.2,ns,,,"1x256x2",,,2,1,64,2,1,256,1,1,16
"dot/dot_int8_int8_int32_1x64x2_1x16x1_avx512/256/22/real_time",734493,188.649,188.06,ns,,,"1x256x22",,,2,1,64,22,1,256,1,1,16
"dot/dot_int8_int8_int32_1x64x2_1x16x1_avx512/256/44/real_time",369780,378.125,377.038,ns,,,"1x256x44",,,2,1,64,44,1,256,1,1,16
"dot/dot_int8_int8_int32_1x64x2_1x16x1_avx512/256/66/real_time",246953,567.3,565.376,ns,,,"1x256x66",,,2,1,64,66,1,256,1,1,16
"dot/dot_int8_int8_int32_1x64x2_1x16x1_avx512/256/90/real_time",180854,772.529,770.19,ns,,,"1x256x90",,,2,1,64,90,1,256,1,1,16
"dot/dot_int8_int8_int32_1x64x2_1x16x1_avx512/512/2/real_time",3072885,45.4691,45.3264,ns,,,"1x512x2",,,2,1,64,2,1,512,1,1,16
"dot/dot_int8_int8_int32_1x64x2_1x16x1_avx512/512/10/real_time",812889,171.716,171.21,ns,,,"1x512x10",,,2,1,64,10,1,512,1,1,16
"dot/dot_int8_int8_int32_1x64x2_1x16x1_avx512/512/20/real_time",408333,342.698,341.668,ns,,,"1x512x20",,,2,1,64,20,1,512,1,1,16
"dot/dot_int8_int8_int32_1x64x2_1x16x1_avx512/512/30/real_time",272840,513.8,511.862,ns,,,"1x512x30",,,2,1,64,30,1,512,1,1,16
"dot/dot_int8_int8_int32_1x64x2_1x16x1_avx512/512/42/real_time",194173,721.414,719.089,ns,,,"1x512x42",,,2,1,64,42,1,512,1,1,16
"dot/dot_int8_int8_int32_2x64x2_1x16x1_avx512/64/2/real_time",11537323,12.0841,12.0492,ns,,,"2x64x2",,,2,2,64,2,2,64,1,1,16
"dot/dot_int8_int8_int32_2x64x2_1x16x1_avx512/64/90/real_time",587302,238.544,237.812,ns,,,"2x64x90",,,2,2,64,90,2,64,1,1,16
"dot/dot_int8_int8_int32_2x64x2_1x16x1_avx512/64/182/real_time",292835,478.895,477.519,ns,,,"2x64x182",,,2,2,64,182,2,64,1,1,16
"dot/dot_int8_int8_int32_2x64x2_1x16x1_avx512/64/272/real_time",195992,714.048,711.605,ns,,,"2x64x272",,,2,2,64,272,2,64,1,1,16
"dot/dot_int8_int8_int32_2x64x2_1x16x1_avx512/64/364/real_time",147081,952.606,949.508,ns,,,"2x64x364",,,2,2,64,364,2,64,1,1,16
"dot/dot_int8_int8_int32_2x64x2_1x16x1_avx512/128/2/real_time",7894075,17.7325,17.6773,ns,,,"2x128x2",,,2,2,64,2,2,128,1,1,16
"dot/dot_int8_int8_int32_2x64x2_1x16x1_avx512/128/44/real_time",594479,232.777,232.045,ns,,,"2x128x44",,,2,2,64,44,2,128,1,1,16
"dot/dot_int8_int8_int32_2x64x2_1x16x1_avx512/128/90/real_time",295881,473.109,471.714,ns,,,"2x128x90",,,2,2,64,90,2,128,1,1,16
"dot/dot_int8_int8_int32_2x64x2_1x16x1_avx512/128/134/real_time",199073,703.602,701.427,ns,,,"2x128x134",,,2,2,64,134,2,128,1,1,16
"dot/dot_int8_int8_int32_2x64x2_1x16x1_avx512/128/180/real_time",148344,943.023,940.106,ns,,,"2x128x180",,,2,2,64,180,2,128,1,1,16
"dot/dot_int8_int8_int32_2x64x2_1x16x1_avx512/256/2/real_time",4481127,31.4144,31.3278,ns,,,"2x256x2",,,2,2,64,2,2,256,1,1,16
"dot/dot_int8_int8_int32_2x64x2_1x16x1_avx512/256/20/real_time",656076,210.1,209.538,ns,,,"2x256x20",,,2,2,64,20,2,256,1,1,16
"dot/dot_int8_int8_int32_2x64x2_1x16x1_avx512/256/42/real_time",316972,441.823,440.39,ns,,,"2x256x42",,,2,2,64,42,2,256,1,1,16
"dot/dot_int8_int8_int32_2x64x2_1x16x1_avx512/256/64/real_time",207801,674.271,672.193,ns,,,"2x256x64",,,2,2,64,64,2,256,1,1,16
"dot/dot_int8_int8_int32_2x64x2_1x16x1_avx512/256/86/real_time",154972,903.786,900.664,ns,,,"2x256x86",,,2,2,64,86,2,256,1,1,16
"dot/dot_int8_int8_int32_2x64x2_1x16x1_avx512/512/2/real_time",2352587,59.7077,59.5441,ns,,,"2x512x2",,,2,2,64,2,2,512,1,1,16
"dot/dot_int8_int8_int32_2x64x2_1x16x1_avx512/512/8/real_time",805851,173.899,173.429,ns,,,"2x512x8",,,2,2,64,8,2,512,1,1,16
"dot/dot_int8_int8_int32_2x64x2_1x16x1_avx512/512/18/real_time",371301,377.672,376.02,ns,,,"2x512x18",,,2,2,64,18,2,512,1,1,16
"dot/dot_int8_int8_int32_2x64x2_1x16x1_avx512/512/28/real_time",238858,586.224,583.794,ns,,,"2x512x28",,,2,2,64,28,2,512,1,1,16
"dot/dot_int8_int8_int32_2x64x2_1x16x1_avx512/512/38/real_time",176219,795.057,791.935,ns,,,"2x512x38",,,2,2,64,38,2,512,1,1,16
"dot/dot_int8_int8_int32_3x64x2_1x16x1_avx512/64/2/real_time",10625224,13.2708,13.2313,ns,,,"3x64x2",,,2,3,64,2,3,64,1,1,16
"dot/dot_int8_int8_int32_3x64x2_1x16x1_avx512/64/88/real_time",478794,289.683,288.726,ns,,,"3x64x88",,,2,3,64,88,3,64,1,1,16
"dot/dot_int8_int8_int32_3x64x2_1x16x1_avx512/64/176/real_time",242653,576.105,574.358,ns,,,"3x64x176",,,2,3,64,176,3,64,1,1,16
"dot/dot_int8_int8_int32_3x64x2_1x16x1_avx512/64/264/real_time",162171,863.684,860.296,ns,,,"3x64x264",,,2,3,64,264,3,64,1,1,16
"dot/dot_int8_int8_int32_3x64x2_1x16x1_avx512/64/354/real_time",121248,1156.17,1152.04,ns,,,"3x64x354",,,2,3,64,354,3,64,1,1,16
"dot/dot_int8_int8_int32_3x64x2_1x16x1_avx512/128/2/real_time",6498343,21.4687,21.4009,ns,,,"3x128x2",,,2,3,64,2,3,128,1,1,16
"dot/dot_int8_int8_int32_3x64x2_1x16x1_avx512/128/42/real_time",505305,274.735,273.965,ns,,,"3x128x42",,,2,3,64,42,3,128,1,1,16
"dot/dot_int8_int8_int32_3x64x2_1x16x1_avx512/128/86/real_time",249158,562.204,560.39,ns,,,"3x128x86",,,2,3,64,86,3,128,1,1,16
"dot/dot_int8_int8_int32_3x64x2_1x16x1_avx512/128/130/real_time",165272,848.086,845.579,ns,,,"3x128x130",,,2,3,64,130,3,128,1,1,16
"dot/dot_int8_int8_int32_3x64x2_1x16x1_avx512/128/174/real_time",123443,1135.16,1131.2,ns,,,"3x128x174",,,2,3,64,174,3,128,1,1,16
"dot/dot_int8_int8_int32_3x64x2_1x16x1_avx512/256/2/real_time",3751550,37.3082,37.1602,ns,,,"3x256x2",,,2,3,64,2,3,256,1,1,16
"dot/dot_int8_int8_int32_3x64x2_1x16x1_avx512/256/20/real_time",532011,261.891,260.837,ns,,,"3x256x20",,,2,3,64,20,3,256,1,1,16
"dot/dot_int8_int8_int32_3x64x2_1x16x1_avx512/256/40/real_time",268000,521.803,520.142,ns,,,"3x256x40",,,2,3,64,40,3,256,1,1,16
"dot/dot_int8_int8_int32_3x64x2_1x16x1_avx512/256/60/real_time",178263,785.68,783.137,ns,,,"3x256x60",,,2,3,64,60,3,256,1,1,16
"dot/dot_int8_int8_int32_3x64x2_1x16x1_avx512/256/82/real_time",130503,1072.09,1069.02,ns,,,"3x256x82",,,2,3,64,82,3,256,1,1,16
"dot/dot_int8_int8_int32_3x64x2_1x16x1_avx512/512/2/real_time",2028414,68.8788,68.666,ns,,,"3x512x2",,,2,3,64,2,3,512,1,1,16
"dot/dot_int8_int8_int32_3x64x2_1x16x1_avx512/512/8/real_time",653433,209.797,209.093,ns,,,"3x512x8",,,2,3,64,8,3,512,1,1,16
"dot/dot_int8_int8_int32_3x64x2_1x16x1_avx512/512/16/real_time",335391,417.629,416.382,ns,,,"3x512x16",,,2,3,64,16,3,512,1,1,16
"dot/dot_int8_int8_int32_3x64x2_1x16x1_avx512/512/24/real_time",223658,625.146,623.211,ns,,,"3x512x24",,,2,3,64,24,3,512,1,1,16
"dot/dot_int8_int8_int32_3x64x2_1x16x1_avx512/512/34/real_time",158068,885.194,882.424,ns,,,"3x512x34",,,2,3,64,34,3,512,1,1,16
"dot/dot_int8_int8_int32_1x32x2_1x16x1_avx512/32/2/real_time",18126790,7.86253,7.838,ns,,,"1x32x2",,,2,1,32,2,1,32,1,1,16
"dot/dot_int8_int8_int32_1x32x2_1x16x1_avx512/32/184/real_time",651531,214.487,213.773,ns,,,"1x32x184",,,2,1,32,184,1,32,1,1,16
"dot/dot_int8_int8_int32_1x32x2_1x16x1_avx512/32/370/real_time",328792,425.344,424.168,ns,,,"1x32x370",,,2,1,32,370,1,32,1,1,16
"dot/dot_int8_int8_int32_1x32x2_1x16x1_avx512/32/554/real_time",221105,633.391,631.547,ns,,,"1x32x554",,,2,1,32,554,1,32,1,1,16
"dot/dot_int8_int8_int32_1x32x2_1x16x1_avx512/32/740/real_time",165998,843.967,841.176,ns,,,"1x32x740",,,2,1,32,740,1,32,1,1,16
"dot/dot_int8_int8_int32_1x32x2_1x16x1_avx512/64/2/real_time",12396190,11.2636,11.2303,ns,,,"1x64x2",,,2,1,32,2,1,64,1,1,16
"dot/dot_int8_int8_int32_1x32x2_1x16x1_avx512/64/92/real_time",646034,217.135,216.342,ns,,,"1x64x92",,,2,1,32,92,1,64,1,1,16
"dot/dot_int8_int8_int32_1x32x2_1x16x1_avx512/64/186/real_time",326794,430.275,429.132,ns,,,"1x64x186",,,2,1,32,186,1,64,1,1,16
"dot/dot_int8_int8_int32_1x32x2_1x16x1_avx512/64/280/real_time",218336,642.255,639.943,ns,,,"1x64x280",,,2,1,32,280,1,64,1,1,16
"dot/dot_int8_int8_int32_1x32x2_1x16x1_avx512/64/374/real_time",163844,855.19,852.763,ns,,,"1x64x374",,,2,1,32,374,1,64,1,1,16
"dot/dot_int8_int8_int32_1x32x2_1x16x1_avx512/128/2/real_time",7845904,17.848,17.7913,ns,,,"1x128x2",,,2,1,32,2,1,128,1,1,16
"dot/dot_int8_int8_int32_1x32x2_1x16x1_avx512/128/46/real_time",667830,208.827,208.061,ns,,,"1x128x46",,,2,1,32,46,1,128,1,1,16
"dot/dot_int8_int8_int32_1x32x2_1x16x1_avx512/128/92/real_time",326914,428.694,427.436,ns,,,"1x128x92",,,2,1,32,92,1,128,1,1,16
"dot/dot_int8_int8_int32_1x32x2_1x16x1_avx512/128/138/real_time",219957,637.319,635.266,ns,,,"1x128x138",,,2,1,32,138,1,128,1,1,16
"dot/dot_int8_int8_int32_1x32x2_1x16x1_avx512/128/186/real_time",163938,854.936,852.205,ns,,,"1x128x186",,,2,1,32,186,1,128,1,1,16
"dot/dot_int8_int8_int32_1x32x2_1x16x1_avx512/256/2/real_time",3972235,36.1004,35.9915,ns,,,"1x256x2",,,2,1,32,2,1,256,1,1,16
"dot/dot_int8_int8_int32_1x32x2_1x16x1_avx512/256/22/real_time",700001,200.013,199.338,ns,,,"1x256x22",,,2,1,32,22,1,256,1,1,16
"dot/dot_int8_int8_int32_1x32x2_1x16x1_avx512/256/44/real_time",348269,403.156,401.961,ns,,,"1x256x44",,,2,1,32,44,1,256,1,1,16
"dot/dot_int8_int8_int32_1x32x2_1x16x1_avx512/256/66/real_time",227520,614.904,612.889,ns,,,"1x256x66",,,2,1,32,66,1,256,1,1,16
"dot/dot_int8_int8_int32_1x32x2_1x16x1_avx512/256/90/real_time",168341,832.246,829.532,ns,,,"1x256x90",,,2,1,32,90,1,256,1,1,16
"dot/dot_int8_int8_int32_4x32x2_1x16x1_avx512/32/2/real_time",10820028,12.9259,12.8844,ns,,,"4x32x2",,,2,4,32,2,4,32,1,1,16
"dot/dot_int8_int8_int32_4x32x2_1x16x1_avx512/32/166/real_time",394746,354.799,353.665,ns,,,"4x32x166",,,2,4,32,166,4,32,1,1,16
"dot/dot_int8_int8_int32_4x32x2_1x16x1_avx512/32/334/real_time",197799,708.029,705.917,ns,,,"4x32x334",,,2,4,32,334,4,32,1,1,16
"dot/dot_int8_int8_int32_4x32x2_1x16x1_avx512/32/500/real_time",132581,1056.97,1054.08,ns,,,"4x32x500",,,2,4,32,500,4,32,1,1,16
"dot/dot_int8_int8_int32_4x32x2_1x16x1_avx512/32/668/real_time",99582,1409.55,1405.7,ns,,,"4x32x668",,,2,4,32,668,4,32,1,1,16
"dot/dot_int8_int8_int32_4x32x2_1x16x1_avx512/64/2/real_time",6982538,20.0642,19.9986,ns,,,"4x64x2",,,2,4,32,2,4,64,1,1,16
"dot/dot_int8_int8_int32_4x32x2_1x16x1_avx512/64/86/real_time",379984,368.302,367.279,ns,,,"4x64x86",,,2,4,32,86,4,64,1,1,16
"dot/dot_int8_int8_int32_4x32x2_1x16x1_avx512/64/172/real_time",191637,730.164,728.03,ns,,,"4x64x172",,,2,4,32,172,4,64,1,1,16
"dot/dot_int8_int8_int32_4x32x2_1x16x1_avx512/64/258/real_time",128216,1092.26,1089.15,ns,,,"4x64x258",,,2,4,32,258,4,64,1,1,16
"dot/dot_int8_int8_int32_4x32x2_1x16x1_avx512/64/346/real_time",95792,1461.88,1457.66,ns,,,"4x64x346",,,2,4,32,346,4,64,1,1,16
"dot/dot_int8_int8_int32_4x32x2_1x16x1_avx512/128/2/real_time",4258900,33.12,33.0127,ns,,,"4x128x2",,,2,4,32,2,4,128,1,1,16
"dot/dot_int8_int8_int32_4x32x2_1x16x1_avx512/128/42/real_time",388568,358.715,357.635,ns,,,"4x128x42",,,2,4,32,42,4,128,1,1,16
"dot/dot_int8_int8_int32_4x32x2_1x16x1_avx512/128/84/real_time",195164,717.353,715.133,ns,,,"4x128x84",,,2,4,32,84,4,128,1,1,16
"dot/dot_int8_int8_int32_4x32x2_1x16x1_avx512/128/126/real_time",130764,1071.28,1068.18,ns,,,"4x128x126",,,2,4,32,126,4,128,1,1,16
"dot/dot_int8_int8_int32_4x32x2_1x16x1_avx512/128/170/real_time",97180,1440.98,1436.81,ns,,,"4x128x170",,,2,4,32,170,4,128,1,1,16
"dot/dot_int8_int8_int32_4x32x2_1x16x1_avx512/256/2/real_time",2278740,61.3372,61.1404,ns,,,"4x256x2",,,2,4,32,2,4,256,1,1,16
"dot/dot_int8_int8_int32_4x32x2_1x16x1_avx512/256/18/real_time",456266,307.041,306.14,ns,,,"4x256x18",,,2,4,32,18,4,256,1,1,16
"dot/dot_int8_int8_int32_4x32x2_1x16x1_avx512/256/38/real_time",217283,643.969,642.246,ns,,,"4x256x38",,,2,4,32,38,4,256,1,1,16
"dot/dot_int8_int8_int32_4x32x2_1x16x1_avx512/256/58/real_time",141258,991.385,988.543,ns,,,"4x256x58",,,2,4,32,58,4,256,1,1,16
"dot/dot_int8_int8_int32_4x32x2_1x16x1_avx512/256/78/real_time",105549,1328.35,1324.62,ns,,,"4x256x78",,,2,4,32,78,4,256,1,1,16
"dot/dot_int8_int8_int32_5x32x2_1x16x1_avx512/32/2/real_time",9139867,15.4268,15.3758,ns,,,"5x32x2",,,2,5,32,2,5,32,1,1,16
"dot/dot_int8_int8_int32_5x32x2_1x16x1_avx512/32/160/real_time",346669,403.265,402.226,ns,,,"5x32x160",,,2,5,32,160,5,32,1,1,16
"dot/dot_int8_int8_int32_5x32x2_1x16x1_avx512/32/322/real_time",173906,805.359,802.811,ns,,,"5x32x322",,,2,5,32,322,5,32,1,1,16
"dot/dot_int8_int8_int32_5x32x2_1x16x1_avx512/32/484/real_time",116238,1207.13,1202.81,ns,,,"5x32x484",,,2,5,32,484,5,32,1,1,16
"dot/dot_int8_int8_int32_5x32x2_1x16x1_avx512/32/646/real_time",87311,1607.2,1602.76,ns,,,"5x32x646",,,2,5,32,646,5,32,1,1,16
"dot/dot_int8_int8_int32_5x32x2_1x16x1_avx512/64/2/real_time",6071923,23.0028,22.9398,ns,,,"5x64x2",,,2,5,32,2,5,64,1,1,16
"dot/dot_int8_int8_int32_5x32x2_1x16x1_avx512/64/84/real_time",330238,424.408,423.118,ns,,,"5x64x84",,,2,5,32,84,5,64,1,1,16
"dot/dot_int8_int8_int32_5x32x2_1x16x1_avx512/64/168/real_time",166859,840.279,837.759,ns,,,"5x64x168",,,2,5,32,168,5,64,1,1,16
"dot/dot_int8_int8_int32_5x32x2_1x16x1_avx512/64/252/real_time",111666,1256.27,1252.33,ns,,,"5x64x252",,,2,5,32,252,5,64,1,1,16
"dot/dot_int8_int8_int32_5x32x2_1x16x1_avx512/64/336/real_time",83740,1673.98,1668.04,ns,,,"5x64x336",,,2,5,32,336,5,64,1,1,16
"dot/dot_int8_int8_int32_5x32x2_1x16x1_avx512/128/2/real_time",3722952,37.6455,37.5458,ns,,,"5x128x2",,,2,5,32,2,5,128,1,1,16
"dot/dot_int8_int8_int32_5x32x2_1x16x1_avx512/128/40/real_time",348292,402.25,401.019,ns,,,"5x128x40",,,2,5,32,40,5,128,1,1,16
"dot/dot_int8_int8_int32_5x32x2_1x16x1_avx512/128/82/real_time",170053,822.819,820.313,ns,,,"5x128x82",,,2,5,32,82,5,128,1,1,16
"dot/dot_int8_int8_int32_5x32x2_1x16x1_avx512/128/122/real_time",114563,1220.95,1217.29,ns,,,"5x128x122",,,2,5,32,122,5,128,1,1,16
"dot/dot_int8_int8_int32_5x32x2_1x16x1_avx512/128/164/real_time",85385,1636.66,1632.11,ns,,,"5x128x164",,,2,5,32,164,5,128,1,1,16
"dot/dot_int8_int8_int32_5x32x2_1x16x1_avx512/256/2/real_time",2041079,68.7994,68.6177,ns,,,"5x256x2",,,2,5,32,2,5,256,1,1,16
"dot/dot_int8_int8_int32_5x32x2_1x16x1_avx512/256/18/real_time",385462,360.839,359.817,ns,,,"5x256x18",,,2,5,32,18,5,256,1,1,16
"dot/dot_int8_int8_int32_5x32x2_1x16x1_avx512/256/36/real_time",195178,717.095,715.025,ns,,,"5x256x36",,,2,5,32,36,5,256,1,1,16
"dot/dot_int8_int8_int32_5x32x2_1x16x1_avx512/256/54/real_time",128604,1088.6,1085.35,ns,,,"5x256x54",,,2,5,32,54,5,256,1,1,16
"dot/dot_int8_int8_int32_5x32x2_1x16x1_avx512/256/74/real_time",94228,1484.43,1480.41,ns,,,"5x256x74",,,2,5,32,74,5,256,1,1,16
"dot/dot_int8_int8_int32_6x32x2_1x16x1_avx512/32/2/real_time",8804538,16.0126,15.9634,ns,,,"6x32x2",,,2,6,32,2,6,32,1,1,16
"dot/dot_int8_int8_int32_6x32x2_1x16x1_avx512/32/156/real_time",314323,445.794,444.316,ns,,,"6x32x156",,,2,6,32,156,6,32,1,1,16
"dot/dot_int8_int8_int32_6x32x2_1x16x1_avx512/32/312/real_time",158320,885.182,882.178,ns,,,"6x32x312",,,2,6,32,312,6,32,1,1,16
"dot/dot_int8_int8_int32_6x32x2_1x16x1_avx512/32/468/real_time",106042,1322.61,1318.96,ns,,,"6x32x468",,,2,6,32,468,6,32,1,1,16
"dot/dot_int8_int8_int32_6x32x2_1x16x1_avx512/32/626/real_time",79539,1764.73,1759.7,ns,,,"6x32x626",,,2,6,32,626,6,32,1,1,16
"dot/dot_int8_int8_int32_6x32x2_1x16x1_avx512/64/2/real_time",5695976,24.6837,24.6059,ns,,,"6x64x2",,,2,6,32,2,6,64,1,1,16
"dot/dot_int8_int8_int32_6x32x2_1x16x1_avx512/64/82/real_time",297047,469.496,468.198,ns,,,"6x64x82",,,2,6,32,82,6,64,1,1,16
"dot/dot_int8_int8_int32_6x32x2_1x16x1_avx512/64/164/real_time",150288,930.471,927.48,ns,,,"6x64x164",,,2,6,32,164,6,64,1,1,16
"dot/dot_int8_int8_int32_6x32x2_1x16x1_avx512/64/246/real_time",100663,1390.7,1386.13,ns,,,"6x64x246",,,2,6,32,246,6,64,1,1,16
"dot/dot_int8_int8_int32_6x32x2_1x16x1_avx512/64/328/real_time",75507,1852.83,1847.27,ns,,,"6x64x328",,,2,6,32,328,6,64,1,1,16
"dot/dot_int8_int8_int32_6x32x2_1x16x1_avx512/128/2/real_time",3374477,41.4501,41.3412,ns,,,"6x128x2",,,2,6,32,2,6,128,1,1,16
"dot/dot_int8_int8_int32_6x32x2_1x16x1_avx512/128/40/real_time",304934,459.463,457.947,ns,,,"6x128x40",,,2,6,32,40,6,128,1,1,16
"dot/dot_int8_int8_int32_6x32x2_1x16x1_avx512/128/80/real_time",153907,912.638,910.038,ns,,,"6x128x80",,,2,6,32,80,6,128,1,1,16
"dot/dot_int8_int8_int32_6x32x2_1x16x1_avx512/128/120/real_time",102576,1363.74,1359.41,ns,,,"6x128x120",,,2,6,32,120,6,128,1,1,16
"dot/dot_int8_int8_int32_6x32x2_1x16x1_avx512/128/160/real_time",77278,1812.31,1807.14,ns,,,"6x128x160",,,2,6,32,160,6,128,1,1,16
"dot/dot_int8_int8_int32_6x32x2_1x16x1_avx512/256/2/real_time",1825339,76.7734,76.5281,ns,,,"6x256x2",,,2,6,32,2,6,256,1,1,16
"dot/dot_int8_int8_int32_6x32x2_1x16x1_avx512/256/16/real_time",379916,367.623,366.32,ns,,,"6x256x16",,,2,6,32,16,6,256,1,1,16
"dot/dot_int8_int8_int32_6x32x2_1x16x1_avx512/256/34/real_time",181159,772.542,770.207,ns,,,"6x256x34",,,2,6,32,34,6,256,1,1,16
"dot/dot_int8_int8_int32_6x32x2_1x16x1_avx512/256/52/real_time",117407,1193.27,1189.78,ns,,,"6x256x52",,,2,6,32,52,6,256,1,1,16
"dot/dot_int8_int8_int32_6x32x2_1x16x1_avx512/256/70/real_time",87601,1596.8,1591.57,ns,,,"6x256x70",,,2,6,32,70,6,256,1,1,16
"dot/dot_int8_int8_int32_8x32x2_1x16x1_avx512/32/2/real_time",7105144,19.732,19.6776,ns,,,"8x32x2",,,2,8,32,2,8,32,1,1,16
"dot/dot_int8_int8_int32_8x32x2_1x16x1_avx512/32/146/real_time",264020,530.283,528.696,ns,,,"8x32x146",,,2,8,32,146,8,32,1,1,16
"dot/dot_int8_int8_int32_8x32x2_1x16x1_avx512/32/294/real_time",132300,1060.27,1056.76,ns,,,"8x32x294",,,2,8,32,294,8,32,1,1,16
"dot/dot_int8_int8_int32_8x32x2_1x16x1_avx512/32/440/real_time",88694,1580.05,1575.07,ns,,,"8x32x440",,,2,8,32,440,8,32,1,1,16
"dot/dot_int8_int8_int32_8x32x2_1x16x1_avx512/32/588/real_time",66487,2108.66,2101.66,ns,,,"8x32x588",,,2,8,32,588,8,32,1,1,16
"dot/dot_int8_int8_int32_8x32x2_1x16x1_avx512/64/2/real_time",4367133,32.4483,32.3402,ns,,,"8x64x2",,,2,8,32,2,8,64,1,1,16
"dot/dot_int8_int8_int32_8x32x2_1x16x1_avx512/64/78/real_time",246678,568.677,566.921,ns,,,"8x64x78",,,2,8,32,78,8,64,1,1,16
"dot/dot_int8_int8_int32_8x32x2_1x16x1_avx512/64/156/real_time",124730,1124.45,1121.08,ns,,,"8x64x156",,,2,8,32,156,8,64,1,1,16
"dot/dot_int8_int8_int32_8x32x2_1x16x1_avx512/64/234/real_time",83321,1680.21,1674.59,ns,,,"8x64x234",,,2,8,32,234,8,64,1,1,16
"dot/dot_int8_int8_int32_8x32x2_1x16x1_avx512/64/312/real_time",62549,2238.37,2232.36,ns,,,"8x64x312",,,2,8,32,312,8,64,1,1,16
"dot/dot_int8_int8_int32_8x32x2_1x16x1_avx512/128/2/real_time",2724402,51.3911,51.2253,ns,,,"8x128x2",,,2,8,32,2,8,128,1,1,16
"dot/dot_int8_int8_int32_8x32x2_1x16x1_avx512/128/36/real_time",265670,526.133,524.168,ns,,,"8x128x36",,,2,8,32,36,8,128,1,1,16
"dot/dot_int8_int8_int32_8x32x2_1x16x1_avx512/128/74/real_time",130562,1070.83,1067.48,ns,,,"8x128x74",,,2,8,32,74,8,128,1,1,16
"dot/dot_int8_int8_int32_8x32x2_1x16x1_avx512/128/112/real_time",86949,1613.51,1608.24,ns,,,"8x128x112",,,2,8,32,112,8,128,1,1,16
"dot/dot_int8_int8_int32_8x32x2_1x16x1_avx512/128/150/real_time",64901,2158.02,2149.12,ns,,,"8x128x150",,,2,8,32,150,8,128,1,1,16
"dot/dot_int8_int8_int32_8x32x2_1x16x1_avx512/256/2/real_time",1506234,93.2535,92.9252,ns,,,"8x256x2",,,2,8,32,2,8,256,1,1,16
"dot/dot_int8_int8_int32_8x32x2_1x16x1_avx512/256/14/real_time",337854,414.443,413.042,ns,,,"8x256x14",,,2,8,32,14,8,256,1,1,16
"dot/dot_int8_int8_int32_8x32x2_1x16x1_avx512/256/30/real_time",160810,870.264,867.366,ns,,,"8x256x30",,,2,8,32,30,8,256,1,1,16
"dot/dot_int8_int8_int32_8x32x2_1x16x1_avx512/256/46/real_time",104745,1337.68,1333.12,ns,,,"8x256x46",,,2,8,32,46,8,256,1,1,16
"dot/dot_int8_int8_int32_8x32x2_1x16x1_avx512/256/62/real_time",77930,1794.98,1788.97,ns,,,"8x256x62",,,2,8,32,62,8,256,1,1,16
"dot/dot_int8_int8_int32_16x16x2_1x16x1_avx512/16/2/real_time",4260752,32.9904,32.8877,ns,,,"16x16x2",,,2,16,16,2,16,16,1,1,16
"dot/dot_int8_int8_int32_16x16x2_1x16x1_avx512/16/184/real_time",197251,709.949,707.818,ns,,,"16x16x184",,,2,16,16,184,16,16,1,1,16
"dot/dot_int8_int8_int32_16x16x2_1x16x1_avx512/16/368/real_time",100325,1395.13,1390.74,ns,,,"16x16x368",,,2,16,16,368,16,16,1,1,16
"dot/dot_int8_int8_int32_16x16x2_1x16x1_avx512/16/552/real_time",67506,2080.53,2073.75,ns,,,"16x16x552",,,2,16,16,552,16,16,1,1,16
"dot/dot_int8_int8_int32_16x16x2_1x16x1_avx512/16/736/real_time",50647,2767.47,2758.05,ns,,,"16x16x736",,,2,16,16,736,16,16,1,1,16
"dot/dot_int8_int8_int32_16x16x2_1x16x1_avx512/32/2/real_time",2639592,53.1456,52.9731,ns,,,"16x32x2",,,2,16,16,2,16,32,1,1,16
"dot/dot_int8_int8_int32_16x16x2_1x16x1_avx512/32/116/real_time",156059,897.485,894.924,ns,,,"16x32x116",,,2,16,16,116,16,32,1,1,16
"dot/dot_int8_int8_int32_16x16x2_1x16x1_avx512/32/234/real_time",78663,1778.84,1772.46,ns,,,"16x32x234",,,2,16,16,234,16,32,1,1,16
"dot/dot_int8_int8_int32_16x16x2_1x16x1_avx512/32/350/real_time",52989,2643.7,2634.27,ns,,,"16x32x350",,,2,16,16,350,16,32,1,1,16
"dot/dot_int8_int8_int32_16x16x2_1x16x1_avx512/32/468/real_time",39773,3521.53,3510.8,ns,,,"16x32x468",,,2,16,16,468,16,32,1,1,16
"dot/dot_int8_int8_int32_16x16x2_1x16x1_avx512/64/2/real_time",1656165,84.6083,84.3447,ns,,,"16x64x2",,,2,16,16,2,16,64,1,1,16
"dot/dot_int8_int8_int32_16x16x2_1x16x1_avx512/64/64/real_time",139252,1003.8,1000.91,ns,,,"16x64x64",,,2,16,16,64,16,64,1,1,16
"dot/dot_int8_int8_int32_16x16x2_1x16x1_avx512/64/128/real_time",71444,1957.62,1951.4,ns,,,"16x64x128",,,2,16,16,128,16,64,1,1,16
"dot/dot_int8_int8_int32_16x16x2_1x16x1_avx512/64/192/real_time",48064,2910.55,2901.32,ns,,,"16x64x192",,,2,16,16,192,16,64,1,1,16
"dot/dot_int8_int8_int32_16x16x2_1x16x1_avx512/64/256/real_time",36191,3863.71,3852.38,ns,,,"16x64x256",,,2,16,16,256,16,64,1,1,16
"dot/dot_int8_int8_int32_16x16x2_1x16x1_avx512/128/2/real_time",886692,158.066,157.381,ns,,,"16x128x2",,,2,16,16,2,16,128,1,1,16
"dot/dot_int8_int8_int32_16x16x2_1x16x1_avx512/128/28/real_time",152381,917.852,915.326,ns,,,"16x128x28",,,2,16,16,28,16,128,1,1,16
"dot/dot_int8_int8_int32_16x16x2_1x16x1_avx512/128/56/real_time",79913,1751.9,1746.99,ns,,,"16x128x56",,,2,16,16,56,16,128,1,1,16
"dot/dot_int8_int8_int32_16x16x2_1x16x1_avx512/128/84/real_time",54117,2587.09,2578.22,ns,,,"16x128x84",,,2,16,16,84,16,128,1,1,16
"dot/dot_int8_int8_int32_16x16x2_1x16x1_avx512/128/112/real_time",40925,3418.62,3408.77,ns,,,"16x128x112",,,2,16,16,112,16,128,1,1,16
"dot/dot_int8_int8_int32_1x32x16_1x4x16_avx512/32/16/real_time",7852090,17.8359,17.7825,ns,,,"1x32x16",,,16,1,32,16,1,32,16,1,4
"dot/dot_int8_int8_int32_1x32x16_1x4x16_avx512/32/176/real_time",1646896,84.9761,84.6947,ns,,,"1x32x176",,,16,1,32,176,1,32,16,1,4
"dot/dot_int8_int8_int32_1x32x16_1x4x16_avx512/32/368/real_time",838970,166.897,166.429,ns,,,"1x32x368",,,16,1,32,368,1,32,16,1,4
"dot/dot_int8_int8_int32_1x32x16_1x4x16_avx512/32/544/real_time",581877,241.567,240.832,ns,,,"1x32x544",,,16,1,32,544,1,32,16,1,4
"dot/dot_int8_int8_int32_1x32x16_1x4x16_avx512/32/736/real_time",434189,322.665,321.646,ns,,,"1x32x736",,,16,1,32,736,1,32,16,1,4
"dot/dot_int8_int8_int32_1x32x16_1x4x16_avx512/64/16/real_time",4301494,32.5533,32.4507,ns,,,"1x64x16",,,16,1,32,16,1,64,16,1,4
"dot/dot_int8_int8_int32_1x32x16_1x4x16_avx512/64/80/real_time",1596640,87.655,87.3927,ns,,,"1x64x80",,,16,1,32,80,1,64,16,1,4
"dot/dot_int8_int8_int32_1x32x16_1x4x16_avx512/64/176/real_time",824734,170.047,169.404,ns,,,"1x64x176",,,16,1,32,176,1,64,16,1,4
"dot/dot_int8_int8_int32_1x32x16_1x4x16_avx512/64/272/real_time",555210,252.066,251.337,ns,,,"1x64x272",,,16,1,32,272,1,64,16,1,4
"dot/dot_int8_int8_int32_1x32x16_1x4x16_avx512/64/368/real_time",420775,332.635,331.664,ns,,,"1x64x368",,,16,1,32,368,1,64,16,1,4
"dot/dot_int8_int8_int32_1x32x16_1x4x16_avx512/128/16/real_time",2174425,64.3747,64.1778,ns,,,"1x128x16",,,16,1,32,16,1,128,16,1,4
"dot/dot_int8_int8_int32_1x32x16_1x4x16_avx512/128/32/real_time",1498843,93.4879,93.1622,ns,,,"1x128x32",,,16,1,32,32,1,128,16,1,4
"dot/dot_int8_int8_int32_1x32x16_1x4x16_avx512/128/80/real_time",800394,174.827,174.329,ns,,,"1x128x80",,,16,1,32,80,1,128,16,1,4
"dot/dot_int8_int8_int32_1x32x16_1x4x16_avx512/128/128/real_time",543929,257.332,256.432,ns,,,"1x128x128",,,16,1,32,128,1,128,16,1,4
"dot/dot_int8_int8_int32_1x32x16_1x4x16_avx512/128/176/real_time",413211,339.289,338.374,ns,,,"1x128x176",,,16,1,32,176,1,128,16,1,4
"dot/dot_int8_int8_int32_1x32x16_1x4x16_avx512/256/16/real_time",1094029,127.83,127.399,ns,,,"1x256x16",,,16,1,32,16,1,256,16,1,4
"dot/dot_int8_int8_int32_1x32x16_1x4x16_avx512/256/32/real_time",747518,187.017,186.407,ns,,,"1x256x32",,,16,1,32,32,1,256,16,1,4
"dot/dot_int8_int8_int32_1x32x16_1x4x16_avx512/256/48/real_time",585078,239.446,238.529,ns,,,"1x256x48",,,16,1,32,48,1,256,16,1,4
"dot/dot_int8_int8_int32_1x32x16_1x4x16_avx512/256/80/real_time",400192,349.85,348.568,ns,,,"1x256x80",,,16,1,32,80,1,256,16,1,4
"dot/dot_int8_int8_int32_1x16x16_1x4x16_avx512/16/16/real_time",12780462,10.9273,10.8902,ns,,,"1x16x16",,,16,1,16,16,1,16,16,1,4
"dot/dot_int8_int8_int32_1x16x16_1x4x16_avx512/16/352/real_time",1743227,79.9238,79.541,ns,,,"1x16x352",,,16,1,16,352,1,16,16,1,4
"dot/dot_int8_int8_int32_1x16x16_1x4x16_avx512/16/720/real_time",891256,156.886,156.272,ns,,,"1x16x720",,,16,1,16,720,1,16,16,1,4
"dot/dot_int8_int8_int32_1x16x16_1x4x16_avx512/16/1072/real_time",604725,230.429,229.357,ns,,,"1x16x1072",,,16,1,16,1072,1,16,16,1,4
"dot/dot_int8_int8_int32_1x16x16_1x4x16_avx512/16/1440/real_time",455825,307.1,305.819,ns,,,"1x16x1440",,,16,1,16,1440,1,16,16,1,4
"dot/dot_int8_int8_int32_1x16x16_1x4x16_avx512/32/16/real_time",7744935,18.1515,18.0924,ns,,,"1x32x16",,,16,1,16,16,1,32,16,1,4
"dot/dot_int8_int8_int32_1x16x16_1x4x16_avx512/32/176/real_time",1655823,84.575,84.2829,ns,,,"1x32x176",,,16,1,16,176,1,32,16,1,4
"dot/dot_int8_int8_int32_1x16x16_1x4x16_avx512/32/368/real_time",838624,167.068,166.313,ns,,,"1x32x368",,,16,1,16,368,1,32,16,1,4
"dot/dot_int8_int8_int32_1x16x16_1x4x16_avx512/32/544/real_time",584171,240.322,239.457,ns,,,"1x32x544",,,16,1,16,544,1,32,16,1,4
"dot/dot_int8_int8_int32_1x16x16_1x4x16_avx512/32/736/real_time",437462,319.955,318.951,ns,,,"1x32x736",,,16,1,16,736,1,32,16,1,4
"dot/dot_int8_int8_int32_1x16x16_1x4x16_avx512/64/16/real_time",4029960,34.5654,34.4421,ns,,,"1x64x16",,,16,1,16,16,1,64,16,1,4
"dot/dot_int8_int8_int32_1x16x16_1x4x16_avx512/64/80/real_time",1581478,88.4829,88.1875,ns,,,"1x64x80",,,16,1,16,80,1,64,16,1,4
"dot/dot_int8_int8_int32_1x16x16_1x4x16_avx512/64/176/real_time",833596,167.494,167.081,ns,,,"1x64x176",,,16,1,16,176,1,64,16,1,4
"dot/dot_int8_int8_int32_1x16x16_1x4x16_avx512/64/272/real_time",563577,248.43,247.654,ns,,,"1x64x272",,,16,1,16,272,1,64,16,1,4
"dot/dot_int8_int8_int32_1x16x16_1x4x16_avx512/64/368/real_time",420540,332.463,330.863,ns,,,"1x64x368",,,16,1,16,368,1,64,16,1,4
"dot/dot_int8_int8_int32_1x16x16_1x4x16_avx512/128/16/real_time",2181909,64.1167,63.8962,ns,,,"1x128x16",,,16,1,16,16,1,128,16,1,4
"dot/dot_int8_int8_int32_1x16x16_1x4x16_avx512/128/32/real_time",1516045,92.389,91.9939,ns,,,"1x128x32",,,16,1,16,32,1,128,16,1,4
"dot/dot_int8_int8_int32_1x16x16_1x4x16_avx512/128/80/real_time",794088,175.926,175.132,ns,,,"1x128x80",,,16,1,16,80,1,128,16,1,4
"dot/dot_int8_int8_int32_1x16x16_1x4x16_avx512/128/128/real_time",551590,253.587,252.63,ns,,,"1x128x128",,,16,1,16,128,1,128,16,1,4
"dot/dot_int8_int8_int32_1x16x16_1x4x16_avx512/128/176/real_time",419263,333.508,332.51,ns,,,"1x128x176",,,16,1,16,176,1,128,16,1,4
"dot/dot_int8_int8_int32_2x16x16_1x4x16_avx512/16/16/real_time",8419781,16.6665,16.6143,ns,,,"2x16x16",,,16,2,16,16,2,16,16,1,4
"dot/dot_int8_int8_int32_2x16x16_1x4x16_avx512/16/336/real_time",1095629,126.695,126.301,ns,,,"2x16x336",,,16,2,16,336,2,16,16,1,4
"dot/dot_int8_int8_int32_2x16x16_1x4x16_avx512/16/672/real_time",573249,244.102,243.414,ns,,,"2x16x672",,,16,2,16,672,2,16,16,1,4
"dot/dot_int8_int8_int32_2x16x16_1x4x16_avx512/16/1008/real_time",387497,361.459,360.352,ns,,,"2x16x1008",,,16,2,16,1008,2,16,16,1,4
"dot/dot_int8_int8_int32_2x16x16_1x4x16_avx512/16/1344/real_time",292299,479.127,477.663,ns,,,"2x16x1344",,,16,2,16,1344,2,16,16,1,4
"dot/dot_int8_int8_int32_2x16x16_1x4x16_avx512/32/16/real_time",4751204,29.4503,29.3651,ns,,,"2x32x16",,,16,2,16,16,2,32,16,1,4
"dot/dot_int8_int8_int32_2x16x16_1x4x16_avx512/32/176/real_time",988376,141.347,140.909,ns,,,"2x32x176",,,16,2,16,176,2,32,16,1,4
"dot/dot_int8_int8_int32_2x16x16_1x4x16_avx512/32/352/real_time",529441,264.734,263.893,ns,,,"2x32x352",,,16,2,16,352,2,32,16,1,4
"dot/dot_int8_int8_int32_2x16x16_1x4x16_avx512/32/528/real_time",360919,387.728,386.621,ns,,,"2x32x528",,,16,2,16,528,2,32,16,1,4
"dot/dot_int8_int8_int32_2x16x16_1x4x16_avx512/32/704/real_time",274014,510.988,509.345,ns,,,"2x32x704",,,16,2,16,704,2,32,16,1,4
"dot/dot_int8_int8_int32_2x16x16_1x4x16_avx512/64/16/real_time",2552253,54.823,54.6525,ns,,,"2x64x16",,,16,2,16,16,2,64,16,1,4
"dot/dot_int8_int8_int32_2x16x16_1x4x16_avx512/64/80/real_time",941104,148.598,148.198,ns,,,"2x64x80",,,16,2,16,80,2,64,16,1,4
"dot/dot_int8_int8_int32_2x16x16_1x4x16_avx512/64/176/real_time",493750,282.774,281.92,ns,,,"2x64x176",,,16,2,16,176,2,64,16,1,4
"dot/dot_int8_int8_int32_2x16x16_1x4x16_avx512/64/256/real_time",355016,394.759,393.415,ns,,,"2x64x256",,,16,2,16,256,2,64,16,1,4
"dot/dot_int8_int8_int32_2x16x16_1x4x16_avx512/64/352/real_time",264413,529.447,527.87,ns,,,"2x64x352",,,16,2,16,352,2,64,16,1,4
"dot/dot_int8_int8_int32_2x16x16_1x4x16_avx512/128/16/real_time",1279462,109.458,109.072,ns,,,"2x128x16",,,16,2,16,16,2,128,16,1,4
"dot/dot_int8_int8_int32_2x16x16_1x4x16_avx512/128/32/real_time",838335,167.316,166.509,ns,,,"2x128x32",,,16,2,16,32,2,128,16,1,4
"dot/dot_int8_int8_int32_2x16x16_1x4x16_avx512/128/80/real_time",470347,297.993,296.699,ns,,,"2x128x80",,,16,2,16,80,2,128,16,1,4
"dot/dot_int8_int8_int32_2x16x16_1x4x16_avx512/128/128/real_time",324426,431.396,430.054,ns,,,"2x128x128",,,16,2,16,128,2,128,16,1,4
"dot/dot_int8_int8_int32_2x16x16_1x4x16_avx512/128/176/real_time",247218,566.005,564.053,ns,,,"2x128x176",,,16,2,16,176,2,128,16,1,4
"dot/dot_int8_int8_int32_1x8x16_1x4x16_avx512/8/16/real_time",16071536,8.71357,8.68512,ns,,,"1x8x16",,,16,1,8,16,1,8,16,1,4
"dot/dot_int8_int8_int32_1x8x16_1x4x16_avx512/8/672/real_time",1707062,81.9863,81.7249,ns,,,"1x8x672",,,16,1,8,672,1,8,16,1,4
"dot/dot_int8_int8_int32_1x8x16_1x4x16_avx512/8/1360/real_time",886200,158.042,157.59,ns,,,"1x8x1360",,,16,1,8,1360,1,8,16,1,4
"dot/dot_int8_int8_int32_1x8x16_1x4x16_avx512/8/2032/real_time",601063,232.49,231.838,ns,,,"1x8x2032",,,16,1,8,2032,1,8,16,1,4
"dot/dot_int8_int8_int32_1x8x16_1x4x16_avx512/8/2720/real_time",453657,308.987,307.785,ns,,,"1x8x2720",,,16,1,8,2720,1,8,16,1,4
"dot/dot_int8_int8_int32_1x8x16_1x4x16_avx512/16/16/real_time",10869156,12.8946,12.8343,ns,,,"1x16x16",,,16,1,8,16,1,16,16,1,4
"dot/dot_int8_int8_int32_1x8x16_1x4x16_avx512/16/352/real_time",1599337,87.373,87.0739,ns,,,"1x16x352",,,16,1,8,352,1,16,16,1,4
"dot/dot_int8_int8_int32_1x8x16_1x4x16_avx512/16/720/real_time",822025,170.948,170.413,ns,,,"1x16x720",,,16,1,8,720,1,16,16,1,4
"dot/dot_int8_int8_int32_1x8x16_1x4x16_avx512/16/1072/real_time",562629,249.43,248.712,ns,,,"1x16x1072",,,16,1,8,1072,1,16,16,1,4
"dot/dot_int8_int8_int32_1x8x16_1x4x16_avx512/16/1440/real_time",423787,330.692,329.78,ns,,,"1x16x1440",,,16,1,8,1440,1,16,16,1,4
"dot/dot_int8_int8_int32_1x8x16_1x4x16_avx512/32/16/real_time",6924508,20.228,20.1656,ns,,,"1x32x16",,,16,1,8,16,1,32,16,1,4
"dot/dot_int8_int8_int32_1x8x16_1x4x16_avx512/32/176/real_time",1488351,94.162,93.8963,ns,,,"1x32x176",,,16,1,8,176,1,32,16,1,4
"dot/dot_int8_int8_int32_1x8x16_1x4x16_avx512/32/368/real_time",797775,175.584,175.012,ns,,,"1x32x368",,,16,1,8,368,1,32,16,1,4
"dot/dot_int8_int8_int32_1x8x16_1x4x16_avx512/32/544/real_time",533374,262.347,261.647,ns,,,"1x32x544",,,16,1,8,544,1,32,16,1,4
"dot/dot_int8_int8_int32_1x8x16_1x4x16_avx512/32/736/real_time",404364,347.155,346.141,ns,,,"1x32x736",,,16,1,8,736,1,32,16,1,4
"dot/dot_int8_int8_int32_1x8x16_1x4x16_avx512/64/16/real_time",3795607,36.8889,36.7582,ns,,,"1x64x16",,,16,1,8,16,1,64,16,1,4
"dot/dot_int8_int8_int32_1x8x16_1x4x16_avx512/64/80/real_time",1475014,94.9848,94.5876,ns,,,"1x64x80",,,16,1,8,80,1,64,16,1,4
"dot/dot_int8_int8_int32_1x8x16_1x4x16_avx512/64/176/real_time",784595,178.531,177.744,ns,,,"1x64x176",,,16,1,8,176,1,64,16,1,4
"dot/dot_int8_int8_int32_1x8x16_1x4x16_avx512/64/272/real_time",531292,263.256,262.413,ns,,,"1x64x272",,,16,1,8,272,1,64,16,1,4
"dot/dot_int8_int8_int32_1x8x16_1x4x16_avx512/64/368/real_time",400121,350.45,349.111,ns,,,"1x64x368",,,16,1,8,368,1,64,16,1,4
"dot/dot_int8_int8_int32_2x8x16_1x4x16_avx512/8/16/real_time",12499351,11.2156,11.1835,ns,,,"2x8x16",,,16,2,8,16,2,8,16,1,4
"dot/dot_int8_int8_int32_2x8x16_1x4x16_avx512/8/608/real_time",1150192,118.498,118.141,ns,,,"2x8x608",,,16,2,8,608,2,8,16,1,4
"dot/dot_int8_int8_int32_2x8x16_1x4x16_avx512/8/1216/real_time",608488,230.046,229.229,ns,,,"2x8x1216",,,16,2,8,1216,2,8,16,1,4
"dot/dot_int8_int8_int32_2x8x16_1x4x16_avx512/8/1824/real_time",409528,341.328,340.094,ns,,,"2x8x1824",,,16,2,8,1824,2,8,16,1,4
"dot/dot_int8_int8_int32_2x8x16_1x4x16_avx512/8/2448/real_time",307174,455.505,454.062,ns,,,"2x8x2448",,,16,2,8,2448,2,8,16,1,4
"dot/dot_int8_int8_int32_2x8x16_1x4x16_avx512/16/16/real_time",8101304,17.1286,17.0651,ns,,,"2x16x16",,,16,2,8,16,2,16,16,1,4
"dot/dot_int8_int8_int32_2x8x16_1x4x16_avx512/16/336/real_time",990176,135.492,135.073,ns,,,"2x16x336",,,16,2,8,336,2,16,16,1,4
"dot/dot_int8_int8_int32_2x8x16_1x4x16_avx512/16/672/real_time",540070,259.045,258.273,ns,,,"2x16x672",,,16,2,8,672,2,16,16,1,4
"dot/dot_int8_int8_int32_2x8x16_1x4x16_avx512/16/1008/real_time",366109,382.022,380.816,ns,,,"2x16x1008",,,16,2,8,1008,2,16,16,1,4
"dot/dot_int8_int8_int32_2x8x16_1x4x16_avx512/16/1344/real_time",276963,505.309,503.494,ns,,,"2x16x1344",,,16,2,8,1344,2,16,16,1,4
"dot/dot_int8_int8_int32_2x8x16_1x4x16_avx512/32/16/real_time",4331264,32.3101,32.1961,ns,,,"2x32x16",,,16,2,8,16,2,32,16,1,4
"dot/dot_int8_int8_int32_2x8x16_1x4x16_avx512/32/176/real_time",959035,145.99,145.477,ns,,,"2x32x176",,,16,2,8,176,2,32,16,1,4
"dot/dot_int8_int8_int32_2x8x16_1x4x16_avx512/32/352/real_time",496898,281.902,280.998,ns,,,"2x32x352",,,16,2,8,352,2,32,16,1,4
"dot/dot_int8_int8_int32_2x8x16_1x4x16_avx512/32/528/real_time",341196,410.597,409.306,ns,,,"2x32x528",,,16,2,8,528,2,32,16,1,4
"dot/dot_int8_int8_int32_2x8x16_1x4x16_avx512/32/704/real_time",259658,540.163,538.272,ns,,,"2x32x704",,,16,2,8,704,2,32,16,1,4
"dot/dot_int8_int8_int32_2x8x16_1x4x16_avx512/64/16/real_time",2356389,59.3989,59.2314,ns,,,"2x64x16",,,16,2,8,16,2,64,16,1,4
"dot/dot_int8_int8_int32_2x8x16_1x4x16_avx512/64/80/real_time",930568,150.505,150.029,ns,,,"2x64x80",,,16,2,8,80,2,64,16,1,4
"dot/dot_int8_int8_int32_2x8x16_1x4x16_avx512/64/176/real_time",481582,290.212,289.307,ns,,,"2x64x176",,,16,2,8,176,2,64,16,1,4
"dot/dot_int8_int8_int32_2x8x16_1x4x16_avx512/64/256/real_time",338955,411.367,410.124,ns,,,"2x64x256",,,16,2,8,256,2,64,16,1,4
"dot/dot_int8_int8_int32_2x8x16_1x4x16_avx512/64/352/real_time",249486,561.111,559.232,ns,,,"2x64x352",,,16,2,8,352,2,64,16,1,4
"dot/dot_int8_int8_int32_4x8x16_1x4x16_avx512/8/16/real_time",8307487,16.8453,16.7902,ns,,,"4x8x16",,,16,4,8,16,4,8,16,1,4
"dot/dot_int8_int8_int32_4x8x16_1x4x16_avx512/8/496/real_time",780792,175.229,174.665,ns,,,"4x8x496",,,16,4,8,496,4,8,16,1,4
"dot/dot_int8_int8_int32_4x8x16_1x4x16_avx512/8/1008/real_time",405130,345.864,344.773,ns,,,"4x8x1008",,,16,4,8,1008,4,8,16,1,4
"dot/dot_int8_int8_int32_4x8x16_1x4x16_avx512/8/1520/real_time",271281,516.065,514.422,ns,,,"4x8x1520",,,16,4,8,1520,4,8,16,1,4
"dot/dot_int8_int8_int32_4x8x16_1x4x16_avx512/8/2032/real_time",203919,686.852,684.398,ns,,,"4x8x2032",,,16,4,8,2032,4,8,16,1,4
"dot/dot_int8_int8_int32_4x8x16_1x4x16_avx512/16/16/real_time",4380950,31.8829,31.7703,ns,,,"4x16x16",,,16,4,8,16,4,16,16,1,4
"dot/dot_int8_int8_int32_4x8x16_1x4x16_avx512/16/304/real_time",628473,221.949,221.199,ns,,,"4x16x304",,,16,4,8,304,4,16,16,1,4
"dot/dot_int8_int8_int32_4x8x16_1x4x16_avx512/16/608/real_time",329854,424.898,423.437,ns,,,"4x16x608",,,16,4,8,608,4,16,16,1,4
"dot/dot_int8_int8_int32_4x8x16_1x4x16_avx512/16/912/real_time",223724,626.832,624.906,ns,,,"4x16x912",,,16,4,8,912,4,16,16,1,4
"dot/dot_int8_int8_int32_4x8x16_1x4x16_avx512/16/1216/real_time",168785,829.744,826.824,ns,,,"4x16x1216",,,16,4,8,1216,4,16,16,1,4
"dot/dot_int8_int8_int32_4x8x16_1x4x16_avx512/32/16/real_time",2469991,56.6547,56.4432,ns,,,"4x32x16",,,16,4,8,16,4,32,16,1,4
"dot/dot_int8_int8_int32_4x8x16_1x4x16_avx512/32/160/real_time",557983,250.929,250.073,ns,,,"4x32x160",,,16,4,8,160,4,32,16,1,4
"dot/dot_int8_int8_int32_4x8x16_1x4x16_avx512/32/320/real_time",300982,465.58,463.794,ns,,,"4x32x320",,,16,4,8,320,4,32,16,1,4
"dot/dot_int8_int8_int32_4x8x16_1x4x16_avx512/32/480/real_time",206154,678.853,676.193,ns,,,"4x32x480",,,16,4,8,480,4,32,16,1,4
"dot/dot_int8_int8_int32_4x8x16_1x4x16_avx512/32/656/real_time",153225,912.888,909.649,ns,,,"4x32x656",,,16,4,8,656,4,32,16,1,4
"dot/dot_int8_int8_int32_4x8x16_1x4x16_avx512/64/16/real_time",1254774,111.348,110.949,ns,,,"4x64x16",,,16,4,8,16,4,64,16,1,4
"dot/dot_int8_int8_int32_4x8x16_1x4x16_avx512/64/80/real_time",481117,291.087,289.887,ns,,,"4x64x80",,,16,4,8,80,4,64,16,1,4
"dot/dot_int8_int8_int32_4x8x16_1x4x16_avx512/64/160/real_time",279096,502.28,500.056,ns,,,"4x64x160",,,16,4,8,160,4,64,16,1,4
"dot/dot_int8_int8_int32_4x8x16_1x4x16_avx512/64/240/real_time",195646,715.16,712.553,ns,,,"4x64x240",,,16,4,8,240,4,64,16,1,4
"dot/dot_int8_int8_int32_4x8x16_1x4x16_avx512/64/336/real_time",143969,972.259,969.041,ns,,,"4x64x336",,,16,4,8,336,4,64,16,1,4
"dot/dot_int8_int8_int32_6x8x16_1x4x16_avx512/8/16/real_time",5910176,23.4757,23.4132,ns,,,"6x8x16",,,16,6,8,16,6,8,16,1,4
"dot/dot_int8_int8_int32_6x8x16_1x4x16_avx512/8/432/real_time",633505,220.911,220.197,ns,,,"6x8x432",,,16,6,8,432,6,8,16,1,4
"dot/dot_int8_int8_int32_6x8x16_1x4x16_avx512/8/864/real_time",327257,427.619,426.295,ns,,,"6x8x864",,,16,6,8,864,6,8,16,1,4
"dot/dot_int8_int8_int32_6x8x16_1x4x16_avx512/8/1296/real_time",220522,634.405,632.38,ns,,,"6x8x1296",,,16,6,8,1296,6,8,16,1,4
"dot/dot_int8_int8_int32_6x8x16_1x4x16_avx512/8/1728/real_time",166336,842.196,838.749,ns,,,"6x8x1728",,,16,6,8,1728,6,8,16,1,4
"dot/dot_int8_int8_int32_6x8x16_1x4x16_avx512/16/16/real_time",3392571,41.2944,41.1467,ns,,,"6x16x16",,,16,6,8,16,6,16,16,1,4
"dot/dot_int8_int8_int32_6x8x16_1x4x16_avx512/16/272/real_time",485269,288.592,287.48,ns,,,"6x16x272",,,16,6,8,272,6,16,16,1,4
"dot/dot_int8_int8_int32_6x8x16_1x4x16_avx512/16/544/real_time",254709,548.985,547.201,ns,,,"6x16x544",,,16,6,8,544,6,16,16,1,4
"dot/dot_int8_int8_int32_6x8x16_1x4x16_avx512/16/816/real_time",172212,810.326,807.166,ns,,,"6x16x816",,,16,6,8,816,6,16,16,1,4
"dot/dot_int8_int8_int32_6x8x16_1x4x16_avx512/16/1088/real_time",131112,1070.68,1066.69,ns,,,"6x16x1088",,,16,6,8,1088,6,16,16,1,4
"dot/dot_int8_int8_int32_6x8x16_1x4x16_avx512/32/16/real_time",1712103,81.6993,81.4477,ns,,,"6x32x16",,,16,6,8,16,6,32,16,1,4
"dot/dot_int8_int8_int32_6x8x16_1x4x16_avx512/32/144/real_time",423323,330.709,329.55,ns,,,"6x32x144",,,16,6,8,144,6,32,16,1,4
"dot/dot_int8_int8_int32_6x8x16_1x4x16_avx512/32/304/real_time",219624,637.429,635.622,ns,,,"6x32x304",,,16,6,8,304,6,32,16,1,4
"dot/dot_int8_int8_int32_6x8x16_1x4x16_avx512/32/464/real_time",147739,944.869,941.325,ns,,,"6x32x464",,,16,6,8,464,6,32,16,1,4
"dot/dot_int8_int8_int32_6x8x16_1x4x16_avx512/32/624/real_time",111923,1250.47,1246.81,ns,,,"6x32x624",,,16,6,8,624,6,32,16,1,4
"dot/dot_int8_int8_int32_6x8x16_1x4x16_avx512/64/16/real_time",861052,162.703,162.25,ns,,,"6x64x16",,,16,6,8,16,6,64,16,1,4
"dot/dot_int8_int8_int32_6x8x16_1x4x16_avx512/64/80/real_time",337896,414.351,412.988,ns,,,"6x64x80",,,16,6,8,80,6,64,16,1,4
"dot/dot_int8_int8_int32_6x8x16_1x4x16_avx512/64/160/real_time",193869,722.133,720.123,ns,,,"6x64x160",,,16,6,8,160,6,64,16,1,4
"dot/dot_int8_int8_int32_6x8x16_1x4x16_avx512/64/240/real_time",136013,1030.39,1026.83,ns,,,"6x64x240",,,16,6,8,240,6,64,16,1,4
"dot/dot_int8_int8_int32_6x8x16_1x4x16_avx512/64/320/real_time",104800,1336.88,1332.53,ns,,,"6x64x320",,,16,6,8,320,6,64,16,1,4
"dot/dot_int8_int8_int32_2x4x16_1x4x16_avx512/4/16/real_time",16041683,8.72646,8.69437,ns,,,"2x4x16",,,16,2,4,16,2,4,16,1,4
"dot/dot_int8_int8_int32_2x4x16_1x4x16_avx512/4/1008/real_time",1279998,107.486,107.131,ns,,,"2x4x1008",,,16,2,4,1008,2,4,16,1,4
"dot/dot_int8_int8_int32_2x4x16_1x4x16_avx512/4/2032/real_time",656854,213.24,212.326,ns,,,"2x4x2032",,,16,2,4,2032,2,4,16,1,4
"dot/dot_int8_int8_int32_2x4x16_1x4x16_avx512/4/3056/real_time",440319,318.325,317.19,ns,,,"2x4x3056",,,16,2,4,3056,2,4,16,1,4
"dot/dot_int8_int8_int32_2x4x16_1x4x16_avx512/4/4080/real_time",330948,424.018,422.457,ns,,,"2x4x4080",,,16,2,4,4080,2,4,16,1,4
"dot/dot_int8_int8_int32_2x4x16_1x4x16_avx512/8/16/real_time",11292408,12.3463,12.3098,ns,,,"2x8x16",,,16,2,4,16,2,8,16,1,4
"dot/dot_int8_int8_int32_2x4x16_1x4x16_avx512/8/608/real_time",1074076,130.738,130.309,ns,,,"2x8x608",,,16,2,4,608,2,8,16,1,4
"dot/dot_int8_int8_int32_2x4x16_1x4x16_avx512/8/1216/real_time",548545,255.948,255.006,ns,,,"2x8x1216",,,16,2,4,1216,2,8,16,1,4
"dot/dot_int8_int8_int32_2x4x16_1x4x16_avx512/8/1824/real_time",366452,381.167,380,ns,,,"2x8x1824",,,16,2,4,1824,2,8,16,1,4
"dot/dot_int8_int8_int32_2x4x16_1x4x16_avx512/8/2448/real_time",276445,506.618,505.206,ns,,,"2x8x2448",,,16,2,4,2448,2,8,16,1,4
"dot/dot_int8_int8_int32_2x4x16_1x4x16_avx512/16/16/real_time",7042569,19.9629,19.8884,ns,,,"2x16x16",,,16,2,4,16,2,16,16,1,4
"dot/dot_int8_int8_int32_2x4x16_1x4x16_avx512/16/336/real_time",934765,147.7,147.269,ns,,,"2x16x336",,,16,2,4,336,2,16,16,1,4
"dot/dot_int8_int8_int32_2x4x16_1x4x16_avx512/16/672/real_time",488075,286.123,285.295,ns,,,"2x16x672",,,16,2,4,672,2,16,16,1,4
"dot/dot_int8_int8_int32_2x4x16_1x4x16_avx512/16/1008/real_time",329352,424.39,423.082,ns,,,"2x16x1008",,,16,2,4,1008,2,16,16,1,4
"dot/dot_int8_int8_int32_2x4x16_1x4x16_avx512/16/1344/real_time",249915,559.512,557.851,ns,,,"2x16x1344",,,16,2,4,1344,2,16,16,1,4
"dot/dot_int8_int8_int32_2x4x16_1x4x16_avx512/32/16/real_time",4131177,33.9241,33.817,ns,,,"2x32x16",,,16,2,4,16,2,32,16,1,4
"dot/dot_int8_int8_int32_2x4x16_1x4x16_avx512/32/176/real_time",847778,163.096,162.628,ns,,,"2x32x176",,,16,2,4,176,2,32,16,1,4
"dot/dot_int8_int8_int32_2x4x16_1x4x16_avx512/32/352/real_time",454845,308.032,307.051,ns,,,"2x32x352",,,16,2,4,352,2,32,16,1,4
"dot/dot_int8_int8_int32_2x4x16_1x4x16_avx512/32/528/real_time",310492,452.765,451.323,ns,,,"2x32x528",,,16,2,4,528,2,32,16,1,4
"dot/dot_int8_int8_int32_2x4x16_1x4x16_avx512/32/704/real_time",234142,598.441,596.233,ns,,,"2x32x704",,,16,2,4,704,2,32,16,1,4
"dot/dot_int8_int8_int32_4x4x16_1x4x16_avx512/4/16/real_time",10900499,12.9863,12.949,ns,,,"4x4x16",,,16,4,4,16,4,4,16,1,4
"dot/dot_int8_int8_int32_4x4x16_1x4x16_avx512/4/752/real_time",962081,145.633,145.227,ns,,,"4x4x752",,,16,4,4,752,4,4,16,1,4
"dot/dot_int8_int8_int32_4x4x16_1x4x16_avx512/4/1520/real_time",484491,288.277,287.16,ns,,,"4x4x1520",,,16,4,4,1520,4,4,16,1,4
"dot/dot_int8_int8_int32_4x4x16_1x4x16_avx512/4/2288/real_time",324192,431.844,430.009,ns,,,"4x4x2288",,,16,4,4,2288,4,4,16,1,4
"dot/dot_int8_int8_int32_4x4x16_1x4x16_avx512/4/3056/real_time",244353,573.127,571.295,ns,,,"4x4x3056",,,16,4,4,3056,4,4,16,1,4
"dot/dot_int8_int8_int32_4x4x16_1x4x16_avx512/8/16/real_time",7324682,19.134,19.0747,ns,,,"4x8x16",,,16,4,4,16,4,8,16,1,4
"dot/dot_int8_int8_int32_4x4x16_1x4x16_avx512/8/496/real_time",716568,194.197,193.678,ns,,,"4x8x496",,,16,4,4,496,4,8,16,1,4
"dot/dot_int8_int8_int32_4x4x16_1x4x16_avx512/8/1008/real_time",358557,384.169,382.916,ns,,,"4x8x1008",,,16,4,4,1008,4,8,16,1,4
"dot/dot_int8_int8_int32_4x4x16_1x4x16_avx512/8/1520/real_time",243948,573.838,571.872,ns,,,"4x8x1520",,,16,4,4,1520,4,8,16,1,4
"dot/dot_int8_int8_int32_4x4x16_1x4x16_avx512/8/2032/real_time",183448,763.274,761.172,ns,,,"4x8x2032",,,16,4,4,2032,4,8,16,1,4
"dot/dot_int8_int8_int32_4x4x16_1x4x16_avx512/16/16/real_time",4182306,33.5774,33.4537,ns,,,"4x16x16",,,16,4,4,16,4,16,16,1,4
"dot/dot_int8_int8_int32_4x4x16_1x4x16_avx512/16/304/real_time",569884,242.068,241.309,ns,,,"4x16x304",,,16,4,4,304,4,16,16,1,4
"dot/dot_int8_int8_int32_4x4x16_1x4x16_avx512/16/608/real_time",298490,469.583,468.156,ns,,,"4x16x608",,,16,4,4,608,4,16,16,1,4
"dot/dot_int8_int8_int32_4x4x16_1x4x16_avx512/16/912/real_time",201477,694.802,692.329,ns,,,"4x16x912",,,16,4,4,912,4,16,16,1,4
"dot/dot_int8_int8_int32_4x4x16_1x4x16_avx512/16/1216/real_time",152013,920.916,918.141,ns,,,"4x16x1216",,,16,4,4,1216,4,16,16,1,4
"dot/dot_int8_int8_int32_4x4x16_1x4x16_avx512/32/16/real_time",2118493,66.0674,65.8517,ns,,,"4x32x16",,,16,4,4,16,4,32,16,1,4
"dot/dot_int8_int8_int32_4x4x16_1x4x16_avx512/32/160/real_time",522173,268.21,267.469,ns,,,"4x32x160",,,16,4,4,160,4,32,16,1,4
"dot/dot_int8_int8_int32_4x4x16_1x4x16_avx512/32/320/real_time",276825,505.891,504.421,ns,,,"4x32x320",,,16,4,4,320,4,32,16,1,4
"dot/dot_int8_int8_int32_4x4x16_1x4x16_avx512/32/480/real_time",186589,750.246,747.854,ns,,,"4x32x480",,,16,4,4,480,4,32,16,1,4
"dot/dot_int8_int8_int32_4x4x16_1x4x16_avx512/32/656/real_time",138719,1010.51,1007.2,ns,,,"4x32x656",,,16,4,4,656,4,32,16,1,4
"dot/dot_int8_int8_int32_6x4x16_1x4x16_avx512/4/16/real_time",9172970,15.2333,15.1864,ns,,,"6x4x16",,,16,6,4,16,6,4,16,1,4
"dot/dot_int8_int8_int32_6x4x16_1x4x16_avx512/4/608/real_time",808341,172.678,171.968,ns,,,"6x4x608",,,16,6,4,608,6,4,16,1,4
"dot/dot_int8_int8_int32_6x4x16_1x4x16_avx512/4/1216/real_time",415846,337.431,336.33,ns,,,"6x4x1216",,,16,6,4,1216,6,4,16,1,4
"dot/dot_int8_int8_int32_6x4x16_1x4x16_avx512/4/1824/real_time",279173,501.747,500.081,ns,,,"6x4x1824",,,16,6,4,1824,6,4,16,1,4
"dot/dot_int8_int8_int32_6x4x16_1x4x16_avx512/4/2448/real_time",208689,671.422,668.545,ns,,,"6x4x2448",,,16,6,4,2448,6,4,16,1,4
"dot/dot_int8_int8_int32_6x4x16_1x4x16_avx512/8/16/real_time",5656978,24.7856,24.6707,ns,,,"6x8x16",,,16,6,4,16,6,8,16,1,4
"dot/dot_int8_int8_int32_6x4x16_1x4x16_avx512/8/432/real_time",562201,249.185,248.121,ns,,,"6x8x432",,,16,6,4,432,6,8,16,1,4
"dot/dot_int8_int8_int32_6x4x16_1x4x16_avx512/8/864/real_time",289970,483.164,481.339,ns,,,"6x8x864",,,16,6,4,864,6,8,16,1,4
"dot/dot_int8_int8_int32_6x4x16_1x4x16_avx512/8/1296/real_time",195284,716.984,714.627,ns,,,"6x8x1296",,,16,6,4,1296,6,8,16,1,4
"dot/dot_int8_int8_int32_6x4x16_1x4x16_avx512/8/1728/real_time",147225,954.142,950.637,ns,,,"6x8x1728",,,16,6,4,1728,6,8,16,1,4
"dot/dot_int8_int8_int32_6x4x16_1x4x16_avx512/16/16/real_time",3070521,45.769,45.6078,ns,,,"6x16x16",,,16,6,4,16,6,16,16,1,4
"dot/dot_int8_int8_int32_6x4x16_1x4x16_avx512/16/272/real_time",433547,322.83,321.589,ns,,,"6x16x272",,,16,6,4,272,6,16,16,1,4
"dot/dot_int8_int8_int32_6x4x16_1x4x16_avx512/16/544/real_time",226524,618.766,616.955,ns,,,"6x16x544",,,16,6,4,544,6,16,16,1,4
"dot/dot_int8_int8_int32_6x4x16_1x4x16_avx512/16/816/real_time",153463,913.18,910.366,ns,,,"6x16x816",,,16,6,4,816,6,16,16,1,4
"dot/dot_int8_int8_int32_6x4x16_1x4x16_avx512/16/1088/real_time",115654,1209.08,1205.29,ns,,,"6x16x1088",,,16,6,4,1088,6,16,16,1,4
"dot/dot_int8_int8_int32_6x4x16_1x4x16_avx512/32/16/real_time",1618865,86.4379,86.1531,ns,,,"6x32x16",,,16,6,4,16,6,32,16,1,4
"dot/dot_int8_int8_int32_6x4x16_1x4x16_avx512/32/144/real_time",381914,366.321,365.232,ns,,,"6x32x144",,,16,6,4,144,6,32,16,1,4
"dot/dot_int8_int8_int32_6x4x16_1x4x16_avx512/32/304/real_time",196055,714.274,711.023,ns,,,"6x32x304",,,16,6,4,304,6,32,16,1,4
"dot/dot_int8_int8_int32_6x4x16_1x4x16_avx512/32/464/real_time",131809,1064.98,1061.92,ns,,,"6x32x464",,,16,6,4,464,6,32,16,1,4
"dot/dot_int8_int8_int32_6x4x16_1x4x16_avx512/32/624/real_time",99041,1413.59,1407.79,ns,,,"6x32x624",,,16,6,4,624,6,32,16,1,4
"dot/dot_int8_int8_int32_8x4x16_1x4x16_avx512/4/16/real_time",7711699,18.1101,18.0597,ns,,,"8x4x16",,,16,8,4,16,8,4,16,1,4
"dot/dot_int8_int8_int32_8x4x16_1x4x16_avx512/4/496/real_time",725994,188.968,188.407,ns,,,"8x4x496",,,16,8,4,496,8,4,16,1,4
"dot/dot_int8_int8_int32_8x4x16_1x4x16_avx512/4/1008/real_time",375624,373.497,372.177,ns,,,"8x4x1008",,,16,8,4,1008,8,4,16,1,4
"dot/dot_int8_int8_int32_8x4x16_1x4x16_avx512/4/1520/real_time",250794,558.419,556.274,ns,,,"8x4x1520",,,16,8,4,1520,8,4,16,1,4
"dot/dot_int8_int8_int32_8x4x16_1x4x16_avx512/4/2032/real_time",188346,742.837,740.229,ns,,,"8x4x2032",,,16,8,4,2032,8,4,16,1,4
"dot/dot_int8_int8_int32_8x4x16_1x4x16_avx512/8/16/real_time",4364351,32.0594,31.9747,ns,,,"8x8x16",,,16,8,4,16,8,8,16,1,4
"dot/dot_int8_int8_int32_8x4x16_1x4x16_avx512/8/368/real_time",491087,284.818,283.976,ns,,,"8x8x368",,,16,8,4,368,8,8,16,1,4
"dot/dot_int8_int8_int32_8x4x16_1x4x16_avx512/8/752/real_time",249508,561.168,559.636,ns,,,"8x8x752",,,16,8,4,752,8,8,16,1,4
"dot/dot_int8_int8_int32_8x4x16_1x4x16_avx512/8/1136/real_time",166935,838.56,835.669,ns,,,"8x8x1136",,,16,8,4,1136,8,8,16,1,4
"dot/dot_int8_int8_int32_8x4x16_1x4x16_avx512/8/1520/real_time",125602,1115.35,1112,ns,,,"8x8x1520",,,16,8,4,1520,8,8,16,1,4
"dot/dot_int8_int8_int32_8x4x16_1x4x16_avx512/16/16/real_time",2302072,60.8415,60.6562,ns,,,"8x16x16",,,16,8,4,16,8,16,16,1,4
"dot/dot_int8_int8_int32_8x4x16_1x4x16_avx512/16/240/real_time",364120,384.368,383.325,ns,,,"8x16x240",,,16,8,4,240,8,16,16,1,4
"dot/dot_int8_int8_int32_8x4x16_1x4x16_avx512/16/496/real_time",186228,753.245,750.762,ns,,,"8x16x496",,,16,8,4,496,8,16,16,1,4
"dot/dot_int8_int8_int32_8x4x16_1x4x16_avx512/16/736/real_time",127403,1099.85,1096.18,ns,,,"8x16x736",,,16,8,4,736,8,16,16,1,4
"dot/dot_int8_int8_int32_8x4x16_1x4x16_avx512/16/992/real_time",95306,1468.96,1463.91,ns,,,"8x16x992",,,16,8,4,992,8,16,16,1,4
"dot/dot_int8_int8_int32_8x4x16_1x4x16_avx512/32/16/real_time",1176508,118.965,118.626,ns,,,"8x32x16",,,16,8,4,16,8,32,16,1,4
"dot/dot_int8_int8_int32_8x4x16_1x4x16_avx512/32/144/real_time",285399,490.687,489.244,ns,,,"8x32x144",,,16,8,4,144,8,32,16,1,4
"dot/dot_int8_int8_int32_8x4x16_1x4x16_avx512/32/288/real_time",154242,913.365,909.48,ns,,,"8x32x288",,,16,8,4,288,8,32,16,1,4
"dot/dot_int8_int8_int32_8x4x16_1x4x16_avx512/32/432/real_time",106200,1321.06,1317.12,ns,,,"8x32x432",,,16,8,4,432,8,32,16,1,4
"dot/dot_int8_int8_int32_8x4x16_1x4x16_avx512/32/576/real_time",80587,1737.95,1732.32,ns,,,"8x32x576",,,16,8,4,576,8,32,16,1,4
"dot/dot_uint8_int2_int32_1x64x32_1x16x16_avx512/64/32/real_time",6813662,20.2546,20.1902,ns,,,"1x64x32",,,32,1,64,32,1,64,16,1,16
"dot/dot_uint8_int2_int32_1x64x32_1x16x16_avx512/64/352/real_time",749596,185.044,184.492,ns,,,"1x64x352",,,32,1,64,352,1,64,16,1,16
"dot/dot_uint8_int2_int32_1x64x32_1x16x16_avx512/64/704/real_time",378863,369.517,368.342,ns,,,"1x64x704",,,32,1,64,704,1,64,16,1,16
"dot/dot_uint8_int2_int32_1x64x32_1x16x16_avx512/64/1056/real_time",253455,552.467,550.911,ns,,,"1x64x1056",,,32,1,64,1056,1,64,16,1,16
"dot/dot_uint8_int2_int32_1x64x32_1x16x16_avx512/64/1408/real_time",190555,735.058,732.743,ns,,,"1x64x1408",,,32,1,64,1408,1,64,16,1,16
"dot/dot_uint8_int2_int32_1x64x32_1x16x16_avx512/128/32/real_time",3711714,38.5427,38.4179,ns,,,"1x128x32",,,32,1,64,32,1,128,16,1,16
"dot/dot_uint8_int2_int32_1x64x32_1x16x16_avx512/128/160/real_time",835422,168.26,167.814,ns,,,"1x128x160",,,32,1,64,160,1,128,16,1,16
"dot/dot_uint8_int2_int32_1x64x32_1x16x16_avx512/128/352/real_time",380048,367.535,366.51,ns,,,"1x128x352",,,32,1,64,352,1,128,16,1,16
"dot/dot_uint8_int2_int32_1x64x32_1x16x16_avx512/128/512/real_time",260792,536.496,534.858,ns,,,"1x128x512",,,32,1,64,512,1,128,16,1,16
"dot/dot_uint8_int2_int32_1x64x32_1x16x16_avx512/128/704/real_time",190267,735.734,733.731,ns,,,"1x128x704",,,32,1,64,704,1,128,16,1,16
"dot/dot_uint8_int2_int32_1x64x32_1x16x16_avx512/256/32/real_time",1968413,72.4398,72.239,ns,,,"1x256x32",,,32,1,64,32,1,256,16,1,16
"dot/dot_uint8_int2_int32_1x64x32_1x16x16_avx512/256/64/real_time",1033737,135.451,135.065,ns,,,"1x256x64",,,32,1,64,64,1,256,16,1,16
"dot/dot_uint8_int2_int32_1x64x32_1x16x16_avx512/256/160/real_time",417069,335.149,334.324,ns,,,"1x256x160",,,32,1,64,160,1,256,16,1,16
"dot/dot_uint8_int2_int32_1x64x32_1x16x16_avx512/256/256/real_time",261305,535.095,533.459,ns,,,"1x256x256",,,32,1,64,256,1,256,16,1,16
"dot/dot_uint8_int2_int32_1x64x32_1x16x16_avx512/256/352/real_time",190240,735.227,733.109,ns,,,"1x256x352",,,32,1,64,352,1,256,16,1,16
"dot/dot_uint8_int2_int32_1x64x32_1x16x16_avx512/512/32/real_time",1040438,135.817,135.383,ns,,,"1x512x32",,,32,1,64,32,1,512,16,1,16
"dot/dot_uint8_int2_int32_1x64x32_1x16x16_avx512/512/64/real_time",522605,269.194,268.388,ns,,,"1x512x64",,,32,1,64,64,1,512,16,1,16
"dot/dot_uint8_int2_int32_1x64x32_1x16x16_avx512/512/96/real_time",349091,402.199,401.009,ns,,,"1x512x96",,,32,1,64,96,1,512,16,1,16
"dot/dot_uint8_int2_int32_1x64x32_1x16x16_avx512/512/160/real_time",209888,668.724,666.461,ns,,,"1x512x160",,,32,1,64,160,1,512,16,1,16
"dot/dot_uint8_int2_int32_2x64x32_1x16x16_avx512/64/32/real_time",4143226,33.7662,33.6787,ns,,,"2x64x32",,,32,2,64,32,2,64,16,1,16
"dot/dot_uint8_int2_int32_2x64x32_1x16x16_avx512/64/320/real_time",482715,289.668,288.807,ns,,,"2x64x320",,,32,2,64,320,2,64,16,1,16
"dot/dot_uint8_int2_int32_2x64x32_1x16x16_avx512/64/640/real_time",242651,576.992,575.065,ns,,,"2x64x640",,,32,2,64,640,2,64,16,1,16
"dot/dot_uint8_int2_int32_2x64x32_1x16x16_avx512/64/960/real_time",162310,863.009,860.467,ns,,,"2x64x960",,,32,2,64,960,2,64,16,1,16
"dot/dot_uint8_int2_int32_2x64x32_1x16x16_avx512/64/1312/real_time",119165,1178.4,1175.1,ns,,,"2x64x1312",,,32,2,64,1312,2,64,16,1,16
"dot/dot_uint8_int2_int32_2x64x32_1x16x16_avx512/128/32/real_time",2228708,62.8176,62.6281,ns,,,"2x128x32",,,32,2,64,32,2,128,16,1,16
"dot/dot_uint8_int2_int32_2x64x32_1x16x16_avx512/128/160/real_time",474390,295.008,294.167,ns,,,"2x128x160",,,32,2,64,160,2,128,16,1,16
"dot/dot_uint8_int2_int32_2x64x32_1x16x16_avx512/128/320/real_time",242487,577.379,575.46,ns,,,"2x128x320",,,32,2,64,320,2,128,16,1,16
"dot/dot_uint8_int2_int32_2x64x32_1x16x16_avx512/128/480/real_time",162005,864.227,861.451,ns,,,"2x128x480",,,32,2,64,480,2,128,16,1,16
"dot/dot_uint8_int2_int32_2x64x32_1x16x16_avx512/128/672/real_time",116142,1208.49,1204.44,ns,,,"2x128x672",,,32,2,64,672,2,128,16,1,16
"dot/dot_uint8_int2_int32_2x64x32_1x16x16_avx512/256/32/real_time",1101416,127.046,126.666,ns,,,"2x256x32",,,32,2,64,32,2,256,16,1,16
"dot/dot_uint8_int2_int32_2x64x32_1x16x16_avx512/256/64/real_time",591349,236.937,236.249,ns,,,"2x256x64",,,32,2,64,64,2,256,16,1,16
"dot/dot_uint8_int2_int32_2x64x32_1x16x16_avx512/256/160/real_time",238093,588.133,586.417,ns,,,"2x256x160",,,32,2,64,160,2,256,16,1,16
"dot/dot_uint8_int2_int32_2x64x32_1x16x16_avx512/256/224/real_time",172486,813.574,811.363,ns,,,"2x256x224",,,32,2,64,224,2,256,16,1,16
"dot/dot_uint8_int2_int32_2x64x32_1x16x16_avx512/256/320/real_time",121732,1152.46,1148.66,ns,,,"2x256x320",,,32,2,64,320,2,256,16,1,16
"dot/dot_uint8_int2_int32_2x64x32_1x16x16_avx512/512/32/real_time",558920,250.432,249.674,ns,,,"2x512x32",,,32,2,64,32,2,512,16,1,16
"dot/dot_uint8_int2_int32_2x64x32_1x16x16_avx512/512/64/real_time",297943,469.717,468.38,ns,,,"2x512x64",,,32,2,64,64,2,512,16,1,16
"dot/dot_uint8_int2_int32_2x64x32_1x16x16_avx512/512/96/real_time",198559,705.194,703.085,ns,,,"2x512x96",,,32,2,64,96,2,512,16,1,16
"dot/dot_uint8_int2_int32_2x64x32_1x16x16_avx512/512/128/real_time",149161,937.673,935.169,ns,,,"2x512x128",,,32,2,64,128,2,512,16,1,16
"dot/dot_uint8_int2_int32_3x64x32_1x16x16_avx512/64/32/real_time",2930510,47.7565,47.6037,ns,,,"3x64x32",,,32,3,64,32,3,64,16,1,16
"dot/dot_uint8_int2_int32_3x64x32_1x16x16_avx512/64/288/real_time",393117,356.071,354.86,ns,,,"3x64x288",,,32,3,64,288,3,64,16,1,16
"dot/dot_uint8_int2_int32_3x64x32_1x16x16_avx512/64/608/real_time",188536,742.414,740.362,ns,,,"3x64x608",,,32,3,64,608,3,64,16,1,16
"dot/dot_uint8_int2_int32_3x64x32_1x16x16_avx512/64/928/real_time",123983,1130.05,1126.61,ns,,,"3x64x928",,,32,3,64,928,3,64,16,1,16
"dot/dot_uint8_int2_int32_3x64x32_1x16x16_avx512/64/1248/real_time",92358,1518.92,1513.94,ns,,,"3x64x1248",,,32,3,64,1248,3,64,16,1,16
"dot/dot_uint8_int2_int32_3x64x32_1x16x16_avx512/128/32/real_time",1556104,89.9657,89.7132,ns,,,"3x128x32",,,32,3,64,32,3,128,16,1,16
"dot/dot_uint8_int2_int32_3x64x32_1x16x16_avx512/128/160/real_time",353199,395.454,394.38,ns,,,"3x128x160",,,32,3,64,160,3,128,16,1,16
"dot/dot_uint8_int2_int32_3x64x32_1x16x16_avx512/128/320/real_time",178425,783.802,781.612,ns,,,"3x128x320",,,32,3,64,320,3,128,16,1,16
"dot/dot_uint8_int2_int32_3x64x32_1x16x16_avx512/128/480/real_time",119964,1170.61,1166.97,ns,,,"3x128x480",,,32,3,64,480,3,128,16,1,16
"dot/dot_uint8_int2_int32_3x64x32_1x16x16_avx512/128/640/real_time",90195,1556.39,1550.23,ns,,,"3x128x640",,,32,3,64,640,3,128,16,1,16
"dot/dot_uint8_int2_int32_3x64x32_1x16x16_avx512/256/32/real_time",805967,173.63,173.161,ns,,,"3x256x32",,,32,3,64,32,3,256,16,1,16
"dot/dot_uint8_int2_int32_3x64x32_1x16x16_avx512/256/64/real_time",431179,324.254,323.292,ns,,,"3x256x64",,,32,3,64,64,3,256,16,1,16
"dot/dot_uint8_int2_int32_3x64x32_1x16x16_avx512/256/160/real_time",178236,785.515,783.186,ns,,,"3x256x160",,,32,3,64,160,3,256,16,1,16
"dot/dot_uint8_int2_int32_3x64x32_1x16x16_avx512/256/224/real_time",128047,1095.21,1092.27,ns,,,"3x256x224",,,32,3,64,224,3,256,16,1,16
"dot/dot_uint8_int2_int32_3x64x32_1x16x16_avx512/256/320/real_time",89659,1563.38,1557.91,ns,,,"3x256x320",,,32,3,64,320,3,256,16,1,16
"dot/dot_uint8_int2_int32_3x64x32_1x16x16_avx512/512/32/real_time",416072,336.319,335.201,ns,,,"3x512x32",,,32,3,64,32,3,512,16,1,16
"dot/dot_uint8_int2_int32_3x64x32_1x16x16_avx512/512/64/real_time",217492,644.329,642.248,ns,,,"3x512x64",,,32,3,64,64,3,512,16,1,16
"dot/dot_uint8_int2_int32_3x64x32_1x16x16_avx512/512/96/real_time",145998,959.178,956.029,ns,,,"3x512x96",,,32,3,64,96,3,512,16,1,16
"dot/dot_uint8_int2_int32_3x64x32_1x16x16_avx512/512/128/real_time",111552,1255.99,1252.12,ns,,,"3x512x128",,,32,3,64,128,3,512,16,1,16
"dot/dot_uint8_int2_int32_4x64x32_1x16x16_avx512/64/32/real_time",2278067,61.5151,61.2915,ns,,,"4x64x32",,,32,4,64,32,4,64,16,1,16
"dot/dot_uint8_int2_int32_4x64x32_1x16x16_avx512/64/288/real_time",301651,464.574,463.043,ns,,,"4x64x288",,,32,4,64,288,4,64,16,1,16
"dot/dot_uint8_int2_int32_4x64x32_1x16x16_avx512/64/576/real_time",152852,915.75,913.118,ns,,,"4x64x576",,,32,4,64,576,4,64,16,1,16
"dot/dot_uint8_int2_int32_4x64x32_1x16x16_avx512/64/864/real_time",102423,1366.16,1362.59,ns,,,"4x64x864",,,32,4,64,864,4,64,16,1,16
"dot/dot_uint8_int2_int32_4x64x32_1x16x16_avx512/64/1152/real_time",77005,1820.24,1814.23,ns,,,"4x64x1152",,,32,4,64,1152,4,64,16,1,16
"dot/dot_uint8_int2_int32_4x64x32_1x16x16_avx512/128/32/real_time",1188169,117.869,117.57,ns,,,"4x128x32",,,32,4,64,32,4,128,16,1,16
"dot/dot_uint8_int2_int32_4x64x32_1x16x16_avx512/128/128/real_time",334815,417.939,416.761,ns,,,"4x128x128",,,32,4,64,128,4,128,16,1,16
"dot/dot_uint8_int2_int32_4x64x32_1x16x16_avx512/128/288/real_time",151442,924.63,921.169,ns,,,"4x128x288",,,32,4,64,288,4,128,16,1,16
"dot/dot_uint8_int2_int32_4x64x32_1x16x16_avx512/128/448/real_time",97929,1430.74,1426.31,ns,,,"4x128x448",,,32,4,64,448,4,128,16,1,16
"dot/dot_uint8_int2_int32_4x64x32_1x16x16_avx512/128/608/real_time",72471,1932.81,1926.94,ns,,,"4x128x608",,,32,4,64,608,4,128,16,1,16
"dot/dot_uint8_int2_int32_4x64x32_1x16x16_avx512/256/32/real_time",611347,228.806,228.192,ns,,,"4x256x32",,,32,4,64,32,4,256,16,1,16
"dot/dot_uint8_int2_int32_4x64x32_1x16x16_avx512/256/64/real_time",331304,423.442,422.106,ns,,,"4x256x64",,,32,4,64,64,4,256,16,1,16
"dot/dot_uint8_int2_int32_4x64x32_1x16x16_avx512/256/128/real_time",169863,824.73,821.822,ns,,,"4x256x128",,,32,4,64,128,4,256,16,1,16
"dot/dot_uint8_int2_int32_4x64x32_1x16x16_avx512/256/192/real_time",114264,1225.65,1221.74,ns,,,"4x256x192",,,32,4,64,192,4,256,16,1,16
"dot/dot_uint8_int2_int32_4x64x32_1x16x16_avx512/256/288/real_time",76592,1829.16,1823.18,ns,,,"4x256x288",,,32,4,64,288,4,256,16,1,16
"dot/dot_uint8_int2_int32_4x64x32_1x16x16_avx512/512/32/real_time",310586,450.795,449.372,ns,,,"4x512x32",,,32,4,64,32,4,512,16,1,16
"dot/dot_uint8_int2_int32_4x64x32_1x16x16_avx512/512/64/real_time",167539,836.514,833.77,ns,,,"4x512x64",,,32,4,64,64,4,512,16,1,16
"dot/dot_uint8_int2_int32_4x64x32_1x16x16_avx512/512/96/real_time",113744,1233.25,1229.58,ns,,,"4x512x96",,,32,4,64,96,4,512,16,1,16
"dot/dot_uint8_int4_int32_1x32x32_1x16x8_avx512/32/32/real_time",8867851,15.6611,15.6118,ns,,,"1x32x32",,,32,1,32,32,1,32,8,1,16
"dot/dot_uint8_int4_int32_1x32x32_1x16x8_avx512/32/352/real_time",1051111,131.054,130.65,ns,,,"1x32x352",,,32,1,32,352,1,32,8,1,16
"dot/dot_uint8_int4_int32_1x32x32_1x16x8_avx512/32/704/real_time",536796,261.964,261.125,ns,,,"1x32x704",,,32,1,32,704,1,32,8,1,16
"dot/dot_uint8_int4_int32_1x32x32_1x16x8_avx512/32/1056/real_time",359347,390.696,389.438,ns,,,"1x32x1056",,,32,1,32,1056,1,32,8,1,16
"dot/dot_uint8_int4_int32_1x32x32_1x16x8_avx512/32/1408/real_time",269717,520.47,518.761,ns,,,"1x32x1408",,,32,1,32,1408,1,32,8,1,16
"dot/dot_uint8_int4_int32_1x32x32_1x16x8_avx512/64/32/real_time",4920069,28.6115,28.4638,ns,,,"1x64x32",,,32,1,32,32,1,64,8,1,16
"dot/dot_uint8_int4_int32_1x32x32_1x16x8_avx512/64/160/real_time",1163337,120.022,119.641,ns,,,"1x64x160",,,32,1,32,160,1,64,8,1,16
"dot/dot_uint8_int4_int32_1x32x32_1x16x8_avx512/64/352/real_time",536885,261.171,260.259,ns,,,"1x64x352",,,32,1,32,352,1,64,8,1,16
"dot/dot_uint8_int4_int32_1x32x32_1x16x8_avx512/64/544/real_time",346764,403.744,402.588,ns,,,"1x64x544",,,32,1,32,544,1,64,8,1,16
"dot/dot_uint8_int4_int32_1x32x32_1x16x8_avx512/64/736/real_time",256533,544.799,543.114,ns,,,"1x64x736",,,32,1,32,736,1,64,8,1,16
"dot/dot_uint8_int4_int32_1x32x32_1x16x8_avx512/128/32/real_time",2555210,54.7232,54.5613,ns,,,"1x128x32",,,32,1,32,32,1,128,8,1,16
"dot/dot_uint8_int4_int32_1x32x32_1x16x8_avx512/128/64/real_time",1424482,98.2917,98.0212,ns,,,"1x128x64",,,32,1,32,64,1,128,8,1,16
"dot/dot_uint8_int4_int32_1x32x32_1x16x8_avx512/128/160/real_time",585065,239.224,238.555,ns,,,"1x128x160",,,32,1,32,160,1,128,8,1,16
"dot/dot_uint8_int4_int32_1x32x32_1x16x8_avx512/128/256/real_time",367955,380.14,379.093,ns,,,"1x128x256",,,32,1,32,256,1,128,8,1,16
"dot/dot_uint8_int4_int32_1x32x32_1x16x8_avx512/128/352/real_time",268610,521.319,519.555,ns,,,"1x128x352",,,32,1,32,352,1,128,8,1,16
"dot/dot_uint8_int4_int32_1x32x32_1x16x8_avx512/256/32/real_time",1306048,107.041,106.708,ns,,,"1x256x32",,,32,1,32,32,1,256,8,1,16
"dot/dot_uint8_int4_int32_1x32x32_1x16x8_avx512/256/64/real_time",715463,195.667,195.077,ns,,,"1x256x64",,,32,1,32,64,1,256,8,1,16
"dot/dot_uint8_int4_int32_1x32x32_1x16x8_avx512/256/96/real_time",483115,289.857,288.895,ns,,,"1x256x96",,,32,1,32,96,1,256,8,1,16
"dot/dot_uint8_int4_int32_1x32x32_1x16x8_avx512/256/160/real_time",293252,477.637,476,ns,,,"1x256x160",,,32,1,32,160,1,256,8,1,16
"dot/dot_uint8_int4_int32_2x32x32_1x16x8_avx512/32/32/real_time",6101599,22.8739,22.8066,ns,,,"2x32x32",,,32,2,32,32,2,32,8,1,16
"dot/dot_uint8_int4_int32_2x32x32_1x16x8_avx512/32/320/real_time",800415,174.893,174.434,ns,,,"2x32x320",,,32,2,32,320,2,32,8,1,16
"dot/dot_uint8_int4_int32_2x32x32_1x16x8_avx512/32/672/real_time",382570,365.533,364.255,ns,,,"2x32x672",,,32,2,32,672,2,32,8,1,16
"dot/dot_uint8_int4_int32_2x32x32_1x16x8_avx512/32/992/real_time",260265,538.308,536.803,ns,,,"2x32x992",,,32,2,32,992,2,32,8,1,16
"dot/dot_uint8_int4_int32_2x32x32_1x16x8_avx512/32/1344/real_time",192202,727.43,725.356,ns,,,"2x32x1344",,,32,2,32,1344,2,32,8,1,16
"dot/dot_uint8_int4_int32_2x32x32_1x16x8_avx512/64/32/real_time",3357455,41.7823,41.6345,ns,,,"2x64x32",,,32,2,32,32,2,64,8,1,16
"dot/dot_uint8_int4_int32_2x32x32_1x16x8_avx512/64/160/real_time",789468,175.928,175.383,ns,,,"2x64x160",,,32,2,32,160,2,64,8,1,16
"dot/dot_uint8_int4_int32_2x32x32_1x16x8_avx512/64/352/real_time",368322,381.129,379.75,ns,,,"2x64x352",,,32,2,32,352,2,64,8,1,16
"dot/dot_uint8_int4_int32_2x32x32_1x16x8_avx512/64/512/real_time",253489,553.842,552.119,ns,,,"2x64x512",,,32,2,32,512,2,64,8,1,16
"dot/dot_uint8_int4_int32_2x32x32_1x16x8_avx512/64/704/real_time",184555,759.053,756.741,ns,,,"2x64x704",,,32,2,32,704,2,64,8,1,16
"dot/dot_uint8_int4_int32_2x32x32_1x16x8_avx512/128/32/real_time",1779902,78.4342,78.1814,ns,,,"2x128x32",,,32,2,32,32,2,128,8,1,16
"dot/dot_uint8_int4_int32_2x32x32_1x16x8_avx512/128/64/real_time",952764,146.921,146.457,ns,,,"2x128x64",,,32,2,32,64,2,128,8,1,16
"dot/dot_uint8_int4_int32_2x32x32_1x16x8_avx512/128/160/real_time",399150,350.915,349.895,ns,,,"2x128x160",,,32,2,32,160,2,128,8,1,16
"dot/dot_uint8_int4_int32_2x32x32_1x16x8_avx512/128/256/real_time",252027,556.01,554.39,ns,,,"2x128x256",,,32,2,32,256,2,128,8,1,16
"dot/dot_uint8_int4_int32_2x32x32_1x16x8_avx512/128/352/real_time",184029,761.063,758.461,ns,,,"2x128x352",,,32,2,32,352,2,128,8,1,16
"dot/dot_uint8_int4_int32_2x32x32_1x16x8_avx512/256/32/real_time",895749,156.491,156.023,ns,,,"2x256x32",,,32,2,32,32,2,256,8,1,16
"dot/dot_uint8_int4_int32_2x32x32_1x16x8_avx512/256/64/real_time",478295,292.489,291.629,ns,,,"2x256x64",,,32,2,32,64,2,256,8,1,16
"dot/dot_uint8_int4_int32_2x32x32_1x16x8_avx512/256/96/real_time",327683,427.224,425.98,ns,,,"2x256x96",,,32,2,32,96,2,256,8,1,16
"dot/dot_uint8_int4_int32_2x32x32_1x16x8_avx512/256/160/real_time",199681,701.35,699.076,ns,,,"2x256x160",,,32,2,32,160,2,256,8,1,16
"dot/dot_uint8_int4_int32_3x32x32_1x16x8_avx512/32/32/real_time",4567539,30.6332,30.5348,ns,,,"3x32x32",,,32,3,32,32,3,32,8,1,16
"dot/dot_uint8_int4_int32_3x32x32_1x16x8_avx512/32/288/real_time",691169,201.686,201.084,ns,,,"3x32x288",,,32,3,32,288,3,32,8,1,16
"dot/dot_uint8_int4_int32_3x32x32_1x16x8_avx512/32/608/real_time",331772,422.27,420.769,ns,,,"3x32x608",,,32,3,32,608,3,32,8,1,16
"dot/dot_uint8_int4_int32_3x32x32_1x16x8_avx512/32/928/real_time",218019,642.058,640.151,ns,,,"3x32x928",,,32,3,32,928,3,32,8,1,16
"dot/dot_uint8_int4_int32_3x32x32_1x16x8_avx512/32/1248/real_time",162381,862.258,859.757,ns,,,"3x32x1248",,,32,3,32,1248,3,32,8,1,16
"dot/dot_uint8_int4_int32_3x32x32_1x16x8_avx512/64/32/real_time",2574769,54.341,54.1721,ns,,,"3x64x32",,,32,3,32,32,3,64,8,1,16
"dot/dot_uint8_int4_int32_3x32x32_1x16x8_avx512/64/160/real_time",622354,224.914,224.2,ns,,,"3x64x160",,,32,3,32,160,3,64,8,1,16
"dot/dot_uint8_int4_int32_3x32x32_1x16x8_avx512/64/320/real_time",314525,445.431,444.01,ns,,,"3x64x320",,,32,3,32,320,3,64,8,1,16
"dot/dot_uint8_int4_int32_3x32x32_1x16x8_avx512/64/480/real_time",210327,666.138,663.826,ns,,,"3x64x480",,,32,3,32,480,3,64,8,1,16
"dot/dot_uint8_int4_int32_3x32x32_1x16x8_avx512/64/672/real_time",150094,932.271,929.183,ns,,,"3x64x672",,,32,3,32,672,3,64,8,1,16
"dot/dot_uint8_int4_int32_3x32x32_1x16x8_avx512/128/32/real_time",1327399,105.588,105.251,ns,,,"3x128x32",,,32,3,32,32,3,128,8,1,16
"dot/dot_uint8_int4_int32_3x32x32_1x16x8_avx512/128/64/real_time",739246,189.538,188.592,ns,,,"3x128x64",,,32,3,32,64,3,128,8,1,16
"dot/dot_uint8_int4_int32_3x32x32_1x16x8_avx512/128/160/real_time",312066,448.609,446.506,ns,,,"3x128x160",,,32,3,32,160,3,128,8,1,16
"dot/dot_uint8_int4_int32_3x32x32_1x16x8_avx512/128/224/real_time",224069,625.441,621.812,ns,,,"3x128x224",,,32,3,32,224,3,128,8,1,16
"dot/dot_uint8_int4_int32_3x32x32_1x16x8_avx512/128/320/real_time",157173,890.327,886.483,ns,,,"3x128x320",,,32,3,32,320,3,128,8,1,16
"dot/dot_uint8_int4_int32_3x32x32_1x16x8_avx512/256/32/real_time",676241,207.108,206.368,ns,,,"3x256x32",,,32,3,32,32,3,256,8,1,16
"dot/dot_uint8_int4_int32_3x32x32_1x16x8_avx512/256/64/real_time",380167,368.48,367.099,ns,,,"3x256x64",,,32,3,32,64,3,256,8,1,16
"dot/dot_uint8_int4_int32_3x32x32_1x16x8_avx512/256/96/real_time",257827,542.769,540.707,ns,,,"3x256x96",,,32,3,32,96,3,256,8,1,16
"dot/dot_uint8_int4_int32_3x32x32_1x16x8_avx512/256/160/real_time",156155,895.406,892.474,ns,,,"3x256x160",,,32,3,32,160,3,256,8,1,16
"dot/dot_uint8_int4_int32_4x32x32_1x16x8_avx512/32/32/real_time",3610060,38.7688,38.6363,ns,,,"4x32x32",,,32,4,32,32,4,32,8,1,16
"dot/dot_uint8_int4_int32_4x32x32_1x16x8_avx512/32/288/real_time",566144,247.328,246.247,ns,,,"4x32x288",,,32,4,32,288,4,32,8,1,16
"dot/dot_uint8_int4_int32_4x32x32_1x16x8_avx512/32/576/real_time",293011,478.218,476.898,ns,,,"4x32x576",,,32,4,32,576,4,32,8,1,16
"dot/dot_uint8_int4_int32_4x32x32_1x16x8_avx512/32/864/real_time",196946,713.596,710.348,ns,,,"4x32x864",,,32,4,32,864,4,32,8,1,16
"dot/dot_uint8_int4_int32_4x32x32_1x16x8_avx512/32/1184/real_time",143849,972.021,969.083,ns,,,"4x32x1184",,,32,4,32,1184,4,32,8,1,16
"dot/dot_uint8_int4_int32_4x32x32_1x16x8_avx512/64/32/real_time",1963962,71.201,70.9665,ns,,,"4x64x32",,,32,4,32,32,4,64,8,1,16
"dot/dot_uint8_int4_int32_4x32x32_1x16x8_avx512/64/160/real_time",491223,284.406,283.451,ns,,,"4x64x160",,,32,4,32,160,4,64,8,1,16
"dot/dot_uint8_int4_int32_4x32x32_1x16x8_avx512/64/320/real_time",262823,532.031,530.409,ns,,,"4x64x320",,,32,4,32,320,4,64,8,1,16
"dot/dot_uint8_int4_int32_4x32x32_1x16x8_avx512/64/480/real_time",175927,794.649,792.313,ns,,,"4x64x480",,,32,4,32,480,4,64,8,1,16
"dot/dot_uint8_int4_int32_4x32x32_1x16x8_avx512/64/640/real_time",133120,1055.65,1051.81,ns,,,"4x64x640",,,32,4,32,640,4,64,8,1,16
"dot/dot_uint8_int4_int32_4x32x32_1x16x8_avx512/128/32/real_time",1053841,132.723,132.328,ns,,,"4x128x32",,,32,4,32,32,4,128,8,1,16
"dot/dot_uint8_int4_int32_4x32x32_1x16x8_avx512/128/64/real_time",578497,241.543,240.695,ns,,,"4x128x64",,,32,4,32,64,4,128,8,1,16
"dot/dot_uint8_int4_int32_4x32x32_1x16x8_avx512/128/160/real_time",252473,554.812,552.997,ns,,,"4x128x160",,,32,4,32,160,4,128,8,1,16
"dot/dot_uint8_int4_int32_4x32x32_1x16x8_avx512/128/224/real_time",183527,762.645,760.11,ns,,,"4x128x224",,,32,4,32,224,4,128,8,1,16
"dot/dot_uint8_int4_int32_4x32x32_1x16x8_avx512/128/320/real_time",132360,1061.01,1057.45,ns,,,"4x128x320",,,32,4,32,320,4,128,8,1,16
"dot/dot_uint8_int4_int32_4x32x32_1x16x8_avx512/256/32/real_time",548168,255.173,254.558,ns,,,"4x256x32",,,32,4,32,32,4,256,8,1,16
"dot/dot_uint8_int4_int32_4x32x32_1x16x8_avx512/256/64/real_time",295354,473.686,472.222,ns,,,"4x256x64",,,32,4,32,64,4,256,8,1,16
"dot/dot_uint8_int4_int32_4x32x32_1x16x8_avx512/256/96/real_time",202045,693.112,690.059,ns,,,"4x256x96",,,32,4,32,96,4,256,8,1,16
"dot/dot_uint8_int4_int32_4x32x32_1x16x8_avx512/256/128/real_time",153932,909.29,905.282,ns,,,"4x256x128",,,32,4,32,128,4,256,8,1,16
"dot/dot_uint8_int4_int32_5x32x32_1x16x8_avx512/32/32/real_time",3033632,46.1034,45.9588,ns,,,"5x32x32",,,32,5,32,32,5,32,8,1,16
"dot/dot_uint8_int4_int32_5x32x32_1x16x8_avx512/32/256/real_time",517928,270.276,269.433,ns,,,"5x32x256",,,32,5,32,256,5,32,8,1,16
"dot/dot_uint8_int4_int32_5x32x32_1x16x8_avx512/32/544/real_time",249453,561.241,559.223,ns,,,"5x32x544",,,32,5,32,544,5,32,8,1,16
"dot/dot_uint8_int4_int32_5x32x32_1x16x8_avx512/32/832/real_time",164310,851.661,849.34,ns,,,"5x32x832",,,32,5,32,832,5,32,8,1,16
"dot/dot_uint8_int4_int32_5x32x32_1x16x8_avx512/32/1120/real_time",122600,1141.95,1138.78,ns,,,"5x32x1120",,,32,5,32,1120,5,32,8,1,16
"dot/dot_uint8_int4_int32_5x32x32_1x16x8_avx512/64/32/real_time",1627060,85.9427,85.6689,ns,,,"5x64x32",,,32,5,32,32,5,64,8,1,16
"dot/dot_uint8_int4_int32_5x32x32_1x16x8_avx512/64/128/real_time",500519,279.713,278.934,ns,,,"5x64x128",,,32,5,32,128,5,64,8,1,16
"dot/dot_uint8_int4_int32_5x32x32_1x16x8_avx512/64/288/real_time",234237,599.333,597.31,ns,,,"5x64x288",,,32,5,32,288,5,64,8,1,16
"dot/dot_uint8_int4_int32_5x32x32_1x16x8_avx512/64/448/real_time",151991,922.476,919.4,ns,,,"5x64x448",,,32,5,32,448,5,64,8,1,16
"dot/dot_uint8_int4_int32_5x32x32_1x16x8_avx512/64/608/real_time",112518,1244.97,1240.65,ns,,,"5x64x608",,,32,5,32,608,5,64,8,1,16
"dot/dot_uint8_int4_int32_5x32x32_1x16x8_avx512/128/32/real_time",853812,164.123,163.539,ns,,,"5x128x32",,,32,5,32,32,5,128,8,1,16
"dot/dot_uint8_int4_int32_5x32x32_1x16x8_avx512/128/64/real_time",482710,290.035,289.046,ns,,,"5x128x64",,,32,5,32,64,5,128,8,1,16
"dot/dot_uint8_int4_int32_5x32x32_1x16x8_avx512/128/128/real_time",255810,545.349,543.644,ns,,,"5x128x128",,,32,5,32,128,5,128,8,1,16
"dot/dot_uint8_int4_int32_5x32x32_1x16x8_avx512/128/192/real_time",174248,803.086,800.516,ns,,,"5x128x192",,,32,5,32,192,5,128,8,1,16
"dot/dot_uint8_int4_int32_5x32x32_1x16x8_avx512/128/288/real_time",117791,1191.61,1187.71,ns,,,"5x128x288",,,32,5,32,288,5,128,8,1,16
"dot/dot_uint8_int4_int32_5x32x32_1x16x8_avx512/256/32/real_time",434400,321.558,320.635,ns,,,"5x256x32",,,32,5,32,32,5,256,8,1,16
"dot/dot_uint8_int4_int32_5x32x32_1x16x8_avx512/256/64/real_time",243706,574.12,572.174,ns,,,"5x256x64",,,32,5,32,64,5,256,8,1,16
"dot/dot_uint8_int4_int32_5x32x32_1x16x8_avx512/256/96/real_time",166936,838.989,836.165,ns,,,"5x256x96",,,32,5,32,96,5,256,8,1,16
"dot/dot_uint8_int4_int32_5x32x32_1x16x8_avx512/256/128/real_time",129187,1091.91,1088.29,ns,,,"5x256x128",,,32,5,32,128,5,256,8,1,16
"dot/dot_uint8_int4_int32_1x16x32_1x16x8_avx512/16/32/real_time",13388826,10.4729,10.4436,ns,,,"1x16x32",,,32,1,16,32,1,16,8,1,16
"dot/dot_uint8_int4_int32_1x16x32_1x16x8_avx512/16/672/real_time",1051205,129.983,129.626,ns,,,"1x16x672",,,32,1,16,672,1,16,8,1,16
"dot/dot_uint8_int4_int32_1x16x32_1x16x8_avx512/16/1344/real_time",553714,252.718,251.903,ns,,,"1x16x1344",,,32,1,16,1344,1,16,8,1,16
"dot/dot_uint8_int4_int32_1x16x32_1x16x8_avx512/16/2016/real_time",373898,374.528,373.477,ns,,,"1x16x2016",,,32,1,16,2016,1,16,8,1,16
"dot/dot_uint8_int4_int32_1x16x32_1x16x8_avx512/16/2720/real_time",278564,502.882,501.052,ns,,,"1x16x2720",,,32,1,16,2720,1,16,8,1,16
"dot/dot_uint8_int4_int32_1x16x32_1x16x8_avx512/32/32/real_time",8134922,17.0917,17.0344,ns,,,"1x32x32",,,32,1,16,32,1,32,8,1,16
"dot/dot_uint8_int4_int32_1x16x32_1x16x8_avx512/32/352/real_time",1031652,132.035,131.658,ns,,,"1x32x352",,,32,1,16,352,1,32,8,1,16
"dot/dot_uint8_int4_int32_1x16x32_1x16x8_avx512/32/704/real_time",520796,268.544,267.769,ns,,,"1x32x704",,,32,1,16,704,1,32,8,1,16
"dot/dot_uint8_int4_int32_1x16x32_1x16x8_avx512/32/1056/real_time",354772,395.43,394.016,ns,,,"1x32x1056",,,32,1,16,1056,1,32,8,1,16
"dot/dot_uint8_int4_int32_1x16x32_1x16x8_avx512/32/1408/real_time",266668,524.418,523.06,ns,,,"1x32x1408",,,32,1,16,1408,1,32,8,1,16
"dot/dot_uint8_int4_int32_1x16x32_1x16x8_avx512/64/32/real_time",4599343,30.4139,30.3224,ns,,,"1x64x32",,,32,1,16,32,1,64,8,1,16
"dot/dot_uint8_int4_int32_1x16x32_1x16x8_avx512/64/160/real_time",1102061,121.223,120.85,ns,,,"1x64x160",,,32,1,16,160,1,64,8,1,16
"dot/dot_uint8_int4_int32_1x16x32_1x16x8_avx512/64/352/real_time",536471,260.79,260.013,ns,,,"1x64x352",,,32,1,16,352,1,64,8,1,16
"dot/dot_uint8_int4_int32_1x16x32_1x16x8_avx512/64/544/real_time",339271,412.697,411.436,ns,,,"1x64x544",,,32,1,16,544,1,64,8,1,16
"dot/dot_uint8_int4_int32_1x16x32_1x16x8_avx512/64/736/real_time",254621,549.618,548.046,ns,,,"1x64x736",,,32,1,16,736,1,64,8,1,16
"dot/dot_uint8_int4_int32_1x16x32_1x16x8_avx512/128/32/real_time",2238796,62.5711,62.3665,ns,,,"1x128x32",,,32,1,16,32,1,128,8,1,16
"dot/dot_uint8_int4_int32_1x16x32_1x16x8_avx512/128/64/real_time",1318048,106.361,105.999,ns,,,"1x128x64",,,32,1,16,64,1,128,8,1,16
"dot/dot_uint8_int4_int32_1x16x32_1x16x8_avx512/128/160/real_time",584679,239.499,238.765,ns,,,"1x128x160",,,32,1,16,160,1,128,8,1,16
"dot/dot_uint8_int4_int32_1x16x32_1x16x8_avx512/128/256/real_time",368678,379.758,378.594,ns,,,"1x128x256",,,32,1,16,256,1,128,8,1,16
"dot/dot_uint8_int4_int32_1x16x32_1x16x8_avx512/128/352/real_time",269383,519.41,517.653,ns,,,"1x128x352",,,32,1,16,352,1,128,8,1,16
"dot/dot_uint8_int4_int32_5x16x32_1x16x8_avx512/16/32/real_time",5763456,24.4204,24.3276,ns,,,"5x16x32",,,32,5,16,32,5,16,8,1,16
"dot/dot_uint8_int4_int32_5x16x32_1x16x8_avx512/16/448/real_time",583485,239.566,238.585,ns,,,"5x16x448",,,32,5,16,448,5,16,8,1,16
"dot/dot_uint8_int4_int32_5x16x32_1x16x8_avx512/16/928/real_time",284270,493.078,490.545,ns,,,"5x16x928",,,32,5,16,928,5,16,8,1,16
"dot/dot_uint8_int4_int32_5x16x32_1x16x8_avx512/16/1376/real_time",191950,726.914,724.546,ns,,,"5x16x1376",,,32,5,16,1376,5,16,8,1,16
"dot/dot_uint8_int4_int32_5x16x32_1x16x8_avx512/16/1856/real_time",142530,982.804,979.187,ns,,,"5x16x1856",,,32,5,16,1856,5,16,8,1,16
"dot/dot_uint8_int4_int32_5x16x32_1x16x8_avx512/32/32/real_time",3182770,44.1445,44.0076,ns,,,"5x32x32",,,32,5,16,32,5,32,8,1,16
"dot/dot_uint8_int4_int32_5x16x32_1x16x8_avx512/32/256/real_time",517851,270.377,269.458,ns,,,"5x32x256",,,32,5,16,256,5,32,8,1,16
"dot/dot_uint8_int4_int32_5x16x32_1x16x8_avx512/32/544/real_time",244902,571.89,570.131,ns,,,"5x32x544",,,32,5,16,544,5,32,8,1,16
"dot/dot_uint8_int4_int32_5x16x32_1x16x8_avx512/32/832/real_time",160519,871.471,869.064,ns,,,"5x32x832",,,32,5,16,832,5,32,8,1,16
"dot/dot_uint8_int4_int32_5x16x32_1x16x8_avx512/32/1120/real_time",119954,1168.72,1164.36,ns,,,"5x32x1120",,,32,5,16,1120,5,32,8,1,16
"dot/dot_uint8_int4_int32_5x16x32_1x16x8_avx512/64/32/real_time",1733476,80.8712,80.6188,ns,,,"5x64x32",,,32,5,16,32,5,64,8,1,16
"dot/dot_uint8_int4_int32_5x16x32_1x16x8_avx512/64/128/real_time",516422,271.484,270.567,ns,,,"5x64x128",,,32,5,16,128,5,64,8,1,16
"dot/dot_uint8_int4_int32_5x16x32_1x16x8_avx512/64/288/real_time",232419,602.01,600.28,ns,,,"5x64x288",,,32,5,16,288,5,64,8,1,16
"dot/dot_uint8_int4_int32_5x16x32_1x16x8_avx512/64/448/real_time",149232,938.38,935.649,ns,,,"5x64x448",,,32,5,16,448,5,64,8,1,16
"dot/dot_uint8_int4_int32_5x16x32_1x16x8_avx512/64/608/real_time",109413,1273.17,1268.59,ns,,,"5x64x608",,,32,5,16,608,5,64,8,1,16
"dot/dot_uint8_int4_int32_5x16x32_1x16x8_avx512/128/32/real_time",883255,158.364,157.866,ns,,,"5x128x32",,,32,5,16,32,5,128,8,1,16
"dot/dot_uint8_int4_int32_5x16x32_1x16x8_avx512/128/64/real_time",508026,275.811,274.698,ns,,,"5x128x64",,,32,5,16,64,5,128,8,1,16
"dot/dot_uint8_int4_int32_5x16x32_1x16x8_avx512/128/128/real_time",259477,540.06,538.035,ns,,,"5x128x128",,,32,5,16,128,5,128,8,1,16
"dot/dot_uint8_int4_int32_5x16x32_1x16x8_avx512/128/192/real_time",172518,802.475,800.2,ns,,,"5x128x192",,,32,5,16,192,5,128,8,1,16
"dot/dot_uint8_int4_int32_5x16x32_1x16x8_avx512/128/288/real_time",116815,1201.32,1197.48,ns,,,"5x128x288",,,32,5,16,288,5,128,8,1,16
"dot/dot_uint8_int4_int32_8x16x32_1x16x8_avx512/16/32/real_time",3778747,37.044,36.9245,ns,,,"8x16x32",,,32,8,16,32,8,16,8,1,16
"dot/dot_uint8_int4_int32_8x16x32_1x16x8_avx512/16/352/real_time",539209,260.007,259.072,ns,,,"8x16x352",,,32,8,16,352,8,16,8,1,16
"dot/dot_uint8_int4_int32_8x16x32_1x16x8_avx512/16/736/real_time",265003,528.671,526.99,ns,,,"8x16x736",,,32,8,16,736,8,16,8,1,16
"dot/dot_uint8_int4_int32_8x16x32_1x16x8_avx512/16/1120/real_time",175049,799.294,796.956,ns,,,"8x16x1120",,,32,8,16,1120,8,16,8,1,16
"dot/dot_uint8_int4_int32_8x16x32_1x16x8_avx512/16/1504/real_time",131271,1064.57,1061.64,ns,,,"8x16x1504",,,32,8,16,1504,8,16,8,1,16
"dot/dot_uint8_int4_int32_8x16x32_1x16x8_avx512/32/32/real_time",2098734,66.7138,66.5002,ns,,,"8x32x32",,,32,8,16,32,8,32,8,1,16
"dot/dot_uint8_int4_int32_8x16x32_1x16x8_avx512/32/224/real_time",407679,344.382,343.421,ns,,,"8x32x224",,,32,8,16,224,8,32,8,1,16
"dot/dot_uint8_int4_int32_8x16x32_1x16x8_avx512/32/480/real_time",202539,692.266,690.055,ns,,,"8x32x480",,,32,8,16,480,8,32,8,1,16
"dot/dot_uint8_int4_int32_8x16x32_1x16x8_avx512/32/704/real_time",138688,1013,1009.72,ns,,,"8x32x704",,,32,8,16,704,8,32,8,1,16
"dot/dot_uint8_int4_int32_8x16x32_1x16x8_avx512/32/960/real_time",102242,1372.83,1368.31,ns,,,"8x32x960",,,32,8,16,960,8,32,8,1,16
"dot/dot_uint8_int4_int32_8x16x32_1x16x8_avx512/64/32/real_time",1095873,127.83,127.46,ns,,,"8x64x32",,,32,8,16,32,8,64,8,1,16
"dot/dot_uint8_int4_int32_8x16x32_1x16x8_avx512/64/128/real_time",346299,404.807,402.817,ns,,,"8x64x128",,,32,8,16,128,8,64,8,1,16
"dot/dot_uint8_int4_int32_8x16x32_1x16x8_avx512/64/256/real_time",179853,778.744,775.597,ns,,,"8x64x256",,,32,8,16,256,8,64,8,1,16
"dot/dot_uint8_int4_int32_8x16x32_1x16x8_avx512/64/384/real_time",124375,1128.12,1123.42,ns,,,"8x64x384",,,32,8,16,384,8,64,8,1,16
"dot/dot_uint8_int4_int32_8x16x32_1x16x8_avx512/64/544/real_time",89618,1561.21,1555.9,ns,,,"8x64x544",,,32,8,16,544,8,64,8,1,16
"dot/dot_uint8_int4_int32_8x16x32_1x16x8_avx512/128/32/real_time",566694,247.002,246.199,ns,,,"8x128x32",,,32,8,16,32,8,128,8,1,16
"dot/dot_uint8_int4_int32_8x16x32_1x16x8_avx512/128/64/real_time",326411,429.134,427.339,ns,,,"8x128x64",,,32,8,16,64,8,128,8,1,16
"dot/dot_uint8_int4_int32_8x16x32_1x16x8_avx512/128/128/real_time",174806,800.589,797.474,ns,,,"8x128x128",,,32,8,16,128,8,128,8,1,16
"dot/dot_uint8_int4_int32_8x16x32_1x16x8_avx512/128/192/real_time",119047,1176.11,1171.55,ns,,,"8x128x192",,,32,8,16,192,8,128,8,1,16
"dot/dot_uint8_int4_int32_8x16x32_1x16x8_avx512/128/256/real_time",90721,1548.38,1543.5,ns,,,"8x128x256",,,32,8,16,256,8,128,8,1,16
"dot/dot_fp32_1x32x1_1x8x1_fma3/32/1/real_time",20469078,6.80374,6.7865,ns,,,"1x32x1",,,1,1,32,1,1,32,1,1,8
"dot/dot_fp32_1x32x1_1x8x1_fma3/32/46/real_time",3461972,40.4405,40.3195,ns,,,"1x32x46",,,1,1,32,46,1,32,1,1,8
"dot/dot_fp32_1x32x1_1x8x1_fma3/32/92/real_time",1672090,83.7583,83.529,ns,,,"1x32x92",,,1,1,32,92,1,32,1,1,8
"dot/dot_fp32_1x32x1_1x8x1_fma3/32/138/real_time",1096512,127.7,127.385,ns,,,"1x32x138",,,1,1,32,138,1,32,1,1,8
"dot/dot_fp32_1x32x1_1x8x1_fma3/32/185/real_time",811494,172.655,172.2,ns,,,"1x32x185",,,1,1,32,185,1,32,1,1,8
"dot/dot_fp32_1x32x1_1x8x1_fma3/64/1/real_time",15867695,8.84727,8.82267,ns,,,"1x64x1",,,1,1,32,1,1,64,1,1,8
"dot/dot_fp32_1x32x1_1x8x1_fma3/64/23/real_time",3788743,37.0021,36.8735,ns,,,"1x64x23",,,1,1,32,23,1,64,1,1,8
"dot/dot_fp32_1x32x1_1x8x1_fma3/64/46/real_time",1829415,76.5065,76.2824,ns,,,"1x64x46",,,1,1,32,46,1,64,1,1,8
"dot/dot_fp32_1x32x1_1x8x1_fma3/64/69/real_time",1177743,119.207,118.89,ns,,,"1x64x69",,,1,1,32,69,1,64,1,1,8
"dot/dot_fp32_1x32x1_1x8x1_fma3/64/93/real_time",848561,165.009,164.575,ns,,,"1x64x93",,,1,1,32,93,1,64,1,1,8
"dot/dot_fp32_1x32x1_1x8x1_fma3/128/1/real_time",10972738,12.7897,12.754,ns,,,"1x128x1",,,1,1,32,1,1,128,1,1,8
"dot/dot_fp32_1x32x1_1x8x1_fma3/128/11/real_time",3448583,40.5634,40.4391,ns,,,"1x128x11",,,1,1,32,11,1,128,1,1,8
"dot/dot_fp32_1x32x1_1x8x1_fma3/128/23/real_time",1999090,70.0828,69.878,ns,,,"1x128x23",,,1,1,32,23,1,128,1,1,8
"dot/dot_fp32_1x32x1_1x8x1_fma3/128/34/real_time",1342584,104.187,103.898,ns,,,"1x128x34",,,1,1,32,34,1,128,1,1,8
"dot/dot_fp32_1x32x1_1x8x1_fma3/128/46/real_time",938805,148.549,148.151,ns,,,"1x128x46",,,1,1,32,46,1,128,1,1,8
"dot/dot_fp32_1x32x1_1x8x1_fma3/256/1/real_time",6583138,21.228,21.1631,ns,,,"1x256x1",,,1,1,32,1,1,256,1,1,8
"dot/dot_fp32_1x32x1_1x8x1_fma3/256/5/real_time",3245318,42.8509,42.7354,ns,,,"1x256x5",,,1,1,32,5,1,256,1,1,8
"dot/dot_fp32_1x32x1_1x8x1_fma3/256/11/real_time",1895931,73.761,73.5631,ns,,,"1x256x11",,,1,1,32,11,1,256,1,1,8
"dot/dot_fp32_1x32x1_1x8x1_fma3/256/16/real_time",1396484,100.313,100.037,ns,,,"1x256x16",,,1,1,32,16,1,256,1,1,8
"dot/dot_fp32_1x32x1_1x8x1_fma3/256/22/real_time",1041791,134.351,133.961,ns,,,"1x256x22",,,1,1,32,22,1,256,1,1,8
"dot/dot_fp32_2x32x1_1x8x1_fma3/32/1/real_time",15842463,8.85011,8.82507,ns,,,"2x32x1",,,1,2,32,1,2,32,1,1,8
"dot/dot_fp32_2x32x1_1x8x1_fma3/32/44/real_time",2698294,52.0466,51.9037,ns,,,"2x32x44",,,1,2,32,44,2,32,1,1,8
"dot/dot_fp32_2x32x1_1x8x1_fma3/32/89/real_time",1436747,97.081,96.8172,ns,,,"2x32x89",,,1,2,32,89,2,32,1,1,8
"dot/dot_fp32_2x32x1_1x8x1_fma3/32/133/real_time",988622,141.551,141.161,ns,,,"2x32x133",,,1,2,32,133,2,32,1,1,8
"dot/dot_fp32_2x32x1_1x8x1_fma3/32/178/real_time",749070,186.653,186.131,ns,,,"2x32x178",,,1,2,32,178,2,32,1,1,8
"dot/dot_fp32_2x32x1_1x8x1_fma3/64/1/real_time",11526557,12.1657,12.1389,ns,,,"2x64x1",,,1,2,32,1,2,64,1,1,8
"dot/dot_fp32_2x32x1_1x8x1_fma3/64/22/real_time",2554432,54.8757,54.7115,ns,,,"2x64x22",,,1,2,32,22,2,64,1,1,8
"dot/dot_fp32_2x32x1_1x8x1_fma3/64/45/real_time",1387817,100.364,100.063,ns,,,"2x64x45",,,1,2,32,45,2,64,1,1,8
"dot/dot_fp32_2x32x1_1x8x1_fma3/64/68/real_time",961352,146.069,145.688,ns,,,"2x64x68",,,1,2,32,68,2,64,1,1,8
"dot/dot_fp32_2x32x1_1x8x1_fma3/64/91/real_time",727518,192.096,191.596,ns,,,"2x64x91",,,1,2,32,91,2,64,1,1,8
"dot/dot_fp32_2x32x1_1x8x1_fma3/128/1/real_time",7609411,18.554,18.5023,ns,,,"2x128x1",,,1,2,32,1,2,128,1,1,8
"dot/dot_fp32_2x32x1_1x8x1_fma3/128/11/real_time",2479204,56.4445,56.2816,ns,,,"2x128x11",,,1,2,32,11,2,128,1,1,8
"dot/dot_fp32_2x32x1_1x8x1_fma3/128/22/real_time",1371247,102.205,101.899,ns,,,"2x128x22",,,1,2,32,22,2,128,1,1,8
"dot/dot_fp32_2x32x1_1x8x1_fma3/128/33/real_time",919375,150.96,150.524,ns,,,"2x128x33",,,1,2,32,33,2,128,1,1,8
"dot/dot_fp32_2x32x1_1x8x1_fma3/128/45/real_time",692326,200.653,200.139,ns,,,"2x128x45",,,1,2,32,45,2,128,1,1,8
"dot/dot_fp32_2x32x1_1x8x1_fma3/256/1/real_time",4324142,32.613,32.5294,ns,,,"2x256x1",,,1,2,32,1,2,256,1,1,8
"dot/dot_fp32_2x32x1_1x8x1_fma3/256/5/real_time",2196023,63.6434,63.4473,ns,,,"2x256x5",,,1,2,32,5,2,256,1,1,8
"dot/dot_fp32_2x32x1_1x8x1_fma3/256/10/real_time",1372930,101.943,101.675,ns,,,"2x256x10",,,1,2,32,10,2,256,1,1,8
"dot/dot_fp32_2x32x1_1x8x1_fma3/256/15/real_time",1000986,140.36,139.889,ns,,,"2x256x15",,,1,2,32,15,2,256,1,1,8
"dot/dot_fp32_2x32x1_1x8x1_fma3/256/21/real_time",738126,189.658,189.04,ns,,,"2x256x21",,,1,2,32,21,2,256,1,1,8
"dot/dot_fp32_1x16x1_1x8x1_fma3/16/1/real_time",21483777,6.52571,6.50741,ns,,,"1x16x1",,,1,1,16,1,1,16,1,1,8
"dot/dot_fp32_1x16x1_1x8x1_fma3/16/90/real_time",2338391,59.7123,59.5411,ns,,,"1x16x90",,,1,1,16,90,1,16,1,1,8
"dot/dot_fp32_1x16x1_1x8x1_fma3/16/180/real_time",982299,142.282,141.933,ns,,,"1x16x180",,,1,1,16,180,1,16,1,1,8
"dot/dot_fp32_1x16x1_1x8x1_fma3/16/270/real_time",612907,228.363,227.837,ns,,,"1x16x270",,,1,1,16,270,1,16,1,1,8
"dot/dot_fp32_1x16x1_1x8x1_fma3/16/360/real_time",444029,314.588,313.694,ns,,,"1x16x360",,,1,1,16,360,1,16,1,1,8
"dot/dot_fp32_1x16x1_1x8x1_fma3/32/1/real_time",16746236,8.35727,8.33828,ns,,,"1x32x1",,,1,1,16,1,1,32,1,1,8
"dot/dot_fp32_1x16x1_1x8x1_fma3/32/46/real_time",2711808,51.5963,51.461,ns,,,"1x32x46",,,1,1,16,46,1,32,1,1,8
"dot/dot_fp32_1x16x1_1x8x1_fma3/32/92/real_time",1218760,114.985,114.685,ns,,,"1x32x92",,,1,1,16,92,1,32,1,1,8
"dot/dot_fp32_1x16x1_1x8x1_fma3/32/138/real_time",700402,199.086,198.623,ns,,,"1x32x138",,,1,1,16,138,1,32,1,1,8
"dot/dot_fp32_1x16x1_1x8x1_fma3/32/185/real_time",484243,289.461,288.657,ns,,,"1x32x185",,,1,1,16,185,1,32,1,1,8
"dot/dot_fp32_1x16x1_1x8x1_fma3/64/1/real_time",11451813,12.2285,12.1901,ns,,,"1x64x1",,,1,1,16,1,1,64,1,1,8
"dot/dot_fp32_1x16x1_1x8x1_fma3/64/23/real_time",3023185,46.3698,46.2334,ns,,,"1x64x23",,,1,1,16,23,1,64,1,1,8
"dot/dot_fp32_1x16x1_1x8x1_fma3/64/46/real_time",1497413,93.4603,93.2053,ns,,,"1x64x46",,,1,1,16,46,1,64,1,1,8
"dot/dot_fp32_1x16x1_1x8x1_fma3/64/69/real_time",832438,168.391,167.906,ns,,,"1x64x69",,,1,1,16,69,1,64,1,1,8
"dot/dot_fp32_1x16x1_1x8x1_fma3/64/93/real_time",609695,229.498,228.893,ns,,,"1x64x93",,,1,1,16,93,1,64,1,1,8
"dot/dot_fp32_1x16x1_1x8x1_fma3/128/1/real_time",6875726,20.2959,20.2366,ns,,,"1x128x1",,,1,1,16,1,1,128,1,1,8
"dot/dot_fp32_1x16x1_1x8x1_fma3/128/11/real_time",2716197,51.6564,51.475,ns,,,"1x128x11",,,1,1,16,11,1,128,1,1,8
"dot/dot_fp32_1x16x1_1x8x1_fma3/128/23/real_time",1578543,88.5868,88.2921,ns,,,"1x128x23",,,1,1,16,23,1,128,1,1,8
"dot/dot_fp32_1x16x1_1x8x1_fma3/128/34/real_time",1041615,134.355,133.917,ns,,,"1x128x34",,,1,1,16,34,1,128,1,1,8
"dot/dot_fp32_1x16x1_1x8x1_fma3/128/46/real_time",771585,181.615,181.031,ns,,,"1x128x46",,,1,1,16,46,1,128,1,1,8
"dot/dot_fp32_2x16x1_1x8x1_fma3/16/1/real_time",17819863,7.83714,7.81246,ns,,,"2x16x1",,,1,2,16,1,2,16,1,1,8
"dot/dot_fp32_2x16x1_1x8x1_fma3/16/84/real_time",1672103,83.6349,83.4142,ns,,,"2x16x84",,,1,2,16,84,2,16,1,1,8
"dot/dot_fp32_2x16x1_1x8x1_fma3/16/169/real_time",841383,166.873,166.405,ns,,,"2x16x169",,,1,2,16,169,2,16,1,1,8
"dot/dot_fp32_2x16x1_1x8x1_fma3/16/254/real_time",562660,248.974,248.265,ns,,,"2x16x254",,,1,2,16,254,2,16,1,1,8
"dot/dot_fp32_2x16x1_1x8x1_fma3/16/339/real_time",423655,330.604,329.538,ns,,,"2x16x339",,,1,2,16,339,2,16,1,1,8
"dot/dot_fp32_2x16x1_1x8x1_fma3/32/1/real_time",13518091,10.3123,10.2741,ns,,,"2x32x1",,,1,2,16,1,2,32,1,1,8
"dot/dot_fp32_2x16x1_1x8x1_fma3/32/44/real_time",1735441,81.0321,80.7355,ns,,,"2x32x44",,,1,2,16,44,2,32,1,1,8
"dot/dot_fp32_2x16x1_1x8x1_fma3/32/89/real_time",792914,173.93,173.52,ns,,,"2x32x89",,,1,2,16,89,2,32,1,1,8
"dot/dot_fp32_2x16x1_1x8x1_fma3/32/133/real_time",546397,259.128,258.246,ns,,,"2x32x133",,,1,2,16,133,2,32,1,1,8
"dot/dot_fp32_2x16x1_1x8x1_fma3/32/178/real_time",400933,347.011,346.007,ns,,,"2x32x178",,,1,2,16,178,2,32,1,1,8
"dot/dot_fp32_2x16x1_1x8x1_fma3/64/1/real_time",8647588,16.0811,16.0291,ns,,,"2x64x1",,,1,2,16,1,2,64,1,1,8
"dot/dot_fp32_2x16x1_1x8x1_fma3/64/22/real_time",1986282,70.6522,70.4645,ns,,,"2x64x22",,,1,2,16,22,2,64,1,1,8
"dot/dot_fp32_2x16x1_1x8x1_fma3/64/45/real_time",869362,168.897,168.434,ns,,,"2x64x45",,,1,2,16,45,2,64,1,1,8
"dot/dot_fp32_2x16x1_1x8x1_fma3/64/68/real_time",537665,254.58,253.896,ns,,,"2x64x68",,,1,2,16,68,2,64,1,1,8
"dot/dot_fp32_2x16x1_1x8x1_fma3/64/91/real_time",402721,341.182,340.208,ns,,,"2x64x91",,,1,2,16,91,2,64,1,1,8
"dot/dot_fp32_2x16x1_1x8x1_fma3/128/1/real_time",5325104,26.2586,26.1941,ns,,,"2x128x1",,,1,2,16,1,2,128,1,1,8
"dot/dot_fp32_2x16x1_1x8x1_fma3/128/11/real_time",1787299,75.4278,75.2205,ns,,,"2x128x11",,,1,2,16,11,2,128,1,1,8
"dot/dot_fp32_2x16x1_1x8x1_fma3/128/22/real_time",985486,136.627,136.185,ns,,,"2x128x22",,,1,2,16,22,2,128,1,1,8
"dot/dot_fp32_2x16x1_1x8x1_fma3/128/33/real_time",602907,230.419,229.803,ns,,,"2x128x33",,,1,2,16,33,2,128,1,1,8
"dot/dot_fp32_2x16x1_1x8x1_fma3/128/45/real_time",409845,331.979,331.167,ns,,,"2x128x45",,,1,2,16,45,2,128,1,1,8
"dot/dot_fp32_3x16x1_1x8x1_fma3/16/1/real_time",14996877,9.33071,9.30541,ns,,,"3x16x1",,,1,3,16,1,3,16,1,1,8
"dot/dot_fp32_3x16x1_1x8x1_fma3/16/80/real_time",1713058,81.9677,81.7545,ns,,,"3x16x80",,,1,3,16,80,3,16,1,1,8
"dot/dot_fp32_3x16x1_1x8x1_fma3/16/160/real_time",876029,160.115,159.665,ns,,,"3x16x160",,,1,3,16,160,3,16,1,1,8
"dot/dot_fp32_3x16x1_1x8x1_fma3/16/240/real_time",587062,237.823,237.129,ns,,,"3x16x240",,,1,3,16,240,3,16,1,1,8
"dot/dot_fp32_3x16x1_1x8x1_fma3/16/320/real_time",442762,315.901,315.071,ns,,,"3x16x320",,,1,3,16,320,3,16,1,1,8
"dot/dot_fp32_3x16x1_1x8x1_fma3/32/1/real_time",10942447,12.4799,12.4452,ns,,,"3x32x1",,,1,3,16,1,3,32,1,1,8
"dot/dot_fp32_3x16x1_1x8x1_fma3/32/43/real_time",1611260,86.8854,86.6695,ns,,,"3x32x43",,,1,3,16,43,3,32,1,1,8
"dot/dot_fp32_3x16x1_1x8x1_fma3/32/86/real_time",813278,172.214,171.776,ns,,,"3x32x86",,,1,3,16,86,3,32,1,1,8
"dot/dot_fp32_3x16x1_1x8x1_fma3/32/129/real_time",548709,256.666,256.051,ns,,,"3x32x129",,,1,3,16,129,3,32,1,1,8
"dot/dot_fp32_3x16x1_1x8x1_fma3/32/172/real_time",413190,339.284,338.488,ns,,,"3x32x172",,,1,3,16,172,3,32,1,1,8
"dot/dot_fp32_3x16x1_1x8x1_fma3/64/1/real_time",7259435,19.0521,19.0027,ns,,,"3x64x1",,,1,3,16,1,3,64,1,1,8
"dot/dot_fp32_3x16x1_1x8x1_fma3/64/22/real_time",1624940,86.1595,85.9032,ns,,,"3x64x22",,,1,3,16,22,3,64,1,1,8
"dot/dot_fp32_3x16x1_1x8x1_fma3/64/44/real_time",799440,176.44,175.958,ns,,,"3x64x44",,,1,3,16,44,3,64,1,1,8
"dot/dot_fp32_3x16x1_1x8x1_fma3/64/66/real_time",532938,264.123,263.446,ns,,,"3x64x66",,,1,3,16,66,3,64,1,1,8
"dot/dot_fp32_3x16x1_1x8x1_fma3/64/88/real_time",400653,351.421,350.424,ns,,,"3x64x88",,,1,3,16,88,3,64,1,1,8
"dot/dot_fp32_3x16x1_1x8x1_fma3/128/1/real_time",4308310,32.4799,32.3855,ns,,,"3x128x1",,,1,3,16,1,3,128,1,1,8
"dot/dot_fp32_3x16x1_1x8x1_fma3/128/10/real_time",1597331,85.5446,85.3117,ns,,,"3x128x10",,,1,3,16,10,3,128,1,1,8
"dot/dot_fp32_3x16x1_1x8x1_fma3/128/21/real_time",863065,162.776,162.25,ns,,,"3x128x21",,,1,3,16,21,3,128,1,1,8
"dot/dot_fp32_3x16x1_1x8x1_fma3/128/32/real_time",556575,252.513,251.759,ns,,,"3x128x32",,,1,3,16,32,3,128,1,1,8
"dot/dot_fp32_3x16x1_1x8x1_fma3/128/43/real_time",409542,342.669,341.789,ns,,,"3x128x43",,,1,3,16,43,3,128,1,1,8
"dot/dot_fp32_4x16x1_1x8x1_fma3/16/1/real_time",13443208,10.3657,10.339,ns,,,"4x16x1",,,1,4,16,1,4,16,1,1,8
"dot/dot_fp32_4x16x1_1x8x1_fma3/16/76/real_time",1620693,86.186,85.9414,ns,,,"4x16x76",,,1,4,16,76,4,16,1,1,8
"dot/dot_fp32_4x16x1_1x8x1_fma3/16/152/real_time",854923,163.686,163.252,ns,,,"4x16x152",,,1,4,16,152,4,16,1,1,8
"dot/dot_fp32_4x16x1_1x8x1_fma3/16/228/real_time",580916,241.067,240.468,ns,,,"4x16x228",,,1,4,16,228,4,16,1,1,8
"dot/dot_fp32_4x16x1_1x8x1_fma3/16/304/real_time",443721,316.021,315.17,ns,,,"4x16x304",,,1,4,16,304,4,16,1,1,8
"dot/dot_fp32_4x16x1_1x8x1_fma3/32/1/real_time",9927060,14.1516,14.1123,ns,,,"4x32x1",,,1,4,16,1,4,32,1,1,8
"dot/dot_fp32_4x16x1_1x8x1_fma3/32/41/real_time",1426310,96.6144,96.3752,ns,,,"4x32x41",,,1,4,16,41,4,32,1,1,8
"dot/dot_fp32_4x16x1_1x8x1_fma3/32/83/real_time",759612,180.815,180.345,ns,,,"4x32x83",,,1,4,16,83,4,32,1,1,8
"dot/dot_fp32_4x16x1_1x8x1_fma3/32/125/real_time",530069,267.089,266.426,ns,,,"4x32x125",,,1,4,16,125,4,32,1,1,8
"dot/dot_fp32_4x16x1_1x8x1_fma3/32/167/real_time",397459,353.033,352.089,ns,,,"4x32x167",,,1,4,16,167,4,32,1,1,8
"dot/dot_fp32_4x16x1_1x8x1_fma3/64/1/real_time",6375128,21.9983,21.9348,ns,,,"4x64x1",,,1,4,16,1,4,64,1,1,8
"dot/dot_fp32_4x16x1_1x8x1_fma3/64/21/real_time",1393016,100.688,100.379,ns,,,"4x64x21",,,1,4,16,21,4,64,1,1,8
"dot/dot_fp32_4x16x1_1x8x1_fma3/64/43/real_time",702288,197.112,196.551,ns,,,"4x64x43",,,1,4,16,43,4,64,1,1,8
"dot/dot_fp32_4x16x1_1x8x1_fma3/64/64/real_time",497450,281.74,280.934,ns,,,"4x64x64",,,1,4,16,64,4,64,1,1,8
"dot/dot_fp32_4x16x1_1x8x1_fma3/64/86/real_time",371818,368.575,367.63,ns,,,"4x64x86",,,1,4,16,86,4,64,1,1,8
"dot/dot_fp32_4x16x1_1x8x1_fma3/128/1/real_time",3703183,38.0972,37.9631,ns,,,"4x128x1",,,1,4,16,1,4,128,1,1,8
"dot/dot_fp32_4x16x1_1x8x1_fma3/128/10/real_time",1322444,105.999,105.723,ns,,,"4x128x10",,,1,4,16,10,4,128,1,1,8
"dot/dot_fp32_4x16x1_1x8x1_fma3/128/21/real_time",712408,196.871,196.363,ns,,,"4x128x21",,,1,4,16,21,4,128,1,1,8
"dot/dot_fp32_4x16x1_1x8x1_fma3/128/31/real_time",463247,304.747,303.908,ns,,,"4x128x31",,,1,4,16,31,4,128,1,1,8
"dot/dot_fp32_4x16x1_1x8x1_fma3/128/42/real_time",354411,393.33,392.329,ns,,,"4x128x42",,,1,4,16,42,4,128,1,1,8
"dot/dot_fp32_5x16x1_1x8x1_fma3/16/1/real_time",12059202,11.6124,11.5816,ns,,,"5x16x1",,,1,5,16,1,5,16,1,1,8
"dot/dot_fp32_5x16x1_1x8x1_fma3/16/72/real_time",1396775,100.321,100.076,ns,,,"5x16x72",,,1,5,16,72,5,16,1,1,8
"dot/dot_fp32_5x16x1_1x8x1_fma3/16/144/real_time",736697,189.446,188.97,ns,,,"5x16x144",,,1,5,16,144,5,16,1,1,8
"dot/dot_fp32_5x16x1_1x8x1_fma3/16/216/real_time",514513,272.16,271.389,ns,,,"5x16x216",,,1,5,16,216,5,16,1,1,8
"dot/dot_fp32_5x16x1_1x8x1_fma3/16/288/real_time",387734,360.773,359.862,ns,,,"5x16x288",,,1,5,16,288,5,16,1,1,8
"dot/dot_fp32_5x16x1_1x8x1_fma3/32/1/real_time",8829503,15.8793,15.8307,ns,,,"5x32x1",,,1,5,16,1,5,32,1,1,8
"dot/dot_fp32_5x16x1_1x8x1_fma3/32/40/real_time",1248224,112.325,112.068,ns,,,"5x32x40",,,1,5,16,40,5,32,1,1,8
"dot/dot_fp32_5x16x1_1x8x1_fma3/32/80/real_time",647989,216.514,215.922,ns,,,"5x32x80",,,1,5,16,80,5,32,1,1,8
"dot/dot_fp32_5x16x1_1x8x1_fma3/32/120/real_time",462051,302.94,302.106,ns,,,"5x32x120",,,1,5,16,120,5,32,1,1,8
"dot/dot_fp32_5x16x1_1x8x1_fma3/32/161/real_time",346939,403.154,402.139,ns,,,"5x32x161",,,1,5,16,161,5,32,1,1,8
"dot/dot_fp32_5x16x1_1x8x1_fma3/64/1/real_time",5656374,24.7948,24.7226,ns,,,"5x64x1",,,1,5,16,1,5,64,1,1,8
"dot/dot_fp32_5x16x1_1x8x1_fma3/64/21/real_time",1160992,120.634,120.284,ns,,,"5x64x21",,,1,5,16,21,5,64,1,1,8
"dot/dot_fp32_5x16x1_1x8x1_fma3/64/42/real_time",612980,228.932,228.331,ns,,,"5x64x42",,,1,5,16,42,5,64,1,1,8
"dot/dot_fp32_5x16x1_1x8x1_fma3/64/63/real_time",416570,336.619,335.763,ns,,,"5x64x63",,,1,5,16,63,5,64,1,1,8
"dot/dot_fp32_5x16x1_1x8x1_fma3/64/84/real_time",319231,438.609,437.46,ns,,,"5x64x84",,,1,5,16,84,5,64,1,1,8
"dot/dot_fp32_5x16x1_1x8x1_fma3/128/1/real_time",3311103,42.3438,42.2263,ns,,,"5x128x1",,,1,5,16,1,5,128,1,1,8
"dot/dot_fp32_5x16x1_1x8x1_fma3/128/10/real_time",1115618,124.77,124.414,ns,,,"5x128x10",,,1,5,16,10,5,128,1,1,8
"dot/dot_fp32_5x16x1_1x8x1_fma3/128/20/real_time",624033,224.335,223.729,ns,,,"5x128x20",,,1,5,16,20,5,128,1,1,8
"dot/dot_fp32_5x16x1_1x8x1_fma3/128/30/real_time",434359,321.815,320.968,ns,,,"5x128x30",,,1,5,16,30,5,128,1,1,8
"dot/dot_fp32_5x16x1_1x8x1_fma3/128/41/real_time",318408,440.055,438.69,ns,,,"5x128x41",,,1,5,16,41,5,128,1,1,8
"dot/dot_fp32_6x16x1_1x8x1_fma3/16/1/real_time",11020726,12.8018,12.7582,ns,,,"6x16x1",,,1,6,16,1,6,16,1,1,8
"dot/dot_fp32_6x16x1_1x8x1_fma3/16/68/real_time",1284497,107.341,107.062,ns,,,"6x16x68",,,1,6,16,68,6,16,1,1,8
"dot/dot_fp32_6x16x1_1x8x1_fma3/16/137/real_time",679163,206.095,205.531,ns,,,"6x16x137",,,1,6,16,137,6,16,1,1,8
"dot/dot_fp32_6x16x1_1x8x1_fma3/16/205/real_time",461484,303.546,302.773,ns,,,"6x16x205",,,1,6,16,205,6,16,1,1,8
"dot/dot_fp32_6x16x1_1x8x1_fma3/16/274/real_time",347996,402.435,401.5,ns,,,"6x16x274",,,1,6,16,274,6,16,1,1,8
"dot/dot_fp32_6x16x1_1x8x1_fma3/32/1/real_time",7917164,17.7051,17.6522,ns,,,"6x32x1",,,1,6,16,1,6,32,1,1,8
"dot/dot_fp32_6x16x1_1x8x1_fma3/32/39/real_time",1076264,129.719,129.369,ns,,,"6x32x39",,,1,6,16,39,6,32,1,1,8
"dot/dot_fp32_6x16x1_1x8x1_fma3/32/78/real_time",597189,234.615,234.026,ns,,,"6x32x78",,,1,6,16,78,6,32,1,1,8
"dot/dot_fp32_6x16x1_1x8x1_fma3/32/117/real_time",404439,346.552,345.576,ns,,,"6x32x117",,,1,6,16,117,6,32,1,1,8
"dot/dot_fp32_6x16x1_1x8x1_fma3/32/156/real_time",305582,458.034,456.973,ns,,,"6x32x156",,,1,6,16,156,6,32,1,1,8
"dot/dot_fp32_6x16x1_1x8x1_fma3/64/1/real_time",4977979,28.1974,28.1071,ns,,,"6x64x1",,,1,6,16,1,6,64,1,1,8
"dot/dot_fp32_6x16x1_1x8x1_fma3/64/20/real_time",1050021,133.202,132.746,ns,,,"6x64x20",,,1,6,16,20,6,64,1,1,8
"dot/dot_fp32_6x16x1_1x8x1_fma3/64/41/real_time",530762,263.034,262.395,ns,,,"6x64x41",,,1,6,16,41,6,64,1,1,8
"dot/dot_fp32_6x16x1_1x8x1_fma3/64/61/real_time",378319,369.677,368.746,ns,,,"6x64x61",,,1,6,16,61,6,64,1,1,8
"dot/dot_fp32_6x16x1_1x8x1_fma3/64/82/real_time",289001,484.203,483.049,ns,,,"6x64x82",,,1,6,16,82,6,64,1,1,8
"dot/dot_fp32_6x16x1_1x8x1_fma3/128/1/real_time",2929622,47.572,47.4534,ns,,,"6x128x1",,,1,6,16,1,6,128,1,1,8
"dot/dot_fp32_6x16x1_1x8x1_fma3/128/10/real_time",997502,139.91,139.563,ns,,,"6x128x10",,,1,6,16,10,6,128,1,1,8
"dot/dot_fp32_6x16x1_1x8x1_fma3/128/20/real_time",543933,259.431,258.624,ns,,,"6x128x20",,,1,6,16,20,6,128,1,1,8
"dot/dot_fp32_6x16x1_1x8x1_fma3/128/30/real_time",370141,377.39,376.418,ns,,,"6x128x30",,,1,6,16,30,6,128,1,1,8
"dot/dot_fp32_6x16x1_1x8x1_fma3/128/40/real_time",277002,505.37,503.937,ns,,,"6x128x40",,,1,6,16,40,6,128,1,1,8
"dot/dot_fp32_8x8x1_1x8x1_fma3/8/1/real_time",11533826,12.1862,12.1551,ns,,,"8x8x1",,,1,8,8,1,8,8,1,1,8
"dot/dot_fp32_8x8x1_1x8x1_fma3/8/95/real_time",1126281,123.994,123.704,ns,,,"8x8x95",,,1,8,8,95,8,8,1,1,8
"dot/dot_fp32_8x8x1_1x8x1_fma3/8/190/real_time",590711,236.874,236.286,ns,,,"8x8x190",,,1,8,8,190,8,8,1,1,8
"dot/dot_fp32_8x8x1_1x8x1_fma3/8/285/real_time",401251,348.969,348.066,ns,,,"8x8x285",,,1,8,8,285,8,8,1,1,8
"dot/dot_fp32_8x8x1_1x8x1_fma3/8/380/real_time",302484,462.88,461.741,ns,,,"8x8x380",,,1,8,8,380,8,8,1,1,8
"dot/dot_fp32_8x8x1_1x8x1_fma3/16/1/real_time",8972498,15.6334,15.5901,ns,,,"8x16x1",,,1,8,8,1,8,16,1,1,8
"dot/dot_fp32_8x8x1_1x8x1_fma3/16/62/real_time",872645,159.317,158.911,ns,,,"8x16x62",,,1,8,8,62,8,16,1,1,8
"dot/dot_fp32_8x8x1_1x8x1_fma3/16/125/real_time",455025,308.402,307.581,ns,,,"8x16x125",,,1,8,8,125,8,16,1,1,8
"dot/dot_fp32_8x8x1_1x8x1_fma3/16/187/real_time",307169,455.992,454.802,ns,,,"8x16x187",,,1,8,8,187,8,16,1,1,8
"dot/dot_fp32_8x8x1_1x8x1_fma3/16/250/real_time",231288,604.865,603.42,ns,,,"8x16x250",,,1,8,8,250,8,16,1,1,8
"dot/dot_fp32_8x8x1_1x8x1_fma3/32/1/real_time",6059031,23.1405,23.0803,ns,,,"8x32x1",,,1,8,8,1,8,32,1,1,8
"dot/dot_fp32_8x8x1_1x8x1_fma3/32/36/real_time",743374,191.28,190.765,ns,,,"8x32x36",,,1,8,8,36,8,32,1,1,8
"dot/dot_fp32_8x8x1_1x8x1_fma3/32/73/real_time",390256,357.755,356.95,ns,,,"8x32x73",,,1,8,8,73,8,32,1,1,8
"dot/dot_fp32_8x8x1_1x8x1_fma3/32/110/real_time",262181,533.698,532.386,ns,,,"8x32x110",,,1,8,8,110,8,32,1,1,8
"dot/dot_fp32_8x8x1_1x8x1_fma3/32/147/real_time",197792,708.432,706.631,ns,,,"8x32x147",,,1,8,8,147,8,32,1,1,8
"dot/dot_fp32_8x8x1_1x8x1_fma3/64/1/real_time",3697919,37.8074,37.7036,ns,,,"8x64x1",,,1,8,8,1,8,64,1,1,8
"dot/dot_fp32_8x8x1_1x8x1_fma3/64/19/real_time",696493,200.605,200.071,ns,,,"8x64x19",,,1,8,8,19,8,64,1,1,8
"dot/dot_fp32_8x8x1_1x8x1_fma3/64/39/real_time",344782,406.764,405.654,ns,,,"8x64x39",,,1,8,8,39,8,64,1,1,8
"dot/dot_fp32_8x8x1_1x8x1_fma3/64/58/real_time",242286,578.958,577.314,ns,,,"8x64x58",,,1,8,8,58,8,64,1,1,8
"dot/dot_fp32_8x8x1_1x8x1_fma3/64/78/real_time",183869,763.681,760.338,ns,,,"8x64x78",,,1,8,8,78,8,64,1,1,8
"dot/dot_fp64_1x16x1_1x4x1_fma3/16/1/real_time",20306124,6.89665,6.87632,ns,,,"1x16x1",,,1,1,16,1,1,16,1,1,4
"dot/dot_fp64_1x16x1_1x4x1_fma3/16/44/real_time",3609981,38.7169,38.6147,ns,,,"1x16x44",,,1,1,16,44,1,16,1,1,4
"dot/dot_fp64_1x16x1_1x4x1_fma3/16/89/real_time",1738904,81.1029,80.8964,ns,,,"1x16x89",,,1,1,16,89,1,16,1,1,4
"dot/dot_fp64_1x16x1_1x4x1_fma3/16/134/real_time",1130418,123.56,123.256,ns,,,"1x16x134",,,1,1,16,134,1,16,1,1,4
"dot/dot_fp64_1x16x1_1x4x1_fma3/16/179/real_time",841804,166.71,166.222,ns,,,"1x16x179",,,1,1,16,179,1,16,1,1,4
"dot/dot_fp64_1x16x1_1x4x1_fma3/32/1/real_time",15682775,8.91065,8.88966,ns,,,"1x32x1",,,1,1,16,1,1,32,1,1,4
"dot/dot_fp64_1x16x1_1x4x1_fma3/32/23/real_time",3783138,37.0728,36.9783,ns,,,"1x32x23",,,1,1,16,23,1,32,1,1,4
"dot/dot_fp64_1x16x1_1x4x1_fma3/32/46/real_time",1844881,75.8204,75.6225,ns,,,"1x32x46",,,1,1,16,46,1,32,1,1,4
"dot/dot_fp64_1x16x1_1x4x1_fma3/32/69/real_time",1186857,118.375,118.049,ns,,,"1x32x69",,,1,1,16,69,1,32,1,1,4
"dot/dot_fp64_1x16x1_1x4x1_fma3/32/92/real_time",856560,162.153,161.733,ns,,,"1x32x92",,,1,1,16,92,1,32,1,1,4
"dot/dot_fp64_1x16x1_1x4x1_fma3/64/1/real_time",10929049,12.8693,12.8369,ns,,,"1x64x1",,,1,1,16,1,1,64,1,1,4
"dot/dot_fp64_1x16x1_1x4x1_fma3/64/11/real_time",3491961,40.1851,40.0642,ns,,,"1x64x11",,,1,1,16,11,1,64,1,1,4
"dot/dot_fp64_1x16x1_1x4x1_fma3/64/23/real_time",1998679,70.1546,69.9604,ns,,,"1x64x23",,,1,1,16,23,1,64,1,1,4
"dot/dot_fp64_1x16x1_1x4x1_fma3/64/34/real_time",1333350,104.269,103.975,ns,,,"1x64x34",,,1,1,16,34,1,64,1,1,4
"dot/dot_fp64_1x16x1_1x4x1_fma3/64/46/real_time",953327,146.907,146.533,ns,,,"1x64x46",,,1,1,16,46,1,64,1,1,4
"dot/dot_fp64_1x16x1_1x4x1_fma3/128/1/real_time",6560302,21.3557,21.3005,ns,,,"1x128x1",,,1,1,16,1,1,128,1,1,4
"dot/dot_fp64_1x16x1_1x4x1_fma3/128/5/real_time",3276966,42.4085,42.2714,ns,,,"1x128x5",,,1,1,16,5,1,128,1,1,4
"dot/dot_fp64_1x16x1_1x4x1_fma3/128/11/real_time",1901014,73.4139,73.214,ns,,,"1x128x11",,,1,1,16,11,1,128,1,1,4
"dot/dot_fp64_1x16x1_1x4x1_fma3/128/16/real_time",1394604,100.43,100.154,ns,,,"1x128x16",,,1,1,16,16,1,128,1,1,4
"dot/dot_fp64_1x16x1_1x4x1_fma3/128/22/real_time",1035091,134.304,133.936,ns,,,"1x128x22",,,1,1,16,22,1,128,1,1,4
"dot/dot_fp64_2x16x1_1x4x1_fma3/16/1/real_time",15802104,8.84039,8.81723,ns,,,"2x16x1",,,1,2,16,1,2,16,1,1,4
"dot/dot_fp64_2x16x1_1x4x1_fma3/16/42/real_time",2796343,49.9777,49.8405,ns,,,"2x16x42",,,1,2,16,42,2,16,1,1,4
"dot/dot_fp64_2x16x1_1x4x1_fma3/16/84/real_time",1528214,91.6797,91.4246,ns,,,"2x16x84",,,1,2,16,84,2,16,1,1,4
"dot/dot_fp64_2x16x1_1x4x1_fma3/16/126/real_time",1043068,133.716,133.382,ns,,,"2x16x126",,,1,2,16,126,2,16,1,1,4
"dot/dot_fp64_2x16x1_1x4x1_fma3/16/168/real_time",792908,176.354,175.831,ns,,,"2x16x168",,,1,2,16,168,2,16,1,1,4
"dot/dot_fp64_2x16x1_1x4x1_fma3/32/1/real_time",11445899,12.1854,12.154,ns,,,"2x32x1",,,1,2,16,1,2,32,1,1,4
"dot/dot_fp64_2x16x1_1x4x1_fma3/32/22/real_time",2559137,54.8022,54.6428,ns,,,"2x32x22",,,1,2,16,22,2,32,1,1,4
"dot/dot_fp64_2x16x1_1x4x1_fma3/32/44/real_time",1382928,101.784,101.473,ns,,,"2x32x44",,,1,2,16,44,2,32,1,1,4
"dot/dot_fp64_2x16x1_1x4x1_fma3/32/66/real_time",947227,143.223,142.741,ns,,,"2x32x66",,,1,2,16,66,2,32,1,1,4
"dot/dot_fp64_2x16x1_1x4x1_fma3/32/88/real_time",746133,188.17,187.607,ns,,,"2x32x88",,,1,2,16,88,2,32,1,1,4
"dot/dot_fp64_2x16x1_1x4x1_fma3/64/1/real_time",7400884,18.8856,18.8346,ns,,,"2x64x1",,,1,2,16,1,2,64,1,1,4
"dot/dot_fp64_2x16x1_1x4x1_fma3/64/11/real_time",2479339,56.5335,56.3379,ns,,,"2x64x11",,,1,2,16,11,2,64,1,1,4
"dot/dot_fp64_2x16x1_1x4x1_fma3/64/22/real_time",1373603,102.02,101.724,ns,,,"2x64x22",,,1,2,16,22,2,64,1,1,4
"dot/dot_fp64_2x16x1_1x4x1_fma3/64/33/real_time",910025,155.19,154.745,ns,,,"2x64x33",,,1,2,16,33,2,64,1,1,4
"dot/dot_fp64_2x16x1_1x4x1_fma3/64/44/real_time",695128,206.979,206.47,ns,,,"2x64x44",,,1,2,16,44,2,64,1,1,4
"dot/dot_fp64_2x16x1_1x4x1_fma3/128/1/real_time",4292387,32.4057,32.3262,ns,,,"2x128x1",,,1,2,16,1,2,128,1,1,4
"dot/dot_fp64_2x16x1_1x4x1_fma3/128/5/real_time",2182810,64.0751,63.8855,ns,,,"2x128x5",,,1,2,16,5,2,128,1,1,4
"dot/dot_fp64_2x16x1_1x4x1_fma3/128/10/real_time",1374742,101.384,101.107,ns,,,"2x128x10",,,1,2,16,10,2,128,1,1,4
"dot/dot_fp64_2x16x1_1x4x1_fma3/128/15/real_time",997850,140.436,140.041,ns,,,"2x128x15",,,1,2,16,15,2,128,1,1,4
"dot/dot_fp64_2x16x1_1x4x1_fma3/128/21/real_time",738525,189.46,188.955,ns,,,"2x128x21",,,1,2,16,21,2,128,1,1,4
"dot/dot_fp64_1x8x1_1x4x1_fma3/8/1/real_time",21285735,6.57146,6.55408,ns,,,"1x8x1",,,1,1,8,1,1,8,1,1,4
"dot/dot_fp64_1x8x1_1x4x1_fma3/8/85/real_time",2478254,56.5425,56.3883,ns,,,"1x8x85",,,1,1,8,85,1,8,1,1,4
"dot/dot_fp64_1x8x1_1x4x1_fma3/8/170/real_time",1053307,133.111,132.737,ns,,,"1x8x170",,,1,1,8,170,1,8,1,1,4
"dot/dot_fp64_1x8x1_1x4x1_fma3/8/255/real_time",653748,214.28,213.655,ns,,,"1x8x255",,,1,1,8,255,1,8,1,1,4
"dot/dot_fp64_1x8x1_1x4x1_fma3/8/340/real_time",473863,295.637,294.825,ns,,,"1x8x340",,,1,1,8,340,1,8,1,1,4
"dot/dot_fp64_1x8x1_1x4x1_fma3/16/1/real_time",16537962,8.4111,8.38203,ns,,,"1x16x1",,,1,1,8,1,1,16,1,1,4
"dot/dot_fp64_1x8x1_1x4x1_fma3/16/44/real_time",2888805,48.4921,48.3169,ns,,,"1x16x44",,,1,1,8,44,1,16,1,1,4
"dot/dot_fp64_1x8x1_1x4x1_fma3/16/89/real_time",1241162,112.183,111.778,ns,,,"1x16x89",,,1,1,8,89,1,16,1,1,4
"dot/dot_fp64_1x8x1_1x4x1_fma3/16/134/real_time",735815,190.475,189.72,ns,,,"1x16x134",,,1,1,8,134,1,16,1,1,4
"dot/dot_fp64_1x8x1_1x4x1_fma3/16/179/real_time",504746,276.915,276.064,ns,,,"1x16x179",,,1,1,8,179,1,16,1,1,4
"dot/dot_fp64_1x8x1_1x4x1_fma3/32/1/real_time",11325421,12.2308,12.198,ns,,,"1x32x1",,,1,1,8,1,1,32,1,1,4
"dot/dot_fp64_1x8x1_1x4x1_fma3/32/23/real_time",3018377,46.4044,46.2494,ns,,,"1x32x23",,,1,1,8,23,1,32,1,1,4
"dot/dot_fp64_1x8x1_1x4x1_fma3/32/46/real_time",1464245,95.5202,95.2165,ns,,,"1x32x46",,,1,1,8,46,1,32,1,1,4
"dot/dot_fp64_1x8x1_1x4x1_fma3/32/69/real_time",825868,169.538,169.013,ns,,,"1x32x69",,,1,1,8,69,1,32,1,1,4
"dot/dot_fp64_1x8x1_1x4x1_fma3/32/92/real_time",616720,227.154,226.549,ns,,,"1x32x92",,,1,1,8,92,1,32,1,1,4
"dot/dot_fp64_1x8x1_1x4x1_fma3/64/1/real_time",6908933,20.2817,20.221,ns,,,"1x64x1",,,1,1,8,1,1,64,1,1,4
"dot/dot_fp64_1x8x1_1x4x1_fma3/64/11/real_time",2661608,52.5048,52.3113,ns,,,"1x64x11",,,1,1,8,11,1,64,1,1,4
"dot/dot_fp64_1x8x1_1x4x1_fma3/64/23/real_time",1581243,88.5606,88.2625,ns,,,"1x64x23",,,1,1,8,23,1,64,1,1,4
"dot/dot_fp64_1x8x1_1x4x1_fma3/64/34/real_time",1006494,138.878,138.511,ns,,,"1x64x34",,,1,1,8,34,1,64,1,1,4
"dot/dot_fp64_1x8x1_1x4x1_fma3/64/46/real_time",763210,183.044,182.571,ns,,,"1x64x46",,,1,1,8,46,1,64,1,1,4
"dot/dot_fp64_2x8x1_1x4x1_fma3/8/1/real_time",17605573,7.95465,7.93431,ns,,,"2x8x1",,,1,2,8,1,2,8,1,1,4
"dot/dot_fp64_2x8x1_1x4x1_fma3/8/76/real_time",1956660,70.8585,70.6671,ns,,,"2x8x76",,,1,2,8,76,2,8,1,1,4
"dot/dot_fp64_2x8x1_1x4x1_fma3/8/152/real_time",945063,148.104,147.744,ns,,,"2x8x152",,,1,2,8,152,2,8,1,1,4
"dot/dot_fp64_2x8x1_1x4x1_fma3/8/228/real_time",627644,223.257,222.645,ns,,,"2x8x228",,,1,2,8,228,2,8,1,1,4
"dot/dot_fp64_2x8x1_1x4x1_fma3/8/305/real_time",471127,298.035,297.279,ns,,,"2x8x305",,,1,2,8,305,2,8,1,1,4
"dot/dot_fp64_2x8x1_1x4x1_fma3/16/1/real_time",13142671,10.3592,10.333,ns,,,"2x16x1",,,1,2,8,1,2,16,1,1,4
"dot/dot_fp64_2x8x1_1x4x1_fma3/16/42/real_time",1949854,71.544,71.3441,ns,,,"2x16x42",,,1,2,8,42,2,16,1,1,4
"dot/dot_fp64_2x8x1_1x4x1_fma3/16/84/real_time",908190,154.417,154.016,ns,,,"2x16x84",,,1,2,8,84,2,16,1,1,4
"dot/dot_fp64_2x8x1_1x4x1_fma3/16/126/real_time",585307,239.888,238.98,ns,,,"2x16x126",,,1,2,8,126,2,16,1,1,4
"dot/dot_fp64_2x8x1_1x4x1_fma3/16/168/real_time",431994,323.115,322.173,ns,,,"2x16x168",,,1,2,8,168,2,16,1,1,4
"dot/dot_fp64_2x8x1_1x4x1_fma3/32/1/real_time",8726531,16.1153,16.055,ns,,,"2x32x1",,,1,2,8,1,2,32,1,1,4
"dot/dot_fp64_2x8x1_1x4x1_fma3/32/22/real_time",2019425,69.1469,68.9286,ns,,,"2x32x22",,,1,2,8,22,2,32,1,1,4
"dot/dot_fp64_2x8x1_1x4x1_fma3/32/44/real_time",928237,146.812,146.448,ns,,,"2x32x44",,,1,2,8,44,2,32,1,1,4
"dot/dot_fp64_2x8x1_1x4x1_fma3/32/66/real_time",597567,236.134,235.522,ns,,,"2x32x66",,,1,2,8,66,2,32,1,1,4
"dot/dot_fp64_2x8x1_1x4x1_fma3/32/88/real_time",430084,326.281,325.216,ns,,,"2x32x88",,,1,2,8,88,2,32,1,1,4
"dot/dot_fp64_2x8x1_1x4x1_fma3/64/1/real_time",5351100,26.2152,26.125,ns,,,"2x64x1",,,1,2,8,1,2,64,1,1,4
"dot/dot_fp64_2x8x1_1x4x1_fma3/64/11/real_time",1839682,76.347,76.1158,ns,,,"2x64x11",,,1,2,8,11,2,64,1,1,4
"dot/dot_fp64_2x8x1_1x4x1_fma3/64/22/real_time",955567,137.26,136.797,ns,,,"2x64x22",,,1,2,8,22,2,64,1,1,4
"dot/dot_fp64_2x8x1_1x4x1_fma3/64/33/real_time",652345,214.342,213.898,ns,,,"2x64x33",,,1,2,8,33,2,64,1,1,4
"dot/dot_fp64_2x8x1_1x4x1_fma3/64/44/real_time",479246,296.093,295.318,ns,,,"2x64x44",,,1,2,8,44,2,64,1,1,4
"dot/dot_fp64_3x8x1_1x4x1_fma3/8/1/real_time",14998199,9.33013,9.29957,ns,,,"3x8x1",,,1,3,8,1,3,8,1,1,4
"dot/dot_fp64_3x8x1_1x4x1_fma3/8/69/real_time",1940401,72.3232,72.1167,ns,,,"3x8x69",,,1,3,8,69,3,8,1,1,4
"dot/dot_fp64_3x8x1_1x4x1_fma3/8/138/real_time",1002290,139.939,139.596,ns,,,"3x8x138",,,1,3,8,138,3,8,1,1,4
"dot/dot_fp64_3x8x1_1x4x1_fma3/8/207/real_time",674956,207.408,206.904,ns,,,"3x8x207",,,1,3,8,207,3,8,1,1,4
"dot/dot_fp64_3x8x1_1x4x1_fma3/8/277/real_time",508024,276.556,275.856,ns,,,"3x8x277",,,1,3,8,277,3,8,1,1,4
"dot/dot_fp64_3x8x1_1x4x1_fma3/16/1/real_time",11218280,12.4355,12.4049,ns,,,"3x16x1",,,1,3,8,1,3,16,1,1,4
"dot/dot_fp64_3x8x1_1x4x1_fma3/16/39/real_time",1731436,80.646,80.4227,ns,,,"3x16x39",,,1,3,8,39,3,16,1,1,4
"dot/dot_fp64_3x8x1_1x4x1_fma3/16/79/real_time",885262,158.363,157.913,ns,,,"3x16x79",,,1,3,8,79,3,16,1,1,4
"dot/dot_fp64_3x8x1_1x4x1_fma3/16/119/real_time",590440,238.289,237.647,ns,,,"3x16x119",,,1,3,8,119,3,16,1,1,4
"dot/dot_fp64_3x8x1_1x4x1_fma3/16/159/real_time",442490,315.396,314.598,ns,,,"3x16x159",,,1,3,8,159,3,16,1,1,4
"dot/dot_fp64_3x8x1_1x4x1_fma3/32/1/real_time",7432786,18.7165,18.6626,ns,,,"3x32x1",,,1,3,8,1,3,32,1,1,4
"dot/dot_fp64_3x8x1_1x4x1_fma3/32/21/real_time",1667921,84.3853,84.1408,ns,,,"3x32x21",,,1,3,8,21,3,32,1,1,4
"dot/dot_fp64_3x8x1_1x4x1_fma3/32/42/real_time",837853,166.181,165.781,ns,,,"3x32x42",,,1,3,8,42,3,32,1,1,4
"dot/dot_fp64_3x8x1_1x4x1_fma3/32/63/real_time",567637,248.938,248.252,ns,,,"3x32x63",,,1,3,8,63,3,32,1,1,4
"dot/dot_fp64_3x8x1_1x4x1_fma3/32/85/real_time",418246,335.76,334.845,ns,,,"3x32x85",,,1,3,8,85,3,32,1,1,4
"dot/dot_fp64_3x8x1_1x4x1_fma3/64/1/real_time",4479644,31.3523,31.2798,ns,,,"3x64x1",,,1,3,8,1,3,64,1,1,4
"dot/dot_fp64_3x8x1_1x4x1_fma3/64/10/real_time",1623298,85.7696,85.5482,ns,,,"3x64x10",,,1,3,8,10,3,64,1,1,4
"dot/dot_fp64_3x8x1_1x4x1_fma3/64/21/real_time",853228,163.432,162.985,ns,,,"3x64x21",,,1,3,8,21,3,64,1,1,4
"dot/dot_fp64_3x8x1_1x4x1_fma3/64/31/real_time",569074,247.452,246.783,ns,,,"3x64x31",,,1,3,8,31,3,64,1,1,4
"dot/dot_fp64_3x8x1_1x4x1_fma3/64/42/real_time",420248,329.175,328.312,ns,,,"3x64x42",,,1,3,8,42,3,64,1,1,4
"dot/dot_fp64_4x8x1_1x4x1_fma3/8/1/real_time",13519826,10.3443,10.3128,ns,,,"4x8x1",,,1,4,8,1,4,8,1,1,4
"dot/dot_fp64_4x8x1_1x4x1_fma3/8/63/real_time",1912815,73.2705,73.0856,ns,,,"4x8x63",,,1,4,8,63,4,8,1,1,4
"dot/dot_fp64_4x8x1_1x4x1_fma3/8/126/real_time",1019993,137.598,137.188,ns,,,"4x8x126",,,1,4,8,126,4,8,1,1,4
"dot/dot_fp64_4x8x1_1x4x1_fma3/8/189/real_time",694085,201.751,201.202,ns,,,"4x8x189",,,1,4,8,189,4,8,1,1,4
"dot/dot_fp64_4x8x1_1x4x1_fma3/8/253/real_time",524745,266.746,266.031,ns,,,"4x8x253",,,1,4,8,253,4,8,1,1,4
"dot/dot_fp64_4x8x1_1x4x1_fma3/16/1/real_time",9914258,14.1222,14.0836,ns,,,"4x16x1",,,1,4,8,1,4,16,1,1,4
"dot/dot_fp64_4x8x1_1x4x1_fma3/16/37/real_time",1631853,85.8911,85.6724,ns,,,"4x16x37",,,1,4,8,37,4,16,1,1,4
"dot/dot_fp64_4x8x1_1x4x1_fma3/16/75/real_time",863168,162.372,161.893,ns,,,"4x16x75",,,1,4,8,75,4,16,1,1,4
"dot/dot_fp64_4x8x1_1x4x1_fma3/16/112/real_time",588434,237.749,237.121,ns,,,"4x16x112",,,1,4,8,112,4,16,1,1,4
"dot/dot_fp64_4x8x1_1x4x1_fma3/16/150/real_time",443662,315.752,315.009,ns,,,"4x16x150",,,1,4,8,150,4,16,1,1,4
"dot/dot_fp64_4x8x1_1x4x1_fma3/32/1/real_time",6363861,22.0331,21.9697,ns,,,"4x32x1",,,1,4,8,1,4,32,1,1,4
"dot/dot_fp64_4x8x1_1x4x1_fma3/32/20/real_time",1444829,96.868,96.6012,ns,,,"4x32x20",,,1,4,8,20,4,32,1,1,4
"dot/dot_fp64_4x8x1_1x4x1_fma3/32/40/real_time",758270,184.73,184.154,ns,,,"4x32x40",,,1,4,8,40,4,32,1,1,4
"dot/dot_fp64_4x8x1_1x4x1_fma3/32/60/real_time",539865,256.112,255.356,ns,,,"4x32x60",,,1,4,8,60,4,32,1,1,4
"dot/dot_fp64_4x8x1_1x4x1_fma3/32/81/real_time",407453,340.152,339.086,ns,,,"4x32x81",,,1,4,8,81,4,32,1,1,4
"dot/dot_fp64_4x8x1_1x4x1_fma3/64/1/real_time",3752117,37.4457,37.3285,ns,,,"4x64x1",,,1,4,8,1,4,64,1,1,4
"dot/dot_fp64_4x8x1_1x4x1_fma3/64/10/real_time",1317519,106.131,105.797,ns,,,"4x64x10",,,1,4,8,10,4,64,1,1,4
"dot/dot_fp64_4x8x1_1x4x1_fma3/64/20/real_time",742115,188.541,187.984,ns,,,"4x64x20",,,1,4,8,20,4,64,1,1,4
"dot/dot_fp64_4x8x1_1x4x1_fma3/64/30/real_time",511493,274.138,273.334,ns,,,"4x64x30",,,1,4,8,30,4,64,1,1,4
"dot/dot_fp64_4x8x1_1x4x1_fma3/64/41/real_time",385417,358.367,357.383,ns,,,"4x64x41",,,1,4,8,41,4,64,1,1,4
"dot/dot_fp64_5x8x1_1x4x1_fma3/8/1/real_time",11945525,11.6481,11.6147,ns,,,"5x8x1",,,1,5,8,1,5,8,1,1,4
"dot/dot_fp64_5x8x1_1x4x1_fma3/8/58/real_time",1668717,83.8899,83.6757,ns,,,"5x8x58",,,1,5,8,58,5,8,1,1,4
"dot/dot_fp64_5x8x1_1x4x1_fma3/8/116/real_time",897115,156.284,155.767,ns,,,"5x8x116",,,1,5,8,116,5,8,1,1,4
"dot/dot_fp64_5x8x1_1x4x1_fma3/8/174/real_time",607000,230.292,229.64,ns,,,"5x8x174",,,1,5,8,174,5,8,1,1,4
"dot/dot_fp64_5x8x1_1x4x1_fma3/8/233/real_time",456463,305.006,304.225,ns,,,"5x8x233",,,1,5,8,233,5,8,1,1,4
"dot/dot_fp64_5x8x1_1x4x1_fma3/16/1/real_time",8816304,15.8779,15.8293,ns,,,"5x16x1",,,1,5,8,1,5,16,1,1,4
"dot/dot_fp64_5x8x1_1x4x1_fma3/16/35/real_time",1425600,98.2976,98.0067,ns,,,"5x16x35",,,1,5,8,35,5,16,1,1,4
"dot/dot_fp64_5x8x1_1x4x1_fma3/16/71/real_time",732806,193.377,190.908,ns,,,"5x16x71",,,1,5,8,71,5,16,1,1,4
"dot/dot_fp64_5x8x1_1x4x1_fma3/16/106/real_time",498551,280.327,278.999,ns,,,"5x16x106",,,1,5,8,106,5,16,1,1,4
"dot/dot_fp64_5x8x1_1x4x1_fma3/16/142/real_time",381019,369.737,368.822,ns,,,"5x16x142",,,1,5,8,142,5,16,1,1,4
"dot/dot_fp64_5x8x1_1x4x1_fma3/32/1/real_time",5625625,25.0461,24.9746,ns,,,"5x32x1",,,1,5,8,1,5,32,1,1,4
"dot/dot_fp64_5x8x1_1x4x1_fma3/32/19/real_time",1269877,110.356,110.052,ns,,,"5x32x19",,,1,5,8,19,5,32,1,1,4
"dot/dot_fp64_5x8x1_1x4x1_fma3/32/39/real_time",669621,209.34,208.745,ns,,,"5x32x39",,,1,5,8,39,5,32,1,1,4
"dot/dot_fp64_5x8x1_1x4x1_fma3/32/58/real_time",456770,307.006,306.19,ns,,,"5x32x58",,,1,5,8,58,5,32,1,1,4
"dot/dot_fp64_5x8x1_1x4x1_fma3/32/78/real_time",341464,409.884,408.747,ns,,,"5x32x78",,,1,5,8,78,5,32,1,1,4
"dot/dot_fp64_5x8x1_1x4x1_fma3/64/1/real_time",3305132,42.4107,42.2771,ns,,,"5x64x1",,,1,5,8,1,5,64,1,1,4
"dot/dot_fp64_5x8x1_1x4x1_fma3/64/9/real_time",1213009,115.371,115.094,ns,,,"5x64x9",,,1,5,8,9,5,64,1,1,4
"dot/dot_fp64_5x8x1_1x4x1_fma3/64/19/real_time",652588,214.736,214.151,ns,,,"5x64x19",,,1,5,8,19,5,64,1,1,4
"dot/dot_fp64_5x8x1_1x4x1_fma3/64/29/real_time",452143,312.444,311.695,ns,,,"5x64x29",,,1,5,8,29,5,64,1,1,4
"dot/dot_fp64_5x8x1_1x4x1_fma3/64/39/real_time",337289,413.905,412.84,ns,,,"5x64x39",,,1,5,8,39,5,64,1,1,4
"dot/dot_fp64_6x8x1_1x4x1_fma3/8/1/real_time",11019268,12.7121,12.6752,ns,,,"6x8x1",,,1,6,8,1,6,8,1,1,4
"dot/dot_fp64_6x8x1_1x4x1_fma3/8/54/real_time",1578205,88.6609,88.438,ns,,,"6x8x54",,,1,6,8,54,6,8,1,1,4
"dot/dot_fp64_6x8x1_1x4x1_fma3/8/108/real_time",827139,168.827,168.443,ns,,,"6x8x108",,,1,6,8,108,6,8,1,1,4
"dot/dot_fp64_6x8x1_1x4x1_fma3/8/162/real_time",562416,249.766,249.251,ns,,,"6x8x162",,,1,6,8,162,6,8,1,1,4
"dot/dot_fp64_6x8x1_1x4x1_fma3/8/216/real_time",427957,329.6,328.744,ns,,,"6x8x216",,,1,6,8,216,6,8,1,1,4
"dot/dot_fp64_6x8x1_1x4x1_fma3/16/1/real_time",7929278,17.7007,17.6513,ns,,,"6x16x1",,,1,6,8,1,6,16,1,1,4
"dot/dot_fp64_6x8x1_1x4x1_fma3/16/33/real_time",1308209,107.805,107.561,ns,,,"6x16x33",,,1,6,8,33,6,16,1,1,4
"dot/dot_fp64_6x8x1_1x4x1_fma3/16/67/real_time",667730,209.145,208.546,ns,,,"6x16x67",,,1,6,8,67,6,16,1,1,4
"dot/dot_fp64_6x8x1_1x4x1_fma3/16/101/real_time",454981,307.774,307.008,ns,,,"6x16x101",,,1,6,8,101,6,16,1,1,4
"dot/dot_fp64_6x8x1_1x4x1_fma3/16/135/real_time",344424,409.331,408.085,ns,,,"6x16x135",,,1,6,8,135,6,16,1,1,4
"dot/dot_fp64_6x8x1_1x4x1_fma3/32/1/real_time",5074895,27.5727,27.4995,ns,,,"6x32x1",,,1,6,8,1,6,32,1,1,4
"dot/dot_fp64_6x8x1_1x4x1_fma3/32/18/real_time",1141651,122.285,121.947,ns,,,"6x32x18",,,1,6,8,18,6,32,1,1,4
"dot/dot_fp64_6x8x1_1x4x1_fma3/32/37/real_time",595783,232.861,232.088,ns,,,"6x32x37",,,1,6,8,37,6,32,1,1,4
"dot/dot_fp64_6x8x1_1x4x1_fma3/32/56/real_time",401068,347.695,346.647,ns,,,"6x32x56",,,1,6,8,56,6,32,1,1,4
"dot/dot_fp64_6x8x1_1x4x1_fma3/32/75/real_time",303818,460.405,459.071,ns,,,"6x32x75",,,1,6,8,75,6,32,1,1,4
"dot/dot_fp64_6x8x1_1x4x1_fma3/64/1/real_time",2939883,47.7619,47.5991,ns,,,"6x64x1",,,1,6,8,1,6,64,1,1,4
"dot/dot_fp64_6x8x1_1x4x1_fma3/64/9/real_time",1041042,134.541,134.047,ns,,,"6x64x9",,,1,6,8,9,6,64,1,1,4
"dot/dot_fp64_6x8x1_1x4x1_fma3/64/19/real_time",558798,250.541,249.615,ns,,,"6x64x19",,,1,6,8,19,6,64,1,1,4
"dot/dot_fp64_6x8x1_1x4x1_fma3/64/28/real_time",398136,351.701,350.443,ns,,,"6x64x28",,,1,6,8,28,6,64,1,1,4
"dot/dot_fp64_6x8x1_1x4x1_fma3/64/38/real_time",295588,474.153,472.293,ns,,,"6x64x38",,,1,6,8,38,6,64,1,1,4
"dot/dot_fp64_8x4x1_1x4x1_fma3/4/1/real_time",11457383,12.1689,12.1307,ns,,,"8x4x1",,,1,8,4,1,8,4,1,1,4
"dot/dot_fp64_8x4x1_1x4x1_fma3/4/63/real_time",1629574,85.9213,85.697,ns,,,"8x4x63",,,1,8,4,63,8,4,1,1,4
"dot/dot_fp64_8x4x1_1x4x1_fma3/4/126/real_time",869815,160.745,160.328,ns,,,"8x4x126",,,1,8,4,126,8,4,1,1,4
"dot/dot_fp64_8x4x1_1x4x1_fma3/4/189/real_time",596434,235.042,234.222,ns,,,"8x4x189",,,1,8,4,189,8,4,1,1,4
"dot/dot_fp64_8x4x1_1x4x1_fma3/4/253/real_time",450349,310.031,309.074,ns,,,"8x4x253",,,1,8,4,253,8,4,1,1,4
"dot/dot_fp64_8x4x1_1x4x1_fma3/8/1/real_time",9081324,15.3937,15.338,ns,,,"8x8x1",,,1,8,4,1,8,8,1,1,4
"dot/dot_fp64_8x4x1_1x4x1_fma3/8/47/real_time",1117048,124.579,124.241,ns,,,"8x8x47",,,1,8,4,47,8,8,1,1,4
"dot/dot_fp64_8x4x1_1x4x1_fma3/8/94/real_time",597648,234.511,233.896,ns,,,"8x8x94",,,1,8,4,94,8,8,1,1,4
"dot/dot_fp64_8x4x1_1x4x1_fma3/8/141/real_time",405530,345.031,344.019,ns,,,"8x8x141",,,1,8,4,141,8,8,1,1,4
"dot/dot_fp64_8x4x1_1x4x1_fma3/8/188/real_time",306100,457.259,455.84,ns,,,"8x8x188",,,1,8,4,188,8,8,1,1,4
"dot/dot_fp64_8x4x1_1x4x1_fma3/16/1/real_time",6154964,22.6804,22.6046,ns,,,"8x16x1",,,1,8,4,1,8,16,1,1,4
"dot/dot_fp64_8x4x1_1x4x1_fma3/16/30/real_time",886348,156.502,156.026,ns,,,"8x16x30",,,1,8,4,30,8,16,1,1,4
"dot/dot_fp64_8x4x1_1x4x1_fma3/16/61/real_time",451982,308.477,307.673,ns,,,"8x16x61",,,1,8,4,61,8,16,1,1,4
"dot/dot_fp64_8x4x1_1x4x1_fma3/16/91/real_time",313816,446.063,444.599,ns,,,"8x16x91",,,1,8,4,91,8,16,1,1,4
"dot/dot_fp64_8x4x1_1x4x1_fma3/16/122/real_time",237645,589.905,588.32,ns,,,"8x16x122",,,1,8,4,122,8,16,1,1,4
"dot/dot_fp64_8x4x1_1x4x1_fma3/32/1/real_time",3708832,37.5675,37.4386,ns,,,"8x32x1",,,1,8,4,1,8,32,1,1,4
"dot/dot_fp64_8x4x1_1x4x1_fma3/32/17/real_time",768639,181.645,181.122,ns,,,"8x32x17",,,1,8,4,17,8,32,1,1,4
"dot/dot_fp64_8x4x1_1x4x1_fma3/32/35/real_time",387919,358.66,357.692,ns,,,"8x32x35",,,1,8,4,35,8,32,1,1,4
"dot/dot_fp64_8x4x1_1x4x1_fma3/32/52/real_time",263588,528.265,526.884,ns,,,"8x32x52",,,1,8,4,52,8,32,1,1,4
"dot/dot_fp64_8x4x1_1x4x1_fma3/32/70/real_time",204077,687.64,685.825,ns,,,"8x32x70",,,1,8,4,70,8,32,1,1,4
"dot/dot_bf16_bf16_fp32_1x32x2_1x8x2_avx2_fma3/32/2/real_time",17721241,7.90612,7.88418,ns,,,"1x32x2",,,2,1,32,2,1,32,2,1,8
"dot/dot_bf16_bf16_fp32_1x32x2_1x8x2_avx2_fma3/32/92/real_time",1442951,97.0935,96.8301,ns,,,"1x32x92",,,2,1,32,92,1,32,2,1,8
"dot/dot_bf16_bf16_fp32_1x32x2_1x8x2_avx2_fma3/32/184/real_time",715023,195.351,194.857,ns,,,"1x32x184",,,2,1,32,184,1,32,2,1,8
"dot/dot_bf16_bf16_fp32_1x32x2_1x8x2_avx2_fma3/32/276/real_time",474362,294.71,293.893,ns,,,"1x32x276",,,2,1,32,276,1,32,2,1,8
"dot/dot_bf16_bf16_fp32_1x32x2_1x8x2_avx2_fma3/32/370/real_time",353401,396.386,395.282,ns,,,"1x32x370",,,2,1,32,370,1,32,2,1,8
"dot/dot_bf16_bf16_fp32_1x32x2_1x8x2_avx2_fma3/64/2/real_time",12972845,10.8175,10.7854,ns,,,"1x64x2",,,2,1,32,2,1,64,2,1,8
"dot/dot_bf16_bf16_fp32_1x32x2_1x8x2_avx2_fma3/64/46/real_time",1516013,92.2653,92.0437,ns,,,"1x64x46",,,2,1,32,46,1,64,2,1,8
"dot/dot_bf16_bf16_fp32_1x32x2_1x8x2_avx2_fma3/64/92/real_time",735376,190.4,189.821,ns,,,"1x64x92",,,2,1,32,92,1,64,2,1,8
"dot/dot_bf16_bf16_fp32_1x32x2_1x8x2_avx2_fma3/64/138/real_time",485777,288.617,287.815,ns,,,"1x64x138",,,2,1,32,138,1,64,2,1,8
"dot/dot_bf16_bf16_fp32_1x32x2_1x8x2_avx2_fma3/64/186/real_time",357447,393.568,392.601,ns,,,"1x64x186",,,2,1,32,186,1,64,2,1,8
"dot/dot_bf16_bf16_fp32_1x32x2_1x8x2_avx2_fma3/128/2/real_time",8202617,17.006,16.9542,ns,,,"1x128x2",,,2,1,32,2,1,128,2,1,8
"dot/dot_bf16_bf16_fp32_1x32x2_1x8x2_avx2_fma3/128/22/real_time",1687608,82.9923,82.7609,ns,,,"1x128x22",,,2,1,32,22,1,128,2,1,8
"dot/dot_bf16_bf16_fp32_1x32x2_1x8x2_avx2_fma3/128/46/real_time",776947,180.18,179.718,ns,,,"1x128x46",,,2,1,32,46,1,128,2,1,8
"dot/dot_bf16_bf16_fp32_1x32x2_1x8x2_avx2_fma3/128/68/real_time",515554,270.945,270.28,ns,,,"1x128x68",,,2,1,32,68,1,128,2,1,8
"dot/dot_bf16_bf16_fp32_1x32x2_1x8x2_avx2_fma3/128/92/real_time",371933,376.799,375.664,ns,,,"1x128x92",,,2,1,32,92,1,128,2,1,8
"dot/dot_bf16_bf16_fp32_1x32x2_1x8x2_avx2_fma3/256/2/real_time",4841500,28.9207,28.8414,ns,,,"1x256x2",,,2,1,32,2,1,256,2,1,8
"dot/dot_bf16_bf16_fp32_1x32x2_1x8x2_avx2_fma3/256/10/real_time",1891763,74.1077,73.9068,ns,,,"1x256x10",,,2,1,32,10,1,256,2,1,8
"dot/dot_bf16_bf16_fp32_1x32x2_1x8x2_avx2_fma3/256/22/real_time",864978,161.996,161.641,ns,,,"1x256x22",,,2,1,32,22,1,256,2,1,8
"dot/dot_bf16_bf16_fp32_1x32x2_1x8x2_avx2_fma3/256/32/real_time",625542,223.072,222.363,ns,,,"1x256x32",,,2,1,32,32,1,256,2,1,8
"dot/dot_bf16_bf16_fp32_1x32x2_1x8x2_avx2_fma3/256/44/real_time",433068,323.382,322.593,ns,,,"1x256x44",,,2,1,32,44,1,256,2,1,8
"dot/dot_bf16_bf16_fp32_2x32x2_1x8x2_avx2_fma3/32/2/real_time",13351689,10.4825,10.4573,ns,,,"2x32x2",,,2,2,32,2,2,32,2,1,8
"dot/dot_bf16_bf16_fp32_2x32x2_1x8x2_avx2_fma3/32/88/real_time",867077,161.434,160.864,ns,,,"2x32x88",,,2,2,32,88,2,32,2,1,8
"dot/dot_bf16_bf16_fp32_2x32x2_1x8x2_avx2_fma3/32/178/real_time",432141,323.799,322.882,ns,,,"2x32x178",,,2,2,32,178,2,32,2,1,8
"dot/dot_bf16_bf16_fp32_2x32x2_1x8x2_avx2_fma3/32/266/real_time",289218,483.517,482.183,ns,,,"2x32x266",,,2,2,32,266,2,32,2,1,8
"dot/dot_bf16_bf16_fp32_2x32x2_1x8x2_avx2_fma3/32/356/real_time",215118,649.135,647.587,ns,,,"2x32x356",,,2,2,32,356,2,32,2,1,8
"dot/dot_bf16_bf16_fp32_2x32x2_1x8x2_avx2_fma3/64/2/real_time",8783991,15.9736,15.9298,ns,,,"2x64x2",,,2,2,32,2,2,64,2,1,8
"dot/dot_bf16_bf16_fp32_2x32x2_1x8x2_avx2_fma3/64/44/real_time",886296,157.246,156.802,ns,,,"2x64x44",,,2,2,32,44,2,64,2,1,8
"dot/dot_bf16_bf16_fp32_2x32x2_1x8x2_avx2_fma3/64/90/real_time",436364,320.449,319.507,ns,,,"2x64x90",,,2,2,32,90,2,64,2,1,8
"dot/dot_bf16_bf16_fp32_2x32x2_1x8x2_avx2_fma3/64/136/real_time",286448,488.179,486.519,ns,,,"2x64x136",,,2,2,32,136,2,64,2,1,8
"dot/dot_bf16_bf16_fp32_2x32x2_1x8x2_avx2_fma3/64/182/real_time",213386,656.723,654.543,ns,,,"2x64x182",,,2,2,32,182,2,64,2,1,8
"dot/dot_bf16_bf16_fp32_2x32x2_1x8x2_avx2_fma3/128/2/real_time",5355002,26.1553,26.0886,ns,,,"2x128x2",,,2,2,32,2,2,128,2,1,8
"dot/dot_bf16_bf16_fp32_2x32x2_1x8x2_avx2_fma3/128/22/real_time",903833,155.137,154.726,ns,,,"2x128x22",,,2,2,32,22,2,128,2,1,8
"dot/dot_bf16_bf16_fp32_2x32x2_1x8x2_avx2_fma3/128/44/real_time",452620,306.936,306.07,ns,,,"2x128x44",,,2,2,32,44,2,128,2,1,8
"dot/dot_bf16_bf16_fp32_2x32x2_1x8x2_avx2_fma3/128/66/real_time",300094,467.339,465.673,ns,,,"2x128x66",,,2,2,32,66,2,128,2,1,8
"dot/dot_bf16_bf16_fp32_2x32x2_1x8x2_avx2_fma3/128/90/real_time",219380,636.868,634.677,ns,,,"2x128x90",,,2,2,32,90,2,128,2,1,8
"dot/dot_bf16_bf16_fp32_2x32x2_1x8x2_avx2_fma3/256/2/real_time",2966663,47.2457,47.0986,ns,,,"2x256x2",,,2,2,32,2,2,256,2,1,8
"dot/dot_bf16_bf16_fp32_2x32x2_1x8x2_avx2_fma3/256/10/real_time",974876,143.994,143.516,ns,,,"2x256x10",,,2,2,32,10,2,256,2,1,8
"dot/dot_bf16_bf16_fp32_2x32x2_1x8x2_avx2_fma3/256/20/real_time",507459,276.189,275.331,ns,,,"2x256x20",,,2,2,32,20,2,256,2,1,8
"dot/dot_bf16_bf16_fp32_2x32x2_1x8x2_avx2_fma3/256/30/real_time",343204,408.666,407.165,ns,,,"2x256x30",,,2,2,32,30,2,256,2,1,8
"dot/dot_bf16_bf16_fp32_2x32x2_1x8x2_avx2_fma3/256/42/real_time",234842,599.529,597.694,ns,,,"2x256x42",,,2,2,32,42,2,256,2,1,8
"dot/dot_bf16_bf16_fp32_1x16x2_1x8x2_avx2_fma3/16/2/real_time",19750992,7.11259,7.08779,ns,,,"1x16x2",,,2,1,16,2,1,16,2,1,8
"dot/dot_bf16_bf16_fp32_1x16x2_1x8x2_avx2_fma3/16/180/real_time",806826,173.757,173.23,ns,,,"1x16x180",,,2,1,16,180,1,16,2,1,8
"dot/dot_bf16_bf16_fp32_1x16x2_1x8x2_avx2_fma3/16/360/real_time",378786,369.373,368.062,ns,,,"1x16x360",,,2,1,16,360,1,16,2,1,8
"dot/dot_bf16_bf16_fp32_1x16x2_1x8x2_avx2_fma3/16/540/real_time",249643,560.855,559.256,ns,,,"1x16x540",,,2,1,16,540,1,16,2,1,8
"dot/dot_bf16_bf16_fp32_1x16x2_1x8x2_avx2_fma3/16/720/real_time",185681,754.982,752.624,ns,,,"1x16x720",,,2,1,16,720,1,16,2,1,8
"dot/dot_bf16_bf16_fp32_1x16x2_1x8x2_avx2_fma3/32/2/real_time",15072502,9.29651,9.26706,ns,,,"1x32x2",,,2,1,16,2,1,32,2,1,8
"dot/dot_bf16_bf16_fp32_1x16x2_1x8x2_avx2_fma3/32/92/real_time",916160,152.566,152.109,ns,,,"1x32x92",,,2,1,16,92,1,32,2,1,8
"dot/dot_bf16_bf16_fp32_1x16x2_1x8x2_avx2_fma3/32/184/real_time",399576,350.388,349.506,ns,,,"1x32x184",,,2,1,16,184,1,32,2,1,8
"dot/dot_bf16_bf16_fp32_1x16x2_1x8x2_avx2_fma3/32/276/real_time",255236,548.38,546.77,ns,,,"1x32x276",,,2,1,16,276,1,32,2,1,8
"dot/dot_bf16_bf16_fp32_1x16x2_1x8x2_avx2_fma3/32/370/real_time",186358,750.953,749.1,ns,,,"1x32x370",,,2,1,16,370,1,32,2,1,8
"dot/dot_bf16_bf16_fp32_1x16x2_1x8x2_avx2_fma3/64/2/real_time",10119398,13.7027,13.6622,ns,,,"1x64x2",,,2,1,16,2,1,64,2,1,8
"dot/dot_bf16_bf16_fp32_1x16x2_1x8x2_avx2_fma3/64/46/real_time",1047483,133.693,133.311,ns,,,"1x64x46",,,2,1,16,46,1,64,2,1,8
"dot/dot_bf16_bf16_fp32_1x16x2_1x8x2_avx2_fma3/64/92/real_time",464446,301.119,300.402,ns,,,"1x64x92",,,2,1,16,92,1,64,2,1,8
"dot/dot_bf16_bf16_fp32_1x16x2_1x8x2_avx2_fma3/64/138/real_time",273201,512.291,510.916,ns,,,"1x64x138",,,2,1,16,138,1,64,2,1,8
"dot/dot_bf16_bf16_fp32_1x16x2_1x8x2_avx2_fma3/64/186/real_time",197832,707.644,705.999,ns,,,"1x64x186",,,2,1,16,186,1,64,2,1,8
"dot/dot_bf16_bf16_fp32_1x16x2_1x8x2_avx2_fma3/128/2/real_time",6281288,22.3057,22.2507,ns,,,"1x128x2",,,2,1,16,2,1,128,2,1,8
"dot/dot_bf16_bf16_fp32_1x16x2_1x8x2_avx2_fma3/128/22/real_time",1380644,101.277,100.925,ns,,,"1x128x22",,,2,1,16,22,1,128,2,1,8
"dot/dot_bf16_bf16_fp32_1x16x2_1x8x2_avx2_fma3/128/46/real_time",538888,260.034,259.27,ns,,,"1x128x46",,,2,1,16,46,1,128,2,1,8
"dot/dot_bf16_bf16_fp32_1x16x2_1x8x2_avx2_fma3/128/68/real_time",347215,403.663,402.615,ns,,,"1x128x68",,,2,1,16,68,1,128,2,1,8
"dot/dot_bf16_bf16_fp32_1x16x2_1x8x2_avx2_fma3/128/92/real_time",233786,597.57,595.906,ns,,,"1x128x92",,,2,1,16,92,1,128,2,1,8
"dot/dot_bf16_bf16_fp32_2x16x2_1x8x2_avx2_fma3/16/2/real_time",15781867,8.87797,8.85313,ns,,,"2x16x2",,,2,2,16,2,2,16,2,1,8
"dot/dot_bf16_bf16_fp32_2x16x2_1x8x2_avx2_fma3/16/168/real_time",780148,178.681,178.245,ns,,,"2x16x168",,,2,2,16,168,2,16,2,1,8
"dot/dot_bf16_bf16_fp32_2x16x2_1x8x2_avx2_fma3/16/338/real_time",387156,361.458,360.564,ns,,,"2x16x338",,,2,2,16,338,2,16,2,1,8
"dot/dot_bf16_bf16_fp32_2x16x2_1x8x2_avx2_fma3/16/508/real_time",256760,545.314,544.049,ns,,,"2x16x508",,,2,2,16,508,2,16,2,1,8
"dot/dot_bf16_bf16_fp32_2x16x2_1x8x2_avx2_fma3/16/678/real_time",192143,728.145,726.199,ns,,,"2x16x678",,,2,2,16,678,2,16,2,1,8
"dot/dot_bf16_bf16_fp32_2x16x2_1x8x2_avx2_fma3/32/2/real_time",11583455,12.1455,12.1185,ns,,,"2x32x2",,,2,2,16,2,2,32,2,1,8
"dot/dot_bf16_bf16_fp32_2x16x2_1x8x2_avx2_fma3/32/88/real_time",769507,181.692,181.226,ns,,,"2x32x88",,,2,2,16,88,2,32,2,1,8
"dot/dot_bf16_bf16_fp32_2x16x2_1x8x2_avx2_fma3/32/178/real_time",375108,373.551,372.555,ns,,,"2x32x178",,,2,2,16,178,2,32,2,1,8
"dot/dot_bf16_bf16_fp32_2x16x2_1x8x2_avx2_fma3/32/266/real_time",247313,565.2,563.728,ns,,,"2x32x266",,,2,2,16,266,2,32,2,1,8
"dot/dot_bf16_bf16_fp32_2x16x2_1x8x2_avx2_fma3/32/356/real_time",184657,758.017,756.126,ns,,,"2x32x356",,,2,2,16,356,2,32,2,1,8
"dot/dot_bf16_bf16_fp32_2x16x2_1x8x2_avx2_fma3/64/2/real_time",7596806,18.446,18.3937,ns,,,"2x64x2",,,2,2,16,2,2,64,2,1,8
"dot/dot_bf16_bf16_fp32_2x16x2_1x8x2_avx2_fma3/64/44/real_time",909451,153.848,153.468,ns,,,"2x64x44",,,2,2,16,44,2,64,2,1,8
"dot/dot_bf16_bf16_fp32_2x16x2_1x8x2_avx2_fma3/64/90/real_time",382715,366.079,365.148,ns,,,"2x64x90",,,2,2,16,90,2,64,2,1,8
"dot/dot_bf16_bf16_fp32_2x16x2_1x8x2_avx2_fma3/64/136/real_time",247433,565.678,564.307,ns,,,"2x64x136",,,2,2,16,136,2,64,2,1,8
"dot/dot_bf16_bf16_fp32_2x16x2_1x8x2_avx2_fma3/64/182/real_time",184027,760.778,758.788,ns,,,"2x64x182",,,2,2,16,182,2,64,2,1,8
"dot/dot_bf16_bf16_fp32_2x16x2_1x8x2_avx2_fma3/128/2/real_time",4485857,31.26,31.182,ns,,,"2x128x2",,,2,2,16,2,2,128,2,1,8
"dot/dot_bf16_bf16_fp32_2x16x2_1x8x2_avx2_fma3/128/22/real_time",982916,142.418,142.014,ns,,,"2x128x22",,,2,2,16,22,2,128,2,1,8
"dot/dot_bf16_bf16_fp32_2x16x2_1x8x2_avx2_fma3/128/44/real_time",462355,302.903,302.128,ns,,,"2x128x44",,,2,2,16,44,2,128,2,1,8
"dot/dot_bf16_bf16_fp32_2x16x2_1x8x2_avx2_fma3/128/66/real_time",273702,507.124,505.915,ns,,,"2x128x66",,,2,2,16,66,2,128,2,1,8
"dot/dot_bf16_bf16_fp32_2x16x2_1x8x2_avx2_fma3/128/90/real_time",192762,726.237,724.245,ns,,,"2x128x90",,,2,2,16,90,2,128,2,1,8
"dot/dot_bf16_bf16_fp32_3x16x2_1x8x2_avx2_fma3/16/2/real_time",13501240,10.354,10.3288,ns,,,"3x16x2",,,2,3,16,2,3,16,2,1,8
"dot/dot_bf16_bf16_fp32_3x16x2_1x8x2_avx2_fma3/16/160/real_time",767785,181.615,181.137,ns,,,"3x16x160",,,2,3,16,160,3,16,2,1,8
"dot/dot_bf16_bf16_fp32_3x16x2_1x8x2_avx2_fma3/16/320/real_time",384798,363.68,362.666,ns,,,"3x16x320",,,2,3,16,320,3,16,2,1,8
"dot/dot_bf16_bf16_fp32_3x16x2_1x8x2_avx2_fma3/16/480/real_time",257721,543.776,542.325,ns,,,"3x16x480",,,2,3,16,480,3,16,2,1,8
"dot/dot_bf16_bf16_fp32_3x16x2_1x8x2_avx2_fma3/16/640/real_time",193217,723.776,721.845,ns,,,"3x16x640",,,2,3,16,640,3,16,2,1,8
"dot/dot_bf16_bf16_fp32_3x16x2_1x8x2_avx2_fma3/32/2/real_time",9881175,14.2,14.1639,ns,,,"3x32x2",,,2,3,16,2,3,32,2,1,8
"dot/dot_bf16_bf16_fp32_3x16x2_1x8x2_avx2_fma3/32/86/real_time",732494,190.606,190.143,ns,,,"3x32x86",,,2,3,16,86,3,32,2,1,8
"dot/dot_bf16_bf16_fp32_3x16x2_1x8x2_avx2_fma3/32/172/real_time",364150,384.322,383.28,ns,,,"3x32x172",,,2,3,16,172,3,32,2,1,8
"dot/dot_bf16_bf16_fp32_3x16x2_1x8x2_avx2_fma3/32/258/real_time",242199,578.749,577.391,ns,,,"3x32x258",,,2,3,16,258,3,32,2,1,8
"dot/dot_bf16_bf16_fp32_3x16x2_1x8x2_avx2_fma3/32/344/real_time",180621,774.4,772.395,ns,,,"3x32x344",,,2,3,16,344,3,32,2,1,8
"dot/dot_bf16_bf16_fp32_3x16x2_1x8x2_avx2_fma3/64/2/real_time",6331547,22.1785,22.1091,ns,,,"3x64x2",,,2,3,16,2,3,64,2,1,8
"dot/dot_bf16_bf16_fp32_3x16x2_1x8x2_avx2_fma3/64/44/real_time",752513,186.002,185.522,ns,,,"3x64x44",,,2,3,16,44,3,64,2,1,8
"dot/dot_bf16_bf16_fp32_3x16x2_1x8x2_avx2_fma3/64/88/real_time",361852,385.173,384.315,ns,,,"3x64x88",,,2,3,16,88,3,64,2,1,8
"dot/dot_bf16_bf16_fp32_3x16x2_1x8x2_avx2_fma3/64/132/real_time",238305,587.559,586.092,ns,,,"3x64x132",,,2,3,16,132,3,64,2,1,8
"dot/dot_bf16_bf16_fp32_3x16x2_1x8x2_avx2_fma3/64/176/real_time",177738,789.336,787.217,ns,,,"3x64x176",,,2,3,16,176,3,64,2,1,8
"dot/dot_bf16_bf16_fp32_3x16x2_1x8x2_avx2_fma3/128/2/real_time",3677168,38.0276,37.933,ns,,,"3x128x2",,,2,3,16,2,3,128,2,1,8
"dot/dot_bf16_bf16_fp32_3x16x2_1x8x2_avx2_fma3/128/20/real_time",796803,175.678,175.233,ns,,,"3x128x20",,,2,3,16,20,3,128,2,1,8
"dot/dot_bf16_bf16_fp32_3x16x2_1x8x2_avx2_fma3/128/42/real_time",398538,351.344,350.323,ns,,,"3x128x42",,,2,3,16,42,3,128,2,1,8
"dot/dot_bf16_bf16_fp32_3x16x2_1x8x2_avx2_fma3/128/64/real_time",251238,555.015,553.551,ns,,,"3x128x64",,,2,3,16,64,3,128,2,1,8
"dot/dot_bf16_bf16_fp32_3x16x2_1x8x2_avx2_fma3/128/86/real_time",184896,754.326,751.755,ns,,,"3x128x86",,,2,3,16,86,3,128,2,1,8
"dot/dot_bf16_bf16_fp32_4x16x2_1x8x2_avx2_fma3/16/2/real_time",11801733,11.8938,11.8567,ns,,,"4x16x2",,,2,4,16,2,4,16,2,1,8
"dot/dot_bf16_bf16_fp32_4x16x2_1x8x2_avx2_fma3/16/152/real_time",509264,275.119,274.379,ns,,,"4x16x152",,,2,4,16,152,4,16,2,1,8
"dot/dot_bf16_bf16_fp32_4x16x2_1x8x2_avx2_fma3/16/304/real_time",251087,558.094,556.408,ns,,,"4x16x304",,,2,4,16,304,4,16,2,1,8
"dot/dot_bf16_bf16_fp32_4x16x2_1x8x2_avx2_fma3/16/456/real_time",166603,840.389,838.419,ns,,,"4x16x456",,,2,4,16,456,4,16,2,1,8
"dot/dot_bf16_bf16_fp32_4x16x2_1x8x2_avx2_fma3/16/608/real_time",124668,1123.07,1120.22,ns,,,"4x16x608",,,2,4,16,608,4,16,2,1,8
"dot/dot_bf16_bf16_fp32_4x16x2_1x8x2_avx2_fma3/32/2/real_time",7825595,17.9714,17.9163,ns,,,"4x32x2",,,2,4,16,2,4,32,2,1,8
"dot/dot_bf16_bf16_fp32_4x16x2_1x8x2_avx2_fma3/32/82/real_time",493145,286.945,286.267,ns,,,"4x32x82",,,2,4,16,82,4,32,2,1,8
"dot/dot_bf16_bf16_fp32_4x16x2_1x8x2_avx2_fma3/32/166/real_time",234911,595.375,593.829,ns,,,"4x32x166",,,2,4,16,166,4,32,2,1,8
"dot/dot_bf16_bf16_fp32_4x16x2_1x8x2_avx2_fma3/32/250/real_time",153492,911.035,908.901,ns,,,"4x32x250",,,2,4,16,250,4,32,2,1,8
"dot/dot_bf16_bf16_fp32_4x16x2_1x8x2_avx2_fma3/32/334/real_time",114724,1219.85,1217.07,ns,,,"4x32x334",,,2,4,16,334,4,32,2,1,8
"dot/dot_bf16_bf16_fp32_4x16x2_1x8x2_avx2_fma3/64/2/real_time",4831623,29.055,28.97,ns,,,"4x64x2",,,2,4,16,2,4,64,2,1,8
"dot/dot_bf16_bf16_fp32_4x16x2_1x8x2_avx2_fma3/64/42/real_time",521730,268.526,267.763,ns,,,"4x64x42",,,2,4,16,42,4,64,2,1,8
"dot/dot_bf16_bf16_fp32_4x16x2_1x8x2_avx2_fma3/64/86/real_time",234903,593.801,592.274,ns,,,"4x64x86",,,2,4,16,86,4,64,2,1,8
"dot/dot_bf16_bf16_fp32_4x16x2_1x8x2_avx2_fma3/64/128/real_time",153948,906.206,903.82,ns,,,"4x64x128",,,2,4,16,128,4,64,2,1,8
"dot/dot_bf16_bf16_fp32_4x16x2_1x8x2_avx2_fma3/64/172/real_time",112659,1241.16,1238.22,ns,,,"4x64x172",,,2,4,16,172,4,64,2,1,8
"dot/dot_bf16_bf16_fp32_4x16x2_1x8x2_avx2_fma3/128/2/real_time",2703224,51.5229,51.3957,ns,,,"4x128x2",,,2,4,16,2,4,128,2,1,8
"dot/dot_bf16_bf16_fp32_4x16x2_1x8x2_avx2_fma3/128/20/real_time",568027,245.323,244.665,ns,,,"4x128x20",,,2,4,16,20,4,128,2,1,8
"dot/dot_bf16_bf16_fp32_4x16x2_1x8x2_avx2_fma3/128/42/real_time",264139,531.2,529.756,ns,,,"4x128x42",,,2,4,16,42,4,128,2,1,8
"dot/dot_bf16_bf16_fp32_4x16x2_1x8x2_avx2_fma3/128/62/real_time",163899,856.651,854.339,ns,,,"4x128x62",,,2,4,16,62,4,128,2,1,8
"dot/dot_bf16_bf16_fp32_4x16x2_1x8x2_avx2_fma3/128/84/real_time",120292,1160.44,1157.8,ns,,,"4x128x84",,,2,4,16,84,4,128,2,1,8
"dot/dot_bf16_bf16_fp32_5x16x2_1x8x2_avx2_fma3/16/2/real_time",10250145,13.8246,13.7841,ns,,,"5x16x2",,,2,5,16,2,5,16,2,1,8
"dot/dot_bf16_bf16_fp32_5x16x2_1x8x2_avx2_fma3/16/144/real_time",525012,267.159,266.453,ns,,,"5x16x144",,,2,5,16,144,5,16,2,1,8
"dot/dot_bf16_bf16_fp32_5x16x2_1x8x2_avx2_fma3/16/288/real_time",265032,526.477,525.26,ns,,,"5x16x288",,,2,5,16,288,5,16,2,1,8
"dot/dot_bf16_bf16_fp32_5x16x2_1x8x2_avx2_fma3/16/432/real_time",178254,784.104,781.945,ns,,,"5x16x432",,,2,5,16,432,5,16,2,1,8
"dot/dot_bf16_bf16_fp32_5x16x2_1x8x2_avx2_fma3/16/576/real_time",134299,1042.85,1040.28,ns,,,"5x16x576",,,2,5,16,576,5,16,2,1,8
"dot/dot_bf16_bf16_fp32_5x16x2_1x8x2_avx2_fma3/32/2/real_time",6765204,20.6908,20.6355,ns,,,"5x32x2",,,2,5,16,2,5,32,2,1,8
"dot/dot_bf16_bf16_fp32_5x16x2_1x8x2_avx2_fma3/32/80/real_time",465531,300.33,299.579,ns,,,"5x32x80",,,2,5,16,80,5,32,2,1,8
"dot/dot_bf16_bf16_fp32_5x16x2_1x8x2_avx2_fma3/32/160/real_time",240253,583.642,581.922,ns,,,"5x32x160",,,2,5,16,160,5,32,2,1,8
"dot/dot_bf16_bf16_fp32_5x16x2_1x8x2_avx2_fma3/32/240/real_time",160332,870.963,868.854,ns,,,"5x32x240",,,2,5,16,240,5,32,2,1,8
"dot/dot_bf16_bf16_fp32_5x16x2_1x8x2_avx2_fma3/32/322/real_time",120464,1165.97,1162.91,ns,,,"5x32x322",,,2,5,16,322,5,32,2,1,8
"dot/dot_bf16_bf16_fp32_5x16x2_1x8x2_avx2_fma3/64/2/real_time",4097226,34.1329,34.0459,ns,,,"5x64x2",,,2,5,16,2,5,64,2,1,8
"dot/dot_bf16_bf16_fp32_5x16x2_1x8x2_avx2_fma3/64/42/real_time",448394,312.423,311.583,ns,,,"5x64x42",,,2,5,16,42,5,64,2,1,8
"dot/dot_bf16_bf16_fp32_5x16x2_1x8x2_avx2_fma3/64/84/real_time",225640,622.367,620.806,ns,,,"5x64x84",,,2,5,16,84,5,64,2,1,8
"dot/dot_bf16_bf16_fp32_5x16x2_1x8x2_avx2_fma3/64/126/real_time",152642,917.299,915.058,ns,,,"5x64x126",,,2,5,16,126,5,64,2,1,8
"dot/dot_bf16_bf16_fp32_5x16x2_1x8x2_avx2_fma3/64/168/real_time",115342,1211.98,1208.83,ns,,,"5x64x168",,,2,5,16,168,5,64,2,1,8
"dot/dot_bf16_bf16_fp32_5x16x2_1x8x2_avx2_fma3/128/2/real_time",2352243,60.315,60.1205,ns,,,"5x128x2",,,2,5,16,2,5,128,2,1,8
"dot/dot_bf16_bf16_fp32_5x16x2_1x8x2_avx2_fma3/128/20/real_time",464379,301.8,301.018,ns,,,"5x128x20",,,2,5,16,20,5,128,2,1,8
"dot/dot_bf16_bf16_fp32_5x16x2_1x8x2_avx2_fma3/128/40/real_time",237869,587.38,585.873,ns,,,"5x128x40",,,2,5,16,40,5,128,2,1,8
"dot/dot_bf16_bf16_fp32_5x16x2_1x8x2_avx2_fma3/128/60/real_time",157396,887.538,885.206,ns,,,"5x128x60",,,2,5,16,60,5,128,2,1,8
"dot/dot_bf16_bf16_fp32_5x16x2_1x8x2_avx2_fma3/128/82/real_time",114998,1210.38,1207.06,ns,,,"5x128x82",,,2,5,16,82,5,128,2,1,8
"dot/dot_bf16_bf16_fp32_8x8x2_1x8x2_avx2_fma3/8/2/real_time",10690624,13.069,13.0393,ns,,,"8x8x2",,,2,8,8,2,8,8,2,1,8
"dot/dot_bf16_bf16_fp32_8x8x2_1x8x2_avx2_fma3/8/190/real_time",450475,310.689,309.946,ns,,,"8x8x190",,,2,8,8,190,8,8,2,1,8
"dot/dot_bf16_bf16_fp32_8x8x2_1x8x2_avx2_fma3/8/380/real_time",229738,608.445,606.824,ns,,,"8x8x380",,,2,8,8,380,8,8,2,1,8
"dot/dot_bf16_bf16_fp32_8x8x2_1x8x2_avx2_fma3/8/570/real_time",154327,906.733,904.117,ns,,,"8x8x570",,,2,8,8,570,8,8,2,1,8
"dot/dot_bf16_bf16_fp32_8x8x2_1x8x2_avx2_fma3/8/760/real_time",116205,1205.67,1202.03,ns,,,"8x8x760",,,2,8,8,760,8,8,2,1,8
"dot/dot_bf16_bf16_fp32_8x8x2_1x8x2_avx2_fma3/16/2/real_time",7255566,19.0593,18.9968,ns,,,"8x16x2",,,2,8,8,2,8,16,2,1,8
"dot/dot_bf16_bf16_fp32_8x8x2_1x8x2_avx2_fma3/16/124/real_time",346553,403.102,402.014,ns,,,"8x16x124",,,2,8,8,124,8,16,2,1,8
"dot/dot_bf16_bf16_fp32_8x8x2_1x8x2_avx2_fma3/16/250/real_time",175374,799.001,796.892,ns,,,"8x16x250",,,2,8,8,250,8,16,2,1,8
"dot/dot_bf16_bf16_fp32_8x8x2_1x8x2_avx2_fma3/16/374/real_time",117610,1188.84,1185.03,ns,,,"8x16x374",,,2,8,8,374,8,16,2,1,8
"dot/dot_bf16_bf16_fp32_8x8x2_1x8x2_avx2_fma3/16/500/real_time",88398,1586.06,1580.56,ns,,,"8x16x500",,,2,8,8,500,8,16,2,1,8
"dot/dot_bf16_bf16_fp32_8x8x2_1x8x2_avx2_fma3/32/2/real_time",4445372,30.8725,30.7685,ns,,,"8x32x2",,,2,8,8,2,8,32,2,1,8
"dot/dot_bf16_bf16_fp32_8x8x2_1x8x2_avx2_fma3/32/72/real_time",298624,468.862,467.412,ns,,,"8x32x72",,,2,8,8,72,8,32,2,1,8
"dot/dot_bf16_bf16_fp32_8x8x2_1x8x2_avx2_fma3/32/146/real_time",149905,933.907,931.635,ns,,,"8x32x146",,,2,8,8,146,8,32,2,1,8
"dot/dot_bf16_bf16_fp32_8x8x2_1x8x2_avx2_fma3/32/220/real_time",100058,1399.69,1395.52,ns,,,"8x32x220",,,2,8,8,220,8,32,2,1,8
"dot/dot_bf16_bf16_fp32_8x8x2_1x8x2_avx2_fma3/32/294/real_time",75281,1862.31,1857.43,ns,,,"8x32x294",,,2,8,8,294,8,32,2,1,8
"dot/dot_bf16_bf16_fp32_8x8x2_1x8x2_avx2_fma3/64/2/real_time",2659720,52.6184,52.4738,ns,,,"8x64x2",,,2,8,8,2,8,64,2,1,8
"dot/dot_bf16_bf16_fp32_8x8x2_1x8x2_avx2_fma3/64/38/real_time",269319,520.114,518.713,ns,,,"8x64x38",,,2,8,8,38,8,64,2,1,8
"dot/dot_bf16_bf16_fp32_8x8x2_1x8x2_avx2_fma3/64/78/real_time",138484,1011.68,1008.73,ns,,,"8x64x78",,,2,8,8,78,8,64,2,1,8
"dot/dot_bf16_bf16_fp32_8x8x2_1x8x2_avx2_fma3/64/116/real_time",93834,1491.7,1487.86,ns,,,"8x64x116",,,2,8,8,116,8,64,2,1,8
"dot/dot_bf16_bf16_fp32_8x8x2_1x8x2_avx2_fma3/64/156/real_time",70629,1984.25,1979.29,ns,,,"8x64x156",,,2,8,8,156,8,64,2,1,8
"dot/dot_bf16_bf16_fp32_10x8x2_1x8x2_avx2_fma3/8/2/real_time",8153042,17.1681,17.1207,ns,,,"10x8x2",,,2,10,8,2,10,8,2,1,8
"dot/dot_bf16_bf16_fp32_10x8x2_1x8x2_avx2_fma3/8/168/real_time",332414,418.405,417.223,ns,,,"10x8x168",,,2,10,8,168,10,8,2,1,8
"dot/dot_bf16_bf16_fp32_10x8x2_1x8x2_avx2_fma3/8/336/real_time",172423,812.108,809.765,ns,,,"10x8x336",,,2,10,8,336,10,8,2,1,8
"dot/dot_bf16_bf16_fp32_10x8x2_1x8x2_avx2_fma3/8/504/real_time",116330,1198.52,1195.43,ns,,,"10x8x504",,,2,10,8,504,10,8,2,1,8
"dot/dot_bf16_bf16_fp32_10x8x2_1x8x2_avx2_fma3/8/672/real_time",86888,1592.58,1588.25,ns,,,"10x8x672",,,2,10,8,672,10,8,2,1,8
"dot/dot_bf16_bf16_fp32_10x8x2_1x8x2_avx2_fma3/16/2/real_time",5496770,25.4755,25.4084,ns,,,"10x16x2",,,2,10,8,2,10,16,2,1,8
"dot/dot_bf16_bf16_fp32_10x8x2_1x8x2_avx2_fma3/16/114/real_time",245714,568.234,566.34,ns,,,"10x16x114",,,2,10,8,114,10,16,2,1,8
"dot/dot_bf16_bf16_fp32_10x8x2_1x8x2_avx2_fma3/16/230/real_time",125512,1113.08,1109.93,ns,,,"10x16x230",,,2,10,8,230,10,16,2,1,8
"dot/dot_bf16_bf16_fp32_10x8x2_1x8x2_avx2_fma3/16/344/real_time",85036,1639.96,1635.02,ns,,,"10x16x344",,,2,10,8,344,10,16,2,1,8
"dot/dot_bf16_bf16_fp32_10x8x2_1x8x2_avx2_fma3/16/460/real_time",62986,2190.99,2184.92,ns,,,"10x16x460",,,2,10,8,460,10,16,2,1,8
"dot/dot_bf16_bf16_fp32_10x8x2_1x8x2_avx2_fma3/32/2/real_time",3189641,43.7815,43.6711,ns,,,"10x32x2",,,2,10,8,2,10,32,2,1,8
"dot/dot_bf16_bf16_fp32_10x8x2_1x8x2_avx2_fma3/32/68/real_time",200335,696.633,694.983,ns,,,"10x32x68",,,2,10,8,68,10,32,2,1,8
"dot/dot_bf16_bf16_fp32_10x8x2_1x8x2_avx2_fma3/32/138/real_time",103861,1357.68,1353.73,ns,,,"10x32x138",,,2,10,8,138,10,32,2,1,8
"dot/dot_bf16_bf16_fp32_10x8x2_1x8x2_avx2_fma3/32/206/real_time",70454,1990.73,1985.24,ns,,,"10x32x206",,,2,10,8,206,10,32,2,1,8
"dot/dot_bf16_bf16_fp32_10x8x2_1x8x2_avx2_fma3/32/276/real_time",52826,2658.46,2649.92,ns,,,"10x32x276",,,2,10,8,276,10,32,2,1,8
"dot/dot_bf16_bf16_fp32_10x8x2_1x8x2_avx2_fma3/64/2/real_time",1808401,77.3362,77.1161,ns,,,"10x64x2",,,2,10,8,2,10,64,2,1,8
"dot/dot_bf16_bf16_fp32_10x8x2_1x8x2_avx2_fma3/64/36/real_time",189587,739.275,737.289,ns,,,"10x64x36",,,2,10,8,36,10,64,2,1,8
"dot/dot_bf16_bf16_fp32_10x8x2_1x8x2_avx2_fma3/64/74/real_time",96031,1468.54,1464.65,ns,,,"10x64x74",,,2,10,8,74,10,64,2,1,8
"dot/dot_bf16_bf16_fp32_10x8x2_1x8x2_avx2_fma3/64/110/real_time",63936,2181.31,2174.77,ns,,,"10x64x110",,,2,10,8,110,10,64,2,1,8
"dot/dot_bf16_bf16_fp32_10x8x2_1x8x2_avx2_fma3/64/148/real_time",48106,2888.26,2880.78,ns,,,"10x64x148",,,2,10,8,148,10,64,2,1,8
"dot/dot_bf16_bf16_fp32_12x8x2_1x8x2_avx2_fma3/8/2/real_time",6430295,21.7619,21.6933,ns,,,"12x8x2",,,2,12,8,2,12,8,2,1,8
"dot/dot_bf16_bf16_fp32_12x8x2_1x8x2_avx2_fma3/8/150/real_time",276500,506.917,505.481,ns,,,"12x8x150",,,2,12,8,150,12,8,2,1,8
"dot/dot_bf16_bf16_fp32_12x8x2_1x8x2_avx2_fma3/8/302/real_time",139956,997.361,994.354,ns,,,"12x8x302",,,2,12,8,302,12,8,2,1,8
"dot/dot_bf16_bf16_fp32_12x8x2_1x8x2_avx2_fma3/8/452/real_time",95337,1481.52,1477.59,ns,,,"12x8x452",,,2,12,8,452,12,8,2,1,8
"dot/dot_bf16_bf16_fp32_12x8x2_1x8x2_avx2_fma3/8/604/real_time",70590,1965.8,1960.73,ns,,,"12x8x604",,,2,12,8,604,12,8,2,1,8
"dot/dot_bf16_bf16_fp32_12x8x2_1x8x2_avx2_fma3/16/2/real_time",4164957,33.6534,33.5598,ns,,,"12x16x2",,,2,12,8,2,12,16,2,1,8
"dot/dot_bf16_bf16_fp32_12x8x2_1x8x2_avx2_fma3/16/106/real_time",193361,722.83,720.808,ns,,,"12x16x106",,,2,12,8,106,12,16,2,1,8
"dot/dot_bf16_bf16_fp32_12x8x2_1x8x2_avx2_fma3/16/212/real_time",99675,1411.88,1407.85,ns,,,"12x16x212",,,2,12,8,212,12,16,2,1,8
"dot/dot_bf16_bf16_fp32_12x8x2_1x8x2_avx2_fma3/16/318/real_time",67122,2091.89,2086.03,ns,,,"12x16x318",,,2,12,8,318,12,16,2,1,8
"dot/dot_bf16_bf16_fp32_12x8x2_1x8x2_avx2_fma3/16/424/real_time",50278,2778.61,2770.44,ns,,,"12x16x424",,,2,12,8,424,12,16,2,1,8
"dot/dot_bf16_bf16_fp32_12x8x2_1x8x2_avx2_fma3/32/2/real_time",2555290,54.8943,54.7433,ns,,,"12x32x2",,,2,12,8,2,12,32,2,1,8
"dot/dot_bf16_bf16_fp32_12x8x2_1x8x2_avx2_fma3/32/64/real_time",158667,882.364,879.696,ns,,,"12x32x64",,,2,12,8,64,12,32,2,1,8
"dot/dot_bf16_bf16_fp32_12x8x2_1x8x2_avx2_fma3/32/130/real_time",80335,1738.26,1731.43,ns,,,"12x32x130",,,2,12,8,130,12,32,2,1,8
"dot/dot_bf16_bf16_fp32_12x8x2_1x8x2_avx2_fma3/32/194/real_time",54693,2572.53,2565.21,ns,,,"12x32x194",,,2,12,8,194,12,32,2,1,8
"dot/dot_bf16_bf16_fp32_12x8x2_1x8x2_avx2_fma3/32/260/real_time",40911,3431.72,3422.04,ns,,,"12x32x260",,,2,12,8,260,12,32,2,1,8
"dot/dot_bf16_bf16_fp32_12x8x2_1x8x2_avx2_fma3/64/2/real_time",1451037,96.4438,96.086,ns,,,"12x64x2",,,2,12,8,2,12,64,2,1,8
"dot/dot_bf16_bf16_fp32_12x8x2_1x8x2_avx2_fma3/64/34/real_time",147763,944.111,941.015,ns,,,"12x64x34",,,2,12,8,34,12,64,2,1,8
"dot/dot_bf16_bf16_fp32_12x8x2_1x8x2_avx2_fma3/64/70/real_time",73374,1898.66,1890.46,ns,,,"12x64x70",,,2,12,8,70,12,64,2,1,8
"dot/dot_bf16_bf16_fp32_12x8x2_1x8x2_avx2_fma3/64/104/real_time",49970,2810.52,2799.45,ns,,,"12x64x104",,,2,12,8,104,12,64,2,1,8
"dot/dot_bf16_bf16_fp32_12x8x2_1x8x2_avx2_fma3/64/140/real_time",37179,3732.39,3718.61,ns,,,"12x64x140",,,2,12,8,140,12,64,2,1,8
"dot/dot_bf16_bf16_fp32_1x32x1_1x8x1_avx2_fma3/32/1/real_time",19161014,7.33149,7.30251,ns,,,"1x32x1",,,1,1,32,1,1,32,1,1,8
"dot/dot_bf16_bf16_fp32_1x32x1_1x8x1_avx2_fma3/32/92/real_time",1222658,114.642,114.237,ns,,,"1x32x92",,,1,1,32,92,1,32,1,1,8
"dot/dot_bf16_bf16_fp32_1x32x1_1x8x1_avx2_fma3/32/185/real_time",620916,225.532,224.86,ns,,,"1x32x185",,,1,1,32,185,1,32,1,1,8
"dot/dot_bf16_bf16_fp32_1x32x1_1x8x1_avx2_fma3/32/277/real_time",417284,335.177,334.334,ns,,,"1x32x277",,,1,1,32,277,1,32,1,1,8
"dot/dot_bf16_bf16_fp32_1x32x1_1x8x1_avx2_fma3/32/370/real_time",313781,446.302,445.204,ns,,,"1x32x370",,,1,1,32,370,1,32,1,1,8
"dot/dot_bf16_bf16_fp32_1x32x1_1x8x1_avx2_fma3/64/1/real_time",14272079,9.80954,9.78424,ns,,,"1x64x1",,,1,1,32,1,1,64,1,1,8
"dot/dot_bf16_bf16_fp32_1x32x1_1x8x1_avx2_fma3/64/46/real_time",1206126,115.858,115.586,ns,,,"1x64x46",,,1,1,32,46,1,64,1,1,8
"dot/dot_bf16_bf16_fp32_1x32x1_1x8x1_avx2_fma3/64/93/real_time",617644,226.621,226.045,ns,,,"1x64x93",,,1,1,32,93,1,64,1,1,8
"dot/dot_bf16_bf16_fp32_1x32x1_1x8x1_avx2_fma3/64/140/real_time",413257,338.586,337.798,ns,,,"1x64x140",,,1,1,32,140,1,64,1,1,8
"dot/dot_bf16_bf16_fp32_1x32x1_1x8x1_avx2_fma3/64/187/real_time",310463,450.823,449.668,ns,,,"1x64x187",,,1,1,32,187,1,64,1,1,8
"dot/dot_bf16_bf16_fp32_1x32x1_1x8x1_avx2_fma3/128/1/real_time",9110519,15.3581,15.3118,ns,,,"1x128x1",,,1,1,32,1,1,128,1,1,8
"dot/dot_bf16_bf16_fp32_1x32x1_1x8x1_avx2_fma3/128/23/real_time",1180965,116.367,115.854,ns,,,"1x128x23",,,1,1,32,23,1,128,1,1,8
"dot/dot_bf16_bf16_fp32_1x32x1_1x8x1_avx2_fma3/128/46/real_time",617529,227.479,226.706,ns,,,"1x128x46",,,1,1,32,46,1,128,1,1,8
"dot/dot_bf16_bf16_fp32_1x32x1_1x8x1_avx2_fma3/128/69/real_time",419440,334.066,333.05,ns,,,"1x128x69",,,1,1,32,69,1,128,1,1,8
"dot/dot_bf16_bf16_fp32_1x32x1_1x8x1_avx2_fma3/128/93/real_time",312215,447.821,446.725,ns,,,"1x128x93",,,1,1,32,93,1,128,1,1,8
"dot/dot_bf16_bf16_fp32_1x32x1_1x8x1_avx2_fma3/256/1/real_time",5461502,25.6985,25.6361,ns,,,"1x256x1",,,1,1,32,1,1,256,1,1,8
"dot/dot_bf16_bf16_fp32_1x32x1_1x8x1_avx2_fma3/256/11/real_time",1197522,116.809,116.496,ns,,,"1x256x11",,,1,1,32,11,1,256,1,1,8
"dot/dot_bf16_bf16_fp32_1x32x1_1x8x1_avx2_fma3/256/22/real_time",638882,218.854,218.26,ns,,,"1x256x22",,,1,1,32,22,1,256,1,1,8
"dot/dot_bf16_bf16_fp32_1x32x1_1x8x1_avx2_fma3/256/33/real_time",411759,340.162,339.4,ns,,,"1x256x33",,,1,1,32,33,1,256,1,1,8
"dot/dot_bf16_bf16_fp32_1x32x1_1x8x1_avx2_fma3/256/45/real_time",306277,448.674,447.536,ns,,,"1x256x45",,,1,1,32,45,1,256,1,1,8
"dot/dot_bf16_bf16_fp32_2x32x1_1x8x1_avx2_fma3/32/1/real_time",14974672,9.33861,9.31089,ns,,,"2x32x1",,,1,2,32,1,2,32,1,1,8
"dot/dot_bf16_bf16_fp32_2x32x1_1x8x1_avx2_fma3/32/89/real_time",992234,141.338,140.776,ns,,,"2x32x89",,,1,2,32,89,2,32,1,1,8
"dot/dot_bf16_bf16_fp32_2x32x1_1x8x1_avx2_fma3/32/178/real_time",508292,276.284,275.194,ns,,,"2x32x178",,,1,2,32,178,2,32,1,1,8
"dot/dot_bf16_bf16_fp32_2x32x1_1x8x1_avx2_fma3/32/267/real_time",338337,413.997,412.066,ns,,,"2x32x267",,,1,2,32,267,2,32,1,1,8
"dot/dot_bf16_bf16_fp32_2x32x1_1x8x1_avx2_fma3/32/357/real_time",254753,549.17,547.444,ns,,,"2x32x357",,,1,2,32,357,2,32,1,1,8
"dot/dot_bf16_bf16_fp32_2x32x1_1x8x1_avx2_fma3/64/1/real_time",10644151,13.1799,13.1383,ns,,,"2x64x1",,,1,2,32,1,2,64,1,1,8
"dot/dot_bf16_bf16_fp32_2x32x1_1x8x1_avx2_fma3/64/45/real_time",965673,146.125,145.71,ns,,,"2x64x45",,,1,2,32,45,2,64,1,1,8
"dot/dot_bf16_bf16_fp32_2x32x1_1x8x1_avx2_fma3/64/91/real_time",494830,282.862,282.088,ns,,,"2x64x91",,,1,2,32,91,2,64,1,1,8
"dot/dot_bf16_bf16_fp32_2x32x1_1x8x1_avx2_fma3/64/136/real_time",334125,418.865,417.572,ns,,,"2x64x136",,,1,2,32,136,2,64,1,1,8
"dot/dot_bf16_bf16_fp32_2x32x1_1x8x1_avx2_fma3/64/182/real_time",250494,559.158,557.205,ns,,,"2x64x182",,,1,2,32,182,2,64,1,1,8
"dot/dot_bf16_bf16_fp32_2x32x1_1x8x1_avx2_fma3/128/1/real_time",6685605,21.0335,20.9562,ns,,,"2x128x1",,,1,2,32,1,2,128,1,1,8
"dot/dot_bf16_bf16_fp32_2x32x1_1x8x1_avx2_fma3/128/22/real_time",947288,147.855,147.292,ns,,,"2x128x22",,,1,2,32,22,2,128,1,1,8
"dot/dot_bf16_bf16_fp32_2x32x1_1x8x1_avx2_fma3/128/45/real_time",492811,285.904,285.034,ns,,,"2x128x45",,,1,2,32,45,2,128,1,1,8
"dot/dot_bf16_bf16_fp32_2x32x1_1x8x1_avx2_fma3/128/67/real_time",329710,422.836,421.753,ns,,,"2x128x67",,,1,2,32,67,2,128,1,1,8
"dot/dot_bf16_bf16_fp32_2x32x1_1x8x1_avx2_fma3/128/90/real_time",246584,568.604,566.694,ns,,,"2x128x90",,,1,2,32,90,2,128,1,1,8
"dot/dot_bf16_bf16_fp32_2x32x1_1x8x1_avx2_fma3/256/1/real_time",3875784,36.1292,36.0294,ns,,,"2x256x1",,,1,2,32,1,2,256,1,1,8
"dot/dot_bf16_bf16_fp32_2x32x1_1x8x1_avx2_fma3/256/10/real_time",982270,142.683,142.18,ns,,,"2x256x10",,,1,2,32,10,2,256,1,1,8
"dot/dot_bf16_bf16_fp32_2x32x1_1x8x1_avx2_fma3/256/21/real_time",497740,281.279,280.438,ns,,,"2x256x21",,,1,2,32,21,2,256,1,1,8
"dot/dot_bf16_bf16_fp32_2x32x1_1x8x1_avx2_fma3/256/32/real_time",328757,424.538,423.327,ns,,,"2x256x32",,,1,2,32,32,2,256,1,1,8
"dot/dot_bf16_bf16_fp32_2x32x1_1x8x1_avx2_fma3/256/43/real_time",252376,552.347,550.686,ns,,,"2x256x43",,,1,2,32,43,2,256,1,1,8
"dot/dot_bf16_bf16_fp32_1x16x1_1x8x1_avx2_fma3/16/1/real_time",20456640,6.88519,6.86398,ns,,,"1x16x1",,,1,1,16,1,1,16,1,1,8
"dot/dot_bf16_bf16_fp32_1x16x1_1x8x1_avx2_fma3/16/180/real_time",682985,205.052,204.516,ns,,,"1x16x180",,,1,1,16,180,1,16,1,1,8
"dot/dot_bf16_bf16_fp32_1x16x1_1x8x1_avx2_fma3/16/360/real_time",331473,422.529,421.496,ns,,,"1x16x360",,,1,1,16,360,1,16,1,1,8
"dot/dot_bf16_bf16_fp32_1x16x1_1x8x1_avx2_fma3/16/540/real_time",220127,634.957,633.365,ns,,,"1x16x540",,,1,1,16,540,1,16,1,1,8
"dot/dot_bf16_bf16_fp32_1x16x1_1x8x1_avx2_fma3/16/720/real_time",164296,852.286,849.877,ns,,,"1x16x720",,,1,1,16,720,1,16,1,1,8
"dot/dot_bf16_bf16_fp32_1x16x1_1x8x1_avx2_fma3/32/1/real_time",16251316,8.66302,8.63973,ns,,,"1x32x1",,,1,1,16,1,1,32,1,1,8
"dot/dot_bf16_bf16_fp32_1x16x1_1x8x1_avx2_fma3/32/92/real_time",709230,197.557,197.015,ns,,,"1x32x92",,,1,1,16,92,1,32,1,1,8
"dot/dot_bf16_bf16_fp32_1x16x1_1x8x1_avx2_fma3/32/185/real_time",335736,417.102,415.968,ns,,,"1x32x185",,,1,1,16,185,1,32,1,1,8
"dot/dot_bf16_bf16_fp32_1x16x1_1x8x1_avx2_fma3/32/277/real_time",217903,642.487,640.557,ns,,,"1x32x277",,,1,1,16,277,1,32,1,1,8
"dot/dot_bf16_bf16_fp32_1x16x1_1x8x1_avx2_fma3/32/370/real_time",162634,860.851,858.611,ns,,,"1x32x370",,,1,1,16,370,1,32,1,1,8
"dot/dot_bf16_bf16_fp32_1x16x1_1x8x1_avx2_fma3/64/1/real_time",10729361,13.1811,13.1433,ns,,,"1x64x1",,,1,1,16,1,1,64,1,1,8
"dot/dot_bf16_bf16_fp32_1x16x1_1x8x1_avx2_fma3/64/46/real_time",831830,168.133,167.716,ns,,,"1x64x46",,,1,1,16,46,1,64,1,1,8
"dot/dot_bf16_bf16_fp32_1x16x1_1x8x1_avx2_fma3/64/93/real_time",354588,393.967,393.024,ns,,,"1x64x93",,,1,1,16,93,1,64,1,1,8
"dot/dot_bf16_bf16_fp32_1x16x1_1x8x1_avx2_fma3/64/140/real_time",223200,626.962,625.343,ns,,,"1x64x140",,,1,1,16,140,1,64,1,1,8
"dot/dot_bf16_bf16_fp32_1x16x1_1x8x1_avx2_fma3/64/187/real_time",167234,837.033,834.85,ns,,,"1x64x187",,,1,1,16,187,1,64,1,1,8
"dot/dot_bf16_bf16_fp32_1x16x1_1x8x1_avx2_fma3/128/1/real_time",6499647,21.5124,21.46,ns,,,"1x128x1",,,1,1,16,1,1,128,1,1,8
"dot/dot_bf16_bf16_fp32_1x16x1_1x8x1_avx2_fma3/128/23/real_time",951447,147.129,146.762,ns,,,"1x128x23",,,1,1,16,23,1,128,1,1,8
"dot/dot_bf16_bf16_fp32_1x16x1_1x8x1_avx2_fma3/128/46/real_time",418382,333.836,333,ns,,,"1x128x46",,,1,1,16,46,1,128,1,1,8
"dot/dot_bf16_bf16_fp32_1x16x1_1x8x1_avx2_fma3/128/69/real_time",254204,550.959,549.603,ns,,,"1x128x69",,,1,1,16,69,1,128,1,1,8
"dot/dot_bf16_bf16_fp32_1x16x1_1x8x1_avx2_fma3/128/93/real_time",179090,782.748,780.73,ns,,,"1x128x93",,,1,1,16,93,1,128,1,1,8
"dot/dot_bf16_bf16_fp32_2x16x1_1x8x1_avx2_fma3/16/1/real_time",16795808,8.36444,8.34364,ns,,,"2x16x1",,,1,2,16,1,2,16,1,1,8
"dot/dot_bf16_bf16_fp32_2x16x1_1x8x1_avx2_fma3/16/169/real_time",691851,202.376,201.791,ns,,,"2x16x169",,,1,2,16,169,2,16,1,1,8
"dot/dot_bf16_bf16_fp32_2x16x1_1x8x1_avx2_fma3/16/339/real_time",344309,407.846,405.579,ns,,,"2x16x339",,,1,2,16,339,2,16,1,1,8
"dot/dot_bf16_bf16_fp32_2x16x1_1x8x1_avx2_fma3/16/509/real_time",229998,608.05,606.218,ns,,,"2x16x509",,,1,2,16,509,2,16,1,1,8
"dot/dot_bf16_bf16_fp32_2x16x1_1x8x1_avx2_fma3/16/679/real_time",172283,812.218,810.036,ns,,,"2x16x679",,,1,2,16,679,2,16,1,1,8
"dot/dot_bf16_bf16_fp32_2x16x1_1x8x1_avx2_fma3/32/1/real_time",12668970,10.9329,10.9047,ns,,,"2x32x1",,,1,2,16,1,2,32,1,1,8
"dot/dot_bf16_bf16_fp32_2x16x1_1x8x1_avx2_fma3/32/89/real_time",668976,209.318,208.734,ns,,,"2x32x89",,,1,2,16,89,2,32,1,1,8
"dot/dot_bf16_bf16_fp32_2x16x1_1x8x1_avx2_fma3/32/178/real_time",331014,422.868,421.777,ns,,,"2x32x178",,,1,2,16,178,2,32,1,1,8
"dot/dot_bf16_bf16_fp32_2x16x1_1x8x1_avx2_fma3/32/267/real_time",220648,634.574,632.98,ns,,,"2x32x267",,,1,2,16,267,2,32,1,1,8
"dot/dot_bf16_bf16_fp32_2x16x1_1x8x1_avx2_fma3/32/357/real_time",164665,851.029,848.563,ns,,,"2x32x357",,,1,2,16,357,2,32,1,1,8
"dot/dot_bf16_bf16_fp32_2x16x1_1x8x1_avx2_fma3/64/1/real_time",8332994,16.8015,16.7525,ns,,,"2x64x1",,,1,2,16,1,2,64,1,1,8
"dot/dot_bf16_bf16_fp32_2x16x1_1x8x1_avx2_fma3/64/45/real_time",690448,203.149,202.617,ns,,,"2x64x45",,,1,2,16,45,2,64,1,1,8
"dot/dot_bf16_bf16_fp32_2x16x1_1x8x1_avx2_fma3/64/91/real_time",330777,422.951,421.68,ns,,,"2x64x91",,,1,2,16,91,2,64,1,1,8
"dot/dot_bf16_bf16_fp32_2x16x1_1x8x1_avx2_fma3/64/136/real_time",220015,636.642,634.866,ns,,,"2x64x136",,,1,2,16,136,2,64,1,1,8
"dot/dot_bf16_bf16_fp32_2x16x1_1x8x1_avx2_fma3/64/182/real_time",162788,859.954,857.647,ns,,,"2x64x182",,,1,2,16,182,2,64,1,1,8
"dot/dot_bf16_bf16_fp32_2x16x1_1x8x1_avx2_fma3/128/1/real_time",5027942,27.7954,27.718,ns,,,"2x128x1",,,1,2,16,1,2,128,1,1,8
"dot/dot_bf16_bf16_fp32_2x16x1_1x8x1_avx2_fma3/128/22/real_time",745070,188.24,187.712,ns,,,"2x128x22",,,1,2,16,22,2,128,1,1,8
"dot/dot_bf16_bf16_fp32_2x16x1_1x8x1_avx2_fma3/128/45/real_time",342654,409.333,408.052,ns,,,"2x128x45",,,1,2,16,45,2,128,1,1,8
"dot/dot_bf16_bf16_fp32_2x16x1_1x8x1_avx2_fma3/128/67/real_time",226121,619.103,617.515,ns,,,"2x128x67",,,1,2,16,67,2,128,1,1,8
"dot/dot_bf16_bf16_fp32_2x16x1_1x8x1_avx2_fma3/128/90/real_time",167561,836.538,834.214,ns,,,"2x128x90",,,1,2,16,90,2,128,1,1,8
"dot/dot_bf16_bf16_fp32_3x16x1_1x8x1_avx2_fma3/16/1/real_time",14200144,9.86159,9.82894,ns,,,"3x16x1",,,1,3,16,1,3,16,1,1,8
"dot/dot_bf16_bf16_fp32_3x16x1_1x8x1_avx2_fma3/16/160/real_time",676563,207.472,206.926,ns,,,"3x16x160",,,1,3,16,160,3,16,1,1,8
"dot/dot_bf16_bf16_fp32_3x16x1_1x8x1_avx2_fma3/16/320/real_time",343279,409.069,407.779,ns,,,"3x16x320",,,1,3,16,320,3,16,1,1,8
"dot/dot_bf16_bf16_fp32_3x16x1_1x8x1_avx2_fma3/16/480/real_time",232432,605.167,603.671,ns,,,"3x16x480",,,1,3,16,480,3,16,1,1,8
"dot/dot_bf16_bf16_fp32_3x16x1_1x8x1_avx2_fma3/16/641/real_time",174463,802.042,799.962,ns,,,"3x16x641",,,1,3,16,641,3,16,1,1,8
"dot/dot_bf16_bf16_fp32_3x16x1_1x8x1_avx2_fma3/32/1/real_time",10386666,13.484,13.4511,ns,,,"3x32x1",,,1,3,16,1,3,32,1,1,8
"dot/dot_bf16_bf16_fp32_3x16x1_1x8x1_avx2_fma3/32/86/real_time",634122,220.174,219.591,ns,,,"3x32x86",,,1,3,16,86,3,32,1,1,8
"dot/dot_bf16_bf16_fp32_3x16x1_1x8x1_avx2_fma3/32/172/real_time",324413,435.682,434.162,ns,,,"3x32x172",,,1,3,16,172,3,32,1,1,8
"dot/dot_bf16_bf16_fp32_3x16x1_1x8x1_avx2_fma3/32/258/real_time",216083,647.768,645.855,ns,,,"3x32x258",,,1,3,16,258,3,32,1,1,8
"dot/dot_bf16_bf16_fp32_3x16x1_1x8x1_avx2_fma3/32/345/real_time",161584,868.852,866.181,ns,,,"3x32x345",,,1,3,16,345,3,32,1,1,8
"dot/dot_bf16_bf16_fp32_3x16x1_1x8x1_avx2_fma3/64/1/real_time",6695126,20.874,20.8155,ns,,,"3x64x1",,,1,3,16,1,3,64,1,1,8
"dot/dot_bf16_bf16_fp32_3x16x1_1x8x1_avx2_fma3/64/44/real_time",617107,227.452,226.765,ns,,,"3x64x44",,,1,3,16,44,3,64,1,1,8
"dot/dot_bf16_bf16_fp32_3x16x1_1x8x1_avx2_fma3/64/88/real_time",307579,453.599,452.439,ns,,,"3x64x88",,,1,3,16,88,3,64,1,1,8
"dot/dot_bf16_bf16_fp32_3x16x1_1x8x1_avx2_fma3/64/132/real_time",208250,667.46,665.364,ns,,,"3x64x132",,,1,3,16,132,3,64,1,1,8
"dot/dot_bf16_bf16_fp32_3x16x1_1x8x1_avx2_fma3/64/177/real_time",157241,897.34,894.891,ns,,,"3x64x177",,,1,3,16,177,3,64,1,1,8
"dot/dot_bf16_bf16_fp32_3x16x1_1x8x1_avx2_fma3/128/1/real_time",3949808,35.4697,35.3838,ns,,,"3x128x1",,,1,3,16,1,3,128,1,1,8
"dot/dot_bf16_bf16_fp32_3x16x1_1x8x1_avx2_fma3/128/21/real_time",637850,219.784,218.984,ns,,,"3x128x21",,,1,3,16,21,3,128,1,1,8
"dot/dot_bf16_bf16_fp32_3x16x1_1x8x1_avx2_fma3/128/43/real_time",315198,443.864,442.55,ns,,,"3x128x43",,,1,3,16,43,3,128,1,1,8
"dot/dot_bf16_bf16_fp32_3x16x1_1x8x1_avx2_fma3/128/65/real_time",210913,663.048,661.069,ns,,,"3x128x65",,,1,3,16,65,3,128,1,1,8
"dot/dot_bf16_bf16_fp32_3x16x1_1x8x1_avx2_fma3/128/87/real_time",158741,881.749,879.387,ns,,,"3x128x87",,,1,3,16,87,3,128,1,1,8
"dot/dot_bf16_bf16_fp32_4x16x1_1x8x1_avx2_fma3/16/1/real_time",12943721,10.8214,10.7901,ns,,,"4x16x1",,,1,4,16,1,4,16,1,1,8
"dot/dot_bf16_bf16_fp32_4x16x1_1x8x1_avx2_fma3/16/152/real_time",615640,227.245,226.602,ns,,,"4x16x152",,,1,4,16,152,4,16,1,1,8
"dot/dot_bf16_bf16_fp32_4x16x1_1x8x1_avx2_fma3/16/304/real_time",315615,442.899,441.722,ns,,,"4x16x304",,,1,4,16,304,4,16,1,1,8
"dot/dot_bf16_bf16_fp32_4x16x1_1x8x1_avx2_fma3/16/456/real_time",212440,658.676,656.75,ns,,,"4x16x456",,,1,4,16,456,4,16,1,1,8
"dot/dot_bf16_bf16_fp32_4x16x1_1x8x1_avx2_fma3/16/608/real_time",159797,876.427,873.998,ns,,,"4x16x608",,,1,4,16,608,4,16,1,1,8
"dot/dot_bf16_bf16_fp32_4x16x1_1x8x1_avx2_fma3/32/1/real_time",9269110,15.1057,15.069,ns,,,"4x32x1",,,1,4,16,1,4,32,1,1,8
"dot/dot_bf16_bf16_fp32_4x16x1_1x8x1_avx2_fma3/32/83/real_time",569672,245.851,245.13,ns,,,"4x32x83",,,1,4,16,83,4,32,1,1,8
"dot/dot_bf16_bf16_fp32_4x16x1_1x8x1_avx2_fma3/32/167/real_time",286355,489.06,487.465,ns,,,"4x32x167",,,1,4,16,167,4,32,1,1,8
"dot/dot_bf16_bf16_fp32_4x16x1_1x8x1_avx2_fma3/32/250/real_time",190818,731.489,729.699,ns,,,"4x32x250",,,1,4,16,250,4,32,1,1,8
"dot/dot_bf16_bf16_fp32_4x16x1_1x8x1_avx2_fma3/32/334/real_time",143923,973.056,969.858,ns,,,"4x32x334",,,1,4,16,334,4,32,1,1,8
"dot/dot_bf16_bf16_fp32_4x16x1_1x8x1_avx2_fma3/64/1/real_time",5912970,23.6626,23.5843,ns,,,"4x64x1",,,1,4,16,1,4,64,1,1,8
"dot/dot_bf16_bf16_fp32_4x16x1_1x8x1_avx2_fma3/64/43/real_time",531881,261.777,260.863,ns,,,"4x64x43",,,1,4,16,43,4,64,1,1,8
"dot/dot_bf16_bf16_fp32_4x16x1_1x8x1_avx2_fma3/64/86/real_time",276044,506.657,504.723,ns,,,"4x64x86",,,1,4,16,86,4,64,1,1,8
"dot/dot_bf16_bf16_fp32_4x16x1_1x8x1_avx2_fma3/64/129/real_time",186160,751.077,748.978,ns,,,"4x64x129",,,1,4,16,129,4,64,1,1,8
"dot/dot_bf16_bf16_fp32_4x16x1_1x8x1_avx2_fma3/64/173/real_time",138368,1009.18,1005.81,ns,,,"4x64x173",,,1,4,16,173,4,64,1,1,8
"dot/dot_bf16_bf16_fp32_4x16x1_1x8x1_avx2_fma3/128/1/real_time",3420856,41.1176,40.9716,ns,,,"4x128x1",,,1,4,16,1,4,128,1,1,8
"dot/dot_bf16_bf16_fp32_4x16x1_1x8x1_avx2_fma3/128/21/real_time",530758,264.075,263.183,ns,,,"4x128x21",,,1,4,16,21,4,128,1,1,8
"dot/dot_bf16_bf16_fp32_4x16x1_1x8x1_avx2_fma3/128/42/real_time",273801,513.039,511.399,ns,,,"4x128x42",,,1,4,16,42,4,128,1,1,8
"dot/dot_bf16_bf16_fp32_4x16x1_1x8x1_avx2_fma3/128/63/real_time",187992,741.867,739.866,ns,,,"4x128x63",,,1,4,16,63,4,128,1,1,8
"dot/dot_bf16_bf16_fp32_4x16x1_1x8x1_avx2_fma3/128/85/real_time",140735,995.704,992.735,ns,,,"4x128x85",,,1,4,16,85,4,128,1,1,8
"dot/dot_bf16_bf16_fp32_5x16x1_1x8x1_avx2_fma3/16/1/real_time",11573473,12.1073,12.0733,ns,,,"5x16x1",,,1,5,16,1,5,16,1,1,8
"dot/dot_bf16_bf16_fp32_5x16x1_1x8x1_avx2_fma3/16/144/real_time",557531,251.325,250.624,ns,,,"5x16x144",,,1,5,16,144,5,16,1,1,8
"dot/dot_bf16_bf16_fp32_5x16x1_1x8x1_avx2_fma3/16/288/real_time",285365,490.244,488.964,ns,,,"5x16x288",,,1,5,16,288,5,16,1,1,8
"dot/dot_bf16_bf16_fp32_5x16x1_1x8x1_avx2_fma3/16/432/real_time",192154,729.096,726.972,ns,,,"5x16x432",,,1,5,16,432,5,16,1,1,8
"dot/dot_bf16_bf16_fp32_5x16x1_1x8x1_avx2_fma3/16/577/real_time",144119,971.605,968.449,ns,,,"5x16x577",,,1,5,16,577,5,16,1,1,8
"dot/dot_bf16_bf16_fp32_5x16x1_1x8x1_avx2_fma3/32/1/real_time",8309000,16.8618,16.8118,ns,,,"5x32x1",,,1,5,16,1,5,32,1,1,8
"dot/dot_bf16_bf16_fp32_5x16x1_1x8x1_avx2_fma3/32/80/real_time",510089,277.82,277.075,ns,,,"5x32x80",,,1,5,16,80,5,32,1,1,8
"dot/dot_bf16_bf16_fp32_5x16x1_1x8x1_avx2_fma3/32/161/real_time",253707,552.358,550.612,ns,,,"5x32x161",,,1,5,16,161,5,32,1,1,8
"dot/dot_bf16_bf16_fp32_5x16x1_1x8x1_avx2_fma3/32/242/real_time",170425,822.855,820.373,ns,,,"5x32x242",,,1,5,16,242,5,32,1,1,8
"dot/dot_bf16_bf16_fp32_5x16x1_1x8x1_avx2_fma3/32/323/real_time",128722,1090.99,1088.02,ns,,,"5x32x323",,,1,5,16,323,5,32,1,1,8
"dot/dot_bf16_bf16_fp32_5x16x1_1x8x1_avx2_fma3/64/1/real_time",5340076,26.186,26.1116,ns,,,"5x64x1",,,1,5,16,1,5,64,1,1,8
"dot/dot_bf16_bf16_fp32_5x16x1_1x8x1_avx2_fma3/64/42/real_time",465043,300.555,299.472,ns,,,"5x64x42",,,1,5,16,42,5,64,1,1,8
"dot/dot_bf16_bf16_fp32_5x16x1_1x8x1_avx2_fma3/64/84/real_time",241486,579.955,578.25,ns,,,"5x64x84",,,1,5,16,84,5,64,1,1,8
"dot/dot_bf16_bf16_fp32_5x16x1_1x8x1_avx2_fma3/64/126/real_time",161972,862.012,859.27,ns,,,"5x64x126",,,1,5,16,126,5,64,1,1,8
"dot/dot_bf16_bf16_fp32_5x16x1_1x8x1_avx2_fma3/64/168/real_time",122674,1144.33,1140.97,ns,,,"5x64x168",,,1,5,16,168,5,64,1,1,8
"dot/dot_bf16_bf16_fp32_5x16x1_1x8x1_avx2_fma3/128/1/real_time",3076630,45.4544,45.3316,ns,,,"5x128x1",,,1,5,16,1,5,128,1,1,8
"dot/dot_bf16_bf16_fp32_5x16x1_1x8x1_avx2_fma3/128/20/real_time",480421,294.795,293.901,ns,,,"5x128x20",,,1,5,16,20,5,128,1,1,8
"dot/dot_bf16_bf16_fp32_5x16x1_1x8x1_avx2_fma3/128/41/real_time",240540,582.344,580.579,ns,,,"5x128x41",,,1,5,16,41,5,128,1,1,8
"dot/dot_bf16_bf16_fp32_5x16x1_1x8x1_avx2_fma3/128/61/real_time",164760,846.762,844.212,ns,,,"5x128x61",,,1,5,16,61,5,128,1,1,8
"dot/dot_bf16_bf16_fp32_5x16x1_1x8x1_avx2_fma3/128/82/real_time",123744,1124.07,1120.55,ns,,,"5x128x82",,,1,5,16,82,5,128,1,1,8
"dot/dot_bf16_bf16_fp32_8x8x1_1x8x1_avx2_fma3/8/1/real_time",11872504,11.7996,11.7709,ns,,,"8x8x1",,,1,8,8,1,8,8,1,1,8
"dot/dot_bf16_bf16_fp32_8x8x1_1x8x1_avx2_fma3/8/190/real_time",431946,323.941,322.977,ns,,,"8x8x190",,,1,8,8,190,8,8,1,1,8
"dot/dot_bf16_bf16_fp32_8x8x1_1x8x1_avx2_fma3/8/380/real_time",221025,636.942,635.199,ns,,,"8x8x380",,,1,8,8,380,8,8,1,1,8
"dot/dot_bf16_bf16_fp32_8x8x1_1x8x1_avx2_fma3/8/570/real_time",147273,948.559,945.735,ns,,,"8x8x570",,,1,8,8,570,8,8,1,1,8
"dot/dot_bf16_bf16_fp32_8x8x1_1x8x1_avx2_fma3/8/760/real_time",110793,1268.45,1264.74,ns,,,"8x8x760",,,1,8,8,760,8,8,1,1,8
"dot/dot_bf16_bf16_fp32_8x8x1_1x8x1_avx2_fma3/16/1/real_time",8668455,16.1276,16.0886,ns,,,"8x16x1",,,1,8,8,1,8,16,1,1,8
"dot/dot_bf16_bf16_fp32_8x8x1_1x8x1_avx2_fma3/16/125/real_time",329003,426.511,425.246,ns,,,"8x16x125",,,1,8,8,125,8,16,1,1,8
"dot/dot_bf16_bf16_fp32_8x8x1_1x8x1_avx2_fma3/16/250/real_time",166570,843.433,840.91,ns,,,"8x16x250",,,1,8,8,250,8,16,1,1,8
"dot/dot_bf16_bf16_fp32_8x8x1_1x8x1_avx2_fma3/16/375/real_time",109264,1250.56,1246.59,ns,,,"8x16x375",,,1,8,8,375,8,16,1,1,8
"dot/dot_bf16_bf16_fp32_8x8x1_1x8x1_avx2_fma3/16/501/real_time",84650,1664.75,1658.93,ns,,,"8x16x501",,,1,8,8,501,8,16,1,1,8
"dot/dot_bf16_bf16_fp32_8x8x1_1x8x1_avx2_fma3/32/1/real_time",5790548,24.2453,24.1627,ns,,,"8x32x1",,,1,8,8,1,8,32,1,1,8
"dot/dot_bf16_bf16_fp32_8x8x1_1x8x1_avx2_fma3/32/73/real_time",278861,499.294,497.949,ns,,,"8x32x73",,,1,8,8,73,8,32,1,1,8
"dot/dot_bf16_bf16_fp32_8x8x1_1x8x1_avx2_fma3/32/147/real_time",140607,993.572,990.372,ns,,,"8x32x147",,,1,8,8,147,8,32,1,1,8
"dot/dot_bf16_bf16_fp32_8x8x1_1x8x1_avx2_fma3/32/220/real_time",94407,1477.64,1473.24,ns,,,"8x32x220",,,1,8,8,220,8,32,1,1,8
"dot/dot_bf16_bf16_fp32_8x8x1_1x8x1_avx2_fma3/32/294/real_time",71611,1962.94,1956.07,ns,,,"8x32x294",,,1,8,8,294,8,32,1,1,8
"dot/dot_bf16_bf16_fp32_8x8x1_1x8x1_avx2_fma3/64/1/real_time",3490253,40.1916,40.0299,ns,,,"8x64x1",,,1,8,8,1,8,64,1,1,8
"dot/dot_bf16_bf16_fp32_8x8x1_1x8x1_avx2_fma3/64/39/real_time",257443,546.835,545.113,ns,,,"8x64x39",,,1,8,8,39,8,64,1,1,8
"dot/dot_bf16_bf16_fp32_8x8x1_1x8x1_avx2_fma3/64/78/real_time",132591,1059.14,1055.01,ns,,,"8x64x78",,,1,8,8,78,8,64,1,1,8
"dot/dot_bf16_bf16_fp32_8x8x1_1x8x1_avx2_fma3/64/117/real_time",88847,1574.26,1569.14,ns,,,"8x64x117",,,1,8,8,117,8,64,1,1,8
"dot/dot_bf16_bf16_fp32_8x8x1_1x8x1_avx2_fma3/64/156/real_time",67572,2097.59,2090.86,ns,,,"8x64x156",,,1,8,8,156,8,64,1,1,8
"dot/dot_bf16_bf16_fp32_10x8x1_1x8x1_avx2_fma3/8/1/real_time",9913111,14.1535,14.1103,ns,,,"10x8x1",,,1,10,8,1,10,8,1,1,8
"dot/dot_bf16_bf16_fp32_10x8x1_1x8x1_avx2_fma3/8/168/real_time",410913,340.683,339.527,ns,,,"10x8x168",,,1,10,8,168,10,8,1,1,8
"dot/dot_bf16_bf16_fp32_10x8x1_1x8x1_avx2_fma3/8/336/real_time",210451,663.484,661.398,ns,,,"10x8x336",,,1,10,8,336,10,8,1,1,8
"dot/dot_bf16_bf16_fp32_10x8x1_1x8x1_avx2_fma3/8/504/real_time",141506,989.767,986.145,ns,,,"10x8x504",,,1,10,8,504,10,8,1,1,8
"dot/dot_bf16_bf16_fp32_10x8x1_1x8x1_avx2_fma3/8/673/real_time",106254,1319.41,1314.38,ns,,,"10x8x673",,,1,10,8,673,10,8,1,1,8
"dot/dot_bf16_bf16_fp32_10x8x1_1x8x1_avx2_fma3/16/1/real_time",7391047,18.9264,18.876,ns,,,"10x16x1",,,1,10,8,1,10,16,1,1,8
"dot/dot_bf16_bf16_fp32_10x8x1_1x8x1_avx2_fma3/16/115/real_time",300648,464.486,463.175,ns,,,"10x16x115",,,1,10,8,115,10,16,1,1,8
"dot/dot_bf16_bf16_fp32_10x8x1_1x8x1_avx2_fma3/16/230/real_time",154397,907.288,903.713,ns,,,"10x16x230",,,1,10,8,230,10,16,1,1,8
"dot/dot_bf16_bf16_fp32_10x8x1_1x8x1_avx2_fma3/16/345/real_time",103710,1353.82,1348.53,ns,,,"10x16x345",,,1,10,8,345,10,16,1,1,8
"dot/dot_bf16_bf16_fp32_10x8x1_1x8x1_avx2_fma3/16/460/real_time",77489,1795.97,1791.01,ns,,,"10x16x460",,,1,10,8,460,10,16,1,1,8
"dot/dot_bf16_bf16_fp32_10x8x1_1x8x1_avx2_fma3/32/1/real_time",4914731,28.479,28.3843,ns,,,"10x32x1",,,1,10,8,1,10,32,1,1,8
"dot/dot_bf16_bf16_fp32_10x8x1_1x8x1_avx2_fma3/32/69/real_time",251016,557.716,556.042,ns,,,"10x32x69",,,1,10,8,69,10,32,1,1,8
"dot/dot_bf16_bf16_fp32_10x8x1_1x8x1_avx2_fma3/32/138/real_time",127491,1095.71,1092.33,ns,,,"10x32x138",,,1,10,8,138,10,32,1,1,8
"dot/dot_bf16_bf16_fp32_10x8x1_1x8x1_avx2_fma3/32/207/real_time",86220,1623.93,1619.39,ns,,,"10x32x207",,,1,10,8,207,10,32,1,1,8
"dot/dot_bf16_bf16_fp32_10x8x1_1x8x1_avx2_fma3/32/277/real_time",64096,2167.56,2161.55,ns,,,"10x32x277",,,1,10,8,277,10,32,1,1,8
"dot/dot_bf16_bf16_fp32_10x8x1_1x8x1_avx2_fma3/64/1/real_time",2787664,50.322,50.1654,ns,,,"10x64x1",,,1,10,8,1,10,64,1,1,8
"dot/dot_bf16_bf16_fp32_10x8x1_1x8x1_avx2_fma3/64/37/real_time",227892,616.013,614.015,ns,,,"10x64x37",,,1,10,8,37,10,64,1,1,8
"dot/dot_bf16_bf16_fp32_10x8x1_1x8x1_avx2_fma3/64/74/real_time",117808,1188.37,1184.85,ns,,,"10x64x74",,,1,10,8,74,10,64,1,1,8
"dot/dot_bf16_bf16_fp32_10x8x1_1x8x1_avx2_fma3/64/111/real_time",79728,1769.09,1764.22,ns,,,"10x64x111",,,1,10,8,111,10,64,1,1,8
"dot/dot_bf16_bf16_fp32_10x8x1_1x8x1_avx2_fma3/64/148/real_time",60242,2329.32,2322.1,ns,,,"10x64x148",,,1,10,8,148,10,64,1,1,8
"dot/dot_fp32_1x1x8_1x1x8_avx2_fma3/1/8/real_time",22002571,6.32948,6.31348,ns,,,"1x1x8",,,8,1,1,8,1,1,8,1,1
"dot/dot_fp32_1x1x8_1x1x8_avx2_fma3/1/760/real_time",2291834,61.1924,61.0219,ns,,,"1x1x760",,,8,1,1,760,1,1,8,1,1
"dot/dot_fp32_1x1x8_1x1x8_avx2_fma3/1/1528/real_time",1001022,139.935,139.623,ns,,,"1x1x1528",,,8,1,1,1528,1,1,8,1,1
"dot/dot_fp32_1x1x8_1x1x8_avx2_fma3/1/2296/real_time",615375,227.679,227.017,ns,,,"1x1x2296",,,8,1,1,2296,1,1,8,1,1
"dot/dot_fp32_1x1x8_1x1x8_avx2_fma3/1/3064/real_time",438779,319.381,318.455,ns,,,"1x1x3064",,,8,1,1,3064,1,1,8,1,1
"dot/dot_fp32_1x1x8_1x1x8_avx2_fma3/2/8/real_time",17069500,8.22014,8.20108,ns,,,"1x2x8",,,8,1,1,8,1,2,8,1,1
"dot/dot_fp32_1x1x8_1x1x8_avx2_fma3/2/504/real_time",1884875,73.7485,73.5384,ns,,,"1x2x504",,,8,1,1,504,1,2,8,1,1
"dot/dot_fp32_1x1x8_1x1x8_avx2_fma3/2/1016/real_time",859804,162.744,162.327,ns,,,"1x2x1016",,,8,1,1,1016,1,2,8,1,1
"dot/dot_fp32_1x1x8_1x1x8_avx2_fma3/2/1528/real_time",517037,270.503,269.703,ns,,,"1x2x1528",,,8,1,1,1528,1,2,8,1,1
"dot/dot_fp32_1x1x8_1x1x8_avx2_fma3/2/2040/real_time",366864,380.915,379.991,ns,,,"1x2x2040",,,8,1,1,2040,1,2,8,1,1
"dot/dot_fp32_1x1x8_1x1x8_avx2_fma3/4/8/real_time",11947562,11.7801,11.7493,ns,,,"1x4x8",,,8,1,1,8,1,4,8,1,1
"dot/dot_fp32_1x1x8_1x1x8_avx2_fma3/4/304/real_time",1682451,85.058,84.83,ns,,,"1x4x304",,,8,1,1,304,1,4,8,1,1
"dot/dot_fp32_1x1x8_1x1x8_avx2_fma3/4/608/real_time",792407,176.706,176.273,ns,,,"1x4x608",,,8,1,1,608,1,4,8,1,1
"dot/dot_fp32_1x1x8_1x1x8_avx2_fma3/4/912/real_time",496979,282.355,281.565,ns,,,"1x4x912",,,8,1,1,912,1,4,8,1,1
"dot/dot_fp32_1x1x8_1x1x8_avx2_fma3/4/1224/real_time",349216,401.285,400.206,ns,,,"1x4x1224",,,8,1,1,1224,1,4,8,1,1
"dot/dot_fp32_1x1x8_1x1x8_avx2_fma3/8/8/real_time",7187789,19.4231,19.3691,ns,,,"1x8x8",,,8,1,1,8,1,8,8,1,1
"dot/dot_fp32_1x1x8_1x1x8_avx2_fma3/8/168/real_time",1580629,89.3109,89.0516,ns,,,"1x8x168",,,8,1,1,168,1,8,8,1,1
"dot/dot_fp32_1x1x8_1x1x8_avx2_fma3/8/336/real_time",825938,179.693,179.201,ns,,,"1x8x336",,,8,1,1,336,1,8,8,1,1
"dot/dot_fp32_1x1x8_1x1x8_avx2_fma3/8/504/real_time",537713,262.699,262.013,ns,,,"1x8x504",,,8,1,1,504,1,8,8,1,1
"dot/dot_fp32_1x1x8_1x1x8_avx2_fma3/8/680/real_time",352412,396.768,395.827,ns,,,"1x8x680",,,8,1,1,680,1,8,8,1,1
"dot/dot_fp32_2x1x8_1x1x8_avx2_fma3/1/8/real_time",18646181,7.57286,7.55258,ns,,,"2x1x8",,,8,2,1,8,2,1,8,1,1
"dot/dot_fp32_2x1x8_1x1x8_avx2_fma3/1/504/real_time",2962224,47.2276,47.1149,ns,,,"2x1x504",,,8,2,1,504,2,1,8,1,1
"dot/dot_fp32_2x1x8_1x1x8_avx2_fma3/1/1016/real_time",1427953,98.2928,98.0203,ns,,,"2x1x1016",,,8,2,1,1016,2,1,8,1,1
"dot/dot_fp32_2x1x8_1x1x8_avx2_fma3/1/1528/real_time",882347,158.741,158.362,ns,,,"2x1x1528",,,8,2,1,1528,2,1,8,1,1
"dot/dot_fp32_2x1x8_1x1x8_avx2_fma3/1/2040/real_time",638723,219.126,218.657,ns,,,"2x1x2040",,,8,2,1,2040,2,1,8,1,1
"dot/dot_fp32_2x1x8_1x1x8_avx2_fma3/2/8/real_time",13752929,9.91713,9.88437,ns,,,"2x2x8",,,8,2,1,8,2,2,8,1,1
"dot/dot_fp32_2x1x8_1x1x8_avx2_fma3/2/376/real_time",2065582,67.7452,67.55,ns,,,"2x2x376",,,8,2,1,376,2,2,8,1,1
"dot/dot_fp32_2x1x8_1x1x8_avx2_fma3/2/760/real_time",1002827,139.022,138.695,ns,,,"2x2x760",,,8,2,1,760,2,2,8,1,1
"dot/dot_fp32_2x1x8_1x1x8_avx2_fma3/2/1144/real_time",640660,218.709,218.098,ns,,,"2x2x1144",,,8,2,1,1144,2,2,8,1,1
"dot/dot_fp32_2x1x8_1x1x8_avx2_fma3/2/1528/real_time",451065,310.254,309.46,ns,,,"2x2x1528",,,8,2,1,1528,2,2,8,1,1
"dot/dot_fp32_2x1x8_1x1x8_avx2_fma3/4/8/real_time",9339082,14.8452,14.811,ns,,,"2x4x8",,,8,2,1,8,2,4,8,1,1
"dot/dot_fp32_2x1x8_1x1x8_avx2_fma3/4/248/real_time",1901845,73.7204,73.5119,ns,,,"2x4x248",,,8,2,1,248,2,4,8,1,1
"dot/dot_fp32_2x1x8_1x1x8_avx2_fma3/4/504/real_time",787012,177.977,177.478,ns,,,"2x4x504",,,8,2,1,504,2,4,8,1,1
"dot/dot_fp32_2x1x8_1x1x8_avx2_fma3/4/760/real_time",503968,277.255,276.625,ns,,,"2x4x760",,,8,2,1,760,2,4,8,1,1
"dot/dot_fp32_2x1x8_1x1x8_avx2_fma3/4/1016/real_time",375069,373.046,372.077,ns,,,"2x4x1016",,,8,2,1,1016,2,4,8,1,1
"dot/dot_fp32_2x1x8_1x1x8_avx2_fma3/8/8/real_time",5627627,24.8777,24.8075,ns,,,"2x8x8",,,8,2,1,8,2,8,8,1,1
"dot/dot_fp32_2x1x8_1x1x8_avx2_fma3/8/152/real_time",1504548,93.0693,92.8524,ns,,,"2x8x152",,,8,2,1,152,2,8,8,1,1
"dot/dot_fp32_2x1x8_1x1x8_avx2_fma3/8/304/real_time",753967,185.378,184.851,ns,,,"2x8x304",,,8,2,1,304,2,8,8,1,1
"dot/dot_fp32_2x1x8_1x1x8_avx2_fma3/8/456/real_time",441863,316.891,316.05,ns,,,"2x8x456",,,8,2,1,456,2,8,8,1,1
"dot/dot_fp32_2x1x8_1x1x8_avx2_fma3/8/608/real_time",331406,422.137,421.036,ns,,,"2x8x608",,,8,2,1,608,2,8,8,1,1
"dot/dot_fp32_4x1x8_1x1x8_avx2_fma3/1/8/real_time",13432607,10.2809,10.2518,ns,,,"4x1x8",,,8,4,1,8,4,1,8,1,1
"dot/dot_fp32_4x1x8_1x1x8_avx2_fma3/1/304/real_time",3348357,41.8496,41.747,ns,,,"4x1x304",,,8,4,1,304,4,1,8,1,1
"dot/dot_fp32_4x1x8_1x1x8_avx2_fma3/1/608/real_time",1905798,73.4869,73.2985,ns,,,"4x1x608",,,8,4,1,608,4,1,8,1,1
"dot/dot_fp32_4x1x8_1x1x8_avx2_fma3/1/912/real_time",1273223,109.852,109.572,ns,,,"4x1x912",,,8,4,1,912,4,1,8,1,1
"dot/dot_fp32_4x1x8_1x1x8_avx2_fma3/1/1224/real_time",954705,146.762,146.405,ns,,,"4x1x1224",,,8,4,1,1224,4,1,8,1,1
"dot/dot_fp32_4x1x8_1x1x8_avx2_fma3/2/8/real_time",9718779,14.3877,14.3415,ns,,,"4x2x8",,,8,4,1,8,4,2,8,1,1
"dot/dot_fp32_4x1x8_1x1x8_avx2_fma3/2/248/real_time",2248892,62.6654,62.4972,ns,,,"4x2x248",,,8,4,1,248,4,2,8,1,1
"dot/dot_fp32_4x1x8_1x1x8_avx2_fma3/2/504/real_time",1176374,118.533,118.192,ns,,,"4x2x504",,,8,4,1,504,4,2,8,1,1
"dot/dot_fp32_4x1x8_1x1x8_avx2_fma3/2/760/real_time",782997,178.502,177.986,ns,,,"4x2x760",,,8,4,1,760,4,2,8,1,1
"dot/dot_fp32_4x1x8_1x1x8_avx2_fma3/2/1016/real_time",583519,239.64,238.846,ns,,,"4x2x1016",,,8,4,1,1016,4,2,8,1,1
"dot/dot_fp32_4x1x8_1x1x8_avx2_fma3/4/8/real_time",6217504,22.5784,22.5174,ns,,,"4x4x8",,,8,4,1,8,4,4,8,1,1
"dot/dot_fp32_4x1x8_1x1x8_avx2_fma3/4/184/real_time",1571842,89.0194,88.7548,ns,,,"4x4x184",,,8,4,1,184,4,4,8,1,1
"dot/dot_fp32_4x1x8_1x1x8_avx2_fma3/4/376/real_time",785777,178.185,177.707,ns,,,"4x4x376",,,8,4,1,376,4,4,8,1,1
"dot/dot_fp32_4x1x8_1x1x8_avx2_fma3/4/568/real_time",534398,262.108,261.288,ns,,,"4x4x568",,,8,4,1,568,4,4,8,1,1
"dot/dot_fp32_4x1x8_1x1x8_avx2_fma3/4/760/real_time",398412,351.565,350.668,ns,,,"4x4x760",,,8,4,1,760,4,4,8,1,1
"dot/dot_fp32_4x1x8_1x1x8_avx2_fma3/8/8/real_time",3622956,38.692,38.5902,ns,,,"4x8x8",,,8,4,1,8,4,8,8,1,1
"dot/dot_fp32_4x1x8_1x1x8_avx2_fma3/8/120/real_time",1137557,123.239,122.859,ns,,,"4x8x120",,,8,4,1,120,4,8,8,1,1
"dot/dot_fp32_4x1x8_1x1x8_avx2_fma3/8/248/real_time",596981,233.583,232.965,ns,,,"4x8x248",,,8,4,1,248,4,8,8,1,1
"dot/dot_fp32_4x1x8_1x1x8_avx2_fma3/8/376/real_time",396628,352.824,351.864,ns,,,"4x8x376",,,8,4,1,376,4,8,8,1,1
"dot/dot_fp32_4x1x8_1x1x8_avx2_fma3/8/504/real_time",302045,463.592,462.412,ns,,,"4x8x504",,,8,4,1,504,4,8,8,1,1
"dot/dot_fp32_8x1x8_1x1x8_avx2_fma3/1/8/real_time",10343960,13.7068,13.6696,ns,,,"8x1x8",,,8,8,1,8,8,1,8,1,1
"dot/dot_fp32_8x1x8_1x1x8_avx2_fma3/1/168/real_time",3591343,39.0238,38.9052,ns,,,"8x1x168",,,8,8,1,168,8,1,8,1,1
"dot/dot_fp32_8x1x8_1x1x8_avx2_fma3/1/336/real_time",1972396,71.0652,70.8245,ns,,,"8x1x336",,,8,8,1,336,8,1,8,1,1
"dot/dot_fp32_8x1x8_1x1x8_avx2_fma3/1/504/real_time",1448893,96.7717,96.5088,ns,,,"8x1x504",,,8,8,1,504,8,1,8,1,1
"dot/dot_fp32_8x1x8_1x1x8_avx2_fma3/1/680/real_time",1128753,123.979,123.642,ns,,,"8x1x680",,,8,8,1,680,8,1,8,1,1
"dot/dot_fp32_8x1x8_1x1x8_avx2_fma3/2/8/real_time",6889574,20.4331,20.3738,ns,,,"8x2x8",,,8,8,1,8,8,2,8,1,1
"dot/dot_fp32_8x1x8_1x1x8_avx2_fma3/2/152/real_time",2163300,64.638,64.4461,ns,,,"8x2x152",,,8,8,1,152,8,2,8,1,1
"dot/dot_fp32_8x1x8_1x1x8_avx2_fma3/2/304/real_time",1136085,123.335,123.007,ns,,,"8x2x304",,,8,8,1,304,8,2,8,1,1
"dot/dot_fp32_8x1x8_1x1x8_avx2_fma3/2/456/real_time",824245,170.05,169.564,ns,,,"8x2x456",,,8,8,1,456,8,2,8,1,1
"dot/dot_fp32_8x1x8_1x1x8_avx2_fma3/2/608/real_time",638566,219.202,218.555,ns,,,"8x2x608",,,8,8,1,608,8,2,8,1,1
"dot/dot_fp32_8x1x8_1x1x8_avx2_fma3/4/8/real_time",4478097,31.2427,31.1739,ns,,,"8x4x8",,,8,8,1,8,8,4,8,1,1
"dot/dot_fp32_8x1x8_1x1x8_avx2_fma3/4/120/real_time",1383430,101.106,100.792,ns,,,"8x4x120",,,8,8,1,120,8,4,8,1,1
"dot/dot_fp32_8x1x8_1x1x8_avx2_fma3/4/248/real_time",722603,193.409,192.944,ns,,,"8x4x248",,,8,8,1,248,8,4,8,1,1
"dot/dot_fp32_8x1x8_1x1x8_avx2_fma3/4/376/real_time",498168,281.148,280.457,ns,,,"8x4x376",,,8,8,1,376,8,4,8,1,1
"dot/dot_fp32_8x1x8_1x1x8_avx2_fma3/4/504/real_time",385736,362.785,361.84,ns,,,"8x4x504",,,8,8,1,504,8,4,8,1,1
"dot/dot_fp32_8x1x8_1x1x8_avx2_fma3/8/8/real_time",2565479,54.5544,54.4133,ns,,,"8x8x8",,,8,8,1,8,8,8,8,1,1
"dot/dot_fp32_8x1x8_1x1x8_avx2_fma3/8/88/real_time",906586,154.413,153.997,ns,,,"8x8x88",,,8,8,1,88,8,8,8,1,1
"dot/dot_fp32_8x1x8_1x1x8_avx2_fma3/8/184/real_time",510939,273.949,273.131,ns,,,"8x8x184",,,8,8,1,184,8,8,8,1,1
"dot/dot_fp32_8x1x8_1x1x8_avx2_fma3/8/280/real_time",335983,409.82,408.736,ns,,,"8x8x280",,,8,8,1,280,8,8,8,1,1
"dot/dot_fp32_8x1x8_1x1x8_avx2_fma3/8/376/real_time",252596,554.283,552.72,ns,,,"8x8x376",,,8,8,1,376,8,8,8,1,1
"dot/dot_fp32_1x16x2_1x4x2_avx2_fma3/16/2/real_time",19511631,7.17632,7.15907,ns,,,"1x16x2",,,2,1,16,2,1,16,2,1,4
"dot/dot_fp32_1x16x2_1x4x2_avx2_fma3/16/90/real_time",3495811,39.9113,39.811,ns,,,"1x16x90",,,2,1,16,90,1,16,2,1,4
"dot/dot_fp32_1x16x2_1x4x2_avx2_fma3/16/180/real_time",1714786,81.652,81.4305,ns,,,"1x16x180",,,2,1,16,180,1,16,2,1,4
"dot/dot_fp32_1x16x2_1x4x2_avx2_fma3/16/270/real_time",1124711,124.639,124.329,ns,,,"1x16x270",,,2,1,16,270,1,16,2,1,4
"dot/dot_fp32_1x16x2_1x4x2_avx2_fma3/16/360/real_time",835239,167.651,167.237,ns,,,"1x16x360",,,2,1,16,360,1,16,2,1,4
"dot/dot_fp32_1x16x2_1x4x2_avx2_fma3/32/2/real_time",14587785,9.63078,9.60327,ns,,,"1x32x2",,,2,1,16,2,1,32,2,1,4
"dot/dot_fp32_1x16x2_1x4x2_avx2_fma3/32/46/real_time",3741085,37.4952,37.401,ns,,,"1x32x46",,,2,1,16,46,1,32,2,1,4
"dot/dot_fp32_1x16x2_1x4x2_avx2_fma3/32/92/real_time",1856433,76.04,75.821,ns,,,"1x32x92",,,2,1,16,92,1,32,2,1,4
"dot/dot_fp32_1x16x2_1x4x2_avx2_fma3/32/138/real_time",1179778,118.545,118.257,ns,,,"1x32x138",,,2,1,16,138,1,32,2,1,4
"dot/dot_fp32_1x16x2_1x4x2_avx2_fma3/32/184/real_time",861430,162.392,162.011,ns,,,"1x32x184",,,2,1,16,184,1,32,2,1,4
"dot/dot_fp32_1x16x2_1x4x2_avx2_fma3/64/2/real_time",9627053,14.5344,14.4936,ns,,,"1x64x2",,,2,1,16,2,1,64,2,1,4
"dot/dot_fp32_1x16x2_1x4x2_avx2_fma3/64/22/real_time",3348699,41.8562,41.7499,ns,,,"1x64x22",,,2,1,16,22,1,64,2,1,4
"dot/dot_fp32_1x16x2_1x4x2_avx2_fma3/64/46/real_time",2000125,70.1081,69.9189,ns,,,"1x64x46",,,2,1,16,46,1,64,2,1,4
"dot/dot_fp32_1x16x2_1x4x2_avx2_fma3/64/68/real_time",1344540,103.921,103.622,ns,,,"1x64x68",,,2,1,16,68,1,64,2,1,4
"dot/dot_fp32_1x16x2_1x4x2_avx2_fma3/64/92/real_time",958806,145.796,145.419,ns,,,"1x64x92",,,2,1,16,92,1,64,2,1,4
"dot/dot_fp32_1x16x2_1x4x2_avx2_fma3/128/2/real_time",5696479,24.5518,24.4824,ns,,,"1x128x2",,,2,1,16,2,1,128,2,1,4
"dot/dot_fp32_1x16x2_1x4x2_avx2_fma3/128/10/real_time",3054978,45.7886,45.6579,ns,,,"1x128x10",,,2,1,16,10,1,128,2,1,4
"dot/dot_fp32_1x16x2_1x4x2_avx2_fma3/128/22/real_time",1832510,76.168,75.9642,ns,,,"1x128x22",,,2,1,16,22,1,128,2,1,4
"dot/dot_fp32_1x16x2_1x4x2_avx2_fma3/128/34/real_time",1324590,105.357,105.042,ns,,,"1x128x34",,,2,1,16,34,1,128,2,1,4
"dot/dot_fp32_1x16x2_1x4x2_avx2_fma3/128/46/real_time",1030807,136.014,135.604,ns,,,"1x128x46",,,2,1,16,46,1,128,2,1,4
"dot/dot_fp32_2x16x2_1x4x2_avx2_fma3/16/2/real_time",14950144,9.35051,9.32408,ns,,,"2x16x2",,,2,2,16,2,2,16,2,1,4
"dot/dot_fp32_2x16x2_1x4x2_avx2_fma3/16/84/real_time",2756100,50.7191,50.6052,ns,,,"2x16x84",,,2,2,16,84,2,16,2,1,4
"dot/dot_fp32_2x16x2_1x4x2_avx2_fma3/16/168/real_time",1480533,94.6964,94.4415,ns,,,"2x16x168",,,2,2,16,168,2,16,2,1,4
"dot/dot_fp32_2x16x2_1x4x2_avx2_fma3/16/252/real_time",1010800,139.072,138.696,ns,,,"2x16x252",,,2,2,16,252,2,16,2,1,4
"dot/dot_fp32_2x16x2_1x4x2_avx2_fma3/16/338/real_time",735259,187.141,186.729,ns,,,"2x16x338",,,2,2,16,338,2,16,2,1,4
"dot/dot_fp32_2x16x2_1x4x2_avx2_fma3/32/2/real_time",10436873,13.3773,13.3395,ns,,,"2x32x2",,,2,2,16,2,2,32,2,1,4
"dot/dot_fp32_2x16x2_1x4x2_avx2_fma3/32/44/real_time",2530983,55.6173,55.4626,ns,,,"2x32x44",,,2,2,16,44,2,32,2,1,4
"dot/dot_fp32_2x16x2_1x4x2_avx2_fma3/32/88/real_time",1384755,100.638,100.334,ns,,,"2x32x88",,,2,2,16,88,2,32,2,1,4
"dot/dot_fp32_2x16x2_1x4x2_avx2_fma3/32/132/real_time",959758,145.585,145.213,ns,,,"2x32x132",,,2,2,16,132,2,32,2,1,4
"dot/dot_fp32_2x16x2_1x4x2_avx2_fma3/32/178/real_time",736101,190.968,190.488,ns,,,"2x32x178",,,2,2,16,178,2,32,2,1,4
"dot/dot_fp32_2x16x2_1x4x2_avx2_fma3/64/2/real_time",6665006,20.9781,20.9232,ns,,,"2x64x2",,,2,2,16,2,2,64,2,1,4
"dot/dot_fp32_2x16x2_1x4x2_avx2_fma3/64/22/real_time",2320488,59.684,59.4986,ns,,,"2x64x22",,,2,2,16,22,2,64,2,1,4
"dot/dot_fp32_2x16x2_1x4x2_avx2_fma3/64/44/real_time",1339231,105.44,105.113,ns,,,"2x64x44",,,2,2,16,44,2,64,2,1,4
"dot/dot_fp32_2x16x2_1x4x2_avx2_fma3/64/66/real_time",926503,151.637,151.252,ns,,,"2x64x66",,,2,2,16,66,2,64,2,1,4
"dot/dot_fp32_2x16x2_1x4x2_avx2_fma3/64/90/real_time",704966,199.052,198.493,ns,,,"2x64x90",,,2,2,16,90,2,64,2,1,4
"dot/dot_fp32_2x16x2_1x4x2_avx2_fma3/128/2/real_time",3864232,36.2513,36.1348,ns,,,"2x128x2",,,2,2,16,2,2,128,2,1,4
"dot/dot_fp32_2x16x2_1x4x2_avx2_fma3/128/10/real_time",2127321,66.0873,65.8658,ns,,,"2x128x10",,,2,2,16,10,2,128,2,1,4
"dot/dot_fp32_2x16x2_1x4x2_avx2_fma3/128/22/real_time",1221324,115.507,115.161,ns,,,"2x128x22",,,2,2,16,22,2,128,2,1,4
"dot/dot_fp32_2x16x2_1x4x2_avx2_fma3/128/32/real_time",909916,153.939,153.395,ns,,,"2x128x32",,,2,2,16,32,2,128,2,1,4
"dot/dot_fp32_2x16x2_1x4x2_avx2_fma3/128/44/real_time",661702,207.442,206.688,ns,,,"2x128x44",,,2,2,16,44,2,128,2,1,4
"dot/dot_fp32_1x8x2_1x4x2_avx2_fma3/8/2/real_time",20814050,6.73466,6.71733,ns,,,"1x8x2",,,2,1,8,2,1,8,2,1,4
"dot/dot_fp32_1x8x2_1x4x2_avx2_fma3/8/170/real_time",2404939,58.3058,58.1688,ns,,,"1x8x170",,,2,1,8,170,1,8,2,1,4
"dot/dot_fp32_1x8x2_1x4x2_avx2_fma3/8/340/real_time",1048339,133.322,132.93,ns,,,"1x8x340",,,2,1,8,340,1,8,2,1,4
"dot/dot_fp32_1x8x2_1x4x2_avx2_fma3/8/510/real_time",653713,214.324,213.816,ns,,,"1x8x510",,,2,1,8,510,1,8,2,1,4
"dot/dot_fp32_1x8x2_1x4x2_avx2_fma3/8/680/real_time",473165,295.485,294.727,ns,,,"1x8x680",,,2,1,8,680,1,8,2,1,4
"dot/dot_fp32_1x8x2_1x4x2_avx2_fma3/16/2/real_time",16251479,8.61712,8.59462,ns,,,"1x16x2",,,2,1,8,2,1,16,2,1,4
"dot/dot_fp32_1x8x2_1x4x2_avx2_fma3/16/90/real_time",2495987,57.1223,56.9796,ns,,,"1x16x90",,,2,1,8,90,1,16,2,1,4
"dot/dot_fp32_1x8x2_1x4x2_avx2_fma3/16/180/real_time",1184911,117.734,117.439,ns,,,"1x16x180",,,2,1,8,180,1,16,2,1,4
"dot/dot_fp32_1x8x2_1x4x2_avx2_fma3/16/270/real_time",723363,193.878,193.341,ns,,,"1x16x270",,,2,1,8,270,1,16,2,1,4
"dot/dot_fp32_1x8x2_1x4x2_avx2_fma3/16/360/real_time",499212,280.091,279.21,ns,,,"1x16x360",,,2,1,8,360,1,16,2,1,4
"dot/dot_fp32_1x8x2_1x4x2_avx2_fma3/32/2/real_time",10743135,12.94,12.9039,ns,,,"1x32x2",,,2,1,8,2,1,32,2,1,4
"dot/dot_fp32_1x8x2_1x4x2_avx2_fma3/32/46/real_time",2487843,58.1009,57.9664,ns,,,"1x32x46",,,2,1,8,46,1,32,2,1,4
"dot/dot_fp32_1x8x2_1x4x2_avx2_fma3/32/92/real_time",1281607,108.948,108.625,ns,,,"1x32x92",,,2,1,8,92,1,32,2,1,4
"dot/dot_fp32_1x8x2_1x4x2_avx2_fma3/32/138/real_time",810375,172.87,172.453,ns,,,"1x32x138",,,2,1,8,138,1,32,2,1,4
"dot/dot_fp32_1x8x2_1x4x2_avx2_fma3/32/184/real_time",594227,234.757,234.126,ns,,,"1x32x184",,,2,1,8,184,1,32,2,1,4
"dot/dot_fp32_1x8x2_1x4x2_avx2_fma3/64/2/real_time",6468262,21.6527,21.5943,ns,,,"1x64x2",,,2,1,8,2,1,64,2,1,4
"dot/dot_fp32_1x8x2_1x4x2_avx2_fma3/64/22/real_time",2424384,57.8209,57.6415,ns,,,"1x64x22",,,2,1,8,22,1,64,2,1,4
"dot/dot_fp32_1x8x2_1x4x2_avx2_fma3/64/46/real_time",1322312,105.76,105.47,ns,,,"1x64x46",,,2,1,8,46,1,64,2,1,4
"dot/dot_fp32_1x8x2_1x4x2_avx2_fma3/64/68/real_time",875080,163.673,163.185,ns,,,"1x64x68",,,2,1,8,68,1,64,2,1,4
"dot/dot_fp32_1x8x2_1x4x2_avx2_fma3/64/92/real_time",660636,208.241,207.692,ns,,,"1x64x92",,,2,1,8,92,1,64,2,1,4
"dot/dot_fp32_3x8x2_1x4x2_avx2_fma3/8/2/real_time",14511634,9.65573,9.62803,ns,,,"3x8x2",,,2,3,8,2,3,8,2,1,4
"dot/dot_fp32_3x8x2_1x4x2_avx2_fma3/8/138/real_time",1933882,72.0866,71.8555,ns,,,"3x8x138",,,2,3,8,138,3,8,2,1,4
"dot/dot_fp32_3x8x2_1x4x2_avx2_fma3/8/278/real_time",1000738,140.374,139.866,ns,,,"3x8x278",,,2,3,8,278,3,8,2,1,4
"dot/dot_fp32_3x8x2_1x4x2_avx2_fma3/8/416/real_time",670601,208.545,207.665,ns,,,"3x8x416",,,2,3,8,416,3,8,2,1,4
"dot/dot_fp32_3x8x2_1x4x2_avx2_fma3/8/556/real_time",505316,276.087,275.09,ns,,,"3x8x556",,,2,3,8,556,3,8,2,1,4
"dot/dot_fp32_3x8x2_1x4x2_avx2_fma3/16/2/real_time",10457302,13.3963,13.3428,ns,,,"3x16x2",,,2,3,8,2,3,16,2,1,4
"dot/dot_fp32_3x8x2_1x4x2_avx2_fma3/16/80/real_time",1694476,82.6047,82.3173,ns,,,"3x16x80",,,2,3,8,80,3,16,2,1,4
"dot/dot_fp32_3x8x2_1x4x2_avx2_fma3/16/160/real_time",877949,160.199,159.704,ns,,,"3x16x160",,,2,3,8,160,3,16,2,1,4
"dot/dot_fp32_3x8x2_1x4x2_avx2_fma3/16/240/real_time",585837,239.357,238.677,ns,,,"3x16x240",,,2,3,8,240,3,16,2,1,4
"dot/dot_fp32_3x8x2_1x4x2_avx2_fma3/16/320/real_time",443127,316.573,315.736,ns,,,"3x16x320",,,2,3,8,320,3,16,2,1,4
"dot/dot_fp32_3x8x2_1x4x2_avx2_fma3/32/2/real_time",6796911,20.7952,20.7324,ns,,,"3x32x2",,,2,3,8,2,3,32,2,1,4
"dot/dot_fp32_3x8x2_1x4x2_avx2_fma3/32/42/real_time",1663454,84.1686,83.9514,ns,,,"3x32x42",,,2,3,8,42,3,32,2,1,4
"dot/dot_fp32_3x8x2_1x4x2_avx2_fma3/32/86/real_time",821611,171.26,170.778,ns,,,"3x32x86",,,2,3,8,86,3,32,2,1,4
"dot/dot_fp32_3x8x2_1x4x2_avx2_fma3/32/128/real_time",552655,255.124,254.45,ns,,,"3x32x128",,,2,3,8,128,3,32,2,1,4
"dot/dot_fp32_3x8x2_1x4x2_avx2_fma3/32/172/real_time",415996,340.124,339.198,ns,,,"3x32x172",,,2,3,8,172,3,32,2,1,4
"dot/dot_fp32_3x8x2_1x4x2_avx2_fma3/64/2/real_time",3932317,35.4692,35.3488,ns,,,"3x64x2",,,2,3,8,2,3,64,2,1,4
"dot/dot_fp32_3x8x2_1x4x2_avx2_fma3/64/22/real_time",1457733,96.6811,96.3634,ns,,,"3x64x22",,,2,3,8,22,3,64,2,1,4
"dot/dot_fp32_3x8x2_1x4x2_avx2_fma3/64/44/real_time",808921,171.721,171.188,ns,,,"3x64x44",,,2,3,8,44,3,64,2,1,4
"dot/dot_fp32_3x8x2_1x4x2_avx2_fma3/64/66/real_time",537429,260.025,259.286,ns,,,"3x64x66",,,2,3,8,66,3,64,2,1,4
"dot/dot_fp32_3x8x2_1x4x2_avx2_fma3/64/88/real_time",406207,345.607,344.61,ns,,,"3x64x88",,,2,3,8,88,3,64,2,1,4
"dot/dot_fp32_4x8x2_1x4x2_avx2_fma3/8/2/real_time",12959637,10.8261,10.7929,ns,,,"4x8x2",,,2,4,8,2,4,8,2,1,4
"dot/dot_fp32_4x8x2_1x4x2_avx2_fma3/8/126/real_time",1877055,74.6645,74.4578,ns,,,"4x8x126",,,2,4,8,126,4,8,2,1,4
"dot/dot_fp32_4x8x2_1x4x2_avx2_fma3/8/254/real_time",984967,142.251,141.896,ns,,,"4x8x254",,,2,4,8,254,4,8,2,1,4
"dot/dot_fp32_4x8x2_1x4x2_avx2_fma3/8/380/real_time",677594,207.353,206.76,ns,,,"4x8x380",,,2,4,8,380,4,8,2,1,4
"dot/dot_fp32_4x8x2_1x4x2_avx2_fma3/8/508/real_time",493517,274.258,273.511,ns,,,"4x8x508",,,2,4,8,508,4,8,2,1,4
"dot/dot_fp32_4x8x2_1x4x2_avx2_fma3/16/2/real_time",9113604,15.3453,15.3038,ns,,,"4x16x2",,,2,4,8,2,4,16,2,1,4
"dot/dot_fp32_4x8x2_1x4x2_avx2_fma3/16/76/real_time",1543047,90.7718,90.5111,ns,,,"4x16x76",,,2,4,8,76,4,16,2,1,4
"dot/dot_fp32_4x8x2_1x4x2_avx2_fma3/16/152/real_time",811233,174.022,173.544,ns,,,"4x16x152",,,2,4,8,152,4,16,2,1,4
"dot/dot_fp32_4x8x2_1x4x2_avx2_fma3/16/228/real_time",553820,253.222,252.542,ns,,,"4x16x228",,,2,4,8,228,4,16,2,1,4
"dot/dot_fp32_4x8x2_1x4x2_avx2_fma3/16/304/real_time",424407,325.419,324.344,ns,,,"4x16x304",,,2,4,8,304,4,16,2,1,4
"dot/dot_fp32_4x8x2_1x4x2_avx2_fma3/32/2/real_time",5796727,24.1704,24.089,ns,,,"4x32x2",,,2,4,8,2,4,32,2,1,4
"dot/dot_fp32_4x8x2_1x4x2_avx2_fma3/32/40/real_time",1403882,99.9862,99.6607,ns,,,"4x32x40",,,2,4,8,40,4,32,2,1,4
"dot/dot_fp32_4x8x2_1x4x2_avx2_fma3/32/82/real_time",746007,183.892,183.344,ns,,,"4x32x82",,,2,4,8,82,4,32,2,1,4
"dot/dot_fp32_4x8x2_1x4x2_avx2_fma3/32/124/real_time",513932,273.477,272.535,ns,,,"4x32x124",,,2,4,8,124,4,32,2,1,4
"dot/dot_fp32_4x8x2_1x4x2_avx2_fma3/32/166/real_time",384529,364.186,363.082,ns,,,"4x32x166",,,2,4,8,166,4,32,2,1,4
"dot/dot_fp32_4x8x2_1x4x2_avx2_fma3/64/2/real_time",3376308,41.4475,41.3136,ns,,,"4x64x2",,,2,4,8,2,4,64,2,1,4
"dot/dot_fp32_4x8x2_1x4x2_avx2_fma3/64/20/real_time",1283500,109.191,108.854,ns,,,"4x64x20",,,2,4,8,20,4,64,2,1,4
"dot/dot_fp32_4x8x2_1x4x2_avx2_fma3/64/42/real_time",695349,201.478,200.827,ns,,,"4x64x42",,,2,4,8,42,4,64,2,1,4
"dot/dot_fp32_4x8x2_1x4x2_avx2_fma3/64/64/real_time",462691,302.596,301.712,ns,,,"4x64x64",,,2,4,8,64,4,64,2,1,4
"dot/dot_fp32_4x8x2_1x4x2_avx2_fma3/64/86/real_time",371306,376.567,375.38,ns,,,"4x64x86",,,2,4,8,86,4,64,2,1,4
"dot/dot_fp32_5x8x2_1x4x2_avx2_fma3/8/2/real_time",11513742,12.14,12.1041,ns,,,"5x8x2",,,2,5,8,2,5,8,2,1,4
"dot/dot_fp32_5x8x2_1x4x2_avx2_fma3/8/116/real_time",1707749,81.8782,81.633,ns,,,"5x8x116",,,2,5,8,116,5,8,2,1,4
"dot/dot_fp32_5x8x2_1x4x2_avx2_fma3/8/234/real_time",905286,155.804,155.389,ns,,,"5x8x234",,,2,5,8,234,5,8,2,1,4
"dot/dot_fp32_5x8x2_1x4x2_avx2_fma3/8/350/real_time",615306,229.364,228.821,ns,,,"5x8x350",,,2,5,8,350,5,8,2,1,4
"dot/dot_fp32_5x8x2_1x4x2_avx2_fma3/8/468/real_time",457749,302.14,301.4,ns,,,"5x8x468",,,2,5,8,468,5,8,2,1,4
"dot/dot_fp32_5x8x2_1x4x2_avx2_fma3/16/2/real_time",7988346,17.4451,17.3933,ns,,,"5x16x2",,,2,5,8,2,5,16,2,1,4
"dot/dot_fp32_5x8x2_1x4x2_avx2_fma3/16/72/real_time",1399071,100.735,100.428,ns,,,"5x16x72",,,2,5,8,72,5,16,2,1,4
"dot/dot_fp32_5x8x2_1x4x2_avx2_fma3/16/144/real_time",725579,192.777,192.264,ns,,,"5x16x144",,,2,5,8,144,5,16,2,1,4
"dot/dot_fp32_5x8x2_1x4x2_avx2_fma3/16/216/real_time",497713,282.08,281.404,ns,,,"5x16x216",,,2,5,8,216,5,16,2,1,4
"dot/dot_fp32_5x8x2_1x4x2_avx2_fma3/16/288/real_time",374573,374.671,373.727,ns,,,"5x16x288",,,2,5,8,288,5,16,2,1,4
"dot/dot_fp32_5x8x2_1x4x2_avx2_fma3/32/2/real_time",5099657,27.4314,27.3636,ns,,,"5x32x2",,,2,5,8,2,5,32,2,1,4
"dot/dot_fp32_5x8x2_1x4x2_avx2_fma3/32/40/real_time",1201676,116.796,116.393,ns,,,"5x32x40",,,2,5,8,40,5,32,2,1,4
"dot/dot_fp32_5x8x2_1x4x2_avx2_fma3/32/80/real_time",649659,214.016,213.432,ns,,,"5x32x80",,,2,5,8,80,5,32,2,1,4
"dot/dot_fp32_5x8x2_1x4x2_avx2_fma3/32/120/real_time",442780,315.397,314.57,ns,,,"5x32x120",,,2,5,8,120,5,32,2,1,4
"dot/dot_fp32_5x8x2_1x4x2_avx2_fma3/32/160/real_time",333041,420.89,419.82,ns,,,"5x32x160",,,2,5,8,160,5,32,2,1,4
"dot/dot_fp32_5x8x2_1x4x2_avx2_fma3/64/2/real_time",2916640,47.8428,47.6978,ns,,,"5x64x2",,,2,5,8,2,5,64,2,1,4
"dot/dot_fp32_5x8x2_1x4x2_avx2_fma3/64/20/real_time",1086472,129.021,128.63,ns,,,"5x64x20",,,2,5,8,20,5,64,2,1,4
"dot/dot_fp32_5x8x2_1x4x2_avx2_fma3/64/42/real_time",592865,236.791,236.136,ns,,,"5x64x42",,,2,5,8,42,5,64,2,1,4
"dot/dot_fp32_5x8x2_1x4x2_avx2_fma3/64/62/real_time",422027,332.835,331.899,ns,,,"5x64x62",,,2,5,8,62,5,64,2,1,4
"dot/dot_fp32_5x8x2_1x4x2_avx2_fma3/64/84/real_time",315176,444.516,443.355,ns,,,"5x64x84",,,2,5,8,84,5,64,2,1,4
"dot/dot_fp32_6x8x2_1x4x2_avx2_fma3/8/2/real_time",10501570,13.3451,13.3065,ns,,,"6x8x2",,,2,6,8,2,6,8,2,1,4
"dot/dot_fp32_6x8x2_1x4x2_avx2_fma3/8/108/real_time",1586082,88.4956,88.2542,ns,,,"6x8x108",,,2,6,8,108,6,8,2,1,4
"dot/dot_fp32_6x8x2_1x4x2_avx2_fma3/8/216/real_time",848473,165.101,164.622,ns,,,"6x8x216",,,2,6,8,216,6,8,2,1,4
"dot/dot_fp32_6x8x2_1x4x2_avx2_fma3/8/324/real_time",577640,242.345,241.708,ns,,,"6x8x324",,,2,6,8,324,6,8,2,1,4
"dot/dot_fp32_6x8x2_1x4x2_avx2_fma3/8/434/real_time",435651,321.103,320.277,ns,,,"6x8x434",,,2,6,8,434,6,8,2,1,4
"dot/dot_fp32_6x8x2_1x4x2_avx2_fma3/16/2/real_time",7286241,19.1731,19.1177,ns,,,"6x16x2",,,2,6,8,2,6,16,2,1,4
"dot/dot_fp32_6x8x2_1x4x2_avx2_fma3/16/68/real_time",1216767,115.546,115.216,ns,,,"6x16x68",,,2,6,8,68,6,16,2,1,4
"dot/dot_fp32_6x8x2_1x4x2_avx2_fma3/16/136/real_time",675726,207.224,206.727,ns,,,"6x16x136",,,2,6,8,136,6,16,2,1,4
"dot/dot_fp32_6x8x2_1x4x2_avx2_fma3/16/204/real_time",459136,304.681,303.908,ns,,,"6x16x204",,,2,6,8,204,6,16,2,1,4
"dot/dot_fp32_6x8x2_1x4x2_avx2_fma3/16/274/real_time",345739,405.084,403.972,ns,,,"6x16x274",,,2,6,8,274,6,16,2,1,4
"dot/dot_fp32_6x8x2_1x4x2_avx2_fma3/32/2/real_time",4522160,30.8945,30.802,ns,,,"6x32x2",,,2,6,8,2,6,32,2,1,4
"dot/dot_fp32_6x8x2_1x4x2_avx2_fma3/32/38/real_time",1067648,130.785,130.372,ns,,,"6x32x38",,,2,6,8,38,6,32,2,1,4
"dot/dot_fp32_6x8x2_1x4x2_avx2_fma3/32/78/real_time",552666,252.13,251.317,ns,,,"6x32x78",,,2,6,8,78,6,32,2,1,4
"dot/dot_fp32_6x8x2_1x4x2_avx2_fma3/32/116/real_time",400295,349.197,348.124,ns,,,"6x32x116",,,2,6,8,116,6,32,2,1,4
"dot/dot_fp32_6x8x2_1x4x2_avx2_fma3/32/156/real_time",301699,463.982,462.734,ns,,,"6x32x156",,,2,6,8,156,6,32,2,1,4
"dot/dot_fp32_6x8x2_1x4x2_avx2_fma3/64/2/real_time",2547864,55.1442,54.9643,ns,,,"6x64x2",,,2,6,8,2,6,64,2,1,4
"dot/dot_fp32_6x8x2_1x4x2_avx2_fma3/64/20/real_time",935260,149.598,149.178,ns,,,"6x64x20",,,2,6,8,20,6,64,2,1,4
"dot/dot_fp32_6x8x2_1x4x2_avx2_fma3/64/40/real_time",527807,265.174,264.49,ns,,,"6x64x40",,,2,6,8,40,6,64,2,1,4
"dot/dot_fp32_6x8x2_1x4x2_avx2_fma3/64/60/real_time",361470,385.399,384.379,ns,,,"6x64x60",,,2,6,8,60,6,64,2,1,4
"dot/dot_fp32_6x8x2_1x4x2_avx2_fma3/64/82/real_time",268818,518.562,517.155,ns,,,"6x64x82",,,2,6,8,82,6,64,2,1,4
"dot/dot_fp32_4x4x2_1x4x2_avx2_fma3/4/2/real_time",13869909,10.1118,10.0803,ns,,,"4x4x2",,,2,4,4,2,4,4,2,1,4
"dot/dot_fp32_4x4x2_1x4x2_avx2_fma3/4/190/real_time",1540649,90.8336,90.5922,ns,,,"4x4x190",,,2,4,4,190,4,4,2,1,4
"dot/dot_fp32_4x4x2_1x4x2_avx2_fma3/4/382/real_time",772845,181.271,180.744,ns,,,"4x4x382",,,2,4,4,382,4,4,2,1,4
"dot/dot_fp32_4x4x2_1x4x2_avx2_fma3/4/574/real_time",511170,273.611,272.912,ns,,,"4x4x574",,,2,4,4,574,4,4,2,1,4
"dot/dot_fp32_4x4x2_1x4x2_avx2_fma3/4/766/real_time",380696,367.043,366.091,ns,,,"4x4x766",,,2,4,4,766,4,4,2,1,4
"dot/dot_fp32_4x4x2_1x4x2_avx2_fma3/8/2/real_time",10122856,13.8775,13.8363,ns,,,"4x8x2",,,2,4,4,2,4,8,2,1,4
"dot/dot_fp32_4x4x2_1x4x2_avx2_fma3/8/126/real_time",1216456,115.248,114.925,ns,,,"4x8x126",,,2,4,4,126,4,8,2,1,4
"dot/dot_fp32_4x4x2_1x4x2_avx2_fma3/8/254/real_time",588931,237.188,236.465,ns,,,"4x8x254",,,2,4,4,254,4,8,2,1,4
"dot/dot_fp32_4x4x2_1x4x2_avx2_fma3/8/380/real_time",392203,356.92,356.071,ns,,,"4x8x380",,,2,4,4,380,4,8,2,1,4
"dot/dot_fp32_4x4x2_1x4x2_avx2_fma3/8/508/real_time",293070,477.815,476.327,ns,,,"4x8x508",,,2,4,4,508,4,8,2,1,4
"dot/dot_fp32_4x4x2_1x4x2_avx2_fma3/16/2/real_time",6500446,21.4036,21.3418,ns,,,"4x16x2",,,2,4,4,2,4,16,2,1,4
"dot/dot_fp32_4x4x2_1x4x2_avx2_fma3/16/76/real_time",1071631,130.327,130.019,ns,,,"4x16x76",,,2,4,4,76,4,16,2,1,4
"dot/dot_fp32_4x4x2_1x4x2_avx2_fma3/16/152/real_time",518146,269.767,269.084,ns,,,"4x16x152",,,2,4,4,152,4,16,2,1,4
"dot/dot_fp32_4x4x2_1x4x2_avx2_fma3/16/228/real_time",331475,421.864,420.729,ns,,,"4x16x228",,,2,4,4,228,4,16,2,1,4
"dot/dot_fp32_4x4x2_1x4x2_avx2_fma3/16/304/real_time",247796,564.103,562.898,ns,,,"4x16x304",,,2,4,4,304,4,16,2,1,4
"dot/dot_fp32_4x4x2_1x4x2_avx2_fma3/32/2/real_time",3831688,36.4911,36.3837,ns,,,"4x32x2",,,2,4,4,2,4,32,2,1,4
"dot/dot_fp32_4x4x2_1x4x2_avx2_fma3/32/40/real_time",1070645,130.495,130.117,ns,,,"4x32x40",,,2,4,4,40,4,32,2,1,4
"dot/dot_fp32_4x4x2_1x4x2_avx2_fma3/32/82/real_time",501572,279.001,278.198,ns,,,"4x32x82",,,2,4,4,82,4,32,2,1,4
"dot/dot_fp32_4x4x2_1x4x2_avx2_fma3/32/124/real_time",323385,432.71,431.494,ns,,,"4x32x124",,,2,4,4,124,4,32,2,1,4
"dot/dot_fp32_4x4x2_1x4x2_avx2_fma3/32/166/real_time",236254,592.277,590.916,ns,,,"4x32x166",,,2,4,4,166,4,32,2,1,4
"dot/dot_fp32_5x4x2_1x4x2_avx2_fma3/4/2/real_time",12652088,11.1135,11.0797,ns,,,"5x4x2",,,2,5,4,2,5,4,2,1,4
"dot/dot_fp32_5x4x2_1x4x2_avx2_fma3/4/170/real_time",1605052,87.1855,86.9531,ns,,,"5x4x170",,,2,5,4,170,5,4,2,1,4
"dot/dot_fp32_5x4x2_1x4x2_avx2_fma3/4/340/real_time",799587,175.263,174.712,ns,,,"5x4x340",,,2,5,4,340,5,4,2,1,4
"dot/dot_fp32_5x4x2_1x4x2_avx2_fma3/4/510/real_time",541871,258.27,257.628,ns,,,"5x4x510",,,2,5,4,510,5,4,2,1,4
"dot/dot_fp32_5x4x2_1x4x2_avx2_fma3/4/680/real_time",404676,345.836,344.957,ns,,,"5x4x680",,,2,5,4,680,5,4,2,1,4
"dot/dot_fp32_5x4x2_1x4x2_avx2_fma3/8/2/real_time",8948263,15.6153,15.5762,ns,,,"5x8x2",,,2,5,4,2,5,8,2,1,4
"dot/dot_fp32_5x4x2_1x4x2_avx2_fma3/8/116/real_time",1205660,115.272,114.977,ns,,,"5x8x116",,,2,5,4,116,5,8,2,1,4
"dot/dot_fp32_5x4x2_1x4x2_avx2_fma3/8/234/real_time",596614,234.926,234.283,ns,,,"5x8x234",,,2,5,4,234,5,8,2,1,4
"dot/dot_fp32_5x4x2_1x4x2_avx2_fma3/8/350/real_time",397139,353.068,351.912,ns,,,"5x8x350",,,2,5,4,350,5,8,2,1,4
"dot/dot_fp32_5x4x2_1x4x2_avx2_fma3/8/468/real_time",297690,469.845,468.519,ns,,,"5x8x468",,,2,5,4,468,5,8,2,1,4
"dot/dot_fp32_5x4x2_1x4x2_avx2_fma3/16/2/real_time",5712625,24.5691,24.5053,ns,,,"5x16x2",,,2,5,4,2,5,16,2,1,4
"dot/dot_fp32_5x4x2_1x4x2_avx2_fma3/16/72/real_time",970255,140.84,140.408,ns,,,"5x16x72",,,2,5,4,72,5,16,2,1,4
"dot/dot_fp32_5x4x2_1x4x2_avx2_fma3/16/144/real_time",487270,284.683,283.86,ns,,,"5x16x144",,,2,5,4,144,5,16,2,1,4
"dot/dot_fp32_5x4x2_1x4x2_avx2_fma3/16/216/real_time",328078,426.75,425.386,ns,,,"5x16x216",,,2,5,4,216,5,16,2,1,4
"dot/dot_fp32_5x4x2_1x4x2_avx2_fma3/16/288/real_time",242687,576.442,574.688,ns,,,"5x16x288",,,2,5,4,288,5,16,2,1,4
"dot/dot_fp32_5x4x2_1x4x2_avx2_fma3/32/2/real_time",3325503,42.1331,41.9958,ns,,,"5x32x2",,,2,5,4,2,5,32,2,1,4
"dot/dot_fp32_5x4x2_1x4x2_avx2_fma3/32/40/real_time",901330,158.367,157.738,ns,,,"5x32x40",,,2,5,4,40,5,32,2,1,4
"dot/dot_fp32_5x4x2_1x4x2_avx2_fma3/32/80/real_time",455526,308.308,307.459,ns,,,"5x32x80",,,2,5,4,80,5,32,2,1,4
"dot/dot_fp32_5x4x2_1x4x2_avx2_fma3/32/120/real_time",302060,461.622,460.256,ns,,,"5x32x120",,,2,5,4,120,5,32,2,1,4
"dot/dot_fp32_5x4x2_1x4x2_avx2_fma3/32/160/real_time",223547,625.366,623.587,ns,,,"5x32x160",,,2,5,4,160,5,32,2,1,4
"dot/dot_fp32_6x4x2_1x4x2_avx2_fma3/4/2/real_time",11269517,12.3791,12.3364,ns,,,"6x4x2",,,2,6,4,2,6,4,2,1,4
"dot/dot_fp32_6x4x2_1x4x2_avx2_fma3/4/152/real_time",1708224,82.0035,81.7569,ns,,,"6x4x152",,,2,6,4,152,6,4,2,1,4
"dot/dot_fp32_6x4x2_1x4x2_avx2_fma3/4/306/real_time",885033,158.207,157.816,ns,,,"6x4x306",,,2,6,4,306,6,4,2,1,4
"dot/dot_fp32_6x4x2_1x4x2_avx2_fma3/4/458/real_time",598749,233.783,233.166,ns,,,"6x4x458",,,2,6,4,458,6,4,2,1,4
"dot/dot_fp32_6x4x2_1x4x2_avx2_fma3/4/612/real_time",451284,310.269,309.301,ns,,,"6x4x612",,,2,6,4,612,6,4,2,1,4
"dot/dot_fp32_6x4x2_1x4x2_avx2_fma3/8/2/real_time",8147858,17.2089,17.1531,ns,,,"6x8x2",,,2,6,4,2,6,8,2,1,4
"dot/dot_fp32_6x4x2_1x4x2_avx2_fma3/8/108/real_time",1202741,116.257,115.905,ns,,,"6x8x108",,,2,6,4,108,6,8,2,1,4
"dot/dot_fp32_6x4x2_1x4x2_avx2_fma3/8/216/real_time",629534,222.482,221.893,ns,,,"6x8x216",,,2,6,4,216,6,8,2,1,4
"dot/dot_fp32_6x4x2_1x4x2_avx2_fma3/8/324/real_time",425744,328.97,328.227,ns,,,"6x8x324",,,2,6,4,324,6,8,2,1,4
"dot/dot_fp32_6x4x2_1x4x2_avx2_fma3/8/434/real_time",321526,435.544,434.276,ns,,,"6x8x434",,,2,6,4,434,6,8,2,1,4
"dot/dot_fp32_6x4x2_1x4x2_avx2_fma3/16/2/real_time",5118647,27.3062,27.2048,ns,,,"6x16x2",,,2,6,4,2,6,16,2,1,4
"dot/dot_fp32_6x4x2_1x4x2_avx2_fma3/16/68/real_time",899886,152.752,152.2,ns,,,"6x16x68",,,2,6,4,68,6,16,2,1,4
"dot/dot_fp32_6x4x2_1x4x2_avx2_fma3/16/136/real_time",502834,278.608,277.728,ns,,,"6x16x136",,,2,6,4,136,6,16,2,1,4
"dot/dot_fp32_6x4x2_1x4x2_avx2_fma3/16/204/real_time",339506,412.617,411.408,ns,,,"6x16x204",,,2,6,4,204,6,16,2,1,4
"dot/dot_fp32_6x4x2_1x4x2_avx2_fma3/16/274/real_time",254558,550.519,548.702,ns,,,"6x16x274",,,2,6,4,274,6,16,2,1,4
"dot/dot_fp32_6x4x2_1x4x2_avx2_fma3/32/2/real_time",2903429,47.7694,47.5895,ns,,,"6x32x2",,,2,6,4,2,6,32,2,1,4
"dot/dot_fp32_6x4x2_1x4x2_avx2_fma3/32/38/real_time",791504,176.734,176.041,ns,,,"6x32x38",,,2,6,4,38,6,32,2,1,4
"dot/dot_fp32_6x4x2_1x4x2_avx2_fma3/32/78/real_time",411545,339.961,338.993,ns,,,"6x32x78",,,2,6,4,78,6,32,2,1,4
"dot/dot_fp32_6x4x2_1x4x2_avx2_fma3/32/116/real_time",298694,468.59,467.184,ns,,,"6x32x116",,,2,6,4,116,6,32,2,1,4
"dot/dot_fp32_6x4x2_1x4x2_avx2_fma3/32/156/real_time",222596,628.368,626.573,ns,,,"6x32x156",,,2,6,4,156,6,32,2,1,4
"dot/dot_fp32_8x4x2_1x4x2_avx2_fma3/4/2/real_time",10665318,13.115,13.0726,ns,,,"8x4x2",,,2,8,4,2,8,4,2,1,4
"dot/dot_fp32_8x4x2_1x4x2_avx2_fma3/4/126/real_time",1622155,86.5003,86.239,ns,,,"8x4x126",,,2,8,4,126,8,4,2,1,4
"dot/dot_fp32_8x4x2_1x4x2_avx2_fma3/4/254/real_time",862196,162.448,161.914,ns,,,"8x4x254",,,2,8,4,254,8,4,2,1,4
"dot/dot_fp32_8x4x2_1x4x2_avx2_fma3/4/380/real_time",592268,236.17,235.542,ns,,,"8x4x380",,,2,8,4,380,8,4,2,1,4
"dot/dot_fp32_8x4x2_1x4x2_avx2_fma3/4/508/real_time",450130,311.23,310.375,ns,,,"8x4x508",,,2,8,4,508,8,4,2,1,4
"dot/dot_fp32_8x4x2_1x4x2_avx2_fma3/8/2/real_time",7850828,17.8587,17.8053,ns,,,"8x8x2",,,2,8,4,2,8,8,2,1,4
"dot/dot_fp32_8x4x2_1x4x2_avx2_fma3/8/94/real_time",1122596,125.034,124.718,ns,,,"8x8x94",,,2,8,4,94,8,8,2,1,4
"dot/dot_fp32_8x4x2_1x4x2_avx2_fma3/8/190/real_time",589722,236.637,236.054,ns,,,"8x8x190",,,2,8,4,190,8,8,2,1,4
"dot/dot_fp32_8x4x2_1x4x2_avx2_fma3/8/284/real_time",403021,348.257,347.323,ns,,,"8x8x284",,,2,8,4,284,8,8,2,1,4
"dot/dot_fp32_8x4x2_1x4x2_avx2_fma3/8/380/real_time",303484,461.199,460.001,ns,,,"8x8x380",,,2,8,4,380,8,8,2,1,4
"dot/dot_fp32_8x4x2_1x4x2_avx2_fma3/16/2/real_time",5051613,27.6891,27.6033,ns,,,"8x16x2",,,2,8,4,2,8,16,2,1,4
"dot/dot_fp32_8x4x2_1x4x2_avx2_fma3/16/62/real_time",822961,165.602,165.129,ns,,,"8x16x62",,,2,8,4,62,8,16,2,1,4
"dot/dot_fp32_8x4x2_1x4x2_avx2_fma3/16/124/real_time",451718,310.382,309.458,ns,,,"8x16x124",,,2,8,4,124,8,16,2,1,4
"dot/dot_fp32_8x4x2_1x4x2_avx2_fma3/16/186/real_time",309175,452.689,451.396,ns,,,"8x16x186",,,2,8,4,186,8,16,2,1,4
"dot/dot_fp32_8x4x2_1x4x2_avx2_fma3/16/250/real_time",231629,604.3,602.68,ns,,,"8x16x250",,,2,8,4,250,8,16,2,1,4
"dot/dot_fp32_8x4x2_1x4x2_avx2_fma3/32/2/real_time",2869008,48.8205,48.6874,ns,,,"8x32x2",,,2,8,4,2,8,32,2,1,4
"dot/dot_fp32_8x4x2_1x4x2_avx2_fma3/32/36/real_time",697882,200.644,200.107,ns,,,"8x32x36",,,2,8,4,36,8,32,2,1,4
"dot/dot_fp32_8x4x2_1x4x2_avx2_fma3/32/72/real_time",372065,376.825,375.824,ns,,,"8x32x72",,,2,8,4,72,8,32,2,1,4
"dot/dot_fp32_8x4x2_1x4x2_avx2_fma3/32/108/real_time",256952,545.787,544.454,ns,,,"8x32x108",,,2,8,4,108,8,32,2,1,4
"dot/dot_fp32_8x4x2_1x4x2_avx2_fma3/32/146/real_time",197419,709.616,707.278,ns,,,"8x32x146",,,2,8,4,146,8,32,2,1,4
"dot/dot_int8_int8_int32_symmetric_b_1x32x4_1x8x4_avx2/32/4/real_time",18439352,7.59565,7.57236,ns,,,"1x32x4",,,4,1,32,4,1,32,4,1,8
"dot/dot_int8_int8_int32_symmetric_b_1x32x4_1x8x4_avx2/32/184/real_time",1813113,77.595,77.3927,ns,,,"1x32x184",,,4,1,32,184,1,32,4,1,8
"dot/dot_int8_int8_int32_symmetric_b_1x32x4_1x8x4_avx2/32/368/real_time",936651,148.962,148.581,ns,,,"1x32x368",,,4,1,32,368,1,32,4,1,8
"dot/dot_int8_int8_int32_symmetric_b_1x32x4_1x8x4_avx2/32/552/real_time",634171,220.958,220.364,ns,,,"1x32x552",,,4,1,32,552,1,32,4,1,8
"dot/dot_int8_int8_int32_symmetric_b_1x32x4_1x8x4_avx2/32/740/real_time",475996,294.658,293.35,ns,,,"1x32x740",,,4,1,32,740,1,32,4,1,8
"dot/dot_int8_int8_int32_symmetric_b_1x32x4_1x8x4_avx2/64/4/real_time",13265579,10.5599,10.5287,ns,,,"1x64x4",,,4,1,32,4,1,64,4,1,8
"dot/dot_int8_int8_int32_symmetric_b_1x32x4_1x8x4_avx2/64/92/real_time",1747923,80.0183,79.8081,ns,,,"1x64x92",,,4,1,32,92,1,64,4,1,8
"dot/dot_int8_int8_int32_symmetric_b_1x32x4_1x8x4_avx2/64/184/real_time",930981,149.786,149.371,ns,,,"1x64x184",,,4,1,32,184,1,64,4,1,8
"dot/dot_int8_int8_int32_symmetric_b_1x32x4_1x8x4_avx2/64/276/real_time",633414,221.195,220.657,ns,,,"1x64x276",,,4,1,32,276,1,64,4,1,8
"dot/dot_int8_int8_int32_symmetric_b_1x32x4_1x8x4_avx2/64/372/real_time",473064,296.206,295.41,ns,,,"1x64x372",,,4,1,32,372,1,64,4,1,8
"dot/dot_int8_int8_int32_symmetric_b_1x32x4_1x8x4_avx2/128/4/real_time",8482259,16.4644,16.4152,ns,,,"1x128x4",,,4,1,32,4,1,128,4,1,8
"dot/dot_int8_int8_int32_symmetric_b_1x32x4_1x8x4_avx2/128/44/real_time",1804145,77.8229,77.551,ns,,,"1x128x44",,,4,1,32,44,1,128,4,1,8
"dot/dot_int8_int8_int32_symmetric_b_1x32x4_1x8x4_avx2/128/92/real_time",914223,153.473,153.042,ns,,,"1x128x92",,,4,1,32,92,1,128,4,1,8
"dot/dot_int8_int8_int32_symmetric_b_1x32x4_1x8x4_avx2/128/136/real_time",632832,221.313,220.705,ns,,,"1x128x136",,,4,1,32,136,1,128,4,1,8
"dot/dot_int8_int8_int32_symmetric_b_1x32x4_1x8x4_avx2/128/184/real_time",468464,296.257,295.39,ns,,,"1x128x184",,,4,1,32,184,1,128,4,1,8
"dot/dot_int8_int8_int32_symmetric_b_1x32x4_1x8x4_avx2/256/4/real_time",4901477,28.5397,28.4523,ns,,,"1x256x4",,,4,1,32,4,1,256,4,1,8
"dot/dot_int8_int8_int32_symmetric_b_1x32x4_1x8x4_avx2/256/20/real_time",1947897,72.3023,72.0857,ns,,,"1x256x20",,,4,1,32,20,1,256,4,1,8
"dot/dot_int8_int8_int32_symmetric_b_1x32x4_1x8x4_avx2/256/44/real_time",924845,151.246,150.773,ns,,,"1x256x44",,,4,1,32,44,1,256,4,1,8
"dot/dot_int8_int8_int32_symmetric_b_1x32x4_1x8x4_avx2/256/64/real_time",643657,217.51,216.87,ns,,,"1x256x64",,,4,1,32,64,1,256,4,1,8
"dot/dot_int8_int8_int32_symmetric_b_1x32x4_1x8x4_avx2/256/88/real_time",472940,294.627,293.599,ns,,,"1x256x88",,,4,1,32,88,1,256,4,1,8
"dot/dot_int8_int8_int32_symmetric_b_2x32x4_1x8x4_avx2/32/4/real_time",14232062,9.85702,9.81972,ns,,,"2x32x4",,,4,2,32,4,2,32,4,1,8
"dot/dot_int8_int8_int32_symmetric_b_2x32x4_1x8x4_avx2/32/176/real_time",988977,141.951,141.579,ns,,,"2x32x176",,,4,2,32,176,2,32,4,1,8
"dot/dot_int8_int8_int32_symmetric_b_2x32x4_1x8x4_avx2/32/356/real_time",496048,281.939,281.16,ns,,,"2x32x356",,,4,2,32,356,2,32,4,1,8
"dot/dot_int8_int8_int32_symmetric_b_2x32x4_1x8x4_avx2/32/532/real_time",334122,418.72,417.757,ns,,,"2x32x532",,,4,2,32,532,2,32,4,1,8
"dot/dot_int8_int8_int32_symmetric_b_2x32x4_1x8x4_avx2/32/712/real_time",250649,558.769,557.124,ns,,,"2x32x712",,,4,2,32,712,2,32,4,1,8
"dot/dot_int8_int8_int32_symmetric_b_2x32x4_1x8x4_avx2/64/4/real_time",9878432,14.1853,14.1281,ns,,,"2x64x4",,,4,2,32,4,2,64,4,1,8
"dot/dot_int8_int8_int32_symmetric_b_2x32x4_1x8x4_avx2/64/88/real_time",992841,140.991,140.508,ns,,,"2x64x88",,,4,2,32,88,2,64,4,1,8
"dot/dot_int8_int8_int32_symmetric_b_2x32x4_1x8x4_avx2/64/180/real_time",487892,286.826,286.015,ns,,,"2x64x180",,,4,2,32,180,2,64,4,1,8
"dot/dot_int8_int8_int32_symmetric_b_2x32x4_1x8x4_avx2/64/272/real_time",325545,430.212,428.957,ns,,,"2x64x272",,,4,2,32,272,2,64,4,1,8
"dot/dot_int8_int8_int32_symmetric_b_2x32x4_1x8x4_avx2/64/364/real_time",244304,572.775,571.369,ns,,,"2x64x364",,,4,2,32,364,2,64,4,1,8
"dot/dot_int8_int8_int32_symmetric_b_2x32x4_1x8x4_avx2/128/4/real_time",5962383,23.1777,23.1169,ns,,,"2x128x4",,,4,2,32,4,2,128,4,1,8
"dot/dot_int8_int8_int32_symmetric_b_2x32x4_1x8x4_avx2/128/44/real_time",995476,140.584,140.143,ns,,,"2x128x44",,,4,2,32,44,2,128,4,1,8
"dot/dot_int8_int8_int32_symmetric_b_2x32x4_1x8x4_avx2/128/88/real_time",499661,279.436,278.437,ns,,,"2x128x88",,,4,2,32,88,2,128,4,1,8
"dot/dot_int8_int8_int32_symmetric_b_2x32x4_1x8x4_avx2/128/132/real_time",333212,420.065,418.631,ns,,,"2x128x132",,,4,2,32,132,2,128,4,1,8
"dot/dot_int8_int8_int32_symmetric_b_2x32x4_1x8x4_avx2/128/180/real_time",245681,569.324,567.794,ns,,,"2x128x180",,,4,2,32,180,2,128,4,1,8
"dot/dot_int8_int8_int32_symmetric_b_2x32x4_1x8x4_avx2/256/4/real_time",3289537,42.6404,42.5172,ns,,,"2x256x4",,,4,2,32,4,2,256,4,1,8
"dot/dot_int8_int8_int32_symmetric_b_2x32x4_1x8x4_avx2/256/20/real_time",1084950,129.622,129.326,ns,,,"2x256x20",,,4,2,32,20,2,256,4,1,8
"dot/dot_int8_int8_int32_symmetric_b_2x32x4_1x8x4_avx2/256/40/real_time",553042,253.101,252.433,ns,,,"2x256x40",,,4,2,32,40,2,256,4,1,8
"dot/dot_int8_int8_int32_symmetric_b_2x32x4_1x8x4_avx2/256/60/real_time",370706,377.998,376.82,ns,,,"2x256x60",,,4,2,32,60,2,256,4,1,8
"dot/dot_int8_int8_int32_symmetric_b_2x32x4_1x8x4_avx2/256/84/real_time",263112,534.222,532.883,ns,,,"2x256x84",,,4,2,32,84,2,256,4,1,8
"dot/dot_int8_int8_int32_symmetric_b_1x16x4_1x8x4_avx2/16/4/real_time",20015308,6.99757,6.98047,ns,,,"1x16x4",,,4,1,16,4,1,16,4,1,8
"dot/dot_int8_int8_int32_symmetric_b_1x16x4_1x8x4_avx2/16/360/real_time",1675299,83.634,83.4092,ns,,,"1x16x360",,,4,1,16,360,1,16,4,1,8
"dot/dot_int8_int8_int32_symmetric_b_1x16x4_1x8x4_avx2/16/720/real_time",880303,158.71,158.302,ns,,,"1x16x720",,,4,1,16,720,1,16,4,1,8
"dot/dot_int8_int8_int32_symmetric_b_1x16x4_1x8x4_avx2/16/1080/real_time",598446,233.972,233.403,ns,,,"1x16x1080",,,4,1,16,1080,1,16,4,1,8
"dot/dot_int8_int8_int32_symmetric_b_1x16x4_1x8x4_avx2/16/1440/real_time",452831,309.302,308.356,ns,,,"1x16x1440",,,4,1,16,1440,1,16,4,1,8
"dot/dot_int8_int8_int32_symmetric_b_1x16x4_1x8x4_avx2/32/4/real_time",15112237,9.2731,9.2489,ns,,,"1x32x4",,,4,1,16,4,1,32,4,1,8
"dot/dot_int8_int8_int32_symmetric_b_1x16x4_1x8x4_avx2/32/184/real_time",1582632,88.2081,87.9354,ns,,,"1x32x184",,,4,1,16,184,1,32,4,1,8
"dot/dot_int8_int8_int32_symmetric_b_1x16x4_1x8x4_avx2/32/368/real_time",850970,164.456,164.042,ns,,,"1x32x368",,,4,1,16,368,1,32,4,1,8
"dot/dot_int8_int8_int32_symmetric_b_1x16x4_1x8x4_avx2/32/552/real_time",580763,241.689,241.023,ns,,,"1x32x552",,,4,1,16,552,1,32,4,1,8
"dot/dot_int8_int8_int32_symmetric_b_1x16x4_1x8x4_avx2/32/740/real_time",437613,320.01,319.184,ns,,,"1x32x740",,,4,1,16,740,1,32,4,1,8
"dot/dot_int8_int8_int32_symmetric_b_1x16x4_1x8x4_avx2/64/4/real_time",10147783,13.7923,13.7566,ns,,,"1x64x4",,,4,1,16,4,1,64,4,1,8
"dot/dot_int8_int8_int32_symmetric_b_1x16x4_1x8x4_avx2/64/92/real_time",1623123,86.2639,86.0282,ns,,,"1x64x92",,,4,1,16,92,1,64,4,1,8
"dot/dot_int8_int8_int32_symmetric_b_1x16x4_1x8x4_avx2/64/184/real_time",816645,170.131,169.692,ns,,,"1x64x184",,,4,1,16,184,1,64,4,1,8
"dot/dot_int8_int8_int32_symmetric_b_1x16x4_1x8x4_avx2/64/276/real_time",567797,247.713,246.91,ns,,,"1x64x276",,,4,1,16,276,1,64,4,1,8
"dot/dot_int8_int8_int32_symmetric_b_1x16x4_1x8x4_avx2/64/372/real_time",428036,326.813,325.856,ns,,,"1x64x372",,,4,1,16,372,1,64,4,1,8
"dot/dot_int8_int8_int32_symmetric_b_1x16x4_1x8x4_avx2/128/4/real_time",6105292,22.9955,22.9277,ns,,,"1x128x4",,,4,1,16,4,1,128,4,1,8
"dot/dot_int8_int8_int32_symmetric_b_1x16x4_1x8x4_avx2/128/44/real_time",1584310,87.8468,87.583,ns,,,"1x128x44",,,4,1,16,44,1,128,4,1,8
"dot/dot_int8_int8_int32_symmetric_b_1x16x4_1x8x4_avx2/128/92/real_time",835093,167.772,167.238,ns,,,"1x128x92",,,4,1,16,92,1,128,4,1,8
"dot/dot_int8_int8_int32_symmetric_b_1x16x4_1x8x4_avx2/128/136/real_time",543620,255.496,254.885,ns,,,"1x128x136",,,4,1,16,136,1,128,4,1,8
"dot/dot_int8_int8_int32_symmetric_b_1x16x4_1x8x4_avx2/128/184/real_time",408608,336.862,336.021,ns,,,"1x128x184",,,4,1,16,184,1,128,4,1,8
"dot/dot_int8_int8_int32_symmetric_b_2x16x4_1x8x4_avx2/16/4/real_time",15844597,8.82512,8.79663,ns,,,"2x16x4",,,4,2,16,4,2,16,4,1,8
"dot/dot_int8_int8_int32_symmetric_b_2x16x4_1x8x4_avx2/16/336/real_time",959666,145.564,145.126,ns,,,"2x16x336",,,4,2,16,336,2,16,4,1,8
"dot/dot_int8_int8_int32_symmetric_b_2x16x4_1x8x4_avx2/16/676/real_time",484990,288.417,287.667,ns,,,"2x16x676",,,4,2,16,676,2,16,4,1,8
"dot/dot_int8_int8_int32_symmetric_b_2x16x4_1x8x4_avx2/16/1016/real_time",323737,432.54,431.451,ns,,,"2x16x1016",,,4,2,16,1016,2,16,4,1,8
"dot/dot_int8_int8_int32_symmetric_b_2x16x4_1x8x4_avx2/16/1356/real_time",243653,575.76,574.166,ns,,,"2x16x1356",,,4,2,16,1356,2,16,4,1,8
"dot/dot_int8_int8_int32_symmetric_b_2x16x4_1x8x4_avx2/32/4/real_time",11611939,12.1011,12.0676,ns,,,"2x32x4",,,4,2,16,4,2,32,4,1,8
"dot/dot_int8_int8_int32_symmetric_b_2x16x4_1x8x4_avx2/32/176/real_time",917337,152.981,152.557,ns,,,"2x32x176",,,4,2,16,176,2,32,4,1,8
"dot/dot_int8_int8_int32_symmetric_b_2x16x4_1x8x4_avx2/32/356/real_time",460763,303.335,302.609,ns,,,"2x32x356",,,4,2,16,356,2,32,4,1,8
"dot/dot_int8_int8_int32_symmetric_b_2x16x4_1x8x4_avx2/32/532/real_time",311046,450.282,449.19,ns,,,"2x32x532",,,4,2,16,532,2,32,4,1,8
"dot/dot_int8_int8_int32_symmetric_b_2x16x4_1x8x4_avx2/32/712/real_time",231317,603.273,601.655,ns,,,"2x32x712",,,4,2,16,712,2,32,4,1,8
"dot/dot_int8_int8_int32_symmetric_b_2x16x4_1x8x4_avx2/64/4/real_time",7406756,18.8873,18.8393,ns,,,"2x64x4",,,4,2,16,4,2,64,4,1,8
"dot/dot_int8_int8_int32_symmetric_b_2x16x4_1x8x4_avx2/64/88/real_time",924545,151.24,150.87,ns,,,"2x64x88",,,4,2,16,88,2,64,4,1,8
"dot/dot_int8_int8_int32_symmetric_b_2x16x4_1x8x4_avx2/64/180/real_time",453317,308.361,307.5,ns,,,"2x64x180",,,4,2,16,180,2,64,4,1,8
"dot/dot_int8_int8_int32_symmetric_b_2x16x4_1x8x4_avx2/64/272/real_time",300437,464.998,463.821,ns,,,"2x64x272",,,4,2,16,272,2,64,4,1,8
"dot/dot_int8_int8_int32_symmetric_b_2x16x4_1x8x4_avx2/64/364/real_time",225923,619.736,618.174,ns,,,"2x64x364",,,4,2,16,364,2,64,4,1,8
"dot/dot_int8_int8_int32_symmetric_b_2x16x4_1x8x4_avx2/128/4/real_time",4348774,32.1779,32.0977,ns,,,"2x128x4",,,4,2,16,4,2,128,4,1,8
"dot/dot_int8_int8_int32_symmetric_b_2x16x4_1x8x4_avx2/128/44/real_time",913813,151.786,151.413,ns,,,"2x128x44",,,4,2,16,44,2,128,4,1,8
"dot/dot_int8_int8_int32_symmetric_b_2x16x4_1x8x4_avx2/128/88/real_time",468476,299.76,299.024,ns,,,"2x128x88",,,4,2,16,88,2,128,4,1,8
"dot/dot_int8_int8_int32_symmetric_b_2x16x4_1x8x4_avx2/128/132/real_time",306710,454.209,453.097,ns,,,"2x128x132",,,4,2,16,132,2,128,4,1,8
"dot/dot_int8_int8_int32_symmetric_b_2x16x4_1x8x4_avx2/128/180/real_time",227220,616.618,615.064,ns,,,"2x128x180",,,4,2,16,180,2,128,4,1,8
"dot/dot_int8_int8_int32_symmetric_b_3x16x4_1x8x4_avx2/16/4/real_time",13887435,10.081,10.046,ns,,,"3x16x4",,,4,3,16,4,3,16,4,1,8
"dot/dot_int8_int8_int32_symmetric_b_3x16x4_1x8x4_avx2/16/320/real_time",675400,207.564,207.002,ns,,,"3x16x320",,,4,3,16,320,3,16,4,1,8
"dot/dot_int8_int8_int32_symmetric_b_3x16x4_1x8x4_avx2/16/640/real_time",342949,408.729,407.697,ns,,,"3x16x640",,,4,3,16,640,3,16,4,1,8
"dot/dot_int8_int8_int32_symmetric_b_3x16x4_1x8x4_avx2/16/960/real_time",229536,609.665,608.11,ns,,,"3x16x960",,,4,3,16,960,3,16,4,1,8
"dot/dot_int8_int8_int32_symmetric_b_3x16x4_1x8x4_avx2/16/1280/real_time",172817,810.654,808.227,ns,,,"3x16x1280",,,4,3,16,1280,3,16,4,1,8
"dot/dot_int8_int8_int32_symmetric_b_3x16x4_1x8x4_avx2/32/4/real_time",9759135,14.3507,14.3124,ns,,,"3x32x4",,,4,3,16,4,3,32,4,1,8
"dot/dot_int8_int8_int32_symmetric_b_3x16x4_1x8x4_avx2/32/172/real_time",623209,224.084,223.508,ns,,,"3x32x172",,,4,3,16,172,3,32,4,1,8
"dot/dot_int8_int8_int32_symmetric_b_3x16x4_1x8x4_avx2/32/344/real_time",318251,439.878,438.901,ns,,,"3x32x344",,,4,3,16,344,3,32,4,1,8
"dot/dot_int8_int8_int32_symmetric_b_3x16x4_1x8x4_avx2/32/516/real_time",213372,656.315,654.246,ns,,,"3x32x516",,,4,3,16,516,3,32,4,1,8
"dot/dot_int8_int8_int32_symmetric_b_3x16x4_1x8x4_avx2/32/688/real_time",160447,872.356,869.972,ns,,,"3x32x688",,,4,3,16,688,3,32,4,1,8
"dot/dot_int8_int8_int32_symmetric_b_3x16x4_1x8x4_avx2/64/4/real_time",6086797,23.0535,22.9907,ns,,,"3x64x4",,,4,3,16,4,3,64,4,1,8
"dot/dot_int8_int8_int32_symmetric_b_3x16x4_1x8x4_avx2/64/88/real_time",615363,227.072,226.478,ns,,,"3x64x88",,,4,3,16,88,3,64,4,1,8
"dot/dot_int8_int8_int32_symmetric_b_3x16x4_1x8x4_avx2/64/176/real_time",309136,453.516,452.466,ns,,,"3x64x176",,,4,3,16,176,3,64,4,1,8
"dot/dot_int8_int8_int32_symmetric_b_3x16x4_1x8x4_avx2/64/264/real_time",206999,676.491,674.815,ns,,,"3x64x264",,,4,3,16,264,3,64,4,1,8
"dot/dot_int8_int8_int32_symmetric_b_3x16x4_1x8x4_avx2/64/352/real_time",155902,897.777,895.46,ns,,,"3x64x352",,,4,3,16,352,3,64,4,1,8
"dot/dot_int8_int8_int32_symmetric_b_3x16x4_1x8x4_avx2/128/4/real_time",3490114,40.0682,39.965,ns,,,"3x128x4",,,4,3,16,4,3,128,4,1,8
"dot/dot_int8_int8_int32_symmetric_b_3x16x4_1x8x4_avx2/128/40/real_time",679629,205.767,205.239,ns,,,"3x128x40",,,4,3,16,40,3,128,4,1,8
"dot/dot_int8_int8_int32_symmetric_b_3x16x4_1x8x4_avx2/128/84/real_time",327516,427.742,426.516,ns,,,"3x128x84",,,4,3,16,84,3,128,4,1,8
"dot/dot_int8_int8_int32_symmetric_b_3x16x4_1x8x4_avx2/128/128/real_time",210247,664.547,662.971,ns,,,"3x128x128",,,4,3,16,128,3,128,4,1,8
"dot/dot_int8_int8_int32_symmetric_b_3x16x4_1x8x4_avx2/128/172/real_time",157880,885.412,883.196,ns,,,"3x128x172",,,4,3,16,172,3,128,4,1,8
"dot/dot_int8_int8_int32_symmetric_b_4x16x4_1x8x4_avx2/16/4/real_time",12111444,11.5815,11.5531,ns,,,"4x16x4",,,4,4,16,4,4,16,4,1,8
"dot/dot_int8_int8_int32_symmetric_b_4x16x4_1x8x4_avx2/16/304/real_time",534009,262.342,261.719,ns,,,"4x16x304",,,4,4,16,304,4,16,4,1,8
"dot/dot_int8_int8_int32_symmetric_b_4x16x4_1x8x4_avx2/16/608/real_time",270565,517.195,515.937,ns,,,"4x16x608",,,4,4,16,608,4,16,4,1,8
"dot/dot_int8_int8_int32_symmetric_b_4x16x4_1x8x4_avx2/16/912/real_time",181299,771.237,769.359,ns,,,"4x16x912",,,4,4,16,912,4,16,4,1,8
"dot/dot_int8_int8_int32_symmetric_b_4x16x4_1x8x4_avx2/16/1216/real_time",136096,1025.24,1022.75,ns,,,"4x16x1216",,,4,4,16,1216,4,16,4,1,8
"dot/dot_int8_int8_int32_symmetric_b_4x16x4_1x8x4_avx2/32/4/real_time",8269578,16.8964,16.845,ns,,,"4x32x4",,,4,4,16,4,4,32,4,1,8
"dot/dot_int8_int8_int32_symmetric_b_4x16x4_1x8x4_avx2/32/164/real_time",493527,284.053,283.329,ns,,,"4x32x164",,,4,4,16,164,4,32,4,1,8
"dot/dot_int8_int8_int32_symmetric_b_4x16x4_1x8x4_avx2/32/332/real_time",247649,565.23,563.733,ns,,,"4x32x332",,,4,4,16,332,4,32,4,1,8
"dot/dot_int8_int8_int32_symmetric_b_4x16x4_1x8x4_avx2/32/500/real_time",165385,846.574,844.504,ns,,,"4x32x500",,,4,4,16,500,4,32,4,1,8
"dot/dot_int8_int8_int32_symmetric_b_4x16x4_1x8x4_avx2/32/668/real_time",124053,1128.31,1125.7,ns,,,"4x32x668",,,4,4,16,668,4,32,4,1,8
"dot/dot_int8_int8_int32_symmetric_b_4x16x4_1x8x4_avx2/64/4/real_time",4956465,28.4593,28.3769,ns,,,"4x64x4",,,4,4,16,4,4,64,4,1,8
"dot/dot_int8_int8_int32_symmetric_b_4x16x4_1x8x4_avx2/64/84/real_time",483769,288.422,287.741,ns,,,"4x64x84",,,4,4,16,84,4,64,4,1,8
"dot/dot_int8_int8_int32_symmetric_b_4x16x4_1x8x4_avx2/64/172/real_time",237960,589.663,588.194,ns,,,"4x64x172",,,4,4,16,172,4,64,4,1,8
"dot/dot_int8_int8_int32_symmetric_b_4x16x4_1x8x4_avx2/64/256/real_time",160586,871.009,868.552,ns,,,"4x64x256",,,4,4,16,256,4,64,4,1,8
"dot/dot_int8_int8_int32_symmetric_b_4x16x4_1x8x4_avx2/64/344/real_time",119969,1166.77,1164.06,ns,,,"4x64x344",,,4,4,16,344,4,64,4,1,8
"dot/dot_int8_int8_int32_symmetric_b_4x16x4_1x8x4_avx2/128/4/real_time",2742275,51.0401,50.877,ns,,,"4x128x4",,,4,4,16,4,4,128,4,1,8
"dot/dot_int8_int8_int32_symmetric_b_4x16x4_1x8x4_avx2/128/40/real_time",510894,273.51,272.821,ns,,,"4x128x40",,,4,4,16,40,4,128,4,1,8
"dot/dot_int8_int8_int32_symmetric_b_4x16x4_1x8x4_avx2/128/84/real_time",242449,578.131,576.461,ns,,,"4x128x84",,,4,4,16,84,4,128,4,1,8
"dot/dot_int8_int8_int32_symmetric_b_4x16x4_1x8x4_avx2/128/124/real_time",162981,857.906,855.749,ns,,,"4x128x124",,,4,4,16,124,4,128,4,1,8
"dot/dot_int8_int8_int32_symmetric_b_4x16x4_1x8x4_avx2/128/168/real_time",121044,1152.28,1149,ns,,,"4x128x168",,,4,4,16,168,4,128,4,1,8
"dot/dot_int8_int8_int32_1x32x4_1x8x4_avx2/32/4/real_time",15799020,8.85723,8.83497,ns,,,"1x32x4",,,4,1,32,4,1,32,4,1,8
"dot/dot_int8_int8_int32_1x32x4_1x8x4_avx2/32/184/real_time",1227521,114.192,113.859,ns,,,"1x32x184",,,4,1,32,184,1,32,4,1,8
"dot/dot_int8_int8_int32_1x32x4_1x8x4_avx2/32/368/real_time",628950,222.742,222.106,ns,,,"1x32x368",,,4,1,32,368,1,32,4,1,8
"dot/dot_int8_int8_int32_1x32x4_1x8x4_avx2/32/552/real_time",422257,331.176,330.368,ns,,,"1x32x552",,,4,1,32,552,1,32,4,1,8
"dot/dot_int8_int8_int32_1x32x4_1x8x4_avx2/32/740/real_time",317221,441.458,440.339,ns,,,"1x32x740",,,4,1,32,740,1,32,4,1,8
"dot/dot_int8_int8_int32_1x32x4_1x8x4_avx2/64/4/real_time",10685675,13.0716,13.0385,ns,,,"1x64x4",,,4,1,32,4,1,64,4,1,8
"dot/dot_int8_int8_int32_1x32x4_1x8x4_avx2/64/92/real_time",1203164,115.793,115.47,ns,,,"1x64x92",,,4,1,32,92,1,64,4,1,8
"dot/dot_int8_int8_int32_1x32x4_1x8x4_avx2/64/184/real_time",621283,224.877,224.243,ns,,,"1x64x184",,,4,1,32,184,1,64,4,1,8
"dot/dot_int8_int8_int32_1x32x4_1x8x4_avx2/64/276/real_time",419934,333.08,332.045,ns,,,"1x64x276",,,4,1,32,276,1,64,4,1,8
"dot/dot_int8_int8_int32_1x32x4_1x8x4_avx2/64/372/real_time",313804,446.191,445.038,ns,,,"1x64x372",,,4,1,32,372,1,64,4,1,8
"dot/dot_int8_int8_int32_1x32x4_1x8x4_avx2/128/4/real_time",6471454,21.6505,21.5915,ns,,,"1x128x4",,,4,1,32,4,1,128,4,1,8
"dot/dot_int8_int8_int32_1x32x4_1x8x4_avx2/128/44/real_time",1225056,114.04,113.747,ns,,,"1x128x44",,,4,1,32,44,1,128,4,1,8
"dot/dot_int8_int8_int32_1x32x4_1x8x4_avx2/128/92/real_time",612304,228.04,227.536,ns,,,"1x128x92",,,4,1,32,92,1,128,4,1,8
"dot/dot_int8_int8_int32_1x32x4_1x8x4_avx2/128/136/real_time",420613,332.648,331.793,ns,,,"1x128x136",,,4,1,32,136,1,128,4,1,8
"dot/dot_int8_int8_int32_1x32x4_1x8x4_avx2/128/184/real_time",314318,446.067,444.563,ns,,,"1x128x184",,,4,1,32,184,1,128,4,1,8
"dot/dot_int8_int8_int32_1x32x4_1x8x4_avx2/256/4/real_time",3589187,38.8319,38.7225,ns,,,"1x256x4",,,4,1,32,4,1,256,4,1,8
"dot/dot_int8_int8_int32_1x32x4_1x8x4_avx2/256/20/real_time",1238036,111.847,111.576,ns,,,"1x256x20",,,4,1,32,20,1,256,4,1,8
"dot/dot_int8_int8_int32_1x32x4_1x8x4_avx2/256/44/real_time",623995,224.478,223.916,ns,,,"1x256x44",,,4,1,32,44,1,256,4,1,8
"dot/dot_int8_int8_int32_1x32x4_1x8x4_avx2/256/64/real_time",438146,319.324,318.534,ns,,,"1x256x64",,,4,1,32,64,1,256,4,1,8
"dot/dot_int8_int8_int32_1x32x4_1x8x4_avx2/256/88/real_time",322893,433.232,432.14,ns,,,"1x256x88",,,4,1,32,88,1,256,4,1,8
"dot/dot_int8_int8_int32_1x16x4_1x8x4_avx2/16/4/real_time",18302653,7.63332,7.61298,ns,,,"1x16x4",,,4,1,16,4,1,16,4,1,8
"dot/dot_int8_int8_int32_1x16x4_1x8x4_avx2/16/360/real_time",1174088,119.208,118.865,ns,,,"1x16x360",,,4,1,16,360,1,16,4,1,8
"dot/dot_int8_int8_int32_1x16x4_1x8x4_avx2/16/720/real_time",607784,230.441,229.836,ns,,,"1x16x720",,,4,1,16,720,1,16,4,1,8
"dot/dot_int8_int8_int32_1x16x4_1x8x4_avx2/16/1080/real_time",409871,341.437,340.665,ns,,,"1x16x1080",,,4,1,16,1080,1,16,4,1,8
"dot/dot_int8_int8_int32_1x16x4_1x8x4_avx2/16/1440/real_time",308890,452.964,451.742,ns,,,"1x16x1440",,,4,1,16,1440,1,16,4,1,8
"dot/dot_int8_int8_int32_1x16x4_1x8x4_avx2/32/4/real_time",13277797,10.5506,10.5249,ns,,,"1x32x4",,,4,1,16,4,1,32,4,1,8
"dot/dot_int8_int8_int32_1x16x4_1x8x4_avx2/32/184/real_time",1122957,124.371,124.04,ns,,,"1x32x184",,,4,1,16,184,1,32,4,1,8
"dot/dot_int8_int8_int32_1x16x4_1x8x4_avx2/32/368/real_time",587398,238.264,237.667,ns,,,"1x32x368",,,4,1,16,368,1,32,4,1,8
"dot/dot_int8_int8_int32_1x16x4_1x8x4_avx2/32/552/real_time",397913,352.13,350.998,ns,,,"1x32x552",,,4,1,16,552,1,32,4,1,8
"dot/dot_int8_int8_int32_1x16x4_1x8x4_avx2/32/740/real_time",299068,468.276,467.061,ns,,,"1x32x740",,,4,1,16,740,1,32,4,1,8
"dot/dot_int8_int8_int32_1x16x4_1x8x4_avx2/64/4/real_time",8349212,16.791,16.742,ns,,,"1x64x4",,,4,1,16,4,1,64,4,1,8
"dot/dot_int8_int8_int32_1x16x4_1x8x4_avx2/64/92/real_time",1061873,131.866,131.484,ns,,,"1x64x92",,,4,1,16,92,1,64,4,1,8
"dot/dot_int8_int8_int32_1x16x4_1x8x4_avx2/64/184/real_time",569977,244.645,243.998,ns,,,"1x64x184",,,4,1,16,184,1,64,4,1,8
"dot/dot_int8_int8_int32_1x16x4_1x8x4_avx2/64/276/real_time",390338,358.44,357.453,ns,,,"1x64x276",,,4,1,16,276,1,64,4,1,8
"dot/dot_int8_int8_int32_1x16x4_1x8x4_avx2/64/372/real_time",293388,477.298,476.058,ns,,,"1x64x372",,,4,1,16,372,1,64,4,1,8
"dot/dot_int8_int8_int32_1x16x4_1x8x4_avx2/128/4/real_time",4935528,28.3633,28.3049,ns,,,"1x128x4",,,4,1,16,4,1,128,4,1,8
"dot/dot_int8_int8_int32_1x16x4_1x8x4_avx2/128/44/real_time",1130844,125.053,124.695,ns,,,"1x128x44",,,4,1,16,44,1,128,4,1,8
"dot/dot_int8_int8_int32_1x16x4_1x8x4_avx2/128/92/real_time",541074,259.422,258.828,ns,,,"1x128x92",,,4,1,16,92,1,128,4,1,8
"dot/dot_int8_int8_int32_1x16x4_1x8x4_avx2/128/136/real_time",382094,365.727,364.784,ns,,,"1x128x136",,,4,1,16,136,1,128,4,1,8
"dot/dot_int8_int8_int32_1x16x4_1x8x4_avx2/128/184/real_time",288910,484.979,483.669,ns,,,"1x128x184",,,4,1,16,184,1,128,4,1,8
"dot/dot_int8_int8_int32_2x16x4_1x8x4_avx2/16/4/real_time",14227150,9.82393,9.79827,ns,,,"2x16x4",,,4,2,16,4,2,16,4,1,8
"dot/dot_int8_int8_int32_2x16x4_1x8x4_avx2/16/336/real_time",834422,167.898,167.405,ns,,,"2x16x336",,,4,2,16,336,2,16,4,1,8
"dot/dot_int8_int8_int32_2x16x4_1x8x4_avx2/16/676/real_time",423006,331.138,330.122,ns,,,"2x16x676",,,4,2,16,676,2,16,4,1,8
"dot/dot_int8_int8_int32_2x16x4_1x8x4_avx2/16/1016/real_time",282542,496.608,495.261,ns,,,"2x16x1016",,,4,2,16,1016,2,16,4,1,8
"dot/dot_int8_int8_int32_2x16x4_1x8x4_avx2/16/1356/real_time",212433,659.121,657.459,ns,,,"2x16x1356",,,4,2,16,1356,2,16,4,1,8
"dot/dot_int8_int8_int32_2x16x4_1x8x4_avx2/32/4/real_time",9905554,14.1514,14.1067,ns,,,"2x32x4",,,4,2,16,4,2,32,4,1,8
"dot/dot_int8_int8_int32_2x16x4_1x8x4_avx2/32/176/real_time",789940,178.237,177.816,ns,,,"2x32x176",,,4,2,16,176,2,32,4,1,8
"dot/dot_int8_int8_int32_2x16x4_1x8x4_avx2/32/356/real_time",398379,350.92,349.996,ns,,,"2x32x356",,,4,2,16,356,2,32,4,1,8
"dot/dot_int8_int8_int32_2x16x4_1x8x4_avx2/32/532/real_time",269320,519.852,518.567,ns,,,"2x32x532",,,4,2,16,532,2,32,4,1,8
"dot/dot_int8_int8_int32_2x16x4_1x8x4_avx2/32/712/real_time",202253,693.115,691.107,ns,,,"2x32x712",,,4,2,16,712,2,32,4,1,8
"dot/dot_int8_int8_int32_2x16x4_1x8x4_avx2/64/4/real_time",6090421,22.9535,22.8776,ns,,,"2x64x4",,,4,2,16,4,2,64,4,1,8
"dot/dot_int8_int8_int32_2x16x4_1x8x4_avx2/64/88/real_time",774634,180.232,179.557,ns,,,"2x64x88",,,4,2,16,88,2,64,4,1,8
"dot/dot_int8_int8_int32_2x16x4_1x8x4_avx2/64/180/real_time",387993,360.325,359.258,ns,,,"2x64x180",,,4,2,16,180,2,64,4,1,8
"dot/dot_int8_int8_int32_2x16x4_1x8x4_avx2/64/272/real_time",259200,541.095,538.003,ns,,,"2x64x272",,,4,2,16,272,2,64,4,1,8
"dot/dot_int8_int8_int32_2x16x4_1x8x4_avx2/64/364/real_time",195094,717.418,714.977,ns,,,"2x64x364",,,4,2,16,364,2,64,4,1,8
"dot/dot_int8_int8_int32_2x16x4_1x8x4_avx2/128/4/real_time",3447673,40.644,40.4678,ns,,,"2x128x4",,,4,2,16,4,2,128,4,1,8
"dot/dot_int8_int8_int32_2x16x4_1x8x4_avx2/128/44/real_time",742464,188.168,187.612,ns,,,"2x128x44",,,4,2,16,44,2,128,4,1,8
"dot/dot_int8_int8_int32_2x16x4_1x8x4_avx2/128/88/real_time",392346,356.684,355.596,ns,,,"2x128x88",,,4,2,16,88,2,128,4,1,8
"dot/dot_int8_int8_int32_2x16x4_1x8x4_avx2/128/132/real_time",262113,535.186,533.024,ns,,,"2x128x132",,,4,2,16,132,2,128,4,1,8
"dot/dot_int8_int8_int32_2x16x4_1x8x4_avx2/128/180/real_time",194802,721.245,718.182,ns,,,"2x128x180",,,4,2,16,180,2,128,4,1,8
"dot/dot_int8_int8_int32_1x8x4_1x8x4_avx2/8/4/real_time",21007239,6.57532,6.55533,ns,,,"1x8x4",,,4,1,8,4,1,8,4,1,8
"dot/dot_int8_int8_int32_1x8x4_1x8x4_avx2/8/680/real_time",1073313,129.413,128.951,ns,,,"1x8x680",,,4,1,8,680,1,8,4,1,8
"dot/dot_int8_int8_int32_1x8x4_1x8x4_avx2/8/1360/real_time",556466,250.67,250.082,ns,,,"1x8x1360",,,4,1,8,1360,1,8,4,1,8
"dot/dot_int8_int8_int32_1x8x4_1x8x4_avx2/8/2040/real_time",375903,372.767,371.795,ns,,,"1x8x2040",,,4,1,8,2040,1,8,4,1,8
"dot/dot_int8_int8_int32_1x8x4_1x8x4_avx2/8/2724/real_time",282237,495.567,494.367,ns,,,"1x8x2724",,,4,1,8,2724,1,8,4,1,8
"dot/dot_int8_int8_int32_1x8x4_1x8x4_avx2/16/4/real_time",16218445,8.64818,8.62491,ns,,,"1x16x4",,,4,1,8,4,1,16,4,1,8
"dot/dot_int8_int8_int32_1x8x4_1x8x4_avx2/16/360/real_time",1013465,138.651,138.289,ns,,,"1x16x360",,,4,1,8,360,1,16,4,1,8
"dot/dot_int8_int8_int32_1x8x4_1x8x4_avx2/16/720/real_time",520102,268.178,267.428,ns,,,"1x16x720",,,4,1,8,720,1,16,4,1,8
"dot/dot_int8_int8_int32_1x8x4_1x8x4_avx2/16/1080/real_time",351959,397.492,396.17,ns,,,"1x16x1080",,,4,1,8,1080,1,16,4,1,8
"dot/dot_int8_int8_int32_1x8x4_1x8x4_avx2/16/1440/real_time",265668,527.551,525.747,ns,,,"1x16x1440",,,4,1,8,1440,1,16,4,1,8
"dot/dot_int8_int8_int32_1x8x4_1x8x4_avx2/32/4/real_time",10807270,12.9834,12.9397,ns,,,"1x32x4",,,4,1,8,4,1,32,4,1,8
"dot/dot_int8_int8_int32_1x8x4_1x8x4_avx2/32/184/real_time",954347,148.856,148.445,ns,,,"1x32x184",,,4,1,8,184,1,32,4,1,8
"dot/dot_int8_int8_int32_1x8x4_1x8x4_avx2/32/368/real_time",499796,277.429,276.74,ns,,,"1x32x368",,,4,1,8,368,1,32,4,1,8
"dot/dot_int8_int8_int32_1x8x4_1x8x4_avx2/32/552/real_time",339197,409.857,408.43,ns,,,"1x32x552",,,4,1,8,552,1,32,4,1,8
"dot/dot_int8_int8_int32_1x8x4_1x8x4_avx2/32/740/real_time",256372,547.042,545.17,ns,,,"1x32x740",,,4,1,8,740,1,32,4,1,8
"dot/dot_int8_int8_int32_1x8x4_1x8x4_avx2/64/4/real_time",6425322,21.8218,21.7668,ns,,,"1x64x4",,,4,1,8,4,1,64,4,1,8
"dot/dot_int8_int8_int32_1x8x4_1x8x4_avx2/64/92/real_time",958804,147.056,146.712,ns,,,"1x64x92",,,4,1,8,92,1,64,4,1,8
"dot/dot_int8_int8_int32_1x8x4_1x8x4_avx2/64/184/real_time",481127,293.018,292.109,ns,,,"1x64x184",,,4,1,8,184,1,64,4,1,8
"dot/dot_int8_int8_int32_1x8x4_1x8x4_avx2/64/276/real_time",331396,423.728,422.585,ns,,,"1x64x276",,,4,1,8,276,1,64,4,1,8
"dot/dot_int8_int8_int32_1x8x4_1x8x4_avx2/64/372/real_time",249516,559.746,558.274,ns,,,"1x64x372",,,4,1,8,372,1,64,4,1,8
"dot/dot_int8_int8_int32_3x8x4_1x8x4_avx2/8/4/real_time",15011667,9.34096,9.31441,ns,,,"3x8x4",,,4,3,8,4,3,8,4,1,8
"dot/dot_int8_int8_int32_3x8x4_1x8x4_avx2/8/556/real_time",630982,222.109,221.578,ns,,,"3x8x556",,,4,3,8,556,3,8,4,1,8
"dot/dot_int8_int8_int32_3x8x4_1x8x4_avx2/8/1112/real_time",321325,435.667,434.641,ns,,,"3x8x1112",,,4,3,8,1112,3,8,4,1,8
"dot/dot_int8_int8_int32_3x8x4_1x8x4_avx2/8/1668/real_time",215556,649.639,647.665,ns,,,"3x8x1668",,,4,3,8,1668,3,8,4,1,8
"dot/dot_int8_int8_int32_3x8x4_1x8x4_avx2/8/2224/real_time",162318,862.944,860.74,ns,,,"3x8x2224",,,4,3,8,2224,3,8,4,1,8
"dot/dot_int8_int8_int32_3x8x4_1x8x4_avx2/16/4/real_time",10504336,13.3403,13.301,ns,,,"3x16x4",,,4,3,8,4,3,16,4,1,8
"dot/dot_int8_int8_int32_3x8x4_1x8x4_avx2/16/320/real_time",542057,258.526,257.815,ns,,,"3x16x320",,,4,3,8,320,3,16,4,1,8
"dot/dot_int8_int8_int32_3x8x4_1x8x4_avx2/16/640/real_time",277174,504.212,502.779,ns,,,"3x16x640",,,4,3,8,640,3,16,4,1,8
"dot/dot_int8_int8_int32_3x8x4_1x8x4_avx2/16/960/real_time",186346,750.529,748.688,ns,,,"3x16x960",,,4,3,8,960,3,16,4,1,8
"dot/dot_int8_int8_int32_3x8x4_1x8x4_avx2/16/1280/real_time",140419,996.992,994.183,ns,,,"3x16x1280",,,4,3,8,1280,3,16,4,1,8
"dot/dot_int8_int8_int32_3x8x4_1x8x4_avx2/32/4/real_time",6534195,21.4427,21.3855,ns,,,"3x32x4",,,4,3,8,4,3,32,4,1,8
"dot/dot_int8_int8_int32_3x8x4_1x8x4_avx2/32/172/real_time",491178,284.872,283.844,ns,,,"3x32x172",,,4,3,8,172,3,32,4,1,8
"dot/dot_int8_int8_int32_3x8x4_1x8x4_avx2/32/344/real_time",254515,550.044,547.96,ns,,,"3x32x344",,,4,3,8,344,3,32,4,1,8
"dot/dot_int8_int8_int32_3x8x4_1x8x4_avx2/32/516/real_time",172177,813.647,811.33,ns,,,"3x32x516",,,4,3,8,516,3,32,4,1,8
"dot/dot_int8_int8_int32_3x8x4_1x8x4_avx2/32/688/real_time",129933,1079.77,1076.34,ns,,,"3x32x688",,,4,3,8,688,3,32,4,1,8
"dot/dot_int8_int8_int32_3x8x4_1x8x4_avx2/64/4/real_time",3744442,37.436,37.3384,ns,,,"3x64x4",,,4,3,8,4,3,64,4,1,8
"dot/dot_int8_int8_int32_3x8x4_1x8x4_avx2/64/88/real_time",494904,283.2,282.378,ns,,,"3x64x88",,,4,3,8,88,3,64,4,1,8
"dot/dot_int8_int8_int32_3x8x4_1x8x4_avx2/64/176/real_time",243226,576.651,575.145,ns,,,"3x64x176",,,4,3,8,176,3,64,4,1,8
"dot/dot_int8_int8_int32_3x8x4_1x8x4_avx2/64/264/real_time",164885,845.177,842.898,ns,,,"3x64x264",,,4,3,8,264,3,64,4,1,8
"dot/dot_int8_int8_int32_3x8x4_1x8x4_avx2/64/352/real_time",125669,1118.97,1115.89,ns,,,"3x64x352",,,4,3,8,352,3,64,4,1,8
"dot/dot_int8_int8_int32_4x8x4_1x8x4_avx2/8/4/real_time",12937398,10.8147,10.7835,ns,,,"4x8x4",,,4,4,8,4,4,8,4,1,8
"dot/dot_int8_int8_int32_4x8x4_1x8x4_avx2/8/508/real_time",549349,254.501,253.805,ns,,,"4x8x508",,,4,4,8,508,4,8,4,1,8
"dot/dot_int8_int8_int32_4x8x4_1x8x4_avx2/8/1016/real_time",277755,504.288,502.925,ns,,,"4x8x1016",,,4,4,8,1016,4,8,4,1,8
"dot/dot_int8_int8_int32_4x8x4_1x8x4_avx2/8/1524/real_time",186259,752.286,749.74,ns,,,"4x8x1524",,,4,4,8,1524,4,8,4,1,8
"dot/dot_int8_int8_int32_4x8x4_1x8x4_avx2/8/2036/real_time",140011,999.828,997.49,ns,,,"4x8x2036",,,4,4,8,2036,4,8,4,1,8
"dot/dot_int8_int8_int32_4x8x4_1x8x4_avx2/16/4/real_time",9040930,15.4205,15.3771,ns,,,"4x16x4",,,4,4,8,4,4,16,4,1,8
"dot/dot_int8_int8_int32_4x8x4_1x8x4_avx2/16/304/real_time",458495,305.604,304.726,ns,,,"4x16x304",,,4,4,8,304,4,16,4,1,8
"dot/dot_int8_int8_int32_4x8x4_1x8x4_avx2/16/608/real_time",231422,605.029,603.221,ns,,,"4x16x608",,,4,4,8,608,4,16,4,1,8
"dot/dot_int8_int8_int32_4x8x4_1x8x4_avx2/16/912/real_time",154621,906.272,902.945,ns,,,"4x16x912",,,4,4,8,912,4,16,4,1,8
"dot/dot_int8_int8_int32_4x8x4_1x8x4_avx2/16/1216/real_time",116418,1202.7,1199.79,ns,,,"4x16x1216",,,4,4,8,1216,4,16,4,1,8
"dot/dot_int8_int8_int32_4x8x4_1x8x4_avx2/32/4/real_time",5594565,24.9975,24.9213,ns,,,"4x32x4",,,4,4,8,4,4,32,4,1,8
"dot/dot_int8_int8_int32_4x8x4_1x8x4_avx2/32/164/real_time",419360,333.468,332.572,ns,,,"4x32x164",,,4,4,8,164,4,32,4,1,8
"dot/dot_int8_int8_int32_4x8x4_1x8x4_avx2/32/332/real_time",210574,664.622,662.822,ns,,,"4x32x332",,,4,4,8,332,4,32,4,1,8
"dot/dot_int8_int8_int32_4x8x4_1x8x4_avx2/32/500/real_time",140973,993.706,990.774,ns,,,"4x32x500",,,4,4,8,500,4,32,4,1,8
"dot/dot_int8_int8_int32_4x8x4_1x8x4_avx2/32/668/real_time",105558,1328.15,1324.69,ns,,,"4x32x668",,,4,4,8,668,4,32,4,1,8
"dot/dot_int8_int8_int32_4x8x4_1x8x4_avx2/64/4/real_time",3156240,44.6775,44.5405,ns,,,"4x64x4",,,4,4,8,4,4,64,4,1,8
"dot/dot_int8_int8_int32_4x8x4_1x8x4_avx2/64/84/real_time",402607,347.679,346.737,ns,,,"4x64x84",,,4,4,8,84,4,64,4,1,8
"dot/dot_int8_int8_int32_4x8x4_1x8x4_avx2/64/172/real_time",200268,700.702,698.775,ns,,,"4x64x172",,,4,4,8,172,4,64,4,1,8
"dot/dot_int8_int8_int32_4x8x4_1x8x4_avx2/64/256/real_time",136460,1028.2,1025.19,ns,,,"4x64x256",,,4,4,8,256,4,64,4,1,8
"dot/dot_int8_int8_int32_4x8x4_1x8x4_avx2/64/344/real_time",101971,1372.58,1368.72,ns,,,"4x64x344",,,4,4,8,344,4,64,4,1,8
"dot/dot_int8_int8_int32_6x8x4_1x8x4_avx2/8/4/real_time",10476885,13.348,13.307,ns,,,"6x8x4",,,4,6,8,4,6,8,4,1,8
"dot/dot_int8_int8_int32_6x8x4_1x8x4_avx2/8/432/real_time",452602,309.694,308.856,ns,,,"6x8x432",,,4,6,8,432,6,8,4,1,8
"dot/dot_int8_int8_int32_6x8x4_1x8x4_avx2/8/868/real_time",228628,613.051,610.957,ns,,,"6x8x868",,,4,6,8,868,6,8,4,1,8
"dot/dot_int8_int8_int32_6x8x4_1x8x4_avx2/8/1304/real_time",152877,916.275,913.171,ns,,,"6x8x1304",,,4,6,8,1304,6,8,4,1,8
"dot/dot_int8_int8_int32_6x8x4_1x8x4_avx2/8/1740/real_time",114853,1218.45,1214.96,ns,,,"6x8x1740",,,4,6,8,1740,6,8,4,1,8
"dot/dot_int8_int8_int32_6x8x4_1x8x4_avx2/16/4/real_time",7079578,19.7585,19.7047,ns,,,"6x16x4",,,4,6,8,4,6,16,4,1,8
"dot/dot_int8_int8_int32_6x8x4_1x8x4_avx2/16/272/real_time",357737,390.999,389.953,ns,,,"6x16x272",,,4,6,8,272,6,16,4,1,8
"dot/dot_int8_int8_int32_6x8x4_1x8x4_avx2/16/548/real_time",180815,773.691,771.578,ns,,,"6x16x548",,,4,6,8,548,6,16,4,1,8
"dot/dot_int8_int8_int32_6x8x4_1x8x4_avx2/16/820/real_time",121353,1152.24,1149.47,ns,,,"6x16x820",,,4,6,8,820,6,16,4,1,8
"dot/dot_int8_int8_int32_6x8x4_1x8x4_avx2/16/1096/real_time",91213,1535.99,1531.7,ns,,,"6x16x1096",,,4,6,8,1096,6,16,4,1,8
"dot/dot_int8_int8_int32_6x8x4_1x8x4_avx2/32/4/real_time",4095775,34.5911,34.0394,ns,,,"6x32x4",,,4,6,8,4,6,32,4,1,8
"dot/dot_int8_int8_int32_6x8x4_1x8x4_avx2/32/156/real_time",308167,454.212,453.032,ns,,,"6x32x156",,,4,6,8,156,6,32,4,1,8
"dot/dot_int8_int8_int32_6x8x4_1x8x4_avx2/32/312/real_time",157600,889.395,886.295,ns,,,"6x32x312",,,4,6,8,312,6,32,4,1,8
"dot/dot_int8_int8_int32_6x8x4_1x8x4_avx2/32/468/real_time",105978,1320.86,1317.65,ns,,,"6x32x468",,,4,6,8,468,6,32,4,1,8
"dot/dot_int8_int8_int32_6x8x4_1x8x4_avx2/32/624/real_time",79878,1753.6,1748.72,ns,,,"6x32x624",,,4,6,8,624,6,32,4,1,8
"dot/dot_int8_int8_int32_6x8x4_1x8x4_avx2/64/4/real_time",2272210,61.571,61.3764,ns,,,"6x64x4",,,4,6,8,4,6,64,4,1,8
"dot/dot_int8_int8_int32_6x8x4_1x8x4_avx2/64/80/real_time",292108,479.968,478.784,ns,,,"6x64x80",,,4,6,8,80,6,64,4,1,8
"dot/dot_int8_int8_int32_6x8x4_1x8x4_avx2/64/164/real_time",147449,950.226,947.605,ns,,,"6x64x164",,,4,6,8,164,6,64,4,1,8
"dot/dot_int8_int8_int32_6x8x4_1x8x4_avx2/64/244/real_time",100493,1392.86,1389.28,ns,,,"6x64x244",,,4,6,8,244,6,64,4,1,8
"dot/dot_int8_int8_int32_6x8x4_1x8x4_avx2/64/328/real_time",75301,1860.31,1855.01,ns,,,"6x64x328",,,4,6,8,328,6,64,4,1,8
"dot/dot_int8_int8_int32_1x32x2_1x8x1_avx2/32/2/real_time",16874557,8.29989,8.27821,ns,,,"1x32x2",,,2,1,32,2,1,32,1,1,8
"dot/dot_int8_int8_int32_1x32x2_1x8x1_avx2/32/184/real_time",620919,225.591,224.942,ns,,,"1x32x184",,,2,1,32,184,1,32,1,1,8
"dot/dot_int8_int8_int32_1x32x2_1x8x1_avx2/32/370/real_time",312501,447.737,446.642,ns,,,"1x32x370",,,2,1,32,370,1,32,1,1,8
"dot/dot_int8_int8_int32_1x32x2_1x8x1_avx2/32/554/real_time",209428,668.985,667.228,ns,,,"1x32x554",,,2,1,32,554,1,32,1,1,8
"dot/dot_int8_int8_int32_1x32x2_1x8x1_avx2/32/740/real_time",157287,889.701,887.405,ns,,,"1x32x740",,,2,1,32,740,1,32,1,1,8
"dot/dot_int8_int8_int32_1x32x2_1x8x1_avx2/64/2/real_time",11825527,11.8236,11.7909,ns,,,"1x64x2",,,2,1,32,2,1,64,1,1,8
"dot/dot_int8_int8_int32_1x32x2_1x8x1_avx2/64/92/real_time",619538,226.179,225.602,ns,,,"1x64x92",,,2,1,32,92,1,64,1,1,8
"dot/dot_int8_int8_int32_1x32x2_1x8x1_avx2/64/186/real_time",310440,450.732,449.614,ns,,,"1x64x186",,,2,1,32,186,1,64,1,1,8
"dot/dot_int8_int8_int32_1x32x2_1x8x1_avx2/64/280/real_time",207574,674.158,672.449,ns,,,"1x64x280",,,2,1,32,280,1,64,1,1,8
"dot/dot_int8_int8_int32_1x32x2_1x8x1_avx2/64/374/real_time",156103,896.178,893.825,ns,,,"1x64x374",,,2,1,32,374,1,64,1,1,8
"dot/dot_int8_int8_int32_1x32x2_1x8x1_avx2/128/2/real_time",7215855,19.4242,19.3656,ns,,,"1x128x2",,,2,1,32,2,1,128,1,1,8
"dot/dot_int8_int8_int32_1x32x2_1x8x1_avx2/128/46/real_time",622631,224.97,224.378,ns,,,"1x128x46",,,2,1,32,46,1,128,1,1,8
"dot/dot_int8_int8_int32_1x32x2_1x8x1_avx2/128/92/real_time",315155,444.383,443.381,ns,,,"1x128x92",,,2,1,32,92,1,128,1,1,8
"dot/dot_int8_int8_int32_1x32x2_1x8x1_avx2/128/138/real_time",210229,664.774,662.991,ns,,,"1x128x138",,,2,1,32,138,1,128,1,1,8
"dot/dot_int8_int8_int32_1x32x2_1x8x1_avx2/128/186/real_time",156387,895.503,893.039,ns,,,"1x128x186",,,2,1,32,186,1,128,1,1,8
"dot/dot_int8_int8_int32_1x32x2_1x8x1_avx2/256/2/real_time",3544500,39.3651,39.261,ns,,,"1x256x2",,,2,1,32,2,1,256,1,1,8
"dot/dot_int8_int8_int32_1x32x2_1x8x1_avx2/256/22/real_time",646932,215.598,214.94,ns,,,"1x256x22",,,2,1,32,22,1,256,1,1,8
"dot/dot_int8_int8_int32_1x32x2_1x8x1_avx2/256/44/real_time",327254,428.183,426.987,ns,,,"1x256x44",,,2,1,32,44,1,256,1,1,8
"dot/dot_int8_int8_int32_1x32x2_1x8x1_avx2/256/66/real_time",218536,640.175,638.278,ns,,,"1x256x66",,,2,1,32,66,1,256,1,1,8
"dot/dot_int8_int8_int32_1x32x2_1x8x1_avx2/256/90/real_time",161292,868.811,865.897,ns,,,"1x256x90",,,2,1,32,90,1,256,1,1,8
"dot/dot_int8_int8_int32_2x32x2_1x8x1_avx2/32/2/real_time",13528854,10.3427,10.3116,ns,,,"2x32x2",,,2,2,32,2,2,32,1,1,8
"dot/dot_int8_int8_int32_2x32x2_1x8x1_avx2/32/178/real_time",490508,285.291,284.42,ns,,,"2x32x178",,,2,2,32,178,2,32,1,1,8
"dot/dot_int8_int8_int32_2x32x2_1x8x1_avx2/32/356/real_time",248497,562.725,561.35,ns,,,"2x32x356",,,2,2,32,356,2,32,1,1,8
"dot/dot_int8_int8_int32_2x32x2_1x8x1_avx2/32/534/real_time",166389,841.297,839.147,ns,,,"2x32x534",,,2,2,32,534,2,32,1,1,8
"dot/dot_int8_int8_int32_2x32x2_1x8x1_avx2/32/714/real_time",124589,1122.7,1119.54,ns,,,"2x32x714",,,2,2,32,714,2,32,1,1,8
"dot/dot_int8_int8_int32_2x32x2_1x8x1_avx2/64/2/real_time",8970699,15.5925,15.5502,ns,,,"2x64x2",,,2,2,32,2,2,64,1,1,8
"dot/dot_int8_int8_int32_2x32x2_1x8x1_avx2/64/90/real_time",481700,291.176,290.477,ns,,,"2x64x90",,,2,2,32,90,2,64,1,1,8
"dot/dot_int8_int8_int32_2x32x2_1x8x1_avx2/64/182/real_time",242403,577.505,575.94,ns,,,"2x64x182",,,2,2,32,182,2,64,1,1,8
"dot/dot_int8_int8_int32_2x32x2_1x8x1_avx2/64/272/real_time",163163,856.946,854.686,ns,,,"2x64x272",,,2,2,32,272,2,64,1,1,8
"dot/dot_int8_int8_int32_2x32x2_1x8x1_avx2/64/364/real_time",122125,1146.76,1143.58,ns,,,"2x64x364",,,2,2,32,364,2,64,1,1,8
"dot/dot_int8_int8_int32_2x32x2_1x8x1_avx2/128/2/real_time",5421721,25.8201,25.7356,ns,,,"2x128x2",,,2,2,32,2,2,128,1,1,8
"dot/dot_int8_int8_int32_2x32x2_1x8x1_avx2/128/44/real_time",487639,288.092,287.288,ns,,,"2x128x44",,,2,2,32,44,2,128,1,1,8
"dot/dot_int8_int8_int32_2x32x2_1x8x1_avx2/128/90/real_time",242548,576.693,574.769,ns,,,"2x128x90",,,2,2,32,90,2,128,1,1,8
"dot/dot_int8_int8_int32_2x32x2_1x8x1_avx2/128/134/real_time",163954,854.658,852.29,ns,,,"2x128x134",,,2,2,32,134,2,128,1,1,8
"dot/dot_int8_int8_int32_2x32x2_1x8x1_avx2/128/180/real_time",122753,1141.49,1138.44,ns,,,"2x128x180",,,2,2,32,180,2,128,1,1,8
"dot/dot_int8_int8_int32_2x32x2_1x8x1_avx2/256/2/real_time",2734408,51.3127,51.1495,ns,,,"2x256x2",,,2,2,32,2,2,256,1,1,8
"dot/dot_int8_int8_int32_2x32x2_1x8x1_avx2/256/20/real_time",549820,254.318,253.604,ns,,,"2x256x20",,,2,2,32,20,2,256,1,1,8
"dot/dot_int8_int8_int32_2x32x2_1x8x1_avx2/256/42/real_time",262828,531.896,530.194,ns,,,"2x256x42",,,2,2,32,42,2,256,1,1,8
"dot/dot_int8_int8_int32_2x32x2_1x8x1_avx2/256/64/real_time",168729,828.138,826.15,ns,,,"2x256x64",,,2,2,32,64,2,256,1,1,8
"dot/dot_int8_int8_int32_2x32x2_1x8x1_avx2/256/86/real_time",127126,1103.5,1100.7,ns,,,"2x256x86",,,2,2,32,86,2,256,1,1,8
"dot/dot_int8_int8_int32_1x16x2_1x8x1_avx2/16/2/real_time",19116823,7.3115,7.29033,ns,,,"1x16x2",,,2,1,16,2,1,16,1,1,8
"dot/dot_int8_int8_int32_1x16x2_1x8x1_avx2/16/360/real_time",584497,239.333,238.734,ns,,,"1x16x360",,,2,1,16,360,1,16,1,1,8
"dot/dot_int8_int8_int32_1x16x2_1x8x1_avx2/16/720/real_time",297304,470.853,469.579,ns,,,"1x16x720",,,2,1,16,720,1,16,1,1,8
"dot/dot_int8_int8_int32_1x16x2_1x8x1_avx2/16/1080/real_time",199351,701.796,700.097,ns,,,"1x16x1080",,,2,1,16,1080,1,16,1,1,8
"dot/dot_int8_int8_int32_1x16x2_1x8x1_avx2/16/1440/real_time",149897,933.096,930.727,ns,,,"1x16x1440",,,2,1,16,1440,1,16,1,1,8
"dot/dot_int8_int8_int32_1x16x2_1x8x1_avx2/32/2/real_time",13823280,10.1627,10.134,ns,,,"1x32x2",,,2,1,16,2,1,32,1,1,8
"dot/dot_int8_int8_int32_1x16x2_1x8x1_avx2/32/184/real_time",564808,248.341,247.52,ns,,,"1x32x184",,,2,1,16,184,1,32,1,1,8
"dot/dot_int8_int8_int32_1x16x2_1x8x1_avx2/32/370/real_time",287395,487.47,486.002,ns,,,"1x32x370",,,2,1,16,370,1,32,1,1,8
"dot/dot_int8_int8_int32_1x16x2_1x8x1_avx2/32/554/real_time",193466,723.771,721.472,ns,,,"1x32x554",,,2,1,16,554,1,32,1,1,8
"dot/dot_int8_int8_int32_1x16x2_1x8x1_avx2/32/740/real_time",145404,963.205,959.949,ns,,,"1x32x740",,,2,1,16,740,1,32,1,1,8
"dot/dot_int8_int8_int32_1x16x2_1x8x1_avx2/64/2/real_time",8834383,15.8135,15.7597,ns,,,"1x64x2",,,2,1,16,2,1,64,1,1,8
"dot/dot_int8_int8_int32_1x16x2_1x8x1_avx2/64/92/real_time",553107,253.248,252.498,ns,,,"1x64x92",,,2,1,16,92,1,64,1,1,8
"dot/dot_int8_int8_int32_1x16x2_1x8x1_avx2/64/186/real_time",282690,495.239,493.778,ns,,,"1x64x186",,,2,1,16,186,1,64,1,1,8
"dot/dot_int8_int8_int32_1x16x2_1x8x1_avx2/64/280/real_time",190004,737.002,734.505,ns,,,"1x64x280",,,2,1,16,280,1,64,1,1,8
"dot/dot_int8_int8_int32_1x16x2_1x8x1_avx2/64/374/real_time",142977,978.418,975.59,ns,,,"1x64x374",,,2,1,16,374,1,64,1,1,8
"dot/dot_int8_int8_int32_1x16x2_1x8x1_avx2/128/2/real_time",4179874,33.4984,33.401,ns,,,"1x128x2",,,2,1,16,2,1,128,1,1,8
"dot/dot_int8_int8_int32_1x16x2_1x8x1_avx2/128/46/real_time",566432,246.95,246.341,ns,,,"1x128x46",,,2,1,16,46,1,128,1,1,8
"dot/dot_int8_int8_int32_1x16x2_1x8x1_avx2/128/92/real_time",278923,500.593,499.277,ns,,,"1x128x92",,,2,1,16,92,1,128,1,1,8
"dot/dot_int8_int8_int32_1x16x2_1x8x1_avx2/128/138/real_time",190072,737.042,735.167,ns,,,"1x128x138",,,2,1,16,138,1,128,1,1,8
"dot/dot_int8_int8_int32_1x16x2_1x8x1_avx2/128/186/real_time",142471,982.315,979.95,ns,,,"1x128x186",,,2,1,16,186,1,128,1,1,8
"dot/dot_int8_int8_int32_3x16x2_1x8x1_avx2/16/2/real_time",13591181,10.3249,10.2956,ns,,,"3x16x2",,,2,3,16,2,3,16,1,1,8
"dot/dot_int8_int8_int32_3x16x2_1x8x1_avx2/16/320/real_time",393804,352.955,352.037,ns,,,"3x16x320",,,2,3,16,320,3,16,1,1,8
"dot/dot_int8_int8_int32_3x16x2_1x8x1_avx2/16/640/real_time",199706,702.109,699.794,ns,,,"3x16x640",,,2,3,16,640,3,16,1,1,8
"dot/dot_int8_int8_int32_3x16x2_1x8x1_avx2/16/960/real_time",133440,1048.18,1045.2,ns,,,"3x16x960",,,2,3,16,960,3,16,1,1,8
"dot/dot_int8_int8_int32_3x16x2_1x8x1_avx2/16/1282/real_time",100230,1394.24,1391.1,ns,,,"3x16x1282",,,2,3,16,1282,3,16,1,1,8
"dot/dot_int8_int8_int32_3x16x2_1x8x1_avx2/32/2/real_time",9598600,14.6817,14.6431,ns,,,"3x32x2",,,2,3,16,2,3,32,1,1,8
"dot/dot_int8_int8_int32_3x16x2_1x8x1_avx2/32/172/real_time",366390,381.155,380.099,ns,,,"3x32x172",,,2,3,16,172,3,32,1,1,8
"dot/dot_int8_int8_int32_3x16x2_1x8x1_avx2/32/344/real_time",186251,751.949,749.852,ns,,,"3x32x344",,,2,3,16,344,3,32,1,1,8
"dot/dot_int8_int8_int32_3x16x2_1x8x1_avx2/32/516/real_time",123703,1130.55,1127.43,ns,,,"3x32x516",,,2,3,16,516,3,32,1,1,8
"dot/dot_int8_int8_int32_3x16x2_1x8x1_avx2/32/690/real_time",92838,1506.8,1502.63,ns,,,"3x32x690",,,2,3,16,690,3,32,1,1,8
"dot/dot_int8_int8_int32_3x16x2_1x8x1_avx2/64/2/real_time",5954997,23.5397,23.4791,ns,,,"3x64x2",,,2,3,16,2,3,64,1,1,8
"dot/dot_int8_int8_int32_3x16x2_1x8x1_avx2/64/88/real_time",358657,391.993,390.931,ns,,,"3x64x88",,,2,3,16,88,3,64,1,1,8
"dot/dot_int8_int8_int32_3x16x2_1x8x1_avx2/64/176/real_time",180670,775.339,773.156,ns,,,"3x64x176",,,2,3,16,176,3,64,1,1,8
"dot/dot_int8_int8_int32_3x16x2_1x8x1_avx2/64/264/real_time",121394,1156.28,1152.55,ns,,,"3x64x264",,,2,3,16,264,3,64,1,1,8
"dot/dot_int8_int8_int32_3x16x2_1x8x1_avx2/64/354/real_time",90198,1545.95,1540.74,ns,,,"3x64x354",,,2,3,16,354,3,64,1,1,8
"dot/dot_int8_int8_int32_3x16x2_1x8x1_avx2/128/2/real_time",3081076,45.4388,45.3007,ns,,,"3x128x2",,,2,3,16,2,3,128,1,1,8
"dot/dot_int8_int8_int32_3x16x2_1x8x1_avx2/128/42/real_time",374957,374.86,373.629,ns,,,"3x128x42",,,2,3,16,42,3,128,1,1,8
"dot/dot_int8_int8_int32_3x16x2_1x8x1_avx2/128/86/real_time",182572,766.151,763.797,ns,,,"3x128x86",,,2,3,16,86,3,128,1,1,8
"dot/dot_int8_int8_int32_3x16x2_1x8x1_avx2/128/130/real_time",121696,1144.73,1140.73,ns,,,"3x128x130",,,2,3,16,130,3,128,1,1,8
"dot/dot_int8_int8_int32_3x16x2_1x8x1_avx2/128/174/real_time",91632,1523.94,1519.36,ns,,,"3x128x174",,,2,3,16,174,3,128,1,1,8
"dot/dot_int8_int8_int32_4x16x2_1x8x1_avx2/16/2/real_time",12060858,11.6162,11.5814,ns,,,"4x16x2",,,2,4,16,2,4,16,1,1,8
"dot/dot_int8_int8_int32_4x16x2_1x8x1_avx2/16/304/real_time",350463,399.576,398.511,ns,,,"4x16x304",,,2,4,16,304,4,16,1,1,8
"dot/dot_int8_int8_int32_4x16x2_1x8x1_avx2/16/608/real_time",177473,789.47,786.78,ns,,,"4x16x608",,,2,4,16,608,4,16,1,1,8
"dot/dot_int8_int8_int32_4x16x2_1x8x1_avx2/16/912/real_time",118649,1179.57,1175.61,ns,,,"4x16x912",,,2,4,16,912,4,16,1,1,8
"dot/dot_int8_int8_int32_4x16x2_1x8x1_avx2/16/1216/real_time",89048,1573.58,1567.51,ns,,,"4x16x1216",,,2,4,16,1216,4,16,1,1,8
"dot/dot_int8_int8_int32_4x16x2_1x8x1_avx2/32/2/real_time",8237057,17.0269,16.9608,ns,,,"4x32x2",,,2,4,16,2,4,32,1,1,8
"dot/dot_int8_int8_int32_4x16x2_1x8x1_avx2/32/166/real_time",318368,440.295,438.998,ns,,,"4x32x166",,,2,4,16,166,4,32,1,1,8
"dot/dot_int8_int8_int32_4x16x2_1x8x1_avx2/32/334/real_time",160739,870.556,868.673,ns,,,"4x32x334",,,2,4,16,334,4,32,1,1,8
"dot/dot_int8_int8_int32_4x16x2_1x8x1_avx2/32/500/real_time",107846,1298.41,1295.08,ns,,,"4x32x500",,,2,4,16,500,4,32,1,1,8
"dot/dot_int8_int8_int32_4x16x2_1x8x1_avx2/32/668/real_time",81121,1727.54,1722.45,ns,,,"4x32x668",,,2,4,16,668,4,32,1,1,8
"dot/dot_int8_int8_int32_4x16x2_1x8x1_avx2/64/2/real_time",5074912,27.5707,27.4989,ns,,,"4x64x2",,,2,4,16,2,4,64,1,1,8
"dot/dot_int8_int8_int32_4x16x2_1x8x1_avx2/64/86/real_time",300956,464.837,463.675,ns,,,"4x64x86",,,2,4,16,86,4,64,1,1,8
"dot/dot_int8_int8_int32_4x16x2_1x8x1_avx2/64/172/real_time",154379,907.043,904.49,ns,,,"4x64x172",,,2,4,16,172,4,64,1,1,8
"dot/dot_int8_int8_int32_4x16x2_1x8x1_avx2/64/258/real_time",104060,1347.59,1344.05,ns,,,"4x64x258",,,2,4,16,258,4,64,1,1,8
"dot/dot_int8_int8_int32_4x16x2_1x8x1_avx2/64/346/real_time",77789,1800.48,1795.46,ns,,,"4x64x346",,,2,4,16,346,4,64,1,1,8
"dot/dot_int8_int8_int32_4x16x2_1x8x1_avx2/128/2/real_time",2566889,54.4982,54.3636,ns,,,"4x128x2",,,2,4,16,2,4,128,1,1,8
"dot/dot_int8_int8_int32_4x16x2_1x8x1_avx2/128/42/real_time",291302,481.14,479.745,ns,,,"4x128x42",,,2,4,16,42,4,128,1,1,8
"dot/dot_int8_int8_int32_4x16x2_1x8x1_avx2/128/84/real_time",153522,912.838,910.491,ns,,,"4x128x84",,,2,4,16,84,4,128,1,1,8
"dot/dot_int8_int8_int32_4x16x2_1x8x1_avx2/128/126/real_time",104054,1343.69,1340.39,ns,,,"4x128x126",,,2,4,16,126,4,128,1,1,8
"dot/dot_int8_int8_int32_4x16x2_1x8x1_avx2/128/170/real_time",77980,1794.77,1789.5,ns,,,"4x128x170",,,2,4,16,170,4,128,1,1,8
"dot/dot_int8_int8_int32_5x16x2_1x8x1_avx2/16/2/real_time",10732012,12.9497,12.9161,ns,,,"5x16x2",,,2,5,16,2,5,16,1,1,8
"dot/dot_int8_int8_int32_5x16x2_1x8x1_avx2/16/288/real_time",315876,443.52,442.312,ns,,,"5x16x288",,,2,5,16,288,5,16,1,1,8
"dot/dot_int8_int8_int32_5x16x2_1x8x1_avx2/16/576/real_time",159776,876.312,874.051,ns,,,"5x16x576",,,2,5,16,576,5,16,1,1,8
"dot/dot_int8_int8_int32_5x16x2_1x8x1_avx2/16/864/real_time",106808,1310.97,1307.47,ns,,,"5x16x864",,,2,5,16,864,5,16,1,1,8
"dot/dot_int8_int8_int32_5x16x2_1x8x1_avx2/16/1154/real_time",80292,1742.65,1738.8,ns,,,"5x16x1154",,,2,5,16,1154,5,16,1,1,8
"dot/dot_int8_int8_int32_5x16x2_1x8x1_avx2/32/2/real_time",7363864,18.9685,18.9121,ns,,,"5x32x2",,,2,5,16,2,5,32,1,1,8
"dot/dot_int8_int8_int32_5x16x2_1x8x1_avx2/32/160/real_time",283944,492.747,491.466,ns,,,"5x32x160",,,2,5,16,160,5,32,1,1,8
"dot/dot_int8_int8_int32_5x16x2_1x8x1_avx2/32/322/real_time",142998,979.208,976.316,ns,,,"5x32x322",,,2,5,16,322,5,32,1,1,8
"dot/dot_int8_int8_int32_5x16x2_1x8x1_avx2/32/484/real_time",95143,1469.06,1465.46,ns,,,"5x32x484",,,2,5,16,484,5,32,1,1,8
"dot/dot_int8_int8_int32_5x16x2_1x8x1_avx2/32/646/real_time",71611,1954.81,1950.15,ns,,,"5x32x646",,,2,5,16,646,5,32,1,1,8
"dot/dot_int8_int8_int32_5x16x2_1x8x1_avx2/64/2/real_time",4434743,31.6825,31.59,ns,,,"5x64x2",,,2,5,16,2,5,64,1,1,8
"dot/dot_int8_int8_int32_5x16x2_1x8x1_avx2/64/84/real_time",270220,518.406,517.02,ns,,,"5x64x84",,,2,5,16,84,5,64,1,1,8
"dot/dot_int8_int8_int32_5x16x2_1x8x1_avx2/64/168/real_time",136191,1026.14,1023.3,ns,,,"5x64x168",,,2,5,16,168,5,64,1,1,8
"dot/dot_int8_int8_int32_5x16x2_1x8x1_avx2/64/252/real_time",91145,1534.39,1530.21,ns,,,"5x64x252",,,2,5,16,252,5,64,1,1,8
"dot/dot_int8_int8_int32_5x16x2_1x8x1_avx2/64/336/real_time",68725,2037.01,2031.97,ns,,,"5x64x336",,,2,5,16,336,5,64,1,1,8
"dot/dot_int8_int8_int32_5x16x2_1x8x1_avx2/128/2/real_time",2488684,56.4762,56.3263,ns,,,"5x128x2",,,2,5,16,2,5,128,1,1,8
"dot/dot_int8_int8_int32_5x16x2_1x8x1_avx2/128/40/real_time",284294,494.061,492.74,ns,,,"5x128x40",,,2,5,16,40,5,128,1,1,8
"dot/dot_int8_int8_int32_5x16x2_1x8x1_avx2/128/82/real_time",136338,1016.93,1014.18,ns,,,"5x128x82",,,2,5,16,82,5,128,1,1,8
"dot/dot_int8_int8_int32_5x16x2_1x8x1_avx2/128/122/real_time",93659,1497.76,1493.95,ns,,,"5x128x122",,,2,5,16,122,5,128,1,1,8
"dot/dot_int8_int8_int32_5x16x2_1x8x1_avx2/128/164/real_time",69943,2001.86,1995.99,ns,,,"5x128x164",,,2,5,16,164,5,128,1,1,8
"dot/dot_int8_int8_int32_8x8x2_1x8x1_avx2/8/2/real_time",9373904,14.9132,14.8749,ns,,,"8x8x2",,,2,8,8,2,8,8,1,1,8
"dot/dot_int8_int8_int32_8x8x2_1x8x1_avx2/8/380/real_time",270757,517.101,515.667,ns,,,"8x8x380",,,2,8,8,380,8,8,1,1,8
"dot/dot_int8_int8_int32_8x8x2_1x8x1_avx2/8/760/real_time",137316,1021.03,1018.41,ns,,,"8x8x760",,,2,8,8,760,8,8,1,1,8
"dot/dot_int8_int8_int32_8x8x2_1x8x1_avx2/8/1140/real_time",91690,1525.32,1521.57,ns,,,"8x8x1140",,,2,8,8,1140,8,8,1,1,8
"dot/dot_int8_int8_int32_8x8x2_1x8x1_avx2/8/1520/real_time",69135,2030.19,2024.97,ns,,,"8x8x1520",,,2,8,8,1520,8,8,1,1,8
"dot/dot_int8_int8_int32_8x8x2_1x8x1_avx2/16/2/real_time",6545137,21.4195,21.3594,ns,,,"8x16x2",,,2,8,8,2,8,16,1,1,8
"dot/dot_int8_int8_int32_8x8x2_1x8x1_avx2/16/250/real_time",205620,680.838,678.9,ns,,,"8x16x250",,,2,8,8,250,8,16,1,1,8
"dot/dot_int8_int8_int32_8x8x2_1x8x1_avx2/16/500/real_time",103922,1344.59,1341.09,ns,,,"8x16x500",,,2,8,8,500,8,16,1,1,8
"dot/dot_int8_int8_int32_8x8x2_1x8x1_avx2/16/750/real_time",69751,2005.3,2000.1,ns,,,"8x16x750",,,2,8,8,750,8,16,1,1,8
"dot/dot_int8_int8_int32_8x8x2_1x8x1_avx2/16/1002/real_time",52235,2674.87,2667.81,ns,,,"8x16x1002",,,2,8,8,1002,8,16,1,1,8
"dot/dot_int8_int8_int32_8x8x2_1x8x1_avx2/32/2/real_time",4063381,34.5133,34.4079,ns,,,"8x32x2",,,2,8,8,2,8,32,1,1,8
"dot/dot_int8_int8_int32_8x8x2_1x8x1_avx2/32/146/real_time",174479,801.977,799.692,ns,,,"8x32x146",,,2,8,8,146,8,32,1,1,8
"dot/dot_int8_int8_int32_8x8x2_1x8x1_avx2/32/294/real_time",88335,1586.91,1583.31,ns,,,"8x32x294",,,2,8,8,294,8,32,1,1,8
"dot/dot_int8_int8_int32_8x8x2_1x8x1_avx2/32/440/real_time",59328,2363.09,2355.81,ns,,,"8x32x440",,,2,8,8,440,8,32,1,1,8
"dot/dot_int8_int8_int32_8x8x2_1x8x1_avx2/32/588/real_time",44520,3144.82,3135.36,ns,,,"8x32x588",,,2,8,8,588,8,32,1,1,8
"dot/dot_int8_int8_int32_8x8x2_1x8x1_avx2/64/2/real_time",2179093,64.0793,63.8931,ns,,,"8x64x2",,,2,8,8,2,8,64,1,1,8
"dot/dot_int8_int8_int32_8x8x2_1x8x1_avx2/64/78/real_time",159980,876.067,873.706,ns,,,"8x64x78",,,2,8,8,78,8,64,1,1,8
"dot/dot_int8_int8_int32_8x8x2_1x8x1_avx2/64/156/real_time",82138,1702.47,1698.28,ns,,,"8x64x156",,,2,8,8,156,8,64,1,1,8
"dot/dot_int8_int8_int32_8x8x2_1x8x1_avx2/64/234/real_time",54897,2550.09,2542.84,ns,,,"8x64x234",,,2,8,8,234,8,64,1,1,8
"dot/dot_int8_int8_int32_8x8x2_1x8x1_avx2/64/312/real_time",41693,3359.01,3350.38,ns,,,"8x64x312",,,2,8,8,312,8,64,1,1,8
"dot/dot_uint8_int2_int32_1x32x16_1x8x16_avx2/32/16/real_time",12462774,11.2606,11.2327,ns,,,"1x32x16",,,16,1,32,16,1,32,16,1,8
"dot/dot_uint8_int2_int32_1x32x16_1x8x16_avx2/32/672/real_time",588529,237.413,236.774,ns,,,"1x32x672",,,16,1,32,672,1,32,16,1,8
"dot/dot_uint8_int2_int32_1x32x16_1x8x16_avx2/32/1344/real_time",297183,471.166,469.841,ns,,,"1x32x1344",,,16,1,32,1344,1,32,16,1,8
"dot/dot_uint8_int2_int32_1x32x16_1x8x16_avx2/32/2016/real_time",198603,704.957,703.233,ns,,,"1x32x2016",,,16,1,32,2016,1,32,16,1,8
"dot/dot_uint8_int2_int32_1x32x16_1x8x16_avx2/32/2704/real_time",147861,946.471,943.601,ns,,,"1x32x2704",,,16,1,32,2704,1,32,16,1,8
"dot/dot_uint8_int2_int32_1x32x16_1x8x16_avx2/64/16/real_time",8028891,17.3825,17.3416,ns,,,"1x64x16",,,16,1,32,16,1,64,16,1,8
"dot/dot_uint8_int2_int32_1x32x16_1x8x16_avx2/64/352/real_time",562298,248.68,247.884,ns,,,"1x64x352",,,16,1,32,352,1,64,16,1,8
"dot/dot_uint8_int2_int32_1x32x16_1x8x16_avx2/64/704/real_time",283007,494.236,492.97,ns,,,"1x64x704",,,16,1,32,704,1,64,16,1,8
"dot/dot_uint8_int2_int32_1x32x16_1x8x16_avx2/64/1056/real_time",189297,739.789,738.078,ns,,,"1x64x1056",,,16,1,32,1056,1,64,16,1,8
"dot/dot_uint8_int2_int32_1x32x16_1x8x16_avx2/64/1424/real_time",140628,994.63,992.121,ns,,,"1x64x1424",,,16,1,32,1424,1,64,16,1,8
"dot/dot_uint8_int2_int32_1x32x16_1x8x16_avx2/128/16/real_time",4710910,29.7239,29.6322,ns,,,"1x128x16",,,16,1,32,16,1,128,16,1,8
"dot/dot_uint8_int2_int32_1x32x16_1x8x16_avx2/128/176/real_time",563067,248.615,247.99,ns,,,"1x128x176",,,16,1,32,176,1,128,16,1,8
"dot/dot_uint8_int2_int32_1x32x16_1x8x16_avx2/128/352/real_time",281561,496.279,494.969,ns,,,"1x128x352",,,16,1,32,352,1,128,16,1,8
"dot/dot_uint8_int2_int32_1x32x16_1x8x16_avx2/128/528/real_time",189001,741.794,739.695,ns,,,"1x128x528",,,16,1,32,528,1,128,16,1,8
"dot/dot_uint8_int2_int32_1x32x16_1x8x16_avx2/128/720/real_time",138627,1008.27,1005.65,ns,,,"1x128x720",,,16,1,32,720,1,128,16,1,8
"dot/dot_uint8_int2_int32_1x32x16_1x8x16_avx2/256/16/real_time",2588012,53.9684,53.8004,ns,,,"1x256x16",,,16,1,32,16,1,256,16,1,8
"dot/dot_uint8_int2_int32_1x32x16_1x8x16_avx2/256/80/real_time",619463,225.996,225.423,ns,,,"1x256x80",,,16,1,32,80,1,256,16,1,8
"dot/dot_uint8_int2_int32_1x32x16_1x8x16_avx2/256/176/real_time",283775,493.392,492.026,ns,,,"1x256x176",,,16,1,32,176,1,256,16,1,8
"dot/dot_uint8_int2_int32_1x32x16_1x8x16_avx2/256/256/real_time",195140,717.046,715.414,ns,,,"1x256x256",,,16,1,32,256,1,256,16,1,8
"dot/dot_uint8_int2_int32_1x32x16_1x8x16_avx2/256/352/real_time",141540,989.56,986.777,ns,,,"1x256x352",,,16,1,32,352,1,256,16,1,8
"dot/dot_uint8_int2_int32_2x32x32_1x8x16_avx2/32/32/real_time",4458276,31.3603,31.2624,ns,,,"2x32x32",,,32,2,32,32,2,32,16,1,8
"dot/dot_uint8_int2_int32_2x32x32_1x8x16_avx2/32/608/real_time",343123,407.734,406.733,ns,,,"2x32x608",,,32,2,32,608,2,32,16,1,8
"dot/dot_uint8_int2_int32_2x32x32_1x8x16_avx2/32/1216/real_time",174358,803.45,801.039,ns,,,"2x32x1216",,,32,2,32,1216,2,32,16,1,8
"dot/dot_uint8_int2_int32_2x32x32_1x8x16_avx2/32/1824/real_time",117053,1197.83,1194.51,ns,,,"2x32x1824",,,32,2,32,1824,2,32,16,1,8
"dot/dot_uint8_int2_int32_2x32x32_1x8x16_avx2/32/2432/real_time",88042,1591.59,1587.51,ns,,,"2x32x2432",,,32,2,32,2432,2,32,16,1,8
"dot/dot_uint8_int2_int32_2x32x32_1x8x16_avx2/64/32/real_time",2539596,55.1045,54.9391,ns,,,"2x64x32",,,32,2,32,32,2,64,16,1,8
"dot/dot_uint8_int2_int32_2x32x32_1x8x16_avx2/64/320/real_time",323793,431.875,430.716,ns,,,"2x64x320",,,32,2,32,320,2,64,16,1,8
"dot/dot_uint8_int2_int32_2x32x32_1x8x16_avx2/64/640/real_time",165226,847.66,845.079,ns,,,"2x64x640",,,32,2,32,640,2,64,16,1,8
"dot/dot_uint8_int2_int32_2x32x32_1x8x16_avx2/64/960/real_time",110803,1263.16,1259.28,ns,,,"2x64x960",,,32,2,32,960,2,64,16,1,8
"dot/dot_uint8_int2_int32_2x32x32_1x8x16_avx2/64/1312/real_time",81445,1720.67,1715.78,ns,,,"2x64x1312",,,32,2,32,1312,2,64,16,1,8
"dot/dot_uint8_int2_int32_2x32x32_1x8x16_avx2/128/32/real_time",1369338,102.428,102.159,ns,,,"2x128x32",,,32,2,32,32,2,128,16,1,8
"dot/dot_uint8_int2_int32_2x32x32_1x8x16_avx2/128/160/real_time",318140,440.188,438.78,ns,,,"2x128x160",,,32,2,32,160,2,128,16,1,8
"dot/dot_uint8_int2_int32_2x32x32_1x8x16_avx2/128/320/real_time",163674,854.626,852.554,ns,,,"2x128x320",,,32,2,32,320,2,128,16,1,8
"dot/dot_uint8_int2_int32_2x32x32_1x8x16_avx2/128/480/real_time",109996,1270.58,1266.89,ns,,,"2x128x480",,,32,2,32,480,2,128,16,1,8
"dot/dot_uint8_int2_int32_2x32x32_1x8x16_avx2/128/672/real_time",79215,1768.28,1763.65,ns,,,"2x128x672",,,32,2,32,672,2,128,16,1,8
"dot/dot_uint8_int2_int32_2x32x32_1x8x16_avx2/256/32/real_time",706462,198.446,197.791,ns,,,"2x256x32",,,32,2,32,32,2,256,16,1,8
"dot/dot_uint8_int2_int32_2x32x32_1x8x16_avx2/256/64/real_time",378287,370.664,369.236,ns,,,"2x256x64",,,32,2,32,64,2,256,16,1,8
"dot/dot_uint8_int2_int32_2x32x32_1x8x16_avx2/256/160/real_time",160782,871.64,869.172,ns,,,"2x256x160",,,32,2,32,160,2,256,16,1,8
"dot/dot_uint8_int2_int32_2x32x32_1x8x16_avx2/256/224/real_time",115961,1204.62,1201.3,ns,,,"2x256x224",,,32,2,32,224,2,256,16,1,8
"dot/dot_uint8_int2_int32_2x32x32_1x8x16_avx2/256/320/real_time",82306,1701.74,1696.21,ns,,,"2x256x320",,,32,2,32,320,2,256,16,1,8
"dot/dot_uint8_int2_int32_3x32x32_1x8x16_avx2/32/32/real_time",3462445,40.5218,40.4163,ns,,,"3x32x32",,,32,3,32,32,3,32,16,1,8
"dot/dot_uint8_int2_int32_3x32x32_1x8x16_avx2/32/544/real_time",261896,534.995,533.443,ns,,,"3x32x544",,,32,3,32,544,3,32,16,1,8
"dot/dot_uint8_int2_int32_3x32x32_1x8x16_avx2/32/1088/real_time",132189,1060.66,1057.03,ns,,,"3x32x1088",,,32,3,32,1088,3,32,16,1,8
"dot/dot_uint8_int2_int32_3x32x32_1x8x16_avx2/32/1632/real_time",88261,1582.95,1578.85,ns,,,"3x32x1632",,,32,3,32,1632,3,32,16,1,8
"dot/dot_uint8_int2_int32_3x32x32_1x8x16_avx2/32/2176/real_time",66407,2110.47,2104.53,ns,,,"3x32x2176",,,32,3,32,2176,3,32,16,1,8
"dot/dot_uint8_int2_int32_3x32x32_1x8x16_avx2/64/32/real_time",1853403,75.5216,75.3187,ns,,,"3x64x32",,,32,3,32,32,3,64,16,1,8
"dot/dot_uint8_int2_int32_3x32x32_1x8x16_avx2/64/288/real_time",245974,568.93,567.439,ns,,,"3x64x288",,,32,3,32,288,3,64,16,1,8
"dot/dot_uint8_int2_int32_3x32x32_1x8x16_avx2/64/608/real_time",118076,1187.28,1183.74,ns,,,"3x64x608",,,32,3,32,608,3,64,16,1,8
"dot/dot_uint8_int2_int32_3x32x32_1x8x16_avx2/64/928/real_time",77522,1804.5,1798.43,ns,,,"3x64x928",,,32,3,32,928,3,64,16,1,8
"dot/dot_uint8_int2_int32_3x32x32_1x8x16_avx2/64/1248/real_time",57808,2422.07,2414.94,ns,,,"3x64x1248",,,32,3,32,1248,3,64,16,1,8
"dot/dot_uint8_int2_int32_3x32x32_1x8x16_avx2/128/32/real_time",952104,147.053,146.681,ns,,,"3x128x32",,,32,3,32,32,3,128,16,1,8
"dot/dot_uint8_int2_int32_3x32x32_1x8x16_avx2/128/160/real_time",220085,636.465,634.773,ns,,,"3x128x160",,,32,3,32,160,3,128,16,1,8
"dot/dot_uint8_int2_int32_3x32x32_1x8x16_avx2/128/320/real_time",111666,1255.31,1251.59,ns,,,"3x128x320",,,32,3,32,320,3,128,16,1,8
"dot/dot_uint8_int2_int32_3x32x32_1x8x16_avx2/128/480/real_time",74731,1873.18,1867.77,ns,,,"3x128x480",,,32,3,32,480,3,128,16,1,8
"dot/dot_uint8_int2_int32_3x32x32_1x8x16_avx2/128/640/real_time",56254,2490.72,2483.49,ns,,,"3x128x640",,,32,3,32,640,3,128,16,1,8
"dot/dot_uint8_int2_int32_3x32x32_1x8x16_avx2/256/32/real_time",482353,290.299,289.536,ns,,,"3x256x32",,,32,3,32,32,3,256,16,1,8
"dot/dot_uint8_int2_int32_3x32x32_1x8x16_avx2/256/64/real_time",263853,530.183,528.792,ns,,,"3x256x64",,,32,3,32,64,3,256,16,1,8
"dot/dot_uint8_int2_int32_3x32x32_1x8x16_avx2/256/160/real_time",110521,1266.79,1263.12,ns,,,"3x256x160",,,32,3,32,160,3,256,16,1,8
"dot/dot_uint8_int2_int32_3x32x32_1x8x16_avx2/256/224/real_time",79398,1762.35,1757.74,ns,,,"3x256x224",,,32,3,32,224,3,256,16,1,8
"dot/dot_uint8_int2_int32_3x32x32_1x8x16_avx2/256/320/real_time",55871,2503.74,2497.39,ns,,,"3x256x320",,,32,3,32,320,3,256,16,1,8
"dot/dot_uint8_int2_int32_4x32x32_1x8x16_avx2/32/32/real_time",2637182,53.0339,52.8674,ns,,,"4x32x32",,,32,4,32,32,4,32,16,1,8
"dot/dot_uint8_int2_int32_4x32x32_1x8x16_avx2/32/480/real_time",232906,600.666,598.931,ns,,,"4x32x480",,,32,4,32,480,4,32,16,1,8
"dot/dot_uint8_int2_int32_4x32x32_1x8x16_avx2/32/992/real_time",114063,1229.14,1225.77,ns,,,"4x32x992",,,32,4,32,992,4,32,16,1,8
"dot/dot_uint8_int2_int32_4x32x32_1x8x16_avx2/32/1472/real_time",76849,1819.23,1814.64,ns,,,"4x32x1472",,,32,4,32,1472,4,32,16,1,8
"dot/dot_uint8_int2_int32_4x32x32_1x8x16_avx2/32/1984/real_time",57208,2450.15,2443.25,ns,,,"4x32x1984",,,32,4,32,1984,4,32,16,1,8
"dot/dot_uint8_int2_int32_4x32x32_1x8x16_avx2/64/32/real_time",1428579,98.2883,97.9206,ns,,,"4x64x32",,,32,4,32,32,4,64,16,1,8
"dot/dot_uint8_int2_int32_4x32x32_1x8x16_avx2/64/288/real_time",194108,721.585,719.678,ns,,,"4x64x288",,,32,4,32,288,4,64,16,1,8
"dot/dot_uint8_int2_int32_4x32x32_1x8x16_avx2/64/576/real_time",98380,1424.45,1420.29,ns,,,"4x64x576",,,32,4,32,576,4,64,16,1,8
"dot/dot_uint8_int2_int32_4x32x32_1x8x16_avx2/64/864/real_time",65826,2129.05,2122.5,ns,,,"4x64x864",,,32,4,32,864,4,64,16,1,8
"dot/dot_uint8_int2_int32_4x32x32_1x8x16_avx2/64/1152/real_time",49361,2834.68,2826.32,ns,,,"4x64x1152",,,32,4,32,1152,4,64,16,1,8
"dot/dot_uint8_int2_int32_4x32x32_1x8x16_avx2/128/32/real_time",749972,186.479,185.949,ns,,,"4x128x32",,,32,4,32,32,4,128,16,1,8
"dot/dot_uint8_int2_int32_4x32x32_1x8x16_avx2/128/128/real_time",215652,649.232,647.577,ns,,,"4x128x128",,,32,4,32,128,4,128,16,1,8
"dot/dot_uint8_int2_int32_4x32x32_1x8x16_avx2/128/288/real_time",97394,1435.3,1430.95,ns,,,"4x128x288",,,32,4,32,288,4,128,16,1,8
"dot/dot_uint8_int2_int32_4x32x32_1x8x16_avx2/128/448/real_time",63113,2216.32,2210.52,ns,,,"4x128x448",,,32,4,32,448,4,128,16,1,8
"dot/dot_uint8_int2_int32_4x32x32_1x8x16_avx2/128/608/real_time",46589,2998.34,2989.8,ns,,,"4x128x608",,,32,4,32,608,4,128,16,1,8
"dot/dot_uint8_int2_int32_4x32x32_1x8x16_avx2/256/32/real_time",382146,366.348,365.304,ns,,,"4x256x32",,,32,4,32,32,4,256,16,1,8
"dot/dot_uint8_int2_int32_4x32x32_1x8x16_avx2/256/64/real_time",206905,677.043,674.786,ns,,,"4x256x64",,,32,4,32,64,4,256,16,1,8
"dot/dot_uint8_int2_int32_4x32x32_1x8x16_avx2/256/128/real_time",108468,1292.74,1288.75,ns,,,"4x256x128",,,32,4,32,128,4,256,16,1,8
"dot/dot_uint8_int2_int32_4x32x32_1x8x16_avx2/256/192/real_time",73051,1915.38,1909.56,ns,,,"4x256x192",,,32,4,32,192,4,256,16,1,8
"dot/dot_uint8_int2_int32_4x32x32_1x8x16_avx2/256/288/real_time",48925,2861.09,2853.94,ns,,,"4x256x288",,,32,4,32,288,4,256,16,1,8
"dot/dot_uint8_int4_int32_1x16x32_1x8x8_avx2/16/32/real_time",9820258,14.2605,14.2194,ns,,,"1x16x32",,,32,1,16,32,1,16,8,1,8
"dot/dot_uint8_int4_int32_1x16x32_1x8x8_avx2/16/672/real_time",799962,175.285,174.845,ns,,,"1x16x672",,,32,1,16,672,1,16,8,1,8
"dot/dot_uint8_int4_int32_1x16x32_1x8x8_avx2/16/1344/real_time",408435,343.77,342.742,ns,,,"1x16x1344",,,32,1,16,1344,1,16,8,1,8
"dot/dot_uint8_int4_int32_1x16x32_1x8x8_avx2/16/2016/real_time",274575,512.263,510.773,ns,,,"1x16x2016",,,32,1,16,2016,1,16,8,1,8
"dot/dot_uint8_int4_int32_1x16x32_1x8x8_avx2/16/2720/real_time",204361,685.008,683.245,ns,,,"1x16x2720",,,32,1,16,2720,1,16,8,1,8
"dot/dot_uint8_int4_int32_1x16x32_1x8x8_avx2/32/32/real_time",5925073,23.7565,23.6852,ns,,,"1x32x32",,,32,1,16,32,1,32,8,1,8
"dot/dot_uint8_int4_int32_1x16x32_1x8x8_avx2/32/352/real_time",772414,180.985,180.624,ns,,,"1x32x352",,,32,1,16,352,1,32,8,1,8
"dot/dot_uint8_int4_int32_1x16x32_1x8x8_avx2/32/704/real_time",389540,360.187,359.574,ns,,,"1x32x704",,,32,1,16,704,1,32,8,1,8
"dot/dot_uint8_int4_int32_1x16x32_1x8x8_avx2/32/1056/real_time",261107,534.607,533.755,ns,,,"1x32x1056",,,32,1,16,1056,1,32,8,1,8
"dot/dot_uint8_int4_int32_1x16x32_1x8x8_avx2/32/1408/real_time",197132,709.002,707.696,ns,,,"1x32x1408",,,32,1,16,1408,1,32,8,1,8
"dot/dot_uint8_int4_int32_1x16x32_1x8x8_avx2/64/32/real_time",3288691,42.5202,42.4395,ns,,,"1x64x32",,,32,1,16,32,1,64,8,1,8
"dot/dot_uint8_int4_int32_1x16x32_1x8x8_avx2/64/160/real_time",838476,167.159,166.87,ns,,,"1x64x160",,,32,1,16,160,1,64,8,1,8
"dot/dot_uint8_int4_int32_1x16x32_1x8x8_avx2/64/352/real_time",390552,358.116,357.504,ns,,,"1x64x352",,,32,1,16,352,1,64,8,1,8
"dot/dot_uint8_int4_int32_1x16x32_1x8x8_avx2/64/544/real_time",251568,560.22,559.244,ns,,,"1x64x544",,,32,1,16,544,1,64,8,1,8
"dot/dot_uint8_int4_int32_1x16x32_1x8x8_avx2/64/736/real_time",187412,748.371,747.015,ns,,,"1x64x736",,,32,1,16,736,1,64,8,1,8
"dot/dot_uint8_int4_int32_1x16x32_1x8x8_avx2/128/32/real_time",1735338,80.69,80.5407,ns,,,"1x128x32",,,32,1,16,32,1,128,8,1,8
"dot/dot_uint8_int4_int32_1x16x32_1x8x8_avx2/128/64/real_time",996004,140.66,140.319,ns,,,"1x128x64",,,32,1,16,64,1,128,8,1,8
"dot/dot_uint8_int4_int32_1x16x32_1x8x8_avx2/128/160/real_time",423594,330.033,329.437,ns,,,"1x128x160",,,32,1,16,160,1,128,8,1,8
"dot/dot_uint8_int4_int32_1x16x32_1x8x8_avx2/128/256/real_time",268579,521.568,520.448,ns,,,"1x128x256",,,32,1,16,256,1,128,8,1,8
"dot/dot_uint8_int4_int32_1x16x32_1x8x8_avx2/128/352/real_time",196536,712.364,710.944,ns,,,"1x128x352",,,32,1,16,352,1,128,8,1,8
"dot/dot_uint8_int4_int32_2x16x32_1x8x8_avx2/16/32/real_time",7288543,19.3195,19.2783,ns,,,"2x16x32",,,32,2,16,32,2,16,8,1,8
"dot/dot_uint8_int4_int32_2x16x32_1x8x8_avx2/16/608/real_time",629867,222.372,221.905,ns,,,"2x16x608",,,32,2,16,608,2,16,8,1,8
"dot/dot_uint8_int4_int32_2x16x32_1x8x8_avx2/16/1216/real_time",320103,437.134,436.294,ns,,,"2x16x1216",,,32,2,16,1216,2,16,8,1,8
"dot/dot_uint8_int4_int32_2x16x32_1x8x8_avx2/16/1824/real_time",213960,654.413,653.309,ns,,,"2x16x1824",,,32,2,16,1824,2,16,8,1,8
"dot/dot_uint8_int4_int32_2x16x32_1x8x8_avx2/16/2432/real_time",161088,870.266,868.489,ns,,,"2x16x2432",,,32,2,16,2432,2,16,8,1,8
"dot/dot_uint8_int4_int32_2x16x32_1x8x8_avx2/32/32/real_time",4170730,33.4312,33.3591,ns,,,"2x32x32",,,32,2,16,32,2,32,8,1,8
"dot/dot_uint8_int4_int32_2x16x32_1x8x8_avx2/32/320/real_time",597367,234.337,233.972,ns,,,"2x32x320",,,32,2,16,320,2,32,8,1,8
"dot/dot_uint8_int4_int32_2x16x32_1x8x8_avx2/32/672/real_time",288837,484.723,483.773,ns,,,"2x32x672",,,32,2,16,672,2,32,8,1,8
"dot/dot_uint8_int4_int32_2x16x32_1x8x8_avx2/32/992/real_time",196706,712.156,710.483,ns,,,"2x32x992",,,32,2,16,992,2,32,8,1,8
"dot/dot_uint8_int4_int32_2x16x32_1x8x8_avx2/32/1344/real_time",145404,962.006,960.401,ns,,,"2x32x1344",,,32,2,16,1344,2,32,8,1,8
"dot/dot_uint8_int4_int32_2x16x32_1x8x8_avx2/64/32/real_time",2260097,61.9128,61.7919,ns,,,"2x64x32",,,32,2,16,32,2,64,8,1,8
"dot/dot_uint8_int4_int32_2x16x32_1x8x8_avx2/64/160/real_time",583614,239.636,239.194,ns,,,"2x64x160",,,32,2,16,160,2,64,8,1,8
"dot/dot_uint8_int4_int32_2x16x32_1x8x8_avx2/64/352/real_time",273817,510.915,509.919,ns,,,"2x64x352",,,32,2,16,352,2,64,8,1,8
"dot/dot_uint8_int4_int32_2x16x32_1x8x8_avx2/64/512/real_time",189254,739.749,737.897,ns,,,"2x64x512",,,32,2,16,512,2,64,8,1,8
"dot/dot_uint8_int4_int32_2x16x32_1x8x8_avx2/64/704/real_time",137840,1012.53,1010.54,ns,,,"2x64x704",,,32,2,16,704,2,64,8,1,8
"dot/dot_uint8_int4_int32_2x16x32_1x8x8_avx2/128/32/real_time",1163431,120.347,120.098,ns,,,"2x128x32",,,32,2,16,32,2,128,8,1,8
"dot/dot_uint8_int4_int32_2x16x32_1x8x8_avx2/128/64/real_time",653060,214.337,213.973,ns,,,"2x128x64",,,32,2,16,64,2,128,8,1,8
"dot/dot_uint8_int4_int32_2x16x32_1x8x8_avx2/128/160/real_time",295107,474.39,473.613,ns,,,"2x128x160",,,32,2,16,160,2,128,8,1,8
"dot/dot_uint8_int4_int32_2x16x32_1x8x8_avx2/128/256/real_time",187629,746.496,745.069,ns,,,"2x128x256",,,32,2,16,256,2,128,8,1,8
"dot/dot_uint8_int4_int32_2x16x32_1x8x8_avx2/128/352/real_time",137133,1018.73,1016.53,ns,,,"2x128x352",,,32,2,16,352,2,128,8,1,8
"dot/dot_uint8_int4_int32_3x16x32_1x8x8_avx2/16/32/real_time",5070366,27.4927,27.428,ns,,,"3x16x32",,,32,3,16,32,3,16,8,1,8
"dot/dot_uint8_int4_int32_3x16x32_1x8x8_avx2/16/544/real_time",504993,277.21,276.706,ns,,,"3x16x544",,,32,3,16,544,3,16,8,1,8
"dot/dot_uint8_int4_int32_3x16x32_1x8x8_avx2/16/1088/real_time",255962,546.083,545.141,ns,,,"3x16x1088",,,32,3,16,1088,3,16,8,1,8
"dot/dot_uint8_int4_int32_3x16x32_1x8x8_avx2/16/1632/real_time",171763,816.134,814.504,ns,,,"3x16x1632",,,32,3,16,1632,3,16,8,1,8
"dot/dot_uint8_int4_int32_3x16x32_1x8x8_avx2/16/2208/real_time",127233,1100.78,1098.59,ns,,,"3x16x2208",,,32,3,16,2208,3,16,8,1,8
"dot/dot_uint8_int4_int32_3x16x32_1x8x8_avx2/32/32/real_time",3001446,46.6313,46.5334,ns,,,"3x32x32",,,32,3,16,32,3,32,8,1,8
"dot/dot_uint8_int4_int32_3x16x32_1x8x8_avx2/32/288/real_time",473484,295.645,294.976,ns,,,"3x32x288",,,32,3,16,288,3,32,8,1,8
"dot/dot_uint8_int4_int32_3x16x32_1x8x8_avx2/32/608/real_time",229036,611.258,610.195,ns,,,"3x32x608",,,32,3,16,608,3,32,8,1,8
"dot/dot_uint8_int4_int32_3x16x32_1x8x8_avx2/32/928/real_time",150775,927.65,925.946,ns,,,"3x32x928",,,32,3,16,928,3,32,8,1,8
"dot/dot_uint8_int4_int32_3x16x32_1x8x8_avx2/32/1248/real_time",112271,1243.92,1241.82,ns,,,"3x32x1248",,,32,3,16,1248,3,32,8,1,8
"dot/dot_uint8_int4_int32_3x16x32_1x8x8_avx2/64/32/real_time",1599421,87.5801,87.37,ns,,,"3x64x32",,,32,3,16,32,3,64,8,1,8
"dot/dot_uint8_int4_int32_3x16x32_1x8x8_avx2/64/160/real_time",420963,332.191,331.277,ns,,,"3x64x160",,,32,3,16,160,3,64,8,1,8
"dot/dot_uint8_int4_int32_3x16x32_1x8x8_avx2/64/320/real_time",216080,647.833,646.528,ns,,,"3x64x320",,,32,3,16,320,3,64,8,1,8
"dot/dot_uint8_int4_int32_3x16x32_1x8x8_avx2/64/480/real_time",145111,965.063,962.818,ns,,,"3x64x480",,,32,3,16,480,3,64,8,1,8
"dot/dot_uint8_int4_int32_3x16x32_1x8x8_avx2/64/672/real_time",104222,1344.5,1342.16,ns,,,"3x64x672",,,32,3,16,672,3,64,8,1,8
"dot/dot_uint8_int4_int32_3x16x32_1x8x8_avx2/128/32/real_time",799815,174.699,174.345,ns,,,"3x128x32",,,32,3,16,32,3,128,8,1,8
"dot/dot_uint8_int4_int32_3x16x32_1x8x8_avx2/128/64/real_time",475613,294.057,293.496,ns,,,"3x128x64",,,32,3,16,64,3,128,8,1,8
"dot/dot_uint8_int4_int32_3x16x32_1x8x8_avx2/128/160/real_time",212116,659.104,658.003,ns,,,"3x128x160",,,32,3,16,160,3,128,8,1,8
"dot/dot_uint8_int4_int32_3x16x32_1x8x8_avx2/128/224/real_time",153906,909.547,907.669,ns,,,"3x128x224",,,32,3,16,224,3,128,8,1,8
"dot/dot_uint8_int4_int32_3x16x32_1x8x8_avx2/128/320/real_time",108305,1289.89,1287.42,ns,,,"3x128x320",,,32,3,16,320,3,128,8,1,8
"dot/dot_uint8_int4_int32_1x8x32_1x8x8_avx2/8/32/real_time",15022998,9.31036,9.29187,ns,,,"1x8x32",,,32,1,8,32,1,8,8,1,8
"dot/dot_uint8_int4_int32_1x8x32_1x8x8_avx2/8/1216/real_time",915611,152.25,151.966,ns,,,"1x8x1216",,,32,1,8,1216,1,8,8,1,8
"dot/dot_uint8_int4_int32_1x8x32_1x8x8_avx2/8/2432/real_time",477077,293.762,293.177,ns,,,"1x8x2432",,,32,1,8,2432,1,8,8,1,8
"dot/dot_uint8_int4_int32_1x8x32_1x8x8_avx2/8/3648/real_time",321806,435.087,434.439,ns,,,"1x8x3648",,,32,1,8,3648,1,8,8,1,8
"dot/dot_uint8_int4_int32_1x8x32_1x8x8_avx2/8/4896/real_time",241223,580.495,579.545,ns,,,"1x8x4896",,,32,1,8,4896,1,8,8,1,8
"dot/dot_uint8_int4_int32_1x8x32_1x8x8_avx2/16/32/real_time",9779842,14.0817,14.053,ns,,,"1x16x32",,,32,1,8,32,1,16,8,1,8
"dot/dot_uint8_int4_int32_1x8x32_1x8x8_avx2/16/672/real_time",812920,171.411,171.093,ns,,,"1x16x672",,,32,1,8,672,1,16,8,1,8
"dot/dot_uint8_int4_int32_1x8x32_1x8x8_avx2/16/1344/real_time",427000,328.09,327.529,ns,,,"1x16x1344",,,32,1,8,1344,1,16,8,1,8
"dot/dot_uint8_int4_int32_1x8x32_1x8x8_avx2/16/2016/real_time",289209,484.539,483.795,ns,,,"1x16x2016",,,32,1,8,2016,1,16,8,1,8
"dot/dot_uint8_int4_int32_1x8x32_1x8x8_avx2/16/2720/real_time",215923,648.094,647.147,ns,,,"1x16x2720",,,32,1,8,2720,1,16,8,1,8
"dot/dot_uint8_int4_int32_1x8x32_1x8x8_avx2/32/32/real_time",6006038,23.2609,23.2059,ns,,,"1x32x32",,,32,1,8,32,1,32,8,1,8
"dot/dot_uint8_int4_int32_1x8x32_1x8x8_avx2/32/352/real_time",802467,174.026,173.748,ns,,,"1x32x352",,,32,1,8,352,1,32,8,1,8
"dot/dot_uint8_int4_int32_1x8x32_1x8x8_avx2/32/704/real_time",397743,351.723,351.098,ns,,,"1x32x704",,,32,1,8,704,1,32,8,1,8
"dot/dot_uint8_int4_int32_1x8x32_1x8x8_avx2/32/1056/real_time",271750,515.694,514.904,ns,,,"1x32x1056",,,32,1,8,1056,1,32,8,1,8
"dot/dot_uint8_int4_int32_1x8x32_1x8x8_avx2/32/1408/real_time",205744,679.514,678.411,ns,,,"1x32x1408",,,32,1,8,1408,1,32,8,1,8
"dot/dot_uint8_int4_int32_1x8x32_1x8x8_avx2/64/32/real_time",3052046,45.8488,45.7792,ns,,,"1x64x32",,,32,1,8,32,1,64,8,1,8
"dot/dot_uint8_int4_int32_1x8x32_1x8x8_avx2/64/160/real_time",871524,160.797,160.551,ns,,,"1x64x160",,,32,1,8,160,1,64,8,1,8
"dot/dot_uint8_int4_int32_1x8x32_1x8x8_avx2/64/352/real_time",407109,343.343,342.813,ns,,,"1x64x352",,,32,1,8,352,1,64,8,1,8
"dot/dot_uint8_int4_int32_1x8x32_1x8x8_avx2/64/544/real_time",258567,526.012,525.124,ns,,,"1x64x544",,,32,1,8,544,1,64,8,1,8
"dot/dot_uint8_int4_int32_1x8x32_1x8x8_avx2/64/736/real_time",192687,726.432,725.318,ns,,,"1x64x736",,,32,1,8,736,1,64,8,1,8
"dot/dot_uint8_int4_int32_3x8x32_1x8x8_avx2/8/32/real_time",8992770,15.3805,15.3469,ns,,,"3x8x32",,,32,3,8,32,3,8,8,1,8
"dot/dot_uint8_int4_int32_3x8x32_1x8x8_avx2/8/864/real_time",675793,205.829,205.486,ns,,,"3x8x864",,,32,3,8,864,3,8,8,1,8
"dot/dot_uint8_int4_int32_3x8x32_1x8x8_avx2/8/1728/real_time",346771,404.201,403.246,ns,,,"3x8x1728",,,32,3,8,1728,3,8,8,1,8
"dot/dot_uint8_int4_int32_3x8x32_1x8x8_avx2/8/2592/real_time",232498,601.356,599.976,ns,,,"3x8x2592",,,32,3,8,2592,3,8,8,1,8
"dot/dot_uint8_int4_int32_3x8x32_1x8x8_avx2/8/3488/real_time",172947,808.207,805.341,ns,,,"3x8x3488",,,32,3,8,3488,3,8,8,1,8
"dot/dot_uint8_int4_int32_3x8x32_1x8x8_avx2/16/32/real_time",5551418,25.1629,25.067,ns,,,"3x16x32",,,32,3,8,32,3,16,8,1,8
"dot/dot_uint8_int4_int32_3x8x32_1x8x8_avx2/16/544/real_time",539030,260.351,259.436,ns,,,"3x16x544",,,32,3,8,544,3,16,8,1,8
"dot/dot_uint8_int4_int32_3x8x32_1x8x8_avx2/16/1088/real_time",273464,511.078,509.261,ns,,,"3x16x1088",,,32,3,8,1088,3,16,8,1,8
"dot/dot_uint8_int4_int32_3x8x32_1x8x8_avx2/16/1632/real_time",184202,759.749,756.907,ns,,,"3x16x1632",,,32,3,8,1632,3,16,8,1,8
"dot/dot_uint8_int4_int32_3x8x32_1x8x8_avx2/16/2208/real_time",136835,1023.88,1020.3,ns,,,"3x16x2208",,,32,3,8,2208,3,16,8,1,8
"dot/dot_uint8_int4_int32_3x8x32_1x8x8_avx2/32/32/real_time",3141779,44.6472,44.5067,ns,,,"3x32x32",,,32,3,8,32,3,32,8,1,8
"dot/dot_uint8_int4_int32_3x8x32_1x8x8_avx2/32/288/real_time",507772,275.675,274.865,ns,,,"3x32x288",,,32,3,8,288,3,32,8,1,8
"dot/dot_uint8_int4_int32_3x8x32_1x8x8_avx2/32/608/real_time",241261,582.142,580.139,ns,,,"3x32x608",,,32,3,8,608,3,32,8,1,8
"dot/dot_uint8_int4_int32_3x8x32_1x8x8_avx2/32/928/real_time",160919,868.639,866.138,ns,,,"3x32x928",,,32,3,8,928,3,32,8,1,8
"dot/dot_uint8_int4_int32_3x8x32_1x8x8_avx2/32/1248/real_time",120588,1163.39,1159.38,ns,,,"3x32x1248",,,32,3,8,1248,3,32,8,1,8
"dot/dot_uint8_int4_int32_3x8x32_1x8x8_avx2/64/32/real_time",1663942,83.9168,83.6495,ns,,,"3x64x32",,,32,3,8,32,3,64,8,1,8
"dot/dot_uint8_int4_int32_3x8x32_1x8x8_avx2/64/160/real_time",448121,312.406,311.459,ns,,,"3x64x160",,,32,3,8,160,3,64,8,1,8
"dot/dot_uint8_int4_int32_3x8x32_1x8x8_avx2/64/320/real_time",230914,606.222,604.505,ns,,,"3x64x320",,,32,3,8,320,3,64,8,1,8
"dot/dot_uint8_int4_int32_3x8x32_1x8x8_avx2/64/480/real_time",155567,900.008,896.731,ns,,,"3x64x480",,,32,3,8,480,3,64,8,1,8
"dot/dot_uint8_int4_int32_3x8x32_1x8x8_avx2/64/672/real_time",109929,1273.7,1269.1,ns,,,"3x64x672",,,32,3,8,672,3,64,8,1,8
"dot/dot_uint8_int4_int32_4x8x32_1x8x8_avx2/8/32/real_time",7711718,18.1796,18.1152,ns,,,"4x8x32",,,32,4,8,32,4,8,8,1,8
"dot/dot_uint8_int4_int32_4x8x32_1x8x8_avx2/8/736/real_time",639355,219.494,218.82,ns,,,"4x8x736",,,32,4,8,736,4,8,8,1,8
"dot/dot_uint8_int4_int32_4x8x32_1x8x8_avx2/8/1504/real_time",319463,438.909,437.596,ns,,,"4x8x1504",,,32,4,8,1504,4,8,8,1,8
"dot/dot_uint8_int4_int32_4x8x32_1x8x8_avx2/8/2272/real_time",211961,661.386,658.983,ns,,,"4x8x2272",,,32,4,8,2272,4,8,8,1,8
"dot/dot_uint8_int4_int32_4x8x32_1x8x8_avx2/8/3040/real_time",159516,876.889,874.334,ns,,,"4x8x3040",,,32,4,8,3040,4,8,8,1,8
"dot/dot_uint8_int4_int32_4x8x32_1x8x8_avx2/16/32/real_time",4706192,29.7401,29.6535,ns,,,"4x16x32",,,32,4,8,32,4,16,8,1,8
"dot/dot_uint8_int4_int32_4x8x32_1x8x8_avx2/16/480/real_time",491640,284.365,283.586,ns,,,"4x16x480",,,32,4,8,480,4,16,8,1,8
"dot/dot_uint8_int4_int32_4x8x32_1x8x8_avx2/16/992/real_time",242597,576.824,575.074,ns,,,"4x16x992",,,32,4,8,992,4,16,8,1,8
"dot/dot_uint8_int4_int32_4x8x32_1x8x8_avx2/16/1504/real_time",161323,868.603,866.157,ns,,,"4x16x1504",,,32,4,8,1504,4,16,8,1,8
"dot/dot_uint8_int4_int32_4x8x32_1x8x8_avx2/16/2016/real_time",120751,1160.08,1156.63,ns,,,"4x16x2016",,,32,4,8,2016,4,16,8,1,8
"dot/dot_uint8_int4_int32_4x8x32_1x8x8_avx2/32/32/real_time",2643797,53.1216,52.9432,ns,,,"4x32x32",,,32,4,8,32,4,32,8,1,8
"dot/dot_uint8_int4_int32_4x8x32_1x8x8_avx2/32/288/real_time",409841,341.803,340.767,ns,,,"4x32x288",,,32,4,8,288,4,32,8,1,8
"dot/dot_uint8_int4_int32_4x8x32_1x8x8_avx2/32/576/real_time",207077,674.688,672.638,ns,,,"4x32x576",,,32,4,8,576,4,32,8,1,8
"dot/dot_uint8_int4_int32_4x8x32_1x8x8_avx2/32/864/real_time",139773,1001.68,998.813,ns,,,"4x32x864",,,32,4,8,864,4,32,8,1,8
"dot/dot_uint8_int4_int32_4x8x32_1x8x8_avx2/32/1184/real_time",102425,1366.17,1362.1,ns,,,"4x32x1184",,,32,4,8,1184,4,32,8,1,8
"dot/dot_uint8_int4_int32_4x8x32_1x8x8_avx2/64/32/real_time",1391255,100.542,100.25,ns,,,"4x64x32",,,32,4,8,32,4,64,8,1,8
"dot/dot_uint8_int4_int32_4x8x32_1x8x8_avx2/64/160/real_time",363290,385.546,384.512,ns,,,"4x64x160",,,32,4,8,160,4,64,8,1,8
"dot/dot_uint8_int4_int32_4x8x32_1x8x8_avx2/64/320/real_time",186534,750.588,748.303,ns,,,"4x64x320",,,32,4,8,320,4,64,8,1,8
"dot/dot_uint8_int4_int32_4x8x32_1x8x8_avx2/64/480/real_time",124356,1123.69,1120.17,ns,,,"4x64x480",,,32,4,8,480,4,64,8,1,8
"dot/dot_uint8_int4_int32_4x8x32_1x8x8_avx2/64/640/real_time",92666,1491.07,1486.25,ns,,,"4x64x640",,,32,4,8,640,4,64,8,1,8
"dot/dot_fp32_1x16x2_1x4x2_avx2/16/2/real_time",18962646,7.39165,7.36905,ns,,,"1x16x2",,,2,1,16,2,1,16,2,1,4
"dot/dot_fp32_1x16x2_1x4x2_avx2/16/90/real_time",3076666,45.9658,45.8414,ns,,,"1x16x90",,,2,1,16,90,1,16,2,1,4
"dot/dot_fp32_1x16x2_1x4x2_avx2/16/180/real_time",1700484,82.2843,82.0496,ns,,,"1x16x180",,,2,1,16,180,1,16,2,1,4
"dot/dot_fp32_1x16x2_1x4x2_avx2/16/270/real_time",1195554,116.942,116.528,ns,,,"1x16x270",,,2,1,16,270,1,16,2,1,4
"dot/dot_fp32_1x16x2_1x4x2_avx2/16/360/real_time",928822,150.908,150.49,ns,,,"1x16x360",,,2,1,16,360,1,16,2,1,4
"dot/dot_fp32_1x16x2_1x4x2_avx2/32/2/real_time",13938274,10.0629,10.0303,ns,,,"1x32x2",,,2,1,16,2,1,32,2,1,4
"dot/dot_fp32_1x16x2_1x4x2_avx2/32/46/real_time",3001231,46.703,46.5581,ns,,,"1x32x46",,,2,1,16,46,1,32,2,1,4
"dot/dot_fp32_1x16x2_1x4x2_avx2/32/92/real_time",1567602,89.2752,88.9688,ns,,,"1x32x92",,,2,1,16,92,1,32,2,1,4
"dot/dot_fp32_1x16x2_1x4x2_avx2/32/138/real_time",1113028,126.547,126.15,ns,,,"1x32x138",,,2,1,16,138,1,32,2,1,4
"dot/dot_fp32_1x16x2_1x4x2_avx2/32/184/real_time",867937,161.529,161.039,ns,,,"1x32x184",,,2,1,16,184,1,32,2,1,4
"dot/dot_fp32_1x16x2_1x4x2_avx2/64/2/real_time",9025956,15.5205,15.4795,ns,,,"1x64x2",,,2,1,16,2,1,64,2,1,4
"dot/dot_fp32_1x16x2_1x4x2_avx2/64/22/real_time",2913101,48.0436,47.8495,ns,,,"1x64x22",,,2,1,16,22,1,64,2,1,4
"dot/dot_fp32_1x16x2_1x4x2_avx2/64/46/real_time",1563765,89.4045,89.1628,ns,,,"1x64x46",,,2,1,16,46,1,64,2,1,4
"dot/dot_fp32_1x16x2_1x4x2_avx2/64/68/real_time",1033103,133.17,132.763,ns,,,"1x64x68",,,2,1,16,68,1,64,2,1,4
"dot/dot_fp32_1x16x2_1x4x2_avx2/64/92/real_time",812392,174.24,173.623,ns,,,"1x64x92",,,2,1,16,92,1,64,2,1,4
"dot/dot_fp32_1x16x2_1x4x2_avx2/128/2/real_time",5342587,26.2116,26.1409,ns,,,"1x128x2",,,2,1,16,2,1,128,2,1,4
"dot/dot_fp32_1x16x2_1x4x2_avx2/128/10/real_time",2626275,53.2212,53.0119,ns,,,"1x128x10",,,2,1,16,10,1,128,2,1,4
"dot/dot_fp32_1x16x2_1x4x2_avx2/128/22/real_time",1525905,91.3863,91.109,ns,,,"1x128x22",,,2,1,16,22,1,128,2,1,4
"dot/dot_fp32_1x16x2_1x4x2_avx2/128/34/real_time",1064890,132.32,131.964,ns,,,"1x128x34",,,2,1,16,34,1,128,2,1,4
"dot/dot_fp32_1x16x2_1x4x2_avx2/128/46/real_time",807076,175.037,174.47,ns,,,"1x128x46",,,2,1,16,46,1,128,2,1,4
"dot/dot_fp32_2x16x2_1x4x2_avx2/16/2/real_time",14189852,9.85485,9.83072,ns,,,"2x16x2",,,2,2,16,2,2,16,2,1,4
"dot/dot_fp32_2x16x2_1x4x2_avx2/16/84/real_time",2058058,67.9987,67.7953,ns,,,"2x16x84",,,2,2,16,84,2,16,2,1,4
"dot/dot_fp32_2x16x2_1x4x2_avx2/16/168/real_time",1112699,126.318,125.8,ns,,,"2x16x168",,,2,2,16,168,2,16,2,1,4
"dot/dot_fp32_2x16x2_1x4x2_avx2/16/252/real_time",762022,183.733,183.18,ns,,,"2x16x252",,,2,2,16,252,2,16,2,1,4
"dot/dot_fp32_2x16x2_1x4x2_avx2/16/338/real_time",577717,242.645,241.971,ns,,,"2x16x338",,,2,2,16,338,2,16,2,1,4
"dot/dot_fp32_2x16x2_1x4x2_avx2/32/2/real_time",10046131,13.924,13.8763,ns,,,"2x32x2",,,2,2,16,2,2,32,2,1,4
"dot/dot_fp32_2x16x2_1x4x2_avx2/32/44/real_time",1891873,74.0185,73.8224,ns,,,"2x32x44",,,2,2,16,44,2,32,2,1,4
"dot/dot_fp32_2x16x2_1x4x2_avx2/32/88/real_time",1022631,136.315,135.821,ns,,,"2x32x88",,,2,2,16,88,2,32,2,1,4
"dot/dot_fp32_2x16x2_1x4x2_avx2/32/132/real_time",713278,196.925,196.437,ns,,,"2x32x132",,,2,2,16,132,2,32,2,1,4
"dot/dot_fp32_2x16x2_1x4x2_avx2/32/178/real_time",540721,259.72,259.074,ns,,,"2x32x178",,,2,2,16,178,2,32,2,1,4
"dot/dot_fp32_2x16x2_1x4x2_avx2/64/2/real_time",6310504,22.2553,22.1825,ns,,,"2x64x2",,,2,2,16,2,2,64,2,1,4
"dot/dot_fp32_2x16x2_1x4x2_avx2/64/22/real_time",1796296,78.0275,77.824,ns,,,"2x64x22",,,2,2,16,22,2,64,2,1,4
"dot/dot_fp32_2x16x2_1x4x2_avx2/64/44/real_time",977303,143.307,142.936,ns,,,"2x64x44",,,2,2,16,44,2,64,2,1,4
"dot/dot_fp32_2x16x2_1x4x2_avx2/64/66/real_time",679431,206.236,205.611,ns,,,"2x64x66",,,2,2,16,66,2,64,2,1,4
"dot/dot_fp32_2x16x2_1x4x2_avx2/64/90/real_time",516182,271.089,270.324,ns,,,"2x64x90",,,2,2,16,90,2,64,2,1,4
"dot/dot_fp32_2x16x2_1x4x2_avx2/128/2/real_time",3601618,38.8064,38.6924,ns,,,"2x128x2",,,2,2,16,2,2,128,2,1,4
"dot/dot_fp32_2x16x2_1x4x2_avx2/128/10/real_time",1717688,81.4055,81.1873,ns,,,"2x128x10",,,2,2,16,10,2,128,2,1,4
"dot/dot_fp32_2x16x2_1x4x2_avx2/128/22/real_time",929279,150.873,150.529,ns,,,"2x128x22",,,2,2,16,22,2,128,2,1,4
"dot/dot_fp32_2x16x2_1x4x2_avx2/128/32/real_time",660920,211.899,211.329,ns,,,"2x128x32",,,2,2,16,32,2,128,2,1,4
"dot/dot_fp32_2x16x2_1x4x2_avx2/128/44/real_time",495964,282.524,281.664,ns,,,"2x128x44",,,2,2,16,44,2,128,2,1,4
"dot/dot_fp32_1x8x2_1x4x2_avx2/8/2/real_time",20471973,6.80996,6.79379,ns,,,"1x8x2",,,2,1,8,2,1,8,2,1,4
"dot/dot_fp32_1x8x2_1x4x2_avx2/8/170/real_time",2679473,51.8991,51.7073,ns,,,"1x8x170",,,2,1,8,170,1,8,2,1,4
"dot/dot_fp32_1x8x2_1x4x2_avx2/8/340/real_time",1546584,90.5692,90.3279,ns,,,"1x8x340",,,2,1,8,340,1,8,2,1,4
"dot/dot_fp32_1x8x2_1x4x2_avx2/8/510/real_time",1054006,132.746,132.321,ns,,,"1x8x510",,,2,1,8,510,1,8,2,1,4
"dot/dot_fp32_1x8x2_1x4x2_avx2/8/680/real_time",798181,175.523,174.843,ns,,,"1x8x680",,,2,1,8,680,1,8,2,1,4
"dot/dot_fp32_1x8x2_1x4x2_avx2/16/2/real_time",16151788,8.7164,8.69185,ns,,,"1x16x2",,,2,1,8,2,1,16,2,1,4
"dot/dot_fp32_1x8x2_1x4x2_avx2/16/90/real_time",2223659,63.0813,62.8927,ns,,,"1x16x90",,,2,1,8,90,1,16,2,1,4
"dot/dot_fp32_1x8x2_1x4x2_avx2/16/180/real_time",1338509,102.931,102.626,ns,,,"1x16x180",,,2,1,8,180,1,16,2,1,4
"dot/dot_fp32_1x8x2_1x4x2_avx2/16/270/real_time",970972,144.75,144.299,ns,,,"1x16x270",,,2,1,8,270,1,16,2,1,4
"dot/dot_fp32_1x8x2_1x4x2_avx2/16/360/real_time",748192,185.951,185.242,ns,,,"1x16x360",,,2,1,8,360,1,16,2,1,4
"dot/dot_fp32_1x8x2_1x4x2_avx2/32/2/real_time",10688586,13.1643,13.1263,ns,,,"1x32x2",,,2,1,8,2,1,32,2,1,4
"dot/dot_fp32_1x8x2_1x4x2_avx2/32/46/real_time",2290574,61.4419,61.2829,ns,,,"1x32x46",,,2,1,8,46,1,32,2,1,4
"dot/dot_fp32_1x8x2_1x4x2_avx2/32/92/real_time",1124366,123.465,123.121,ns,,,"1x32x92",,,2,1,8,92,1,32,2,1,4
"dot/dot_fp32_1x8x2_1x4x2_avx2/32/138/real_time",843293,166.472,166.043,ns,,,"1x32x138",,,2,1,8,138,1,32,2,1,4
"dot/dot_fp32_1x8x2_1x4x2_avx2/32/184/real_time",673792,207.906,207.342,ns,,,"1x32x184",,,2,1,8,184,1,32,2,1,4
"dot/dot_fp32_1x8x2_1x4x2_avx2/64/2/real_time",6425772,21.7444,21.676,ns,,,"1x64x2",,,2,1,8,2,1,64,2,1,4
"dot/dot_fp32_1x8x2_1x4x2_avx2/64/22/real_time",2219081,63.8812,63.7199,ns,,,"1x64x22",,,2,1,8,22,1,64,2,1,4
"dot/dot_fp32_1x8x2_1x4x2_avx2/64/46/real_time",1200680,117.695,117.378,ns,,,"1x64x46",,,2,1,8,46,1,64,2,1,4
"dot/dot_fp32_1x8x2_1x4x2_avx2/64/68/real_time",752049,187.591,186.955,ns,,,"1x64x68",,,2,1,8,68,1,64,2,1,4
"dot/dot_fp32_1x8x2_1x4x2_avx2/64/92/real_time",578926,241.059,240.302,ns,,,"1x64x92",,,2,1,8,92,1,64,2,1,4
"dot/dot_fp32_3x8x2_1x4x2_avx2/8/2/real_time",13907244,10.0779,10.0449,ns,,,"3x8x2",,,2,3,8,2,3,8,2,1,4
"dot/dot_fp32_3x8x2_1x4x2_avx2/8/138/real_time",1692395,82.7297,82.3899,ns,,,"3x8x138",,,2,3,8,138,3,8,2,1,4
"dot/dot_fp32_3x8x2_1x4x2_avx2/8/278/real_time",894660,156.308,155.76,ns,,,"3x8x278",,,2,3,8,278,3,8,2,1,4
"dot/dot_fp32_3x8x2_1x4x2_avx2/8/416/real_time",612109,228.808,228.096,ns,,,"3x8x416",,,2,3,8,416,3,8,2,1,4
"dot/dot_fp32_3x8x2_1x4x2_avx2/8/556/real_time",462467,302.278,301.313,ns,,,"3x8x556",,,2,3,8,556,3,8,2,1,4
"dot/dot_fp32_3x8x2_1x4x2_avx2/16/2/real_time",10052127,13.9132,13.8715,ns,,,"3x16x2",,,2,3,8,2,3,16,2,1,4
"dot/dot_fp32_3x8x2_1x4x2_avx2/16/80/real_time",1396672,99.9715,99.6722,ns,,,"3x16x80",,,2,3,8,80,3,16,2,1,4
"dot/dot_fp32_3x8x2_1x4x2_avx2/16/160/real_time",765569,182.767,182.068,ns,,,"3x16x160",,,2,3,8,160,3,16,2,1,4
"dot/dot_fp32_3x8x2_1x4x2_avx2/16/240/real_time",524823,266.732,265.893,ns,,,"3x16x240",,,2,3,8,240,3,16,2,1,4
"dot/dot_fp32_3x8x2_1x4x2_avx2/16/320/real_time",399210,350.731,349.607,ns,,,"3x16x320",,,2,3,8,320,3,16,2,1,4
"dot/dot_fp32_3x8x2_1x4x2_avx2/32/2/real_time",6358058,22.0057,21.9385,ns,,,"3x32x2",,,2,3,8,2,3,32,2,1,4
"dot/dot_fp32_3x8x2_1x4x2_avx2/32/42/real_time",1317132,106.288,106.017,ns,,,"3x32x42",,,2,3,8,42,3,32,2,1,4
"dot/dot_fp32_3x8x2_1x4x2_avx2/32/86/real_time",690388,202.852,202.262,ns,,,"3x32x86",,,2,3,8,86,3,32,2,1,4
"dot/dot_fp32_3x8x2_1x4x2_avx2/32/128/real_time",475693,294.153,293.137,ns,,,"3x32x128",,,2,3,8,128,3,32,2,1,4
"dot/dot_fp32_3x8x2_1x4x2_avx2/32/172/real_time",365159,383.793,382.337,ns,,,"3x32x172",,,2,3,8,172,3,32,2,1,4
"dot/dot_fp32_3x8x2_1x4x2_avx2/64/2/real_time",3722193,37.6409,37.504,ns,,,"3x64x2",,,2,3,8,2,3,64,2,1,4
"dot/dot_fp32_3x8x2_1x4x2_avx2/64/22/real_time",1190276,120.803,120.405,ns,,,"3x64x22",,,2,3,8,22,3,64,2,1,4
"dot/dot_fp32_3x8x2_1x4x2_avx2/64/44/real_time",640244,218.641,217.891,ns,,,"3x64x44",,,2,3,8,44,3,64,2,1,4
"dot/dot_fp32_3x8x2_1x4x2_avx2/64/66/real_time",435053,325.167,324.162,ns,,,"3x64x66",,,2,3,8,66,3,64,2,1,4
"dot/dot_fp32_3x8x2_1x4x2_avx2/64/88/real_time",343430,408.047,406.534,ns,,,"3x64x88",,,2,3,8,88,3,64,2,1,4
"dot/dot_fp32_4x8x2_1x4x2_avx2/8/2/real_time",12362136,11.3339,11.2874,ns,,,"4x8x2",,,2,4,8,2,4,8,2,1,4
"dot/dot_fp32_4x8x2_1x4x2_avx2/8/126/real_time",1420922,98.5959,98.2526,ns,,,"4x8x126",,,2,4,8,126,4,8,2,1,4
"dot/dot_fp32_4x8x2_1x4x2_avx2/8/254/real_time",749206,186.808,186.05,ns,,,"4x8x254",,,2,4,8,254,4,8,2,1,4
"dot/dot_fp32_4x8x2_1x4x2_avx2/8/380/real_time",512390,273.096,272.315,ns,,,"4x8x380",,,2,4,8,380,4,8,2,1,4
"dot/dot_fp32_4x8x2_1x4x2_avx2/8/508/real_time",387761,361.312,360.201,ns,,,"4x8x508",,,2,4,8,508,4,8,2,1,4
"dot/dot_fp32_4x8x2_1x4x2_avx2/16/2/real_time",8809793,15.8735,15.8146,ns,,,"4x16x2",,,2,4,8,2,4,16,2,1,4
"dot/dot_fp32_4x8x2_1x4x2_avx2/16/76/real_time",1161272,120.735,120.385,ns,,,"4x16x76",,,2,4,8,76,4,16,2,1,4
"dot/dot_fp32_4x8x2_1x4x2_avx2/16/152/real_time",620342,225.796,225.145,ns,,,"4x16x152",,,2,4,8,152,4,16,2,1,4
"dot/dot_fp32_4x8x2_1x4x2_avx2/16/228/real_time",424233,329.548,328.656,ns,,,"4x16x228",,,2,4,8,228,4,16,2,1,4
"dot/dot_fp32_4x8x2_1x4x2_avx2/16/304/real_time",321634,435.23,433.893,ns,,,"4x16x304",,,2,4,8,304,4,16,2,1,4
"dot/dot_fp32_4x8x2_1x4x2_avx2/32/2/real_time",5532305,25.3048,25.2291,ns,,,"4x32x2",,,2,4,8,2,4,32,2,1,4
"dot/dot_fp32_4x8x2_1x4x2_avx2/32/40/real_time",1064107,131.584,131.219,ns,,,"4x32x40",,,2,4,8,40,4,32,2,1,4
"dot/dot_fp32_4x8x2_1x4x2_avx2/32/82/real_time",555526,251.7,251.092,ns,,,"4x32x82",,,2,4,8,82,4,32,2,1,4
"dot/dot_fp32_4x8x2_1x4x2_avx2/32/124/real_time",381379,366.861,365.885,ns,,,"4x32x124",,,2,4,8,124,4,32,2,1,4
"dot/dot_fp32_4x8x2_1x4x2_avx2/32/166/real_time",290447,482.175,480.785,ns,,,"4x32x166",,,2,4,8,166,4,32,2,1,4
"dot/dot_fp32_4x8x2_1x4x2_avx2/64/2/real_time",3188291,43.9204,43.7895,ns,,,"4x64x2",,,2,4,8,2,4,64,2,1,4
"dot/dot_fp32_4x8x2_1x4x2_avx2/64/20/real_time",1004624,139.113,138.685,ns,,,"4x64x20",,,2,4,8,20,4,64,2,1,4
"dot/dot_fp32_4x8x2_1x4x2_avx2/64/42/real_time",522820,267.743,267.056,ns,,,"4x64x42",,,2,4,8,42,4,64,2,1,4
"dot/dot_fp32_4x8x2_1x4x2_avx2/64/64/real_time",348997,401.179,400.157,ns,,,"4x64x64",,,2,4,8,64,4,64,2,1,4
"dot/dot_fp32_4x8x2_1x4x2_avx2/64/86/real_time",270426,517.743,516.274,ns,,,"4x64x86",,,2,4,8,86,4,64,2,1,4
"dot/dot_fp32_5x8x2_1x4x2_avx2/8/2/real_time",11100313,12.6489,12.6175,ns,,,"5x8x2",,,2,5,8,2,5,8,2,1,4
"dot/dot_fp32_5x8x2_1x4x2_avx2/8/116/real_time",1278657,109.735,109.447,ns,,,"5x8x116",,,2,5,8,116,5,8,2,1,4
"dot/dot_fp32_5x8x2_1x4x2_avx2/8/234/real_time",662173,212.204,211.589,ns,,,"5x8x234",,,2,5,8,234,5,8,2,1,4
"dot/dot_fp32_5x8x2_1x4x2_avx2/8/350/real_time",447647,312.569,311.681,ns,,,"5x8x350",,,2,5,8,350,5,8,2,1,4
"dot/dot_fp32_5x8x2_1x4x2_avx2/8/468/real_time",336288,416.539,415.443,ns,,,"5x8x468",,,2,5,8,468,5,8,2,1,4
"dot/dot_fp32_5x8x2_1x4x2_avx2/16/2/real_time",7702359,18.3697,18.3178,ns,,,"5x16x2",,,2,5,8,2,5,16,2,1,4
"dot/dot_fp32_5x8x2_1x4x2_avx2/16/72/real_time",1020941,137.471,137.069,ns,,,"5x16x72",,,2,5,8,72,5,16,2,1,4
"dot/dot_fp32_5x8x2_1x4x2_avx2/16/144/real_time",534785,262.1,261.374,ns,,,"5x16x144",,,2,5,8,144,5,16,2,1,4
"dot/dot_fp32_5x8x2_1x4x2_avx2/16/216/real_time",362550,387.135,386.029,ns,,,"5x16x216",,,2,5,8,216,5,16,2,1,4
"dot/dot_fp32_5x8x2_1x4x2_avx2/16/288/real_time",272565,512.901,511.648,ns,,,"5x16x288",,,2,5,8,288,5,16,2,1,4
"dot/dot_fp32_5x8x2_1x4x2_avx2/32/2/real_time",4796743,29.2407,29.1646,ns,,,"5x32x2",,,2,5,8,2,5,32,2,1,4
"dot/dot_fp32_5x8x2_1x4x2_avx2/32/40/real_time",863214,162.309,161.884,ns,,,"5x32x40",,,2,5,8,40,5,32,2,1,4
"dot/dot_fp32_5x8x2_1x4x2_avx2/32/80/real_time",473040,296.005,295.143,ns,,,"5x32x80",,,2,5,8,80,5,32,2,1,4
"dot/dot_fp32_5x8x2_1x4x2_avx2/32/120/real_time",320113,434.926,433.581,ns,,,"5x32x120",,,2,5,8,120,5,32,2,1,4
"dot/dot_fp32_5x8x2_1x4x2_avx2/32/160/real_time",242881,575.413,573.773,ns,,,"5x32x160",,,2,5,8,160,5,32,2,1,4
"dot/dot_fp32_5x8x2_1x4x2_avx2/64/2/real_time",2633005,52.8465,52.7146,ns,,,"5x64x2",,,2,5,8,2,5,64,2,1,4
"dot/dot_fp32_5x8x2_1x4x2_avx2/64/20/real_time",793756,176.338,175.895,ns,,,"5x64x20",,,2,5,8,20,5,64,2,1,4
"dot/dot_fp32_5x8x2_1x4x2_avx2/64/42/real_time",421582,331.993,331.13,ns,,,"5x64x42",,,2,5,8,42,5,64,2,1,4
"dot/dot_fp32_5x8x2_1x4x2_avx2/64/62/real_time",297027,473.106,471.815,ns,,,"5x64x62",,,2,5,8,62,5,64,2,1,4
"dot/dot_fp32_5x8x2_1x4x2_avx2/64/84/real_time",226855,617.888,616.302,ns,,,"5x64x84",,,2,5,8,84,5,64,2,1,4
"dot/dot_fp32_6x8x2_1x4x2_avx2/8/2/real_time",10112876,13.8812,13.8416,ns,,,"6x8x2",,,2,6,8,2,6,8,2,1,4
"dot/dot_fp32_6x8x2_1x4x2_avx2/8/108/real_time",1140499,121.577,121.249,ns,,,"6x8x108",,,2,6,8,108,6,8,2,1,4
"dot/dot_fp32_6x8x2_1x4x2_avx2/8/216/real_time",601594,233.192,232.552,ns,,,"6x8x216",,,2,6,8,216,6,8,2,1,4
"dot/dot_fp32_6x8x2_1x4x2_avx2/8/324/real_time",403554,346.912,345.964,ns,,,"6x8x324",,,2,6,8,324,6,8,2,1,4
"dot/dot_fp32_6x8x2_1x4x2_avx2/8/434/real_time",304097,459.932,458.622,ns,,,"6x8x434",,,2,6,8,434,6,8,2,1,4
"dot/dot_fp32_6x8x2_1x4x2_avx2/16/2/real_time",6912208,20.2207,20.1646,ns,,,"6x16x2",,,2,6,8,2,6,16,2,1,4
"dot/dot_fp32_6x8x2_1x4x2_avx2/16/68/real_time",908789,154.828,154.454,ns,,,"6x16x68",,,2,6,8,68,6,16,2,1,4
"dot/dot_fp32_6x8x2_1x4x2_avx2/16/136/real_time",474293,295.247,294.404,ns,,,"6x16x136",,,2,6,8,136,6,16,2,1,4
"dot/dot_fp32_6x8x2_1x4x2_avx2/16/204/real_time",321041,434.963,433.787,ns,,,"6x16x204",,,2,6,8,204,6,16,2,1,4
"dot/dot_fp32_6x8x2_1x4x2_avx2/16/274/real_time",241609,579.019,577.366,ns,,,"6x16x274",,,2,6,8,274,6,16,2,1,4
"dot/dot_fp32_6x8x2_1x4x2_avx2/32/2/real_time",4157205,33.4431,33.3336,ns,,,"6x32x2",,,2,6,8,2,6,32,2,1,4
"dot/dot_fp32_6x8x2_1x4x2_avx2/32/38/real_time",792045,177.046,176.577,ns,,,"6x32x38",,,2,6,8,38,6,32,2,1,4
"dot/dot_fp32_6x8x2_1x4x2_avx2/32/78/real_time",403696,344.702,343.712,ns,,,"6x32x78",,,2,6,8,78,6,32,2,1,4
"dot/dot_fp32_6x8x2_1x4x2_avx2/32/116/real_time",278429,501.862,500.312,ns,,,"6x32x116",,,2,6,8,116,6,32,2,1,4
"dot/dot_fp32_6x8x2_1x4x2_avx2/32/156/real_time",209375,669.752,667.855,ns,,,"6x32x156",,,2,6,8,156,6,32,2,1,4
"dot/dot_fp32_6x8x2_1x4x2_avx2/64/2/real_time",2310518,60.6292,60.4595,ns,,,"6x64x2",,,2,6,8,2,6,64,2,1,4
"dot/dot_fp32_6x8x2_1x4x2_avx2/64/20/real_time",695938,201.157,200.648,ns,,,"6x64x20",,,2,6,8,20,6,64,2,1,4
"dot/dot_fp32_6x8x2_1x4x2_avx2/64/40/real_time",385121,363.268,362.155,ns,,,"6x64x40",,,2,6,8,40,6,64,2,1,4
"dot/dot_fp32_6x8x2_1x4x2_avx2/64/60/real_time",260333,537.898,536.545,ns,,,"6x64x60",,,2,6,8,60,6,64,2,1,4
"dot/dot_fp32_6x8x2_1x4x2_avx2/64/82/real_time",194227,720.403,718.569,ns,,,"6x64x82",,,2,6,8,82,6,64,2,1,4
"dot/dot_fp32_4x4x2_1x4x2_avx2/4/2/real_time",13521926,10.3721,10.345,ns,,,"4x4x2",,,2,4,4,2,4,4,2,1,4
"dot/dot_fp32_4x4x2_1x4x2_avx2/4/190/real_time",1616637,86.4778,86.2492,ns,,,"4x4x190",,,2,4,4,190,4,4,2,1,4
"dot/dot_fp32_4x4x2_1x4x2_avx2/4/382/real_time",844776,165.97,165.502,ns,,,"4x4x382",,,2,4,4,382,4,4,2,1,4
"dot/dot_fp32_4x4x2_1x4x2_avx2/4/574/real_time",575862,243.2,242.522,ns,,,"4x4x574",,,2,4,4,574,4,4,2,1,4
"dot/dot_fp32_4x4x2_1x4x2_avx2/4/766/real_time",437222,319.759,318.772,ns,,,"4x4x766",,,2,4,4,766,4,4,2,1,4
"dot/dot_fp32_4x4x2_1x4x2_avx2/8/2/real_time",9922360,14.1268,14.0895,ns,,,"4x8x2",,,2,4,4,2,4,8,2,1,4
"dot/dot_fp32_4x4x2_1x4x2_avx2/8/126/real_time",1182673,118.841,118.509,ns,,,"4x8x126",,,2,4,4,126,4,8,2,1,4
"dot/dot_fp32_4x4x2_1x4x2_avx2/8/254/real_time",641762,219.189,218.452,ns,,,"4x8x254",,,2,4,4,254,4,8,2,1,4
"dot/dot_fp32_4x4x2_1x4x2_avx2/8/380/real_time",431201,324.614,323.766,ns,,,"4x8x380",,,2,4,4,380,4,8,2,1,4
"dot/dot_fp32_4x4x2_1x4x2_avx2/8/508/real_time",327458,428.134,426.668,ns,,,"4x8x508",,,2,4,4,508,4,8,2,1,4
"dot/dot_fp32_4x4x2_1x4x2_avx2/16/2/real_time",6322878,22.0557,21.9954,ns,,,"4x16x2",,,2,4,4,2,4,16,2,1,4
"dot/dot_fp32_4x4x2_1x4x2_avx2/16/76/real_time",884386,156.952,156.524,ns,,,"4x16x76",,,2,4,4,76,4,16,2,1,4
"dot/dot_fp32_4x4x2_1x4x2_avx2/16/152/real_time",510630,271.897,271.167,ns,,,"4x16x152",,,2,4,4,152,4,16,2,1,4
"dot/dot_fp32_4x4x2_1x4x2_avx2/16/228/real_time",358098,391.468,390.312,ns,,,"4x16x228",,,2,4,4,228,4,16,2,1,4
"dot/dot_fp32_4x4x2_1x4x2_avx2/16/304/real_time",264761,530.074,528.635,ns,,,"4x16x304",,,2,4,4,304,4,16,2,1,4
"dot/dot_fp32_4x4x2_1x4x2_avx2/32/2/real_time",3715619,37.6683,37.5573,ns,,,"4x32x2",,,2,4,4,2,4,32,2,1,4
"dot/dot_fp32_4x4x2_1x4x2_avx2/32/40/real_time",838355,166.754,166.327,ns,,,"4x32x40",,,2,4,4,40,4,32,2,1,4
"dot/dot_fp32_4x4x2_1x4x2_avx2/32/82/real_time",428929,323.909,323.126,ns,,,"4x32x82",,,2,4,4,82,4,32,2,1,4
"dot/dot_fp32_4x4x2_1x4x2_avx2/32/124/real_time",311415,452.872,451.553,ns,,,"4x32x124",,,2,4,4,124,4,32,2,1,4
"dot/dot_fp32_4x4x2_1x4x2_avx2/32/166/real_time",243215,578.53,576.873,ns,,,"4x32x166",,,2,4,4,166,4,32,2,1,4
"dot/dot_fp32_5x4x2_1x4x2_avx2/4/2/real_time",12348801,11.3474,11.3156,ns,,,"5x4x2",,,2,5,4,2,5,4,2,1,4
"dot/dot_fp32_5x4x2_1x4x2_avx2/4/170/real_time",1465223,95.4624,95.2231,ns,,,"5x4x170",,,2,5,4,170,5,4,2,1,4
"dot/dot_fp32_5x4x2_1x4x2_avx2/4/340/real_time",785289,176.155,175.74,ns,,,"5x4x340",,,2,5,4,340,5,4,2,1,4
"dot/dot_fp32_5x4x2_1x4x2_avx2/4/510/real_time",549550,254.562,253.787,ns,,,"5x4x510",,,2,5,4,510,5,4,2,1,4
"dot/dot_fp32_5x4x2_1x4x2_avx2/4/680/real_time",409687,340.893,339.952,ns,,,"5x4x680",,,2,5,4,680,5,4,2,1,4
"dot/dot_fp32_5x4x2_1x4x2_avx2/8/2/real_time",8752268,15.8697,15.8305,ns,,,"5x8x2",,,2,5,4,2,5,8,2,1,4
"dot/dot_fp32_5x4x2_1x4x2_avx2/8/116/real_time",1071313,130.272,129.925,ns,,,"5x8x116",,,2,5,4,116,5,8,2,1,4
"dot/dot_fp32_5x4x2_1x4x2_avx2/8/234/real_time",573053,244.888,244.275,ns,,,"5x8x234",,,2,5,4,234,5,8,2,1,4
"dot/dot_fp32_5x4x2_1x4x2_avx2/8/350/real_time",398033,352.46,351.48,ns,,,"5x8x350",,,2,5,4,350,5,8,2,1,4
"dot/dot_fp32_5x4x2_1x4x2_avx2/8/468/real_time",296441,472.369,470.929,ns,,,"5x8x468",,,2,5,4,468,5,8,2,1,4
"dot/dot_fp32_5x4x2_1x4x2_avx2/16/2/real_time",5502434,25.4086,25.3431,ns,,,"5x16x2",,,2,5,4,2,5,16,2,1,4
"dot/dot_fp32_5x4x2_1x4x2_avx2/16/72/real_time",823389,171.164,170.727,ns,,,"5x16x72",,,2,5,4,72,5,16,2,1,4
"dot/dot_fp32_5x4x2_1x4x2_avx2/16/144/real_time",436943,320.669,319.8,ns,,,"5x16x144",,,2,5,4,144,5,16,2,1,4
"dot/dot_fp32_5x4x2_1x4x2_avx2/16/216/real_time",309726,451.073,449.815,ns,,,"5x16x216",,,2,5,4,216,5,16,2,1,4
"dot/dot_fp32_5x4x2_1x4x2_avx2/16/288/real_time",233134,598.328,596.951,ns,,,"5x16x288",,,2,5,4,288,5,16,2,1,4
"dot/dot_fp32_5x4x2_1x4x2_avx2/32/2/real_time",3216986,43.5763,43.4481,ns,,,"5x32x2",,,2,5,4,2,5,32,2,1,4
"dot/dot_fp32_5x4x2_1x4x2_avx2/32/40/real_time",717763,195.535,195.019,ns,,,"5x32x40",,,2,5,4,40,5,32,2,1,4
"dot/dot_fp32_5x4x2_1x4x2_avx2/32/80/real_time",364525,383.886,382.888,ns,,,"5x32x80",,,2,5,4,80,5,32,2,1,4
"dot/dot_fp32_5x4x2_1x4x2_avx2/32/120/real_time",263516,532.273,530.688,ns,,,"5x32x120",,,2,5,4,120,5,32,2,1,4
"dot/dot_fp32_5x4x2_1x4x2_avx2/32/160/real_time",200639,700.638,698.764,ns,,,"5x32x160",,,2,5,4,160,5,32,2,1,4
"dot/dot_fp32_6x4x2_1x4x2_avx2/4/2/real_time",10983225,12.6421,12.6057,ns,,,"6x4x2",,,2,6,4,2,6,4,2,1,4
"dot/dot_fp32_6x4x2_1x4x2_avx2/4/152/real_time",1371925,101.821,101.528,ns,,,"6x4x152",,,2,6,4,152,6,4,2,1,4
"dot/dot_fp32_6x4x2_1x4x2_avx2/4/306/real_time",740716,187.787,187.227,ns,,,"6x4x306",,,2,6,4,306,6,4,2,1,4
"dot/dot_fp32_6x4x2_1x4x2_avx2/4/458/real_time",511527,273.685,272.75,ns,,,"6x4x458",,,2,6,4,458,6,4,2,1,4
"dot/dot_fp32_6x4x2_1x4x2_avx2/4/612/real_time",381325,364.917,363.829,ns,,,"6x4x612",,,2,6,4,612,6,4,2,1,4
"dot/dot_fp32_6x4x2_1x4x2_avx2/8/2/real_time",7897498,17.6818,17.6365,ns,,,"6x8x2",,,2,6,4,2,6,8,2,1,4
"dot/dot_fp32_6x4x2_1x4x2_avx2/8/108/real_time",1005900,140.405,140.037,ns,,,"6x8x108",,,2,6,4,108,6,8,2,1,4
"dot/dot_fp32_6x4x2_1x4x2_avx2/8/216/real_time",518626,263.916,263.127,ns,,,"6x8x216",,,2,6,4,216,6,8,2,1,4
"dot/dot_fp32_6x4x2_1x4x2_avx2/8/324/real_time",357207,393.266,392.195,ns,,,"6x8x324",,,2,6,4,324,6,8,2,1,4
"dot/dot_fp32_6x4x2_1x4x2_avx2/8/434/real_time",272589,518.368,516.713,ns,,,"6x8x434",,,2,6,4,434,6,8,2,1,4
"dot/dot_fp32_6x4x2_1x4x2_avx2/16/2/real_time",4951449,28.2728,28.175,ns,,,"6x16x2",,,2,6,4,2,6,16,2,1,4
"dot/dot_fp32_6x4x2_1x4x2_avx2/16/68/real_time",767260,184.211,183.749,ns,,,"6x16x68",,,2,6,4,68,6,16,2,1,4
"dot/dot_fp32_6x4x2_1x4x2_avx2/16/136/real_time",400888,346.182,345.324,ns,,,"6x16x136",,,2,6,4,136,6,16,2,1,4
"dot/dot_fp32_6x4x2_1x4x2_avx2/16/204/real_time",277475,498.436,497.132,ns,,,"6x16x204",,,2,6,4,204,6,16,2,1,4
"dot/dot_fp32_6x4x2_1x4x2_avx2/16/274/real_time",208805,664.941,663.103,ns,,,"6x16x274",,,2,6,4,274,6,16,2,1,4
"dot/dot_fp32_6x4x2_1x4x2_avx2/32/2/real_time",2782717,50.3708,50.2322,ns,,,"6x32x2",,,2,6,4,2,6,32,2,1,4
"dot/dot_fp32_6x4x2_1x4x2_avx2/32/38/real_time",643678,216.751,216.203,ns,,,"6x32x38",,,2,6,4,38,6,32,2,1,4
"dot/dot_fp32_6x4x2_1x4x2_avx2/32/78/real_time",343343,412.472,411.358,ns,,,"6x32x78",,,2,6,4,78,6,32,2,1,4
"dot/dot_fp32_6x4x2_1x4x2_avx2/32/116/real_time",242238,584.913,583.421,ns,,,"6x32x116",,,2,6,4,116,6,32,2,1,4
"dot/dot_fp32_6x4x2_1x4x2_avx2/32/156/real_time",181775,774.69,772.576,ns,,,"6x32x156",,,2,6,4,156,6,32,2,1,4
"dot/dot_fp32_8x4x2_1x4x2_avx2/4/2/real_time",10499464,13.3324,13.2949,ns,,,"8x4x2",,,2,8,4,2,8,4,2,1,4
"dot/dot_fp32_8x4x2_1x4x2_avx2/4/126/real_time",1293897,107.897,107.564,ns,,,"8x4x126",,,2,8,4,126,8,4,2,1,4
"dot/dot_fp32_8x4x2_1x4x2_avx2/4/254/real_time",684691,203.71,203.221,ns,,,"8x4x254",,,2,8,4,254,8,4,2,1,4
"dot/dot_fp32_8x4x2_1x4x2_avx2/4/380/real_time",467505,298.336,297.496,ns,,,"8x4x380",,,2,8,4,380,8,4,2,1,4
"dot/dot_fp32_8x4x2_1x4x2_avx2/4/508/real_time",351674,397.524,396.421,ns,,,"8x4x508",,,2,8,4,508,8,4,2,1,4
"dot/dot_fp32_8x4x2_1x4x2_avx2/8/2/real_time",7498071,18.6234,18.5661,ns,,,"8x8x2",,,2,8,4,2,8,8,2,1,4
"dot/dot_fp32_8x4x2_1x4x2_avx2/8/94/real_time",892939,157.426,156.995,ns,,,"8x8x94",,,2,8,4,94,8,8,2,1,4
"dot/dot_fp32_8x4x2_1x4x2_avx2/8/190/real_time",460035,303.953,303.066,ns,,,"8x8x190",,,2,8,4,190,8,8,2,1,4
"dot/dot_fp32_8x4x2_1x4x2_avx2/8/284/real_time",312875,446.874,445.508,ns,,,"8x8x284",,,2,8,4,284,8,8,2,1,4
"dot/dot_fp32_8x4x2_1x4x2_avx2/8/380/real_time",237052,588.175,586.16,ns,,,"8x8x380",,,2,8,4,380,8,8,2,1,4
"dot/dot_fp32_8x4x2_1x4x2_avx2/16/2/real_time",4805283,28.9935,28.9116,ns,,,"8x16x2",,,2,8,4,2,8,16,2,1,4
"dot/dot_fp32_8x4x2_1x4x2_avx2/16/62/real_time",656229,214.278,213.655,ns,,,"8x16x62",,,2,8,4,62,8,16,2,1,4
"dot/dot_fp32_8x4x2_1x4x2_avx2/16/124/real_time",349126,400.422,399.245,ns,,,"8x16x124",,,2,8,4,124,8,16,2,1,4
"dot/dot_fp32_8x4x2_1x4x2_avx2/16/186/real_time",236981,590.195,588.589,ns,,,"8x16x186",,,2,8,4,186,8,16,2,1,4
"dot/dot_fp32_8x4x2_1x4x2_avx2/16/250/real_time",179003,781.83,779.668,ns,,,"8x16x250",,,2,8,4,250,8,16,2,1,4
"dot/dot_fp32_8x4x2_1x4x2_avx2/32/2/real_time",2722184,51.3361,51.1811,ns,,,"8x32x2",,,2,8,4,2,8,32,2,1,4
"dot/dot_fp32_8x4x2_1x4x2_avx2/32/36/real_time",533454,263.471,262.745,ns,,,"8x32x36",,,2,8,4,36,8,32,2,1,4
"dot/dot_fp32_8x4x2_1x4x2_avx2/32/72/real_time",289402,487.052,485.537,ns,,,"8x32x72",,,2,8,4,72,8,32,2,1,4
"dot/dot_fp32_8x4x2_1x4x2_avx2/32/108/real_time",199980,700.422,698.533,ns,,,"8x32x108",,,2,8,4,108,8,32,2,1,4
"dot/dot_fp32_8x4x2_1x4x2_avx2/32/146/real_time",150502,931.004,928.617,ns,,,"8x32x146",,,2,8,4,146,8,32,2,1,4
"dot/dot_fp32_1x32x1_1x8x1_avx/32/1/real_time",19673106,7.1074,7.09075,ns,,,"1x32x1",,,1,1,32,1,1,32,1,1,8
"dot/dot_fp32_1x32x1_1x8x1_avx/32/46/real_time",3054437,45.9059,45.7795,ns,,,"1x32x46",,,1,1,32,46,1,32,1,1,8
"dot/dot_fp32_1x32x1_1x8x1_avx/32/92/real_time",1664489,84.259,83.9806,ns,,,"1x32x92",,,1,1,32,92,1,32,1,1,8
"dot/dot_fp32_1x32x1_1x8x1_avx/32/138/real_time",1174077,118.91,118.587,ns,,,"1x32x138",,,1,1,32,138,1,32,1,1,8
"dot/dot_fp32_1x32x1_1x8x1_avx/32/185/real_time",907068,154.399,153.896,ns,,,"1x32x185",,,1,1,32,185,1,32,1,1,8
"dot/dot_fp32_1x32x1_1x8x1_avx/64/1/real_time",15053127,9.30626,9.27832,ns,,,"1x64x1",,,1,1,32,1,1,64,1,1,8
"dot/dot_fp32_1x32x1_1x8x1_avx/64/23/real_time",3073897,45.1599,45.0368,ns,,,"1x64x23",,,1,1,32,23,1,64,1,1,8
"dot/dot_fp32_1x32x1_1x8x1_avx/64/46/real_time",1629135,86.0139,85.6952,ns,,,"1x64x46",,,1,1,32,46,1,64,1,1,8
"dot/dot_fp32_1x32x1_1x8x1_avx/64/69/real_time",1104713,126.437,125.94,ns,,,"1x64x69",,,1,1,32,69,1,64,1,1,8
"dot/dot_fp32_1x32x1_1x8x1_avx/64/93/real_time",859279,163.605,162.959,ns,,,"1x64x93",,,1,1,32,93,1,64,1,1,8
"dot/dot_fp32_1x32x1_1x8x1_avx/128/1/real_time",10065364,13.7059,13.6668,ns,,,"1x128x1",,,1,1,32,1,1,128,1,1,8
"dot/dot_fp32_1x32x1_1x8x1_avx/128/11/real_time",2833703,49.1261,48.9538,ns,,,"1x128x11",,,1,1,32,11,1,128,1,1,8
"dot/dot_fp32_1x32x1_1x8x1_avx/128/23/real_time",1599182,87.4137,87.1448,ns,,,"1x128x23",,,1,1,32,23,1,128,1,1,8
"dot/dot_fp32_1x32x1_1x8x1_avx/128/34/real_time",1115015,125.8,125.416,ns,,,"1x128x34",,,1,1,32,34,1,128,1,1,8
"dot/dot_fp32_1x32x1_1x8x1_avx/128/46/real_time",806069,173.648,173.064,ns,,,"1x128x46",,,1,1,32,46,1,128,1,1,8
"dot/dot_fp32_1x32x1_1x8x1_avx/256/1/real_time",6203691,22.3287,22.2637,ns,,,"1x256x1",,,1,1,32,1,1,256,1,1,8
"dot/dot_fp32_1x32x1_1x8x1_avx/256/5/real_time",2745745,51.0902,50.8801,ns,,,"1x256x5",,,1,1,32,5,1,256,1,1,8
"dot/dot_fp32_1x32x1_1x8x1_avx/256/11/real_time",1564759,89.4984,89.205,ns,,,"1x256x11",,,1,1,32,11,1,256,1,1,8
"dot/dot_fp32_1x32x1_1x8x1_avx/256/16/real_time",1107792,126.637,126.246,ns,,,"1x256x16",,,1,1,32,16,1,256,1,1,8
"dot/dot_fp32_1x32x1_1x8x1_avx/256/22/real_time",841026,166.549,166.082,ns,,,"1x256x22",,,1,1,32,22,1,256,1,1,8
"dot/dot_fp32_2x32x1_1x8x1_avx/32/1/real_time",15070363,9.29202,9.26732,ns,,,"2x32x1",,,1,2,32,1,2,32,1,1,8
"dot/dot_fp32_2x32x1_1x8x1_avx/32/44/real_time",1974175,70.9402,70.6914,ns,,,"2x32x44",,,1,2,32,44,2,32,1,1,8
"dot/dot_fp32_2x32x1_1x8x1_avx/32/89/real_time",1025211,136.439,136.026,ns,,,"2x32x89",,,1,2,32,89,2,32,1,1,8
"dot/dot_fp32_2x32x1_1x8x1_avx/32/133/real_time",703141,199.463,198.887,ns,,,"2x32x133",,,1,2,32,133,2,32,1,1,8
"dot/dot_fp32_2x32x1_1x8x1_avx/32/178/real_time",530419,265.567,264.533,ns,,,"2x32x178",,,1,2,32,178,2,32,1,1,8
"dot/dot_fp32_2x32x1_1x8x1_avx/64/1/real_time",10853336,12.8986,12.8513,ns,,,"2x64x1",,,1,2,32,1,2,64,1,1,8
"dot/dot_fp32_2x32x1_1x8x1_avx/64/22/real_time",1939917,72.1459,71.9016,ns,,,"2x64x22",,,1,2,32,22,2,64,1,1,8
"dot/dot_fp32_2x32x1_1x8x1_avx/64/45/real_time",974116,142.558,142.14,ns,,,"2x64x45",,,1,2,32,45,2,64,1,1,8
"dot/dot_fp32_2x32x1_1x8x1_avx/64/68/real_time",684679,204.599,204.106,ns,,,"2x64x68",,,1,2,32,68,2,64,1,1,8
"dot/dot_fp32_2x32x1_1x8x1_avx/64/91/real_time",518257,271.655,270.895,ns,,,"2x64x91",,,1,2,32,91,2,64,1,1,8
"dot/dot_fp32_2x32x1_1x8x1_avx/128/1/real_time",6874123,20.4246,20.3737,ns,,,"2x128x1",,,1,2,32,1,2,128,1,1,8
"dot/dot_fp32_2x32x1_1x8x1_avx/128/11/real_time",1839510,76.1692,75.9636,ns,,,"2x128x11",,,1,2,32,11,2,128,1,1,8
"dot/dot_fp32_2x32x1_1x8x1_avx/128/22/real_time",1009485,138.378,137.917,ns,,,"2x128x22",,,1,2,32,22,2,128,1,1,8
"dot/dot_fp32_2x32x1_1x8x1_avx/128/33/real_time",675263,208.876,208.314,ns,,,"2x128x33",,,1,2,32,33,2,128,1,1,8
"dot/dot_fp32_2x32x1_1x8x1_avx/128/45/real_time",502361,279.906,279.069,ns,,,"2x128x45",,,1,2,32,45,2,128,1,1,8
"dot/dot_fp32_2x32x1_1x8x1_avx/256/1/real_time",3963388,35.3309,35.2416,ns,,,"2x256x1",,,1,2,32,1,2,256,1,1,8
"dot/dot_fp32_2x32x1_1x8x1_avx/256/5/real_time",1831997,76.8786,76.6068,ns,,,"2x256x5",,,1,2,32,5,2,256,1,1,8
"dot/dot_fp32_2x32x1_1x8x1_avx/256/10/real_time",1030526,135.516,135.131,ns,,,"2x256x10",,,1,2,32,10,2,256,1,1,8
"dot/dot_fp32_2x32x1_1x8x1_avx/256/15/real_time",741064,188.793,188.246,ns,,,"2x256x15",,,1,2,32,15,2,256,1,1,8
"dot/dot_fp32_2x32x1_1x8x1_avx/256/21/real_time",537337,260.908,259.89,ns,,,"2x256x21",,,1,2,32,21,2,256,1,1,8
"dot/dot_fp32_1x16x1_1x8x1_avx/16/1/real_time",21250392,6.59384,6.5775,ns,,,"1x16x1",,,1,1,16,1,1,16,1,1,8
"dot/dot_fp32_1x16x1_1x8x1_avx/16/90/real_time",2560104,54.3413,54.1677,ns,,,"1x16x90",,,1,1,16,90,1,16,1,1,8
"dot/dot_fp32_1x16x1_1x8x1_avx/16/180/real_time",1468109,95.5024,95.2452,ns,,,"1x16x180",,,1,1,16,180,1,16,1,1,8
"dot/dot_fp32_1x16x1_1x8x1_avx/16/270/real_time",1001449,139.985,139.534,ns,,,"1x16x270",,,1,1,16,270,1,16,1,1,8
"dot/dot_fp32_1x16x1_1x8x1_avx/16/360/real_time",755833,185.182,184.591,ns,,,"1x16x360",,,1,1,16,360,1,16,1,1,8
"dot/dot_fp32_1x16x1_1x8x1_avx/32/1/real_time",16741208,8.3601,8.33835,ns,,,"1x32x1",,,1,1,16,1,1,32,1,1,8
"dot/dot_fp32_1x16x1_1x8x1_avx/32/46/real_time",2201227,63.4785,63.3252,ns,,,"1x32x46",,,1,1,16,46,1,32,1,1,8
"dot/dot_fp32_1x16x1_1x8x1_avx/32/92/real_time",1326532,106.828,106.521,ns,,,"1x32x92",,,1,1,16,92,1,32,1,1,8
"dot/dot_fp32_1x16x1_1x8x1_avx/32/138/real_time",945474,147.95,147.377,ns,,,"1x32x138",,,1,1,16,138,1,32,1,1,8
"dot/dot_fp32_1x16x1_1x8x1_avx/32/185/real_time",729991,191.605,190.849,ns,,,"1x32x185",,,1,1,16,185,1,32,1,1,8
"dot/dot_fp32_1x16x1_1x8x1_avx/64/1/real_time",11162982,12.477,12.4347,ns,,,"1x64x1",,,1,1,16,1,1,64,1,1,8
"dot/dot_fp32_1x16x1_1x8x1_avx/64/23/real_time",2320768,60.3797,60.1989,ns,,,"1x64x23",,,1,1,16,23,1,64,1,1,8
"dot/dot_fp32_1x16x1_1x8x1_avx/64/46/real_time",1105548,123.795,123.437,ns,,,"1x64x46",,,1,1,16,46,1,64,1,1,8
"dot/dot_fp32_1x16x1_1x8x1_avx/64/69/real_time",837424,166.515,166.02,ns,,,"1x64x69",,,1,1,16,69,1,64,1,1,8
"dot/dot_fp32_1x16x1_1x8x1_avx/64/93/real_time",675082,207.94,207.346,ns,,,"1x64x93",,,1,1,16,93,1,64,1,1,8
"dot/dot_fp32_1x16x1_1x8x1_avx/128/1/real_time",6780261,20.5716,20.5189,ns,,,"1x128x1",,,1,1,16,1,1,128,1,1,8
"dot/dot_fp32_1x16x1_1x8x1_avx/128/11/real_time",2282374,61.5876,61.4171,ns,,,"1x128x11",,,1,1,16,11,1,128,1,1,8
"dot/dot_fp32_1x16x1_1x8x1_avx/128/23/real_time",1208831,114.771,114.439,ns,,,"1x128x23",,,1,1,16,23,1,128,1,1,8
"dot/dot_fp32_1x16x1_1x8x1_avx/128/34/real_time",740689,184.679,184.097,ns,,,"1x128x34",,,1,1,16,34,1,128,1,1,8
"dot/dot_fp32_1x16x1_1x8x1_avx/128/46/real_time",577214,241.93,241.234,ns,,,"1x128x46",,,1,1,16,46,1,128,1,1,8
"dot/dot_fp32_2x16x1_1x8x1_avx/16/1/real_time",17363751,8.04796,8.0258,ns,,,"2x16x1",,,1,2,16,1,2,16,1,1,8
"dot/dot_fp32_2x16x1_1x8x1_avx/16/84/real_time",1846842,76.0684,75.8558,ns,,,"2x16x84",,,1,2,16,84,2,16,1,1,8
"dot/dot_fp32_2x16x1_1x8x1_avx/16/169/real_time",988464,141.916,141.481,ns,,,"2x16x169",,,1,2,16,169,2,16,1,1,8
"dot/dot_fp32_2x16x1_1x8x1_avx/16/254/real_time",683966,205.089,204.57,ns,,,"2x16x254",,,1,2,16,254,2,16,1,1,8
"dot/dot_fp32_2x16x1_1x8x1_avx/16/339/real_time",518190,268.487,267.759,ns,,,"2x16x339",,,1,2,16,339,2,16,1,1,8
"dot/dot_fp32_2x16x1_1x8x1_avx/32/1/real_time",13038083,10.6316,10.6044,ns,,,"2x32x1",,,1,2,16,1,2,32,1,1,8
"dot/dot_fp32_2x16x1_1x8x1_avx/32/44/real_time",1643998,84.1342,83.8938,ns,,,"2x32x44",,,1,2,16,44,2,32,1,1,8
"dot/dot_fp32_2x16x1_1x8x1_avx/32/89/real_time",908415,155.153,154.653,ns,,,"2x32x89",,,1,2,16,89,2,32,1,1,8
"dot/dot_fp32_2x16x1_1x8x1_avx/32/133/real_time",618954,224.78,224.068,ns,,,"2x32x133",,,1,2,16,133,2,32,1,1,8
"dot/dot_fp32_2x16x1_1x8x1_avx/32/178/real_time",479746,290.01,289.241,ns,,,"2x32x178",,,1,2,16,178,2,32,1,1,8
"dot/dot_fp32_2x16x1_1x8x1_avx/64/1/real_time",8378674,16.6188,16.5742,ns,,,"2x64x1",,,1,2,16,1,2,64,1,1,8
"dot/dot_fp32_2x16x1_1x8x1_avx/64/22/real_time",1665729,84.0172,83.7958,ns,,,"2x64x22",,,1,2,16,22,2,64,1,1,8
"dot/dot_fp32_2x16x1_1x8x1_avx/64/45/real_time",818463,165.119,164.742,ns,,,"2x64x45",,,1,2,16,45,2,64,1,1,8
"dot/dot_fp32_2x16x1_1x8x1_avx/64/68/real_time",590338,239.098,238.436,ns,,,"2x64x68",,,1,2,16,68,2,64,1,1,8
"dot/dot_fp32_2x16x1_1x8x1_avx/64/91/real_time",451680,310.644,309.743,ns,,,"2x64x91",,,1,2,16,91,2,64,1,1,8
"dot/dot_fp32_2x16x1_1x8x1_avx/128/1/real_time",5097229,27.5388,27.4561,ns,,,"2x128x1",,,1,2,16,1,2,128,1,1,8
"dot/dot_fp32_2x16x1_1x8x1_avx/128/11/real_time",1538164,91.1509,90.8671,ns,,,"2x128x11",,,1,2,16,11,2,128,1,1,8
"dot/dot_fp32_2x16x1_1x8x1_avx/128/22/real_time",849702,163.635,163.172,ns,,,"2x128x22",,,1,2,16,22,2,128,1,1,8
"dot/dot_fp32_2x16x1_1x8x1_avx/128/33/real_time",547805,251.53,250.876,ns,,,"2x128x33",,,1,2,16,33,2,128,1,1,8
"dot/dot_fp32_2x16x1_1x8x1_avx/128/45/real_time",428057,328.684,327.719,ns,,,"2x128x45",,,1,2,16,45,2,128,1,1,8
"dot/dot_fp32_3x16x1_1x8x1_avx/16/1/real_time",14606912,9.57516,9.55171,ns,,,"3x16x1",,,1,3,16,1,3,16,1,1,8
"dot/dot_fp32_3x16x1_1x8x1_avx/16/80/real_time",1414174,99.2246,98.935,ns,,,"3x16x80",,,1,3,16,80,3,16,1,1,8
"dot/dot_fp32_3x16x1_1x8x1_avx/16/160/real_time",745415,185.643,185.154,ns,,,"3x16x160",,,1,3,16,160,3,16,1,1,8
"dot/dot_fp32_3x16x1_1x8x1_avx/16/240/real_time",522398,267.976,267.158,ns,,,"3x16x240",,,1,3,16,240,3,16,1,1,8
"dot/dot_fp32_3x16x1_1x8x1_avx/16/320/real_time",387304,361.917,360.738,ns,,,"3x16x320",,,1,3,16,320,3,16,1,1,8
"dot/dot_fp32_3x16x1_1x8x1_avx/32/1/real_time",10633904,13.2271,13.192,ns,,,"3x32x1",,,1,3,16,1,3,32,1,1,8
"dot/dot_fp32_3x16x1_1x8x1_avx/32/43/real_time",1327391,105.243,104.985,ns,,,"3x32x43",,,1,3,16,43,3,32,1,1,8
"dot/dot_fp32_3x16x1_1x8x1_avx/32/86/real_time",711547,195.477,194.903,ns,,,"3x32x86",,,1,3,16,86,3,32,1,1,8
"dot/dot_fp32_3x16x1_1x8x1_avx/32/129/real_time",489231,285.915,285.2,ns,,,"3x32x129",,,1,3,16,129,3,32,1,1,8
"dot/dot_fp32_3x16x1_1x8x1_avx/32/172/real_time",372371,375.918,374.954,ns,,,"3x32x172",,,1,3,16,172,3,32,1,1,8
"dot/dot_fp32_3x16x1_1x8x1_avx/64/1/real_time",6848782,20.5573,20.5,ns,,,"3x64x1",,,1,3,16,1,3,64,1,1,8
"dot/dot_fp32_3x16x1_1x8x1_avx/64/22/real_time",1242528,113.195,112.876,ns,,,"3x64x22",,,1,3,16,22,3,64,1,1,8
"dot/dot_fp32_3x16x1_1x8x1_avx/64/44/real_time",668133,210.38,209.763,ns,,,"3x64x44",,,1,3,16,44,3,64,1,1,8
"dot/dot_fp32_3x16x1_1x8x1_avx/64/66/real_time",457985,305.925,305.091,ns,,,"3x64x66",,,1,3,16,66,3,64,1,1,8
"dot/dot_fp32_3x16x1_1x8x1_avx/64/88/real_time",355881,397.006,395.941,ns,,,"3x64x88",,,1,3,16,88,3,64,1,1,8
"dot/dot_fp32_3x16x1_1x8x1_avx/128/1/real_time",3988683,34.973,34.8846,ns,,,"3x128x1",,,1,3,16,1,3,128,1,1,8
"dot/dot_fp32_3x16x1_1x8x1_avx/128/10/real_time",1237779,112.935,112.595,ns,,,"3x128x10",,,1,3,16,10,3,128,1,1,8
"dot/dot_fp32_3x16x1_1x8x1_avx/128/21/real_time",663937,212.161,211.503,ns,,,"3x128x21",,,1,3,16,21,3,128,1,1,8
"dot/dot_fp32_3x16x1_1x8x1_avx/128/32/real_time",424927,328.565,327.608,ns,,,"3x128x32",,,1,3,16,32,3,128,1,1,8
"dot/dot_fp32_3x16x1_1x8x1_avx/128/43/real_time",337876,414.554,413.391,ns,,,"3x128x43",,,1,3,16,43,3,128,1,1,8
"dot/dot_fp32_4x16x1_1x8x1_avx/16/1/real_time",13241861,10.5699,10.5388,ns,,,"4x16x1",,,1,4,16,1,4,16,1,1,8
"dot/dot_fp32_4x16x1_1x8x1_avx/16/76/real_time",1212026,115.709,115.371,ns,,,"4x16x76",,,1,4,16,76,4,16,1,1,8
"dot/dot_fp32_4x16x1_1x8x1_avx/16/152/real_time",636351,220.208,219.625,ns,,,"4x16x152",,,1,4,16,152,4,16,1,1,8
"dot/dot_fp32_4x16x1_1x8x1_avx/16/228/real_time",431630,324.376,323.618,ns,,,"4x16x228",,,1,4,16,228,4,16,1,1,8
"dot/dot_fp32_4x16x1_1x8x1_avx/16/304/real_time",326192,429.552,428.348,ns,,,"4x16x304",,,1,4,16,304,4,16,1,1,8
"dot/dot_fp32_4x16x1_1x8x1_avx/32/1/real_time",9423434,14.8509,14.809,ns,,,"4x32x1",,,1,4,16,1,4,32,1,1,8
"dot/dot_fp32_4x16x1_1x8x1_avx/32/41/real_time",1086373,128.972,128.618,ns,,,"4x32x41",,,1,4,16,41,4,32,1,1,8
"dot/dot_fp32_4x16x1_1x8x1_avx/32/83/real_time",573631,244.251,243.603,ns,,,"4x32x83",,,1,4,16,83,4,32,1,1,8
"dot/dot_fp32_4x16x1_1x8x1_avx/32/125/real_time",388930,360.115,359.091,ns,,,"4x32x125",,,1,4,16,125,4,32,1,1,8
"dot/dot_fp32_4x16x1_1x8x1_avx/32/167/real_time",294570,475.192,473.995,ns,,,"4x32x167",,,1,4,16,167,4,32,1,1,8
"dot/dot_fp32_4x16x1_1x8x1_avx/64/1/real_time",6043783,23.232,23.1674,ns,,,"4x64x1",,,1,4,16,1,4,64,1,1,8
"dot/dot_fp32_4x16x1_1x8x1_avx/64/21/real_time",1053816,133.279,132.892,ns,,,"4x64x21",,,1,4,16,21,4,64,1,1,8
"dot/dot_fp32_4x16x1_1x8x1_avx/64/43/real_time",535164,262.228,261.55,ns,,,"4x64x43",,,1,4,16,43,4,64,1,1,8
"dot/dot_fp32_4x16x1_1x8x1_avx/64/64/real_time",367997,380.148,379.144,ns,,,"4x64x64",,,1,4,16,64,4,64,1,1,8
"dot/dot_fp32_4x16x1_1x8x1_avx/64/86/real_time",280377,499.556,497.833,ns,,,"4x64x86",,,1,4,16,86,4,64,1,1,8
"dot/dot_fp32_4x16x1_1x8x1_avx/128/1/real_time",3465126,40.1872,40.0627,ns,,,"4x128x1",,,1,4,16,1,4,128,1,1,8
"dot/dot_fp32_4x16x1_1x8x1_avx/128/10/real_time",1015841,138.182,137.743,ns,,,"4x128x10",,,1,4,16,10,4,128,1,1,8
"dot/dot_fp32_4x16x1_1x8x1_avx/128/21/real_time",534167,261.733,260.931,ns,,,"4x128x21",,,1,4,16,21,4,128,1,1,8
"dot/dot_fp32_4x16x1_1x8x1_avx/128/31/real_time",358352,396.064,394.645,ns,,,"4x128x31",,,1,4,16,31,4,128,1,1,8
"dot/dot_fp32_4x16x1_1x8x1_avx/128/42/real_time",270941,513.264,511.296,ns,,,"4x128x42",,,1,4,16,42,4,128,1,1,8
"dot/dot_fp32_4x8x1_1x8x1_avx/8/1/real_time",14231678,9.8347,9.80463,ns,,,"4x8x1",,,1,4,8,1,4,8,1,1,8
"dot/dot_fp32_4x8x1_1x8x1_avx/8/127/real_time",1206307,115.823,115.509,ns,,,"4x8x127",,,1,4,8,127,4,8,1,1,8
"dot/dot_fp32_4x8x1_1x8x1_avx/8/254/real_time",643811,217.818,217.246,ns,,,"4x8x254",,,1,4,8,254,4,8,1,1,8
"dot/dot_fp32_4x8x1_1x8x1_avx/8/381/real_time",437147,321.872,320.984,ns,,,"4x8x381",,,1,4,8,381,4,8,1,1,8
"dot/dot_fp32_4x8x1_1x8x1_avx/8/509/real_time",332356,421.424,420.259,ns,,,"4x8x509",,,1,4,8,509,4,8,1,1,8
"dot/dot_fp32_4x8x1_1x8x1_avx/16/1/real_time",10644817,13.1891,13.1533,ns,,,"4x16x1",,,1,4,8,1,4,16,1,1,8
"dot/dot_fp32_4x8x1_1x8x1_avx/16/76/real_time",986874,141.718,141.348,ns,,,"4x16x76",,,1,4,8,76,4,16,1,1,8
"dot/dot_fp32_4x8x1_1x8x1_avx/16/152/real_time",526071,265.551,264.854,ns,,,"4x16x152",,,1,4,8,152,4,16,1,1,8
"dot/dot_fp32_4x8x1_1x8x1_avx/16/228/real_time",362465,386.628,385.573,ns,,,"4x16x228",,,1,4,8,228,4,16,1,1,8
"dot/dot_fp32_4x8x1_1x8x1_avx/16/304/real_time",268017,522.122,520.688,ns,,,"4x16x304",,,1,4,8,304,4,16,1,1,8
"dot/dot_fp32_4x8x1_1x8x1_avx/32/1/real_time",7036608,19.837,19.7807,ns,,,"4x32x1",,,1,4,8,1,4,32,1,1,8
"dot/dot_fp32_4x8x1_1x8x1_avx/32/41/real_time",860595,162.297,161.882,ns,,,"4x32x41",,,1,4,8,41,4,32,1,1,8
"dot/dot_fp32_4x8x1_1x8x1_avx/32/83/real_time",461648,303.554,302.583,ns,,,"4x32x83",,,1,4,8,83,4,32,1,1,8
"dot/dot_fp32_4x8x1_1x8x1_avx/32/125/real_time",320312,437.22,435.949,ns,,,"4x32x125",,,1,4,8,125,4,32,1,1,8
"dot/dot_fp32_4x8x1_1x8x1_avx/32/167/real_time",244468,572.426,570.875,ns,,,"4x32x167",,,1,4,8,167,4,32,1,1,8
"dot/dot_fp32_4x8x1_1x8x1_avx/64/1/real_time",4256970,32.9617,32.8683,ns,,,"4x64x1",,,1,4,8,1,4,64,1,1,8
"dot/dot_fp32_4x8x1_1x8x1_avx/64/21/real_time",826994,169.058,168.578,ns,,,"4x64x21",,,1,4,8,21,4,64,1,1,8
"dot/dot_fp32_4x8x1_1x8x1_avx/64/43/real_time",426171,328.586,327.735,ns,,,"4x64x43",,,1,4,8,43,4,64,1,1,8
"dot/dot_fp32_4x8x1_1x8x1_avx/64/64/real_time",289651,482.872,481.559,ns,,,"4x64x64",,,1,4,8,64,4,64,1,1,8
"dot/dot_fp32_4x8x1_1x8x1_avx/64/86/real_time",226816,617.976,616.275,ns,,,"4x64x86",,,1,4,8,86,4,64,1,1,8
"dot/dot_fp32_6x8x1_1x8x1_avx/8/1/real_time",11705479,11.9454,11.9146,ns,,,"6x8x1",,,1,6,8,1,6,8,1,1,8
"dot/dot_fp32_6x8x1_1x8x1_avx/8/108/real_time",1031504,136.02,135.622,ns,,,"6x8x108",,,1,6,8,108,6,8,1,1,8
"dot/dot_fp32_6x8x1_1x8x1_avx/8/217/real_time",547218,256.326,255.584,ns,,,"6x8x217",,,1,6,8,217,6,8,1,1,8
"dot/dot_fp32_6x8x1_1x8x1_avx/8/326/real_time",366870,382.38,381.215,ns,,,"6x8x326",,,1,6,8,326,6,8,1,1,8
"dot/dot_fp32_6x8x1_1x8x1_avx/8/435/real_time",279773,498.239,496.991,ns,,,"6x8x435",,,1,6,8,435,6,8,1,1,8
"dot/dot_fp32_6x8x1_1x8x1_avx/16/1/real_time",8494361,16.4788,16.4337,ns,,,"6x16x1",,,1,6,8,1,6,16,1,1,8
"dot/dot_fp32_6x8x1_1x8x1_avx/16/68/real_time",809436,173.16,172.686,ns,,,"6x16x68",,,1,6,8,68,6,16,1,1,8
"dot/dot_fp32_6x8x1_1x8x1_avx/16/137/real_time",425041,330.333,329.465,ns,,,"6x16x137",,,1,6,8,137,6,16,1,1,8
"dot/dot_fp32_6x8x1_1x8x1_avx/16/205/real_time",290437,482.139,481.011,ns,,,"6x16x205",,,1,6,8,205,6,16,1,1,8
"dot/dot_fp32_6x8x1_1x8x1_avx/16/274/real_time",219037,639.209,637.444,ns,,,"6x16x274",,,1,6,8,274,6,16,1,1,8
"dot/dot_fp32_6x8x1_1x8x1_avx/32/1/real_time",5640670,24.7513,24.684,ns,,,"6x32x1",,,1,6,8,1,6,32,1,1,8
"dot/dot_fp32_6x8x1_1x8x1_avx/32/39/real_time",670958,209.001,208.397,ns,,,"6x32x39",,,1,6,8,39,6,32,1,1,8
"dot/dot_fp32_6x8x1_1x8x1_avx/32/78/real_time",363116,385.701,384.677,ns,,,"6x32x78",,,1,6,8,78,6,32,1,1,8
"dot/dot_fp32_6x8x1_1x8x1_avx/32/117/real_time",249441,561.382,559.804,ns,,,"6x32x117",,,1,6,8,117,6,32,1,1,8
"dot/dot_fp32_6x8x1_1x8x1_avx/32/156/real_time",189986,736.723,734.177,ns,,,"6x32x156",,,1,6,8,156,6,32,1,1,8
"dot/dot_fp32_6x8x1_1x8x1_avx/64/1/real_time",3342440,41.8902,41.774,ns,,,"6x64x1",,,1,6,8,1,6,64,1,1,8
"dot/dot_fp32_6x8x1_1x8x1_avx/64/20/real_time",631367,221.721,221.118,ns,,,"6x64x20",,,1,6,8,20,6,64,1,1,8
"dot/dot_fp32_6x8x1_1x8x1_avx/64/41/real_time",327439,427.324,425.992,ns,,,"6x64x41",,,1,6,8,41,6,64,1,1,8
"dot/dot_fp32_6x8x1_1x8x1_avx/64/61/real_time",230850,606.55,605.004,ns,,,"6x64x61",,,1,6,8,61,6,64,1,1,8
"dot/dot_fp32_6x8x1_1x8x1_avx/64/82/real_time",175898,797.177,794.848,ns,,,"6x64x82",,,1,6,8,82,6,64,1,1,8
"dot/dot_fp32_8x8x1_1x8x1_avx/8/1/real_time",11351415,12.3754,12.3447,ns,,,"8x8x1",,,1,8,8,1,8,8,1,1,8
"dot/dot_fp32_8x8x1_1x8x1_avx/8/95/real_time",906611,154.347,153.937,ns,,,"8x8x95",,,1,8,8,95,8,8,1,1,8
"dot/dot_fp32_8x8x1_1x8x1_avx/8/190/real_time",472434,297.129,296.291,ns,,,"8x8x190",,,1,8,8,190,8,8,1,1,8
"dot/dot_fp32_8x8x1_1x8x1_avx/8/285/real_time",315391,443.286,442.111,ns,,,"8x8x285",,,1,8,8,285,8,8,1,1,8
"dot/dot_fp32_8x8x1_1x8x1_avx/8/380/real_time",238766,585.803,584.377,ns,,,"8x8x380",,,1,8,8,380,8,8,1,1,8
"dot/dot_fp32_8x8x1_1x8x1_avx/16/1/real_time",8623503,16.1464,16.0878,ns,,,"8x16x1",,,1,8,8,1,8,16,1,1,8
"dot/dot_fp32_8x8x1_1x8x1_avx/16/62/real_time",704484,199.511,198.914,ns,,,"8x16x62",,,1,8,8,62,8,16,1,1,8
"dot/dot_fp32_8x8x1_1x8x1_avx/16/125/real_time",359485,388.843,387.593,ns,,,"8x16x125",,,1,8,8,125,8,16,1,1,8
"dot/dot_fp32_8x8x1_1x8x1_avx/16/187/real_time",243491,575.671,573.809,ns,,,"8x16x187",,,1,8,8,187,8,16,1,1,8
"dot/dot_fp32_8x8x1_1x8x1_avx/16/250/real_time",180759,772.456,769.785,ns,,,"8x16x250",,,1,8,8,250,8,16,1,1,8
"dot/dot_fp32_8x8x1_1x8x1_avx/32/1/real_time",5813802,24.1272,24.0418,ns,,,"8x32x1",,,1,8,8,1,8,32,1,1,8
"dot/dot_fp32_8x8x1_1x8x1_avx/32/36/real_time",600812,236.033,235.172,ns,,,"8x32x36",,,1,8,8,36,8,32,1,1,8
"dot/dot_fp32_8x8x1_1x8x1_avx/32/73/real_time",302573,459.834,458.446,ns,,,"8x32x73",,,1,8,8,73,8,32,1,1,8
"dot/dot_fp32_8x8x1_1x8x1_avx/32/110/real_time",205311,681.208,679.302,ns,,,"8x32x110",,,1,8,8,110,8,32,1,1,8
"dot/dot_fp32_8x8x1_1x8x1_avx/32/147/real_time",153276,913.742,910.481,ns,,,"8x32x147",,,1,8,8,147,8,32,1,1,8
"dot/dot_fp32_8x8x1_1x8x1_avx/64/1/real_time",3356719,41.6343,41.4658,ns,,,"8x64x1",,,1,8,8,1,8,64,1,1,8
"dot/dot_fp32_8x8x1_1x8x1_avx/64/19/real_time",543087,257.702,256.784,ns,,,"8x64x19",,,1,8,8,19,8,64,1,1,8
"dot/dot_fp32_8x8x1_1x8x1_avx/64/39/real_time",275228,507.98,506.311,ns,,,"8x64x39",,,1,8,8,39,8,64,1,1,8
"dot/dot_fp32_8x8x1_1x8x1_avx/64/58/real_time",187542,746.477,744.011,ns,,,"8x64x58",,,1,8,8,58,8,64,1,1,8
"dot/dot_fp32_8x8x1_1x8x1_avx/64/78/real_time",143776,971.144,968.292,ns,,,"8x64x78",,,1,8,8,78,8,64,1,1,8
"dot/dot_fp64_1x16x1_1x4x1_avx/16/1/real_time",19600594,7.11583,7.09477,ns,,,"1x16x1",,,1,1,16,1,1,16,1,1,4
"dot/dot_fp64_1x16x1_1x4x1_avx/16/44/real_time",3132694,44.4779,44.3556,ns,,,"1x16x44",,,1,1,16,44,1,16,1,1,4
"dot/dot_fp64_1x16x1_1x4x1_avx/16/89/real_time",1711519,81.6426,81.41,ns,,,"1x16x89",,,1,1,16,89,1,16,1,1,4
"dot/dot_fp64_1x16x1_1x4x1_avx/16/134/real_time",1210233,115.903,115.552,ns,,,"1x16x134",,,1,1,16,134,1,16,1,1,4
"dot/dot_fp64_1x16x1_1x4x1_avx/16/179/real_time",933996,149.564,149.162,ns,,,"1x16x179",,,1,1,16,179,1,16,1,1,4
"dot/dot_fp64_1x16x1_1x4x1_avx/32/1/real_time",15080518,9.28169,9.2603,ns,,,"1x32x1",,,1,1,16,1,1,32,1,1,4
"dot/dot_fp64_1x16x1_1x4x1_avx/32/23/real_time",3095874,45.3125,45.1497,ns,,,"1x32x23",,,1,1,16,23,1,32,1,1,4
"dot/dot_fp64_1x16x1_1x4x1_avx/32/46/real_time",1625031,86.0448,85.7466,ns,,,"1x32x46",,,1,1,16,46,1,32,1,1,4
"dot/dot_fp64_1x16x1_1x4x1_avx/32/69/real_time",1111929,126.488,126.128,ns,,,"1x32x69",,,1,1,16,69,1,32,1,1,4
"dot/dot_fp64_1x16x1_1x4x1_avx/32/92/real_time",859988,161.54,161.044,ns,,,"1x32x92",,,1,1,16,92,1,32,1,1,4
"dot/dot_fp64_1x16x1_1x4x1_avx/64/1/real_time",9909859,13.8142,13.7791,ns,,,"1x64x1",,,1,1,16,1,1,64,1,1,4
"dot/dot_fp64_1x16x1_1x4x1_avx/64/11/real_time",2848863,49.1197,48.9566,ns,,,"1x64x11",,,1,1,16,11,1,64,1,1,4
"dot/dot_fp64_1x16x1_1x4x1_avx/64/23/real_time",1602410,87.4722,87.2368,ns,,,"1x64x23",,,1,1,16,23,1,64,1,1,4
"dot/dot_fp64_1x16x1_1x4x1_avx/64/34/real_time",1100020,125.866,125.524,ns,,,"1x64x34",,,1,1,16,34,1,64,1,1,4
"dot/dot_fp64_1x16x1_1x4x1_avx/64/46/real_time",806835,173.342,172.778,ns,,,"1x64x46",,,1,1,16,46,1,64,1,1,4
"dot/dot_fp64_1x16x1_1x4x1_avx/128/1/real_time",6127458,22.8087,22.746,ns,,,"1x128x1",,,1,1,16,1,1,128,1,1,4
"dot/dot_fp64_1x16x1_1x4x1_avx/128/5/real_time",2736386,50.8711,50.7018,ns,,,"1x128x5",,,1,1,16,5,1,128,1,1,4
"dot/dot_fp64_1x16x1_1x4x1_avx/128/11/real_time",1561933,89.6727,89.394,ns,,,"1x128x11",,,1,1,16,11,1,128,1,1,4
"dot/dot_fp64_1x16x1_1x4x1_avx/128/16/real_time",1102924,126.519,126.132,ns,,,"1x128x16",,,1,1,16,16,1,128,1,1,4
"dot/dot_fp64_1x16x1_1x4x1_avx/128/22/real_time",838973,166.533,166.085,ns,,,"1x128x22",,,1,1,16,22,1,128,1,1,4
"dot/dot_fp64_2x16x1_1x4x1_avx/16/1/real_time",14924767,9.37856,9.35646,ns,,,"2x16x1",,,1,2,16,1,2,16,1,1,4
"dot/dot_fp64_2x16x1_1x4x1_avx/16/42/real_time",2052668,68.2406,68.0209,ns,,,"2x16x42",,,1,2,16,42,2,16,1,1,4
"dot/dot_fp64_2x16x1_1x4x1_avx/16/84/real_time",1075985,129.139,128.745,ns,,,"2x16x84",,,1,2,16,84,2,16,1,1,4
"dot/dot_fp64_2x16x1_1x4x1_avx/16/126/real_time",736111,190.224,189.72,ns,,,"2x16x126",,,1,2,16,126,2,16,1,1,4
"dot/dot_fp64_2x16x1_1x4x1_avx/16/168/real_time",554677,249.21,248.586,ns,,,"2x16x168",,,1,2,16,168,2,16,1,1,4
"dot/dot_fp64_2x16x1_1x4x1_avx/32/1/real_time",10902210,12.8897,12.8492,ns,,,"2x32x1",,,1,2,16,1,2,32,1,1,4
"dot/dot_fp64_2x16x1_1x4x1_avx/32/22/real_time",1938299,72.1787,71.9628,ns,,,"2x32x22",,,1,2,16,22,2,32,1,1,4
"dot/dot_fp64_2x16x1_1x4x1_avx/32/44/real_time",1001037,140.05,139.662,ns,,,"2x32x44",,,1,2,16,44,2,32,1,1,4
"dot/dot_fp64_2x16x1_1x4x1_avx/32/66/real_time",704859,199.695,199.092,ns,,,"2x32x66",,,1,2,16,66,2,32,1,1,4
"dot/dot_fp64_2x16x1_1x4x1_avx/32/88/real_time",534800,263.195,262.386,ns,,,"2x32x88",,,1,2,16,88,2,32,1,1,4
"dot/dot_fp64_2x16x1_1x4x1_avx/64/1/real_time",6851325,20.4458,20.3943,ns,,,"2x64x1",,,1,2,16,1,2,64,1,1,4
"dot/dot_fp64_2x16x1_1x4x1_avx/64/11/real_time",1834153,76.2841,76.0949,ns,,,"2x64x11",,,1,2,16,11,2,64,1,1,4
"dot/dot_fp64_2x16x1_1x4x1_avx/64/22/real_time",1012043,138.477,138.102,ns,,,"2x64x22",,,1,2,16,22,2,64,1,1,4
"dot/dot_fp64_2x16x1_1x4x1_avx/64/33/real_time",669762,208.083,207.548,ns,,,"2x64x33",,,1,2,16,33,2,64,1,1,4
"dot/dot_fp64_2x16x1_1x4x1_avx/64/44/real_time",515994,273.142,272.426,ns,,,"2x64x44",,,1,2,16,44,2,64,1,1,4
"dot/dot_fp64_2x16x1_1x4x1_avx/128/1/real_time",3971308,35.3852,35.2794,ns,,,"2x128x1",,,1,2,16,1,2,128,1,1,4
"dot/dot_fp64_2x16x1_1x4x1_avx/128/5/real_time",1806576,77.2911,77.0335,ns,,,"2x128x5",,,1,2,16,5,2,128,1,1,4
"dot/dot_fp64_2x16x1_1x4x1_avx/128/10/real_time",1029677,135.619,135.216,ns,,,"2x128x10",,,1,2,16,10,2,128,1,1,4
"dot/dot_fp64_2x16x1_1x4x1_avx/128/15/real_time",740882,188.824,188.316,ns,,,"2x128x15",,,1,2,16,15,2,128,1,1,4
"dot/dot_fp64_2x16x1_1x4x1_avx/128/21/real_time",537977,260.258,259.506,ns,,,"2x128x21",,,1,2,16,21,2,128,1,1,4
"dot/dot_fp64_1x8x1_1x4x1_avx/8/1/real_time",21259489,6.62284,6.60493,ns,,,"1x8x1",,,1,1,8,1,1,8,1,1,4
"dot/dot_fp64_1x8x1_1x4x1_avx/8/85/real_time",2733364,51.2083,51.0615,ns,,,"1x8x85",,,1,1,8,85,1,8,1,1,4
"dot/dot_fp64_1x8x1_1x4x1_avx/8/170/real_time",1557904,90.0092,89.745,ns,,,"1x8x170",,,1,1,8,170,1,8,1,1,4
"dot/dot_fp64_1x8x1_1x4x1_avx/8/255/real_time",1061132,132.179,131.774,ns,,,"1x8x255",,,1,1,8,255,1,8,1,1,4
"dot/dot_fp64_1x8x1_1x4x1_avx/8/340/real_time",802567,174.617,174.12,ns,,,"1x8x340",,,1,1,8,340,1,8,1,1,4
"dot/dot_fp64_1x8x1_1x4x1_avx/16/1/real_time",16547600,8.3903,8.36692,ns,,,"1x16x1",,,1,1,8,1,1,16,1,1,4
"dot/dot_fp64_1x8x1_1x4x1_avx/16/44/real_time",2273112,61.4747,61.3102,ns,,,"1x16x44",,,1,1,8,44,1,16,1,1,4
"dot/dot_fp64_1x8x1_1x4x1_avx/16/89/real_time",1381363,101.524,101.256,ns,,,"1x16x89",,,1,1,8,89,1,16,1,1,4
"dot/dot_fp64_1x8x1_1x4x1_avx/16/134/real_time",963234,145.006,144.595,ns,,,"1x16x134",,,1,1,8,134,1,16,1,1,4
"dot/dot_fp64_1x8x1_1x4x1_avx/16/179/real_time",755928,185.634,185.09,ns,,,"1x16x179",,,1,1,8,179,1,16,1,1,4
"dot/dot_fp64_1x8x1_1x4x1_avx/32/1/real_time",11168966,12.4909,12.4567,ns,,,"1x32x1",,,1,1,8,1,1,32,1,1,4
"dot/dot_fp64_1x8x1_1x4x1_avx/32/23/real_time",2341160,59.9359,59.7356,ns,,,"1x32x23",,,1,1,8,23,1,32,1,1,4
"dot/dot_fp64_1x8x1_1x4x1_avx/32/46/real_time",1137962,122.961,122.682,ns,,,"1x32x46",,,1,1,8,46,1,32,1,1,4
"dot/dot_fp64_1x8x1_1x4x1_avx/32/69/real_time",856297,163.333,162.868,ns,,,"1x32x69",,,1,1,8,69,1,32,1,1,4
"dot/dot_fp64_1x8x1_1x4x1_avx/32/92/real_time",689435,203.134,202.506,ns,,,"1x32x92",,,1,1,8,92,1,32,1,1,4
"dot/dot_fp64_1x8x1_1x4x1_avx/64/1/real_time",6797511,20.6237,20.568,ns,,,"1x64x1",,,1,1,8,1,1,64,1,1,4
"dot/dot_fp64_1x8x1_1x4x1_avx/64/11/real_time",2219724,63.4217,63.2394,ns,,,"1x64x11",,,1,1,8,11,1,64,1,1,4
"dot/dot_fp64_1x8x1_1x4x1_avx/64/23/real_time",1234048,115.655,115.277,ns,,,"1x64x23",,,1,1,8,23,1,64,1,1,4
"dot/dot_fp64_1x8x1_1x4x1_avx/64/34/real_time",807036,170.498,170.034,ns,,,"1x64x34",,,1,1,8,34,1,64,1,1,4
"dot/dot_fp64_1x8x1_1x4x1_avx/64/46/real_time",583360,238.984,238.303,ns,,,"1x64x46",,,1,1,8,46,1,64,1,1,4
"dot/dot_fp64_2x8x1_1x4x1_avx/8/1/real_time",17330639,8.15508,8.13364,ns,,,"2x8x1",,,1,2,8,1,2,8,1,1,4
"dot/dot_fp64_2x8x1_1x4x1_avx/8/76/real_time",2035511,68.7666,68.5882,ns,,,"2x8x76",,,1,2,8,76,2,8,1,1,4
"dot/dot_fp64_2x8x1_1x4x1_avx/8/152/real_time",1081120,128.028,127.664,ns,,,"2x8x152",,,1,2,8,152,2,8,1,1,4
"dot/dot_fp64_2x8x1_1x4x1_avx/8/228/real_time",758690,184.84,184.281,ns,,,"2x8x228",,,1,2,8,228,2,8,1,1,4
"dot/dot_fp64_2x8x1_1x4x1_avx/8/305/real_time",577157,242.914,242.171,ns,,,"2x8x305",,,1,2,8,305,2,8,1,1,4
"dot/dot_fp64_2x8x1_1x4x1_avx/16/1/real_time",12979827,10.7105,10.6812,ns,,,"2x16x1",,,1,2,8,1,2,16,1,1,4
"dot/dot_fp64_2x8x1_1x4x1_avx/16/42/real_time",1732099,80.4898,80.2777,ns,,,"2x16x42",,,1,2,8,42,2,16,1,1,4
"dot/dot_fp64_2x8x1_1x4x1_avx/16/84/real_time",944051,148.034,147.539,ns,,,"2x16x84",,,1,2,8,84,2,16,1,1,4
"dot/dot_fp64_2x8x1_1x4x1_avx/16/126/real_time",665060,209.409,208.842,ns,,,"2x16x126",,,1,2,8,126,2,16,1,1,4
"dot/dot_fp64_2x8x1_1x4x1_avx/16/168/real_time",515637,273.751,273.064,ns,,,"2x16x168",,,1,2,8,168,2,16,1,1,4
"dot/dot_fp64_2x8x1_1x4x1_avx/32/1/real_time",8431240,16.4999,16.4559,ns,,,"2x32x1",,,1,2,8,1,2,32,1,1,4
"dot/dot_fp64_2x8x1_1x4x1_avx/32/22/real_time",1665874,83.6988,83.4827,ns,,,"2x32x22",,,1,2,8,22,2,32,1,1,4
"dot/dot_fp64_2x8x1_1x4x1_avx/32/44/real_time",855561,161.682,161.221,ns,,,"2x32x44",,,1,2,8,44,2,32,1,1,4
"dot/dot_fp64_2x8x1_1x4x1_avx/32/66/real_time",611841,230.6,229.942,ns,,,"2x32x66",,,1,2,8,66,2,32,1,1,4
"dot/dot_fp64_2x8x1_1x4x1_avx/32/88/real_time",465456,300.013,299.04,ns,,,"2x32x88",,,1,2,8,88,2,32,1,1,4
"dot/dot_fp64_2x8x1_1x4x1_avx/64/1/real_time",5104199,27.3808,27.3095,ns,,,"2x64x1",,,1,2,8,1,2,64,1,1,4
"dot/dot_fp64_2x8x1_1x4x1_avx/64/11/real_time",1539664,90.3835,90.1054,ns,,,"2x64x11",,,1,2,8,11,2,64,1,1,4
"dot/dot_fp64_2x8x1_1x4x1_avx/64/22/real_time",856194,163.334,162.876,ns,,,"2x64x22",,,1,2,8,22,2,64,1,1,4
"dot/dot_fp64_2x8x1_1x4x1_avx/64/33/real_time",549293,247.23,246.539,ns,,,"2x64x33",,,1,2,8,33,2,64,1,1,4
"dot/dot_fp64_2x8x1_1x4x1_avx/64/44/real_time",437214,320.165,319.329,ns,,,"2x64x44",,,1,2,8,44,2,64,1,1,4
"dot/dot_fp64_3x8x1_1x4x1_avx/8/1/real_time",14631629,9.59781,9.57333,ns,,,"3x8x1",,,1,3,8,1,3,8,1,1,4
"dot/dot_fp64_3x8x1_1x4x1_avx/8/69/real_time",1690068,82.619,82.4033,ns,,,"3x8x69",,,1,3,8,69,3,8,1,1,4
"dot/dot_fp64_3x8x1_1x4x1_avx/8/138/real_time",901988,155.064,154.634,ns,,,"3x8x138",,,1,3,8,138,3,8,1,1,4
"dot/dot_fp64_3x8x1_1x4x1_avx/8/207/real_time",615821,227.457,226.838,ns,,,"3x8x207",,,1,3,8,207,3,8,1,1,4
"dot/dot_fp64_3x8x1_1x4x1_avx/8/277/real_time",464855,301.072,300.116,ns,,,"3x8x277",,,1,3,8,277,3,8,1,1,4
"dot/dot_fp64_3x8x1_1x4x1_avx/16/1/real_time",10665643,13.172,13.1359,ns,,,"3x16x1",,,1,3,8,1,3,16,1,1,4
"dot/dot_fp64_3x8x1_1x4x1_avx/16/39/real_time",1410447,99.0823,98.8144,ns,,,"3x16x39",,,1,3,8,39,3,16,1,1,4
"dot/dot_fp64_3x8x1_1x4x1_avx/16/79/real_time",775116,180.723,180.194,ns,,,"3x16x79",,,1,3,8,79,3,16,1,1,4
"dot/dot_fp64_3x8x1_1x4x1_avx/16/119/real_time",528022,265.027,264.143,ns,,,"3x16x119",,,1,3,8,119,3,16,1,1,4
"dot/dot_fp64_3x8x1_1x4x1_avx/16/159/real_time",401611,349.014,348.077,ns,,,"3x16x159",,,1,3,8,159,3,16,1,1,4
"dot/dot_fp64_3x8x1_1x4x1_avx/32/1/real_time",6898130,20.2058,20.1596,ns,,,"3x32x1",,,1,3,8,1,3,32,1,1,4
"dot/dot_fp64_3x8x1_1x4x1_avx/32/21/real_time",1298526,108.353,108.055,ns,,,"3x32x21",,,1,3,8,21,3,32,1,1,4
"dot/dot_fp64_3x8x1_1x4x1_avx/32/42/real_time",681729,204.596,204.019,ns,,,"3x32x42",,,1,3,8,42,3,32,1,1,4
"dot/dot_fp64_3x8x1_1x4x1_avx/32/63/real_time",472400,294.269,293.37,ns,,,"3x32x63",,,1,3,8,63,3,32,1,1,4
"dot/dot_fp64_3x8x1_1x4x1_avx/32/85/real_time",364961,384.055,383.023,ns,,,"3x32x85",,,1,3,8,85,3,32,1,1,4
"dot/dot_fp64_3x8x1_1x4x1_avx/64/1/real_time",4079498,34.3917,34.3032,ns,,,"3x64x1",,,1,3,8,1,3,64,1,1,4
"dot/dot_fp64_3x8x1_1x4x1_avx/64/10/real_time",1245790,112.683,112.302,ns,,,"3x64x10",,,1,3,8,10,3,64,1,1,4
"dot/dot_fp64_3x8x1_1x4x1_avx/64/21/real_time",658594,210.786,210.2,ns,,,"3x64x21",,,1,3,8,21,3,64,1,1,4
"dot/dot_fp64_3x8x1_1x4x1_avx/64/31/real_time",446308,313.63,312.755,ns,,,"3x64x31",,,1,3,8,31,3,64,1,1,4
"dot/dot_fp64_3x8x1_1x4x1_avx/64/42/real_time",345766,407.5,406.312,ns,,,"3x64x42",,,1,3,8,42,3,64,1,1,4
"dot/dot_fp64_4x8x1_1x4x1_avx/8/1/real_time",13186653,10.5772,10.5473,ns,,,"4x8x1",,,1,4,8,1,4,8,1,1,4
"dot/dot_fp64_4x8x1_1x4x1_avx/8/63/real_time",1418590,98.6651,98.3728,ns,,,"4x8x63",,,1,4,8,63,4,8,1,1,4
"dot/dot_fp64_4x8x1_1x4x1_avx/8/126/real_time",733487,188.811,188.262,ns,,,"4x8x126",,,1,4,8,126,4,8,1,1,4
"dot/dot_fp64_4x8x1_1x4x1_avx/8/189/real_time",501401,278.41,277.63,ns,,,"4x8x189",,,1,4,8,189,4,8,1,1,4
"dot/dot_fp64_4x8x1_1x4x1_avx/8/253/real_time",376312,371.33,370.377,ns,,,"4x8x253",,,1,4,8,253,4,8,1,1,4
"dot/dot_fp64_4x8x1_1x4x1_avx/16/1/real_time",9440310,14.8583,14.8225,ns,,,"4x16x1",,,1,4,8,1,4,16,1,1,4
"dot/dot_fp64_4x8x1_1x4x1_avx/16/37/real_time",1169856,119.373,119.029,ns,,,"4x16x37",,,1,4,8,37,4,16,1,1,4
"dot/dot_fp64_4x8x1_1x4x1_avx/16/75/real_time",607582,227.822,227.212,ns,,,"4x16x75",,,1,4,8,75,4,16,1,1,4
"dot/dot_fp64_4x8x1_1x4x1_avx/16/112/real_time",420029,334.206,333.371,ns,,,"4x16x112",,,1,4,8,112,4,16,1,1,4
"dot/dot_fp64_4x8x1_1x4x1_avx/16/150/real_time",316626,442.454,441.037,ns,,,"4x16x150",,,1,4,8,150,4,16,1,1,4
"dot/dot_fp64_4x8x1_1x4x1_avx/32/1/real_time",5997322,23.2945,23.2213,ns,,,"4x32x1",,,1,4,8,1,4,32,1,1,4
"dot/dot_fp64_4x8x1_1x4x1_avx/32/20/real_time",1099278,127.223,126.923,ns,,,"4x32x20",,,1,4,8,20,4,32,1,1,4
"dot/dot_fp64_4x8x1_1x4x1_avx/32/40/real_time",554175,252.654,251.986,ns,,,"4x32x40",,,1,4,8,40,4,32,1,1,4
"dot/dot_fp64_4x8x1_1x4x1_avx/32/60/real_time",386290,359.749,358.707,ns,,,"4x32x60",,,1,4,8,60,4,32,1,1,4
"dot/dot_fp64_4x8x1_1x4x1_avx/32/81/real_time",289259,486.324,484.939,ns,,,"4x32x81",,,1,4,8,81,4,32,1,1,4
"dot/dot_fp64_4x8x1_1x4x1_avx/64/1/real_time",3473674,40.3001,40.1268,ns,,,"4x64x1",,,1,4,8,1,4,64,1,1,4
"dot/dot_fp64_4x8x1_1x4x1_avx/64/10/real_time",1009371,138.418,138.019,ns,,,"4x64x10",,,1,4,8,10,4,64,1,1,4
"dot/dot_fp64_4x8x1_1x4x1_avx/64/20/real_time",560415,249.893,249.262,ns,,,"4x64x20",,,1,4,8,20,4,64,1,1,4
"dot/dot_fp64_4x8x1_1x4x1_avx/64/30/real_time",366305,381.387,380.23,ns,,,"4x64x30",,,1,4,8,30,4,64,1,1,4
"dot/dot_fp64_4x8x1_1x4x1_avx/64/41/real_time",271177,516.05,514.569,ns,,,"4x64x41",,,1,4,8,41,4,64,1,1,4
"dot/dot_fp64_4x4x1_1x4x1_avx/4/1/real_time",13928839,9.8594,9.83436,ns,,,"4x4x1",,,1,4,4,1,4,4,1,1,4
"dot/dot_fp64_4x4x1_1x4x1_avx/4/95/real_time",1620886,86.3524,86.1277,ns,,,"4x4x95",,,1,4,4,95,4,4,1,1,4
"dot/dot_fp64_4x4x1_1x4x1_avx/4/191/real_time",837208,167.214,166.744,ns,,,"4x4x191",,,1,4,4,191,4,4,1,1,4
"dot/dot_fp64_4x4x1_1x4x1_avx/4/286/real_time",575990,243.134,242.481,ns,,,"4x4x286",,,1,4,4,286,4,4,1,1,4
"dot/dot_fp64_4x4x1_1x4x1_avx/4/382/real_time",428400,326.737,325.902,ns,,,"4x4x382",,,1,4,4,382,4,4,1,1,4
"dot/dot_fp64_4x4x1_1x4x1_avx/8/1/real_time",10534904,13.2212,13.1801,ns,,,"4x8x1",,,1,4,4,1,4,8,1,1,4
"dot/dot_fp64_4x4x1_1x4x1_avx/8/63/real_time",1181550,118.083,117.773,ns,,,"4x8x63",,,1,4,4,63,4,8,1,1,4
"dot/dot_fp64_4x4x1_1x4x1_avx/8/126/real_time",625602,223.657,223.015,ns,,,"4x8x126",,,1,4,4,126,4,8,1,1,4
"dot/dot_fp64_4x4x1_1x4x1_avx/8/189/real_time",431315,324.892,324.013,ns,,,"4x8x189",,,1,4,4,189,4,8,1,1,4
"dot/dot_fp64_4x4x1_1x4x1_avx/8/253/real_time",327957,427.11,425.9,ns,,,"4x8x253",,,1,4,4,253,4,8,1,1,4
"dot/dot_fp64_4x4x1_1x4x1_avx/16/1/real_time",7034355,19.9397,19.8822,ns,,,"4x16x1",,,1,4,4,1,4,16,1,1,4
"dot/dot_fp64_4x4x1_1x4x1_avx/16/37/real_time",932291,150.077,149.663,ns,,,"4x16x37",,,1,4,4,37,4,16,1,1,4
"dot/dot_fp64_4x4x1_1x4x1_avx/16/75/real_time",526215,266.203,265.482,ns,,,"4x16x75",,,1,4,4,75,4,16,1,1,4
"dot/dot_fp64_4x4x1_1x4x1_avx/16/112/real_time",343113,407.01,405.76,ns,,,"4x16x112",,,1,4,4,112,4,16,1,1,4
"dot/dot_fp64_4x4x1_1x4x1_avx/16/150/real_time",270506,517.154,515.855,ns,,,"4x16x150",,,1,4,4,150,4,16,1,1,4
"dot/dot_fp64_4x4x1_1x4x1_avx/32/1/real_time",4248468,32.9254,32.8366,ns,,,"4x32x1",,,1,4,4,1,4,32,1,1,4
"dot/dot_fp64_4x4x1_1x4x1_avx/32/20/real_time",867436,162.343,161.889,ns,,,"4x32x20",,,1,4,4,20,4,32,1,1,4
"dot/dot_fp64_4x4x1_1x4x1_avx/32/40/real_time",432136,323.187,322.177,ns,,,"4x32x40",,,1,4,4,40,4,32,1,1,4
"dot/dot_fp64_4x4x1_1x4x1_avx/32/60/real_time",323193,433.254,431.954,ns,,,"4x32x60",,,1,4,4,60,4,32,1,1,4
"dot/dot_fp64_4x4x1_1x4x1_avx/32/81/real_time",238886,586.458,584.809,ns,,,"4x32x81",,,1,4,4,81,4,32,1,1,4
"dot/dot_fp64_6x4x1_1x4x1_avx/4/1/real_time",11644732,11.9482,11.9174,ns,,,"6x4x1",,,1,6,4,1,6,4,1,1,4
"dot/dot_fp64_6x4x1_1x4x1_avx/4/76/real_time",1391715,100.489,100.23,ns,,,"6x4x76",,,1,6,4,76,6,4,1,1,4
"dot/dot_fp64_6x4x1_1x4x1_avx/4/152/real_time",738904,189.276,188.736,ns,,,"6x4x152",,,1,6,4,152,6,4,1,1,4
"dot/dot_fp64_6x4x1_1x4x1_avx/4/228/real_time",512195,273.517,272.729,ns,,,"6x4x228",,,1,6,4,228,6,4,1,1,4
"dot/dot_fp64_6x4x1_1x4x1_avx/4/304/real_time",388326,360.769,359.52,ns,,,"6x4x304",,,1,6,4,304,6,4,1,1,4
"dot/dot_fp64_6x4x1_1x4x1_avx/8/1/real_time",8492388,16.466,16.4186,ns,,,"6x8x1",,,1,6,4,1,6,8,1,1,4
"dot/dot_fp64_6x4x1_1x4x1_avx/8/54/real_time",986568,142.185,141.826,ns,,,"6x8x54",,,1,6,4,54,6,8,1,1,4
"dot/dot_fp64_6x4x1_1x4x1_avx/8/108/real_time",528180,264.117,263.392,ns,,,"6x8x108",,,1,6,4,108,6,8,1,1,4
"dot/dot_fp64_6x4x1_1x4x1_avx/8/162/real_time",361745,387.747,386.58,ns,,,"6x8x162",,,1,6,4,162,6,8,1,1,4
"dot/dot_fp64_6x4x1_1x4x1_avx/8/216/real_time",273435,512.144,510.722,ns,,,"6x8x216",,,1,6,4,216,6,8,1,1,4
"dot/dot_fp64_6x4x1_1x4x1_avx/16/1/real_time",5611522,24.8602,24.7852,ns,,,"6x16x1",,,1,6,4,1,6,16,1,1,4
"dot/dot_fp64_6x4x1_1x4x1_avx/16/33/real_time",766750,180.428,179.906,ns,,,"6x16x33",,,1,6,4,33,6,16,1,1,4
"dot/dot_fp64_6x4x1_1x4x1_avx/16/67/real_time",422388,332.562,331.701,ns,,,"6x16x67",,,1,6,4,67,6,16,1,1,4
"dot/dot_fp64_6x4x1_1x4x1_avx/16/101/real_time",285492,489.825,488.184,ns,,,"6x16x101",,,1,6,4,101,6,16,1,1,4
"dot/dot_fp64_6x4x1_1x4x1_avx/16/135/real_time",217839,642.608,640.986,ns,,,"6x16x135",,,1,6,4,135,6,16,1,1,4
"dot/dot_fp64_6x4x1_1x4x1_avx/32/1/real_time",3332246,42.0014,41.8857,ns,,,"6x32x1",,,1,6,4,1,6,32,1,1,4
"dot/dot_fp64_6x4x1_1x4x1_avx/32/18/real_time",687155,203.022,202.389,ns,,,"6x32x18",,,1,6,4,18,6,32,1,1,4
"dot/dot_fp64_6x4x1_1x4x1_avx/32/37/real_time",356016,392.294,391.256,ns,,,"6x32x37",,,1,6,4,37,6,32,1,1,4
"dot/dot_fp64_6x4x1_1x4x1_avx/32/56/real_time",243837,575.064,573.106,ns,,,"6x32x56",,,1,6,4,56,6,32,1,1,4
"dot/dot_fp64_6x4x1_1x4x1_avx/32/75/real_time",190174,734.516,732.415,ns,,,"6x32x75",,,1,6,4,75,6,32,1,1,4
"dot/dot_fp64_8x4x1_1x4x1_avx/4/1/real_time",11364456,12.357,12.3236,ns,,,"8x4x1",,,1,8,4,1,8,4,1,1,4
"dot/dot_fp64_8x4x1_1x4x1_avx/4/63/real_time",1318097,105.825,105.534,ns,,,"8x4x63",,,1,8,4,63,8,4,1,1,4
"dot/dot_fp64_8x4x1_1x4x1_avx/4/126/real_time",696440,201.016,200.269,ns,,,"8x4x126",,,1,8,4,126,8,4,1,1,4
"dot/dot_fp64_8x4x1_1x4x1_avx/4/189/real_time",473247,295.401,294.377,ns,,,"8x4x189",,,1,8,4,189,8,4,1,1,4
"dot/dot_fp64_8x4x1_1x4x1_avx/4/253/real_time",353378,396.22,394.895,ns,,,"8x4x253",,,1,8,4,253,8,4,1,1,4
"dot/dot_fp64_8x4x1_1x4x1_avx/8/1/real_time",8614137,16.137,16.0866,ns,,,"8x8x1",,,1,8,4,1,8,8,1,1,4
"dot/dot_fp64_8x4x1_1x4x1_avx/8/47/real_time",916238,154.25,153.686,ns,,,"8x8x47",,,1,8,4,47,8,8,1,1,4
"dot/dot_fp64_8x4x1_1x4x1_avx/8/94/real_time",472503,295.382,294.519,ns,,,"8x8x94",,,1,8,4,94,8,8,1,1,4
"dot/dot_fp64_8x4x1_1x4x1_avx/8/141/real_time",318138,439.873,438.122,ns,,,"8x8x141",,,1,8,4,141,8,8,1,1,4
"dot/dot_fp64_8x4x1_1x4x1_avx/8/188/real_time",236581,582.551,580.743,ns,,,"8x8x188",,,1,8,4,188,8,8,1,1,4
"dot/dot_fp64_8x4x1_1x4x1_avx/16/1/real_time",5818704,24.0554,23.9784,ns,,,"8x16x1",,,1,8,4,1,8,16,1,1,4
"dot/dot_fp64_8x4x1_1x4x1_avx/16/30/real_time",691816,199.31,198.707,ns,,,"8x16x30",,,1,8,4,30,8,16,1,1,4
"dot/dot_fp64_8x4x1_1x4x1_avx/16/61/real_time",360958,384.965,383.713,ns,,,"8x16x61",,,1,8,4,61,8,16,1,1,4
"dot/dot_fp64_8x4x1_1x4x1_avx/16/91/real_time",246979,567.079,565.402,ns,,,"8x16x91",,,1,8,4,91,8,16,1,1,4
"dot/dot_fp64_8x4x1_1x4x1_avx/16/122/real_time",185680,752.751,750.427,ns,,,"8x16x122",,,1,8,4,122,8,16,1,1,4
"dot/dot_fp64_8x4x1_1x4x1_avx/32/1/real_time",3388078,41.3447,41.2165,ns,,,"8x32x1",,,1,8,4,1,8,32,1,1,4
"dot/dot_fp64_8x4x1_1x4x1_avx/32/17/real_time",604836,231.552,230.919,ns,,,"8x32x17",,,1,8,4,17,8,32,1,1,4
"dot/dot_fp64_8x4x1_1x4x1_avx/32/35/real_time",304218,460.337,458.802,ns,,,"8x32x35",,,1,8,4,35,8,32,1,1,4
"dot/dot_fp64_8x4x1_1x4x1_avx/32/52/real_time",210710,659.356,657.201,ns,,,"8x32x52",,,1,8,4,52,8,32,1,1,4
"dot/dot_fp64_8x4x1_1x4x1_avx/32/70/real_time",160345,874.807,871.701,ns,,,"8x32x70",,,1,8,4,70,8,32,1,1,4
"dot/dot_fp16_fp16_fp32_1x32x1_1x8x1_fma3/32/1/real_time",19437431,7.21963,7.19847,ns,,,"1x32x1",,,1,1,32,1,1,32,1,1,8
"dot/dot_fp16_fp16_fp32_1x32x1_1x8x1_fma3/32/92/real_time",1274346,108.891,108.595,ns,,,"1x32x92",,,1,1,32,92,1,32,1,1,8
"dot/dot_fp16_fp16_fp32_1x32x1_1x8x1_fma3/32/185/real_time",636278,220.105,219.465,ns,,,"1x32x185",,,1,1,32,185,1,32,1,1,8
"dot/dot_fp16_fp16_fp32_1x32x1_1x8x1_fma3/32/277/real_time",423127,330.783,329.887,ns,,,"1x32x277",,,1,1,32,277,1,32,1,1,8
"dot/dot_fp16_fp16_fp32_1x32x1_1x8x1_fma3/32/370/real_time",316853,442.22,440.85,ns,,,"1x32x370",,,1,1,32,370,1,32,1,1,8
"dot/dot_fp16_fp16_fp32_1x32x1_1x8x1_fma3/64/1/real_time",14910526,9.41779,9.39425,ns,,,"1x64x1",,,1,1,32,1,1,64,1,1,8
"dot/dot_fp16_fp16_fp32_1x32x1_1x8x1_fma3/64/46/real_time",1293515,108.892,108.617,ns,,,"1x64x46",,,1,1,32,46,1,64,1,1,8
"dot/dot_fp16_fp16_fp32_1x32x1_1x8x1_fma3/64/93/real_time",645886,216.736,216.226,ns,,,"1x64x93",,,1,1,32,93,1,64,1,1,8
"dot/dot_fp16_fp16_fp32_1x32x1_1x8x1_fma3/64/140/real_time",424320,329.543,328.689,ns,,,"1x64x140",,,1,1,32,140,1,64,1,1,8
"dot/dot_fp16_fp16_fp32_1x32x1_1x8x1_fma3/64/187/real_time",316947,442.089,440.841,ns,,,"1x64x187",,,1,1,32,187,1,64,1,1,8
"dot/dot_fp16_fp16_fp32_1x32x1_1x8x1_fma3/128/1/real_time",9491618,14.6835,14.6448,ns,,,"1x128x1",,,1,1,32,1,1,128,1,1,8
"dot/dot_fp16_fp16_fp32_1x32x1_1x8x1_fma3/128/23/real_time",1381569,101.415,101.119,ns,,,"1x128x23",,,1,1,32,23,1,128,1,1,8
"dot/dot_fp16_fp16_fp32_1x32x1_1x8x1_fma3/128/46/real_time",656323,214.166,213.586,ns,,,"1x128x46",,,1,1,32,46,1,128,1,1,8
"dot/dot_fp16_fp16_fp32_1x32x1_1x8x1_fma3/128/69/real_time",442472,317.035,316.349,ns,,,"1x128x69",,,1,1,32,69,1,128,1,1,8
"dot/dot_fp16_fp16_fp32_1x32x1_1x8x1_fma3/128/93/real_time",325848,429.791,428.694,ns,,,"1x128x93",,,1,1,32,93,1,128,1,1,8
"dot/dot_fp16_fp16_fp32_1x32x1_1x8x1_fma3/256/1/real_time",5755838,24.4036,24.3339,ns,,,"1x256x1",,,1,1,32,1,1,256,1,1,8
"dot/dot_fp16_fp16_fp32_1x32x1_1x8x1_fma3/256/11/real_time",1430963,97.8231,97.5796,ns,,,"1x256x11",,,1,1,32,11,1,256,1,1,8
"dot/dot_fp16_fp16_fp32_1x32x1_1x8x1_fma3/256/22/real_time",730212,191.757,191.213,ns,,,"1x256x22",,,1,1,32,22,1,256,1,1,8
"dot/dot_fp16_fp16_fp32_1x32x1_1x8x1_fma3/256/33/real_time",456593,306.847,305.867,ns,,,"1x256x33",,,1,1,32,33,1,256,1,1,8
"dot/dot_fp16_fp16_fp32_1x32x1_1x8x1_fma3/256/45/real_time",336416,415.358,414.013,ns,,,"1x256x45",,,1,1,32,45,1,256,1,1,8
"dot/dot_fp16_fp16_fp32_2x32x1_1x8x1_fma3/32/1/real_time",14977109,9.31749,9.2949,ns,,,"2x32x1",,,1,2,32,1,2,32,1,1,8
"dot/dot_fp16_fp16_fp32_2x32x1_1x8x1_fma3/32/89/real_time",906951,154.093,153.675,ns,,,"2x32x89",,,1,2,32,89,2,32,1,1,8
"dot/dot_fp16_fp16_fp32_2x32x1_1x8x1_fma3/32/178/real_time",462983,302.63,301.849,ns,,,"2x32x178",,,1,2,32,178,2,32,1,1,8
"dot/dot_fp16_fp16_fp32_2x32x1_1x8x1_fma3/32/267/real_time",308893,453.679,452.379,ns,,,"2x32x267",,,1,2,32,267,2,32,1,1,8
"dot/dot_fp16_fp16_fp32_2x32x1_1x8x1_fma3/32/357/real_time",231651,604.158,602.527,ns,,,"2x32x357",,,1,2,32,357,2,32,1,1,8
"dot/dot_fp16_fp16_fp32_2x32x1_1x8x1_fma3/64/1/real_time",10659874,12.8878,12.8513,ns,,,"2x64x1",,,1,2,32,1,2,64,1,1,8
"dot/dot_fp16_fp16_fp32_2x32x1_1x8x1_fma3/64/45/real_time",903579,156.139,155.71,ns,,,"2x64x45",,,1,2,32,45,2,64,1,1,8
"dot/dot_fp16_fp16_fp32_2x32x1_1x8x1_fma3/64/91/real_time",450724,309.756,309.002,ns,,,"2x64x91",,,1,2,32,91,2,64,1,1,8
"dot/dot_fp16_fp16_fp32_2x32x1_1x8x1_fma3/64/136/real_time",303829,460.24,459.14,ns,,,"2x64x136",,,1,2,32,136,2,64,1,1,8
"dot/dot_fp16_fp16_fp32_2x32x1_1x8x1_fma3/64/182/real_time",227510,614.022,612.444,ns,,,"2x64x182",,,1,2,32,182,2,64,1,1,8
"dot/dot_fp16_fp16_fp32_2x32x1_1x8x1_fma3/128/1/real_time",6899583,20.2388,20.1777,ns,,,"2x128x1",,,1,2,32,1,2,128,1,1,8
"dot/dot_fp16_fp16_fp32_2x32x1_1x8x1_fma3/128/22/real_time",925603,151.172,150.792,ns,,,"2x128x22",,,1,2,32,22,2,128,1,1,8
"dot/dot_fp16_fp16_fp32_2x32x1_1x8x1_fma3/128/45/real_time",455558,307.349,306.563,ns,,,"2x128x45",,,1,2,32,45,2,128,1,1,8
"dot/dot_fp16_fp16_fp32_2x32x1_1x8x1_fma3/128/67/real_time",305781,457.268,455.994,ns,,,"2x128x67",,,1,2,32,67,2,128,1,1,8
"dot/dot_fp16_fp16_fp32_2x32x1_1x8x1_fma3/128/90/real_time",227044,616.018,614.501,ns,,,"2x128x90",,,1,2,32,90,2,128,1,1,8
"dot/dot_fp16_fp16_fp32_2x32x1_1x8x1_fma3/256/1/real_time",3969840,35.5643,35.4779,ns,,,"2x256x1",,,1,2,32,1,2,256,1,1,8
"dot/dot_fp16_fp16_fp32_2x32x1_1x8x1_fma3/256/10/real_time",1011967,138.264,137.917,ns,,,"2x256x10",,,1,2,32,10,2,256,1,1,8
"dot/dot_fp16_fp16_fp32_2x32x1_1x8x1_fma3/256/21/real_time",491041,284.979,284.264,ns,,,"2x256x21",,,1,2,32,21,2,256,1,1,8
"dot/dot_fp16_fp16_fp32_2x32x1_1x8x1_fma3/256/32/real_time",318189,440.633,439.446,ns,,,"2x256x32",,,1,2,32,32,2,256,1,1,8
"dot/dot_fp16_fp16_fp32_2x32x1_1x8x1_fma3/256/43/real_time",237271,588.471,586.88,ns,,,"2x256x43",,,1,2,32,43,2,256,1,1,8
"dot/dot_fp16_fp16_fp32_1x16x1_1x8x1_fma3/16/1/real_time",20356141,6.87976,6.86232,ns,,,"1x16x1",,,1,1,16,1,1,16,1,1,8
"dot/dot_fp16_fp16_fp32_1x16x1_1x8x1_fma3/16/180/real_time",700029,199.907,199.384,ns,,,"1x16x180",,,1,1,16,180,1,16,1,1,8
"dot/dot_fp16_fp16_fp32_1x16x1_1x8x1_fma3/16/360/real_time",336388,416.098,415.1,ns,,,"1x16x360",,,1,1,16,360,1,16,1,1,8
"dot/dot_fp16_fp16_fp32_1x16x1_1x8x1_fma3/16/540/real_time",222602,629.134,627.484,ns,,,"1x16x540",,,1,1,16,540,1,16,1,1,8
"dot/dot_fp16_fp16_fp32_1x16x1_1x8x1_fma3/16/720/real_time",165678,844.609,842.753,ns,,,"1x16x720",,,1,1,16,720,1,16,1,1,8
"dot/dot_fp16_fp16_fp32_1x16x1_1x8x1_fma3/32/1/real_time",15789886,8.87694,8.85507,ns,,,"1x32x1",,,1,1,16,1,1,32,1,1,8
"dot/dot_fp16_fp16_fp32_1x16x1_1x8x1_fma3/32/92/real_time",757680,185.054,184.619,ns,,,"1x32x92",,,1,1,16,92,1,32,1,1,8
"dot/dot_fp16_fp16_fp32_1x16x1_1x8x1_fma3/32/185/real_time",343932,407.295,406.259,ns,,,"1x32x185",,,1,1,16,185,1,32,1,1,8
"dot/dot_fp16_fp16_fp32_1x16x1_1x8x1_fma3/32/277/real_time",222915,628.504,626.728,ns,,,"1x32x277",,,1,1,16,277,1,32,1,1,8
"dot/dot_fp16_fp16_fp32_1x16x1_1x8x1_fma3/32/370/real_time",164332,851.563,849.24,ns,,,"1x32x370",,,1,1,16,370,1,32,1,1,8
"dot/dot_fp16_fp16_fp32_1x16x1_1x8x1_fma3/64/1/real_time",10488277,13.4825,13.4489,ns,,,"1x64x1",,,1,1,16,1,1,64,1,1,8
"dot/dot_fp16_fp16_fp32_1x16x1_1x8x1_fma3/64/46/real_time",842522,164.675,164.229,ns,,,"1x64x46",,,1,1,16,46,1,64,1,1,8
"dot/dot_fp16_fp16_fp32_1x16x1_1x8x1_fma3/64/93/real_time",371910,375.702,374.805,ns,,,"1x64x93",,,1,1,16,93,1,64,1,1,8
"dot/dot_fp16_fp16_fp32_1x16x1_1x8x1_fma3/64/140/real_time",232214,602.082,600.183,ns,,,"1x64x140",,,1,1,16,140,1,64,1,1,8
"dot/dot_fp16_fp16_fp32_1x16x1_1x8x1_fma3/64/187/real_time",170191,822.063,820.139,ns,,,"1x64x187",,,1,1,16,187,1,64,1,1,8
"dot/dot_fp16_fp16_fp32_1x16x1_1x8x1_fma3/128/1/real_time",6405512,21.9542,21.8927,ns,,,"1x128x1",,,1,1,16,1,1,128,1,1,8
"dot/dot_fp16_fp16_fp32_1x16x1_1x8x1_fma3/128/23/real_time",1005119,137.978,137.621,ns,,,"1x128x23",,,1,1,16,23,1,128,1,1,8
"dot/dot_fp16_fp16_fp32_1x16x1_1x8x1_fma3/128/46/real_time",428951,330.903,330.118,ns,,,"1x128x46",,,1,1,16,46,1,128,1,1,8
"dot/dot_fp16_fp16_fp32_1x16x1_1x8x1_fma3/128/69/real_time",270198,521.58,520.207,ns,,,"1x128x69",,,1,1,16,69,1,128,1,1,8
"dot/dot_fp16_fp16_fp32_1x16x1_1x8x1_fma3/128/93/real_time",187192,748.912,746.661,ns,,,"1x128x93",,,1,1,16,93,1,128,1,1,8
"dot/dot_fp16_fp16_fp32_2x16x1_1x8x1_fma3/16/1/real_time",16703196,8.33391,8.31154,ns,,,"2x16x1",,,1,2,16,1,2,16,1,1,8
"dot/dot_fp16_fp16_fp32_2x16x1_1x8x1_fma3/16/169/real_time",651596,215.121,214.566,ns,,,"2x16x169",,,1,2,16,169,2,16,1,1,8
"dot/dot_fp16_fp16_fp32_2x16x1_1x8x1_fma3/16/339/real_time",330597,423.219,422.084,ns,,,"2x16x339",,,1,2,16,339,2,16,1,1,8
"dot/dot_fp16_fp16_fp32_2x16x1_1x8x1_fma3/16/509/real_time",221730,631.06,629.47,ns,,,"2x16x509",,,1,2,16,509,2,16,1,1,8
"dot/dot_fp16_fp16_fp32_2x16x1_1x8x1_fma3/16/679/real_time",166804,839.633,837.248,ns,,,"2x16x679",,,1,2,16,679,2,16,1,1,8
"dot/dot_fp16_fp16_fp32_2x16x1_1x8x1_fma3/32/1/real_time",12488875,10.939,10.907,ns,,,"2x32x1",,,1,2,16,1,2,32,1,1,8
"dot/dot_fp16_fp16_fp32_2x16x1_1x8x1_fma3/32/89/real_time",611507,229.594,228.216,ns,,,"2x32x89",,,1,2,16,89,2,32,1,1,8
"dot/dot_fp16_fp16_fp32_2x16x1_1x8x1_fma3/32/178/real_time",313767,447.041,445.697,ns,,,"2x32x178",,,1,2,16,178,2,32,1,1,8
"dot/dot_fp16_fp16_fp32_2x16x1_1x8x1_fma3/32/267/real_time",210581,665.004,663.259,ns,,,"2x32x267",,,1,2,16,267,2,32,1,1,8
"dot/dot_fp16_fp16_fp32_2x16x1_1x8x1_fma3/32/357/real_time",158234,885.02,882.736,ns,,,"2x32x357",,,1,2,16,357,2,32,1,1,8
"dot/dot_fp16_fp16_fp32_2x16x1_1x8x1_fma3/64/1/real_time",8387144,16.7173,16.6718,ns,,,"2x64x1",,,1,2,16,1,2,64,1,1,8
"dot/dot_fp16_fp16_fp32_2x16x1_1x8x1_fma3/64/45/real_time",586217,236.565,236.038,ns,,,"2x64x45",,,1,2,16,45,2,64,1,1,8
"dot/dot_fp16_fp16_fp32_2x16x1_1x8x1_fma3/64/91/real_time",301222,465.857,464.663,ns,,,"2x64x91",,,1,2,16,91,2,64,1,1,8
"dot/dot_fp16_fp16_fp32_2x16x1_1x8x1_fma3/64/136/real_time",203919,686.146,684.431,ns,,,"2x64x136",,,1,2,16,136,2,64,1,1,8
"dot/dot_fp16_fp16_fp32_2x16x1_1x8x1_fma3/64/182/real_time",153806,908.689,906.312,ns,,,"2x64x182",,,1,2,16,182,2,64,1,1,8
"dot/dot_fp16_fp16_fp32_2x16x1_1x8x1_fma3/128/1/real_time",4994144,27.8785,27.8085,ns,,,"2x128x1",,,1,2,16,1,2,128,1,1,8
"dot/dot_fp16_fp16_fp32_2x16x1_1x8x1_fma3/128/22/real_time",623449,223.387,222.818,ns,,,"2x128x22",,,1,2,16,22,2,128,1,1,8
"dot/dot_fp16_fp16_fp32_2x16x1_1x8x1_fma3/128/45/real_time",296476,472.91,471.391,ns,,,"2x128x45",,,1,2,16,45,2,128,1,1,8
"dot/dot_fp16_fp16_fp32_2x16x1_1x8x1_fma3/128/67/real_time",204174,685.961,684.245,ns,,,"2x128x67",,,1,2,16,67,2,128,1,1,8
"dot/dot_fp16_fp16_fp32_2x16x1_1x8x1_fma3/128/90/real_time",153546,913.361,911.051,ns,,,"2x128x90",,,1,2,16,90,2,128,1,1,8
"dot/dot_fp16_fp16_fp32_4x16x1_1x8x1_fma3/16/1/real_time",12527994,11.1756,11.1466,ns,,,"4x16x1",,,1,4,16,1,4,16,1,1,8
"dot/dot_fp16_fp16_fp32_4x16x1_1x8x1_fma3/16/152/real_time",386231,362.463,361.438,ns,,,"4x16x152",,,1,4,16,152,4,16,1,1,8
"dot/dot_fp16_fp16_fp32_4x16x1_1x8x1_fma3/16/304/real_time",195537,715.794,714.034,ns,,,"4x16x304",,,1,4,16,304,4,16,1,1,8
"dot/dot_fp16_fp16_fp32_4x16x1_1x8x1_fma3/16/456/real_time",131213,1068.88,1065.97,ns,,,"4x16x456",,,1,4,16,456,4,16,1,1,8
"dot/dot_fp16_fp16_fp32_4x16x1_1x8x1_fma3/16/608/real_time",98488,1422.62,1418.88,ns,,,"4x16x608",,,1,4,16,608,4,16,1,1,8
"dot/dot_fp16_fp16_fp32_4x16x1_1x8x1_fma3/32/1/real_time",8694900,15.9614,15.9191,ns,,,"4x32x1",,,1,4,16,1,4,32,1,1,8
"dot/dot_fp16_fp16_fp32_4x16x1_1x8x1_fma3/32/83/real_time",356388,393.044,392.027,ns,,,"4x32x83",,,1,4,16,83,4,32,1,1,8
"dot/dot_fp16_fp16_fp32_4x16x1_1x8x1_fma3/32/167/real_time",177657,788.175,786.158,ns,,,"4x32x167",,,1,4,16,167,4,32,1,1,8
"dot/dot_fp16_fp16_fp32_4x16x1_1x8x1_fma3/32/250/real_time",118926,1176.84,1173.98,ns,,,"4x32x250",,,1,4,16,250,4,32,1,1,8
"dot/dot_fp16_fp16_fp32_4x16x1_1x8x1_fma3/32/334/real_time",89380,1567.44,1563.08,ns,,,"4x32x334",,,1,4,16,334,4,32,1,1,8
"dot/dot_fp16_fp16_fp32_4x16x1_1x8x1_fma3/64/1/real_time",5626835,24.8558,24.7895,ns,,,"4x64x1",,,1,4,16,1,4,64,1,1,8
"dot/dot_fp16_fp16_fp32_4x16x1_1x8x1_fma3/64/43/real_time",340569,408.33,407.282,ns,,,"4x64x43",,,1,4,16,43,4,64,1,1,8
"dot/dot_fp16_fp16_fp32_4x16x1_1x8x1_fma3/64/86/real_time",172458,811.475,809.493,ns,,,"4x64x86",,,1,4,16,86,4,64,1,1,8
"dot/dot_fp16_fp16_fp32_4x16x1_1x8x1_fma3/64/129/real_time",115483,1211.75,1208.36,ns,,,"4x64x129",,,1,4,16,129,4,64,1,1,8
"dot/dot_fp16_fp16_fp32_4x16x1_1x8x1_fma3/64/173/real_time",85890,1629.51,1625.57,ns,,,"4x64x173",,,1,4,16,173,4,64,1,1,8
"dot/dot_fp16_fp16_fp32_4x16x1_1x8x1_fma3/128/1/real_time",3181265,44.1309,44.0149,ns,,,"4x128x1",,,1,4,16,1,4,128,1,1,8
"dot/dot_fp16_fp16_fp32_4x16x1_1x8x1_fma3/128/21/real_time",353185,396.594,395.629,ns,,,"4x128x21",,,1,4,16,21,4,128,1,1,8
"dot/dot_fp16_fp16_fp32_4x16x1_1x8x1_fma3/128/42/real_time",175472,801.504,799.485,ns,,,"4x128x42",,,1,4,16,42,4,128,1,1,8
"dot/dot_fp16_fp16_fp32_4x16x1_1x8x1_fma3/128/63/real_time",117550,1189.15,1186.19,ns,,,"4x128x63",,,1,4,16,63,4,128,1,1,8
"dot/dot_fp16_fp16_fp32_4x16x1_1x8x1_fma3/128/85/real_time",87756,1598.48,1594.42,ns,,,"4x128x85",,,1,4,16,85,4,128,1,1,8
"dot/dot_fp16_fp16_fp32_2x8x1_1x8x1_fma3/8/1/real_time",18472089,7.56759,7.54776,ns,,,"2x8x1",,,1,2,8,1,2,8,1,1,8
"dot/dot_fp16_fp16_fp32_2x8x1_1x8x1_fma3/8/306/real_time",387297,361.151,360.275,ns,,,"2x8x306",,,1,2,8,306,2,8,1,1,8
"dot/dot_fp16_fp16_fp32_2x8x1_1x8x1_fma3/8/612/real_time",192674,726.414,724.503,ns,,,"2x8x612",,,1,2,8,612,2,8,1,1,8
"dot/dot_fp16_fp16_fp32_2x8x1_1x8x1_fma3/8/918/real_time",127886,1091.84,1089.11,ns,,,"2x8x918",,,1,2,8,918,2,8,1,1,8
"dot/dot_fp16_fp16_fp32_2x8x1_1x8x1_fma3/8/1225/real_time",95900,1458.41,1454.62,ns,,,"2x8x1225",,,1,2,8,1225,2,8,1,1,8
"dot/dot_fp16_fp16_fp32_2x8x1_1x8x1_fma3/16/1/real_time",14106832,9.95336,9.92869,ns,,,"2x16x1",,,1,2,8,1,2,16,1,1,8
"dot/dot_fp16_fp16_fp32_2x8x1_1x8x1_fma3/16/169/real_time",357901,391.402,390.293,ns,,,"2x16x169",,,1,2,8,169,2,16,1,1,8
"dot/dot_fp16_fp16_fp32_2x8x1_1x8x1_fma3/16/339/real_time",175302,797.364,795.508,ns,,,"2x16x339",,,1,2,8,339,2,16,1,1,8
"dot/dot_fp16_fp16_fp32_2x8x1_1x8x1_fma3/16/509/real_time",116323,1203.37,1200.23,ns,,,"2x16x509",,,1,2,8,509,2,16,1,1,8
"dot/dot_fp16_fp16_fp32_2x8x1_1x8x1_fma3/16/679/real_time",87051,1608.92,1604.93,ns,,,"2x16x679",,,1,2,8,679,2,16,1,1,8
"dot/dot_fp16_fp16_fp32_2x8x1_1x8x1_fma3/32/1/real_time",9319369,14.8478,14.8123,ns,,,"2x32x1",,,1,2,8,1,2,32,1,1,8
"dot/dot_fp16_fp16_fp32_2x8x1_1x8x1_fma3/32/89/real_time",350365,401.448,400.43,ns,,,"2x32x89",,,1,2,8,89,2,32,1,1,8
"dot/dot_fp16_fp16_fp32_2x8x1_1x8x1_fma3/32/178/real_time",170703,820.048,818.12,ns,,,"2x32x178",,,1,2,8,178,2,32,1,1,8
"dot/dot_fp16_fp16_fp32_2x8x1_1x8x1_fma3/32/267/real_time",112589,1244.7,1240.94,ns,,,"2x32x267",,,1,2,8,267,2,32,1,1,8
"dot/dot_fp16_fp16_fp32_2x8x1_1x8x1_fma3/32/357/real_time",83597,1673.52,1669.25,ns,,,"2x32x357",,,1,2,8,357,2,32,1,1,8
"dot/dot_fp16_fp16_fp32_2x8x1_1x8x1_fma3/64/1/real_time",5664905,24.7314,24.6618,ns,,,"2x64x1",,,1,2,8,1,2,64,1,1,8
"dot/dot_fp16_fp16_fp32_2x8x1_1x8x1_fma3/64/45/real_time",349164,404.181,403.269,ns,,,"2x64x45",,,1,2,8,45,2,64,1,1,8
"dot/dot_fp16_fp16_fp32_2x8x1_1x8x1_fma3/64/91/real_time",171528,815.783,813.744,ns,,,"2x64x91",,,1,2,8,91,2,64,1,1,8
"dot/dot_fp16_fp16_fp32_2x8x1_1x8x1_fma3/64/136/real_time",113306,1235.02,1232.24,ns,,,"2x64x136",,,1,2,8,136,2,64,1,1,8
"dot/dot_fp16_fp16_fp32_2x8x1_1x8x1_fma3/64/182/real_time",83579,1673.63,1669.39,ns,,,"2x64x182",,,1,2,8,182,2,64,1,1,8
"dot/dot_fp16_fp16_fp32_4x8x1_1x8x1_fma3/8/1/real_time",10000000,10.0256,9.99836,ns,,,"4x8x1",,,1,4,8,1,4,8,1,1,8
"dot/dot_fp16_fp16_fp32_4x8x1_1x8x1_fma3/8/254/real_time",272612,513.474,512.213,ns,,,"4x8x254",,,1,4,8,254,4,8,1,1,8
"dot/dot_fp16_fp16_fp32_4x8x1_1x8x1_fma3/8/509/real_time",137310,1019.58,1017.29,ns,,,"4x8x509",,,1,4,8,509,4,8,1,1,8
"dot/dot_fp16_fp16_fp32_4x8x1_1x8x1_fma3/8/763/real_time",91892,1524.1,1520.3,ns,,,"4x8x763",,,1,4,8,763,4,8,1,1,8
"dot/dot_fp16_fp16_fp32_4x8x1_1x8x1_fma3/8/1018/real_time",68980,2030.66,2025.47,ns,,,"4x8x1018",,,1,4,8,1018,4,8,1,1,8
"dot/dot_fp16_fp16_fp32_4x8x1_1x8x1_fma3/16/1/real_time",10334323,13.8601,13.8287,ns,,,"4x16x1",,,1,4,8,1,4,16,1,1,8
"dot/dot_fp16_fp16_fp32_4x8x1_1x8x1_fma3/16/152/real_time",227671,614.555,613.109,ns,,,"4x16x152",,,1,4,8,152,4,16,1,1,8
"dot/dot_fp16_fp16_fp32_4x8x1_1x8x1_fma3/16/304/real_time",114907,1218.05,1215.23,ns,,,"4x16x304",,,1,4,8,304,4,16,1,1,8
"dot/dot_fp16_fp16_fp32_4x8x1_1x8x1_fma3/16/456/real_time",76718,1821.51,1817.35,ns,,,"4x16x456",,,1,4,8,456,4,16,1,1,8
"dot/dot_fp16_fp16_fp32_4x8x1_1x8x1_fma3/16/608/real_time",57753,2425.57,2419.13,ns,,,"4x16x608",,,1,4,8,608,4,16,1,1,8
"dot/dot_fp16_fp16_fp32_4x8x1_1x8x1_fma3/32/1/real_time",6503155,21.4305,21.3732,ns,,,"4x32x1",,,1,4,8,1,4,32,1,1,8
"dot/dot_fp16_fp16_fp32_4x8x1_1x8x1_fma3/32/83/real_time",207323,675.206,673.811,ns,,,"4x32x83",,,1,4,8,83,4,32,1,1,8
"dot/dot_fp16_fp16_fp32_4x8x1_1x8x1_fma3/32/167/real_time",104426,1343.12,1339.2,ns,,,"4x32x167",,,1,4,8,167,4,32,1,1,8
"dot/dot_fp16_fp16_fp32_4x8x1_1x8x1_fma3/32/250/real_time",69999,2000.29,1995.9,ns,,,"4x32x250",,,1,4,8,250,4,32,1,1,8
"dot/dot_fp16_fp16_fp32_4x8x1_1x8x1_fma3/32/334/real_time",52447,2667.5,2661.57,ns,,,"4x32x334",,,1,4,8,334,4,32,1,1,8
"dot/dot_fp16_fp16_fp32_4x8x1_1x8x1_fma3/64/1/real_time",3754361,37.0433,36.9358,ns,,,"4x64x1",,,1,4,8,1,4,64,1,1,8
"dot/dot_fp16_fp16_fp32_4x8x1_1x8x1_fma3/64/43/real_time",197765,708.648,706.881,ns,,,"4x64x43",,,1,4,8,43,4,64,1,1,8
"dot/dot_fp16_fp16_fp32_4x8x1_1x8x1_fma3/64/86/real_time",100725,1391.7,1388.08,ns,,,"4x64x86",,,1,4,8,86,4,64,1,1,8
"dot/dot_fp16_fp16_fp32_4x8x1_1x8x1_fma3/64/129/real_time",67620,2074.33,2069.46,ns,,,"4x64x129",,,1,4,8,129,4,64,1,1,8
"dot/dot_fp16_fp16_fp32_4x8x1_1x8x1_fma3/64/173/real_time",50500,2773.8,2766.74,ns,,,"4x64x173",,,1,4,8,173,4,64,1,1,8
"dot/dot_fp16_fp16_fp32_8x8x1_1x8x1_fma3/8/1/real_time",11279354,12.4166,12.3882,ns,,,"8x8x1",,,1,8,8,1,8,8,1,1,8
"dot/dot_fp16_fp16_fp32_8x8x1_1x8x1_fma3/8/190/real_time",186278,751.461,749.234,ns,,,"8x8x190",,,1,8,8,190,8,8,1,1,8
"dot/dot_fp16_fp16_fp32_8x8x1_1x8x1_fma3/8/380/real_time",93970,1490.21,1486.7,ns,,,"8x8x380",,,1,8,8,380,8,8,1,1,8
"dot/dot_fp16_fp16_fp32_8x8x1_1x8x1_fma3/8/570/real_time",62755,2230.17,2224.53,ns,,,"8x8x570",,,1,8,8,570,8,8,1,1,8
"dot/dot_fp16_fp16_fp32_8x8x1_1x8x1_fma3/8/760/real_time",47161,2969.61,2962.22,ns,,,"8x8x760",,,1,8,8,760,8,8,1,1,8
"dot/dot_fp16_fp16_fp32_8x8x1_1x8x1_fma3/16/1/real_time",7999517,17.6173,17.5739,ns,,,"8x16x1",,,1,8,8,1,8,16,1,1,8
"dot/dot_fp16_fp16_fp32_8x8x1_1x8x1_fma3/16/125/real_time",141689,988.349,985.065,ns,,,"8x16x125",,,1,8,8,125,8,16,1,1,8
"dot/dot_fp16_fp16_fp32_8x8x1_1x8x1_fma3/16/250/real_time",71355,1962.4,1955.57,ns,,,"8x16x250",,,1,8,8,250,8,16,1,1,8
"dot/dot_fp16_fp16_fp32_8x8x1_1x8x1_fma3/16/375/real_time",47680,2934.76,2925.99,ns,,,"8x16x375",,,1,8,8,375,8,16,1,1,8
"dot/dot_fp16_fp16_fp32_8x8x1_1x8x1_fma3/16/501/real_time",35751,3915.85,3904.66,ns,,,"8x16x501",,,1,8,8,501,8,16,1,1,8
"dot/dot_fp16_fp16_fp32_8x8x1_1x8x1_fma3/32/1/real_time",5046814,27.7575,27.6714,ns,,,"8x32x1",,,1,8,8,1,8,32,1,1,8
"dot/dot_fp16_fp16_fp32_8x8x1_1x8x1_fma3/32/73/real_time",120997,1156.77,1153.28,ns,,,"8x32x73",,,1,8,8,73,8,32,1,1,8
"dot/dot_fp16_fp16_fp32_8x8x1_1x8x1_fma3/32/147/real_time",60619,2310.83,2303.11,ns,,,"8x32x147",,,1,8,8,147,8,32,1,1,8
"dot/dot_fp16_fp16_fp32_8x8x1_1x8x1_fma3/32/220/real_time",40624,3446.32,3436.63,ns,,,"8x32x220",,,1,8,8,220,8,32,1,1,8
"dot/dot_fp16_fp16_fp32_8x8x1_1x8x1_fma3/32/294/real_time",30449,4598.22,4585.37,ns,,,"8x32x294",,,1,8,8,294,8,32,1,1,8
"dot/dot_fp16_fp16_fp32_8x8x1_1x8x1_fma3/64/1/real_time",2932394,47.8269,47.6596,ns,,,"8x64x1",,,1,8,8,1,8,64,1,1,8
"dot/dot_fp16_fp16_fp32_8x8x1_1x8x1_fma3/64/39/real_time",112125,1247.16,1243.39,ns,,,"8x64x39",,,1,8,8,39,8,64,1,1,8
"dot/dot_fp16_fp16_fp32_8x8x1_1x8x1_fma3/64/78/real_time",56878,2460.35,2454.27,ns,,,"8x64x78",,,1,8,8,78,8,64,1,1,8
"dot/dot_fp16_fp16_fp32_8x8x1_1x8x1_fma3/64/117/real_time",38094,3674.54,3664.35,ns,,,"8x64x117",,,1,8,8,117,8,64,1,1,8
"dot/dot_fp16_fp16_fp32_8x8x1_1x8x1_fma3/64/156/real_time",28622,4888.54,4876.2,ns,,,"8x64x156",,,1,8,8,156,8,64,1,1,8
"dot/dot_fp16_fp16_fp32_1x32x1_1x8x1_f16c/32/1/real_time",18945560,7.37565,7.35745,ns,,,"1x32x1",,,1,1,32,1,1,32,1,1,8
"dot/dot_fp16_fp16_fp32_1x32x1_1x8x1_f16c/32/92/real_time",1101426,126.866,126.511,ns,,,"1x32x92",,,1,1,32,92,1,32,1,1,8
"dot/dot_fp16_fp16_fp32_1x32x1_1x8x1_f16c/32/185/real_time",565961,247.297,246.66,ns,,,"1x32x185",,,1,1,32,185,1,32,1,1,8
"dot/dot_fp16_fp16_fp32_1x32x1_1x8x1_f16c/32/277/real_time",382307,366.387,365.354,ns,,,"1x32x277",,,1,1,32,277,1,32,1,1,8
"dot/dot_fp16_fp16_fp32_1x32x1_1x8x1_f16c/32/370/real_time",287819,486.537,485.415,ns,,,"1x32x370",,,1,1,32,370,1,32,1,1,8
"dot/dot_fp16_fp16_fp32_1x32x1_1x8x1_f16c/64/1/real_time",14228896,9.83223,9.80546,ns,,,"1x64x1",,,1,1,32,1,1,64,1,1,8
"dot/dot_fp16_fp16_fp32_1x32x1_1x8x1_f16c/64/46/real_time",1075970,130.235,129.864,ns,,,"1x64x46",,,1,1,32,46,1,64,1,1,8
"dot/dot_fp16_fp16_fp32_1x32x1_1x8x1_f16c/64/93/real_time",555727,251.947,251.276,ns,,,"1x64x93",,,1,1,32,93,1,64,1,1,8
"dot/dot_fp16_fp16_fp32_1x32x1_1x8x1_f16c/64/140/real_time",375017,373.219,372.425,ns,,,"1x64x140",,,1,1,32,140,1,64,1,1,8
"dot/dot_fp16_fp16_fp32_1x32x1_1x8x1_f16c/64/187/real_time",282767,495.669,494.052,ns,,,"1x64x187",,,1,1,32,187,1,64,1,1,8
"dot/dot_fp16_fp16_fp32_1x32x1_1x8x1_f16c/128/1/real_time",9110155,15.3464,15.3041,ns,,,"1x128x1",,,1,1,32,1,1,128,1,1,8
"dot/dot_fp16_fp16_fp32_1x32x1_1x8x1_f16c/128/23/real_time",1128502,124.166,123.869,ns,,,"1x128x23",,,1,1,32,23,1,128,1,1,8
"dot/dot_fp16_fp16_fp32_1x32x1_1x8x1_f16c/128/46/real_time",550686,254.37,253.662,ns,,,"1x128x46",,,1,1,32,46,1,128,1,1,8
"dot/dot_fp16_fp16_fp32_1x32x1_1x8x1_f16c/128/69/real_time",374643,373.547,372.623,ns,,,"1x128x69",,,1,1,32,69,1,128,1,1,8
"dot/dot_fp16_fp16_fp32_1x32x1_1x8x1_f16c/128/93/real_time",281330,497.888,496.494,ns,,,"1x128x93",,,1,1,32,93,1,128,1,1,8
"dot/dot_fp16_fp16_fp32_1x32x1_1x8x1_f16c/256/1/real_time",5379556,26.0303,25.9643,ns,,,"1x256x1",,,1,1,32,1,1,256,1,1,8
"dot/dot_fp16_fp16_fp32_1x32x1_1x8x1_f16c/256/11/real_time",1165253,120.302,119.958,ns,,,"1x256x11",,,1,1,32,11,1,256,1,1,8
"dot/dot_fp16_fp16_fp32_1x32x1_1x8x1_f16c/256/22/real_time",598078,233.95,233.378,ns,,,"1x256x22",,,1,1,32,22,1,256,1,1,8
"dot/dot_fp16_fp16_fp32_1x32x1_1x8x1_f16c/256/33/real_time",380684,365.838,364.944,ns,,,"1x256x33",,,1,1,32,33,1,256,1,1,8
"dot/dot_fp16_fp16_fp32_1x32x1_1x8x1_f16c/256/45/real_time",284089,492.69,491.583,ns,,,"1x256x45",,,1,1,32,45,1,256,1,1,8
"dot/dot_fp16_fp16_fp32_2x32x1_1x8x1_f16c/32/1/real_time",14553173,9.63239,9.60688,ns,,,"2x32x1",,,1,2,32,1,2,32,1,1,8
"dot/dot_fp16_fp16_fp32_2x32x1_1x8x1_f16c/32/89/real_time",656326,212.392,211.905,ns,,,"2x32x89",,,1,2,32,89,2,32,1,1,8
"dot/dot_fp16_fp16_fp32_2x32x1_1x8x1_f16c/32/178/real_time",333284,419.718,418.55,ns,,,"2x32x178",,,1,2,32,178,2,32,1,1,8
"dot/dot_fp16_fp16_fp32_2x32x1_1x8x1_f16c/32/267/real_time",221295,632.501,630.745,ns,,,"2x32x267",,,1,2,32,267,2,32,1,1,8
"dot/dot_fp16_fp16_fp32_2x32x1_1x8x1_f16c/32/357/real_time",166356,840.738,838.677,ns,,,"2x32x357",,,1,2,32,357,2,32,1,1,8
"dot/dot_fp16_fp16_fp32_2x32x1_1x8x1_f16c/64/1/real_time",10117383,13.8586,13.8232,ns,,,"2x64x1",,,1,2,32,1,2,64,1,1,8
"dot/dot_fp16_fp16_fp32_2x32x1_1x8x1_f16c/64/45/real_time",655684,215.564,215.028,ns,,,"2x64x45",,,1,2,32,45,2,64,1,1,8
"dot/dot_fp16_fp16_fp32_2x32x1_1x8x1_f16c/64/91/real_time",326800,431.238,430.008,ns,,,"2x64x91",,,1,2,32,91,2,64,1,1,8
"dot/dot_fp16_fp16_fp32_2x32x1_1x8x1_f16c/64/136/real_time",218599,639.519,637.62,ns,,,"2x64x136",,,1,2,32,136,2,64,1,1,8
"dot/dot_fp16_fp16_fp32_2x32x1_1x8x1_f16c/64/182/real_time",163090,858.375,856.205,ns,,,"2x64x182",,,1,2,32,182,2,64,1,1,8
"dot/dot_fp16_fp16_fp32_2x32x1_1x8x1_f16c/128/1/real_time",6333675,22.0442,21.9901,ns,,,"2x128x1",,,1,2,32,1,2,128,1,1,8
"dot/dot_fp16_fp16_fp32_2x32x1_1x8x1_f16c/128/22/real_time",658941,210.974,210.324,ns,,,"2x128x22",,,1,2,32,22,2,128,1,1,8
"dot/dot_fp16_fp16_fp32_2x32x1_1x8x1_f16c/128/45/real_time",325812,428.392,427.443,ns,,,"2x128x45",,,1,2,32,45,2,128,1,1,8
"dot/dot_fp16_fp16_fp32_2x32x1_1x8x1_f16c/128/67/real_time",220058,635.501,634.049,ns,,,"2x128x67",,,1,2,32,67,2,128,1,1,8
"dot/dot_fp16_fp16_fp32_2x32x1_1x8x1_f16c/128/90/real_time",163103,859.3,857.338,ns,,,"2x128x90",,,1,2,32,90,2,128,1,1,8
"dot/dot_fp16_fp16_fp32_2x32x1_1x8x1_f16c/256/1/real_time",3605992,38.6093,38.5196,ns,,,"2x256x1",,,1,2,32,1,2,256,1,1,8
"dot/dot_fp16_fp16_fp32_2x32x1_1x8x1_f16c/256/10/real_time",724602,192.733,192.253,ns,,,"2x256x10",,,1,2,32,10,2,256,1,1,8
"dot/dot_fp16_fp16_fp32_2x32x1_1x8x1_f16c/256/21/real_time",351042,397.986,397.069,ns,,,"2x256x21",,,1,2,32,21,2,256,1,1,8
"dot/dot_fp16_fp16_fp32_2x32x1_1x8x1_f16c/256/32/real_time",227825,616.763,615.274,ns,,,"2x256x32",,,1,2,32,32,2,256,1,1,8
"dot/dot_fp16_fp16_fp32_2x32x1_1x8x1_f16c/256/43/real_time",171015,821.311,819.4,ns,,,"2x256x43",,,1,2,32,43,2,256,1,1,8
"dot/dot_fp16_fp16_fp32_1x16x1_1x8x1_f16c/16/1/real_time",20106382,6.91111,6.89502,ns,,,"1x16x1",,,1,1,16,1,1,16,1,1,8
"dot/dot_fp16_fp16_fp32_1x16x1_1x8x1_f16c/16/180/real_time",879190,159.214,158.759,ns,,,"1x16x180",,,1,1,16,180,1,16,1,1,8
"dot/dot_fp16_fp16_fp32_1x16x1_1x8x1_f16c/16/360/real_time",451105,311.545,310.605,ns,,,"1x16x360",,,1,1,16,360,1,16,1,1,8
"dot/dot_fp16_fp16_fp32_1x16x1_1x8x1_f16c/16/540/real_time",303650,460.739,459.588,ns,,,"1x16x540",,,1,1,16,540,1,16,1,1,8
"dot/dot_fp16_fp16_fp32_1x16x1_1x8x1_f16c/16/720/real_time",229008,611.286,609.89,ns,,,"1x16x720",,,1,1,16,720,1,16,1,1,8
"dot/dot_fp16_fp16_fp32_1x16x1_1x8x1_f16c/32/1/real_time",15620199,8.98681,8.96451,ns,,,"1x32x1",,,1,1,16,1,1,32,1,1,8
"dot/dot_fp16_fp16_fp32_1x16x1_1x8x1_f16c/32/92/real_time",839980,167.233,166.859,ns,,,"1x32x92",,,1,1,16,92,1,32,1,1,8
"dot/dot_fp16_fp16_fp32_1x16x1_1x8x1_f16c/32/185/real_time",433518,323.589,322.773,ns,,,"1x32x185",,,1,1,16,185,1,32,1,1,8
"dot/dot_fp16_fp16_fp32_1x16x1_1x8x1_f16c/32/277/real_time",292932,476.913,475.758,ns,,,"1x32x277",,,1,1,16,277,1,32,1,1,8
"dot/dot_fp16_fp16_fp32_1x16x1_1x8x1_f16c/32/370/real_time",221563,633.455,631.826,ns,,,"1x32x370",,,1,1,16,370,1,32,1,1,8
"dot/dot_fp16_fp16_fp32_1x16x1_1x8x1_f16c/64/1/real_time",10296198,13.5856,13.5539,ns,,,"1x64x1",,,1,1,16,1,1,64,1,1,8
"dot/dot_fp16_fp16_fp32_1x16x1_1x8x1_f16c/64/46/real_time",810470,173.356,172.92,ns,,,"1x64x46",,,1,1,16,46,1,64,1,1,8
"dot/dot_fp16_fp16_fp32_1x16x1_1x8x1_f16c/64/93/real_time",421549,331.174,330.385,ns,,,"1x64x93",,,1,1,16,93,1,64,1,1,8
"dot/dot_fp16_fp16_fp32_1x16x1_1x8x1_f16c/64/140/real_time",285910,487.843,486.693,ns,,,"1x64x140",,,1,1,16,140,1,64,1,1,8
"dot/dot_fp16_fp16_fp32_1x16x1_1x8x1_f16c/64/187/real_time",216872,647.675,645.807,ns,,,"1x64x187",,,1,1,16,187,1,64,1,1,8
"dot/dot_fp16_fp16_fp32_1x16x1_1x8x1_f16c/128/1/real_time",6274127,22.376,22.3181,ns,,,"1x128x1",,,1,1,16,1,1,128,1,1,8
"dot/dot_fp16_fp16_fp32_1x16x1_1x8x1_f16c/128/23/real_time",886183,157.712,157.301,ns,,,"1x128x23",,,1,1,16,23,1,128,1,1,8
"dot/dot_fp16_fp16_fp32_1x16x1_1x8x1_f16c/128/46/real_time",411165,342.887,342.055,ns,,,"1x128x46",,,1,1,16,46,1,128,1,1,8
"dot/dot_fp16_fp16_fp32_1x16x1_1x8x1_f16c/128/69/real_time",281633,498.934,497.797,ns,,,"1x128x69",,,1,1,16,69,1,128,1,1,8
"dot/dot_fp16_fp16_fp32_1x16x1_1x8x1_f16c/128/93/real_time",211567,658.935,657.373,ns,,,"1x128x93",,,1,1,16,93,1,128,1,1,8
"dot/dot_fp16_fp16_fp32_2x16x1_1x8x1_f16c/16/1/real_time",16390123,8.56985,8.54435,ns,,,"2x16x1",,,1,2,16,1,2,16,1,1,8
"dot/dot_fp16_fp16_fp32_2x16x1_1x8x1_f16c/16/169/real_time",499424,280.167,279.552,ns,,,"2x16x169",,,1,2,16,169,2,16,1,1,8
"dot/dot_fp16_fp16_fp32_2x16x1_1x8x1_f16c/16/339/real_time",252898,553.894,552.331,ns,,,"2x16x339",,,1,2,16,339,2,16,1,1,8
"dot/dot_fp16_fp16_fp32_2x16x1_1x8x1_f16c/16/509/real_time",169384,826.717,824.804,ns,,,"2x16x509",,,1,2,16,509,2,16,1,1,8
"dot/dot_fp16_fp16_fp32_2x16x1_1x8x1_f16c/16/679/real_time",127271,1100.23,1097.56,ns,,,"2x16x679",,,1,2,16,679,2,16,1,1,8
"dot/dot_fp16_fp16_fp32_2x16x1_1x8x1_f16c/32/1/real_time",12454987,11.3962,11.3644,ns,,,"2x32x1",,,1,2,16,1,2,32,1,1,8
"dot/dot_fp16_fp16_fp32_2x16x1_1x8x1_f16c/32/89/real_time",470101,298.268,297.441,ns,,,"2x32x89",,,1,2,16,89,2,32,1,1,8
"dot/dot_fp16_fp16_fp32_2x16x1_1x8x1_f16c/32/178/real_time",239957,584.447,582.958,ns,,,"2x32x178",,,1,2,16,178,2,32,1,1,8
"dot/dot_fp16_fp16_fp32_2x16x1_1x8x1_f16c/32/267/real_time",160691,869.867,867.957,ns,,,"2x32x267",,,1,2,16,267,2,32,1,1,8
"dot/dot_fp16_fp16_fp32_2x16x1_1x8x1_f16c/32/357/real_time",120431,1159.91,1157.27,ns,,,"2x32x357",,,1,2,16,357,2,32,1,1,8
"dot/dot_fp16_fp16_fp32_2x16x1_1x8x1_f16c/64/1/real_time",8059071,17.4413,17.3994,ns,,,"2x64x1",,,1,2,16,1,2,64,1,1,8
"dot/dot_fp16_fp16_fp32_2x16x1_1x8x1_f16c/64/45/real_time",453282,308.192,307.416,ns,,,"2x64x45",,,1,2,16,45,2,64,1,1,8
"dot/dot_fp16_fp16_fp32_2x16x1_1x8x1_f16c/64/91/real_time",231587,602.494,601.064,ns,,,"2x64x91",,,1,2,16,91,2,64,1,1,8
"dot/dot_fp16_fp16_fp32_2x16x1_1x8x1_f16c/64/136/real_time",156786,893.546,890.851,ns,,,"2x64x136",,,1,2,16,136,2,64,1,1,8
"dot/dot_fp16_fp16_fp32_2x16x1_1x8x1_f16c/64/182/real_time",117772,1189.88,1186.86,ns,,,"2x64x182",,,1,2,16,182,2,64,1,1,8
"dot/dot_fp16_fp16_fp32_2x16x1_1x8x1_f16c/128/1/real_time",4767877,29.4467,29.3737,ns,,,"2x128x1",,,1,2,16,1,2,128,1,1,8
"dot/dot_fp16_fp16_fp32_2x16x1_1x8x1_f16c/128/22/real_time",498659,280.603,279.869,ns,,,"2x128x22",,,1,2,16,22,2,128,1,1,8
"dot/dot_fp16_fp16_fp32_2x16x1_1x8x1_f16c/128/45/real_time",229772,610.028,608.542,ns,,,"2x128x45",,,1,2,16,45,2,128,1,1,8
"dot/dot_fp16_fp16_fp32_2x16x1_1x8x1_f16c/128/67/real_time",156671,895.699,893.479,ns,,,"2x128x67",,,1,2,16,67,2,128,1,1,8
"dot/dot_fp16_fp16_fp32_2x16x1_1x8x1_f16c/128/90/real_time",117455,1187.21,1184.44,ns,,,"2x128x90",,,1,2,16,90,2,128,1,1,8
"dot/dot_fp16_fp16_fp32_3x16x1_1x8x1_f16c/16/1/real_time",13910939,10.0783,10.0464,ns,,,"3x16x1",,,1,3,16,1,3,16,1,1,8
"dot/dot_fp16_fp16_fp32_3x16x1_1x8x1_f16c/16/160/real_time",367363,381.057,380.146,ns,,,"3x16x160",,,1,3,16,160,3,16,1,1,8
"dot/dot_fp16_fp16_fp32_3x16x1_1x8x1_f16c/16/320/real_time",185658,754.332,752.405,ns,,,"3x16x320",,,1,3,16,320,3,16,1,1,8
"dot/dot_fp16_fp16_fp32_3x16x1_1x8x1_f16c/16/480/real_time",124359,1128.31,1125.64,ns,,,"3x16x480",,,1,3,16,480,3,16,1,1,8
"dot/dot_fp16_fp16_fp32_3x16x1_1x8x1_f16c/16/641/real_time",93246,1503.6,1499.17,ns,,,"3x16x641",,,1,3,16,641,3,16,1,1,8
"dot/dot_fp16_fp16_fp32_3x16x1_1x8x1_f16c/32/1/real_time",9805885,14.2009,14.1635,ns,,,"3x32x1",,,1,3,16,1,3,32,1,1,8
"dot/dot_fp16_fp16_fp32_3x16x1_1x8x1_f16c/32/86/real_time",343523,407.295,406.381,ns,,,"3x32x86",,,1,3,16,86,3,32,1,1,8
"dot/dot_fp16_fp16_fp32_3x16x1_1x8x1_f16c/32/172/real_time",172458,811.61,809.523,ns,,,"3x32x172",,,1,3,16,172,3,32,1,1,8
"dot/dot_fp16_fp16_fp32_3x16x1_1x8x1_f16c/32/258/real_time",114857,1216.43,1213.49,ns,,,"3x32x258",,,1,3,16,258,3,32,1,1,8
"dot/dot_fp16_fp16_fp32_3x16x1_1x8x1_f16c/32/345/real_time",86149,1622.86,1618.85,ns,,,"3x32x345",,,1,3,16,345,3,32,1,1,8
"dot/dot_fp16_fp16_fp32_3x16x1_1x8x1_f16c/64/1/real_time",6225543,22.4945,22.4347,ns,,,"3x64x1",,,1,3,16,1,3,64,1,1,8
"dot/dot_fp16_fp16_fp32_3x16x1_1x8x1_f16c/64/44/real_time",335278,417.55,416.268,ns,,,"3x64x44",,,1,3,16,44,3,64,1,1,8
"dot/dot_fp16_fp16_fp32_3x16x1_1x8x1_f16c/64/88/real_time",167337,836.911,834.647,ns,,,"3x64x88",,,1,3,16,88,3,64,1,1,8
"dot/dot_fp16_fp16_fp32_3x16x1_1x8x1_f16c/64/132/real_time",112598,1243,1239.57,ns,,,"3x64x132",,,1,3,16,132,3,64,1,1,8
"dot/dot_fp16_fp16_fp32_3x16x1_1x8x1_f16c/64/177/real_time",83946,1666.95,1662.35,ns,,,"3x64x177",,,1,3,16,177,3,64,1,1,8
"dot/dot_fp16_fp16_fp32_3x16x1_1x8x1_f16c/128/1/real_time",3624841,38.6611,38.5626,ns,,,"3x128x1",,,1,3,16,1,3,128,1,1,8
"dot/dot_fp16_fp16_fp32_3x16x1_1x8x1_f16c/128/21/real_time",352461,397.155,396.14,ns,,,"3x128x21",,,1,3,16,21,3,128,1,1,8
"dot/dot_fp16_fp16_fp32_3x16x1_1x8x1_f16c/128/43/real_time",171180,816.81,814.537,ns,,,"3x128x43",,,1,3,16,43,3,128,1,1,8
"dot/dot_fp16_fp16_fp32_3x16x1_1x8x1_f16c/128/65/real_time",113752,1227.65,1224.58,ns,,,"3x128x65",,,1,3,16,65,3,128,1,1,8
"dot/dot_fp16_fp16_fp32_3x16x1_1x8x1_f16c/128/87/real_time",85254,1638.18,1633.91,ns,,,"3x128x87",,,1,3,16,87,3,128,1,1,8
"dot/dot_fp16_fp16_fp32_4x16x1_1x8x1_f16c/16/1/real_time",11940348,11.6636,11.6331,ns,,,"4x16x1",,,1,4,16,1,4,16,1,1,8
"dot/dot_fp16_fp16_fp32_4x16x1_1x8x1_f16c/16/152/real_time",293686,476.546,475.38,ns,,,"4x16x152",,,1,4,16,152,4,16,1,1,8
"dot/dot_fp16_fp16_fp32_4x16x1_1x8x1_f16c/16/304/real_time",148088,945.06,942.463,ns,,,"4x16x304",,,1,4,16,304,4,16,1,1,8
"dot/dot_fp16_fp16_fp32_4x16x1_1x8x1_f16c/16/456/real_time",98793,1414.1,1410.11,ns,,,"4x16x456",,,1,4,16,456,4,16,1,1,8
"dot/dot_fp16_fp16_fp32_4x16x1_1x8x1_f16c/16/608/real_time",74542,1884.3,1878.29,ns,,,"4x16x608",,,1,4,16,608,4,16,1,1,8
"dot/dot_fp16_fp16_fp32_4x16x1_1x8x1_f16c/32/1/real_time",8279574,16.8726,16.8321,ns,,,"4x32x1",,,1,4,16,1,4,32,1,1,8
"dot/dot_fp16_fp16_fp32_4x16x1_1x8x1_f16c/32/83/real_time",268836,520.178,518.835,ns,,,"4x32x83",,,1,4,16,83,4,32,1,1,8
"dot/dot_fp16_fp16_fp32_4x16x1_1x8x1_f16c/32/167/real_time",134586,1040.09,1037.23,ns,,,"4x32x167",,,1,4,16,167,4,32,1,1,8
"dot/dot_fp16_fp16_fp32_4x16x1_1x8x1_f16c/32/250/real_time",90036,1552.22,1548.66,ns,,,"4x32x250",,,1,4,16,250,4,32,1,1,8
"dot/dot_fp16_fp16_fp32_4x16x1_1x8x1_f16c/32/334/real_time",67582,2071.19,2066.02,ns,,,"4x32x334",,,1,4,16,334,4,32,1,1,8
"dot/dot_fp16_fp16_fp32_4x16x1_1x8x1_f16c/64/1/real_time",5237330,26.8937,26.8272,ns,,,"4x64x1",,,1,4,16,1,4,64,1,1,8
"dot/dot_fp16_fp16_fp32_4x16x1_1x8x1_f16c/64/43/real_time",258699,539.699,538.423,ns,,,"4x64x43",,,1,4,16,43,4,64,1,1,8
"dot/dot_fp16_fp16_fp32_4x16x1_1x8x1_f16c/64/86/real_time",129170,1076.27,1073.45,ns,,,"4x64x86",,,1,4,16,86,4,64,1,1,8
"dot/dot_fp16_fp16_fp32_4x16x1_1x8x1_f16c/64/129/real_time",87096,1607.47,1602.38,ns,,,"4x64x129",,,1,4,16,129,4,64,1,1,8
"dot/dot_fp16_fp16_fp32_4x16x1_1x8x1_f16c/64/173/real_time",65201,2148.59,2143.7,ns,,,"4x64x173",,,1,4,16,173,4,64,1,1,8
"dot/dot_fp16_fp16_fp32_4x16x1_1x8x1_f16c/128/1/real_time",2996604,46.8799,46.7475,ns,,,"4x128x1",,,1,4,16,1,4,128,1,1,8
"dot/dot_fp16_fp16_fp32_4x16x1_1x8x1_f16c/128/21/real_time",264618,526.056,524.7,ns,,,"4x128x21",,,1,4,16,21,4,128,1,1,8
"dot/dot_fp16_fp16_fp32_4x16x1_1x8x1_f16c/128/42/real_time",131625,1062.35,1059.44,ns,,,"4x128x42",,,1,4,16,42,4,128,1,1,8
"dot/dot_fp16_fp16_fp32_4x16x1_1x8x1_f16c/128/63/real_time",88191,1581.42,1577.73,ns,,,"4x128x63",,,1,4,16,63,4,128,1,1,8
"dot/dot_fp16_fp16_fp32_4x16x1_1x8x1_f16c/128/85/real_time",66053,2120.16,2114.67,ns,,,"4x128x85",,,1,4,16,85,4,128,1,1,8
"dot/dot_fp16_fp16_fp32_4x8x1_1x8x1_f16c/8/1/real_time",13614205,10.2958,10.2683,ns,,,"4x8x1",,,1,4,8,1,4,8,1,1,8
"dot/dot_fp16_fp16_fp32_4x8x1_1x8x1_f16c/8/254/real_time",228796,611.921,610.393,ns,,,"4x8x254",,,1,4,8,254,4,8,1,1,8
"dot/dot_fp16_fp16_fp32_4x8x1_1x8x1_f16c/8/509/real_time",115095,1216.4,1213.17,ns,,,"4x8x509",,,1,4,8,509,4,8,1,1,8
"dot/dot_fp16_fp16_fp32_4x8x1_1x8x1_f16c/8/763/real_time",77017,1819.2,1814.45,ns,,,"4x8x763",,,1,4,8,763,4,8,1,1,8
"dot/dot_fp16_fp16_fp32_4x8x1_1x8x1_f16c/8/1018/real_time",57672,2423.78,2417.08,ns,,,"4x8x1018",,,1,4,8,1018,4,8,1,1,8
"dot/dot_fp16_fp16_fp32_4x8x1_1x8x1_f16c/16/1/real_time",9690037,14.4178,14.3829,ns,,,"4x16x1",,,1,4,8,1,4,16,1,1,8
"dot/dot_fp16_fp16_fp32_4x8x1_1x8x1_f16c/16/152/real_time",191245,732.208,730.324,ns,,,"4x16x152",,,1,4,8,152,4,16,1,1,8
"dot/dot_fp16_fp16_fp32_4x8x1_1x8x1_f16c/16/304/real_time",96166,1456.54,1453.02,ns,,,"4x16x304",,,1,4,8,304,4,16,1,1,8
"dot/dot_fp16_fp16_fp32_4x8x1_1x8x1_f16c/16/456/real_time",64289,2177,2171.22,ns,,,"4x16x456",,,1,4,8,456,4,16,1,1,8
"dot/dot_fp16_fp16_fp32_4x8x1_1x8x1_f16c/16/608/real_time",48318,2898.89,2891.44,ns,,,"4x16x608",,,1,4,8,608,4,16,1,1,8
"dot/dot_fp16_fp16_fp32_4x8x1_1x8x1_f16c/32/1/real_time",6197240,22.4263,22.3706,ns,,,"4x32x1",,,1,4,8,1,4,32,1,1,8
"dot/dot_fp16_fp16_fp32_4x8x1_1x8x1_f16c/32/83/real_time",175061,799.496,797.508,ns,,,"4x32x83",,,1,4,8,83,4,32,1,1,8
"dot/dot_fp16_fp16_fp32_4x8x1_1x8x1_f16c/32/167/real_time",87492,1602.91,1598.21,ns,,,"4x32x167",,,1,4,8,167,4,32,1,1,8
"dot/dot_fp16_fp16_fp32_4x8x1_1x8x1_f16c/32/250/real_time",58517,2392.97,2385.62,ns,,,"4x32x250",,,1,4,8,250,4,32,1,1,8
"dot/dot_fp16_fp16_fp32_4x8x1_1x8x1_f16c/32/334/real_time",43893,3187.53,3180.41,ns,,,"4x32x334",,,1,4,8,334,4,32,1,1,8
"dot/dot_fp16_fp16_fp32_4x8x1_1x8x1_f16c/64/1/real_time",3593289,38.7493,38.6473,ns,,,"4x64x1",,,1,4,8,1,4,64,1,1,8
"dot/dot_fp16_fp16_fp32_4x8x1_1x8x1_f16c/64/43/real_time",168002,832.248,829.993,ns,,,"4x64x43",,,1,4,8,43,4,64,1,1,8
"dot/dot_fp16_fp16_fp32_4x8x1_1x8x1_f16c/64/86/real_time",84783,1647.64,1643.15,ns,,,"4x64x86",,,1,4,8,86,4,64,1,1,8
"dot/dot_fp16_fp16_fp32_4x8x1_1x8x1_f16c/64/129/real_time",56773,2465.12,2459.03,ns,,,"4x64x129",,,1,4,8,129,4,64,1,1,8
"dot/dot_fp16_fp16_fp32_4x8x1_1x8x1_f16c/64/173/real_time",42289,3308.31,3299.14,ns,,,"4x64x173",,,1,4,8,173,4,64,1,1,8
"dot/dot_fp16_fp16_fp32_6x8x1_1x8x1_f16c/8/1/real_time",11289883,12.3902,12.3565,ns,,,"6x8x1",,,1,6,8,1,6,8,1,1,8
"dot/dot_fp16_fp16_fp32_6x8x1_1x8x1_f16c/8/217/real_time",181696,770.744,768.719,ns,,,"6x8x217",,,1,6,8,217,6,8,1,1,8
"dot/dot_fp16_fp16_fp32_6x8x1_1x8x1_f16c/8/435/real_time",91238,1535.85,1531.36,ns,,,"6x8x435",,,1,6,8,435,6,8,1,1,8
"dot/dot_fp16_fp16_fp32_6x8x1_1x8x1_f16c/8/652/real_time",61005,2296.37,2291.03,ns,,,"6x8x652",,,1,6,8,652,6,8,1,1,8
"dot/dot_fp16_fp16_fp32_6x8x1_1x8x1_f16c/8/870/real_time",45753,3061.54,3053.6,ns,,,"6x8x870",,,1,6,8,870,6,8,1,1,8
"dot/dot_fp16_fp16_fp32_6x8x1_1x8x1_f16c/16/1/real_time",7830824,17.8908,17.8459,ns,,,"6x16x1",,,1,6,8,1,6,16,1,1,8
"dot/dot_fp16_fp16_fp32_6x8x1_1x8x1_f16c/16/137/real_time",143900,972.973,970.475,ns,,,"6x16x137",,,1,6,8,137,6,16,1,1,8
"dot/dot_fp16_fp16_fp32_6x8x1_1x8x1_f16c/16/274/real_time",72185,1934.22,1928.98,ns,,,"6x16x274",,,1,6,8,274,6,16,1,1,8
"dot/dot_fp16_fp16_fp32_6x8x1_1x8x1_f16c/16/411/real_time",48323,2895.78,2887.57,ns,,,"6x16x411",,,1,6,8,411,6,16,1,1,8
"dot/dot_fp16_fp16_fp32_6x8x1_1x8x1_f16c/16/549/real_time",36244,3864.33,3853.98,ns,,,"6x16x549",,,1,6,8,549,6,16,1,1,8
"dot/dot_fp16_fp16_fp32_6x8x1_1x8x1_f16c/32/1/real_time",4940206,28.3784,28.2803,ns,,,"6x32x1",,,1,6,8,1,6,32,1,1,8
"dot/dot_fp16_fp16_fp32_6x8x1_1x8x1_f16c/32/78/real_time",125410,1111.53,1108.44,ns,,,"6x32x78",,,1,6,8,78,6,32,1,1,8
"dot/dot_fp16_fp16_fp32_6x8x1_1x8x1_f16c/32/156/real_time",63440,2206.27,2199.6,ns,,,"6x32x156",,,1,6,8,156,6,32,1,1,8
"dot/dot_fp16_fp16_fp32_6x8x1_1x8x1_f16c/32/234/real_time",42419,3301.65,3291.3,ns,,,"6x32x234",,,1,6,8,234,6,32,1,1,8
"dot/dot_fp16_fp16_fp32_6x8x1_1x8x1_f16c/32/313/real_time",31745,4411.48,4396.73,ns,,,"6x32x313",,,1,6,8,313,6,32,1,1,8
"dot/dot_fp16_fp16_fp32_6x8x1_1x8x1_f16c/64/1/real_time",2851593,49.0818,48.9211,ns,,,"6x64x1",,,1,6,8,1,6,64,1,1,8
"dot/dot_fp16_fp16_fp32_6x8x1_1x8x1_f16c/64/41/real_time",118155,1176.97,1173.24,ns,,,"6x64x41",,,1,6,8,41,6,64,1,1,8
"dot/dot_fp16_fp16_fp32_6x8x1_1x8x1_f16c/64/82/real_time",60185,2327.6,2320.37,ns,,,"6x64x82",,,1,6,8,82,6,64,1,1,8
"dot/dot_fp16_fp16_fp32_6x8x1_1x8x1_f16c/64/123/real_time",39645,3478.4,3468.23,ns,,,"6x64x123",,,1,6,8,123,6,64,1,1,8
"dot/dot_fp16_fp16_fp32_6x8x1_1x8x1_f16c/64/164/real_time",30247,4628.16,4615.14,ns,,,"6x64x164",,,1,6,8,164,6,64,1,1,8
"dot/dot_fp16_fp16_fp32_8x8x1_1x8x1_f16c/8/1/real_time",11052701,12.6868,12.6541,ns,,,"8x8x1",,,1,8,8,1,8,8,1,1,8
"dot/dot_fp16_fp16_fp32_8x8x1_1x8x1_f16c/8/190/real_time",154586,906.045,903.345,ns,,,"8x8x190",,,1,8,8,190,8,8,1,1,8
"dot/dot_fp16_fp16_fp32_8x8x1_1x8x1_f16c/8/380/real_time",77518,1806.42,1801.13,ns,,,"8x8x380",,,1,8,8,380,8,8,1,1,8
"dot/dot_fp16_fp16_fp32_8x8x1_1x8x1_f16c/8/570/real_time",51814,2704.1,2696.07,ns,,,"8x8x570",,,1,8,8,570,8,8,1,1,8
"dot/dot_fp16_fp16_fp32_8x8x1_1x8x1_f16c/8/760/real_time",38856,3601.51,3591.35,ns,,,"8x8x760",,,1,8,8,760,8,8,1,1,8
"dot/dot_fp16_fp16_fp32_8x8x1_1x8x1_f16c/16/1/real_time",7516531,18.4972,18.4473,ns,,,"8x16x1",,,1,8,8,1,8,16,1,1,8
"dot/dot_fp16_fp16_fp32_8x8x1_1x8x1_f16c/16/125/real_time",117314,1193.42,1190.15,ns,,,"8x16x125",,,1,8,8,125,8,16,1,1,8
"dot/dot_fp16_fp16_fp32_8x8x1_1x8x1_f16c/16/250/real_time",58861,2378.21,2371.09,ns,,,"8x16x250",,,1,8,8,250,8,16,1,1,8
"dot/dot_fp16_fp16_fp32_8x8x1_1x8x1_f16c/16/375/real_time",39365,3559.59,3549.89,ns,,,"8x16x375",,,1,8,8,375,8,16,1,1,8
"dot/dot_fp16_fp16_fp32_8x8x1_1x8x1_f16c/16/501/real_time",29484,4749.53,4737.71,ns,,,"8x16x501",,,1,8,8,501,8,16,1,1,8
"dot/dot_fp16_fp16_fp32_8x8x1_1x8x1_f16c/32/1/real_time",4760344,29.4842,29.4104,ns,,,"8x32x1",,,1,8,8,1,8,32,1,1,8
"dot/dot_fp16_fp16_fp32_8x8x1_1x8x1_f16c/32/73/real_time",100093,1399.72,1395.72,ns,,,"8x32x73",,,1,8,8,73,8,32,1,1,8
"dot/dot_fp16_fp16_fp32_8x8x1_1x8x1_f16c/32/147/real_time",50004,2800.57,2791.19,ns,,,"8x32x147",,,1,8,8,147,8,32,1,1,8
"dot/dot_fp16_fp16_fp32_8x8x1_1x8x1_f16c/32/220/real_time",33521,4178.58,4167,ns,,,"8x32x220",,,1,8,8,220,8,32,1,1,8
"dot/dot_fp16_fp16_fp32_8x8x1_1x8x1_f16c/32/294/real_time",25114,5577.26,5562.49,ns,,,"8x32x294",,,1,8,8,294,8,32,1,1,8
"dot/dot_fp16_fp16_fp32_8x8x1_1x8x1_f16c/64/1/real_time",2763046,50.6863,50.5331,ns,,,"8x64x1",,,1,8,8,1,8,64,1,1,8
"dot/dot_fp16_fp16_fp32_8x8x1_1x8x1_f16c/64/39/real_time",93029,1505.2,1500.33,ns,,,"8x64x39",,,1,8,8,39,8,64,1,1,8
"dot/dot_fp16_fp16_fp32_8x8x1_1x8x1_f16c/64/78/real_time",47026,2976.15,2967.76,ns,,,"8x64x78",,,1,8,8,78,8,64,1,1,8
"dot/dot_fp16_fp16_fp32_8x8x1_1x8x1_f16c/64/117/real_time",31422,4456.67,4441.79,ns,,,"8x64x117",,,1,8,8,117,8,64,1,1,8
"dot/dot_fp16_fp16_fp32_8x8x1_1x8x1_f16c/64/156/real_time",23581,5930.07,5911.21,ns,,,"8x64x156",,,1,8,8,156,8,64,1,1,8
"dot/dot_fp32_1x16x1_1x4x1_sse2/16/1/real_time",20209396,6.96278,6.94025,ns,,,"1x16x1",,,1,1,16,1,1,16,1,1,4
"dot/dot_fp32_1x16x1_1x4x1_sse2/16/90/real_time",1800449,77.6162,77.3237,ns,,,"1x16x90",,,1,1,16,90,1,16,1,1,4
"dot/dot_fp32_1x16x1_1x4x1_sse2/16/180/real_time",971329,144.227,143.794,ns,,,"1x16x180",,,1,1,16,180,1,16,1,1,4
"dot/dot_fp32_1x16x1_1x4x1_sse2/16/270/real_time",662781,211.149,210.528,ns,,,"1x16x270",,,1,1,16,270,1,16,1,1,4
"dot/dot_fp32_1x16x1_1x4x1_sse2/16/360/real_time",504630,277.202,276.463,ns,,,"1x16x360",,,1,1,16,360,1,16,1,1,4
"dot/dot_fp32_1x16x1_1x4x1_sse2/32/1/real_time",15413361,9.09614,9.07217,ns,,,"1x32x1",,,1,1,16,1,1,32,1,1,4
"dot/dot_fp32_1x16x1_1x4x1_sse2/32/46/real_time",1617017,87.1599,86.8947,ns,,,"1x32x46",,,1,1,16,46,1,32,1,1,4
"dot/dot_fp32_1x16x1_1x4x1_sse2/32/92/real_time",913550,153.696,153.305,ns,,,"1x32x92",,,1,1,16,92,1,32,1,1,4
"dot/dot_fp32_1x16x1_1x4x1_sse2/32/138/real_time",629397,222.879,222.321,ns,,,"1x32x138",,,1,1,16,138,1,32,1,1,4
"dot/dot_fp32_1x16x1_1x4x1_sse2/32/185/real_time",478794,292.437,291.633,ns,,,"1x32x185",,,1,1,16,185,1,32,1,1,4
"dot/dot_fp32_1x16x1_1x4x1_sse2/64/1/real_time",9652092,14.4643,14.4237,ns,,,"1x64x1",,,1,1,16,1,1,64,1,1,4
"dot/dot_fp32_1x16x1_1x4x1_sse2/64/23/real_time",1757437,79.3009,79.1098,ns,,,"1x64x23",,,1,1,16,23,1,64,1,1,4
"dot/dot_fp32_1x16x1_1x4x1_sse2/64/46/real_time",841488,166.257,165.736,ns,,,"1x64x46",,,1,1,16,46,1,64,1,1,4
"dot/dot_fp32_1x16x1_1x4x1_sse2/64/69/real_time",596958,234.587,233.947,ns,,,"1x64x69",,,1,1,16,69,1,64,1,1,4
"dot/dot_fp32_1x16x1_1x4x1_sse2/64/93/real_time",458065,305.199,304.421,ns,,,"1x64x93",,,1,1,16,93,1,64,1,1,4
"dot/dot_fp32_1x16x1_1x4x1_sse2/128/1/real_time",5848294,23.8828,23.8191,ns,,,"1x128x1",,,1,1,16,1,1,128,1,1,4
"dot/dot_fp32_1x16x1_1x4x1_sse2/128/11/real_time",1683671,82.7312,82.5263,ns,,,"1x128x11",,,1,1,16,11,1,128,1,1,4
"dot/dot_fp32_1x16x1_1x4x1_sse2/128/23/real_time",901168,154.865,154.522,ns,,,"1x128x23",,,1,1,16,23,1,128,1,1,4
"dot/dot_fp32_1x16x1_1x4x1_sse2/128/34/real_time",554725,253.655,252.958,ns,,,"1x128x34",,,1,1,16,34,1,128,1,1,4
"dot/dot_fp32_1x16x1_1x4x1_sse2/128/46/real_time",423454,333.558,332.697,ns,,,"1x128x46",,,1,1,16,46,1,128,1,1,4
"dot/dot_fp32_2x16x1_1x4x1_sse2/16/1/real_time",15936655,8.82005,8.79376,ns,,,"2x16x1",,,1,2,16,1,2,16,1,1,4
"dot/dot_fp32_2x16x1_1x4x1_sse2/16/84/real_time",1110525,129.057,128.686,ns,,,"2x16x84",,,1,2,16,84,2,16,1,1,4
"dot/dot_fp32_2x16x1_1x4x1_sse2/16/169/real_time",545061,257.426,256.746,ns,,,"2x16x169",,,1,2,16,169,2,16,1,1,4
"dot/dot_fp32_2x16x1_1x4x1_sse2/16/254/real_time",366042,382.634,381.65,ns,,,"2x16x254",,,1,2,16,254,2,16,1,1,4
"dot/dot_fp32_2x16x1_1x4x1_sse2/16/339/real_time",274430,508.628,507.171,ns,,,"2x16x339",,,1,2,16,339,2,16,1,1,4
"dot/dot_fp32_2x16x1_1x4x1_sse2/32/1/real_time",11428230,12.2485,12.2181,ns,,,"2x32x1",,,1,2,16,1,2,32,1,1,4
"dot/dot_fp32_2x16x1_1x4x1_sse2/32/44/real_time",1046609,135.122,134.776,ns,,,"2x32x44",,,1,2,16,44,2,32,1,1,4
"dot/dot_fp32_2x16x1_1x4x1_sse2/32/89/real_time",526077,266.423,265.598,ns,,,"2x32x89",,,1,2,16,89,2,32,1,1,4
"dot/dot_fp32_2x16x1_1x4x1_sse2/32/133/real_time",355350,394.618,393.668,ns,,,"2x32x133",,,1,2,16,133,2,32,1,1,4
"dot/dot_fp32_2x16x1_1x4x1_sse2/32/178/real_time",263678,530.181,528.452,ns,,,"2x32x178",,,1,2,16,178,2,32,1,1,4
"dot/dot_fp32_2x16x1_1x4x1_sse2/64/1/real_time",7132879,19.5288,19.482,ns,,,"2x64x1",,,1,2,16,1,2,64,1,1,4
"dot/dot_fp32_2x16x1_1x4x1_sse2/64/22/real_time",1053042,132.834,132.522,ns,,,"2x64x22",,,1,2,16,22,2,64,1,1,4
"dot/dot_fp32_2x16x1_1x4x1_sse2/64/45/real_time",516964,272.393,271.613,ns,,,"2x64x45",,,1,2,16,45,2,64,1,1,4
"dot/dot_fp32_2x16x1_1x4x1_sse2/64/68/real_time",342108,410.505,409.479,ns,,,"2x64x68",,,1,2,16,68,2,64,1,1,4
"dot/dot_fp32_2x16x1_1x4x1_sse2/64/91/real_time",256034,546.672,545.325,ns,,,"2x64x91",,,1,2,16,91,2,64,1,1,4
"dot/dot_fp32_2x16x1_1x4x1_sse2/128/1/real_time",4148451,33.7357,33.6475,ns,,,"2x128x1",,,1,2,16,1,2,128,1,1,4
"dot/dot_fp32_2x16x1_1x4x1_sse2/128/11/real_time",1038263,134.571,134.241,ns,,,"2x128x11",,,1,2,16,11,2,128,1,1,4
"dot/dot_fp32_2x16x1_1x4x1_sse2/128/22/real_time",532972,261.477,260.796,ns,,,"2x128x22",,,1,2,16,22,2,128,1,1,4
"dot/dot_fp32_2x16x1_1x4x1_sse2/128/33/real_time",346915,403.864,402.788,ns,,,"2x128x33",,,1,2,16,33,2,128,1,1,4
"dot/dot_fp32_2x16x1_1x4x1_sse2/128/45/real_time",252106,554.591,553.151,ns,,,"2x128x45",,,1,2,16,45,2,128,1,1,4
"dot/dot_fp32_3x16x1_1x4x1_sse2/16/1/real_time",13007754,10.7514,10.7192,ns,,,"3x16x1",,,1,3,16,1,3,16,1,1,4
"dot/dot_fp32_3x16x1_1x4x1_sse2/16/80/real_time",751119,185.618,185.114,ns,,,"3x16x80",,,1,3,16,80,3,16,1,1,4
"dot/dot_fp32_3x16x1_1x4x1_sse2/16/160/real_time",384040,364.51,363.481,ns,,,"3x16x160",,,1,3,16,160,3,16,1,1,4
"dot/dot_fp32_3x16x1_1x4x1_sse2/16/240/real_time",258113,542.116,540.805,ns,,,"3x16x240",,,1,3,16,240,3,16,1,1,4
"dot/dot_fp32_3x16x1_1x4x1_sse2/16/320/real_time",194346,719.834,718.007,ns,,,"3x16x320",,,1,3,16,320,3,16,1,1,4
"dot/dot_fp32_3x16x1_1x4x1_sse2/32/1/real_time",8862928,15.7846,15.7419,ns,,,"3x32x1",,,1,3,16,1,3,32,1,1,4
"dot/dot_fp32_3x16x1_1x4x1_sse2/32/43/real_time",698517,201.398,200.908,ns,,,"3x32x43",,,1,3,16,43,3,32,1,1,4
"dot/dot_fp32_3x16x1_1x4x1_sse2/32/86/real_time",356161,393,392.058,ns,,,"3x32x86",,,1,3,16,86,3,32,1,1,4
"dot/dot_fp32_3x16x1_1x4x1_sse2/32/129/real_time",240204,583.199,581.6,ns,,,"3x32x129",,,1,3,16,129,3,32,1,1,4
"dot/dot_fp32_3x16x1_1x4x1_sse2/32/172/real_time",180155,777.19,775.12,ns,,,"3x32x172",,,1,3,16,172,3,32,1,1,4
"dot/dot_fp32_3x16x1_1x4x1_sse2/64/1/real_time",5365498,26.114,26.0435,ns,,,"3x64x1",,,1,3,16,1,3,64,1,1,4
"dot/dot_fp32_3x16x1_1x4x1_sse2/64/22/real_time",685946,204.899,204.381,ns,,,"3x64x22",,,1,3,16,22,3,64,1,1,4
"dot/dot_fp32_3x16x1_1x4x1_sse2/64/44/real_time",344196,408.675,407.524,ns,,,"3x64x44",,,1,3,16,44,3,64,1,1,4
"dot/dot_fp32_3x16x1_1x4x1_sse2/64/66/real_time",231265,607.038,605.441,ns,,,"3x64x66",,,1,3,16,66,3,64,1,1,4
"dot/dot_fp32_3x16x1_1x4x1_sse2/64/88/real_time",174209,803.616,801.241,ns,,,"3x64x88",,,1,3,16,88,3,64,1,1,4
"dot/dot_fp32_3x16x1_1x4x1_sse2/128/1/real_time",3002427,46.6275,46.5112,ns,,,"3x128x1",,,1,3,16,1,3,128,1,1,4
"dot/dot_fp32_3x16x1_1x4x1_sse2/128/10/real_time",744117,188.409,187.884,ns,,,"3x128x10",,,1,3,16,10,3,128,1,1,4
"dot/dot_fp32_3x16x1_1x4x1_sse2/128/21/real_time",363068,387.674,386.581,ns,,,"3x128x21",,,1,3,16,21,3,128,1,1,4
"dot/dot_fp32_3x16x1_1x4x1_sse2/128/32/real_time",232449,600.226,598.702,ns,,,"3x128x32",,,1,3,16,32,3,128,1,1,4
"dot/dot_fp32_3x16x1_1x4x1_sse2/128/43/real_time",175428,797.217,795.261,ns,,,"3x128x43",,,1,3,16,43,3,128,1,1,4
"dot/dot_fp32_1x8x1_1x4x1_sse2/8/1/real_time",21562163,6.48753,6.4701,ns,,,"1x8x1",,,1,1,8,1,1,8,1,1,4
"dot/dot_fp32_1x8x1_1x4x1_sse2/8/170/real_time",1594466,87.8793,87.6406,ns,,,"1x8x170",,,1,1,8,170,1,8,1,1,4
"dot/dot_fp32_1x8x1_1x4x1_sse2/8/340/real_time",833269,168.042,167.602,ns,,,"1x8x340",,,1,1,8,340,1,8,1,1,4
"dot/dot_fp32_1x8x1_1x4x1_sse2/8/510/real_time",560937,249.559,248.769,ns,,,"1x8x510",,,1,1,8,510,1,8,1,1,4
"dot/dot_fp32_1x8x1_1x4x1_sse2/8/681/real_time",422857,331.201,330.32,ns,,,"1x8x681",,,1,1,8,681,1,8,1,1,4
"dot/dot_fp32_1x8x1_1x4x1_sse2/16/1/real_time",17134429,8.19437,8.17271,ns,,,"1x16x1",,,1,1,8,1,1,16,1,1,4
"dot/dot_fp32_1x8x1_1x4x1_sse2/16/90/real_time",1395477,100.705,100.192,ns,,,"1x16x90",,,1,1,8,90,1,16,1,1,4
"dot/dot_fp32_1x8x1_1x4x1_sse2/16/180/real_time",780394,179.534,179.012,ns,,,"1x16x180",,,1,1,8,180,1,16,1,1,4
"dot/dot_fp32_1x8x1_1x4x1_sse2/16/270/real_time",530283,264.087,263.323,ns,,,"1x16x270",,,1,1,8,270,1,16,1,1,4
"dot/dot_fp32_1x8x1_1x4x1_sse2/16/360/real_time",399768,350.23,349.346,ns,,,"1x16x360",,,1,1,8,360,1,16,1,1,4
"dot/dot_fp32_1x8x1_1x4x1_sse2/32/1/real_time",11348701,12.3962,12.3627,ns,,,"1x32x1",,,1,1,8,1,1,32,1,1,4
"dot/dot_fp32_1x8x1_1x4x1_sse2/32/46/real_time",1186336,118.034,117.73,ns,,,"1x32x46",,,1,1,8,46,1,32,1,1,4
"dot/dot_fp32_1x8x1_1x4x1_sse2/32/92/real_time",700648,199.594,199.107,ns,,,"1x32x92",,,1,1,8,92,1,32,1,1,4
"dot/dot_fp32_1x8x1_1x4x1_sse2/32/138/real_time",500792,279.861,279.096,ns,,,"1x32x138",,,1,1,8,138,1,32,1,1,4
"dot/dot_fp32_1x8x1_1x4x1_sse2/32/185/real_time",383409,365.454,364.432,ns,,,"1x32x185",,,1,1,8,185,1,32,1,1,4
"dot/dot_fp32_1x8x1_1x4x1_sse2/64/1/real_time",6857019,20.5036,20.4441,ns,,,"1x64x1",,,1,1,8,1,1,64,1,1,4
"dot/dot_fp32_1x8x1_1x4x1_sse2/64/23/real_time",1344339,103.82,103.496,ns,,,"1x64x23",,,1,1,8,23,1,64,1,1,4
"dot/dot_fp32_1x8x1_1x4x1_sse2/64/46/real_time",606812,230.583,229.996,ns,,,"1x64x46",,,1,1,8,46,1,64,1,1,4
"dot/dot_fp32_1x8x1_1x4x1_sse2/64/69/real_time",448560,311.93,311.038,ns,,,"1x64x69",,,1,1,8,69,1,64,1,1,4
"dot/dot_fp32_1x8x1_1x4x1_sse2/64/93/real_time",352910,396.195,395.023,ns,,,"1x64x93",,,1,1,8,93,1,64,1,1,4
"dot/dot_fp32_2x8x1_1x4x1_sse2/8/1/real_time",17872385,7.82478,7.80151,ns,,,"2x8x1",,,1,2,8,1,2,8,1,1,4
"dot/dot_fp32_2x8x1_1x4x1_sse2/8/153/real_time",1018953,137.748,137.377,ns,,,"2x8x153",,,1,2,8,153,2,8,1,1,4
"dot/dot_fp32_2x8x1_1x4x1_sse2/8/306/real_time",531545,265.025,264.263,ns,,,"2x8x306",,,1,2,8,306,2,8,1,1,4
"dot/dot_fp32_2x8x1_1x4x1_sse2/8/459/real_time",359269,390.305,389.11,ns,,,"2x8x459",,,1,2,8,459,2,8,1,1,4
"dot/dot_fp32_2x8x1_1x4x1_sse2/8/612/real_time",271076,516.957,515.23,ns,,,"2x8x612",,,1,2,8,612,2,8,1,1,4
"dot/dot_fp32_2x8x1_1x4x1_sse2/16/1/real_time",13329761,10.5094,10.4814,ns,,,"2x16x1",,,1,2,8,1,2,16,1,1,4
"dot/dot_fp32_2x8x1_1x4x1_sse2/16/84/real_time",916881,154.746,154.304,ns,,,"2x16x84",,,1,2,8,84,2,16,1,1,4
"dot/dot_fp32_2x8x1_1x4x1_sse2/16/169/real_time",474882,296.236,295.514,ns,,,"2x16x169",,,1,2,8,169,2,16,1,1,4
"dot/dot_fp32_2x8x1_1x4x1_sse2/16/254/real_time",319948,436.536,435.298,ns,,,"2x16x254",,,1,2,8,254,2,16,1,1,4
"dot/dot_fp32_2x8x1_1x4x1_sse2/16/339/real_time",242167,577.2,575.769,ns,,,"2x16x339",,,1,2,8,339,2,16,1,1,4
"dot/dot_fp32_2x8x1_1x4x1_sse2/32/1/real_time",8452494,16.539,16.4938,ns,,,"2x32x1",,,1,2,8,1,2,32,1,1,4
"dot/dot_fp32_2x8x1_1x4x1_sse2/32/44/real_time",804588,174.79,174.202,ns,,,"2x32x44",,,1,2,8,44,2,32,1,1,4
"dot/dot_fp32_2x8x1_1x4x1_sse2/32/89/real_time",435430,322.214,321.328,ns,,,"2x32x89",,,1,2,8,89,2,32,1,1,4
"dot/dot_fp32_2x8x1_1x4x1_sse2/32/133/real_time",299804,466.698,465.544,ns,,,"2x32x133",,,1,2,8,133,2,32,1,1,4
"dot/dot_fp32_2x8x1_1x4x1_sse2/32/178/real_time",227144,617.417,615.934,ns,,,"2x32x178",,,1,2,8,178,2,32,1,1,4
"dot/dot_fp32_2x8x1_1x4x1_sse2/64/1/real_time",5114274,27.3219,27.2567,ns,,,"2x64x1",,,1,2,8,1,2,64,1,1,4
"dot/dot_fp32_2x8x1_1x4x1_sse2/64/22/real_time",882309,158.633,158.205,ns,,,"2x64x22",,,1,2,8,22,2,64,1,1,4
"dot/dot_fp32_2x8x1_1x4x1_sse2/64/45/real_time",400366,350.734,349.754,ns,,,"2x64x45",,,1,2,8,45,2,64,1,1,4
"dot/dot_fp32_2x8x1_1x4x1_sse2/64/68/real_time",279077,502.265,501.018,ns,,,"2x64x68",,,1,2,8,68,2,64,1,1,4
"dot/dot_fp32_2x8x1_1x4x1_sse2/64/91/real_time",215254,647.629,645.895,ns,,,"2x64x91",,,1,2,8,91,2,64,1,1,4
"dot/dot_fp32_3x8x1_1x4x1_sse2/8/1/real_time",14937694,9.41543,9.38848,ns,,,"3x8x1",,,1,3,8,1,3,8,1,1,4
"dot/dot_fp32_3x8x1_1x4x1_sse2/8/139/real_time",769967,182.072,181.598,ns,,,"3x8x139",,,1,3,8,139,3,8,1,1,4
"dot/dot_fp32_3x8x1_1x4x1_sse2/8/278/real_time",388905,358.44,357.515,ns,,,"3x8x278",,,1,3,8,278,3,8,1,1,4
"dot/dot_fp32_3x8x1_1x4x1_sse2/8/417/real_time",262861,535.013,533.71,ns,,,"3x8x417",,,1,3,8,417,3,8,1,1,4
"dot/dot_fp32_3x8x1_1x4x1_sse2/8/556/real_time",196855,709.178,707.258,ns,,,"3x8x556",,,1,3,8,556,3,8,1,1,4
"dot/dot_fp32_3x8x1_1x4x1_sse2/16/1/real_time",11118530,12.6657,12.6339,ns,,,"3x16x1",,,1,3,8,1,3,16,1,1,4
"dot/dot_fp32_3x8x1_1x4x1_sse2/16/80/real_time",672204,207.94,207.425,ns,,,"3x16x80",,,1,3,8,80,3,16,1,1,4
"dot/dot_fp32_3x8x1_1x4x1_sse2/16/160/real_time",335377,416.447,415.334,ns,,,"3x16x160",,,1,3,8,160,3,16,1,1,4
"dot/dot_fp32_3x8x1_1x4x1_sse2/16/240/real_time",225332,619.067,617.573,ns,,,"3x16x240",,,1,3,8,240,3,16,1,1,4
"dot/dot_fp32_3x8x1_1x4x1_sse2/16/320/real_time",170643,820.458,818.007,ns,,,"3x16x320",,,1,3,8,320,3,16,1,1,4
"dot/dot_fp32_3x8x1_1x4x1_sse2/32/1/real_time",7100198,19.7091,19.6614,ns,,,"3x32x1",,,1,3,8,1,3,32,1,1,4
"dot/dot_fp32_3x8x1_1x4x1_sse2/32/43/real_time",631988,224.556,223.883,ns,,,"3x32x43",,,1,3,8,43,3,32,1,1,4
"dot/dot_fp32_3x8x1_1x4x1_sse2/32/86/real_time",317268,440.928,439.599,ns,,,"3x32x86",,,1,3,8,86,3,32,1,1,4
"dot/dot_fp32_3x8x1_1x4x1_sse2/32/129/real_time",211831,660.057,658.186,ns,,,"3x32x129",,,1,3,8,129,3,32,1,1,4
"dot/dot_fp32_3x8x1_1x4x1_sse2/32/172/real_time",157628,880.925,878.517,ns,,,"3x32x172",,,1,3,8,172,3,32,1,1,4
"dot/dot_fp32_3x8x1_1x4x1_sse2/64/1/real_time",4224253,33.079,32.9989,ns,,,"3x64x1",,,1,3,8,1,3,64,1,1,4
"dot/dot_fp32_3x8x1_1x4x1_sse2/64/22/real_time",620774,225.673,224.943,ns,,,"3x64x22",,,1,3,8,22,3,64,1,1,4
"dot/dot_fp32_3x8x1_1x4x1_sse2/64/44/real_time",304965,459.154,457.979,ns,,,"3x64x44",,,1,3,8,44,3,64,1,1,4
"dot/dot_fp32_3x8x1_1x4x1_sse2/64/66/real_time",206604,675.222,673.513,ns,,,"3x64x66",,,1,3,8,66,3,64,1,1,4
"dot/dot_fp32_3x8x1_1x4x1_sse2/64/88/real_time",152926,914.368,911.75,ns,,,"3x64x88",,,1,3,8,88,3,64,1,1,4
"dot/dot_fp32_4x8x1_1x4x1_sse2/8/1/real_time",13046131,10.714,10.6813,ns,,,"4x8x1",,,1,4,8,1,4,8,1,1,4
"dot/dot_fp32_4x8x1_1x4x1_sse2/8/127/real_time",650930,214.224,213.658,ns,,,"4x8x127",,,1,4,8,127,4,8,1,1,4
"dot/dot_fp32_4x8x1_1x4x1_sse2/8/254/real_time",328276,426.218,425.002,ns,,,"4x8x254",,,1,4,8,254,4,8,1,1,4
"dot/dot_fp32_4x8x1_1x4x1_sse2/8/381/real_time",220104,634.972,633.287,ns,,,"4x8x381",,,1,4,8,381,4,8,1,1,4
"dot/dot_fp32_4x8x1_1x4x1_sse2/8/509/real_time",166015,844.71,842.649,ns,,,"4x8x509",,,1,4,8,509,4,8,1,1,4
"dot/dot_fp32_4x8x1_1x4x1_sse2/16/1/real_time",9704166,14.4072,14.3695,ns,,,"4x16x1",,,1,4,8,1,4,16,1,1,4
"dot/dot_fp32_4x8x1_1x4x1_sse2/16/76/real_time",541888,259.673,258.861,ns,,,"4x16x76",,,1,4,8,76,4,16,1,1,4
"dot/dot_fp32_4x8x1_1x4x1_sse2/16/152/real_time",273558,511.222,509.931,ns,,,"4x16x152",,,1,4,8,152,4,16,1,1,4
"dot/dot_fp32_4x8x1_1x4x1_sse2/16/228/real_time",182309,771.287,769.142,ns,,,"4x16x228",,,1,4,8,228,4,16,1,1,4
"dot/dot_fp32_4x8x1_1x4x1_sse2/16/304/real_time",135262,1025.47,1022.38,ns,,,"4x16x304",,,1,4,8,304,4,16,1,1,4
"dot/dot_fp32_4x8x1_1x4x1_sse2/32/1/real_time",6152355,22.8266,22.7638,ns,,,"4x32x1",,,1,4,8,1,4,32,1,1,4
"dot/dot_fp32_4x8x1_1x4x1_sse2/32/41/real_time",499939,280.169,279.498,ns,,,"4x32x41",,,1,4,8,41,4,32,1,1,4
"dot/dot_fp32_4x8x1_1x4x1_sse2/32/83/real_time",249582,561.146,559.553,ns,,,"4x32x83",,,1,4,8,83,4,32,1,1,4
"dot/dot_fp32_4x8x1_1x4x1_sse2/32/125/real_time",166551,842.404,839.801,ns,,,"4x32x125",,,1,4,8,125,4,32,1,1,4
"dot/dot_fp32_4x8x1_1x4x1_sse2/32/167/real_time",125272,1116.59,1113.66,ns,,,"4x32x167",,,1,4,8,167,4,32,1,1,4
"dot/dot_fp32_4x8x1_1x4x1_sse2/64/1/real_time",3541443,39.5314,39.3987,ns,,,"4x64x1",,,1,4,8,1,4,64,1,1,4
"dot/dot_fp32_4x8x1_1x4x1_sse2/64/21/real_time",496235,282.495,281.408,ns,,,"4x64x21",,,1,4,8,21,4,64,1,1,4
"dot/dot_fp32_4x8x1_1x4x1_sse2/64/43/real_time",238452,585.761,584.035,ns,,,"4x64x43",,,1,4,8,43,4,64,1,1,4
"dot/dot_fp32_4x8x1_1x4x1_sse2/64/64/real_time",161479,866.46,863.863,ns,,,"4x64x64",,,1,4,8,64,4,64,1,1,4
"dot/dot_fp32_4x8x1_1x4x1_sse2/64/86/real_time",122299,1154.38,1151.16,ns,,,"4x64x86",,,1,4,8,86,4,64,1,1,4
"dot/dot_fp32_4x4x1_1x4x1_sse2/4/1/real_time",14937083,9.35704,9.32979,ns,,,"4x4x1",,,1,4,4,1,4,4,1,1,4
"dot/dot_fp32_4x4x1_1x4x1_sse2/4/191/real_time",692078,202.273,201.643,ns,,,"4x4x191",,,1,4,4,191,4,4,1,1,4
"dot/dot_fp32_4x4x1_1x4x1_sse2/4/383/real_time",353497,396.331,395.155,ns,,,"4x4x383",,,1,4,4,383,4,4,1,1,4
"dot/dot_fp32_4x4x1_1x4x1_sse2/4/574/real_time",237661,589.512,587.554,ns,,,"4x4x574",,,1,4,4,574,4,4,1,1,4
"dot/dot_fp32_4x4x1_1x4x1_sse2/4/766/real_time",178704,783.261,780.978,ns,,,"4x4x766",,,1,4,4,766,4,4,1,1,4
"dot/dot_fp32_4x4x1_1x4x1_sse2/8/1/real_time",11330004,12.6758,12.6339,ns,,,"4x8x1",,,1,4,4,1,4,8,1,1,4
"dot/dot_fp32_4x4x1_1x4x1_sse2/8/127/real_time",519312,269.556,268.773,ns,,,"4x8x127",,,1,4,4,127,4,8,1,1,4
"dot/dot_fp32_4x4x1_1x4x1_sse2/8/254/real_time",265841,526.372,524.934,ns,,,"4x8x254",,,1,4,4,254,4,8,1,1,4
"dot/dot_fp32_4x4x1_1x4x1_sse2/8/381/real_time",178730,783.092,780.582,ns,,,"4x8x381",,,1,4,4,381,4,8,1,1,4
"dot/dot_fp32_4x4x1_1x4x1_sse2/8/509/real_time",134183,1041.92,1038.55,ns,,,"4x8x509",,,1,4,4,509,4,8,1,1,4
"dot/dot_fp32_4x4x1_1x4x1_sse2/16/1/real_time",7123205,19.2672,19.2086,ns,,,"4x16x1",,,1,4,4,1,4,16,1,1,4
"dot/dot_fp32_4x4x1_1x4x1_sse2/16/76/real_time",428555,326.824,325.772,ns,,,"4x16x76",,,1,4,4,76,4,16,1,1,4
"dot/dot_fp32_4x4x1_1x4x1_sse2/16/152/real_time",220598,634.067,632.215,ns,,,"4x16x152",,,1,4,4,152,4,16,1,1,4
"dot/dot_fp32_4x4x1_1x4x1_sse2/16/228/real_time",148656,941.552,938.65,ns,,,"4x16x228",,,1,4,4,228,4,16,1,1,4
"dot/dot_fp32_4x4x1_1x4x1_sse2/16/304/real_time",111948,1250.87,1246.68,ns,,,"4x16x304",,,1,4,4,304,4,16,1,1,4
"dot/dot_fp32_4x4x1_1x4x1_sse2/32/1/real_time",4320412,32.5334,32.4616,ns,,,"4x32x1",,,1,4,4,1,4,32,1,1,4
"dot/dot_fp32_4x4x1_1x4x1_sse2/32/41/real_time",383356,367.447,366.319,ns,,,"4x32x41",,,1,4,4,41,4,32,1,1,4
"dot/dot_fp32_4x4x1_1x4x1_sse2/32/83/real_time",198624,704.519,702.469,ns,,,"4x32x83",,,1,4,4,83,4,32,1,1,4
"dot/dot_fp32_4x4x1_1x4x1_sse2/32/125/real_time",134355,1045.4,1042.94,ns,,,"4x32x125",,,1,4,4,125,4,32,1,1,4
"dot/dot_fp32_4x4x1_1x4x1_sse2/32/167/real_time",101406,1384.93,1381.55,ns,,,"4x32x167",,,1,4,4,167,4,32,1,1,4
"dot/dot_fp32_6x4x1_1x4x1_sse2/4/1/real_time",12606006,11.4299,11.3974,ns,,,"6x4x1",,,1,6,4,1,6,4,1,1,4
"dot/dot_fp32_6x4x1_1x4x1_sse2/4/153/real_time",583494,239.85,239.312,ns,,,"6x4x153",,,1,6,4,153,6,4,1,1,4
"dot/dot_fp32_6x4x1_1x4x1_sse2/4/306/real_time",298431,469.557,468.226,ns,,,"6x4x306",,,1,6,4,306,6,4,1,1,4
"dot/dot_fp32_6x4x1_1x4x1_sse2/4/459/real_time",200264,698.868,697.067,ns,,,"6x4x459",,,1,6,4,459,6,4,1,1,4
"dot/dot_fp32_6x4x1_1x4x1_sse2/4/612/real_time",150797,927.745,925.525,ns,,,"6x4x612",,,1,6,4,612,6,4,1,1,4
"dot/dot_fp32_6x4x1_1x4x1_sse2/8/1/real_time",8709378,16.1849,16.1411,ns,,,"6x8x1",,,1,6,4,1,6,8,1,1,4
"dot/dot_fp32_6x4x1_1x4x1_sse2/8/108/real_time",422415,332.242,331.25,ns,,,"6x8x108",,,1,6,4,108,6,8,1,1,4
"dot/dot_fp32_6x4x1_1x4x1_sse2/8/217/real_time",209495,668.023,665.984,ns,,,"6x8x217",,,1,6,4,217,6,8,1,1,4
"dot/dot_fp32_6x4x1_1x4x1_sse2/8/326/real_time",140775,993.981,991.465,ns,,,"6x8x326",,,1,6,4,326,6,8,1,1,4
"dot/dot_fp32_6x4x1_1x4x1_sse2/8/435/real_time",106030,1321.47,1318.16,ns,,,"6x8x435",,,1,6,4,435,6,8,1,1,4
"dot/dot_fp32_6x4x1_1x4x1_sse2/16/1/real_time",5562933,25.2024,25.1353,ns,,,"6x16x1",,,1,6,4,1,6,16,1,1,4
"dot/dot_fp32_6x4x1_1x4x1_sse2/16/68/real_time",331088,422.322,421.312,ns,,,"6x16x68",,,1,6,4,68,6,16,1,1,4
"dot/dot_fp32_6x4x1_1x4x1_sse2/16/137/real_time",167313,837.006,834.92,ns,,,"6x16x137",,,1,6,4,137,6,16,1,1,4
"dot/dot_fp32_6x4x1_1x4x1_sse2/16/205/real_time",111400,1254.6,1250.89,ns,,,"6x16x205",,,1,6,4,205,6,16,1,1,4
"dot/dot_fp32_6x4x1_1x4x1_sse2/16/274/real_time",83957,1668.59,1664.53,ns,,,"6x16x274",,,1,6,4,274,6,16,1,1,4
"dot/dot_fp32_6x4x1_1x4x1_sse2/32/1/real_time",3258009,43.1244,43.014,ns,,,"6x32x1",,,1,6,4,1,6,32,1,1,4
"dot/dot_fp32_6x4x1_1x4x1_sse2/32/39/real_time",288283,489.95,488.684,ns,,,"6x32x39",,,1,6,4,39,6,32,1,1,4
"dot/dot_fp32_6x4x1_1x4x1_sse2/32/78/real_time",146366,956.93,954.637,ns,,,"6x32x78",,,1,6,4,78,6,32,1,1,4
"dot/dot_fp32_6x4x1_1x4x1_sse2/32/117/real_time",98472,1424.62,1420.78,ns,,,"6x32x117",,,1,6,4,117,6,32,1,1,4
"dot/dot_fp32_6x4x1_1x4x1_sse2/32/156/real_time",73356,1909.18,1904.59,ns,,,"6x32x156",,,1,6,4,156,6,32,1,1,4
"dot/dot_fp32_8x4x1_1x4x1_sse2/4/1/real_time",12246922,11.3872,11.3586,ns,,,"8x4x1",,,1,8,4,1,8,4,1,1,4
"dot/dot_fp32_8x4x1_1x4x1_sse2/4/127/real_time",533298,262.691,261.979,ns,,,"8x4x127",,,1,8,4,127,8,4,1,1,4
"dot/dot_fp32_8x4x1_1x4x1_sse2/4/254/real_time",267705,522.683,521.506,ns,,,"8x4x254",,,1,8,4,254,8,4,1,1,4
"dot/dot_fp32_8x4x1_1x4x1_sse2/4/381/real_time",179865,778.049,776.274,ns,,,"8x4x381",,,1,8,4,381,8,4,1,1,4
"dot/dot_fp32_8x4x1_1x4x1_sse2/4/509/real_time",135108,1036.75,1033.71,ns,,,"8x4x509",,,1,8,4,509,8,4,1,1,4
"dot/dot_fp32_8x4x1_1x4x1_sse2/8/1/real_time",9162180,15.3115,15.2748,ns,,,"8x8x1",,,1,8,4,1,8,8,1,1,4
"dot/dot_fp32_8x4x1_1x4x1_sse2/8/95/real_time",358707,390.118,389.136,ns,,,"8x8x95",,,1,8,4,95,8,8,1,1,4
"dot/dot_fp32_8x4x1_1x4x1_sse2/8/190/real_time",180858,772.827,770.943,ns,,,"8x8x190",,,1,8,4,190,8,8,1,1,4
"dot/dot_fp32_8x4x1_1x4x1_sse2/8/285/real_time",120211,1164.74,1162.1,ns,,,"8x8x285",,,1,8,4,285,8,8,1,1,4
"dot/dot_fp32_8x4x1_1x4x1_sse2/8/380/real_time",90422,1547.9,1544.27,ns,,,"8x8x380",,,1,8,4,380,8,8,1,1,4
"dot/dot_fp32_8x4x1_1x4x1_sse2/16/1/real_time",5900821,23.4877,23.4249,ns,,,"8x16x1",,,1,8,4,1,8,16,1,1,4
"dot/dot_fp32_8x4x1_1x4x1_sse2/16/62/real_time",275654,507.655,506.145,ns,,,"8x16x62",,,1,8,4,62,8,16,1,1,4
"dot/dot_fp32_8x4x1_1x4x1_sse2/16/125/real_time",136805,1020.23,1017.3,ns,,,"8x16x125",,,1,8,4,125,8,16,1,1,4
"dot/dot_fp32_8x4x1_1x4x1_sse2/16/187/real_time",91872,1522.6,1518.52,ns,,,"8x16x187",,,1,8,4,187,8,16,1,1,4
"dot/dot_fp32_8x4x1_1x4x1_sse2/16/250/real_time",68659,2036.29,2031.46,ns,,,"8x16x250",,,1,8,4,250,8,16,1,1,4
"dot/dot_fp32_8x4x1_1x4x1_sse2/32/1/real_time",3527355,39.8752,39.7592,ns,,,"8x32x1",,,1,8,4,1,8,32,1,1,4
"dot/dot_fp32_8x4x1_1x4x1_sse2/32/36/real_time",235086,595.618,594.085,ns,,,"8x32x36",,,1,8,4,36,8,32,1,1,4
"dot/dot_fp32_8x4x1_1x4x1_sse2/32/73/real_time",117403,1192.77,1189.75,ns,,,"8x32x73",,,1,8,4,73,8,32,1,1,4
"dot/dot_fp32_8x4x1_1x4x1_sse2/32/110/real_time",78185,1789.72,1784.84,ns,,,"8x32x110",,,1,8,4,110,8,32,1,1,4
"dot/dot_fp32_8x4x1_1x4x1_sse2/32/147/real_time",58327,2399.88,2394.21,ns,,,"8x32x147",,,1,8,4,147,8,32,1,1,4
"dot/dot_fp32_1xNx1_1x1x1/32/1/real_time",7404488,18.8702,18.8217,ns,,,"1x32x1",,,,,,1,1,32,,,
"dot/dot_fp32_1xNx1_1x1x1/32/46/real_time",740616,197.475,196.972,ns,,,"1x32x46",,,,,,46,1,32,,,
"dot/dot_fp32_1xNx1_1x1x1/32/92/real_time",382102,365.749,364.773,ns,,,"1x32x92",,,,,,92,1,32,,,
"dot/dot_fp32_1xNx1_1x1x1/32/138/real_time",256939,541.231,539.807,ns,,,"1x32x138",,,,,,138,1,32,,,
"dot/dot_fp32_1xNx1_1x1x1/32/185/real_time",197329,699.065,696.961,ns,,,"1x32x185",,,,,,185,1,32,,,
"dot/dot_fp32_1xNx1_1x1x1/64/1/real_time",5597288,24.3748,24.311,ns,,,"1x64x1",,,,,,1,1,64,,,
"dot/dot_fp32_1xNx1_1x1x1/64/23/real_time",673741,210.505,210.002,ns,,,"1x64x23",,,,,,23,1,64,,,
"dot/dot_fp32_1xNx1_1x1x1/64/46/real_time",388682,371.038,370.047,ns,,,"1x64x46",,,,,,46,1,64,,,
"dot/dot_fp32_1xNx1_1x1x1/64/69/real_time",287268,489.759,488.505,ns,,,"1x64x69",,,,,,69,1,64,,,
"dot/dot_fp32_1xNx1_1x1x1/64/93/real_time",221527,634.961,633.485,ns,,,"1x64x93",,,,,,93,1,64,,,
"dot/dot_fp32_1xNx1_1x1x1/128/1/real_time",3934156,33.9569,33.8733,ns,,,"1x128x1",,,,,,1,1,128,,,
"dot/dot_fp32_1xNx1_1x1x1/128/11/real_time",587032,235.812,235.225,ns,,,"1x128x11",,,,,,11,1,128,,,
"dot/dot_fp32_1xNx1_1x1x1/128/23/real_time",296729,454.871,453.644,ns,,,"1x128x23",,,,,,23,1,128,,,
"dot/dot_fp32_1xNx1_1x1x1/128/34/real_time",204214,688.654,686.861,ns,,,"1x128x34",,,,,,34,1,128,,,
"dot/dot_fp32_1xNx1_1x1x1/128/46/real_time",152988,914.587,912.327,ns,,,"1x128x46",,,,,,46,1,128,,,
"dot/dot_fp32_1xNx1_1x1x1/256/1/real_time",2696441,51.5175,51.3736,ns,,,"1x256x1",,,,,,1,1,256,,,
"dot/dot_fp32_1xNx1_1x1x1/256/5/real_time",809088,174.882,174.44,ns,,,"1x256x5",,,,,,5,1,256,,,
"dot/dot_fp32_1xNx1_1x1x1/256/11/real_time",387217,361.787,360.889,ns,,,"1x256x11",,,,,,11,1,256,,,
"dot/dot_fp32_1xNx1_1x1x1/256/16/real_time",272299,510.048,508.75,ns,,,"1x256x16",,,,,,16,1,256,,,
"dot/dot_fp32_1xNx1_1x1x1/256/22/real_time",201169,697.525,695.638,ns,,,"1x256x22",,,,,,22,1,256,,,
"dot/dot_fp64_1xNx1_1x1x1/32/1/real_time",5568831,24.671,24.5996,ns,,,"1x32x1",,,,,,1,1,32,,,
"dot/dot_fp64_1xNx1_1x1x1/32/23/real_time",736801,208.969,208.489,ns,,,"1x32x23",,,,,,23,1,32,,,
"dot/dot_fp64_1xNx1_1x1x1/32/46/real_time",398381,348.441,347.582,ns,,,"1x32x46",,,,,,46,1,32,,,
"dot/dot_fp64_1xNx1_1x1x1/32/69/real_time",296188,486.624,485.305,ns,,,"1x32x69",,,,,,69,1,32,,,
"dot/dot_fp64_1xNx1_1x1x1/32/92/real_time",220733,640.138,638.562,ns,,,"1x32x92",,,,,,92,1,32,,,
"dot/dot_fp64_1xNx1_1x1x1/64/1/real_time",3797404,34.8964,34.7976,ns,,,"1x64x1",,,,,,1,1,64,,,
"dot/dot_fp64_1xNx1_1x1x1/64/11/real_time",603772,225.242,224.692,ns,,,"1x64x11",,,,,,11,1,64,,,
"dot/dot_fp64_1xNx1_1x1x1/64/23/real_time",323200,450.074,449.01,ns,,,"1x64x23",,,,,,23,1,64,,,
"dot/dot_fp64_1xNx1_1x1x1/64/34/real_time",217591,635.722,634.063,ns,,,"1x64x34",,,,,,34,1,64,,,
"dot/dot_fp64_1xNx1_1x1x1/64/46/real_time",163574,854.661,852.499,ns,,,"1x64x46",,,,,,46,1,64,,,
"dot/dot_fp64_1xNx1_1x1x1/128/1/real_time",2686933,51.0672,50.9407,ns,,,"1x128x1",,,,,,1,1,128,,,
"dot/dot_fp64_1xNx1_1x1x1/128/5/real_time",803504,174.693,174.223,ns,,,"1x128x5",,,,,,5,1,128,,,
"dot/dot_fp64_1xNx1_1x1x1/128/11/real_time",385986,362.845,361.935,ns,,,"1x128x11",,,,,,11,1,128,,,
"dot/dot_fp64_1xNx1_1x1x1/128/16/real_time",272204,515.049,513.74,ns,,,"1x128x16",,,,,,16,1,128,,,
"dot/dot_fp64_1xNx1_1x1x1/128/22/real_time",201079,696.803,694.861,ns,,,"1x128x22",,,,,,22,1,128,,,
"dot/dot_fp64_1xNx1_1x1x1/256/1/real_time",1767716,79.1149,78.8975,ns,,,"1x256x1",,,,,,1,1,256,,,
"dot/dot_fp64_1xNx1_1x1x1/256/2/real_time",1072087,133.263,132.893,ns,,,"1x256x2",,,,,,2,1,256,,,
"dot/dot_fp64_1xNx1_1x1x1/256/5/real_time",495550,284.207,283.481,ns,,,"1x256x5",,,,,,5,1,256,,,
"dot/dot_fp64_1xNx1_1x1x1/256/7/real_time",364664,385.112,384.146,ns,,,"1x256x7",,,,,,7,1,256,,,
"dot/dot_fp64_1xNx1_1x1x1/256/10/real_time",258506,542.935,541.589,ns,,,"1x256x10",,,,,,10,1,256,,,
"dot/dot_fp16_fp16_fp32_1xNx1_1x1x1/32/1/real_time",5592466,25.055,24.9835,ns,,,"1x32x1",,,,,,1,1,32,,,
"dot/dot_fp16_fp16_fp32_1xNx1_1x1x1/32/92/real_time",120834,1157.97,1154.76,ns,,,"1x32x92",,,,,,92,1,32,,,
"dot/dot_fp16_fp16_fp32_1xNx1_1x1x1/32/185/real_time",60536,2311.48,2306.13,ns,,,"1x32x185",,,,,,185,1,32,,,
"dot/dot_fp16_fp16_fp32_1xNx1_1x1x1/32/277/real_time",40442,3455.77,3445.36,ns,,,"1x32x277",,,,,,277,1,32,,,
"dot/dot_fp16_fp16_fp32_1xNx1_1x1x1/32/370/real_time",30332,4615.35,4603.46,ns,,,"1x32x370",,,,,,370,1,32,,,
"dot/dot_fp16_fp16_fp32_1xNx1_1x1x1/64/1/real_time",3670121,38.0963,37.9971,ns,,,"1x64x1",,,,,,1,1,64,,,
"dot/dot_fp16_fp16_fp32_1xNx1_1x1x1/64/46/real_time",124287,1127.97,1125.3,ns,,,"1x64x46",,,,,,46,1,64,,,
"dot/dot_fp16_fp16_fp32_1xNx1_1x1x1/64/93/real_time",61956,2262.45,2255.61,ns,,,"1x64x93",,,,,,93,1,64,,,
"dot/dot_fp16_fp16_fp32_1xNx1_1x1x1/64/140/real_time",41270,3392.14,3383.25,ns,,,"1x64x140",,,,,,140,1,64,,,
"dot/dot_fp16_fp16_fp32_1xNx1_1x1x1/64/187/real_time",30966,4521.22,4510.42,ns,,,"1x64x187",,,,,,187,1,64,,,
"dot/dot_fp16_fp16_fp32_1xNx1_1x1x1/128/1/real_time",2082116,67.2555,67.0804,ns,,,"1x128x1",,,,,,1,1,128,,,
"dot/dot_fp16_fp16_fp32_1xNx1_1x1x1/128/23/real_time",121649,1147.73,1144.83,ns,,,"1x128x23",,,,,,23,1,128,,,
"dot/dot_fp16_fp16_fp32_1xNx1_1x1x1/128/46/real_time",61468,2272.95,2266,ns,,,"1x128x46",,,,,,46,1,128,,,
"dot/dot_fp16_fp16_fp32_1xNx1_1x1x1/128/69/real_time",41255,3396.69,3386.99,ns,,,"1x128x69",,,,,,69,1,128,,,
"dot/dot_fp16_fp16_fp32_1xNx1_1x1x1/128/93/real_time",30670,4571.58,4560.42,ns,,,"1x128x93",,,,,,93,1,128,,,
"dot/dot_fp16_fp16_fp32_1xNx1_1x1x1/256/1/real_time",1170424,119.79,119.445,ns,,,"1x256x1",,,,,,1,1,256,,,
"dot/dot_fp16_fp16_fp32_1xNx1_1x1x1/256/11/real_time",129049,1084.79,1082.2,ns,,,"1x256x11",,,,,,11,1,256,,,
"dot/dot_fp16_fp16_fp32_1xNx1_1x1x1/256/22/real_time",65420,2140.42,2135.19,ns,,,"1x256x22",,,,,,22,1,256,,,
"dot/dot_fp16_fp16_fp32_1xNx1_1x1x1/256/33/real_time",43741,3196.86,3189.07,ns,,,"1x256x33",,,,,,33,1,256,,,
"dot/dot_fp16_fp16_fp32_1xNx1_1x1x1/256/45/real_time",32182,4351.96,4338.53,ns,,,"1x256x45",,,,,,45,1,256,,,
"dot/dot_bf16_bf16_fp32_1xNx1_1x1x1/32/1/real_time",7061532,19.8304,19.778,ns,,,"1x32x1",,,,,,1,1,32,,,
"dot/dot_bf16_bf16_fp32_1xNx1_1x1x1/32/92/real_time",329935,424.331,423.057,ns,,,"1x32x92",,,,,,92,1,32,,,
"dot/dot_bf16_bf16_fp32_1xNx1_1x1x1/32/185/real_time",167726,834.702,832.561,ns,,,"1x32x185",,,,,,185,1,32,,,
"dot/dot_bf16_bf16_fp32_1xNx1_1x1x1/32/277/real_time",112818,1241.62,1238.26,ns,,,"1x32x277",,,,,,277,1,32,,,
"dot/dot_bf16_bf16_fp32_1xNx1_1x1x1/32/370/real_time",84707,1652.26,1647.83,ns,,,"1x32x370",,,,,,370,1,32,,,
"dot/dot_bf16_bf16_fp32_1xNx1_1x1x1/64/1/real_time",6101771,22.8503,22.7983,ns,,,"1x64x1",,,,,,1,1,64,,,
"dot/dot_bf16_bf16_fp32_1xNx1_1x1x1/64/46/real_time",354660,395.113,394.18,ns,,,"1x64x46",,,,,,46,1,64,,,
"dot/dot_bf16_bf16_fp32_1xNx1_1x1x1/64/93/real_time",180337,776.551,774.433,ns,,,"1x64x93",,,,,,93,1,64,,,
"dot/dot_bf16_bf16_fp32_1xNx1_1x1x1/64/140/real_time",120105,1158.01,1155.05,ns,,,"1x64x140",,,,,,140,1,64,,,
"dot/dot_bf16_bf16_fp32_1xNx1_1x1x1/64/187/real_time",90962,1540.98,1535.83,ns,,,"1x64x187",,,,,,187,1,64,,,
"dot/dot_bf16_bf16_fp32_1xNx1_1x1x1/128/1/real_time",4233448,34.1813,34.0971,ns,,,"1x128x1",,,,,,1,1,128,,,
"dot/dot_bf16_bf16_fp32_1xNx1_1x1x1/128/23/real_time",359028,389.892,388.995,ns,,,"1x128x23",,,,,,23,1,128,,,
"dot/dot_bf16_bf16_fp32_1xNx1_1x1x1/128/46/real_time",186318,752.261,750.419,ns,,,"1x128x46",,,,,,46,1,128,,,
"dot/dot_bf16_bf16_fp32_1xNx1_1x1x1/128/69/real_time",125578,1114.5,1111.64,ns,,,"1x128x69",,,,,,69,1,128,,,
"dot/dot_bf16_bf16_fp32_1xNx1_1x1x1/128/93/real_time",93992,1493.05,1489.15,ns,,,"1x128x93",,,,,,93,1,128,,,
"dot/dot_bf16_bf16_fp32_1xNx1_1x1x1/256/1/real_time",2382590,59.0389,58.881,ns,,,"1x256x1",,,,,,1,1,256,,,
"dot/dot_bf16_bf16_fp32_1xNx1_1x1x1/256/11/real_time",314480,441.838,440.759,ns,,,"1x256x11",,,,,,11,1,256,,,
"dot/dot_bf16_bf16_fp32_1xNx1_1x1x1/256/22/real_time",159511,876.843,874.4,ns,,,"1x256x22",,,,,,22,1,256,,,
"dot/dot_bf16_bf16_fp32_1xNx1_1x1x1/256/33/real_time",107192,1299.29,1295.78,ns,,,"1x256x33",,,,,,33,1,256,,,
"dot/dot_bf16_bf16_fp32_1xNx1_1x1x1/256/45/real_time",79991,1762.96,1758.4,ns,,,"1x256x45",,,,,,45,1,256,,,
"dot/dot_int8_int8_int32_1xNx1_1x1x1/32/1/real_time",6442683,21.3569,21.2976,ns,,,"1x32x1",,,,,,1,1,32,,,
"dot/dot_int8_int8_int32_1xNx1_1x1x1/32/185/real_time",172120,813.262,810.866,ns,,,"1x32x185",,,,,,185,1,32,,,
"dot/dot_int8_int8_int32_1xNx1_1x1x1/32/370/real_time",87048,1608.07,1604.04,ns,,,"1x32x370",,,,,,370,1,32,,,
"dot/dot_int8_int8_int32_1xNx1_1x1x1/32/555/real_time",58279,2403.64,2397.7,ns,,,"1x32x555",,,,,,555,1,32,,,
"dot/dot_int8_int8_int32_1xNx1_1x1x1/32/740/real_time",43726,3198.25,3189.87,ns,,,"1x32x740",,,,,,740,1,32,,,
"dot/dot_int8_int8_int32_1xNx1_1x1x1/64/1/real_time",5743098,24.3678,24.3055,ns,,,"1x64x1",,,,,,1,1,64,,,
"dot/dot_int8_int8_int32_1xNx1_1x1x1/64/93/real_time",180447,775.977,773.878,ns,,,"1x64x93",,,,,,93,1,64,,,
"dot/dot_int8_int8_int32_1xNx1_1x1x1/64/187/real_time",90938,1543.56,1539.18,ns,,,"1x64x187",,,,,,187,1,64,,,
"dot/dot_int8_int8_int32_1xNx1_1x1x1/64/280/real_time",61087,2293.35,2287.9,ns,,,"1x64x280",,,,,,280,1,64,,,
"dot/dot_int8_int8_int32_1xNx1_1x1x1/64/374/real_time",45752,3056.4,3049.11,ns,,,"1x64x374",,,,,,374,1,64,,,
"dot/dot_int8_int8_int32_1xNx1_1x1x1/128/1/real_time",4524939,30.957,30.8829,ns,,,"1x128x1",,,,,,1,1,128,,,
"dot/dot_int8_int8_int32_1xNx1_1x1x1/128/46/real_time",187388,747.461,745.62,ns,,,"1x128x46",,,,,,46,1,128,,,
"dot/dot_int8_int8_int32_1xNx1_1x1x1/128/93/real_time",94218,1488.18,1484.32,ns,,,"1x128x93",,,,,,93,1,128,,,
"dot/dot_int8_int8_int32_1xNx1_1x1x1/128/139/real_time",62997,2212.4,2207.05,ns,,,"1x128x139",,,,,,139,1,128,,,
"dot/dot_int8_int8_int32_1xNx1_1x1x1/128/186/real_time",47410,2955.43,2946.31,ns,,,"1x128x186",,,,,,186,1,128,,,
"dot/dot_int8_int8_int32_1xNx1_1x1x1/256/1/real_time",2344352,59.2678,59.0955,ns,,,"1x256x1",,,,,,1,1,256,,,
"dot/dot_int8_int8_int32_1xNx1_1x1x1/256/22/real_time",161260,886.9,884.548,ns,,,"1x256x22",,,,,,22,1,256,,,
"dot/dot_int8_int8_int32_1xNx1_1x1x1/256/45/real_time",78113,1789.44,1784.83,ns,,,"1x256x45",,,,,,45,1,256,,,
"dot/dot_int8_int8_int32_1xNx1_1x1x1/256/68/real_time",52652,2687.59,2676.94,ns,,,"1x256x68",,,,,,68,1,256,,,
"dot/dot_int8_int8_int32_1xNx1_1x1x1/256/91/real_time",39134,3573.49,3561.78,ns,,,"1x256x91",,,,,,91,1,256,,,
"dot/dot_uint8_int8_int32_1xNx1_1x1x1/32/1/real_time",7059233,19.8498,19.7835,ns,,,"1x32x1",,,,,,1,1,32,,,
"dot/dot_uint8_int8_int32_1xNx1_1x1x1/32/185/real_time",220067,636.424,634.465,ns,,,"1x32x185",,,,,,185,1,32,,,
"dot/dot_uint8_int8_int32_1xNx1_1x1x1/32/370/real_time",111438,1255.47,1251.39,ns,,,"1x32x370",,,,,,370,1,32,,,
"dot/dot_uint8_int8_int32_1xNx1_1x1x1/32/555/real_time",74610,1873.99,1868.01,ns,,,"1x32x555",,,,,,555,1,32,,,
"dot/dot_uint8_int8_int32_1xNx1_1x1x1/32/740/real_time",56122,2492.72,2485.14,ns,,,"1x32x740",,,,,,740,1,32,,,
"dot/dot_uint8_int8_int32_1xNx1_1x1x1/64/1/real_time",6070516,23.2505,23.1733,ns,,,"1x64x1",,,,,,1,1,64,,,
"dot/dot_uint8_int8_int32_1xNx1_1x1x1/64/93/real_time",216877,645.242,643.351,ns,,,"1x64x93",,,,,,93,1,64,,,
"dot/dot_uint8_int8_int32_1xNx1_1x1x1/64/187/real_time",109917,1273.48,1270.33,ns,,,"1x64x187",,,,,,187,1,64,,,
"dot/dot_uint8_int8_int32_1xNx1_1x1x1/64/280/real_time",73937,1895.35,1890.51,ns,,,"1x64x280",,,,,,280,1,64,,,
"dot/dot_uint8_int8_int32_1xNx1_1x1x1/64/374/real_time",55287,2523.85,2517.45,ns,,,"1x64x374",,,,,,374,1,64,,,
"dot/dot_uint8_int8_int32_1xNx1_1x1x1/128/1/real_time",4776704,29.3259,29.2551,ns,,,"1x128x1",,,,,,1,1,128,,,
"dot/dot_uint8_int8_int32_1xNx1_1x1x1/128/46/real_time",244798,572.461,570.976,ns,,,"1x128x46",,,,,,46,1,128,,,
"dot/dot_uint8_int8_int32_1xNx1_1x1x1/128/93/real_time",123571,1133.22,1130.39,ns,,,"1x128x93",,,,,,93,1,128,,,
"dot/dot_uint8_int8_int32_1xNx1_1x1x1/128/139/real_time",83161,1683.31,1678.18,ns,,,"1x128x139",,,,,,139,1,128,,,
"dot/dot_uint8_int8_int32_1xNx1_1x1x1/128/186/real_time",62400,2244.06,2238.04,ns,,,"1x128x186",,,,,,186,1,128,,,
"dot/dot_uint8_int8_int32_1xNx1_1x1x1/256/1/real_time",2743029,51.1941,51.0213,ns,,,"1x256x1",,,,,,1,1,256,,,
"dot/dot_uint8_int8_int32_1xNx1_1x1x1/256/22/real_time",207847,673.482,671.453,ns,,,"1x256x22",,,,,,22,1,256,,,
"dot/dot_uint8_int8_int32_1xNx1_1x1x1/256/45/real_time",104178,1342.19,1338.82,ns,,,"1x256x45",,,,,,45,1,256,,,
"dot/dot_uint8_int8_int32_1xNx1_1x1x1/256/68/real_time",69580,2013.22,2007.98,ns,,,"1x256x68",,,,,,68,1,256,,,
"dot/dot_uint8_int8_int32_1xNx1_1x1x1/256/91/real_time",52205,2686.74,2678.74,ns,,,"1x256x91",,,,,,91,1,256,,,
"dot/dot_int8_int4_int32_1xNx2_1x1x2/32/2/real_time",5551546,25.0459,24.9747,ns,,,"1x32x2",,,,,,2,1,32,,,
"dot/dot_int8_int4_int32_1xNx2_1x1x2/32/358/real_time",66352,2111.12,2105.63,ns,,,"1x32x358",,,,,,358,1,32,,,
"dot/dot_int8_int4_int32_1xNx2_1x1x2/32/718/real_time",33219,4215.89,4205.24,ns,,,"1x32x718",,,,,,718,1,32,,,
"dot/dot_int8_int4_int32_1xNx2_1x1x2/32/1078/real_time",22150,6325.09,6305.95,ns,,,"1x32x1078",,,,,,1078,1,32,,,
"dot/dot_int8_int4_int32_1xNx2_1x1x2/32/1438/real_time",16606,8432.57,8411.8,ns,,,"1x32x1438",,,,,,1438,1,32,,,
"dot/dot_int8_int4_int32_1xNx2_1x1x2/64/2/real_time",3644007,38.4669,38.3676,ns,,,"1x64x2",,,,,,2,1,64,,,
"dot/dot_int8_int4_int32_1xNx2_1x1x2/64/184/real_time",65601,2137.3,2130.65,ns,,,"1x64x184",,,,,,184,1,64,,,
"dot/dot_int8_int4_int32_1xNx2_1x1x2/64/368/real_time",32928,4253.88,4241.95,ns,,,"1x64x368",,,,,,368,1,64,,,
"dot/dot_int8_int4_int32_1xNx2_1x1x2/64/552/real_time",21972,6368.9,6353.07,ns,,,"1x64x552",,,,,,552,1,64,,,
"dot/dot_int8_int4_int32_1xNx2_1x1x2/64/736/real_time",16487,8489.7,8464.47,ns,,,"1x64x736",,,,,,736,1,64,,,
"dot/dot_int8_int4_int32_1xNx2_1x1x2/128/2/real_time",2144079,62.9588,62.7941,ns,,,"1x128x2",,,,,,2,1,128,,,
"dot/dot_int8_int4_int32_1xNx2_1x1x2/128/92/real_time",63469,2206.74,2199.05,ns,,,"1x128x92",,,,,,92,1,128,,,
"dot/dot_int8_int4_int32_1xNx2_1x1x2/128/184/real_time",31871,4389.84,4375.28,ns,,,"1x128x184",,,,,,184,1,128,,,
"dot/dot_int8_int4_int32_1xNx2_1x1x2/128/276/real_time",21291,6571.92,6551.83,ns,,,"1x128x276",,,,,,276,1,128,,,
"dot/dot_int8_int4_int32_1xNx2_1x1x2/128/370/real_time",15913,8796.83,8775.58,ns,,,"1x128x370",,,,,,370,1,128,,,
"dot/dot_int8_int4_int32_1xNx2_1x1x2/256/2/real_time",1215916,115.491,115.188,ns,,,"1x256x2",,,,,,2,1,256,,,
"dot/dot_int8_int4_int32_1xNx2_1x1x2/256/44/real_time",67530,2070.6,2064.77,ns,,,"1x256x44",,,,,,44,1,256,,,
"dot/dot_int8_int4_int32_1xNx2_1x1x2/256/90/real_time",33317,4205.67,4194.63,ns,,,"1x256x90",,,,,,90,1,256,,,
"dot/dot_int8_int4_int32_1xNx2_1x1x2/256/136/real_time",22089,6340.96,6321.22,ns,,,"1x256x136",,,,,,136,1,256,,,
"dot/dot_int8_int4_int32_1xNx2_1x1x2/256/182/real_time",16517,8473.11,8451.5,ns,,,"1x256x182",,,,,,182,1,256,,,
"dot/dot_int8_int2_int32_1xNx4_1x1x4/32/4/real_time",3708762,37.7948,37.6788,ns,,,"1x32x4",,,,,,4,1,32,,,
"dot/dot_int8_int2_int32_1xNx4_1x1x4/32/676/real_time",34449,4064.61,4053.62,ns,,,"1x32x676",,,,,,676,1,32,,,
"dot/dot_int8_int2_int32_1xNx4_1x1x4/32/1356/real_time",17186,8139.54,8116.57,ns,,,"1x32x1356",,,,,,1356,1,32,,,
"dot/dot_int8_int2_int32_1xNx4_1x1x4/32/2036/real_time",11469,12212.5,12176.2,ns,,,"1x32x2036",,,,,,2036,1,32,,,
"dot/dot_int8_int2_int32_1xNx4_1x1x4/32/2716/real_time",8601,16273.1,16234.4,ns,,,"1x32x2716",,,,,,2716,1,32,,,
"dot/dot_int8_int2_int32_1xNx4_1x1x4/64/4/real_time",2287600,61.3166,61.1436,ns,,,"1x64x4",,,,,,4,1,64,,,
"dot/dot_int8_int2_int32_1xNx4_1x1x4/64/356/real_time",32135,4340.23,4330.42,ns,,,"1x64x356",,,,,,356,1,64,,,
"dot/dot_int8_int2_int32_1xNx4_1x1x4/64/712/real_time",16564,8442.42,8421.94,ns,,,"1x64x712",,,,,,712,1,64,,,
"dot/dot_int8_int2_int32_1xNx4_1x1x4/64/1068/real_time",11070,12655.3,12620.7,ns,,,"1x64x1068",,,,,,1068,1,64,,,
"dot/dot_int8_int2_int32_1xNx4_1x1x4/64/1428/real_time",8275,16914.6,16871.9,ns,,,"1x64x1428",,,,,,1428,1,64,,,
"dot/dot_int8_int2_int32_1xNx4_1x1x4/128/4/real_time",1239900,112.865,112.6,ns,,,"1x128x4",,,,,,4,1,128,,,
"dot/dot_int8_int2_int32_1xNx4_1x1x4/128/180/real_time",32425,4317.64,4306.13,ns,,,"1x128x180",,,,,,180,1,128,,,
"dot/dot_int8_int2_int32_1xNx4_1x1x4/128/364/real_time",16071,8714.28,8686.68,ns,,,"1x128x364",,,,,,364,1,128,,,
"dot/dot_int8_int2_int32_1xNx4_1x1x4/128/544/real_time",10780,13000,12965.7,ns,,,"1x128x544",,,,,,544,1,128,,,
"dot/dot_int8_int2_int32_1xNx4_1x1x4/128/728/real_time",8056,17381.2,17342.2,ns,,,"1x128x728",,,,,,728,1,128,,,
"dot/dot_int8_int2_int32_1xNx4_1x1x4/256/4/real_time",663092,211.252,210.73,ns,,,"1x256x4",,,,,,4,1,256,,,
"dot/dot_int8_int2_int32_1xNx4_1x1x4/256/88/real_time",33445,4184.1,4173.37,ns,,,"1x256x88",,,,,,88,1,256,,,
"dot/dot_int8_int2_int32_1xNx4_1x1x4/256/180/real_time",16405,8524.84,8505.48,ns,,,"1x256x180",,,,,,180,1,256,,,
"dot/dot_int8_int2_int32_1xNx4_1x1x4/256/268/real_time",11047,12679,12647.7,ns,,,"1x256x268",,,,,,268,1,256,,,
"dot/dot_int8_int2_int32_1xNx4_1x1x4/256/360/real_time",8168,17030.6,16983.1,ns,,,"1x256x360",,,,,,360,1,256,,,
